Generación,Fitness Global,CPU (%),Memoria (%),Tiempo (s),Goles Favor,Goles Contra,CPUs (configurados),Population Size,Core0 (%),Core1 (%),Core2 (%),Core3 (%),Core4 (%),Core5 (%),Core6 (%),Core7 (%)
1,34681,100.0,63.87503625159275,2.1579411278913265,0,23,2,500,100.0,100.0,0.0,0.0,0.0,0.0,0.0,0.0
2,35890,65.81,65.4255062123682,2.1063093577936134,0,20,2,500,65.7,65.91,0.0,0.0,0.0,0.0,0.0,0.0
3,33875,98.18,60.87003194158865,2.093698002541163,0,25,2,500,96.37,100.0,0.0,0.0,0.0,0.0,0.0,0.0
4,33875,99.55,62.1968877671066,2.166628804609488,0,25,2,500,99.1,100.0,0.0,0.0,0.0,0.0,0.0,0.0
5,33875,92.65,59.82381135307317,2.168641015142335,0,25,2,500,87.22,98.08,0.0,0.0,0.0,0.0,0.0,0.0
6,33875,94.32,64.4605328322588,2.146399094892168,0,25,2,500,95.3,93.33,0.0,0.0,0.0,0.0,0.0,0.0
7,34278,100.0,68.0078337891166,2.096830307455653,0,24,2,500,100.0,100.0,0.0,0.0,0.0,0.0,0.0,0.0
8,34278,90.24,58.047327659732616,2.1625285923669666,0,24,2,500,96.07,84.42,0.0,0.0,0.0,0.0,0.0,0.0
9,33875,100.0,66.48023468045973,2.1338113331092523,0,25,2,500,100.0,100.0,0.0,0.0,0.0,0.0,0.0,0.0
10,33875,100.0,65.86846476583575,2.1545155851239803,0,25,2,500,100.0,100.0,0.0,0.0,0.0,0.0,0.0,0.0
11,33875,98.74,63.913594495899375,2.148452409649732,0,25,2,500,97.47,100.0,0.0,0.0,0.0,0.0,0.0,0.0
12,33875,99.52,58.84740812345963,2.0378514736133875,0,25,2,500,99.03,100.0,0.0,0.0,0.0,0.0,0.0,0.0
13,33875,100.0,62.13152356802404,2.205700875581409,0,25,2,500,100.0,100.0,0.0,0.0,0.0,0.0,0.0,0.0
14,33875,94.94,62.25477344809229,2.130705795259124,0,25,2,500,92.48,97.41,0.0,0.0,0.0,0.0,0.0,0.0
15,33875,95.58,64.18976338909825,2.1941319950204043,0,25,2,500,98.28,92.88,0.0,0.0,0.0,0.0,0.0,0.0
16,33875,96.04,64.25142686071416,2.127281741499226,0,25,2,500,96.19,95.89,0.0,0.0,0.0,0.0,0.0,0.0
17,34681,100.0,64.72080584461956,2.1183716004237816,0,23,2,500,100.0,100.0,0.0,0.0,0.0,0.0,0.0,0.0
18,35084,100.0,55.57618564456087,2.23405858771379,0,22,2,500,100.0,100.0,0.0,0.0,0.0,0.0,0.0,0.0
19,33875,100.0,62.09238585029472,2.178787207746838,0,25,2,500,100.0,100.0,0.0,0.0,0.0,0.0,0.0,0.0
20,33875,100.0,66.4512778282418,2.17701912824331,0,25,2,500,100.0,100.0,0.0,0.0,0.0,0.0,0.0,0.0
21,33875,90.2,64.84006492811581,2.180296834044256,0,25,2,500,89.86,90.55,0.0,0.0,0.0,0.0,0.0,0.0
22,33875,100.0,60.63006015969413,2.187844447275748,0,25,2,500,100.0,100.0,0.0,0.0,0.0,0.0,0.0,0.0
23,35084,92.9,63.59060661591489,2.261732385155461,0,22,2,500,87.36,98.44,0.0,0.0,0.0,0.0,0.0,0.0
24,33875,100.0,61.5559885331358,2.0864354031158787,0,25,2,500,100.0,100.0,0.0,0.0,0.0,0.0,0.0,0.0
25,34278,99.58,59.90629883605366,2.051892558913197,0,24,2,500,99.15,100.0,0.0,0.0,0.0,0.0,0.0,0.0
26,33875,94.06,68.02532599035867,2.1412379004491093,0,25,2,500,91.51,96.62,0.0,0.0,0.0,0.0,0.0,0.0
27,33875,100.0,64.20784605874555,2.178092088683844,0,25,2,500,100.0,100.0,0.0,0.0,0.0,0.0,0.0,0.0
28,34681,100.0,59.03442356940581,2.1691657849040125,0,23,2,500,100.0,100.0,0.0,0.0,0.0,0.0,0.0,0.0
29,33875,100.0,60.06132324923072,2.178008709329393,0,25,2,500,100.0,100.0,0.0,0.0,0.0,0.0,0.0,0.0
30,33875,91.44,57.919512426763305,2.094119784801648,0,25,2,500,99.22,83.67,0.0,0.0,0.0,0.0,0.0,0.0
31,34278,97.15,57.13460962593429,2.192671055698584,0,24,2,500,94.3,100.0,0.0,0.0,0.0,0.0,0.0,0.0
32,34681,100.0,61.77425765517972,2.0860294303307696,0,23,2,500,100.0,100.0,0.0,0.0,0.0,0.0,0.0,0.0
33,33875,100.0,66.02693635354888,2.2101038398240087,0,25,2,500,100.0,100.0,0.0,0.0,0.0,0.0,0.0,0.0
34,33875,97.69,64.1919207838511,2.114332375388499,0,25,2,500,95.38,100.0,0.0,0.0,0.0,0.0,0.0,0.0
35,33875,100.0,62.34648774293804,2.2602940998307584,0,25,2,500,100.0,100.0,0.0,0.0,0.0,0.0,0.0,0.0
36,33875,100.0,60.42743752859827,2.104444460248077,0,25,2,500,100.0,100.0,0.0,0.0,0.0,0.0,0.0,0.0
37,35890,99.0,64.84150787103162,2.193887021332066,0,20,2,500,100.0,97.99,0.0,0.0,0.0,0.0,0.0,0.0
38,35890,100.0,59.90949078192333,2.090257403087911,0,20,2,500,100.0,100.0,0.0,0.0,0.0,0.0,0.0,0.0
39,34278,92.55,61.07719803870664,2.085298092494716,0,24,2,500,100.0,85.1,0.0,0.0,0.0,0.0,0.0,0.0
40,33875,100.0,63.14808292013589,2.095977410589901,0,25,2,500,100.0,100.0,0.0,0.0,0.0,0.0,0.0,0.0
41,34681,100.0,66.06148022717984,2.1793741605049504,0,23,2,500,100.0,100.0,0.0,0.0,0.0,0.0,0.0,0.0
42,35084,100.0,66.80292537770995,2.127299529343924,0,22,2,500,100.0,100.0,0.0,0.0,0.0,0.0,0.0,0.0
43,35890,98.4,60.61614898047142,2.111152591282001,0,20,2,500,100.0,96.79,0.0,0.0,0.0,0.0,0.0,0.0
44,33875,81.43,58.77938432925143,2.314041563896753,0,25,2,500,84.54,78.32,0.0,0.0,0.0,0.0,0.0,0.0
45,33875,98.4,63.34802724229886,2.101523833637584,0,25,2,500,96.8,100.0,0.0,0.0,0.0,0.0,0.0,0.0
46,34278,100.0,58.71375822750145,2.1297128688707576,0,24,2,500,100.0,100.0,0.0,0.0,0.0,0.0,0.0,0.0
47,36696,100.0,68.27720089271676,2.1288555651508805,0,18,2,500,100.0,100.0,0.0,0.0,0.0,0.0,0.0,0.0
48,34681,69.57,64.39691093271048,2.115893011500259,0,23,2,500,72.11,67.03,0.0,0.0,0.0,0.0,0.0,0.0
49,33875,89.8,61.37051811311679,2.132141928648216,0,25,2,500,88.17,91.43,0.0,0.0,0.0,0.0,0.0,0.0
50,35084,100.0,59.423741132194976,2.151246369843084,0,22,2,500,100.0,100.0,0.0,0.0,0.0,0.0,0.0,0.0
51,33875,41.16,62.02036729570203,2.141816771231099,0,25,2,500,40.74,41.57,0.0,0.0,0.0,0.0,0.0,0.0
52,33875,98.84,60.32019856082279,2.0743751407236704,0,25,2,500,97.67,100.0,0.0,0.0,0.0,0.0,0.0,0.0
53,35084,99.64,57.69518733590686,2.147665060622132,0,22,2,500,100.0,99.27,0.0,0.0,0.0,0.0,0.0,0.0
54,33875,100.0,64.13259498512673,2.1901672597452007,0,25,2,500,100.0,100.0,0.0,0.0,0.0,0.0,0.0,0.0
55,34681,82.79,60.24685161872281,2.1540697939834565,0,23,2,500,80.22,85.36,0.0,0.0,0.0,0.0,0.0,0.0
56,34681,85.54,61.94502130254098,2.1515722009319296,0,23,2,500,79.95,91.14,0.0,0.0,0.0,0.0,0.0,0.0
57,33875,100.0,67.85214707858665,2.228058915056836,0,25,2,500,100.0,100.0,0.0,0.0,0.0,0.0,0.0,0.0
58,35084,100.0,63.03202133099452,2.097141070580157,0,22,2,500,100.0,100.0,0.0,0.0,0.0,0.0,0.0,0.0
59,33875,100.0,58.75698850659792,2.205745610889269,0,25,2,500,100.0,100.0,0.0,0.0,0.0,0.0,0.0,0.0
60,33875,100.0,71.34966549719599,2.062390951601893,0,25,2,500,100.0,100.0,0.0,0.0,0.0,0.0,0.0,0.0
61,33875,100.0,65.79493913330899,2.146720582513137,0,25,2,500,100.0,100.0,0.0,0.0,0.0,0.0,0.0,0.0
62,34681,100.0,66.09822878211831,2.0813961128035308,0,23,2,500,100.0,100.0,0.0,0.0,0.0,0.0,0.0,0.0
63,33875,95.44,64.17266784678866,2.146596009687768,0,25,2,500,100.0,90.87,0.0,0.0,0.0,0.0,0.0,0.0
64,33875,100.0,61.73289792804353,2.0672008151171783,0,25,2,500,100.0,100.0,0.0,0.0,0.0,0.0,0.0,0.0
65,35084,85.06,62.89175921901907,2.066592702959328,0,22,2,500,84.76,85.35,0.0,0.0,0.0,0.0,0.0,0.0
66,34278,99.54,59.385187756579846,2.1630917038324613,0,24,2,500,100.0,99.09,0.0,0.0,0.0,0.0,0.0,0.0
67,36696,60.66,62.02332589721106,2.139021163429482,0,18,2,500,61.75,59.57,0.0,0.0,0.0,0.0,0.0,0.0
68,36293,100.0,52.051482825797365,2.159566111261131,0,19,2,500,100.0,100.0,0.0,0.0,0.0,0.0,0.0,0.0
69,33875,98.32,60.47915312133391,2.059984764932015,0,25,2,500,100.0,96.63,0.0,0.0,0.0,0.0,0.0,0.0
70,34278,85.12,63.218869972324654,2.1068118743911137,0,24,2,500,75.34,94.91,0.0,0.0,0.0,0.0,0.0,0.0
71,33875,97.1,62.17791152293061,2.19051896969082,0,25,2,500,95.72,98.49,0.0,0.0,0.0,0.0,0.0,0.0
72,36696,94.61,65.7745546034788,2.1103168940442223,0,18,2,500,89.22,100.0,0.0,0.0,0.0,0.0,0.0,0.0
73,33875,100.0,58.63937156877179,2.197963537601032,0,25,2,500,100.0,100.0,0.0,0.0,0.0,0.0,0.0,0.0
74,34681,100.0,60.66906132401557,2.1148308717612987,0,23,2,500,100.0,100.0,0.0,0.0,0.0,0.0,0.0,0.0
75,33875,87.32,65.60354160211617,2.077961385254637,0,25,2,500,92.17,82.48,0.0,0.0,0.0,0.0,0.0,0.0
76,38711,99.6,55.33034167072474,2.122475237415104,0,13,2,500,99.19,100.0,0.0,0.0,0.0,0.0,0.0,0.0
77,35487,95.4,67.28120897909632,2.1066268588283608,0,21,2,500,98.48,92.33,0.0,0.0,0.0,0.0,0.0,0.0
78,33875,85.92,63.01288546577656,2.189423706303607,0,25,2,500,89.78,82.07,0.0,0.0,0.0,0.0,0.0,0.0
79,33875,100.0,64.4783789167497,2.039368505766273,0,25,2,500,100.0,100.0,0.0,0.0,0.0,0.0,0.0,0.0
80,35084,95.52,60.35386097836944,2.1667900778177365,0,22,2,500,91.04,100.0,0.0,0.0,0.0,0.0,0.0,0.0
81,35084,94.48,61.27651676168837,2.050781858589953,0,22,2,500,100.0,88.97,0.0,0.0,0.0,0.0,0.0,0.0
82,33875,100.0,60.2913389412238,2.175625412719316,0,25,2,500,100.0,100.0,0.0,0.0,0.0,0.0,0.0,0.0
83,35890,100.0,62.69075986506229,2.064061936162134,0,20,2,500,100.0,100.0,0.0,0.0,0.0,0.0,0.0,0.0
84,33875,99.59,67.51721413883192,2.072921959050729,0,25,2,500,100.0,99.18,0.0,0.0,0.0,0.0,0.0,0.0
85,35084,100.0,58.54421329186591,2.0924170587080866,0,22,2,500,100.0,100.0,0.0,0.0,0.0,0.0,0.0,0.0
86,33875,100.0,62.06844821069493,2.1488880588828985,0,25,2,500,100.0,100.0,0.0,0.0,0.0,0.0,0.0,0.0
87,33875,99.28,65.69756028371809,2.2358049470951293,0,25,2,500,100.0,98.57,0.0,0.0,0.0,0.0,0.0,0.0
88,34278,91.68,59.86958282338896,2.074598972404355,0,24,2,500,96.14,87.23,0.0,0.0,0.0,0.0,0.0,0.0
89,33875,100.0,66.89471456532858,2.140773288720901,0,25,2,500,100.0,100.0,0.0,0.0,0.0,0.0,0.0,0.0
90,34278,100.0,57.34326729449468,2.265556089174377,0,24,2,500,100.0,100.0,0.0,0.0,0.0,0.0,0.0,0.0
91,33875,100.0,62.96764900151038,2.100671693133891,0,25,2,500,100.0,100.0,0.0,0.0,0.0,0.0,0.0,0.0
92,34278,90.51,67.25036194414086,2.046286613242401,0,24,2,500,91.03,89.99,0.0,0.0,0.0,0.0,0.0,0.0
93,33875,99.24,58.2736463846356,2.159264339360224,0,25,2,500,98.48,100.0,0.0,0.0,0.0,0.0,0.0,0.0
94,33875,91.84,63.91563352675699,2.104922894032152,0,25,2,500,95.58,88.1,0.0,0.0,0.0,0.0,0.0,0.0
95,35487,100.0,59.348662617703326,2.166800472996808,0,21,2,500,100.0,100.0,0.0,0.0,0.0,0.0,0.0,0.0
96,34681,100.0,57.06376792085554,2.079276796642932,0,23,2,500,100.0,100.0,0.0,0.0,0.0,0.0,0.0,0.0
97,36696,100.0,63.41196769281376,2.077949830702301,0,18,2,500,100.0,100.0,0.0,0.0,0.0,0.0,0.0,0.0
98,37099,100.0,66.25672329592092,2.220617200461895,0,17,2,500,100.0,100.0,0.0,0.0,0.0,0.0,0.0,0.0
99,37502,83.36,56.24365593202176,2.095273343720781,0,16,2,500,80.48,86.23,0.0,0.0,0.0,0.0,0.0,0.0
100,33875,90.82,64.2695183441089,2.1244549215600155,0,25,2,500,91.94,89.69,0.0,0.0,0.0,0.0,0.0,0.0
101,35487,83.61,66.24593160115849,2.1915387018901145,0,21,2,500,82.3,84.92,0.0,0.0,0.0,0.0,0.0,0.0
102,33875,83.77,62.72895794080234,2.143899149863345,0,25,2,500,87.75,79.79,0.0,0.0,0.0,0.0,0.0,0.0
103,34681,90.05,57.682199848858254,2.171286915477039,0,23,2,500,86.18,93.92,0.0,0.0,0.0,0.0,0.0,0.0
104,33875,79.04,60.305604194549936,2.17404737670408,0,25,2,500,80.51,77.56,0.0,0.0,0.0,0.0,0.0,0.0
105,34681,93.94,62.56839265153016,2.1708389969240094,0,23,2,500,87.87,100.0,0.0,0.0,0.0,0.0,0.0,0.0
106,34681,100.0,57.358925498477454,2.088627120490387,0,23,2,500,100.0,100.0,0.0,0.0,0.0,0.0,0.0,0.0
107,33875,90.44,62.07430017257392,2.231622135608675,0,25,2,500,84.07,96.82,0.0,0.0,0.0,0.0,0.0,0.0
108,33875,100.0,64.81114457084477,2.090935619996674,0,25,2,500,100.0,100.0,0.0,0.0,0.0,0.0,0.0,0.0
109,33875,91.45,62.30286456896198,2.047035335499975,0,25,2,500,96.28,86.62,0.0,0.0,0.0,0.0,0.0,0.0
110,35487,100.0,61.69009456687044,2.193967426811725,0,21,2,500,100.0,100.0,0.0,0.0,0.0,0.0,0.0,0.0
111,35084,92.06,64.79701176818656,2.135000769079594,0,22,2,500,84.12,100.0,0.0,0.0,0.0,0.0,0.0,0.0
112,34278,81.88,67.2116046817296,2.161802691515454,0,24,2,500,75.32,88.44,0.0,0.0,0.0,0.0,0.0,0.0
113,33875,96.74,56.75919559620333,2.196875012166422,0,25,2,500,93.47,100.0,0.0,0.0,0.0,0.0,0.0,0.0
114,34278,100.0,66.17955027163606,2.159372845483782,0,24,2,500,100.0,100.0,0.0,0.0,0.0,0.0,0.0,0.0
115,34278,100.0,66.83248558370657,2.0874076787717937,0,24,2,500,100.0,100.0,0.0,0.0,0.0,0.0,0.0,0.0
116,33875,100.0,58.32227150250257,2.0845270292651974,0,25,2,500,100.0,100.0,0.0,0.0,0.0,0.0,0.0,0.0
117,34681,99.82,64.53409378613478,2.1539124337670112,0,23,2,500,100.0,99.63,0.0,0.0,0.0,0.0,0.0,0.0
118,33875,93.21,64.10264207738726,2.130764078870103,0,25,2,500,87.67,98.75,0.0,0.0,0.0,0.0,0.0,0.0
119,35084,100.0,64.86435122352545,2.121484271074273,0,22,2,500,100.0,100.0,0.0,0.0,0.0,0.0,0.0,0.0
120,33875,86.08,66.61606082953091,2.1024355066009863,0,25,2,500,84.54,87.61,0.0,0.0,0.0,0.0,0.0,0.0
121,34681,95.76,57.40849563052479,2.1290946937867807,0,23,2,500,100.0,91.51,0.0,0.0,0.0,0.0,0.0,0.0
122,33875,100.0,60.99141499959899,2.128269838760127,0,25,2,500,100.0,100.0,0.0,0.0,0.0,0.0,0.0,0.0
123,33875,98.28,66.34570844612477,2.1269524633095465,0,25,2,500,96.56,100.0,0.0,0.0,0.0,0.0,0.0,0.0
124,33875,96.24,67.45768715984511,2.2193147466282213,0,25,2,500,98.89,93.59,0.0,0.0,0.0,0.0,0.0,0.0
125,34278,100.0,64.2355138709754,2.107700697922864,0,24,2,500,100.0,100.0,0.0,0.0,0.0,0.0,0.0,0.0
126,34681,100.0,59.35341916214828,1.9585179112929367,0,23,2,500,100.0,100.0,0.0,0.0,0.0,0.0,0.0,0.0
127,33875,97.81,62.03370427045258,2.143431016755594,0,25,2,500,100.0,95.62,0.0,0.0,0.0,0.0,0.0,0.0
128,36293,98.82,61.28382879962048,2.1450315154092405,0,19,2,500,100.0,97.64,0.0,0.0,0.0,0.0,0.0,0.0
129,36696,98.31,64.71379970835254,2.0558218219489905,0,18,2,500,100.0,96.62,0.0,0.0,0.0,0.0,0.0,0.0
130,34681,100.0,64.66098197186767,2.140439783124874,0,23,2,500,100.0,100.0,0.0,0.0,0.0,0.0,0.0,0.0
131,33875,100.0,58.103940057803264,2.081761440789812,0,25,2,500,100.0,100.0,0.0,0.0,0.0,0.0,0.0,0.0
132,34681,63.91,64.70079108530553,2.1845461419148964,0,23,2,500,57.81,70.01,0.0,0.0,0.0,0.0,0.0,0.0
133,34278,100.0,65.37983113931755,2.1336731681641887,0,24,2,500,100.0,100.0,0.0,0.0,0.0,0.0,0.0,0.0
134,33875,100.0,60.10496260751941,2.1178541192431584,0,25,2,500,100.0,100.0,0.0,0.0,0.0,0.0,0.0,0.0
135,33875,98.18,62.54636914422669,2.097128488828071,0,25,2,500,100.0,96.36,0.0,0.0,0.0,0.0,0.0,0.0
136,35487,100.0,65.1286890000904,2.1314091682126493,0,21,2,500,100.0,100.0,0.0,0.0,0.0,0.0,0.0,0.0
137,36293,100.0,55.27310399202105,2.105918103686389,0,19,2,500,100.0,100.0,0.0,0.0,0.0,0.0,0.0,0.0
138,35084,98.86,59.17555257315975,2.077727455166517,0,22,2,500,100.0,97.73,0.0,0.0,0.0,0.0,0.0,0.0
139,36696,77.64,59.55957699972465,2.0969676253480776,0,18,2,500,75.4,79.87,0.0,0.0,0.0,0.0,0.0,0.0
140,33875,100.0,63.499133954005885,2.104553777723236,0,25,2,500,100.0,100.0,0.0,0.0,0.0,0.0,0.0,0.0
141,34681,90.94,58.14658656259677,2.1543546482640847,0,23,2,500,96.49,85.38,0.0,0.0,0.0,0.0,0.0,0.0
142,35890,100.0,64.98008090259468,2.1441203442545325,0,20,2,500,100.0,100.0,0.0,0.0,0.0,0.0,0.0,0.0
143,35487,95.15,64.04879832798187,2.0643431159922696,0,21,2,500,90.3,100.0,0.0,0.0,0.0,0.0,0.0,0.0
144,34278,98.58,61.36573102972968,2.1930965403090563,0,24,2,500,100.0,97.15,0.0,0.0,0.0,0.0,0.0,0.0
145,34681,97.97,64.1176892078555,2.1436484985632283,0,23,2,500,97.8,98.14,0.0,0.0,0.0,0.0,0.0,0.0
146,33875,99.42,59.24881403922376,2.15951439174718,0,25,2,500,100.0,98.84,0.0,0.0,0.0,0.0,0.0,0.0
147,33875,100.0,61.15834059627132,2.1681701059430463,0,25,2,500,100.0,100.0,0.0,0.0,0.0,0.0,0.0,0.0
148,33875,100.0,64.13229189442235,2.099284294089847,0,25,2,500,100.0,100.0,0.0,0.0,0.0,0.0,0.0,0.0
149,33875,100.0,56.34178764207845,2.1824505172822497,0,25,2,500,100.0,100.0,0.0,0.0,0.0,0.0,0.0,0.0
150,35890,100.0,65.89072379935433,2.152560010441529,0,20,2,500,100.0,100.0,0.0,0.0,0.0,0.0,0.0,0.0
151,33875,100.0,56.89209008300244,2.138438247384648,0,25,2,500,100.0,100.0,0.0,0.0,0.0,0.0,0.0,0.0
152,33875,96.12,64.3489177733409,2.173184933837918,0,25,2,500,100.0,92.24,0.0,0.0,0.0,0.0,0.0,0.0
153,33875,87.82,59.48667813827165,2.128011282749517,0,25,2,500,86.4,89.23,0.0,0.0,0.0,0.0,0.0,0.0
154,33875,72.72,60.79863233822835,2.069205550670228,0,25,2,500,78.36,67.09,0.0,0.0,0.0,0.0,0.0,0.0
155,33875,98.56,64.79914935505134,2.128882361716083,0,25,2,500,97.11,100.0,0.0,0.0,0.0,0.0,0.0,0.0
156,34681,100.0,61.22242338516239,2.061091193069766,0,23,2,500,100.0,100.0,0.0,0.0,0.0,0.0,0.0,0.0
157,33875,100.0,65.83246844685944,2.2445026998673887,0,25,2,500,100.0,100.0,0.0,0.0,0.0,0.0,0.0,0.0
158,34681,100.0,63.15368034418433,2.130195456497888,0,23,2,500,100.0,100.0,0.0,0.0,0.0,0.0,0.0,0.0
159,37099,100.0,63.90773005835032,2.199843811814677,0,17,2,500,100.0,100.0,0.0,0.0,0.0,0.0,0.0,0.0
160,34278,84.65,63.2733409926268,2.1428762083006707,0,24,2,500,79.47,89.83,0.0,0.0,0.0,0.0,0.0,0.0
161,35084,100.0,64.9749450439937,2.116854665734332,0,22,2,500,100.0,100.0,0.0,0.0,0.0,0.0,0.0,0.0
162,34681,60.48,66.73111386427135,2.005541616686955,0,23,2,500,67.18,53.79,0.0,0.0,0.0,0.0,0.0,0.0
163,35890,100.0,62.91097337439199,2.084686801762428,0,20,2,500,100.0,100.0,0.0,0.0,0.0,0.0,0.0,0.0
164,33875,98.65,69.39001827578697,2.128458942382818,0,25,2,500,100.0,97.3,0.0,0.0,0.0,0.0,0.0,0.0
165,35487,100.0,60.09566667236365,2.161024615627656,0,21,2,500,100.0,100.0,0.0,0.0,0.0,0.0,0.0,0.0
166,33875,99.01,64.81753271267182,2.121809056436568,0,25,2,500,100.0,98.02,0.0,0.0,0.0,0.0,0.0,0.0
167,35487,100.0,58.686455189314415,2.0915711170599,0,21,2,500,100.0,100.0,0.0,0.0,0.0,0.0,0.0,0.0
168,34278,100.0,59.75880398569396,2.096626908510012,0,24,2,500,100.0,100.0,0.0,0.0,0.0,0.0,0.0,0.0
169,34681,98.05,67.58678838219093,2.1686917081647885,0,23,2,500,96.1,100.0,0.0,0.0,0.0,0.0,0.0,0.0
170,34681,100.0,59.30718057610458,2.135838954717542,0,23,2,500,100.0,100.0,0.0,0.0,0.0,0.0,0.0,0.0
171,33875,100.0,63.87189377598175,2.096451206423076,0,25,2,500,100.0,100.0,0.0,0.0,0.0,0.0,0.0,0.0
172,33875,100.0,60.52718488753165,2.116032228956153,0,25,2,500,100.0,100.0,0.0,0.0,0.0,0.0,0.0,0.0
173,33875,91.8,59.746151005300014,2.1917878524234693,0,25,2,500,86.31,97.29,0.0,0.0,0.0,0.0,0.0,0.0
174,33875,58.2,66.71703325885765,2.0247764926906937,0,25,2,500,58.21,58.2,0.0,0.0,0.0,0.0,0.0,0.0
175,35487,100.0,61.80862706499153,2.179404241699028,0,21,2,500,100.0,100.0,0.0,0.0,0.0,0.0,0.0,0.0
176,36293,100.0,60.54038376657281,2.167871799905629,0,19,2,500,100.0,100.0,0.0,0.0,0.0,0.0,0.0,0.0
177,35487,75.38,61.73936761394428,2.008610238937625,0,21,2,500,72.72,78.05,0.0,0.0,0.0,0.0,0.0,0.0
178,35084,100.0,63.50992887325383,2.108695161185988,0,22,2,500,100.0,100.0,0.0,0.0,0.0,0.0,0.0,0.0
179,34681,100.0,59.64761193597685,2.0829770071394424,0,23,2,500,100.0,100.0,0.0,0.0,0.0,0.0,0.0,0.0
180,33875,50.04,62.2043756616144,2.0919854534713225,0,25,2,500,47.87,52.2,0.0,0.0,0.0,0.0,0.0,0.0
181,33875,100.0,63.104335781237126,2.145150164788113,0,25,2,500,100.0,100.0,0.0,0.0,0.0,0.0,0.0,0.0
182,34278,96.43,67.00643962644943,2.1781915181239664,0,24,2,500,100.0,92.86,0.0,0.0,0.0,0.0,0.0,0.0
183,33875,96.62,62.21826221393814,2.1148308820967583,0,25,2,500,93.81,99.42,0.0,0.0,0.0,0.0,0.0,0.0
184,35487,100.0,65.4521044359024,2.0523016439043427,0,21,2,500,100.0,100.0,0.0,0.0,0.0,0.0,0.0,0.0
185,36696,86.93,62.89030586189294,2.181729353605506,0,18,2,500,90.56,83.29,0.0,0.0,0.0,0.0,0.0,0.0
186,35890,100.0,65.83014047226473,2.041201578851925,0,20,2,500,100.0,100.0,0.0,0.0,0.0,0.0,0.0,0.0
187,37502,100.0,65.95359984198893,2.167603299627892,0,16,2,500,100.0,100.0,0.0,0.0,0.0,0.0,0.0,0.0
188,33875,100.0,56.09562031407291,2.088954991681043,0,25,2,500,100.0,100.0,0.0,0.0,0.0,0.0,0.0,0.0
189,35487,67.64,62.22449956855875,2.070378561338836,0,21,2,500,69.73,65.55,0.0,0.0,0.0,0.0,0.0,0.0
190,34278,100.0,68.43373483658398,2.148920308278927,0,24,2,500,100.0,100.0,0.0,0.0,0.0,0.0,0.0,0.0
191,34278,100.0,58.21626016396564,2.170660729571075,0,24,2,500,100.0,100.0,0.0,0.0,0.0,0.0,0.0,0.0
192,34681,100.0,70.32926897799071,2.112886087399154,0,23,2,500,100.0,100.0,0.0,0.0,0.0,0.0,0.0,0.0
193,34278,100.0,58.89775194485092,2.162362532887493,0,24,2,500,100.0,100.0,0.0,0.0,0.0,0.0,0.0,0.0
194,35084,100.0,61.959735828637015,2.16055155453262,0,22,2,500,100.0,100.0,0.0,0.0,0.0,0.0,0.0,0.0
195,34681,99.12,62.73442304431662,2.126957750360966,0,23,2,500,100.0,98.24,0.0,0.0,0.0,0.0,0.0,0.0
196,33875,100.0,60.51230030279462,2.204639378781274,0,25,2,500,100.0,100.0,0.0,0.0,0.0,0.0,0.0,0.0
197,34278,100.0,62.0624545933217,2.1307755783251685,0,24,2,500,100.0,100.0,0.0,0.0,0.0,0.0,0.0,0.0
198,33875,100.0,61.66911945261471,2.034329941230711,0,25,2,500,100.0,100.0,0.0,0.0,0.0,0.0,0.0,0.0
199,34278,98.7,64.9798981911188,2.0964953864202656,0,24,2,500,97.41,100.0,0.0,0.0,0.0,0.0,0.0,0.0
200,35084,97.26,60.29439824675754,2.144128505777624,0,22,2,500,100.0,94.51,0.0,0.0,0.0,0.0,0.0,0.0
201,34681,38.39,58.71501996163858,2.044720136822357,0,23,2,500,40.59,36.19,0.0,0.0,0.0,0.0,0.0,0.0
202,35487,97.34,58.91312408085293,2.068889329342637,0,21,2,500,100.0,94.69,0.0,0.0,0.0,0.0,0.0,0.0
203,37099,87.33,57.73704696745436,2.1326010386644,0,17,2,500,88.46,86.2,0.0,0.0,0.0,0.0,0.0,0.0
204,35084,92.64,66.9961969143034,2.169346929144837,0,22,2,500,100.0,85.28,0.0,0.0,0.0,0.0,0.0,0.0
205,36293,66.75,62.09717593518425,2.027467633876149,0,19,2,500,61.7,71.8,0.0,0.0,0.0,0.0,0.0,0.0
206,34681,77.79,63.27548902690948,2.0928596227278806,0,23,2,500,72.86,82.72,0.0,0.0,0.0,0.0,0.0,0.0
207,33875,100.0,63.61501331890834,2.212095250050242,0,25,2,500,100.0,100.0,0.0,0.0,0.0,0.0,0.0,0.0
208,34278,68.9,63.63639529291574,2.0815200072391766,0,24,2,500,62.84,74.97,0.0,0.0,0.0,0.0,0.0,0.0
209,33875,62.44,61.199320682675655,2.1373050868692096,0,25,2,500,63.45,61.42,0.0,0.0,0.0,0.0,0.0,0.0
210,34278,99.46,62.00171600460729,2.148701252209793,0,24,2,500,98.93,100.0,0.0,0.0,0.0,0.0,0.0,0.0
211,34681,100.0,65.27381899141663,2.075368490064434,0,23,2,500,100.0,100.0,0.0,0.0,0.0,0.0,0.0,0.0
212,33875,100.0,64.38193547783116,2.1359784772529364,0,25,2,500,100.0,100.0,0.0,0.0,0.0,0.0,0.0,0.0
213,34681,98.08,60.58914874111665,2.0763874422019817,0,23,2,500,96.17,100.0,0.0,0.0,0.0,0.0,0.0,0.0
214,34681,98.28,61.08666860385652,2.084170056641857,0,23,2,500,99.45,97.11,0.0,0.0,0.0,0.0,0.0,0.0
215,36293,100.0,62.35250322706838,2.1627039195320776,0,19,2,500,100.0,100.0,0.0,0.0,0.0,0.0,0.0,0.0
216,34681,100.0,62.20835488816569,2.0847371093183784,0,23,2,500,100.0,100.0,0.0,0.0,0.0,0.0,0.0,0.0
217,33875,100.0,62.93323979756514,2.095924983382656,0,25,2,500,100.0,100.0,0.0,0.0,0.0,0.0,0.0,0.0
218,35890,100.0,61.83720980685091,2.0929038439355576,0,20,2,500,100.0,100.0,0.0,0.0,0.0,0.0,0.0,0.0
219,36293,62.76,61.65142376206636,2.0949497531129366,0,19,2,500,67.38,58.14,0.0,0.0,0.0,0.0,0.0,0.0
220,35084,100.0,61.531423287424886,2.095903610605831,0,22,2,500,100.0,100.0,0.0,0.0,0.0,0.0,0.0,0.0
221,33875,100.0,66.83445084768115,2.063121299059736,0,25,2,500,100.0,100.0,0.0,0.0,0.0,0.0,0.0,0.0
222,36293,70.92,66.87736936550648,2.1064137137442467,0,19,2,500,70.43,71.4,0.0,0.0,0.0,0.0,0.0,0.0
223,35890,72.0,65.11496726305572,2.0986769841432844,0,20,2,500,78.83,65.17,0.0,0.0,0.0,0.0,0.0,0.0
224,34278,100.0,65.85716003633067,2.108716187177269,0,24,2,500,100.0,100.0,0.0,0.0,0.0,0.0,0.0,0.0
225,33875,38.78,66.0747147044309,2.0813723288014727,0,25,2,500,39.94,37.61,0.0,0.0,0.0,0.0,0.0,0.0
226,35084,100.0,61.84890463185225,2.128785984999473,0,22,2,500,100.0,100.0,0.0,0.0,0.0,0.0,0.0,0.0
227,34278,100.0,60.89745388110431,2.10926155703234,0,24,2,500,100.0,100.0,0.0,0.0,0.0,0.0,0.0,0.0
228,34278,94.48,62.77031215228477,2.10471469533758,0,24,2,500,88.96,100.0,0.0,0.0,0.0,0.0,0.0,0.0
229,34278,100.0,62.36278950710413,2.0307528653076137,0,24,2,500,100.0,100.0,0.0,0.0,0.0,0.0,0.0,0.0
230,36696,100.0,63.50042512831015,2.125553832912352,0,18,2,500,100.0,100.0,0.0,0.0,0.0,0.0,0.0,0.0
231,34681,100.0,62.98644007646758,2.0814987880752933,0,23,2,500,100.0,100.0,0.0,0.0,0.0,0.0,0.0,0.0
232,36293,100.0,64.43249385671591,2.2004445664593035,0,19,2,500,100.0,100.0,0.0,0.0,0.0,0.0,0.0,0.0
233,33875,91.77,63.16636490642198,2.0667061834450937,0,25,2,500,94.2,89.34,0.0,0.0,0.0,0.0,0.0,0.0
234,34681,99.85,54.54993079614282,2.105440882992072,0,23,2,500,100.0,99.71,0.0,0.0,0.0,0.0,0.0,0.0
235,34278,100.0,61.5478098749359,2.1841971866648406,0,24,2,500,100.0,100.0,0.0,0.0,0.0,0.0,0.0,0.0
236,35487,100.0,61.52873901513303,2.0596237999338487,0,21,2,500,100.0,100.0,0.0,0.0,0.0,0.0,0.0,0.0
237,33875,89.94,60.71852869752997,2.124634127329335,0,25,2,500,93.35,86.54,0.0,0.0,0.0,0.0,0.0,0.0
238,33875,99.56,59.64769898052735,2.2129656410789025,0,25,2,500,100.0,99.11,0.0,0.0,0.0,0.0,0.0,0.0
239,35890,88.74,65.6506804431819,2.0751133173113656,0,20,2,500,86.61,90.86,0.0,0.0,0.0,0.0,0.0,0.0
240,33875,100.0,62.40865711322671,2.07573234512079,0,25,2,500,100.0,100.0,0.0,0.0,0.0,0.0,0.0,0.0
241,37099,95.13,62.92232198301856,2.077185917576143,0,17,2,500,99.31,90.95,0.0,0.0,0.0,0.0,0.0,0.0
242,33875,100.0,60.472422642573584,2.1633351498437787,0,25,2,500,100.0,100.0,0.0,0.0,0.0,0.0,0.0,0.0
243,33875,100.0,58.26374240562902,2.069835059672166,0,25,2,500,100.0,100.0,0.0,0.0,0.0,0.0,0.0,0.0
244,35084,100.0,61.53531259569914,2.1157850425702307,0,22,2,500,100.0,100.0,0.0,0.0,0.0,0.0,0.0,0.0
245,34278,99.43,63.21770237603575,2.080106776482608,0,24,2,500,100.0,98.86,0.0,0.0,0.0,0.0,0.0,0.0
246,33875,98.55,65.70070415828654,2.03312832377123,0,25,2,500,100.0,97.1,0.0,0.0,0.0,0.0,0.0,0.0
247,36293,94.2,63.36774203452521,2.1006073507343457,0,19,2,500,88.4,100.0,0.0,0.0,0.0,0.0,0.0,0.0
248,33875,100.0,63.42145641759058,2.036498902954695,0,25,2,500,100.0,100.0,0.0,0.0,0.0,0.0,0.0,0.0
249,36293,100.0,58.77863224382224,2.100403370318896,0,19,2,500,100.0,100.0,0.0,0.0,0.0,0.0,0.0,0.0
250,37099,100.0,58.11318174785893,2.10350753626437,0,17,2,500,100.0,100.0,0.0,0.0,0.0,0.0,0.0,0.0
251,35487,66.37,64.83293312178718,2.1227176024159102,0,21,2,500,72.23,60.5,0.0,0.0,0.0,0.0,0.0,0.0
252,33875,94.06,64.04662049382,2.083450940034262,0,25,2,500,90.27,97.86,0.0,0.0,0.0,0.0,0.0,0.0
253,33875,99.72,64.59317151750982,2.119832464437905,0,25,2,500,100.0,99.45,0.0,0.0,0.0,0.0,0.0,0.0
254,33875,97.08,56.51326159636828,2.086373328815512,0,25,2,500,100.0,94.17,0.0,0.0,0.0,0.0,0.0,0.0
255,36293,100.0,59.79508753009029,2.047454286010053,0,19,2,500,100.0,100.0,0.0,0.0,0.0,0.0,0.0,0.0
256,33875,100.0,68.58797360017716,2.115609162675978,0,25,2,500,100.0,100.0,0.0,0.0,0.0,0.0,0.0,0.0
257,36293,98.96,60.35743693236218,1.9752713799472847,0,19,2,500,100.0,97.92,0.0,0.0,0.0,0.0,0.0,0.0
258,34681,98.79,61.21086257204917,2.0535002247726366,0,23,2,500,97.58,100.0,0.0,0.0,0.0,0.0,0.0,0.0
259,33875,96.47,59.6080098203716,2.0859262535765777,0,25,2,500,92.94,100.0,0.0,0.0,0.0,0.0,0.0,0.0
260,34278,98.76,59.986151885147535,2.221765193449061,0,24,2,500,100.0,97.51,0.0,0.0,0.0,0.0,0.0,0.0
261,33875,100.0,60.81961164642657,2.030715846491322,0,25,2,500,100.0,100.0,0.0,0.0,0.0,0.0,0.0,0.0
262,36696,100.0,55.03189844644674,2.107251556283657,0,18,2,500,100.0,100.0,0.0,0.0,0.0,0.0,0.0,0.0
263,33875,100.0,62.171063318943446,2.151692168055685,0,25,2,500,100.0,100.0,0.0,0.0,0.0,0.0,0.0,0.0
264,33875,98.13,61.15482908585214,2.1560018212673326,0,25,2,500,100.0,96.26,0.0,0.0,0.0,0.0,0.0,0.0
265,33875,100.0,65.63347185113152,2.145635107562673,0,25,2,500,100.0,100.0,0.0,0.0,0.0,0.0,0.0,0.0
266,38308,92.22,64.35512415455146,2.123028232411083,0,14,2,500,99.53,84.92,0.0,0.0,0.0,0.0,0.0,0.0
267,35890,100.0,64.1960157846006,2.271545962801329,0,20,2,500,100.0,100.0,0.0,0.0,0.0,0.0,0.0,0.0
268,35487,97.5,66.02900871827389,2.0709572563509826,0,21,2,500,100.0,94.99,0.0,0.0,0.0,0.0,0.0,0.0
269,36696,100.0,60.75302506402003,2.100507865244455,0,18,2,500,100.0,100.0,0.0,0.0,0.0,0.0,0.0,0.0
270,36293,92.62,63.17517275276415,2.1448378347546715,0,19,2,500,100.0,85.24,0.0,0.0,0.0,0.0,0.0,0.0
271,35084,100.0,62.549004352120704,2.0596337594414345,0,22,2,500,100.0,100.0,0.0,0.0,0.0,0.0,0.0,0.0
272,35487,82.62,63.29590298962,2.0850958082851805,0,21,2,500,83.07,82.16,0.0,0.0,0.0,0.0,0.0,0.0
273,37099,98.3,54.950169228818034,2.1410060226643206,0,17,2,500,100.0,96.6,0.0,0.0,0.0,0.0,0.0,0.0
274,33875,97.36,58.89928897199374,2.098951149299515,0,25,2,500,100.0,94.73,0.0,0.0,0.0,0.0,0.0,0.0
275,33875,100.0,64.01916667585905,2.150005464649223,0,25,2,500,100.0,100.0,0.0,0.0,0.0,0.0,0.0,0.0
276,35084,100.0,60.77929502732242,2.0707258760574696,0,22,2,500,100.0,100.0,0.0,0.0,0.0,0.0,0.0,0.0
277,34278,100.0,65.84872943445949,2.0482965007160034,0,24,2,500,100.0,100.0,0.0,0.0,0.0,0.0,0.0,0.0
278,34681,98.24,65.19951100024508,2.093659390802781,0,23,2,500,100.0,96.47,0.0,0.0,0.0,0.0,0.0,0.0
279,33875,83.38,58.31899267829811,2.108627756709222,0,25,2,500,83.49,83.26,0.0,0.0,0.0,0.0,0.0,0.0
280,35084,100.0,60.69771596216754,2.121239818891401,0,22,2,500,100.0,100.0,0.0,0.0,0.0,0.0,0.0,0.0
281,34681,100.0,63.3151491077087,2.074011999629452,0,23,2,500,100.0,100.0,0.0,0.0,0.0,0.0,0.0,0.0
282,35487,83.4,63.01069968778706,2.1234311471454705,0,21,2,500,82.5,84.29,0.0,0.0,0.0,0.0,0.0,0.0
283,38308,92.4,63.944700921167474,2.0307975053810448,0,14,2,500,91.91,92.88,0.0,0.0,0.0,0.0,0.0,0.0
284,35890,97.74,62.03668967185096,2.1503415602394096,0,20,2,500,95.47,100.0,0.0,0.0,0.0,0.0,0.0,0.0
285,37905,74.34,64.44684874298014,2.1496518304321417,0,15,2,500,69.12,79.56,0.0,0.0,0.0,0.0,0.0,0.0
286,33875,100.0,59.13679861780391,2.0767477572569617,0,25,2,500,100.0,100.0,0.0,0.0,0.0,0.0,0.0,0.0
287,36293,77.7,66.49439337814522,2.1708782730890337,0,19,2,500,82.3,73.1,0.0,0.0,0.0,0.0,0.0,0.0
288,37099,100.0,60.5820780208288,2.104712595603056,0,17,2,500,100.0,100.0,0.0,0.0,0.0,0.0,0.0,0.0
289,33875,100.0,60.37036714818052,2.090303492406349,0,25,2,500,100.0,100.0,0.0,0.0,0.0,0.0,0.0,0.0
290,33875,82.25,65.34663986772053,2.073686241785586,0,25,2,500,81.86,82.64,0.0,0.0,0.0,0.0,0.0,0.0
291,35487,72.25,59.79929955290593,2.133471050105313,0,21,2,500,76.7,67.8,0.0,0.0,0.0,0.0,0.0,0.0
292,35084,100.0,66.93234240400363,2.0894072201423297,0,22,2,500,100.0,100.0,0.0,0.0,0.0,0.0,0.0,0.0
293,35487,100.0,61.156624138678325,2.066219245627385,0,21,2,500,100.0,100.0,0.0,0.0,0.0,0.0,0.0,0.0
294,37502,89.0,60.88343009511141,2.0321077801728147,0,16,2,500,89.0,89.0,0.0,0.0,0.0,0.0,0.0,0.0
295,33875,98.57,61.1197431954982,2.103883238899681,0,25,2,500,100.0,97.14,0.0,0.0,0.0,0.0,0.0,0.0
296,33875,100.0,60.702678171851,2.1271473746316167,0,25,2,500,100.0,100.0,0.0,0.0,0.0,0.0,0.0,0.0
297,34278,74.41,60.59374857645525,2.060329948808711,0,24,2,500,76.21,72.62,0.0,0.0,0.0,0.0,0.0,0.0
298,35084,100.0,61.28016468858159,2.134467953170325,0,22,2,500,100.0,100.0,0.0,0.0,0.0,0.0,0.0,0.0
299,38308,100.0,60.90355587470182,2.074709824057144,0,14,2,500,100.0,100.0,0.0,0.0,0.0,0.0,0.0,0.0
300,35487,99.07,64.42209032261081,2.078478302332307,0,21,2,500,98.14,100.0,0.0,0.0,0.0,0.0,0.0,0.0
301,36293,93.74,66.56876558022459,2.081606098493316,0,19,2,500,87.49,100.0,0.0,0.0,0.0,0.0,0.0,0.0
302,33875,100.0,66.79199954088904,2.056234664771169,0,25,2,500,100.0,100.0,0.0,0.0,0.0,0.0,0.0,0.0
303,33875,100.0,62.71479070384208,2.0338946459893386,0,25,2,500,100.0,100.0,0.0,0.0,0.0,0.0,0.0,0.0
304,33875,100.0,65.52430831238182,2.0788365747726774,0,25,2,500,100.0,100.0,0.0,0.0,0.0,0.0,0.0,0.0
305,33875,98.57,63.77302553866823,2.1025119596813173,0,25,2,500,97.14,100.0,0.0,0.0,0.0,0.0,0.0,0.0
306,36696,100.0,62.62979215854786,2.0440732856069306,0,18,2,500,100.0,100.0,0.0,0.0,0.0,0.0,0.0,0.0
307,34278,75.48,61.92112801218799,2.159486331705458,0,24,2,500,81.21,69.76,0.0,0.0,0.0,0.0,0.0,0.0
308,34681,100.0,67.3320728684118,2.072816180944131,0,23,2,500,100.0,100.0,0.0,0.0,0.0,0.0,0.0,0.0
309,34278,100.0,62.90229543890366,2.11656692430662,0,24,2,500,100.0,100.0,0.0,0.0,0.0,0.0,0.0,0.0
310,33875,100.0,63.94089717348033,2.11607933226748,0,25,2,500,100.0,100.0,0.0,0.0,0.0,0.0,0.0,0.0
311,35890,84.05,64.09726340802293,2.211235511777561,0,20,2,500,80.0,88.1,0.0,0.0,0.0,0.0,0.0,0.0
312,38711,80.88,63.1642722417954,2.108245947460781,0,13,2,500,82.1,79.66,0.0,0.0,0.0,0.0,0.0,0.0
313,35890,100.0,58.288162292801374,2.1219072397194063,0,20,2,500,100.0,100.0,0.0,0.0,0.0,0.0,0.0,0.0
314,34278,82.04,62.356813096657696,2.1327399571140706,0,24,2,500,71.21,92.86,0.0,0.0,0.0,0.0,0.0,0.0
315,35487,92.61,57.62034108323354,2.1236726951277927,0,21,2,500,96.5,88.72,0.0,0.0,0.0,0.0,0.0,0.0
316,37099,100.0,64.36127589366686,2.02502743062111,0,17,2,500,100.0,100.0,0.0,0.0,0.0,0.0,0.0,0.0
317,33875,98.94,63.64993502977053,2.115346091223961,0,25,2,500,97.89,100.0,0.0,0.0,0.0,0.0,0.0,0.0
318,36696,100.0,65.14666177122058,1.9935503468343003,0,18,2,500,100.0,100.0,0.0,0.0,0.0,0.0,0.0,0.0
319,35084,98.9,60.541842442897895,2.1479694282669435,0,22,2,500,100.0,97.81,0.0,0.0,0.0,0.0,0.0,0.0
320,38711,100.0,62.6050263178435,2.0687952113864667,0,13,2,500,100.0,100.0,0.0,0.0,0.0,0.0,0.0,0.0
321,36696,100.0,63.36711186016864,2.199485962705628,0,18,2,500,100.0,100.0,0.0,0.0,0.0,0.0,0.0,0.0
322,36293,61.46,60.600134920791234,2.169871202001876,0,19,2,500,61.72,61.2,0.0,0.0,0.0,0.0,0.0,0.0
323,34681,93.59,63.730792560726194,2.05965988537176,0,23,2,500,92.55,94.63,0.0,0.0,0.0,0.0,0.0,0.0
324,36696,88.95,60.570812260976815,2.2029824805107268,0,18,2,500,85.22,92.68,0.0,0.0,0.0,0.0,0.0,0.0
325,34278,100.0,65.09768930921254,2.102023108965692,0,24,2,500,100.0,100.0,0.0,0.0,0.0,0.0,0.0,0.0
326,33875,99.26,62.27459707184583,2.1505760926388167,0,25,2,500,98.53,100.0,0.0,0.0,0.0,0.0,0.0,0.0
327,35084,100.0,59.9157561944656,2.1125064566034792,0,22,2,500,100.0,100.0,0.0,0.0,0.0,0.0,0.0,0.0
328,37502,62.37,60.21900570956836,2.076677042655785,0,16,2,500,66.24,58.5,0.0,0.0,0.0,0.0,0.0,0.0
329,37099,97.2,64.7508508600673,2.062921447425705,0,17,2,500,94.41,100.0,0.0,0.0,0.0,0.0,0.0,0.0
330,34681,100.0,55.36912230224558,2.0922414782133103,0,23,2,500,100.0,100.0,0.0,0.0,0.0,0.0,0.0,0.0
331,33875,94.94,66.92763473613942,2.1482194167221977,0,25,2,500,100.0,89.87,0.0,0.0,0.0,0.0,0.0,0.0
332,34681,99.88,57.52630746813957,2.127192204045762,0,23,2,500,99.75,100.0,0.0,0.0,0.0,0.0,0.0,0.0
333,34278,85.92,62.18063521345171,2.1119203411370107,0,24,2,500,91.99,79.85,0.0,0.0,0.0,0.0,0.0,0.0
334,33875,100.0,63.07771226023456,2.113629425421673,0,25,2,500,100.0,100.0,0.0,0.0,0.0,0.0,0.0,0.0
335,33875,64.0,62.712774052463246,2.0877842235524846,0,25,2,500,65.09,62.91,0.0,0.0,0.0,0.0,0.0,0.0
336,36293,86.82,68.03095836307564,2.081053983879056,0,19,2,500,88.85,84.8,0.0,0.0,0.0,0.0,0.0,0.0
337,35084,99.42,59.88304116799474,2.2259986238213134,0,22,2,500,98.83,100.0,0.0,0.0,0.0,0.0,0.0,0.0
338,35084,68.41,64.59317824658827,2.1291812110357817,0,22,2,500,73.35,63.47,0.0,0.0,0.0,0.0,0.0,0.0
339,33875,100.0,60.97949220072213,2.1045165931985443,0,25,2,500,100.0,100.0,0.0,0.0,0.0,0.0,0.0,0.0
340,36293,97.57,60.19533761440007,2.1388924214349685,0,19,2,500,99.26,95.88,0.0,0.0,0.0,0.0,0.0,0.0
341,37502,100.0,63.252847578897146,2.015056059757736,0,16,2,500,100.0,100.0,0.0,0.0,0.0,0.0,0.0,0.0
342,35890,100.0,67.71192345188648,2.107343709827222,0,20,2,500,100.0,100.0,0.0,0.0,0.0,0.0,0.0,0.0
343,35487,88.84,64.50683766946216,2.072470552028105,0,21,2,500,89.24,88.45,0.0,0.0,0.0,0.0,0.0,0.0
344,35487,100.0,57.97136077143215,2.0025836239735475,0,21,2,500,100.0,100.0,0.0,0.0,0.0,0.0,0.0,0.0
345,34278,100.0,61.73205710044156,2.1086157511926413,0,24,2,500,100.0,100.0,0.0,0.0,0.0,0.0,0.0,0.0
346,35890,100.0,57.94541233274415,2.083837790854904,0,20,2,500,100.0,100.0,0.0,0.0,0.0,0.0,0.0,0.0
347,34681,55.95,65.07241810465497,2.15120037703688,0,23,2,500,58.4,53.5,0.0,0.0,0.0,0.0,0.0,0.0
348,33875,100.0,59.79098627252293,2.0425077651761527,0,25,2,500,100.0,100.0,0.0,0.0,0.0,0.0,0.0,0.0
349,37099,85.95,59.6107601183794,2.1112285445175254,0,17,2,500,84.02,87.88,0.0,0.0,0.0,0.0,0.0,0.0
350,39517,100.0,63.26199345854335,2.138883756403039,0,11,2,500,100.0,100.0,0.0,0.0,0.0,0.0,0.0,0.0
351,34278,100.0,67.96426701624753,2.082663747988535,0,24,2,500,100.0,100.0,0.0,0.0,0.0,0.0,0.0,0.0
352,34278,100.0,62.63042491393545,2.119774543535327,0,24,2,500,100.0,100.0,0.0,0.0,0.0,0.0,0.0,0.0
353,36293,100.0,62.75156467071861,2.075579042355259,0,19,2,500,100.0,100.0,0.0,0.0,0.0,0.0,0.0,0.0
354,38308,100.0,64.83462477100409,2.104713817387635,0,14,2,500,100.0,100.0,0.0,0.0,0.0,0.0,0.0,0.0
355,36293,96.58,62.54252428027958,2.2076037067417373,0,19,2,500,93.17,100.0,0.0,0.0,0.0,0.0,0.0,0.0
356,36696,85.81,67.26363547633653,2.0444361226389205,0,18,2,500,92.36,79.26,0.0,0.0,0.0,0.0,0.0,0.0
357,34681,100.0,66.28104390412346,2.064744169286882,0,23,2,500,100.0,100.0,0.0,0.0,0.0,0.0,0.0,0.0
358,35084,100.0,68.03116205713846,2.069526355141521,0,22,2,500,100.0,100.0,0.0,0.0,0.0,0.0,0.0,0.0
359,34681,100.0,58.27986622160291,2.0538178643248206,0,23,2,500,100.0,100.0,0.0,0.0,0.0,0.0,0.0,0.0
360,36293,100.0,64.65573896872301,2.101976309291352,0,19,2,500,100.0,100.0,0.0,0.0,0.0,0.0,0.0,0.0
361,33875,90.66,62.15179352073847,2.1205734946382293,0,25,2,500,86.41,94.9,0.0,0.0,0.0,0.0,0.0,0.0
362,33875,100.0,65.21086057300334,1.9970523131902893,0,25,2,500,100.0,100.0,0.0,0.0,0.0,0.0,0.0,0.0
363,33875,96.92,58.79520581277527,2.0961079403906413,0,25,2,500,93.83,100.0,0.0,0.0,0.0,0.0,0.0,0.0
364,33875,100.0,64.92660684206466,2.131423683454548,0,25,2,500,100.0,100.0,0.0,0.0,0.0,0.0,0.0,0.0
365,39114,100.0,65.0388915644328,2.077484344847892,0,12,2,500,100.0,100.0,0.0,0.0,0.0,0.0,0.0,0.0
366,35084,100.0,62.448733550221455,2.001684770607421,0,22,2,500,100.0,100.0,0.0,0.0,0.0,0.0,0.0,0.0
367,34278,88.62,63.41892784129609,2.077249412756533,0,24,2,500,83.97,93.28,0.0,0.0,0.0,0.0,0.0,0.0
368,37099,100.0,60.99392818964587,2.06961248427624,0,17,2,500,100.0,100.0,0.0,0.0,0.0,0.0,0.0,0.0
369,36696,93.34,67.0874587336099,2.0714453961001538,0,18,2,500,89.96,96.72,0.0,0.0,0.0,0.0,0.0,0.0
370,35487,100.0,59.17023107655216,2.1363960688874086,0,21,2,500,100.0,100.0,0.0,0.0,0.0,0.0,0.0,0.0
371,33875,100.0,61.69564005375104,2.103385716354818,0,25,2,500,100.0,100.0,0.0,0.0,0.0,0.0,0.0,0.0
372,35084,100.0,69.87498258913142,2.056355558520751,0,22,2,500,100.0,100.0,0.0,0.0,0.0,0.0,0.0,0.0
373,34681,100.0,62.886381442828046,2.085112142573666,0,23,2,500,100.0,100.0,0.0,0.0,0.0,0.0,0.0,0.0
374,35487,100.0,58.57642689537958,2.1683709575480705,0,21,2,500,100.0,100.0,0.0,0.0,0.0,0.0,0.0,0.0
375,35487,100.0,64.21990171196485,2.096109154845103,0,21,2,500,100.0,100.0,0.0,0.0,0.0,0.0,0.0,0.0
376,37099,56.92,60.32838423429163,2.0682982050196674,0,17,2,500,60.33,53.52,0.0,0.0,0.0,0.0,0.0,0.0
377,35084,100.0,59.01492831151501,2.1939524922732403,0,22,2,500,100.0,100.0,0.0,0.0,0.0,0.0,0.0,0.0
378,37099,100.0,62.65382640660138,2.0055913396202767,0,17,2,500,100.0,100.0,0.0,0.0,0.0,0.0,0.0,0.0
379,35890,99.76,63.53385581196807,1.9954368859072351,0,20,2,500,99.52,100.0,0.0,0.0,0.0,0.0,0.0,0.0
380,35487,100.0,63.64817535315287,2.028279940672702,0,21,2,500,100.0,100.0,0.0,0.0,0.0,0.0,0.0,0.0
381,33875,92.92,60.55692947644677,2.0890873609941885,0,25,2,500,100.0,85.84,0.0,0.0,0.0,0.0,0.0,0.0
382,33875,96.26,59.79268197582662,2.059844981817254,0,25,2,500,98.74,93.77,0.0,0.0,0.0,0.0,0.0,0.0
383,34681,100.0,62.43359124681178,2.040404881137547,0,23,2,500,100.0,100.0,0.0,0.0,0.0,0.0,0.0,0.0
384,35890,98.38,67.95507475642202,2.100104168549596,0,20,2,500,96.76,100.0,0.0,0.0,0.0,0.0,0.0,0.0
385,34681,100.0,66.00294087969952,2.1507151513314424,0,23,2,500,100.0,100.0,0.0,0.0,0.0,0.0,0.0,0.0
386,37502,96.67,60.05808131659498,2.0438636528955643,0,16,2,500,100.0,93.34,0.0,0.0,0.0,0.0,0.0,0.0
387,35084,100.0,69.08067934022907,2.1078026474905007,0,22,2,500,100.0,100.0,0.0,0.0,0.0,0.0,0.0,0.0
388,33875,100.0,67.19156206070782,2.086588566449614,0,25,2,500,100.0,100.0,0.0,0.0,0.0,0.0,0.0,0.0
389,34681,100.0,64.54515150600331,2.1715915174700173,0,23,2,500,100.0,100.0,0.0,0.0,0.0,0.0,0.0,0.0
390,33875,100.0,64.75300888248594,1.9918346222394168,0,25,2,500,100.0,100.0,0.0,0.0,0.0,0.0,0.0,0.0
391,35487,100.0,55.76091160872312,2.1318407105229102,0,21,2,500,100.0,100.0,0.0,0.0,0.0,0.0,0.0,0.0
392,36696,100.0,60.119801799859005,2.058663250860888,0,18,2,500,100.0,100.0,0.0,0.0,0.0,0.0,0.0,0.0
393,33875,100.0,67.69768006134457,2.154641321868681,0,25,2,500,100.0,100.0,0.0,0.0,0.0,0.0,0.0,0.0
394,34278,86.63,67.35726171276093,2.078418759960023,0,24,2,500,87.32,85.94,0.0,0.0,0.0,0.0,0.0,0.0
395,37099,100.0,64.2923194703991,2.056414465229149,0,17,2,500,100.0,100.0,0.0,0.0,0.0,0.0,0.0,0.0
396,36696,99.76,66.13708082710436,2.1400363787869967,0,18,2,500,99.52,100.0,0.0,0.0,0.0,0.0,0.0,0.0
397,37099,100.0,62.69536460823283,2.165963051958204,0,17,2,500,100.0,100.0,0.0,0.0,0.0,0.0,0.0,0.0
398,33875,97.84,64.45233282305061,2.056891433494038,0,25,2,500,95.68,100.0,0.0,0.0,0.0,0.0,0.0,0.0
399,37502,100.0,59.4270382798429,2.075693034825344,0,16,2,500,100.0,100.0,0.0,0.0,0.0,0.0,0.0,0.0
400,33875,97.3,73.46760393991578,2.0926137311486253,0,25,2,500,100.0,94.59,0.0,0.0,0.0,0.0,0.0,0.0
401,36293,79.12,63.28413237068554,2.116761209666888,0,19,2,500,82.11,76.14,0.0,0.0,0.0,0.0,0.0,0.0
402,33875,100.0,60.19930335746566,2.0354072509746803,0,25,2,500,100.0,100.0,0.0,0.0,0.0,0.0,0.0,0.0
403,36293,100.0,55.69138251191284,2.089852379632456,0,19,2,500,100.0,100.0,0.0,0.0,0.0,0.0,0.0,0.0
404,36696,100.0,65.05151417637975,2.092245068725577,0,18,2,500,100.0,100.0,0.0,0.0,0.0,0.0,0.0,0.0
405,37502,78.06,66.6910825224586,2.183564557039505,0,16,2,500,77.03,79.1,0.0,0.0,0.0,0.0,0.0,0.0
406,35487,89.94,62.03500968017105,2.0141935076588693,0,21,2,500,96.85,83.04,0.0,0.0,0.0,0.0,0.0,0.0
407,34681,63.8,60.251622557539285,2.1193732438431505,0,23,2,500,63.75,63.84,0.0,0.0,0.0,0.0,0.0,0.0
408,37099,100.0,64.43520765647656,2.0403834178441937,0,17,2,500,100.0,100.0,0.0,0.0,0.0,0.0,0.0,0.0
409,35487,100.0,63.750056801887496,2.1789807321242627,0,21,2,500,100.0,100.0,0.0,0.0,0.0,0.0,0.0,0.0
410,33875,95.03,64.95665387562933,2.0613154122828448,0,25,2,500,99.14,90.92,0.0,0.0,0.0,0.0,0.0,0.0
411,33875,100.0,56.133002971818186,2.102910344115039,0,25,2,500,100.0,100.0,0.0,0.0,0.0,0.0,0.0,0.0
412,33875,100.0,63.00859116314514,2.0103269542138213,0,25,2,500,100.0,100.0,0.0,0.0,0.0,0.0,0.0,0.0
413,35084,98.6,64.69019694470214,2.0765314961423584,0,22,2,500,97.19,100.0,0.0,0.0,0.0,0.0,0.0,0.0
414,37905,100.0,62.35205533408572,2.140221175962893,0,15,2,500,100.0,100.0,0.0,0.0,0.0,0.0,0.0,0.0
415,35084,79.97,64.64518330890682,2.075743072901164,0,22,2,500,72.54,87.4,0.0,0.0,0.0,0.0,0.0,0.0
416,33875,72.85,66.34265405178992,2.079318311077608,0,25,2,500,65.75,79.95,0.0,0.0,0.0,0.0,0.0,0.0
417,35890,94.81,62.32721315938596,2.034449732477221,0,20,2,500,100.0,89.62,0.0,0.0,0.0,0.0,0.0,0.0
418,37905,100.0,58.38778788386927,2.024344137049585,0,15,2,500,100.0,100.0,0.0,0.0,0.0,0.0,0.0,0.0
419,34681,100.0,63.29946973474839,2.1149537543519883,0,23,2,500,100.0,100.0,0.0,0.0,0.0,0.0,0.0,0.0
420,33875,89.66,66.37152684961032,2.0433190766789666,0,25,2,500,94.32,85.01,0.0,0.0,0.0,0.0,0.0,0.0
421,33875,100.0,62.21817598361792,2.083520811279054,0,25,2,500,100.0,100.0,0.0,0.0,0.0,0.0,0.0,0.0
422,34681,68.5,62.46788379478886,2.131681741515745,0,23,2,500,67.87,69.12,0.0,0.0,0.0,0.0,0.0,0.0
423,35487,100.0,63.28446590448938,2.0483097371176324,0,21,2,500,100.0,100.0,0.0,0.0,0.0,0.0,0.0,0.0
424,33875,73.65,67.67256645737112,2.146001876066566,0,25,2,500,76.06,71.24,0.0,0.0,0.0,0.0,0.0,0.0
425,37099,100.0,59.36669779682988,2.070396621644992,0,17,2,500,100.0,100.0,0.0,0.0,0.0,0.0,0.0,0.0
426,35890,96.75,56.55979021708956,2.064976229364243,0,20,2,500,100.0,93.5,0.0,0.0,0.0,0.0,0.0,0.0
427,34278,99.97,66.8398883678343,2.112272595154071,0,24,2,500,100.0,99.94,0.0,0.0,0.0,0.0,0.0,0.0
428,37502,99.48,63.36210996510499,2.133212396707936,0,16,2,500,98.97,100.0,0.0,0.0,0.0,0.0,0.0,0.0
429,37099,75.27,61.26775199572133,2.1425812814033454,0,17,2,500,76.18,74.36,0.0,0.0,0.0,0.0,0.0,0.0
430,35487,97.65,64.42880400380304,2.025424601900695,0,21,2,500,95.29,100.0,0.0,0.0,0.0,0.0,0.0,0.0
431,36293,52.64,62.860836055541085,2.019900242844757,0,19,2,500,58.14,47.14,0.0,0.0,0.0,0.0,0.0,0.0
432,39114,98.94,60.77234761826932,2.109283588302893,0,12,2,500,97.89,100.0,0.0,0.0,0.0,0.0,0.0,0.0
433,36293,100.0,67.03114742047727,2.017354475597923,0,19,2,500,100.0,100.0,0.0,0.0,0.0,0.0,0.0,0.0
434,37905,97.92,62.1666812028648,2.158325242083985,0,15,2,500,100.0,95.85,0.0,0.0,0.0,0.0,0.0,0.0
435,33875,97.46,61.770791842094354,2.121376448271076,0,25,2,500,94.91,100.0,0.0,0.0,0.0,0.0,0.0,0.0
436,35890,100.0,58.616267401150125,2.08530060963772,0,20,2,500,100.0,100.0,0.0,0.0,0.0,0.0,0.0,0.0
437,36696,100.0,61.66647753110211,2.0621329639882946,0,18,2,500,100.0,100.0,0.0,0.0,0.0,0.0,0.0,0.0
438,36696,100.0,60.64164127323925,2.048209725968836,0,18,2,500,100.0,100.0,0.0,0.0,0.0,0.0,0.0,0.0
439,36696,100.0,60.6130501721447,2.034576847139325,0,18,2,500,100.0,100.0,0.0,0.0,0.0,0.0,0.0,0.0
440,33875,100.0,65.65417617691767,2.1237726162825705,0,25,2,500,100.0,100.0,0.0,0.0,0.0,0.0,0.0,0.0
441,38711,100.0,66.40074495619353,2.088449903206012,0,13,2,500,100.0,100.0,0.0,0.0,0.0,0.0,0.0,0.0
442,35487,100.0,63.808476541659005,2.114017531975277,0,21,2,500,100.0,100.0,0.0,0.0,0.0,0.0,0.0,0.0
443,35084,100.0,61.19227553175447,2.01877030167358,0,22,2,500,100.0,100.0,0.0,0.0,0.0,0.0,0.0,0.0
444,35890,100.0,62.476993648366914,2.131606905938105,0,20,2,500,100.0,100.0,0.0,0.0,0.0,0.0,0.0,0.0
445,33875,100.0,63.17472293356485,2.05577698551795,0,25,2,500,100.0,100.0,0.0,0.0,0.0,0.0,0.0,0.0
446,34681,84.42,62.04586020881069,2.0807041692356107,0,23,2,500,81.32,87.52,0.0,0.0,0.0,0.0,0.0,0.0
447,37099,100.0,65.88465811665564,1.979389224180306,0,17,2,500,100.0,100.0,0.0,0.0,0.0,0.0,0.0,0.0
448,34278,100.0,64.69748426463296,2.0398529764345383,0,24,2,500,100.0,100.0,0.0,0.0,0.0,0.0,0.0,0.0
449,36696,100.0,62.40991598825726,2.041170466847413,0,18,2,500,100.0,100.0,0.0,0.0,0.0,0.0,0.0,0.0
450,34278,92.82,60.8536767778296,2.1114400206331525,0,24,2,500,85.64,100.0,0.0,0.0,0.0,0.0,0.0,0.0
451,36696,100.0,63.107805841292894,2.062651222434421,0,18,2,500,100.0,100.0,0.0,0.0,0.0,0.0,0.0,0.0
452,36293,96.52,63.92145438328144,2.127150592904094,0,19,2,500,95.85,97.18,0.0,0.0,0.0,0.0,0.0,0.0
453,37905,100.0,68.79894424099751,2.0550171249122178,0,15,2,500,100.0,100.0,0.0,0.0,0.0,0.0,0.0,0.0
454,35487,94.58,61.33851890115208,1.9906529085877287,0,21,2,500,89.17,100.0,0.0,0.0,0.0,0.0,0.0,0.0
455,37099,100.0,65.51915853441533,2.101343631163086,0,17,2,500,100.0,100.0,0.0,0.0,0.0,0.0,0.0,0.0
456,34681,100.0,69.85048795357976,2.108307209468759,0,23,2,500,100.0,100.0,0.0,0.0,0.0,0.0,0.0,0.0
457,33875,100.0,63.31830969850572,2.1215751142403687,0,25,2,500,100.0,100.0,0.0,0.0,0.0,0.0,0.0,0.0
458,36696,100.0,65.69142612360237,1.9507808610113293,0,18,2,500,100.0,100.0,0.0,0.0,0.0,0.0,0.0,0.0
459,36293,91.24,61.160919907073925,2.089811260420854,0,19,2,500,89.92,92.57,0.0,0.0,0.0,0.0,0.0,0.0
460,37905,100.0,59.94100652449722,2.1068532606695,0,15,2,500,100.0,100.0,0.0,0.0,0.0,0.0,0.0,0.0
461,34278,93.7,63.14974870675757,2.071781167543388,0,24,2,500,100.0,87.39,0.0,0.0,0.0,0.0,0.0,0.0
462,36696,100.0,63.33554622103832,1.9818234257124625,0,18,2,500,100.0,100.0,0.0,0.0,0.0,0.0,0.0,0.0
463,34278,100.0,64.09251136123439,2.014788315609,0,24,2,500,100.0,100.0,0.0,0.0,0.0,0.0,0.0,0.0
464,36696,100.0,58.02849351242683,2.067389442891641,0,18,2,500,100.0,100.0,0.0,0.0,0.0,0.0,0.0,0.0
465,34278,78.09,62.180418054459096,2.0702887883629844,0,24,2,500,80.73,75.45,0.0,0.0,0.0,0.0,0.0,0.0
466,34681,99.73,65.25423366175349,2.071550132411907,0,23,2,500,99.46,100.0,0.0,0.0,0.0,0.0,0.0,0.0
467,34681,100.0,65.67329751586902,2.0609659784170904,0,23,2,500,100.0,100.0,0.0,0.0,0.0,0.0,0.0,0.0
468,34681,81.47,60.29976043360665,1.999679376554616,0,23,2,500,79.38,83.56,0.0,0.0,0.0,0.0,0.0,0.0
469,36293,96.0,61.80044957381318,2.088416401252975,0,19,2,500,97.66,94.33,0.0,0.0,0.0,0.0,0.0,0.0
470,35084,100.0,67.2250193225835,2.069820823953472,0,22,2,500,100.0,100.0,0.0,0.0,0.0,0.0,0.0,0.0
471,37905,100.0,62.91465686663312,2.1961631906106693,0,15,2,500,100.0,100.0,0.0,0.0,0.0,0.0,0.0,0.0
472,35487,97.1,61.89732233461837,2.0839781619184925,0,21,2,500,100.0,94.21,0.0,0.0,0.0,0.0,0.0,0.0
473,34681,100.0,60.18971497042418,2.109428630912193,0,23,2,500,100.0,100.0,0.0,0.0,0.0,0.0,0.0,0.0
474,36696,100.0,65.18438288463123,2.0596369557110226,0,18,2,500,100.0,100.0,0.0,0.0,0.0,0.0,0.0,0.0
475,35890,100.0,57.07693497138207,2.0159120902286425,0,20,2,500,100.0,100.0,0.0,0.0,0.0,0.0,0.0,0.0
476,34681,100.0,62.7730163275291,2.0525151022462733,0,23,2,500,100.0,100.0,0.0,0.0,0.0,0.0,0.0,0.0
477,37905,98.58,61.99410000632899,2.097340246681004,0,15,2,500,100.0,97.16,0.0,0.0,0.0,0.0,0.0,0.0
478,35487,78.03,66.15924944850597,2.0947510106144387,0,21,2,500,74.88,81.17,0.0,0.0,0.0,0.0,0.0,0.0
479,33875,66.84,66.44495938092477,2.0381046066500144,0,25,2,500,62.99,70.69,0.0,0.0,0.0,0.0,0.0,0.0
480,36293,80.09,66.941581144638,2.036925930925952,0,19,2,500,78.25,81.93,0.0,0.0,0.0,0.0,0.0,0.0
481,37099,100.0,61.99302983797506,2.0369693514499665,0,17,2,500,100.0,100.0,0.0,0.0,0.0,0.0,0.0,0.0
482,37099,100.0,60.43578563548632,2.1454280637934,0,17,2,500,100.0,100.0,0.0,0.0,0.0,0.0,0.0,0.0
483,35487,100.0,62.59045922796045,2.0222449375098788,0,21,2,500,100.0,100.0,0.0,0.0,0.0,0.0,0.0,0.0
484,35487,100.0,66.43787166401455,2.168078567977016,0,21,2,500,100.0,100.0,0.0,0.0,0.0,0.0,0.0,0.0
485,35487,100.0,58.393415090961504,2.121129900318723,0,21,2,500,100.0,100.0,0.0,0.0,0.0,0.0,0.0,0.0
486,33875,100.0,64.74209432886033,2.060500884021085,0,25,2,500,100.0,100.0,0.0,0.0,0.0,0.0,0.0,0.0
487,35084,96.54,62.085326136894615,2.0827632998850043,0,22,2,500,93.08,100.0,0.0,0.0,0.0,0.0,0.0,0.0
488,36696,100.0,64.53289467235822,2.097857552030588,0,18,2,500,100.0,100.0,0.0,0.0,0.0,0.0,0.0,0.0
489,37502,100.0,70.9232553093317,2.077216006593484,0,16,2,500,100.0,100.0,0.0,0.0,0.0,0.0,0.0,0.0
490,36696,92.05,60.48162815007851,2.075307062548558,0,18,2,500,91.36,92.74,0.0,0.0,0.0,0.0,0.0,0.0
491,38308,99.64,63.76103783594816,2.048622903751096,0,14,2,500,99.28,100.0,0.0,0.0,0.0,0.0,0.0,0.0
492,38308,87.22,63.78890549127666,2.017082934217008,0,14,2,500,79.99,94.46,0.0,0.0,0.0,0.0,0.0,0.0
493,35487,98.1,59.177499607391205,2.045609799282171,0,21,2,500,100.0,96.21,0.0,0.0,0.0,0.0,0.0,0.0
494,38711,100.0,67.5565653086365,2.0931973033254923,0,13,2,500,100.0,100.0,0.0,0.0,0.0,0.0,0.0,0.0
495,39920,100.0,63.57549680163722,2.045057930073397,0,10,2,500,100.0,100.0,0.0,0.0,0.0,0.0,0.0,0.0
496,37099,100.0,64.81623284556687,2.01091618787774,0,17,2,500,100.0,100.0,0.0,0.0,0.0,0.0,0.0,0.0
497,34278,100.0,64.07694656203957,2.000396663870677,0,24,2,500,100.0,100.0,0.0,0.0,0.0,0.0,0.0,0.0
498,34681,98.58,58.51562524922623,2.060331716756661,0,23,2,500,100.0,97.15,0.0,0.0,0.0,0.0,0.0,0.0
499,35890,100.0,60.56981094044909,1.999301952307535,0,20,2,500,100.0,100.0,0.0,0.0,0.0,0.0,0.0,0.0
500,35487,99.9,64.15867189704036,2.0946312270430782,0,21,2,500,99.8,100.0,0.0,0.0,0.0,0.0,0.0,0.0
501,37099,78.22,60.32198251326719,1.9659327993583668,0,17,2,500,84.58,71.85,0.0,0.0,0.0,0.0,0.0,0.0
502,37099,97.61,67.02710854889395,2.048666178570077,0,17,2,500,95.22,100.0,0.0,0.0,0.0,0.0,0.0,0.0
503,34681,100.0,63.13780328103909,2.032265487740271,0,23,2,500,100.0,100.0,0.0,0.0,0.0,0.0,0.0,0.0
504,39114,100.0,64.35089747042147,2.0606024043834608,0,12,2,500,100.0,100.0,0.0,0.0,0.0,0.0,0.0,0.0
505,33875,100.0,65.20067605987045,2.130350568581761,0,25,2,500,100.0,100.0,0.0,0.0,0.0,0.0,0.0,0.0
506,35487,100.0,63.11616237468283,2.0501324587628047,0,21,2,500,100.0,100.0,0.0,0.0,0.0,0.0,0.0,0.0
507,38308,92.9,61.00773724250482,2.006413328464902,0,14,2,500,100.0,85.81,0.0,0.0,0.0,0.0,0.0,0.0
508,35084,100.0,62.00382179927343,2.084942298126414,0,22,2,500,100.0,100.0,0.0,0.0,0.0,0.0,0.0,0.0
509,35084,94.56,60.81531354078143,2.1083475643287803,0,22,2,500,94.77,94.35,0.0,0.0,0.0,0.0,0.0,0.0
510,37502,98.58,58.91494849063342,2.0413202532344945,0,16,2,500,100.0,97.15,0.0,0.0,0.0,0.0,0.0,0.0
511,35890,79.94,59.02079906626507,2.0503247604136408,0,20,2,500,75.61,84.28,0.0,0.0,0.0,0.0,0.0,0.0
512,37502,98.06,59.43626103976885,2.027465995969217,0,16,2,500,100.0,96.11,0.0,0.0,0.0,0.0,0.0,0.0
513,35084,99.6,59.91846568373964,2.0822960629253706,0,22,2,500,99.19,100.0,0.0,0.0,0.0,0.0,0.0,0.0
514,33875,93.16,65.00424280172346,2.011007479140091,0,25,2,500,100.0,86.32,0.0,0.0,0.0,0.0,0.0,0.0
515,34681,100.0,63.74585953804425,2.089010797856863,0,23,2,500,100.0,100.0,0.0,0.0,0.0,0.0,0.0,0.0
516,36293,100.0,61.25164039161101,2.0625390871841507,0,19,2,500,100.0,100.0,0.0,0.0,0.0,0.0,0.0,0.0
517,35487,100.0,62.90760352892988,2.0791544487212086,0,21,2,500,100.0,100.0,0.0,0.0,0.0,0.0,0.0,0.0
518,37099,98.08,67.77482614654228,2.090053110755098,0,17,2,500,100.0,96.15,0.0,0.0,0.0,0.0,0.0,0.0
519,36293,100.0,62.77868127331371,2.1110275109501337,0,19,2,500,100.0,100.0,0.0,0.0,0.0,0.0,0.0,0.0
520,35487,61.2,61.07112846014241,2.038133746160037,0,21,2,500,64.87,57.52,0.0,0.0,0.0,0.0,0.0,0.0
521,36696,88.53,63.41774797046545,2.0598201315590567,0,18,2,500,87.89,89.17,0.0,0.0,0.0,0.0,0.0,0.0
522,35487,98.17,65.6990456471675,2.018595329540452,0,21,2,500,96.34,100.0,0.0,0.0,0.0,0.0,0.0,0.0
523,35487,67.46,63.0375309770687,2.041898498437818,0,21,2,500,69.89,65.03,0.0,0.0,0.0,0.0,0.0,0.0
524,38711,100.0,64.92744043302135,2.0331591208896294,0,13,2,500,100.0,100.0,0.0,0.0,0.0,0.0,0.0,0.0
525,36293,99.0,64.16630013999416,1.9955803136468768,0,19,2,500,100.0,98.01,0.0,0.0,0.0,0.0,0.0,0.0
526,39114,99.0,62.91218165153551,2.086407215049717,0,12,2,500,100.0,98.01,0.0,0.0,0.0,0.0,0.0,0.0
527,36696,100.0,60.08207536250204,2.168959057572454,0,18,2,500,100.0,100.0,0.0,0.0,0.0,0.0,0.0,0.0
528,37502,100.0,58.04953160257512,1.955433559681271,0,16,2,500,100.0,100.0,0.0,0.0,0.0,0.0,0.0,0.0
529,33875,99.31,67.17069309039469,2.014342500310226,0,25,2,500,98.62,100.0,0.0,0.0,0.0,0.0,0.0,0.0
530,35487,75.28,56.88522284032325,2.090814300650085,0,21,2,500,74.53,76.02,0.0,0.0,0.0,0.0,0.0,0.0
531,34278,100.0,51.82334440556168,2.0552268305870114,0,24,2,500,100.0,100.0,0.0,0.0,0.0,0.0,0.0,0.0
532,35084,100.0,63.27722091231153,2.066975398685788,0,22,2,500,100.0,100.0,0.0,0.0,0.0,0.0,0.0,0.0
533,37099,100.0,64.5931924083426,2.0783921395843974,0,17,2,500,100.0,100.0,0.0,0.0,0.0,0.0,0.0,0.0
534,33875,90.06,62.125345709826455,2.040885347806829,0,25,2,500,90.57,89.54,0.0,0.0,0.0,0.0,0.0,0.0
535,37502,100.0,62.45180399496442,2.064714051383876,0,16,2,500,100.0,100.0,0.0,0.0,0.0,0.0,0.0,0.0
536,38711,100.0,61.95253701880203,2.119404211431557,0,13,2,500,100.0,100.0,0.0,0.0,0.0,0.0,0.0,0.0
537,37502,100.0,67.5404345783283,2.1107651846444133,0,16,2,500,100.0,100.0,0.0,0.0,0.0,0.0,0.0,0.0
538,34681,100.0,56.83093512626182,2.0028171065730658,0,23,2,500,100.0,100.0,0.0,0.0,0.0,0.0,0.0,0.0
539,36696,100.0,66.11874493885169,2.0638347978695246,0,18,2,500,100.0,100.0,0.0,0.0,0.0,0.0,0.0,0.0
540,36293,100.0,63.00615267227698,2.090866080689376,0,19,2,500,100.0,100.0,0.0,0.0,0.0,0.0,0.0,0.0
541,33875,82.88,64.723078982786,2.125098395267671,0,25,2,500,88.1,77.66,0.0,0.0,0.0,0.0,0.0,0.0
542,37905,95.34,60.026573296124766,2.0469261529196165,0,15,2,500,100.0,90.68,0.0,0.0,0.0,0.0,0.0,0.0
543,39114,97.6,60.3776621096438,2.0005538466638235,0,12,2,500,100.0,95.2,0.0,0.0,0.0,0.0,0.0,0.0
544,37502,100.0,60.362773233100526,2.1107937335795715,0,16,2,500,100.0,100.0,0.0,0.0,0.0,0.0,0.0,0.0
545,35890,100.0,62.67838382535641,2.106142441077316,0,20,2,500,100.0,100.0,0.0,0.0,0.0,0.0,0.0,0.0
546,38308,100.0,62.00153419787216,2.009003534245688,0,14,2,500,100.0,100.0,0.0,0.0,0.0,0.0,0.0,0.0
547,37099,96.04,64.33186446233299,2.0593298940417326,0,17,2,500,92.08,100.0,0.0,0.0,0.0,0.0,0.0,0.0
548,36293,46.92,72.65763466109112,2.025131302774766,0,19,2,500,48.91,44.94,0.0,0.0,0.0,0.0,0.0,0.0
549,39920,100.0,58.40315317110844,2.015863168272232,0,10,2,500,100.0,100.0,0.0,0.0,0.0,0.0,0.0,0.0
550,35890,98.77,66.29828218743978,2.003218137357297,0,20,2,500,97.54,100.0,0.0,0.0,0.0,0.0,0.0,0.0
551,37099,88.76,62.18629824153869,2.068901604978895,0,17,2,500,89.39,88.13,0.0,0.0,0.0,0.0,0.0,0.0
552,37905,100.0,60.694828664473214,2.0701304682168384,0,15,2,500,100.0,100.0,0.0,0.0,0.0,0.0,0.0,0.0
553,35084,93.08,59.99536272325706,2.0088540948625697,0,22,2,500,92.95,93.21,0.0,0.0,0.0,0.0,0.0,0.0
554,35890,99.94,64.95244447095271,2.122851929239788,0,20,2,500,99.88,100.0,0.0,0.0,0.0,0.0,0.0,0.0
555,36293,100.0,59.01865620690836,2.0181122845287165,0,19,2,500,100.0,100.0,0.0,0.0,0.0,0.0,0.0,0.0
556,38711,100.0,63.94386176600843,2.0647088776734104,0,13,2,500,100.0,100.0,0.0,0.0,0.0,0.0,0.0,0.0
557,38308,33.53,64.37516007818422,2.073731930991429,0,14,2,500,36.52,30.54,0.0,0.0,0.0,0.0,0.0,0.0
558,37099,100.0,67.5369441730868,2.037920162582717,0,17,2,500,100.0,100.0,0.0,0.0,0.0,0.0,0.0,0.0
559,38308,100.0,64.68283273071087,2.0191042919515234,0,14,2,500,100.0,100.0,0.0,0.0,0.0,0.0,0.0,0.0
560,36696,91.88,60.4999412646478,2.116150346920191,0,18,2,500,89.35,94.42,0.0,0.0,0.0,0.0,0.0,0.0
561,36293,100.0,61.0041231098874,2.1245953869717744,0,19,2,500,100.0,100.0,0.0,0.0,0.0,0.0,0.0,0.0
562,35890,70.84,56.55340960922692,2.031786633416073,0,20,2,500,70.06,71.63,0.0,0.0,0.0,0.0,0.0,0.0
563,36293,100.0,58.47684962936051,2.048840327301005,0,19,2,500,100.0,100.0,0.0,0.0,0.0,0.0,0.0,0.0
564,35890,100.0,64.69513414484167,2.15252362340142,0,20,2,500,100.0,100.0,0.0,0.0,0.0,0.0,0.0,0.0
565,36696,99.08,62.670033819071165,2.016513366928839,0,18,2,500,98.15,100.0,0.0,0.0,0.0,0.0,0.0,0.0
566,38711,80.11,61.73849364800618,2.1177194897094256,0,13,2,500,81.22,79.0,0.0,0.0,0.0,0.0,0.0,0.0
567,38308,60.8,60.25541569602255,2.001095515509883,0,14,2,500,55.13,66.47,0.0,0.0,0.0,0.0,0.0,0.0
568,33875,100.0,65.05671049169783,2.069775041110568,0,25,2,500,100.0,100.0,0.0,0.0,0.0,0.0,0.0,0.0
569,35084,100.0,59.03262759596622,2.015216072889789,0,22,2,500,100.0,100.0,0.0,0.0,0.0,0.0,0.0,0.0
570,36696,100.0,63.157544778628136,2.011812406728992,0,18,2,500,100.0,100.0,0.0,0.0,0.0,0.0,0.0,0.0
571,35084,100.0,61.38421327009237,2.049764549055666,0,22,2,500,100.0,100.0,0.0,0.0,0.0,0.0,0.0,0.0
572,34681,100.0,63.45109665375028,2.0241417291853114,0,23,2,500,100.0,100.0,0.0,0.0,0.0,0.0,0.0,0.0
573,37502,99.0,63.12929664385703,2.01369119823949,0,16,2,500,97.99,100.0,0.0,0.0,0.0,0.0,0.0,0.0
574,35084,100.0,60.42762583441644,1.9880659695831016,0,22,2,500,100.0,100.0,0.0,0.0,0.0,0.0,0.0,0.0
575,37905,98.76,59.1866582331846,2.078491048588785,0,15,2,500,100.0,97.53,0.0,0.0,0.0,0.0,0.0,0.0
576,35890,100.0,64.21590616713895,2.0545170156827246,0,20,2,500,100.0,100.0,0.0,0.0,0.0,0.0,0.0,0.0
577,35084,100.0,66.47960831396027,2.0415746195277675,0,22,2,500,100.0,100.0,0.0,0.0,0.0,0.0,0.0,0.0
578,35487,96.35,59.30131669881262,2.0412809123303592,0,21,2,500,95.69,97.01,0.0,0.0,0.0,0.0,0.0,0.0
579,37502,100.0,60.83450108155145,2.063731769141439,0,16,2,500,100.0,100.0,0.0,0.0,0.0,0.0,0.0,0.0
580,34278,100.0,54.68337916532268,1.9540995804918768,0,24,2,500,100.0,100.0,0.0,0.0,0.0,0.0,0.0,0.0
581,35487,78.55,66.13869612359674,2.0855286304008374,0,21,2,500,83.08,74.02,0.0,0.0,0.0,0.0,0.0,0.0
582,33875,100.0,62.41664601605594,2.0387490180324352,0,25,2,500,100.0,100.0,0.0,0.0,0.0,0.0,0.0,0.0
583,35890,82.9,65.20756864877853,2.0742946036649155,0,20,2,500,77.97,87.82,0.0,0.0,0.0,0.0,0.0,0.0
584,33875,100.0,65.99609707182975,2.0408547478559256,0,25,2,500,100.0,100.0,0.0,0.0,0.0,0.0,0.0,0.0
585,37099,100.0,63.49332314343048,2.0157850852713075,0,17,2,500,100.0,100.0,0.0,0.0,0.0,0.0,0.0,0.0
586,38308,80.45,60.23394371467124,1.998101095379368,0,14,2,500,76.92,83.98,0.0,0.0,0.0,0.0,0.0,0.0
587,37905,100.0,63.71096443285536,2.042546532932486,0,15,2,500,100.0,100.0,0.0,0.0,0.0,0.0,0.0,0.0
588,34681,63.84,57.52215757053491,2.045803310354176,0,23,2,500,64.95,62.72,0.0,0.0,0.0,0.0,0.0,0.0
589,37099,81.44,59.717543998561226,1.944171753976264,0,17,2,500,85.15,77.73,0.0,0.0,0.0,0.0,0.0,0.0
590,36696,59.77,61.22441785136994,2.129515003396921,0,18,2,500,56.26,63.28,0.0,0.0,0.0,0.0,0.0,0.0
591,37099,100.0,59.26073209399378,2.04112805809642,0,17,2,500,100.0,100.0,0.0,0.0,0.0,0.0,0.0,0.0
592,36293,100.0,64.30832935567263,2.041712604230576,0,19,2,500,100.0,100.0,0.0,0.0,0.0,0.0,0.0,0.0
593,35890,79.72,60.4550246403718,2.0200670593104566,0,20,2,500,82.9,76.54,0.0,0.0,0.0,0.0,0.0,0.0
594,35890,100.0,63.121042349731546,1.9877144092236223,0,20,2,500,100.0,100.0,0.0,0.0,0.0,0.0,0.0,0.0
595,36696,96.7,63.257927902968405,2.1487702152117665,0,18,2,500,93.39,100.0,0.0,0.0,0.0,0.0,0.0,0.0
596,38711,100.0,63.73784599685167,2.050360922911836,0,13,2,500,100.0,100.0,0.0,0.0,0.0,0.0,0.0,0.0
597,37099,100.0,70.07807308637601,2.058723076695978,0,17,2,500,100.0,100.0,0.0,0.0,0.0,0.0,0.0,0.0
598,36293,100.0,61.95051135430698,1.9944856009342768,0,19,2,500,100.0,100.0,0.0,0.0,0.0,0.0,0.0,0.0
599,38308,100.0,66.94352274639814,2.114017191215428,0,14,2,500,100.0,100.0,0.0,0.0,0.0,0.0,0.0,0.0
600,37099,100.0,64.84545461695049,1.9817815368069769,0,17,2,500,100.0,100.0,0.0,0.0,0.0,0.0,0.0,0.0
601,34681,100.0,69.307894252252,2.071386143182596,0,23,2,500,100.0,100.0,0.0,0.0,0.0,0.0,0.0,0.0
602,35084,100.0,66.82864446479905,2.1304820536127584,0,22,2,500,100.0,100.0,0.0,0.0,0.0,0.0,0.0,0.0
603,36696,75.82,59.65151414436446,2.1358769318295834,0,18,2,500,67.29,84.34,0.0,0.0,0.0,0.0,0.0,0.0
604,37502,94.62,60.614058879043895,2.072175805146592,0,16,2,500,100.0,89.23,0.0,0.0,0.0,0.0,0.0,0.0
605,35890,100.0,61.91899972973298,2.03665734934244,0,20,2,500,100.0,100.0,0.0,0.0,0.0,0.0,0.0,0.0
606,35487,87.57,62.18118383369356,2.0859444304124084,0,21,2,500,84.1,91.05,0.0,0.0,0.0,0.0,0.0,0.0
607,35890,100.0,63.32455723841829,2.089210591537372,0,20,2,500,100.0,100.0,0.0,0.0,0.0,0.0,0.0,0.0
608,39517,100.0,61.10091583983012,2.0375008283709555,0,11,2,500,100.0,100.0,0.0,0.0,0.0,0.0,0.0,0.0
609,33875,100.0,60.68617203114309,2.071195474734415,0,25,2,500,100.0,100.0,0.0,0.0,0.0,0.0,0.0,0.0
610,36293,100.0,64.20995849991456,2.0023799974829286,0,19,2,500,100.0,100.0,0.0,0.0,0.0,0.0,0.0,0.0
611,36696,100.0,62.40339772469381,2.081951860624369,0,18,2,500,100.0,100.0,0.0,0.0,0.0,0.0,0.0,0.0
612,37099,87.08,60.59284049875947,1.9802017408290395,0,17,2,500,95.43,78.74,0.0,0.0,0.0,0.0,0.0,0.0
613,37502,98.8,63.23073271280211,2.013351825465783,0,16,2,500,100.0,97.6,0.0,0.0,0.0,0.0,0.0,0.0
614,37905,98.46,60.801224093179776,2.05618405916603,0,15,2,500,100.0,96.93,0.0,0.0,0.0,0.0,0.0,0.0
615,37502,100.0,66.03797339068696,2.076934806158274,0,16,2,500,100.0,100.0,0.0,0.0,0.0,0.0,0.0,0.0
616,36293,94.62,62.18280145197299,2.076339510231308,0,19,2,500,93.34,95.91,0.0,0.0,0.0,0.0,0.0,0.0
617,35890,99.18,63.83729403893312,2.1050196142194504,0,20,2,500,100.0,98.35,0.0,0.0,0.0,0.0,0.0,0.0
618,38711,100.0,67.62495755443109,1.978898476390859,0,13,2,500,100.0,100.0,0.0,0.0,0.0,0.0,0.0,0.0
619,38711,100.0,65.21187166135044,2.140075838404225,0,13,2,500,100.0,100.0,0.0,0.0,0.0,0.0,0.0,0.0
620,35890,99.75,63.00914865068808,2.0774030185678,0,20,2,500,99.5,100.0,0.0,0.0,0.0,0.0,0.0,0.0
621,35890,73.13,61.44789042009832,2.0365592215647648,0,20,2,500,77.7,68.56,0.0,0.0,0.0,0.0,0.0,0.0
622,38711,100.0,63.16796546960798,2.043763670604056,0,13,2,500,100.0,100.0,0.0,0.0,0.0,0.0,0.0,0.0
623,34681,74.89,62.04741469700701,2.152068491050427,0,23,2,500,79.62,70.15,0.0,0.0,0.0,0.0,0.0,0.0
624,38711,100.0,58.954826061793895,2.026714362226043,0,13,2,500,100.0,100.0,0.0,0.0,0.0,0.0,0.0,0.0
625,35890,97.37,66.42850207513347,2.056011789036991,0,20,2,500,94.74,100.0,0.0,0.0,0.0,0.0,0.0,0.0
626,33875,100.0,64.63517085148207,2.089694944076168,0,25,2,500,100.0,100.0,0.0,0.0,0.0,0.0,0.0,0.0
627,36696,100.0,65.49699922795948,2.0434595701606213,0,18,2,500,100.0,100.0,0.0,0.0,0.0,0.0,0.0,0.0
628,34681,100.0,64.51951269260319,1.968669368624792,0,23,2,500,100.0,100.0,0.0,0.0,0.0,0.0,0.0,0.0
629,39517,100.0,62.91070225914987,1.976508428702469,0,11,2,500,100.0,100.0,0.0,0.0,0.0,0.0,0.0,0.0
630,34681,99.48,66.02165163421384,2.045766744610912,0,23,2,500,98.97,100.0,0.0,0.0,0.0,0.0,0.0,0.0
631,33875,73.08,63.96505180605948,2.10318239989957,0,25,2,500,82.98,63.17,0.0,0.0,0.0,0.0,0.0,0.0
632,36696,100.0,56.66891301294127,2.0695672172729576,0,18,2,500,100.0,100.0,0.0,0.0,0.0,0.0,0.0,0.0
633,36696,100.0,64.42389340015993,2.003560450339239,0,18,2,500,100.0,100.0,0.0,0.0,0.0,0.0,0.0,0.0
634,36696,100.0,60.2416076924133,1.976459805922255,0,18,2,500,100.0,100.0,0.0,0.0,0.0,0.0,0.0,0.0
635,36293,81.72,63.728232067666326,2.010119946559389,0,19,2,500,85.57,77.86,0.0,0.0,0.0,0.0,0.0,0.0
636,35487,98.26,59.54571657343186,2.073682013344524,0,21,2,500,99.4,97.11,0.0,0.0,0.0,0.0,0.0,0.0
637,35084,100.0,59.29914214635152,2.033888359790625,0,22,2,500,100.0,100.0,0.0,0.0,0.0,0.0,0.0,0.0
638,35890,100.0,64.33123772071114,2.08024392314942,0,20,2,500,100.0,100.0,0.0,0.0,0.0,0.0,0.0,0.0
639,36293,100.0,61.96484906044569,2.1129687486792457,0,19,2,500,100.0,100.0,0.0,0.0,0.0,0.0,0.0,0.0
640,36293,88.22,66.41344095578472,2.1254618729325285,0,19,2,500,98.11,78.34,0.0,0.0,0.0,0.0,0.0,0.0
641,35890,99.86,66.71895939615075,2.0590714069499745,0,20,2,500,100.0,99.72,0.0,0.0,0.0,0.0,0.0,0.0
642,36696,99.35,62.31613447140598,2.084308970873764,0,18,2,500,100.0,98.7,0.0,0.0,0.0,0.0,0.0,0.0
643,36293,100.0,60.804357100435126,1.9968536959663343,0,19,2,500,100.0,100.0,0.0,0.0,0.0,0.0,0.0,0.0
644,37099,89.62,66.33502168942582,1.9870352308643264,0,17,2,500,90.02,89.21,0.0,0.0,0.0,0.0,0.0,0.0
645,34278,100.0,57.35403487744816,2.043984369867066,0,24,2,500,100.0,100.0,0.0,0.0,0.0,0.0,0.0,0.0
646,34278,98.69,64.26210913151321,2.148785040178129,0,24,2,500,97.38,100.0,0.0,0.0,0.0,0.0,0.0,0.0
647,36696,100.0,67.39931955144924,2.1216204581119844,0,18,2,500,100.0,100.0,0.0,0.0,0.0,0.0,0.0,0.0
648,35890,100.0,62.00618772674171,2.0445245117080355,0,20,2,500,100.0,100.0,0.0,0.0,0.0,0.0,0.0,0.0
649,33875,100.0,64.98576400737153,2.062686346753737,0,25,2,500,100.0,100.0,0.0,0.0,0.0,0.0,0.0,0.0
650,38711,100.0,64.72293148167033,2.0973554657233726,0,13,2,500,100.0,100.0,0.0,0.0,0.0,0.0,0.0,0.0
651,34681,100.0,65.51086395649298,2.0627562867974296,0,23,2,500,100.0,100.0,0.0,0.0,0.0,0.0,0.0,0.0
652,37502,91.54,63.6620166854602,1.982057002865436,0,16,2,500,86.72,96.37,0.0,0.0,0.0,0.0,0.0,0.0
653,35487,100.0,60.76594366539436,1.9970623343494425,0,21,2,500,100.0,100.0,0.0,0.0,0.0,0.0,0.0,0.0
654,34681,97.52,69.235267857489,2.100983671357681,0,23,2,500,100.0,95.04,0.0,0.0,0.0,0.0,0.0,0.0
655,36293,66.19,62.793979856666255,2.048125525540861,0,19,2,500,72.32,60.07,0.0,0.0,0.0,0.0,0.0,0.0
656,35890,87.12,63.15855863918056,2.040245626076815,0,20,2,500,83.97,90.27,0.0,0.0,0.0,0.0,0.0,0.0
657,37502,86.08,59.74844076080979,2.0447644188552965,0,16,2,500,97.97,74.19,0.0,0.0,0.0,0.0,0.0,0.0
658,35084,100.0,62.64730252497466,2.0460652025889097,0,22,2,500,100.0,100.0,0.0,0.0,0.0,0.0,0.0,0.0
659,36293,95.54,65.20404589032306,1.9118787884546369,0,19,2,500,96.14,94.95,0.0,0.0,0.0,0.0,0.0,0.0
660,37502,100.0,56.183954205846426,1.9714064513073568,0,16,2,500,100.0,100.0,0.0,0.0,0.0,0.0,0.0,0.0
661,37099,100.0,63.03175297825979,2.041336552107458,0,17,2,500,100.0,100.0,0.0,0.0,0.0,0.0,0.0,0.0
662,39114,64.82,62.0028902316596,2.096194223660808,0,12,2,500,70.16,59.48,0.0,0.0,0.0,0.0,0.0,0.0
663,38711,100.0,61.58810352369692,2.112698267053764,0,13,2,500,100.0,100.0,0.0,0.0,0.0,0.0,0.0,0.0
664,37502,100.0,59.62935162495293,1.991927041737543,0,16,2,500,100.0,100.0,0.0,0.0,0.0,0.0,0.0,0.0
665,35890,100.0,64.07646241377896,1.960141760999392,0,20,2,500,100.0,100.0,0.0,0.0,0.0,0.0,0.0,0.0
666,35487,100.0,65.27207843352421,1.968355967945752,0,21,2,500,100.0,100.0,0.0,0.0,0.0,0.0,0.0,0.0
667,36696,100.0,63.77042860800419,1.9953477407443527,0,18,2,500,100.0,100.0,0.0,0.0,0.0,0.0,0.0,0.0
668,34681,100.0,63.597507607250975,2.164455623220955,0,23,2,500,100.0,100.0,0.0,0.0,0.0,0.0,0.0,0.0
669,37502,73.28,65.60972893645146,2.065587436479257,0,16,2,500,69.25,77.3,0.0,0.0,0.0,0.0,0.0,0.0
670,38711,100.0,66.02691349561029,2.082635948775183,0,13,2,500,100.0,100.0,0.0,0.0,0.0,0.0,0.0,0.0
671,35084,100.0,69.11081695414366,2.048499574419826,0,22,2,500,100.0,100.0,0.0,0.0,0.0,0.0,0.0,0.0
672,37099,100.0,63.100244638866094,2.095125256051682,0,17,2,500,100.0,100.0,0.0,0.0,0.0,0.0,0.0,0.0
673,37099,94.09,63.32355658937259,2.054891458737424,0,17,2,500,88.18,100.0,0.0,0.0,0.0,0.0,0.0,0.0
674,37905,100.0,63.29906243444412,1.9950243039125992,0,15,2,500,100.0,100.0,0.0,0.0,0.0,0.0,0.0,0.0
675,37502,90.8,68.31505630799242,2.069605163285204,0,16,2,500,89.26,92.35,0.0,0.0,0.0,0.0,0.0,0.0
676,35084,87.46,59.57358943525609,2.003949651303408,0,22,2,500,80.14,94.77,0.0,0.0,0.0,0.0,0.0,0.0
677,33875,80.97,58.35523410910366,2.040717437395575,0,25,2,500,71.63,90.32,0.0,0.0,0.0,0.0,0.0,0.0
678,35890,100.0,63.23759448197136,2.0715653991948053,0,20,2,500,100.0,100.0,0.0,0.0,0.0,0.0,0.0,0.0
679,37099,100.0,61.15937337017565,2.057051168072247,0,17,2,500,100.0,100.0,0.0,0.0,0.0,0.0,0.0,0.0
680,37502,100.0,66.70727987809217,1.9879201451983708,0,16,2,500,100.0,100.0,0.0,0.0,0.0,0.0,0.0,0.0
681,37099,100.0,65.8051649147979,2.0680899949468907,0,17,2,500,100.0,100.0,0.0,0.0,0.0,0.0,0.0,0.0
682,35487,100.0,63.18334249290543,1.9929696289555063,0,21,2,500,100.0,100.0,0.0,0.0,0.0,0.0,0.0,0.0
683,39114,100.0,60.71558764671987,2.011634057475621,0,12,2,500,100.0,100.0,0.0,0.0,0.0,0.0,0.0,0.0
684,36696,100.0,62.7976898184571,2.0530296754395017,0,18,2,500,100.0,100.0,0.0,0.0,0.0,0.0,0.0,0.0
685,35890,66.74,61.62721931071,2.107066789220233,0,20,2,500,60.88,72.59,0.0,0.0,0.0,0.0,0.0,0.0
686,36293,89.54,63.10506013829359,2.0005273419118925,0,19,2,500,91.87,87.22,0.0,0.0,0.0,0.0,0.0,0.0
687,35890,97.23,64.8398452189205,2.0362958417151136,0,20,2,500,94.46,100.0,0.0,0.0,0.0,0.0,0.0,0.0
688,35890,100.0,55.21794254673416,1.97726756805042,0,20,2,500,100.0,100.0,0.0,0.0,0.0,0.0,0.0,0.0
689,37099,100.0,66.19097036645196,2.025799493070118,0,17,2,500,100.0,100.0,0.0,0.0,0.0,0.0,0.0,0.0
690,34681,98.7,62.14960995951768,2.00577915149778,0,23,2,500,100.0,97.4,0.0,0.0,0.0,0.0,0.0,0.0
691,37502,100.0,64.34237813403323,2.087008001578796,0,16,2,500,100.0,100.0,0.0,0.0,0.0,0.0,0.0,0.0
692,35487,100.0,61.93824369327294,1.9658785659557685,0,21,2,500,100.0,100.0,0.0,0.0,0.0,0.0,0.0,0.0
693,38711,100.0,53.53852704576992,1.9980779764723933,0,13,2,500,100.0,100.0,0.0,0.0,0.0,0.0,0.0,0.0
694,33875,73.71,62.673210050338845,1.9653896419286063,0,25,2,500,70.98,76.44,0.0,0.0,0.0,0.0,0.0,0.0
695,37905,98.96,72.74741326021312,2.0694580354780223,0,15,2,500,100.0,97.93,0.0,0.0,0.0,0.0,0.0,0.0
696,35890,77.74,66.00706785499113,2.080559099604897,0,20,2,500,89.39,66.1,0.0,0.0,0.0,0.0,0.0,0.0
697,34278,100.0,59.61265742095173,2.034761085454792,0,24,2,500,100.0,100.0,0.0,0.0,0.0,0.0,0.0,0.0
698,37905,98.46,63.73588565638867,1.9690187412361424,0,15,2,500,100.0,96.93,0.0,0.0,0.0,0.0,0.0,0.0
699,37099,100.0,61.65702344224665,2.106622977151938,0,17,2,500,100.0,100.0,0.0,0.0,0.0,0.0,0.0,0.0
700,36293,99.88,60.06075864338224,2.02427512685816,0,19,2,500,100.0,99.76,0.0,0.0,0.0,0.0,0.0,0.0
701,37905,70.24,69.8190218648657,2.000510898724312,0,15,2,500,75.01,65.48,0.0,0.0,0.0,0.0,0.0,0.0
702,35890,98.94,59.080568555157306,2.09492634605894,0,20,2,500,100.0,97.88,0.0,0.0,0.0,0.0,0.0,0.0
703,37502,96.23,63.46588751374009,2.135366251577858,0,16,2,500,95.8,96.66,0.0,0.0,0.0,0.0,0.0,0.0
704,38711,90.58,63.65444478355317,1.9881082190901669,0,13,2,500,100.0,81.15,0.0,0.0,0.0,0.0,0.0,0.0
705,38711,92.14,60.900774691777805,1.987142782607645,0,13,2,500,92.6,91.68,0.0,0.0,0.0,0.0,0.0,0.0
706,34278,100.0,59.3963686606117,2.0967247680965544,0,24,2,500,100.0,100.0,0.0,0.0,0.0,0.0,0.0,0.0
707,36293,93.45,60.768131106696224,2.01667458157817,0,19,2,500,100.0,86.9,0.0,0.0,0.0,0.0,0.0,0.0
708,35084,100.0,65.14771110898525,1.994738688891852,0,22,2,500,100.0,100.0,0.0,0.0,0.0,0.0,0.0,0.0
709,39114,100.0,56.65414227259932,2.006912660422169,0,12,2,500,100.0,100.0,0.0,0.0,0.0,0.0,0.0,0.0
710,35487,98.9,59.584205204597616,2.018274664484803,0,21,2,500,100.0,97.79,0.0,0.0,0.0,0.0,0.0,0.0
711,36293,100.0,61.19709305292882,1.9909623126684872,0,19,2,500,100.0,100.0,0.0,0.0,0.0,0.0,0.0,0.0
712,37099,100.0,59.01538864225298,2.0549719181202124,0,17,2,500,100.0,100.0,0.0,0.0,0.0,0.0,0.0,0.0
713,36696,100.0,57.06464711095592,2.0824283923620155,0,18,2,500,100.0,100.0,0.0,0.0,0.0,0.0,0.0,0.0
714,34278,89.81,65.94075825272849,2.023660368422431,0,24,2,500,90.3,89.32,0.0,0.0,0.0,0.0,0.0,0.0
715,35487,98.82,61.357613441006414,1.997210991122363,0,21,2,500,98.35,99.29,0.0,0.0,0.0,0.0,0.0,0.0
716,34278,97.65,63.6092174382738,2.094956936585919,0,24,2,500,95.29,100.0,0.0,0.0,0.0,0.0,0.0,0.0
717,38308,99.6,70.0830543205621,2.048150855419992,0,14,2,500,99.19,100.0,0.0,0.0,0.0,0.0,0.0,0.0
718,34278,100.0,57.75394513190437,2.0323959717735587,0,24,2,500,100.0,100.0,0.0,0.0,0.0,0.0,0.0,0.0
719,38308,100.0,61.6844290687304,2.036535354405247,0,14,2,500,100.0,100.0,0.0,0.0,0.0,0.0,0.0,0.0
720,34681,99.42,65.71852313805537,2.030759860555748,0,23,2,500,100.0,98.85,0.0,0.0,0.0,0.0,0.0,0.0
721,34681,100.0,65.42405654802812,1.8898044269510688,0,23,2,500,100.0,100.0,0.0,0.0,0.0,0.0,0.0,0.0
722,37905,57.11,58.75816435446973,1.977394722760321,0,15,2,500,60.33,53.9,0.0,0.0,0.0,0.0,0.0,0.0
723,35487,100.0,61.60611083015894,2.0370089225065127,0,21,2,500,100.0,100.0,0.0,0.0,0.0,0.0,0.0,0.0
724,35084,100.0,60.99337671745061,2.0438317723853987,0,22,2,500,100.0,100.0,0.0,0.0,0.0,0.0,0.0,0.0
725,39114,94.31,69.6660454419836,2.0139281262529978,0,12,2,500,88.62,100.0,0.0,0.0,0.0,0.0,0.0,0.0
726,40323,99.58,65.20556800179189,1.954862656487809,0,9,2,500,100.0,99.16,0.0,0.0,0.0,0.0,0.0,0.0
727,36293,75.47,65.01983421269628,1.9578142129310767,0,19,2,500,66.98,83.97,0.0,0.0,0.0,0.0,0.0,0.0
728,38308,100.0,62.551780975533525,2.008053317601746,0,14,2,500,100.0,100.0,0.0,0.0,0.0,0.0,0.0,0.0
729,37099,94.16,67.67074246632504,2.0483480073465543,0,17,2,500,98.62,89.69,0.0,0.0,0.0,0.0,0.0,0.0
730,38308,100.0,57.54435894926209,1.97226629491463,0,14,2,500,100.0,100.0,0.0,0.0,0.0,0.0,0.0,0.0
731,35890,100.0,61.14642844146913,2.1212360584153416,0,20,2,500,100.0,100.0,0.0,0.0,0.0,0.0,0.0,0.0
732,36696,89.38,63.50486456047784,1.953239286570798,0,18,2,500,91.61,87.16,0.0,0.0,0.0,0.0,0.0,0.0
733,36696,100.0,65.2406349194708,1.9521685266173368,0,18,2,500,100.0,100.0,0.0,0.0,0.0,0.0,0.0,0.0
734,35084,80.62,64.04523853320819,2.030841375666053,0,22,2,500,82.33,78.91,0.0,0.0,0.0,0.0,0.0,0.0
735,37905,100.0,67.83563484282374,2.124416779430085,0,15,2,500,100.0,100.0,0.0,0.0,0.0,0.0,0.0,0.0
736,38308,100.0,64.25163508652783,1.976708595588084,0,14,2,500,100.0,100.0,0.0,0.0,0.0,0.0,0.0,0.0
737,36696,100.0,64.12069637569084,1.9925851595421973,0,18,2,500,100.0,100.0,0.0,0.0,0.0,0.0,0.0,0.0
738,37905,98.85,61.94284806473443,2.0645901288874,0,15,2,500,100.0,97.7,0.0,0.0,0.0,0.0,0.0,0.0
739,36293,100.0,63.085905988608175,2.087925628853415,0,19,2,500,100.0,100.0,0.0,0.0,0.0,0.0,0.0,0.0
740,37099,100.0,70.01751348653534,1.9385378651607752,0,17,2,500,100.0,100.0,0.0,0.0,0.0,0.0,0.0,0.0
741,37099,100.0,66.11860618142158,2.014414710375686,0,17,2,500,100.0,100.0,0.0,0.0,0.0,0.0,0.0,0.0
742,36293,100.0,66.62461100160272,1.9801524011285048,0,19,2,500,100.0,100.0,0.0,0.0,0.0,0.0,0.0,0.0
743,39517,100.0,60.26276954519787,1.9998963829787024,0,11,2,500,100.0,100.0,0.0,0.0,0.0,0.0,0.0,0.0
744,36293,100.0,64.32513027375704,2.0701406680849432,0,19,2,500,100.0,100.0,0.0,0.0,0.0,0.0,0.0,0.0
745,36696,99.04,64.77814073881314,2.059748744894891,0,18,2,500,98.07,100.0,0.0,0.0,0.0,0.0,0.0,0.0
746,35890,64.12,67.9673711031373,2.008658802026636,0,20,2,500,60.85,67.4,0.0,0.0,0.0,0.0,0.0,0.0
747,37099,100.0,64.77794723807621,2.0002959548818566,0,17,2,500,100.0,100.0,0.0,0.0,0.0,0.0,0.0,0.0
748,38308,100.0,63.91502960586739,2.0246236767906174,0,14,2,500,100.0,100.0,0.0,0.0,0.0,0.0,0.0,0.0
749,35890,100.0,65.1959548758343,1.9817229187019607,0,20,2,500,100.0,100.0,0.0,0.0,0.0,0.0,0.0,0.0
750,39920,100.0,61.69341413594725,2.0987833536556386,0,10,2,500,100.0,100.0,0.0,0.0,0.0,0.0,0.0,0.0
751,37099,100.0,66.15566334288314,2.067572004626709,0,17,2,500,100.0,100.0,0.0,0.0,0.0,0.0,0.0,0.0
752,39114,82.24,64.35607900278856,2.0387879817647683,0,12,2,500,82.0,82.48,0.0,0.0,0.0,0.0,0.0,0.0
753,38308,100.0,61.31948753182691,2.052432264231719,0,14,2,500,100.0,100.0,0.0,0.0,0.0,0.0,0.0,0.0
754,36293,99.83,56.579999332445226,2.0516759678818883,0,19,2,500,100.0,99.66,0.0,0.0,0.0,0.0,0.0,0.0
755,39517,100.0,67.12891399018557,2.03026209315081,0,11,2,500,100.0,100.0,0.0,0.0,0.0,0.0,0.0,0.0
756,36696,83.1,67.68448367972275,2.0425522403646084,0,18,2,500,81.45,84.76,0.0,0.0,0.0,0.0,0.0,0.0
757,35890,72.6,62.39777329357853,2.024817996867769,0,20,2,500,74.01,71.2,0.0,0.0,0.0,0.0,0.0,0.0
758,37905,75.96,59.36389293213261,2.0862572998267828,0,15,2,500,81.43,70.5,0.0,0.0,0.0,0.0,0.0,0.0
759,37502,100.0,65.76181190873037,2.067147526845748,0,16,2,500,100.0,100.0,0.0,0.0,0.0,0.0,0.0,0.0
760,37905,89.35,60.787679781109134,2.089189024224849,0,15,2,500,87.24,91.47,0.0,0.0,0.0,0.0,0.0,0.0
761,38711,99.49,62.35094822392985,2.01561784120784,0,13,2,500,98.98,100.0,0.0,0.0,0.0,0.0,0.0,0.0
762,37905,100.0,64.87893837494015,1.9495402745278765,0,15,2,500,100.0,100.0,0.0,0.0,0.0,0.0,0.0,0.0
763,37099,99.35,63.90304036379129,2.058453398780971,0,17,2,500,100.0,98.71,0.0,0.0,0.0,0.0,0.0,0.0
764,39517,100.0,67.45753479975279,2.0273216832169885,0,11,2,500,100.0,100.0,0.0,0.0,0.0,0.0,0.0,0.0
765,37905,100.0,62.41781938409482,2.040491082014764,0,15,2,500,100.0,100.0,0.0,0.0,0.0,0.0,0.0,0.0
766,39920,100.0,61.004495838689024,2.059255724771116,0,10,2,500,100.0,100.0,0.0,0.0,0.0,0.0,0.0,0.0
767,37099,89.06,62.966372577862224,1.9577489908857808,0,17,2,500,100.0,78.12,0.0,0.0,0.0,0.0,0.0,0.0
768,37905,100.0,68.0094552213363,2.0257109815240746,0,15,2,500,100.0,100.0,0.0,0.0,0.0,0.0,0.0,0.0
769,37502,100.0,60.55098278233174,2.002165135982052,0,16,2,500,100.0,100.0,0.0,0.0,0.0,0.0,0.0,0.0
770,36696,96.62,59.71169832887247,1.9266613935555832,0,18,2,500,100.0,93.24,0.0,0.0,0.0,0.0,0.0,0.0
771,39517,49.24,65.45284652098562,2.092248834450212,0,11,2,500,52.51,45.96,0.0,0.0,0.0,0.0,0.0,0.0
772,37502,81.16,65.6663732447218,2.028386387685447,0,16,2,500,80.59,81.74,0.0,0.0,0.0,0.0,0.0,0.0
773,39114,100.0,59.47732135461479,1.9969372081295795,0,12,2,500,100.0,100.0,0.0,0.0,0.0,0.0,0.0,0.0
774,37099,100.0,63.41581647170953,2.072302068818729,0,17,2,500,100.0,100.0,0.0,0.0,0.0,0.0,0.0,0.0
775,38711,100.0,63.04645131303884,1.9475883798586624,0,13,2,500,100.0,100.0,0.0,0.0,0.0,0.0,0.0,0.0
776,34278,64.74,58.629070634824735,2.000629016045896,0,24,2,500,66.43,63.05,0.0,0.0,0.0,0.0,0.0,0.0
777,37905,100.0,62.55059189905738,2.096435894817272,0,15,2,500,100.0,100.0,0.0,0.0,0.0,0.0,0.0,0.0
778,37502,76.89,62.17693637825603,1.958958325188735,0,16,2,500,77.9,75.87,0.0,0.0,0.0,0.0,0.0,0.0
779,37502,100.0,61.08670311555424,2.0093046671243555,0,16,2,500,100.0,100.0,0.0,0.0,0.0,0.0,0.0,0.0
780,40323,100.0,61.22825962342604,2.026623233232809,0,9,2,500,100.0,100.0,0.0,0.0,0.0,0.0,0.0,0.0
781,37502,100.0,64.54393953257888,2.054988726760342,0,16,2,500,100.0,100.0,0.0,0.0,0.0,0.0,0.0,0.0
782,36696,100.0,63.34391899656349,1.998583748996889,0,18,2,500,100.0,100.0,0.0,0.0,0.0,0.0,0.0,0.0
783,39517,100.0,67.03190255779329,2.092518155590834,0,11,2,500,100.0,100.0,0.0,0.0,0.0,0.0,0.0,0.0
784,36293,100.0,64.52549699420575,1.982500839796852,0,19,2,500,100.0,100.0,0.0,0.0,0.0,0.0,0.0,0.0
785,38308,85.98,63.270725412865126,1.9924761892821965,0,14,2,500,79.25,92.7,0.0,0.0,0.0,0.0,0.0,0.0
786,36696,86.86,55.4950347641741,2.0812360989780267,0,18,2,500,81.43,92.29,0.0,0.0,0.0,0.0,0.0,0.0
787,39920,100.0,61.05779599014706,1.9867275846146053,0,10,2,500,100.0,100.0,0.0,0.0,0.0,0.0,0.0,0.0
788,37502,98.56,67.66769864828979,2.017229955171453,0,16,2,500,97.11,100.0,0.0,0.0,0.0,0.0,0.0,0.0
789,37502,100.0,62.57312524793447,1.9510522995333868,0,16,2,500,100.0,100.0,0.0,0.0,0.0,0.0,0.0,0.0
790,36696,99.92,63.90968544259886,1.958574035801348,0,18,2,500,100.0,99.84,0.0,0.0,0.0,0.0,0.0,0.0
791,38711,75.89,65.367032293383,1.9200166261130107,0,13,2,500,72.62,79.16,0.0,0.0,0.0,0.0,0.0,0.0
792,39517,100.0,58.295726041494696,2.042492579637506,0,11,2,500,100.0,100.0,0.0,0.0,0.0,0.0,0.0,0.0
793,36293,100.0,64.82923189022185,2.0380978295817083,0,19,2,500,100.0,100.0,0.0,0.0,0.0,0.0,0.0,0.0
794,37905,99.6,63.91755949323259,2.077465598228481,0,15,2,500,99.19,100.0,0.0,0.0,0.0,0.0,0.0,0.0
795,40323,100.0,59.54244719964497,1.9775167749235576,0,9,2,500,100.0,100.0,0.0,0.0,0.0,0.0,0.0,0.0
796,37099,100.0,66.70001468189476,2.0624701965767644,0,17,2,500,100.0,100.0,0.0,0.0,0.0,0.0,0.0,0.0
797,36696,100.0,65.67361699755608,2.0900488991964727,0,18,2,500,100.0,100.0,0.0,0.0,0.0,0.0,0.0,0.0
798,36696,96.35,62.036135216622725,2.039067145113953,0,18,2,500,97.21,95.5,0.0,0.0,0.0,0.0,0.0,0.0
799,36696,100.0,60.750377564007465,2.0305679961663423,0,18,2,500,100.0,100.0,0.0,0.0,0.0,0.0,0.0,0.0
800,35084,100.0,62.54557733845407,2.0564068027572486,0,22,2,500,100.0,100.0,0.0,0.0,0.0,0.0,0.0,0.0
801,39920,100.0,67.01128258633366,1.973093216092066,0,10,2,500,100.0,100.0,0.0,0.0,0.0,0.0,0.0,0.0
802,35487,100.0,64.50839405136067,2.10989870700143,0,21,2,500,100.0,100.0,0.0,0.0,0.0,0.0,0.0,0.0
803,39920,88.21,64.51716212233997,1.959908742054063,0,10,2,500,78.66,97.76,0.0,0.0,0.0,0.0,0.0,0.0
804,39517,90.34,65.09562427177765,2.0055401481413297,0,11,2,500,88.93,91.74,0.0,0.0,0.0,0.0,0.0,0.0
805,37502,100.0,62.3076068464801,2.014162349407336,0,16,2,500,100.0,100.0,0.0,0.0,0.0,0.0,0.0,0.0
806,35890,100.0,65.87471541669335,2.088687196999562,0,20,2,500,100.0,100.0,0.0,0.0,0.0,0.0,0.0,0.0
807,35890,100.0,62.94518946333093,1.9555823642088048,0,20,2,500,100.0,100.0,0.0,0.0,0.0,0.0,0.0,0.0
808,36696,100.0,62.899175373561285,2.0937075222194403,0,18,2,500,100.0,100.0,0.0,0.0,0.0,0.0,0.0,0.0
809,38711,75.95,66.71778294032299,2.014509090277364,0,13,2,500,75.97,75.93,0.0,0.0,0.0,0.0,0.0,0.0
810,38308,94.95,65.0542889668308,1.963740233439547,0,14,2,500,89.9,100.0,0.0,0.0,0.0,0.0,0.0,0.0
811,35890,96.0,65.42179423259081,2.0827250233899632,0,20,2,500,91.99,100.0,0.0,0.0,0.0,0.0,0.0,0.0
812,36696,99.85,63.95059350677566,2.055867339909751,0,18,2,500,99.7,100.0,0.0,0.0,0.0,0.0,0.0,0.0
813,39114,86.82,61.065301016517125,2.103199365071944,0,12,2,500,92.01,81.63,0.0,0.0,0.0,0.0,0.0,0.0
814,38711,100.0,57.86634715162655,2.120533792349026,0,13,2,500,100.0,100.0,0.0,0.0,0.0,0.0,0.0,0.0
815,37502,97.74,68.48491621903383,1.9743488899018795,0,16,2,500,95.49,100.0,0.0,0.0,0.0,0.0,0.0,0.0
816,36293,95.59,59.56082395875893,1.9990210030331523,0,19,2,500,100.0,91.18,0.0,0.0,0.0,0.0,0.0,0.0
817,37502,100.0,61.67365578679797,2.0627148413425287,0,16,2,500,100.0,100.0,0.0,0.0,0.0,0.0,0.0,0.0
818,37502,59.99,62.63978512033479,2.088977440109658,0,16,2,500,56.45,63.53,0.0,0.0,0.0,0.0,0.0,0.0
819,38711,100.0,64.3023790530362,1.993599438572048,0,13,2,500,100.0,100.0,0.0,0.0,0.0,0.0,0.0,0.0
820,38308,99.61,62.51573536695195,2.011639131399536,0,14,2,500,100.0,99.22,0.0,0.0,0.0,0.0,0.0,0.0
821,36696,93.27,66.94552456368316,2.022943688759568,0,18,2,500,86.54,100.0,0.0,0.0,0.0,0.0,0.0,0.0
822,40726,83.54,65.58068937015138,2.002092985702886,0,8,2,500,86.8,80.29,0.0,0.0,0.0,0.0,0.0,0.0
823,36293,100.0,61.37781347675416,2.056104007712184,0,19,2,500,100.0,100.0,0.0,0.0,0.0,0.0,0.0,0.0
824,38308,100.0,61.59136410012877,1.9993920402496,0,14,2,500,100.0,100.0,0.0,0.0,0.0,0.0,0.0,0.0
825,39517,100.0,61.086541451811534,2.04190462130177,0,11,2,500,100.0,100.0,0.0,0.0,0.0,0.0,0.0,0.0
826,37099,54.31,65.61715852685633,2.1236573780810426,0,17,2,500,57.34,51.27,0.0,0.0,0.0,0.0,0.0,0.0
827,36696,98.27,64.47286022606663,2.0767238280671965,0,18,2,500,96.54,100.0,0.0,0.0,0.0,0.0,0.0,0.0
828,44239,100.0,65.44042148182487,1.956359578745213,2,7,2,500,100.0,100.0,0.0,0.0,0.0,0.0,0.0,0.0
829,37099,88.69,55.489681012372046,2.071960175117956,0,17,2,500,91.32,86.06,0.0,0.0,0.0,0.0,0.0,0.0
830,37905,95.84,60.57850109970061,1.97899933598887,0,15,2,500,98.29,93.39,0.0,0.0,0.0,0.0,0.0,0.0
831,38308,100.0,62.07649997755829,2.050758090613395,0,14,2,500,100.0,100.0,0.0,0.0,0.0,0.0,0.0,0.0
832,37905,93.82,64.60431423780103,2.026659039042089,0,15,2,500,100.0,87.65,0.0,0.0,0.0,0.0,0.0,0.0
833,37099,85.99,65.17016488790291,2.0492396332933867,0,17,2,500,83.66,88.32,0.0,0.0,0.0,0.0,0.0,0.0
834,36696,99.66,64.52847625730213,2.016242088037826,0,18,2,500,99.32,100.0,0.0,0.0,0.0,0.0,0.0,0.0
835,37905,100.0,60.727493952166405,1.93788103987243,0,15,2,500,100.0,100.0,0.0,0.0,0.0,0.0,0.0,0.0
836,38308,86.9,61.6986669868738,2.0355417012149983,0,14,2,500,87.02,86.79,0.0,0.0,0.0,0.0,0.0,0.0
837,38308,100.0,64.94444780410306,1.9921556432883585,0,14,2,500,100.0,100.0,0.0,0.0,0.0,0.0,0.0,0.0
838,39114,100.0,59.34402680888435,1.967942969880748,0,12,2,500,100.0,100.0,0.0,0.0,0.0,0.0,0.0,0.0
839,38711,100.0,63.31349959691675,2.0337089626157656,0,13,2,500,100.0,100.0,0.0,0.0,0.0,0.0,0.0,0.0
840,38308,100.0,62.59045206356689,2.026834303825697,0,14,2,500,100.0,100.0,0.0,0.0,0.0,0.0,0.0,0.0
841,36696,100.0,64.88421406020055,1.9887734086245568,0,18,2,500,100.0,100.0,0.0,0.0,0.0,0.0,0.0,0.0
842,38308,100.0,66.06907734550117,1.982062438487699,0,14,2,500,100.0,100.0,0.0,0.0,0.0,0.0,0.0,0.0
843,35487,64.28,62.48542431773895,2.0882565313851944,0,21,2,500,70.21,58.36,0.0,0.0,0.0,0.0,0.0,0.0
844,37502,97.22,60.45567217002069,2.001504012810808,0,16,2,500,100.0,94.43,0.0,0.0,0.0,0.0,0.0,0.0
845,37502,86.01,62.801090182253695,1.962943665072313,0,16,2,500,88.52,83.5,0.0,0.0,0.0,0.0,0.0,0.0
846,38711,82.0,67.02936781183512,1.9746136681128148,0,13,2,500,79.64,84.37,0.0,0.0,0.0,0.0,0.0,0.0
847,37502,100.0,64.84913394009882,2.0041839537370065,0,16,2,500,100.0,100.0,0.0,0.0,0.0,0.0,0.0,0.0
848,35084,79.96,61.299838869909856,1.945637413184753,0,22,2,500,81.91,78.01,0.0,0.0,0.0,0.0,0.0,0.0
849,35487,100.0,60.2479386915037,1.957274229568749,0,21,2,500,100.0,100.0,0.0,0.0,0.0,0.0,0.0,0.0
850,39114,100.0,64.85609885196882,1.9659431685792104,0,12,2,500,100.0,100.0,0.0,0.0,0.0,0.0,0.0,0.0
851,36696,66.67,65.57607049535743,1.992094027846873,0,18,2,500,70.9,62.43,0.0,0.0,0.0,0.0,0.0,0.0
852,38308,100.0,59.16179577854199,2.052236125232917,0,14,2,500,100.0,100.0,0.0,0.0,0.0,0.0,0.0,0.0
853,38711,100.0,65.37559463036793,1.944376418631132,0,13,2,500,100.0,100.0,0.0,0.0,0.0,0.0,0.0,0.0
854,37905,98.36,61.82753823995,2.0336294226568548,0,15,2,500,100.0,96.73,0.0,0.0,0.0,0.0,0.0,0.0
855,39517,94.35,60.6638709735292,1.9781723235089763,0,11,2,500,100.0,88.71,0.0,0.0,0.0,0.0,0.0,0.0
856,38308,100.0,57.623560357652586,1.9675229440253528,0,14,2,500,100.0,100.0,0.0,0.0,0.0,0.0,0.0,0.0
857,45146,100.0,63.9280530967144,2.019420370087569,4,8,2,500,100.0,100.0,0.0,0.0,0.0,0.0,0.0,0.0
858,38308,100.0,62.91646048064583,2.017014410205334,0,14,2,500,100.0,100.0,0.0,0.0,0.0,0.0,0.0,0.0
859,39114,100.0,66.39593710212019,2.0485636998674406,0,12,2,500,100.0,100.0,0.0,0.0,0.0,0.0,0.0,0.0
860,37905,98.72,62.4050824990409,2.009376796747136,0,15,2,500,100.0,97.45,0.0,0.0,0.0,0.0,0.0,0.0
861,35084,92.46,59.94113881374653,2.053179272643895,0,22,2,500,91.05,93.86,0.0,0.0,0.0,0.0,0.0,0.0
862,38308,87.94,70.80596822087725,1.998706724158332,0,14,2,500,89.52,86.36,0.0,0.0,0.0,0.0,0.0,0.0
863,37905,100.0,65.43313227699097,1.964418012316908,0,15,2,500,100.0,100.0,0.0,0.0,0.0,0.0,0.0,0.0
864,35487,97.97,61.4719427008731,1.974219460302379,0,21,2,500,95.94,100.0,0.0,0.0,0.0,0.0,0.0,0.0
865,39517,67.76,62.61620208651344,1.936232744266946,0,11,2,500,66.66,68.86,0.0,0.0,0.0,0.0,0.0,0.0
866,37099,100.0,67.72536395403482,2.0003697668864464,0,17,2,500,100.0,100.0,0.0,0.0,0.0,0.0,0.0,0.0
867,40726,100.0,65.65875475225221,1.9894713682566003,0,8,2,500,100.0,100.0,0.0,0.0,0.0,0.0,0.0,0.0
868,37905,96.52,64.62047195413304,2.108640261149749,0,15,2,500,93.03,100.0,0.0,0.0,0.0,0.0,0.0,0.0
869,37502,97.14,60.78102654457216,2.040629226522846,0,16,2,500,100.0,94.28,0.0,0.0,0.0,0.0,0.0,0.0
870,38308,98.6,61.53990824696307,1.9699221457452656,0,14,2,500,97.21,100.0,0.0,0.0,0.0,0.0,0.0,0.0
871,39114,100.0,62.90729314573077,1.9980669840267264,0,12,2,500,100.0,100.0,0.0,0.0,0.0,0.0,0.0,0.0
872,39517,100.0,68.04011010413537,1.9936993758483583,0,11,2,500,100.0,100.0,0.0,0.0,0.0,0.0,0.0,0.0
873,39114,100.0,68.47242656830385,2.0014882129955955,0,12,2,500,100.0,100.0,0.0,0.0,0.0,0.0,0.0,0.0
874,35890,100.0,66.44660579955882,1.9508377605718408,0,20,2,500,100.0,100.0,0.0,0.0,0.0,0.0,0.0,0.0
875,40323,99.32,65.83884963424327,1.975329718580592,0,9,2,500,100.0,98.64,0.0,0.0,0.0,0.0,0.0,0.0
876,39114,100.0,62.04968707114021,1.990149731054457,0,12,2,500,100.0,100.0,0.0,0.0,0.0,0.0,0.0,0.0
877,38711,100.0,62.640253419231655,2.0688492703654995,0,13,2,500,100.0,100.0,0.0,0.0,0.0,0.0,0.0,0.0
878,44642,100.0,65.13683997533944,1.9490417789710623,2,6,2,500,100.0,100.0,0.0,0.0,0.0,0.0,0.0,0.0
879,38308,100.0,66.64538999747234,1.944857711075174,0,14,2,500,100.0,100.0,0.0,0.0,0.0,0.0,0.0,0.0
880,37099,100.0,62.51163303553199,2.0828286754381407,0,17,2,500,100.0,100.0,0.0,0.0,0.0,0.0,0.0,0.0
881,37905,82.72,65.11489776766336,1.984518139620196,0,15,2,500,86.96,78.49,0.0,0.0,0.0,0.0,0.0,0.0
882,39920,100.0,66.35303263916404,2.068536358765597,0,10,2,500,100.0,100.0,0.0,0.0,0.0,0.0,0.0,0.0
883,37502,97.58,60.71983709604727,2.014520431162236,0,16,2,500,100.0,95.15,0.0,0.0,0.0,0.0,0.0,0.0
884,35890,100.0,62.323567225889896,1.95775976442957,0,20,2,500,100.0,100.0,0.0,0.0,0.0,0.0,0.0,0.0
885,36696,88.32,66.76042746138654,1.9602276497918305,0,18,2,500,90.22,86.41,0.0,0.0,0.0,0.0,0.0,0.0
886,36696,100.0,59.59331867000896,1.9441279576439872,0,18,2,500,100.0,100.0,0.0,0.0,0.0,0.0,0.0,0.0
887,37099,100.0,65.65209440536204,2.002202760676347,0,17,2,500,100.0,100.0,0.0,0.0,0.0,0.0,0.0,0.0
888,35890,100.0,62.15340437644145,1.900411782869932,0,20,2,500,100.0,100.0,0.0,0.0,0.0,0.0,0.0,0.0
889,35084,100.0,62.67175560858139,1.9948596021345688,0,22,2,500,100.0,100.0,0.0,0.0,0.0,0.0,0.0,0.0
890,37905,94.79,70.29450720074986,2.136301197003434,0,15,2,500,100.0,89.58,0.0,0.0,0.0,0.0,0.0,0.0
891,35487,100.0,60.95509730786524,2.015475764068545,0,21,2,500,100.0,100.0,0.0,0.0,0.0,0.0,0.0,0.0
892,35487,100.0,60.42435821604008,2.0323770651787734,0,21,2,500,100.0,100.0,0.0,0.0,0.0,0.0,0.0,0.0
893,33875,100.0,63.99570117628604,1.9767614596830712,0,25,2,500,100.0,100.0,0.0,0.0,0.0,0.0,0.0,0.0
894,39920,100.0,56.661542448838944,1.9704348121906097,0,10,2,500,100.0,100.0,0.0,0.0,0.0,0.0,0.0,0.0
895,36696,100.0,59.44061375236088,1.9629939484647057,0,18,2,500,100.0,100.0,0.0,0.0,0.0,0.0,0.0,0.0
896,37905,86.55,67.16140335158116,1.996580048076586,0,15,2,500,87.24,85.86,0.0,0.0,0.0,0.0,0.0,0.0
897,39920,100.0,65.7867876765704,2.083442523915161,0,10,2,500,100.0,100.0,0.0,0.0,0.0,0.0,0.0,0.0
898,38711,100.0,63.26198826834051,2.0032058057412976,0,13,2,500,100.0,100.0,0.0,0.0,0.0,0.0,0.0,0.0
899,37905,100.0,58.61026223572996,2.028852177171665,0,15,2,500,100.0,100.0,0.0,0.0,0.0,0.0,0.0,0.0
900,38308,100.0,65.89378085378479,2.076570797853226,0,14,2,500,100.0,100.0,0.0,0.0,0.0,0.0,0.0,0.0
901,39114,76.6,60.78232205208519,1.9378588885446688,0,12,2,500,73.29,79.9,0.0,0.0,0.0,0.0,0.0,0.0
902,39114,100.0,63.74640436389702,1.9501092868981105,0,12,2,500,100.0,100.0,0.0,0.0,0.0,0.0,0.0,0.0
903,39517,95.1,69.94634703441956,1.978279521023893,0,11,2,500,100.0,90.19,0.0,0.0,0.0,0.0,0.0,0.0
904,33875,100.0,58.54156093057755,2.0347475192951494,0,25,2,500,100.0,100.0,0.0,0.0,0.0,0.0,0.0,0.0
905,41418,94.84,62.16752306883152,1.996073029286318,2,14,2,500,89.69,100.0,0.0,0.0,0.0,0.0,0.0,0.0
906,38308,98.28,60.94193202812208,2.0417315395969977,0,14,2,500,100.0,96.56,0.0,0.0,0.0,0.0,0.0,0.0
907,37502,89.84,65.23152285836889,2.047825687160355,0,16,2,500,87.27,92.4,0.0,0.0,0.0,0.0,0.0,0.0
908,38711,82.99,61.941503972270894,1.99779883706384,0,13,2,500,92.91,73.07,0.0,0.0,0.0,0.0,0.0,0.0
909,39517,100.0,59.60746565800525,1.9698879469921813,0,11,2,500,100.0,100.0,0.0,0.0,0.0,0.0,0.0,0.0
910,39920,100.0,59.90484681293402,2.0632207184519222,0,10,2,500,100.0,100.0,0.0,0.0,0.0,0.0,0.0,0.0
911,38711,78.62,60.26712699293659,1.9929601608541696,0,13,2,500,74.87,82.38,0.0,0.0,0.0,0.0,0.0,0.0
912,37905,92.86,64.63679795835878,2.002846849362787,0,15,2,500,100.0,85.72,0.0,0.0,0.0,0.0,0.0,0.0
913,34278,100.0,61.9201725366909,1.9607183007788005,0,24,2,500,100.0,100.0,0.0,0.0,0.0,0.0,0.0,0.0
914,36293,100.0,57.75898696437978,2.0258622092804988,0,19,2,500,100.0,100.0,0.0,0.0,0.0,0.0,0.0,0.0
915,40323,99.9,65.71001132149136,1.945169347440989,0,9,2,500,100.0,99.81,0.0,0.0,0.0,0.0,0.0,0.0
916,37099,100.0,66.85547360411196,2.0242827105691936,0,17,2,500,100.0,100.0,0.0,0.0,0.0,0.0,0.0,0.0
917,39517,100.0,64.33747061287256,1.923366435283646,0,11,2,500,100.0,100.0,0.0,0.0,0.0,0.0,0.0,0.0
918,37905,98.64,65.4513252989269,2.0653170896740582,0,15,2,500,100.0,97.28,0.0,0.0,0.0,0.0,0.0,0.0
919,37905,100.0,65.82414473944642,2.1655485677563204,0,15,2,500,100.0,100.0,0.0,0.0,0.0,0.0,0.0,0.0
920,39114,100.0,63.01385502612116,1.966594416417235,0,12,2,500,100.0,100.0,0.0,0.0,0.0,0.0,0.0,0.0
921,39920,100.0,62.35986866844565,2.0388440164278,0,10,2,500,100.0,100.0,0.0,0.0,0.0,0.0,0.0,0.0
922,37099,100.0,66.58162852384433,1.935031470350728,0,17,2,500,100.0,100.0,0.0,0.0,0.0,0.0,0.0,0.0
923,35487,69.27,66.17167433187593,1.9132655297677583,0,21,2,500,68.65,69.89,0.0,0.0,0.0,0.0,0.0,0.0
924,35084,98.3,65.78522915963391,2.040753420162313,0,22,2,500,96.6,100.0,0.0,0.0,0.0,0.0,0.0,0.0
925,37099,85.46,66.12992732801436,2.005044001207313,0,17,2,500,82.48,88.43,0.0,0.0,0.0,0.0,0.0,0.0
926,38711,100.0,62.55365215878341,1.8965860115277744,0,13,2,500,100.0,100.0,0.0,0.0,0.0,0.0,0.0,0.0
927,38711,67.08,62.30869442357703,1.9484316550307248,0,13,2,500,65.03,69.12,0.0,0.0,0.0,0.0,0.0,0.0
928,39114,98.49,62.40938406936229,2.066364133916552,0,12,2,500,96.98,100.0,0.0,0.0,0.0,0.0,0.0,0.0
929,41129,95.88,67.07759180261485,2.008478209090488,0,7,2,500,100.0,91.77,0.0,0.0,0.0,0.0,0.0,0.0
930,37502,97.24,58.97743254845919,2.085944083131439,0,16,2,500,97.71,96.76,0.0,0.0,0.0,0.0,0.0,0.0
931,36696,62.22,65.42016460543572,2.085665949418238,0,18,2,500,54.29,70.16,0.0,0.0,0.0,0.0,0.0,0.0
932,37099,100.0,60.962299307094426,2.10855521161143,0,17,2,500,100.0,100.0,0.0,0.0,0.0,0.0,0.0,0.0
933,38308,100.0,61.71049545831343,2.0248941144049235,0,14,2,500,100.0,100.0,0.0,0.0,0.0,0.0,0.0,0.0
934,40323,100.0,64.62287775640942,2.0042655182241846,0,9,2,500,100.0,100.0,0.0,0.0,0.0,0.0,0.0,0.0
935,38711,100.0,59.39360865734413,2.0143484621374013,0,13,2,500,100.0,100.0,0.0,0.0,0.0,0.0,0.0,0.0
936,39920,74.35,68.45660368212627,2.002331733532048,0,10,2,500,77.21,71.49,0.0,0.0,0.0,0.0,0.0,0.0
937,36696,100.0,65.97909168936147,2.006921224282661,0,18,2,500,100.0,100.0,0.0,0.0,0.0,0.0,0.0,0.0
938,39517,89.14,60.27434840200226,2.055441556722464,0,11,2,500,94.41,83.86,0.0,0.0,0.0,0.0,0.0,0.0
939,37502,100.0,66.62317487719473,1.9533454349013208,0,16,2,500,100.0,100.0,0.0,0.0,0.0,0.0,0.0,0.0
940,33875,100.0,62.251625458559104,2.0576331815178768,0,25,2,500,100.0,100.0,0.0,0.0,0.0,0.0,0.0,0.0
941,39920,99.16,63.75907258168797,1.962859035171869,0,10,2,500,98.31,100.0,0.0,0.0,0.0,0.0,0.0,0.0
942,38711,100.0,63.15654477452401,1.987035871847644,0,13,2,500,100.0,100.0,0.0,0.0,0.0,0.0,0.0,0.0
943,38308,98.46,57.796977325886246,1.903255018625888,0,14,2,500,96.92,100.0,0.0,0.0,0.0,0.0,0.0,0.0
944,38711,100.0,62.41306840506649,1.991401892775634,0,13,2,500,100.0,100.0,0.0,0.0,0.0,0.0,0.0,0.0
945,36696,100.0,63.01826750235068,1.998649775594467,0,18,2,500,100.0,100.0,0.0,0.0,0.0,0.0,0.0,0.0
946,38711,97.2,68.50718171686349,2.0584634332417706,0,13,2,500,100.0,94.39,0.0,0.0,0.0,0.0,0.0,0.0
947,40726,100.0,68.21332590258946,1.9569073901754537,0,8,2,500,100.0,100.0,0.0,0.0,0.0,0.0,0.0,0.0
948,39114,100.0,65.3931372089464,2.025953628571993,0,12,2,500,100.0,100.0,0.0,0.0,0.0,0.0,0.0,0.0
949,41129,100.0,63.265830349781865,1.993718103166804,0,7,2,500,100.0,100.0,0.0,0.0,0.0,0.0,0.0,0.0
950,39114,100.0,60.84141748032812,2.039867076823264,0,12,2,500,100.0,100.0,0.0,0.0,0.0,0.0,0.0,0.0
951,38711,100.0,58.03915899341778,1.9038283468687187,0,13,2,500,100.0,100.0,0.0,0.0,0.0,0.0,0.0,0.0
952,37905,100.0,60.79174311710925,1.96492231680331,0,15,2,500,100.0,100.0,0.0,0.0,0.0,0.0,0.0,0.0
953,37502,100.0,64.44941101417545,2.0343622381525543,0,16,2,500,100.0,100.0,0.0,0.0,0.0,0.0,0.0,0.0
954,36696,100.0,57.34605254188817,1.9473672979946688,0,18,2,500,100.0,100.0,0.0,0.0,0.0,0.0,0.0,0.0
955,37502,100.0,59.031042389897614,1.949315489460264,0,16,2,500,100.0,100.0,0.0,0.0,0.0,0.0,0.0,0.0
956,39114,100.0,61.13827133293781,2.0662359135710657,0,12,2,500,100.0,100.0,0.0,0.0,0.0,0.0,0.0,0.0
957,37905,73.23,65.95433022428563,1.8892575880474864,0,15,2,500,66.26,80.2,0.0,0.0,0.0,0.0,0.0,0.0
958,39114,100.0,65.76466973002093,1.9397966528403696,0,12,2,500,100.0,100.0,0.0,0.0,0.0,0.0,0.0,0.0
959,38308,100.0,59.69982413818927,1.9310536792088413,0,14,2,500,100.0,100.0,0.0,0.0,0.0,0.0,0.0,0.0
960,40726,100.0,63.74972996874539,1.9728733743845703,0,8,2,500,100.0,100.0,0.0,0.0,0.0,0.0,0.0,0.0
961,40726,100.0,58.629465812488405,2.03509196507446,0,8,2,500,100.0,100.0,0.0,0.0,0.0,0.0,0.0,0.0
962,37099,100.0,69.0380093166336,1.9777565533739088,0,17,2,500,100.0,100.0,0.0,0.0,0.0,0.0,0.0,0.0
963,37502,100.0,64.43374677715049,1.9696867616620024,0,16,2,500,100.0,100.0,0.0,0.0,0.0,0.0,0.0,0.0
964,40323,100.0,65.41973500058404,1.8874364786278428,0,9,2,500,100.0,100.0,0.0,0.0,0.0,0.0,0.0,0.0
965,39517,96.44,64.69293803278387,2.029928845647292,0,11,2,500,98.75,94.12,0.0,0.0,0.0,0.0,0.0,0.0
966,39114,96.75,59.72319530001958,1.9070248440137043,0,12,2,500,93.5,100.0,0.0,0.0,0.0,0.0,0.0,0.0
967,38711,99.96,66.92859837151991,2.059117155362192,0,13,2,500,100.0,99.92,0.0,0.0,0.0,0.0,0.0,0.0
968,37099,95.82,64.31203019131024,2.008542442084208,0,17,2,500,91.65,100.0,0.0,0.0,0.0,0.0,0.0,0.0
969,37905,100.0,61.27232722072223,1.9048047192810795,0,15,2,500,100.0,100.0,0.0,0.0,0.0,0.0,0.0,0.0
970,37905,100.0,62.36492438859796,1.986812989990732,0,15,2,500,100.0,100.0,0.0,0.0,0.0,0.0,0.0,0.0
971,36696,100.0,67.44595222032443,1.964324616694454,0,18,2,500,100.0,100.0,0.0,0.0,0.0,0.0,0.0,0.0
972,39920,100.0,60.20027352489941,1.9078640380389744,0,10,2,500,100.0,100.0,0.0,0.0,0.0,0.0,0.0,0.0
973,36696,76.03,59.64565139069773,1.973520268217843,0,18,2,500,67.52,84.54,0.0,0.0,0.0,0.0,0.0,0.0
974,35084,89.09,60.50754738397709,1.9782593323969853,0,22,2,500,93.8,84.38,0.0,0.0,0.0,0.0,0.0,0.0
975,39114,100.0,61.98013347694863,1.994737470318968,0,12,2,500,100.0,100.0,0.0,0.0,0.0,0.0,0.0,0.0
976,37905,74.83,63.40708990432252,2.009381021160515,0,15,2,500,75.78,73.88,0.0,0.0,0.0,0.0,0.0,0.0
977,35890,100.0,66.43164776584672,1.990698191256712,0,20,2,500,100.0,100.0,0.0,0.0,0.0,0.0,0.0,0.0
978,39114,78.0,63.9685605551218,2.051114581152603,0,12,2,500,68.18,87.83,0.0,0.0,0.0,0.0,0.0,0.0
979,39114,100.0,70.12661713529653,2.031917169360585,0,12,2,500,100.0,100.0,0.0,0.0,0.0,0.0,0.0,0.0
980,39114,100.0,65.63669242818149,2.0484226466898585,0,12,2,500,100.0,100.0,0.0,0.0,0.0,0.0,0.0,0.0
981,38308,100.0,63.44250452446376,1.9684097323765413,0,14,2,500,100.0,100.0,0.0,0.0,0.0,0.0,0.0,0.0
982,37905,100.0,65.46606962188359,2.019916642475668,0,15,2,500,100.0,100.0,0.0,0.0,0.0,0.0,0.0,0.0
983,38711,100.0,64.80071571225297,1.9785602907400328,0,13,2,500,100.0,100.0,0.0,0.0,0.0,0.0,0.0,0.0
984,35487,100.0,66.29699162742126,1.9826416886851104,0,21,2,500,100.0,100.0,0.0,0.0,0.0,0.0,0.0,0.0
985,37502,99.38,61.96178731753388,2.0799383807349305,0,16,2,500,98.75,100.0,0.0,0.0,0.0,0.0,0.0,0.0
986,38308,82.24,66.02358583351948,1.9732587031549929,0,14,2,500,84.24,80.24,0.0,0.0,0.0,0.0,0.0,0.0
987,37502,83.94,61.13382412309403,2.031566345390238,0,16,2,500,84.51,83.36,0.0,0.0,0.0,0.0,0.0,0.0
988,37502,98.82,69.34399241096533,2.0275047817918,0,16,2,500,97.64,100.0,0.0,0.0,0.0,0.0,0.0,0.0
989,37502,100.0,63.38638590920066,2.011233725678064,0,16,2,500,100.0,100.0,0.0,0.0,0.0,0.0,0.0,0.0
990,43836,100.0,66.2888926106428,1.9417737660581864,2,8,2,500,100.0,100.0,0.0,0.0,0.0,0.0,0.0,0.0
991,39114,100.0,66.58731031502005,1.957902936143047,0,12,2,500,100.0,100.0,0.0,0.0,0.0,0.0,0.0,0.0
992,39114,100.0,64.27733065655997,1.94498214113144,0,12,2,500,100.0,100.0,0.0,0.0,0.0,0.0,0.0,0.0
993,41129,100.0,63.38641315920093,1.981546951736465,0,7,2,500,100.0,100.0,0.0,0.0,0.0,0.0,0.0,0.0
994,39517,89.32,64.1893702994895,1.910678697990425,0,11,2,500,91.01,87.62,0.0,0.0,0.0,0.0,0.0,0.0
995,39517,100.0,64.26982029188231,1.9361930647460373,0,11,2,500,100.0,100.0,0.0,0.0,0.0,0.0,0.0,0.0
996,37905,76.29,64.46113380096054,1.983175599936696,0,15,2,500,75.0,77.58,0.0,0.0,0.0,0.0,0.0,0.0
997,41129,96.19,61.66358278220176,2.036470386462399,0,7,2,500,92.38,100.0,0.0,0.0,0.0,0.0,0.0,0.0
998,39114,100.0,61.22680196340721,1.878745362120296,0,12,2,500,100.0,100.0,0.0,0.0,0.0,0.0,0.0,0.0
999,39114,100.0,66.73814824905259,1.9897800178720444,0,12,2,500,100.0,100.0,0.0,0.0,0.0,0.0,0.0,0.0
1000,38711,51.12,57.99560750525727,1.878239240298376,0,13,2,500,48.65,53.59,0.0,0.0,0.0,0.0,0.0,0.0
1001,39517,100.0,61.194771331042375,2.1903740315142053,0,11,2,500,100.0,100.0,0.0,0.0,0.0,0.0,0.0,0.0
1002,39517,100.0,64.20814397079074,1.9758281723109925,0,11,2,500,100.0,100.0,0.0,0.0,0.0,0.0,0.0,0.0
1003,36696,85.66,67.45019763809171,1.9212485792737024,0,18,2,500,74.31,97.02,0.0,0.0,0.0,0.0,0.0,0.0
1004,38308,100.0,62.66526453637845,1.926054770514302,0,14,2,500,100.0,100.0,0.0,0.0,0.0,0.0,0.0,0.0
1005,38711,100.0,61.6090194123113,2.0137768113045347,0,13,2,500,100.0,100.0,0.0,0.0,0.0,0.0,0.0,0.0
1006,40323,75.72,62.1421383233074,1.8989708326842585,0,9,2,500,66.94,84.49,0.0,0.0,0.0,0.0,0.0,0.0
1007,37502,98.36,65.20826415162334,2.014730221593505,0,16,2,500,100.0,96.72,0.0,0.0,0.0,0.0,0.0,0.0
1008,38308,96.08,59.9368440109686,1.9471910113975863,0,14,2,500,100.0,92.17,0.0,0.0,0.0,0.0,0.0,0.0
1009,39114,100.0,63.67286609058338,2.0227548129390294,0,12,2,500,100.0,100.0,0.0,0.0,0.0,0.0,0.0,0.0
1010,38711,71.39,58.757627838464025,1.9450977285951991,0,13,2,500,68.72,74.06,0.0,0.0,0.0,0.0,0.0,0.0
1011,37099,100.0,62.23422662104141,1.99100622227157,0,17,2,500,100.0,100.0,0.0,0.0,0.0,0.0,0.0,0.0
1012,38711,92.42,62.85983381813698,1.962672886888004,0,13,2,500,93.57,91.26,0.0,0.0,0.0,0.0,0.0,0.0
1013,37099,100.0,60.261064708764245,2.014143491312216,0,17,2,500,100.0,100.0,0.0,0.0,0.0,0.0,0.0,0.0
1014,35487,98.73,69.99388794493467,1.995161818790156,0,21,2,500,100.0,97.46,0.0,0.0,0.0,0.0,0.0,0.0
1015,39517,100.0,64.15812096000953,2.05454572922456,0,11,2,500,100.0,100.0,0.0,0.0,0.0,0.0,0.0,0.0
1016,38711,81.76,66.50408377573885,2.005561221770865,0,13,2,500,73.64,89.88,0.0,0.0,0.0,0.0,0.0,0.0
1017,40726,100.0,66.20124514447225,2.0211038578819225,0,8,2,500,100.0,100.0,0.0,0.0,0.0,0.0,0.0,0.0
1018,37099,97.0,61.436425344710656,2.01094300423754,0,17,2,500,100.0,94.0,0.0,0.0,0.0,0.0,0.0,0.0
1019,37502,100.0,60.931464428857744,1.9465086411735308,0,16,2,500,100.0,100.0,0.0,0.0,0.0,0.0,0.0,0.0
1020,40726,100.0,64.48231363210093,1.948295466591592,0,8,2,500,100.0,100.0,0.0,0.0,0.0,0.0,0.0,0.0
1021,39114,100.0,65.64267406468208,1.9693744449695607,0,12,2,500,100.0,100.0,0.0,0.0,0.0,0.0,0.0,0.0
1022,39517,80.31,69.9808481587255,2.107186720742951,0,11,2,500,86.02,74.59,0.0,0.0,0.0,0.0,0.0,0.0
1023,35487,94.6,58.82909071699545,1.9149871681185453,0,21,2,500,90.57,98.62,0.0,0.0,0.0,0.0,0.0,0.0
1024,35487,100.0,60.21799696328085,1.980524444664456,0,21,2,500,100.0,100.0,0.0,0.0,0.0,0.0,0.0,0.0
1025,39114,62.58,58.75109973088716,2.018249212323377,0,12,2,500,61.53,63.64,0.0,0.0,0.0,0.0,0.0,0.0
1026,38308,100.0,62.17481979827255,2.004844434653088,0,14,2,500,100.0,100.0,0.0,0.0,0.0,0.0,0.0,0.0
1027,40323,100.0,69.19797481564527,1.877749040354168,0,9,2,500,100.0,100.0,0.0,0.0,0.0,0.0,0.0,0.0
1028,37502,100.0,64.0664637035459,1.9279370250094336,0,16,2,500,100.0,100.0,0.0,0.0,0.0,0.0,0.0,0.0
1029,38711,100.0,65.61345341471879,1.886933293690815,0,13,2,500,100.0,100.0,0.0,0.0,0.0,0.0,0.0,0.0
1030,38711,100.0,63.1937008768046,1.9847420317600872,0,13,2,500,100.0,100.0,0.0,0.0,0.0,0.0,0.0,0.0
1031,39114,100.0,63.03675747897585,1.9912600509424256,0,12,2,500,100.0,100.0,0.0,0.0,0.0,0.0,0.0,0.0
1032,39114,87.0,57.9211121925584,1.9898743453496752,0,12,2,500,93.37,80.63,0.0,0.0,0.0,0.0,0.0,0.0
1033,43433,100.0,59.96375782892175,2.0581861573524654,2,9,2,500,100.0,100.0,0.0,0.0,0.0,0.0,0.0,0.0
1034,35487,100.0,67.42141026659145,2.03595007948628,0,21,2,500,100.0,100.0,0.0,0.0,0.0,0.0,0.0,0.0
1035,39114,100.0,58.700551751400766,1.9158453582760453,0,12,2,500,100.0,100.0,0.0,0.0,0.0,0.0,0.0,0.0
1036,40726,73.1,60.67628929122616,1.996930383217544,0,8,2,500,72.62,73.59,0.0,0.0,0.0,0.0,0.0,0.0
1037,39114,93.38,63.31876471371246,2.0107068472320275,0,12,2,500,88.96,97.81,0.0,0.0,0.0,0.0,0.0,0.0
1038,39114,78.46,65.85072047446192,1.9317098194202065,0,12,2,500,80.22,76.71,0.0,0.0,0.0,0.0,0.0,0.0
1039,36696,100.0,58.83883447477732,2.00847062660812,0,18,2,500,100.0,100.0,0.0,0.0,0.0,0.0,0.0,0.0
1040,36696,99.38,65.00843456606901,2.057677813048061,0,18,2,500,100.0,98.76,0.0,0.0,0.0,0.0,0.0,0.0
1041,39517,100.0,64.70839277329708,2.0340984063602057,0,11,2,500,100.0,100.0,0.0,0.0,0.0,0.0,0.0,0.0
1042,40323,99.26,66.28965761904956,2.053474422488209,0,9,2,500,100.0,98.53,0.0,0.0,0.0,0.0,0.0,0.0
1043,38711,100.0,58.75123889659688,2.004124734320944,0,13,2,500,100.0,100.0,0.0,0.0,0.0,0.0,0.0,0.0
1044,38711,99.28,57.93692426332635,1.923626004270145,0,13,2,500,98.57,100.0,0.0,0.0,0.0,0.0,0.0,0.0
1045,37502,84.26,67.15391083268514,1.911994378389507,0,16,2,500,88.83,79.69,0.0,0.0,0.0,0.0,0.0,0.0
1046,38711,94.3,64.40522036596423,1.9652533816757607,0,13,2,500,90.71,97.89,0.0,0.0,0.0,0.0,0.0,0.0
1047,44491,100.0,60.92487526905079,1.990254249499456,3,8,2,500,100.0,100.0,0.0,0.0,0.0,0.0,0.0,0.0
1048,38711,98.95,61.10348430737842,1.9926456310809884,0,13,2,500,98.64,99.26,0.0,0.0,0.0,0.0,0.0,0.0
1049,38308,100.0,65.84829750070331,2.0357739299871667,0,14,2,500,100.0,100.0,0.0,0.0,0.0,0.0,0.0,0.0
1050,39920,93.98,62.87803516673772,2.077620831289281,0,10,2,500,97.58,90.38,0.0,0.0,0.0,0.0,0.0,0.0
1051,38711,98.74,65.84919937379787,1.9626037854099985,0,13,2,500,97.49,100.0,0.0,0.0,0.0,0.0,0.0,0.0
1052,39114,71.56,68.03390512494693,2.049603953388889,0,12,2,500,67.52,75.6,0.0,0.0,0.0,0.0,0.0,0.0
1053,41129,97.6,66.76504490315716,1.9507743656200007,0,7,2,500,100.0,95.19,0.0,0.0,0.0,0.0,0.0,0.0
1054,38308,100.0,62.21825758923993,1.9937882781926408,0,14,2,500,100.0,100.0,0.0,0.0,0.0,0.0,0.0,0.0
1055,39114,98.65,62.05785817773515,1.9195347805470395,0,12,2,500,97.29,100.0,0.0,0.0,0.0,0.0,0.0,0.0
1056,42741,100.0,63.95027462851719,1.963716557543122,0,3,2,500,100.0,100.0,0.0,0.0,0.0,0.0,0.0,0.0
1057,43836,99.6,62.81129676459954,1.9708275497763208,2,8,2,500,100.0,99.2,0.0,0.0,0.0,0.0,0.0,0.0
1058,39114,100.0,63.80035699772909,2.014505260190796,0,12,2,500,100.0,100.0,0.0,0.0,0.0,0.0,0.0,0.0
1059,41972,99.5,63.20654115889806,2.002870963391346,1,11,2,500,99.01,100.0,0.0,0.0,0.0,0.0,0.0,0.0
1060,37905,100.0,67.92961130082385,1.9810079925086643,0,15,2,500,100.0,100.0,0.0,0.0,0.0,0.0,0.0,0.0
1061,39920,93.39,63.32588623113671,1.987307705749408,0,10,2,500,86.78,100.0,0.0,0.0,0.0,0.0,0.0,0.0
1062,37099,100.0,65.18275382535357,1.9508010143372427,0,17,2,500,100.0,100.0,0.0,0.0,0.0,0.0,0.0,0.0
1063,36696,100.0,65.02447383775433,2.013081011167161,0,18,2,500,100.0,100.0,0.0,0.0,0.0,0.0,0.0,0.0
1064,38308,90.1,69.10388057709983,2.0301036539560418,0,14,2,500,88.08,92.13,0.0,0.0,0.0,0.0,0.0,0.0
1065,42627,92.46,64.23583769335517,1.9943820707471696,2,11,2,500,95.26,89.67,0.0,0.0,0.0,0.0,0.0,0.0
1066,37905,92.68,63.25435772676298,2.019181323489686,0,15,2,500,100.0,85.37,0.0,0.0,0.0,0.0,0.0,0.0
1067,44642,99.09,61.484826786359626,1.9175116307135764,2,6,2,500,100.0,98.18,0.0,0.0,0.0,0.0,0.0,0.0
1068,39920,100.0,57.36723288122554,2.0150776183090247,0,10,2,500,100.0,100.0,0.0,0.0,0.0,0.0,0.0,0.0
1069,39517,100.0,62.78540492546582,1.9970321755067864,0,11,2,500,100.0,100.0,0.0,0.0,0.0,0.0,0.0,0.0
1070,39517,100.0,67.18207453143637,2.011207259106887,0,11,2,500,100.0,100.0,0.0,0.0,0.0,0.0,0.0,0.0
1071,39920,100.0,62.70749512273965,2.04558241561093,0,10,2,500,100.0,100.0,0.0,0.0,0.0,0.0,0.0,0.0
1072,35487,100.0,66.42190303373289,2.0060078219579496,0,21,2,500,100.0,100.0,0.0,0.0,0.0,0.0,0.0,0.0
1073,38711,100.0,67.11723005138329,1.9297500122748936,0,13,2,500,100.0,100.0,0.0,0.0,0.0,0.0,0.0,0.0
1074,40726,95.52,69.23545695139799,1.9707138685692207,0,8,2,500,91.04,100.0,0.0,0.0,0.0,0.0,0.0,0.0
1075,36293,100.0,60.02598292464581,1.8940711516465347,0,19,2,500,100.0,100.0,0.0,0.0,0.0,0.0,0.0,0.0
1076,39114,100.0,64.49041940461345,1.98996553273122,0,12,2,500,100.0,100.0,0.0,0.0,0.0,0.0,0.0,0.0
1077,39920,100.0,64.03803797469344,1.9549831355942864,0,10,2,500,100.0,100.0,0.0,0.0,0.0,0.0,0.0,0.0
1078,36696,100.0,66.12385869406715,1.9569846297882627,0,18,2,500,100.0,100.0,0.0,0.0,0.0,0.0,0.0,0.0
1079,37502,100.0,61.95270275460082,1.8943004643615675,0,16,2,500,100.0,100.0,0.0,0.0,0.0,0.0,0.0,0.0
1080,38711,100.0,65.60924324130924,1.9981346896680623,0,13,2,500,100.0,100.0,0.0,0.0,0.0,0.0,0.0,0.0
1081,41532,100.0,62.35751949895088,1.879049058271678,0,6,2,500,100.0,100.0,0.0,0.0,0.0,0.0,0.0,0.0
1082,37502,99.62,61.6953554718381,1.9934577373204043,0,16,2,500,99.23,100.0,0.0,0.0,0.0,0.0,0.0,0.0
1083,38308,100.0,64.71116710179169,2.0267295716539624,0,14,2,500,100.0,100.0,0.0,0.0,0.0,0.0,0.0,0.0
1084,39517,100.0,66.27545365809816,1.949052713558404,0,11,2,500,100.0,100.0,0.0,0.0,0.0,0.0,0.0,0.0
1085,39920,99.94,63.35934695476196,1.9607130133112265,0,10,2,500,99.88,100.0,0.0,0.0,0.0,0.0,0.0,0.0
1086,43584,100.0,61.499627779121525,2.081435152676886,1,7,2,500,100.0,100.0,0.0,0.0,0.0,0.0,0.0,0.0
1087,37905,76.27,66.88228072346048,1.8828312077490448,0,15,2,500,75.49,77.05,0.0,0.0,0.0,0.0,0.0,0.0
1088,39114,74.26,69.34717202717876,1.88693625383974,0,12,2,500,72.59,75.93,0.0,0.0,0.0,0.0,0.0,0.0
1089,38308,100.0,67.31231244465319,2.017526218434106,0,14,2,500,100.0,100.0,0.0,0.0,0.0,0.0,0.0,0.0
1090,39517,100.0,65.57388743656226,1.976736203168432,0,11,2,500,100.0,100.0,0.0,0.0,0.0,0.0,0.0,0.0
1091,36293,100.0,68.63029331406666,2.0181046126830178,0,19,2,500,100.0,100.0,0.0,0.0,0.0,0.0,0.0,0.0
1092,37502,87.47,64.89868416996724,2.045250393966453,0,16,2,500,82.34,92.6,0.0,0.0,0.0,0.0,0.0,0.0
1093,37099,85.88,59.171604570333,1.9113011618026576,0,17,2,500,94.54,77.21,0.0,0.0,0.0,0.0,0.0,0.0
1094,39114,97.35,64.28100025864468,1.9201344517807888,0,12,2,500,94.7,100.0,0.0,0.0,0.0,0.0,0.0,0.0
1095,39920,100.0,64.99445488653608,2.03304214757822,0,10,2,500,100.0,100.0,0.0,0.0,0.0,0.0,0.0,0.0
1096,38308,99.32,65.64081117493733,2.003168903892872,0,14,2,500,98.64,100.0,0.0,0.0,0.0,0.0,0.0,0.0
1097,37502,100.0,65.64824988742002,1.9555453513070056,0,16,2,500,100.0,100.0,0.0,0.0,0.0,0.0,0.0,0.0
1098,39920,100.0,63.08057627616056,1.988690830787005,0,10,2,500,100.0,100.0,0.0,0.0,0.0,0.0,0.0,0.0
1099,41129,100.0,62.09212819368522,1.9671545118811544,0,7,2,500,100.0,100.0,0.0,0.0,0.0,0.0,0.0,0.0
1100,41532,100.0,61.17398012134552,1.8776885463269783,0,6,2,500,100.0,100.0,0.0,0.0,0.0,0.0,0.0,0.0
1101,41532,99.38,61.67031411718972,1.9970424533154083,0,6,2,500,98.77,100.0,0.0,0.0,0.0,0.0,0.0,0.0
1102,38308,100.0,65.01319465855127,1.9626119561917068,0,14,2,500,100.0,100.0,0.0,0.0,0.0,0.0,0.0,0.0
1103,45851,100.0,63.14495524862284,1.9609632002684,2,3,2,500,100.0,100.0,0.0,0.0,0.0,0.0,0.0,0.0
1104,37905,92.0,70.95978584943231,1.989903593434176,0,15,2,500,84.01,100.0,0.0,0.0,0.0,0.0,0.0,0.0
1105,39114,100.0,62.56311162775141,1.968890122166741,0,12,2,500,100.0,100.0,0.0,0.0,0.0,0.0,0.0,0.0
1106,40323,100.0,65.48092711274539,2.018369653648417,0,9,2,500,100.0,100.0,0.0,0.0,0.0,0.0,0.0,0.0
1107,39517,94.32,62.8321471366175,1.9200010097768527,0,11,2,500,93.09,95.55,0.0,0.0,0.0,0.0,0.0,0.0
1108,40323,100.0,62.40276301734973,1.917973058805391,0,9,2,500,100.0,100.0,0.0,0.0,0.0,0.0,0.0,0.0
1109,38711,96.38,63.91112150219462,1.9678883391426687,0,13,2,500,100.0,92.76,0.0,0.0,0.0,0.0,0.0,0.0
1110,45146,92.82,68.12414300524061,1.913611912988652,4,8,2,500,85.64,100.0,0.0,0.0,0.0,0.0,0.0,0.0
1111,39114,100.0,61.64569395050157,1.9134076770870672,0,12,2,500,100.0,100.0,0.0,0.0,0.0,0.0,0.0,0.0
1112,42778,98.42,62.624501364458126,2.002012564679576,1,9,2,500,98.75,98.1,0.0,0.0,0.0,0.0,0.0,0.0
1113,38711,100.0,63.36790806116861,1.9593024119563367,0,13,2,500,100.0,100.0,0.0,0.0,0.0,0.0,0.0,0.0
1114,40323,99.78,65.0457852447555,1.9692815939466823,0,9,2,500,99.57,100.0,0.0,0.0,0.0,0.0,0.0,0.0
1115,39517,98.99,63.4470366117726,1.9462122983640304,0,11,2,500,97.98,100.0,0.0,0.0,0.0,0.0,0.0,0.0
1116,39920,100.0,63.15143454939333,1.92337714801631,0,10,2,500,100.0,100.0,0.0,0.0,0.0,0.0,0.0,0.0
1117,38308,100.0,63.73346922862853,1.950362399150044,0,14,2,500,100.0,100.0,0.0,0.0,0.0,0.0,0.0,0.0
1118,40726,99.73,58.7679264288856,1.9123738767049847,0,8,2,500,100.0,99.46,0.0,0.0,0.0,0.0,0.0,0.0
1119,41129,98.96,69.84570472066713,2.0251519958136965,0,7,2,500,99.68,98.24,0.0,0.0,0.0,0.0,0.0,0.0
1120,40323,95.35,62.40495730652556,1.975294740300382,0,9,2,500,90.7,100.0,0.0,0.0,0.0,0.0,0.0,0.0
1121,40323,100.0,63.413547891928815,1.9237418844997325,0,9,2,500,100.0,100.0,0.0,0.0,0.0,0.0,0.0,0.0
1122,39517,100.0,59.8679085726317,1.9608668674897405,0,11,2,500,100.0,100.0,0.0,0.0,0.0,0.0,0.0,0.0
1123,37905,100.0,58.16863326768534,2.0183335517381944,0,15,2,500,100.0,100.0,0.0,0.0,0.0,0.0,0.0,0.0
1124,39517,100.0,61.77682838578941,1.9936334486230405,0,11,2,500,100.0,100.0,0.0,0.0,0.0,0.0,0.0,0.0
1125,39517,92.53,62.366405538022605,1.8882150077670763,0,11,2,500,100.0,85.06,0.0,0.0,0.0,0.0,0.0,0.0
1126,39517,100.0,67.62355613630918,2.040471417483299,0,11,2,500,100.0,100.0,0.0,0.0,0.0,0.0,0.0,0.0
1127,39920,100.0,61.94414541853803,1.931907692964041,0,10,2,500,100.0,100.0,0.0,0.0,0.0,0.0,0.0,0.0
1128,39920,93.09,62.277097468755045,1.896158556569064,0,10,2,500,91.23,94.95,0.0,0.0,0.0,0.0,0.0,0.0
1129,42588,100.0,61.84133507514304,1.9501299341546567,0,4,2,500,100.0,100.0,0.0,0.0,0.0,0.0,0.0,0.0
1130,39114,98.75,67.44293347476537,1.946961747373593,0,12,2,500,100.0,97.5,0.0,0.0,0.0,0.0,0.0,0.0
1131,43282,100.0,67.48712445283145,2.020185470142148,3,11,2,500,100.0,100.0,0.0,0.0,0.0,0.0,0.0,0.0
1132,39114,94.22,63.57083225220232,1.9738355554537044,0,12,2,500,97.62,90.83,0.0,0.0,0.0,0.0,0.0,0.0
1133,39920,99.94,63.00190355801046,1.925514498609552,0,10,2,500,100.0,99.89,0.0,0.0,0.0,0.0,0.0,0.0
1134,39114,97.53,65.28834730279009,1.921659220756773,0,12,2,500,100.0,95.06,0.0,0.0,0.0,0.0,0.0,0.0
1135,39114,100.0,64.0204266369446,1.9600170492169693,0,12,2,500,100.0,100.0,0.0,0.0,0.0,0.0,0.0,0.0
1136,38711,100.0,62.60625104551833,1.970701474940579,0,13,2,500,100.0,100.0,0.0,0.0,0.0,0.0,0.0,0.0
1137,37099,98.9,62.47042468482127,1.966512553750161,0,17,2,500,100.0,97.79,0.0,0.0,0.0,0.0,0.0,0.0
1138,40726,100.0,63.32195008547917,1.9833451024222288,0,8,2,500,100.0,100.0,0.0,0.0,0.0,0.0,0.0,0.0
1139,38711,100.0,67.82831439995307,1.915472265589189,0,13,2,500,100.0,100.0,0.0,0.0,0.0,0.0,0.0,0.0
1140,37905,100.0,59.8747903532716,1.917861063549782,0,15,2,500,100.0,100.0,0.0,0.0,0.0,0.0,0.0,0.0
1141,37099,100.0,64.47539422437184,2.042017456152338,0,17,2,500,100.0,100.0,0.0,0.0,0.0,0.0,0.0,0.0
1142,37099,100.0,67.70917642171374,1.909118018087801,0,17,2,500,100.0,100.0,0.0,0.0,0.0,0.0,0.0,0.0
1143,39114,100.0,61.40266394028036,1.9837340674050632,0,12,2,500,100.0,100.0,0.0,0.0,0.0,0.0,0.0,0.0
1144,41129,99.96,65.36916497378081,1.9440677042380097,0,7,2,500,99.92,100.0,0.0,0.0,0.0,0.0,0.0,0.0
1145,38308,60.45,63.171018227263325,2.011410743556077,0,14,2,500,59.07,61.83,0.0,0.0,0.0,0.0,0.0,0.0
1146,36696,100.0,67.04501725313487,1.9163973775414471,0,18,2,500,100.0,100.0,0.0,0.0,0.0,0.0,0.0,0.0
1147,39114,74.44,64.71139521259045,1.9598742763132475,0,12,2,500,76.3,72.57,0.0,0.0,0.0,0.0,0.0,0.0
1148,39114,81.1,62.52621142431874,1.953981498789364,0,12,2,500,74.49,87.72,0.0,0.0,0.0,0.0,0.0,0.0
1149,43433,100.0,63.0786409811917,2.0416438738997016,2,9,2,500,100.0,100.0,0.0,0.0,0.0,0.0,0.0,0.0
1150,39114,96.74,59.89611606555855,1.983115944758008,0,12,2,500,100.0,93.47,0.0,0.0,0.0,0.0,0.0,0.0
1151,36696,100.0,61.57776185938732,2.000990785387955,0,18,2,500,100.0,100.0,0.0,0.0,0.0,0.0,0.0,0.0
1152,35487,100.0,69.31577222574062,1.8633997496988883,0,21,2,500,100.0,100.0,0.0,0.0,0.0,0.0,0.0,0.0
1153,39517,99.43,62.30831604994933,1.971772097915197,0,11,2,500,100.0,98.86,0.0,0.0,0.0,0.0,0.0,0.0
1154,39517,100.0,67.30176362862143,1.9478515282358777,0,11,2,500,100.0,100.0,0.0,0.0,0.0,0.0,0.0,0.0
1155,39920,67.78,69.21266407007766,1.90500445327218,0,10,2,500,72.93,62.62,0.0,0.0,0.0,0.0,0.0,0.0
1156,35890,100.0,65.16047280623968,1.924175053504719,0,20,2,500,100.0,100.0,0.0,0.0,0.0,0.0,0.0,0.0
1157,39114,95.52,62.23994813167453,1.9356415458572145,0,12,2,500,100.0,91.05,0.0,0.0,0.0,0.0,0.0,0.0
1158,40323,100.0,59.37443453856916,1.8635434381052696,0,9,2,500,100.0,100.0,0.0,0.0,0.0,0.0,0.0,0.0
1159,43433,100.0,69.3109543237395,1.927196395441008,2,9,2,500,100.0,100.0,0.0,0.0,0.0,0.0,0.0,0.0
1160,38308,100.0,64.5159411960714,1.9841141417840984,0,14,2,500,100.0,100.0,0.0,0.0,0.0,0.0,0.0,0.0
1161,38711,98.96,65.77564031807525,1.8679064181685352,0,13,2,500,97.93,100.0,0.0,0.0,0.0,0.0,0.0,0.0
1162,38711,100.0,63.7454637229815,2.0340748191587705,0,13,2,500,100.0,100.0,0.0,0.0,0.0,0.0,0.0,0.0
1163,36293,86.64,65.32257065104787,1.9184513973874049,0,19,2,500,79.35,93.92,0.0,0.0,0.0,0.0,0.0,0.0
1164,37905,100.0,61.92678961446186,1.969550758089012,0,15,2,500,100.0,100.0,0.0,0.0,0.0,0.0,0.0,0.0
1165,39114,100.0,65.50237686079652,1.9316233713826163,0,12,2,500,100.0,100.0,0.0,0.0,0.0,0.0,0.0,0.0
1166,39920,97.45,70.33163058604748,1.9584774622506047,0,10,2,500,100.0,94.9,0.0,0.0,0.0,0.0,0.0,0.0
1167,38711,99.52,64.35331912336109,1.9120585711671707,0,13,2,500,100.0,99.03,0.0,0.0,0.0,0.0,0.0,0.0
1168,37502,79.1,65.14766050545227,1.890010556991962,0,16,2,500,70.33,87.88,0.0,0.0,0.0,0.0,0.0,0.0
1169,39517,93.86,69.00364562657143,1.901157426812853,0,11,2,500,92.17,95.54,0.0,0.0,0.0,0.0,0.0,0.0
1170,39517,100.0,63.37541500463604,1.9468312800489465,0,11,2,500,100.0,100.0,0.0,0.0,0.0,0.0,0.0,0.0
1171,41129,100.0,68.61248314802869,1.9999743991298,0,7,2,500,100.0,100.0,0.0,0.0,0.0,0.0,0.0,0.0
1172,45549,91.96,65.9332489633511,2.095696232801669,4,7,2,500,88.43,95.5,0.0,0.0,0.0,0.0,0.0,0.0
1173,43181,86.34,71.06888567168605,1.9130597262588205,1,8,2,500,86.87,85.8,0.0,0.0,0.0,0.0,0.0,0.0
1174,39114,98.52,67.19348131541166,2.026153167960288,0,12,2,500,100.0,97.05,0.0,0.0,0.0,0.0,0.0,0.0
1175,39920,100.0,59.410977860743984,1.9692616201606528,0,10,2,500,100.0,100.0,0.0,0.0,0.0,0.0,0.0,0.0
1176,39114,100.0,61.86018485968528,1.892433240810249,0,12,2,500,100.0,100.0,0.0,0.0,0.0,0.0,0.0,0.0
1177,44642,100.0,62.39520346593832,1.9574327361367407,2,6,2,500,100.0,100.0,0.0,0.0,0.0,0.0,0.0,0.0
1178,37502,100.0,62.72844961153192,1.9713934610342745,0,16,2,500,100.0,100.0,0.0,0.0,0.0,0.0,0.0,0.0
1179,38308,100.0,60.67077797792744,2.0275544912004446,0,14,2,500,100.0,100.0,0.0,0.0,0.0,0.0,0.0,0.0
1180,37099,97.97,62.22735843183344,1.93295636048242,0,17,2,500,95.94,100.0,0.0,0.0,0.0,0.0,0.0,0.0
1181,39114,100.0,59.27980382082977,1.99211225663752,0,12,2,500,100.0,100.0,0.0,0.0,0.0,0.0,0.0,0.0
1182,38711,100.0,62.5003888695645,1.992279515598914,0,13,2,500,100.0,100.0,0.0,0.0,0.0,0.0,0.0,0.0
1183,42627,100.0,67.18263359846766,2.0298230444016947,2,11,2,500,100.0,100.0,0.0,0.0,0.0,0.0,0.0,0.0
1184,40726,100.0,59.96302425196396,1.947595911959933,0,8,2,500,100.0,100.0,0.0,0.0,0.0,0.0,0.0,0.0
1185,38308,100.0,64.3253764552098,1.8673118784528973,0,14,2,500,100.0,100.0,0.0,0.0,0.0,0.0,0.0,0.0
1186,41532,100.0,66.60484803260498,1.8975491055854945,0,6,2,500,100.0,100.0,0.0,0.0,0.0,0.0,0.0,0.0
1187,40323,100.0,68.45885549748529,1.907256805905699,0,9,2,500,100.0,100.0,0.0,0.0,0.0,0.0,0.0,0.0
1188,39114,100.0,64.27275194990011,2.024118777790875,0,12,2,500,100.0,100.0,0.0,0.0,0.0,0.0,0.0,0.0
1189,39114,100.0,62.53949921856783,1.9240010858754963,0,12,2,500,100.0,100.0,0.0,0.0,0.0,0.0,0.0,0.0
1190,37905,100.0,60.23364069778445,1.97633286071906,0,15,2,500,100.0,100.0,0.0,0.0,0.0,0.0,0.0,0.0
1191,39517,100.0,58.879260695753295,1.9151895129098384,0,11,2,500,100.0,100.0,0.0,0.0,0.0,0.0,0.0,0.0
1192,36696,100.0,64.54300070159414,1.9831174526859896,0,18,2,500,100.0,100.0,0.0,0.0,0.0,0.0,0.0,0.0
1193,39517,95.96,63.07540404760229,1.9473557572609672,0,11,2,500,91.92,100.0,0.0,0.0,0.0,0.0,0.0,0.0
1194,40726,100.0,67.22412574220836,1.883486099449132,0,8,2,500,100.0,100.0,0.0,0.0,0.0,0.0,0.0,0.0
1195,38711,67.54,62.907069377298704,2.030073986372369,0,13,2,500,68.3,66.77,0.0,0.0,0.0,0.0,0.0,0.0
1196,37502,100.0,65.48573749682926,1.906848189274981,0,16,2,500,100.0,100.0,0.0,0.0,0.0,0.0,0.0,0.0
1197,38711,98.68,62.097019542702526,1.979176030779657,0,13,2,500,100.0,97.37,0.0,0.0,0.0,0.0,0.0,0.0
1198,37502,98.42,65.55690803475132,1.9551578734359465,0,16,2,500,100.0,96.85,0.0,0.0,0.0,0.0,0.0,0.0
1199,39920,98.04,59.76702425242551,1.9141077378899192,0,10,2,500,100.0,96.08,0.0,0.0,0.0,0.0,0.0,0.0
1200,39920,100.0,65.32861401805073,1.9279053158604889,0,10,2,500,100.0,100.0,0.0,0.0,0.0,0.0,0.0,0.0
1201,38308,100.0,63.54347324623762,1.949807053837714,0,14,2,500,100.0,100.0,0.0,0.0,0.0,0.0,0.0,0.0
1202,38711,100.0,67.10378585387942,2.037520175995005,0,13,2,500,100.0,100.0,0.0,0.0,0.0,0.0,0.0,0.0
1203,39517,76.3,66.30611596692829,1.8770325700770527,0,11,2,500,78.95,73.64,0.0,0.0,0.0,0.0,0.0,0.0
1204,37502,48.9,67.24207954212082,2.0240180730834783,0,16,2,500,49.88,47.93,0.0,0.0,0.0,0.0,0.0,0.0
1205,39517,100.0,64.56316026350008,1.934673223761532,0,11,2,500,100.0,100.0,0.0,0.0,0.0,0.0,0.0,0.0
1206,37099,100.0,69.32677236429487,1.917576116392028,0,17,2,500,100.0,100.0,0.0,0.0,0.0,0.0,0.0,0.0
1207,37905,100.0,63.27614060644268,2.0224931478622032,0,15,2,500,100.0,100.0,0.0,0.0,0.0,0.0,0.0,0.0
1208,43433,98.56,62.47227856959671,1.9476133669204063,2,9,2,500,100.0,97.11,0.0,0.0,0.0,0.0,0.0,0.0
1209,39920,100.0,62.21129748453552,1.997264661580412,0,10,2,500,100.0,100.0,0.0,0.0,0.0,0.0,0.0,0.0
1210,41129,100.0,62.53744494703157,1.9565097203950508,0,7,2,500,100.0,100.0,0.0,0.0,0.0,0.0,0.0,0.0
1211,38308,100.0,66.43786346034777,1.9363855874589777,0,14,2,500,100.0,100.0,0.0,0.0,0.0,0.0,0.0,0.0
1212,39114,92.04,62.25641563452205,1.9633649206547907,0,12,2,500,87.4,96.67,0.0,0.0,0.0,0.0,0.0,0.0
1213,39920,100.0,61.07685169181801,1.9209428087774527,0,10,2,500,100.0,100.0,0.0,0.0,0.0,0.0,0.0,0.0
1214,43836,95.2,70.17266063997116,1.9286273123882889,2,8,2,500,100.0,90.39,0.0,0.0,0.0,0.0,0.0,0.0
1215,42778,100.0,60.81927433303831,1.9289528392036992,1,9,2,500,100.0,100.0,0.0,0.0,0.0,0.0,0.0,0.0
1216,43836,100.0,67.62591762131193,1.9325412175401924,2,8,2,500,100.0,100.0,0.0,0.0,0.0,0.0,0.0,0.0
1217,37099,100.0,60.39510557521841,1.8858103565039936,0,17,2,500,100.0,100.0,0.0,0.0,0.0,0.0,0.0,0.0
1218,46859,100.0,67.50262520956751,1.964321257726538,6,7,2,500,100.0,100.0,0.0,0.0,0.0,0.0,0.0,0.0
1219,37099,98.12,58.19958959265294,1.9665086575757524,0,17,2,500,100.0,96.24,0.0,0.0,0.0,0.0,0.0,0.0
1220,39920,75.6,59.51384763732212,1.9196953052745835,0,10,2,500,68.22,82.97,0.0,0.0,0.0,0.0,0.0,0.0
1221,39517,100.0,61.52134827649788,1.9261733955182831,0,11,2,500,100.0,100.0,0.0,0.0,0.0,0.0,0.0,0.0
1222,44239,100.0,58.961695338639466,1.950712725441489,2,7,2,500,100.0,100.0,0.0,0.0,0.0,0.0,0.0,0.0
1223,40726,100.0,62.97432498337875,1.9571263056622847,0,8,2,500,100.0,100.0,0.0,0.0,0.0,0.0,0.0,0.0
1224,38308,100.0,66.70368554894738,1.9770273676807808,0,14,2,500,100.0,100.0,0.0,0.0,0.0,0.0,0.0,0.0
1225,39920,100.0,63.59650493164078,1.97076398663689,0,10,2,500,100.0,100.0,0.0,0.0,0.0,0.0,0.0,0.0
1226,39920,72.89,59.66303091072009,1.8779807593468665,0,10,2,500,67.6,78.18,0.0,0.0,0.0,0.0,0.0,0.0
1227,40726,100.0,59.85106584995509,1.964776509361348,0,8,2,500,100.0,100.0,0.0,0.0,0.0,0.0,0.0,0.0
1228,37502,93.44,64.27544798363064,1.942787543263596,0,16,2,500,86.89,100.0,0.0,0.0,0.0,0.0,0.0,0.0
1229,39920,99.82,59.30991394500737,1.8782865979917185,0,10,2,500,100.0,99.65,0.0,0.0,0.0,0.0,0.0,0.0
1230,39114,100.0,64.27871027429309,1.844206165192645,0,12,2,500,100.0,100.0,0.0,0.0,0.0,0.0,0.0,0.0
1231,38308,100.0,60.033868405849205,1.9554149657196715,0,14,2,500,100.0,100.0,0.0,0.0,0.0,0.0,0.0,0.0
1232,45545,69.03,66.34632705684704,1.9109612495753825,2,5,2,500,65.81,72.24,0.0,0.0,0.0,0.0,0.0,0.0
1233,40323,99.54,71.93887708870321,1.934632103713657,0,9,2,500,100.0,99.09,0.0,0.0,0.0,0.0,0.0,0.0
1234,38711,100.0,57.597346992859336,1.9351612875149808,0,13,2,500,100.0,100.0,0.0,0.0,0.0,0.0,0.0,0.0
1235,43836,48.79,62.12859012342133,2.003926568436517,2,8,2,500,44.76,52.82,0.0,0.0,0.0,0.0,0.0,0.0
1236,41129,59.04,62.99976292301583,1.9132815260424227,0,7,2,500,64.62,53.47,0.0,0.0,0.0,0.0,0.0,0.0
1237,38308,100.0,60.715360491549546,1.895386337685615,0,14,2,500,100.0,100.0,0.0,0.0,0.0,0.0,0.0,0.0
1238,38711,96.87,61.94567274605642,1.957422111867809,0,13,2,500,100.0,93.74,0.0,0.0,0.0,0.0,0.0,0.0
1239,39517,94.38,58.95932355424781,1.9361189658660272,0,11,2,500,100.0,88.76,0.0,0.0,0.0,0.0,0.0,0.0
1240,43836,100.0,63.06400670280646,1.8664423135540489,2,8,2,500,100.0,100.0,0.0,0.0,0.0,0.0,0.0,0.0
1241,41129,100.0,66.20808376271381,2.037801440516026,0,7,2,500,100.0,100.0,0.0,0.0,0.0,0.0,0.0,0.0
1242,40323,89.76,60.14562302543917,1.9195298920598616,0,9,2,500,92.76,86.76,0.0,0.0,0.0,0.0,0.0,0.0
1243,39517,100.0,66.91009073948908,1.9630457916985284,0,11,2,500,100.0,100.0,0.0,0.0,0.0,0.0,0.0,0.0
1244,40323,100.0,61.80414902739973,1.9453807178740976,0,9,2,500,100.0,100.0,0.0,0.0,0.0,0.0,0.0,0.0
1245,43433,81.18,60.64046103010145,1.9853023349435004,2,9,2,500,76.71,85.64,0.0,0.0,0.0,0.0,0.0,0.0
1246,39114,59.38,64.42034963511026,1.97443684883534,0,12,2,500,53.69,65.08,0.0,0.0,0.0,0.0,0.0,0.0
1247,40323,74.09,59.89590951559673,1.9856046754969363,0,9,2,500,75.67,72.51,0.0,0.0,0.0,0.0,0.0,0.0
1248,40726,77.04,59.70616209084224,1.8663532804055312,0,8,2,500,79.27,74.82,0.0,0.0,0.0,0.0,0.0,0.0
1249,37502,100.0,61.85756788421768,1.8608605904222484,0,16,2,500,100.0,100.0,0.0,0.0,0.0,0.0,0.0,0.0
1250,39114,100.0,70.4356030591084,1.7905467613285873,0,12,2,500,100.0,100.0,0.0,0.0,0.0,0.0,0.0,0.0
1251,40323,100.0,64.46176833148682,1.9741408323955865,0,9,2,500,100.0,100.0,0.0,0.0,0.0,0.0,0.0,0.0
1252,41532,100.0,56.45340581935456,1.9237518619245888,0,6,2,500,100.0,100.0,0.0,0.0,0.0,0.0,0.0,0.0
1253,43584,100.0,68.04069366124091,1.9779330339702208,1,7,2,500,100.0,100.0,0.0,0.0,0.0,0.0,0.0,0.0
1254,37502,100.0,64.60988598050524,1.9947325690715336,0,16,2,500,100.0,100.0,0.0,0.0,0.0,0.0,0.0,0.0
1255,40323,100.0,65.90470954416942,2.0062650734625675,0,9,2,500,100.0,100.0,0.0,0.0,0.0,0.0,0.0,0.0
1256,39920,100.0,66.87643590403555,1.910803056400332,0,10,2,500,100.0,100.0,0.0,0.0,0.0,0.0,0.0,0.0
1257,40323,100.0,61.73163242460006,1.8800071609058115,0,9,2,500,100.0,100.0,0.0,0.0,0.0,0.0,0.0,0.0
1258,42627,100.0,59.20257730075539,1.9073889356650395,2,11,2,500,100.0,100.0,0.0,0.0,0.0,0.0,0.0,0.0
1259,39517,100.0,56.749645272290095,1.9329134663454604,0,11,2,500,100.0,100.0,0.0,0.0,0.0,0.0,0.0,0.0
1260,37502,100.0,60.67830551013447,1.9558542819055809,0,16,2,500,100.0,100.0,0.0,0.0,0.0,0.0,0.0,0.0
1261,45851,100.0,62.80832707049952,1.8082794302898155,2,3,2,500,100.0,100.0,0.0,0.0,0.0,0.0,0.0,0.0
1262,42741,100.0,61.686523315239626,1.9410044742978672,0,3,2,500,100.0,100.0,0.0,0.0,0.0,0.0,0.0,0.0
1263,45698,100.0,63.040897694766855,1.972283634631405,2,4,2,500,100.0,100.0,0.0,0.0,0.0,0.0,0.0,0.0
1264,46708,99.59,66.54497167640717,1.9129400187193049,7,9,2,500,100.0,99.18,0.0,0.0,0.0,0.0,0.0,0.0
1265,37905,88.76,67.13970875388002,1.921784803323334,0,15,2,500,81.35,96.16,0.0,0.0,0.0,0.0,0.0,0.0
1266,41532,98.52,64.16001533529327,1.8856410153625165,0,6,2,500,100.0,97.05,0.0,0.0,0.0,0.0,0.0,0.0
1267,37905,100.0,62.46772391036576,1.9657533603010813,0,15,2,500,100.0,100.0,0.0,0.0,0.0,0.0,0.0,0.0
1268,39517,100.0,63.343406666166,1.9574622583200283,0,11,2,500,100.0,100.0,0.0,0.0,0.0,0.0,0.0,0.0
1269,43030,89.1,63.93598002241835,1.9898194188042,2,10,2,500,78.26,99.93,0.0,0.0,0.0,0.0,0.0,0.0
1270,39920,75.04,61.77692286584124,1.925001200024664,0,10,2,500,68.95,81.12,0.0,0.0,0.0,0.0,0.0,0.0
1271,38711,99.69,67.30272653523315,1.8921886877593888,0,13,2,500,99.38,100.0,0.0,0.0,0.0,0.0,0.0,0.0
1272,36293,100.0,65.93119255010195,1.8976578434347413,0,19,2,500,100.0,100.0,0.0,0.0,0.0,0.0,0.0,0.0
1273,40726,98.92,66.32360040201219,1.936918733527336,0,8,2,500,100.0,97.84,0.0,0.0,0.0,0.0,0.0,0.0
1274,38711,100.0,67.40182341613561,1.990183197510868,0,13,2,500,100.0,100.0,0.0,0.0,0.0,0.0,0.0,0.0
1275,42627,83.91,63.26287214936029,1.9231527076648287,2,11,2,500,87.58,80.24,0.0,0.0,0.0,0.0,0.0,0.0
1276,40726,93.54,67.54447799613129,1.9158453863903788,0,8,2,500,87.07,100.0,0.0,0.0,0.0,0.0,0.0,0.0
1277,36293,100.0,62.98318574636974,1.8762524869105504,0,19,2,500,100.0,100.0,0.0,0.0,0.0,0.0,0.0,0.0
1278,37502,100.0,63.57514498344903,1.945425846943332,0,16,2,500,100.0,100.0,0.0,0.0,0.0,0.0,0.0,0.0
1279,43433,78.06,65.5780453132464,1.918264172571307,2,9,2,500,74.28,81.85,0.0,0.0,0.0,0.0,0.0,0.0
1280,38711,88.3,67.40063817906373,1.971152469802325,0,13,2,500,89.09,87.5,0.0,0.0,0.0,0.0,0.0,0.0
1281,45146,100.0,62.13013877505464,2.0485375584933223,4,8,2,500,100.0,100.0,0.0,0.0,0.0,0.0,0.0,0.0
1282,37905,81.68,67.9905619382906,1.9770103923005853,0,15,2,500,83.03,80.33,0.0,0.0,0.0,0.0,0.0,0.0
1283,40726,99.3,59.14515789998726,1.930135893484088,0,8,2,500,100.0,98.6,0.0,0.0,0.0,0.0,0.0,0.0
1284,38711,100.0,60.50763131199298,1.825051783494612,0,13,2,500,100.0,100.0,0.0,0.0,0.0,0.0,0.0,0.0
1285,38711,100.0,65.03769449513135,2.021639771496331,0,13,2,500,100.0,100.0,0.0,0.0,0.0,0.0,0.0,0.0
1286,39517,100.0,63.42636887929342,1.9264077356340408,0,11,2,500,100.0,100.0,0.0,0.0,0.0,0.0,0.0,0.0
1287,43030,100.0,65.16664619845099,1.919964458463748,2,10,2,500,100.0,100.0,0.0,0.0,0.0,0.0,0.0,0.0
1288,40726,99.94,63.61262205614764,1.880348899375752,0,8,2,500,100.0,99.89,0.0,0.0,0.0,0.0,0.0,0.0
1289,40323,100.0,61.60024993372866,1.9776534332115032,0,9,2,500,100.0,100.0,0.0,0.0,0.0,0.0,0.0,0.0
1290,38711,100.0,58.67486073811104,1.859047527748305,0,13,2,500,100.0,100.0,0.0,0.0,0.0,0.0,0.0,0.0
1291,39517,100.0,66.55168041521979,1.917894912323652,0,11,2,500,100.0,100.0,0.0,0.0,0.0,0.0,0.0,0.0
1292,39517,100.0,62.95165043887984,2.03020056818958,0,11,2,500,100.0,100.0,0.0,0.0,0.0,0.0,0.0,0.0
1293,39920,59.58,59.1954128196124,1.960296846446236,0,10,2,500,59.29,59.86,0.0,0.0,0.0,0.0,0.0,0.0
1294,42778,89.59,60.48077077764963,1.9629034874508864,1,9,2,500,100.0,79.18,0.0,0.0,0.0,0.0,0.0,0.0
1295,40323,98.45,63.7185624207071,1.9537826194101675,0,9,2,500,96.9,100.0,0.0,0.0,0.0,0.0,0.0,0.0
1296,40323,90.18,62.81087610310129,1.92467151115584,0,9,2,500,88.54,91.81,0.0,0.0,0.0,0.0,0.0,0.0
1297,40323,100.0,66.11048228216303,1.945156533765907,0,9,2,500,100.0,100.0,0.0,0.0,0.0,0.0,0.0,0.0
1298,42435,100.0,62.10819896596792,1.909648206243068,0,5,2,500,100.0,100.0,0.0,0.0,0.0,0.0,0.0,0.0
1299,43181,100.0,65.4526678881648,1.9261488604597905,1,8,2,500,100.0,100.0,0.0,0.0,0.0,0.0,0.0,0.0
1300,39920,100.0,64.8183388260283,1.9801614404231933,0,10,2,500,100.0,100.0,0.0,0.0,0.0,0.0,0.0,0.0
1301,44894,97.56,64.75965743428222,1.935063883705541,3,7,2,500,100.0,95.12,0.0,0.0,0.0,0.0,0.0,0.0
1302,37099,94.39,60.21969545380863,1.918743681025076,0,17,2,500,100.0,88.78,0.0,0.0,0.0,0.0,0.0,0.0
1303,37099,100.0,69.55342478928915,1.9813812577717145,0,17,2,500,100.0,100.0,0.0,0.0,0.0,0.0,0.0,0.0
1304,39920,100.0,66.08119853083227,1.906304115114688,0,10,2,500,100.0,100.0,0.0,0.0,0.0,0.0,0.0,0.0
1305,37099,76.59,62.99545202301963,1.991357118125983,0,17,2,500,80.86,72.32,0.0,0.0,0.0,0.0,0.0,0.0
1306,41129,95.42,61.481630866101405,1.895185840812304,0,7,2,500,99.57,91.27,0.0,0.0,0.0,0.0,0.0,0.0
1307,39114,100.0,60.17957840621827,1.946396070271008,0,12,2,500,100.0,100.0,0.0,0.0,0.0,0.0,0.0,0.0
1308,45549,96.46,66.18169912909902,1.8422703112021337,4,7,2,500,92.91,100.0,0.0,0.0,0.0,0.0,0.0,0.0
1309,38308,100.0,59.068979269084274,1.918433236331738,0,14,2,500,100.0,100.0,0.0,0.0,0.0,0.0,0.0,0.0
1310,39920,100.0,65.39860988918244,1.9738976435596152,0,10,2,500,100.0,100.0,0.0,0.0,0.0,0.0,0.0,0.0
1311,41129,94.91,65.076586830332,1.9570746014603413,0,7,2,500,89.82,100.0,0.0,0.0,0.0,0.0,0.0,0.0
1312,38711,99.96,68.96237114356968,1.9616602292421,0,13,2,500,100.0,99.92,0.0,0.0,0.0,0.0,0.0,0.0
1313,36696,77.1,61.6426917101935,2.0362410015286354,0,18,2,500,69.55,84.66,0.0,0.0,0.0,0.0,0.0,0.0
1314,43181,97.86,66.75617433970025,1.924200969208824,1,8,2,500,95.73,100.0,0.0,0.0,0.0,0.0,0.0,0.0
1315,40323,79.95,64.55618419006353,1.9274330961151085,0,9,2,500,81.12,78.78,0.0,0.0,0.0,0.0,0.0,0.0
1316,40323,100.0,65.26200652303079,1.9569622857476068,0,9,2,500,100.0,100.0,0.0,0.0,0.0,0.0,0.0,0.0
1317,38308,98.78,62.50790796493856,2.0172500576931114,0,14,2,500,100.0,97.55,0.0,0.0,0.0,0.0,0.0,0.0
1318,39920,100.0,65.74865221398726,1.8567704853164584,0,10,2,500,100.0,100.0,0.0,0.0,0.0,0.0,0.0,0.0
1319,44642,100.0,64.87117817310828,1.883725254067418,2,6,2,500,100.0,100.0,0.0,0.0,0.0,0.0,0.0,0.0
1320,41532,99.6,62.8758731755994,1.871513276595856,0,6,2,500,99.19,100.0,0.0,0.0,0.0,0.0,0.0,0.0
1321,39920,98.48,62.124070271247895,1.95697809166664,0,10,2,500,100.0,96.97,0.0,0.0,0.0,0.0,0.0,0.0
1322,39920,100.0,63.18433958393166,1.994261752519662,0,10,2,500,100.0,100.0,0.0,0.0,0.0,0.0,0.0,0.0
1323,43433,100.0,63.83102061239359,1.9791606377471955,2,9,2,500,100.0,100.0,0.0,0.0,0.0,0.0,0.0,0.0
1324,43836,92.0,59.17998654481934,1.8392636732106824,2,8,2,500,97.51,86.48,0.0,0.0,0.0,0.0,0.0,0.0
1325,40726,100.0,59.2157324019477,1.925653890002869,0,8,2,500,100.0,100.0,0.0,0.0,0.0,0.0,0.0,0.0
1326,44239,80.99,64.87912733634398,2.034108596635289,2,7,2,500,83.86,78.12,0.0,0.0,0.0,0.0,0.0,0.0
1327,43836,97.82,69.22859731786545,1.87968602782298,2,8,2,500,95.65,100.0,0.0,0.0,0.0,0.0,0.0,0.0
1328,43433,100.0,65.28890699124622,1.9354119633226283,2,9,2,500,100.0,100.0,0.0,0.0,0.0,0.0,0.0,0.0
1329,39920,100.0,66.47759222149293,1.895348523776901,0,10,2,500,100.0,100.0,0.0,0.0,0.0,0.0,0.0,0.0
1330,44239,98.16,65.68079535875471,1.9187940159096013,2,7,2,500,100.0,96.33,0.0,0.0,0.0,0.0,0.0,0.0
1331,39114,100.0,69.59230195819427,1.7877942776555558,0,12,2,500,100.0,100.0,0.0,0.0,0.0,0.0,0.0,0.0
1332,38308,63.08,64.26537312552782,1.9047447977816552,0,14,2,500,60.97,65.18,0.0,0.0,0.0,0.0,0.0,0.0
1333,38711,99.96,62.63102277261835,1.9021006298573924,0,13,2,500,99.92,100.0,0.0,0.0,0.0,0.0,0.0,0.0
1334,46200,100.0,66.77090595214338,1.9544937951081376,3,5,2,500,100.0,100.0,0.0,0.0,0.0,0.0,0.0,0.0
1335,41129,97.51,65.93874803234533,2.0672062127146984,0,7,2,500,95.02,100.0,0.0,0.0,0.0,0.0,0.0,0.0
1336,41532,96.8,66.22546639837896,1.8980147720407523,0,6,2,500,100.0,93.59,0.0,0.0,0.0,0.0,0.0,0.0
1337,40726,99.64,66.2637634877998,1.9279761665374973,0,8,2,500,100.0,99.28,0.0,0.0,0.0,0.0,0.0,0.0
1338,41532,100.0,66.04957785250006,1.9272412435312265,0,6,2,500,100.0,100.0,0.0,0.0,0.0,0.0,0.0,0.0
1339,41129,99.6,62.71829362594142,1.934582256750171,0,7,2,500,99.2,100.0,0.0,0.0,0.0,0.0,0.0,0.0
1340,37099,93.57,62.64644911591162,1.958072976883744,0,17,2,500,100.0,87.14,0.0,0.0,0.0,0.0,0.0,0.0
1341,45545,100.0,64.81447168258485,1.8469393055058945,2,5,2,500,100.0,100.0,0.0,0.0,0.0,0.0,0.0,0.0
1342,42627,97.21,66.44680736099244,1.871740916973392,2,11,2,500,98.02,96.4,0.0,0.0,0.0,0.0,0.0,0.0
1343,45545,100.0,60.31206146385965,1.861914943437034,2,5,2,500,100.0,100.0,0.0,0.0,0.0,0.0,0.0,0.0
1344,38711,86.54,56.43943976598947,1.985496361810753,0,13,2,500,81.86,91.21,0.0,0.0,0.0,0.0,0.0,0.0
1345,41129,100.0,66.01676676655623,1.919763254405192,0,7,2,500,100.0,100.0,0.0,0.0,0.0,0.0,0.0,0.0
1346,43685,100.0,62.96184500423935,1.931394425863849,3,10,2,500,100.0,100.0,0.0,0.0,0.0,0.0,0.0,0.0
1347,43433,97.19,60.11022345988089,1.949379812860577,2,9,2,500,100.0,94.38,0.0,0.0,0.0,0.0,0.0,0.0
1348,39517,89.84,64.70921657318743,1.901924918647324,0,11,2,500,84.58,95.11,0.0,0.0,0.0,0.0,0.0,0.0
1349,39920,100.0,61.92554560312148,1.8892537776939609,0,10,2,500,100.0,100.0,0.0,0.0,0.0,0.0,0.0,0.0
1350,38308,100.0,67.66656672215892,2.0196880370942503,0,14,2,500,100.0,100.0,0.0,0.0,0.0,0.0,0.0,0.0
1351,39920,99.78,66.17404279713749,1.8900515324556344,0,10,2,500,100.0,99.55,0.0,0.0,0.0,0.0,0.0,0.0
1352,38711,100.0,68.40054951375318,1.9494987059792035,0,13,2,500,100.0,100.0,0.0,0.0,0.0,0.0,0.0,0.0
1353,39920,100.0,68.04781516376629,1.916699202526978,0,10,2,500,100.0,100.0,0.0,0.0,0.0,0.0,0.0,0.0
1354,46855,99.16,65.30513556657614,1.9051042195556152,4,5,2,500,98.33,100.0,0.0,0.0,0.0,0.0,0.0,0.0
1355,40323,100.0,65.00959985675514,1.840570603705288,0,9,2,500,100.0,100.0,0.0,0.0,0.0,0.0,0.0,0.0
1356,39920,69.96,63.00500390269131,1.8995132976651472,0,10,2,500,67.69,72.22,0.0,0.0,0.0,0.0,0.0,0.0
1357,39517,100.0,66.9207276257066,1.9012174779941675,0,11,2,500,100.0,100.0,0.0,0.0,0.0,0.0,0.0,0.0
1358,43584,100.0,60.808681185558335,1.988884712798909,1,7,2,500,100.0,100.0,0.0,0.0,0.0,0.0,0.0,0.0
1359,39920,100.0,64.55122889576099,1.943012427135406,0,10,2,500,100.0,100.0,0.0,0.0,0.0,0.0,0.0,0.0
1360,37502,100.0,66.07580451548081,1.916700293379996,0,16,2,500,100.0,100.0,0.0,0.0,0.0,0.0,0.0,0.0
1361,39920,100.0,61.97585247198472,1.9645780525141905,0,10,2,500,100.0,100.0,0.0,0.0,0.0,0.0,0.0,0.0
1362,43987,98.78,64.54012180880133,1.841213458053852,1,6,2,500,97.56,100.0,0.0,0.0,0.0,0.0,0.0,0.0
1363,41821,100.0,61.56949260209854,1.892220870007526,2,13,2,500,100.0,100.0,0.0,0.0,0.0,0.0,0.0,0.0
1364,44340,100.0,62.946796200503485,1.8817956958514648,4,10,2,500,100.0,100.0,0.0,0.0,0.0,0.0,0.0,0.0
1365,40323,100.0,62.47601392634874,1.839340140583756,0,9,2,500,100.0,100.0,0.0,0.0,0.0,0.0,0.0,0.0
1366,39517,100.0,66.569368031505,1.9720139845930724,0,11,2,500,100.0,100.0,0.0,0.0,0.0,0.0,0.0,0.0
1367,44340,100.0,65.66935962925142,1.9469333285897847,4,10,2,500,100.0,100.0,0.0,0.0,0.0,0.0,0.0,0.0
1368,40323,100.0,65.89398575530524,1.951212167225666,0,9,2,500,100.0,100.0,0.0,0.0,0.0,0.0,0.0,0.0
1369,39114,100.0,63.3900449388726,1.8278617988696937,0,12,2,500,100.0,100.0,0.0,0.0,0.0,0.0,0.0,0.0
1370,41129,100.0,59.26320263131414,1.9209477491077696,0,7,2,500,100.0,100.0,0.0,0.0,0.0,0.0,0.0,0.0
1371,36293,100.0,63.08549506231247,1.8708549716265608,0,19,2,500,100.0,100.0,0.0,0.0,0.0,0.0,0.0,0.0
1372,37099,100.0,63.54825602182575,1.9363477039851376,0,17,2,500,100.0,100.0,0.0,0.0,0.0,0.0,0.0,0.0
1373,43584,74.57,61.86022706064131,1.9327280845750816,1,7,2,500,76.27,72.88,0.0,0.0,0.0,0.0,0.0,0.0
1374,43836,33.56,61.0889441922584,1.923488252619593,2,8,2,500,31.68,35.45,0.0,0.0,0.0,0.0,0.0,0.0
1375,39920,77.29,65.46420119403186,1.908425093361753,0,10,2,500,72.2,82.38,0.0,0.0,0.0,0.0,0.0,0.0
1376,41129,100.0,63.57909740053296,1.917768256362071,0,7,2,500,100.0,100.0,0.0,0.0,0.0,0.0,0.0,0.0
1377,40323,99.4,59.83378621498721,1.9038439828121096,0,9,2,500,100.0,98.79,0.0,0.0,0.0,0.0,0.0,0.0
1378,38711,43.04,60.76898847797218,1.769370567640432,0,13,2,500,37.97,48.1,0.0,0.0,0.0,0.0,0.0,0.0
1379,39920,100.0,66.5794685021418,1.9616318935778696,0,10,2,500,100.0,100.0,0.0,0.0,0.0,0.0,0.0,0.0
1380,41972,100.0,65.16537745339572,1.994794251191082,1,11,2,500,100.0,100.0,0.0,0.0,0.0,0.0,0.0,0.0
1381,44239,100.0,59.49335649470153,1.9138175148232508,2,7,2,500,100.0,100.0,0.0,0.0,0.0,0.0,0.0,0.0
1382,42778,99.86,66.25461968906536,1.8832020437275576,1,9,2,500,99.72,100.0,0.0,0.0,0.0,0.0,0.0,0.0
1383,46353,100.0,65.02851443013027,1.911270926771052,3,4,2,500,100.0,100.0,0.0,0.0,0.0,0.0,0.0,0.0
1384,43433,100.0,60.82235495504841,1.8192473344489275,2,9,2,500,100.0,100.0,0.0,0.0,0.0,0.0,0.0,0.0
1385,37502,100.0,57.95282206222838,1.870266515049216,0,16,2,500,100.0,100.0,0.0,0.0,0.0,0.0,0.0,0.0
1386,45146,100.0,67.96264887008948,1.9843372350561133,4,8,2,500,100.0,100.0,0.0,0.0,0.0,0.0,0.0,0.0
1387,41532,100.0,66.73523491326635,1.9653220450029056,0,6,2,500,100.0,100.0,0.0,0.0,0.0,0.0,0.0,0.0
1388,45549,100.0,61.81623746256457,1.9665278999808289,4,7,2,500,100.0,100.0,0.0,0.0,0.0,0.0,0.0,0.0
1389,38711,100.0,66.14849178846738,1.9045100730097184,0,13,2,500,100.0,100.0,0.0,0.0,0.0,0.0,0.0,0.0
1390,41129,98.04,65.70766005959521,1.8772120481418424,0,7,2,500,100.0,96.08,0.0,0.0,0.0,0.0,0.0,0.0
1391,54018,100.0,67.38551632438514,1.9399558106012884,6,4,2,500,100.0,100.0,0.0,0.0,0.0,0.0,0.0,0.0
1392,42778,99.96,60.53290735958848,1.9475807196443031,1,9,2,500,99.93,100.0,0.0,0.0,0.0,0.0,0.0,0.0
1393,39920,100.0,67.04448576142141,1.8895883919523069,0,10,2,500,100.0,100.0,0.0,0.0,0.0,0.0,0.0,0.0
1394,44491,99.64,62.94446470526011,1.8713893944781823,3,8,2,500,99.27,100.0,0.0,0.0,0.0,0.0,0.0,0.0
1395,41129,100.0,67.30772027209038,1.8755659062500776,0,7,2,500,100.0,100.0,0.0,0.0,0.0,0.0,0.0,0.0
1396,40323,100.0,65.40894596807605,2.040766372730898,0,9,2,500,100.0,100.0,0.0,0.0,0.0,0.0,0.0,0.0
1397,43181,100.0,62.87157610680141,1.986769893273472,1,8,2,500,100.0,100.0,0.0,0.0,0.0,0.0,0.0,0.0
1398,40726,100.0,58.05894117191443,1.9302990928750248,0,8,2,500,100.0,100.0,0.0,0.0,0.0,0.0,0.0,0.0
1399,36293,98.56,66.78288138754539,1.919602914368354,0,19,2,500,97.12,100.0,0.0,0.0,0.0,0.0,0.0,0.0
1400,43584,100.0,60.542720714822906,1.8741865277892704,1,7,2,500,100.0,100.0,0.0,0.0,0.0,0.0,0.0,0.0
1401,46353,100.0,59.03913957791165,2.038141792223815,3,4,2,500,100.0,100.0,0.0,0.0,0.0,0.0,0.0,0.0
1402,41129,93.8,61.80915454695511,1.9988160174951648,0,7,2,500,87.59,100.0,0.0,0.0,0.0,0.0,0.0,0.0
1403,40323,100.0,61.52814121793349,1.965291777233296,0,9,2,500,100.0,100.0,0.0,0.0,0.0,0.0,0.0,0.0
1404,41532,100.0,63.796895293196826,1.94254149665668,0,6,2,500,100.0,100.0,0.0,0.0,0.0,0.0,0.0,0.0
1405,46855,91.98,60.93890543419748,1.9618725010526064,4,5,2,500,97.81,86.15,0.0,0.0,0.0,0.0,0.0,0.0
1406,39517,100.0,64.15694971466976,1.997114372033825,0,11,2,500,100.0,100.0,0.0,0.0,0.0,0.0,0.0,0.0
1407,38711,97.77,63.85227044379917,1.8442786850058543,0,13,2,500,95.54,100.0,0.0,0.0,0.0,0.0,0.0,0.0
1408,41532,100.0,66.43903369134328,1.8458220395536973,0,6,2,500,100.0,100.0,0.0,0.0,0.0,0.0,0.0,0.0
1409,45952,100.0,64.45381560520333,1.877127695042862,4,6,2,500,100.0,100.0,0.0,0.0,0.0,0.0,0.0,0.0
1410,39517,100.0,63.86185574274364,1.952395118277852,0,11,2,500,100.0,100.0,0.0,0.0,0.0,0.0,0.0,0.0
1411,37905,100.0,65.97562879143113,1.9079307091908333,0,15,2,500,100.0,100.0,0.0,0.0,0.0,0.0,0.0,0.0
1412,41532,100.0,67.57996595596576,1.9119879933621493,0,6,2,500,100.0,100.0,0.0,0.0,0.0,0.0,0.0,0.0
1413,47208,100.0,57.176442706996944,1.9990464358063924,4,4,2,500,100.0,100.0,0.0,0.0,0.0,0.0,0.0,0.0
1414,45851,96.75,66.82610860191512,1.894015184566248,2,3,2,500,100.0,93.5,0.0,0.0,0.0,0.0,0.0,0.0
1415,39920,96.91,59.3346146754964,1.943575815693653,0,10,2,500,94.85,98.97,0.0,0.0,0.0,0.0,0.0,0.0
1416,39517,100.0,61.60653605027271,2.001236903772219,0,11,2,500,100.0,100.0,0.0,0.0,0.0,0.0,0.0,0.0
1417,41129,100.0,65.41815734226633,1.9063383356782564,0,7,2,500,100.0,100.0,0.0,0.0,0.0,0.0,0.0,0.0
1418,38308,100.0,66.62783195538297,1.9034030042897463,0,14,2,500,100.0,100.0,0.0,0.0,0.0,0.0,0.0,0.0
1419,42588,100.0,64.91804055009955,1.9487487658281373,0,4,2,500,100.0,100.0,0.0,0.0,0.0,0.0,0.0,0.0
1420,39920,100.0,67.23123485262248,1.9071775233308128,0,10,2,500,100.0,100.0,0.0,0.0,0.0,0.0,0.0,0.0
1421,40323,98.97,65.61030934456367,1.961912035084849,0,9,2,500,97.94,100.0,0.0,0.0,0.0,0.0,0.0,0.0
1422,39114,100.0,68.84682165420392,1.796127494146869,0,12,2,500,100.0,100.0,0.0,0.0,0.0,0.0,0.0,0.0
1423,43836,100.0,66.24710160939708,1.8728971541683137,2,8,2,500,100.0,100.0,0.0,0.0,0.0,0.0,0.0,0.0
1424,44239,100.0,63.39720862202802,1.9048890502828253,2,7,2,500,100.0,100.0,0.0,0.0,0.0,0.0,0.0,0.0
1425,41129,100.0,64.32972169806841,1.984565796951068,0,7,2,500,100.0,100.0,0.0,0.0,0.0,0.0,0.0,0.0
1426,43433,70.98,64.1157043693919,1.9944994265044085,2,9,2,500,65.44,76.52,0.0,0.0,0.0,0.0,0.0,0.0
1427,43836,100.0,63.79280274829369,1.8424189962990305,2,8,2,500,100.0,100.0,0.0,0.0,0.0,0.0,0.0,0.0
1428,43030,100.0,60.15370553979199,1.8345599214320945,2,10,2,500,100.0,100.0,0.0,0.0,0.0,0.0,0.0,0.0
1429,44239,100.0,60.39725694228547,1.9015064388844245,2,7,2,500,100.0,100.0,0.0,0.0,0.0,0.0,0.0,0.0
1430,46855,100.0,61.53338421770911,1.862410216646453,4,5,2,500,100.0,100.0,0.0,0.0,0.0,0.0,0.0,0.0
1431,40726,100.0,65.03429527956673,1.93547436295234,0,8,2,500,100.0,100.0,0.0,0.0,0.0,0.0,0.0,0.0
1432,37099,98.82,64.4509122795434,1.8432327380708824,0,17,2,500,100.0,97.63,0.0,0.0,0.0,0.0,0.0,0.0
1433,44642,87.33,69.15632468215743,1.9833347695885284,2,6,2,500,85.75,88.91,0.0,0.0,0.0,0.0,0.0,0.0
1434,46855,100.0,66.0825330639127,1.905961387017788,4,5,2,500,100.0,100.0,0.0,0.0,0.0,0.0,0.0,0.0
1435,43937,100.0,65.04923891185118,1.8716543183688967,4,11,2,500,100.0,100.0,0.0,0.0,0.0,0.0,0.0,0.0
1436,37099,100.0,65.85649857131237,1.970860800071507,0,17,2,500,100.0,100.0,0.0,0.0,0.0,0.0,0.0,0.0
1437,40726,100.0,61.91714287532339,1.8834494660586505,0,8,2,500,100.0,100.0,0.0,0.0,0.0,0.0,0.0,0.0
1438,45952,100.0,69.44759255279524,1.840969262504361,4,6,2,500,100.0,100.0,0.0,0.0,0.0,0.0,0.0,0.0
1439,37905,100.0,63.6518457386997,1.8546385042327889,0,15,2,500,100.0,100.0,0.0,0.0,0.0,0.0,0.0,0.0
1440,48511,100.0,65.46883425536944,1.9835488477905776,4,3,2,500,100.0,100.0,0.0,0.0,0.0,0.0,0.0,0.0
1441,41129,99.94,62.80051560089821,1.873081246221076,0,7,2,500,99.88,100.0,0.0,0.0,0.0,0.0,0.0,0.0
1442,42435,100.0,69.03437468226014,1.8642794865945715,0,5,2,500,100.0,100.0,0.0,0.0,0.0,0.0,0.0,0.0
1443,39114,94.1,62.426975145460446,1.8610753129681417,0,12,2,500,100.0,88.2,0.0,0.0,0.0,0.0,0.0,0.0
1444,42435,100.0,64.37404921116598,1.900956553074284,0,5,2,500,100.0,100.0,0.0,0.0,0.0,0.0,0.0,0.0
1445,39114,100.0,59.50921885987822,1.9351741973060328,0,12,2,500,100.0,100.0,0.0,0.0,0.0,0.0,0.0,0.0
1446,49515,100.0,64.03361817117914,1.8607457061699928,6,5,2,500,100.0,100.0,0.0,0.0,0.0,0.0,0.0,0.0
1447,45247,100.0,65.73713810601834,2.00600194564594,6,11,2,500,100.0,100.0,0.0,0.0,0.0,0.0,0.0,0.0
1448,41129,100.0,67.11461088781658,1.8597071416099025,0,7,2,500,100.0,100.0,0.0,0.0,0.0,0.0,0.0,0.0
1449,40726,98.1,68.83329168300563,1.96635791392584,0,8,2,500,96.21,100.0,0.0,0.0,0.0,0.0,0.0,0.0
1450,39114,98.18,66.8198886449632,1.9286806317428733,0,12,2,500,100.0,96.36,0.0,0.0,0.0,0.0,0.0,0.0
1451,40323,100.0,62.62806817781004,1.9763735227549148,0,9,2,500,100.0,100.0,0.0,0.0,0.0,0.0,0.0,0.0
1452,39517,100.0,67.4119397780911,1.964774247764924,0,11,2,500,100.0,100.0,0.0,0.0,0.0,0.0,0.0,0.0
1453,41129,96.38,68.09726718717098,1.9591052734698435,0,7,2,500,100.0,92.76,0.0,0.0,0.0,0.0,0.0,0.0
1454,43836,100.0,62.739103743914434,1.9416117721366013,2,8,2,500,100.0,100.0,0.0,0.0,0.0,0.0,0.0,0.0
1455,39517,98.36,64.65437948811298,1.9609809189620333,0,11,2,500,97.11,99.61,0.0,0.0,0.0,0.0,0.0,0.0
1456,40726,100.0,62.07709027959228,1.9271280036787013,0,8,2,500,100.0,100.0,0.0,0.0,0.0,0.0,0.0,0.0
1457,43937,91.18,64.63460649344456,1.908825192916815,4,11,2,500,100.0,82.37,0.0,0.0,0.0,0.0,0.0,0.0
1458,45297,100.0,68.59705117631032,1.988131677904185,3,6,2,500,100.0,100.0,0.0,0.0,0.0,0.0,0.0,0.0
1459,39920,100.0,64.58327895018277,1.867351486484311,0,10,2,500,100.0,100.0,0.0,0.0,0.0,0.0,0.0,0.0
1460,42627,93.49,67.31747169558903,1.9292978292406413,2,11,2,500,100.0,86.98,0.0,0.0,0.0,0.0,0.0,0.0
1461,39920,100.0,62.15274700780449,1.92389637300528,0,10,2,500,100.0,100.0,0.0,0.0,0.0,0.0,0.0,0.0
1462,41532,100.0,67.69261264024075,1.9154918035803727,0,6,2,500,100.0,100.0,0.0,0.0,0.0,0.0,0.0,0.0
1463,44239,72.52,64.43250843445342,1.8920599293129696,2,7,2,500,75.02,70.01,0.0,0.0,0.0,0.0,0.0,0.0
1464,39114,100.0,64.15961001157316,1.947919511737501,0,12,2,500,100.0,100.0,0.0,0.0,0.0,0.0,0.0,0.0
1465,45952,100.0,63.98733422633093,1.907170070691457,4,6,2,500,100.0,100.0,0.0,0.0,0.0,0.0,0.0,0.0
1466,38711,99.34,64.69852318399582,1.973062804070856,0,13,2,500,100.0,98.67,0.0,0.0,0.0,0.0,0.0,0.0
1467,40726,100.0,65.64314884533654,1.871041314058284,0,8,2,500,100.0,100.0,0.0,0.0,0.0,0.0,0.0,0.0
1468,39517,100.0,63.194309249664464,1.8950641950733813,0,11,2,500,100.0,100.0,0.0,0.0,0.0,0.0,0.0,0.0
1469,40323,96.94,62.68030699162207,1.9046835574537468,0,9,2,500,94.51,99.38,0.0,0.0,0.0,0.0,0.0,0.0
1470,42778,100.0,64.67351417779209,1.9405811425167143,1,9,2,500,100.0,100.0,0.0,0.0,0.0,0.0,0.0,0.0
1471,103034,100.0,66.08446167846613,1.9426448803685548,8,2,2,500,100.0,100.0,0.0,0.0,0.0,0.0,0.0,0.0
1472,46200,99.12,63.42116280485121,1.949339617672864,3,5,2,500,98.24,100.0,0.0,0.0,0.0,0.0,0.0,0.0
1473,45146,100.0,64.33869646363719,2.0284259935607283,4,8,2,500,100.0,100.0,0.0,0.0,0.0,0.0,0.0,0.0
1474,40323,100.0,59.84335778303723,1.9883459390990008,0,9,2,500,100.0,100.0,0.0,0.0,0.0,0.0,0.0,0.0
1475,39114,100.0,63.92482760555768,1.9590363152025867,0,12,2,500,100.0,100.0,0.0,0.0,0.0,0.0,0.0,0.0
1476,39517,100.0,64.33454003243813,1.948120555356834,0,11,2,500,100.0,100.0,0.0,0.0,0.0,0.0,0.0,0.0
1477,41129,92.08,61.92642123167235,1.924299502645885,0,7,2,500,95.2,88.96,0.0,0.0,0.0,0.0,0.0,0.0
1478,39114,77.5,63.16979248036139,1.8916042311766688,0,12,2,500,78.14,76.87,0.0,0.0,0.0,0.0,0.0,0.0
1479,39114,100.0,65.14744675697061,1.8639950925189124,0,12,2,500,100.0,100.0,0.0,0.0,0.0,0.0,0.0,0.0
1480,39114,83.74,61.38967053436804,1.9394327096065704,0,12,2,500,80.44,87.05,0.0,0.0,0.0,0.0,0.0,0.0
1481,37905,100.0,59.716791189844514,1.957140148038249,0,15,2,500,100.0,100.0,0.0,0.0,0.0,0.0,0.0,0.0
1482,42627,100.0,61.26963854572206,1.9879593118991623,2,11,2,500,100.0,100.0,0.0,0.0,0.0,0.0,0.0,0.0
1483,39920,49.52,66.37955499362249,1.8739877926163264,0,10,2,500,52.29,46.74,0.0,0.0,0.0,0.0,0.0,0.0
1484,44642,100.0,59.65567648300121,1.89720192617576,2,6,2,500,100.0,100.0,0.0,0.0,0.0,0.0,0.0,0.0
1485,42778,100.0,57.22358449660499,1.851321873657182,1,9,2,500,100.0,100.0,0.0,0.0,0.0,0.0,0.0,0.0
1486,45297,89.62,65.01992848419243,1.935510762738493,3,6,2,500,92.52,86.71,0.0,0.0,0.0,0.0,0.0,0.0
1487,42627,99.36,66.52005131293951,1.9028822829702388,2,11,2,500,100.0,98.72,0.0,0.0,0.0,0.0,0.0,0.0
1488,44239,72.6,64.18660308411586,1.906873600404397,2,7,2,500,73.9,71.31,0.0,0.0,0.0,0.0,0.0,0.0
1489,43836,100.0,67.04792505559354,1.9267732396623165,2,8,2,500,100.0,100.0,0.0,0.0,0.0,0.0,0.0,0.0
1490,45146,100.0,65.96983472591076,1.929692417726241,4,8,2,500,100.0,100.0,0.0,0.0,0.0,0.0,0.0,0.0
1491,41532,59.08,64.1146133748566,1.8403568512519848,0,6,2,500,63.8,54.37,0.0,0.0,0.0,0.0,0.0,0.0
1492,47966,76.24,64.66509376608285,1.8932149132490943,8,8,2,500,73.89,78.59,0.0,0.0,0.0,0.0,0.0,0.0
1493,39517,100.0,62.04912140922685,1.8730224340127888,0,11,2,500,100.0,100.0,0.0,0.0,0.0,0.0,0.0,0.0
1494,45545,100.0,64.06680625368084,1.862055776449,2,5,2,500,100.0,100.0,0.0,0.0,0.0,0.0,0.0,0.0
1495,39517,100.0,59.90791400666188,1.9382241082733256,0,11,2,500,100.0,100.0,0.0,0.0,0.0,0.0,0.0,0.0
1496,39517,100.0,59.2113560517729,1.8093168675635631,0,11,2,500,100.0,100.0,0.0,0.0,0.0,0.0,0.0,0.0
1497,46204,88.81,63.85812478521005,1.921612961007068,5,7,2,500,89.36,88.26,0.0,0.0,0.0,0.0,0.0,0.0
1498,43584,100.0,66.53779720364908,1.990498888097388,1,7,2,500,100.0,100.0,0.0,0.0,0.0,0.0,0.0,0.0
1499,38711,100.0,65.81115279531929,1.959099377587817,0,13,2,500,100.0,100.0,0.0,0.0,0.0,0.0,0.0,0.0
1500,41821,100.0,60.78371333624485,1.923720564086484,2,13,2,500,100.0,100.0,0.0,0.0,0.0,0.0,0.0,0.0
1501,40726,98.2,66.01895777059534,1.931020850379316,0,8,2,500,96.41,100.0,0.0,0.0,0.0,0.0,0.0,0.0
1502,44340,100.0,63.19088932236222,1.949869864054787,4,10,2,500,100.0,100.0,0.0,0.0,0.0,0.0,0.0,0.0
1503,39920,98.71,63.99217560359554,1.8663111345411345,0,10,2,500,100.0,97.42,0.0,0.0,0.0,0.0,0.0,0.0
1504,43937,90.98,62.13515936277432,1.8669680172440724,4,11,2,500,88.67,93.29,0.0,0.0,0.0,0.0,0.0,0.0
1505,46859,100.0,65.41986980423822,1.9311570035775585,6,7,2,500,100.0,100.0,0.0,0.0,0.0,0.0,0.0,0.0
1506,41129,100.0,63.6283578925932,1.954118628658569,0,7,2,500,100.0,100.0,0.0,0.0,0.0,0.0,0.0,0.0
1507,48511,97.89,62.64307281990287,1.9077715572633127,4,3,2,500,100.0,95.78,0.0,0.0,0.0,0.0,0.0,0.0
1508,47507,100.0,62.68916267521452,1.9600320052051263,2,1,2,500,100.0,100.0,0.0,0.0,0.0,0.0,0.0,0.0
1509,44239,100.0,66.1786360652796,1.889225727342564,2,7,2,500,100.0,100.0,0.0,0.0,0.0,0.0,0.0,0.0
1510,45549,97.32,64.11180872513155,1.8859366370509631,4,7,2,500,94.64,100.0,0.0,0.0,0.0,0.0,0.0,0.0
1511,39920,100.0,57.09938698619307,1.919165921033502,0,10,2,500,100.0,100.0,0.0,0.0,0.0,0.0,0.0,0.0
1512,38308,97.47,64.95692954693337,1.8762309372920687,0,14,2,500,100.0,94.94,0.0,0.0,0.0,0.0,0.0,0.0
1513,45146,100.0,70.87820462377218,1.901221531878282,4,8,2,500,100.0,100.0,0.0,0.0,0.0,0.0,0.0,0.0
1514,39517,100.0,63.53572296523874,1.893362713556168,0,11,2,500,100.0,100.0,0.0,0.0,0.0,0.0,0.0,0.0
1515,39920,100.0,62.15441887650756,1.8927078005631823,0,10,2,500,100.0,100.0,0.0,0.0,0.0,0.0,0.0,0.0
1516,41532,100.0,68.95757140722489,1.957587595517865,0,6,2,500,100.0,100.0,0.0,0.0,0.0,0.0,0.0,0.0
1517,39920,100.0,62.799236867491146,1.869167921819252,0,10,2,500,100.0,100.0,0.0,0.0,0.0,0.0,0.0,0.0
1518,47462,100.0,70.37831327789523,1.905175852099613,6,6,2,500,100.0,100.0,0.0,0.0,0.0,0.0,0.0,0.0
1519,45952,100.0,67.01594176391654,1.844668531158932,4,6,2,500,100.0,100.0,0.0,0.0,0.0,0.0,0.0,0.0
1520,39114,100.0,67.43859719735946,1.9544452998512616,0,12,2,500,100.0,100.0,0.0,0.0,0.0,0.0,0.0,0.0
1521,40726,100.0,64.61923167299062,1.902133626697868,0,8,2,500,100.0,100.0,0.0,0.0,0.0,0.0,0.0,0.0
1522,44743,100.0,66.20742345122363,1.8724318677205185,4,9,2,500,100.0,100.0,0.0,0.0,0.0,0.0,0.0,0.0
1523,37099,100.0,70.95312864540328,1.9256060297333184,0,17,2,500,100.0,100.0,0.0,0.0,0.0,0.0,0.0,0.0
1524,41129,91.0,65.92473415053584,1.8285534830509511,0,7,2,500,96.98,85.02,0.0,0.0,0.0,0.0,0.0,0.0
1525,43836,100.0,63.6116899887759,1.86119754175976,2,8,2,500,100.0,100.0,0.0,0.0,0.0,0.0,0.0,0.0
1526,39920,100.0,58.93983482650012,1.991311499757377,0,10,2,500,100.0,100.0,0.0,0.0,0.0,0.0,0.0,0.0
1527,41532,100.0,67.84938385923253,1.9866125125192555,0,6,2,500,100.0,100.0,0.0,0.0,0.0,0.0,0.0,0.0
1528,39114,100.0,67.62538302617158,1.9451664355397629,0,12,2,500,100.0,100.0,0.0,0.0,0.0,0.0,0.0,0.0
1529,43836,86.2,66.89396421347729,1.8627088332199164,2,8,2,500,84.06,88.34,0.0,0.0,0.0,0.0,0.0,0.0
1530,46200,92.22,64.52672796492257,1.9036298001906908,3,5,2,500,87.97,96.47,0.0,0.0,0.0,0.0,0.0,0.0
1531,43181,99.77,69.1256397943603,1.84291068275175,1,8,2,500,99.54,100.0,0.0,0.0,0.0,0.0,0.0,0.0
1532,44890,100.0,63.36772842601803,1.893180006311718,1,5,2,500,100.0,100.0,0.0,0.0,0.0,0.0,0.0,0.0
1533,38711,100.0,63.06349482385251,1.89997650195124,0,13,2,500,100.0,100.0,0.0,0.0,0.0,0.0,0.0,0.0
1534,44239,100.0,68.6055778178953,1.930749334580151,2,7,2,500,100.0,100.0,0.0,0.0,0.0,0.0,0.0,0.0
1535,42741,99.7,64.21574250583481,1.9737235378751945,0,3,2,500,100.0,99.4,0.0,0.0,0.0,0.0,0.0,0.0
1536,40726,93.98,63.82057997629343,1.794881857657994,0,8,2,500,100.0,87.97,0.0,0.0,0.0,0.0,0.0,0.0
1537,39920,100.0,61.57513776367633,1.9571177381251568,0,10,2,500,100.0,100.0,0.0,0.0,0.0,0.0,0.0,0.0
1538,41418,100.0,65.02648367049052,1.871235109436236,2,14,2,500,100.0,100.0,0.0,0.0,0.0,0.0,0.0,0.0
1539,43584,99.68,62.914215359655046,1.8218894561558536,1,7,2,500,100.0,99.35,0.0,0.0,0.0,0.0,0.0,0.0
1540,45952,72.05,65.85161038649088,1.912390937631319,4,6,2,500,78.51,65.59,0.0,0.0,0.0,0.0,0.0,0.0
1541,40323,100.0,67.83026716177571,1.885337278000832,0,9,2,500,100.0,100.0,0.0,0.0,0.0,0.0,0.0,0.0
1542,43030,100.0,61.66962818573187,1.93163611117404,2,10,2,500,100.0,100.0,0.0,0.0,0.0,0.0,0.0,0.0
1543,44642,97.87,59.569863829729535,1.8787650182886384,2,6,2,500,95.74,100.0,0.0,0.0,0.0,0.0,0.0,0.0
1544,38711,100.0,60.70494780149847,1.979866667066352,0,13,2,500,100.0,100.0,0.0,0.0,0.0,0.0,0.0,0.0
1545,45545,100.0,61.72286389272283,1.9297127315690568,2,5,2,500,100.0,100.0,0.0,0.0,0.0,0.0,0.0,0.0
1546,46204,100.0,70.27400940358615,1.841810196704445,2,2,2,500,100.0,100.0,0.0,0.0,0.0,0.0,0.0,0.0
1547,39920,100.0,63.96286855389673,1.9354636840024144,0,10,2,500,100.0,100.0,0.0,0.0,0.0,0.0,0.0,0.0
1548,45549,92.88,69.54331128238258,1.910496893280427,4,7,2,500,100.0,85.75,0.0,0.0,0.0,0.0,0.0,0.0
1549,40726,100.0,62.620616107095856,1.9326471713598208,0,8,2,500,100.0,100.0,0.0,0.0,0.0,0.0,0.0,0.0
1550,45545,97.86,63.21951938602845,1.9185867881818537,2,5,2,500,95.73,100.0,0.0,0.0,0.0,0.0,0.0,0.0
1551,39920,94.7,70.36970505961472,1.8828008071665288,0,10,2,500,96.26,93.13,0.0,0.0,0.0,0.0,0.0,0.0
1552,62023,100.0,68.23704100280094,1.9151710916046207,7,4,2,500,100.0,100.0,0.0,0.0,0.0,0.0,0.0,0.0
1553,45851,100.0,67.27097279543933,1.8815302334397968,2,3,2,500,100.0,100.0,0.0,0.0,0.0,0.0,0.0,0.0
1554,41532,100.0,67.7377418323183,1.930321674770624,0,6,2,500,100.0,100.0,0.0,0.0,0.0,0.0,0.0,0.0
1555,44239,100.0,56.78008890626869,1.8912707911214148,2,7,2,500,100.0,100.0,0.0,0.0,0.0,0.0,0.0,0.0
1556,49013,97.54,67.12297649810209,1.848648451893848,5,4,2,500,100.0,95.08,0.0,0.0,0.0,0.0,0.0,0.0
1557,41532,100.0,60.57316172755286,1.857619806024004,0,6,2,500,100.0,100.0,0.0,0.0,0.0,0.0,0.0,0.0
1558,40323,90.86,65.06610722559181,1.9119470862782333,0,9,2,500,94.15,87.58,0.0,0.0,0.0,0.0,0.0,0.0
1559,43181,99.58,62.68028757407961,1.8681753095177245,1,8,2,500,99.16,100.0,0.0,0.0,0.0,0.0,0.0,0.0
1560,45801,100.0,61.5749378966141,1.8538927967938823,5,8,2,500,100.0,100.0,0.0,0.0,0.0,0.0,0.0,0.0
1561,39114,90.84,61.721799696579104,1.854918834375548,0,12,2,500,86.48,95.19,0.0,0.0,0.0,0.0,0.0,0.0
1562,43433,100.0,65.93349672606733,1.8568535691489416,2,9,2,500,100.0,100.0,0.0,0.0,0.0,0.0,0.0,0.0
1563,39517,97.96,62.24319753747551,1.891431519856726,0,11,2,500,98.03,97.9,0.0,0.0,0.0,0.0,0.0,0.0
1564,44642,100.0,67.93214078316036,1.9008894063206705,2,6,2,500,100.0,100.0,0.0,0.0,0.0,0.0,0.0,0.0
1565,44491,87.08,63.1702027306692,1.842017810657841,3,8,2,500,78.53,95.63,0.0,0.0,0.0,0.0,0.0,0.0
1566,60517,100.0,62.66882881835671,1.9649249872265848,4,1,2,500,100.0,100.0,0.0,0.0,0.0,0.0,0.0,0.0
1567,42627,100.0,64.18886978426161,1.9575808778581776,2,11,2,500,100.0,100.0,0.0,0.0,0.0,0.0,0.0,0.0
1568,45146,80.11,65.05820271480461,1.86688576288506,4,8,2,500,83.26,76.96,0.0,0.0,0.0,0.0,0.0,0.0
1569,44642,100.0,62.27419649832129,1.9106261078762432,2,6,2,500,100.0,100.0,0.0,0.0,0.0,0.0,0.0,0.0
1570,40726,99.5,68.03436434510056,1.9175818970902232,0,8,2,500,100.0,99.01,0.0,0.0,0.0,0.0,0.0,0.0
1571,54018,100.0,65.13404048465519,1.9396512439655245,6,4,2,500,100.0,100.0,0.0,0.0,0.0,0.0,0.0,0.0
1572,44642,100.0,62.1682537503713,1.901815830474792,2,6,2,500,100.0,100.0,0.0,0.0,0.0,0.0,0.0,0.0
1573,45952,74.38,64.42798558379187,1.900062120968312,4,6,2,500,71.55,77.21,0.0,0.0,0.0,0.0,0.0,0.0
1574,44642,97.96,68.21398168451479,1.8395911562372635,2,6,2,500,95.91,100.0,0.0,0.0,0.0,0.0,0.0,0.0
1575,41532,100.0,65.58075240451059,1.9240698593080388,0,6,2,500,100.0,100.0,0.0,0.0,0.0,0.0,0.0,0.0
1576,39114,100.0,57.38644335082783,1.8608516588101764,0,12,2,500,100.0,100.0,0.0,0.0,0.0,0.0,0.0,0.0
1577,45549,100.0,67.7146327205224,1.851901563622684,4,7,2,500,100.0,100.0,0.0,0.0,0.0,0.0,0.0,0.0
1578,40323,84.54,57.22010030531494,1.9244337070815185,0,9,2,500,94.21,74.87,0.0,0.0,0.0,0.0,0.0,0.0
1579,44894,99.57,62.745806503474434,1.9312890330473529,3,7,2,500,100.0,99.14,0.0,0.0,0.0,0.0,0.0,0.0
1580,46607,77.68,66.5337394044253,1.9519418638669987,5,6,2,500,69.52,85.85,0.0,0.0,0.0,0.0,0.0,0.0
1581,43433,100.0,67.25168803989456,1.8829347182951977,2,9,2,500,100.0,100.0,0.0,0.0,0.0,0.0,0.0,0.0
1582,73028,100.0,64.05138882010652,1.916606680240132,8,4,2,500,100.0,100.0,0.0,0.0,0.0,0.0,0.0,0.0
1583,44642,100.0,60.66315013883453,1.9207746034771285,2,6,2,500,100.0,100.0,0.0,0.0,0.0,0.0,0.0,0.0
1584,45549,100.0,61.95485798503771,1.884511558593161,4,7,2,500,100.0,100.0,0.0,0.0,0.0,0.0,0.0,0.0
1585,37099,90.22,67.25624618441499,1.8723678147293463,0,17,2,500,90.16,90.29,0.0,0.0,0.0,0.0,0.0,0.0
1586,45549,100.0,65.94193029847762,1.850581930599864,4,7,2,500,100.0,100.0,0.0,0.0,0.0,0.0,0.0,0.0
1587,45297,98.08,67.71839428269531,1.8818780631702687,3,6,2,500,100.0,96.15,0.0,0.0,0.0,0.0,0.0,0.0
1588,44491,89.9,63.17469824652578,1.809765414253657,3,8,2,500,98.66,81.15,0.0,0.0,0.0,0.0,0.0,0.0
1589,45952,98.9,59.77414014706064,1.9283993044801409,4,6,2,500,97.8,100.0,0.0,0.0,0.0,0.0,0.0,0.0
1590,44894,99.87,67.40331426069632,1.827248753422016,3,7,2,500,99.74,100.0,0.0,0.0,0.0,0.0,0.0,0.0
1591,38711,100.0,60.66919789621181,1.8646143765362853,0,13,2,500,100.0,100.0,0.0,0.0,0.0,0.0,0.0,0.0
1592,41129,82.01,65.8173238881717,1.9648173595294336,0,7,2,500,88.14,75.88,0.0,0.0,0.0,0.0,0.0,0.0
1593,43836,100.0,65.42271978886039,1.906796929596153,2,8,2,500,100.0,100.0,0.0,0.0,0.0,0.0,0.0,0.0
1594,44239,100.0,62.63351188969082,1.900578974007283,2,7,2,500,100.0,100.0,0.0,0.0,0.0,0.0,0.0,0.0
1595,38711,100.0,62.80566905336751,1.8803067352977425,0,13,2,500,100.0,100.0,0.0,0.0,0.0,0.0,0.0,0.0
1596,40726,85.28,65.48404771983594,1.9534604632945287,0,8,2,500,89.09,81.47,0.0,0.0,0.0,0.0,0.0,0.0
1597,40726,100.0,64.10827586845164,1.821157858891912,0,8,2,500,100.0,100.0,0.0,0.0,0.0,0.0,0.0,0.0
1598,45698,100.0,64.4659007764927,1.8195913497490943,2,4,2,500,100.0,100.0,0.0,0.0,0.0,0.0,0.0,0.0
1599,40323,100.0,65.3109038520739,1.8790377543585508,0,9,2,500,100.0,100.0,0.0,0.0,0.0,0.0,0.0,0.0
1600,45196,100.0,67.79481066645917,1.9158559124507315,1,3,2,500,100.0,100.0,0.0,0.0,0.0,0.0,0.0,0.0
1601,41129,97.96,64.02139561890147,1.923012292627185,0,7,2,500,100.0,95.91,0.0,0.0,0.0,0.0,0.0,0.0
1602,42435,100.0,67.51849501516885,1.922106719719548,0,5,2,500,100.0,100.0,0.0,0.0,0.0,0.0,0.0,0.0
1603,44743,98.5,59.16959724851609,1.8669549385662685,4,9,2,500,100.0,97.01,0.0,0.0,0.0,0.0,0.0,0.0
1604,43836,100.0,63.214987183299534,1.8602154535298243,2,8,2,500,100.0,100.0,0.0,0.0,0.0,0.0,0.0,0.0
1605,39517,84.38,64.60773707007985,1.8714613929799195,0,11,2,500,79.99,88.76,0.0,0.0,0.0,0.0,0.0,0.0
1606,45952,98.27,70.5608102065578,1.8895466380305777,4,6,2,500,96.54,100.0,0.0,0.0,0.0,0.0,0.0,0.0
1607,43030,97.33,67.78693014104479,1.853694147886772,2,10,2,500,98.85,95.81,0.0,0.0,0.0,0.0,0.0,0.0
1608,39114,100.0,62.937157293966536,1.965542584581857,0,12,2,500,100.0,100.0,0.0,0.0,0.0,0.0,0.0,0.0
1609,39114,100.0,69.31337818067873,1.8843688217957992,0,12,2,500,100.0,100.0,0.0,0.0,0.0,0.0,0.0,0.0
1610,39517,100.0,62.19964975629304,1.9115400693054887,0,11,2,500,100.0,100.0,0.0,0.0,0.0,0.0,0.0,0.0
1611,38711,100.0,70.52171806328955,1.9047344949187208,0,13,2,500,100.0,100.0,0.0,0.0,0.0,0.0,0.0,0.0
1612,45952,100.0,64.77199559333525,1.8931152387704413,4,6,2,500,100.0,100.0,0.0,0.0,0.0,0.0,0.0,0.0
1613,54018,100.0,63.77688805795792,1.8769857638405825,6,4,2,500,100.0,100.0,0.0,0.0,0.0,0.0,0.0,0.0
1614,38308,83.06,72.09186061276858,1.8784918709732508,0,14,2,500,80.98,85.15,0.0,0.0,0.0,0.0,0.0,0.0
1615,38711,85.14,62.29101007378293,1.8649134560673777,0,13,2,500,81.94,88.34,0.0,0.0,0.0,0.0,0.0,0.0
1616,44239,95.98,62.84947973604852,1.8460249382186984,2,7,2,500,91.96,100.0,0.0,0.0,0.0,0.0,0.0,0.0
1617,42435,100.0,61.49882442495319,1.98155490613492,0,5,2,500,100.0,100.0,0.0,0.0,0.0,0.0,0.0,0.0
1618,46204,62.2,67.18581087874311,1.8660097800667337,5,7,2,500,59.96,64.45,0.0,0.0,0.0,0.0,0.0,0.0
1619,45146,100.0,68.13365096195429,1.8949909970196703,4,8,2,500,100.0,100.0,0.0,0.0,0.0,0.0,0.0,0.0
1620,42627,100.0,60.84575353066415,1.9213052320932127,2,11,2,500,100.0,100.0,0.0,0.0,0.0,0.0,0.0,0.0
1621,45952,99.35,65.65048670636557,1.932642547701561,4,6,2,500,100.0,98.71,0.0,0.0,0.0,0.0,0.0,0.0
1622,45545,100.0,61.416688451203,1.8485362991533287,2,5,2,500,100.0,100.0,0.0,0.0,0.0,0.0,0.0,0.0
1623,42435,100.0,60.987929954284574,1.8996832336610647,0,5,2,500,100.0,100.0,0.0,0.0,0.0,0.0,0.0,0.0
1624,43181,100.0,62.538836542409086,1.8794734199342813,1,8,2,500,100.0,100.0,0.0,0.0,0.0,0.0,0.0,0.0
1625,44340,100.0,66.49641089001625,1.9631040443184709,4,10,2,500,100.0,100.0,0.0,0.0,0.0,0.0,0.0,0.0
1626,41532,98.17,68.8900810952156,1.843893369166827,0,6,2,500,100.0,96.34,0.0,0.0,0.0,0.0,0.0,0.0
1627,43987,100.0,62.298529391856725,1.8727481178896184,1,6,2,500,100.0,100.0,0.0,0.0,0.0,0.0,0.0,0.0
1628,45297,89.26,63.7458510869249,1.826786149983012,3,6,2,500,78.53,100.0,0.0,0.0,0.0,0.0,0.0,0.0
1629,37905,94.03,62.8803203131794,1.8674606556665303,0,15,2,500,89.86,98.2,0.0,0.0,0.0,0.0,0.0,0.0
1630,42435,77.31,66.69086190191409,1.8062078894084803,0,5,2,500,79.65,74.97,0.0,0.0,0.0,0.0,0.0,0.0
1631,39920,99.48,64.42674312694673,1.8112801115334745,0,10,2,500,99.19,99.78,0.0,0.0,0.0,0.0,0.0,0.0
1632,41129,100.0,63.02481071381956,1.9082317055635047,0,7,2,500,100.0,100.0,0.0,0.0,0.0,0.0,0.0,0.0
1633,40323,80.22,62.88485001132755,2.003383297318948,0,9,2,500,88.76,71.67,0.0,0.0,0.0,0.0,0.0,0.0
1634,42588,100.0,63.16674296181249,1.8830404233215383,0,4,2,500,100.0,100.0,0.0,0.0,0.0,0.0,0.0,0.0
1635,45545,86.39,61.338915273645625,1.837108821092136,2,5,2,500,89.23,83.55,0.0,0.0,0.0,0.0,0.0,0.0
1636,53014,100.0,67.75752786300099,1.9540015297618776,4,2,2,500,100.0,100.0,0.0,0.0,0.0,0.0,0.0,0.0
1637,42894,77.18,64.16549970999901,1.826885349803248,0,2,2,500,84.97,69.38,0.0,0.0,0.0,0.0,0.0,0.0
1638,41532,96.86,57.79913202268056,1.95146888768988,0,6,2,500,93.72,100.0,0.0,0.0,0.0,0.0,0.0,0.0
1639,45545,100.0,64.69876540717173,1.8601750289107783,2,5,2,500,100.0,100.0,0.0,0.0,0.0,0.0,0.0,0.0
1640,41532,95.98,64.45122738979218,1.9329821308335329,0,6,2,500,98.32,93.63,0.0,0.0,0.0,0.0,0.0,0.0
1641,45247,100.0,61.60966914298739,1.8689737823395207,6,11,2,500,100.0,100.0,0.0,0.0,0.0,0.0,0.0,0.0
1642,41129,100.0,60.30665905934618,1.9322651844287484,0,7,2,500,100.0,100.0,0.0,0.0,0.0,0.0,0.0,0.0
1643,39517,100.0,69.79416709679482,1.8535491732389269,0,11,2,500,100.0,100.0,0.0,0.0,0.0,0.0,0.0,0.0
1644,40323,92.37,63.17839545526906,1.9055921009064207,0,9,2,500,89.87,94.87,0.0,0.0,0.0,0.0,0.0,0.0
1645,44642,99.52,60.36230537200811,1.8226226993043155,2,6,2,500,99.05,100.0,0.0,0.0,0.0,0.0,0.0,0.0
1646,43030,83.88,64.29657422071412,1.913418265824793,2,10,2,500,83.04,84.71,0.0,0.0,0.0,0.0,0.0,0.0
1647,37905,100.0,66.698499268611,1.779605254023635,0,15,2,500,100.0,100.0,0.0,0.0,0.0,0.0,0.0,0.0
1648,44239,100.0,66.53873994826651,1.836462126642759,2,7,2,500,100.0,100.0,0.0,0.0,0.0,0.0,0.0,0.0
1649,43584,94.58,64.70561843672257,1.954965440404676,1,7,2,500,97.3,91.86,0.0,0.0,0.0,0.0,0.0,0.0
1650,45545,100.0,67.26407999207139,1.8817421956950944,2,5,2,500,100.0,100.0,0.0,0.0,0.0,0.0,0.0,0.0
1651,40323,100.0,65.53360860566985,1.8177635362369904,0,9,2,500,100.0,100.0,0.0,0.0,0.0,0.0,0.0,0.0
1652,39920,100.0,70.39864019698625,1.8967649498818104,0,10,2,500,100.0,100.0,0.0,0.0,0.0,0.0,0.0,0.0
1653,45297,100.0,65.93941559286506,1.971314406880901,3,6,2,500,100.0,100.0,0.0,0.0,0.0,0.0,0.0,0.0
1654,46855,100.0,59.44049024675871,1.832288927634126,4,5,2,500,100.0,100.0,0.0,0.0,0.0,0.0,0.0,0.0
1655,43836,100.0,63.29666747385252,1.87356933622844,2,8,2,500,100.0,100.0,0.0,0.0,0.0,0.0,0.0,0.0
1656,39920,91.4,65.80347975317764,1.921993503449961,0,10,2,500,90.74,92.05,0.0,0.0,0.0,0.0,0.0,0.0
1657,41129,90.89,64.35884752075026,1.8047532046648,0,7,2,500,92.73,89.05,0.0,0.0,0.0,0.0,0.0,0.0
1658,40323,98.23,69.31038214387388,1.8878889638650724,0,9,2,500,96.46,100.0,0.0,0.0,0.0,0.0,0.0,0.0
1659,38711,100.0,70.41754519932962,1.973756585508332,0,13,2,500,100.0,100.0,0.0,0.0,0.0,0.0,0.0,0.0
1660,40323,100.0,69.08806763577678,1.788262787706204,0,9,2,500,100.0,100.0,0.0,0.0,0.0,0.0,0.0,0.0
1661,38711,100.0,70.21830127402012,1.9580487670080275,0,13,2,500,100.0,100.0,0.0,0.0,0.0,0.0,0.0,0.0
1662,44642,100.0,69.1728875092265,1.8979116196868724,2,6,2,500,100.0,100.0,0.0,0.0,0.0,0.0,0.0,0.0
1663,40726,100.0,60.65738980586751,1.8752307485693367,0,8,2,500,100.0,100.0,0.0,0.0,0.0,0.0,0.0,0.0
1664,44642,100.0,65.24110829935036,1.8204715103178144,2,6,2,500,100.0,100.0,0.0,0.0,0.0,0.0,0.0,0.0
1665,41129,96.54,65.75331211368453,1.976240893518695,0,7,2,500,93.09,100.0,0.0,0.0,0.0,0.0,0.0,0.0
1666,40323,100.0,62.3174811419167,1.8312772445902303,0,9,2,500,100.0,100.0,0.0,0.0,0.0,0.0,0.0,0.0
1667,45801,100.0,62.07599860436289,1.9286985136093224,5,8,2,500,100.0,100.0,0.0,0.0,0.0,0.0,0.0,0.0
1668,44239,100.0,64.770988733915,1.8179766362247527,2,7,2,500,100.0,100.0,0.0,0.0,0.0,0.0,0.0,0.0
1669,44239,97.44,66.21461013119132,1.9564820711038653,2,7,2,500,96.12,98.75,0.0,0.0,0.0,0.0,0.0,0.0
1670,45698,88.49,66.13414174591607,1.881487570996068,2,4,2,500,85.66,91.32,0.0,0.0,0.0,0.0,0.0,0.0
1671,46855,100.0,60.561819682692,1.8331250108019888,4,5,2,500,100.0,100.0,0.0,0.0,0.0,0.0,0.0,0.0
1672,40323,98.78,57.99354588516248,1.865615390714052,0,9,2,500,100.0,97.56,0.0,0.0,0.0,0.0,0.0,0.0
1673,43836,96.02,65.64802501469015,1.805245873203064,2,8,2,500,93.28,98.77,0.0,0.0,0.0,0.0,0.0,0.0
1674,45549,100.0,61.72039296894662,1.7989792678182177,4,7,2,500,100.0,100.0,0.0,0.0,0.0,0.0,0.0,0.0
1675,39517,98.38,64.17265827648764,1.870329599928035,0,11,2,500,100.0,96.77,0.0,0.0,0.0,0.0,0.0,0.0
1676,43433,74.94,62.435793495160105,1.9313188861925183,2,9,2,500,74.36,75.53,0.0,0.0,0.0,0.0,0.0,0.0
1677,45247,100.0,69.11437074020796,1.827061273010503,6,11,2,500,100.0,100.0,0.0,0.0,0.0,0.0,0.0,0.0
1678,42375,99.96,61.063606183159855,1.9191899978020484,1,10,2,500,99.93,100.0,0.0,0.0,0.0,0.0,0.0,0.0
1679,45549,100.0,67.26360882785058,1.8208913254538688,4,7,2,500,100.0,100.0,0.0,0.0,0.0,0.0,0.0,0.0
1680,45545,98.08,60.90627827920967,1.933450346309428,2,5,2,500,96.17,100.0,0.0,0.0,0.0,0.0,0.0,0.0
1681,40726,100.0,63.05409868971219,1.8326424243756088,0,8,2,500,100.0,100.0,0.0,0.0,0.0,0.0,0.0,0.0
1682,46859,85.56,70.75953674498967,1.8446849688717644,6,7,2,500,77.64,93.47,0.0,0.0,0.0,0.0,0.0,0.0
1683,40726,100.0,60.69716236213524,1.8942351248885816,0,8,2,500,100.0,100.0,0.0,0.0,0.0,0.0,0.0,0.0
1684,41569,100.0,57.540098578322144,1.9057077094770127,1,12,2,500,100.0,100.0,0.0,0.0,0.0,0.0,0.0,0.0
1685,45545,100.0,70.86387103898902,1.92657916370571,2,5,2,500,100.0,100.0,0.0,0.0,0.0,0.0,0.0,0.0
1686,72024,91.64,60.25668312249229,1.861608221322961,6,2,2,500,86.68,96.59,0.0,0.0,0.0,0.0,0.0,0.0
1687,46855,100.0,69.62024111627922,1.8615140530585228,4,5,2,500,100.0,100.0,0.0,0.0,0.0,0.0,0.0,0.0
1688,44894,99.12,65.56305840682174,1.9933173660701449,3,7,2,500,100.0,98.23,0.0,0.0,0.0,0.0,0.0,0.0
1689,41532,100.0,68.15177616155752,1.6962926211964804,0,6,2,500,100.0,100.0,0.0,0.0,0.0,0.0,0.0,0.0
1690,40726,100.0,65.03630976566218,1.8399991059617944,0,8,2,500,100.0,100.0,0.0,0.0,0.0,0.0,0.0,0.0
1691,47208,100.0,63.59545558047542,1.91623433361136,4,4,2,500,100.0,100.0,0.0,0.0,0.0,0.0,0.0,0.0
1692,46855,100.0,62.67468263882063,1.901809744809048,4,5,2,500,100.0,100.0,0.0,0.0,0.0,0.0,0.0,0.0
1693,46204,98.72,61.65813976165157,1.8251242788463349,5,7,2,500,100.0,97.44,0.0,0.0,0.0,0.0,0.0,0.0
1694,42375,100.0,65.37561335025048,1.8834832868739064,1,10,2,500,100.0,100.0,0.0,0.0,0.0,0.0,0.0,0.0
1695,45545,97.65,66.43168147589972,1.877904731879175,2,5,2,500,95.3,100.0,0.0,0.0,0.0,0.0,0.0,0.0
1696,39517,100.0,68.60307665938143,1.9222457376147752,0,11,2,500,100.0,100.0,0.0,0.0,0.0,0.0,0.0,0.0
1697,43836,100.0,67.17821122427067,1.8285403057937024,2,8,2,500,100.0,100.0,0.0,0.0,0.0,0.0,0.0,0.0
1698,47208,91.24,64.91975829635825,1.9308778601130885,4,4,2,500,87.4,95.07,0.0,0.0,0.0,0.0,0.0,0.0
1699,40726,100.0,64.01219484101235,1.8557944655491847,0,8,2,500,100.0,100.0,0.0,0.0,0.0,0.0,0.0,0.0
1700,41821,100.0,66.10097311679047,1.8533138016677888,2,13,2,500,100.0,100.0,0.0,0.0,0.0,0.0,0.0,0.0
1701,40726,96.74,64.6569555206326,1.8930852085616787,0,8,2,500,93.47,100.0,0.0,0.0,0.0,0.0,0.0,0.0
1702,42224,100.0,67.43606027796807,1.9116201932509649,2,12,2,500,100.0,100.0,0.0,0.0,0.0,0.0,0.0,0.0
1703,43685,59.98,63.34398076560264,1.908551620875481,3,10,2,500,57.6,62.37,0.0,0.0,0.0,0.0,0.0,0.0
1704,42588,80.89,64.06932804462825,1.8879364111966268,0,4,2,500,77.75,84.03,0.0,0.0,0.0,0.0,0.0,0.0
1705,44491,47.55,67.02835265635235,1.8151324344847424,3,8,2,500,50.5,44.6,0.0,0.0,0.0,0.0,0.0,0.0
1706,46855,100.0,71.1680853725439,1.9733086443165748,4,5,2,500,100.0,100.0,0.0,0.0,0.0,0.0,0.0,0.0
1707,39920,100.0,64.59410078200689,1.915316808565486,0,10,2,500,100.0,100.0,0.0,0.0,0.0,0.0,0.0,0.0
1708,48511,100.0,67.27160681360638,1.840700231844372,4,3,2,500,100.0,100.0,0.0,0.0,0.0,0.0,0.0,0.0
1709,54520,82.53,59.98076338349966,1.8995889494338205,7,5,2,500,82.2,82.86,0.0,0.0,0.0,0.0,0.0,0.0
1710,47208,100.0,71.1764495473286,1.8864146461172369,4,4,2,500,100.0,100.0,0.0,0.0,0.0,0.0,0.0,0.0
1711,45549,100.0,64.40765897660125,1.948152164747572,4,7,2,500,100.0,100.0,0.0,0.0,0.0,0.0,0.0,0.0
1712,45545,85.46,68.24603149211553,1.8491598238609368,2,5,2,500,88.23,82.69,0.0,0.0,0.0,0.0,0.0,0.0
1713,45398,100.0,67.28674322302433,1.859890666949498,5,9,2,500,100.0,100.0,0.0,0.0,0.0,0.0,0.0,0.0
1714,46607,100.0,62.00653921463186,1.8320279223938027,5,6,2,500,100.0,100.0,0.0,0.0,0.0,0.0,0.0,0.0
1715,43836,100.0,67.01074231136333,1.920641912019366,2,8,2,500,100.0,100.0,0.0,0.0,0.0,0.0,0.0,0.0
1716,44239,92.42,63.16763223616752,1.8574627143901643,2,7,2,500,98.79,86.05,0.0,0.0,0.0,0.0,0.0,0.0
1717,45545,100.0,69.02184587646164,1.866799266566434,2,5,2,500,100.0,100.0,0.0,0.0,0.0,0.0,0.0,0.0
1718,45146,100.0,61.49434052048973,1.8430486210169248,4,8,2,500,100.0,100.0,0.0,0.0,0.0,0.0,0.0,0.0
1719,43584,100.0,61.40654689403848,1.839689860623535,1,7,2,500,100.0,100.0,0.0,0.0,0.0,0.0,0.0,0.0
1720,39920,100.0,68.81425422836652,1.872515878831532,0,10,2,500,100.0,100.0,0.0,0.0,0.0,0.0,0.0,0.0
1721,45952,79.98,61.07062727356045,1.87222276961751,4,6,2,500,84.33,75.63,0.0,0.0,0.0,0.0,0.0,0.0
1722,45545,100.0,65.83391160813503,1.8665645828991533,2,5,2,500,100.0,100.0,0.0,0.0,0.0,0.0,0.0,0.0
1723,44894,100.0,60.54736545436959,1.8660438913202904,3,7,2,500,100.0,100.0,0.0,0.0,0.0,0.0,0.0,0.0
1724,39517,100.0,67.04012662939353,1.778038581781606,0,11,2,500,100.0,100.0,0.0,0.0,0.0,0.0,0.0,0.0
1725,49519,100.0,62.88643841587822,1.8358183307717164,8,7,2,500,100.0,100.0,0.0,0.0,0.0,0.0,0.0,0.0
1726,45545,99.56,60.18397671588811,1.8335551225875752,2,5,2,500,99.11,100.0,0.0,0.0,0.0,0.0,0.0,0.0
1727,44642,100.0,68.19064966094552,1.8793520893663176,2,6,2,500,100.0,100.0,0.0,0.0,0.0,0.0,0.0,0.0
1728,44642,73.45,65.92892885621634,1.90509871381494,2,6,2,500,74.88,72.02,0.0,0.0,0.0,0.0,0.0,0.0
1729,43030,100.0,67.45970327330971,1.8638290107134463,2,10,2,500,100.0,100.0,0.0,0.0,0.0,0.0,0.0,0.0
1730,54018,100.0,61.63215370639653,1.9020667697126208,6,4,2,500,100.0,100.0,0.0,0.0,0.0,0.0,0.0,0.0
1731,40323,100.0,61.35267329471312,1.7787171636842896,0,9,2,500,100.0,100.0,0.0,0.0,0.0,0.0,0.0,0.0
1732,39920,100.0,62.5573739813666,1.8008541880884985,0,10,2,500,100.0,100.0,0.0,0.0,0.0,0.0,0.0,0.0
1733,44642,64.11,60.444020873411006,1.90182774197432,2,6,2,500,67.96,60.27,0.0,0.0,0.0,0.0,0.0,0.0
1734,43836,100.0,68.90121831796681,1.8328383105524584,2,8,2,500,100.0,100.0,0.0,0.0,0.0,0.0,0.0,0.0
1735,40323,94.14,66.50541773814756,1.801228672076172,0,9,2,500,88.27,100.0,0.0,0.0,0.0,0.0,0.0,0.0
1736,44890,100.0,63.43564793762219,1.8819943067443845,1,5,2,500,100.0,100.0,0.0,0.0,0.0,0.0,0.0,0.0
1737,60517,100.0,61.59783113711962,1.8442177521222989,4,1,2,500,100.0,100.0,0.0,0.0,0.0,0.0,0.0,0.0
1738,39114,100.0,67.60131068115797,1.8152377957549564,0,12,2,500,100.0,100.0,0.0,0.0,0.0,0.0,0.0,0.0
1739,45545,98.1,61.02811262679037,1.878742056443412,2,5,2,500,96.21,100.0,0.0,0.0,0.0,0.0,0.0,0.0
1740,72024,71.72,66.72036756325014,1.9096923064971272,6,2,2,500,72.44,71.01,0.0,0.0,0.0,0.0,0.0,0.0
1741,40726,100.0,59.4241534135027,1.8481691090840573,0,8,2,500,100.0,100.0,0.0,0.0,0.0,0.0,0.0,0.0
1742,42588,100.0,59.605913373693305,1.827155801336161,0,4,2,500,100.0,100.0,0.0,0.0,0.0,0.0,0.0,0.0
1743,44995,100.0,62.87434929463823,1.8218982360971108,5,10,2,500,100.0,100.0,0.0,0.0,0.0,0.0,0.0,0.0
1744,47462,85.94,67.6400942821456,1.8817182009964784,6,6,2,500,93.38,78.49,0.0,0.0,0.0,0.0,0.0,0.0
1745,37905,96.69,65.29686398626761,1.8468909476580089,0,15,2,500,93.38,100.0,0.0,0.0,0.0,0.0,0.0,0.0
1746,46855,100.0,62.87699574397565,1.9286812289737496,4,5,2,500,100.0,100.0,0.0,0.0,0.0,0.0,0.0,0.0
1747,40726,100.0,65.09531377451323,1.816857625390096,0,8,2,500,100.0,100.0,0.0,0.0,0.0,0.0,0.0,0.0
1748,43433,100.0,64.4394737901555,1.8195085724774136,2,9,2,500,100.0,100.0,0.0,0.0,0.0,0.0,0.0,0.0
1749,48009,100.0,60.24789981345746,1.8664020026335368,3,2,2,500,100.0,100.0,0.0,0.0,0.0,0.0,0.0,0.0
1750,45698,100.0,68.56749581107613,1.879176265137607,2,4,2,500,100.0,100.0,0.0,0.0,0.0,0.0,0.0,0.0
1751,43181,81.96,72.67135923088432,1.860319804554024,1,8,2,500,78.03,85.89,0.0,0.0,0.0,0.0,0.0,0.0
1752,44239,81.98,64.62920175378497,1.8487665558890696,2,7,2,500,82.63,81.33,0.0,0.0,0.0,0.0,0.0,0.0
1753,54018,100.0,61.559318138964485,1.748443079377337,6,4,2,500,100.0,100.0,0.0,0.0,0.0,0.0,0.0,0.0
1754,45297,98.47,67.38032274377687,1.8585282164125845,3,6,2,500,96.94,100.0,0.0,0.0,0.0,0.0,0.0,0.0
1755,45297,91.66,62.91354620018503,1.899462641188136,3,6,2,500,94.12,89.21,0.0,0.0,0.0,0.0,0.0,0.0
1756,45952,100.0,64.58658821837452,1.9281009996850715,4,6,2,500,100.0,100.0,0.0,0.0,0.0,0.0,0.0,0.0
1757,44340,100.0,67.84510322647321,1.880347223172776,4,10,2,500,100.0,100.0,0.0,0.0,0.0,0.0,0.0,0.0
1758,39517,100.0,71.64468733360805,1.819861352723764,0,11,2,500,100.0,100.0,0.0,0.0,0.0,0.0,0.0,0.0
1759,46855,72.78,60.90140526500651,1.86877096839844,4,5,2,500,76.23,69.32,0.0,0.0,0.0,0.0,0.0,0.0
1760,40726,100.0,62.09747589214341,1.8818111589864688,0,8,2,500,100.0,100.0,0.0,0.0,0.0,0.0,0.0,0.0
1761,45952,99.5,63.60466712286818,1.815090763885628,4,6,2,500,99.01,100.0,0.0,0.0,0.0,0.0,0.0,0.0
1762,44743,86.98,66.46363566207629,1.9223043791654555,4,9,2,500,84.9,89.06,0.0,0.0,0.0,0.0,0.0,0.0
1763,45549,100.0,64.46804513041396,1.7921143544527869,4,7,2,500,100.0,100.0,0.0,0.0,0.0,0.0,0.0,0.0
1764,42778,99.88,63.36242102056552,1.8796083951039608,1,9,2,500,100.0,99.76,0.0,0.0,0.0,0.0,0.0,0.0
1765,41532,100.0,67.66136744732158,1.966816344106164,0,6,2,500,100.0,100.0,0.0,0.0,0.0,0.0,0.0,0.0
1766,42588,98.67,61.718492826951966,1.9170609270664136,0,4,2,500,98.62,98.72,0.0,0.0,0.0,0.0,0.0,0.0
1767,45146,100.0,65.12922028129366,1.845596557648408,4,8,2,500,100.0,100.0,0.0,0.0,0.0,0.0,0.0,0.0
1768,40323,100.0,65.10916290796077,1.8310684944960915,0,9,2,500,100.0,100.0,0.0,0.0,0.0,0.0,0.0,0.0
1769,43030,100.0,64.90831791760117,1.8679082837599577,2,10,2,500,100.0,100.0,0.0,0.0,0.0,0.0,0.0,0.0
1770,44642,85.7,66.48141295755981,1.828640724377048,2,6,2,500,88.83,82.56,0.0,0.0,0.0,0.0,0.0,0.0
1771,53516,98.9,62.0366264983349,1.7759146303344635,5,3,2,500,97.8,100.0,0.0,0.0,0.0,0.0,0.0,0.0
1772,47208,100.0,66.849140395854,1.859074274007768,4,4,2,500,100.0,100.0,0.0,0.0,0.0,0.0,0.0,0.0
1773,53014,100.0,64.64126661812878,1.8683998448085928,4,2,2,500,100.0,100.0,0.0,0.0,0.0,0.0,0.0,0.0
1774,44642,100.0,64.82982615052971,1.8135593077239769,2,6,2,500,100.0,100.0,0.0,0.0,0.0,0.0,0.0,0.0
1775,42627,100.0,65.32120174810395,1.87651072688948,2,11,2,500,100.0,100.0,0.0,0.0,0.0,0.0,0.0,0.0
1776,54272,100.0,64.67584711225379,1.983272293653964,8,6,2,500,100.0,100.0,0.0,0.0,0.0,0.0,0.0,0.0
1777,61521,100.0,62.98773771459676,1.8632611157674777,6,3,2,500,100.0,100.0,0.0,0.0,0.0,0.0,0.0,0.0
1778,46855,71.6,71.15953129575317,1.872359692766279,4,5,2,500,69.47,73.72,0.0,0.0,0.0,0.0,0.0,0.0
1779,45952,45.09,63.0704586312609,1.8244833333920043,4,6,2,500,43.39,46.79,0.0,0.0,0.0,0.0,0.0,0.0
1780,46456,97.1,66.6014536909887,1.78463036255786,6,8,2,500,94.21,100.0,0.0,0.0,0.0,0.0,0.0,0.0
1781,42435,98.97,61.15334082749784,1.9082886741294365,0,5,2,500,100.0,97.94,0.0,0.0,0.0,0.0,0.0,0.0
1782,45952,100.0,60.68600575646625,1.8815673366199248,4,6,2,500,100.0,100.0,0.0,0.0,0.0,0.0,0.0,0.0
1783,46200,100.0,66.82776103353204,1.9451044956968204,3,5,2,500,100.0,100.0,0.0,0.0,0.0,0.0,0.0,0.0
1784,39920,97.93,64.50546363328044,1.938926447405521,0,10,2,500,100.0,95.86,0.0,0.0,0.0,0.0,0.0,0.0
1785,41129,100.0,60.876566500598784,1.775689958184902,0,7,2,500,100.0,100.0,0.0,0.0,0.0,0.0,0.0,0.0
1786,44642,100.0,61.008114120627965,1.884344348233118,2,6,2,500,100.0,100.0,0.0,0.0,0.0,0.0,0.0,0.0
1787,42588,100.0,63.96301003720632,1.920524045308472,0,4,2,500,100.0,100.0,0.0,0.0,0.0,0.0,0.0,0.0
1788,43181,99.87,64.39931768394105,1.904518540142861,1,8,2,500,99.74,100.0,0.0,0.0,0.0,0.0,0.0,0.0
1789,43836,100.0,62.76454296554572,1.8791302514907784,2,8,2,500,100.0,100.0,0.0,0.0,0.0,0.0,0.0,0.0
1790,41129,100.0,72.14604927866922,1.7650340390274537,0,7,2,500,100.0,100.0,0.0,0.0,0.0,0.0,0.0,0.0
1791,39920,89.6,63.17643906489313,1.87252173681684,0,10,2,500,96.54,82.65,0.0,0.0,0.0,0.0,0.0,0.0
1792,43030,100.0,64.54105280788932,1.8314625921336345,2,10,2,500,100.0,100.0,0.0,0.0,0.0,0.0,0.0,0.0
1793,44239,100.0,60.19880078508664,1.859361186385851,2,7,2,500,100.0,100.0,0.0,0.0,0.0,0.0,0.0,0.0
1794,46204,100.0,69.9210465286596,1.7737116405755156,5,7,2,500,100.0,100.0,0.0,0.0,0.0,0.0,0.0,0.0
1795,43836,94.98,65.12553555682545,1.919227930612729,2,8,2,500,96.42,93.55,0.0,0.0,0.0,0.0,0.0,0.0
1796,54018,100.0,65.62794284598657,1.924984458405581,6,4,2,500,100.0,100.0,0.0,0.0,0.0,0.0,0.0,0.0
1797,45549,96.4,65.15296091289179,1.8138905988515568,4,7,2,500,94.59,98.22,0.0,0.0,0.0,0.0,0.0,0.0
1798,47462,100.0,58.263608865607054,1.8562884374282984,6,6,2,500,100.0,100.0,0.0,0.0,0.0,0.0,0.0,0.0
1799,46855,100.0,62.44463839328787,1.8116812552801544,4,5,2,500,100.0,100.0,0.0,0.0,0.0,0.0,0.0,0.0
1800,62525,95.3,64.85810801913192,1.8483560953997509,8,5,2,500,100.0,90.61,0.0,0.0,0.0,0.0,0.0,0.0
1801,48009,100.0,63.394235523020974,1.780666494039115,3,2,2,500,100.0,100.0,0.0,0.0,0.0,0.0,0.0,0.0
1802,43030,89.87,68.95386690827063,1.892770275663628,2,10,2,500,81.93,97.81,0.0,0.0,0.0,0.0,0.0,0.0
1803,45549,86.24,63.31013639898429,1.9523915735847783,4,7,2,500,78.59,93.89,0.0,0.0,0.0,0.0,0.0,0.0
1804,73028,83.52,66.0623328930139,1.846353503488372,8,4,2,500,84.11,82.94,0.0,0.0,0.0,0.0,0.0,0.0
1805,42435,100.0,69.87831918643346,1.8169990699514715,0,5,2,500,100.0,100.0,0.0,0.0,0.0,0.0,0.0,0.0
1806,44239,100.0,62.882649930910105,1.895472236796017,2,7,2,500,100.0,100.0,0.0,0.0,0.0,0.0,0.0,0.0
1807,43836,100.0,69.93487280518198,1.886368606308052,2,8,2,500,100.0,100.0,0.0,0.0,0.0,0.0,0.0,0.0
1808,42375,100.0,64.95097675522449,1.8861679848722697,1,10,2,500,100.0,100.0,0.0,0.0,0.0,0.0,0.0,0.0
1809,46456,100.0,65.0951427992806,1.8011047380084846,6,8,2,500,100.0,100.0,0.0,0.0,0.0,0.0,0.0,0.0
1810,44239,99.95,68.941115094316,1.9002716867393088,2,7,2,500,100.0,99.9,0.0,0.0,0.0,0.0,0.0,0.0
1811,45297,72.96,67.4715059680672,1.9398003955330472,3,6,2,500,71.53,74.4,0.0,0.0,0.0,0.0,0.0,0.0
1812,45952,100.0,69.89573396310301,1.90597404739498,4,6,2,500,100.0,100.0,0.0,0.0,0.0,0.0,0.0,0.0
1813,85527,97.65,64.4653349652249,1.8568958527252792,6,1,2,500,100.0,95.29,0.0,0.0,0.0,0.0,0.0,0.0
1814,46204,100.0,67.32031011969111,1.8452953713203395,5,7,2,500,100.0,100.0,0.0,0.0,0.0,0.0,0.0,0.0
1815,45952,100.0,65.29999979507117,1.868678859389689,4,6,2,500,100.0,100.0,0.0,0.0,0.0,0.0,0.0,0.0
1816,43836,100.0,68.98745778504713,1.8677411160019093,2,8,2,500,100.0,100.0,0.0,0.0,0.0,0.0,0.0,0.0
1817,46200,98.2,61.51006159095586,1.833153252445349,3,5,2,500,100.0,96.4,0.0,0.0,0.0,0.0,0.0,0.0
1818,44743,100.0,61.90012610670613,1.8269903832533927,4,9,2,500,100.0,100.0,0.0,0.0,0.0,0.0,0.0,0.0
1819,54272,54.94,67.18583504120582,1.8897130641116189,8,6,2,500,51.34,58.54,0.0,0.0,0.0,0.0,0.0,0.0
1820,44743,100.0,68.01248679862799,1.7562504664722485,4,9,2,500,100.0,100.0,0.0,0.0,0.0,0.0,0.0,0.0
1821,72024,100.0,66.02164595864367,1.872816626303854,6,2,2,500,100.0,100.0,0.0,0.0,0.0,0.0,0.0,0.0
1822,46706,100.0,56.222512192829015,1.8247496437885145,3,3,2,500,100.0,100.0,0.0,0.0,0.0,0.0,0.0,0.0
1823,43937,78.24,55.52295264667925,1.9249863866559584,4,11,2,500,79.6,76.88,0.0,0.0,0.0,0.0,0.0,0.0
1824,45549,100.0,62.9620164207887,1.7905199845152586,4,7,2,500,100.0,100.0,0.0,0.0,0.0,0.0,0.0,0.0
1825,44890,98.86,65.22647395831761,1.859420522770911,1,5,2,500,100.0,97.72,0.0,0.0,0.0,0.0,0.0,0.0
1826,45545,100.0,68.05344968889335,1.838938093486828,2,5,2,500,100.0,100.0,0.0,0.0,0.0,0.0,0.0,0.0
1827,46859,86.62,64.41410838996309,1.828128306870581,6,7,2,500,84.76,88.49,0.0,0.0,0.0,0.0,0.0,0.0
1828,45549,100.0,60.71738224716422,1.8627156582720947,4,7,2,500,100.0,100.0,0.0,0.0,0.0,0.0,0.0,0.0
1829,43937,100.0,68.35400058357584,1.911634691487035,4,11,2,500,100.0,100.0,0.0,0.0,0.0,0.0,0.0,0.0
1830,39114,95.35,71.56205165308434,1.8596598390425536,0,12,2,500,90.71,100.0,0.0,0.0,0.0,0.0,0.0,0.0
1831,40323,100.0,63.56555176455001,1.8345545824581813,0,9,2,500,100.0,100.0,0.0,0.0,0.0,0.0,0.0,0.0
1832,62525,100.0,64.71182045480934,1.789478709508906,8,5,2,500,100.0,100.0,0.0,0.0,0.0,0.0,0.0,0.0
1833,40323,99.57,69.10001736022977,1.858113857097056,0,9,2,500,99.14,100.0,0.0,0.0,0.0,0.0,0.0,0.0
1834,45297,99.78,60.46018004207901,1.9625265250903656,3,6,2,500,100.0,99.55,0.0,0.0,0.0,0.0,0.0,0.0
1835,41129,86.92,68.26338960853067,1.88388231750068,0,7,2,500,84.88,88.95,0.0,0.0,0.0,0.0,0.0,0.0
1836,46859,100.0,67.63434223917355,1.94524027954052,6,7,2,500,100.0,100.0,0.0,0.0,0.0,0.0,0.0,0.0
1837,42435,85.04,62.728947441855375,1.8584731949820568,0,5,2,500,80.72,89.36,0.0,0.0,0.0,0.0,0.0,0.0
1838,42894,100.0,65.28981324428997,1.8642333337626176,0,2,2,500,100.0,100.0,0.0,0.0,0.0,0.0,0.0,0.0
1839,45545,41.94,69.93443718229132,1.8760984453810567,2,5,2,500,39.72,44.16,0.0,0.0,0.0,0.0,0.0,0.0
1840,42435,100.0,65.85132402528316,1.8327902702923475,0,5,2,500,100.0,100.0,0.0,0.0,0.0,0.0,0.0,0.0
1841,73282,100.0,70.44377033689007,1.830603963754787,10,6,2,500,100.0,100.0,0.0,0.0,0.0,0.0,0.0,0.0
1842,53516,100.0,60.88882575594791,1.830405156049072,5,3,2,500,100.0,100.0,0.0,0.0,0.0,0.0,0.0,0.0
1843,45952,100.0,66.73100457626293,1.80141118401544,4,6,2,500,100.0,100.0,0.0,0.0,0.0,0.0,0.0,0.0
1844,41129,98.88,56.52424295463047,1.8424273701167984,0,7,2,500,100.0,97.75,0.0,0.0,0.0,0.0,0.0,0.0
1845,47462,100.0,58.1614673476121,1.8075621741849908,6,6,2,500,100.0,100.0,0.0,0.0,0.0,0.0,0.0,0.0
1846,45043,100.0,66.95271205767838,1.8253821115611488,1,4,2,500,100.0,100.0,0.0,0.0,0.0,0.0,0.0,0.0
1847,47710,100.0,62.2056433601626,1.8950658460276253,5,5,2,500,100.0,100.0,0.0,0.0,0.0,0.0,0.0,0.0
1848,46855,99.54,61.97597334791708,1.818037972121911,4,5,2,500,99.09,100.0,0.0,0.0,0.0,0.0,0.0,0.0
1849,45698,92.7,63.95574000355733,1.823385506331417,2,4,2,500,100.0,85.41,0.0,0.0,0.0,0.0,0.0,0.0
1850,46204,95.5,62.71754795552254,1.8601815815100269,2,2,2,500,94.38,96.62,0.0,0.0,0.0,0.0,0.0,0.0
1851,43433,90.84,65.39201916801971,1.85247164190749,2,9,2,500,100.0,81.68,0.0,0.0,0.0,0.0,0.0,0.0
1852,47208,100.0,58.558730885436944,1.854820017717591,4,4,2,500,100.0,100.0,0.0,0.0,0.0,0.0,0.0,0.0
1853,42435,99.26,68.273129855536,1.8069813663690208,0,5,2,500,99.03,99.5,0.0,0.0,0.0,0.0,0.0,0.0
1854,42588,88.97,65.52757830358134,1.8923000128872176,0,4,2,500,89.49,88.45,0.0,0.0,0.0,0.0,0.0,0.0
1855,44642,100.0,61.8526300647582,1.901535397552643,2,6,2,500,100.0,100.0,0.0,0.0,0.0,0.0,0.0,0.0
1856,46456,100.0,65.56746463336106,1.7731301543607088,6,8,2,500,100.0,100.0,0.0,0.0,0.0,0.0,0.0,0.0
1857,72024,94.72,69.59845668668132,1.824638656642372,6,2,2,500,89.43,100.0,0.0,0.0,0.0,0.0,0.0,0.0
1858,72024,100.0,59.89823974274222,1.8851941415393367,6,2,2,500,100.0,100.0,0.0,0.0,0.0,0.0,0.0,0.0
1859,45952,53.68,64.62342664579248,1.909964244660036,4,6,2,500,56.5,50.86,0.0,0.0,0.0,0.0,0.0,0.0
1860,150000,87.14,66.34546775118145,1.840225354132184,10,1,2,500,78.13,96.14,0.0,0.0,0.0,0.0,0.0,0.0
1861,46204,100.0,61.53475848469122,1.8713371474204,5,7,2,500,100.0,100.0,0.0,0.0,0.0,0.0,0.0,0.0
1862,54018,81.7,64.87687981286983,1.7964937394240967,6,4,2,500,85.81,77.6,0.0,0.0,0.0,0.0,0.0,0.0
1863,46353,99.44,65.21048885266036,1.823517021783368,3,4,2,500,100.0,98.88,0.0,0.0,0.0,0.0,0.0,0.0
1864,43836,100.0,65.2297641624801,1.8119530296429744,2,8,2,500,100.0,100.0,0.0,0.0,0.0,0.0,0.0,0.0
1865,73020,78.49,65.1668781415427,1.8534291358586432,4,0,2,500,76.09,80.89,0.0,0.0,0.0,0.0,0.0,0.0
1866,48511,100.0,65.66376072241987,1.760525486828816,4,3,2,500,100.0,100.0,0.0,0.0,0.0,0.0,0.0,0.0
1867,46855,88.06,69.50114282143647,1.8203425302237983,4,5,2,500,79.21,96.9,0.0,0.0,0.0,0.0,0.0,0.0
1868,45851,100.0,69.13075316464884,1.7527886473068492,2,3,2,500,100.0,100.0,0.0,0.0,0.0,0.0,0.0,0.0
1869,54272,91.33,66.62835626157988,1.9676412577067848,8,6,2,500,95.59,87.07,0.0,0.0,0.0,0.0,0.0,0.0
1870,72024,100.0,63.9835105744776,1.840882961580702,6,2,2,500,100.0,100.0,0.0,0.0,0.0,0.0,0.0,0.0
1871,45545,100.0,70.48962435617187,1.775537322708442,2,5,2,500,100.0,100.0,0.0,0.0,0.0,0.0,0.0,0.0
1872,46859,99.43,64.12561175362345,1.8155329406246503,6,7,2,500,100.0,98.86,0.0,0.0,0.0,0.0,0.0,0.0
1873,48511,100.0,63.37505119806601,1.8301031500968497,4,3,2,500,100.0,100.0,0.0,0.0,0.0,0.0,0.0,0.0
1874,86531,98.0,66.0317343489138,1.931204707435908,8,3,2,500,96.0,100.0,0.0,0.0,0.0,0.0,0.0,0.0
1875,53014,96.02,65.61754899090022,1.809289977681684,4,2,2,500,93.35,98.68,0.0,0.0,0.0,0.0,0.0,0.0
1876,46855,100.0,67.86888824625309,1.8075572514264853,4,5,2,500,100.0,100.0,0.0,0.0,0.0,0.0,0.0,0.0
1877,44890,97.12,64.66401395905211,1.8393042390260688,1,5,2,500,100.0,94.24,0.0,0.0,0.0,0.0,0.0,0.0
1878,44642,98.83,64.76484774756148,1.84691749611238,2,6,2,500,97.66,100.0,0.0,0.0,0.0,0.0,0.0,0.0
1879,43433,96.56,67.53632766869305,1.832028039164506,2,9,2,500,93.11,100.0,0.0,0.0,0.0,0.0,0.0,0.0
1880,46200,88.24,66.0179667350379,1.783568545362703,3,5,2,500,94.84,81.64,0.0,0.0,0.0,0.0,0.0,0.0
1881,54272,100.0,64.79276425917962,1.8642864208613297,8,6,2,500,100.0,100.0,0.0,0.0,0.0,0.0,0.0,0.0
1882,124035,100.0,68.48472533199255,1.891472777181048,7,0,2,500,100.0,100.0,0.0,0.0,0.0,0.0,0.0,0.0
1883,43030,100.0,65.95347861114139,1.8303964026858828,2,10,2,500,100.0,100.0,0.0,0.0,0.0,0.0,0.0,0.0
1884,46607,100.0,64.57266000660097,1.8348943129559216,5,6,2,500,100.0,100.0,0.0,0.0,0.0,0.0,0.0,0.0
1885,45851,100.0,62.83738155694806,1.8197421269829068,2,3,2,500,100.0,100.0,0.0,0.0,0.0,0.0,0.0,0.0
1886,49515,74.44,63.52929969729592,1.779645386169615,6,5,2,500,76.51,72.37,0.0,0.0,0.0,0.0,0.0,0.0
1887,87535,100.0,64.2176093437184,1.848886792998124,10,5,2,500,100.0,100.0,0.0,0.0,0.0,0.0,0.0,0.0
1888,62023,100.0,61.45016325694062,1.7317631754563103,7,4,2,500,100.0,100.0,0.0,0.0,0.0,0.0,0.0,0.0
1889,47710,100.0,61.33658824418942,1.794205443164958,5,5,2,500,100.0,100.0,0.0,0.0,0.0,0.0,0.0,0.0
1890,44340,100.0,65.20632502408331,1.9503902082659603,4,10,2,500,100.0,100.0,0.0,0.0,0.0,0.0,0.0,0.0
1891,43836,88.49,61.39752415308209,1.7850862566201084,2,8,2,500,81.48,95.5,0.0,0.0,0.0,0.0,0.0,0.0
1892,46708,100.0,69.07736823776054,1.9508696519768889,7,9,2,500,100.0,100.0,0.0,0.0,0.0,0.0,0.0,0.0
1893,45698,100.0,63.184593340760095,1.8177999524713973,2,4,2,500,100.0,100.0,0.0,0.0,0.0,0.0,0.0,0.0
1894,45549,100.0,66.12278095353005,1.871534279339329,4,7,2,500,100.0,100.0,0.0,0.0,0.0,0.0,0.0,0.0
1895,45146,90.0,62.970608950289815,1.8350339096736603,4,8,2,500,81.24,98.77,0.0,0.0,0.0,0.0,0.0,0.0
1896,49515,100.0,64.2932137299259,1.850176485932846,6,5,2,500,100.0,100.0,0.0,0.0,0.0,0.0,0.0,0.0
1897,42435,95.17,65.65311392144123,1.821221036324144,0,5,2,500,90.34,100.0,0.0,0.0,0.0,0.0,0.0,0.0
1898,45146,100.0,61.48851381232196,1.8650435880863103,4,8,2,500,100.0,100.0,0.0,0.0,0.0,0.0,0.0,0.0
1899,54272,100.0,67.69291440931023,1.842594125607718,8,6,2,500,100.0,100.0,0.0,0.0,0.0,0.0,0.0,0.0
1900,46607,97.46,62.57399285248909,1.911389217671295,5,6,2,500,100.0,94.91,0.0,0.0,0.0,0.0,0.0,0.0
1901,61521,100.0,72.44778311023514,1.887599620084513,6,3,2,500,100.0,100.0,0.0,0.0,0.0,0.0,0.0,0.0
1902,44088,97.87,60.02147287484131,1.8510006338742149,3,9,2,500,100.0,95.74,0.0,0.0,0.0,0.0,0.0,0.0
1903,85527,36.27,69.30134176112617,1.8199130729960569,6,1,2,500,35.67,36.87,0.0,0.0,0.0,0.0,0.0,0.0
1904,44239,100.0,60.51439985584437,1.8621381838556368,2,7,2,500,100.0,100.0,0.0,0.0,0.0,0.0,0.0,0.0
1905,54272,100.0,61.35633042394837,1.8328074355114368,8,6,2,500,100.0,100.0,0.0,0.0,0.0,0.0,0.0,0.0
1906,45952,100.0,61.52623114872886,1.824617265967489,4,6,2,500,100.0,100.0,0.0,0.0,0.0,0.0,0.0,0.0
1907,46855,100.0,66.10886896435348,1.8628546461789133,4,5,2,500,100.0,100.0,0.0,0.0,0.0,0.0,0.0,0.0
1908,104030,63.39,61.429852241998624,1.895568338588946,6,0,2,500,65.6,61.18,0.0,0.0,0.0,0.0,0.0,0.0
1909,45146,100.0,65.85500663123376,1.828076063881518,4,8,2,500,100.0,100.0,0.0,0.0,0.0,0.0,0.0,0.0
1910,46204,100.0,62.31831139050489,1.9074742029929503,2,2,2,500,100.0,100.0,0.0,0.0,0.0,0.0,0.0,0.0
1911,45952,100.0,63.665411330264895,1.8010806162119577,4,6,2,500,100.0,100.0,0.0,0.0,0.0,0.0,0.0,0.0
1912,72024,100.0,64.86027559476602,1.8686032814568765,6,2,2,500,100.0,100.0,0.0,0.0,0.0,0.0,0.0,0.0
1913,44239,100.0,66.76391394209158,1.8368286150950976,2,7,2,500,100.0,100.0,0.0,0.0,0.0,0.0,0.0,0.0
1914,45851,97.58,61.57618349586944,1.7564894822629906,2,3,2,500,95.17,100.0,0.0,0.0,0.0,0.0,0.0,0.0
1915,48009,90.34,65.93586887690113,1.7403460130987642,3,2,2,500,80.68,100.0,0.0,0.0,0.0,0.0,0.0,0.0
1916,46859,97.88,62.83712282860796,1.82086568310406,6,7,2,500,95.77,100.0,0.0,0.0,0.0,0.0,0.0,0.0
1917,47462,100.0,60.18731443639194,1.7998108812575386,6,6,2,500,100.0,100.0,0.0,0.0,0.0,0.0,0.0,0.0
1918,61521,86.08,61.6926211530192,1.8784537929377487,6,3,2,500,89.01,83.16,0.0,0.0,0.0,0.0,0.0,0.0
1919,43836,88.28,65.82178200895306,1.702741955700134,2,8,2,500,90.39,86.18,0.0,0.0,0.0,0.0,0.0,0.0
1920,46200,99.97,63.88633090084444,1.8703637297208664,3,5,2,500,100.0,99.94,0.0,0.0,0.0,0.0,0.0,0.0
1921,47208,59.66,58.9715553780606,1.836683693061184,4,4,2,500,60.11,59.22,0.0,0.0,0.0,0.0,0.0,0.0
1922,73028,80.52,66.30329422013926,1.871714917562522,8,4,2,500,87.58,73.45,0.0,0.0,0.0,0.0,0.0,0.0
1923,47462,100.0,66.10670501525685,1.8794872517729264,6,6,2,500,100.0,100.0,0.0,0.0,0.0,0.0,0.0,0.0
1924,45549,97.88,66.43728374450933,1.8855554865889343,4,7,2,500,95.77,100.0,0.0,0.0,0.0,0.0,0.0,0.0
1925,54272,99.9,65.97739886583956,1.8185449644854288,8,6,2,500,100.0,99.8,0.0,0.0,0.0,0.0,0.0,0.0
1926,43433,99.25,62.25830021800055,1.7813340460391227,2,9,2,500,98.5,100.0,0.0,0.0,0.0,0.0,0.0,0.0
1927,45952,100.0,60.17798857047974,1.791549938289792,4,6,2,500,100.0,100.0,0.0,0.0,0.0,0.0,0.0,0.0
1928,43987,70.04,66.00378424942215,1.8222373010943893,1,6,2,500,63.5,76.58,0.0,0.0,0.0,0.0,0.0,0.0
1929,46200,98.78,66.51809754276476,1.831777171939964,3,5,2,500,100.0,97.56,0.0,0.0,0.0,0.0,0.0,0.0
1930,43836,100.0,63.98345773876372,1.754735039780026,2,8,2,500,100.0,100.0,0.0,0.0,0.0,0.0,0.0,0.0
1931,45549,100.0,66.96498818730564,1.8356045146579376,4,7,2,500,100.0,100.0,0.0,0.0,0.0,0.0,0.0,0.0
1932,53014,100.0,62.269547453860405,1.7344970247023253,4,2,2,500,100.0,100.0,0.0,0.0,0.0,0.0,0.0,0.0
1933,47208,100.0,65.08991601904317,1.847541267675449,4,4,2,500,100.0,100.0,0.0,0.0,0.0,0.0,0.0,0.0
1934,44592,100.0,62.72809901079102,1.8432763755163115,5,11,2,500,100.0,100.0,0.0,0.0,0.0,0.0,0.0,0.0
1935,62277,92.2,61.92493805761789,1.836131165305369,9,6,2,500,98.85,85.54,0.0,0.0,0.0,0.0,0.0,0.0
1936,45952,100.0,66.52533382288689,1.823593492818245,4,6,2,500,100.0,100.0,0.0,0.0,0.0,0.0,0.0,0.0
1937,42588,100.0,58.70885460679487,1.8575150108319547,0,4,2,500,100.0,100.0,0.0,0.0,0.0,0.0,0.0,0.0
1938,47710,83.19,63.02983811596144,1.8350244892284928,5,5,2,500,86.22,80.16,0.0,0.0,0.0,0.0,0.0,0.0
1939,54018,100.0,65.46522911666504,1.8969073923420352,6,4,2,500,100.0,100.0,0.0,0.0,0.0,0.0,0.0,0.0
1940,124035,96.94,64.63827813697979,1.880301573073745,7,0,2,500,93.89,100.0,0.0,0.0,0.0,0.0,0.0,0.0
1941,40726,100.0,64.633612328239,1.840237720958957,0,8,2,500,100.0,100.0,0.0,0.0,0.0,0.0,0.0,0.0
1942,44491,100.0,64.0841421919903,1.8417292335797053,3,8,2,500,100.0,100.0,0.0,0.0,0.0,0.0,0.0,0.0
1943,46706,98.72,67.70561916286997,1.927768179964923,3,3,2,500,97.44,100.0,0.0,0.0,0.0,0.0,0.0,0.0
1944,44743,86.01,64.6158645057618,1.7501664114587805,4,9,2,500,85.71,86.31,0.0,0.0,0.0,0.0,0.0,0.0
1945,46353,100.0,64.80581667449329,1.878834961091896,3,4,2,500,100.0,100.0,0.0,0.0,0.0,0.0,0.0,0.0
1946,46053,100.0,64.5551881914773,1.854215059964453,6,9,2,500,100.0,100.0,0.0,0.0,0.0,0.0,0.0,0.0
1947,54018,100.0,69.04379742256249,1.8286922016885023,6,4,2,500,100.0,100.0,0.0,0.0,0.0,0.0,0.0,0.0
1948,47208,100.0,61.873012589468125,1.8589003329263465,4,4,2,500,100.0,100.0,0.0,0.0,0.0,0.0,0.0,0.0
1949,47208,97.93,69.11788480394755,1.7765626687250702,4,4,2,500,100.0,95.86,0.0,0.0,0.0,0.0,0.0,0.0
1950,47710,99.81,64.0365247240778,1.760562236436674,5,5,2,500,99.62,100.0,0.0,0.0,0.0,0.0,0.0,0.0
1951,49515,59.67,66.15962122825547,1.8274336784002023,6,5,2,500,67.68,51.65,0.0,0.0,0.0,0.0,0.0,0.0
1952,46855,100.0,67.03384911859456,1.8006861802689087,4,5,2,500,100.0,100.0,0.0,0.0,0.0,0.0,0.0,0.0
1953,49519,100.0,70.8913425819028,1.7504588581004392,8,7,2,500,100.0,100.0,0.0,0.0,0.0,0.0,0.0,0.0
1954,45698,99.96,68.6360647990973,1.750976589014537,2,4,2,500,99.92,100.0,0.0,0.0,0.0,0.0,0.0,0.0
1955,46859,100.0,65.48506351387503,1.8529163347887383,6,7,2,500,100.0,100.0,0.0,0.0,0.0,0.0,0.0,0.0
1956,46305,100.0,64.72585433717143,1.8587276797700605,7,10,2,500,100.0,100.0,0.0,0.0,0.0,0.0,0.0,0.0
1957,44239,100.0,63.26403240631026,1.9248654777480845,2,7,2,500,100.0,100.0,0.0,0.0,0.0,0.0,0.0,0.0
1958,46855,100.0,63.20181946250218,1.843907659173659,4,5,2,500,100.0,100.0,0.0,0.0,0.0,0.0,0.0,0.0
1959,73028,100.0,60.61898240363928,1.895690253144112,8,4,2,500,100.0,100.0,0.0,0.0,0.0,0.0,0.0,0.0
1960,45952,100.0,64.79615551349539,1.829686061572022,4,6,2,500,100.0,100.0,0.0,0.0,0.0,0.0,0.0,0.0
1961,40726,100.0,69.08888120364955,1.846176738586746,0,8,2,500,100.0,100.0,0.0,0.0,0.0,0.0,0.0,0.0
1962,54018,100.0,65.19849116826403,1.831204712148914,6,4,2,500,100.0,100.0,0.0,0.0,0.0,0.0,0.0,0.0
1963,47710,100.0,62.8775604344429,1.7555976779378588,5,5,2,500,100.0,100.0,0.0,0.0,0.0,0.0,0.0,0.0
1964,44239,100.0,64.26991323467065,1.6837448999543467,2,7,2,500,100.0,100.0,0.0,0.0,0.0,0.0,0.0,0.0
1965,47710,97.88,61.98382388083796,1.7789316063787763,5,5,2,500,100.0,95.77,0.0,0.0,0.0,0.0,0.0,0.0
1966,45698,100.0,63.90756770567194,1.8459539828338056,2,4,2,500,100.0,100.0,0.0,0.0,0.0,0.0,0.0,0.0
1967,103034,91.68,57.76054298121663,1.870109582001862,8,2,2,500,83.36,100.0,0.0,0.0,0.0,0.0,0.0,0.0
1968,45650,100.0,66.71651151070951,1.8508445455850533,6,10,2,500,100.0,100.0,0.0,0.0,0.0,0.0,0.0,0.0
1969,61521,100.0,62.724352173469896,1.88444239389214,6,3,2,500,100.0,100.0,0.0,0.0,0.0,0.0,0.0,0.0
1970,47462,85.9,62.78329611720538,1.850381849244706,6,6,2,500,88.85,82.94,0.0,0.0,0.0,0.0,0.0,0.0
1971,49515,100.0,62.933675060766106,1.841430353409596,6,5,2,500,100.0,100.0,0.0,0.0,0.0,0.0,0.0,0.0
1972,61521,94.96,63.69631951258789,1.7620716475347085,6,3,2,500,100.0,89.92,0.0,0.0,0.0,0.0,0.0,0.0
1973,44340,91.12,61.64546462003657,1.809537129441956,4,10,2,500,90.52,91.72,0.0,0.0,0.0,0.0,0.0,0.0
1974,45545,100.0,67.46516847500865,1.7863329098931031,2,5,2,500,100.0,100.0,0.0,0.0,0.0,0.0,0.0,0.0
1975,45545,100.0,59.90787805995448,1.8641145612155063,2,5,2,500,100.0,100.0,0.0,0.0,0.0,0.0,0.0,0.0
1976,44894,92.43,64.3474669730556,1.8699134029541733,3,7,2,500,92.73,92.12,0.0,0.0,0.0,0.0,0.0,0.0
1977,44642,100.0,61.47062134817749,1.88116972763824,2,6,2,500,100.0,100.0,0.0,0.0,0.0,0.0,0.0,0.0
1978,103034,63.46,67.42750788039953,1.825860996318679,8,2,2,500,60.68,66.25,0.0,0.0,0.0,0.0,0.0,0.0
1979,46706,68.96,67.63238001011396,1.835752884380192,3,3,2,500,63.84,74.07,0.0,0.0,0.0,0.0,0.0,0.0
1980,62525,100.0,60.44778718133358,1.826798531261342,8,5,2,500,100.0,100.0,0.0,0.0,0.0,0.0,0.0,0.0
1981,124035,100.0,60.81790570364902,1.7886354892975018,7,0,2,500,100.0,100.0,0.0,0.0,0.0,0.0,0.0,0.0
1982,73020,96.47,61.166562570602274,1.831332897564099,4,0,2,500,92.94,100.0,0.0,0.0,0.0,0.0,0.0,0.0
1983,45549,98.68,64.6331468381842,1.758671389722362,4,7,2,500,100.0,97.37,0.0,0.0,0.0,0.0,0.0,0.0
1984,45952,98.65,61.27065938997232,1.7160598247448853,4,6,2,500,100.0,97.3,0.0,0.0,0.0,0.0,0.0,0.0
1985,46607,100.0,65.57334124218154,1.8836202759895129,5,6,2,500,100.0,100.0,0.0,0.0,0.0,0.0,0.0,0.0
1986,47208,85.72,64.7595349161074,1.8544827272820328,4,4,2,500,85.86,85.57,0.0,0.0,0.0,0.0,0.0,0.0
1987,54018,100.0,64.74308087315583,1.865391188731908,6,4,2,500,100.0,100.0,0.0,0.0,0.0,0.0,0.0,0.0
1988,45952,97.01,67.92485761364071,1.8633282040402388,4,6,2,500,100.0,94.02,0.0,0.0,0.0,0.0,0.0,0.0
1989,86029,100.0,66.13766209259552,1.7711794631843856,7,2,2,500,100.0,100.0,0.0,0.0,0.0,0.0,0.0,0.0
1990,49515,100.0,62.07881147170865,1.8252377170495804,6,5,2,500,100.0,100.0,0.0,0.0,0.0,0.0,0.0,0.0
1991,54520,98.84,69.71495658923907,1.770533679366932,7,5,2,500,100.0,97.67,0.0,0.0,0.0,0.0,0.0,0.0
1992,44239,100.0,60.62686685790355,1.8383568158824024,2,7,2,500,100.0,100.0,0.0,0.0,0.0,0.0,0.0,0.0
1993,47208,84.98,65.2731260175574,1.894048264114568,4,4,2,500,77.45,92.52,0.0,0.0,0.0,0.0,0.0,0.0
1994,46353,77.81,67.49659565840007,1.8394904939900885,3,4,2,500,75.0,80.61,0.0,0.0,0.0,0.0,0.0,0.0
1995,47966,99.96,69.09777301109365,1.8567968792292184,8,8,2,500,99.92,100.0,0.0,0.0,0.0,0.0,0.0,0.0
1996,40726,94.2,68.68201199821398,1.7619124979127736,0,8,2,500,90.42,97.97,0.0,0.0,0.0,0.0,0.0,0.0
1997,43584,100.0,68.31900625845998,1.8759404262559627,1,7,2,500,100.0,100.0,0.0,0.0,0.0,0.0,0.0,0.0
1998,45698,100.0,65.48613499962215,1.803459959225022,2,4,2,500,100.0,100.0,0.0,0.0,0.0,0.0,0.0,0.0
1999,44642,99.51,58.30086493338855,1.829661611235752,2,6,2,500,100.0,99.02,0.0,0.0,0.0,0.0,0.0,0.0
2000,44890,100.0,67.89063353447251,1.874859676327375,1,5,2,500,100.0,100.0,0.0,0.0,0.0,0.0,0.0,0.0
2001,46204,99.21,69.16795473953366,1.893042199797188,5,7,2,500,98.42,100.0,0.0,0.0,0.0,0.0,0.0,0.0
2002,46859,79.0,63.16284805404962,1.765408842203173,6,7,2,500,75.86,82.15,0.0,0.0,0.0,0.0,0.0,0.0
2003,86531,84.23,66.8980587017825,1.725279902306713,8,3,2,500,96.84,71.62,0.0,0.0,0.0,0.0,0.0,0.0
2004,44642,97.49,65.09237096139749,1.761819292275825,2,6,2,500,94.98,100.0,0.0,0.0,0.0,0.0,0.0,0.0
2005,40323,100.0,63.40859913166734,1.789220924171656,0,9,2,500,100.0,100.0,0.0,0.0,0.0,0.0,0.0,0.0
2006,46706,100.0,65.75124882242208,1.8861505856142504,3,3,2,500,100.0,100.0,0.0,0.0,0.0,0.0,0.0,0.0
2007,45549,92.45,60.329085766537446,1.854861475406124,4,7,2,500,84.9,100.0,0.0,0.0,0.0,0.0,0.0,0.0
2008,73028,98.94,66.50396223704001,1.8655409948559865,8,4,2,500,100.0,97.89,0.0,0.0,0.0,0.0,0.0,0.0
2009,45952,100.0,67.49556864880932,1.8781655434771904,4,6,2,500,100.0,100.0,0.0,0.0,0.0,0.0,0.0,0.0
2010,44743,96.02,60.4046450531283,1.818674087891777,4,9,2,500,100.0,92.04,0.0,0.0,0.0,0.0,0.0,0.0
2011,46855,99.34,67.09919895071786,1.8302139931871069,4,5,2,500,100.0,98.67,0.0,0.0,0.0,0.0,0.0,0.0
2012,147040,100.0,64.88531204208476,1.864404704806325,8,0,2,500,100.0,100.0,0.0,0.0,0.0,0.0,0.0,0.0
2013,54272,95.88,61.55597222620501,1.7622279808300867,8,6,2,500,100.0,91.75,0.0,0.0,0.0,0.0,0.0,0.0
2014,72024,100.0,66.5935784484277,1.8400881778626268,6,2,2,500,100.0,100.0,0.0,0.0,0.0,0.0,0.0,0.0
2015,45297,74.74,66.84987582993205,1.805265273804301,3,6,2,500,75.57,73.9,0.0,0.0,0.0,0.0,0.0,0.0
2016,60517,100.0,67.48195687418976,1.8349668966981645,4,1,2,500,100.0,100.0,0.0,0.0,0.0,0.0,0.0,0.0
2017,45549,100.0,63.7295577285073,1.7916286200916072,4,7,2,500,100.0,100.0,0.0,0.0,0.0,0.0,0.0,0.0
2018,45698,100.0,71.82241543537957,1.7469817846228657,2,4,2,500,100.0,100.0,0.0,0.0,0.0,0.0,0.0,0.0
2019,45297,100.0,61.19775527657088,1.8625409099008383,3,6,2,500,100.0,100.0,0.0,0.0,0.0,0.0,0.0,0.0
2020,45952,100.0,68.76410380103255,1.86282775490574,4,6,2,500,100.0,100.0,0.0,0.0,0.0,0.0,0.0,0.0
2021,41532,86.3,64.77288936446763,1.7463583061052792,0,6,2,500,91.13,81.47,0.0,0.0,0.0,0.0,0.0,0.0
2022,103536,95.94,67.58642831652043,1.8132043243092573,9,3,2,500,100.0,91.87,0.0,0.0,0.0,0.0,0.0,0.0
2023,47363,100.0,64.59892164175226,1.7443579189635985,8,9,2,500,100.0,100.0,0.0,0.0,0.0,0.0,0.0,0.0
2024,87025,100.0,60.38733604273591,1.8497908835047088,5,0,2,500,100.0,100.0,0.0,0.0,0.0,0.0,0.0,0.0
2025,49515,100.0,62.530330591983486,1.7937146858866175,6,5,2,500,100.0,100.0,0.0,0.0,0.0,0.0,0.0,0.0
2026,73028,74.3,65.73022416768978,1.8591897427801585,8,4,2,500,73.42,75.17,0.0,0.0,0.0,0.0,0.0,0.0
2027,104030,100.0,66.70492184220862,1.7493880784358256,6,0,2,500,100.0,100.0,0.0,0.0,0.0,0.0,0.0,0.0
2028,62525,100.0,64.7723687358132,1.8698032608388504,8,5,2,500,100.0,100.0,0.0,0.0,0.0,0.0,0.0,0.0
2029,60517,100.0,69.30736026678943,1.8000739534330152,4,1,2,500,100.0,100.0,0.0,0.0,0.0,0.0,0.0,0.0
2030,45545,86.48,65.13248388986892,1.7632347060970333,2,5,2,500,94.09,78.88,0.0,0.0,0.0,0.0,0.0,0.0
2031,46200,100.0,64.52359477843915,1.8794322744302976,3,5,2,500,100.0,100.0,0.0,0.0,0.0,0.0,0.0,0.0
2032,87025,100.0,66.76774989931397,1.8937068595542168,5,0,2,500,100.0,100.0,0.0,0.0,0.0,0.0,0.0,0.0
2033,39517,100.0,70.2791673849498,1.8005679769314349,0,11,2,500,100.0,100.0,0.0,0.0,0.0,0.0,0.0,0.0
2034,62023,89.78,64.96398172052614,1.852252391395916,7,4,2,500,91.2,88.36,0.0,0.0,0.0,0.0,0.0,0.0
2035,45698,100.0,62.94901525335092,1.85791314682484,2,4,2,500,100.0,100.0,0.0,0.0,0.0,0.0,0.0,0.0
2036,44239,96.74,62.68494892542892,1.7727881116567918,2,7,2,500,100.0,93.47,0.0,0.0,0.0,0.0,0.0,0.0
2037,86531,100.0,67.91738907385627,1.807229043640845,8,3,2,500,100.0,100.0,0.0,0.0,0.0,0.0,0.0,0.0
2038,124035,100.0,61.9432342769334,1.7842743996636528,7,0,2,500,100.0,100.0,0.0,0.0,0.0,0.0,0.0,0.0
2039,73028,93.34,71.44420800458025,1.8502826290500043,8,4,2,500,87.82,98.85,0.0,0.0,0.0,0.0,0.0,0.0
2040,123039,100.0,62.85537000573294,1.79882979490115,9,2,2,500,100.0,100.0,0.0,0.0,0.0,0.0,0.0,0.0
2041,44239,100.0,71.4045609290477,1.8786881279417564,2,7,2,500,100.0,100.0,0.0,0.0,0.0,0.0,0.0,0.0
2042,46456,69.99,62.89712650927012,1.7811531627310424,6,8,2,500,73.26,66.72,0.0,0.0,0.0,0.0,0.0,0.0
2043,123039,100.0,67.11650761095787,1.751714047784591,9,2,2,500,100.0,100.0,0.0,0.0,0.0,0.0,0.0,0.0
2044,73028,100.0,65.18018237136077,1.7689574336858522,8,4,2,500,100.0,100.0,0.0,0.0,0.0,0.0,0.0,0.0
2045,45549,100.0,60.01678211834755,1.7835216201436304,4,7,2,500,100.0,100.0,0.0,0.0,0.0,0.0,0.0,0.0
2046,45952,100.0,60.74286866443349,1.7736936850382663,4,6,2,500,100.0,100.0,0.0,0.0,0.0,0.0,0.0,0.0
2047,124043,100.0,60.69232888838221,1.871965616793001,11,4,2,500,100.0,100.0,0.0,0.0,0.0,0.0,0.0,0.0
2048,72024,100.0,72.5116652091323,1.8618217180527,6,2,2,500,100.0,100.0,0.0,0.0,0.0,0.0,0.0,0.0
2049,47208,100.0,62.57875255665614,1.748176805379963,4,4,2,500,100.0,100.0,0.0,0.0,0.0,0.0,0.0,0.0
2050,150000,93.62,61.244991454571,1.8665256969803783,11,0,2,500,87.24,100.0,0.0,0.0,0.0,0.0,0.0,0.0
2051,43937,100.0,64.79339477695312,1.7916104353546,4,11,2,500,100.0,100.0,0.0,0.0,0.0,0.0,0.0,0.0
2052,46855,100.0,60.19311071207786,1.850351826619952,4,5,2,500,100.0,100.0,0.0,0.0,0.0,0.0,0.0,0.0
2053,86531,100.0,73.19602106169738,1.7771763138231578,8,3,2,500,100.0,100.0,0.0,0.0,0.0,0.0,0.0,0.0
2054,45549,100.0,68.23114949315739,1.8096916005965056,4,7,2,500,100.0,100.0,0.0,0.0,0.0,0.0,0.0,0.0
2055,42588,100.0,67.58486030043038,1.7731869195717198,0,4,2,500,100.0,100.0,0.0,0.0,0.0,0.0,0.0,0.0
2056,49515,100.0,63.27185915115344,1.8667578903642776,6,5,2,500,100.0,100.0,0.0,0.0,0.0,0.0,0.0,0.0
2057,45297,100.0,61.71972350493931,1.8772403079038409,3,6,2,500,100.0,100.0,0.0,0.0,0.0,0.0,0.0,0.0
2058,44340,98.91,68.38870776371041,1.7991256535613211,4,10,2,500,97.82,100.0,0.0,0.0,0.0,0.0,0.0,0.0
2059,42435,100.0,63.09493460139617,1.8171333506459864,0,5,2,500,100.0,100.0,0.0,0.0,0.0,0.0,0.0,0.0
2060,44239,100.0,64.12154059684842,1.863559762380936,2,7,2,500,100.0,100.0,0.0,0.0,0.0,0.0,0.0,0.0
2061,48511,100.0,65.3634727884064,1.7955311720234666,4,3,2,500,100.0,100.0,0.0,0.0,0.0,0.0,0.0,0.0
2062,62525,100.0,65.4777735462675,1.8134982893371248,8,5,2,500,100.0,100.0,0.0,0.0,0.0,0.0,0.0,0.0
2063,44642,100.0,68.66196478546901,1.730814088724936,2,6,2,500,100.0,100.0,0.0,0.0,0.0,0.0,0.0,0.0
2064,43836,100.0,63.24944583648319,1.7127286714866286,2,8,2,500,100.0,100.0,0.0,0.0,0.0,0.0,0.0,0.0
2065,38711,100.0,63.06123666567508,1.835770000160358,0,13,2,500,100.0,100.0,0.0,0.0,0.0,0.0,0.0,0.0
2066,72024,79.57,66.44565978090694,1.817867241926362,6,2,2,500,73.0,86.14,0.0,0.0,0.0,0.0,0.0,0.0
2067,46200,95.3,62.13223814933234,1.7800084597214518,3,5,2,500,100.0,90.61,0.0,0.0,0.0,0.0,0.0,0.0
2068,45952,100.0,64.92780250712886,1.7792537486574829,4,6,2,500,100.0,100.0,0.0,0.0,0.0,0.0,0.0,0.0
2069,123541,100.0,62.213551139004686,1.8236082685555568,10,3,2,500,100.0,100.0,0.0,0.0,0.0,0.0,0.0,0.0
2070,86531,100.0,69.1459211671627,1.7450357349692092,8,3,2,500,100.0,100.0,0.0,0.0,0.0,0.0,0.0,0.0
2071,62525,100.0,63.70426678942552,1.8583579573952085,8,5,2,500,100.0,100.0,0.0,0.0,0.0,0.0,0.0,0.0
2072,44239,100.0,64.62976386681935,1.830070000559621,2,7,2,500,100.0,100.0,0.0,0.0,0.0,0.0,0.0,0.0
2073,47462,52.06,64.45509093551367,1.785007718627812,6,6,2,500,53.12,50.99,0.0,0.0,0.0,0.0,0.0,0.0
2074,45043,99.76,63.23598203540685,1.7427046479278356,1,4,2,500,99.52,100.0,0.0,0.0,0.0,0.0,0.0,0.0
2075,45952,100.0,64.78328440486146,1.8230703969078703,4,6,2,500,100.0,100.0,0.0,0.0,0.0,0.0,0.0,0.0
2076,47208,100.0,67.69009850426232,1.771250894618056,4,4,2,500,100.0,100.0,0.0,0.0,0.0,0.0,0.0,0.0
2077,48511,92.27,65.78391585743825,1.7546402635744776,4,3,2,500,89.28,95.26,0.0,0.0,0.0,0.0,0.0,0.0
2078,53014,99.9,64.36773998253764,1.835068196494993,4,2,2,500,99.79,100.0,0.0,0.0,0.0,0.0,0.0,0.0
2079,45698,100.0,59.99246547828621,1.7528423387697654,2,4,2,500,100.0,100.0,0.0,0.0,0.0,0.0,0.0,0.0
2080,47462,100.0,60.24756029508083,1.7296777591177437,6,6,2,500,100.0,100.0,0.0,0.0,0.0,0.0,0.0,0.0
2081,45545,82.59,64.90720643891711,1.805023617119773,2,5,2,500,83.23,81.95,0.0,0.0,0.0,0.0,0.0,0.0
2082,44890,98.7,62.93310709895604,1.7647645498794546,1,5,2,500,100.0,97.41,0.0,0.0,0.0,0.0,0.0,0.0
2083,45801,100.0,67.75210404162996,1.915444093672968,5,8,2,500,100.0,100.0,0.0,0.0,0.0,0.0,0.0,0.0
2084,45349,100.0,66.27717515502866,1.7671629820472263,1,2,2,500,100.0,100.0,0.0,0.0,0.0,0.0,0.0,0.0
2085,45952,100.0,67.77462371884366,1.7482977682829126,4,6,2,500,100.0,100.0,0.0,0.0,0.0,0.0,0.0,0.0
2086,45952,98.62,64.49775414277633,1.7359085296123535,4,6,2,500,100.0,97.24,0.0,0.0,0.0,0.0,0.0,0.0
2087,45952,97.58,66.44993096694805,1.7681846556478569,4,6,2,500,100.0,95.16,0.0,0.0,0.0,0.0,0.0,0.0
2088,46456,99.54,70.19102581300213,1.8213293737217764,6,8,2,500,100.0,99.07,0.0,0.0,0.0,0.0,0.0,0.0
2089,87535,76.68,55.398869291388735,1.8923451702069445,10,5,2,500,78.72,74.63,0.0,0.0,0.0,0.0,0.0,0.0
2090,45952,100.0,64.22673577136753,1.825726922079545,4,6,2,500,100.0,100.0,0.0,0.0,0.0,0.0,0.0,0.0
2091,46200,100.0,67.66197609737084,1.7922356243185364,3,5,2,500,100.0,100.0,0.0,0.0,0.0,0.0,0.0,0.0
2092,47710,74.36,62.25802774184188,1.7232947612862788,5,5,2,500,69.29,79.42,0.0,0.0,0.0,0.0,0.0,0.0
2093,150000,100.0,63.64111662914812,1.7526893749305883,10,0,2,500,100.0,100.0,0.0,0.0,0.0,0.0,0.0,0.0
2094,48511,99.92,69.36547526775242,1.7284890470509455,4,3,2,500,99.84,100.0,0.0,0.0,0.0,0.0,0.0,0.0
2095,45146,100.0,66.82627642211892,1.81600798933858,4,8,2,500,100.0,100.0,0.0,0.0,0.0,0.0,0.0,0.0
2096,49515,100.0,71.92585592016357,1.7534038990411065,6,5,2,500,100.0,100.0,0.0,0.0,0.0,0.0,0.0,0.0
2097,42224,99.81,67.67861696694345,1.7371019194244952,2,12,2,500,100.0,99.62,0.0,0.0,0.0,0.0,0.0,0.0
2098,46607,100.0,61.2353411503304,1.8320661262893043,5,6,2,500,100.0,100.0,0.0,0.0,0.0,0.0,0.0,0.0
2099,86531,100.0,66.95535579518474,1.7371342248855792,8,3,2,500,100.0,100.0,0.0,0.0,0.0,0.0,0.0,0.0
2100,46855,100.0,69.56827578858316,1.8544803553244589,4,5,2,500,100.0,100.0,0.0,0.0,0.0,0.0,0.0,0.0
2101,146044,88.98,59.857094988251696,1.8395385100907709,10,2,2,500,92.31,85.66,0.0,0.0,0.0,0.0,0.0,0.0
2102,54018,83.07,66.11102248195996,1.7696753154342988,6,4,2,500,89.45,76.69,0.0,0.0,0.0,0.0,0.0,0.0
2103,61521,100.0,65.35379811711033,1.7895048846977062,6,3,2,500,100.0,100.0,0.0,0.0,0.0,0.0,0.0,0.0
2104,150000,100.0,65.79849486331729,1.697434947785915,11,0,2,500,100.0,100.0,0.0,0.0,0.0,0.0,0.0,0.0
2105,49519,100.0,66.08369828638433,1.7704981824102313,8,7,2,500,100.0,100.0,0.0,0.0,0.0,0.0,0.0,0.0
2106,103034,100.0,65.23244953944234,1.831966066268211,8,2,2,500,100.0,100.0,0.0,0.0,0.0,0.0,0.0,0.0
2107,87535,100.0,63.56950774800893,1.746463408159475,10,5,2,500,100.0,100.0,0.0,0.0,0.0,0.0,0.0,0.0
2108,54272,100.0,68.31831132531971,1.886803371251484,8,6,2,500,100.0,100.0,0.0,0.0,0.0,0.0,0.0,0.0
2109,49519,92.36,66.94888595255244,1.7688094806305248,8,7,2,500,84.72,100.0,0.0,0.0,0.0,0.0,0.0,0.0
2110,49515,100.0,63.995558849924365,1.7655947791281497,6,5,2,500,100.0,100.0,0.0,0.0,0.0,0.0,0.0,0.0
2111,54520,100.0,64.24630913302967,1.8520369836242945,7,5,2,500,100.0,100.0,0.0,0.0,0.0,0.0,0.0,0.0
2112,72024,81.94,64.78907019315098,1.767610851557058,6,2,2,500,81.93,81.95,0.0,0.0,0.0,0.0,0.0,0.0
2113,45549,97.43,61.486039081199806,1.7910744005328192,4,7,2,500,94.86,100.0,0.0,0.0,0.0,0.0,0.0,0.0
2114,53014,100.0,68.01086238775048,1.8369866251876603,4,2,2,500,100.0,100.0,0.0,0.0,0.0,0.0,0.0,0.0
2115,72024,99.76,69.96425460403832,1.8101490244561007,6,2,2,500,100.0,99.52,0.0,0.0,0.0,0.0,0.0,0.0
2116,122537,100.0,64.8759096952658,1.8500318296926268,8,1,2,500,100.0,100.0,0.0,0.0,0.0,0.0,0.0,0.0
2117,45952,100.0,71.56682245566452,1.804482316867081,4,6,2,500,100.0,100.0,0.0,0.0,0.0,0.0,0.0,0.0
2118,46200,99.1,68.11573343470887,1.7933661209052716,3,5,2,500,100.0,98.2,0.0,0.0,0.0,0.0,0.0,0.0
2119,42588,100.0,66.80864089181222,1.8370059620933563,0,4,2,500,100.0,100.0,0.0,0.0,0.0,0.0,0.0,0.0
2120,47208,100.0,71.03912952610393,1.7502629614094138,4,4,2,500,100.0,100.0,0.0,0.0,0.0,0.0,0.0,0.0
2121,53014,100.0,67.75201062741344,1.747382600912899,4,2,2,500,100.0,100.0,0.0,0.0,0.0,0.0,0.0,0.0
2122,61019,100.0,60.38204641222819,1.7679656557977843,5,2,2,500,100.0,100.0,0.0,0.0,0.0,0.0,0.0,0.0
2123,46204,100.0,62.44120820434818,1.8376022754454184,2,2,2,500,100.0,100.0,0.0,0.0,0.0,0.0,0.0,0.0
2124,54018,68.18,64.49541716347235,1.7633410006107106,6,4,2,500,68.48,67.87,0.0,0.0,0.0,0.0,0.0,0.0
2125,44239,100.0,66.37027721343358,1.7444386255498463,2,7,2,500,100.0,100.0,0.0,0.0,0.0,0.0,0.0,0.0
2126,45545,100.0,67.85650122522733,1.7824266249410543,2,5,2,500,100.0,100.0,0.0,0.0,0.0,0.0,0.0,0.0
2127,47710,99.9,64.34095904037488,1.7954040151010624,5,5,2,500,99.79,100.0,0.0,0.0,0.0,0.0,0.0,0.0
2128,43181,99.9,63.72511097679484,1.7900485776817925,1,8,2,500,100.0,99.79,0.0,0.0,0.0,0.0,0.0,0.0
2129,86531,99.07,63.96744425960664,1.7448386357217447,8,3,2,500,100.0,98.14,0.0,0.0,0.0,0.0,0.0,0.0
2130,54018,100.0,64.48878177311387,1.7689776734994576,6,4,2,500,100.0,100.0,0.0,0.0,0.0,0.0,0.0,0.0
2131,47462,96.3,67.29054553360166,1.7341067215715018,6,6,2,500,92.61,100.0,0.0,0.0,0.0,0.0,0.0,0.0
2132,44340,77.76,66.50248030862124,1.8072004781179825,4,10,2,500,74.57,80.96,0.0,0.0,0.0,0.0,0.0,0.0
2133,62525,70.26,66.28667164866894,1.76428187110286,8,5,2,500,64.53,75.98,0.0,0.0,0.0,0.0,0.0,0.0
2134,47462,100.0,66.47956955726926,1.728681307134224,6,6,2,500,100.0,100.0,0.0,0.0,0.0,0.0,0.0,0.0
2135,46204,100.0,64.02267977203458,1.7853865316112183,5,7,2,500,100.0,100.0,0.0,0.0,0.0,0.0,0.0,0.0
2136,49267,100.0,64.11656197667187,1.768146760593527,7,6,2,500,100.0,100.0,0.0,0.0,0.0,0.0,0.0,0.0
2137,45698,98.41,64.14769138665456,1.7694349509962872,2,4,2,500,96.82,100.0,0.0,0.0,0.0,0.0,0.0,0.0
2138,102532,100.0,65.44589523105752,1.7810378723052485,7,1,2,500,100.0,100.0,0.0,0.0,0.0,0.0,0.0,0.0
2139,44642,100.0,67.75109093695512,1.864291374367488,2,6,2,500,100.0,100.0,0.0,0.0,0.0,0.0,0.0,0.0
2140,45952,100.0,64.26530553904036,1.846570176826948,4,6,2,500,100.0,100.0,0.0,0.0,0.0,0.0,0.0,0.0
2141,44894,100.0,66.27946852519084,1.7668607778648249,3,7,2,500,100.0,100.0,0.0,0.0,0.0,0.0,0.0,0.0
2142,45698,100.0,67.42783094913834,1.824782685063717,2,4,2,500,100.0,100.0,0.0,0.0,0.0,0.0,0.0,0.0
2143,46859,99.16,65.74037593728329,1.796933768237402,6,7,2,500,98.31,100.0,0.0,0.0,0.0,0.0,0.0,0.0
2144,145542,99.38,63.68248232123825,1.7124610028230751,9,1,2,500,100.0,98.76,0.0,0.0,0.0,0.0,0.0,0.0
2145,62023,100.0,64.89763967224519,1.8150213881169068,7,4,2,500,100.0,100.0,0.0,0.0,0.0,0.0,0.0,0.0
2146,87033,100.0,67.34871692570601,1.8272016108553133,9,4,2,500,100.0,100.0,0.0,0.0,0.0,0.0,0.0,0.0
2147,73282,100.0,63.58302643835602,1.819628486049512,10,6,2,500,100.0,100.0,0.0,0.0,0.0,0.0,0.0,0.0
2148,73020,90.38,65.15269727427479,1.7579012204380249,4,0,2,500,97.93,82.82,0.0,0.0,0.0,0.0,0.0,0.0
2149,49771,100.0,69.6612611825788,1.7546472637785575,9,8,2,500,100.0,100.0,0.0,0.0,0.0,0.0,0.0,0.0
2150,54018,100.0,67.04153300454485,1.8504145850325184,6,4,2,500,100.0,100.0,0.0,0.0,0.0,0.0,0.0,0.0
2151,86531,100.0,62.61503806452298,1.7850195992609197,8,3,2,500,100.0,100.0,0.0,0.0,0.0,0.0,0.0,0.0
2152,45146,100.0,66.24990871067808,1.81559083297264,4,8,2,500,100.0,100.0,0.0,0.0,0.0,0.0,0.0,0.0
2153,54272,78.14,64.4049415888565,1.857488151512876,8,6,2,500,74.46,81.82,0.0,0.0,0.0,0.0,0.0,0.0
2154,48511,100.0,61.947156584973015,1.902569146391656,4,3,2,500,100.0,100.0,0.0,0.0,0.0,0.0,0.0,0.0
2155,46204,99.26,65.47003748841512,1.7759023256748496,5,7,2,500,98.51,100.0,0.0,0.0,0.0,0.0,0.0,0.0
2156,50023,100.0,61.89611895770548,1.7542437288062604,10,9,2,500,100.0,100.0,0.0,0.0,0.0,0.0,0.0,0.0
2157,47208,100.0,66.03153457934582,1.7141344783815415,4,4,2,500,100.0,100.0,0.0,0.0,0.0,0.0,0.0,0.0
2158,45952,95.0,65.85870915555154,1.7862889536498665,4,6,2,500,100.0,90.01,0.0,0.0,0.0,0.0,0.0,0.0
2159,45952,100.0,61.44805641030071,1.7719069185126066,4,6,2,500,100.0,100.0,0.0,0.0,0.0,0.0,0.0,0.0
2160,54018,100.0,68.34941012664329,1.838785521760437,6,4,2,500,100.0,100.0,0.0,0.0,0.0,0.0,0.0,0.0
2161,45698,98.97,69.06956143263947,1.818521272369307,2,4,2,500,100.0,97.94,0.0,0.0,0.0,0.0,0.0,0.0
2162,61521,100.0,65.09906749578893,1.7276401781474189,6,3,2,500,100.0,100.0,0.0,0.0,0.0,0.0,0.0,0.0
2163,72526,100.0,67.93563459534373,1.7512226007920837,7,3,2,500,100.0,100.0,0.0,0.0,0.0,0.0,0.0,0.0
2164,150000,88.32,67.45671092510804,1.7612046894831703,11,1,2,500,83.07,93.57,0.0,0.0,0.0,0.0,0.0,0.0
2165,122537,100.0,62.880827101064405,1.76579978437847,8,1,2,500,100.0,100.0,0.0,0.0,0.0,0.0,0.0,0.0
2166,47966,99.5,64.66845152669596,1.7929842702452528,8,8,2,500,100.0,99.01,0.0,0.0,0.0,0.0,0.0,0.0
2167,85527,100.0,62.92460880948588,1.775683502161003,6,1,2,500,100.0,100.0,0.0,0.0,0.0,0.0,0.0,0.0
2168,46204,97.09,65.6298424042933,1.8181715873656088,5,7,2,500,94.18,100.0,0.0,0.0,0.0,0.0,0.0,0.0
2169,46859,81.96,69.61196582969022,1.73324389210236,6,7,2,500,90.58,73.33,0.0,0.0,0.0,0.0,0.0,0.0
2170,87535,100.0,65.32555589644574,1.703250403522849,10,5,2,500,100.0,100.0,0.0,0.0,0.0,0.0,0.0,0.0
2171,86029,97.42,67.74108014462634,1.840844832938444,7,2,2,500,96.6,98.23,0.0,0.0,0.0,0.0,0.0,0.0
2172,85527,96.0,66.81434266315607,1.7954285478817733,6,1,2,500,91.99,100.0,0.0,0.0,0.0,0.0,0.0,0.0
2173,45549,99.62,64.05304294973098,1.7644283694226155,4,7,2,500,99.23,100.0,0.0,0.0,0.0,0.0,0.0,0.0
2174,103034,100.0,58.093797473918976,1.7207889614099503,8,2,2,500,100.0,100.0,0.0,0.0,0.0,0.0,0.0,0.0
2175,147040,99.82,67.88533448049452,1.7766973649544195,8,0,2,500,99.65,100.0,0.0,0.0,0.0,0.0,0.0,0.0
2176,72526,96.44,66.7161256477381,1.8144653399646309,7,3,2,500,98.5,94.37,0.0,0.0,0.0,0.0,0.0,0.0
2177,44894,100.0,68.21128540690465,1.8094071430428675,3,7,2,500,100.0,100.0,0.0,0.0,0.0,0.0,0.0,0.0
2178,46607,100.0,69.08838650793433,1.853010382290844,5,6,2,500,100.0,100.0,0.0,0.0,0.0,0.0,0.0,0.0
2179,53516,98.07,64.07172452138887,1.7326907483668363,5,3,2,500,100.0,96.14,0.0,0.0,0.0,0.0,0.0,0.0
2180,46204,100.0,62.599072430696125,1.803197820770825,5,7,2,500,100.0,100.0,0.0,0.0,0.0,0.0,0.0,0.0
2181,87033,100.0,65.6630150332777,1.8050606598918528,9,4,2,500,100.0,100.0,0.0,0.0,0.0,0.0,0.0,0.0
2182,53516,100.0,63.49701623101486,1.7930390828866865,5,3,2,500,100.0,100.0,0.0,0.0,0.0,0.0,0.0,0.0
2183,49515,98.68,67.08297576494068,1.7942370710508129,6,5,2,500,100.0,97.37,0.0,0.0,0.0,0.0,0.0,0.0
2184,45698,99.33,66.40084004925592,1.7020128903043727,2,4,2,500,100.0,98.66,0.0,0.0,0.0,0.0,0.0,0.0
2185,45650,100.0,64.51547482065669,1.7469988406135797,6,10,2,500,100.0,100.0,0.0,0.0,0.0,0.0,0.0,0.0
2186,150000,83.44,65.31097505217781,1.8443564383694104,11,0,2,500,76.27,90.62,0.0,0.0,0.0,0.0,0.0,0.0
2187,44743,100.0,69.75566478431034,1.7460099980767896,4,9,2,500,100.0,100.0,0.0,0.0,0.0,0.0,0.0,0.0
2188,62525,100.0,57.6918543532048,1.789366444321196,8,5,2,500,100.0,100.0,0.0,0.0,0.0,0.0,0.0,0.0
2189,87535,100.0,68.43430958247707,1.831837513753002,10,5,2,500,100.0,100.0,0.0,0.0,0.0,0.0,0.0,0.0
2190,43030,74.72,72.37490595235472,1.7046561804471565,2,10,2,500,71.81,77.62,0.0,0.0,0.0,0.0,0.0,0.0
2191,45146,100.0,64.78957474245992,1.767226442414549,4,8,2,500,100.0,100.0,0.0,0.0,0.0,0.0,0.0,0.0
2192,49515,98.43,62.75778014678425,1.756186618533626,6,5,2,500,96.86,100.0,0.0,0.0,0.0,0.0,0.0,0.0
2193,49515,100.0,64.81466242257446,1.6971005109521415,6,5,2,500,100.0,100.0,0.0,0.0,0.0,0.0,0.0,0.0
2194,62023,100.0,58.65220361739188,1.741813651855275,7,4,2,500,100.0,100.0,0.0,0.0,0.0,0.0,0.0,0.0
2195,48470,79.83,68.587039504745,1.7750056210071468,10,10,2,500,75.5,84.16,0.0,0.0,0.0,0.0,0.0,0.0
2196,150000,100.0,60.17472424677778,1.8166824284806355,12,3,2,500,100.0,100.0,0.0,0.0,0.0,0.0,0.0,0.0
2197,104030,100.0,66.82079436470372,1.7871774787463124,6,0,2,500,100.0,100.0,0.0,0.0,0.0,0.0,0.0,0.0
2198,54524,88.4,66.6541491728662,1.7145466914826533,9,7,2,500,89.97,86.84,0.0,0.0,0.0,0.0,0.0,0.0
2199,41532,91.94,61.561006508057005,1.8141682803470167,0,6,2,500,90.61,93.26,0.0,0.0,0.0,0.0,0.0,0.0
2200,150000,100.0,65.20499389890688,1.7419882209419926,11,0,2,500,100.0,100.0,0.0,0.0,0.0,0.0,0.0,0.0
2201,47710,100.0,68.12622615916295,1.706259587388521,5,5,2,500,100.0,100.0,0.0,0.0,0.0,0.0,0.0,0.0
2202,40726,100.0,64.65741711656499,1.6840917042960042,0,8,2,500,100.0,100.0,0.0,0.0,0.0,0.0,0.0,0.0
2203,45549,100.0,64.10702197273989,1.8144833268742937,4,7,2,500,100.0,100.0,0.0,0.0,0.0,0.0,0.0,0.0
2204,46855,100.0,60.40237699692496,1.838135051289776,4,5,2,500,100.0,100.0,0.0,0.0,0.0,0.0,0.0,0.0
2205,123541,100.0,68.68590674593601,1.799450163743327,10,3,2,500,100.0,100.0,0.0,0.0,0.0,0.0,0.0,0.0
2206,85527,98.53,66.90393305901902,1.820909391554099,6,1,2,500,97.06,100.0,0.0,0.0,0.0,0.0,0.0,0.0
2207,150000,74.2,64.00386068933506,1.7862830168801702,10,0,2,500,76.35,72.06,0.0,0.0,0.0,0.0,0.0,0.0
2208,86029,100.0,67.35147873987982,1.7599741267257922,7,2,2,500,100.0,100.0,0.0,0.0,0.0,0.0,0.0,0.0
2209,104038,100.0,62.43673088869009,1.7552376225224342,10,4,2,500,100.0,100.0,0.0,0.0,0.0,0.0,0.0,0.0
2210,73020,100.0,62.77889308541775,1.8213674846953736,4,0,2,500,100.0,100.0,0.0,0.0,0.0,0.0,0.0,0.0
2211,46855,100.0,64.2815508568715,1.7950624005328717,4,5,2,500,100.0,100.0,0.0,0.0,0.0,0.0,0.0,0.0
2212,62525,91.57,61.27518623094627,1.8352239239592776,8,5,2,500,92.13,91.01,0.0,0.0,0.0,0.0,0.0,0.0
2213,62525,100.0,57.83456836723917,1.7873268762909047,8,5,2,500,100.0,100.0,0.0,0.0,0.0,0.0,0.0,0.0
2214,54272,100.0,61.56964208574958,1.8348464923187728,8,6,2,500,100.0,100.0,0.0,0.0,0.0,0.0,0.0,0.0
2215,86029,74.72,64.8788285235449,1.803897552471952,7,2,2,500,67.64,81.81,0.0,0.0,0.0,0.0,0.0,0.0
2216,45146,96.98,67.54419942268702,1.7715716859866055,4,8,2,500,93.95,100.0,0.0,0.0,0.0,0.0,0.0,0.0
2217,47507,86.66,66.92445836932774,1.8261425568170289,2,1,2,500,93.52,79.79,0.0,0.0,0.0,0.0,0.0,0.0
2218,45952,100.0,64.77595999564114,1.7875214596656634,4,6,2,500,100.0,100.0,0.0,0.0,0.0,0.0,0.0,0.0
2219,46456,85.53,62.30967302570127,1.8266942510372344,6,8,2,500,84.14,86.92,0.0,0.0,0.0,0.0,0.0,0.0
2220,147550,64.51,67.69632510163926,1.735592148680719,13,5,2,500,76.01,53.01,0.0,0.0,0.0,0.0,0.0,0.0
2221,72526,100.0,64.35052970951949,1.8892138609932576,7,3,2,500,100.0,100.0,0.0,0.0,0.0,0.0,0.0,0.0
2222,104038,100.0,60.94247459621014,1.801136726607678,10,4,2,500,100.0,100.0,0.0,0.0,0.0,0.0,0.0,0.0
2223,48511,100.0,69.198355003894,1.852827564450864,4,3,2,500,100.0,100.0,0.0,0.0,0.0,0.0,0.0,0.0
2224,49515,100.0,65.66369461710579,1.778881861393978,6,5,2,500,100.0,100.0,0.0,0.0,0.0,0.0,0.0,0.0
2225,87025,91.58,63.80084261918718,1.6578636761169532,5,0,2,500,92.35,90.82,0.0,0.0,0.0,0.0,0.0,0.0
2226,54018,100.0,66.49455396179475,1.6784677317668142,6,4,2,500,100.0,100.0,0.0,0.0,0.0,0.0,0.0,0.0
2227,86531,81.81,68.59766931937712,1.7038004988093538,8,3,2,500,76.52,87.1,0.0,0.0,0.0,0.0,0.0,0.0
2228,47208,99.92,63.418204857483154,1.7988068356183198,4,4,2,500,100.0,99.85,0.0,0.0,0.0,0.0,0.0,0.0
2229,45146,79.9,69.47334007750173,1.8454753081461504,4,8,2,500,83.55,76.26,0.0,0.0,0.0,0.0,0.0,0.0
2230,147040,100.0,63.0520651399629,1.7235414465561885,8,0,2,500,100.0,100.0,0.0,0.0,0.0,0.0,0.0,0.0
2231,73028,100.0,70.33182777382821,1.8020809111616456,8,4,2,500,100.0,100.0,0.0,0.0,0.0,0.0,0.0,0.0
2232,104292,100.0,65.01201283641818,1.816889089117817,12,6,2,500,100.0,100.0,0.0,0.0,0.0,0.0,0.0,0.0
2233,103034,100.0,68.1116824034278,1.83496231638512,8,2,2,500,100.0,100.0,0.0,0.0,0.0,0.0,0.0,0.0
2234,44642,79.5,58.01066349646671,1.80999707279121,2,6,2,500,72.53,86.46,0.0,0.0,0.0,0.0,0.0,0.0
2235,53014,100.0,69.5463908522472,1.799627301196424,4,2,2,500,100.0,100.0,0.0,0.0,0.0,0.0,0.0,0.0
2236,147040,100.0,67.2057795869398,1.7233472609158111,8,0,2,500,100.0,100.0,0.0,0.0,0.0,0.0,0.0,0.0
2237,122537,100.0,61.76000126468912,1.7180090064719282,8,1,2,500,100.0,100.0,0.0,0.0,0.0,0.0,0.0,0.0
2238,103034,100.0,63.20855710992713,1.735655339468663,8,2,2,500,100.0,100.0,0.0,0.0,0.0,0.0,0.0,0.0
2239,73282,99.1,61.65307264243585,1.8178804971357727,10,6,2,500,100.0,98.19,0.0,0.0,0.0,0.0,0.0,0.0
2240,46353,98.5,66.34792455598583,1.7670921950262315,3,4,2,500,100.0,97.01,0.0,0.0,0.0,0.0,0.0,0.0
2241,73028,100.0,68.81070450350197,1.785349769789388,8,4,2,500,100.0,100.0,0.0,0.0,0.0,0.0,0.0,0.0
2242,87535,100.0,62.25256449821677,1.805663380937373,10,5,2,500,100.0,100.0,0.0,0.0,0.0,0.0,0.0,0.0
2243,45297,100.0,62.92926184685559,1.8049444159910144,3,6,2,500,100.0,100.0,0.0,0.0,0.0,0.0,0.0,0.0
2244,104030,100.0,65.77971358649908,1.8712653115750448,6,0,2,500,100.0,100.0,0.0,0.0,0.0,0.0,0.0,0.0
2245,54018,97.06,60.75953776025305,1.85086519782756,6,4,2,500,94.11,100.0,0.0,0.0,0.0,0.0,0.0,0.0
2246,44642,99.64,62.63023464402076,1.7133690183361294,2,6,2,500,100.0,99.27,0.0,0.0,0.0,0.0,0.0,0.0
2247,150000,93.56,61.612109513173074,1.791083723993753,11,2,2,500,100.0,87.11,0.0,0.0,0.0,0.0,0.0,0.0
2248,150000,100.0,70.05259503784198,1.7775477340278718,10,0,2,500,100.0,100.0,0.0,0.0,0.0,0.0,0.0,0.0
2249,54272,76.42,69.4011017697369,1.6905673640651029,8,6,2,500,79.86,72.98,0.0,0.0,0.0,0.0,0.0,0.0
2250,73028,100.0,61.25500294525094,1.771900115526,8,4,2,500,100.0,100.0,0.0,0.0,0.0,0.0,0.0,0.0
2251,150000,100.0,68.34161207082983,1.7249508276634833,14,0,2,500,100.0,100.0,0.0,0.0,0.0,0.0,0.0,0.0
2252,47714,98.78,68.99220414412781,1.7098093846234776,7,7,2,500,97.55,100.0,0.0,0.0,0.0,0.0,0.0,0.0
2253,72024,98.47,70.82085697047229,1.8316284383183032,6,2,2,500,100.0,96.94,0.0,0.0,0.0,0.0,0.0,0.0
2254,86029,98.78,61.5964688429325,1.753169060043513,7,2,2,500,100.0,97.55,0.0,0.0,0.0,0.0,0.0,0.0
2255,62525,98.5,69.50993172577917,1.7875095539587214,8,5,2,500,96.99,100.0,0.0,0.0,0.0,0.0,0.0,0.0
2256,150000,100.0,60.0942919739785,1.7452903126184305,12,1,2,500,100.0,100.0,0.0,0.0,0.0,0.0,0.0,0.0
2257,48511,80.76,64.90337084504452,1.7926788868042935,4,3,2,500,86.01,75.5,0.0,0.0,0.0,0.0,0.0,0.0
2258,73028,100.0,66.08688917707595,1.7386988113178523,8,4,2,500,100.0,100.0,0.0,0.0,0.0,0.0,0.0,0.0
2259,102532,98.34,63.518043478016,1.7178695195908311,7,1,2,500,100.0,96.67,0.0,0.0,0.0,0.0,0.0,0.0
2260,45952,100.0,62.463223485712895,1.8118189149514,4,6,2,500,100.0,100.0,0.0,0.0,0.0,0.0,0.0,0.0
2261,103536,100.0,65.62451573709093,1.741593206988117,9,3,2,500,100.0,100.0,0.0,0.0,0.0,0.0,0.0,0.0
2262,103034,84.5,67.53239772703286,1.79497586026461,8,2,2,500,86.59,82.41,0.0,0.0,0.0,0.0,0.0,0.0
2263,54272,100.0,61.817471595573565,1.7340635188842564,8,6,2,500,100.0,100.0,0.0,0.0,0.0,0.0,0.0,0.0
2264,49515,100.0,65.0893010399325,1.7843077133575935,6,5,2,500,100.0,100.0,0.0,0.0,0.0,0.0,0.0,0.0
2265,123541,100.0,66.12987424050121,1.7433916878797149,10,3,2,500,100.0,100.0,0.0,0.0,0.0,0.0,0.0,0.0
2266,104030,100.0,68.84120166444801,1.71623433716928,6,0,2,500,100.0,100.0,0.0,0.0,0.0,0.0,0.0,0.0
2267,48511,100.0,65.6415235704647,1.8118448450686289,4,3,2,500,100.0,100.0,0.0,0.0,0.0,0.0,0.0,0.0
2268,47208,98.02,65.07819803926692,1.8007943876126191,4,4,2,500,100.0,96.03,0.0,0.0,0.0,0.0,0.0,0.0
2269,61521,100.0,66.60333872353148,1.717535657825806,6,3,2,500,100.0,100.0,0.0,0.0,0.0,0.0,0.0,0.0
2270,46353,100.0,61.053698110273054,1.8220478558934623,3,4,2,500,100.0,100.0,0.0,0.0,0.0,0.0,0.0,0.0
2271,147040,100.0,67.39214286781679,1.7546816513029189,8,0,2,500,100.0,100.0,0.0,0.0,0.0,0.0,0.0,0.0
2272,47714,96.49,68.01126533061624,1.772635122935157,7,7,2,500,92.98,100.0,0.0,0.0,0.0,0.0,0.0,0.0
2273,104038,100.0,64.87183553181629,1.687198368291582,10,4,2,500,100.0,100.0,0.0,0.0,0.0,0.0,0.0,0.0
2274,122537,82.65,63.38034941863885,1.740175390474548,8,1,2,500,83.85,81.45,0.0,0.0,0.0,0.0,0.0,0.0
2275,62525,96.8,70.1050518468047,1.782663977735102,8,5,2,500,93.61,100.0,0.0,0.0,0.0,0.0,0.0,0.0
2276,46859,98.28,60.50351240753295,1.81181784336284,6,7,2,500,100.0,96.55,0.0,0.0,0.0,0.0,0.0,0.0
2277,40726,100.0,68.55403141542124,1.6967504144991403,0,8,2,500,100.0,100.0,0.0,0.0,0.0,0.0,0.0,0.0
2278,44894,100.0,68.72643667342155,1.797120795552237,3,7,2,500,100.0,100.0,0.0,0.0,0.0,0.0,0.0,0.0
2279,147040,100.0,66.80343164292304,1.7376454908324956,8,0,2,500,100.0,100.0,0.0,0.0,0.0,0.0,0.0,0.0
2280,47208,100.0,66.87691313692984,1.796460786836769,4,4,2,500,100.0,100.0,0.0,0.0,0.0,0.0,0.0,0.0
2281,122537,80.1,63.18918091769472,1.8414737268519783,8,1,2,500,79.04,81.15,0.0,0.0,0.0,0.0,0.0,0.0
2282,48009,97.98,65.40795675084603,1.7454897258648816,3,2,2,500,100.0,95.97,0.0,0.0,0.0,0.0,0.0,0.0
2283,150000,93.62,69.30338032206143,1.738821182336882,12,3,2,500,87.23,100.0,0.0,0.0,0.0,0.0,0.0,0.0
2284,54018,100.0,64.1737327273761,1.7110379958019166,6,4,2,500,100.0,100.0,0.0,0.0,0.0,0.0,0.0,0.0
2285,73282,76.34,68.53922735760158,1.7593014722628224,10,6,2,500,77.52,75.15,0.0,0.0,0.0,0.0,0.0,0.0
2286,150000,100.0,64.99144586975575,1.7473771555907105,11,0,2,500,100.0,100.0,0.0,0.0,0.0,0.0,0.0,0.0
2287,43181,85.85,67.30700832072324,1.7011128980442576,1,8,2,500,94.0,77.7,0.0,0.0,0.0,0.0,0.0,0.0
2288,54018,100.0,63.68478786084911,1.67696445917244,6,4,2,500,100.0,100.0,0.0,0.0,0.0,0.0,0.0,0.0
2289,86531,100.0,68.73599628194147,1.831214658750738,8,3,2,500,100.0,100.0,0.0,0.0,0.0,0.0,0.0,0.0
2290,47710,100.0,65.09410240298762,1.830788924224713,5,5,2,500,100.0,100.0,0.0,0.0,0.0,0.0,0.0,0.0
2291,46204,100.0,68.29294935058388,1.7717709192956268,5,7,2,500,100.0,100.0,0.0,0.0,0.0,0.0,0.0,0.0
2292,73282,100.0,65.43629424978649,1.7816672526311874,10,6,2,500,100.0,100.0,0.0,0.0,0.0,0.0,0.0,0.0
2293,73028,100.0,64.64626689760435,1.841705888560267,8,4,2,500,100.0,100.0,0.0,0.0,0.0,0.0,0.0,0.0
2294,47208,98.68,63.26740309588577,1.7930964403204028,4,4,2,500,97.37,100.0,0.0,0.0,0.0,0.0,0.0,0.0
2295,150000,100.0,66.30154802777685,1.7272002001048643,12,0,2,500,100.0,100.0,0.0,0.0,0.0,0.0,0.0,0.0
2296,147048,93.72,64.94461761658253,1.813465168017591,12,4,2,500,97.1,90.34,0.0,0.0,0.0,0.0,0.0,0.0
2297,73028,100.0,66.65989433067806,1.7450153507043011,8,4,2,500,100.0,100.0,0.0,0.0,0.0,0.0,0.0,0.0
2298,150000,100.0,62.65219442299481,1.821433421487955,9,0,2,500,100.0,100.0,0.0,0.0,0.0,0.0,0.0,0.0
2299,53014,97.22,64.49295170477369,1.7895780758342728,4,2,2,500,100.0,94.44,0.0,0.0,0.0,0.0,0.0,0.0
2300,73028,100.0,61.21898005961874,1.761140852069275,8,4,2,500,100.0,100.0,0.0,0.0,0.0,0.0,0.0,0.0
2301,86531,100.0,69.55822390808986,1.7598507062638298,8,3,2,500,100.0,100.0,0.0,0.0,0.0,0.0,0.0,0.0
2302,73028,100.0,64.42161279564809,1.7280422421205257,8,4,2,500,100.0,100.0,0.0,0.0,0.0,0.0,0.0,0.0
2303,86531,60.67,63.46372243519842,1.7091608558974405,8,3,2,500,64.36,56.98,0.0,0.0,0.0,0.0,0.0,0.0
2304,46855,100.0,68.85848575633676,1.7185525501857275,4,5,2,500,100.0,100.0,0.0,0.0,0.0,0.0,0.0,0.0
2305,54018,97.56,62.67839961407799,1.7797549881579786,6,4,2,500,95.12,100.0,0.0,0.0,0.0,0.0,0.0,0.0
2306,150000,51.52,63.74599622770836,1.809856584629605,12,1,2,500,52.53,50.5,0.0,0.0,0.0,0.0,0.0,0.0
2307,45545,100.0,70.78269070301333,1.6746768793983304,2,5,2,500,100.0,100.0,0.0,0.0,0.0,0.0,0.0,0.0
2308,147040,100.0,64.72697266589057,1.798253083920174,8,0,2,500,100.0,100.0,0.0,0.0,0.0,0.0,0.0,0.0
2309,61521,100.0,66.99444916551643,1.8567969046785544,6,3,2,500,100.0,100.0,0.0,0.0,0.0,0.0,0.0,0.0
2310,44642,100.0,69.52651148734998,1.8448457536485408,2,6,2,500,100.0,100.0,0.0,0.0,0.0,0.0,0.0,0.0
2311,87033,98.76,62.89243306446732,1.8588008391088704,9,4,2,500,97.51,100.0,0.0,0.0,0.0,0.0,0.0,0.0
2312,73028,100.0,62.56643014992252,1.706985079960198,8,4,2,500,100.0,100.0,0.0,0.0,0.0,0.0,0.0,0.0
2313,52512,97.19,68.71385375433174,1.761234295379488,3,1,2,500,94.38,100.0,0.0,0.0,0.0,0.0,0.0,0.0
2314,54272,99.66,60.66811472646541,1.7832874858984238,8,6,2,500,100.0,99.32,0.0,0.0,0.0,0.0,0.0,0.0
2315,73534,100.0,66.307708615012,1.819945254693619,11,7,2,500,100.0,100.0,0.0,0.0,0.0,0.0,0.0,0.0
2316,46200,95.14,62.46165780970328,1.7217731206834372,3,5,2,500,100.0,90.27,0.0,0.0,0.0,0.0,0.0,0.0
2317,72024,100.0,67.58406721882204,1.8128093232072549,6,2,2,500,100.0,100.0,0.0,0.0,0.0,0.0,0.0,0.0
2318,85527,100.0,63.645924302432896,1.7737400148198714,6,1,2,500,100.0,100.0,0.0,0.0,0.0,0.0,0.0,0.0
2319,49515,98.81,65.99652857130611,1.7480135552754066,6,5,2,500,100.0,97.62,0.0,0.0,0.0,0.0,0.0,0.0
2320,54272,100.0,59.90399062233677,1.820290175686501,8,6,2,500,100.0,100.0,0.0,0.0,0.0,0.0,0.0,0.0
2321,122537,100.0,60.99278803812122,1.7612967886412645,8,1,2,500,100.0,100.0,0.0,0.0,0.0,0.0,0.0,0.0
2322,61521,100.0,60.07867120315251,1.7179041024402255,6,3,2,500,100.0,100.0,0.0,0.0,0.0,0.0,0.0,0.0
2323,150000,73.63,65.45127925301148,1.8442926137969688,10,0,2,500,68.42,78.84,0.0,0.0,0.0,0.0,0.0,0.0
2324,146044,98.91,64.8833538871269,1.8351795638651376,10,2,2,500,97.82,100.0,0.0,0.0,0.0,0.0,0.0,0.0
2325,73020,99.38,66.97433701955498,1.7284004704484528,4,0,2,500,100.0,98.75,0.0,0.0,0.0,0.0,0.0,0.0
2326,150000,97.27,61.33659464344384,1.82657159412931,11,0,2,500,94.54,100.0,0.0,0.0,0.0,0.0,0.0,0.0
2327,62525,100.0,66.67660138274255,1.813879281266172,8,5,2,500,100.0,100.0,0.0,0.0,0.0,0.0,0.0,0.0
2328,61521,100.0,64.7917729841853,1.7422837132378688,6,3,2,500,100.0,100.0,0.0,0.0,0.0,0.0,0.0,0.0
2329,85527,100.0,65.62499960203611,1.799190999212211,6,1,2,500,100.0,100.0,0.0,0.0,0.0,0.0,0.0,0.0
2330,86531,100.0,69.65968219415495,1.7021775381629327,8,3,2,500,100.0,100.0,0.0,0.0,0.0,0.0,0.0,0.0
2331,45146,100.0,58.73827031428228,1.6683968363568602,4,8,2,500,100.0,100.0,0.0,0.0,0.0,0.0,0.0,0.0
2332,49515,95.13,59.15894821315721,1.7921247248928225,6,5,2,500,94.74,95.52,0.0,0.0,0.0,0.0,0.0,0.0
2333,150000,100.0,67.1483749188531,1.7493111812418145,12,1,2,500,100.0,100.0,0.0,0.0,0.0,0.0,0.0,0.0
2334,49267,71.89,69.41174756451619,1.872268623416594,7,6,2,500,73.09,70.68,0.0,0.0,0.0,0.0,0.0,0.0
2335,147040,100.0,62.78042087826419,1.7187978632776342,8,0,2,500,100.0,100.0,0.0,0.0,0.0,0.0,0.0,0.0
2336,48009,100.0,67.03781055823508,1.778556564901361,3,2,2,500,100.0,100.0,0.0,0.0,0.0,0.0,0.0,0.0
2337,150000,100.0,70.12503572029514,1.7956418643222871,15,0,2,500,100.0,100.0,0.0,0.0,0.0,0.0,0.0,0.0
2338,146044,99.2,64.66497418128252,1.795488266129255,10,2,2,500,98.4,100.0,0.0,0.0,0.0,0.0,0.0,0.0
2339,54272,91.16,65.08437604453584,1.7481221296392409,8,6,2,500,85.18,97.15,0.0,0.0,0.0,0.0,0.0,0.0
2340,124035,84.98,69.46386056145542,1.796336666155904,7,0,2,500,78.75,91.2,0.0,0.0,0.0,0.0,0.0,0.0
2341,62277,100.0,63.20208766161388,1.827596516022833,9,6,2,500,100.0,100.0,0.0,0.0,0.0,0.0,0.0,0.0
2342,150000,99.22,66.10275957656664,1.888487115910867,10,1,2,500,98.44,100.0,0.0,0.0,0.0,0.0,0.0,0.0
2343,47714,100.0,64.26476458672153,1.7565137468407093,7,7,2,500,100.0,100.0,0.0,0.0,0.0,0.0,0.0,0.0
2344,87535,100.0,66.01271138612876,1.841349247989332,10,5,2,500,100.0,100.0,0.0,0.0,0.0,0.0,0.0,0.0
2345,87535,100.0,68.25159035295522,1.73640421382005,10,5,2,500,100.0,100.0,0.0,0.0,0.0,0.0,0.0,0.0
2346,46859,100.0,65.01054933163343,1.756552370319348,6,7,2,500,100.0,100.0,0.0,0.0,0.0,0.0,0.0,0.0
2347,47710,100.0,64.63224294184909,1.731347714601435,5,5,2,500,100.0,100.0,0.0,0.0,0.0,0.0,0.0,0.0
2348,47462,72.28,61.9048860024539,1.8305133607154631,6,6,2,500,69.8,74.75,0.0,0.0,0.0,0.0,0.0,0.0
2349,123039,100.0,59.49726980372632,1.7790033778523398,9,2,2,500,100.0,100.0,0.0,0.0,0.0,0.0,0.0,0.0
2350,46859,85.93,63.61001585347324,1.8037417356424696,6,7,2,500,92.13,79.73,0.0,0.0,0.0,0.0,0.0,0.0
2351,147040,100.0,67.74291117643142,1.7002655682357812,8,0,2,500,100.0,100.0,0.0,0.0,0.0,0.0,0.0,0.0
2352,42627,96.72,64.40569362106378,1.7662544532448416,2,11,2,500,93.44,100.0,0.0,0.0,0.0,0.0,0.0,0.0
2353,48511,100.0,65.5445609147162,1.790887989308536,4,3,2,500,100.0,100.0,0.0,0.0,0.0,0.0,0.0,0.0
2354,49013,95.16,67.33287403738451,1.7886169680529078,5,4,2,500,95.47,94.85,0.0,0.0,0.0,0.0,0.0,0.0
2355,47714,100.0,62.32594272791259,1.7815783495935609,7,7,2,500,100.0,100.0,0.0,0.0,0.0,0.0,0.0,0.0
2356,104038,100.0,62.53246813596672,1.88053930172138,10,4,2,500,100.0,100.0,0.0,0.0,0.0,0.0,0.0,0.0
2357,146044,100.0,64.12742506944254,1.6951876544487494,10,2,2,500,100.0,100.0,0.0,0.0,0.0,0.0,0.0,0.0
2358,46859,100.0,63.61103566845274,1.6899145714326906,6,7,2,500,100.0,100.0,0.0,0.0,0.0,0.0,0.0,0.0
2359,73028,97.46,63.188128344187305,1.804000957818908,8,4,2,500,94.91,100.0,0.0,0.0,0.0,0.0,0.0,0.0
2360,146044,100.0,66.0443780593362,1.6839317860410672,10,2,2,500,100.0,100.0,0.0,0.0,0.0,0.0,0.0,0.0
2361,45702,99.0,60.31350767586348,1.7503649861935104,1,1,2,500,100.0,98.01,0.0,0.0,0.0,0.0,0.0,0.0
2362,44340,100.0,66.88845441816409,1.8118376200801656,4,10,2,500,100.0,100.0,0.0,0.0,0.0,0.0,0.0,0.0
2363,46855,79.64,65.45020778005919,1.7576638777527285,4,5,2,500,75.79,83.49,0.0,0.0,0.0,0.0,0.0,0.0
2364,122537,100.0,65.11891072583389,1.651208694658715,8,1,2,500,100.0,100.0,0.0,0.0,0.0,0.0,0.0,0.0
2365,62525,100.0,64.91732509878915,1.675345563215257,8,5,2,500,100.0,100.0,0.0,0.0,0.0,0.0,0.0,0.0
2366,147040,100.0,65.77794771950926,1.832179933874841,8,0,2,500,100.0,100.0,0.0,0.0,0.0,0.0,0.0,0.0
2367,150000,100.0,67.24583950480807,1.7279685956549902,10,1,2,500,100.0,100.0,0.0,0.0,0.0,0.0,0.0,0.0
2368,150000,100.0,64.38596105886543,1.7752418809907335,13,0,2,500,100.0,100.0,0.0,0.0,0.0,0.0,0.0,0.0
2369,85527,99.18,61.62204030531742,1.6926405436680458,6,1,2,500,100.0,98.35,0.0,0.0,0.0,0.0,0.0,0.0
2370,43433,94.01,64.38943783670042,1.8238482209037348,2,9,2,500,88.13,99.89,0.0,0.0,0.0,0.0,0.0,0.0
2371,123541,100.0,65.9267504259642,1.70382277069397,10,3,2,500,100.0,100.0,0.0,0.0,0.0,0.0,0.0,0.0
2372,73028,100.0,69.53380397779348,1.6863181771106666,8,4,2,500,100.0,100.0,0.0,0.0,0.0,0.0,0.0,0.0
2373,72024,100.0,66.52666924466483,1.7304826021073816,6,2,2,500,100.0,100.0,0.0,0.0,0.0,0.0,0.0,0.0
2374,54520,100.0,69.18030050917895,1.791735161914266,7,5,2,500,100.0,100.0,0.0,0.0,0.0,0.0,0.0,0.0
2375,150000,74.45,70.38867941877798,1.8225646850732609,11,2,2,500,74.4,74.5,0.0,0.0,0.0,0.0,0.0,0.0
2376,104030,100.0,60.9158430692123,1.7479902050799667,6,0,2,500,100.0,100.0,0.0,0.0,0.0,0.0,0.0,0.0
2377,86531,81.28,66.07318742890187,1.8081265224753216,8,3,2,500,69.23,93.33,0.0,0.0,0.0,0.0,0.0,0.0
2378,61521,100.0,66.77981585722904,1.7835686589746669,6,3,2,500,100.0,100.0,0.0,0.0,0.0,0.0,0.0,0.0
2379,104038,80.23,65.8585552234224,1.7176886533988736,10,4,2,500,83.24,77.22,0.0,0.0,0.0,0.0,0.0,0.0
2380,123541,99.64,64.90118449176784,1.813306242871889,10,3,2,500,100.0,99.27,0.0,0.0,0.0,0.0,0.0,0.0
2381,46607,100.0,70.39199931214743,1.741106725577253,5,6,2,500,100.0,100.0,0.0,0.0,0.0,0.0,0.0,0.0
2382,86531,69.42,62.89093167793197,1.7766860309915948,8,3,2,500,62.93,75.92,0.0,0.0,0.0,0.0,0.0,0.0
2383,49005,100.0,63.6497971407356,1.698083836289777,1,0,2,500,100.0,100.0,0.0,0.0,0.0,0.0,0.0,0.0
2384,150000,100.0,59.84571282267264,1.743166915775278,9,0,2,500,100.0,100.0,0.0,0.0,0.0,0.0,0.0,0.0
2385,46708,100.0,68.14762304014275,1.7875372123311006,7,9,2,500,100.0,100.0,0.0,0.0,0.0,0.0,0.0,0.0
2386,146044,93.81,59.26616891710751,1.7319193093667598,10,2,2,500,100.0,87.62,0.0,0.0,0.0,0.0,0.0,0.0
2387,61521,100.0,60.91258958088663,1.7939831489074671,6,3,2,500,100.0,100.0,0.0,0.0,0.0,0.0,0.0,0.0
2388,86531,100.0,64.80334683475438,1.7032224990205032,8,3,2,500,100.0,100.0,0.0,0.0,0.0,0.0,0.0,0.0
2389,47462,40.56,67.76635733158813,1.7765027635594464,6,6,2,500,37.34,43.78,0.0,0.0,0.0,0.0,0.0,0.0
2390,150000,100.0,71.48543838391157,1.7838045590968554,10,0,2,500,100.0,100.0,0.0,0.0,0.0,0.0,0.0,0.0
2391,150000,100.0,57.42959510916944,1.68340473584965,12,2,2,500,100.0,100.0,0.0,0.0,0.0,0.0,0.0,0.0
2392,73028,100.0,64.18242739364744,1.7791018026241514,8,4,2,500,100.0,100.0,0.0,0.0,0.0,0.0,0.0,0.0
2393,44642,100.0,70.96742258589106,1.7066388391817406,2,6,2,500,100.0,100.0,0.0,0.0,0.0,0.0,0.0,0.0
2394,150000,100.0,66.71416392867916,1.6797461673430378,11,1,2,500,100.0,100.0,0.0,0.0,0.0,0.0,0.0,0.0
2395,104038,100.0,67.910367070966,1.7914063755240246,10,4,2,500,100.0,100.0,0.0,0.0,0.0,0.0,0.0,0.0
2396,62525,94.82,68.9124342160543,1.7120135859243897,8,5,2,500,89.65,100.0,0.0,0.0,0.0,0.0,0.0,0.0
2397,123039,88.16,63.89359244982583,1.6634619282837635,9,2,2,500,84.63,91.7,0.0,0.0,0.0,0.0,0.0,0.0
2398,103034,100.0,59.52457038735937,1.754420275286173,8,2,2,500,100.0,100.0,0.0,0.0,0.0,0.0,0.0,0.0
2399,150000,75.66,66.18188347742542,1.826922379795744,13,0,2,500,78.04,73.27,0.0,0.0,0.0,0.0,0.0,0.0
2400,44491,100.0,65.38128049985725,1.729978361151252,3,8,2,500,100.0,100.0,0.0,0.0,0.0,0.0,0.0,0.0
2401,45698,100.0,64.60131762849815,1.7173368829659217,2,4,2,500,100.0,100.0,0.0,0.0,0.0,0.0,0.0,0.0
2402,122537,100.0,66.37421408823006,1.7570560531515949,8,1,2,500,100.0,100.0,0.0,0.0,0.0,0.0,0.0,0.0
2403,150000,100.0,63.98823540332482,1.7183626266079797,10,1,2,500,100.0,100.0,0.0,0.0,0.0,0.0,0.0,0.0
2404,45851,63.9,65.07906100834734,1.7896814421906524,2,3,2,500,63.87,63.93,0.0,0.0,0.0,0.0,0.0,0.0
2405,54018,100.0,67.57668524644838,1.736115383126189,6,4,2,500,100.0,100.0,0.0,0.0,0.0,0.0,0.0,0.0
2406,73530,100.0,64.29202726911699,1.7548103160891164,9,5,2,500,100.0,100.0,0.0,0.0,0.0,0.0,0.0,0.0
2407,150000,99.99,65.61646198505451,1.67250633979397,16,1,2,500,99.98,100.0,0.0,0.0,0.0,0.0,0.0,0.0
2408,150000,100.0,61.97827063102054,1.8744089832563489,14,1,2,500,100.0,100.0,0.0,0.0,0.0,0.0,0.0,0.0
2409,44642,97.96,65.59777443987775,1.6787246635239332,2,6,2,500,100.0,95.91,0.0,0.0,0.0,0.0,0.0,0.0
2410,86531,100.0,63.4356112345142,1.773029933905983,8,3,2,500,100.0,100.0,0.0,0.0,0.0,0.0,0.0,0.0
2411,150000,100.0,67.79107587377543,1.762083401250917,12,1,2,500,100.0,100.0,0.0,0.0,0.0,0.0,0.0,0.0
2412,150000,100.0,62.71107382303765,1.7431455370568734,10,0,2,500,100.0,100.0,0.0,0.0,0.0,0.0,0.0,0.0
2413,86531,100.0,63.45375330282853,1.7162446938761595,8,3,2,500,100.0,100.0,0.0,0.0,0.0,0.0,0.0,0.0
2414,123541,86.5,62.64623391382485,1.69466678371031,10,3,2,500,95.88,77.13,0.0,0.0,0.0,0.0,0.0,0.0
2415,123039,100.0,63.934827495467815,1.7643077128717362,9,2,2,500,100.0,100.0,0.0,0.0,0.0,0.0,0.0,0.0
2416,46204,81.38,67.07025487001872,1.8024011599341463,5,7,2,500,85.53,77.22,0.0,0.0,0.0,0.0,0.0,0.0
2417,150000,100.0,66.29119798877245,1.7594935855534013,10,0,2,500,100.0,100.0,0.0,0.0,0.0,0.0,0.0,0.0
2418,62525,98.66,68.4300564177042,1.7651936751482395,8,5,2,500,100.0,97.32,0.0,0.0,0.0,0.0,0.0,0.0
2419,86531,100.0,65.3638394664828,1.758941509551467,8,3,2,500,100.0,100.0,0.0,0.0,0.0,0.0,0.0,0.0
2420,46708,100.0,61.98387868614776,1.765370188959257,7,9,2,500,100.0,100.0,0.0,0.0,0.0,0.0,0.0,0.0
2421,122537,87.77,63.43238434083541,1.7725127597770862,8,1,2,500,83.72,91.82,0.0,0.0,0.0,0.0,0.0,0.0
2422,103034,100.0,63.23740005429003,1.6785173704701553,8,2,2,500,100.0,100.0,0.0,0.0,0.0,0.0,0.0,0.0
2423,150000,100.0,65.2377027500877,1.6950944435805335,10,1,2,500,100.0,100.0,0.0,0.0,0.0,0.0,0.0,0.0
2424,124035,97.85,66.87127934703182,1.809476528564352,7,0,2,500,95.71,100.0,0.0,0.0,0.0,0.0,0.0,0.0
2425,86531,98.79,64.3322956309468,1.7655631842533024,8,3,2,500,97.58,100.0,0.0,0.0,0.0,0.0,0.0,0.0
2426,45146,100.0,59.64639110425637,1.7254259414741062,4,8,2,500,100.0,100.0,0.0,0.0,0.0,0.0,0.0,0.0
2427,147040,99.3,59.93812786262315,1.69652549930652,8,0,2,500,98.59,100.0,0.0,0.0,0.0,0.0,0.0,0.0
2428,147040,100.0,65.14234544578049,1.7507179250610312,8,0,2,500,100.0,100.0,0.0,0.0,0.0,0.0,0.0,0.0
2429,54272,100.0,60.21988126819684,1.647283970463284,8,6,2,500,100.0,100.0,0.0,0.0,0.0,0.0,0.0,0.0
2430,72024,98.91,70.64059130210929,1.7692031034963196,6,2,2,500,100.0,97.82,0.0,0.0,0.0,0.0,0.0,0.0
2431,47208,100.0,61.42930672564848,1.7626440645626813,4,4,2,500,100.0,100.0,0.0,0.0,0.0,0.0,0.0,0.0
2432,49515,100.0,68.09128701611101,1.7906882836233031,6,5,2,500,100.0,100.0,0.0,0.0,0.0,0.0,0.0,0.0
2433,54018,100.0,68.48061685374134,1.736460880031662,6,4,2,500,100.0,100.0,0.0,0.0,0.0,0.0,0.0,0.0
2434,122537,100.0,70.40681831732456,1.748784531012807,8,1,2,500,100.0,100.0,0.0,0.0,0.0,0.0,0.0,0.0
2435,54018,100.0,68.76015772270341,1.73272270194767,6,4,2,500,100.0,100.0,0.0,0.0,0.0,0.0,0.0,0.0
2436,62023,100.0,61.89533080686805,1.7388995843886204,7,4,2,500,100.0,100.0,0.0,0.0,0.0,0.0,0.0,0.0
2437,103034,99.5,65.30220120844614,1.7655509608930495,8,2,2,500,99.01,100.0,0.0,0.0,0.0,0.0,0.0,0.0
2438,47208,98.32,63.65861376295848,1.7391987794147072,4,4,2,500,96.64,100.0,0.0,0.0,0.0,0.0,0.0,0.0
2439,150000,100.0,66.42861109742519,1.769946002804546,15,0,2,500,100.0,100.0,0.0,0.0,0.0,0.0,0.0,0.0
2440,104038,100.0,67.39534049361454,1.7806305910336826,10,4,2,500,100.0,100.0,0.0,0.0,0.0,0.0,0.0,0.0
2441,54018,100.0,63.591093917111095,1.749943859297729,6,4,2,500,100.0,100.0,0.0,0.0,0.0,0.0,0.0,0.0
2442,104030,100.0,67.71514898682936,1.7330582511966492,6,0,2,500,100.0,100.0,0.0,0.0,0.0,0.0,0.0,0.0
2443,146044,99.98,65.25938891795299,1.707292500497149,10,2,2,500,99.97,100.0,0.0,0.0,0.0,0.0,0.0,0.0
2444,150000,95.8,60.52913210784497,1.7518858573391416,12,3,2,500,99.76,91.83,0.0,0.0,0.0,0.0,0.0,0.0
2445,61521,99.46,65.65399053482054,1.7718104957150462,6,3,2,500,100.0,98.92,0.0,0.0,0.0,0.0,0.0,0.0
2446,72526,100.0,59.41847561692072,1.7400156249812992,7,3,2,500,100.0,100.0,0.0,0.0,0.0,0.0,0.0,0.0
2447,122537,100.0,67.12289021831545,1.7788180958823552,8,1,2,500,100.0,100.0,0.0,0.0,0.0,0.0,0.0,0.0
2448,150000,100.0,68.25209370291795,1.7374029152896282,10,0,2,500,100.0,100.0,0.0,0.0,0.0,0.0,0.0,0.0
2449,62525,100.0,61.43425822328019,1.7462340948633477,8,5,2,500,100.0,100.0,0.0,0.0,0.0,0.0,0.0,0.0
2450,104030,91.42,66.32016036709118,1.7492693543778433,6,0,2,500,99.5,83.34,0.0,0.0,0.0,0.0,0.0,0.0
2451,47966,100.0,66.93087334262245,1.7075131476090002,8,8,2,500,100.0,100.0,0.0,0.0,0.0,0.0,0.0,0.0
2452,73028,98.69,65.7401363429276,1.7204948422786677,8,4,2,500,97.38,100.0,0.0,0.0,0.0,0.0,0.0,0.0
2453,150000,91.54,62.98579074036182,1.6693169323375865,12,0,2,500,98.28,84.8,0.0,0.0,0.0,0.0,0.0,0.0
2454,46859,100.0,69.11689692521021,1.740968185597611,6,7,2,500,100.0,100.0,0.0,0.0,0.0,0.0,0.0,0.0
2455,47462,94.63,63.72705793898452,1.750698672536051,6,6,2,500,89.26,100.0,0.0,0.0,0.0,0.0,0.0,0.0
2456,104540,100.0,63.68301363694129,1.6987895832848,11,5,2,500,100.0,100.0,0.0,0.0,0.0,0.0,0.0,0.0
2457,87535,97.53,70.56524098875953,1.6430260450046164,10,5,2,500,95.06,100.0,0.0,0.0,0.0,0.0,0.0,0.0
2458,62023,100.0,70.84666003527404,1.703575770432256,7,4,2,500,100.0,100.0,0.0,0.0,0.0,0.0,0.0,0.0
2459,73028,97.38,68.36810390523438,1.7205508872340354,8,4,2,500,100.0,94.76,0.0,0.0,0.0,0.0,0.0,0.0
2460,102532,100.0,60.192564529439565,1.7149630908283795,7,1,2,500,100.0,100.0,0.0,0.0,0.0,0.0,0.0,0.0
2461,150000,98.42,60.40306737407308,1.7021720093705113,14,0,2,500,100.0,96.85,0.0,0.0,0.0,0.0,0.0,0.0
2462,146044,84.14,65.72554617883249,1.717535238561329,10,2,2,500,90.57,77.71,0.0,0.0,0.0,0.0,0.0,0.0
2463,150000,98.8,66.50825785531835,1.7611622193897185,9,0,2,500,100.0,97.6,0.0,0.0,0.0,0.0,0.0,0.0
2464,86531,100.0,62.825611009171645,1.7371975698422293,8,3,2,500,100.0,100.0,0.0,0.0,0.0,0.0,0.0,0.0
2465,150000,100.0,72.46574384457675,1.7371603473726898,9,0,2,500,100.0,100.0,0.0,0.0,0.0,0.0,0.0,0.0
2466,72024,100.0,68.75855291558186,1.7838759569252127,6,2,2,500,100.0,100.0,0.0,0.0,0.0,0.0,0.0,0.0
2467,54520,100.0,70.97810154679799,1.757946496071565,7,5,2,500,100.0,100.0,0.0,0.0,0.0,0.0,0.0,0.0
2468,150000,100.0,67.69393723965915,1.7131133213774703,14,0,2,500,100.0,100.0,0.0,0.0,0.0,0.0,0.0,0.0
2469,146546,100.0,65.82691650535276,1.716692026607337,11,3,2,500,100.0,100.0,0.0,0.0,0.0,0.0,0.0,0.0
2470,86531,100.0,65.08369448056307,1.8397634584389029,8,3,2,500,100.0,100.0,0.0,0.0,0.0,0.0,0.0,0.0
2471,150000,99.56,68.8713658464563,1.6731017917580868,14,0,2,500,99.11,100.0,0.0,0.0,0.0,0.0,0.0,0.0
2472,145542,100.0,70.81677510281607,1.7315191747444982,9,1,2,500,100.0,100.0,0.0,0.0,0.0,0.0,0.0,0.0
2473,150000,100.0,58.25114319425106,1.7678469085560788,12,1,2,500,100.0,100.0,0.0,0.0,0.0,0.0,0.0,0.0
2474,86531,100.0,62.49307773113436,1.7869960435271426,8,3,2,500,100.0,100.0,0.0,0.0,0.0,0.0,0.0,0.0
2475,123039,100.0,63.86915906475342,1.7026450551198804,9,2,2,500,100.0,100.0,0.0,0.0,0.0,0.0,0.0,0.0
2476,104292,100.0,65.82769998930912,1.7048494587849317,12,6,2,500,100.0,100.0,0.0,0.0,0.0,0.0,0.0,0.0
2477,150000,100.0,69.28409256123939,1.7111092550068618,10,0,2,500,100.0,100.0,0.0,0.0,0.0,0.0,0.0,0.0
2478,49515,100.0,66.07403862876873,1.7261122892536236,6,5,2,500,100.0,100.0,0.0,0.0,0.0,0.0,0.0,0.0
2479,47208,94.1,65.19030933209679,1.754763208554824,4,4,2,500,100.0,88.19,0.0,0.0,0.0,0.0,0.0,0.0
2480,150000,100.0,66.28359549377036,1.6921757649606666,12,2,2,500,100.0,100.0,0.0,0.0,0.0,0.0,0.0,0.0
2481,72024,100.0,64.33881429076345,1.80967771075324,6,2,2,500,100.0,100.0,0.0,0.0,0.0,0.0,0.0,0.0
2482,49519,100.0,64.03787127177235,1.7216146051182764,8,7,2,500,100.0,100.0,0.0,0.0,0.0,0.0,0.0,0.0
2483,147048,83.14,60.91672525496309,1.7232920950734418,12,4,2,500,83.23,83.04,0.0,0.0,0.0,0.0,0.0,0.0
2484,49267,96.24,67.19104585058122,1.7472294535206845,7,6,2,500,100.0,92.48,0.0,0.0,0.0,0.0,0.0,0.0
2485,150000,100.0,61.93998477879446,1.718651159973506,10,1,2,500,100.0,100.0,0.0,0.0,0.0,0.0,0.0,0.0
2486,145542,99.6,65.47132147620772,1.75191778324393,9,1,2,500,99.2,100.0,0.0,0.0,0.0,0.0,0.0,0.0
2487,150000,100.0,66.42040723232371,1.7099308445464392,11,0,2,500,100.0,100.0,0.0,0.0,0.0,0.0,0.0,0.0
2488,150000,93.51,63.24170172026878,1.717142565423028,14,0,2,500,87.02,100.0,0.0,0.0,0.0,0.0,0.0,0.0
2489,72024,91.49,65.08148179739219,1.729303222989134,6,2,2,500,82.98,100.0,0.0,0.0,0.0,0.0,0.0,0.0
2490,150000,100.0,60.71725817346919,1.8406339958428912,11,0,2,500,100.0,100.0,0.0,0.0,0.0,0.0,0.0,0.0
2491,150000,98.4,65.0521302729721,1.74148873894956,9,0,2,500,96.8,100.0,0.0,0.0,0.0,0.0,0.0,0.0
2492,103034,100.0,64.02031860873844,1.7245549141820888,8,2,2,500,100.0,100.0,0.0,0.0,0.0,0.0,0.0,0.0
2493,150000,98.42,65.75138691186379,1.724300686805446,10,0,2,500,98.77,98.08,0.0,0.0,0.0,0.0,0.0,0.0
2494,86531,98.52,60.951865664754834,1.8038505381506384,8,3,2,500,97.03,100.0,0.0,0.0,0.0,0.0,0.0,0.0
2495,73530,87.8,63.00967153077245,1.6944416473194566,9,5,2,500,81.84,93.76,0.0,0.0,0.0,0.0,0.0,0.0
2496,150000,100.0,66.75634874544066,1.728126023857664,12,0,2,500,100.0,100.0,0.0,0.0,0.0,0.0,0.0,0.0
2497,150000,100.0,65.68865304066206,1.742888646456586,10,1,2,500,100.0,100.0,0.0,0.0,0.0,0.0,0.0,0.0
2498,124035,100.0,63.61180085631787,1.718032050196651,7,0,2,500,100.0,100.0,0.0,0.0,0.0,0.0,0.0,0.0
2499,54018,83.18,67.51959670872925,1.7477489692265529,6,4,2,500,88.72,77.65,0.0,0.0,0.0,0.0,0.0,0.0
2500,147040,100.0,67.09480203698637,1.7093857400490584,8,0,2,500,100.0,100.0,0.0,0.0,0.0,0.0,0.0,0.0
2501,86531,87.74,69.66989845360436,1.7829734262389103,8,3,2,500,87.8,87.67,0.0,0.0,0.0,0.0,0.0,0.0
2502,122537,100.0,63.330294084516034,1.7708286765110928,8,1,2,500,100.0,100.0,0.0,0.0,0.0,0.0,0.0,0.0
2503,62525,85.29,65.33044912537852,1.7688748847874898,8,5,2,500,85.7,84.88,0.0,0.0,0.0,0.0,0.0,0.0
2504,150000,100.0,64.10853269312767,1.824381941956708,12,3,2,500,100.0,100.0,0.0,0.0,0.0,0.0,0.0,0.0
2505,150000,100.0,63.10232800233694,1.788235705910847,10,1,2,500,100.0,100.0,0.0,0.0,0.0,0.0,0.0,0.0
2506,85527,100.0,62.31181031763704,1.7353435268007256,6,1,2,500,100.0,100.0,0.0,0.0,0.0,0.0,0.0,0.0
2507,46706,100.0,60.98806807021561,1.7102059360985002,3,3,2,500,100.0,100.0,0.0,0.0,0.0,0.0,0.0,0.0
2508,53014,100.0,68.40153597259786,1.7404095252430023,4,2,2,500,100.0,100.0,0.0,0.0,0.0,0.0,0.0,0.0
2509,150000,100.0,62.95998831349465,1.748809454708517,15,0,2,500,100.0,100.0,0.0,0.0,0.0,0.0,0.0,0.0
2510,73282,100.0,71.19447009746546,1.7066814072150531,10,6,2,500,100.0,100.0,0.0,0.0,0.0,0.0,0.0,0.0
2511,123541,100.0,59.40835620910658,1.784180432641896,10,3,2,500,100.0,100.0,0.0,0.0,0.0,0.0,0.0,0.0
2512,86029,100.0,61.56393418534746,1.7606283591657077,7,2,2,500,100.0,100.0,0.0,0.0,0.0,0.0,0.0,0.0
2513,122537,100.0,61.62626080908909,1.7584076546955427,8,1,2,500,100.0,100.0,0.0,0.0,0.0,0.0,0.0,0.0
2514,87033,100.0,61.0529757560132,1.7210440219027077,9,4,2,500,100.0,100.0,0.0,0.0,0.0,0.0,0.0,0.0
2515,150000,90.94,61.943588688007246,1.70766215992361,10,1,2,500,81.89,100.0,0.0,0.0,0.0,0.0,0.0,0.0
2516,150000,100.0,68.01651659489936,1.7101760316557593,12,1,2,500,100.0,100.0,0.0,0.0,0.0,0.0,0.0,0.0
2517,150000,100.0,66.54296675211503,1.6339595668397653,10,1,2,500,100.0,100.0,0.0,0.0,0.0,0.0,0.0,0.0
2518,150000,100.0,64.56120683237458,1.7355558715873354,10,1,2,500,100.0,100.0,0.0,0.0,0.0,0.0,0.0,0.0
2519,86531,100.0,64.35884943342326,1.7367302536339126,8,3,2,500,100.0,100.0,0.0,0.0,0.0,0.0,0.0,0.0
2520,124545,100.0,64.49497584308615,1.6579448801751158,12,5,2,500,100.0,100.0,0.0,0.0,0.0,0.0,0.0,0.0
2521,150000,100.0,64.61760823628313,1.7029402044637412,10,0,2,500,100.0,100.0,0.0,0.0,0.0,0.0,0.0,0.0
2522,147048,84.4,65.33898962376061,1.7389292218398038,12,4,2,500,84.27,84.54,0.0,0.0,0.0,0.0,0.0,0.0
2523,54272,96.98,66.67577980848314,1.7507946429904682,8,6,2,500,100.0,93.96,0.0,0.0,0.0,0.0,0.0,0.0
2524,150000,100.0,61.90856665434546,1.6338883755367255,11,0,2,500,100.0,100.0,0.0,0.0,0.0,0.0,0.0,0.0
2525,86531,99.69,65.88018216017993,1.743275753851248,8,3,2,500,99.38,100.0,0.0,0.0,0.0,0.0,0.0,0.0
2526,86531,93.49,65.8702654590407,1.762201697158034,8,3,2,500,99.74,87.24,0.0,0.0,0.0,0.0,0.0,0.0
2527,54272,100.0,64.28586572273981,1.6960834882516391,8,6,2,500,100.0,100.0,0.0,0.0,0.0,0.0,0.0,0.0
2528,123039,100.0,62.168331159307016,1.7320241632815252,9,2,2,500,100.0,100.0,0.0,0.0,0.0,0.0,0.0,0.0
2529,150000,82.88,72.98824792862786,1.6909487577613198,12,1,2,500,87.56,78.21,0.0,0.0,0.0,0.0,0.0,0.0
2530,150000,95.46,58.12265623354643,1.7310895230449836,14,0,2,500,100.0,90.91,0.0,0.0,0.0,0.0,0.0,0.0
2531,86531,100.0,62.394652310629496,1.7526557440308044,8,3,2,500,100.0,100.0,0.0,0.0,0.0,0.0,0.0,0.0
2532,62525,100.0,63.25042627461995,1.7235528453435691,8,5,2,500,100.0,100.0,0.0,0.0,0.0,0.0,0.0,0.0
2533,104540,100.0,63.14157210261253,1.7915260500408348,11,5,2,500,100.0,100.0,0.0,0.0,0.0,0.0,0.0,0.0
2534,150000,100.0,64.75464825246755,1.7024616493516271,15,0,2,500,100.0,100.0,0.0,0.0,0.0,0.0,0.0,0.0
2535,47462,93.92,64.15581475501322,1.765335539657054,6,6,2,500,100.0,87.85,0.0,0.0,0.0,0.0,0.0,0.0
2536,150000,100.0,70.88897823621886,1.67825066824477,14,2,2,500,100.0,100.0,0.0,0.0,0.0,0.0,0.0,0.0
2537,123541,100.0,70.63882152176616,1.7450572341948547,10,3,2,500,100.0,100.0,0.0,0.0,0.0,0.0,0.0,0.0
2538,147040,100.0,62.841577435823694,1.7255373581339382,8,0,2,500,100.0,100.0,0.0,0.0,0.0,0.0,0.0,0.0
2539,54010,100.0,58.83268658514657,1.6900837898018508,2,0,2,500,100.0,100.0,0.0,0.0,0.0,0.0,0.0,0.0
2540,123039,100.0,68.94445066533065,1.7838469269804675,9,2,2,500,100.0,100.0,0.0,0.0,0.0,0.0,0.0,0.0
2541,62525,100.0,61.54468593204747,1.623981316433242,8,5,2,500,100.0,100.0,0.0,0.0,0.0,0.0,0.0,0.0
2542,124035,100.0,60.48740458897576,1.708668201424779,7,0,2,500,100.0,100.0,0.0,0.0,0.0,0.0,0.0,0.0
2543,103536,100.0,65.99489963407001,1.7592256168591027,9,3,2,500,100.0,100.0,0.0,0.0,0.0,0.0,0.0,0.0
2544,146546,100.0,71.89499851109355,1.7177156262431277,11,3,2,500,100.0,100.0,0.0,0.0,0.0,0.0,0.0,0.0
2545,150000,100.0,54.75588887905966,1.6550978370983982,12,1,2,500,100.0,100.0,0.0,0.0,0.0,0.0,0.0,0.0
2546,150000,87.85,65.29930201597213,1.7517026960270277,10,0,2,500,89.13,86.57,0.0,0.0,0.0,0.0,0.0,0.0
2547,150000,99.37,67.5201109922267,1.723698387131925,11,2,2,500,100.0,98.74,0.0,0.0,0.0,0.0,0.0,0.0
2548,87535,100.0,69.5102536638909,1.7793663678125973,10,5,2,500,100.0,100.0,0.0,0.0,0.0,0.0,0.0,0.0
2549,104038,100.0,66.41225144208461,1.7660102386709533,10,4,2,500,100.0,100.0,0.0,0.0,0.0,0.0,0.0,0.0
2550,53516,100.0,68.46460435723397,1.71204843335519,5,3,2,500,100.0,100.0,0.0,0.0,0.0,0.0,0.0,0.0
2551,47208,100.0,64.29969733081438,1.778841693024522,4,4,2,500,100.0,100.0,0.0,0.0,0.0,0.0,0.0,0.0
2552,123541,100.0,64.68189655056705,1.766376432877148,10,3,2,500,100.0,100.0,0.0,0.0,0.0,0.0,0.0,0.0
2553,86531,96.14,63.94214597690281,1.7652436232821382,8,3,2,500,100.0,92.27,0.0,0.0,0.0,0.0,0.0,0.0
2554,150000,100.0,69.10763254947533,1.717888395008241,13,0,2,500,100.0,100.0,0.0,0.0,0.0,0.0,0.0,0.0
2555,49013,100.0,67.73856471010058,1.684265182164971,5,4,2,500,100.0,100.0,0.0,0.0,0.0,0.0,0.0,0.0
2556,150000,100.0,66.41583405864947,1.694181180440843,12,0,2,500,100.0,100.0,0.0,0.0,0.0,0.0,0.0,0.0
2557,150000,98.82,62.61170466924722,1.618243699674453,10,1,2,500,100.0,97.63,0.0,0.0,0.0,0.0,0.0,0.0
2558,46706,100.0,61.39008151347159,1.766271865952206,3,3,2,500,100.0,100.0,0.0,0.0,0.0,0.0,0.0,0.0
2559,61521,100.0,64.18095048793246,1.7927978799244724,6,3,2,500,100.0,100.0,0.0,0.0,0.0,0.0,0.0,0.0
2560,103536,100.0,61.61594164157315,1.741554129400264,9,3,2,500,100.0,100.0,0.0,0.0,0.0,0.0,0.0,0.0
2561,145542,93.94,66.14112547351428,1.7377052361811312,9,1,2,500,100.0,87.87,0.0,0.0,0.0,0.0,0.0,0.0
2562,62525,99.62,66.48978194390943,1.7703157971985717,8,5,2,500,100.0,99.23,0.0,0.0,0.0,0.0,0.0,0.0
2563,147040,100.0,67.36576304828087,1.704323843939333,8,0,2,500,100.0,100.0,0.0,0.0,0.0,0.0,0.0,0.0
2564,150000,100.0,72.41041785480391,1.7236889149379315,15,0,2,500,100.0,100.0,0.0,0.0,0.0,0.0,0.0,0.0
2565,50023,65.26,62.87105417643115,1.7156288536772726,10,9,2,500,65.98,64.53,0.0,0.0,0.0,0.0,0.0,0.0
2566,150000,98.27,61.744244976736525,1.7227003712181568,10,0,2,500,96.54,100.0,0.0,0.0,0.0,0.0,0.0,0.0
2567,150000,100.0,70.34090236456758,1.7448822020303978,10,0,2,500,100.0,100.0,0.0,0.0,0.0,0.0,0.0,0.0
2568,147040,100.0,74.4942650086518,1.7212904995836624,8,0,2,500,100.0,100.0,0.0,0.0,0.0,0.0,0.0,0.0
2569,73282,100.0,68.8903164353476,1.7889326632777172,10,6,2,500,100.0,100.0,0.0,0.0,0.0,0.0,0.0,0.0
2570,146044,100.0,68.56871041229799,1.7829366436104606,10,2,2,500,100.0,100.0,0.0,0.0,0.0,0.0,0.0,0.0
2571,104030,94.6,71.86778461799497,1.682902580680045,6,0,2,500,89.21,100.0,0.0,0.0,0.0,0.0,0.0,0.0
2572,87535,100.0,67.43043932909703,1.6525068355326655,10,5,2,500,100.0,100.0,0.0,0.0,0.0,0.0,0.0,0.0
2573,147048,97.5,66.78571556012832,1.566685822827503,12,4,2,500,94.99,100.0,0.0,0.0,0.0,0.0,0.0,0.0
2574,47714,96.76,67.61818001957495,1.70022827066506,7,7,2,500,100.0,93.51,0.0,0.0,0.0,0.0,0.0,0.0
2575,123541,100.0,66.33608869512682,1.726349182203318,10,3,2,500,100.0,100.0,0.0,0.0,0.0,0.0,0.0,0.0
2576,85527,86.86,63.976494811560414,1.6924789192770198,6,1,2,500,86.14,87.59,0.0,0.0,0.0,0.0,0.0,0.0
2577,87033,100.0,66.55868390476607,1.696823901165918,9,4,2,500,100.0,100.0,0.0,0.0,0.0,0.0,0.0,0.0
2578,104544,100.0,67.85144526498604,1.6953920739007111,13,7,2,500,100.0,100.0,0.0,0.0,0.0,0.0,0.0,0.0
2579,150000,99.51,63.851708278286615,1.6701008071381929,11,0,2,500,100.0,99.02,0.0,0.0,0.0,0.0,0.0,0.0
2580,150000,100.0,68.07605639333735,1.7256513212556723,14,1,2,500,100.0,100.0,0.0,0.0,0.0,0.0,0.0,0.0
2581,150000,97.23,65.59111505889058,1.7672679830798668,14,2,2,500,100.0,94.46,0.0,0.0,0.0,0.0,0.0,0.0
2582,145542,99.22,66.1403694293592,1.6707279033995757,9,1,2,500,100.0,98.45,0.0,0.0,0.0,0.0,0.0,0.0
2583,123039,87.48,62.83775929526359,1.7407580704525034,9,2,2,500,83.76,91.21,0.0,0.0,0.0,0.0,0.0,0.0
2584,150000,100.0,61.43840716942191,1.7161625932740032,12,3,2,500,100.0,100.0,0.0,0.0,0.0,0.0,0.0,0.0
2585,150000,100.0,65.16238662510544,1.667883867594415,12,2,2,500,100.0,100.0,0.0,0.0,0.0,0.0,0.0,0.0
2586,54018,100.0,66.17791328252129,1.7095131638407113,6,4,2,500,100.0,100.0,0.0,0.0,0.0,0.0,0.0,0.0
2587,150000,83.4,59.94977112477457,1.7032203091753273,15,0,2,500,81.35,85.44,0.0,0.0,0.0,0.0,0.0,0.0
2588,86531,100.0,69.45471659991873,1.7244973445819771,8,3,2,500,100.0,100.0,0.0,0.0,0.0,0.0,0.0,0.0
2589,61521,99.43,66.09696159490599,1.729446645933837,6,3,2,500,100.0,98.86,0.0,0.0,0.0,0.0,0.0,0.0
2590,150000,89.7,69.29874082068793,1.631028155409294,11,0,2,500,93.21,86.18,0.0,0.0,0.0,0.0,0.0,0.0
2591,146044,98.38,69.77694790455575,1.7681787265931737,10,2,2,500,97.34,99.42,0.0,0.0,0.0,0.0,0.0,0.0
2592,150000,100.0,59.16367855885324,1.7045772441834834,12,2,2,500,100.0,100.0,0.0,0.0,0.0,0.0,0.0,0.0
2593,62023,100.0,58.81774883299709,1.7185024587310245,7,4,2,500,100.0,100.0,0.0,0.0,0.0,0.0,0.0,0.0
2594,49515,100.0,65.25952698426639,1.700546533280747,6,5,2,500,100.0,100.0,0.0,0.0,0.0,0.0,0.0,0.0
2595,150000,99.12,64.33104725853885,1.7944853766484743,11,0,2,500,100.0,98.24,0.0,0.0,0.0,0.0,0.0,0.0
2596,45146,100.0,61.42874796750811,1.735280586977822,4,8,2,500,100.0,100.0,0.0,0.0,0.0,0.0,0.0,0.0
2597,150000,100.0,71.19669338819007,1.6895942419443073,12,2,2,500,100.0,100.0,0.0,0.0,0.0,0.0,0.0,0.0
2598,62525,98.8,68.98784479630856,1.8360715119661104,8,5,2,500,100.0,97.59,0.0,0.0,0.0,0.0,0.0,0.0
2599,85527,85.89,65.21482224867292,1.654223824082285,6,1,2,500,88.66,83.12,0.0,0.0,0.0,0.0,0.0,0.0
2600,147040,93.55,63.37453628992193,1.7038789345765402,8,0,2,500,100.0,87.1,0.0,0.0,0.0,0.0,0.0,0.0
2601,47462,99.81,69.34693871814457,1.7081337840269508,6,6,2,500,100.0,99.62,0.0,0.0,0.0,0.0,0.0,0.0
2602,71522,94.2,65.8610218751822,1.71546163393288,5,1,2,500,90.17,98.22,0.0,0.0,0.0,0.0,0.0,0.0
2603,150000,90.5,64.35187010952735,1.70585765997339,15,0,2,500,89.47,91.53,0.0,0.0,0.0,0.0,0.0,0.0
2604,86531,99.48,68.04903927922935,1.8633532555319616,8,3,2,500,100.0,98.96,0.0,0.0,0.0,0.0,0.0,0.0
2605,150000,99.62,70.04013615506106,1.7626504868440105,11,0,2,500,99.24,100.0,0.0,0.0,0.0,0.0,0.0,0.0
2606,150000,99.16,68.57542474720472,1.6804450361385128,12,3,2,500,98.51,99.8,0.0,0.0,0.0,0.0,0.0,0.0
2607,62529,100.0,63.11103868526032,1.6390284717494574,10,7,2,500,100.0,100.0,0.0,0.0,0.0,0.0,0.0,0.0
2608,150000,70.79,64.34446972593766,1.6691971046293028,11,0,2,500,67.96,73.63,0.0,0.0,0.0,0.0,0.0,0.0
2609,150000,100.0,69.67609486340756,1.745492235861398,10,1,2,500,100.0,100.0,0.0,0.0,0.0,0.0,0.0,0.0
2610,102532,100.0,72.20164049654521,1.7049268936035398,7,1,2,500,100.0,100.0,0.0,0.0,0.0,0.0,0.0,0.0
2611,150000,72.68,68.12805539139356,1.792020632869934,10,0,2,500,66.64,78.73,0.0,0.0,0.0,0.0,0.0,0.0
2612,146546,100.0,66.79537323538487,1.7245550991412923,11,3,2,500,100.0,100.0,0.0,0.0,0.0,0.0,0.0,0.0
2613,150000,100.0,64.44963742956298,1.718460966383103,14,1,2,500,100.0,100.0,0.0,0.0,0.0,0.0,0.0,0.0
2614,150000,98.14,62.21349067606206,1.6759223583080625,10,1,2,500,96.28,100.0,0.0,0.0,0.0,0.0,0.0,0.0
2615,146044,99.1,64.7171777170754,1.7170383147685475,10,2,2,500,98.2,100.0,0.0,0.0,0.0,0.0,0.0,0.0
2616,150000,100.0,63.10855311325091,1.6912580566868771,12,2,2,500,100.0,100.0,0.0,0.0,0.0,0.0,0.0,0.0
2617,150000,100.0,65.17995198124093,1.7600109759989675,13,0,2,500,100.0,100.0,0.0,0.0,0.0,0.0,0.0,0.0
2618,104030,100.0,67.74708084043571,1.7145207867613963,6,0,2,500,100.0,100.0,0.0,0.0,0.0,0.0,0.0,0.0
2619,150000,100.0,62.43142212998973,1.722481522633299,11,0,2,500,100.0,100.0,0.0,0.0,0.0,0.0,0.0,0.0
2620,150000,100.0,65.32829311602787,1.732015833967133,15,0,2,500,100.0,100.0,0.0,0.0,0.0,0.0,0.0,0.0
2621,150000,93.02,67.82779515430126,1.7146998207552346,12,0,2,500,86.03,100.0,0.0,0.0,0.0,0.0,0.0,0.0
2622,104030,100.0,69.93273256870275,1.6771720112009902,6,0,2,500,100.0,100.0,0.0,0.0,0.0,0.0,0.0,0.0
2623,72024,100.0,63.814580394133806,1.6806846632050991,6,2,2,500,100.0,100.0,0.0,0.0,0.0,0.0,0.0,0.0
2624,122537,100.0,65.4173804018877,1.6755151584808328,8,1,2,500,100.0,100.0,0.0,0.0,0.0,0.0,0.0,0.0
2625,46204,98.98,63.03643727541229,1.7005388158454788,2,2,2,500,97.97,100.0,0.0,0.0,0.0,0.0,0.0,0.0
2626,104540,100.0,60.37909112055667,1.6872770363130267,11,5,2,500,100.0,100.0,0.0,0.0,0.0,0.0,0.0,0.0
2627,150000,100.0,66.74738368567841,1.7405556087887395,14,2,2,500,100.0,100.0,0.0,0.0,0.0,0.0,0.0,0.0
2628,150000,96.78,62.44162843440553,1.7303377211269806,12,2,2,500,100.0,93.57,0.0,0.0,0.0,0.0,0.0,0.0
2629,49771,100.0,62.86660334725219,1.6875282187770724,9,8,2,500,100.0,100.0,0.0,0.0,0.0,0.0,0.0,0.0
2630,122537,100.0,62.76762718212913,1.7332534016481558,8,1,2,500,100.0,100.0,0.0,0.0,0.0,0.0,0.0,0.0
2631,87033,100.0,65.39334188021579,1.7264614544777814,9,4,2,500,100.0,100.0,0.0,0.0,0.0,0.0,0.0,0.0
2632,150000,98.46,65.3813422357724,1.5942764280166148,13,0,2,500,96.93,100.0,0.0,0.0,0.0,0.0,0.0,0.0
2633,62023,100.0,69.18021721025028,1.708925253037898,7,4,2,500,100.0,100.0,0.0,0.0,0.0,0.0,0.0,0.0
2634,150000,90.2,62.69779363565928,1.7074662559513385,10,0,2,500,90.88,89.53,0.0,0.0,0.0,0.0,0.0,0.0
2635,123541,100.0,69.32230411793472,1.818346104614515,10,3,2,500,100.0,100.0,0.0,0.0,0.0,0.0,0.0,0.0
2636,150000,100.0,64.57054100827615,1.6353753184676196,10,1,2,500,100.0,100.0,0.0,0.0,0.0,0.0,0.0,0.0
2637,102532,100.0,60.47772592017797,1.737622946001458,7,1,2,500,100.0,100.0,0.0,0.0,0.0,0.0,0.0,0.0
2638,150000,68.73,63.20287993111485,1.7893598518144147,11,0,2,500,65.44,72.02,0.0,0.0,0.0,0.0,0.0,0.0
2639,73028,100.0,65.21769479212126,1.7568782248880677,8,4,2,500,100.0,100.0,0.0,0.0,0.0,0.0,0.0,0.0
2640,61521,78.31,64.71676184467704,1.75217259668612,6,3,2,500,73.59,83.02,0.0,0.0,0.0,0.0,0.0,0.0
2641,150000,87.7,61.59089494962839,1.6611816069448382,13,4,2,500,93.47,81.93,0.0,0.0,0.0,0.0,0.0,0.0
2642,85527,99.94,67.2356989436035,1.7053068450179436,6,1,2,500,99.88,100.0,0.0,0.0,0.0,0.0,0.0,0.0
2643,150000,100.0,69.95078018756632,1.615432757766011,10,1,2,500,100.0,100.0,0.0,0.0,0.0,0.0,0.0,0.0
2644,72024,100.0,62.52170040569671,1.74916175347047,6,2,2,500,100.0,100.0,0.0,0.0,0.0,0.0,0.0,0.0
2645,150000,100.0,66.36563735455714,1.6935717039124754,10,1,2,500,100.0,100.0,0.0,0.0,0.0,0.0,0.0,0.0
2646,87287,100.0,64.63679639634933,1.7414672664758124,11,6,2,500,100.0,100.0,0.0,0.0,0.0,0.0,0.0,0.0
2647,150000,96.46,65.04442987972756,1.6906069272232929,15,0,2,500,93.91,99.02,0.0,0.0,0.0,0.0,0.0,0.0
2648,46855,100.0,66.28839528937425,1.6869831317062542,4,5,2,500,100.0,100.0,0.0,0.0,0.0,0.0,0.0,0.0
2649,150000,100.0,67.2343485182053,1.7344418358973634,14,5,2,500,100.0,100.0,0.0,0.0,0.0,0.0,0.0,0.0
2650,150000,100.0,64.7691504832733,1.6309093668348589,12,1,2,500,100.0,100.0,0.0,0.0,0.0,0.0,0.0,0.0
2651,150000,90.01,65.35840540639191,1.6560700408112103,12,0,2,500,100.0,80.02,0.0,0.0,0.0,0.0,0.0,0.0
2652,124545,100.0,58.90338122644948,1.7670191824915586,12,5,2,500,100.0,100.0,0.0,0.0,0.0,0.0,0.0,0.0
2653,104038,100.0,66.49719775383726,1.6727725252923258,10,4,2,500,100.0,100.0,0.0,0.0,0.0,0.0,0.0,0.0
2654,150000,100.0,70.22205105087264,1.6456311393346643,15,0,2,500,100.0,100.0,0.0,0.0,0.0,0.0,0.0,0.0
2655,150000,100.0,66.90088430844553,1.6883826390220975,11,0,2,500,100.0,100.0,0.0,0.0,0.0,0.0,0.0,0.0
2656,150000,100.0,66.77884916231767,1.7480712108257903,10,1,2,500,100.0,100.0,0.0,0.0,0.0,0.0,0.0,0.0
2657,49519,100.0,64.90045582276406,1.691151316863443,8,7,2,500,100.0,100.0,0.0,0.0,0.0,0.0,0.0,0.0
2658,150000,100.0,63.81234891146221,1.6963251381853106,12,0,2,500,100.0,100.0,0.0,0.0,0.0,0.0,0.0,0.0
2659,150000,97.06,70.42261519491294,1.661298995323788,12,0,2,500,94.13,100.0,0.0,0.0,0.0,0.0,0.0,0.0
2660,150000,89.76,64.43757682430473,1.7351860797118768,15,0,2,500,87.72,91.79,0.0,0.0,0.0,0.0,0.0,0.0
2661,150000,100.0,63.61975344144782,1.7194079030947855,12,1,2,500,100.0,100.0,0.0,0.0,0.0,0.0,0.0,0.0
2662,104038,99.69,62.73694556822971,1.7019424274254775,10,4,2,500,99.38,100.0,0.0,0.0,0.0,0.0,0.0,0.0
2663,49013,100.0,64.55386513493622,1.804183471540159,5,4,2,500,100.0,100.0,0.0,0.0,0.0,0.0,0.0,0.0
2664,123541,100.0,71.21209772288158,1.7951040503040745,10,3,2,500,100.0,100.0,0.0,0.0,0.0,0.0,0.0,0.0
2665,54018,100.0,61.753092634419616,1.7505692879658328,6,4,2,500,100.0,100.0,0.0,0.0,0.0,0.0,0.0,0.0
2666,147040,100.0,59.9582148756373,1.7041095844892382,8,0,2,500,100.0,100.0,0.0,0.0,0.0,0.0,0.0,0.0
2667,150000,100.0,63.0546781734413,1.6640888476774185,15,0,2,500,100.0,100.0,0.0,0.0,0.0,0.0,0.0,0.0
2668,104038,100.0,60.89461886968604,1.6903805557213265,10,4,2,500,100.0,100.0,0.0,0.0,0.0,0.0,0.0,0.0
2669,87535,100.0,62.12609698452929,1.660205522470701,10,5,2,500,100.0,100.0,0.0,0.0,0.0,0.0,0.0,0.0
2670,122537,100.0,59.71431775805642,1.7354405101708188,8,1,2,500,100.0,100.0,0.0,0.0,0.0,0.0,0.0,0.0
2671,104038,90.94,62.38933913942776,1.6249697697935577,10,4,2,500,84.73,97.14,0.0,0.0,0.0,0.0,0.0,0.0
2672,103034,100.0,66.55563854498018,1.7338056828704371,8,2,2,500,100.0,100.0,0.0,0.0,0.0,0.0,0.0,0.0
2673,150000,100.0,68.6113796033676,1.7978618052007362,14,3,2,500,100.0,100.0,0.0,0.0,0.0,0.0,0.0,0.0
2674,87535,100.0,63.00338576466953,1.665136490923265,10,5,2,500,100.0,100.0,0.0,0.0,0.0,0.0,0.0,0.0
2675,150000,100.0,65.40987652936232,1.687499245174376,10,1,2,500,100.0,100.0,0.0,0.0,0.0,0.0,0.0,0.0
2676,150000,100.0,61.49372037555525,1.6944618033308767,11,0,2,500,100.0,100.0,0.0,0.0,0.0,0.0,0.0,0.0
2677,150000,94.8,66.68483844614977,1.7687429509233028,9,0,2,500,91.72,97.89,0.0,0.0,0.0,0.0,0.0,0.0
2678,150000,100.0,59.83556931105784,1.7207750028366595,14,0,2,500,100.0,100.0,0.0,0.0,0.0,0.0,0.0,0.0
2679,150000,100.0,63.79214141457688,1.723802805971635,13,0,2,500,100.0,100.0,0.0,0.0,0.0,0.0,0.0,0.0
2680,87535,100.0,65.9882977831225,1.759237637545918,10,5,2,500,100.0,100.0,0.0,0.0,0.0,0.0,0.0,0.0
2681,150000,66.09,69.18221651317741,1.6936311363141483,13,1,2,500,64.81,67.37,0.0,0.0,0.0,0.0,0.0,0.0
2682,47462,100.0,65.8988723751687,1.7352016520240188,6,6,2,500,100.0,100.0,0.0,0.0,0.0,0.0,0.0,0.0
2683,150000,76.66,61.44974241560447,1.6528348369756316,14,0,2,500,74.33,79.0,0.0,0.0,0.0,0.0,0.0,0.0
2684,150000,100.0,70.32908170015153,1.6481258410801003,13,0,2,500,100.0,100.0,0.0,0.0,0.0,0.0,0.0,0.0
2685,122537,99.53,65.51865502582595,1.683304832145419,8,1,2,500,100.0,99.06,0.0,0.0,0.0,0.0,0.0,0.0
2686,86531,89.22,62.22734240082738,1.7480776997505796,8,3,2,500,95.97,82.47,0.0,0.0,0.0,0.0,0.0,0.0
2687,72024,98.13,67.37578583431065,1.7857214485607218,6,2,2,500,100.0,96.26,0.0,0.0,0.0,0.0,0.0,0.0
2688,150000,76.01,66.29044557160523,1.6647137344935103,13,0,2,500,74.2,77.82,0.0,0.0,0.0,0.0,0.0,0.0
2689,85527,79.98,65.73703915477229,1.7561965965889657,6,1,2,500,67.9,92.07,0.0,0.0,0.0,0.0,0.0,0.0
2690,104038,100.0,62.840461021354514,1.6540478203405604,10,4,2,500,100.0,100.0,0.0,0.0,0.0,0.0,0.0,0.0
2691,49515,100.0,66.57892841297709,1.7846771912962944,6,5,2,500,100.0,100.0,0.0,0.0,0.0,0.0,0.0,0.0
2692,150000,100.0,69.24506597424877,1.6172518796116098,13,0,2,500,100.0,100.0,0.0,0.0,0.0,0.0,0.0,0.0
2693,150000,71.51,69.35632594476866,1.7896552889711426,11,0,2,500,70.56,72.46,0.0,0.0,0.0,0.0,0.0,0.0
2694,46456,100.0,66.11786830508238,1.6857885290892156,6,8,2,500,100.0,100.0,0.0,0.0,0.0,0.0,0.0,0.0
2695,150000,100.0,63.47383385537505,1.7019895216248853,13,0,2,500,100.0,100.0,0.0,0.0,0.0,0.0,0.0,0.0
2696,104038,100.0,70.86881831500237,1.7052004529067488,10,4,2,500,100.0,100.0,0.0,0.0,0.0,0.0,0.0,0.0
2697,147302,100.0,65.62652800327044,1.7236105119663818,14,6,2,500,100.0,100.0,0.0,0.0,0.0,0.0,0.0,0.0
2698,150000,100.0,61.781983835518,1.6229898318220055,10,1,2,500,100.0,100.0,0.0,0.0,0.0,0.0,0.0,0.0
2699,146044,77.2,66.28523930575264,1.6678049574082594,10,2,2,500,78.64,75.76,0.0,0.0,0.0,0.0,0.0,0.0
2700,122537,90.42,63.88773169803287,1.746537140069413,8,1,2,500,90.78,90.06,0.0,0.0,0.0,0.0,0.0,0.0
2701,103034,100.0,67.93653332554241,1.6364364741152786,8,2,2,500,100.0,100.0,0.0,0.0,0.0,0.0,0.0,0.0
2702,150000,95.46,62.51354470416859,1.7539722300275726,15,0,2,500,100.0,90.92,0.0,0.0,0.0,0.0,0.0,0.0
2703,124545,100.0,62.45077526336189,1.6862007228040246,12,5,2,500,100.0,100.0,0.0,0.0,0.0,0.0,0.0,0.0
2704,150000,98.07,61.81991252214569,1.6262545854031762,9,0,2,500,96.14,100.0,0.0,0.0,0.0,0.0,0.0,0.0
2705,102532,100.0,67.50349036828412,1.7597470875592591,7,1,2,500,100.0,100.0,0.0,0.0,0.0,0.0,0.0,0.0
2706,49515,93.44,69.37579033151842,1.6611547958514108,6,5,2,500,92.35,94.52,0.0,0.0,0.0,0.0,0.0,0.0
2707,62525,95.04,66.5762562567075,1.6909608477398834,8,5,2,500,100.0,90.09,0.0,0.0,0.0,0.0,0.0,0.0
2708,104030,88.84,66.65056968263917,1.6862815826449793,6,0,2,500,92.17,85.5,0.0,0.0,0.0,0.0,0.0,0.0
2709,124035,100.0,61.85437613940651,1.7272196128671191,7,0,2,500,100.0,100.0,0.0,0.0,0.0,0.0,0.0,0.0
2710,150000,87.28,64.09924024805382,1.69534634698033,11,0,2,500,89.43,85.14,0.0,0.0,0.0,0.0,0.0,0.0
2711,150000,100.0,59.04001621661352,1.7077444320769986,16,4,2,500,100.0,100.0,0.0,0.0,0.0,0.0,0.0,0.0
2712,73028,88.53,67.41613471277456,1.6172039058079324,8,4,2,500,86.26,90.8,0.0,0.0,0.0,0.0,0.0,0.0
2713,150000,100.0,67.30087031802614,1.701610480543874,12,0,2,500,100.0,100.0,0.0,0.0,0.0,0.0,0.0,0.0
2714,62277,100.0,59.98412612240151,1.7682034663881572,9,6,2,500,100.0,100.0,0.0,0.0,0.0,0.0,0.0,0.0
2715,150000,100.0,71.51775510198762,1.6335638952658216,9,0,2,500,100.0,100.0,0.0,0.0,0.0,0.0,0.0,0.0
2716,150000,88.48,73.7409944527112,1.675482605462104,10,0,2,500,89.08,87.89,0.0,0.0,0.0,0.0,0.0,0.0
2717,150000,95.83,62.8114513649722,1.7052006479485626,10,0,2,500,91.66,100.0,0.0,0.0,0.0,0.0,0.0,0.0
2718,150000,98.47,66.64952975861455,1.7061026290032832,12,2,2,500,96.94,100.0,0.0,0.0,0.0,0.0,0.0,0.0
2719,150000,74.46,64.61573309364023,1.623022840205061,15,0,2,500,81.96,66.95,0.0,0.0,0.0,0.0,0.0,0.0
2720,150000,99.85,73.09852993991542,1.63364546737814,12,0,2,500,99.7,100.0,0.0,0.0,0.0,0.0,0.0,0.0
2721,150000,100.0,63.01268684141444,1.700994679331577,11,0,2,500,100.0,100.0,0.0,0.0,0.0,0.0,0.0,0.0
2722,150000,99.28,62.489260251761465,1.707203996412012,13,0,2,500,100.0,98.57,0.0,0.0,0.0,0.0,0.0,0.0
2723,150000,100.0,58.78569973610367,1.776696541034754,10,0,2,500,100.0,100.0,0.0,0.0,0.0,0.0,0.0,0.0
2724,123541,100.0,70.23061597710802,1.6567339613120158,10,3,2,500,100.0,100.0,0.0,0.0,0.0,0.0,0.0,0.0
2725,150000,100.0,67.53124752759604,1.7783863618505074,9,0,2,500,100.0,100.0,0.0,0.0,0.0,0.0,0.0,0.0
2726,104038,86.35,68.64724252358255,1.6908408822160343,10,4,2,500,84.1,88.61,0.0,0.0,0.0,0.0,0.0,0.0
2727,123541,100.0,62.7485243863452,1.7214560675661532,10,3,2,500,100.0,100.0,0.0,0.0,0.0,0.0,0.0,0.0
2728,150000,100.0,64.58660185067616,1.694002374429597,10,1,2,500,100.0,100.0,0.0,0.0,0.0,0.0,0.0,0.0
2729,150000,70.4,65.87620157948683,1.6846097065020278,11,0,2,500,67.24,73.55,0.0,0.0,0.0,0.0,0.0,0.0
2730,150000,100.0,66.62288553567026,1.6667048215491187,13,4,2,500,100.0,100.0,0.0,0.0,0.0,0.0,0.0,0.0
2731,123039,96.0,67.36427751164422,1.6614138486702923,9,2,2,500,92.01,100.0,0.0,0.0,0.0,0.0,0.0,0.0
2732,150000,100.0,65.77833796326634,1.7926602806086538,11,2,2,500,100.0,100.0,0.0,0.0,0.0,0.0,0.0,0.0
2733,150000,100.0,69.97203444342729,1.6030202458686664,10,1,2,500,100.0,100.0,0.0,0.0,0.0,0.0,0.0,0.0
2734,122537,100.0,63.05262006112019,1.6755510445814914,8,1,2,500,100.0,100.0,0.0,0.0,0.0,0.0,0.0,0.0
2735,103034,100.0,65.20487950564284,1.7628704092636915,8,2,2,500,100.0,100.0,0.0,0.0,0.0,0.0,0.0,0.0
2736,150000,100.0,69.5972593330224,1.7868948680968149,10,1,2,500,100.0,100.0,0.0,0.0,0.0,0.0,0.0,0.0
2737,123541,100.0,61.44378098818287,1.689663493251598,10,3,2,500,100.0,100.0,0.0,0.0,0.0,0.0,0.0,0.0
2738,150000,99.84,64.96161821829857,1.701313463969756,10,0,2,500,100.0,99.67,0.0,0.0,0.0,0.0,0.0,0.0
2739,150000,100.0,67.81195513361578,1.7617610270778443,14,4,2,500,100.0,100.0,0.0,0.0,0.0,0.0,0.0,0.0
2740,87033,100.0,67.5098790932118,1.666913549684506,9,4,2,500,100.0,100.0,0.0,0.0,0.0,0.0,0.0,0.0
2741,103034,100.0,63.56632290286526,1.6639678406495968,8,2,2,500,100.0,100.0,0.0,0.0,0.0,0.0,0.0,0.0
2742,150000,98.26,66.27578616391598,1.7236689884881742,16,1,2,500,96.52,100.0,0.0,0.0,0.0,0.0,0.0,0.0
2743,150000,100.0,65.95627199208239,1.638864049028454,10,0,2,500,100.0,100.0,0.0,0.0,0.0,0.0,0.0,0.0
2744,85527,97.4,62.17585737679288,1.7068304748065393,6,1,2,500,95.19,99.62,0.0,0.0,0.0,0.0,0.0,0.0
2745,73028,100.0,64.17666538068187,1.6395655554873405,8,4,2,500,100.0,100.0,0.0,0.0,0.0,0.0,0.0,0.0
2746,123541,79.76,65.25142447521323,1.6366957285836394,10,3,2,500,79.56,79.96,0.0,0.0,0.0,0.0,0.0,0.0
2747,150000,87.33,61.36074533154368,1.7779563977076651,10,0,2,500,91.75,82.91,0.0,0.0,0.0,0.0,0.0,0.0
2748,147040,100.0,69.03844605153668,1.713631013529818,8,0,2,500,100.0,100.0,0.0,0.0,0.0,0.0,0.0,0.0
2749,150000,100.0,63.05535171308851,1.7028433747522729,13,0,2,500,100.0,100.0,0.0,0.0,0.0,0.0,0.0,0.0
2750,146546,100.0,61.17559765696376,1.800104182851148,11,3,2,500,100.0,100.0,0.0,0.0,0.0,0.0,0.0,0.0
2751,150000,100.0,61.19830538684798,1.6573496759456452,11,0,2,500,100.0,100.0,0.0,0.0,0.0,0.0,0.0,0.0
2752,150000,95.82,62.574674981386494,1.640405465460665,10,1,2,500,91.65,100.0,0.0,0.0,0.0,0.0,0.0,0.0
2753,150000,100.0,64.41243644523095,1.657105032112818,13,0,2,500,100.0,100.0,0.0,0.0,0.0,0.0,0.0,0.0
2754,103536,98.24,66.09846968093576,1.760734666213207,9,3,2,500,100.0,96.47,0.0,0.0,0.0,0.0,0.0,0.0
2755,85527,98.42,72.10900895761908,1.7338145566542449,6,1,2,500,100.0,96.84,0.0,0.0,0.0,0.0,0.0,0.0
2756,123541,94.75,69.27536693889235,1.678723043794665,10,3,2,500,97.16,92.34,0.0,0.0,0.0,0.0,0.0,0.0
2757,150000,100.0,71.7323253614167,1.7556216024498426,16,4,2,500,100.0,100.0,0.0,0.0,0.0,0.0,0.0,0.0
2758,150000,100.0,67.09555316286159,1.7297417148632528,15,0,2,500,100.0,100.0,0.0,0.0,0.0,0.0,0.0,0.0
2759,102532,97.99,68.10860203504929,1.6924456179371132,7,1,2,500,99.92,96.06,0.0,0.0,0.0,0.0,0.0,0.0
2760,104038,100.0,73.05272206329255,1.6734100487660428,10,4,2,500,100.0,100.0,0.0,0.0,0.0,0.0,0.0,0.0
2761,150000,100.0,63.68109419442882,1.680451892795468,10,1,2,500,100.0,100.0,0.0,0.0,0.0,0.0,0.0,0.0
2762,150000,100.0,63.40504837139078,1.6887105162464475,13,0,2,500,100.0,100.0,0.0,0.0,0.0,0.0,0.0,0.0
2763,150000,100.0,68.46546740614396,1.6858905915027262,13,1,2,500,100.0,100.0,0.0,0.0,0.0,0.0,0.0,0.0
2764,122537,100.0,66.0917215916097,1.700746982401349,8,1,2,500,100.0,100.0,0.0,0.0,0.0,0.0,0.0,0.0
2765,150000,99.9,65.79037958324258,1.6813957349863424,10,1,2,500,99.8,100.0,0.0,0.0,0.0,0.0,0.0,0.0
2766,150000,99.74,69.08177735716376,1.7506973128184056,11,2,2,500,99.49,100.0,0.0,0.0,0.0,0.0,0.0,0.0
2767,150000,100.0,65.25024135285453,1.6373475533972517,13,0,2,500,100.0,100.0,0.0,0.0,0.0,0.0,0.0,0.0
2768,103034,72.9,68.42019089772339,1.6655777345290508,8,2,2,500,70.2,75.6,0.0,0.0,0.0,0.0,0.0,0.0
2769,150000,98.18,67.33734082426196,1.681005488842229,14,2,2,500,100.0,96.36,0.0,0.0,0.0,0.0,0.0,0.0
2770,146044,94.38,65.56286706652821,1.7090201588118528,10,2,2,500,100.0,88.76,0.0,0.0,0.0,0.0,0.0,0.0
2771,150000,99.14,70.1759856431766,1.641966676991736,12,0,2,500,98.27,100.0,0.0,0.0,0.0,0.0,0.0,0.0
2772,45952,100.0,65.15436236838586,1.6376128374463284,4,6,2,500,100.0,100.0,0.0,0.0,0.0,0.0,0.0,0.0
2773,150000,100.0,71.81190840253115,1.6501365344762913,15,0,2,500,100.0,100.0,0.0,0.0,0.0,0.0,0.0,0.0
2774,62525,100.0,59.684957354988136,1.6492888308960945,8,5,2,500,100.0,100.0,0.0,0.0,0.0,0.0,0.0,0.0
2775,150000,99.66,62.69632157314844,1.764091371598686,10,1,2,500,99.32,100.0,0.0,0.0,0.0,0.0,0.0,0.0
2776,150000,93.8,62.37170927730286,1.6887632916183926,13,2,2,500,91.68,95.91,0.0,0.0,0.0,0.0,0.0,0.0
2777,150000,99.29,66.08814761670237,1.7082946388601743,11,0,2,500,100.0,98.58,0.0,0.0,0.0,0.0,0.0,0.0
2778,73530,100.0,63.34975649595601,1.6489110938134712,9,5,2,500,100.0,100.0,0.0,0.0,0.0,0.0,0.0,0.0
2779,150000,100.0,64.22234106797347,1.750534447627755,13,3,2,500,100.0,100.0,0.0,0.0,0.0,0.0,0.0,0.0
2780,150000,100.0,66.42607933920848,1.6059855703049557,11,0,2,500,100.0,100.0,0.0,0.0,0.0,0.0,0.0,0.0
2781,150000,92.43,66.16299647470021,1.6561860627802751,12,2,2,500,87.46,97.4,0.0,0.0,0.0,0.0,0.0,0.0
2782,150000,100.0,71.13144406670469,1.666575933308067,11,0,2,500,100.0,100.0,0.0,0.0,0.0,0.0,0.0,0.0
2783,123541,100.0,64.15640261422588,1.6152643900810255,10,3,2,500,100.0,100.0,0.0,0.0,0.0,0.0,0.0,0.0
2784,150000,100.0,61.931316740702414,1.59939575183704,12,1,2,500,100.0,100.0,0.0,0.0,0.0,0.0,0.0,0.0
2785,123541,99.3,70.52191281382368,1.5382481897215037,10,3,2,500,100.0,98.59,0.0,0.0,0.0,0.0,0.0,0.0
2786,147040,69.9,61.44451001041566,1.7363630822486789,8,0,2,500,69.19,70.62,0.0,0.0,0.0,0.0,0.0,0.0
2787,62529,100.0,66.73447360297891,1.6292579187893614,10,7,2,500,100.0,100.0,0.0,0.0,0.0,0.0,0.0,0.0
2788,150000,92.65,71.4559535068684,1.663252296065372,15,0,2,500,95.42,89.88,0.0,0.0,0.0,0.0,0.0,0.0
2789,72526,98.3,61.83377210509309,1.7175235740296588,7,3,2,500,100.0,96.6,0.0,0.0,0.0,0.0,0.0,0.0
2790,103536,100.0,65.83967202420716,1.692726826921988,9,3,2,500,100.0,100.0,0.0,0.0,0.0,0.0,0.0,0.0
2791,150000,100.0,66.60406817875031,1.6568137424821232,13,1,2,500,100.0,100.0,0.0,0.0,0.0,0.0,0.0,0.0
2792,72024,100.0,60.90013038724789,1.6853510025765324,6,2,2,500,100.0,100.0,0.0,0.0,0.0,0.0,0.0,0.0
2793,150000,100.0,61.40048896788804,1.6898601357778358,13,0,2,500,100.0,100.0,0.0,0.0,0.0,0.0,0.0,0.0
2794,150000,100.0,66.46085172509505,1.7253735807016817,11,0,2,500,100.0,100.0,0.0,0.0,0.0,0.0,0.0,0.0
2795,150000,97.63,68.20125680793589,1.6223484074967958,14,1,2,500,95.26,100.0,0.0,0.0,0.0,0.0,0.0,0.0
2796,150000,100.0,71.5775762544037,1.6510210016150415,11,0,2,500,100.0,100.0,0.0,0.0,0.0,0.0,0.0,0.0
2797,61521,83.58,67.48686197933232,1.7293563946504071,6,3,2,500,80.85,86.31,0.0,0.0,0.0,0.0,0.0,0.0
2798,123039,51.52,64.85734561826678,1.7750975382249272,9,2,2,500,53.18,49.86,0.0,0.0,0.0,0.0,0.0,0.0
2799,147550,100.0,61.682836491176914,1.6986828386169333,13,5,2,500,100.0,100.0,0.0,0.0,0.0,0.0,0.0,0.0
2800,124035,100.0,67.54676129752093,1.7253715721213432,7,0,2,500,100.0,100.0,0.0,0.0,0.0,0.0,0.0,0.0
2801,150000,94.22,69.12991737247512,1.6767236250149673,10,0,2,500,88.45,100.0,0.0,0.0,0.0,0.0,0.0,0.0
2802,146044,100.0,65.39548895625862,1.6598842438954942,10,2,2,500,100.0,100.0,0.0,0.0,0.0,0.0,0.0,0.0
2803,146044,100.0,67.44737676411673,1.703231163928555,10,2,2,500,100.0,100.0,0.0,0.0,0.0,0.0,0.0,0.0
2804,150000,97.09,64.97884164767785,1.7033085932839318,11,2,2,500,100.0,94.18,0.0,0.0,0.0,0.0,0.0,0.0
2805,62529,100.0,66.67163644868484,1.810097650261826,10,7,2,500,100.0,100.0,0.0,0.0,0.0,0.0,0.0,0.0
2806,86531,93.02,66.78933112603528,1.7229715093388047,8,3,2,500,89.3,96.73,0.0,0.0,0.0,0.0,0.0,0.0
2807,103536,100.0,65.95784097081672,1.5996763732214363,9,3,2,500,100.0,100.0,0.0,0.0,0.0,0.0,0.0,0.0
2808,46859,85.56,67.41196942373992,1.624211619297617,6,7,2,500,85.97,85.14,0.0,0.0,0.0,0.0,0.0,0.0
2809,150000,100.0,63.07861486419977,1.6935051223270303,10,0,2,500,100.0,100.0,0.0,0.0,0.0,0.0,0.0,0.0
2810,150000,100.0,71.15396150129527,1.6739442357028034,11,0,2,500,100.0,100.0,0.0,0.0,0.0,0.0,0.0,0.0
2811,150000,77.74,65.15762923411152,1.6903830588472126,11,1,2,500,76.19,79.29,0.0,0.0,0.0,0.0,0.0,0.0
2812,150000,99.57,63.7564043418706,1.7452782059684957,13,1,2,500,99.14,100.0,0.0,0.0,0.0,0.0,0.0,0.0
2813,87287,100.0,68.02152671567961,1.6686228548925797,11,6,2,500,100.0,100.0,0.0,0.0,0.0,0.0,0.0,0.0
2814,150000,87.8,67.37162109542902,1.6482745096095073,12,0,2,500,75.6,100.0,0.0,0.0,0.0,0.0,0.0,0.0
2815,150000,99.94,59.27388068047959,1.7403434053820732,14,0,2,500,100.0,99.88,0.0,0.0,0.0,0.0,0.0,0.0
2816,47208,100.0,63.05316189756339,1.7108347467851543,4,4,2,500,100.0,100.0,0.0,0.0,0.0,0.0,0.0,0.0
2817,124035,100.0,63.008104211856605,1.6816939300726768,7,0,2,500,100.0,100.0,0.0,0.0,0.0,0.0,0.0,0.0
2818,62525,100.0,68.31043502181164,1.637780526591675,8,5,2,500,100.0,100.0,0.0,0.0,0.0,0.0,0.0,0.0
2819,72024,100.0,70.1170353402828,1.723211255073172,6,2,2,500,100.0,100.0,0.0,0.0,0.0,0.0,0.0,0.0
2820,150000,100.0,64.63948802205047,1.6737924719142183,10,0,2,500,100.0,100.0,0.0,0.0,0.0,0.0,0.0,0.0
2821,150000,100.0,68.3523783970229,1.7366805469954874,12,2,2,500,100.0,100.0,0.0,0.0,0.0,0.0,0.0,0.0
2822,150000,98.04,62.35536847397762,1.7387162115776138,13,2,2,500,100.0,96.08,0.0,0.0,0.0,0.0,0.0,0.0
2823,150000,100.0,69.4649143603286,1.637904686077095,12,2,2,500,100.0,100.0,0.0,0.0,0.0,0.0,0.0,0.0
2824,150000,54.84,61.09500142428695,1.6919552991539852,15,0,2,500,52.91,56.77,0.0,0.0,0.0,0.0,0.0,0.0
2825,150000,90.49,67.56556007640069,1.6116485973229615,15,0,2,500,89.82,91.16,0.0,0.0,0.0,0.0,0.0,0.0
2826,150000,100.0,67.11814448539201,1.6258846704607173,12,1,2,500,100.0,100.0,0.0,0.0,0.0,0.0,0.0,0.0
2827,150000,73.0,68.76087724023452,1.7512283828152604,11,1,2,500,66.33,79.66,0.0,0.0,0.0,0.0,0.0,0.0
2828,150000,100.0,59.73172010720343,1.73579180909068,14,0,2,500,100.0,100.0,0.0,0.0,0.0,0.0,0.0,0.0
2829,150000,100.0,63.18460674703834,1.7684513239551454,12,2,2,500,100.0,100.0,0.0,0.0,0.0,0.0,0.0,0.0
2830,72526,90.0,64.23679893855979,1.679807555193492,7,3,2,500,100.0,79.99,0.0,0.0,0.0,0.0,0.0,0.0
2831,150000,78.22,61.57010403783137,1.623543464732218,10,0,2,500,78.61,77.82,0.0,0.0,0.0,0.0,0.0,0.0
2832,150000,95.41,67.83986293802512,1.6731251612679792,15,0,2,500,100.0,90.82,0.0,0.0,0.0,0.0,0.0,0.0
2833,146044,100.0,63.62081706863321,1.6466311621890546,10,2,2,500,100.0,100.0,0.0,0.0,0.0,0.0,0.0,0.0
2834,150000,88.09,65.85121273187625,1.64590597885991,10,0,2,500,89.09,87.09,0.0,0.0,0.0,0.0,0.0,0.0
2835,150000,84.74,61.48483045557954,1.6524768744415206,12,0,2,500,90.26,79.21,0.0,0.0,0.0,0.0,0.0,0.0
2836,150000,86.3,62.16762500226355,1.622945382486067,15,0,2,500,95.5,77.09,0.0,0.0,0.0,0.0,0.0,0.0
2837,147048,94.36,63.91587984658856,1.755766429341372,12,4,2,500,92.01,96.72,0.0,0.0,0.0,0.0,0.0,0.0
2838,150000,100.0,65.96580038216366,1.699059170518613,14,0,2,500,100.0,100.0,0.0,0.0,0.0,0.0,0.0,0.0
2839,150000,100.0,64.68087562631861,1.682356564023244,13,0,2,500,100.0,100.0,0.0,0.0,0.0,0.0,0.0,0.0
2840,150000,100.0,73.5873574434591,1.672119911289616,9,0,2,500,100.0,100.0,0.0,0.0,0.0,0.0,0.0,0.0
2841,150000,99.78,65.09869783847171,1.666361339930959,14,4,2,500,100.0,99.57,0.0,0.0,0.0,0.0,0.0,0.0
2842,150000,90.87,67.51447554479535,1.8025843245604336,12,1,2,500,90.32,91.42,0.0,0.0,0.0,0.0,0.0,0.0
2843,73282,100.0,66.74302630863967,1.6412082334749736,10,6,2,500,100.0,100.0,0.0,0.0,0.0,0.0,0.0,0.0
2844,150000,100.0,61.36985842153979,1.7085551948318891,14,5,2,500,100.0,100.0,0.0,0.0,0.0,0.0,0.0,0.0
2845,150000,89.6,66.45735038302145,1.670507322739564,15,0,2,500,95.16,84.03,0.0,0.0,0.0,0.0,0.0,0.0
2846,150000,100.0,67.85731305180222,1.6229101994543789,14,3,2,500,100.0,100.0,0.0,0.0,0.0,0.0,0.0,0.0
2847,150000,100.0,66.18832492402485,1.606898685297547,12,3,2,500,100.0,100.0,0.0,0.0,0.0,0.0,0.0,0.0
2848,146044,100.0,63.04902777458376,1.7123190219938846,10,2,2,500,100.0,100.0,0.0,0.0,0.0,0.0,0.0,0.0
2849,150000,100.0,66.60187681402336,1.654024935201343,11,0,2,500,100.0,100.0,0.0,0.0,0.0,0.0,0.0,0.0
2850,150000,100.0,67.51635322092191,1.6216090321367806,10,0,2,500,100.0,100.0,0.0,0.0,0.0,0.0,0.0,0.0
2851,147040,100.0,65.55790061922667,1.6243073258357,8,0,2,500,100.0,100.0,0.0,0.0,0.0,0.0,0.0,0.0
2852,150000,71.67,67.602891200535,1.6499417318630882,12,3,2,500,77.54,65.79,0.0,0.0,0.0,0.0,0.0,0.0
2853,72526,98.23,59.25660804127358,1.7213115231120355,7,3,2,500,96.46,100.0,0.0,0.0,0.0,0.0,0.0,0.0
2854,145542,100.0,68.51490445274011,1.6247893723565432,9,1,2,500,100.0,100.0,0.0,0.0,0.0,0.0,0.0,0.0
2855,150000,99.96,69.28611201920452,1.6344622501577022,12,3,2,500,99.93,100.0,0.0,0.0,0.0,0.0,0.0,0.0
2856,104038,100.0,64.08650517241534,1.6812772675890322,10,4,2,500,100.0,100.0,0.0,0.0,0.0,0.0,0.0,0.0
2857,150000,99.95,68.93743642866997,1.7576871428568266,12,2,2,500,100.0,99.9,0.0,0.0,0.0,0.0,0.0,0.0
2858,150000,100.0,63.06115993690532,1.706342831605825,14,1,2,500,100.0,100.0,0.0,0.0,0.0,0.0,0.0,0.0
2859,150000,100.0,67.22528402964795,1.6271460790781966,12,0,2,500,100.0,100.0,0.0,0.0,0.0,0.0,0.0,0.0
2860,150000,72.46,66.77877050327994,1.749692460798422,13,0,2,500,69.15,75.78,0.0,0.0,0.0,0.0,0.0,0.0
2861,150000,69.76,70.01354929805863,1.6930240772365253,15,0,2,500,69.98,69.54,0.0,0.0,0.0,0.0,0.0,0.0
2862,150000,100.0,67.23208600362572,1.6791111223187942,10,1,2,500,100.0,100.0,0.0,0.0,0.0,0.0,0.0,0.0
2863,150000,100.0,63.57205537045265,1.6783589590532075,13,3,2,500,100.0,100.0,0.0,0.0,0.0,0.0,0.0,0.0
2864,147040,100.0,64.111943869442,1.665954369792534,8,0,2,500,100.0,100.0,0.0,0.0,0.0,0.0,0.0,0.0
2865,54776,100.0,67.99639186559351,1.6645025452800697,10,8,2,500,100.0,100.0,0.0,0.0,0.0,0.0,0.0,0.0
2866,122537,100.0,68.37434474273894,1.6162266502970573,8,1,2,500,100.0,100.0,0.0,0.0,0.0,0.0,0.0,0.0
2867,62525,92.38,66.26175278394852,1.649058776934442,8,5,2,500,85.02,99.75,0.0,0.0,0.0,0.0,0.0,0.0
2868,150000,100.0,67.37584324451815,1.7057203008523243,15,0,2,500,100.0,100.0,0.0,0.0,0.0,0.0,0.0,0.0
2869,150000,97.26,62.67342837303774,1.6721921440260654,12,1,2,500,94.51,100.0,0.0,0.0,0.0,0.0,0.0,0.0
2870,150000,100.0,62.33374538257669,1.6581248648176554,17,2,2,500,100.0,100.0,0.0,0.0,0.0,0.0,0.0,0.0
2871,150000,100.0,66.95962776787077,1.610924697446437,10,0,2,500,100.0,100.0,0.0,0.0,0.0,0.0,0.0,0.0
2872,150000,92.7,65.7846324276392,1.6593108119022129,14,0,2,500,99.06,86.33,0.0,0.0,0.0,0.0,0.0,0.0
2873,150000,98.4,68.5786414661995,1.7200084151778974,14,0,2,500,96.8,100.0,0.0,0.0,0.0,0.0,0.0,0.0
2874,150000,94.68,63.11029306117423,1.657524051897263,12,1,2,500,89.36,100.0,0.0,0.0,0.0,0.0,0.0,0.0
2875,150000,98.19,66.62638693143637,1.6600837633233758,12,1,2,500,96.38,100.0,0.0,0.0,0.0,0.0,0.0,0.0
2876,150000,100.0,66.57911164899187,1.6414082754498458,9,0,2,500,100.0,100.0,0.0,0.0,0.0,0.0,0.0,0.0
2877,122537,99.0,67.90706082180787,1.6198342810975468,8,1,2,500,98.01,100.0,0.0,0.0,0.0,0.0,0.0,0.0
2878,103034,95.72,63.642450369124056,1.6467399890368497,8,2,2,500,100.0,91.44,0.0,0.0,0.0,0.0,0.0,0.0
2879,150000,100.0,63.09904455709617,1.594774351418119,15,0,2,500,100.0,100.0,0.0,0.0,0.0,0.0,0.0,0.0
2880,150000,89.15,63.95668046282791,1.678000779533659,10,1,2,500,92.95,85.35,0.0,0.0,0.0,0.0,0.0,0.0
2881,62277,100.0,64.17751952442916,1.7202424737340802,9,6,2,500,100.0,100.0,0.0,0.0,0.0,0.0,0.0,0.0
2882,150000,100.0,72.60929364137095,1.722720928572656,14,3,2,500,100.0,100.0,0.0,0.0,0.0,0.0,0.0,0.0
2883,150000,100.0,69.60205901733411,1.6326934703869418,13,0,2,500,100.0,100.0,0.0,0.0,0.0,0.0,0.0,0.0
2884,123541,98.88,61.151760718855904,1.6745701316238484,10,3,2,500,98.54,99.23,0.0,0.0,0.0,0.0,0.0,0.0
2885,150000,74.19,60.92530206341015,1.5507325151408344,11,0,2,500,69.43,78.95,0.0,0.0,0.0,0.0,0.0,0.0
2886,147048,100.0,62.338098279314025,1.688620700964326,12,4,2,500,100.0,100.0,0.0,0.0,0.0,0.0,0.0,0.0
2887,86531,100.0,71.64892960917274,1.6469005170864426,8,3,2,500,100.0,100.0,0.0,0.0,0.0,0.0,0.0,0.0
2888,145542,100.0,66.9968997624809,1.653657287112576,9,1,2,500,100.0,100.0,0.0,0.0,0.0,0.0,0.0,0.0
2889,150000,100.0,63.20597765435168,1.626833462600534,14,3,2,500,100.0,100.0,0.0,0.0,0.0,0.0,0.0,0.0
2890,150000,100.0,69.83339740156134,1.733833673167976,14,2,2,500,100.0,100.0,0.0,0.0,0.0,0.0,0.0,0.0
2891,61521,100.0,59.8320030090205,1.6975923962465471,6,3,2,500,100.0,100.0,0.0,0.0,0.0,0.0,0.0,0.0
2892,150000,98.72,70.24838848918871,1.6410547504592463,10,0,2,500,97.45,100.0,0.0,0.0,0.0,0.0,0.0,0.0
2893,103034,100.0,69.00270655651065,1.758845463063301,8,2,2,500,100.0,100.0,0.0,0.0,0.0,0.0,0.0,0.0
2894,146546,96.69,67.05771403310665,1.818133851527565,11,3,2,500,100.0,93.38,0.0,0.0,0.0,0.0,0.0,0.0
2895,150000,100.0,64.43847248358293,1.6437666100819992,15,0,2,500,100.0,100.0,0.0,0.0,0.0,0.0,0.0,0.0
2896,150000,100.0,67.86439630827785,1.7220776103530515,10,0,2,500,100.0,100.0,0.0,0.0,0.0,0.0,0.0,0.0
2897,150000,66.61,70.50596144163849,1.6074073546314462,12,3,2,500,62.35,70.88,0.0,0.0,0.0,0.0,0.0,0.0
2898,150000,79.23,67.28448942972307,1.6046603806972926,13,1,2,500,83.8,74.66,0.0,0.0,0.0,0.0,0.0,0.0
2899,146044,100.0,68.5999480123059,1.6852020136376735,10,2,2,500,100.0,100.0,0.0,0.0,0.0,0.0,0.0,0.0
2900,150000,100.0,65.93939496754508,1.6394369807248133,14,0,2,500,100.0,100.0,0.0,0.0,0.0,0.0,0.0,0.0
2901,150000,100.0,71.82286290466152,1.634317606432056,12,0,2,500,100.0,100.0,0.0,0.0,0.0,0.0,0.0,0.0
2902,150000,100.0,62.02416898906567,1.7483912748034445,13,3,2,500,100.0,100.0,0.0,0.0,0.0,0.0,0.0,0.0
2903,150000,100.0,64.3396057889229,1.7257430016842603,12,0,2,500,100.0,100.0,0.0,0.0,0.0,0.0,0.0,0.0
2904,150000,60.04,62.84718906466253,1.7215782360016103,12,0,2,500,64.21,55.87,0.0,0.0,0.0,0.0,0.0,0.0
2905,150000,92.98,68.29823657908202,1.6271389839509782,16,1,2,500,94.81,91.14,0.0,0.0,0.0,0.0,0.0,0.0
2906,123541,100.0,68.84133739065325,1.5893946211711016,10,3,2,500,100.0,100.0,0.0,0.0,0.0,0.0,0.0,0.0
2907,73028,100.0,69.28755177890693,1.6481490756979298,8,4,2,500,100.0,100.0,0.0,0.0,0.0,0.0,0.0,0.0
2908,123541,98.99,66.79985134715355,1.556253693981054,10,3,2,500,97.98,100.0,0.0,0.0,0.0,0.0,0.0,0.0
2909,123541,100.0,75.16005892290038,1.6926447260326614,10,3,2,500,100.0,100.0,0.0,0.0,0.0,0.0,0.0,0.0
2910,124297,100.0,62.48142409502988,1.771243183574814,13,6,2,500,100.0,100.0,0.0,0.0,0.0,0.0,0.0,0.0
2911,150000,100.0,66.30292255505697,1.7262407499011294,11,2,2,500,100.0,100.0,0.0,0.0,0.0,0.0,0.0,0.0
2912,150000,81.12,66.4728706880657,1.7063526904775674,14,0,2,500,83.97,78.26,0.0,0.0,0.0,0.0,0.0,0.0
2913,150000,100.0,65.99242889205688,1.7015379450713444,14,0,2,500,100.0,100.0,0.0,0.0,0.0,0.0,0.0,0.0
2914,150000,100.0,72.2295439788648,1.7080046633675705,12,2,2,500,100.0,100.0,0.0,0.0,0.0,0.0,0.0,0.0
2915,150000,75.72,61.78448648960645,1.6548990489067466,13,2,2,500,76.54,74.91,0.0,0.0,0.0,0.0,0.0,0.0
2916,150000,100.0,68.31612020879479,1.7224995417193696,12,1,2,500,100.0,100.0,0.0,0.0,0.0,0.0,0.0,0.0
2917,146044,100.0,69.08203659471855,1.6936788193029857,10,2,2,500,100.0,100.0,0.0,0.0,0.0,0.0,0.0,0.0
2918,150000,100.0,64.2725303519465,1.600304074873944,12,2,2,500,100.0,100.0,0.0,0.0,0.0,0.0,0.0,0.0
2919,150000,100.0,61.97058553426268,1.6031734824599466,14,1,2,500,100.0,100.0,0.0,0.0,0.0,0.0,0.0,0.0
2920,150000,100.0,62.80885460708521,1.734712851416104,15,0,2,500,100.0,100.0,0.0,0.0,0.0,0.0,0.0,0.0
2921,146044,100.0,64.20651582395955,1.585866383526444,10,2,2,500,100.0,100.0,0.0,0.0,0.0,0.0,0.0,0.0
2922,123039,100.0,68.47040953365962,1.678663848127674,9,2,2,500,100.0,100.0,0.0,0.0,0.0,0.0,0.0,0.0
2923,150000,99.78,66.14903402299167,1.6881952789866128,12,2,2,500,100.0,99.55,0.0,0.0,0.0,0.0,0.0,0.0
2924,147048,98.73,72.28480589282528,1.6670830152508884,12,4,2,500,97.46,100.0,0.0,0.0,0.0,0.0,0.0,0.0
2925,150000,100.0,65.69370976285563,1.7353746707837152,15,0,2,500,100.0,100.0,0.0,0.0,0.0,0.0,0.0,0.0
2926,150000,92.9,67.91820251177269,1.613867854298756,15,0,2,500,100.0,85.79,0.0,0.0,0.0,0.0,0.0,0.0
2927,87033,98.16,67.13510874230337,1.6092739611547304,9,4,2,500,100.0,96.32,0.0,0.0,0.0,0.0,0.0,0.0
2928,146044,74.34,66.90069047918728,1.6969413711120584,10,2,2,500,76.65,72.02,0.0,0.0,0.0,0.0,0.0,0.0
2929,150000,100.0,70.17247091071215,1.6628438154058414,14,0,2,500,100.0,100.0,0.0,0.0,0.0,0.0,0.0,0.0
2930,150000,100.0,65.49099870620763,1.7590872316783472,13,3,2,500,100.0,100.0,0.0,0.0,0.0,0.0,0.0,0.0
2931,150000,100.0,65.92541499096042,1.6194234932757674,15,0,2,500,100.0,100.0,0.0,0.0,0.0,0.0,0.0,0.0
2932,150000,100.0,60.41503579686123,1.6086825329427548,12,0,2,500,100.0,100.0,0.0,0.0,0.0,0.0,0.0,0.0
2933,150000,90.53,66.06016417684967,1.634436073388365,12,3,2,500,81.06,100.0,0.0,0.0,0.0,0.0,0.0,0.0
2934,150000,100.0,64.03823333137098,1.7063080058466111,10,0,2,500,100.0,100.0,0.0,0.0,0.0,0.0,0.0,0.0
2935,150000,100.0,66.93329700026653,1.7463201037337706,15,0,2,500,100.0,100.0,0.0,0.0,0.0,0.0,0.0,0.0
2936,150000,100.0,68.27455034832634,1.6187223653179978,15,0,2,500,100.0,100.0,0.0,0.0,0.0,0.0,0.0,0.0
2937,150000,91.28,64.7122088199265,1.7744576516940989,12,2,2,500,97.92,84.64,0.0,0.0,0.0,0.0,0.0,0.0
2938,150000,100.0,63.4029907208314,1.6764720668738136,9,0,2,500,100.0,100.0,0.0,0.0,0.0,0.0,0.0,0.0
2939,150000,73.12,70.73013296157136,1.6664524795580695,12,0,2,500,80.37,65.86,0.0,0.0,0.0,0.0,0.0,0.0
2940,150000,100.0,72.08601295677612,1.519292736196774,15,0,2,500,100.0,100.0,0.0,0.0,0.0,0.0,0.0,0.0
2941,150000,83.02,65.90264921336765,1.7309028050035,10,1,2,500,82.72,83.33,0.0,0.0,0.0,0.0,0.0,0.0
2942,86029,99.65,64.84808472049963,1.6964941765845782,7,2,2,500,100.0,99.29,0.0,0.0,0.0,0.0,0.0,0.0
2943,150000,100.0,70.08299254710208,1.7099459655617284,14,0,2,500,100.0,100.0,0.0,0.0,0.0,0.0,0.0,0.0
2944,146044,100.0,64.17770078350826,1.626186612026017,10,2,2,500,100.0,100.0,0.0,0.0,0.0,0.0,0.0,0.0
2945,146044,100.0,71.47463779466705,1.6833323345921345,10,2,2,500,100.0,100.0,0.0,0.0,0.0,0.0,0.0,0.0
2946,150000,100.0,67.95608029069776,1.6043867346735097,12,1,2,500,100.0,100.0,0.0,0.0,0.0,0.0,0.0,0.0
2947,150000,93.76,69.70973719563912,1.6960875680919223,12,0,2,500,100.0,87.53,0.0,0.0,0.0,0.0,0.0,0.0
2948,150000,100.0,65.47655821689364,1.6912339415871886,11,0,2,500,100.0,100.0,0.0,0.0,0.0,0.0,0.0,0.0
2949,150000,100.0,65.28095547552049,1.7992434483556226,14,2,2,500,100.0,100.0,0.0,0.0,0.0,0.0,0.0,0.0
2950,150000,100.0,66.54546364521447,1.57200153572762,10,1,2,500,100.0,100.0,0.0,0.0,0.0,0.0,0.0,0.0
2951,150000,96.61,62.10700963588462,1.609916134904827,10,0,2,500,100.0,93.22,0.0,0.0,0.0,0.0,0.0,0.0
2952,150000,100.0,65.02678644444795,1.690315093377576,14,2,2,500,100.0,100.0,0.0,0.0,0.0,0.0,0.0,0.0
2953,150000,100.0,63.96413248463862,1.635697402270429,14,0,2,500,100.0,100.0,0.0,0.0,0.0,0.0,0.0,0.0
2954,150000,100.0,67.20686859936312,1.655831311423266,15,0,2,500,100.0,100.0,0.0,0.0,0.0,0.0,0.0,0.0
2955,150000,100.0,62.91982908192463,1.628779163992378,13,0,2,500,100.0,100.0,0.0,0.0,0.0,0.0,0.0,0.0
2956,150000,100.0,68.23750446678466,1.653441052149823,17,2,2,500,100.0,100.0,0.0,0.0,0.0,0.0,0.0,0.0
2957,150000,100.0,61.369766943141016,1.627184942954994,15,0,2,500,100.0,100.0,0.0,0.0,0.0,0.0,0.0,0.0
2958,150000,100.0,63.65858588116375,1.715221004518516,12,2,2,500,100.0,100.0,0.0,0.0,0.0,0.0,0.0,0.0
2959,150000,100.0,68.40873341048933,1.713007355627406,16,1,2,500,100.0,100.0,0.0,0.0,0.0,0.0,0.0,0.0
2960,150000,99.03,66.03777795460903,1.6565839077744444,12,0,2,500,98.06,100.0,0.0,0.0,0.0,0.0,0.0,0.0
2961,150000,100.0,65.84654657441557,1.5586015684908334,14,5,2,500,100.0,100.0,0.0,0.0,0.0,0.0,0.0,0.0
2962,150000,100.0,65.7373928442201,1.6767519621621376,12,2,2,500,100.0,100.0,0.0,0.0,0.0,0.0,0.0,0.0
2963,150000,84.77,67.02115475583683,1.6820150315717854,10,0,2,500,85.68,83.86,0.0,0.0,0.0,0.0,0.0,0.0
2964,147048,72.28,65.69908147406213,1.5724248751792542,12,4,2,500,72.45,72.1,0.0,0.0,0.0,0.0,0.0,0.0
2965,150000,98.22,64.59649972888457,1.662758827799029,16,1,2,500,96.45,100.0,0.0,0.0,0.0,0.0,0.0,0.0
2966,150000,100.0,72.40917554986642,1.6683783596645,12,0,2,500,100.0,100.0,0.0,0.0,0.0,0.0,0.0,0.0
2967,150000,100.0,65.15649519388116,1.7456312683417958,13,3,2,500,100.0,100.0,0.0,0.0,0.0,0.0,0.0,0.0
2968,150000,100.0,63.96223616655202,1.634855616265613,14,0,2,500,100.0,100.0,0.0,0.0,0.0,0.0,0.0,0.0
2969,150000,69.26,67.3781298775538,1.6714022496551186,15,0,2,500,69.45,69.06,0.0,0.0,0.0,0.0,0.0,0.0
2970,150000,100.0,63.6492067132117,1.631437479129774,12,0,2,500,100.0,100.0,0.0,0.0,0.0,0.0,0.0,0.0
2971,150000,100.0,67.20164635970225,1.629916703721726,15,0,2,500,100.0,100.0,0.0,0.0,0.0,0.0,0.0,0.0
2972,150000,99.85,59.704143960558014,1.6617984094065656,13,0,2,500,99.71,100.0,0.0,0.0,0.0,0.0,0.0,0.0
2973,150000,99.05,72.28366894097806,1.7353524469868322,12,0,2,500,98.1,100.0,0.0,0.0,0.0,0.0,0.0,0.0
2974,150000,100.0,64.24337824510155,1.7302831759032131,14,0,2,500,100.0,100.0,0.0,0.0,0.0,0.0,0.0,0.0
2975,150000,100.0,65.6129118610979,1.5929413490561997,12,3,2,500,100.0,100.0,0.0,0.0,0.0,0.0,0.0,0.0
2976,150000,100.0,69.14122938830708,1.6711427268180927,11,0,2,500,100.0,100.0,0.0,0.0,0.0,0.0,0.0,0.0
2977,150000,100.0,62.62680553739309,1.7081060841786118,12,2,2,500,100.0,100.0,0.0,0.0,0.0,0.0,0.0,0.0
2978,150000,100.0,65.5526300876287,1.6056220242982189,10,0,2,500,100.0,100.0,0.0,0.0,0.0,0.0,0.0,0.0
2979,150000,100.0,67.60207818945334,1.63297384565314,15,0,2,500,100.0,100.0,0.0,0.0,0.0,0.0,0.0,0.0
2980,150000,100.0,68.36247320068117,1.610794907725574,13,0,2,500,100.0,100.0,0.0,0.0,0.0,0.0,0.0,0.0
2981,150000,100.0,68.8873764775946,1.7403680267607822,10,1,2,500,100.0,100.0,0.0,0.0,0.0,0.0,0.0,0.0
2982,150000,88.89,62.52411053249168,1.5821833092565087,15,0,2,500,93.4,84.38,0.0,0.0,0.0,0.0,0.0,0.0
2983,150000,100.0,61.90506635412463,1.7363597643782105,10,1,2,500,100.0,100.0,0.0,0.0,0.0,0.0,0.0,0.0
2984,150000,100.0,64.0985449886627,1.5954791118724991,10,0,2,500,100.0,100.0,0.0,0.0,0.0,0.0,0.0,0.0
2985,150000,100.0,66.75056754391024,1.6936188611805385,13,1,2,500,100.0,100.0,0.0,0.0,0.0,0.0,0.0,0.0
2986,150000,100.0,62.46053653780739,1.6780900729550474,15,0,2,500,100.0,100.0,0.0,0.0,0.0,0.0,0.0,0.0
2987,150000,95.56,70.09213317317291,1.6176610229352666,14,0,2,500,100.0,91.13,0.0,0.0,0.0,0.0,0.0,0.0
2988,150000,100.0,63.55059865245682,1.7149152502396563,14,0,2,500,100.0,100.0,0.0,0.0,0.0,0.0,0.0,0.0
2989,73282,100.0,70.20034464347538,1.5936277996063626,10,6,2,500,100.0,100.0,0.0,0.0,0.0,0.0,0.0,0.0
2990,150000,100.0,64.24807795090071,1.6578382834866563,12,0,2,500,100.0,100.0,0.0,0.0,0.0,0.0,0.0,0.0
2991,150000,90.12,61.584956112049134,1.5632920507403372,14,2,2,500,98.03,82.22,0.0,0.0,0.0,0.0,0.0,0.0
2992,150000,100.0,68.25344431940931,1.7098925605982846,13,2,2,500,100.0,100.0,0.0,0.0,0.0,0.0,0.0,0.0
2993,150000,100.0,67.44619572347253,1.743156283907206,13,1,2,500,100.0,100.0,0.0,0.0,0.0,0.0,0.0,0.0
2994,150000,98.25,67.92232455545458,1.6596107644274016,14,4,2,500,96.5,100.0,0.0,0.0,0.0,0.0,0.0,0.0
2995,150000,100.0,60.45040788864755,1.6456225970528509,11,0,2,500,100.0,100.0,0.0,0.0,0.0,0.0,0.0,0.0
2996,150000,100.0,64.15473695176681,1.6864566266789511,12,0,2,500,100.0,100.0,0.0,0.0,0.0,0.0,0.0,0.0
2997,147040,100.0,66.15757335768855,1.765342289378571,8,0,2,500,100.0,100.0,0.0,0.0,0.0,0.0,0.0,0.0
2998,150000,100.0,63.09849925485049,1.6085918009003115,12,1,2,500,100.0,100.0,0.0,0.0,0.0,0.0,0.0,0.0
2999,72526,100.0,69.06436804701818,1.5843003835893834,7,3,2,500,100.0,100.0,0.0,0.0,0.0,0.0,0.0,0.0
3000,150000,100.0,62.08517063620764,1.665171823404137,15,0,2,500,100.0,100.0,0.0,0.0,0.0,0.0,0.0,0.0
