Generación,Fitness Global,CPU (%),Memoria (%),Tiempo (s),Goles Favor,Goles Contra,CPUs (configurados),Population Size,Core0 (%),Core1 (%),Core2 (%),Core3 (%),Core4 (%),Core5 (%),Core6 (%),Core7 (%)
1,33875,100.0,61.77346449167276,1.469858121998377,0,25,4,500,100.0,100.0,100.0,100.0,0.0,0.0,0.0,0.0
2,33875,100.0,60.07234780142885,1.5502562742013142,0,25,4,500,100.0,100.0,100.0,100.0,0.0,0.0,0.0,0.0
3,33875,100.0,63.97912078237084,1.518789196129716,0,25,4,500,100.0,100.0,100.0,100.0,0.0,0.0,0.0,0.0
4,33875,100.0,61.64822319037752,1.5141525133259328,0,25,4,500,100.0,100.0,100.0,100.0,0.0,0.0,0.0,0.0
5,33875,100.0,63.84320248065384,1.5985999516607508,0,25,4,500,100.0,100.0,100.0,100.0,0.0,0.0,0.0,0.0
6,33875,99.7,61.96810440393482,1.478712119040869,0,25,4,500,100.0,98.8,100.0,100.0,0.0,0.0,0.0,0.0
7,33875,100.0,62.81068406051644,1.5020387037536251,0,25,4,500,100.0,100.0,100.0,100.0,0.0,0.0,0.0,0.0
8,33875,100.0,61.74030997202444,1.516216977022956,0,25,4,500,100.0,100.0,100.0,100.0,0.0,0.0,0.0,0.0
9,33875,100.0,61.329592549460365,1.5342521987390652,0,25,4,500,100.0,100.0,100.0,100.0,0.0,0.0,0.0,0.0
10,33875,100.0,60.04785422131621,1.4634112859101078,0,25,4,500,100.0,100.0,100.0,100.0,0.0,0.0,0.0,0.0
11,33875,96.1,61.51895576540389,1.5413104933932815,0,25,4,500,98.25,96.47,97.25,92.42,0.0,0.0,0.0,0.0
12,33875,94.26,61.816263157306295,1.5425955258025024,0,25,4,500,96.14,93.16,90.44,97.29,0.0,0.0,0.0,0.0
13,33875,93.89,62.01839967709468,1.6318412192237883,0,25,4,500,96.54,100.0,85.29,93.74,0.0,0.0,0.0,0.0
14,33875,100.0,64.16753662553498,1.542125170865949,0,25,4,500,100.0,100.0,100.0,100.0,0.0,0.0,0.0,0.0
15,33875,99.97,62.48465895789649,1.58553143919341,0,25,4,500,100.0,99.87,100.0,100.0,0.0,0.0,0.0,0.0
16,33875,93.7,63.87631721302829,1.5713658674282327,0,25,4,500,100.0,80.17,100.0,94.61,0.0,0.0,0.0,0.0
17,35084,100.0,61.14443683468257,1.5389356206836022,0,22,4,500,100.0,100.0,100.0,100.0,0.0,0.0,0.0,0.0
18,33875,98.66,63.96645481667135,1.4620107371452762,0,25,4,500,100.0,99.1,100.0,95.54,0.0,0.0,0.0,0.0
19,33875,95.58,62.692533821890464,1.489674914364176,0,25,4,500,100.0,100.0,93.33,89.01,0.0,0.0,0.0,0.0
20,33875,100.0,62.35380987181076,1.5500328360943345,0,25,4,500,100.0,100.0,100.0,100.0,0.0,0.0,0.0,0.0
21,33875,100.0,62.88584669105414,1.5036218606388332,0,25,4,500,100.0,100.0,100.0,100.0,0.0,0.0,0.0,0.0
22,33875,100.0,61.33250097150658,1.479727423177349,0,25,4,500,100.0,100.0,100.0,100.0,0.0,0.0,0.0,0.0
23,33875,100.0,60.71648130062425,1.551580567459918,0,25,4,500,100.0,100.0,100.0,100.0,0.0,0.0,0.0,0.0
24,33875,98.38,60.86610464540826,1.4692141612652714,0,25,4,500,100.0,100.0,100.0,93.52,0.0,0.0,0.0,0.0
25,33875,97.65,63.01791230258683,1.5485173625683455,0,25,4,500,100.0,100.0,90.61,100.0,0.0,0.0,0.0,0.0
26,33875,100.0,61.952183824856505,1.5296535647149605,0,25,4,500,100.0,100.0,100.0,100.0,0.0,0.0,0.0,0.0
27,34681,99.94,62.62430652710211,1.610487687805536,0,23,4,500,100.0,100.0,100.0,99.75,0.0,0.0,0.0,0.0
28,33875,97.29,66.09555604050271,1.5483405029666155,0,25,4,500,100.0,100.0,89.17,100.0,0.0,0.0,0.0,0.0
29,33875,98.09,61.94513038855694,1.561095804782209,0,25,4,500,100.0,100.0,92.36,100.0,0.0,0.0,0.0,0.0
30,33875,100.0,62.64046208263266,1.5469605391471837,0,25,4,500,100.0,100.0,100.0,100.0,0.0,0.0,0.0,0.0
31,33875,100.0,63.97118518417493,1.5018766418607663,0,25,4,500,100.0,100.0,100.0,100.0,0.0,0.0,0.0,0.0
32,33875,95.55,62.07150591611428,1.498082550744655,0,25,4,500,97.81,95.22,90.29,98.89,0.0,0.0,0.0,0.0
33,33875,100.0,63.43993852374323,1.5240315738936605,0,25,4,500,100.0,100.0,100.0,100.0,0.0,0.0,0.0,0.0
34,33875,96.74,63.80872433799428,1.4807731631298466,0,25,4,500,87.13,100.0,100.0,99.81,0.0,0.0,0.0,0.0
35,33875,100.0,60.32507061487741,1.5723021232363286,0,25,4,500,100.0,100.0,100.0,100.0,0.0,0.0,0.0,0.0
36,33875,98.76,62.066026002461385,1.5857501098107545,0,25,4,500,100.0,97.32,97.71,100.0,0.0,0.0,0.0,0.0
37,33875,100.0,61.51709151478959,1.512626236615275,0,25,4,500,100.0,100.0,100.0,100.0,0.0,0.0,0.0,0.0
38,33875,100.0,58.1873397357861,1.521361957542431,0,25,4,500,100.0,100.0,100.0,100.0,0.0,0.0,0.0,0.0
39,33875,100.0,61.81150896373628,1.5373782805786154,0,25,4,500,100.0,100.0,100.0,100.0,0.0,0.0,0.0,0.0
40,34278,100.0,63.92131869932284,1.4973577205021362,0,24,4,500,100.0,100.0,100.0,100.0,0.0,0.0,0.0,0.0
41,33875,100.0,63.72416007793464,1.4965321132045617,0,25,4,500,100.0,100.0,100.0,100.0,0.0,0.0,0.0,0.0
42,33875,100.0,60.6088552222578,1.480873101417647,0,25,4,500,100.0,100.0,100.0,100.0,0.0,0.0,0.0,0.0
43,33875,99.4,62.565718103295126,1.5456993386041795,0,25,4,500,100.0,100.0,97.6,100.0,0.0,0.0,0.0,0.0
44,33875,100.0,62.45139160200366,1.543948812946793,0,25,4,500,100.0,100.0,100.0,100.0,0.0,0.0,0.0,0.0
45,33875,99.82,61.29552396544179,1.4425941164040177,0,25,4,500,100.0,100.0,99.29,100.0,0.0,0.0,0.0,0.0
46,34278,97.87,62.41899586610758,1.5435037084183605,0,24,4,500,100.0,98.25,100.0,93.24,0.0,0.0,0.0,0.0
47,33875,99.66,62.113031677496,1.561142109286872,0,25,4,500,100.0,98.66,100.0,100.0,0.0,0.0,0.0,0.0
48,33875,100.0,62.49600766011648,1.5651604206095078,0,25,4,500,100.0,100.0,100.0,100.0,0.0,0.0,0.0,0.0
49,33875,99.74,59.89357995413815,1.632859829871441,0,25,4,500,100.0,100.0,98.98,100.0,0.0,0.0,0.0,0.0
50,34681,100.0,61.93189703500425,1.4890285275775386,0,23,4,500,100.0,100.0,100.0,100.0,0.0,0.0,0.0,0.0
51,33875,99.09,62.02626007482999,1.503320509650142,0,25,4,500,100.0,100.0,96.37,100.0,0.0,0.0,0.0,0.0
52,33875,99.8,63.25436465200268,1.5287443746253413,0,25,4,500,99.22,100.0,100.0,100.0,0.0,0.0,0.0,0.0
53,33875,99.92,61.787590239569965,1.484960579154866,0,25,4,500,100.0,100.0,100.0,99.68,0.0,0.0,0.0,0.0
54,33875,99.37,66.34319998669417,1.5633905206493584,0,25,4,500,97.47,100.0,100.0,100.0,0.0,0.0,0.0,0.0
55,33875,100.0,63.66077377493757,1.5367751586995335,0,25,4,500,100.0,100.0,100.0,100.0,0.0,0.0,0.0,0.0
56,33875,100.0,61.90915793280122,1.5097824605334191,0,25,4,500,100.0,100.0,100.0,100.0,0.0,0.0,0.0,0.0
57,33875,98.31,64.91150358156713,1.5279045079782576,0,25,4,500,100.0,98.05,100.0,95.19,0.0,0.0,0.0,0.0
58,33875,87.68,60.197879787162194,1.6123145552262497,0,25,4,500,82.0,94.42,86.83,87.48,0.0,0.0,0.0,0.0
59,33875,100.0,61.6085436123989,1.551700443790418,0,25,4,500,100.0,100.0,100.0,100.0,0.0,0.0,0.0,0.0
60,33875,100.0,62.081135661414365,1.5427921724797933,0,25,4,500,100.0,100.0,100.0,100.0,0.0,0.0,0.0,0.0
61,33875,100.0,61.960265642797545,1.5064560330271002,0,25,4,500,100.0,100.0,100.0,100.0,0.0,0.0,0.0,0.0
62,33875,99.98,63.87843894949194,1.499231324359466,0,25,4,500,100.0,99.94,100.0,100.0,0.0,0.0,0.0,0.0
63,33875,99.85,62.19305354298857,1.5480056260914483,0,25,4,500,100.0,100.0,100.0,99.4,0.0,0.0,0.0,0.0
64,33875,100.0,58.943051522952935,1.512644410463117,0,25,4,500,100.0,100.0,100.0,100.0,0.0,0.0,0.0,0.0
65,33875,100.0,62.16431082009031,1.5123488144325652,0,25,4,500,100.0,100.0,100.0,100.0,0.0,0.0,0.0,0.0
66,33875,100.0,65.36902532055743,1.5240330642431452,0,25,4,500,100.0,100.0,100.0,100.0,0.0,0.0,0.0,0.0
67,33875,100.0,63.18732664788556,1.4998420498706395,0,25,4,500,100.0,100.0,100.0,100.0,0.0,0.0,0.0,0.0
68,33875,100.0,61.070662950292025,1.5503272239972434,0,25,4,500,100.0,100.0,100.0,100.0,0.0,0.0,0.0,0.0
69,33875,99.9,62.94599396456452,1.5282096530037068,0,25,4,500,99.58,100.0,100.0,100.0,0.0,0.0,0.0,0.0
70,33875,99.82,64.15479621025341,1.5622622111570803,0,25,4,500,99.27,100.0,100.0,100.0,0.0,0.0,0.0,0.0
71,33875,100.0,60.733252915843366,1.577242226601778,0,25,4,500,100.0,100.0,100.0,100.0,0.0,0.0,0.0,0.0
72,33875,100.0,63.58554791617468,1.4933856986964882,0,25,4,500,100.0,100.0,100.0,100.0,0.0,0.0,0.0,0.0
73,33875,100.0,63.14722537023913,1.502638658628407,0,25,4,500,100.0,100.0,100.0,100.0,0.0,0.0,0.0,0.0
74,33875,94.32,63.45116891332283,1.5415800974936384,0,25,4,500,95.95,96.64,100.0,84.7,0.0,0.0,0.0,0.0
75,33875,100.0,60.66944139571909,1.506005896948244,0,25,4,500,100.0,100.0,100.0,100.0,0.0,0.0,0.0,0.0
76,35890,100.0,64.02058203996772,1.5559286978247224,0,20,4,500,100.0,100.0,100.0,100.0,0.0,0.0,0.0,0.0
77,34681,100.0,64.15355741991276,1.603356749417603,0,23,4,500,100.0,100.0,100.0,100.0,0.0,0.0,0.0,0.0
78,33875,100.0,61.828784387760535,1.5409963339800898,0,25,4,500,100.0,100.0,100.0,100.0,0.0,0.0,0.0,0.0
79,33875,100.0,63.09519684247616,1.5084861488987238,0,25,4,500,100.0,100.0,100.0,100.0,0.0,0.0,0.0,0.0
80,33875,100.0,61.502314254047455,1.427920418424236,0,25,4,500,100.0,100.0,100.0,100.0,0.0,0.0,0.0,0.0
81,33875,100.0,64.48505940514946,1.601793341508104,0,25,4,500,100.0,100.0,100.0,100.0,0.0,0.0,0.0,0.0
82,33875,93.77,60.05974957990838,1.4654483153643163,0,25,4,500,100.0,92.68,91.61,90.78,0.0,0.0,0.0,0.0
83,33875,100.0,61.54196596582024,1.56413646444119,0,25,4,500,100.0,100.0,100.0,100.0,0.0,0.0,0.0,0.0
84,33875,100.0,64.01909405682302,1.522316707766055,0,25,4,500,100.0,100.0,100.0,100.0,0.0,0.0,0.0,0.0
85,33875,93.09,61.40432686929681,1.4530394581150603,0,25,4,500,87.98,89.41,94.96,100.0,0.0,0.0,0.0,0.0
86,33875,98.93,62.99032323485904,1.5909946671329949,0,25,4,500,95.72,100.0,100.0,100.0,0.0,0.0,0.0,0.0
87,34278,97.1,62.81800507681317,1.4765118829462522,0,24,4,500,100.0,88.53,100.0,99.87,0.0,0.0,0.0,0.0
88,33875,100.0,61.92465327309302,1.5616318407637622,0,25,4,500,100.0,100.0,100.0,100.0,0.0,0.0,0.0,0.0
89,33875,83.1,60.79480750553597,1.532491704110174,0,25,4,500,72.41,72.59,89.5,97.9,0.0,0.0,0.0,0.0
90,33875,100.0,60.84799913222931,1.589757017698543,0,25,4,500,100.0,100.0,100.0,100.0,0.0,0.0,0.0,0.0
91,33875,100.0,65.19228460273108,1.4019696538773332,0,25,4,500,100.0,100.0,100.0,100.0,0.0,0.0,0.0,0.0
92,33875,100.0,63.6969288514776,1.53726879566845,0,25,4,500,100.0,100.0,100.0,100.0,0.0,0.0,0.0,0.0
93,33875,100.0,63.06585046273587,1.539376756816613,0,25,4,500,100.0,100.0,100.0,100.0,0.0,0.0,0.0,0.0
94,33875,100.0,63.03150092177996,1.522046175798691,0,25,4,500,100.0,100.0,100.0,100.0,0.0,0.0,0.0,0.0
95,34278,100.0,60.233195497774105,1.5095319194637504,0,24,4,500,100.0,100.0,100.0,100.0,0.0,0.0,0.0,0.0
96,33875,99.66,62.5557864518956,1.545052027921029,0,25,4,500,98.63,100.0,100.0,100.0,0.0,0.0,0.0,0.0
97,33875,97.65,64.34775814771524,1.5201821330774117,0,25,4,500,100.0,100.0,100.0,90.61,0.0,0.0,0.0,0.0
98,33875,99.96,62.21632993056225,1.505613063649636,0,25,4,500,99.84,100.0,100.0,100.0,0.0,0.0,0.0,0.0
99,33875,100.0,60.40083487810168,1.4508625621831333,0,25,4,500,100.0,100.0,100.0,100.0,0.0,0.0,0.0,0.0
100,33875,99.33,61.80844652019366,1.5594495482657105,0,25,4,500,100.0,100.0,97.33,100.0,0.0,0.0,0.0,0.0
101,33875,99.45,62.959869637318775,1.5137678025737185,0,25,4,500,100.0,100.0,97.79,100.0,0.0,0.0,0.0,0.0
102,33875,99.02,65.29257081354199,1.5143864464511467,0,25,4,500,100.0,100.0,96.06,100.0,0.0,0.0,0.0,0.0
103,33875,99.57,61.43154385759146,1.4741009789432,0,25,4,500,100.0,100.0,98.27,100.0,0.0,0.0,0.0,0.0
104,33875,99.34,62.20330940391766,1.45858104293891,0,25,4,500,100.0,97.36,100.0,100.0,0.0,0.0,0.0,0.0
105,33875,100.0,62.42990338302335,1.48000248869188,0,25,4,500,100.0,100.0,100.0,100.0,0.0,0.0,0.0,0.0
106,33875,100.0,61.42410045990034,1.4806177627482782,0,25,4,500,100.0,100.0,100.0,100.0,0.0,0.0,0.0,0.0
107,33875,91.6,63.200912545409295,1.549220320385971,0,25,4,500,79.48,100.0,96.34,90.57,0.0,0.0,0.0,0.0
108,33875,90.26,63.203144593043376,1.5012358815903424,0,25,4,500,100.0,83.16,86.74,91.13,0.0,0.0,0.0,0.0
109,33875,100.0,62.46080141133832,1.592905947767541,0,25,4,500,100.0,100.0,100.0,100.0,0.0,0.0,0.0,0.0
110,33875,97.49,64.58866149496605,1.4904077864910987,0,25,4,500,100.0,100.0,89.96,100.0,0.0,0.0,0.0,0.0
111,33875,100.0,62.915189616459735,1.5093335038264748,0,25,4,500,100.0,100.0,100.0,100.0,0.0,0.0,0.0,0.0
112,33875,100.0,66.65666199073021,1.5338847139206069,0,25,4,500,100.0,100.0,100.0,100.0,0.0,0.0,0.0,0.0
113,33875,81.08,62.307351139351866,1.519709141425454,0,25,4,500,81.37,86.31,76.6,80.04,0.0,0.0,0.0,0.0
114,33875,100.0,63.335952069648194,1.5044575273549627,0,25,4,500,100.0,100.0,100.0,100.0,0.0,0.0,0.0,0.0
115,33875,100.0,64.64094710180395,1.4780178816406049,0,25,4,500,100.0,100.0,100.0,100.0,0.0,0.0,0.0,0.0
116,33875,99.62,63.140096653933306,1.4620701060965977,0,25,4,500,100.0,100.0,100.0,98.46,0.0,0.0,0.0,0.0
117,33875,99.76,62.42948300477469,1.5443408427464993,0,25,4,500,99.06,100.0,100.0,100.0,0.0,0.0,0.0,0.0
118,33875,91.62,61.51887721422448,1.5743965500351886,0,25,4,500,87.01,87.66,91.79,100.0,0.0,0.0,0.0,0.0
119,33875,94.42,60.35147578664098,1.443359963331719,0,25,4,500,94.25,94.72,89.88,98.84,0.0,0.0,0.0,0.0
120,33875,100.0,62.24635918280354,1.5324355416184552,0,25,4,500,100.0,100.0,100.0,100.0,0.0,0.0,0.0,0.0
121,33875,99.74,63.359284457622906,1.4949445520631828,0,25,4,500,100.0,100.0,100.0,98.96,0.0,0.0,0.0,0.0
122,33875,100.0,63.11502932476542,1.522551859683556,0,25,4,500,100.0,100.0,100.0,100.0,0.0,0.0,0.0,0.0
123,35890,97.11,64.02027708531838,1.4112577174120324,0,20,4,500,94.91,97.56,95.98,100.0,0.0,0.0,0.0,0.0
124,33875,100.0,62.16103999579995,1.595821830983312,0,25,4,500,100.0,100.0,100.0,100.0,0.0,0.0,0.0,0.0
125,33875,98.78,63.12911130856844,1.5199679382046272,0,25,4,500,100.0,100.0,98.22,96.89,0.0,0.0,0.0,0.0
126,33875,99.08,62.37076183812235,1.5008125190020651,0,25,4,500,96.33,100.0,100.0,100.0,0.0,0.0,0.0,0.0
127,33875,100.0,64.76274358750348,1.512676251917184,0,25,4,500,100.0,100.0,100.0,100.0,0.0,0.0,0.0,0.0
128,33875,98.41,62.16142506546655,1.5338001806370385,0,25,4,500,100.0,100.0,100.0,93.63,0.0,0.0,0.0,0.0
129,33875,100.0,62.177967542025385,1.585702190867402,0,25,4,500,100.0,100.0,100.0,100.0,0.0,0.0,0.0,0.0
130,33875,100.0,62.97973491298673,1.4912527057774372,0,25,4,500,100.0,100.0,100.0,100.0,0.0,0.0,0.0,0.0
131,33875,100.0,61.52958657293894,1.555700112872169,0,25,4,500,100.0,100.0,100.0,100.0,0.0,0.0,0.0,0.0
132,33875,98.96,62.663399344191205,1.541479049405662,0,25,4,500,95.85,100.0,100.0,100.0,0.0,0.0,0.0,0.0
133,33875,94.55,61.59865523449325,1.548312768309939,0,25,4,500,90.6,100.0,100.0,87.59,0.0,0.0,0.0,0.0
134,33875,92.32,61.33147225344051,1.4976431188222508,0,25,4,500,99.2,89.96,96.67,83.46,0.0,0.0,0.0,0.0
135,33875,95.32,63.55305945639426,1.5193637192043996,0,25,4,500,91.25,90.05,100.0,100.0,0.0,0.0,0.0,0.0
136,33875,100.0,64.50696448943087,1.5196651221258155,0,25,4,500,100.0,100.0,100.0,100.0,0.0,0.0,0.0,0.0
137,33875,100.0,65.11179386381676,1.4948589500520546,0,25,4,500,100.0,100.0,100.0,100.0,0.0,0.0,0.0,0.0
138,33875,91.25,62.19543896078565,1.4646007778062622,0,25,4,500,81.3,100.0,83.71,100.0,0.0,0.0,0.0,0.0
139,33875,100.0,63.18304295405166,1.4867795165982494,0,25,4,500,100.0,100.0,100.0,100.0,0.0,0.0,0.0,0.0
140,33875,100.0,60.7691093203226,1.5093027289525065,0,25,4,500,100.0,100.0,100.0,100.0,0.0,0.0,0.0,0.0
141,33875,100.0,60.60964517158846,1.4958116339854377,0,25,4,500,100.0,100.0,100.0,100.0,0.0,0.0,0.0,0.0
142,33875,96.16,60.8905923204963,1.5393537964966388,0,25,4,500,84.62,100.0,100.0,100.0,0.0,0.0,0.0,0.0
143,33875,100.0,61.63418386860084,1.5551712546664729,0,25,4,500,100.0,100.0,100.0,100.0,0.0,0.0,0.0,0.0
144,33875,100.0,62.07480087380272,1.5425744190865769,0,25,4,500,100.0,100.0,100.0,100.0,0.0,0.0,0.0,0.0
145,33875,100.0,61.96447808806855,1.4869665379657793,0,25,4,500,100.0,100.0,100.0,100.0,0.0,0.0,0.0,0.0
146,33875,99.74,63.42268848887278,1.486987524486964,0,25,4,500,98.97,100.0,100.0,100.0,0.0,0.0,0.0,0.0
147,33875,98.63,58.16960866851854,1.487074974102605,0,25,4,500,99.23,100.0,100.0,95.3,0.0,0.0,0.0,0.0
148,33875,97.73,61.914979530873055,1.5165188859497194,0,25,4,500,91.21,100.0,99.71,100.0,0.0,0.0,0.0,0.0
149,33875,87.14,66.19711767345802,1.4701196357671786,0,25,4,500,98.77,93.66,80.26,75.88,0.0,0.0,0.0,0.0
150,33875,99.82,61.55638422188735,1.457668636469474,0,25,4,500,100.0,100.0,100.0,99.28,0.0,0.0,0.0,0.0
151,33875,99.38,62.04357837497116,1.5209155237397198,0,25,4,500,100.0,97.54,100.0,100.0,0.0,0.0,0.0,0.0
152,33875,100.0,62.3075538818181,1.4497971929542617,0,25,4,500,100.0,100.0,100.0,100.0,0.0,0.0,0.0,0.0
153,33875,98.96,63.71704190659492,1.529594293254402,0,25,4,500,100.0,95.86,100.0,100.0,0.0,0.0,0.0,0.0
154,33875,96.15,62.9025995039205,1.491118792995858,0,25,4,500,96.21,89.15,100.0,99.22,0.0,0.0,0.0,0.0
155,33875,95.63,62.68539187240825,1.549946595744719,0,25,4,500,90.58,91.94,100.0,100.0,0.0,0.0,0.0,0.0
156,35487,96.45,60.68232034833357,1.4732128366369386,0,21,4,500,100.0,100.0,91.56,94.24,0.0,0.0,0.0,0.0
157,33875,100.0,63.90181588258755,1.5530217848614407,0,25,4,500,100.0,100.0,100.0,100.0,0.0,0.0,0.0,0.0
158,33875,98.65,65.93091026329368,1.4969709630436383,0,25,4,500,100.0,100.0,100.0,94.6,0.0,0.0,0.0,0.0
159,33875,98.95,64.1085422275068,1.5046148015809329,0,25,4,500,100.0,95.81,100.0,100.0,0.0,0.0,0.0,0.0
160,34681,99.59,62.40862340618213,1.507455447055408,0,23,4,500,100.0,98.36,100.0,100.0,0.0,0.0,0.0,0.0
161,33875,100.0,60.555930534390384,1.4520986078744702,0,25,4,500,100.0,100.0,100.0,100.0,0.0,0.0,0.0,0.0
162,33875,100.0,61.56379455276032,1.522357795835193,0,25,4,500,100.0,100.0,100.0,100.0,0.0,0.0,0.0,0.0
163,33875,98.4,62.93712554846943,1.499830008779843,0,25,4,500,100.0,93.6,100.0,100.0,0.0,0.0,0.0,0.0
164,33875,96.89,62.39506499872921,1.5823564320691217,0,25,4,500,100.0,90.04,97.53,100.0,0.0,0.0,0.0,0.0
165,33875,100.0,62.36382152286794,1.4595408180825495,0,25,4,500,100.0,100.0,100.0,100.0,0.0,0.0,0.0,0.0
166,33875,100.0,62.24898528286894,1.3719482133541865,0,25,4,500,100.0,100.0,100.0,100.0,0.0,0.0,0.0,0.0
167,33875,100.0,60.70886016183431,1.5601373711385882,0,25,4,500,100.0,100.0,100.0,100.0,0.0,0.0,0.0,0.0
168,33875,95.37,64.75013387629838,1.5347980062009947,0,25,4,500,100.0,81.96,100.0,99.52,0.0,0.0,0.0,0.0
169,33875,100.0,63.99693112218397,1.432496644387104,0,25,4,500,100.0,100.0,100.0,100.0,0.0,0.0,0.0,0.0
170,33875,100.0,62.69546670292151,1.402017645230907,0,25,4,500,100.0,100.0,100.0,100.0,0.0,0.0,0.0,0.0
171,33875,100.0,58.73745656233432,1.4032461709424977,0,25,4,500,100.0,100.0,100.0,100.0,0.0,0.0,0.0,0.0
172,33875,100.0,64.63815396204087,1.5182760962151218,0,25,4,500,100.0,100.0,100.0,100.0,0.0,0.0,0.0,0.0
173,34278,100.0,62.32784320725074,1.529518081956202,0,24,4,500,100.0,100.0,100.0,100.0,0.0,0.0,0.0,0.0
174,34681,100.0,63.12698810003966,1.5186143796929252,0,23,4,500,100.0,100.0,100.0,100.0,0.0,0.0,0.0,0.0
175,35084,100.0,62.883632839085486,1.5577832927114814,0,22,4,500,100.0,100.0,100.0,100.0,0.0,0.0,0.0,0.0
176,33875,98.71,63.59078508450328,1.5697987221696117,0,25,4,500,100.0,96.21,100.0,98.63,0.0,0.0,0.0,0.0
177,33875,100.0,61.14299074983255,1.4562128026248025,0,25,4,500,100.0,100.0,100.0,100.0,0.0,0.0,0.0,0.0
178,33875,100.0,62.81910246494144,1.512185253062888,0,25,4,500,100.0,100.0,100.0,100.0,0.0,0.0,0.0,0.0
179,33875,100.0,62.19586358229505,1.4898820419990737,0,25,4,500,100.0,100.0,100.0,100.0,0.0,0.0,0.0,0.0
180,33875,100.0,61.78259145179642,1.4579467312567385,0,25,4,500,100.0,100.0,100.0,100.0,0.0,0.0,0.0,0.0
181,33875,98.49,65.80031811338031,1.4460062702478271,0,25,4,500,100.0,100.0,100.0,93.96,0.0,0.0,0.0,0.0
182,35487,100.0,63.595098446798616,1.5270161223051717,0,21,4,500,100.0,100.0,100.0,100.0,0.0,0.0,0.0,0.0
183,33875,100.0,62.30249308843119,1.58239101994444,0,25,4,500,100.0,100.0,100.0,100.0,0.0,0.0,0.0,0.0
184,33875,100.0,61.83964222284956,1.4066315758674617,0,25,4,500,100.0,100.0,100.0,100.0,0.0,0.0,0.0,0.0
185,33875,98.01,62.12165476409465,1.4614918206844172,0,25,4,500,92.03,100.0,100.0,100.0,0.0,0.0,0.0,0.0
186,35084,100.0,64.27874922214461,1.4947387413980049,0,22,4,500,100.0,100.0,100.0,100.0,0.0,0.0,0.0,0.0
187,33875,100.0,63.15477335462656,1.5455919013586568,0,25,4,500,100.0,100.0,100.0,100.0,0.0,0.0,0.0,0.0
188,33875,99.96,62.95408850035216,1.5509453090805905,0,25,4,500,99.85,100.0,100.0,100.0,0.0,0.0,0.0,0.0
189,34681,99.44,63.96959913238472,1.5178230111834223,0,23,4,500,97.75,100.0,100.0,100.0,0.0,0.0,0.0,0.0
190,33875,100.0,63.26620680841992,1.531452079615114,0,25,4,500,100.0,100.0,100.0,100.0,0.0,0.0,0.0,0.0
191,33875,98.67,60.37063019086018,1.4044883790322893,0,25,4,500,94.68,100.0,100.0,100.0,0.0,0.0,0.0,0.0
192,33875,100.0,62.948340953637874,1.4230982342663243,0,25,4,500,100.0,100.0,100.0,100.0,0.0,0.0,0.0,0.0
193,34278,100.0,64.02081384469422,1.5205426905328294,0,24,4,500,100.0,100.0,100.0,100.0,0.0,0.0,0.0,0.0
194,33875,99.54,63.83922724668675,1.427963509535697,0,25,4,500,100.0,98.15,100.0,100.0,0.0,0.0,0.0,0.0
195,33875,100.0,61.36438118242396,1.532347832902664,0,25,4,500,100.0,100.0,100.0,100.0,0.0,0.0,0.0,0.0
196,33875,100.0,63.807202864422806,1.5549613523332788,0,25,4,500,100.0,100.0,100.0,100.0,0.0,0.0,0.0,0.0
197,34278,100.0,62.89580812962944,1.462648174162809,0,24,4,500,100.0,100.0,100.0,100.0,0.0,0.0,0.0,0.0
198,33875,100.0,57.89237341669763,1.5475838599694334,0,25,4,500,100.0,100.0,100.0,100.0,0.0,0.0,0.0,0.0
199,33875,100.0,62.91187948830222,1.5689828073496437,0,25,4,500,100.0,100.0,100.0,100.0,0.0,0.0,0.0,0.0
200,35487,100.0,62.94168970116926,1.5769398142050184,0,21,4,500,100.0,100.0,100.0,100.0,0.0,0.0,0.0,0.0
201,33875,100.0,63.074574777963406,1.5447088591654077,0,25,4,500,100.0,100.0,100.0,100.0,0.0,0.0,0.0,0.0
202,35084,100.0,63.32224697312522,1.508474570646412,0,22,4,500,100.0,100.0,100.0,100.0,0.0,0.0,0.0,0.0
203,33875,99.77,61.5091237276616,1.4896021458876292,0,25,4,500,99.07,100.0,100.0,100.0,0.0,0.0,0.0,0.0
204,33875,100.0,63.36037110542599,1.4941108648041408,0,25,4,500,100.0,100.0,100.0,100.0,0.0,0.0,0.0,0.0
205,33875,100.0,63.262375369129856,1.5335464408042128,0,25,4,500,100.0,100.0,100.0,100.0,0.0,0.0,0.0,0.0
206,33875,100.0,62.635930193051216,1.5124042027436988,0,25,4,500,100.0,100.0,100.0,100.0,0.0,0.0,0.0,0.0
207,33875,100.0,60.77499970871639,1.501916193089399,0,25,4,500,100.0,100.0,100.0,100.0,0.0,0.0,0.0,0.0
208,35890,100.0,62.53109620536416,1.5214410955414643,0,20,4,500,100.0,100.0,100.0,100.0,0.0,0.0,0.0,0.0
209,35084,100.0,64.73257618949246,1.408737902041834,0,22,4,500,100.0,100.0,100.0,100.0,0.0,0.0,0.0,0.0
210,33875,98.28,62.33681494341223,1.472139200686433,0,25,4,500,100.0,93.12,100.0,100.0,0.0,0.0,0.0,0.0
211,33875,99.02,61.62104984082984,1.6066135880089103,0,25,4,500,100.0,100.0,96.07,100.0,0.0,0.0,0.0,0.0
212,33875,99.72,65.87428284819745,1.5511995919182315,0,25,4,500,100.0,100.0,98.88,100.0,0.0,0.0,0.0,0.0
213,35890,100.0,64.01946566075178,1.5892961243681258,0,20,4,500,100.0,100.0,100.0,100.0,0.0,0.0,0.0,0.0
214,33875,100.0,63.80583901659416,1.4273427008930777,0,25,4,500,100.0,100.0,100.0,100.0,0.0,0.0,0.0,0.0
215,33875,99.89,61.37795818630556,1.4078741457417911,0,25,4,500,99.57,100.0,100.0,100.0,0.0,0.0,0.0,0.0
216,33875,97.6,61.93448499622669,1.5465066384812556,0,25,4,500,90.4,100.0,100.0,100.0,0.0,0.0,0.0,0.0
217,34278,100.0,60.66596887377016,1.515680927656043,0,24,4,500,100.0,100.0,100.0,100.0,0.0,0.0,0.0,0.0
218,33875,99.56,62.23497596007613,1.5069559126567342,0,25,4,500,100.0,98.25,100.0,100.0,0.0,0.0,0.0,0.0
219,33875,100.0,62.901216525900175,1.4961728283265985,0,25,4,500,100.0,100.0,100.0,100.0,0.0,0.0,0.0,0.0
220,33875,95.3,61.28783796408344,1.4675047958610676,0,25,4,500,100.0,93.11,92.55,95.54,0.0,0.0,0.0,0.0
221,34278,100.0,61.61827460266685,1.537047167708243,0,24,4,500,100.0,100.0,100.0,100.0,0.0,0.0,0.0,0.0
222,33875,100.0,63.15861653542585,1.4785554790056443,0,25,4,500,100.0,100.0,100.0,100.0,0.0,0.0,0.0,0.0
223,33875,100.0,61.82661854190565,1.4074680883088866,0,25,4,500,100.0,100.0,100.0,100.0,0.0,0.0,0.0,0.0
224,34681,100.0,62.98859301136305,1.50687757339242,0,23,4,500,100.0,100.0,100.0,100.0,0.0,0.0,0.0,0.0
225,33875,100.0,63.7600625825916,1.530676896230799,0,25,4,500,100.0,100.0,100.0,100.0,0.0,0.0,0.0,0.0
226,33875,100.0,62.52763057242698,1.514534945738577,0,25,4,500,100.0,100.0,100.0,100.0,0.0,0.0,0.0,0.0
227,33875,99.74,64.60115908199184,1.533531478247622,0,25,4,500,100.0,99.01,100.0,99.93,0.0,0.0,0.0,0.0
228,36293,81.67,62.05758586454176,1.5096533666916827,0,19,4,500,86.49,88.97,80.61,70.62,0.0,0.0,0.0,0.0
229,33875,100.0,61.39368668991053,1.521495246776783,0,25,4,500,100.0,100.0,100.0,100.0,0.0,0.0,0.0,0.0
230,33875,100.0,63.13910187708048,1.499769821550183,0,25,4,500,100.0,100.0,100.0,100.0,0.0,0.0,0.0,0.0
231,33875,99.26,63.5842324762015,1.481955187667785,0,25,4,500,100.0,97.06,100.0,100.0,0.0,0.0,0.0,0.0
232,33875,100.0,62.11698662723251,1.4724301592529545,0,25,4,500,100.0,100.0,100.0,100.0,0.0,0.0,0.0,0.0
233,33875,100.0,63.60222690111844,1.557446044494179,0,25,4,500,100.0,100.0,100.0,100.0,0.0,0.0,0.0,0.0
234,33875,100.0,62.90372901846845,1.4768203358749832,0,25,4,500,100.0,100.0,100.0,100.0,0.0,0.0,0.0,0.0
235,34278,100.0,62.85694183847557,1.4906753227306555,0,24,4,500,100.0,100.0,100.0,100.0,0.0,0.0,0.0,0.0
236,34278,100.0,60.838878685758594,1.5854838924699648,0,24,4,500,100.0,100.0,100.0,100.0,0.0,0.0,0.0,0.0
237,33875,99.95,63.44510749283832,1.3777185439908295,0,25,4,500,100.0,100.0,100.0,99.8,0.0,0.0,0.0,0.0
238,33875,97.12,59.332446238959314,1.6040274547503015,0,25,4,500,96.92,100.0,91.56,100.0,0.0,0.0,0.0,0.0
239,33875,95.46,61.1718930234846,1.413844152523589,0,25,4,500,97.08,98.14,86.63,100.0,0.0,0.0,0.0,0.0
240,33875,100.0,63.72573738075512,1.5027851770732938,0,25,4,500,100.0,100.0,100.0,100.0,0.0,0.0,0.0,0.0
241,33875,97.05,61.99658926386265,1.5312723773817751,0,25,4,500,100.0,100.0,100.0,88.19,0.0,0.0,0.0,0.0
242,34278,98.67,63.17988596958888,1.5644199665396086,0,24,4,500,100.0,100.0,94.69,100.0,0.0,0.0,0.0,0.0
243,33875,100.0,61.759580428762526,1.4794004479059129,0,25,4,500,100.0,100.0,100.0,100.0,0.0,0.0,0.0,0.0
244,34278,100.0,63.6747477658194,1.5395962853023808,0,24,4,500,100.0,100.0,100.0,100.0,0.0,0.0,0.0,0.0
245,33875,71.45,60.56532888116075,1.4844105364939135,0,25,4,500,77.79,66.82,73.22,67.95,0.0,0.0,0.0,0.0
246,33875,100.0,62.987355265810166,1.5101803780976424,0,25,4,500,100.0,100.0,100.0,100.0,0.0,0.0,0.0,0.0
247,33875,100.0,63.12577780502022,1.545025769877331,0,25,4,500,100.0,100.0,100.0,100.0,0.0,0.0,0.0,0.0
248,33875,100.0,63.76161890316888,1.495822799879731,0,25,4,500,100.0,100.0,100.0,100.0,0.0,0.0,0.0,0.0
249,33875,99.8,60.49732167337816,1.531832966170494,0,25,4,500,100.0,100.0,99.18,100.0,0.0,0.0,0.0,0.0
250,33875,91.0,60.205712601406205,1.4587359206644857,0,25,4,500,100.0,86.87,88.45,88.69,0.0,0.0,0.0,0.0
251,33875,99.72,62.04597483710859,1.517606907269583,0,25,4,500,100.0,98.89,100.0,100.0,0.0,0.0,0.0,0.0
252,35084,98.24,61.11107143872373,1.5290676661205669,0,22,4,500,92.95,100.0,100.0,100.0,0.0,0.0,0.0,0.0
253,34278,100.0,62.844108224362216,1.5289540749848225,0,24,4,500,100.0,100.0,100.0,100.0,0.0,0.0,0.0,0.0
254,33875,90.87,64.18495754870584,1.4822292041986211,0,25,4,500,93.25,87.85,91.78,90.6,0.0,0.0,0.0,0.0
255,33875,100.0,61.42798525741024,1.439698637483587,0,25,4,500,100.0,100.0,100.0,100.0,0.0,0.0,0.0,0.0
256,33875,98.22,63.35680132592079,1.5676816216890594,0,25,4,500,100.0,92.9,100.0,100.0,0.0,0.0,0.0,0.0
257,33875,97.54,59.54217762732082,1.5291873245388212,0,25,4,500,100.0,90.14,100.0,100.0,0.0,0.0,0.0,0.0
258,33875,100.0,62.512609277663216,1.3285350177712618,0,25,4,500,100.0,100.0,100.0,100.0,0.0,0.0,0.0,0.0
259,33875,100.0,63.50268337270204,1.557510310332356,0,25,4,500,100.0,100.0,100.0,100.0,0.0,0.0,0.0,0.0
260,33875,100.0,64.86454716611489,1.5169927100249176,0,25,4,500,100.0,100.0,100.0,100.0,0.0,0.0,0.0,0.0
261,33875,99.72,61.58542288284614,1.4802601508111923,0,25,4,500,100.0,100.0,100.0,98.9,0.0,0.0,0.0,0.0
262,33875,100.0,61.788293952948,1.4351316669449976,0,25,4,500,100.0,100.0,100.0,100.0,0.0,0.0,0.0,0.0
263,33875,98.65,62.11446615906048,1.4377262714683137,0,25,4,500,95.03,99.57,100.0,100.0,0.0,0.0,0.0,0.0
264,33875,99.02,65.58721645563516,1.4507857714882366,0,25,4,500,98.35,99.62,98.12,100.0,0.0,0.0,0.0,0.0
265,33875,100.0,63.723102962922376,1.4948665486376171,0,25,4,500,100.0,100.0,100.0,100.0,0.0,0.0,0.0,0.0
266,34278,100.0,63.49549954397901,1.4793226972590918,0,24,4,500,100.0,100.0,100.0,100.0,0.0,0.0,0.0,0.0
267,33875,100.0,61.74179303056189,1.468908788489222,0,25,4,500,100.0,100.0,100.0,100.0,0.0,0.0,0.0,0.0
268,34278,98.24,65.73775982163001,1.499128148403175,0,24,4,500,100.0,95.99,100.0,96.97,0.0,0.0,0.0,0.0
269,33875,98.61,61.01211280748747,1.4613077043749731,0,25,4,500,100.0,100.0,100.0,94.43,0.0,0.0,0.0,0.0
270,33875,100.0,61.64355263990788,1.4896621803267134,0,25,4,500,100.0,100.0,100.0,100.0,0.0,0.0,0.0,0.0
271,33875,100.0,63.38461156925711,1.5488959557839217,0,25,4,500,100.0,100.0,100.0,100.0,0.0,0.0,0.0,0.0
272,33875,100.0,62.33386303107904,1.5655015543374236,0,25,4,500,100.0,100.0,100.0,100.0,0.0,0.0,0.0,0.0
273,33875,98.6,65.73338098002017,1.6527689279789577,0,25,4,500,100.0,100.0,99.0,95.42,0.0,0.0,0.0,0.0
274,34278,100.0,65.51235172049269,1.546117866399789,0,24,4,500,100.0,100.0,100.0,100.0,0.0,0.0,0.0,0.0
275,34278,100.0,64.3364751459627,1.5258828152006434,0,24,4,500,100.0,100.0,100.0,100.0,0.0,0.0,0.0,0.0
276,33875,91.24,64.0704177864477,1.4667707246341857,0,25,4,500,96.47,100.0,85.1,83.41,0.0,0.0,0.0,0.0
277,35487,98.69,64.47024510214122,1.4669997106974826,0,21,4,500,100.0,95.12,100.0,99.65,0.0,0.0,0.0,0.0
278,33875,100.0,61.5046603208141,1.4305579754637627,0,25,4,500,100.0,100.0,100.0,100.0,0.0,0.0,0.0,0.0
279,33875,100.0,62.906581217408124,1.4368926991593785,0,25,4,500,100.0,100.0,100.0,100.0,0.0,0.0,0.0,0.0
280,33875,98.07,65.13658712117115,1.5650486187889756,0,25,4,500,92.29,100.0,100.0,100.0,0.0,0.0,0.0,0.0
281,35890,100.0,61.56006207271654,1.3875373228889825,0,20,4,500,100.0,100.0,100.0,100.0,0.0,0.0,0.0,0.0
282,33875,100.0,61.31122979278376,1.431458684372503,0,25,4,500,100.0,100.0,100.0,100.0,0.0,0.0,0.0,0.0
283,33875,100.0,64.51220132163529,1.3923191796384768,0,25,4,500,100.0,100.0,100.0,100.0,0.0,0.0,0.0,0.0
284,33875,100.0,62.82998019594057,1.4660446515537222,0,25,4,500,100.0,100.0,100.0,100.0,0.0,0.0,0.0,0.0
285,34681,98.76,60.0637408801075,1.6380814620794035,0,23,4,500,95.02,100.0,100.0,100.0,0.0,0.0,0.0,0.0
286,33875,97.71,62.7794969125373,1.5233692485354675,0,25,4,500,93.82,100.0,97.02,100.0,0.0,0.0,0.0,0.0
287,35084,97.83,61.11058506758559,1.453100599081612,0,22,4,500,91.31,100.0,100.0,100.0,0.0,0.0,0.0,0.0
288,33875,98.99,64.16563757871444,1.441006464093317,0,25,4,500,100.0,100.0,95.95,100.0,0.0,0.0,0.0,0.0
289,33875,100.0,61.504374943114726,1.5059830676712846,0,25,4,500,100.0,100.0,100.0,100.0,0.0,0.0,0.0,0.0
290,33875,99.98,65.49911466006634,1.5280395756895846,0,25,4,500,100.0,100.0,100.0,99.94,0.0,0.0,0.0,0.0
291,33875,99.61,62.20602323785547,1.5263573778583124,0,25,4,500,98.45,100.0,100.0,100.0,0.0,0.0,0.0,0.0
292,33875,98.78,65.33017676818717,1.4805593480742605,0,25,4,500,100.0,100.0,100.0,95.11,0.0,0.0,0.0,0.0
293,33875,94.54,63.83598384818495,1.5260992655186307,0,25,4,500,90.1,94.56,93.5,100.0,0.0,0.0,0.0,0.0
294,35890,98.02,59.60628785362415,1.5174655913444837,0,20,4,500,100.0,98.6,93.47,100.0,0.0,0.0,0.0,0.0
295,33875,86.84,64.91135001385544,1.4870212640593656,0,25,4,500,82.81,91.26,92.73,80.55,0.0,0.0,0.0,0.0
296,33875,100.0,60.60454817581254,1.4144420545476653,0,25,4,500,100.0,100.0,100.0,100.0,0.0,0.0,0.0,0.0
297,33875,69.24,62.74543243814101,1.5090288943744086,0,25,4,500,61.3,63.88,69.77,81.99,0.0,0.0,0.0,0.0
298,33875,99.91,62.889466210422455,1.399760027416251,0,25,4,500,100.0,100.0,99.63,100.0,0.0,0.0,0.0,0.0
299,34681,99.59,64.42251148319805,1.518684267727284,0,23,4,500,100.0,98.37,100.0,100.0,0.0,0.0,0.0,0.0
300,33875,99.07,65.62931330623482,1.514835741857882,0,25,4,500,100.0,96.28,100.0,100.0,0.0,0.0,0.0,0.0
301,34681,100.0,61.95262702592503,1.534739534715229,0,23,4,500,100.0,100.0,100.0,100.0,0.0,0.0,0.0,0.0
302,33875,99.69,61.53790427207179,1.435801327074276,0,25,4,500,98.75,100.0,100.0,100.0,0.0,0.0,0.0,0.0
303,33875,100.0,61.74914455447027,1.517890408457249,0,25,4,500,100.0,100.0,100.0,100.0,0.0,0.0,0.0,0.0
304,33875,99.5,61.9145668517514,1.502487049046992,0,25,4,500,100.0,98.02,100.0,100.0,0.0,0.0,0.0,0.0
305,35890,94.86,61.5543829501928,1.4389022499638784,0,20,4,500,98.79,90.32,100.0,90.32,0.0,0.0,0.0,0.0
306,33875,100.0,62.95556818260539,1.5211126650328723,0,25,4,500,100.0,100.0,100.0,100.0,0.0,0.0,0.0,0.0
307,33875,99.26,62.71155756112629,1.394133694460011,0,25,4,500,100.0,100.0,97.06,100.0,0.0,0.0,0.0,0.0
308,33875,96.92,62.37225378958778,1.4728516051730507,0,25,4,500,96.6,91.08,100.0,100.0,0.0,0.0,0.0,0.0
309,34681,100.0,62.90767072394175,1.505791924937872,0,23,4,500,100.0,100.0,100.0,100.0,0.0,0.0,0.0,0.0
310,33875,100.0,63.62031440647793,1.4803560259306143,0,25,4,500,100.0,100.0,100.0,100.0,0.0,0.0,0.0,0.0
311,33875,99.29,61.68712247911873,1.5543472891169725,0,25,4,500,100.0,100.0,100.0,97.15,0.0,0.0,0.0,0.0
312,33875,100.0,62.64781084247977,1.4732268328323,0,25,4,500,100.0,100.0,100.0,100.0,0.0,0.0,0.0,0.0
313,33875,100.0,64.23600950863327,1.4542897970277295,0,25,4,500,100.0,100.0,100.0,100.0,0.0,0.0,0.0,0.0
314,33875,100.0,62.41506754303144,1.4390748373874434,0,25,4,500,100.0,100.0,100.0,100.0,0.0,0.0,0.0,0.0
315,33875,100.0,62.604817025530885,1.5023564081707934,0,25,4,500,100.0,100.0,100.0,100.0,0.0,0.0,0.0,0.0
316,34681,100.0,61.14802462202633,1.489130655385199,0,23,4,500,100.0,100.0,100.0,100.0,0.0,0.0,0.0,0.0
317,35084,100.0,64.19699300185157,1.4427468017424372,0,22,4,500,100.0,100.0,100.0,100.0,0.0,0.0,0.0,0.0
318,33875,100.0,62.08567214226499,1.529714559620311,0,25,4,500,100.0,100.0,100.0,100.0,0.0,0.0,0.0,0.0
319,33875,99.79,62.8859464793533,1.4750262711054545,0,25,4,500,100.0,100.0,99.15,100.0,0.0,0.0,0.0,0.0
320,33875,99.76,62.33772961121403,1.4971704333472553,0,25,4,500,99.06,100.0,100.0,100.0,0.0,0.0,0.0,0.0
321,33875,100.0,65.01644069285955,1.459480254798511,0,25,4,500,100.0,100.0,100.0,100.0,0.0,0.0,0.0,0.0
322,35084,99.11,61.52390387723214,1.5655755185873084,0,22,4,500,100.0,100.0,100.0,96.43,0.0,0.0,0.0,0.0
323,35890,97.81,62.26318228672016,1.515529195948378,0,20,4,500,98.02,100.0,93.21,100.0,0.0,0.0,0.0,0.0
324,33875,99.68,63.390970532928485,1.3741041006803925,0,25,4,500,98.74,100.0,100.0,100.0,0.0,0.0,0.0,0.0
325,33875,99.0,59.4838007980881,1.5377534769492238,0,25,4,500,95.99,100.0,100.0,100.0,0.0,0.0,0.0,0.0
326,33875,100.0,61.21230087437918,1.5364733592486297,0,25,4,500,100.0,100.0,100.0,100.0,0.0,0.0,0.0,0.0
327,34278,98.32,62.50022470484668,1.47056645099023,0,24,4,500,93.29,100.0,100.0,100.0,0.0,0.0,0.0,0.0
328,33875,99.56,64.12682946330187,1.4652757147477915,0,25,4,500,100.0,100.0,98.24,100.0,0.0,0.0,0.0,0.0
329,33875,99.89,64.96382026661233,1.5496712998430202,0,25,4,500,100.0,100.0,99.55,100.0,0.0,0.0,0.0,0.0
330,33875,98.21,61.82747853849951,1.4573332744936447,0,25,4,500,100.0,98.72,100.0,94.11,0.0,0.0,0.0,0.0
331,35084,100.0,64.71718920380142,1.4226413455088618,0,22,4,500,100.0,100.0,100.0,100.0,0.0,0.0,0.0,0.0
332,33875,100.0,65.63532891528001,1.4753827162126751,0,25,4,500,100.0,100.0,100.0,100.0,0.0,0.0,0.0,0.0
333,33875,100.0,60.983262111541485,1.543135469707497,0,25,4,500,100.0,100.0,100.0,100.0,0.0,0.0,0.0,0.0
334,33875,99.16,61.90652441321436,1.4620408934960911,0,25,4,500,100.0,96.66,100.0,100.0,0.0,0.0,0.0,0.0
335,33875,99.74,61.9398615153959,1.4191109130946222,0,25,4,500,100.0,100.0,100.0,98.98,0.0,0.0,0.0,0.0
336,35890,97.06,62.45558664600165,1.5033253808886051,0,20,4,500,100.0,100.0,100.0,88.24,0.0,0.0,0.0,0.0
337,33875,100.0,64.59124246306985,1.5102299508371964,0,25,4,500,100.0,100.0,100.0,100.0,0.0,0.0,0.0,0.0
338,36293,100.0,64.92569062688504,1.4439849816889818,0,19,4,500,100.0,100.0,100.0,100.0,0.0,0.0,0.0,0.0
339,34681,99.49,62.51735879896793,1.481576873307359,0,23,4,500,100.0,97.96,100.0,100.0,0.0,0.0,0.0,0.0
340,33875,99.62,60.83970076052188,1.453082974010243,0,25,4,500,100.0,98.5,100.0,100.0,0.0,0.0,0.0,0.0
341,35084,98.5,63.84750039238151,1.5331530829197664,0,22,4,500,100.0,100.0,94.02,100.0,0.0,0.0,0.0,0.0
342,33875,99.83,61.28092838476158,1.4447192690934667,0,25,4,500,99.33,100.0,100.0,100.0,0.0,0.0,0.0,0.0
343,33875,100.0,59.732665109692256,1.517698306949406,0,25,4,500,100.0,100.0,100.0,100.0,0.0,0.0,0.0,0.0
344,33875,100.0,62.73874524635212,1.5591692911596802,0,25,4,500,100.0,100.0,100.0,100.0,0.0,0.0,0.0,0.0
345,33875,99.42,60.8440876907967,1.4295767625962872,0,25,4,500,100.0,100.0,100.0,97.66,0.0,0.0,0.0,0.0
346,33875,100.0,62.786320379499344,1.4667826863688918,0,25,4,500,100.0,100.0,100.0,100.0,0.0,0.0,0.0,0.0
347,35487,100.0,60.34458317480986,1.4673483613303957,0,21,4,500,100.0,100.0,100.0,100.0,0.0,0.0,0.0,0.0
348,33875,100.0,63.51792482135914,1.541680209003199,0,25,4,500,100.0,100.0,100.0,100.0,0.0,0.0,0.0,0.0
349,35084,100.0,64.55377344537874,1.574014535556182,0,22,4,500,100.0,100.0,100.0,100.0,0.0,0.0,0.0,0.0
350,33875,100.0,61.39218236616113,1.4714517798991065,0,25,4,500,100.0,100.0,100.0,100.0,0.0,0.0,0.0,0.0
351,33875,99.74,64.22909412853771,1.4601471840230769,0,25,4,500,100.0,100.0,98.94,100.0,0.0,0.0,0.0,0.0
352,33875,100.0,63.494293162350594,1.4595593076884692,0,25,4,500,100.0,100.0,100.0,100.0,0.0,0.0,0.0,0.0
353,33875,99.09,59.95317131224196,1.3982116479438922,0,25,4,500,100.0,100.0,96.37,100.0,0.0,0.0,0.0,0.0
354,33875,100.0,60.52107515877896,1.524677049732874,0,25,4,500,100.0,100.0,100.0,100.0,0.0,0.0,0.0,0.0
355,33875,100.0,64.74735127805464,1.4940701607383875,0,25,4,500,100.0,100.0,100.0,100.0,0.0,0.0,0.0,0.0
356,33875,100.0,62.35344564302401,1.596864134781995,0,25,4,500,100.0,100.0,100.0,100.0,0.0,0.0,0.0,0.0
357,33875,100.0,65.17496843532886,1.5040249093201254,0,25,4,500,100.0,100.0,100.0,100.0,0.0,0.0,0.0,0.0
358,33875,92.18,64.18709855338506,1.4185515113772869,0,25,4,500,90.97,86.85,90.91,100.0,0.0,0.0,0.0,0.0
359,33875,89.42,64.39861503770354,1.4969619286172324,0,25,4,500,79.6,97.85,85.06,95.17,0.0,0.0,0.0,0.0
360,33875,100.0,61.18681931553101,1.5132421579971094,0,25,4,500,100.0,100.0,100.0,100.0,0.0,0.0,0.0,0.0
361,33875,99.79,63.00438118992148,1.4347813545881687,0,25,4,500,100.0,99.16,100.0,100.0,0.0,0.0,0.0,0.0
362,33875,98.48,62.536220560624,1.459545348751072,0,25,4,500,100.0,100.0,93.91,100.0,0.0,0.0,0.0,0.0
363,33875,99.88,59.94653648002266,1.5365209684418943,0,25,4,500,100.0,99.52,100.0,100.0,0.0,0.0,0.0,0.0
364,33875,100.0,61.65894268890636,1.5039967581040563,0,25,4,500,100.0,100.0,100.0,100.0,0.0,0.0,0.0,0.0
365,33875,99.61,60.187661251281504,1.4415879662438669,0,25,4,500,98.45,100.0,100.0,100.0,0.0,0.0,0.0,0.0
366,34681,99.75,64.1366909934594,1.500453819262336,0,23,4,500,99.01,100.0,100.0,100.0,0.0,0.0,0.0,0.0
367,33875,100.0,61.25417258753792,1.4814973267207756,0,25,4,500,100.0,100.0,100.0,100.0,0.0,0.0,0.0,0.0
368,33875,99.7,64.43060573747044,1.4786059227399329,0,25,4,500,100.0,100.0,98.81,100.0,0.0,0.0,0.0,0.0
369,33875,100.0,61.4015414714812,1.3779901387296472,0,25,4,500,100.0,100.0,100.0,100.0,0.0,0.0,0.0,0.0
370,33875,95.69,63.14572045789719,1.4357168279396892,0,25,4,500,100.0,100.0,92.08,90.69,0.0,0.0,0.0,0.0
371,34278,97.67,61.94109623151519,1.5458830254870215,0,24,4,500,100.0,96.26,94.42,100.0,0.0,0.0,0.0,0.0
372,33875,100.0,62.38138435642858,1.3960802917820363,0,25,4,500,100.0,100.0,100.0,100.0,0.0,0.0,0.0,0.0
373,34681,100.0,65.93678042102235,1.4946166515153447,0,23,4,500,100.0,100.0,100.0,100.0,0.0,0.0,0.0,0.0
374,33875,100.0,63.6446979904857,1.5258339948163753,0,25,4,500,100.0,100.0,100.0,100.0,0.0,0.0,0.0,0.0
375,33875,99.54,62.365080917188,1.5040183167159418,0,25,4,500,100.0,100.0,100.0,98.18,0.0,0.0,0.0,0.0
376,34278,96.46,64.33597935059127,1.4727918342426665,0,24,4,500,100.0,100.0,92.69,93.15,0.0,0.0,0.0,0.0
377,35890,100.0,64.31219237007835,1.486946828751519,0,20,4,500,100.0,100.0,100.0,100.0,0.0,0.0,0.0,0.0
378,33875,98.85,59.912736547263336,1.4496287053268109,0,25,4,500,100.0,96.93,100.0,98.48,0.0,0.0,0.0,0.0
379,33875,91.34,61.59909873777378,1.3511794784811926,0,25,4,500,86.81,100.0,91.85,86.72,0.0,0.0,0.0,0.0
380,35487,99.8,61.67851229474032,1.4682415788439511,0,21,4,500,100.0,100.0,100.0,99.19,0.0,0.0,0.0,0.0
381,35487,100.0,62.01645893371079,1.4579187647233418,0,21,4,500,100.0,100.0,100.0,100.0,0.0,0.0,0.0,0.0
382,33875,100.0,61.83020468502982,1.455683981233271,0,25,4,500,100.0,100.0,100.0,100.0,0.0,0.0,0.0,0.0
383,34278,100.0,62.06641100112233,1.3996449652261638,0,24,4,500,100.0,100.0,100.0,100.0,0.0,0.0,0.0,0.0
384,34278,99.7,63.53453777262332,1.5525251553165371,0,24,4,500,100.0,98.81,100.0,100.0,0.0,0.0,0.0,0.0
385,33875,100.0,64.16677448149167,1.5295965752491103,0,25,4,500,100.0,100.0,100.0,100.0,0.0,0.0,0.0,0.0
386,34681,99.5,61.88186894019284,1.511423505063498,0,23,4,500,100.0,100.0,100.0,98.01,0.0,0.0,0.0,0.0
387,33875,100.0,61.10562604803753,1.4490796916062705,0,25,4,500,100.0,100.0,100.0,100.0,0.0,0.0,0.0,0.0
388,34278,100.0,63.9789879389077,1.5386782876322482,0,24,4,500,100.0,100.0,100.0,100.0,0.0,0.0,0.0,0.0
389,33875,96.02,61.11589199858895,1.4739962444819947,0,25,4,500,98.96,93.4,91.7,100.0,0.0,0.0,0.0,0.0
390,33875,93.65,63.14941551402312,1.4527382622015768,0,25,4,500,92.9,81.69,100.0,100.0,0.0,0.0,0.0,0.0
391,33875,100.0,64.64936641000898,1.455013031029431,0,25,4,500,100.0,100.0,100.0,100.0,0.0,0.0,0.0,0.0
392,34278,97.7,64.33291666582213,1.5533521092181992,0,24,4,500,100.0,100.0,92.51,98.29,0.0,0.0,0.0,0.0
393,35487,100.0,62.61511291590023,1.5402127494569848,0,21,4,500,100.0,100.0,100.0,100.0,0.0,0.0,0.0,0.0
394,35084,100.0,63.96398683661572,1.4841258606711865,0,22,4,500,100.0,100.0,100.0,100.0,0.0,0.0,0.0,0.0
395,33875,100.0,64.3526325726564,1.4380556462070204,0,25,4,500,100.0,100.0,100.0,100.0,0.0,0.0,0.0,0.0
396,35084,100.0,63.46541967519733,1.4509310499557382,0,22,4,500,100.0,100.0,100.0,100.0,0.0,0.0,0.0,0.0
397,33875,99.68,63.32354482148337,1.4637541718489655,0,25,4,500,100.0,100.0,98.7,100.0,0.0,0.0,0.0,0.0
398,33875,100.0,63.07958015940071,1.4780677973811436,0,25,4,500,100.0,100.0,100.0,100.0,0.0,0.0,0.0,0.0
399,34681,100.0,64.74429705977843,1.50777561019308,0,23,4,500,100.0,100.0,100.0,100.0,0.0,0.0,0.0,0.0
400,35084,100.0,61.08314399159956,1.4521549437568873,0,22,4,500,100.0,100.0,100.0,100.0,0.0,0.0,0.0,0.0
401,34278,91.9,65.26607929615207,1.4398276902299385,0,24,4,500,100.0,87.8,79.79,100.0,0.0,0.0,0.0,0.0
402,33875,98.64,62.47840205824688,1.4207692343751768,0,25,4,500,100.0,97.14,97.41,100.0,0.0,0.0,0.0,0.0
403,35487,100.0,62.298608486481456,1.4437692624018117,0,21,4,500,100.0,100.0,100.0,100.0,0.0,0.0,0.0,0.0
404,33875,100.0,64.69413921071609,1.495802532923376,0,25,4,500,100.0,100.0,100.0,100.0,0.0,0.0,0.0,0.0
405,33875,99.51,63.71832328185425,1.4501142688702795,0,25,4,500,100.0,98.07,100.0,99.97,0.0,0.0,0.0,0.0
406,33875,95.76,61.38367008159093,1.4597914689084843,0,25,4,500,86.58,100.0,96.46,100.0,0.0,0.0,0.0,0.0
407,33875,99.62,62.31823666366708,1.5053920716795346,0,25,4,500,100.0,100.0,99.44,99.06,0.0,0.0,0.0,0.0
408,33875,99.62,61.07216065340577,1.454800633539258,0,25,4,500,98.46,100.0,100.0,100.0,0.0,0.0,0.0,0.0
409,33875,100.0,61.42213448884282,1.4056674776251723,0,25,4,500,100.0,100.0,100.0,100.0,0.0,0.0,0.0,0.0
410,33875,95.28,62.63788704172782,1.4776296064488774,0,25,4,500,100.0,100.0,91.69,89.41,0.0,0.0,0.0,0.0
411,36293,100.0,61.32441680733964,1.5255398124387556,0,19,4,500,100.0,100.0,100.0,100.0,0.0,0.0,0.0,0.0
412,35084,100.0,63.65303291719273,1.4563555614186845,0,22,4,500,100.0,100.0,100.0,100.0,0.0,0.0,0.0,0.0
413,33875,100.0,63.20379126070135,1.3726003350101137,0,25,4,500,100.0,100.0,100.0,100.0,0.0,0.0,0.0,0.0
414,33875,99.34,62.25500571305779,1.5328415488596212,0,25,4,500,97.34,100.0,100.0,100.0,0.0,0.0,0.0,0.0
415,34681,100.0,63.341544542969245,1.4868798370624083,0,23,4,500,100.0,100.0,100.0,100.0,0.0,0.0,0.0,0.0
416,33875,99.76,61.12710944087543,1.498985145326917,0,25,4,500,100.0,99.06,100.0,100.0,0.0,0.0,0.0,0.0
417,34278,100.0,60.6799246870113,1.462395618004091,0,24,4,500,100.0,100.0,100.0,100.0,0.0,0.0,0.0,0.0
418,33875,100.0,61.42129596752835,1.4018712468917809,0,25,4,500,100.0,100.0,100.0,100.0,0.0,0.0,0.0,0.0
419,33875,100.0,64.1872189758585,1.436434848255329,0,25,4,500,100.0,100.0,100.0,100.0,0.0,0.0,0.0,0.0
420,33875,96.32,64.08813773277717,1.538844641182369,0,25,4,500,85.28,100.0,100.0,100.0,0.0,0.0,0.0,0.0
421,33875,99.8,63.79220310470503,1.4721039699648149,0,25,4,500,99.18,100.0,100.0,100.0,0.0,0.0,0.0,0.0
422,35487,77.7,63.59617065118933,1.463929423790394,0,21,4,500,78.38,74.39,74.96,83.08,0.0,0.0,0.0,0.0
423,33875,100.0,63.597398496001816,1.4889128591256962,0,25,4,500,100.0,100.0,100.0,100.0,0.0,0.0,0.0,0.0
424,33875,100.0,62.64456137746781,1.382103801394834,0,25,4,500,100.0,100.0,100.0,100.0,0.0,0.0,0.0,0.0
425,36293,99.29,64.78606718103391,1.5091515947975993,0,19,4,500,100.0,97.16,100.0,100.0,0.0,0.0,0.0,0.0
426,34278,98.57,65.49548288593301,1.4369023780641923,0,24,4,500,100.0,100.0,100.0,94.28,0.0,0.0,0.0,0.0
427,35084,98.7,63.58623600065159,1.5864389806091197,0,22,4,500,97.25,97.56,100.0,100.0,0.0,0.0,0.0,0.0
428,33875,100.0,62.82876132981865,1.437441162571423,0,25,4,500,100.0,100.0,100.0,100.0,0.0,0.0,0.0,0.0
429,33875,100.0,63.579591498681694,1.4858382345450634,0,25,4,500,100.0,100.0,100.0,100.0,0.0,0.0,0.0,0.0
430,35487,100.0,63.79182518773027,1.471167669511275,0,21,4,500,100.0,100.0,100.0,100.0,0.0,0.0,0.0,0.0
431,34681,100.0,64.37653625521561,1.4305100294188184,0,23,4,500,100.0,100.0,100.0,100.0,0.0,0.0,0.0,0.0
432,33875,99.12,62.34117869438108,1.4475589740360717,0,25,4,500,96.46,100.0,100.0,100.0,0.0,0.0,0.0,0.0
433,35487,100.0,62.10745822187064,1.5266952967588197,0,21,4,500,100.0,100.0,100.0,100.0,0.0,0.0,0.0,0.0
434,34278,96.36,63.32632862106883,1.5308351561564235,0,24,4,500,95.46,89.97,100.0,100.0,0.0,0.0,0.0,0.0
435,33875,100.0,65.38384064243351,1.531628557119045,0,25,4,500,100.0,100.0,100.0,100.0,0.0,0.0,0.0,0.0
436,33875,97.58,63.27733591710665,1.4614975207475849,0,25,4,500,90.34,100.0,100.0,100.0,0.0,0.0,0.0,0.0
437,36696,100.0,63.24135465603287,1.4570888236100257,0,18,4,500,100.0,100.0,100.0,100.0,0.0,0.0,0.0,0.0
438,34681,97.58,63.76637682756928,1.3960788319987605,0,23,4,500,100.0,94.03,100.0,96.29,0.0,0.0,0.0,0.0
439,34681,100.0,61.77645060846138,1.4246540955327416,0,23,4,500,100.0,100.0,100.0,100.0,0.0,0.0,0.0,0.0
440,35487,99.62,63.767247528606525,1.468661733826529,0,21,4,500,100.0,100.0,98.46,100.0,0.0,0.0,0.0,0.0
441,33875,99.92,63.274346691477255,1.42297638035871,0,25,4,500,100.0,99.7,100.0,100.0,0.0,0.0,0.0,0.0
442,36293,99.1,61.93813211303012,1.409842303810574,0,19,4,500,100.0,100.0,96.38,100.0,0.0,0.0,0.0,0.0
443,33875,99.53,62.86137730893213,1.4603543004884,0,25,4,500,98.11,100.0,100.0,100.0,0.0,0.0,0.0,0.0
444,33875,99.32,63.45436882285727,1.4925340918340453,0,25,4,500,100.0,97.3,100.0,100.0,0.0,0.0,0.0,0.0
445,34681,98.39,61.06127534874064,1.5051633559548196,0,23,4,500,100.0,98.64,95.55,99.36,0.0,0.0,0.0,0.0
446,35084,100.0,62.62944750725031,1.442809546920427,0,22,4,500,100.0,100.0,100.0,100.0,0.0,0.0,0.0,0.0
447,35890,99.72,61.30070619486322,1.3666416593433406,0,20,4,500,100.0,98.88,100.0,100.0,0.0,0.0,0.0,0.0
448,33875,90.61,62.59627037595142,1.4067316893235136,0,25,4,500,85.08,79.38,100.0,97.98,0.0,0.0,0.0,0.0
449,35890,98.64,62.30687519316965,1.4483793561647522,0,20,4,500,94.55,100.0,100.0,100.0,0.0,0.0,0.0,0.0
450,34278,95.81,63.97199713735108,1.460503893065474,0,24,4,500,100.0,89.13,94.93,99.18,0.0,0.0,0.0,0.0
451,34681,93.58,63.33965103097172,1.476849545678531,0,23,4,500,100.0,100.0,83.69,90.61,0.0,0.0,0.0,0.0
452,36293,100.0,63.60685586968119,1.4931718682930866,0,19,4,500,100.0,100.0,100.0,100.0,0.0,0.0,0.0,0.0
453,33875,99.25,60.47831390924269,1.4566475979007814,0,25,4,500,97.01,100.0,100.0,100.0,0.0,0.0,0.0,0.0
454,35084,99.57,63.353152795554834,1.4655493826458277,0,22,4,500,100.0,100.0,100.0,98.27,0.0,0.0,0.0,0.0
455,33875,100.0,61.79385999173898,1.513382910627174,0,25,4,500,100.0,100.0,100.0,100.0,0.0,0.0,0.0,0.0
456,35890,100.0,63.00401304554426,1.5196610930407644,0,20,4,500,100.0,100.0,100.0,100.0,0.0,0.0,0.0,0.0
457,35890,98.51,62.93440868396873,1.4580794803755737,0,20,4,500,100.0,94.04,100.0,100.0,0.0,0.0,0.0,0.0
458,34681,98.4,63.59642788788937,1.494079361157312,0,23,4,500,100.0,93.61,100.0,100.0,0.0,0.0,0.0,0.0
459,36696,100.0,61.49365487496235,1.3413569608967302,0,18,4,500,100.0,100.0,100.0,100.0,0.0,0.0,0.0,0.0
460,33875,96.98,63.19714871980327,1.5057393619547323,0,25,4,500,100.0,100.0,100.0,87.92,0.0,0.0,0.0,0.0
461,34278,92.3,61.78773240803503,1.485768062978464,0,24,4,500,87.19,100.0,83.41,98.62,0.0,0.0,0.0,0.0
462,33875,100.0,64.99676615334995,1.4190113409876162,0,25,4,500,100.0,100.0,100.0,100.0,0.0,0.0,0.0,0.0
463,34278,100.0,61.970010281859246,1.3753201662989127,0,24,4,500,100.0,100.0,100.0,100.0,0.0,0.0,0.0,0.0
464,35084,92.39,64.01519963898117,1.462630266784078,0,22,4,500,100.0,100.0,82.84,86.71,0.0,0.0,0.0,0.0
465,36696,99.19,66.09102943378181,1.4207399176984346,0,18,4,500,100.0,100.0,100.0,96.77,0.0,0.0,0.0,0.0
466,35084,98.8,61.732613341639485,1.4555355469486495,0,22,4,500,95.22,100.0,100.0,100.0,0.0,0.0,0.0,0.0
467,33875,100.0,63.59334966548725,1.4509271899067904,0,25,4,500,100.0,100.0,100.0,100.0,0.0,0.0,0.0,0.0
468,35890,100.0,61.536887160219074,1.473054912081538,0,20,4,500,100.0,100.0,100.0,100.0,0.0,0.0,0.0,0.0
469,37099,100.0,60.79694799410166,1.3863307865785297,0,17,4,500,100.0,100.0,100.0,100.0,0.0,0.0,0.0,0.0
470,33875,100.0,61.97572530347118,1.52132180838852,0,25,4,500,100.0,100.0,100.0,100.0,0.0,0.0,0.0,0.0
471,33875,100.0,61.07135524904966,1.4306922088786511,0,25,4,500,100.0,100.0,100.0,100.0,0.0,0.0,0.0,0.0
472,34278,92.42,61.05231728450202,1.467062879045453,0,24,4,500,80.2,100.0,89.47,100.0,0.0,0.0,0.0,0.0
473,35890,99.76,62.50258650802847,1.40817975284533,0,20,4,500,99.02,100.0,100.0,100.0,0.0,0.0,0.0,0.0
474,35487,100.0,62.459494931868576,1.43278914261866,0,21,4,500,100.0,100.0,100.0,100.0,0.0,0.0,0.0,0.0
475,35890,99.5,64.5059375301519,1.4607439100498394,0,20,4,500,100.0,100.0,100.0,97.99,0.0,0.0,0.0,0.0
476,35487,100.0,62.21824094160721,1.5066372056088189,0,21,4,500,100.0,100.0,100.0,100.0,0.0,0.0,0.0,0.0
477,35084,99.97,63.81884552150842,1.3871479859818758,0,22,4,500,100.0,99.87,100.0,100.0,0.0,0.0,0.0,0.0
478,33875,98.99,61.33381506146413,1.427644177891715,0,25,4,500,96.46,100.0,99.49,100.0,0.0,0.0,0.0,0.0
479,35487,99.25,61.971565993705966,1.4347224699076682,0,21,4,500,100.0,97.01,100.0,100.0,0.0,0.0,0.0,0.0
480,33875,97.77,61.39921478333712,1.5166125032624722,0,25,4,500,91.09,100.0,100.0,100.0,0.0,0.0,0.0,0.0
481,33875,100.0,64.33365339105373,1.4576981487926528,0,25,4,500,100.0,100.0,100.0,100.0,0.0,0.0,0.0,0.0
482,33875,99.77,62.55666088175925,1.4316965991075534,0,25,4,500,100.0,100.0,100.0,99.07,0.0,0.0,0.0,0.0
483,36293,97.12,63.6721785629788,1.5062931468829444,0,19,4,500,98.93,92.43,100.0,97.1,0.0,0.0,0.0,0.0
484,33875,96.21,64.46027576434274,1.5202427371918368,0,25,4,500,100.0,100.0,100.0,84.84,0.0,0.0,0.0,0.0
485,33875,100.0,60.99482899716537,1.4597824710617309,0,25,4,500,100.0,100.0,100.0,100.0,0.0,0.0,0.0,0.0
486,34278,100.0,62.37438095592506,1.4077546638964418,0,24,4,500,100.0,100.0,100.0,100.0,0.0,0.0,0.0,0.0
487,33875,99.18,64.96716292603553,1.456458034559479,0,25,4,500,96.71,100.0,100.0,100.0,0.0,0.0,0.0,0.0
488,33875,100.0,61.84150429757847,1.4029104046805747,0,25,4,500,100.0,100.0,100.0,100.0,0.0,0.0,0.0,0.0
489,37502,98.54,64.00840149325394,1.48962665909889,0,16,4,500,100.0,98.54,100.0,95.64,0.0,0.0,0.0,0.0
490,33875,96.16,63.33001629176229,1.4268479102864906,0,25,4,500,99.4,100.0,85.25,100.0,0.0,0.0,0.0,0.0
491,35890,99.81,63.04535229854843,1.46771031671219,0,20,4,500,100.0,99.23,100.0,100.0,0.0,0.0,0.0,0.0
492,34278,100.0,64.27522401221322,1.4753261222621998,0,24,4,500,100.0,100.0,100.0,100.0,0.0,0.0,0.0,0.0
493,36293,99.31,62.49590796330226,1.3961445584667227,0,19,4,500,100.0,100.0,97.25,100.0,0.0,0.0,0.0,0.0
494,34278,100.0,62.783953200896015,1.4383467613994474,0,24,4,500,100.0,100.0,100.0,100.0,0.0,0.0,0.0,0.0
495,35084,100.0,65.18546186081286,1.4130312258330169,0,22,4,500,100.0,100.0,100.0,100.0,0.0,0.0,0.0,0.0
496,34681,79.24,61.88382105373778,1.4436547103717547,0,23,4,500,79.12,76.05,83.42,78.36,0.0,0.0,0.0,0.0
497,33875,97.71,63.09008598800665,1.5777020128855277,0,25,4,500,94.87,95.98,100.0,100.0,0.0,0.0,0.0,0.0
498,34278,100.0,61.81508231815819,1.4778881077851416,0,24,4,500,100.0,100.0,100.0,100.0,0.0,0.0,0.0,0.0
499,35487,92.63,61.01263124581056,1.4557229631534996,0,21,4,500,100.0,97.62,80.51,92.39,0.0,0.0,0.0,0.0
500,34278,99.51,61.85327244473272,1.4052141469923822,0,24,4,500,100.0,98.05,100.0,100.0,0.0,0.0,0.0,0.0
501,33875,100.0,64.40401197241457,1.5193016595288915,0,25,4,500,100.0,100.0,100.0,100.0,0.0,0.0,0.0,0.0
502,33875,100.0,63.473375918647584,1.4399739190393062,0,25,4,500,100.0,100.0,100.0,100.0,0.0,0.0,0.0,0.0
503,34681,95.1,63.07497904166692,1.4692234829800546,0,23,4,500,99.76,84.88,95.77,100.0,0.0,0.0,0.0,0.0
504,37905,100.0,62.73221603176763,1.3813614598386963,0,15,4,500,100.0,100.0,100.0,100.0,0.0,0.0,0.0,0.0
505,33875,99.8,61.0332141779254,1.475433847276811,0,25,4,500,100.0,99.2,100.0,100.0,0.0,0.0,0.0,0.0
506,33875,98.68,62.59365872624675,1.493831434290643,0,25,4,500,100.0,94.74,100.0,100.0,0.0,0.0,0.0,0.0
507,36696,99.57,58.88957852619262,1.5211050475490204,0,18,4,500,100.0,100.0,100.0,98.27,0.0,0.0,0.0,0.0
508,33875,94.5,64.53422163785781,1.4198707655786649,0,25,4,500,97.84,100.0,82.59,97.58,0.0,0.0,0.0,0.0
509,39114,100.0,68.2287834893879,1.5124038123908763,0,12,4,500,100.0,100.0,100.0,100.0,0.0,0.0,0.0,0.0
510,33875,98.78,63.69720864418963,1.4629519808119085,0,25,4,500,96.71,100.0,98.4,100.0,0.0,0.0,0.0,0.0
511,33875,99.68,63.99770718825392,1.4396774863296578,0,25,4,500,100.0,100.0,98.74,100.0,0.0,0.0,0.0,0.0
512,33875,93.7,62.43877203204968,1.4450950565893532,0,25,4,500,100.0,83.92,90.88,100.0,0.0,0.0,0.0,0.0
513,35890,99.84,63.22615409812372,1.5317131476199852,0,20,4,500,100.0,100.0,99.38,100.0,0.0,0.0,0.0,0.0
514,33875,100.0,61.52433945172248,1.4526907940535945,0,25,4,500,100.0,100.0,100.0,100.0,0.0,0.0,0.0,0.0
515,34681,99.16,62.6147793548971,1.49939910477476,0,23,4,500,100.0,100.0,100.0,96.63,0.0,0.0,0.0,0.0
516,33875,100.0,63.06175072815557,1.4395344731132294,0,25,4,500,100.0,100.0,100.0,100.0,0.0,0.0,0.0,0.0
517,37502,100.0,62.35761412174946,1.4809718753253605,0,16,4,500,100.0,100.0,100.0,100.0,0.0,0.0,0.0,0.0
518,35487,99.7,64.1085235596771,1.4333402680645877,0,21,4,500,100.0,100.0,100.0,98.81,0.0,0.0,0.0,0.0
519,33875,99.8,62.75374572903455,1.446203740134328,0,25,4,500,99.2,100.0,100.0,100.0,0.0,0.0,0.0,0.0
520,36293,97.87,63.03846780993607,1.4579031408147494,0,19,4,500,100.0,100.0,91.47,100.0,0.0,0.0,0.0,0.0
521,36293,100.0,64.64587121213506,1.5758608663818627,0,19,4,500,100.0,100.0,100.0,100.0,0.0,0.0,0.0,0.0
522,33875,87.74,62.839122414931786,1.372923204780777,0,25,4,500,78.69,92.57,79.68,100.0,0.0,0.0,0.0,0.0
523,33875,100.0,63.59993933398356,1.441201117465002,0,25,4,500,100.0,100.0,100.0,100.0,0.0,0.0,0.0,0.0
524,33875,100.0,60.44391247475963,1.3814606053060428,0,25,4,500,100.0,100.0,100.0,100.0,0.0,0.0,0.0,0.0
525,36293,91.23,62.13933894792684,1.3986996000025715,0,19,4,500,90.08,90.9,99.18,84.76,0.0,0.0,0.0,0.0
526,33875,93.31,62.3012206453273,1.4466045822816536,0,25,4,500,100.0,100.0,81.99,91.26,0.0,0.0,0.0,0.0
527,33875,99.37,62.89231190683736,1.4266083457703114,0,25,4,500,97.49,100.0,100.0,100.0,0.0,0.0,0.0,0.0
528,34681,100.0,63.212241333175015,1.3834645122189275,0,23,4,500,100.0,100.0,100.0,100.0,0.0,0.0,0.0,0.0
529,35890,100.0,63.3464212389516,1.3873241642749723,0,20,4,500,100.0,100.0,100.0,100.0,0.0,0.0,0.0,0.0
530,34278,99.6,62.76384622790237,1.3935142744338274,0,24,4,500,98.38,100.0,100.0,100.0,0.0,0.0,0.0,0.0
531,35487,100.0,62.43166911329757,1.4773211054802389,0,21,4,500,100.0,100.0,100.0,100.0,0.0,0.0,0.0,0.0
532,34681,98.81,63.901286369041145,1.5344870957808912,0,23,4,500,95.74,100.0,100.0,99.49,0.0,0.0,0.0,0.0
533,33875,99.6,64.49869141354277,1.4111028091993882,0,25,4,500,100.0,100.0,100.0,98.42,0.0,0.0,0.0,0.0
534,34278,99.92,65.58136409298561,1.499365653998733,0,24,4,500,100.0,99.66,100.0,100.0,0.0,0.0,0.0,0.0
535,35487,100.0,65.94185395779144,1.4475592896844651,0,21,4,500,100.0,100.0,100.0,100.0,0.0,0.0,0.0,0.0
536,33875,99.58,64.05380827982647,1.428749256365307,0,25,4,500,100.0,100.0,98.33,100.0,0.0,0.0,0.0,0.0
537,34681,87.4,63.84670691418584,1.5205988001518185,0,23,4,500,87.96,83.28,87.76,90.62,0.0,0.0,0.0,0.0
538,35084,94.86,62.93851530796155,1.4061065226857787,0,22,4,500,87.96,91.49,100.0,100.0,0.0,0.0,0.0,0.0
539,33875,96.76,62.89462025658759,1.4095505552564551,0,25,4,500,100.0,100.0,100.0,87.04,0.0,0.0,0.0,0.0
540,34681,99.99,63.1226064540631,1.409386720425035,0,23,4,500,100.0,100.0,99.96,100.0,0.0,0.0,0.0,0.0
541,37502,99.7,63.40942180209824,1.3826228169299888,0,16,4,500,98.8,100.0,100.0,100.0,0.0,0.0,0.0,0.0
542,39114,93.19,61.30514959660211,1.4578561347171122,0,12,4,500,100.0,86.28,100.0,86.49,0.0,0.0,0.0,0.0
543,35084,100.0,62.17911565089151,1.4846200405109944,0,22,4,500,100.0,100.0,100.0,100.0,0.0,0.0,0.0,0.0
544,36293,100.0,62.6678747617891,1.3625400598348067,0,19,4,500,100.0,100.0,100.0,100.0,0.0,0.0,0.0,0.0
545,35084,100.0,62.9125109737871,1.459705634910743,0,22,4,500,100.0,100.0,100.0,100.0,0.0,0.0,0.0,0.0
546,35890,100.0,64.50307072403045,1.4374121447371782,0,20,4,500,100.0,100.0,100.0,100.0,0.0,0.0,0.0,0.0
547,35084,100.0,64.18063403934212,1.4142938903409,0,22,4,500,100.0,100.0,100.0,100.0,0.0,0.0,0.0,0.0
548,33875,98.79,60.97915816178541,1.4975561149192504,0,25,4,500,95.15,100.0,100.0,100.0,0.0,0.0,0.0,0.0
549,33875,100.0,62.27438884669206,1.5064511755989882,0,25,4,500,100.0,100.0,100.0,100.0,0.0,0.0,0.0,0.0
550,33875,100.0,63.72930319089675,1.4919158792293468,0,25,4,500,100.0,100.0,100.0,100.0,0.0,0.0,0.0,0.0
551,35890,97.12,64.85503345100075,1.5551398977787732,0,20,4,500,96.38,92.08,100.0,100.0,0.0,0.0,0.0,0.0
552,34681,98.51,60.78342388980059,1.363047345639505,0,23,4,500,100.0,100.0,94.03,100.0,0.0,0.0,0.0,0.0
553,34681,100.0,63.00166214545948,1.3797121783115815,0,23,4,500,100.0,100.0,100.0,100.0,0.0,0.0,0.0,0.0
554,35084,100.0,64.81197009154731,1.5042865088674786,0,22,4,500,100.0,100.0,100.0,100.0,0.0,0.0,0.0,0.0
555,34278,99.9,61.96320846187778,1.534094724902349,0,24,4,500,100.0,99.58,100.0,100.0,0.0,0.0,0.0,0.0
556,34278,99.82,60.12233670497029,1.457163972282044,0,24,4,500,100.0,100.0,99.26,100.0,0.0,0.0,0.0,0.0
557,35487,98.29,61.42361415143885,1.4542712806594509,0,21,4,500,100.0,94.03,99.14,100.0,0.0,0.0,0.0,0.0
558,36293,99.34,62.56778698439554,1.4779512225581966,0,19,4,500,97.36,100.0,100.0,100.0,0.0,0.0,0.0,0.0
559,35890,100.0,62.03692330137756,1.3841581727164336,0,20,4,500,100.0,100.0,100.0,100.0,0.0,0.0,0.0,0.0
560,35487,100.0,62.03533392594169,1.5238044955567478,0,21,4,500,100.0,100.0,100.0,100.0,0.0,0.0,0.0,0.0
561,34681,99.59,64.6199837150046,1.3909521485620608,0,23,4,500,100.0,98.37,100.0,100.0,0.0,0.0,0.0,0.0
562,35890,99.45,61.793675544552265,1.477349316242415,0,20,4,500,100.0,97.81,100.0,100.0,0.0,0.0,0.0,0.0
563,34278,99.53,63.54678425673966,1.4542158694491367,0,24,4,500,100.0,100.0,98.11,100.0,0.0,0.0,0.0,0.0
564,37099,98.92,64.55416400020474,1.4815253454108437,0,17,4,500,100.0,100.0,100.0,95.67,0.0,0.0,0.0,0.0
565,33875,99.96,61.19815406869569,1.3892174509300177,0,25,4,500,99.85,100.0,100.0,100.0,0.0,0.0,0.0,0.0
566,33875,98.58,62.60210236073878,1.4152768245473275,0,25,4,500,94.32,100.0,100.0,100.0,0.0,0.0,0.0,0.0
567,37502,100.0,62.48867063031069,1.4061549386166905,0,16,4,500,100.0,100.0,100.0,100.0,0.0,0.0,0.0,0.0
568,35084,99.58,64.38894665720936,1.4269401068309415,0,22,4,500,100.0,100.0,98.32,100.0,0.0,0.0,0.0,0.0
569,33875,95.55,63.94601556597108,1.548949304598069,0,25,4,500,91.85,100.0,90.35,100.0,0.0,0.0,0.0,0.0
570,35487,99.92,64.3710534374746,1.4051064390225627,0,21,4,500,99.68,100.0,100.0,100.0,0.0,0.0,0.0,0.0
571,33875,99.88,63.64859822372736,1.422873213355935,0,25,4,500,100.0,100.0,100.0,99.54,0.0,0.0,0.0,0.0
572,33875,100.0,61.85430441448656,1.4632856995836987,0,25,4,500,100.0,100.0,100.0,100.0,0.0,0.0,0.0,0.0
573,35890,100.0,64.74958263017564,1.4289883311890388,0,20,4,500,100.0,100.0,100.0,100.0,0.0,0.0,0.0,0.0
574,36293,100.0,62.39495631702939,1.5049158692530855,0,19,4,500,100.0,100.0,100.0,100.0,0.0,0.0,0.0,0.0
575,34278,99.09,63.69465145760883,1.4168377662636282,0,24,4,500,100.0,100.0,100.0,96.37,0.0,0.0,0.0,0.0
576,34278,100.0,63.2124125203036,1.5662777849868976,0,24,4,500,100.0,100.0,100.0,100.0,0.0,0.0,0.0,0.0
577,34681,100.0,64.1993130677027,1.4228434347360075,0,23,4,500,100.0,100.0,100.0,100.0,0.0,0.0,0.0,0.0
578,33875,99.3,64.73939531371755,1.482817893315303,0,25,4,500,100.0,100.0,97.21,100.0,0.0,0.0,0.0,0.0
579,34681,100.0,64.74164713289889,1.5156214834494808,0,23,4,500,100.0,100.0,100.0,100.0,0.0,0.0,0.0,0.0
580,34681,99.32,62.394098390944734,1.4561193424717838,0,23,4,500,100.0,100.0,100.0,97.28,0.0,0.0,0.0,0.0
581,36293,100.0,64.73745756377141,1.4279247897009013,0,19,4,500,100.0,100.0,100.0,100.0,0.0,0.0,0.0,0.0
582,35084,99.77,64.52939691494971,1.3825924722412093,0,22,4,500,100.0,100.0,99.07,100.0,0.0,0.0,0.0,0.0
583,36293,93.26,64.11776646802585,1.5001718090396627,0,19,4,500,87.58,85.46,100.0,100.0,0.0,0.0,0.0,0.0
584,34681,88.18,63.38970856881163,1.4274670725046597,0,23,4,500,93.55,91.79,85.86,81.5,0.0,0.0,0.0,0.0
585,34681,100.0,63.662256490519056,1.4843358394354909,0,23,4,500,100.0,100.0,100.0,100.0,0.0,0.0,0.0,0.0
586,36696,100.0,61.84086991669486,1.472389311553353,0,18,4,500,100.0,100.0,100.0,100.0,0.0,0.0,0.0,0.0
587,35084,93.56,62.91753439383695,1.422694869050575,0,22,4,500,95.99,89.91,100.0,88.36,0.0,0.0,0.0,0.0
588,37099,100.0,61.70061175514764,1.441974568477624,0,17,4,500,100.0,100.0,100.0,100.0,0.0,0.0,0.0,0.0
589,35890,100.0,64.94871909059422,1.4036755137738952,0,20,4,500,100.0,100.0,100.0,100.0,0.0,0.0,0.0,0.0
590,33875,99.5,63.43541017312594,1.3814194089338812,0,25,4,500,97.99,100.0,100.0,100.0,0.0,0.0,0.0,0.0
591,34278,98.35,63.656309308249945,1.3957603579094515,0,24,4,500,100.0,100.0,93.39,100.0,0.0,0.0,0.0,0.0
592,33875,99.31,62.25243537511238,1.3976190984692696,0,25,4,500,100.0,100.0,97.24,100.0,0.0,0.0,0.0,0.0
593,33875,98.02,60.13796978808552,1.524611171246432,0,25,4,500,92.07,100.0,100.0,100.0,0.0,0.0,0.0,0.0
594,36696,100.0,61.49905701690192,1.425596010352879,0,18,4,500,100.0,100.0,100.0,100.0,0.0,0.0,0.0,0.0
595,35084,100.0,62.16109909518598,1.4990052040141957,0,22,4,500,100.0,100.0,100.0,100.0,0.0,0.0,0.0,0.0
596,33875,87.3,64.84042794991741,1.4085585932109068,0,25,4,500,91.85,86.09,87.36,83.88,0.0,0.0,0.0,0.0
597,35084,99.66,64.47925543208288,1.4794643274327832,0,22,4,500,100.0,98.62,100.0,100.0,0.0,0.0,0.0,0.0
598,34278,100.0,64.59399715699864,1.5070296243047885,0,24,4,500,100.0,100.0,100.0,100.0,0.0,0.0,0.0,0.0
599,33875,100.0,62.30916601510552,1.457122905666091,0,25,4,500,100.0,100.0,100.0,100.0,0.0,0.0,0.0,0.0
600,37099,100.0,61.34533726052934,1.4991760812947723,0,17,4,500,100.0,100.0,100.0,100.0,0.0,0.0,0.0,0.0
601,36696,96.34,62.33620046360831,1.441804799557281,0,18,4,500,90.3,100.0,95.07,100.0,0.0,0.0,0.0,0.0
602,34681,100.0,62.12970608108916,1.4745024745016408,0,23,4,500,100.0,100.0,100.0,100.0,0.0,0.0,0.0,0.0
603,35890,95.37,65.80639073436885,1.4645620767037315,0,20,4,500,100.0,87.05,100.0,94.42,0.0,0.0,0.0,0.0
604,33875,100.0,63.332767785549656,1.4335037078589583,0,25,4,500,100.0,100.0,100.0,100.0,0.0,0.0,0.0,0.0
605,35487,100.0,60.34766155269955,1.3493001558560531,0,21,4,500,100.0,100.0,100.0,100.0,0.0,0.0,0.0,0.0
606,33875,100.0,63.69135217872911,1.4620720434834555,0,25,4,500,100.0,100.0,100.0,100.0,0.0,0.0,0.0,0.0
607,37099,99.13,60.72896171746844,1.4027009605502192,0,17,4,500,100.0,96.51,100.0,100.0,0.0,0.0,0.0,0.0
608,36696,100.0,64.16245350160779,1.444353987527915,0,18,4,500,100.0,100.0,100.0,100.0,0.0,0.0,0.0,0.0
609,35487,88.47,61.10918806289666,1.498596857629894,0,21,4,500,86.65,100.0,79.74,87.48,0.0,0.0,0.0,0.0
610,33875,100.0,62.48900482432944,1.4337394924866578,0,25,4,500,100.0,100.0,100.0,100.0,0.0,0.0,0.0,0.0
611,36696,100.0,63.66861798863835,1.3596407678778013,0,18,4,500,100.0,100.0,100.0,100.0,0.0,0.0,0.0,0.0
612,36696,100.0,61.90017706872536,1.490886897901043,0,18,4,500,100.0,100.0,100.0,100.0,0.0,0.0,0.0,0.0
613,33875,99.97,62.20626803375266,1.5072185621025094,0,25,4,500,100.0,100.0,99.87,100.0,0.0,0.0,0.0,0.0
614,37905,89.8,64.27163570077148,1.4152389310132805,0,15,4,500,100.0,84.89,94.77,79.53,0.0,0.0,0.0,0.0
615,33875,98.04,66.60382554515441,1.362721656169918,0,25,4,500,100.0,100.0,92.14,100.0,0.0,0.0,0.0,0.0
616,35487,100.0,61.75088529790008,1.4682800159743172,0,21,4,500,100.0,100.0,100.0,100.0,0.0,0.0,0.0,0.0
617,36696,99.44,64.0019942494484,1.4719042018502322,0,18,4,500,97.75,100.0,100.0,100.0,0.0,0.0,0.0,0.0
618,35890,100.0,62.2422194763376,1.460068364482802,0,20,4,500,100.0,100.0,100.0,100.0,0.0,0.0,0.0,0.0
619,36696,100.0,61.544774830337445,1.529202748353775,0,18,4,500,100.0,100.0,100.0,100.0,0.0,0.0,0.0,0.0
620,34681,100.0,66.44769764754773,1.4652716418685212,0,23,4,500,100.0,100.0,100.0,100.0,0.0,0.0,0.0,0.0
621,35084,99.79,64.02189276851014,1.502724279421143,0,22,4,500,99.16,100.0,100.0,100.0,0.0,0.0,0.0,0.0
622,39114,98.55,62.92216239832197,1.3641119335168692,0,12,4,500,100.0,100.0,94.2,100.0,0.0,0.0,0.0,0.0
623,36293,94.64,62.53801980102767,1.4257604666469688,0,19,4,500,100.0,100.0,87.27,91.27,0.0,0.0,0.0,0.0
624,34278,99.93,66.01551070116899,1.3643689833330883,0,24,4,500,99.72,100.0,100.0,100.0,0.0,0.0,0.0,0.0
625,35890,99.02,62.78633908652696,1.3430176594875831,0,20,4,500,100.0,100.0,96.07,100.0,0.0,0.0,0.0,0.0
626,36696,99.18,63.24147947587166,1.4930468553009133,0,18,4,500,98.7,100.0,98.03,100.0,0.0,0.0,0.0,0.0
627,36696,99.12,61.99489858005887,1.4230125515190295,0,18,4,500,100.0,99.5,100.0,96.99,0.0,0.0,0.0,0.0
628,35487,98.46,62.35366895092357,1.425631393098676,0,21,4,500,100.0,93.86,100.0,100.0,0.0,0.0,0.0,0.0
629,35084,100.0,63.345774105203766,1.4032213522159347,0,22,4,500,100.0,100.0,100.0,100.0,0.0,0.0,0.0,0.0
630,34681,100.0,62.73850496911757,1.4395902432689147,0,23,4,500,100.0,100.0,100.0,100.0,0.0,0.0,0.0,0.0
631,34681,100.0,64.91794090865646,1.3802328536362856,0,23,4,500,100.0,100.0,100.0,100.0,0.0,0.0,0.0,0.0
632,34278,99.22,63.49910645003083,1.379580279054486,0,24,4,500,100.0,100.0,100.0,96.89,0.0,0.0,0.0,0.0
633,35487,100.0,62.12448819579862,1.5239800145296398,0,21,4,500,100.0,100.0,100.0,100.0,0.0,0.0,0.0,0.0
634,35890,100.0,63.833513675951146,1.395113304701718,0,20,4,500,100.0,100.0,100.0,100.0,0.0,0.0,0.0,0.0
635,35487,100.0,61.98281084677092,1.4165304504351597,0,21,4,500,100.0,100.0,100.0,100.0,0.0,0.0,0.0,0.0
636,34278,98.7,65.71348834361308,1.4047780233108609,0,24,4,500,100.0,100.0,100.0,94.81,0.0,0.0,0.0,0.0
637,38308,100.0,66.43697650981778,1.540681353034978,0,14,4,500,100.0,100.0,100.0,100.0,0.0,0.0,0.0,0.0
638,34681,100.0,61.36330739091783,1.4066681986308327,0,23,4,500,100.0,100.0,100.0,100.0,0.0,0.0,0.0,0.0
639,33875,99.97,64.63038685373128,1.415237616428055,0,25,4,500,100.0,99.89,100.0,100.0,0.0,0.0,0.0,0.0
640,35084,100.0,61.11592324828013,1.349302690168063,0,22,4,500,100.0,100.0,100.0,100.0,0.0,0.0,0.0,0.0
641,35890,100.0,67.0396307965767,1.4309728435644422,0,20,4,500,100.0,100.0,100.0,100.0,0.0,0.0,0.0,0.0
642,37905,100.0,63.24349270805622,1.5144749835950224,0,15,4,500,100.0,100.0,100.0,100.0,0.0,0.0,0.0,0.0
643,33875,100.0,63.297827775866345,1.39874255156335,0,25,4,500,100.0,100.0,100.0,100.0,0.0,0.0,0.0,0.0
644,35487,100.0,63.27482337727562,1.391731447931015,0,21,4,500,100.0,100.0,100.0,100.0,0.0,0.0,0.0,0.0
645,36696,99.27,62.42482893304762,1.4178371654295996,0,18,4,500,100.0,97.08,100.0,100.0,0.0,0.0,0.0,0.0
646,38308,99.23,64.89635293490676,1.4547635236283518,0,14,4,500,100.0,96.92,100.0,100.0,0.0,0.0,0.0,0.0
647,33875,99.75,62.81742013020358,1.4111876039196831,0,25,4,500,100.0,100.0,100.0,99.01,0.0,0.0,0.0,0.0
648,37502,99.9,61.741908934156335,1.4102552756372897,0,16,4,500,99.58,100.0,100.0,100.0,0.0,0.0,0.0,0.0
649,33875,100.0,62.82332299394539,1.345993823114516,0,25,4,500,100.0,100.0,100.0,100.0,0.0,0.0,0.0,0.0
650,35084,99.91,63.72484650571492,1.4165117906769888,0,22,4,500,100.0,99.65,100.0,100.0,0.0,0.0,0.0,0.0
651,33875,98.78,63.03209761012175,1.434509745326338,0,25,4,500,100.0,100.0,100.0,95.1,0.0,0.0,0.0,0.0
652,33875,100.0,65.57802673965513,1.3427674008186223,0,25,4,500,100.0,100.0,100.0,100.0,0.0,0.0,0.0,0.0
653,33875,99.39,63.183021452396304,1.490448775411171,0,25,4,500,100.0,100.0,97.56,100.0,0.0,0.0,0.0,0.0
654,37502,96.82,63.50674417865624,1.5306123124280726,0,16,4,500,100.0,95.67,100.0,91.61,0.0,0.0,0.0,0.0
655,36293,100.0,65.47131101521934,1.405497359741873,0,19,4,500,100.0,100.0,100.0,100.0,0.0,0.0,0.0,0.0
656,38711,100.0,61.53339654183528,1.453242264045107,0,13,4,500,100.0,100.0,100.0,100.0,0.0,0.0,0.0,0.0
657,33875,95.9,64.60851379304042,1.4045445667473262,0,25,4,500,91.82,96.82,94.96,100.0,0.0,0.0,0.0,0.0
658,35084,100.0,61.83716662615272,1.389342506394947,0,22,4,500,100.0,100.0,100.0,100.0,0.0,0.0,0.0,0.0
659,35084,100.0,64.17772494415533,1.3618133241506278,0,22,4,500,100.0,100.0,100.0,100.0,0.0,0.0,0.0,0.0
660,33875,100.0,62.25015191295876,1.4810280764904729,0,25,4,500,100.0,100.0,100.0,100.0,0.0,0.0,0.0,0.0
661,35890,100.0,63.18344690004885,1.4800645214459882,0,20,4,500,100.0,100.0,100.0,100.0,0.0,0.0,0.0,0.0
662,36696,93.1,63.00824780949058,1.3041496659940617,0,18,4,500,86.02,100.0,86.38,100.0,0.0,0.0,0.0,0.0
663,35890,99.44,64.1692884019421,1.4625598442505607,0,20,4,500,100.0,97.77,100.0,100.0,0.0,0.0,0.0,0.0
664,34681,100.0,63.016582094267385,1.4243468619404296,0,23,4,500,100.0,100.0,100.0,100.0,0.0,0.0,0.0,0.0
665,33875,98.05,63.64201002867527,1.4376691766604253,0,25,4,500,100.0,92.21,100.0,100.0,0.0,0.0,0.0,0.0
666,35487,100.0,65.0814343886698,1.4694018914148814,0,21,4,500,100.0,100.0,100.0,100.0,0.0,0.0,0.0,0.0
667,35890,100.0,63.81400971880117,1.435334677646414,0,20,4,500,100.0,100.0,100.0,100.0,0.0,0.0,0.0,0.0
668,35890,100.0,60.76506714601887,1.3941995720244074,0,20,4,500,100.0,100.0,100.0,100.0,0.0,0.0,0.0,0.0
669,35084,100.0,63.5947356667432,1.420906982639825,0,22,4,500,100.0,100.0,100.0,100.0,0.0,0.0,0.0,0.0
670,35890,99.73,62.685883314086986,1.3325073046525246,0,20,4,500,100.0,100.0,98.93,100.0,0.0,0.0,0.0,0.0
671,35487,95.6,59.36108856159729,1.4100971142555172,0,21,4,500,99.03,93.12,100.0,90.23,0.0,0.0,0.0,0.0
672,33875,94.33,64.739854104789,1.4207558431575429,0,25,4,500,95.88,100.0,92.3,89.15,0.0,0.0,0.0,0.0
673,35890,99.17,62.080856062921626,1.3829148321237834,0,20,4,500,100.0,96.69,100.0,100.0,0.0,0.0,0.0,0.0
674,35890,100.0,64.92818026242733,1.3596750185183484,0,20,4,500,100.0,100.0,100.0,100.0,0.0,0.0,0.0,0.0
675,37099,100.0,62.79818953068845,1.3475669191077326,0,17,4,500,100.0,100.0,100.0,100.0,0.0,0.0,0.0,0.0
676,35084,85.81,59.8776011526153,1.4380382318784604,0,22,4,500,78.79,82.67,83.55,98.22,0.0,0.0,0.0,0.0
677,35487,100.0,64.07941866569297,1.3833748751070802,0,21,4,500,100.0,100.0,100.0,100.0,0.0,0.0,0.0,0.0
678,36293,90.85,63.02660338279285,1.34699732979952,0,19,4,500,96.77,83.54,96.29,86.79,0.0,0.0,0.0,0.0
679,35487,100.0,62.56312372518026,1.409661526818362,0,21,4,500,100.0,100.0,100.0,100.0,0.0,0.0,0.0,0.0
680,36293,99.71,62.39930539118958,1.451968570056947,0,19,4,500,100.0,100.0,100.0,98.83,0.0,0.0,0.0,0.0
681,38711,95.18,62.94470048407275,1.424934484730622,0,13,4,500,100.0,89.02,91.7,100.0,0.0,0.0,0.0,0.0
682,36293,100.0,61.06156079559321,1.5365022105181438,0,19,4,500,100.0,100.0,100.0,100.0,0.0,0.0,0.0,0.0
683,35487,99.67,63.53452860320812,1.334776564081018,0,21,4,500,98.67,100.0,100.0,100.0,0.0,0.0,0.0,0.0
684,37502,100.0,60.55465578708545,1.4885270611469716,0,16,4,500,100.0,100.0,100.0,100.0,0.0,0.0,0.0,0.0
685,35487,100.0,63.44080080725983,1.5101685896491908,0,21,4,500,100.0,100.0,100.0,100.0,0.0,0.0,0.0,0.0
686,35084,97.93,61.41741668138767,1.399807528137371,0,22,4,500,91.72,100.0,100.0,100.0,0.0,0.0,0.0,0.0
687,35487,85.46,62.98866212311082,1.3830264189019594,0,21,4,500,82.59,89.32,82.77,87.16,0.0,0.0,0.0,0.0
688,37502,100.0,62.41691797883937,1.4490545543535744,0,16,4,500,100.0,100.0,100.0,100.0,0.0,0.0,0.0,0.0
689,33875,97.93,63.17914385334933,1.3824207804913853,0,25,4,500,100.0,100.0,100.0,91.73,0.0,0.0,0.0,0.0
690,36293,99.46,62.13962570978519,1.4993995429440503,0,19,4,500,100.0,100.0,100.0,97.85,0.0,0.0,0.0,0.0
691,37502,99.5,62.793501643411126,1.4139652751074845,0,16,4,500,100.0,97.99,100.0,100.0,0.0,0.0,0.0,0.0
692,39517,98.45,63.8148621844132,1.3912309659371809,0,11,4,500,100.0,93.8,100.0,100.0,0.0,0.0,0.0,0.0
693,36293,99.19,64.18776486877823,1.3232845097993091,0,19,4,500,100.0,100.0,100.0,96.75,0.0,0.0,0.0,0.0
694,35487,100.0,63.77587154492274,1.426155188150536,0,21,4,500,100.0,100.0,100.0,100.0,0.0,0.0,0.0,0.0
695,35890,100.0,63.93877398388079,1.478231279384116,0,20,4,500,100.0,100.0,100.0,100.0,0.0,0.0,0.0,0.0
696,33875,84.75,58.035077310425166,1.3815219064337318,0,25,4,500,77.47,73.33,92.26,95.93,0.0,0.0,0.0,0.0
697,35487,97.66,61.5822311717791,1.38354318648482,0,21,4,500,100.0,90.62,100.0,100.0,0.0,0.0,0.0,0.0
698,33875,99.91,62.08824051788173,1.3649374800832064,0,25,4,500,100.0,99.63,100.0,100.0,0.0,0.0,0.0,0.0
699,35084,98.64,61.65035311166464,1.3791573825670094,0,22,4,500,100.0,97.45,100.0,97.1,0.0,0.0,0.0,0.0
700,34278,100.0,63.65942809729584,1.399464385268176,0,24,4,500,100.0,100.0,100.0,100.0,0.0,0.0,0.0,0.0
701,33875,98.52,65.28949546881041,1.4000937711439574,0,25,4,500,100.0,100.0,94.06,100.0,0.0,0.0,0.0,0.0
702,33875,98.54,62.49969312529532,1.3438292995570398,0,25,4,500,94.16,100.0,100.0,100.0,0.0,0.0,0.0,0.0
703,39114,100.0,66.43318188545425,1.39797425403436,0,12,4,500,100.0,100.0,100.0,100.0,0.0,0.0,0.0,0.0
704,36696,100.0,63.2219293055008,1.4444952718333772,0,18,4,500,100.0,100.0,100.0,100.0,0.0,0.0,0.0,0.0
705,34278,98.62,62.6724057385517,1.4015702910395345,0,24,4,500,100.0,100.0,100.0,94.47,0.0,0.0,0.0,0.0
706,35487,99.59,63.854831588936925,1.4835683223221103,0,21,4,500,100.0,98.35,100.0,100.0,0.0,0.0,0.0,0.0
707,38308,97.49,63.626719625188485,1.4418747181930758,0,14,4,500,100.0,100.0,89.96,100.0,0.0,0.0,0.0,0.0
708,37502,100.0,61.720417342024646,1.4138495697687523,0,16,4,500,100.0,100.0,100.0,100.0,0.0,0.0,0.0,0.0
709,35084,100.0,63.64066579941691,1.5978683719782516,0,22,4,500,100.0,100.0,100.0,100.0,0.0,0.0,0.0,0.0
710,35890,100.0,62.75373300893964,1.3755724633244468,0,20,4,500,100.0,100.0,100.0,100.0,0.0,0.0,0.0,0.0
711,37502,98.92,64.91820947316958,1.3830040149004454,0,16,4,500,95.68,100.0,100.0,100.0,0.0,0.0,0.0,0.0
712,36293,100.0,62.79531772190786,1.4311941989350598,0,19,4,500,100.0,100.0,100.0,100.0,0.0,0.0,0.0,0.0
713,36696,98.82,62.47188720620545,1.3454117785744382,0,18,4,500,100.0,100.0,95.29,100.0,0.0,0.0,0.0,0.0
714,34681,86.07,68.33013131692701,1.443397984311504,0,23,4,500,91.12,84.63,81.28,87.27,0.0,0.0,0.0,0.0
715,34681,100.0,63.92382541716624,1.423862271975609,0,23,4,500,100.0,100.0,100.0,100.0,0.0,0.0,0.0,0.0
716,33875,100.0,64.50832787070256,1.3888909101798523,0,25,4,500,100.0,100.0,100.0,100.0,0.0,0.0,0.0,0.0
717,37099,98.58,62.90203370971852,1.40824337093038,0,17,4,500,100.0,100.0,94.34,100.0,0.0,0.0,0.0,0.0
718,36696,100.0,64.91559983743332,1.421963672113149,0,18,4,500,100.0,100.0,100.0,100.0,0.0,0.0,0.0,0.0
719,35487,100.0,64.67790641553151,1.3609705909087648,0,21,4,500,100.0,100.0,100.0,100.0,0.0,0.0,0.0,0.0
720,37099,100.0,62.96121949572424,1.4021425858958172,0,17,4,500,100.0,100.0,100.0,100.0,0.0,0.0,0.0,0.0
721,35084,99.6,62.2424152521645,1.4254510952526225,0,22,4,500,100.0,100.0,100.0,98.42,0.0,0.0,0.0,0.0
722,35084,100.0,63.95053297256056,1.4569419969215054,0,22,4,500,100.0,100.0,100.0,100.0,0.0,0.0,0.0,0.0
723,33875,99.16,66.09638131358632,1.3465045799588842,0,25,4,500,100.0,100.0,100.0,96.63,0.0,0.0,0.0,0.0
724,34681,99.09,62.266049624895295,1.4478605261886188,0,23,4,500,100.0,96.37,100.0,100.0,0.0,0.0,0.0,0.0
725,33875,100.0,63.85309206445547,1.401005767932929,0,25,4,500,100.0,100.0,100.0,100.0,0.0,0.0,0.0,0.0
726,36696,98.02,64.6227023266777,1.3907347042535605,0,18,4,500,97.46,100.0,97.37,97.25,0.0,0.0,0.0,0.0
727,35890,99.22,65.8714016280632,1.3936056599653304,0,20,4,500,100.0,100.0,96.9,100.0,0.0,0.0,0.0,0.0
728,36293,100.0,62.53515923879483,1.358521811579798,0,19,4,500,100.0,100.0,100.0,100.0,0.0,0.0,0.0,0.0
729,37502,99.8,65.37820202663251,1.4189230598496916,0,16,4,500,100.0,99.18,100.0,100.0,0.0,0.0,0.0,0.0
730,36696,96.7,64.24049981027456,1.379945871682018,0,18,4,500,96.03,95.84,94.94,100.0,0.0,0.0,0.0,0.0
731,35084,98.96,63.43517016427382,1.383608178160696,0,22,4,500,100.0,95.85,100.0,100.0,0.0,0.0,0.0,0.0
732,33875,100.0,63.286557682031486,1.4387247228934563,0,25,4,500,100.0,100.0,100.0,100.0,0.0,0.0,0.0,0.0
733,34681,100.0,63.13519043683793,1.476132820543679,0,23,4,500,100.0,100.0,100.0,100.0,0.0,0.0,0.0,0.0
734,33875,100.0,64.12974674588891,1.4414063869148386,0,25,4,500,100.0,100.0,100.0,100.0,0.0,0.0,0.0,0.0
735,36696,87.84,64.23497038429859,1.439624454043905,0,18,4,500,90.23,76.53,100.0,84.58,0.0,0.0,0.0,0.0
736,36293,100.0,64.73472793808018,1.3531598598045975,0,19,4,500,100.0,100.0,100.0,100.0,0.0,0.0,0.0,0.0
737,33875,100.0,63.03568286904428,1.4248234659317611,0,25,4,500,100.0,100.0,100.0,100.0,0.0,0.0,0.0,0.0
738,36696,91.86,63.13394689283104,1.4144502620289587,0,18,4,500,84.47,100.0,97.99,84.99,0.0,0.0,0.0,0.0
739,35487,98.65,62.25308402947925,1.372855683721642,0,21,4,500,100.0,97.36,98.86,98.37,0.0,0.0,0.0,0.0
740,36293,98.65,62.3880175339311,1.410954136477535,0,19,4,500,94.61,100.0,100.0,100.0,0.0,0.0,0.0,0.0
741,35084,100.0,62.81557155074508,1.3553790260876797,0,22,4,500,100.0,100.0,100.0,100.0,0.0,0.0,0.0,0.0
742,34278,100.0,60.71939397562086,1.361159100420409,0,24,4,500,100.0,100.0,100.0,100.0,0.0,0.0,0.0,0.0
743,36696,98.27,61.61881799241716,1.449061880279867,0,18,4,500,100.0,100.0,100.0,93.09,0.0,0.0,0.0,0.0
744,37099,99.36,66.42661347572093,1.397756433717484,0,17,4,500,97.45,100.0,100.0,100.0,0.0,0.0,0.0,0.0
745,36293,99.63,62.726263409704494,1.4854024763990972,0,19,4,500,100.0,100.0,98.53,100.0,0.0,0.0,0.0,0.0
746,36293,93.58,63.45069735351949,1.477964249841567,0,19,4,500,100.0,100.0,80.72,93.6,0.0,0.0,0.0,0.0
747,34278,100.0,62.93800773655951,1.478472245288669,0,24,4,500,100.0,100.0,100.0,100.0,0.0,0.0,0.0,0.0
748,33875,100.0,63.4537110844466,1.423956143678262,0,25,4,500,100.0,100.0,100.0,100.0,0.0,0.0,0.0,0.0
749,37905,100.0,64.50984366339024,1.40478514073936,0,15,4,500,100.0,100.0,100.0,100.0,0.0,0.0,0.0,0.0
750,36696,100.0,66.64517887607674,1.431676083166442,0,18,4,500,100.0,100.0,100.0,100.0,0.0,0.0,0.0,0.0
751,35487,98.78,63.906678198811534,1.4022872179481545,0,21,4,500,100.0,100.0,100.0,95.11,0.0,0.0,0.0,0.0
752,33875,99.16,63.2275214145468,1.4517091067176282,0,25,4,500,100.0,100.0,96.64,100.0,0.0,0.0,0.0,0.0
753,36293,99.13,63.7465644908458,1.4073234982192313,0,19,4,500,96.52,100.0,100.0,100.0,0.0,0.0,0.0,0.0
754,34681,92.83,63.95060390592738,1.3855089849971285,0,23,4,500,96.02,98.07,94.94,82.29,0.0,0.0,0.0,0.0
755,37502,93.12,64.01172468480934,1.4870909512945367,0,16,4,500,85.96,100.0,100.0,86.52,0.0,0.0,0.0,0.0
756,36293,100.0,62.27638826240045,1.4262620183164725,0,19,4,500,100.0,100.0,100.0,100.0,0.0,0.0,0.0,0.0
757,33875,99.76,63.36980893003144,1.4495878045736164,0,25,4,500,100.0,100.0,99.03,100.0,0.0,0.0,0.0,0.0
758,35487,95.82,62.52473806955381,1.3871040854659793,0,21,4,500,96.32,86.97,100.0,100.0,0.0,0.0,0.0,0.0
759,35487,100.0,62.493566379538194,1.4209262163683976,0,21,4,500,100.0,100.0,100.0,100.0,0.0,0.0,0.0,0.0
760,37905,100.0,61.89679126465391,1.32361258760131,0,15,4,500,100.0,100.0,100.0,100.0,0.0,0.0,0.0,0.0
761,37502,100.0,63.41710996768714,1.405565464121714,0,16,4,500,100.0,100.0,100.0,100.0,0.0,0.0,0.0,0.0
762,37502,100.0,63.84051239664743,1.3910902173812107,0,16,4,500,100.0,100.0,100.0,100.0,0.0,0.0,0.0,0.0
763,35487,100.0,63.85897621055596,1.4281959605968113,0,21,4,500,100.0,100.0,100.0,100.0,0.0,0.0,0.0,0.0
764,35084,97.54,62.536981341270334,1.3711550592386217,0,22,4,500,100.0,94.95,100.0,95.21,0.0,0.0,0.0,0.0
765,34278,96.98,61.14969544354895,1.4597646120411412,0,24,4,500,100.0,87.93,100.0,100.0,0.0,0.0,0.0,0.0
766,34278,100.0,60.80737033746958,1.3705042261952505,0,24,4,500,100.0,100.0,100.0,100.0,0.0,0.0,0.0,0.0
767,35890,95.74,64.71077767284399,1.3791447468160003,0,20,4,500,91.47,100.0,100.0,91.47,0.0,0.0,0.0,0.0
768,37099,100.0,64.8214248005386,1.422002440558532,0,17,4,500,100.0,100.0,100.0,100.0,0.0,0.0,0.0,0.0
769,38308,94.66,62.98218421105215,1.4210537559654182,0,14,4,500,98.8,100.0,92.98,86.88,0.0,0.0,0.0,0.0
770,35084,99.38,61.19754084311428,1.4055572330454238,0,22,4,500,100.0,100.0,100.0,97.54,0.0,0.0,0.0,0.0
771,37099,99.7,62.72246132651648,1.429536551426412,0,17,4,500,100.0,98.79,100.0,100.0,0.0,0.0,0.0,0.0
772,36293,99.39,61.53838838253393,1.4535904911279212,0,19,4,500,100.0,100.0,100.0,97.55,0.0,0.0,0.0,0.0
773,33875,99.9,63.55785061179979,1.4456586043573725,0,25,4,500,100.0,99.97,99.62,100.0,0.0,0.0,0.0,0.0
774,36696,100.0,66.0157104092784,1.3575127695450484,0,18,4,500,100.0,100.0,100.0,100.0,0.0,0.0,0.0,0.0
775,36293,100.0,63.64412088740413,1.414125388104342,0,19,4,500,100.0,100.0,100.0,100.0,0.0,0.0,0.0,0.0
776,35084,100.0,62.50304853167328,1.4542183202471113,0,22,4,500,100.0,100.0,100.0,100.0,0.0,0.0,0.0,0.0
777,37905,99.76,66.68497345652897,1.4329619157315447,0,15,4,500,99.03,100.0,100.0,100.0,0.0,0.0,0.0,0.0
778,35890,92.1,59.72455656457498,1.3750875568973904,0,20,4,500,100.0,96.47,86.54,85.38,0.0,0.0,0.0,0.0
779,36696,100.0,59.39336033471567,1.3875754594038583,0,18,4,500,100.0,100.0,100.0,100.0,0.0,0.0,0.0,0.0
780,35084,99.5,64.3062771164466,1.3381392623494937,0,22,4,500,100.0,98.02,100.0,100.0,0.0,0.0,0.0,0.0
781,36293,98.49,62.03240587920597,1.393228876574138,0,19,4,500,100.0,99.85,94.11,100.0,0.0,0.0,0.0,0.0
782,34278,100.0,64.76121755079656,1.4024622834776574,0,24,4,500,100.0,100.0,100.0,100.0,0.0,0.0,0.0,0.0
783,35084,83.21,65.02300693184576,1.3605226318770234,0,22,4,500,81.5,83.81,76.34,91.2,0.0,0.0,0.0,0.0
784,38308,100.0,65.0130511782654,1.4621025242605965,0,14,4,500,100.0,100.0,100.0,100.0,0.0,0.0,0.0,0.0
785,35890,100.0,64.41395021477442,1.463955445861452,0,20,4,500,100.0,100.0,100.0,100.0,0.0,0.0,0.0,0.0
786,33875,100.0,61.54007530651633,1.3042547992149582,0,25,4,500,100.0,100.0,100.0,100.0,0.0,0.0,0.0,0.0
787,33875,98.46,63.87410682989239,1.4174505286630534,0,25,4,500,97.29,100.0,96.55,100.0,0.0,0.0,0.0,0.0
788,33875,100.0,63.68025123607448,1.4577616464726049,0,25,4,500,100.0,100.0,100.0,100.0,0.0,0.0,0.0,0.0
789,35487,99.64,62.38640498655797,1.3598829608043377,0,21,4,500,98.55,100.0,100.0,100.0,0.0,0.0,0.0,0.0
790,34681,99.26,62.67170699107312,1.433346504658476,0,23,4,500,100.0,100.0,100.0,97.06,0.0,0.0,0.0,0.0
791,35084,98.96,62.95602439392309,1.4155631974418208,0,22,4,500,100.0,95.82,100.0,100.0,0.0,0.0,0.0,0.0
792,39114,100.0,62.6332281734602,1.3740502897156683,0,12,4,500,100.0,100.0,100.0,100.0,0.0,0.0,0.0,0.0
793,38308,97.49,62.726946615646376,1.4145196892463352,0,14,4,500,100.0,89.97,100.0,100.0,0.0,0.0,0.0,0.0
794,33875,100.0,63.64296142793137,1.4035274153923372,0,25,4,500,100.0,100.0,100.0,100.0,0.0,0.0,0.0,0.0
795,37099,98.3,64.40410995930803,1.3185690975357225,0,17,4,500,100.0,100.0,95.03,98.16,0.0,0.0,0.0,0.0
796,36696,99.14,65.46225561689464,1.4326704136720156,0,18,4,500,100.0,100.0,100.0,96.56,0.0,0.0,0.0,0.0
797,34681,98.88,62.95062471149867,1.3795624223989231,0,23,4,500,100.0,100.0,100.0,95.5,0.0,0.0,0.0,0.0
798,37099,99.88,64.99335073289812,1.4234736158558832,0,17,4,500,100.0,100.0,100.0,99.53,0.0,0.0,0.0,0.0
799,33875,100.0,64.18128457204024,1.4167198506302274,0,25,4,500,100.0,100.0,100.0,100.0,0.0,0.0,0.0,0.0
800,35890,100.0,64.28572869738822,1.4638485597127258,0,20,4,500,100.0,100.0,100.0,100.0,0.0,0.0,0.0,0.0
801,36696,84.47,63.57516008111384,1.4153650677942549,0,18,4,500,92.2,81.56,93.35,70.76,0.0,0.0,0.0,0.0
802,34278,100.0,62.17898543756177,1.365160688186979,0,24,4,500,100.0,100.0,100.0,100.0,0.0,0.0,0.0,0.0
803,34681,79.32,64.1248947704631,1.3373987813460797,0,23,4,500,84.66,69.02,75.63,87.97,0.0,0.0,0.0,0.0
804,36696,100.0,61.518680240477465,1.3591289736169276,0,18,4,500,100.0,100.0,100.0,100.0,0.0,0.0,0.0,0.0
805,37905,100.0,64.02182498200811,1.431996695624549,0,15,4,500,100.0,100.0,100.0,100.0,0.0,0.0,0.0,0.0
806,35487,100.0,65.70876798112369,1.4112817879461197,0,21,4,500,100.0,100.0,100.0,100.0,0.0,0.0,0.0,0.0
807,33875,86.58,61.7365669352233,1.4424466521690598,0,25,4,500,95.76,89.17,76.47,84.92,0.0,0.0,0.0,0.0
808,35487,100.0,65.8064644886087,1.471642090446944,0,21,4,500,100.0,100.0,100.0,100.0,0.0,0.0,0.0,0.0
809,36696,99.26,63.37421185639955,1.4323621736101222,0,18,4,500,100.0,97.03,100.0,100.0,0.0,0.0,0.0,0.0
810,36696,100.0,60.85600146368712,1.3927567520193855,0,18,4,500,100.0,100.0,100.0,100.0,0.0,0.0,0.0,0.0
811,35890,100.0,65.36820365424367,1.3982425240773542,0,20,4,500,100.0,100.0,100.0,100.0,0.0,0.0,0.0,0.0
812,35084,100.0,61.78561231512338,1.3567897987676802,0,22,4,500,100.0,100.0,100.0,100.0,0.0,0.0,0.0,0.0
813,35084,100.0,65.69142724503135,1.3791161301440835,0,22,4,500,100.0,100.0,100.0,100.0,0.0,0.0,0.0,0.0
814,38308,100.0,63.40170965216686,1.3889826618421064,0,14,4,500,100.0,100.0,100.0,100.0,0.0,0.0,0.0,0.0
815,35890,100.0,64.85306877320163,1.4165168366471437,0,20,4,500,100.0,100.0,100.0,100.0,0.0,0.0,0.0,0.0
816,37502,99.36,64.32871769723181,1.385444391945572,0,16,4,500,100.0,97.44,100.0,100.0,0.0,0.0,0.0,0.0
817,38308,98.38,60.132666058444144,1.4023193432511585,0,14,4,500,93.54,100.0,100.0,100.0,0.0,0.0,0.0,0.0
818,35084,99.59,64.22066701338568,1.3518159732072397,0,22,4,500,100.0,98.37,100.0,100.0,0.0,0.0,0.0,0.0
819,34278,96.07,65.81396271860207,1.371620313500564,0,24,4,500,93.18,100.0,100.0,91.1,0.0,0.0,0.0,0.0
820,35890,97.64,59.899362328195735,1.3947161706474107,0,20,4,500,100.0,100.0,90.57,100.0,0.0,0.0,0.0,0.0
821,35487,99.94,68.78687339086805,1.4763964256623716,0,21,4,500,100.0,100.0,99.74,100.0,0.0,0.0,0.0,0.0
822,36696,100.0,64.49878374029531,1.37984145353118,0,18,4,500,100.0,100.0,100.0,100.0,0.0,0.0,0.0,0.0
823,36696,99.9,62.431213848482486,1.485166239852409,0,18,4,500,100.0,100.0,99.59,100.0,0.0,0.0,0.0,0.0
824,38308,100.0,62.48844362340952,1.4020907653278143,0,14,4,500,100.0,100.0,100.0,100.0,0.0,0.0,0.0,0.0
825,35890,92.88,64.82998224323323,1.4256701840190102,0,20,4,500,83.94,100.0,88.32,99.24,0.0,0.0,0.0,0.0
826,35890,100.0,64.07164100413284,1.3620495982148852,0,20,4,500,100.0,100.0,100.0,100.0,0.0,0.0,0.0,0.0
827,33875,99.05,65.22675283445605,1.4473482595514544,0,25,4,500,96.19,100.0,100.0,100.0,0.0,0.0,0.0,0.0
828,33875,100.0,63.13240521085049,1.465443762772091,0,25,4,500,100.0,100.0,100.0,100.0,0.0,0.0,0.0,0.0
829,39517,96.4,65.16353970361966,1.4222215211475178,0,11,4,500,93.15,100.0,100.0,92.44,0.0,0.0,0.0,0.0
830,38308,100.0,61.68337037422174,1.421828791572936,0,14,4,500,100.0,100.0,100.0,100.0,0.0,0.0,0.0,0.0
831,36696,100.0,62.19103088982472,1.4491532099305895,0,18,4,500,100.0,100.0,100.0,100.0,0.0,0.0,0.0,0.0
832,37099,100.0,61.80513880444792,1.3334621196008474,0,17,4,500,100.0,100.0,100.0,100.0,0.0,0.0,0.0,0.0
833,35487,100.0,65.09405867123765,1.389861229880709,0,21,4,500,100.0,100.0,100.0,100.0,0.0,0.0,0.0,0.0
834,36696,100.0,63.08832484903356,1.3952146366385911,0,18,4,500,100.0,100.0,100.0,100.0,0.0,0.0,0.0,0.0
835,36696,99.1,66.17318556372139,1.4487706691461115,0,18,4,500,96.38,100.0,100.0,100.0,0.0,0.0,0.0,0.0
836,35084,98.14,62.58190895618685,1.4092451095127554,0,22,4,500,98.9,98.28,95.39,100.0,0.0,0.0,0.0,0.0
837,36293,100.0,62.43529739751589,1.3705897144450847,0,19,4,500,100.0,100.0,100.0,100.0,0.0,0.0,0.0,0.0
838,40323,100.0,64.46569263029922,1.439831663173422,0,9,4,500,100.0,100.0,100.0,100.0,0.0,0.0,0.0,0.0
839,35487,100.0,62.3924705208234,1.4719289287852897,0,21,4,500,100.0,100.0,100.0,100.0,0.0,0.0,0.0,0.0
840,35890,97.49,60.32932149908374,1.4415503719554357,0,20,4,500,100.0,90.53,100.0,99.44,0.0,0.0,0.0,0.0
841,33875,100.0,63.82471100390453,1.4579071091956717,0,25,4,500,100.0,100.0,100.0,100.0,0.0,0.0,0.0,0.0
842,36293,99.82,64.68250096301666,1.3856994906205975,0,19,4,500,100.0,100.0,100.0,99.29,0.0,0.0,0.0,0.0
843,35890,100.0,63.82350164312663,1.441151711629513,0,20,4,500,100.0,100.0,100.0,100.0,0.0,0.0,0.0,0.0
844,33875,97.26,62.12221399855075,1.3323011312039577,0,25,4,500,98.7,90.35,100.0,100.0,0.0,0.0,0.0,0.0
845,33875,100.0,65.39005594674533,1.2920578709759185,0,25,4,500,100.0,100.0,100.0,100.0,0.0,0.0,0.0,0.0
846,37099,92.29,64.69036910923396,1.3864107276949589,0,17,4,500,100.0,83.47,92.87,92.83,0.0,0.0,0.0,0.0
847,35890,99.05,62.46872186448647,1.3722453764024043,0,20,4,500,96.2,100.0,100.0,100.0,0.0,0.0,0.0,0.0
848,37099,100.0,63.5689077511425,1.363513942722124,0,17,4,500,100.0,100.0,100.0,100.0,0.0,0.0,0.0,0.0
849,35487,100.0,62.9204095684042,1.362716194756472,0,21,4,500,100.0,100.0,100.0,100.0,0.0,0.0,0.0,0.0
850,38308,100.0,62.55623415325743,1.4514109944312004,0,14,4,500,100.0,100.0,100.0,100.0,0.0,0.0,0.0,0.0
851,36293,99.05,63.40264267920222,1.347844610250163,0,19,4,500,100.0,96.19,100.0,100.0,0.0,0.0,0.0,0.0
852,34278,99.98,63.250981459193255,1.427695435555192,0,24,4,500,100.0,99.94,100.0,100.0,0.0,0.0,0.0,0.0
853,33875,99.38,61.801327312871095,1.3014514931540258,0,25,4,500,100.0,100.0,100.0,97.5,0.0,0.0,0.0,0.0
854,38308,100.0,62.07680246115019,1.377947829629017,0,14,4,500,100.0,100.0,100.0,100.0,0.0,0.0,0.0,0.0
855,33875,100.0,64.20919920298707,1.3876383813078594,0,25,4,500,100.0,100.0,100.0,100.0,0.0,0.0,0.0,0.0
856,36696,100.0,61.69860650245068,1.3749655723824925,0,18,4,500,100.0,100.0,100.0,100.0,0.0,0.0,0.0,0.0
857,35487,97.49,65.28589281749655,1.3363182318012374,0,21,4,500,96.6,100.0,100.0,93.37,0.0,0.0,0.0,0.0
858,36293,96.88,63.8560932958731,1.4105652534362976,0,19,4,500,90.36,100.0,97.14,100.0,0.0,0.0,0.0,0.0
859,35487,94.51,62.84603482308586,1.3571859116258245,0,21,4,500,91.48,96.82,89.75,100.0,0.0,0.0,0.0,0.0
860,34681,100.0,64.29594593577946,1.2793855202520057,0,23,4,500,100.0,100.0,100.0,100.0,0.0,0.0,0.0,0.0
861,34278,96.14,62.42186328994098,1.391245319012225,0,24,4,500,93.63,98.97,91.95,100.0,0.0,0.0,0.0,0.0
862,35890,100.0,63.49071182498748,1.361190923377679,0,20,4,500,100.0,100.0,100.0,100.0,0.0,0.0,0.0,0.0
863,37099,100.0,62.32474767444896,1.4480016272628973,0,17,4,500,100.0,100.0,100.0,100.0,0.0,0.0,0.0,0.0
864,37099,98.71,65.0804727543136,1.3639283363474752,0,17,4,500,100.0,94.84,100.0,100.0,0.0,0.0,0.0,0.0
865,36696,99.14,65.7585413217344,1.3064371382794089,0,18,4,500,100.0,96.56,100.0,100.0,0.0,0.0,0.0,0.0
866,36293,99.5,63.206779203438735,1.4363903589311702,0,19,4,500,98.02,100.0,100.0,100.0,0.0,0.0,0.0,0.0
867,38308,100.0,62.31784876196946,1.5209214816771284,0,14,4,500,100.0,100.0,100.0,100.0,0.0,0.0,0.0,0.0
868,35084,96.51,63.00349939556441,1.3841197346823546,0,22,4,500,100.0,100.0,98.07,87.98,0.0,0.0,0.0,0.0
869,36293,99.92,65.91767117931909,1.3940622689890592,0,19,4,500,100.0,100.0,99.68,100.0,0.0,0.0,0.0,0.0
870,37502,100.0,64.756144365497,1.384153129301153,0,16,4,500,100.0,100.0,100.0,100.0,0.0,0.0,0.0,0.0
871,36696,100.0,66.49614610929662,1.4079093892566916,0,18,4,500,100.0,100.0,100.0,100.0,0.0,0.0,0.0,0.0
872,33875,100.0,61.80668252894764,1.46685887015934,0,25,4,500,100.0,100.0,100.0,100.0,0.0,0.0,0.0,0.0
873,36696,100.0,62.970230617844045,1.4225523986741873,0,18,4,500,100.0,100.0,100.0,100.0,0.0,0.0,0.0,0.0
874,36293,98.75,64.82610345586029,1.339614275137537,0,19,4,500,100.0,100.0,94.99,100.0,0.0,0.0,0.0,0.0
875,33875,100.0,65.09773920471913,1.4312636997196504,0,25,4,500,100.0,100.0,100.0,100.0,0.0,0.0,0.0,0.0
876,38308,99.81,64.27660970651344,1.402109831841016,0,14,4,500,100.0,99.23,100.0,100.0,0.0,0.0,0.0,0.0
877,35084,100.0,61.61668215454492,1.4350003362407835,0,22,4,500,100.0,100.0,100.0,100.0,0.0,0.0,0.0,0.0
878,33875,100.0,64.11153304317081,1.29043815820588,0,25,4,500,100.0,100.0,100.0,100.0,0.0,0.0,0.0,0.0
879,36696,97.85,63.97937339518362,1.4276637400222998,0,18,4,500,100.0,93.69,97.71,100.0,0.0,0.0,0.0,0.0
880,37502,100.0,62.68301795535759,1.2510150451225526,0,16,4,500,100.0,100.0,100.0,100.0,0.0,0.0,0.0,0.0
881,35890,98.61,65.08756250823251,1.4446156758226547,0,20,4,500,100.0,94.43,100.0,100.0,0.0,0.0,0.0,0.0
882,35084,100.0,66.37303061762698,1.477891984621975,0,22,4,500,100.0,100.0,100.0,100.0,0.0,0.0,0.0,0.0
883,38711,88.76,64.4668144988356,1.411564468544568,0,13,4,500,89.91,90.92,97.53,76.7,0.0,0.0,0.0,0.0
884,39517,97.4,65.07146508927951,1.4873530242748598,0,11,4,500,89.62,100.0,100.0,100.0,0.0,0.0,0.0,0.0
885,34278,97.53,64.15167049645973,1.333380391291089,0,24,4,500,91.55,100.0,100.0,98.57,0.0,0.0,0.0,0.0
886,36293,100.0,62.42857614223195,1.4130317408228112,0,19,4,500,100.0,100.0,100.0,100.0,0.0,0.0,0.0,0.0
887,34681,100.0,63.8253061146449,1.4452347555354388,0,23,4,500,100.0,100.0,100.0,100.0,0.0,0.0,0.0,0.0
888,36293,99.26,66.1928796854927,1.3683771452277105,0,19,4,500,97.02,100.0,100.0,100.0,0.0,0.0,0.0,0.0
889,35084,93.12,61.39294028066236,1.371309147577591,0,22,4,500,100.0,100.0,88.49,84.01,0.0,0.0,0.0,0.0
890,35890,100.0,64.4798938953142,1.3830749237722015,0,20,4,500,100.0,100.0,100.0,100.0,0.0,0.0,0.0,0.0
891,38711,100.0,63.05822866507672,1.4743652887001892,0,13,4,500,100.0,100.0,100.0,100.0,0.0,0.0,0.0,0.0
892,37502,100.0,62.21839341581924,1.4181323630156897,0,16,4,500,100.0,100.0,100.0,100.0,0.0,0.0,0.0,0.0
893,37502,97.97,64.85489008054863,1.367575130700976,0,16,4,500,95.25,100.0,100.0,96.62,0.0,0.0,0.0,0.0
894,43836,100.0,63.31156494492339,1.3643880212135855,2,8,4,500,100.0,100.0,100.0,100.0,0.0,0.0,0.0,0.0
895,34278,99.62,63.28933910468948,1.362415473367988,0,24,4,500,100.0,100.0,100.0,98.49,0.0,0.0,0.0,0.0
896,33875,98.26,64.45856840927591,1.3527219015786325,0,25,4,500,100.0,100.0,93.05,100.0,0.0,0.0,0.0,0.0
897,36293,98.37,61.252466115331146,1.2939572053164825,0,19,4,500,100.0,100.0,93.48,100.0,0.0,0.0,0.0,0.0
898,39517,99.57,62.16090837706104,1.353051145197978,0,11,4,500,100.0,98.29,100.0,100.0,0.0,0.0,0.0,0.0
899,35890,100.0,65.10838412890938,1.36216395191056,0,20,4,500,100.0,100.0,100.0,100.0,0.0,0.0,0.0,0.0
900,34278,100.0,64.09973697703705,1.372776146425707,0,24,4,500,100.0,100.0,100.0,100.0,0.0,0.0,0.0,0.0
901,36696,96.75,67.88909497154218,1.3627505218974452,0,18,4,500,100.0,95.35,100.0,91.65,0.0,0.0,0.0,0.0
902,37905,100.0,64.33050939424984,1.407081953078628,0,15,4,500,100.0,100.0,100.0,100.0,0.0,0.0,0.0,0.0
903,36696,100.0,61.25937102535113,1.399255489313906,0,18,4,500,100.0,100.0,100.0,100.0,0.0,0.0,0.0,0.0
904,37502,100.0,63.54458459403008,1.4339664379757648,0,16,4,500,100.0,100.0,100.0,100.0,0.0,0.0,0.0,0.0
905,36293,89.03,63.949690974497,1.416379817071674,0,19,4,500,100.0,83.58,86.31,86.23,0.0,0.0,0.0,0.0
906,39114,82.41,62.95388809845724,1.3807222881144436,0,12,4,500,78.32,88.43,89.6,73.29,0.0,0.0,0.0,0.0
907,36696,100.0,62.38808435427424,1.352537129307857,0,18,4,500,100.0,100.0,100.0,100.0,0.0,0.0,0.0,0.0
908,37905,98.82,63.743229875261626,1.34156911484124,0,15,4,500,100.0,95.3,100.0,100.0,0.0,0.0,0.0,0.0
909,33875,100.0,64.08920414131588,1.5031155329148216,0,25,4,500,100.0,100.0,100.0,100.0,0.0,0.0,0.0,0.0
910,39114,100.0,64.7174102261979,1.426817372435324,0,12,4,500,100.0,100.0,100.0,100.0,0.0,0.0,0.0,0.0
911,37099,100.0,64.4806165174308,1.3682371856971924,0,17,4,500,100.0,100.0,100.0,100.0,0.0,0.0,0.0,0.0
912,38308,92.64,66.19809719157821,1.3905236618413732,0,14,4,500,80.09,99.59,93.61,97.28,0.0,0.0,0.0,0.0
913,35890,99.24,60.371302026818206,1.3276372494448534,0,20,4,500,96.95,100.0,100.0,100.0,0.0,0.0,0.0,0.0
914,34278,100.0,62.86936859251799,1.2834256372842092,0,24,4,500,100.0,100.0,100.0,100.0,0.0,0.0,0.0,0.0
915,35487,100.0,62.837163909950135,1.386131786377426,0,21,4,500,100.0,100.0,100.0,100.0,0.0,0.0,0.0,0.0
916,37905,100.0,63.50923698134402,1.4496360975671243,0,15,4,500,100.0,100.0,100.0,100.0,0.0,0.0,0.0,0.0
917,36696,100.0,62.93698578937286,1.348933827739505,0,18,4,500,100.0,100.0,100.0,100.0,0.0,0.0,0.0,0.0
918,39114,100.0,63.22912295829057,1.2611189630499968,0,12,4,500,100.0,100.0,100.0,100.0,0.0,0.0,0.0,0.0
919,34278,100.0,65.90069249429558,1.4197736476588616,0,24,4,500,100.0,100.0,100.0,100.0,0.0,0.0,0.0,0.0
920,37502,89.93,60.8792754025122,1.4215356657230689,0,16,4,500,94.63,98.28,83.54,83.26,0.0,0.0,0.0,0.0
921,36696,100.0,65.60689769958724,1.4396018366732333,0,18,4,500,100.0,100.0,100.0,100.0,0.0,0.0,0.0,0.0
922,36293,97.31,61.44550695500645,1.4147915456896567,0,19,4,500,100.0,93.13,96.1,100.0,0.0,0.0,0.0,0.0
923,35084,95.58,63.675745510394826,1.4839256945669417,0,22,4,500,96.34,100.0,95.13,90.86,0.0,0.0,0.0,0.0
924,37502,100.0,62.89141905847736,1.2757589764223831,0,16,4,500,100.0,100.0,100.0,100.0,0.0,0.0,0.0,0.0
925,35890,100.0,62.34446172275569,1.415717685148408,0,20,4,500,100.0,100.0,100.0,100.0,0.0,0.0,0.0,0.0
926,36696,99.87,63.50280059220157,1.3738179970069648,0,18,4,500,99.49,100.0,100.0,100.0,0.0,0.0,0.0,0.0
927,35084,97.76,61.528069515727296,1.4273895199167244,0,22,4,500,95.17,100.0,100.0,95.88,0.0,0.0,0.0,0.0
928,37502,99.98,64.49452383097804,1.4425905609354264,0,16,4,500,100.0,100.0,100.0,99.92,0.0,0.0,0.0,0.0
929,36293,99.54,63.01868487880508,1.406591243074501,0,19,4,500,98.14,100.0,100.0,100.0,0.0,0.0,0.0,0.0
930,35487,99.65,62.53647526385549,1.3375081010252463,0,21,4,500,100.0,100.0,98.6,100.0,0.0,0.0,0.0,0.0
931,37905,100.0,61.70898661734882,1.358930440832502,0,15,4,500,100.0,100.0,100.0,100.0,0.0,0.0,0.0,0.0
932,35487,100.0,64.26652765783705,1.4043583647099156,0,21,4,500,100.0,100.0,100.0,100.0,0.0,0.0,0.0,0.0
933,38711,100.0,65.6812153726924,1.4011540344742468,0,13,4,500,100.0,100.0,100.0,100.0,0.0,0.0,0.0,0.0
934,37905,95.06,63.30755532468168,1.3745528594878955,0,15,4,500,93.51,100.0,89.83,96.92,0.0,0.0,0.0,0.0
935,33875,100.0,61.938390577606825,1.3923430229937757,0,25,4,500,100.0,100.0,100.0,100.0,0.0,0.0,0.0,0.0
936,36293,98.64,63.42844628186017,1.365334725047587,0,19,4,500,100.0,100.0,94.58,100.0,0.0,0.0,0.0,0.0
937,35487,100.0,63.50048998415871,1.423111224133437,0,21,4,500,100.0,100.0,100.0,100.0,0.0,0.0,0.0,0.0
938,37502,100.0,63.04848748730782,1.3849606539887631,0,16,4,500,100.0,100.0,100.0,100.0,0.0,0.0,0.0,0.0
939,36293,81.01,65.66713091662042,1.36066227732304,0,19,4,500,79.52,82.34,76.49,85.67,0.0,0.0,0.0,0.0
940,35084,97.78,63.66171996738468,1.3124549444618514,0,22,4,500,91.14,100.0,100.0,100.0,0.0,0.0,0.0,0.0
941,37099,92.8,64.33219831865846,1.3297000875075744,0,17,4,500,93.78,98.76,90.06,88.61,0.0,0.0,0.0,0.0
942,34681,90.87,63.308643281200624,1.3338352682166976,0,23,4,500,95.77,100.0,86.94,80.77,0.0,0.0,0.0,0.0
943,36293,99.14,63.28535899389497,1.3541890724789625,0,19,4,500,100.0,97.2,100.0,99.36,0.0,0.0,0.0,0.0
944,36293,100.0,63.5520311853208,1.3954458295617158,0,19,4,500,100.0,100.0,100.0,100.0,0.0,0.0,0.0,0.0
945,38308,100.0,64.1832000777759,1.43311579539739,0,14,4,500,100.0,100.0,100.0,100.0,0.0,0.0,0.0,0.0
946,37099,90.79,62.77123560168198,1.398551894031721,0,17,4,500,93.46,93.13,86.49,90.1,0.0,0.0,0.0,0.0
947,35890,100.0,60.64680541161663,1.345538423398926,0,20,4,500,100.0,100.0,100.0,100.0,0.0,0.0,0.0,0.0
948,36293,95.01,63.45135018099504,1.4289951314727525,0,19,4,500,100.0,91.01,92.66,96.38,0.0,0.0,0.0,0.0
949,37502,90.9,60.94643688438882,1.435299085392513,0,16,4,500,85.06,90.27,92.81,95.46,0.0,0.0,0.0,0.0
950,36696,92.36,64.38366527529344,1.40967528580312,0,18,4,500,81.99,100.0,95.37,92.08,0.0,0.0,0.0,0.0
951,37099,100.0,63.312971541599225,1.404918089218428,0,17,4,500,100.0,100.0,100.0,100.0,0.0,0.0,0.0,0.0
952,35890,99.88,62.323393209265696,1.346475612879006,0,20,4,500,99.53,100.0,100.0,100.0,0.0,0.0,0.0,0.0
953,35890,100.0,66.13074290814234,1.3869572287739391,0,20,4,500,100.0,100.0,100.0,100.0,0.0,0.0,0.0,0.0
954,37905,100.0,63.58648903207777,1.443252872399082,0,15,4,500,100.0,100.0,100.0,100.0,0.0,0.0,0.0,0.0
955,37905,96.62,63.67195613957674,1.446284635885803,0,15,4,500,100.0,100.0,100.0,86.46,0.0,0.0,0.0,0.0
956,35084,100.0,64.41555798829856,1.4571133050764016,0,22,4,500,100.0,100.0,100.0,100.0,0.0,0.0,0.0,0.0
957,37099,96.93,62.7556523179806,1.4285315744754865,0,17,4,500,100.0,97.92,89.8,100.0,0.0,0.0,0.0,0.0
958,39517,94.81,63.88733670095498,1.4423661487434885,0,11,4,500,87.49,96.68,100.0,95.06,0.0,0.0,0.0,0.0
959,34278,99.8,62.964067294052064,1.3465375787122744,0,24,4,500,100.0,100.0,100.0,99.19,0.0,0.0,0.0,0.0
960,37502,97.63,63.04909273320275,1.3665081625315834,0,16,4,500,90.52,100.0,100.0,100.0,0.0,0.0,0.0,0.0
961,36696,100.0,62.89509489059618,1.3026737647272777,0,18,4,500,100.0,100.0,100.0,100.0,0.0,0.0,0.0,0.0
962,37905,100.0,61.17812070673944,1.4533630765027334,0,15,4,500,100.0,100.0,100.0,100.0,0.0,0.0,0.0,0.0
963,34278,100.0,63.23539625232959,1.379465951834499,0,24,4,500,100.0,100.0,100.0,100.0,0.0,0.0,0.0,0.0
964,37905,99.42,61.06377441146942,1.395747811122748,0,15,4,500,97.66,100.0,100.0,100.0,0.0,0.0,0.0,0.0
965,36293,96.03,63.56257760130043,1.3536334176429854,0,19,4,500,93.33,90.8,100.0,100.0,0.0,0.0,0.0,0.0
966,37099,100.0,63.8379444180121,1.3655344948577226,0,17,4,500,100.0,100.0,100.0,100.0,0.0,0.0,0.0,0.0
967,35890,78.5,63.383544481377406,1.4608415817188252,0,20,4,500,84.4,78.86,73.02,77.73,0.0,0.0,0.0,0.0
968,37099,100.0,66.05171904439051,1.3943342552085063,0,17,4,500,100.0,100.0,100.0,100.0,0.0,0.0,0.0,0.0
969,33875,100.0,62.67796640606234,1.4582218045035056,0,25,4,500,100.0,100.0,100.0,100.0,0.0,0.0,0.0,0.0
970,37905,99.22,62.49578888720752,1.397747824323494,0,15,4,500,96.86,100.0,100.0,100.0,0.0,0.0,0.0,0.0
971,35890,100.0,64.59280748102931,1.3756783446932943,0,20,4,500,100.0,100.0,100.0,100.0,0.0,0.0,0.0,0.0
972,38711,100.0,63.815942104855054,1.4036813537355366,0,13,4,500,100.0,100.0,100.0,100.0,0.0,0.0,0.0,0.0
973,37099,100.0,64.86165288626952,1.4339706185888903,0,17,4,500,100.0,100.0,100.0,100.0,0.0,0.0,0.0,0.0
974,36293,100.0,61.1697964059269,1.382909918935176,0,19,4,500,100.0,100.0,100.0,100.0,0.0,0.0,0.0,0.0
975,37502,100.0,65.75163758217238,1.302370251778325,0,16,4,500,100.0,100.0,100.0,100.0,0.0,0.0,0.0,0.0
976,39920,100.0,63.0131755555034,1.3897306125134203,0,10,4,500,100.0,100.0,100.0,100.0,0.0,0.0,0.0,0.0
977,37502,100.0,62.43639443157922,1.2889856122233754,0,16,4,500,100.0,100.0,100.0,100.0,0.0,0.0,0.0,0.0
978,36293,100.0,66.88779379463904,1.2749023481532291,0,19,4,500,100.0,100.0,100.0,100.0,0.0,0.0,0.0,0.0
979,35890,100.0,63.08252277350617,1.3350330198764124,0,20,4,500,100.0,100.0,100.0,100.0,0.0,0.0,0.0,0.0
980,38711,94.68,63.33629397238293,1.3122120618874464,0,13,4,500,98.44,97.9,100.0,82.37,0.0,0.0,0.0,0.0
981,37502,98.28,63.37237293547621,1.3315564633299606,0,16,4,500,100.0,100.0,94.65,98.48,0.0,0.0,0.0,0.0
982,36696,95.21,64.5453968041438,1.3171910067687596,0,18,4,500,100.0,87.28,93.57,100.0,0.0,0.0,0.0,0.0
983,35890,99.52,63.838538421598265,1.427692114660159,0,20,4,500,100.0,100.0,100.0,98.06,0.0,0.0,0.0,0.0
984,37099,99.11,65.26400777886916,1.320863889846913,0,17,4,500,97.45,100.0,100.0,99.0,0.0,0.0,0.0,0.0
985,36696,100.0,63.31301840062167,1.3517348562855234,0,18,4,500,100.0,100.0,100.0,100.0,0.0,0.0,0.0,0.0
986,35487,100.0,65.13240777951547,1.3187614726621808,0,21,4,500,100.0,100.0,100.0,100.0,0.0,0.0,0.0,0.0
987,36696,95.86,63.96775220295648,1.3570093867230142,0,18,4,500,89.38,94.2,99.87,100.0,0.0,0.0,0.0,0.0
988,36293,100.0,61.69404219351317,1.2654652742419858,0,19,4,500,100.0,100.0,100.0,100.0,0.0,0.0,0.0,0.0
989,37502,100.0,65.76053976759502,1.4624975905592763,0,16,4,500,100.0,100.0,100.0,100.0,0.0,0.0,0.0,0.0
990,37099,95.35,61.02004910524058,1.3524036497279823,0,17,4,500,100.0,100.0,91.43,89.96,0.0,0.0,0.0,0.0
991,34278,94.28,63.97948050600945,1.4235820043324012,0,24,4,500,87.23,100.0,100.0,89.88,0.0,0.0,0.0,0.0
992,37502,100.0,65.54452630417573,1.428681503078664,0,16,4,500,100.0,100.0,100.0,100.0,0.0,0.0,0.0,0.0
993,34681,99.23,63.87107421924698,1.4359726715885617,0,23,4,500,100.0,100.0,100.0,96.93,0.0,0.0,0.0,0.0
994,38711,99.1,65.7028941090142,1.357707037559624,0,13,4,500,100.0,100.0,96.38,100.0,0.0,0.0,0.0,0.0
995,38308,97.24,61.25610849310453,1.3194706706546704,0,14,4,500,97.66,93.09,98.2,100.0,0.0,0.0,0.0,0.0
996,37099,97.82,64.56296257505166,1.4424171121960438,0,17,4,500,100.0,100.0,100.0,91.29,0.0,0.0,0.0,0.0
997,37905,100.0,66.60442889796015,1.343606711592863,0,15,4,500,100.0,100.0,100.0,100.0,0.0,0.0,0.0,0.0
998,36293,99.93,63.77948380618162,1.3498935825802671,0,19,4,500,99.71,100.0,100.0,100.0,0.0,0.0,0.0,0.0
999,37099,100.0,62.57181339086999,1.4268416629143,0,17,4,500,100.0,100.0,100.0,100.0,0.0,0.0,0.0,0.0
1000,38711,86.26,65.44764242313758,1.2774111470708265,0,13,4,500,89.82,98.49,79.48,77.27,0.0,0.0,0.0,0.0
1001,36696,99.72,64.44199304448186,1.3554492694447644,0,18,4,500,100.0,98.89,100.0,100.0,0.0,0.0,0.0,0.0
1002,36696,99.91,62.85790156870233,1.34486524478082,0,18,4,500,100.0,100.0,100.0,99.65,0.0,0.0,0.0,0.0
1003,37099,100.0,62.03923604706972,1.329375091380726,0,17,4,500,100.0,100.0,100.0,100.0,0.0,0.0,0.0,0.0
1004,38308,100.0,66.03212847373514,1.3801072743327176,0,14,4,500,100.0,100.0,100.0,100.0,0.0,0.0,0.0,0.0
1005,37905,99.86,64.03383533992846,1.328930837709144,0,15,4,500,100.0,100.0,99.46,100.0,0.0,0.0,0.0,0.0
1006,37502,100.0,64.15458419036588,1.3985708941949233,0,16,4,500,100.0,100.0,100.0,100.0,0.0,0.0,0.0,0.0
1007,38308,100.0,63.87511849586168,1.3463640125915972,0,14,4,500,100.0,100.0,100.0,100.0,0.0,0.0,0.0,0.0
1008,37502,99.32,62.59508171237601,1.3714251809395526,0,16,4,500,100.0,100.0,100.0,97.29,0.0,0.0,0.0,0.0
1009,41166,100.0,61.182977410075566,1.3915684002865625,1,13,4,500,100.0,100.0,100.0,100.0,0.0,0.0,0.0,0.0
1010,37905,98.98,63.85797763620686,1.4651525149737636,0,15,4,500,100.0,100.0,100.0,95.9,0.0,0.0,0.0,0.0
1011,37502,100.0,65.78834876191168,1.4615498374841844,0,16,4,500,100.0,100.0,100.0,100.0,0.0,0.0,0.0,0.0
1012,38308,100.0,63.472280034896144,1.3557703360019706,0,14,4,500,100.0,100.0,100.0,100.0,0.0,0.0,0.0,0.0
1013,35084,100.0,63.11747417476901,1.4954275155391346,0,22,4,500,100.0,100.0,100.0,100.0,0.0,0.0,0.0,0.0
1014,37905,98.95,62.48964185564415,1.3602594926363702,0,15,4,500,100.0,100.0,95.8,100.0,0.0,0.0,0.0,0.0
1015,38711,97.86,64.21205992882834,1.3380868179537129,0,13,4,500,95.03,100.0,100.0,96.43,0.0,0.0,0.0,0.0
1016,39114,100.0,64.83196070734085,1.4134431188391874,0,12,4,500,100.0,100.0,100.0,100.0,0.0,0.0,0.0,0.0
1017,36293,99.78,63.727534838151016,1.2941062160012788,0,19,4,500,100.0,100.0,100.0,99.14,0.0,0.0,0.0,0.0
1018,38308,100.0,64.9339166478882,1.3580668145276693,0,14,4,500,100.0,100.0,100.0,100.0,0.0,0.0,0.0,0.0
1019,37099,98.23,64.56600794528549,1.3995992245403883,0,17,4,500,100.0,100.0,100.0,92.91,0.0,0.0,0.0,0.0
1020,37502,100.0,64.8833838460237,1.3832097659356193,0,16,4,500,100.0,100.0,100.0,100.0,0.0,0.0,0.0,0.0
1021,35487,99.43,67.49682605891401,1.3043183501158542,0,21,4,500,98.19,100.0,100.0,99.52,0.0,0.0,0.0,0.0
1022,38308,99.9,62.90475862951112,1.331972769216481,0,14,4,500,100.0,100.0,99.58,100.0,0.0,0.0,0.0,0.0
1023,37502,100.0,65.95706278245137,1.2968778465769732,0,16,4,500,100.0,100.0,100.0,100.0,0.0,0.0,0.0,0.0
1024,37905,94.92,61.71405330486823,1.3716240375457665,0,15,4,500,100.0,93.55,86.11,100.0,0.0,0.0,0.0,0.0
1025,39517,100.0,64.2362801614464,1.3478300765906337,0,11,4,500,100.0,100.0,100.0,100.0,0.0,0.0,0.0,0.0
1026,36696,99.93,63.66634255739674,1.3935215682516446,0,18,4,500,100.0,100.0,100.0,99.72,0.0,0.0,0.0,0.0
1027,38711,100.0,66.42873201875298,1.3853586295658704,0,13,4,500,100.0,100.0,100.0,100.0,0.0,0.0,0.0,0.0
1028,36696,99.98,63.83711371009005,1.3388096913996663,0,18,4,500,100.0,99.93,100.0,100.0,0.0,0.0,0.0,0.0
1029,37502,88.5,65.81310201866908,1.385575448086402,0,16,4,500,88.96,91.83,82.54,90.66,0.0,0.0,0.0,0.0
1030,34278,90.9,63.60535916128272,1.446171303479136,0,24,4,500,97.7,89.95,88.65,87.31,0.0,0.0,0.0,0.0
1031,34278,100.0,62.40738749154328,1.297933508885313,0,24,4,500,100.0,100.0,100.0,100.0,0.0,0.0,0.0,0.0
1032,37502,100.0,62.0803343602388,1.4230076783188117,0,16,4,500,100.0,100.0,100.0,100.0,0.0,0.0,0.0,0.0
1033,37502,94.65,62.648642372502486,1.3400179387443436,0,16,4,500,91.3,96.75,95.21,95.34,0.0,0.0,0.0,0.0
1034,39114,100.0,64.49372783128031,1.3767699438533008,0,12,4,500,100.0,100.0,100.0,100.0,0.0,0.0,0.0,0.0
1035,37905,100.0,62.29462283618509,1.3676012385625924,0,15,4,500,100.0,100.0,100.0,100.0,0.0,0.0,0.0,0.0
1036,35890,99.36,63.88174860904636,1.3955367499711024,0,20,4,500,100.0,100.0,97.46,100.0,0.0,0.0,0.0,0.0
1037,37099,100.0,62.04712744878308,1.3082541143869453,0,17,4,500,100.0,100.0,100.0,100.0,0.0,0.0,0.0,0.0
1038,38711,100.0,65.0093683134618,1.3982859827002725,0,13,4,500,100.0,100.0,100.0,100.0,0.0,0.0,0.0,0.0
1039,39114,100.0,64.80648869831403,1.318331047690254,0,12,4,500,100.0,100.0,100.0,100.0,0.0,0.0,0.0,0.0
1040,36696,100.0,62.767714994853,1.4413136532392652,0,18,4,500,100.0,100.0,100.0,100.0,0.0,0.0,0.0,0.0
1041,39517,100.0,65.32586217897203,1.3769227070501115,0,11,4,500,100.0,100.0,100.0,100.0,0.0,0.0,0.0,0.0
1042,38308,100.0,64.15562577942042,1.3440651343023606,0,14,4,500,100.0,100.0,100.0,100.0,0.0,0.0,0.0,0.0
1043,33875,98.22,65.6012463748065,1.346583342297511,0,25,4,500,93.02,100.0,100.0,99.84,0.0,0.0,0.0,0.0
1044,37502,98.76,64.00620986461995,1.3367457922985913,0,16,4,500,100.0,100.0,100.0,95.04,0.0,0.0,0.0,0.0
1045,37905,98.84,64.40711020795182,1.3659227729065893,0,15,4,500,99.2,100.0,100.0,96.17,0.0,0.0,0.0,0.0
1046,37502,100.0,61.95624037103976,1.4069473976661018,0,16,4,500,100.0,100.0,100.0,100.0,0.0,0.0,0.0,0.0
1047,37099,97.06,64.17144404397325,1.3099813915188607,0,17,4,500,91.38,100.0,96.88,100.0,0.0,0.0,0.0,0.0
1048,39114,100.0,63.59091622294397,1.4223994505687003,0,12,4,500,100.0,100.0,100.0,100.0,0.0,0.0,0.0,0.0
1049,33875,97.1,65.82008431351156,1.4122277712161129,0,25,4,500,100.0,92.64,95.77,100.0,0.0,0.0,0.0,0.0
1050,36293,90.88,63.77026027693248,1.3223640870568087,0,19,4,500,100.0,77.56,89.73,96.23,0.0,0.0,0.0,0.0
1051,37905,98.27,59.92731389552669,1.3445124489533469,0,15,4,500,94.51,98.58,100.0,100.0,0.0,0.0,0.0,0.0
1052,39114,100.0,66.37871880429267,1.3681457626930715,0,12,4,500,100.0,100.0,100.0,100.0,0.0,0.0,0.0,0.0
1053,39517,99.34,65.86694389956412,1.3596726676890538,0,11,4,500,100.0,97.81,99.53,100.0,0.0,0.0,0.0,0.0
1054,36696,98.81,62.74997313498111,1.3453560346742983,0,18,4,500,100.0,100.0,100.0,95.25,0.0,0.0,0.0,0.0
1055,38308,100.0,66.07124639271862,1.295164746925903,0,14,4,500,100.0,100.0,100.0,100.0,0.0,0.0,0.0,0.0
1056,36293,100.0,64.9552751858668,1.3144481646697963,0,19,4,500,100.0,100.0,100.0,100.0,0.0,0.0,0.0,0.0
1057,44239,100.0,64.94340580472074,1.4347256380444704,2,7,4,500,100.0,100.0,100.0,100.0,0.0,0.0,0.0,0.0
1058,35890,100.0,63.28617204029231,1.1918800283225508,0,20,4,500,100.0,100.0,100.0,100.0,0.0,0.0,0.0,0.0
1059,38711,100.0,61.74818745673326,1.4648226169520495,0,13,4,500,100.0,100.0,100.0,100.0,0.0,0.0,0.0,0.0
1060,36293,100.0,63.542401043463606,1.3656553670147955,0,19,4,500,100.0,100.0,100.0,100.0,0.0,0.0,0.0,0.0
1061,37099,100.0,64.5272105030697,1.3769497308325056,0,17,4,500,100.0,100.0,100.0,100.0,0.0,0.0,0.0,0.0
1062,39114,94.27,65.34885443944017,1.3668046196823362,0,12,4,500,84.76,100.0,100.0,92.33,0.0,0.0,0.0,0.0
1063,36293,100.0,64.49728112337588,1.3561088608186664,0,19,4,500,100.0,100.0,100.0,100.0,0.0,0.0,0.0,0.0
1064,36696,99.19,62.13681676429567,1.399191766476924,0,18,4,500,100.0,100.0,100.0,96.76,0.0,0.0,0.0,0.0
1065,37502,100.0,64.82207704913789,1.3889590415452386,0,16,4,500,100.0,100.0,100.0,100.0,0.0,0.0,0.0,0.0
1066,40323,100.0,61.11229154898758,1.3991741014695642,0,9,4,500,100.0,100.0,100.0,100.0,0.0,0.0,0.0,0.0
1067,35487,92.15,62.27713592806072,1.3364126533738256,0,21,4,500,84.51,100.0,93.92,90.18,0.0,0.0,0.0,0.0
1068,37502,99.76,64.76779253469667,1.3822254378590288,0,16,4,500,100.0,100.0,99.02,100.0,0.0,0.0,0.0,0.0
1069,37502,100.0,62.635090716321095,1.3123328501827505,0,16,4,500,100.0,100.0,100.0,100.0,0.0,0.0,0.0,0.0
1070,37502,92.94,63.97698643061916,1.4697047535095404,0,16,4,500,90.42,92.08,100.0,89.28,0.0,0.0,0.0,0.0
1071,38308,100.0,62.51454588065018,1.3567639215619938,0,14,4,500,100.0,100.0,100.0,100.0,0.0,0.0,0.0,0.0
1072,40323,99.3,63.10354872543412,1.3448176276662038,0,9,4,500,97.18,100.0,100.0,100.0,0.0,0.0,0.0,0.0
1073,43030,100.0,64.28188022214833,1.4328164278103117,2,10,4,500,100.0,100.0,100.0,100.0,0.0,0.0,0.0,0.0
1074,38711,96.54,64.90622167436442,1.3743150674451596,0,13,4,500,100.0,100.0,91.36,94.81,0.0,0.0,0.0,0.0
1075,39114,99.17,61.87499444485706,1.3847098860644391,0,12,4,500,100.0,96.68,100.0,100.0,0.0,0.0,0.0,0.0
1076,39920,99.99,65.10635546958827,1.34328748905553,0,10,4,500,100.0,100.0,99.97,100.0,0.0,0.0,0.0,0.0
1077,40726,98.95,65.93394557405567,1.3393240904324446,0,8,4,500,100.0,100.0,100.0,95.8,0.0,0.0,0.0,0.0
1078,37905,97.72,65.23993351869521,1.2693577712631758,0,15,4,500,90.86,100.0,100.0,100.0,0.0,0.0,0.0,0.0
1079,37502,100.0,63.27758048472053,1.3699512952509858,0,16,4,500,100.0,100.0,100.0,100.0,0.0,0.0,0.0,0.0
1080,38711,98.98,66.0702007381122,1.417567312328854,0,13,4,500,100.0,95.9,100.0,100.0,0.0,0.0,0.0,0.0
1081,38711,100.0,64.1707874277589,1.2697127052933914,0,13,4,500,100.0,100.0,100.0,100.0,0.0,0.0,0.0,0.0
1082,37905,100.0,63.52024499055851,1.4273359313442449,0,15,4,500,100.0,100.0,100.0,100.0,0.0,0.0,0.0,0.0
1083,38711,100.0,62.348520318341485,1.328734514497896,0,13,4,500,100.0,100.0,100.0,100.0,0.0,0.0,0.0,0.0
1084,37502,99.91,63.565987089874326,1.3024975613090537,0,16,4,500,100.0,100.0,100.0,99.65,0.0,0.0,0.0,0.0
1085,39114,99.79,64.67780821877655,1.3121677865728782,0,12,4,500,100.0,100.0,100.0,99.15,0.0,0.0,0.0,0.0
1086,38308,86.61,63.33173143100523,1.3980267224850569,0,14,4,500,91.49,88.53,82.39,84.02,0.0,0.0,0.0,0.0
1087,38711,100.0,62.86488611178947,1.360507651334688,0,13,4,500,100.0,100.0,100.0,100.0,0.0,0.0,0.0,0.0
1088,38711,100.0,64.41563741559759,1.3664559738196274,0,13,4,500,100.0,100.0,100.0,100.0,0.0,0.0,0.0,0.0
1089,37099,99.66,66.2329494372812,1.4181263618074689,0,17,4,500,100.0,100.0,100.0,98.64,0.0,0.0,0.0,0.0
1090,37099,100.0,65.74666765984861,1.3421446881141794,0,17,4,500,100.0,100.0,100.0,100.0,0.0,0.0,0.0,0.0
1091,37905,100.0,64.70379825249239,1.308666092662285,0,15,4,500,100.0,100.0,100.0,100.0,0.0,0.0,0.0,0.0
1092,35890,99.34,63.9924746946992,1.4008074614040769,0,20,4,500,100.0,97.34,100.0,100.0,0.0,0.0,0.0,0.0
1093,35487,100.0,63.40867526258365,1.3448491948411352,0,21,4,500,100.0,100.0,100.0,100.0,0.0,0.0,0.0,0.0
1094,37905,99.68,65.79015715122162,1.3797267806560989,0,15,4,500,100.0,100.0,98.72,100.0,0.0,0.0,0.0,0.0
1095,37905,100.0,63.38237780463365,1.4494974777446636,0,15,4,500,100.0,100.0,100.0,100.0,0.0,0.0,0.0,0.0
1096,39517,87.4,65.15248459874218,1.4396625759285104,0,11,4,500,81.35,79.31,97.77,91.17,0.0,0.0,0.0,0.0
1097,37099,99.6,67.03695059067326,1.3083801946701934,0,17,4,500,98.4,100.0,100.0,100.0,0.0,0.0,0.0,0.0
1098,37502,100.0,65.07842291515747,1.326026073819001,0,16,4,500,100.0,100.0,100.0,100.0,0.0,0.0,0.0,0.0
1099,36293,100.0,63.28068990709224,1.3432859376125772,0,19,4,500,100.0,100.0,100.0,100.0,0.0,0.0,0.0,0.0
1100,37905,100.0,65.40605328150855,1.475626387553386,0,15,4,500,100.0,100.0,100.0,100.0,0.0,0.0,0.0,0.0
1101,37502,99.14,65.4834064182547,1.3423655038568796,0,16,4,500,100.0,100.0,96.54,100.0,0.0,0.0,0.0,0.0
1102,39114,100.0,63.647362934495,1.362598973282152,0,12,4,500,100.0,100.0,100.0,100.0,0.0,0.0,0.0,0.0
1103,37905,100.0,62.79285869432353,1.2945396074459703,0,15,4,500,100.0,100.0,100.0,100.0,0.0,0.0,0.0,0.0
1104,38308,91.99,62.35159450686513,1.339760997258471,0,14,4,500,90.4,81.84,100.0,95.71,0.0,0.0,0.0,0.0
1105,38308,98.78,62.20442343759069,1.2664824181463818,0,14,4,500,100.0,100.0,95.12,100.0,0.0,0.0,0.0,0.0
1106,35084,100.0,63.29486811875202,1.3677691936913097,0,22,4,500,100.0,100.0,100.0,100.0,0.0,0.0,0.0,0.0
1107,36293,98.74,65.56761013790462,1.4130185107146174,0,19,4,500,94.98,100.0,100.0,100.0,0.0,0.0,0.0,0.0
1108,38711,98.61,64.26407969412591,1.345363791178199,0,13,4,500,100.0,97.23,97.21,100.0,0.0,0.0,0.0,0.0
1109,37905,99.52,64.59033354917786,1.3335172028308966,0,15,4,500,98.06,100.0,100.0,100.0,0.0,0.0,0.0,0.0
1110,38308,99.28,63.26465377634403,1.306177839121659,0,14,4,500,100.0,97.1,100.0,100.0,0.0,0.0,0.0,0.0
1111,37502,99.65,65.33926317463029,1.3563473794084149,0,16,4,500,100.0,100.0,100.0,98.59,0.0,0.0,0.0,0.0
1112,42224,100.0,66.16309444815707,1.3992336008121538,2,12,4,500,100.0,100.0,100.0,100.0,0.0,0.0,0.0,0.0
1113,36293,97.72,64.91162933357066,1.397422097279554,0,19,4,500,95.88,100.0,100.0,94.98,0.0,0.0,0.0,0.0
1114,39517,89.94,63.4827550031931,1.3261761098588003,0,11,4,500,100.0,81.73,83.95,94.06,0.0,0.0,0.0,0.0
1115,34681,100.0,62.67116248723268,1.375324669323415,0,23,4,500,100.0,100.0,100.0,100.0,0.0,0.0,0.0,0.0
1116,35487,100.0,63.71444361382998,1.3939911487223806,0,21,4,500,100.0,100.0,100.0,100.0,0.0,0.0,0.0,0.0
1117,38711,97.45,64.55099196679775,1.454286517476177,0,13,4,500,100.0,96.5,100.0,93.29,0.0,0.0,0.0,0.0
1118,37502,100.0,63.480171834738485,1.4044948389373837,0,16,4,500,100.0,100.0,100.0,100.0,0.0,0.0,0.0,0.0
1119,38308,100.0,60.71888357221419,1.315318548496211,0,14,4,500,100.0,100.0,100.0,100.0,0.0,0.0,0.0,0.0
1120,37905,100.0,62.60298079822911,1.382419057515773,0,15,4,500,100.0,100.0,100.0,100.0,0.0,0.0,0.0,0.0
1121,40726,100.0,66.09399394917747,1.3768970653936528,0,8,4,500,100.0,100.0,100.0,100.0,0.0,0.0,0.0,0.0
1122,37905,100.0,63.31928347851925,1.373907548938845,0,15,4,500,100.0,100.0,100.0,100.0,0.0,0.0,0.0,0.0
1123,37099,100.0,62.19652505940988,1.4034855376158273,0,17,4,500,100.0,100.0,100.0,100.0,0.0,0.0,0.0,0.0
1124,39114,98.28,62.75596553111093,1.4070367527504146,0,12,4,500,100.0,93.11,100.0,100.0,0.0,0.0,0.0,0.0
1125,43030,100.0,65.97626896081124,1.373299619794841,2,10,4,500,100.0,100.0,100.0,100.0,0.0,0.0,0.0,0.0
1126,37099,100.0,63.05581916510475,1.352240157332654,0,17,4,500,100.0,100.0,100.0,100.0,0.0,0.0,0.0,0.0
1127,36293,99.59,62.43458103029752,1.4047470400139517,0,19,4,500,98.37,100.0,100.0,100.0,0.0,0.0,0.0,0.0
1128,37905,85.37,66.66871311457388,1.3963502198005149,0,15,4,500,84.85,75.35,91.08,90.19,0.0,0.0,0.0,0.0
1129,37099,100.0,63.75661128615694,1.375826087826593,0,17,4,500,100.0,100.0,100.0,100.0,0.0,0.0,0.0,0.0
1130,37905,100.0,64.31552266651565,1.519318172164824,0,15,4,500,100.0,100.0,100.0,100.0,0.0,0.0,0.0,0.0
1131,37502,100.0,65.93881295859475,1.299621773442665,0,16,4,500,100.0,100.0,100.0,100.0,0.0,0.0,0.0,0.0
1132,37905,99.16,63.726787951713305,1.2915196965244422,0,15,4,500,100.0,97.4,99.26,100.0,0.0,0.0,0.0,0.0
1133,37905,96.43,61.40748980642915,1.3024047798935303,0,15,4,500,99.32,92.44,93.96,100.0,0.0,0.0,0.0,0.0
1134,36696,100.0,63.55863072712376,1.3235391886147956,0,18,4,500,100.0,100.0,100.0,100.0,0.0,0.0,0.0,0.0
1135,37099,98.32,64.67201929755893,1.3591656901267437,0,17,4,500,93.26,100.0,100.0,100.0,0.0,0.0,0.0,0.0
1136,37502,100.0,65.12061207737747,1.3049488339907782,0,16,4,500,100.0,100.0,100.0,100.0,0.0,0.0,0.0,0.0
1137,39517,99.38,66.8938069711083,1.3598590824322256,0,11,4,500,100.0,98.11,99.42,100.0,0.0,0.0,0.0,0.0
1138,39114,97.66,65.23169394519833,1.385714723616923,0,12,4,500,100.0,98.22,92.4,100.0,0.0,0.0,0.0,0.0
1139,39114,99.68,63.36932931944605,1.2401926340027216,0,12,4,500,98.74,100.0,100.0,100.0,0.0,0.0,0.0,0.0
1140,34681,100.0,63.2735933307606,1.3793973753628843,0,23,4,500,100.0,100.0,100.0,100.0,0.0,0.0,0.0,0.0
1141,37099,100.0,64.33805058798984,1.3643462981646806,0,17,4,500,100.0,100.0,100.0,100.0,0.0,0.0,0.0,0.0
1142,33875,98.08,62.97613054629579,1.4234490322893534,0,25,4,500,96.59,100.0,95.74,100.0,0.0,0.0,0.0,0.0
1143,36293,97.85,61.85512842639303,1.4296378136792405,0,19,4,500,100.0,100.0,91.4,100.0,0.0,0.0,0.0,0.0
1144,38711,100.0,66.15179905414449,1.3707692106745335,0,13,4,500,100.0,100.0,100.0,100.0,0.0,0.0,0.0,0.0
1145,39920,96.8,63.088952821076575,1.3173794049610477,0,10,4,500,90.12,97.08,100.0,100.0,0.0,0.0,0.0,0.0
1146,37905,99.94,62.25364969498262,1.3300351353067947,0,15,4,500,100.0,100.0,99.76,100.0,0.0,0.0,0.0,0.0
1147,38308,100.0,63.13914780280909,1.3986657071608464,0,14,4,500,100.0,100.0,100.0,100.0,0.0,0.0,0.0,0.0
1148,40726,100.0,63.46245350775723,1.3547235658893784,0,8,4,500,100.0,100.0,100.0,100.0,0.0,0.0,0.0,0.0
1149,35890,100.0,64.51963228906554,1.445238411803352,0,20,4,500,100.0,100.0,100.0,100.0,0.0,0.0,0.0,0.0
1150,39517,100.0,63.13467860874019,1.2582804339706488,0,11,4,500,100.0,100.0,100.0,100.0,0.0,0.0,0.0,0.0
1151,36293,99.76,63.52477989957471,1.4048474639969917,0,19,4,500,99.03,100.0,100.0,100.0,0.0,0.0,0.0,0.0
1152,35890,99.92,65.36638393775281,1.4272745750923628,0,20,4,500,100.0,100.0,100.0,99.68,0.0,0.0,0.0,0.0
1153,38711,98.3,65.79700117980963,1.3216051045597643,0,13,4,500,100.0,100.0,97.81,95.37,0.0,0.0,0.0,0.0
1154,38308,100.0,64.33834128731313,1.4121487259020291,0,14,4,500,100.0,100.0,100.0,100.0,0.0,0.0,0.0,0.0
1155,39114,98.61,66.97620846040475,1.259125783844227,0,12,4,500,94.44,100.0,100.0,100.0,0.0,0.0,0.0,0.0
1156,36696,100.0,62.27310830844041,1.3555203972476493,0,18,4,500,100.0,100.0,100.0,100.0,0.0,0.0,0.0,0.0
1157,36696,100.0,61.67496101685416,1.2854673835162531,0,18,4,500,100.0,100.0,100.0,100.0,0.0,0.0,0.0,0.0
1158,39517,100.0,65.0947426053985,1.3760844501751657,0,11,4,500,100.0,100.0,100.0,100.0,0.0,0.0,0.0,0.0
1159,37502,100.0,62.57440610051047,1.3507556673330094,0,16,4,500,100.0,100.0,100.0,100.0,0.0,0.0,0.0,0.0
1160,39517,100.0,63.545853679193286,1.3466999896689875,0,11,4,500,100.0,100.0,100.0,100.0,0.0,0.0,0.0,0.0
1161,39114,100.0,64.74643204100347,1.352859021374091,0,12,4,500,100.0,100.0,100.0,100.0,0.0,0.0,0.0,0.0
1162,35487,100.0,62.888932922277405,1.3216031208834218,0,21,4,500,100.0,100.0,100.0,100.0,0.0,0.0,0.0,0.0
1163,37905,98.18,64.79110927526324,1.2833400533707482,0,15,4,500,100.0,99.67,93.05,100.0,0.0,0.0,0.0,0.0
1164,39114,97.35,64.08480859060901,1.3630819764732218,0,12,4,500,100.0,89.4,100.0,100.0,0.0,0.0,0.0,0.0
1165,39517,100.0,67.08193611408079,1.3310563291348714,0,11,4,500,100.0,100.0,100.0,100.0,0.0,0.0,0.0,0.0
1166,35487,100.0,61.18923730596411,1.2640118469655048,0,21,4,500,100.0,100.0,100.0,100.0,0.0,0.0,0.0,0.0
1167,41972,99.57,64.15262632055712,1.3965428229406407,1,11,4,500,100.0,98.27,100.0,100.0,0.0,0.0,0.0,0.0
1168,39920,99.82,63.42007509328945,1.3876904005902584,0,10,4,500,99.29,100.0,100.0,100.0,0.0,0.0,0.0,0.0
1169,37502,100.0,64.30659167967124,1.2929657888838322,0,16,4,500,100.0,100.0,100.0,100.0,0.0,0.0,0.0,0.0
1170,37502,100.0,64.17053172202705,1.359203234286395,0,16,4,500,100.0,100.0,100.0,100.0,0.0,0.0,0.0,0.0
1171,37905,87.32,64.35261005206226,1.3477262420726943,0,15,4,500,98.28,82.56,84.96,83.49,0.0,0.0,0.0,0.0
1172,38711,99.86,64.06670267387105,1.3783442399019807,0,13,4,500,100.0,99.46,100.0,100.0,0.0,0.0,0.0,0.0
1173,38308,98.78,64.79208722970424,1.298843729145857,0,14,4,500,100.0,100.0,100.0,95.12,0.0,0.0,0.0,0.0
1174,37502,100.0,64.90068081392864,1.384034140554654,0,16,4,500,100.0,100.0,100.0,100.0,0.0,0.0,0.0,0.0
1175,38711,100.0,65.02780568949059,1.3346428277575733,0,13,4,500,100.0,100.0,100.0,100.0,0.0,0.0,0.0,0.0
1176,36696,100.0,66.6830539734063,1.2789714540486272,0,18,4,500,100.0,100.0,100.0,100.0,0.0,0.0,0.0,0.0
1177,36696,100.0,63.98153308557559,1.2754347454931831,0,18,4,500,100.0,100.0,100.0,100.0,0.0,0.0,0.0,0.0
1178,39517,99.92,63.19115353565703,1.3945056046971325,0,11,4,500,100.0,99.7,100.0,100.0,0.0,0.0,0.0,0.0
1179,35890,100.0,65.68321016351632,1.4250360724070072,0,20,4,500,100.0,100.0,100.0,100.0,0.0,0.0,0.0,0.0
1180,39920,98.52,63.39029246617103,1.3204584032549394,0,10,4,500,94.72,100.0,99.37,100.0,0.0,0.0,0.0,0.0
1181,37099,100.0,63.03954248941875,1.3648574616836475,0,17,4,500,100.0,100.0,100.0,100.0,0.0,0.0,0.0,0.0
1182,38308,100.0,63.39143892896629,1.3500768078563188,0,14,4,500,100.0,100.0,100.0,100.0,0.0,0.0,0.0,0.0
1183,37905,100.0,63.45392755111179,1.373688567187093,0,15,4,500,100.0,100.0,100.0,100.0,0.0,0.0,0.0,0.0
1184,41129,94.91,64.02463345827881,1.33533633707202,0,7,4,500,100.0,89.27,90.36,100.0,0.0,0.0,0.0,0.0
1185,38308,99.04,64.11272517915224,1.2824931608833396,0,14,4,500,100.0,96.14,100.0,100.0,0.0,0.0,0.0,0.0
1186,37905,96.48,63.25619728528513,1.3467670840493038,0,15,4,500,92.17,100.0,93.77,100.0,0.0,0.0,0.0,0.0
1187,35890,100.0,65.58132561073356,1.3630128362630662,0,20,4,500,100.0,100.0,100.0,100.0,0.0,0.0,0.0,0.0
1188,36293,98.76,65.10388292288546,1.374180724705686,0,19,4,500,100.0,100.0,95.06,100.0,0.0,0.0,0.0,0.0
1189,35890,97.23,62.18789996235672,1.3340213928841789,0,20,4,500,100.0,100.0,88.91,100.0,0.0,0.0,0.0,0.0
1190,37502,100.0,65.20522417431367,1.273200665404498,0,16,4,500,100.0,100.0,100.0,100.0,0.0,0.0,0.0,0.0
1191,37502,100.0,64.29113832189405,1.2967020400088058,0,16,4,500,100.0,100.0,100.0,100.0,0.0,0.0,0.0,0.0
1192,39114,99.0,63.96253616207046,1.364176250449737,0,12,4,500,100.0,100.0,96.0,100.0,0.0,0.0,0.0,0.0
1193,40726,99.2,61.74604467783504,1.3122905031366805,0,8,4,500,100.0,96.81,100.0,100.0,0.0,0.0,0.0,0.0
1194,37502,99.9,65.596757919268,1.3674096135179843,0,16,4,500,100.0,100.0,99.59,100.0,0.0,0.0,0.0,0.0
1195,43433,100.0,63.611141331968895,1.3660503199707654,2,9,4,500,100.0,100.0,100.0,100.0,0.0,0.0,0.0,0.0
1196,38308,100.0,63.82515615999876,1.419181894198008,0,14,4,500,100.0,100.0,100.0,100.0,0.0,0.0,0.0,0.0
1197,38308,98.0,65.6988679360664,1.3362234645269615,0,14,4,500,100.0,92.0,100.0,100.0,0.0,0.0,0.0,0.0
1198,38308,100.0,65.59901211221911,1.3105835921632123,0,14,4,500,100.0,100.0,100.0,100.0,0.0,0.0,0.0,0.0
1199,38711,100.0,62.86081648659648,1.2696145476517424,0,13,4,500,100.0,100.0,100.0,100.0,0.0,0.0,0.0,0.0
1200,39114,99.5,65.06637989657652,1.267295432935276,0,12,4,500,98.01,100.0,100.0,100.0,0.0,0.0,0.0,0.0
1201,39114,98.9,63.90300667192566,1.2125520866207693,0,12,4,500,95.62,100.0,100.0,100.0,0.0,0.0,0.0,0.0
1202,37905,100.0,61.545589451318726,1.2863589502048425,0,15,4,500,100.0,100.0,100.0,100.0,0.0,0.0,0.0,0.0
1203,37099,99.62,63.34687691072861,1.3746014756235347,0,17,4,500,100.0,100.0,98.49,100.0,0.0,0.0,0.0,0.0
1204,38711,100.0,67.20162184808981,1.2803739007617625,0,13,4,500,100.0,100.0,100.0,100.0,0.0,0.0,0.0,0.0
1205,42435,100.0,64.47325945653974,1.342247720118195,0,5,4,500,100.0,100.0,100.0,100.0,0.0,0.0,0.0,0.0
1206,39517,99.38,61.819038411730496,1.368957251910627,0,11,4,500,97.51,100.0,100.0,100.0,0.0,0.0,0.0,0.0
1207,39920,99.54,61.37416330905335,1.3261967919068696,0,10,4,500,100.0,100.0,98.14,100.0,0.0,0.0,0.0,0.0
1208,35487,100.0,64.40087423031179,1.364967930341242,0,21,4,500,100.0,100.0,100.0,100.0,0.0,0.0,0.0,0.0
1209,38308,99.58,64.99570100848936,1.2807562086217117,0,14,4,500,98.33,100.0,100.0,100.0,0.0,0.0,0.0,0.0
1210,45549,100.0,65.55379858400441,1.391068426153002,4,7,4,500,100.0,100.0,100.0,100.0,0.0,0.0,0.0,0.0
1211,39517,87.01,64.6676257209777,1.4387497940875222,0,11,4,500,78.25,98.86,86.06,84.88,0.0,0.0,0.0,0.0
1212,38711,99.83,63.96409221634082,1.338934374267812,0,13,4,500,100.0,100.0,100.0,99.31,0.0,0.0,0.0,0.0
1213,38711,100.0,64.28423983949043,1.3638219309613326,0,13,4,500,100.0,100.0,100.0,100.0,0.0,0.0,0.0,0.0
1214,37502,100.0,64.33272614256389,1.4215942389424978,0,16,4,500,100.0,100.0,100.0,100.0,0.0,0.0,0.0,0.0
1215,39114,100.0,62.95894885928687,1.342803338073698,0,12,4,500,100.0,100.0,100.0,100.0,0.0,0.0,0.0,0.0
1216,43433,99.73,65.8854454492783,1.3498731956143786,2,9,4,500,98.93,100.0,100.0,100.0,0.0,0.0,0.0,0.0
1217,36696,99.48,65.07188591367567,1.2369809300229673,0,18,4,500,97.9,100.0,100.0,100.0,0.0,0.0,0.0,0.0
1218,37905,100.0,62.092138209143975,1.4272326135387643,0,15,4,500,100.0,100.0,100.0,100.0,0.0,0.0,0.0,0.0
1219,39114,99.9,65.14109166756852,1.371264794839089,0,12,4,500,100.0,99.61,100.0,100.0,0.0,0.0,0.0,0.0
1220,38308,99.72,66.07417340090156,1.2997560901268324,0,14,4,500,100.0,98.89,100.0,100.0,0.0,0.0,0.0,0.0
1221,40726,95.36,63.33172899178989,1.3666432544887288,0,8,4,500,100.0,100.0,100.0,81.46,0.0,0.0,0.0,0.0
1222,38308,92.22,62.47925507835739,1.2722474394903192,0,14,4,500,100.0,90.53,82.8,95.56,0.0,0.0,0.0,0.0
1223,37905,100.0,63.82197491016312,1.4301279064575314,0,15,4,500,100.0,100.0,100.0,100.0,0.0,0.0,0.0,0.0
1224,38711,98.84,65.25660034291887,1.3888209527400683,0,13,4,500,95.35,100.0,100.0,100.0,0.0,0.0,0.0,0.0
1225,36696,96.85,62.4946004136217,1.2628749132257178,0,18,4,500,100.0,100.0,100.0,87.41,0.0,0.0,0.0,0.0
1226,37502,100.0,63.35828333615309,1.33333877282671,0,16,4,500,100.0,100.0,100.0,100.0,0.0,0.0,0.0,0.0
1227,38711,100.0,64.07920602401566,1.3078406859068847,0,13,4,500,100.0,100.0,100.0,100.0,0.0,0.0,0.0,0.0
1228,35084,100.0,63.38430057062104,1.2459291400103971,0,22,4,500,100.0,100.0,100.0,100.0,0.0,0.0,0.0,0.0
1229,36696,96.91,64.22278923864495,1.3280439319991506,0,18,4,500,95.24,100.0,94.52,97.88,0.0,0.0,0.0,0.0
1230,35487,88.4,66.98650150763284,1.3364034854722109,0,21,4,500,92.55,84.34,84.64,92.07,0.0,0.0,0.0,0.0
1231,43836,99.14,61.872346030958376,1.3688047402881371,2,8,4,500,100.0,100.0,100.0,96.56,0.0,0.0,0.0,0.0
1232,38711,83.08,62.78982775368645,1.3280384485278758,0,13,4,500,81.13,84.41,84.68,82.1,0.0,0.0,0.0,0.0
1233,37905,100.0,62.09557820366434,1.2634661071326494,0,15,4,500,100.0,100.0,100.0,100.0,0.0,0.0,0.0,0.0
1234,39920,100.0,66.37781529390189,1.3197057856386911,0,10,4,500,100.0,100.0,100.0,100.0,0.0,0.0,0.0,0.0
1235,37905,86.1,62.33308488138942,1.263081508236635,0,15,4,500,86.53,76.93,100.0,80.96,0.0,0.0,0.0,0.0
1236,37905,99.63,62.11332842639079,1.37424993050762,0,15,4,500,100.0,100.0,98.51,100.0,0.0,0.0,0.0,0.0
1237,36696,100.0,65.36480821313576,1.3007970675332574,0,18,4,500,100.0,100.0,100.0,100.0,0.0,0.0,0.0,0.0
1238,43584,100.0,64.85527010351997,1.3707468339131277,1,7,4,500,100.0,100.0,100.0,100.0,0.0,0.0,0.0,0.0
1239,36293,99.12,61.16491142187653,1.22832528025271,0,19,4,500,100.0,96.5,100.0,100.0,0.0,0.0,0.0,0.0
1240,39114,98.96,61.10145932286091,1.3300086525002763,0,12,4,500,100.0,99.9,95.95,100.0,0.0,0.0,0.0,0.0
1241,42224,100.0,65.35931233720815,1.2984620437804508,2,12,4,500,100.0,100.0,100.0,100.0,0.0,0.0,0.0,0.0
1242,38308,100.0,63.65648052934664,1.352455434355725,0,14,4,500,100.0,100.0,100.0,100.0,0.0,0.0,0.0,0.0
1243,37502,98.95,64.34936610757917,1.3685033142207983,0,16,4,500,100.0,97.41,100.0,98.38,0.0,0.0,0.0,0.0
1244,40323,98.32,62.31047821231511,1.2239069720846647,0,9,4,500,98.24,100.0,96.25,98.77,0.0,0.0,0.0,0.0
1245,39114,98.41,66.50613403302435,1.3069562326596085,0,12,4,500,99.52,100.0,100.0,94.11,0.0,0.0,0.0,0.0
1246,39114,100.0,61.92317945631429,1.3543547247388257,0,12,4,500,100.0,100.0,100.0,100.0,0.0,0.0,0.0,0.0
1247,37099,97.66,62.09338620726931,1.3408038388970065,0,17,4,500,100.0,100.0,90.65,100.0,0.0,0.0,0.0,0.0
1248,38711,99.12,65.40356123000272,1.271500895241145,0,13,4,500,96.47,100.0,100.0,100.0,0.0,0.0,0.0,0.0
1249,39517,99.56,63.143889638048414,1.3510739952297153,0,11,4,500,100.0,98.25,100.0,100.0,0.0,0.0,0.0,0.0
1250,40726,100.0,64.05217462119725,1.373641373074591,0,8,4,500,100.0,100.0,100.0,100.0,0.0,0.0,0.0,0.0
1251,37905,100.0,62.10321489673413,1.251529018085849,0,15,4,500,100.0,100.0,100.0,100.0,0.0,0.0,0.0,0.0
1252,39114,100.0,65.0195154505504,1.2877692016383968,0,12,4,500,100.0,100.0,100.0,100.0,0.0,0.0,0.0,0.0
1253,38308,99.15,65.1471714339068,1.316766995776024,0,14,4,500,96.59,100.0,100.0,100.0,0.0,0.0,0.0,0.0
1254,38308,99.16,65.8044053046676,1.3137307342951074,0,14,4,500,96.62,100.0,100.0,100.0,0.0,0.0,0.0,0.0
1255,36293,100.0,63.58761537242868,1.2975411033142152,0,19,4,500,100.0,100.0,100.0,100.0,0.0,0.0,0.0,0.0
1256,38308,100.0,61.13512701583487,1.354388787398142,0,14,4,500,100.0,100.0,100.0,100.0,0.0,0.0,0.0,0.0
1257,38711,100.0,64.37590879582557,1.341202386485261,0,13,4,500,100.0,100.0,100.0,100.0,0.0,0.0,0.0,0.0
1258,37905,100.0,63.03366281681059,1.2746793451356295,0,15,4,500,100.0,100.0,100.0,100.0,0.0,0.0,0.0,0.0
1259,37099,90.04,61.48756994489886,1.3533015748704529,0,17,4,500,96.59,90.74,85.15,87.68,0.0,0.0,0.0,0.0
1260,35084,100.0,65.0576586251459,1.241217935638144,0,22,4,500,100.0,100.0,100.0,100.0,0.0,0.0,0.0,0.0
1261,39517,100.0,65.55113083861603,1.3214446098818986,0,11,4,500,100.0,100.0,100.0,100.0,0.0,0.0,0.0,0.0
1262,38308,100.0,60.998578897499776,1.2461819888154126,0,14,4,500,100.0,100.0,100.0,100.0,0.0,0.0,0.0,0.0
1263,38308,86.78,63.37854057315972,1.298113994212119,0,14,4,500,87.04,100.0,75.67,84.4,0.0,0.0,0.0,0.0
1264,39517,98.79,65.30457388842977,1.2807528183908607,0,11,4,500,95.85,99.32,100.0,100.0,0.0,0.0,0.0,0.0
1265,39114,100.0,63.62036254549442,1.349835641975046,0,12,4,500,100.0,100.0,100.0,100.0,0.0,0.0,0.0,0.0
1266,38711,100.0,65.6872217935303,1.3175206500794847,0,13,4,500,100.0,100.0,100.0,100.0,0.0,0.0,0.0,0.0
1267,37905,97.1,62.59995022814652,1.339594992379196,0,15,4,500,100.0,88.39,100.0,100.0,0.0,0.0,0.0,0.0
1268,37099,100.0,62.583067563812016,1.2603506702497715,0,17,4,500,100.0,100.0,100.0,100.0,0.0,0.0,0.0,0.0
1269,38308,100.0,64.47476157761253,1.299780363822904,0,14,4,500,100.0,100.0,100.0,100.0,0.0,0.0,0.0,0.0
1270,40726,100.0,61.53719734213757,1.3423320342307643,0,8,4,500,100.0,100.0,100.0,100.0,0.0,0.0,0.0,0.0
1271,38308,100.0,61.60150657413262,1.3338387702826051,0,14,4,500,100.0,100.0,100.0,100.0,0.0,0.0,0.0,0.0
1272,37502,100.0,62.49413426286111,1.3729016701385015,0,16,4,500,100.0,100.0,100.0,100.0,0.0,0.0,0.0,0.0
1273,37099,96.98,63.04301077135536,1.3994795621988565,0,17,4,500,87.92,100.0,100.0,100.0,0.0,0.0,0.0,0.0
1274,37099,98.94,66.35865043569268,1.250399666461977,0,17,4,500,100.0,100.0,95.74,100.0,0.0,0.0,0.0,0.0
1275,39517,99.49,61.962822006805816,1.409558275338874,0,11,4,500,100.0,97.96,100.0,100.0,0.0,0.0,0.0,0.0
1276,37099,94.46,62.374322574999,1.3990488620690449,0,17,4,500,100.0,85.94,91.92,100.0,0.0,0.0,0.0,0.0
1277,38308,100.0,63.47961680448816,1.2988627016530638,0,14,4,500,100.0,100.0,100.0,100.0,0.0,0.0,0.0,0.0
1278,39114,97.54,66.34805285192313,1.307425826164058,0,12,4,500,92.51,100.0,97.63,100.0,0.0,0.0,0.0,0.0
1279,40323,100.0,62.63913551460854,1.3406585770049038,0,9,4,500,100.0,100.0,100.0,100.0,0.0,0.0,0.0,0.0
1280,43433,96.64,60.929673162591484,1.301433451558364,2,9,4,500,92.38,94.2,100.0,100.0,0.0,0.0,0.0,0.0
1281,39517,90.65,62.98291341167274,1.3502044123824763,0,11,4,500,91.21,87.31,84.07,100.0,0.0,0.0,0.0,0.0
1282,37502,98.21,65.06254247558084,1.4071107993893524,0,16,4,500,100.0,100.0,100.0,92.85,0.0,0.0,0.0,0.0
1283,38711,100.0,65.7787186869523,1.3780663776886108,0,13,4,500,100.0,100.0,100.0,100.0,0.0,0.0,0.0,0.0
1284,40323,98.34,64.42102654058453,1.3784581915012148,0,9,4,500,100.0,93.34,100.0,100.0,0.0,0.0,0.0,0.0
1285,39920,100.0,65.57867766294589,1.383201279099384,0,10,4,500,100.0,100.0,100.0,100.0,0.0,0.0,0.0,0.0
1286,39114,94.49,62.18016821591548,1.3663161346200952,0,12,4,500,89.09,97.32,97.67,93.89,0.0,0.0,0.0,0.0
1287,37502,98.51,63.91195101388863,1.3854782054946817,0,16,4,500,97.81,100.0,100.0,96.23,0.0,0.0,0.0,0.0
1288,38308,99.8,65.25141034317957,1.3176217798584773,0,14,4,500,100.0,99.22,100.0,100.0,0.0,0.0,0.0,0.0
1289,39920,100.0,62.82694377849926,1.3314459518808723,0,10,4,500,100.0,100.0,100.0,100.0,0.0,0.0,0.0,0.0
1290,38711,100.0,64.83810392680385,1.264000862681936,0,13,4,500,100.0,100.0,100.0,100.0,0.0,0.0,0.0,0.0
1291,35890,99.01,67.18080883775269,1.4735281659936683,0,20,4,500,100.0,100.0,96.03,100.0,0.0,0.0,0.0,0.0
1292,44642,100.0,65.45018090201815,1.3776237213553126,2,6,4,500,100.0,100.0,100.0,100.0,0.0,0.0,0.0,0.0
1293,39114,99.68,65.72714752756625,1.2742803416838753,0,12,4,500,98.72,100.0,100.0,100.0,0.0,0.0,0.0,0.0
1294,38711,88.16,62.129389264165695,1.3864187744401788,0,13,4,500,89.74,86.59,80.78,95.54,0.0,0.0,0.0,0.0
1295,37905,100.0,64.23459277969825,1.328045591936578,0,15,4,500,100.0,100.0,100.0,100.0,0.0,0.0,0.0,0.0
1296,37099,100.0,64.55790019659729,1.2320938814596314,0,17,4,500,100.0,100.0,100.0,100.0,0.0,0.0,0.0,0.0
1297,38711,98.34,61.68251479850224,1.2738748365351666,0,13,4,500,100.0,93.37,100.0,100.0,0.0,0.0,0.0,0.0
1298,36696,97.06,66.06511319228073,1.337788334309258,0,18,4,500,93.31,97.6,100.0,97.33,0.0,0.0,0.0,0.0
1299,39517,100.0,63.88313432864034,1.3005589048806423,0,11,4,500,100.0,100.0,100.0,100.0,0.0,0.0,0.0,0.0
1300,39920,94.08,67.16683862023194,1.3015336830140956,0,10,4,500,91.72,98.71,100.0,85.88,0.0,0.0,0.0,0.0
1301,39517,100.0,64.34353406674224,1.301568809731916,0,11,4,500,100.0,100.0,100.0,100.0,0.0,0.0,0.0,0.0
1302,41129,100.0,63.2081607804855,1.2720205739882968,0,7,4,500,100.0,100.0,100.0,100.0,0.0,0.0,0.0,0.0
1303,37099,99.76,66.83020814812402,1.2941639615960183,0,17,4,500,99.02,100.0,100.0,100.0,0.0,0.0,0.0,0.0
1304,37099,98.19,63.76630663156868,1.4725032335022117,0,17,4,500,92.77,100.0,100.0,100.0,0.0,0.0,0.0,0.0
1305,36696,100.0,62.58689199776035,1.3067889056942463,0,18,4,500,100.0,100.0,100.0,100.0,0.0,0.0,0.0,0.0
1306,37905,99.22,64.11399852821236,1.3716600051331618,0,15,4,500,100.0,96.89,100.0,100.0,0.0,0.0,0.0,0.0
1307,39114,94.21,65.5837705726804,1.2924695718909682,0,12,4,500,100.0,94.17,93.9,88.75,0.0,0.0,0.0,0.0
1308,39114,100.0,67.66272903644366,1.3429073569504564,0,12,4,500,100.0,100.0,100.0,100.0,0.0,0.0,0.0,0.0
1309,37905,100.0,64.0481564188749,1.3071400308730303,0,15,4,500,100.0,100.0,100.0,100.0,0.0,0.0,0.0,0.0
1310,37905,100.0,64.08624343216091,1.2619903171598306,0,15,4,500,100.0,100.0,100.0,100.0,0.0,0.0,0.0,0.0
1311,39920,99.39,63.049293853238,1.3261462178711692,0,10,4,500,98.36,100.0,100.0,99.2,0.0,0.0,0.0,0.0
1312,37905,100.0,62.55886679088137,1.415426668356799,0,15,4,500,100.0,100.0,100.0,100.0,0.0,0.0,0.0,0.0
1313,37099,98.8,62.03245693876508,1.3726076482681873,0,17,4,500,100.0,95.22,100.0,100.0,0.0,0.0,0.0,0.0
1314,37099,99.34,64.23025715549886,1.3015094772273308,0,17,4,500,97.37,100.0,100.0,100.0,0.0,0.0,0.0,0.0
1315,37099,99.46,64.12335714999132,1.360922808804676,0,17,4,500,100.0,100.0,100.0,97.85,0.0,0.0,0.0,0.0
1316,38711,97.32,63.24851898227571,1.2948279867504209,0,13,4,500,100.0,97.5,91.78,100.0,0.0,0.0,0.0,0.0
1317,38308,99.66,65.89636636932615,1.4115984956662175,0,14,4,500,100.0,100.0,98.64,100.0,0.0,0.0,0.0,0.0
1318,43433,100.0,60.89676917792696,1.3608872350479055,2,9,4,500,100.0,100.0,100.0,100.0,0.0,0.0,0.0,0.0
1319,38711,100.0,64.0400318113735,1.3627829642891724,0,13,4,500,100.0,100.0,100.0,100.0,0.0,0.0,0.0,0.0
1320,37905,96.64,67.46308159068549,1.2645923014521532,0,15,4,500,100.0,100.0,100.0,86.58,0.0,0.0,0.0,0.0
1321,39517,99.16,66.2711082470014,1.3183745085291092,0,11,4,500,100.0,100.0,100.0,96.64,0.0,0.0,0.0,0.0
1322,37502,100.0,63.28476881058662,1.271358593201,0,16,4,500,100.0,100.0,100.0,100.0,0.0,0.0,0.0,0.0
1323,39114,100.0,64.99471545996576,1.3158745156694809,0,12,4,500,100.0,100.0,100.0,100.0,0.0,0.0,0.0,0.0
1324,38308,98.98,63.92792013036456,1.3319792019918495,0,14,4,500,95.93,100.0,100.0,100.0,0.0,0.0,0.0,0.0
1325,39517,98.82,62.75566283432065,1.2872070189031677,0,11,4,500,100.0,100.0,95.26,100.0,0.0,0.0,0.0,0.0
1326,39114,100.0,65.33152768021557,1.3230950490461049,0,12,4,500,100.0,100.0,100.0,100.0,0.0,0.0,0.0,0.0
1327,44642,100.0,65.78303871582568,1.18964291878242,2,6,4,500,100.0,100.0,100.0,100.0,0.0,0.0,0.0,0.0
1328,40323,99.96,66.43779257743554,1.3632576164371113,0,9,4,500,100.0,100.0,99.83,100.0,0.0,0.0,0.0,0.0
1329,39920,100.0,63.70272144397838,1.3184990860205623,0,10,4,500,100.0,100.0,100.0,100.0,0.0,0.0,0.0,0.0
1330,39517,99.56,64.34788040521764,1.3039934266556168,0,11,4,500,98.22,100.0,100.0,100.0,0.0,0.0,0.0,0.0
1331,37502,100.0,63.7481019461167,1.381863167713855,0,16,4,500,100.0,100.0,100.0,100.0,0.0,0.0,0.0,0.0
1332,37502,93.88,63.74905111506013,1.2747690117195607,0,16,4,500,95.49,96.36,83.67,100.0,0.0,0.0,0.0,0.0
1333,39517,100.0,64.2465569280726,1.280340261666223,0,11,4,500,100.0,100.0,100.0,100.0,0.0,0.0,0.0,0.0
1334,43030,100.0,65.36490081422431,1.3591699969824853,2,10,4,500,100.0,100.0,100.0,100.0,0.0,0.0,0.0,0.0
1335,43987,100.0,63.5670973166193,1.270604178085043,1,6,4,500,100.0,100.0,100.0,100.0,0.0,0.0,0.0,0.0
1336,39517,100.0,63.55830295897943,1.327282956641849,0,11,4,500,100.0,100.0,100.0,100.0,0.0,0.0,0.0,0.0
1337,43836,100.0,64.52737551013074,1.32355835957107,2,8,4,500,100.0,100.0,100.0,100.0,0.0,0.0,0.0,0.0
1338,41129,98.87,65.81606213225241,1.4155271924232282,0,7,4,500,100.0,96.55,100.0,98.92,0.0,0.0,0.0,0.0
1339,39920,100.0,65.83489082162036,1.3630903871650393,0,10,4,500,100.0,100.0,100.0,100.0,0.0,0.0,0.0,0.0
1340,39114,100.0,63.438797284028986,1.3023474150491192,0,12,4,500,100.0,100.0,100.0,100.0,0.0,0.0,0.0,0.0
1341,39114,100.0,63.332877967724045,1.3321295585069104,0,12,4,500,100.0,100.0,100.0,100.0,0.0,0.0,0.0,0.0
1342,38711,100.0,62.9950487667287,1.2672297747864578,0,13,4,500,100.0,100.0,100.0,100.0,0.0,0.0,0.0,0.0
1343,38308,100.0,64.6603901944207,1.23086254416673,0,14,4,500,100.0,100.0,100.0,100.0,0.0,0.0,0.0,0.0
1344,39920,98.04,62.86843308627476,1.3185748454426898,0,10,4,500,100.0,100.0,92.17,100.0,0.0,0.0,0.0,0.0
1345,39920,97.92,64.28548380319499,1.3633533524574628,0,10,4,500,100.0,94.24,97.44,100.0,0.0,0.0,0.0,0.0
1346,37502,99.98,63.10862807556173,1.321181389767104,0,16,4,500,100.0,100.0,100.0,99.9,0.0,0.0,0.0,0.0
1347,39114,100.0,66.94750005701445,1.261160390980708,0,12,4,500,100.0,100.0,100.0,100.0,0.0,0.0,0.0,0.0
1348,38711,100.0,65.39343070533285,1.3183253638526955,0,13,4,500,100.0,100.0,100.0,100.0,0.0,0.0,0.0,0.0
1349,37905,99.64,66.01586564801329,1.418936968665253,0,15,4,500,100.0,100.0,100.0,98.55,0.0,0.0,0.0,0.0
1350,40726,100.0,66.12128271828415,1.3448589498906631,0,8,4,500,100.0,100.0,100.0,100.0,0.0,0.0,0.0,0.0
1351,42627,100.0,65.6131723479706,1.3274637846349149,2,11,4,500,100.0,100.0,100.0,100.0,0.0,0.0,0.0,0.0
1352,39920,98.72,64.63356135500665,1.283136262847911,0,10,4,500,96.69,100.0,98.18,100.0,0.0,0.0,0.0,0.0
1353,40323,91.68,63.141313762387824,1.398978762508154,0,9,4,500,100.0,88.91,79.31,98.5,0.0,0.0,0.0,0.0
1354,38711,100.0,65.51495049563812,1.3208786522815177,0,13,4,500,100.0,100.0,100.0,100.0,0.0,0.0,0.0,0.0
1355,40323,99.39,64.21970540572747,1.411511717800872,0,9,4,500,97.55,100.0,100.0,100.0,0.0,0.0,0.0,0.0
1356,41532,97.53,66.04241153149484,1.3619531300527066,0,6,4,500,96.25,96.42,100.0,97.46,0.0,0.0,0.0,0.0
1357,38711,100.0,63.83809090023307,1.3756179434292433,0,13,4,500,100.0,100.0,100.0,100.0,0.0,0.0,0.0,0.0
1358,40323,97.53,65.26888014730224,1.2183776864686746,0,9,4,500,100.0,90.12,100.0,100.0,0.0,0.0,0.0,0.0
1359,39920,100.0,64.78715567566951,1.2666280032055377,0,10,4,500,100.0,100.0,100.0,100.0,0.0,0.0,0.0,0.0
1360,39517,100.0,62.79711888776709,1.3250096566839509,0,11,4,500,100.0,100.0,100.0,100.0,0.0,0.0,0.0,0.0
1361,39114,100.0,62.88559797486024,1.3005570987484243,0,12,4,500,100.0,100.0,100.0,100.0,0.0,0.0,0.0,0.0
1362,36293,100.0,65.29124096095684,1.3585367225529112,0,19,4,500,100.0,100.0,100.0,100.0,0.0,0.0,0.0,0.0
1363,43584,98.28,63.50028961748762,1.3870197248412124,1,7,4,500,93.65,100.0,100.0,99.49,0.0,0.0,0.0,0.0
1364,40726,100.0,65.3766458488527,1.25782716917671,0,8,4,500,100.0,100.0,100.0,100.0,0.0,0.0,0.0,0.0
1365,39517,96.27,61.58108128903994,1.39126391252377,0,11,4,500,93.38,91.7,100.0,100.0,0.0,0.0,0.0,0.0
1366,40726,100.0,63.92558452132592,1.2663868301499428,0,8,4,500,100.0,100.0,100.0,100.0,0.0,0.0,0.0,0.0
1367,41129,94.09,64.5728607568796,1.317822110560818,0,7,4,500,88.26,96.69,100.0,91.42,0.0,0.0,0.0,0.0
1368,39920,100.0,62.77471478416636,1.3291313861221972,0,10,4,500,100.0,100.0,100.0,100.0,0.0,0.0,0.0,0.0
1369,38711,100.0,67.18995945949479,1.1710409361835905,0,13,4,500,100.0,100.0,100.0,100.0,0.0,0.0,0.0,0.0
1370,39920,100.0,67.08961776120385,1.3131491223224625,0,10,4,500,100.0,100.0,100.0,100.0,0.0,0.0,0.0,0.0
1371,37502,98.26,64.03370492718125,1.3738432690757023,0,16,4,500,97.89,95.15,100.0,100.0,0.0,0.0,0.0,0.0
1372,39114,100.0,61.43439792555149,1.2740691432331928,0,12,4,500,100.0,100.0,100.0,100.0,0.0,0.0,0.0,0.0
1373,46200,100.0,65.17511504042854,1.3456201071330476,3,5,4,500,100.0,100.0,100.0,100.0,0.0,0.0,0.0,0.0
1374,39517,100.0,62.546266846645736,1.316777631892996,0,11,4,500,100.0,100.0,100.0,100.0,0.0,0.0,0.0,0.0
1375,43836,100.0,66.72571618905421,1.390509170055817,2,8,4,500,100.0,100.0,100.0,100.0,0.0,0.0,0.0,0.0
1376,43030,100.0,66.35164991257423,1.3451093997243273,2,10,4,500,100.0,100.0,100.0,100.0,0.0,0.0,0.0,0.0
1377,45549,99.74,62.86674609637398,1.3493749946225644,4,7,4,500,98.97,100.0,100.0,100.0,0.0,0.0,0.0,0.0
1378,41972,100.0,64.37800949498558,1.357247391142455,1,11,4,500,100.0,100.0,100.0,100.0,0.0,0.0,0.0,0.0
1379,37502,99.29,66.42385089752236,1.2541124106989945,0,16,4,500,100.0,97.15,100.0,100.0,0.0,0.0,0.0,0.0
1380,42741,100.0,65.10419646863022,1.322890535927231,0,3,4,500,100.0,100.0,100.0,100.0,0.0,0.0,0.0,0.0
1381,40323,100.0,66.32591086776323,1.3157489918072125,0,9,4,500,100.0,100.0,100.0,100.0,0.0,0.0,0.0,0.0
1382,39920,99.32,63.15035908993018,1.35135394197925,0,10,4,500,100.0,100.0,100.0,97.3,0.0,0.0,0.0,0.0
1383,41532,100.0,64.81082086748768,1.3659026405151649,0,6,4,500,100.0,100.0,100.0,100.0,0.0,0.0,0.0,0.0
1384,37905,99.53,63.251478884862856,1.3295718609264535,0,15,4,500,100.0,98.12,100.0,100.0,0.0,0.0,0.0,0.0
1385,41129,99.16,66.38341708672556,1.376724360822434,0,7,4,500,100.0,96.64,100.0,100.0,0.0,0.0,0.0,0.0
1386,37502,100.0,63.95750627650204,1.2784451372018617,0,16,4,500,100.0,100.0,100.0,100.0,0.0,0.0,0.0,0.0
1387,39114,100.0,64.49770563410232,1.331489452249912,0,12,4,500,100.0,100.0,100.0,100.0,0.0,0.0,0.0,0.0
1388,43030,97.34,63.183198808418126,1.2815636223537548,2,10,4,500,100.0,100.0,93.99,95.35,0.0,0.0,0.0,0.0
1389,38308,100.0,63.48675948311646,1.3097079078901186,0,14,4,500,100.0,100.0,100.0,100.0,0.0,0.0,0.0,0.0
1390,37502,100.0,63.01481714888035,1.2834973353462282,0,16,4,500,100.0,100.0,100.0,100.0,0.0,0.0,0.0,0.0
1391,38308,100.0,65.79668152859564,1.3648334188473914,0,14,4,500,100.0,100.0,100.0,100.0,0.0,0.0,0.0,0.0
1392,43433,100.0,64.53132684429438,1.280836085809386,2,9,4,500,100.0,100.0,100.0,100.0,0.0,0.0,0.0,0.0
1393,37502,100.0,65.78664473326617,1.2617135648161408,0,16,4,500,100.0,100.0,100.0,100.0,0.0,0.0,0.0,0.0
1394,43433,99.08,63.85087924985497,1.30948896176873,2,9,4,500,96.34,100.0,100.0,100.0,0.0,0.0,0.0,0.0
1395,42435,92.58,63.82950238358498,1.3697090706062662,0,5,4,500,100.0,88.3,90.4,91.62,0.0,0.0,0.0,0.0
1396,42375,100.0,62.35674035617623,1.2650537891943894,1,10,4,500,100.0,100.0,100.0,100.0,0.0,0.0,0.0,0.0
1397,39114,98.97,63.26208162729612,1.2747825718822088,0,12,4,500,100.0,95.89,100.0,100.0,0.0,0.0,0.0,0.0
1398,40323,100.0,66.0271281967584,1.3025142074514118,0,9,4,500,100.0,100.0,100.0,100.0,0.0,0.0,0.0,0.0
1399,44239,100.0,65.02828468833155,1.4042067070808522,2,7,4,500,100.0,100.0,100.0,100.0,0.0,0.0,0.0,0.0
1400,37502,100.0,64.83158024900635,1.3348944082542686,0,16,4,500,100.0,100.0,100.0,100.0,0.0,0.0,0.0,0.0
1401,41129,95.83,63.16724514021372,1.3575646075552603,0,7,4,500,100.0,93.94,100.0,89.39,0.0,0.0,0.0,0.0
1402,37502,98.85,61.49521013020463,1.3706956054356894,0,16,4,500,100.0,100.0,95.39,100.0,0.0,0.0,0.0,0.0
1403,40726,96.22,63.252622876580304,1.2980123657297262,0,8,4,500,100.0,91.95,100.0,92.95,0.0,0.0,0.0,0.0
1404,42627,99.54,65.60415702551754,1.351692511869181,2,11,4,500,100.0,100.0,98.15,100.0,0.0,0.0,0.0,0.0
1405,37905,100.0,64.0149157473218,1.2782340501119265,0,15,4,500,100.0,100.0,100.0,100.0,0.0,0.0,0.0,0.0
1406,38711,100.0,63.71371346938894,1.2633292140988488,0,13,4,500,100.0,100.0,100.0,100.0,0.0,0.0,0.0,0.0
1407,36696,98.56,62.81547760993408,1.3181328767853708,0,18,4,500,100.0,100.0,99.03,95.2,0.0,0.0,0.0,0.0
1408,39517,100.0,62.08236355503822,1.2365433250675142,0,11,4,500,100.0,100.0,100.0,100.0,0.0,0.0,0.0,0.0
1409,43030,99.98,63.8664154854066,1.2917992531309852,2,10,4,500,100.0,100.0,99.9,100.0,0.0,0.0,0.0,0.0
1410,39114,99.41,65.71258011420066,1.2921042755266292,0,12,4,500,100.0,97.63,100.0,100.0,0.0,0.0,0.0,0.0
1411,38711,99.08,64.38129173489189,1.2999202283037656,0,13,4,500,99.65,96.68,100.0,100.0,0.0,0.0,0.0,0.0
1412,38711,100.0,64.05321315636012,1.341889044091923,0,13,4,500,100.0,100.0,100.0,100.0,0.0,0.0,0.0,0.0
1413,39517,100.0,65.32927445366218,1.248136140400527,0,11,4,500,100.0,100.0,100.0,100.0,0.0,0.0,0.0,0.0
1414,45549,100.0,65.79231615344703,1.3169689693131357,4,7,4,500,100.0,100.0,100.0,100.0,0.0,0.0,0.0,0.0
1415,41532,99.48,64.16435707348776,1.2516393065852562,0,6,4,500,100.0,100.0,100.0,97.9,0.0,0.0,0.0,0.0
1416,39517,100.0,64.01556368957928,1.3002681574883903,0,11,4,500,100.0,100.0,100.0,100.0,0.0,0.0,0.0,0.0
1417,41532,98.56,62.25036126656935,1.2378188818256723,0,6,4,500,100.0,94.52,99.7,100.0,0.0,0.0,0.0,0.0
1418,37099,99.66,65.8360249360862,1.3326125968999978,0,17,4,500,100.0,100.0,98.64,100.0,0.0,0.0,0.0,0.0
1419,39114,100.0,64.28422647359349,1.3308921860704388,0,12,4,500,100.0,100.0,100.0,100.0,0.0,0.0,0.0,0.0
1420,37905,100.0,65.27751047574952,1.269891465735374,0,15,4,500,100.0,100.0,100.0,100.0,0.0,0.0,0.0,0.0
1421,46200,100.0,60.7280351653885,1.3673209123810752,3,5,4,500,100.0,100.0,100.0,100.0,0.0,0.0,0.0,0.0
1422,39114,100.0,66.16028679384544,1.2979224155492697,0,12,4,500,100.0,100.0,100.0,100.0,0.0,0.0,0.0,0.0
1423,44088,97.7,64.71258877240452,1.2492301583307808,3,9,4,500,100.0,96.38,100.0,94.41,0.0,0.0,0.0,0.0
1424,39517,100.0,62.95437968163987,1.2547127346069733,0,11,4,500,100.0,100.0,100.0,100.0,0.0,0.0,0.0,0.0
1425,38308,100.0,61.94976705995821,1.3031768333025775,0,14,4,500,100.0,100.0,100.0,100.0,0.0,0.0,0.0,0.0
1426,37905,99.05,66.11781452549582,1.31707097505135,0,15,4,500,96.21,100.0,100.0,100.0,0.0,0.0,0.0,0.0
1427,43836,100.0,64.22650579545413,1.391018528076881,2,8,4,500,100.0,100.0,100.0,100.0,0.0,0.0,0.0,0.0
1428,38308,99.04,62.08051541506755,1.3698649979788675,0,14,4,500,100.0,100.0,96.15,100.0,0.0,0.0,0.0,0.0
1429,43987,100.0,66.20180307536634,1.287688175391002,1,6,4,500,100.0,100.0,100.0,100.0,0.0,0.0,0.0,0.0
1430,45545,94.1,69.2073419241237,1.3155043959819746,2,5,4,500,82.74,100.0,93.66,100.0,0.0,0.0,0.0,0.0
1431,40323,99.89,62.37579897246551,1.4046770698871718,0,9,4,500,99.55,100.0,100.0,100.0,0.0,0.0,0.0,0.0
1432,41129,93.45,65.66510216699061,1.275751002616358,0,7,4,500,91.4,100.0,98.36,84.05,0.0,0.0,0.0,0.0
1433,43030,100.0,64.42178438846362,1.255210864400724,2,10,4,500,100.0,100.0,100.0,100.0,0.0,0.0,0.0,0.0
1434,39517,99.41,63.49440208301276,1.32590433749067,0,11,4,500,100.0,100.0,100.0,97.64,0.0,0.0,0.0,0.0
1435,37905,100.0,66.5036907199668,1.349251583738189,0,15,4,500,100.0,100.0,100.0,100.0,0.0,0.0,0.0,0.0
1436,41569,99.84,66.88687267583472,1.2873809654935875,1,12,4,500,100.0,100.0,100.0,99.36,0.0,0.0,0.0,0.0
1437,34681,100.0,64.56053599948949,1.303787118761474,0,23,4,500,100.0,100.0,100.0,100.0,0.0,0.0,0.0,0.0
1438,40726,100.0,63.6831519465604,1.3735881857010015,0,8,4,500,100.0,100.0,100.0,100.0,0.0,0.0,0.0,0.0
1439,43836,93.51,63.80038510882455,1.3943764195336257,2,8,4,500,100.0,87.27,86.76,100.0,0.0,0.0,0.0,0.0
1440,37099,100.0,65.90948776165585,1.315248735179176,0,17,4,500,100.0,100.0,100.0,100.0,0.0,0.0,0.0,0.0
1441,43584,100.0,65.31574029687593,1.3902775859744787,1,7,4,500,100.0,100.0,100.0,100.0,0.0,0.0,0.0,0.0
1442,39114,100.0,63.76798249090258,1.343145122591834,0,12,4,500,100.0,100.0,100.0,100.0,0.0,0.0,0.0,0.0
1443,37905,92.82,62.20980433009968,1.2950085884301388,0,15,4,500,100.0,93.39,97.02,80.89,0.0,0.0,0.0,0.0
1444,36293,100.0,66.00543636343475,1.2444279483100875,0,19,4,500,100.0,100.0,100.0,100.0,0.0,0.0,0.0,0.0
1445,42588,100.0,63.759067299843366,1.3030412697115832,0,4,4,500,100.0,100.0,100.0,100.0,0.0,0.0,0.0,0.0
1446,40323,100.0,65.33814601148569,1.2662452682282668,0,9,4,500,100.0,100.0,100.0,100.0,0.0,0.0,0.0,0.0
1447,41972,97.79,61.44888914217938,1.4331080965839182,1,11,4,500,96.25,100.0,94.91,100.0,0.0,0.0,0.0,0.0
1448,39114,100.0,65.24648860984628,1.248619390695363,0,12,4,500,100.0,100.0,100.0,100.0,0.0,0.0,0.0,0.0
1449,37905,100.0,65.28848595788196,1.244039494068402,0,15,4,500,100.0,100.0,100.0,100.0,0.0,0.0,0.0,0.0
1450,43836,100.0,63.424873321356834,1.3437641450421134,2,8,4,500,100.0,100.0,100.0,100.0,0.0,0.0,0.0,0.0
1451,43836,100.0,63.17357277465652,1.3068496863044636,2,8,4,500,100.0,100.0,100.0,100.0,0.0,0.0,0.0,0.0
1452,43987,100.0,66.46738308483594,1.35992639817197,1,6,4,500,100.0,100.0,100.0,100.0,0.0,0.0,0.0,0.0
1453,44340,100.0,63.933538968413714,1.2737912285579949,4,10,4,500,100.0,100.0,100.0,100.0,0.0,0.0,0.0,0.0
1454,36696,100.0,63.58942372980259,1.3067136120782157,0,18,4,500,100.0,100.0,100.0,100.0,0.0,0.0,0.0,0.0
1455,45196,100.0,63.90574972348498,1.2857343447772858,1,3,4,500,100.0,100.0,100.0,100.0,0.0,0.0,0.0,0.0
1456,39517,98.22,62.9466410442202,1.3951561702177178,0,11,4,500,94.21,98.68,100.0,100.0,0.0,0.0,0.0,0.0
1457,42435,99.58,66.10740020407378,1.280447723291298,0,5,4,500,98.31,100.0,100.0,100.0,0.0,0.0,0.0,0.0
1458,43987,100.0,67.33922793351863,1.311361326600231,1,6,4,500,100.0,100.0,100.0,100.0,0.0,0.0,0.0,0.0
1459,42627,97.56,64.25998299277457,1.2660014713683834,2,11,4,500,96.59,94.82,98.85,100.0,0.0,0.0,0.0,0.0
1460,39517,99.94,63.875032681294805,1.3199473269272903,0,11,4,500,100.0,100.0,99.75,100.0,0.0,0.0,0.0,0.0
1461,38308,97.24,66.32454869407856,1.338724490984399,0,14,4,500,100.0,100.0,88.95,100.0,0.0,0.0,0.0,0.0
1462,39517,100.0,63.38516810210445,1.3024295040570626,0,11,4,500,100.0,100.0,100.0,100.0,0.0,0.0,0.0,0.0
1463,43937,100.0,62.25881318304162,1.3725961215547713,4,11,4,500,100.0,100.0,100.0,100.0,0.0,0.0,0.0,0.0
1464,38711,99.35,64.84880722065489,1.217729412858583,0,13,4,500,97.41,100.0,100.0,100.0,0.0,0.0,0.0,0.0
1465,41972,100.0,62.992519816628096,1.358846570348208,1,11,4,500,100.0,100.0,100.0,100.0,0.0,0.0,0.0,0.0
1466,46607,100.0,63.27565980080954,1.2425454289170028,5,6,4,500,100.0,100.0,100.0,100.0,0.0,0.0,0.0,0.0
1467,41129,99.75,65.23518735338963,1.3125785585812149,0,7,4,500,100.0,100.0,100.0,99.0,0.0,0.0,0.0,0.0
1468,40323,100.0,65.12272699220775,1.210908273779468,0,9,4,500,100.0,100.0,100.0,100.0,0.0,0.0,0.0,0.0
1469,43030,99.39,64.37399370600474,1.3020558838614058,2,10,4,500,100.0,97.56,100.0,100.0,0.0,0.0,0.0,0.0
1470,43685,100.0,64.25459496310599,1.3060340748022254,3,10,4,500,100.0,100.0,100.0,100.0,0.0,0.0,0.0,0.0
1471,49267,100.0,64.39220093040548,1.2370288930071327,7,6,4,500,100.0,100.0,100.0,100.0,0.0,0.0,0.0,0.0
1472,39517,100.0,64.52342312660765,1.3332251770533192,0,11,4,500,100.0,100.0,100.0,100.0,0.0,0.0,0.0,0.0
1473,41129,100.0,64.19316022381838,1.2676754321869934,0,7,4,500,100.0,100.0,100.0,100.0,0.0,0.0,0.0,0.0
1474,49515,100.0,63.27554770357442,1.3207903225407256,6,5,4,500,100.0,100.0,100.0,100.0,0.0,0.0,0.0,0.0
1475,38711,100.0,63.56398586201505,1.2524263788400396,0,13,4,500,100.0,100.0,100.0,100.0,0.0,0.0,0.0,0.0
1476,43433,97.32,62.23382622479628,1.3827379266511166,2,9,4,500,100.0,99.74,100.0,89.52,0.0,0.0,0.0,0.0
1477,39920,99.83,62.369821260337645,1.2688970512329718,0,10,4,500,100.0,99.32,100.0,100.0,0.0,0.0,0.0,0.0
1478,40726,100.0,63.12952304697001,1.3039735651101692,0,8,4,500,100.0,100.0,100.0,100.0,0.0,0.0,0.0,0.0
1479,38308,98.2,64.74696579092644,1.3494083300425097,0,14,4,500,100.0,92.92,99.88,100.0,0.0,0.0,0.0,0.0
1480,42435,99.98,61.82215737459369,1.23561267782299,0,5,4,500,99.93,100.0,100.0,100.0,0.0,0.0,0.0,0.0
1481,39114,99.84,65.33339944023604,1.2413097259541797,0,12,4,500,100.0,100.0,99.35,100.0,0.0,0.0,0.0,0.0
1482,42778,99.53,62.65759146872199,1.2747066571325785,1,9,4,500,100.0,99.92,100.0,98.2,0.0,0.0,0.0,0.0
1483,40726,100.0,65.51936423652403,1.3283776603792037,0,8,4,500,100.0,100.0,100.0,100.0,0.0,0.0,0.0,0.0
1484,44088,91.68,65.95899156991649,1.2901475944710976,3,9,4,500,90.31,84.62,91.78,100.0,0.0,0.0,0.0,0.0
1485,39114,100.0,63.92888668922593,1.2632928770624683,0,12,4,500,100.0,100.0,100.0,100.0,0.0,0.0,0.0,0.0
1486,38308,100.0,63.48476456826545,1.26343873026969,0,14,4,500,100.0,100.0,100.0,100.0,0.0,0.0,0.0,0.0
1487,38308,99.71,62.901499308987496,1.3400257257959365,0,14,4,500,100.0,98.84,100.0,100.0,0.0,0.0,0.0,0.0
1488,39517,99.92,65.49272813733339,1.35609807849554,0,11,4,500,100.0,99.67,100.0,100.0,0.0,0.0,0.0,0.0
1489,40726,100.0,62.532051963862,1.3555851841718425,0,8,4,500,100.0,100.0,100.0,100.0,0.0,0.0,0.0,0.0
1490,45146,98.46,63.84313825094837,1.253242453270556,4,8,4,500,100.0,100.0,100.0,93.82,0.0,0.0,0.0,0.0
1491,37905,100.0,65.59807884441042,1.329862403004988,0,15,4,500,100.0,100.0,100.0,100.0,0.0,0.0,0.0,0.0
1492,39920,100.0,65.3351681669469,1.1784395511774082,0,10,4,500,100.0,100.0,100.0,100.0,0.0,0.0,0.0,0.0
1493,43030,100.0,64.94039161896245,1.3050781020535824,2,10,4,500,100.0,100.0,100.0,100.0,0.0,0.0,0.0,0.0
1494,42627,100.0,64.55810093427189,1.1648974846527294,2,11,4,500,100.0,100.0,100.0,100.0,0.0,0.0,0.0,0.0
1495,38308,99.08,66.10454697291335,1.2608155310165408,0,14,4,500,100.0,100.0,100.0,96.33,0.0,0.0,0.0,0.0
1496,37905,89.1,64.76653985743125,1.2380795547243977,0,15,4,500,96.93,89.44,81.55,88.49,0.0,0.0,0.0,0.0
1497,39114,100.0,65.29045174661789,1.2223067867563893,0,12,4,500,100.0,100.0,100.0,100.0,0.0,0.0,0.0,0.0
1498,41532,99.4,63.13148364520147,1.3586927744107002,0,6,4,500,100.0,100.0,97.6,100.0,0.0,0.0,0.0,0.0
1499,43987,100.0,63.121222647932186,1.3143695600604204,1,6,4,500,100.0,100.0,100.0,100.0,0.0,0.0,0.0,0.0
1500,45545,98.76,64.01039856227727,1.3173142996354,2,5,4,500,97.58,97.47,100.0,100.0,0.0,0.0,0.0,0.0
1501,46204,100.0,61.66694911656687,1.2710166857913276,2,2,4,500,100.0,100.0,100.0,100.0,0.0,0.0,0.0,0.0
1502,54018,100.0,63.82335064803296,1.3228000503287156,6,4,4,500,100.0,100.0,100.0,100.0,0.0,0.0,0.0,0.0
1503,38711,97.18,63.9237621977984,1.3131669303613798,0,13,4,500,98.53,100.0,90.17,100.0,0.0,0.0,0.0,0.0
1504,40726,96.44,66.43749234040891,1.2555304471131288,0,8,4,500,91.18,98.59,95.99,100.0,0.0,0.0,0.0,0.0
1505,39517,100.0,65.6686083758378,1.274831679375869,0,11,4,500,100.0,100.0,100.0,100.0,0.0,0.0,0.0,0.0
1506,43987,100.0,65.07667467940819,1.2151492816178295,1,6,4,500,100.0,100.0,100.0,100.0,0.0,0.0,0.0,0.0
1507,39517,91.98,63.68508859380667,1.3261613416055866,0,11,4,500,88.0,84.16,95.77,100.0,0.0,0.0,0.0,0.0
1508,37905,100.0,63.14962886111548,1.3341898523680211,0,15,4,500,100.0,100.0,100.0,100.0,0.0,0.0,0.0,0.0
1509,41129,99.5,64.75520024728363,1.3570171293437616,0,7,4,500,100.0,100.0,100.0,98.02,0.0,0.0,0.0,0.0
1510,40323,100.0,62.87147732087836,1.308834125019093,0,9,4,500,100.0,100.0,100.0,100.0,0.0,0.0,0.0,0.0
1511,38308,99.46,62.567353412857706,1.2887297933267403,0,14,4,500,97.86,100.0,100.0,100.0,0.0,0.0,0.0,0.0
1512,40323,100.0,62.28212557747919,1.2907855412515576,0,9,4,500,100.0,100.0,100.0,100.0,0.0,0.0,0.0,0.0
1513,43131,98.0,65.30612740896862,1.2944140120291174,4,13,4,500,100.0,100.0,91.98,100.0,0.0,0.0,0.0,0.0
1514,39517,100.0,64.45062130683044,1.338833442190934,0,11,4,500,100.0,100.0,100.0,100.0,0.0,0.0,0.0,0.0
1515,42778,100.0,63.10617926872317,1.2045411084595228,1,9,4,500,100.0,100.0,100.0,100.0,0.0,0.0,0.0,0.0
1516,43181,100.0,63.68053137301127,1.2573875529568863,1,8,4,500,100.0,100.0,100.0,100.0,0.0,0.0,0.0,0.0
1517,39517,94.58,65.6734587640316,1.2619350450235018,0,11,4,500,86.85,100.0,91.46,100.0,0.0,0.0,0.0,0.0
1518,39920,100.0,63.62741919101269,1.2580524485286992,0,10,4,500,100.0,100.0,100.0,100.0,0.0,0.0,0.0,0.0
1519,38308,100.0,63.1309456327272,1.275555015084504,0,14,4,500,100.0,100.0,100.0,100.0,0.0,0.0,0.0,0.0
1520,39920,100.0,66.03738478328357,1.2955275046563504,0,10,4,500,100.0,100.0,100.0,100.0,0.0,0.0,0.0,0.0
1521,43584,97.36,63.0422213954897,1.3475447695266536,1,7,4,500,93.59,100.0,100.0,95.84,0.0,0.0,0.0,0.0
1522,40323,98.69,63.38974603265989,1.3112262668390764,0,9,4,500,100.0,100.0,94.77,100.0,0.0,0.0,0.0,0.0
1523,38308,100.0,64.75158689234345,1.2489196662397135,0,14,4,500,100.0,100.0,100.0,100.0,0.0,0.0,0.0,0.0
1524,41129,98.86,66.98745775846777,1.3000135836000168,0,7,4,500,95.42,100.0,100.0,100.0,0.0,0.0,0.0,0.0
1525,39114,100.0,63.70486345961026,1.3159977530692433,0,12,4,500,100.0,100.0,100.0,100.0,0.0,0.0,0.0,0.0
1526,41532,100.0,66.13279131628876,1.3945335051405003,0,6,4,500,100.0,100.0,100.0,100.0,0.0,0.0,0.0,0.0
1527,43181,100.0,64.9254926846406,1.2183137259424124,1,8,4,500,100.0,100.0,100.0,100.0,0.0,0.0,0.0,0.0
1528,39114,100.0,62.852703872140864,1.345230842560624,0,12,4,500,100.0,100.0,100.0,100.0,0.0,0.0,0.0,0.0
1529,43836,100.0,66.9182501465423,1.2793608876355531,2,8,4,500,100.0,100.0,100.0,100.0,0.0,0.0,0.0,0.0
1530,43030,100.0,60.851555871841136,1.2496928346509115,2,10,4,500,100.0,100.0,100.0,100.0,0.0,0.0,0.0,0.0
1531,43836,99.36,62.36430360011625,1.2873560947025262,2,8,4,500,100.0,100.0,100.0,97.44,0.0,0.0,0.0,0.0
1532,38308,99.76,63.75236087491509,1.327235471252481,0,14,4,500,100.0,99.02,100.0,100.0,0.0,0.0,0.0,0.0
1533,43836,100.0,66.29316685435879,1.2622277501162351,2,8,4,500,100.0,100.0,100.0,100.0,0.0,0.0,0.0,0.0
1534,38711,100.0,64.00302226027938,1.2337980409317966,0,13,4,500,100.0,100.0,100.0,100.0,0.0,0.0,0.0,0.0
1535,44239,100.0,62.66483207446439,1.182213491267396,2,7,4,500,100.0,100.0,100.0,100.0,0.0,0.0,0.0,0.0
1536,43433,100.0,63.10812937299468,1.2656824934980448,2,9,4,500,100.0,100.0,100.0,100.0,0.0,0.0,0.0,0.0
1537,47208,99.52,63.592887390722346,1.266561213080994,4,4,4,500,100.0,100.0,100.0,98.06,0.0,0.0,0.0,0.0
1538,44890,100.0,64.31338518575669,1.2191009767472385,1,5,4,500,100.0,100.0,100.0,100.0,0.0,0.0,0.0,0.0
1539,39114,100.0,62.7286627331501,1.237067133799614,0,12,4,500,100.0,100.0,100.0,100.0,0.0,0.0,0.0,0.0
1540,40726,100.0,62.49885424095198,1.2607902476217565,0,8,4,500,100.0,100.0,100.0,100.0,0.0,0.0,0.0,0.0
1541,40726,86.95,63.764651575412415,1.2532858997443457,0,8,4,500,93.28,89.79,82.99,81.74,0.0,0.0,0.0,0.0
1542,45545,100.0,67.58007258919912,1.218496203397624,2,5,4,500,100.0,100.0,100.0,100.0,0.0,0.0,0.0,0.0
1543,42894,100.0,64.08069381655454,1.209312819658674,0,2,4,500,100.0,100.0,100.0,100.0,0.0,0.0,0.0,0.0
1544,45146,99.2,62.5994218253301,1.2903408508821528,4,8,4,500,100.0,100.0,97.3,99.48,0.0,0.0,0.0,0.0
1545,41129,99.13,64.49384376707799,1.3108254827735124,0,7,4,500,96.52,100.0,100.0,100.0,0.0,0.0,0.0,0.0
1546,39114,99.51,65.97971430303711,1.3191633527866664,0,12,4,500,100.0,98.03,100.0,100.0,0.0,0.0,0.0,0.0
1547,42627,100.0,65.45263808516758,1.3200060431781837,2,11,4,500,100.0,100.0,100.0,100.0,0.0,0.0,0.0,0.0
1548,40726,99.76,64.69047546729499,1.3295740151332365,0,8,4,500,99.05,100.0,100.0,100.0,0.0,0.0,0.0,0.0
1549,41129,97.3,68.01207418353428,1.27145825415152,0,7,4,500,100.0,100.0,89.18,100.0,0.0,0.0,0.0,0.0
1550,40323,100.0,61.5926295714988,1.2596917570601327,0,9,4,500,100.0,100.0,100.0,100.0,0.0,0.0,0.0,0.0
1551,38711,97.48,62.9612416777074,1.2237688897433516,0,13,4,500,100.0,99.97,96.17,93.77,0.0,0.0,0.0,0.0
1552,39920,100.0,64.6053510740581,1.309922564686948,0,10,4,500,100.0,100.0,100.0,100.0,0.0,0.0,0.0,0.0
1553,41166,98.84,63.71528982056361,1.313698630114399,1,13,4,500,95.37,100.0,100.0,100.0,0.0,0.0,0.0,0.0
1554,42627,99.82,63.71074589316924,1.2919191393631078,2,11,4,500,100.0,99.27,100.0,100.0,0.0,0.0,0.0,0.0
1555,38711,99.73,66.44479750741169,1.33877796311857,0,13,4,500,100.0,100.0,100.0,98.93,0.0,0.0,0.0,0.0
1556,42627,99.63,63.11143906016249,1.221309922526755,2,11,4,500,100.0,100.0,99.1,99.42,0.0,0.0,0.0,0.0
1557,40726,89.45,63.33064665799059,1.2602891023754466,0,8,4,500,97.18,77.01,86.98,96.64,0.0,0.0,0.0,0.0
1558,38711,100.0,64.13402990318413,1.339559096590064,0,13,4,500,100.0,100.0,100.0,100.0,0.0,0.0,0.0,0.0
1559,40726,100.0,65.56538817959772,1.249486953000046,0,8,4,500,100.0,100.0,100.0,100.0,0.0,0.0,0.0,0.0
1560,43282,99.96,66.5305585517796,1.2277267269126868,3,11,4,500,99.84,100.0,100.0,100.0,0.0,0.0,0.0,0.0
1561,44239,100.0,64.41139322605297,1.3075902274525049,2,7,4,500,100.0,100.0,100.0,100.0,0.0,0.0,0.0,0.0
1562,41129,97.73,61.844465216863775,1.3151140175475164,0,7,4,500,92.68,100.0,100.0,98.25,0.0,0.0,0.0,0.0
1563,40323,100.0,63.88775940100352,1.188223879786297,0,9,4,500,100.0,100.0,100.0,100.0,0.0,0.0,0.0,0.0
1564,40726,97.98,62.61028482735667,1.3139634915230838,0,8,4,500,100.0,100.0,97.07,94.85,0.0,0.0,0.0,0.0
1565,41129,100.0,65.11533967912065,1.3153183173256304,0,7,4,500,100.0,100.0,100.0,100.0,0.0,0.0,0.0,0.0
1566,44743,100.0,64.05492855876362,1.2766425251075186,4,9,4,500,100.0,100.0,100.0,100.0,0.0,0.0,0.0,0.0
1567,43836,99.25,62.48560905834322,1.2897962645594343,2,8,4,500,100.0,97.01,100.0,100.0,0.0,0.0,0.0,0.0
1568,38308,100.0,64.64789911308435,1.2993780124830143,0,14,4,500,100.0,100.0,100.0,100.0,0.0,0.0,0.0,0.0
1569,40726,100.0,63.72620680816013,1.3263084331649897,0,8,4,500,100.0,100.0,100.0,100.0,0.0,0.0,0.0,0.0
1570,44894,100.0,66.23222425680558,1.2678737999113787,3,7,4,500,100.0,100.0,100.0,100.0,0.0,0.0,0.0,0.0
1571,44642,99.12,67.2950021772906,1.2111771111325331,2,6,4,500,100.0,96.46,100.0,100.0,0.0,0.0,0.0,0.0
1572,37502,100.0,62.61500662394535,1.3480671818760466,0,16,4,500,100.0,100.0,100.0,100.0,0.0,0.0,0.0,0.0
1573,38711,100.0,66.46372092966507,1.228122473549956,0,13,4,500,100.0,100.0,100.0,100.0,0.0,0.0,0.0,0.0
1574,44642,100.0,63.34356785759609,1.254044957451999,2,6,4,500,100.0,100.0,100.0,100.0,0.0,0.0,0.0,0.0
1575,39517,100.0,62.924725089043946,1.2840755891522666,0,11,4,500,100.0,100.0,100.0,100.0,0.0,0.0,0.0,0.0
1576,39517,100.0,62.95138928111896,1.2638516204619914,0,11,4,500,100.0,100.0,100.0,100.0,0.0,0.0,0.0,0.0
1577,38308,100.0,66.0874542843465,1.2984113504497137,0,14,4,500,100.0,100.0,100.0,100.0,0.0,0.0,0.0,0.0
1578,38711,100.0,68.05079201625668,1.3002220160321336,0,13,4,500,100.0,100.0,100.0,100.0,0.0,0.0,0.0,0.0
1579,40323,100.0,65.07588103800474,1.2318976353894688,0,9,4,500,100.0,100.0,100.0,100.0,0.0,0.0,0.0,0.0
1580,43030,99.93,63.3397940809862,1.245600315196092,2,10,4,500,100.0,99.72,100.0,100.0,0.0,0.0,0.0,0.0
1581,40323,100.0,61.24325573872464,1.2939108562881263,0,9,4,500,100.0,100.0,100.0,100.0,0.0,0.0,0.0,0.0
1582,43836,100.0,60.95371021034924,1.2295614580269087,2,8,4,500,100.0,100.0,100.0,100.0,0.0,0.0,0.0,0.0
1583,44239,100.0,61.39361096085488,1.306422704198107,2,7,4,500,100.0,100.0,100.0,100.0,0.0,0.0,0.0,0.0
1584,41532,99.63,65.97657332687808,1.3712061093093064,0,6,4,500,100.0,100.0,98.51,100.0,0.0,0.0,0.0,0.0
1585,39920,100.0,62.52098231840567,1.2574312733819304,0,10,4,500,100.0,100.0,100.0,100.0,0.0,0.0,0.0,0.0
1586,40726,99.82,64.03684690323327,1.3004972637259395,0,8,4,500,99.27,100.0,100.0,100.0,0.0,0.0,0.0,0.0
1587,45952,100.0,67.19389858425903,1.328469501565301,4,6,4,500,100.0,100.0,100.0,100.0,0.0,0.0,0.0,0.0
1588,39114,100.0,64.46595739460275,1.2226906607950792,0,12,4,500,100.0,100.0,100.0,100.0,0.0,0.0,0.0,0.0
1589,45545,100.0,64.87198024264345,1.2261623374072632,2,5,4,500,100.0,100.0,100.0,100.0,0.0,0.0,0.0,0.0
1590,45952,99.68,67.45406685276626,1.2965629723019574,4,6,4,500,100.0,98.74,100.0,100.0,0.0,0.0,0.0,0.0
1591,45146,82.52,61.89995207148963,1.3475598368494113,4,8,4,500,81.99,83.26,91.09,73.75,0.0,0.0,0.0,0.0
1592,46204,100.0,64.50781342587764,1.16922636403966,5,7,4,500,100.0,100.0,100.0,100.0,0.0,0.0,0.0,0.0
1593,41532,100.0,60.703132728490125,1.1465421892880427,0,6,4,500,100.0,100.0,100.0,100.0,0.0,0.0,0.0,0.0
1594,47208,100.0,67.47276979730496,1.2702806563717843,4,4,4,500,100.0,100.0,100.0,100.0,0.0,0.0,0.0,0.0
1595,43836,100.0,65.54061694995109,1.3011458879803577,2,8,4,500,100.0,100.0,100.0,100.0,0.0,0.0,0.0,0.0
1596,41129,97.23,63.57527730144461,1.3808060655932344,0,7,4,500,93.24,100.0,95.69,100.0,0.0,0.0,0.0,0.0
1597,39920,98.91,62.87061841879049,1.336750488494884,0,10,4,500,100.0,100.0,97.24,98.4,0.0,0.0,0.0,0.0
1598,39920,94.56,64.08450303705,1.3410590068808277,0,10,4,500,100.0,88.14,90.1,100.0,0.0,0.0,0.0,0.0
1599,40323,98.67,65.04159732706383,1.1856465073946123,0,9,4,500,94.68,100.0,100.0,100.0,0.0,0.0,0.0,0.0
1600,43836,100.0,60.59007331813,1.370478925297541,2,8,4,500,100.0,100.0,100.0,100.0,0.0,0.0,0.0,0.0
1601,43433,94.55,63.466392099672746,1.2055427355202517,2,9,4,500,92.85,100.0,100.0,85.35,0.0,0.0,0.0,0.0
1602,39517,100.0,60.46440431593722,1.3190574734686633,0,11,4,500,100.0,100.0,100.0,100.0,0.0,0.0,0.0,0.0
1603,42627,98.77,65.62759249246099,1.3580155073130002,2,11,4,500,100.0,100.0,95.08,100.0,0.0,0.0,0.0,0.0
1604,38711,100.0,63.21299039000127,1.3153315562250305,0,13,4,500,100.0,100.0,100.0,100.0,0.0,0.0,0.0,0.0
1605,43836,100.0,65.22073174657717,1.3348925157893476,2,8,4,500,100.0,100.0,100.0,100.0,0.0,0.0,0.0,0.0
1606,39114,100.0,62.96216411966864,1.2239297552048205,0,12,4,500,100.0,100.0,100.0,100.0,0.0,0.0,0.0,0.0
1607,45297,100.0,64.05425416954216,1.2841506751336556,3,6,4,500,100.0,100.0,100.0,100.0,0.0,0.0,0.0,0.0
1608,42627,100.0,64.46151140400247,1.303751381391054,2,11,4,500,100.0,100.0,100.0,100.0,0.0,0.0,0.0,0.0
1609,42224,100.0,64.0975178145976,1.3907849366541678,2,12,4,500,100.0,100.0,100.0,100.0,0.0,0.0,0.0,0.0
1610,43181,100.0,65.02371434277686,1.237630801129958,1,8,4,500,100.0,100.0,100.0,100.0,0.0,0.0,0.0,0.0
1611,37502,100.0,66.07632659073151,1.3391309771421334,0,16,4,500,100.0,100.0,100.0,100.0,0.0,0.0,0.0,0.0
1612,41129,100.0,63.31266393685337,1.2520147301925355,0,7,4,500,100.0,100.0,100.0,100.0,0.0,0.0,0.0,0.0
1613,41129,99.78,62.95212461131487,1.3024703891900182,0,7,4,500,100.0,99.11,100.0,100.0,0.0,0.0,0.0,0.0
1614,40726,100.0,63.70855032104039,1.3210085292434643,0,8,4,500,100.0,100.0,100.0,100.0,0.0,0.0,0.0,0.0
1615,40726,100.0,65.19698588966358,1.3098737306037247,0,8,4,500,100.0,100.0,100.0,100.0,0.0,0.0,0.0,0.0
1616,38308,99.4,62.52688810723533,1.2649139476564273,0,14,4,500,97.58,100.0,100.0,100.0,0.0,0.0,0.0,0.0
1617,39114,98.22,64.75934516428012,1.2171642076016354,0,12,4,500,100.0,100.0,95.68,97.18,0.0,0.0,0.0,0.0
1618,41532,100.0,66.83438720663204,1.2224441317692178,0,6,4,500,100.0,100.0,100.0,100.0,0.0,0.0,0.0,0.0
1619,43836,100.0,64.66217977893444,1.202465466149966,2,8,4,500,100.0,100.0,100.0,100.0,0.0,0.0,0.0,0.0
1620,39920,98.36,61.34487213689599,1.274743189602694,0,10,4,500,93.44,100.0,100.0,100.0,0.0,0.0,0.0,0.0
1621,40323,100.0,63.68185436549355,1.2653592244069165,0,9,4,500,100.0,100.0,100.0,100.0,0.0,0.0,0.0,0.0
1622,44642,99.3,64.92992555711257,1.234442509285399,2,6,4,500,100.0,100.0,100.0,97.18,0.0,0.0,0.0,0.0
1623,43836,98.4,63.36750502033051,1.2430213231921357,2,8,4,500,100.0,100.0,100.0,93.59,0.0,0.0,0.0,0.0
1624,38711,96.37,66.27746595426964,1.333841762066405,0,13,4,500,100.0,99.75,85.74,100.0,0.0,0.0,0.0,0.0
1625,42778,98.68,65.83411090667965,1.3273574165577422,1,9,4,500,95.93,100.0,100.0,98.8,0.0,0.0,0.0,0.0
1626,38711,100.0,62.63029276407696,1.3451723031600913,0,13,4,500,100.0,100.0,100.0,100.0,0.0,0.0,0.0,0.0
1627,39920,100.0,66.28008220489414,1.2743272582050282,0,10,4,500,100.0,100.0,100.0,100.0,0.0,0.0,0.0,0.0
1628,39517,93.22,65.57067873798376,1.1782705271883154,0,11,4,500,92.78,100.0,85.23,94.85,0.0,0.0,0.0,0.0
1629,41821,100.0,63.600870849032376,1.256224554388739,2,13,4,500,100.0,100.0,100.0,100.0,0.0,0.0,0.0,0.0
1630,40323,99.94,64.46309690501467,1.2233015811828545,0,9,4,500,100.0,99.75,100.0,100.0,0.0,0.0,0.0,0.0
1631,39517,100.0,63.18773629116812,1.323922512199316,0,11,4,500,100.0,100.0,100.0,100.0,0.0,0.0,0.0,0.0
1632,43836,96.18,65.25727572223202,1.2664700107092712,2,8,4,500,100.0,100.0,84.7,100.0,0.0,0.0,0.0,0.0
1633,40323,100.0,65.24551885287957,1.2646152189833972,0,9,4,500,100.0,100.0,100.0,100.0,0.0,0.0,0.0,0.0
1634,45549,99.29,65.5406713642369,1.278858982237184,4,7,4,500,100.0,100.0,97.16,100.0,0.0,0.0,0.0,0.0
1635,40726,100.0,66.62413290256777,1.2921497462449263,0,8,4,500,100.0,100.0,100.0,100.0,0.0,0.0,0.0,0.0
1636,39920,100.0,65.47159334238555,1.196796359986004,0,10,4,500,100.0,100.0,100.0,100.0,0.0,0.0,0.0,0.0
1637,44890,99.42,65.73588636660283,1.3132585390249176,1,5,4,500,100.0,100.0,97.67,100.0,0.0,0.0,0.0,0.0
1638,36696,100.0,66.04037246322503,1.3069692477295964,0,18,4,500,100.0,100.0,100.0,100.0,0.0,0.0,0.0,0.0
1639,46607,98.08,67.16209090756348,1.183142718829223,5,6,4,500,100.0,100.0,96.23,96.08,0.0,0.0,0.0,0.0
1640,40323,100.0,63.74238535575435,1.2868672177763574,0,9,4,500,100.0,100.0,100.0,100.0,0.0,0.0,0.0,0.0
1641,45146,100.0,63.15913848010709,1.2461448807022524,4,8,4,500,100.0,100.0,100.0,100.0,0.0,0.0,0.0,0.0
1642,41569,98.86,66.45329278968781,1.2657650904152336,1,12,4,500,99.42,96.04,100.0,100.0,0.0,0.0,0.0,0.0
1643,41129,100.0,63.26686864707859,1.32400584933134,0,7,4,500,100.0,100.0,100.0,100.0,0.0,0.0,0.0,0.0
1644,39517,98.2,65.43206391471624,1.2329359893984155,0,11,4,500,100.0,100.0,100.0,92.81,0.0,0.0,0.0,0.0
1645,39920,99.82,65.43500247940187,1.2257927298625186,0,10,4,500,99.29,100.0,100.0,100.0,0.0,0.0,0.0,0.0
1646,45549,99.64,62.487647282983176,1.2774712433425306,4,7,4,500,98.54,100.0,100.0,100.0,0.0,0.0,0.0,0.0
1647,44088,99.9,65.5071542265759,1.2207995821015225,3,9,4,500,100.0,99.79,99.83,100.0,0.0,0.0,0.0,0.0
1648,46855,96.52,64.60452873664325,1.2127814911657646,4,5,4,500,96.08,99.49,90.49,100.0,0.0,0.0,0.0,0.0
1649,40323,100.0,65.58394132008195,1.3124771779532352,0,9,4,500,100.0,100.0,100.0,100.0,0.0,0.0,0.0,0.0
1650,44642,99.95,65.69797402368307,1.332947724087035,2,6,4,500,99.8,100.0,100.0,100.0,0.0,0.0,0.0,0.0
1651,42435,100.0,65.10167567176799,1.3020206334355666,0,5,4,500,100.0,100.0,100.0,100.0,0.0,0.0,0.0,0.0
1652,43030,100.0,64.27907854234175,1.280325168511971,2,10,4,500,100.0,100.0,100.0,100.0,0.0,0.0,0.0,0.0
1653,42741,99.59,62.55640321746285,1.2818789845054832,0,3,4,500,98.36,100.0,100.0,100.0,0.0,0.0,0.0,0.0
1654,40323,100.0,63.41801366168946,1.256910779292172,0,9,4,500,100.0,100.0,100.0,100.0,0.0,0.0,0.0,0.0
1655,42224,100.0,61.50086526585832,1.23387626924905,2,12,4,500,100.0,100.0,100.0,100.0,0.0,0.0,0.0,0.0
1656,44642,100.0,65.10436520685965,1.2515843180560506,2,6,4,500,100.0,100.0,100.0,100.0,0.0,0.0,0.0,0.0
1657,43030,98.84,68.19690325867452,1.26753398557138,2,10,4,500,98.42,100.0,96.93,100.0,0.0,0.0,0.0,0.0
1658,40323,100.0,65.0446276253915,1.2006380662196514,0,9,4,500,100.0,100.0,100.0,100.0,0.0,0.0,0.0,0.0
1659,45952,97.92,65.18226017511304,1.2654381021820664,4,6,4,500,100.0,96.38,100.0,95.32,0.0,0.0,0.0,0.0
1660,40726,100.0,64.87950705113788,1.2308851907880467,0,8,4,500,100.0,100.0,100.0,100.0,0.0,0.0,0.0,0.0
1661,42375,100.0,66.51946110455143,1.2759993742893043,1,10,4,500,100.0,100.0,100.0,100.0,0.0,0.0,0.0,0.0
1662,44995,100.0,65.45986795590358,1.271003285663719,5,10,4,500,100.0,100.0,100.0,100.0,0.0,0.0,0.0,0.0
1663,45043,97.13,65.12637594815243,1.2318921635993592,1,4,4,500,97.29,91.23,100.0,100.0,0.0,0.0,0.0,0.0
1664,39920,100.0,65.88193270210131,1.312303985105387,0,10,4,500,100.0,100.0,100.0,100.0,0.0,0.0,0.0,0.0
1665,44890,100.0,65.59467414471857,1.3030158157227436,1,5,4,500,100.0,100.0,100.0,100.0,0.0,0.0,0.0,0.0
1666,40726,100.0,63.32696623996059,1.23263567579818,0,8,4,500,100.0,100.0,100.0,100.0,0.0,0.0,0.0,0.0
1667,39114,100.0,66.91841157126547,1.3042688663593094,0,12,4,500,100.0,100.0,100.0,100.0,0.0,0.0,0.0,0.0
1668,42627,95.43,64.85001931256603,1.1876641976721594,2,11,4,500,100.0,91.95,91.06,98.7,0.0,0.0,0.0,0.0
1669,61521,93.34,65.33364550567373,1.289954260170472,6,3,4,500,100.0,91.14,94.35,87.88,0.0,0.0,0.0,0.0
1670,38711,99.77,64.23569238502327,1.3220717831687474,0,13,4,500,100.0,99.07,100.0,100.0,0.0,0.0,0.0,0.0
1671,43987,97.75,61.20576064834808,1.2409377683886451,1,6,4,500,100.0,91.01,100.0,100.0,0.0,0.0,0.0,0.0
1672,39517,99.8,63.2732539203414,1.2777064038084895,0,11,4,500,100.0,100.0,99.2,100.0,0.0,0.0,0.0,0.0
1673,42879,99.44,64.0191652466427,1.2983404427794,3,12,4,500,100.0,100.0,97.75,100.0,0.0,0.0,0.0,0.0
1674,44743,100.0,62.6204583642804,1.252817842377776,4,9,4,500,100.0,100.0,100.0,100.0,0.0,0.0,0.0,0.0
1675,43836,100.0,62.22897916828705,1.1053365685600631,2,8,4,500,100.0,100.0,100.0,100.0,0.0,0.0,0.0,0.0
1676,44743,97.25,65.4118281195681,1.2578653748924908,4,9,4,500,92.46,100.0,96.55,100.0,0.0,0.0,0.0,0.0
1677,45549,99.4,61.79207058370761,1.3510696958514097,4,7,4,500,100.0,100.0,100.0,97.59,0.0,0.0,0.0,0.0
1678,45297,98.48,64.90761547194161,1.2906774892093758,3,6,4,500,100.0,100.0,100.0,93.94,0.0,0.0,0.0,0.0
1679,43181,92.39,63.54628975163368,1.1481490098890854,1,8,4,500,81.77,100.0,87.79,100.0,0.0,0.0,0.0,0.0
1680,38711,100.0,63.36087333248678,1.2677752445137491,0,13,4,500,100.0,100.0,100.0,100.0,0.0,0.0,0.0,0.0
1681,40726,99.69,63.34905153722733,1.3444428335173249,0,8,4,500,100.0,100.0,98.76,100.0,0.0,0.0,0.0,0.0
1682,40323,88.52,61.50529184540075,1.2657405891533655,0,9,4,500,88.44,76.49,96.21,92.95,0.0,0.0,0.0,0.0
1683,39920,99.46,64.81055598298845,1.3046442427480929,0,10,4,500,98.58,100.0,99.24,100.0,0.0,0.0,0.0,0.0
1684,40726,100.0,60.957173406043694,1.2778608537477558,0,8,4,500,100.0,100.0,100.0,100.0,0.0,0.0,0.0,0.0
1685,44491,100.0,62.90379428029448,1.2451240591528605,3,8,4,500,100.0,100.0,100.0,100.0,0.0,0.0,0.0,0.0
1686,44894,100.0,62.62604347765559,1.176580973566825,3,7,4,500,100.0,100.0,100.0,100.0,0.0,0.0,0.0,0.0
1687,42627,99.26,63.73714963547796,1.2999514952508666,2,11,4,500,97.06,100.0,100.0,100.0,0.0,0.0,0.0,0.0
1688,43937,100.0,62.92774115116043,1.1900113285035236,4,11,4,500,100.0,100.0,100.0,100.0,0.0,0.0,0.0,0.0
1689,47208,100.0,63.43016358693776,1.2441067316797294,4,4,4,500,100.0,100.0,100.0,100.0,0.0,0.0,0.0,0.0
1690,42778,99.21,62.313196243514085,1.270219252345543,1,9,4,500,96.84,100.0,100.0,100.0,0.0,0.0,0.0,0.0
1691,42588,100.0,65.32256647374992,1.2628350287318664,0,4,4,500,100.0,100.0,100.0,100.0,0.0,0.0,0.0,0.0
1692,45952,100.0,65.2891414015094,1.236519407326295,4,6,4,500,100.0,100.0,100.0,100.0,0.0,0.0,0.0,0.0
1693,46607,100.0,63.338784805346926,1.237520052105105,5,6,4,500,100.0,100.0,100.0,100.0,0.0,0.0,0.0,0.0
1694,47714,100.0,64.3397865602825,1.241291954114651,7,7,4,500,100.0,100.0,100.0,100.0,0.0,0.0,0.0,0.0
1695,45952,100.0,63.76599483259944,1.3045476855697844,4,6,4,500,100.0,100.0,100.0,100.0,0.0,0.0,0.0,0.0
1696,39114,100.0,66.09661412176847,1.162983941971147,0,12,4,500,100.0,100.0,100.0,100.0,0.0,0.0,0.0,0.0
1697,37905,99.54,67.12963519666347,1.3009796940161285,0,15,4,500,100.0,98.18,100.0,100.0,0.0,0.0,0.0,0.0
1698,47208,100.0,62.79119366738366,1.3285486623315226,4,4,4,500,100.0,100.0,100.0,100.0,0.0,0.0,0.0,0.0
1699,40323,96.72,65.9809568269598,1.1512752989861506,0,9,4,500,91.44,95.45,100.0,100.0,0.0,0.0,0.0,0.0
1700,41821,100.0,61.72665728663211,1.3273471828658774,2,13,4,500,100.0,100.0,100.0,100.0,0.0,0.0,0.0,0.0
1701,40323,99.28,63.5433531373253,1.197344898843946,0,9,4,500,97.72,100.0,99.42,100.0,0.0,0.0,0.0,0.0
1702,42627,100.0,65.74020707754217,1.181668405465646,2,11,4,500,100.0,100.0,100.0,100.0,0.0,0.0,0.0,0.0
1703,43685,100.0,64.22386099930395,1.3006698879708565,3,10,4,500,100.0,100.0,100.0,100.0,0.0,0.0,0.0,0.0
1704,39517,99.68,62.76283269664484,1.2217405690391778,0,11,4,500,100.0,100.0,100.0,98.71,0.0,0.0,0.0,0.0
1705,47208,100.0,63.33939390525497,1.3015140215040837,4,4,4,500,100.0,100.0,100.0,100.0,0.0,0.0,0.0,0.0
1706,44894,96.14,63.86000840849363,1.2559931590363649,3,7,4,500,97.99,100.0,91.53,95.06,0.0,0.0,0.0,0.0
1707,44340,100.0,65.11957321728573,1.2426251577921126,4,10,4,500,100.0,100.0,100.0,100.0,0.0,0.0,0.0,0.0
1708,39517,99.98,64.32944310292557,1.2664457626958028,0,11,4,500,100.0,100.0,99.94,100.0,0.0,0.0,0.0,0.0
1709,41129,100.0,66.84448981272703,1.306730709776571,0,7,4,500,100.0,100.0,100.0,100.0,0.0,0.0,0.0,0.0
1710,43836,99.5,66.37384275231636,1.2143625577586703,2,8,4,500,97.99,100.0,100.0,100.0,0.0,0.0,0.0,0.0
1711,39920,99.76,64.45043496049385,1.3219827451611932,0,10,4,500,100.0,100.0,100.0,99.06,0.0,0.0,0.0,0.0
1712,45146,100.0,62.48155694416496,1.2515540369929865,4,8,4,500,100.0,100.0,100.0,100.0,0.0,0.0,0.0,0.0
1713,40323,100.0,62.45285648926271,1.2826466618287935,0,9,4,500,100.0,100.0,99.98,100.0,0.0,0.0,0.0,0.0
1714,45398,100.0,63.77425938420792,1.3105913656899129,5,9,4,500,100.0,100.0,100.0,100.0,0.0,0.0,0.0,0.0
1715,40726,99.88,62.24515715400834,1.279722066727162,0,8,4,500,99.53,100.0,100.0,100.0,0.0,0.0,0.0,0.0
1716,38711,98.98,62.77398297618451,1.2009807161827235,0,13,4,500,100.0,100.0,95.9,100.0,0.0,0.0,0.0,0.0
1717,45549,100.0,64.18718413008493,1.2811502131798918,4,7,4,500,100.0,100.0,100.0,100.0,0.0,0.0,0.0,0.0
1718,44642,100.0,65.36641823910341,1.2557977879639064,2,6,4,500,100.0,100.0,100.0,100.0,0.0,0.0,0.0,0.0
1719,49515,100.0,66.39837265843931,1.31167405842622,6,5,4,500,100.0,100.0,100.0,100.0,0.0,0.0,0.0,0.0
1720,45545,100.0,63.363978038883616,1.3191598553425763,2,5,4,500,100.0,100.0,100.0,100.0,0.0,0.0,0.0,0.0
1721,41532,100.0,65.152433484373,1.3042791845418136,0,6,4,500,100.0,100.0,100.0,100.0,0.0,0.0,0.0,0.0
1722,48511,97.43,64.29136015937645,1.3353529900934102,4,3,4,500,95.54,100.0,94.16,100.0,0.0,0.0,0.0,0.0
1723,39114,98.4,64.35470114628355,1.2978693702275454,0,12,4,500,100.0,93.6,100.0,100.0,0.0,0.0,0.0,0.0
1724,40726,100.0,67.29776894412325,1.2276641081637634,0,8,4,500,100.0,100.0,100.0,100.0,0.0,0.0,0.0,0.0
1725,45146,100.0,66.41681317121142,1.2767371882307088,4,8,4,500,100.0,100.0,100.0,100.0,0.0,0.0,0.0,0.0
1726,45247,100.0,64.51542657249884,1.2339043098192934,6,11,4,500,100.0,100.0,100.0,100.0,0.0,0.0,0.0,0.0
1727,45801,100.0,64.01175179167323,1.2113998593867057,5,8,4,500,100.0,100.0,100.0,100.0,0.0,0.0,0.0,0.0
1728,45698,99.43,65.56756279286026,1.1769770631291725,2,4,4,500,100.0,100.0,97.72,100.0,0.0,0.0,0.0,0.0
1729,45549,100.0,62.51087397841731,1.319487393039824,4,7,4,500,100.0,100.0,100.0,100.0,0.0,0.0,0.0,0.0
1730,45146,100.0,62.47935909114759,1.310625023299065,4,8,4,500,100.0,100.0,100.0,100.0,0.0,0.0,0.0,0.0
1731,44844,100.0,66.49095961311443,1.257727528313461,6,12,4,500,100.0,100.0,100.0,100.0,0.0,0.0,0.0,0.0
1732,46607,98.56,63.38456823182515,1.2532328438424922,5,6,4,500,100.0,94.22,100.0,100.0,0.0,0.0,0.0,0.0
1733,44743,98.67,65.80499080895066,1.3156689811928506,4,9,4,500,100.0,100.0,94.69,100.0,0.0,0.0,0.0,0.0
1734,40323,99.45,64.95080553868743,1.242832703936848,0,9,4,500,100.0,97.81,100.0,100.0,0.0,0.0,0.0,0.0
1735,44743,100.0,64.38177870507835,1.3406408211132856,4,9,4,500,100.0,100.0,100.0,100.0,0.0,0.0,0.0,0.0
1736,40323,96.58,63.23768791860476,1.332783137983904,0,9,4,500,94.96,100.0,100.0,91.35,0.0,0.0,0.0,0.0
1737,38308,100.0,65.32757617354761,1.2211139982548462,0,14,4,500,100.0,100.0,100.0,100.0,0.0,0.0,0.0,0.0
1738,47208,100.0,66.11276735190461,1.2598348365770025,4,4,4,500,100.0,100.0,100.0,100.0,0.0,0.0,0.0,0.0
1739,43030,96.14,62.15354924866506,1.2605648765477435,2,10,4,500,100.0,98.08,91.69,94.8,0.0,0.0,0.0,0.0
1740,49515,97.48,66.40630458551026,1.307826114346851,6,5,4,500,100.0,100.0,91.44,98.5,0.0,0.0,0.0,0.0
1741,41129,100.0,64.49192482494955,1.3703545252417937,0,7,4,500,100.0,100.0,100.0,100.0,0.0,0.0,0.0,0.0
1742,38711,100.0,63.46349480509528,1.210089022148345,0,13,4,500,100.0,100.0,100.0,100.0,0.0,0.0,0.0,0.0
1743,39920,99.1,64.14456328314166,1.3368454465531934,0,10,4,500,96.41,100.0,100.0,100.0,0.0,0.0,0.0,0.0
1744,40726,99.92,66.14894151336142,1.33746637210849,0,8,4,500,100.0,100.0,99.7,100.0,0.0,0.0,0.0,0.0
1745,46053,100.0,66.09872217206842,1.210136184328748,6,9,4,500,100.0,100.0,100.0,100.0,0.0,0.0,0.0,0.0
1746,43836,100.0,67.43975307170984,1.137193541148986,2,8,4,500,100.0,100.0,100.0,100.0,0.0,0.0,0.0,0.0
1747,45698,100.0,66.84592651060039,1.2724387467886604,2,4,4,500,100.0,100.0,100.0,100.0,0.0,0.0,0.0,0.0
1748,45297,99.76,65.3152551226591,1.2564488525005897,3,6,4,500,100.0,100.0,100.0,99.02,0.0,0.0,0.0,0.0
1749,46456,99.86,63.623828498799305,1.2732471955613804,6,8,4,500,100.0,99.42,100.0,100.0,0.0,0.0,0.0,0.0
1750,39517,99.84,65.43539963653602,1.2022343031483962,0,11,4,500,100.0,99.36,100.0,100.0,0.0,0.0,0.0,0.0
1751,42588,99.84,67.56450442547401,1.2322936745289352,0,4,4,500,100.0,100.0,99.38,100.0,0.0,0.0,0.0,0.0
1752,39920,100.0,62.67862760802328,1.210131955925395,0,10,4,500,100.0,100.0,100.0,100.0,0.0,0.0,0.0,0.0
1753,45650,99.38,62.734219613549456,1.1967865538076845,6,10,4,500,100.0,97.51,100.0,100.0,0.0,0.0,0.0,0.0
1754,39517,94.83,66.4915326423373,1.3069984220014317,0,11,4,500,100.0,98.83,87.68,92.82,0.0,0.0,0.0,0.0
1755,43584,95.39,64.56291837068412,1.1933255213718683,1,7,4,500,100.0,94.15,87.4,100.0,0.0,0.0,0.0,0.0
1756,38711,100.0,63.31204250322719,1.2177342093432262,0,13,4,500,100.0,100.0,100.0,100.0,0.0,0.0,0.0,0.0
1757,43584,100.0,63.0725034920058,1.2647758545637162,1,7,4,500,100.0,100.0,100.0,100.0,0.0,0.0,0.0,0.0
1758,43836,100.0,62.957218954991255,1.294089091836425,2,8,4,500,100.0,100.0,100.0,100.0,0.0,0.0,0.0,0.0
1759,43181,100.0,64.22790731312925,1.1754476396378668,1,8,4,500,100.0,100.0,100.0,100.0,0.0,0.0,0.0,0.0
1760,43433,100.0,64.58117709543806,1.2790912040571958,2,9,4,500,100.0,100.0,100.0,100.0,0.0,0.0,0.0,0.0
1761,40726,100.0,65.20908670131078,1.3204365760733372,0,8,4,500,100.0,100.0,100.0,100.0,0.0,0.0,0.0,0.0
1762,40323,100.0,62.52748381761792,1.276139559082475,0,9,4,500,100.0,100.0,100.0,100.0,0.0,0.0,0.0,0.0
1763,41129,99.9,65.10732122962209,1.2424777966372436,0,7,4,500,100.0,100.0,99.62,100.0,0.0,0.0,0.0,0.0
1764,45043,97.96,63.095105700899246,1.254341011377692,1,4,4,500,100.0,100.0,100.0,91.83,0.0,0.0,0.0,0.0
1765,43987,100.0,68.45363031899049,1.2032099297436256,1,6,4,500,100.0,100.0,100.0,100.0,0.0,0.0,0.0,0.0
1766,54018,100.0,62.4268221873424,1.2203276641998793,6,4,4,500,100.0,100.0,100.0,100.0,0.0,0.0,0.0,0.0
1767,44340,100.0,64.41039696734451,1.190433399105015,4,10,4,500,100.0,100.0,100.0,100.0,0.0,0.0,0.0,0.0
1768,45545,99.34,66.06001503096168,1.1627912336602932,2,5,4,500,100.0,100.0,97.34,100.0,0.0,0.0,0.0,0.0
1769,42435,99.45,61.48194442290379,1.334807971799586,0,5,4,500,100.0,100.0,97.8,100.0,0.0,0.0,0.0,0.0
1770,42375,100.0,64.10185238556701,1.2627836365398135,1,10,4,500,100.0,100.0,100.0,100.0,0.0,0.0,0.0,0.0
1771,41166,98.4,64.9949843032347,1.3068654436932494,1,13,4,500,97.33,96.25,100.0,100.0,0.0,0.0,0.0,0.0
1772,45545,99.24,64.23527713613863,1.2251972524368089,2,5,4,500,100.0,99.65,100.0,97.33,0.0,0.0,0.0,0.0
1773,46859,100.0,65.49887654066315,1.1417887789853336,6,7,4,500,100.0,100.0,100.0,100.0,0.0,0.0,0.0,0.0
1774,44743,100.0,64.79898799234086,1.3358838084104074,4,9,4,500,100.0,100.0,100.0,100.0,0.0,0.0,0.0,0.0
1775,42588,100.0,60.8409577142429,1.2197295859349002,0,4,4,500,100.0,100.0,100.0,100.0,0.0,0.0,0.0,0.0
1776,42224,100.0,66.26980979280637,1.21710036457373,2,12,4,500,100.0,100.0,100.0,100.0,0.0,0.0,0.0,0.0
1777,44890,100.0,63.80051614457059,1.203277763057192,1,5,4,500,100.0,100.0,100.0,100.0,0.0,0.0,0.0,0.0
1778,45297,99.86,65.6357605283269,1.1950164586730123,3,6,4,500,100.0,100.0,100.0,99.45,0.0,0.0,0.0,0.0
1779,43433,100.0,64.05178943958676,1.3257067998341758,2,9,4,500,100.0,100.0,100.0,100.0,0.0,0.0,0.0,0.0
1780,40726,100.0,65.66602166519783,1.251809133676595,0,8,4,500,100.0,100.0,100.0,100.0,0.0,0.0,0.0,0.0
1781,39920,100.0,65.33852604515833,1.251250448092237,0,10,4,500,100.0,100.0,100.0,100.0,0.0,0.0,0.0,0.0
1782,45146,100.0,67.54399778600526,1.208878537347829,4,8,4,500,100.0,100.0,100.0,100.0,0.0,0.0,0.0,0.0
1783,45146,100.0,63.9961827639859,1.2319175945323602,4,8,4,500,100.0,100.0,100.0,100.0,0.0,0.0,0.0,0.0
1784,42435,99.06,64.74180079428521,1.2513516764203756,0,5,4,500,100.0,100.0,96.24,100.0,0.0,0.0,0.0,0.0
1785,42435,99.08,62.71538098933081,1.2364625295155232,0,5,4,500,100.0,100.0,100.0,96.33,0.0,0.0,0.0,0.0
1786,41129,100.0,63.24380816719832,1.292930399535129,0,7,4,500,100.0,100.0,100.0,100.0,0.0,0.0,0.0,0.0
1787,43181,82.61,65.3109821541557,1.2103778429441572,1,8,4,500,73.84,78.86,88.43,89.3,0.0,0.0,0.0,0.0
1788,39920,94.72,66.4080537300185,1.342948894286386,0,10,4,500,90.66,88.22,100.0,100.0,0.0,0.0,0.0,0.0
1789,39920,100.0,63.418432428069615,1.3205737854759574,0,10,4,500,100.0,100.0,100.0,100.0,0.0,0.0,0.0,0.0
1790,40726,100.0,66.61525755170564,1.203133537609411,0,8,4,500,100.0,100.0,100.0,100.0,0.0,0.0,0.0,0.0
1791,43534,95.31,65.13653060361841,1.1511814890304708,4,12,4,500,96.26,100.0,100.0,84.98,0.0,0.0,0.0,0.0
1792,39517,99.6,66.54876570559794,1.2486394370500562,0,11,4,500,100.0,98.41,100.0,100.0,0.0,0.0,0.0,0.0
1793,46053,100.0,65.26949836651532,1.2663909192667606,6,9,4,500,100.0,100.0,100.0,100.0,0.0,0.0,0.0,0.0
1794,42435,92.81,63.75771963456186,1.3051711499683427,0,5,4,500,100.0,93.82,90.84,86.57,0.0,0.0,0.0,0.0
1795,44491,100.0,64.41719079287063,1.2902449747439264,3,8,4,500,100.0,100.0,100.0,100.0,0.0,0.0,0.0,0.0
1796,45146,100.0,66.45741304034009,1.23018885365698,4,8,4,500,100.0,100.0,100.0,100.0,0.0,0.0,0.0,0.0
1797,44642,99.86,62.21485650820549,1.3277102073247098,2,6,4,500,100.0,100.0,99.44,100.0,0.0,0.0,0.0,0.0
1798,47462,100.0,62.0641947513003,1.3305695841431977,6,6,4,500,100.0,100.0,100.0,100.0,0.0,0.0,0.0,0.0
1799,38711,100.0,64.7699298379953,1.2707276843928494,0,13,4,500,100.0,100.0,100.0,100.0,0.0,0.0,0.0,0.0
1800,39517,100.0,63.92025121005097,1.3264813230769177,0,11,4,500,100.0,100.0,100.0,100.0,0.0,0.0,0.0,0.0
1801,39920,99.13,64.35358022229826,1.177809314332687,0,10,4,500,96.52,100.0,100.0,100.0,0.0,0.0,0.0,0.0
1802,43433,100.0,63.04563502436223,1.2305100310535753,2,9,4,500,100.0,100.0,100.0,100.0,0.0,0.0,0.0,0.0
1803,45545,100.0,64.03332636033146,1.2801478084761282,2,5,4,500,100.0,100.0,100.0,100.0,0.0,0.0,0.0,0.0
1804,49515,100.0,65.72818989478668,1.2157206515334729,6,5,4,500,100.0,100.0,100.0,100.0,0.0,0.0,0.0,0.0
1805,45549,100.0,62.03163918968394,1.3042955790399018,4,7,4,500,100.0,100.0,100.0,100.0,0.0,0.0,0.0,0.0
1806,41532,99.92,65.86428643390344,1.2639233549206867,0,6,4,500,99.68,100.0,100.0,100.0,0.0,0.0,0.0,0.0
1807,44642,100.0,65.59910581148849,1.2903086675457296,2,6,4,500,100.0,100.0,100.0,100.0,0.0,0.0,0.0,0.0
1808,45801,99.92,64.47903270822388,1.260478464560162,5,8,4,500,100.0,100.0,99.68,100.0,0.0,0.0,0.0,0.0
1809,38308,99.85,67.31111658929629,1.1333138356444112,0,14,4,500,100.0,100.0,100.0,99.41,0.0,0.0,0.0,0.0
1810,46200,100.0,66.27750059276377,1.2349495530816692,3,5,4,500,100.0,100.0,100.0,100.0,0.0,0.0,0.0,0.0
1811,45349,100.0,64.23512632661773,1.263606750960457,1,2,4,500,100.0,100.0,100.0,100.0,0.0,0.0,0.0,0.0
1812,45549,100.0,65.48450524089623,1.312052267109144,4,7,4,500,100.0,100.0,100.0,100.0,0.0,0.0,0.0,0.0
1813,39920,97.03,64.67005273484862,1.2720695796390242,0,10,4,500,93.35,100.0,94.77,100.0,0.0,0.0,0.0,0.0
1814,38711,99.76,66.01148060043379,1.1720719796828574,0,13,4,500,100.0,99.06,100.0,100.0,0.0,0.0,0.0,0.0
1815,44890,99.7,62.67421676399269,1.188492429430454,1,5,4,500,100.0,100.0,99.59,99.2,0.0,0.0,0.0,0.0
1816,45545,96.98,68.41950144053355,1.265503908297729,2,5,4,500,100.0,87.91,100.0,100.0,0.0,0.0,0.0,0.0
1817,39920,98.62,64.46526820598342,1.2530241158114552,0,10,4,500,100.0,100.0,94.5,100.0,0.0,0.0,0.0,0.0
1818,43836,98.96,66.9940210792633,1.3544745674304377,2,8,4,500,100.0,100.0,95.85,100.0,0.0,0.0,0.0,0.0
1819,39517,99.73,64.75941168142198,1.2400307488188131,0,11,4,500,100.0,98.93,100.0,100.0,0.0,0.0,0.0,0.0
1820,44088,100.0,67.14747836772892,1.2605238998615225,3,9,4,500,100.0,100.0,100.0,100.0,0.0,0.0,0.0,0.0
1821,49515,99.08,65.44445424124709,1.2111918345894988,6,5,4,500,100.0,100.0,100.0,96.34,0.0,0.0,0.0,0.0
1822,45952,99.38,63.75425125671287,1.2915181365781765,4,6,4,500,100.0,100.0,100.0,97.51,0.0,0.0,0.0,0.0
1823,41532,100.0,64.24780698427156,1.254881676359355,0,6,4,500,100.0,100.0,100.0,100.0,0.0,0.0,0.0,0.0
1824,43433,98.38,65.660647314774,1.2313135468039058,2,9,4,500,96.26,100.0,100.0,97.25,0.0,0.0,0.0,0.0
1825,42435,99.37,65.52278098831732,1.181869796846497,0,5,4,500,98.42,99.06,100.0,100.0,0.0,0.0,0.0,0.0
1826,38711,96.69,62.95860718288717,1.3215547029133086,0,13,4,500,90.7,97.81,100.0,98.24,0.0,0.0,0.0,0.0
1827,44239,100.0,66.16118427270938,1.3036770954363786,2,7,4,500,100.0,100.0,100.0,100.0,0.0,0.0,0.0,0.0
1828,41129,100.0,66.61017258434583,1.1696812453149263,0,7,4,500,100.0,100.0,100.0,100.0,0.0,0.0,0.0,0.0
1829,41129,100.0,61.55670083439087,1.2804851352232207,0,7,4,500,100.0,100.0,100.0,100.0,0.0,0.0,0.0,0.0
1830,39517,100.0,66.33833184156575,1.2444185897464417,0,11,4,500,100.0,100.0,100.0,100.0,0.0,0.0,0.0,0.0
1831,46053,100.0,62.951574195146215,1.1996556715923858,6,9,4,500,100.0,100.0,100.0,100.0,0.0,0.0,0.0,0.0
1832,44239,100.0,67.48036108095607,1.277474680763916,2,7,4,500,100.0,100.0,100.0,100.0,0.0,0.0,0.0,0.0
1833,39517,99.42,65.03491201348528,1.3211462870763817,0,11,4,500,100.0,97.66,100.0,100.0,0.0,0.0,0.0,0.0
1834,46204,100.0,64.14632688795615,1.1686064740745874,5,7,4,500,100.0,100.0,100.0,100.0,0.0,0.0,0.0,0.0
1835,49267,100.0,65.18228010542633,1.1937004099613238,7,6,4,500,100.0,100.0,100.0,100.0,0.0,0.0,0.0,0.0
1836,62525,100.0,63.834826933873934,1.2317174359670793,8,5,4,500,100.0,100.0,100.0,100.0,0.0,0.0,0.0,0.0
1837,43030,99.28,65.5290931583106,1.3400824722642897,2,10,4,500,100.0,98.1,100.0,99.02,0.0,0.0,0.0,0.0
1838,45549,99.81,64.88834888678822,1.1934950308687673,4,7,4,500,100.0,100.0,99.23,100.0,0.0,0.0,0.0,0.0
1839,43534,100.0,65.42842436905366,1.2459356494239655,4,12,4,500,100.0,100.0,100.0,100.0,0.0,0.0,0.0,0.0
1840,42435,100.0,62.521473435332055,1.3373387061847644,0,5,4,500,100.0,100.0,100.0,100.0,0.0,0.0,0.0,0.0
1841,43433,100.0,65.02349057003815,1.1866226707796974,2,9,4,500,100.0,100.0,100.0,100.0,0.0,0.0,0.0,0.0
1842,38308,98.04,64.16624701768984,1.2678524389581205,0,14,4,500,100.0,96.23,100.0,95.93,0.0,0.0,0.0,0.0
1843,46855,100.0,64.49146902682324,1.3468029031588358,4,5,4,500,100.0,100.0,100.0,100.0,0.0,0.0,0.0,0.0
1844,43987,100.0,64.82800661740194,1.2666305131370412,1,6,4,500,100.0,100.0,100.0,100.0,0.0,0.0,0.0,0.0
1845,43836,100.0,66.46599919819107,1.2898714138118397,2,8,4,500,100.0,100.0,100.0,100.0,0.0,0.0,0.0,0.0
1846,45952,100.0,66.49364691986575,1.2269702563411908,4,6,4,500,100.0,100.0,100.0,100.0,0.0,0.0,0.0,0.0
1847,44239,99.43,65.22711422609407,1.203556063070881,2,7,4,500,100.0,100.0,97.71,100.0,0.0,0.0,0.0,0.0
1848,47462,100.0,64.4385441402117,1.295889800914029,6,6,4,500,100.0,100.0,100.0,100.0,0.0,0.0,0.0,0.0
1849,43282,99.33,63.11797524123291,1.1985020636847414,3,11,4,500,100.0,97.32,100.0,100.0,0.0,0.0,0.0,0.0
1850,42375,99.64,65.15501996089323,1.2734336298218851,1,10,4,500,100.0,100.0,100.0,98.58,0.0,0.0,0.0,0.0
1851,47462,100.0,63.2056642572952,1.234038388672235,6,6,4,500,100.0,100.0,100.0,100.0,0.0,0.0,0.0,0.0
1852,43433,100.0,64.23908903396081,1.298446500284963,2,9,4,500,100.0,100.0,100.0,100.0,0.0,0.0,0.0,0.0
1853,43433,100.0,62.564310450039386,1.1731608711036503,2,9,4,500,100.0,99.98,100.0,100.0,0.0,0.0,0.0,0.0
1854,47966,100.0,63.88695136610711,1.2241146711175497,8,8,4,500,100.0,100.0,100.0,100.0,0.0,0.0,0.0,0.0
1855,46200,100.0,66.18452092045581,1.2070973743790152,3,5,4,500,100.0,100.0,100.0,100.0,0.0,0.0,0.0,0.0
1856,42588,99.82,64.84443370919695,1.2056776590958227,0,4,4,500,100.0,100.0,100.0,99.29,0.0,0.0,0.0,0.0
1857,42778,100.0,60.07157492542325,1.1574799706409522,1,9,4,500,100.0,100.0,100.0,100.0,0.0,0.0,0.0,0.0
1858,47714,100.0,64.94271110508409,1.1986871848756018,7,7,4,500,100.0,100.0,100.0,100.0,0.0,0.0,0.0,0.0
1859,45801,100.0,65.71141497520507,1.300970085211242,5,8,4,500,100.0,100.0,100.0,100.0,0.0,0.0,0.0,0.0
1860,147040,99.23,64.03754971652177,1.2730611502369686,8,0,4,500,98.9,98.01,100.0,100.0,0.0,0.0,0.0,0.0
1861,61521,80.41,65.05950930297709,1.292167341707129,6,3,4,500,85.29,85.42,77.79,73.16,0.0,0.0,0.0,0.0
1862,46204,99.87,65.43863855303434,1.2075248180593103,2,2,4,500,100.0,100.0,100.0,99.49,0.0,0.0,0.0,0.0
1863,46706,98.52,64.58784369947432,1.2663230127058265,3,3,4,500,96.92,97.14,100.0,100.0,0.0,0.0,0.0,0.0
1864,38308,96.22,65.09807927447812,1.1801587143458865,0,14,4,500,100.0,100.0,100.0,84.86,0.0,0.0,0.0,0.0
1865,44239,100.0,67.17159134967494,1.160169674969704,2,7,4,500,100.0,100.0,100.0,100.0,0.0,0.0,0.0,0.0
1866,39920,100.0,66.64732029734643,1.208655545305071,0,10,4,500,100.0,100.0,100.0,100.0,0.0,0.0,0.0,0.0
1867,45247,100.0,65.88796089056584,1.206315620512564,6,11,4,500,100.0,100.0,100.0,100.0,0.0,0.0,0.0,0.0
1868,40726,100.0,64.05089820210341,1.2005472535661774,0,8,4,500,100.0,100.0,100.0,100.0,0.0,0.0,0.0,0.0
1869,46859,100.0,65.65668076471363,1.255754945638436,6,7,4,500,100.0,100.0,100.0,100.0,0.0,0.0,0.0,0.0
1870,44239,100.0,60.69149768759434,1.2963578199843366,2,7,4,500,100.0,100.0,100.0,100.0,0.0,0.0,0.0,0.0
1871,40726,100.0,64.7542228852229,1.242415631614768,0,8,4,500,100.0,100.0,100.0,100.0,0.0,0.0,0.0,0.0
1872,49515,100.0,63.63936554317249,1.1538690858349665,6,5,4,500,100.0,100.0,100.0,100.0,0.0,0.0,0.0,0.0
1873,46706,98.41,62.49485286587927,1.3054068646302346,3,3,4,500,100.0,100.0,100.0,93.65,0.0,0.0,0.0,0.0
1874,46053,100.0,63.9589280743659,1.2446997525298826,6,9,4,500,100.0,100.0,100.0,100.0,0.0,0.0,0.0,0.0
1875,61521,100.0,64.58292661775694,1.2712909434927708,6,3,4,500,100.0,100.0,100.0,100.0,0.0,0.0,0.0,0.0
1876,40323,99.48,63.80937013171277,1.2435426291603415,0,9,4,500,100.0,100.0,97.93,100.0,0.0,0.0,0.0,0.0
1877,40323,100.0,63.31229725996646,1.1144731532711472,0,9,4,500,100.0,100.0,100.0,100.0,0.0,0.0,0.0,0.0
1878,46204,98.86,65.7736319728595,1.2012470586258188,2,2,4,500,100.0,95.46,100.0,100.0,0.0,0.0,0.0,0.0
1879,40726,99.83,65.89987521882902,1.2686830809061005,0,8,4,500,100.0,99.84,99.48,100.0,0.0,0.0,0.0,0.0
1880,45698,100.0,62.543566837886,1.1567701491176774,2,4,4,500,100.0,100.0,100.0,100.0,0.0,0.0,0.0,0.0
1881,45952,98.9,64.91334796374237,1.1779767236408452,4,6,4,500,100.0,95.59,100.0,100.0,0.0,0.0,0.0,0.0
1882,45549,98.7,67.51363332369333,1.2589628601815492,4,7,4,500,100.0,100.0,94.82,100.0,0.0,0.0,0.0,0.0
1883,44894,99.71,64.92341584340869,1.250334989888576,3,7,4,500,100.0,98.84,100.0,100.0,0.0,0.0,0.0,0.0
1884,44894,100.0,63.79116712390811,1.2001141152555803,3,7,4,500,100.0,100.0,100.0,100.0,0.0,0.0,0.0,0.0
1885,46456,100.0,64.06916346639106,1.2840224657768409,6,8,4,500,100.0,100.0,100.0,100.0,0.0,0.0,0.0,0.0
1886,43030,100.0,63.35493089703826,1.1523831439701806,2,10,4,500,100.0,100.0,100.0,100.0,0.0,0.0,0.0,0.0
1887,44743,99.64,65.40694949257065,1.2589411427100146,4,9,4,500,100.0,98.58,100.0,100.0,0.0,0.0,0.0,0.0
1888,49013,96.86,64.81960367546195,1.2625396942388656,5,4,4,500,99.72,87.71,100.0,100.0,0.0,0.0,0.0,0.0
1889,39920,99.43,67.07544404755672,1.26723447791327,0,10,4,500,100.0,97.72,100.0,100.0,0.0,0.0,0.0,0.0
1890,45549,100.0,64.60897362407717,1.2191441772535834,4,7,4,500,100.0,100.0,100.0,100.0,0.0,0.0,0.0,0.0
1891,47710,100.0,64.69479064744071,1.139012433090335,5,5,4,500,100.0,100.0,100.0,100.0,0.0,0.0,0.0,0.0
1892,45851,100.0,66.62893369191842,1.28631648175148,2,3,4,500,100.0,100.0,100.0,100.0,0.0,0.0,0.0,0.0
1893,54018,98.52,66.47648640503293,1.2802712595858965,6,4,4,500,97.19,100.0,96.9,100.0,0.0,0.0,0.0,0.0
1894,43836,100.0,65.021229297589,1.2479249594234203,2,8,4,500,100.0,100.0,100.0,100.0,0.0,0.0,0.0,0.0
1895,43584,100.0,65.0791464421766,1.2261840752834132,1,7,4,500,100.0,100.0,100.0,100.0,0.0,0.0,0.0,0.0
1896,40726,100.0,64.58077815316285,1.2210263180493826,0,8,4,500,100.0,100.0,100.0,100.0,0.0,0.0,0.0,0.0
1897,46855,99.95,62.96517902892222,1.3034359458173692,4,5,4,500,99.8,100.0,100.0,100.0,0.0,0.0,0.0,0.0
1898,73028,100.0,66.88373613599623,1.3058594481287222,8,4,4,500,100.0,100.0,100.0,100.0,0.0,0.0,0.0,0.0
1899,40323,100.0,65.92923600134661,1.2218999089278788,0,9,4,500,100.0,100.0,100.0,100.0,0.0,0.0,0.0,0.0
1900,44743,99.42,61.17143606277501,1.1702143922603434,4,9,4,500,100.0,97.7,100.0,100.0,0.0,0.0,0.0,0.0
1901,45297,100.0,67.09885569953913,1.2468096395623762,3,6,4,500,100.0,100.0,100.0,100.0,0.0,0.0,0.0,0.0
1902,46204,93.09,62.28720218436784,1.2047234603730057,5,7,4,500,98.76,93.86,82.25,97.49,0.0,0.0,0.0,0.0
1903,45952,100.0,64.41889558892855,1.2542506302257876,4,6,4,500,100.0,100.0,100.0,100.0,0.0,0.0,0.0,0.0
1904,42588,96.41,64.83880363711047,1.2372252497848768,0,4,4,500,93.85,94.72,97.06,100.0,0.0,0.0,0.0,0.0
1905,40323,99.08,64.67848344787814,1.208574190803266,0,9,4,500,100.0,100.0,96.3,100.0,0.0,0.0,0.0,0.0
1906,42375,99.78,62.83279578685688,1.2854204904707656,1,10,4,500,99.14,100.0,100.0,100.0,0.0,0.0,0.0,0.0
1907,45952,100.0,63.44439714723022,1.252987602036944,4,6,4,500,100.0,100.0,100.0,100.0,0.0,0.0,0.0,0.0
1908,44743,100.0,62.40778880403143,1.213353412493205,4,9,4,500,100.0,100.0,100.0,100.0,0.0,0.0,0.0,0.0
1909,43836,100.0,62.28486256931277,1.2086992377699706,2,8,4,500,100.0,100.0,100.0,100.0,0.0,0.0,0.0,0.0
1910,47208,99.35,66.70719355129532,1.230286411228554,4,4,4,500,97.41,100.0,100.0,100.0,0.0,0.0,0.0,0.0
1911,45549,100.0,66.67386848079973,1.1979300899247955,4,7,4,500,100.0,100.0,100.0,100.0,0.0,0.0,0.0,0.0
1912,39920,98.55,62.92472787556102,1.1593614093576483,0,10,4,500,96.2,100.0,97.99,100.0,0.0,0.0,0.0,0.0
1913,45698,99.45,64.90231009512448,1.2504730963887625,2,4,4,500,100.0,100.0,97.8,100.0,0.0,0.0,0.0,0.0
1914,40323,97.9,63.5934406640085,1.293297686390621,0,9,4,500,100.0,91.58,100.0,100.0,0.0,0.0,0.0,0.0
1915,41532,100.0,65.64041578671164,1.170238263868088,0,6,4,500,100.0,100.0,100.0,100.0,0.0,0.0,0.0,0.0
1916,45146,99.93,65.28070935286115,1.1531802102741475,4,8,4,500,100.0,100.0,100.0,99.72,0.0,0.0,0.0,0.0
1917,47462,99.48,62.00891151991199,1.2078534410611574,6,6,4,500,98.74,100.0,99.18,100.0,0.0,0.0,0.0,0.0
1918,46960,99.08,64.62974248532188,1.2984412394219818,8,10,4,500,100.0,96.3,100.0,100.0,0.0,0.0,0.0,0.0
1919,42627,100.0,64.74966018211772,1.287153030359719,2,11,4,500,100.0,100.0,100.0,100.0,0.0,0.0,0.0,0.0
1920,43685,100.0,63.937506241280616,1.28495180557799,3,10,4,500,100.0,100.0,100.0,100.0,0.0,0.0,0.0,0.0
1921,42435,100.0,62.54370081287368,1.2164558805679917,0,5,4,500,100.0,100.0,100.0,100.0,0.0,0.0,0.0,0.0
1922,46859,100.0,65.65400199093637,1.307836297823869,6,7,4,500,100.0,100.0,100.0,100.0,0.0,0.0,0.0,0.0
1923,38711,100.0,62.73438847776089,1.2184038320957626,0,13,4,500,100.0,100.0,100.0,100.0,0.0,0.0,0.0,0.0
1924,47111,99.22,64.12166721219221,1.197808510709482,7,8,4,500,96.86,100.0,100.0,100.0,0.0,0.0,0.0,0.0
1925,42375,100.0,63.736810789809134,1.2155492064919469,1,10,4,500,100.0,100.0,100.0,100.0,0.0,0.0,0.0,0.0
1926,44491,100.0,65.25020890995071,1.2077574274902343,3,8,4,500,100.0,100.0,100.0,100.0,0.0,0.0,0.0,0.0
1927,40726,100.0,65.85386115469916,1.2321071747509746,0,8,4,500,100.0,100.0,100.0,100.0,0.0,0.0,0.0,0.0
1928,41129,100.0,65.1013151455317,1.1634641172282945,0,7,4,500,100.0,100.0,100.0,100.0,0.0,0.0,0.0,0.0
1929,41821,100.0,64.63202133010074,1.2059271038608543,2,13,4,500,100.0,100.0,100.0,100.0,0.0,0.0,0.0,0.0
1930,39114,89.38,64.26605038783563,1.0952525249889475,0,12,4,500,86.4,100.0,86.2,84.94,0.0,0.0,0.0,0.0
1931,45545,99.58,65.37786756943798,1.2135849395803546,2,5,4,500,99.7,98.63,100.0,100.0,0.0,0.0,0.0,0.0
1932,43433,100.0,65.57375877712826,1.29306900661703,2,9,4,500,100.0,100.0,100.0,100.0,0.0,0.0,0.0,0.0
1933,46859,100.0,67.55975518329139,1.2809830308063253,6,7,4,500,100.0,100.0,100.0,100.0,0.0,0.0,0.0,0.0
1934,44088,98.78,65.31399868175434,1.1847890755053057,3,9,4,500,95.12,100.0,100.0,100.0,0.0,0.0,0.0,0.0
1935,44743,99.99,63.64887902695982,1.225099292367951,4,9,4,500,100.0,100.0,99.96,100.0,0.0,0.0,0.0,0.0
1936,44642,99.7,64.74148334870696,1.267729768774861,2,6,4,500,100.0,100.0,98.81,100.0,0.0,0.0,0.0,0.0
1937,44239,97.32,63.93759137052129,1.141099136804122,2,7,4,500,100.0,93.3,95.98,100.0,0.0,0.0,0.0,0.0
1938,49267,98.84,62.54257892844649,1.186011678325336,7,6,4,500,95.37,100.0,100.0,100.0,0.0,0.0,0.0,0.0
1939,46456,99.82,64.34447580347062,1.213699171379257,6,8,4,500,100.0,99.28,100.0,100.0,0.0,0.0,0.0,0.0
1940,43030,100.0,62.92300959657961,1.190611185287771,2,10,4,500,100.0,100.0,100.0,100.0,0.0,0.0,0.0,0.0
1941,38711,98.3,63.20716791078636,1.1726359202861507,0,13,4,500,100.0,93.18,100.0,100.0,0.0,0.0,0.0,0.0
1942,46855,100.0,62.27000782778914,1.1805704399327572,4,5,4,500,100.0,100.0,100.0,100.0,0.0,0.0,0.0,0.0
1943,42435,100.0,65.98696814864468,1.2109921501731813,0,5,4,500,100.0,100.0,100.0,100.0,0.0,0.0,0.0,0.0
1944,73028,100.0,65.63445596720678,1.1215097802220455,8,4,4,500,100.0,100.0,100.0,100.0,0.0,0.0,0.0,0.0
1945,45545,99.19,63.26177949497268,1.1685557210513844,2,5,4,500,100.0,100.0,96.77,100.0,0.0,0.0,0.0,0.0
1946,47507,100.0,65.96214768231825,1.1772941591752466,2,1,4,500,100.0,100.0,100.0,100.0,0.0,0.0,0.0,0.0
1947,44890,100.0,67.22651115161301,1.2492304018085054,1,5,4,500,100.0,100.0,100.0,100.0,0.0,0.0,0.0,0.0
1948,42375,100.0,66.9062656226358,1.224640484963381,1,10,4,500,100.0,100.0,100.0,100.0,0.0,0.0,0.0,0.0
1949,39920,100.0,64.42511738146466,1.2728403607302967,0,10,4,500,100.0,100.0,100.0,100.0,0.0,0.0,0.0,0.0
1950,54018,93.29,64.9685147673518,1.2285721276280084,6,4,4,500,100.0,97.02,83.33,92.81,0.0,0.0,0.0,0.0
1951,45297,100.0,66.9169859862052,1.2276382338214882,3,6,4,500,100.0,100.0,100.0,100.0,0.0,0.0,0.0,0.0
1952,45698,99.78,64.42726159346103,1.2101015240822983,2,4,4,500,100.0,100.0,99.1,100.0,0.0,0.0,0.0,0.0
1953,45146,92.06,63.952230417409325,1.26329428189769,4,8,4,500,92.1,100.0,88.97,87.18,0.0,0.0,0.0,0.0
1954,37905,100.0,64.90187305619729,1.2804183598366912,0,15,4,500,100.0,100.0,100.0,100.0,0.0,0.0,0.0,0.0
1955,48511,100.0,65.87701633312487,1.1101517918290575,4,3,4,500,100.0,100.0,100.0,100.0,0.0,0.0,0.0,0.0
1956,44642,100.0,66.77731665398497,1.2226404479436035,2,6,4,500,100.0,100.0,100.0,100.0,0.0,0.0,0.0,0.0
1957,43836,94.74,65.1154236455638,1.3107870577716911,2,8,4,500,100.0,100.0,91.05,87.89,0.0,0.0,0.0,0.0
1958,43181,99.93,66.15339832348556,1.0979912174251705,1,8,4,500,100.0,100.0,100.0,99.71,0.0,0.0,0.0,0.0
1959,49515,100.0,64.35326929452792,1.2071241468669662,6,5,4,500,100.0,100.0,100.0,100.0,0.0,0.0,0.0,0.0
1960,54018,98.9,66.64012804863357,1.179206804669107,6,4,4,500,95.62,100.0,100.0,100.0,0.0,0.0,0.0,0.0
1961,41821,100.0,64.48415963722746,1.2570956248938283,2,13,4,500,100.0,100.0,100.0,100.0,0.0,0.0,0.0,0.0
1962,45698,97.72,67.05266954269675,1.2635462995060325,2,4,4,500,100.0,100.0,90.86,100.0,0.0,0.0,0.0,0.0
1963,49519,100.0,64.18979522728941,1.2200568760418005,8,7,4,500,100.0,100.0,100.0,100.0,0.0,0.0,0.0,0.0
1964,46204,94.59,62.44061664531282,1.231292601781453,5,7,4,500,100.0,86.14,96.1,96.11,0.0,0.0,0.0,0.0
1965,43433,93.5,62.53472263871543,1.2280748051833197,2,9,4,500,97.18,96.71,80.11,100.0,0.0,0.0,0.0,0.0
1966,39517,99.1,65.38633444632657,1.203201428399171,0,11,4,500,100.0,100.0,96.42,100.0,0.0,0.0,0.0,0.0
1967,61521,99.87,64.6673865602566,1.200255859044174,6,3,4,500,100.0,100.0,100.0,99.48,0.0,0.0,0.0,0.0
1968,44491,100.0,66.14311420326698,1.198299850912808,3,8,4,500,100.0,100.0,100.0,100.0,0.0,0.0,0.0,0.0
1969,40726,97.9,67.66989100247177,1.251794170224375,0,8,4,500,100.0,100.0,100.0,91.61,0.0,0.0,0.0,0.0
1970,49519,99.95,62.97108483871153,1.1840788736337466,8,7,4,500,100.0,99.81,100.0,100.0,0.0,0.0,0.0,0.0
1971,45698,99.2,64.08490708487479,1.1855571671918097,2,4,4,500,100.0,96.81,100.0,100.0,0.0,0.0,0.0,0.0
1972,44239,100.0,63.284630460320464,1.2333396068034888,2,7,4,500,100.0,100.0,100.0,100.0,0.0,0.0,0.0,0.0
1973,73028,100.0,63.228917771835775,1.182762608937482,8,4,4,500,100.0,100.0,100.0,100.0,0.0,0.0,0.0,0.0
1974,44239,99.69,64.19288682761088,1.213147003263652,2,7,4,500,98.76,100.0,100.0,100.0,0.0,0.0,0.0,0.0
1975,40323,99.75,63.00842342338035,1.1353586445377033,0,9,4,500,100.0,100.0,99.01,100.0,0.0,0.0,0.0,0.0
1976,43181,100.0,66.0255658717078,1.3295562917840336,1,8,4,500,100.0,100.0,100.0,100.0,0.0,0.0,0.0,0.0
1977,41532,99.3,67.11086184332605,1.234080326092858,0,6,4,500,100.0,97.19,100.0,100.0,0.0,0.0,0.0,0.0
1978,44239,100.0,65.87461048584461,1.1551984909115562,2,7,4,500,100.0,100.0,100.0,100.0,0.0,0.0,0.0,0.0
1979,45851,99.8,63.81905895336185,1.2050868916086632,2,3,4,500,100.0,100.0,99.22,100.0,0.0,0.0,0.0,0.0
1980,39517,97.34,68.0191639219315,1.1629572404672996,0,11,4,500,100.0,100.0,100.0,89.36,0.0,0.0,0.0,0.0
1981,43030,99.2,63.6346510981738,1.129070566261894,2,10,4,500,96.81,100.0,100.0,100.0,0.0,0.0,0.0,0.0
1982,45952,99.9,66.41014104413112,1.1055399268286046,4,6,4,500,99.59,100.0,100.0,100.0,0.0,0.0,0.0,0.0
1983,49515,100.0,64.47660457148413,1.2859736821433514,6,5,4,500,100.0,100.0,100.0,100.0,0.0,0.0,0.0,0.0
1984,49515,100.0,65.03321613211747,1.215915521037235,6,5,4,500,100.0,100.0,100.0,100.0,0.0,0.0,0.0,0.0
1985,49267,100.0,66.3879635486866,1.1288623619938425,7,6,4,500,100.0,100.0,100.0,100.0,0.0,0.0,0.0,0.0
1986,43433,100.0,65.5658823874786,1.24421187653071,2,9,4,500,100.0,100.0,100.0,100.0,0.0,0.0,0.0,0.0
1987,46204,100.0,63.069052812277846,1.1651221149246629,5,7,4,500,100.0,100.0,100.0,100.0,0.0,0.0,0.0,0.0
1988,44890,100.0,66.26594898427449,1.166768554114521,1,5,4,500,100.0,100.0,100.0,100.0,0.0,0.0,0.0,0.0
1989,48511,93.34,66.12257447518847,1.1742614989770976,4,3,4,500,89.53,100.0,100.0,83.81,0.0,0.0,0.0,0.0
1990,43584,99.32,64.32739886225853,1.2742847873434682,1,7,4,500,100.0,100.0,97.3,100.0,0.0,0.0,0.0,0.0
1991,73028,100.0,64.31804096030325,1.233986776979867,8,4,4,500,100.0,100.0,100.0,100.0,0.0,0.0,0.0,0.0
1992,54018,100.0,64.27193919939883,1.2421704649166383,6,4,4,500,100.0,100.0,100.0,100.0,0.0,0.0,0.0,0.0
1993,43030,100.0,65.24224932943805,1.1786051892309486,2,10,4,500,100.0,100.0,100.0,100.0,0.0,0.0,0.0,0.0
1994,53014,98.93,66.31215579722911,1.256576651782242,4,2,4,500,95.71,100.0,100.0,100.0,0.0,0.0,0.0,0.0
1995,104030,99.67,66.19413199770823,1.2227380063349174,6,0,4,500,98.67,100.0,100.0,100.0,0.0,0.0,0.0,0.0
1996,46859,100.0,65.36405302392782,1.116075234609727,6,7,4,500,100.0,100.0,100.0,100.0,0.0,0.0,0.0,0.0
1997,42627,88.66,66.06880253277775,1.2625398484947907,2,11,4,500,82.85,97.05,92.46,82.3,0.0,0.0,0.0,0.0
1998,42627,100.0,66.16093203059063,1.2090243457664898,2,11,4,500,100.0,100.0,100.0,100.0,0.0,0.0,0.0,0.0
1999,45196,99.74,63.04497799669294,1.1500007794084046,1,3,4,500,100.0,100.0,98.96,100.0,0.0,0.0,0.0,0.0
2000,41129,100.0,64.09211029954409,1.252052368401792,0,7,4,500,100.0,100.0,100.0,100.0,0.0,0.0,0.0,0.0
2001,49515,98.92,66.63838241039768,1.153279029665141,6,5,4,500,95.68,100.0,100.0,100.0,0.0,0.0,0.0,0.0
2002,41532,93.85,64.65612482099695,1.135936175238672,0,6,4,500,100.0,78.94,100.0,96.47,0.0,0.0,0.0,0.0
2003,45698,98.39,63.408917266474205,1.2384739246066256,2,4,4,500,94.52,100.0,100.0,99.05,0.0,0.0,0.0,0.0
2004,48511,100.0,62.969105257603815,1.2610482613363474,4,3,4,500,100.0,100.0,100.0,100.0,0.0,0.0,0.0,0.0
2005,43987,100.0,62.235127487452864,1.1757903204677176,1,6,4,500,100.0,100.0,100.0,100.0,0.0,0.0,0.0,0.0
2006,41129,94.44,66.14978247021509,1.1955629511011856,0,7,4,500,93.28,94.15,90.34,100.0,0.0,0.0,0.0,0.0
2007,45545,98.25,66.79798762304404,1.2007120613868132,2,5,4,500,100.0,100.0,93.0,100.0,0.0,0.0,0.0,0.0
2008,45545,100.0,67.68622343708543,1.3155475976932562,2,5,4,500,100.0,100.0,100.0,100.0,0.0,0.0,0.0,0.0
2009,49515,100.0,67.2315649097053,1.2338113001856834,6,5,4,500,100.0,100.0,100.0,100.0,0.0,0.0,0.0,0.0
2010,44239,95.77,65.63181390719218,1.2037612094202923,2,7,4,500,84.51,98.58,100.0,100.0,0.0,0.0,0.0,0.0
2011,49013,100.0,64.48179872611425,1.1732902086730117,5,4,4,500,100.0,100.0,100.0,100.0,0.0,0.0,0.0,0.0
2012,45146,100.0,62.88076136511244,1.2622164033273466,4,8,4,500,100.0,100.0,100.0,100.0,0.0,0.0,0.0,0.0
2013,103536,98.47,65.76876419812379,1.2711681272820166,9,3,4,500,100.0,94.65,99.24,100.0,0.0,0.0,0.0,0.0
2014,47462,99.36,67.12943523136101,1.3068078083885448,6,6,4,500,100.0,100.0,100.0,97.42,0.0,0.0,0.0,0.0
2015,46859,100.0,64.84672316827127,1.2328073160075887,6,7,4,500,100.0,100.0,100.0,100.0,0.0,0.0,0.0,0.0
2016,45549,98.26,64.27961205473288,1.258645234966144,4,7,4,500,100.0,100.0,100.0,93.05,0.0,0.0,0.0,0.0
2017,41418,100.0,67.60622554495247,1.1751296664155122,2,14,4,500,100.0,100.0,100.0,100.0,0.0,0.0,0.0,0.0
2018,54272,100.0,65.57443445161584,1.2336296621811296,8,6,4,500,100.0,100.0,100.0,100.0,0.0,0.0,0.0,0.0
2019,42627,91.05,66.31026472468443,1.2150126541478408,2,11,4,500,80.56,91.62,92.13,99.89,0.0,0.0,0.0,0.0
2020,44894,100.0,63.33056907480662,1.2522016580792945,3,7,4,500,100.0,100.0,100.0,100.0,0.0,0.0,0.0,0.0
2021,73028,99.35,65.59033744256116,1.1286175752253895,8,4,4,500,100.0,98.05,99.92,99.44,0.0,0.0,0.0,0.0
2022,48511,100.0,66.31305800223018,1.230112933849021,4,3,4,500,100.0,100.0,100.0,100.0,0.0,0.0,0.0,0.0
2023,45549,99.3,64.77050231677305,1.2739988007601202,4,7,4,500,97.18,100.0,100.0,100.0,0.0,0.0,0.0,0.0
2024,47208,100.0,64.80794858970219,1.19933783356039,4,4,4,500,100.0,100.0,100.0,100.0,0.0,0.0,0.0,0.0
2025,86029,99.58,64.50285405939084,1.2225710095667075,7,2,4,500,100.0,100.0,98.31,100.0,0.0,0.0,0.0,0.0
2026,44239,100.0,63.754512616379806,1.2744647473182773,2,7,4,500,100.0,100.0,100.0,100.0,0.0,0.0,0.0,0.0
2027,44239,100.0,62.94218587415319,1.2201464167244485,2,7,4,500,100.0,100.0,100.0,100.0,0.0,0.0,0.0,0.0
2028,61521,100.0,65.31093283160978,1.1628295566771387,6,3,4,500,100.0,100.0,100.0,100.0,0.0,0.0,0.0,0.0
2029,45650,100.0,66.7714906834124,1.0456438467228348,6,10,4,500,100.0,100.0,100.0,100.0,0.0,0.0,0.0,0.0
2030,86531,93.56,64.17108808348897,1.2365452603442493,8,3,4,500,87.11,87.13,100.0,100.0,0.0,0.0,0.0,0.0
2031,42627,98.16,63.52955849269127,1.1385512610973263,2,11,4,500,92.62,100.0,100.0,100.0,0.0,0.0,0.0,0.0
2032,85527,99.35,66.06693423127376,1.2343963553236263,6,1,4,500,100.0,100.0,97.41,100.0,0.0,0.0,0.0,0.0
2033,49515,100.0,66.45496698553956,1.2943403740097743,6,5,4,500,100.0,100.0,100.0,100.0,0.0,0.0,0.0,0.0
2034,47462,100.0,63.89142329481244,1.1090899927987254,6,6,4,500,100.0,100.0,100.0,100.0,0.0,0.0,0.0,0.0
2035,46859,98.08,66.2400924258294,1.1309615518500296,6,7,4,500,92.31,100.0,100.0,100.0,0.0,0.0,0.0,0.0
2036,41532,99.42,66.15701406117466,1.213085748903363,0,6,4,500,100.0,100.0,97.66,100.0,0.0,0.0,0.0,0.0
2037,43534,99.9,65.31797657168467,1.1144521174833553,4,12,4,500,100.0,100.0,100.0,99.62,0.0,0.0,0.0,0.0
2038,44340,98.81,64.89172601395394,1.2032302613630683,4,10,4,500,100.0,97.88,97.37,100.0,0.0,0.0,0.0,0.0
2039,62277,100.0,64.22570967727935,1.247090683159246,9,6,4,500,100.0,100.0,100.0,100.0,0.0,0.0,0.0,0.0
2040,42435,100.0,64.75662510850957,1.2302306461612955,0,5,4,500,100.0,100.0,100.0,100.0,0.0,0.0,0.0,0.0
2041,46859,98.93,63.703394476968334,1.2482140823937156,6,7,4,500,95.72,100.0,100.0,100.0,0.0,0.0,0.0,0.0
2042,86029,100.0,63.20718095414741,1.1392172818952553,7,2,4,500,100.0,100.0,100.0,100.0,0.0,0.0,0.0,0.0
2043,46607,100.0,62.2225270110713,1.2546344840300507,5,6,4,500,100.0,100.0,100.0,100.0,0.0,0.0,0.0,0.0
2044,45297,97.29,63.88239887063714,1.155322343316613,3,6,4,500,100.0,91.48,100.0,97.68,0.0,0.0,0.0,0.0
2045,39920,98.29,66.02922374423304,1.147945477604891,0,10,4,500,100.0,98.59,94.56,100.0,0.0,0.0,0.0,0.0
2046,42435,99.28,64.17446241395882,1.2592541986079515,0,5,4,500,97.1,100.0,100.0,100.0,0.0,0.0,0.0,0.0
2047,49515,98.67,62.386981656944926,1.2113433305366903,6,5,4,500,95.86,100.0,100.0,98.81,0.0,0.0,0.0,0.0
2048,46607,96.74,64.53449601980773,1.16429054106299,5,6,4,500,100.0,99.07,100.0,87.88,0.0,0.0,0.0,0.0
2049,53014,98.25,66.78006229177656,1.21460734313468,4,2,4,500,100.0,100.0,96.02,96.97,0.0,0.0,0.0,0.0
2050,54018,96.74,63.6748453539885,1.1576157068871165,6,4,4,500,92.94,94.02,100.0,100.0,0.0,0.0,0.0,0.0
2051,45698,99.49,64.33530906732679,1.271428815259879,2,4,4,500,100.0,100.0,97.96,100.0,0.0,0.0,0.0,0.0
2052,40726,98.77,66.5339818160317,1.173662609912286,0,8,4,500,100.0,99.97,95.1,100.0,0.0,0.0,0.0,0.0
2053,61521,100.0,62.932770403252064,1.193942200113995,6,3,4,500,100.0,100.0,100.0,100.0,0.0,0.0,0.0,0.0
2054,46859,100.0,66.1007042459662,1.2068627357818027,6,7,4,500,100.0,100.0,100.0,100.0,0.0,0.0,0.0,0.0
2055,44743,100.0,64.26804676303635,1.2798820870333762,4,9,4,500,100.0,100.0,100.0,100.0,0.0,0.0,0.0,0.0
2056,46204,97.26,63.048338007919455,1.235023390121473,5,7,4,500,100.0,100.0,100.0,89.04,0.0,0.0,0.0,0.0
2057,62525,100.0,63.91285905014811,1.2551502629285416,8,5,4,500,100.0,100.0,100.0,100.0,0.0,0.0,0.0,0.0
2058,43584,99.5,68.40606525181273,1.2520535270881763,1,7,4,500,98.02,100.0,100.0,100.0,0.0,0.0,0.0,0.0
2059,41129,99.51,64.7434786408509,1.2749594451991346,0,7,4,500,100.0,100.0,98.03,100.0,0.0,0.0,0.0,0.0
2060,42778,99.16,63.57660750057833,1.18813572729994,1,9,4,500,100.0,96.62,100.0,100.0,0.0,0.0,0.0,0.0
2061,61521,100.0,64.89972604414237,1.1938013454299627,6,3,4,500,100.0,100.0,100.0,100.0,0.0,0.0,0.0,0.0
2062,44491,99.68,65.27956314224204,1.213223200203995,3,8,4,500,100.0,100.0,98.7,100.0,0.0,0.0,0.0,0.0
2063,44592,99.62,66.07445356903374,1.2217319061210827,5,11,4,500,100.0,100.0,98.46,100.0,0.0,0.0,0.0,0.0
2064,47208,99.76,66.00510964396042,1.14157797027729,4,4,4,500,100.0,100.0,99.06,100.0,0.0,0.0,0.0,0.0
2065,45545,97.36,66.30363681186786,1.225086106656009,2,5,4,500,89.52,99.9,100.0,100.0,0.0,0.0,0.0,0.0
2066,43181,100.0,66.51212227531055,1.2167833897554567,1,8,4,500,100.0,100.0,100.0,100.0,0.0,0.0,0.0,0.0
2067,122537,100.0,64.71410466165084,1.1776278038411574,8,1,4,500,100.0,100.0,100.0,100.0,0.0,0.0,0.0,0.0
2068,73028,100.0,65.26367706496025,1.2029957075639337,8,4,4,500,100.0,100.0,100.0,100.0,0.0,0.0,0.0,0.0
2069,46204,100.0,62.84917172159636,1.1351674779104337,5,7,4,500,100.0,100.0,100.0,100.0,0.0,0.0,0.0,0.0
2070,43433,100.0,65.84693251715326,1.1923049792258844,2,9,4,500,100.0,100.0,100.0,100.0,0.0,0.0,0.0,0.0
2071,73028,100.0,62.84604548025543,1.1359840570947377,8,4,4,500,100.0,100.0,100.0,100.0,0.0,0.0,0.0,0.0
2072,47208,100.0,66.45853240252187,1.165156323231426,4,4,4,500,100.0,100.0,100.0,100.0,0.0,0.0,0.0,0.0
2073,43836,99.58,65.02468698286566,1.1735820173772054,2,8,4,500,98.32,100.0,100.0,100.0,0.0,0.0,0.0,0.0
2074,150000,98.26,66.4532850580416,1.2216303932314856,12,0,4,500,98.54,100.0,100.0,94.48,0.0,0.0,0.0,0.0
2075,41129,97.22,65.9310132843959,1.2336312669550815,0,7,4,500,100.0,91.81,97.07,100.0,0.0,0.0,0.0,0.0
2076,54520,99.36,65.3645315465534,1.242470445477741,7,5,4,500,100.0,100.0,97.45,100.0,0.0,0.0,0.0,0.0
2077,40726,100.0,64.56755721392352,1.2123479106480146,0,8,4,500,100.0,100.0,100.0,100.0,0.0,0.0,0.0,0.0
2078,103034,84.28,66.68292490809739,1.1572507875790223,8,2,4,500,79.66,85.25,83.92,88.28,0.0,0.0,0.0,0.0
2079,49515,100.0,65.34827266591542,1.1785060114001802,6,5,4,500,100.0,100.0,100.0,100.0,0.0,0.0,0.0,0.0
2080,72024,100.0,64.80403868276916,1.129865517076362,6,2,4,500,100.0,100.0,100.0,100.0,0.0,0.0,0.0,0.0
2081,86029,99.02,66.25943230844274,1.175054196333628,7,2,4,500,100.0,100.0,97.44,98.62,0.0,0.0,0.0,0.0
2082,43584,100.0,63.93079972358423,1.193844007188655,1,7,4,500,100.0,100.0,100.0,100.0,0.0,0.0,0.0,0.0
2083,43937,100.0,63.94474710859868,1.1986979398582949,4,11,4,500,100.0,100.0,100.0,100.0,0.0,0.0,0.0,0.0
2084,87535,96.82,64.23494954502154,1.1668847846869446,10,5,4,500,88.71,100.0,98.57,100.0,0.0,0.0,0.0,0.0
2085,44743,99.8,63.54371002285028,1.1831664552353516,4,9,4,500,100.0,100.0,99.2,100.0,0.0,0.0,0.0,0.0
2086,73530,96.02,65.90571782680746,1.31915007572912,9,5,4,500,96.15,87.92,100.0,100.0,0.0,0.0,0.0,0.0
2087,61521,100.0,64.1533485156278,1.156179087987366,6,3,4,500,100.0,100.0,100.0,100.0,0.0,0.0,0.0,0.0
2088,46855,98.67,65.7490106178631,1.2052522022987502,4,5,4,500,100.0,94.69,100.0,100.0,0.0,0.0,0.0,0.0
2089,103034,100.0,66.67286356385077,1.2319046933652242,8,2,4,500,100.0,100.0,100.0,100.0,0.0,0.0,0.0,0.0
2090,54018,100.0,68.87434308142147,1.2129575088025109,6,4,4,500,100.0,100.0,100.0,100.0,0.0,0.0,0.0,0.0
2091,52512,99.99,66.40692300887316,1.1661151008894204,3,1,4,500,100.0,99.97,100.0,100.0,0.0,0.0,0.0,0.0
2092,73530,97.0,64.07055594048839,1.2479456173921837,9,5,4,500,100.0,100.0,88.01,100.0,0.0,0.0,0.0,0.0
2093,62525,90.92,65.89717372078044,1.234603116540181,8,5,4,500,86.16,95.64,96.68,85.18,0.0,0.0,0.0,0.0
2094,54018,99.43,66.01269375444274,1.1912453526886206,6,4,4,500,100.0,97.72,100.0,100.0,0.0,0.0,0.0,0.0
2095,45952,100.0,63.26016269057928,1.2375060246691651,4,6,4,500,100.0,100.0,100.0,100.0,0.0,0.0,0.0,0.0
2096,49013,99.63,63.62652145134653,1.186955026184977,5,4,4,500,100.0,98.53,100.0,100.0,0.0,0.0,0.0,0.0
2097,44491,99.96,66.32800920945922,1.1831693716357563,3,8,4,500,100.0,100.0,99.85,100.0,0.0,0.0,0.0,0.0
2098,47462,100.0,67.16833114426201,1.1667275267004944,6,6,4,500,100.0,100.0,100.0,100.0,0.0,0.0,0.0,0.0
2099,44743,89.84,65.86391547785928,1.170153109282928,4,9,4,500,71.56,99.26,93.81,94.73,0.0,0.0,0.0,0.0
2100,104038,100.0,66.87341369049939,1.1703086305598154,10,4,4,500,100.0,100.0,100.0,100.0,0.0,0.0,0.0,0.0
2101,44642,100.0,66.18927737292337,1.2064546560588494,2,6,4,500,100.0,100.0,100.0,100.0,0.0,0.0,0.0,0.0
2102,45545,100.0,67.29086045125744,1.2208723901787106,2,5,4,500,100.0,100.0,100.0,100.0,0.0,0.0,0.0,0.0
2103,45549,78.79,63.68337775471749,1.1958148416118013,4,7,4,500,78.51,73.32,77.54,85.79,0.0,0.0,0.0,0.0
2104,54018,91.44,65.25005886457615,1.1892467364137818,6,4,4,500,91.69,100.0,80.9,93.17,0.0,0.0,0.0,0.0
2105,47363,99.4,64.92630776416347,1.2076347071186948,8,9,4,500,100.0,97.58,100.0,100.0,0.0,0.0,0.0,0.0
2106,54018,100.0,65.2342616246188,1.16250548161573,6,4,4,500,100.0,100.0,100.0,100.0,0.0,0.0,0.0,0.0
2107,45146,100.0,63.62639258410355,1.193062129574367,4,8,4,500,100.0,100.0,100.0,100.0,0.0,0.0,0.0,0.0
2108,49013,100.0,67.35185761425754,1.231389515921374,5,4,4,500,100.0,100.0,100.0,100.0,0.0,0.0,0.0,0.0
2109,53014,100.0,64.03758427062021,1.1640675034322086,4,2,4,500,100.0,100.0,100.0,100.0,0.0,0.0,0.0,0.0
2110,54520,100.0,62.9192654845056,1.2186990713133696,7,5,4,500,100.0,100.0,100.0,100.0,0.0,0.0,0.0,0.0
2111,45549,100.0,62.76239302349972,1.1833603264928187,4,7,4,500,100.0,100.0,100.0,100.0,0.0,0.0,0.0,0.0
2112,47714,98.5,64.53570522766196,1.1325224053301692,7,7,4,500,100.0,93.99,100.0,100.0,0.0,0.0,0.0,0.0
2113,47208,99.9,65.09446136492245,1.168232530533478,4,4,4,500,99.59,100.0,100.0,100.0,0.0,0.0,0.0,0.0
2114,61521,100.0,68.17584074179665,1.18157225184574,6,3,4,500,100.0,100.0,100.0,100.0,0.0,0.0,0.0,0.0
2115,45545,97.21,63.68332529906704,1.2383920562765418,2,5,4,500,88.83,100.0,100.0,100.0,0.0,0.0,0.0,0.0
2116,45297,99.9,65.14203194388159,1.2432599394878454,3,6,4,500,100.0,100.0,99.62,100.0,0.0,0.0,0.0,0.0
2117,54272,95.44,66.43984012974174,1.2379484016057167,8,6,4,500,97.21,92.25,100.0,92.3,0.0,0.0,0.0,0.0
2118,43937,100.0,64.9479881202183,1.1865172114860274,4,11,4,500,100.0,100.0,100.0,100.0,0.0,0.0,0.0,0.0
2119,48511,99.99,64.80272909801349,1.2211773739999543,4,3,4,500,99.97,100.0,100.0,100.0,0.0,0.0,0.0,0.0
2120,54018,99.44,63.40957678563081,1.255846150920975,6,4,4,500,100.0,100.0,97.76,100.0,0.0,0.0,0.0,0.0
2121,71522,100.0,65.31166269328226,1.2084934355782533,5,1,4,500,100.0,100.0,100.0,100.0,0.0,0.0,0.0,0.0
2122,48511,100.0,62.980042644898354,1.180112890447947,4,3,4,500,100.0,100.0,100.0,100.0,0.0,0.0,0.0,0.0
2123,103034,90.04,64.89708161502985,1.224500511208357,8,2,4,500,91.35,85.58,88.32,94.9,0.0,0.0,0.0,0.0
2124,46607,100.0,67.43075865873672,1.1930745587567548,5,6,4,500,100.0,100.0,100.0,100.0,0.0,0.0,0.0,0.0
2125,46855,97.92,65.97881511885589,1.199349611642293,4,5,4,500,93.78,100.0,100.0,97.92,0.0,0.0,0.0,0.0
2126,150000,100.0,64.55402741832522,1.18220618077759,9,0,4,500,100.0,100.0,100.0,100.0,0.0,0.0,0.0,0.0
2127,47507,100.0,64.2442244681436,1.1988253329028058,2,1,4,500,100.0,100.0,100.0,100.0,0.0,0.0,0.0,0.0
2128,46859,99.14,63.28213112035431,1.2652940702927995,6,7,4,500,96.55,100.0,100.0,100.0,0.0,0.0,0.0,0.0
2129,45549,99.63,64.53394861429182,1.223298527441278,4,7,4,500,100.0,98.53,100.0,100.0,0.0,0.0,0.0,0.0
2130,54018,96.03,64.28681310648825,1.0914030884660764,6,4,4,500,100.0,100.0,93.59,90.53,0.0,0.0,0.0,0.0
2131,72526,100.0,66.23066774473192,1.13360608547414,7,3,4,500,100.0,100.0,100.0,100.0,0.0,0.0,0.0,0.0
2132,47462,100.0,65.27986688320638,1.2015903116056528,6,6,4,500,100.0,100.0,100.0,100.0,0.0,0.0,0.0,0.0
2133,47462,98.14,66.34278969978023,1.1722196714559563,6,6,4,500,100.0,97.62,100.0,94.95,0.0,0.0,0.0,0.0
2134,44743,100.0,63.802783697187486,1.2895696160397414,4,9,4,500,100.0,100.0,100.0,100.0,0.0,0.0,0.0,0.0
2135,86531,99.69,64.98088650222552,1.271726092875992,8,3,4,500,100.0,100.0,100.0,98.75,0.0,0.0,0.0,0.0
2136,46708,100.0,63.44266090033586,1.2049907308579983,7,9,4,500,100.0,100.0,100.0,100.0,0.0,0.0,0.0,0.0
2137,49515,100.0,65.6769021875975,1.2078882988489243,6,5,4,500,100.0,100.0,100.0,100.0,0.0,0.0,0.0,0.0
2138,47111,100.0,65.88975649559511,1.1673769080298393,7,8,4,500,100.0,100.0,100.0,100.0,0.0,0.0,0.0,0.0
2139,44491,99.42,67.31976362135137,1.2305528352157478,3,8,4,500,100.0,97.7,100.0,100.0,0.0,0.0,0.0,0.0
2140,45297,96.68,63.93550275310077,1.2109107022071686,3,6,4,500,100.0,88.83,98.54,99.35,0.0,0.0,0.0,0.0
2141,123541,98.26,67.64994922119742,1.1695389197578692,10,3,4,500,100.0,100.0,100.0,93.05,0.0,0.0,0.0,0.0
2142,47710,100.0,63.07245412580505,1.1280898676008264,5,5,4,500,100.0,100.0,100.0,100.0,0.0,0.0,0.0,0.0
2143,46204,100.0,64.03946409400062,1.1634553960745126,5,7,4,500,100.0,100.0,100.0,100.0,0.0,0.0,0.0,0.0
2144,44239,99.95,66.04240873486718,1.168185264191993,2,7,4,500,99.81,100.0,100.0,100.0,0.0,0.0,0.0,0.0
2145,54018,100.0,63.82018760146238,1.2240092376568066,6,4,4,500,100.0,100.0,100.0,100.0,0.0,0.0,0.0,0.0
2146,45043,99.56,65.45834542105304,1.0826030734623209,1,4,4,500,98.23,100.0,100.0,100.0,0.0,0.0,0.0,0.0
2147,45952,81.12,67.15403876649071,1.214588294000285,4,6,4,500,89.17,81.16,77.01,77.16,0.0,0.0,0.0,0.0
2148,46353,99.5,64.87581269520324,1.0382557915194088,3,4,4,500,100.0,100.0,100.0,97.99,0.0,0.0,0.0,0.0
2149,49515,100.0,66.30255992513898,1.2148172523644023,6,5,4,500,100.0,100.0,100.0,100.0,0.0,0.0,0.0,0.0
2150,47462,100.0,66.26501183453702,1.07607440784591,6,6,4,500,100.0,100.0,100.0,100.0,0.0,0.0,0.0,0.0
2151,49515,99.76,65.71292335210404,1.2442451823454892,6,5,4,500,100.0,99.03,100.0,100.0,0.0,0.0,0.0,0.0
2152,47714,99.72,65.66682780637646,1.1919513685916083,7,7,4,500,98.9,100.0,100.0,100.0,0.0,0.0,0.0,0.0
2153,44743,99.84,63.18375789748959,1.1298929250929597,4,9,4,500,100.0,100.0,100.0,99.37,0.0,0.0,0.0,0.0
2154,49515,100.0,63.72919586882019,1.2255532466363408,6,5,4,500,100.0,100.0,100.0,100.0,0.0,0.0,0.0,0.0
2155,47208,100.0,66.3214890425509,1.2604213972482288,4,4,4,500,100.0,100.0,100.0,100.0,0.0,0.0,0.0,0.0
2156,46855,100.0,68.14940928449107,1.1594022265197004,4,5,4,500,100.0,100.0,100.0,100.0,0.0,0.0,0.0,0.0
2157,45545,94.49,64.3288029899636,1.1270524780157392,2,5,4,500,92.34,95.74,90.16,99.71,0.0,0.0,0.0,0.0
2158,46456,100.0,64.06117847194398,1.267650404286235,6,8,4,500,100.0,100.0,100.0,100.0,0.0,0.0,0.0,0.0
2159,46456,99.64,64.1307323506871,1.202279252214122,6,8,4,500,100.0,100.0,98.54,100.0,0.0,0.0,0.0,0.0
2160,86531,100.0,64.02891810389647,1.188033880768618,8,3,4,500,100.0,100.0,100.0,100.0,0.0,0.0,0.0,0.0
2161,47710,100.0,67.87167097398115,1.1231678425598652,5,5,4,500,100.0,100.0,100.0,100.0,0.0,0.0,0.0,0.0
2162,85527,97.42,65.0450781908916,1.1992313430561632,6,1,4,500,100.0,89.7,100.0,100.0,0.0,0.0,0.0,0.0
2163,46200,98.96,63.87760237830769,1.1432132423748842,3,5,4,500,100.0,100.0,100.0,95.85,0.0,0.0,0.0,0.0
2164,49013,100.0,62.91579823583944,1.188633808168155,5,4,4,500,100.0,100.0,100.0,100.0,0.0,0.0,0.0,0.0
2165,54018,100.0,63.42756221811536,1.268343675800755,6,4,4,500,100.0,100.0,100.0,100.0,0.0,0.0,0.0,0.0
2166,47710,97.19,62.952195257261664,1.1754557039340925,5,5,4,500,100.0,95.65,93.12,100.0,0.0,0.0,0.0,0.0
2167,62023,100.0,67.18518559270852,1.1711263737581326,7,4,4,500,100.0,100.0,100.0,100.0,0.0,0.0,0.0,0.0
2168,150000,100.0,64.94170703993699,1.217574370117495,12,2,4,500,100.0,100.0,100.0,100.0,0.0,0.0,0.0,0.0
2169,45549,100.0,62.61382222624655,1.1636780678632117,4,7,4,500,100.0,100.0,100.0,100.0,0.0,0.0,0.0,0.0
2170,41532,100.0,66.12842951579694,1.2458928630160675,0,6,4,500,100.0,100.0,100.0,100.0,0.0,0.0,0.0,0.0
2171,49515,100.0,66.56026082040367,1.147966245816098,6,5,4,500,100.0,100.0,100.0,100.0,0.0,0.0,0.0,0.0
2172,46053,99.41,66.46005133492832,1.207190376761159,6,9,4,500,100.0,100.0,97.64,100.0,0.0,0.0,0.0,0.0
2173,62277,99.84,66.02440313472124,1.161267924707743,9,6,4,500,100.0,99.35,100.0,100.0,0.0,0.0,0.0,0.0
2174,104038,97.69,67.36756420805881,1.2454381402589063,10,4,4,500,100.0,96.11,94.64,100.0,0.0,0.0,0.0,0.0
2175,73028,99.99,63.67104444761787,1.3131056308468014,8,4,4,500,99.96,100.0,100.0,100.0,0.0,0.0,0.0,0.0
2176,73028,100.0,65.72013095494908,1.20322077645787,8,4,4,500,100.0,100.0,100.0,100.0,0.0,0.0,0.0,0.0
2177,47966,98.5,66.6114999265932,1.1309347930824163,8,8,4,500,100.0,100.0,94.0,100.0,0.0,0.0,0.0,0.0
2178,46855,100.0,64.6920297360806,1.1684066094729728,4,5,4,500,100.0,100.0,100.0,100.0,0.0,0.0,0.0,0.0
2179,72526,100.0,65.19753136884897,1.1502794085890096,7,3,4,500,100.0,100.0,100.0,100.0,0.0,0.0,0.0,0.0
2180,54018,100.0,66.53279190463687,1.1569230315720758,6,4,4,500,100.0,100.0,100.0,100.0,0.0,0.0,0.0,0.0
2181,47208,100.0,65.8472046898942,1.14203938196028,4,4,4,500,100.0,100.0,100.0,100.0,0.0,0.0,0.0,0.0
2182,54520,100.0,65.88552166408445,1.1714454814001003,7,5,4,500,100.0,100.0,100.0,100.0,0.0,0.0,0.0,0.0
2183,150000,96.59,64.32194885311843,1.210705865141578,12,0,4,500,100.0,100.0,86.35,100.0,0.0,0.0,0.0,0.0
2184,54776,100.0,64.30110890116786,1.198098026739385,10,8,4,500,100.0,100.0,100.0,100.0,0.0,0.0,0.0,0.0
2185,73530,99.31,63.70130182284451,1.168773914010171,9,5,4,500,97.24,100.0,100.0,100.0,0.0,0.0,0.0,0.0
2186,73028,99.16,66.61962096725028,1.2026401750233835,8,4,4,500,100.0,96.63,100.0,100.0,0.0,0.0,0.0,0.0
2187,46855,100.0,67.28963819385427,1.1046957104644215,4,5,4,500,100.0,100.0,100.0,100.0,0.0,0.0,0.0,0.0
2188,45545,100.0,66.57138241644795,1.092287068734458,2,5,4,500,100.0,100.0,100.0,100.0,0.0,0.0,0.0,0.0
2189,54018,99.35,67.90702655690039,1.0587421776413213,6,4,4,500,100.0,100.0,97.4,100.0,0.0,0.0,0.0,0.0
2190,48511,93.88,63.89221245691559,1.152846659372552,4,3,4,500,100.0,92.7,92.66,90.14,0.0,0.0,0.0,0.0
2191,46859,98.78,63.34503510589848,1.1847227318429792,6,7,4,500,99.66,100.0,100.0,95.45,0.0,0.0,0.0,0.0
2192,62525,99.06,66.15131430419126,1.2367150833333564,8,5,4,500,100.0,96.24,100.0,100.0,0.0,0.0,0.0,0.0
2193,54520,99.68,65.39392647319052,1.145169910559637,7,5,4,500,100.0,100.0,98.71,100.0,0.0,0.0,0.0,0.0
2194,43937,99.8,67.50152435750586,1.1867499525664245,4,11,4,500,100.0,100.0,99.19,100.0,0.0,0.0,0.0,0.0
2195,49013,99.34,64.54113022751777,1.1605521857794,5,4,4,500,100.0,97.34,100.0,100.0,0.0,0.0,0.0,0.0
2196,47208,100.0,66.69901972072012,1.1267695379473337,4,4,4,500,100.0,100.0,100.0,100.0,0.0,0.0,0.0,0.0
2197,61521,97.93,66.90030797533296,1.1807209434240946,6,3,4,500,100.0,100.0,91.73,100.0,0.0,0.0,0.0,0.0
2198,47462,98.84,63.72570834064948,1.186150728785797,6,6,4,500,100.0,95.38,100.0,99.96,0.0,0.0,0.0,0.0
2199,46859,97.08,65.47701411457226,1.2521432490839848,6,7,4,500,93.2,98.97,96.16,100.0,0.0,0.0,0.0,0.0
2200,46708,100.0,65.84845549507332,1.0662938327320968,7,9,4,500,100.0,100.0,100.0,100.0,0.0,0.0,0.0,0.0
2201,45545,97.94,65.98618244594302,1.1206136801829287,2,5,4,500,93.61,98.15,100.0,100.0,0.0,0.0,0.0,0.0
2202,72526,99.7,63.993640667546806,1.178192118300966,7,3,4,500,100.0,100.0,98.8,100.0,0.0,0.0,0.0,0.0
2203,44894,100.0,63.19362626084957,1.175803305397333,3,7,4,500,100.0,100.0,100.0,100.0,0.0,0.0,0.0,0.0
2204,47966,100.0,66.19613379725476,1.2373901320466472,8,8,4,500,100.0,100.0,100.0,100.0,0.0,0.0,0.0,0.0
2205,46706,100.0,63.63421021212411,1.2243635227097047,3,3,4,500,100.0,100.0,100.0,100.0,0.0,0.0,0.0,0.0
2206,46456,99.81,61.63525778915096,1.1441769236349657,6,8,4,500,100.0,100.0,99.24,100.0,0.0,0.0,0.0,0.0
2207,44743,95.39,65.10865709917545,1.1827740784476657,4,9,4,500,100.0,97.29,94.99,89.28,0.0,0.0,0.0,0.0
2208,42435,99.88,64.15067159124605,1.1993267360395754,0,5,4,500,100.0,99.52,100.0,100.0,0.0,0.0,0.0,0.0
2209,49519,99.83,62.01836292394999,1.0776341180753333,8,7,4,500,99.31,100.0,100.0,100.0,0.0,0.0,0.0,0.0
2210,44239,100.0,63.526092133170856,1.2008957906923723,2,7,4,500,100.0,100.0,100.0,100.0,0.0,0.0,0.0,0.0
2211,62525,100.0,63.45905850509328,1.2094046519664865,8,5,4,500,100.0,100.0,100.0,100.0,0.0,0.0,0.0,0.0
2212,49267,100.0,67.61050960215051,1.1178168159854314,7,6,4,500,100.0,100.0,100.0,100.0,0.0,0.0,0.0,0.0
2213,48511,100.0,63.4788794956939,1.132380320792913,4,3,4,500,100.0,100.0,100.0,100.0,0.0,0.0,0.0,0.0
2214,54272,100.0,63.44591183332727,1.1966397382145884,8,6,4,500,100.0,100.0,100.0,100.0,0.0,0.0,0.0,0.0
2215,72526,100.0,63.1660021821393,1.0934833698320277,7,3,4,500,100.0,100.0,100.0,100.0,0.0,0.0,0.0,0.0
2216,46053,99.86,63.365271521116064,1.1695924409070022,6,9,4,500,100.0,99.44,100.0,100.0,0.0,0.0,0.0,0.0
2217,47966,100.0,65.94564975604537,1.1120510506500836,8,8,4,500,100.0,100.0,100.0,100.0,0.0,0.0,0.0,0.0
2218,46859,100.0,66.20777107010161,1.1457561264737874,6,7,4,500,100.0,100.0,100.0,100.0,0.0,0.0,0.0,0.0
2219,60517,100.0,64.69471652557128,1.1804490952352025,4,1,4,500,100.0,100.0,100.0,100.0,0.0,0.0,0.0,0.0
2220,44239,99.47,63.1443025397256,1.1439343636053052,2,7,4,500,100.0,100.0,100.0,97.88,0.0,0.0,0.0,0.0
2221,46204,100.0,63.30189749993525,1.2488008132177353,5,7,4,500,100.0,100.0,100.0,100.0,0.0,0.0,0.0,0.0
2222,47966,99.69,63.93329892555945,1.122218452128836,8,8,4,500,100.0,100.0,98.75,100.0,0.0,0.0,0.0,0.0
2223,46859,100.0,66.79146695383871,1.1236810705691038,6,7,4,500,100.0,100.0,100.0,100.0,0.0,0.0,0.0,0.0
2224,72024,100.0,68.40311776241981,1.193537845560282,6,2,4,500,100.0,100.0,100.0,100.0,0.0,0.0,0.0,0.0
2225,87535,85.79,64.84917034498562,1.2041069076859638,10,5,4,500,93.7,78.61,93.2,77.65,0.0,0.0,0.0,0.0
2226,62015,100.0,65.85757120739552,1.162027518266255,3,0,4,500,100.0,100.0,100.0,100.0,0.0,0.0,0.0,0.0
2227,72024,100.0,66.64254256094426,1.108162138223239,6,2,4,500,100.0,100.0,100.0,100.0,0.0,0.0,0.0,0.0
2228,46706,98.95,65.65646925828503,1.2468087853433736,3,3,4,500,100.0,95.81,100.0,100.0,0.0,0.0,0.0,0.0
2229,46456,100.0,65.50812288255919,1.07054061786674,6,8,4,500,100.0,100.0,100.0,100.0,0.0,0.0,0.0,0.0
2230,45851,99.64,65.5520854518737,1.1491062016355338,2,3,4,500,100.0,98.54,100.0,100.0,0.0,0.0,0.0,0.0
2231,44743,100.0,68.39112292973132,1.1792343062218058,4,9,4,500,100.0,100.0,100.0,100.0,0.0,0.0,0.0,0.0
2232,85527,98.86,66.46622752602293,1.2155203451908203,6,1,4,500,100.0,95.46,100.0,100.0,0.0,0.0,0.0,0.0
2233,104030,99.19,65.06709123790917,1.1379620661157144,6,0,4,500,96.75,100.0,100.0,100.0,0.0,0.0,0.0,0.0
2234,62525,99.82,66.7862063381403,1.216363590262424,8,5,4,500,100.0,100.0,100.0,99.27,0.0,0.0,0.0,0.0
2235,122537,100.0,67.70411054402663,1.2760719978972888,8,1,4,500,100.0,100.0,100.0,100.0,0.0,0.0,0.0,0.0
2236,44340,100.0,62.87443461783435,1.19218373918752,4,10,4,500,100.0,100.0,100.0,100.0,0.0,0.0,0.0,0.0
2237,54520,100.0,66.8048580561953,1.164967003423694,7,5,4,500,100.0,100.0,100.0,100.0,0.0,0.0,0.0,0.0
2238,46607,97.93,68.80684871793306,1.2295273491867564,5,6,4,500,91.72,100.0,100.0,100.0,0.0,0.0,0.0,0.0
2239,45146,98.48,64.48026242151641,1.1180009783485565,4,8,4,500,100.0,100.0,93.94,100.0,0.0,0.0,0.0,0.0
2240,150000,100.0,64.72382538946427,1.1696026403118784,10,0,4,500,100.0,100.0,100.0,100.0,0.0,0.0,0.0,0.0
2241,48511,99.46,65.68774531851248,1.177519314986416,4,3,4,500,100.0,100.0,100.0,97.85,0.0,0.0,0.0,0.0
2242,54272,100.0,65.04648049624181,1.1799379158248164,8,6,4,500,100.0,100.0,100.0,100.0,0.0,0.0,0.0,0.0
2243,72526,100.0,64.38235319196714,1.1893618787819904,7,3,4,500,100.0,100.0,100.0,100.0,0.0,0.0,0.0,0.0
2244,45297,100.0,65.58849950356253,1.234959587491286,3,6,4,500,100.0,100.0,100.0,100.0,0.0,0.0,0.0,0.0
2245,45146,99.57,65.05565610831904,1.1232018876150351,4,8,4,500,100.0,100.0,100.0,98.27,0.0,0.0,0.0,0.0
2246,146044,99.6,67.25031681147622,1.132052338166974,10,2,4,500,100.0,100.0,100.0,98.4,0.0,0.0,0.0,0.0
2247,45801,99.64,65.8524327863764,1.165941227668872,5,8,4,500,100.0,98.58,100.0,100.0,0.0,0.0,0.0,0.0
2248,47714,100.0,64.82705563811183,1.1225071908315034,7,7,4,500,100.0,100.0,100.0,100.0,0.0,0.0,0.0,0.0
2249,45698,100.0,65.08412104307007,1.096928486284953,2,4,4,500,100.0,100.0,100.0,100.0,0.0,0.0,0.0,0.0
2250,48009,99.95,66.44273757520168,1.2163860066868244,3,2,4,500,100.0,99.79,100.0,100.0,0.0,0.0,0.0,0.0
2251,54018,100.0,60.113275889742056,1.2303744613081928,6,4,4,500,100.0,100.0,100.0,100.0,0.0,0.0,0.0,0.0
2252,146546,100.0,66.01537336140152,1.1886687748342517,11,3,4,500,100.0,100.0,100.0,100.0,0.0,0.0,0.0,0.0
2253,46353,99.88,67.8753509317542,1.2153186503808655,3,4,4,500,99.5,100.0,100.0,100.0,0.0,0.0,0.0,0.0
2254,146546,100.0,63.74574496314726,1.1938744069998717,11,3,4,500,100.0,100.0,100.0,100.0,0.0,0.0,0.0,0.0
2255,46855,96.7,63.79820960857615,1.1046820665903794,4,5,4,500,92.59,100.0,100.0,94.22,0.0,0.0,0.0,0.0
2256,47462,100.0,62.640788334545526,1.1999045542482265,6,6,4,500,100.0,100.0,100.0,100.0,0.0,0.0,0.0,0.0
2257,150000,100.0,66.00230188490139,1.1653786570154785,10,1,4,500,100.0,100.0,100.0,100.0,0.0,0.0,0.0,0.0
2258,45952,100.0,66.10453494305553,1.1576339843801668,4,6,4,500,100.0,100.0,100.0,100.0,0.0,0.0,0.0,0.0
2259,46607,98.86,66.63818140411038,1.1333782441398947,5,6,4,500,95.45,100.0,100.0,100.0,0.0,0.0,0.0,0.0
2260,54018,100.0,66.30398388479475,1.1079226798109618,6,4,4,500,100.0,100.0,100.0,100.0,0.0,0.0,0.0,0.0
2261,87033,99.2,66.73255319459955,1.097276929781707,9,4,4,500,96.8,100.0,100.0,100.0,0.0,0.0,0.0,0.0
2262,45549,98.73,67.40668538508915,1.1740882505967634,4,7,4,500,100.0,100.0,94.91,100.0,0.0,0.0,0.0,0.0
2263,44239,99.97,66.75376403829054,1.225356001676852,2,7,4,500,100.0,100.0,99.89,100.0,0.0,0.0,0.0,0.0
2264,46855,94.42,66.5291828268608,1.1701017094602746,4,5,4,500,100.0,88.1,89.6,100.0,0.0,0.0,0.0,0.0
2265,48511,99.39,63.40392863156098,1.1932760504452715,4,3,4,500,100.0,97.56,100.0,100.0,0.0,0.0,0.0,0.0
2266,150000,100.0,64.23010996998583,1.1124503054140136,13,3,4,500,100.0,100.0,100.0,100.0,0.0,0.0,0.0,0.0
2267,86531,99.54,65.8604727079221,1.1959080819970531,8,3,4,500,100.0,98.14,100.0,100.0,0.0,0.0,0.0,0.0
2268,73282,100.0,64.44826436599962,1.2250429075982283,10,6,4,500,100.0,100.0,100.0,100.0,0.0,0.0,0.0,0.0
2269,53014,100.0,63.64103187060489,1.2570364077901997,4,2,4,500,100.0,100.0,100.0,100.0,0.0,0.0,0.0,0.0
2270,73530,100.0,65.31270589939963,1.1637933317632874,9,5,4,500,100.0,100.0,100.0,100.0,0.0,0.0,0.0,0.0
2271,85527,100.0,64.58772137180986,1.209086663347191,6,1,4,500,100.0,100.0,100.0,100.0,0.0,0.0,0.0,0.0
2272,122537,100.0,65.39215564171084,1.1435923050712085,8,1,4,500,100.0,100.0,100.0,100.0,0.0,0.0,0.0,0.0
2273,46053,100.0,65.62365913238202,1.1648119869364293,6,9,4,500,100.0,100.0,100.0,100.0,0.0,0.0,0.0,0.0
2274,46859,100.0,66.25810439571694,1.1550024554268497,6,7,4,500,100.0,100.0,100.0,100.0,0.0,0.0,0.0,0.0
2275,72526,99.47,65.63421916296087,1.1513342725147,7,3,4,500,100.0,98.6,99.28,100.0,0.0,0.0,0.0,0.0
2276,62525,99.71,66.13815334091919,1.1114335346261224,8,5,4,500,100.0,98.85,100.0,100.0,0.0,0.0,0.0,0.0
2277,150000,100.0,62.5765174330683,1.1162135528831627,9,0,4,500,100.0,100.0,100.0,100.0,0.0,0.0,0.0,0.0
2278,41532,100.0,65.03985186533417,1.1392368168424698,0,6,4,500,100.0,100.0,100.0,100.0,0.0,0.0,0.0,0.0
2279,103034,100.0,64.29257112897277,1.1805709167612046,8,2,4,500,100.0,100.0,100.0,100.0,0.0,0.0,0.0,0.0
2280,45297,100.0,66.76273323920664,1.2296994938021917,3,6,4,500,100.0,100.0,100.0,100.0,0.0,0.0,0.0,0.0
2281,42435,100.0,64.46571056779868,1.1669346386186568,0,5,4,500,100.0,100.0,100.0,100.0,0.0,0.0,0.0,0.0
2282,104038,99.76,65.35572165373483,1.1528501940185971,10,4,4,500,100.0,99.03,100.0,100.0,0.0,0.0,0.0,0.0
2283,48511,100.0,65.03251655654552,1.0900718080718004,4,3,4,500,100.0,100.0,100.0,100.0,0.0,0.0,0.0,0.0
2284,49519,99.44,64.72826194438575,1.1568976875791268,8,7,4,500,98.93,98.81,100.0,100.0,0.0,0.0,0.0,0.0
2285,46855,100.0,65.28002676848097,1.0748430934672957,4,5,4,500,100.0,100.0,100.0,100.0,0.0,0.0,0.0,0.0
2286,47208,98.34,62.510541132074735,1.1581181991806049,4,4,4,500,93.35,100.0,100.0,100.0,0.0,0.0,0.0,0.0
2287,72024,99.65,66.16004369147937,1.1422222921652585,6,2,4,500,100.0,98.6,100.0,100.0,0.0,0.0,0.0,0.0
2288,46859,100.0,68.9971299019954,1.1477874854045853,6,7,4,500,100.0,100.0,100.0,100.0,0.0,0.0,0.0,0.0
2289,150000,100.0,62.64485320243109,1.1466471170989068,12,0,4,500,100.0,100.0,100.0,100.0,0.0,0.0,0.0,0.0
2290,86531,97.72,65.31710269270512,1.0582569075364616,8,3,4,500,95.95,94.94,100.0,100.0,0.0,0.0,0.0,0.0
2291,54018,100.0,64.46280641160585,1.0898369011132634,6,4,4,500,100.0,100.0,100.0,100.0,0.0,0.0,0.0,0.0
2292,45801,99.08,68.13999469856924,1.1249992645208742,5,8,4,500,98.49,100.0,100.0,97.84,0.0,0.0,0.0,0.0
2293,46855,100.0,64.27809606697396,1.144069048465321,4,5,4,500,100.0,100.0,100.0,100.0,0.0,0.0,0.0,0.0
2294,44642,100.0,68.1131938233824,1.1220283664486554,2,6,4,500,100.0,100.0,100.0,100.0,0.0,0.0,0.0,0.0
2295,73028,100.0,67.08896876316423,1.124044587699364,8,4,4,500,100.0,100.0,100.0,100.0,0.0,0.0,0.0,0.0
2296,49267,97.58,64.59328888400883,1.1117446461052174,7,6,4,500,94.56,100.0,100.0,95.74,0.0,0.0,0.0,0.0
2297,45146,100.0,64.40055736681573,1.1856184236515583,4,8,4,500,100.0,100.0,100.0,100.0,0.0,0.0,0.0,0.0
2298,85527,99.3,65.6605478435652,1.1411129535000624,6,1,4,500,100.0,99.94,100.0,97.25,0.0,0.0,0.0,0.0
2299,73282,100.0,63.68015788937127,1.1893859089643308,10,6,4,500,100.0,100.0,100.0,100.0,0.0,0.0,0.0,0.0
2300,47710,100.0,63.02614604734493,1.04105309765418,5,5,4,500,100.0,100.0,100.0,100.0,0.0,0.0,0.0,0.0
2301,123541,87.39,67.13342429517644,1.0783862102083888,10,3,4,500,88.8,92.91,81.7,86.16,0.0,0.0,0.0,0.0
2302,61521,99.8,64.25894815765122,1.1339794184010092,6,3,4,500,100.0,99.2,100.0,100.0,0.0,0.0,0.0,0.0
2303,47507,94.82,66.21281755510422,1.1602773698488145,2,1,4,500,100.0,89.17,97.6,92.53,0.0,0.0,0.0,0.0
2304,85527,100.0,65.53426807147143,1.079553616458829,6,1,4,500,100.0,100.0,100.0,100.0,0.0,0.0,0.0,0.0
2305,54520,89.8,67.25279189306549,1.1565377624247035,7,5,4,500,84.77,92.88,85.83,95.71,0.0,0.0,0.0,0.0
2306,54272,100.0,65.00707578810702,1.1390195105953145,8,6,4,500,100.0,100.0,100.0,100.0,0.0,0.0,0.0,0.0
2307,62023,100.0,62.997051235089,1.1321466876784023,7,4,4,500,100.0,100.0,100.0,100.0,0.0,0.0,0.0,0.0
2308,49519,100.0,64.61170202166244,1.0979607883111406,8,7,4,500,100.0,100.0,100.0,100.0,0.0,0.0,0.0,0.0
2309,45545,94.17,68.6128099053006,1.1742985766265304,2,5,4,500,90.32,95.89,94.73,95.74,0.0,0.0,0.0,0.0
2310,54018,98.56,69.42226459771034,1.1517433996557718,6,4,4,500,100.0,97.34,100.0,96.88,0.0,0.0,0.0,0.0
2311,47363,96.4,64.66321617122426,1.1688824337579409,8,9,4,500,100.0,100.0,100.0,85.6,0.0,0.0,0.0,0.0
2312,124545,100.0,64.87313054190041,1.1904980378334005,12,5,4,500,100.0,100.0,100.0,100.0,0.0,0.0,0.0,0.0
2313,87535,99.31,65.66746319675958,1.1682815076712612,10,5,4,500,100.0,100.0,97.23,100.0,0.0,0.0,0.0,0.0
2314,147040,99.19,64.35628823399426,1.2181054305802734,8,0,4,500,100.0,100.0,100.0,96.77,0.0,0.0,0.0,0.0
2315,103034,100.0,63.87767429057514,1.1602346293514674,8,2,4,500,100.0,100.0,100.0,100.0,0.0,0.0,0.0,0.0
2316,49515,99.5,64.9795318905739,1.1150621464769146,6,5,4,500,100.0,100.0,98.02,100.0,0.0,0.0,0.0,0.0
2317,150000,99.43,66.04496398219841,1.1614871986929822,10,0,4,500,100.0,100.0,100.0,97.71,0.0,0.0,0.0,0.0
2318,47208,100.0,66.02724948356922,1.0918524083329282,4,4,4,500,100.0,100.0,100.0,100.0,0.0,0.0,0.0,0.0
2319,147048,100.0,67.23701301317112,1.1473308953261288,12,4,4,500,100.0,100.0,100.0,100.0,0.0,0.0,0.0,0.0
2320,61521,89.24,64.82909675909731,1.1312917268728897,6,3,4,500,98.98,87.74,83.6,86.65,0.0,0.0,0.0,0.0
2321,150000,100.0,64.05336050330712,1.0669554352147876,10,0,4,500,100.0,100.0,100.0,100.0,0.0,0.0,0.0,0.0
2322,49267,100.0,67.04581719825423,1.158972984446144,7,6,4,500,100.0,100.0,100.0,100.0,0.0,0.0,0.0,0.0
2323,62525,99.33,66.5619823316017,1.1719931999555877,8,5,4,500,100.0,100.0,97.33,100.0,0.0,0.0,0.0,0.0
2324,54520,99.42,64.01017263990211,1.1354616633625685,7,5,4,500,100.0,100.0,100.0,97.7,0.0,0.0,0.0,0.0
2325,123541,100.0,64.67502069515345,1.0899723973940485,10,3,4,500,100.0,100.0,100.0,100.0,0.0,0.0,0.0,0.0
2326,73028,100.0,63.5282405515592,1.1658231868122606,8,4,4,500,100.0,100.0,100.0,100.0,0.0,0.0,0.0,0.0
2327,124035,100.0,66.92338072353382,1.0948211422781906,7,0,4,500,100.0,100.0,100.0,100.0,0.0,0.0,0.0,0.0
2328,150000,100.0,67.82206720971801,1.1884972260899755,12,2,4,500,100.0,100.0,100.0,100.0,0.0,0.0,0.0,0.0
2329,49515,99.16,64.9758673289361,1.1735658809971885,6,5,4,500,100.0,99.88,96.77,100.0,0.0,0.0,0.0,0.0
2330,61521,96.12,67.47784309287847,1.129954580526629,6,3,4,500,95.62,88.84,100.0,100.0,0.0,0.0,0.0,0.0
2331,54018,99.36,65.4197715326732,1.114078798250789,6,4,4,500,100.0,97.44,100.0,100.0,0.0,0.0,0.0,0.0
2332,47462,99.22,63.90192843025752,1.1305631818018929,6,6,4,500,100.0,100.0,100.0,96.89,0.0,0.0,0.0,0.0
2333,123541,100.0,67.27984659258986,1.0796585708906092,10,3,4,500,100.0,100.0,100.0,100.0,0.0,0.0,0.0,0.0
2334,46855,100.0,66.80880203956012,1.2375879202991158,4,5,4,500,100.0,100.0,100.0,100.0,0.0,0.0,0.0,0.0
2335,61521,100.0,63.50827582410554,1.1749852863123376,6,3,4,500,100.0,100.0,100.0,100.0,0.0,0.0,0.0,0.0
2336,147048,98.8,65.48523125009292,1.0552407866809932,12,4,4,500,100.0,95.21,100.0,100.0,0.0,0.0,0.0,0.0
2337,54018,99.83,62.508277757438606,1.07123609653845,6,4,4,500,100.0,100.0,99.31,100.0,0.0,0.0,0.0,0.0
2338,122537,100.0,65.30725195650854,1.1107734042400186,8,1,4,500,100.0,100.0,100.0,100.0,0.0,0.0,0.0,0.0
2339,61521,100.0,66.33397255625016,1.1404849144076807,6,3,4,500,100.0,100.0,100.0,100.0,0.0,0.0,0.0,0.0
2340,73028,100.0,64.40849910553672,1.1921500539415164,8,4,4,500,100.0,100.0,100.0,100.0,0.0,0.0,0.0,0.0
2341,44239,100.0,67.2803470612436,1.2318489544463076,2,7,4,500,100.0,100.0,100.0,100.0,0.0,0.0,0.0,0.0
2342,54520,99.46,66.65555814054275,1.2014576575192264,7,5,4,500,100.0,97.86,100.0,100.0,0.0,0.0,0.0,0.0
2343,45146,100.0,66.85611515353462,1.197460348298797,4,8,4,500,100.0,100.0,100.0,100.0,0.0,0.0,0.0,0.0
2344,61019,90.84,67.37675436832257,1.1589516115780596,5,2,4,500,81.43,96.03,87.27,98.64,0.0,0.0,0.0,0.0
2345,122537,99.62,67.55449049312723,1.0723065963737823,8,1,4,500,100.0,98.48,100.0,100.0,0.0,0.0,0.0,0.0
2346,45952,100.0,63.2425200063649,1.1383417420875253,4,6,4,500,100.0,100.0,100.0,100.0,0.0,0.0,0.0,0.0
2347,49519,100.0,65.92237430031062,1.0880686674365971,8,7,4,500,100.0,100.0,100.0,100.0,0.0,0.0,0.0,0.0
2348,47208,100.0,65.58863723624454,1.2033346357950097,4,4,4,500,100.0,100.0,100.0,100.0,0.0,0.0,0.0,0.0
2349,61521,100.0,63.51904299399242,1.1317489869904829,6,3,4,500,100.0,100.0,100.0,100.0,0.0,0.0,0.0,0.0
2350,122537,100.0,65.4155504818268,1.1420235162848842,8,1,4,500,100.0,100.0,100.0,100.0,0.0,0.0,0.0,0.0
2351,49515,100.0,65.87877794469449,1.0806947625363577,6,5,4,500,100.0,100.0,100.0,100.0,0.0,0.0,0.0,0.0
2352,86531,98.91,67.685041964566,1.1532440515549005,8,3,4,500,100.0,100.0,100.0,95.64,0.0,0.0,0.0,0.0
2353,47710,97.7,66.79608348945365,1.0945043840005604,5,5,4,500,100.0,92.62,100.0,98.2,0.0,0.0,0.0,0.0
2354,62525,99.69,64.80513371944423,1.1374558266977737,8,5,4,500,100.0,100.0,100.0,98.76,0.0,0.0,0.0,0.0
2355,46708,99.22,67.26625537292412,1.1630149779857768,7,9,4,500,100.0,96.88,100.0,100.0,0.0,0.0,0.0,0.0
2356,86531,99.49,65.41466065604531,1.1745750458798487,8,3,4,500,100.0,100.0,97.97,100.0,0.0,0.0,0.0,0.0
2357,86531,100.0,64.45857511445605,1.1815160889853675,8,3,4,500,100.0,100.0,100.0,100.0,0.0,0.0,0.0,0.0
2358,146044,100.0,62.09739834903079,1.132047535169442,10,2,4,500,100.0,100.0,100.0,100.0,0.0,0.0,0.0,0.0
2359,45801,100.0,67.25652108281969,1.1462038174770477,5,8,4,500,100.0,100.0,100.0,100.0,0.0,0.0,0.0,0.0
2360,47462,100.0,64.93697122680301,1.1552625255884654,6,6,4,500,100.0,100.0,100.0,100.0,0.0,0.0,0.0,0.0
2361,62525,100.0,64.74256640554422,1.122232064051233,8,5,4,500,100.0,100.0,100.0,100.0,0.0,0.0,0.0,0.0
2362,87033,100.0,63.56189916883598,1.2294764602097583,9,4,4,500,100.0,100.0,100.0,100.0,0.0,0.0,0.0,0.0
2363,61019,100.0,69.8697147203095,1.188646035759948,5,2,4,500,100.0,100.0,100.0,100.0,0.0,0.0,0.0,0.0
2364,54520,100.0,63.97783016476808,1.111697097198264,7,5,4,500,100.0,100.0,100.0,100.0,0.0,0.0,0.0,0.0
2365,87033,100.0,65.82671636548385,1.168500922401711,9,4,4,500,100.0,100.0,100.0,100.0,0.0,0.0,0.0,0.0
2366,45146,99.13,65.76437952609568,1.1400195449908586,4,8,4,500,100.0,100.0,99.92,96.6,0.0,0.0,0.0,0.0
2367,122537,100.0,67.34959466239302,1.1875984485557085,8,1,4,500,100.0,100.0,100.0,100.0,0.0,0.0,0.0,0.0
2368,45549,100.0,65.20337968439954,1.1365856723503085,4,7,4,500,100.0,100.0,100.0,100.0,0.0,0.0,0.0,0.0
2369,54272,96.37,64.5406106268191,1.1220418982022689,8,6,4,500,88.93,98.08,100.0,98.46,0.0,0.0,0.0,0.0
2370,122537,100.0,65.78478047185375,1.21848981726383,8,1,4,500,100.0,100.0,100.0,100.0,0.0,0.0,0.0,0.0
2371,46855,100.0,65.54467470160877,1.1589559454555352,4,5,4,500,100.0,100.0,100.0,100.0,0.0,0.0,0.0,0.0
2372,145542,99.77,66.62946604372785,1.116384892987808,9,1,4,500,99.07,100.0,100.0,100.0,0.0,0.0,0.0,0.0
2373,73028,100.0,62.20459481244443,1.162788640277505,8,4,4,500,100.0,100.0,100.0,100.0,0.0,0.0,0.0,0.0
2374,150000,100.0,65.69308092456036,1.1822754708658525,14,1,4,500,100.0,100.0,100.0,100.0,0.0,0.0,0.0,0.0
2375,53516,99.97,65.86225164648987,1.0891260451306424,5,3,4,500,100.0,100.0,100.0,99.89,0.0,0.0,0.0,0.0
2376,44340,100.0,67.78833263094027,1.0747413386707128,4,10,4,500,100.0,100.0,100.0,100.0,0.0,0.0,0.0,0.0
2377,86531,100.0,66.16748200922089,1.137938242624002,8,3,4,500,100.0,100.0,100.0,100.0,0.0,0.0,0.0,0.0
2378,47714,97.58,65.75790586255485,1.103075370350561,7,7,4,500,100.0,100.0,100.0,90.32,0.0,0.0,0.0,0.0
2379,150000,99.38,65.21963587358401,1.1368964258929894,9,0,4,500,100.0,100.0,100.0,97.51,0.0,0.0,0.0,0.0
2380,87535,99.28,66.3340496871316,1.148219990506808,10,5,4,500,100.0,100.0,97.12,100.0,0.0,0.0,0.0,0.0
2381,86531,99.66,66.47451535767456,1.163530989028423,8,3,4,500,98.66,100.0,100.0,100.0,0.0,0.0,0.0,0.0
2382,46456,100.0,66.2757383605692,1.0868826011726591,6,8,4,500,100.0,100.0,100.0,100.0,0.0,0.0,0.0,0.0
2383,49267,98.95,65.54362319921223,1.111243727640687,7,6,4,500,100.0,95.81,100.0,100.0,0.0,0.0,0.0,0.0
2384,62529,100.0,64.79593745518224,1.1762830378287528,10,7,4,500,100.0,100.0,100.0,100.0,0.0,0.0,0.0,0.0
2385,45549,100.0,66.59849018759772,1.1770411806705543,4,7,4,500,100.0,100.0,100.0,100.0,0.0,0.0,0.0,0.0
2386,150000,100.0,68.45648695684672,1.2194290498196851,12,2,4,500,100.0,100.0,100.0,100.0,0.0,0.0,0.0,0.0
2387,49013,98.85,65.09974937973601,1.1601143455134284,5,4,4,500,98.5,100.0,96.9,100.0,0.0,0.0,0.0,0.0
2388,62023,100.0,67.95959141429768,1.063899884761957,7,4,4,500,100.0,100.0,100.0,100.0,0.0,0.0,0.0,0.0
2389,85527,99.96,65.16318754781626,1.0748428555167575,6,1,4,500,100.0,100.0,100.0,99.85,0.0,0.0,0.0,0.0
2390,122537,99.84,66.3499519236632,1.1488178297506872,8,1,4,500,100.0,100.0,100.0,99.38,0.0,0.0,0.0,0.0
2391,73028,100.0,66.6270086535426,1.1049552129862776,8,4,4,500,100.0,100.0,100.0,100.0,0.0,0.0,0.0,0.0
2392,53516,100.0,65.42056343850284,1.196186167284936,5,3,4,500,100.0,100.0,100.0,100.0,0.0,0.0,0.0,0.0
2393,104030,100.0,64.26501139518922,1.10992187694907,6,0,4,500,100.0,100.0,100.0,100.0,0.0,0.0,0.0,0.0
2394,150000,100.0,65.620999324571,1.120787708452582,10,1,4,500,100.0,100.0,100.0,100.0,0.0,0.0,0.0,0.0
2395,85527,98.77,64.31570821886596,1.1630286993323586,6,1,4,500,100.0,95.08,100.0,100.0,0.0,0.0,0.0,0.0
2396,46200,100.0,65.32504695279204,1.161295692514822,3,5,4,500,100.0,100.0,100.0,100.0,0.0,0.0,0.0,0.0
2397,150000,100.0,65.53242695505074,1.156190843231269,11,0,4,500,100.0,100.0,100.0,100.0,0.0,0.0,0.0,0.0
2398,86531,100.0,64.47624790018075,1.0788010996177788,8,3,4,500,100.0,100.0,100.0,100.0,0.0,0.0,0.0,0.0
2399,104038,100.0,66.38009519754506,1.1425370934796617,10,4,4,500,100.0,100.0,100.0,100.0,0.0,0.0,0.0,0.0
2400,104038,100.0,67.14096049640794,1.2633912141298282,10,4,4,500,100.0,100.0,100.0,100.0,0.0,0.0,0.0,0.0
2401,104038,83.65,67.03284541530306,1.0818696110796286,10,4,4,500,80.94,88.79,80.86,84.01,0.0,0.0,0.0,0.0
2402,72024,100.0,66.13233420092746,1.1240057057946826,6,2,4,500,100.0,100.0,100.0,100.0,0.0,0.0,0.0,0.0
2403,73282,99.59,68.7142077115047,1.1123436971492275,10,6,4,500,100.0,100.0,98.35,100.0,0.0,0.0,0.0,0.0
2404,104038,100.0,64.99646681691763,1.1788849254653837,10,4,4,500,100.0,100.0,100.0,100.0,0.0,0.0,0.0,0.0
2405,54272,98.26,63.86091340642244,1.1944019199592228,8,6,4,500,98.55,100.0,96.43,98.06,0.0,0.0,0.0,0.0
2406,45146,100.0,66.14856700125341,1.1146189594949056,4,8,4,500,100.0,100.0,100.0,100.0,0.0,0.0,0.0,0.0
2407,47710,99.83,65.809744466852,1.0863867620683876,5,5,4,500,99.32,100.0,100.0,100.0,0.0,0.0,0.0,0.0
2408,46855,97.79,63.47109153977726,1.1947456250148305,4,5,4,500,100.0,100.0,95.77,95.38,0.0,0.0,0.0,0.0
2409,123039,100.0,64.47681775055209,1.0855216675054349,9,2,4,500,100.0,100.0,100.0,100.0,0.0,0.0,0.0,0.0
2410,150000,95.96,65.30917657327326,1.0851033671788726,11,1,4,500,100.0,100.0,96.23,87.61,0.0,0.0,0.0,0.0
2411,62277,100.0,64.82903392150415,1.2024656551330637,9,6,4,500,100.0,100.0,100.0,100.0,0.0,0.0,0.0,0.0
2412,104038,100.0,67.52435689774923,1.2505712035504262,10,4,4,500,100.0,100.0,100.0,100.0,0.0,0.0,0.0,0.0
2413,85527,99.7,69.67151181712552,1.1757775279858662,6,1,4,500,100.0,98.81,100.0,100.0,0.0,0.0,0.0,0.0
2414,122537,94.63,66.08355926064013,1.110329887370538,8,1,4,500,94.58,93.13,100.0,90.8,0.0,0.0,0.0,0.0
2415,150000,100.0,61.87350185991193,1.1310118770839666,12,1,4,500,100.0,100.0,100.0,100.0,0.0,0.0,0.0,0.0
2416,72024,99.21,64.70338594173073,1.1532176828850569,6,2,4,500,100.0,100.0,96.84,100.0,0.0,0.0,0.0,0.0
2417,150000,98.54,66.5169366212719,1.171900078846077,13,0,4,500,100.0,100.0,100.0,94.18,0.0,0.0,0.0,0.0
2418,103034,100.0,64.40460027389945,1.1575863171509857,8,2,4,500,100.0,100.0,100.0,100.0,0.0,0.0,0.0,0.0
2419,47208,99.98,63.61075637976693,1.2116224055733358,4,4,4,500,100.0,99.92,100.0,100.0,0.0,0.0,0.0,0.0
2420,73028,100.0,65.12392072115924,1.1299727667680697,8,4,4,500,100.0,100.0,100.0,100.0,0.0,0.0,0.0,0.0
2421,122537,97.75,63.49407551524516,1.229952852852307,8,1,4,500,100.0,93.63,100.0,97.38,0.0,0.0,0.0,0.0
2422,45698,100.0,64.17821680367965,1.067237485609025,2,4,4,500,100.0,100.0,100.0,100.0,0.0,0.0,0.0,0.0
2423,49519,100.0,66.10585732798026,1.1566164932507752,8,7,4,500,100.0,100.0,100.0,100.0,0.0,0.0,0.0,0.0
2424,150000,100.0,65.90651836019768,1.1725446380421447,10,1,4,500,100.0,100.0,100.0,100.0,0.0,0.0,0.0,0.0
2425,49515,100.0,61.571921044304254,1.1526664777618378,6,5,4,500,100.0,100.0,100.0,100.0,0.0,0.0,0.0,0.0
2426,123541,100.0,66.62591337718803,1.1829624434678752,10,3,4,500,100.0,100.0,100.0,100.0,0.0,0.0,0.0,0.0
2427,72526,100.0,66.24340463937799,1.152616131066614,7,3,4,500,100.0,100.0,100.0,100.0,0.0,0.0,0.0,0.0
2428,54272,100.0,67.56388861390361,1.2431895205517105,8,6,4,500,100.0,100.0,100.0,100.0,0.0,0.0,0.0,0.0
2429,150000,100.0,66.00140174373976,1.0997360870200814,9,0,4,500,100.0,100.0,100.0,100.0,0.0,0.0,0.0,0.0
2430,54272,100.0,63.41995164056115,1.1887122414867135,8,6,4,500,100.0,100.0,100.0,100.0,0.0,0.0,0.0,0.0
2431,45698,99.71,65.1737047039619,1.1674985409944965,2,4,4,500,100.0,98.83,100.0,100.0,0.0,0.0,0.0,0.0
2432,150000,100.0,66.82190336978154,1.039012851853838,12,3,4,500,100.0,100.0,100.0,100.0,0.0,0.0,0.0,0.0
2433,72526,100.0,66.5302817420942,1.0868575183522504,7,3,4,500,100.0,100.0,100.0,100.0,0.0,0.0,0.0,0.0
2434,54018,99.65,67.30609036574572,1.1711894907515603,6,4,4,500,100.0,100.0,100.0,98.6,0.0,0.0,0.0,0.0
2435,45297,100.0,64.08671335907243,1.2563704368119712,3,6,4,500,100.0,100.0,100.0,100.0,0.0,0.0,0.0,0.0
2436,54776,100.0,66.85009889974638,1.0634774990954152,10,8,4,500,100.0,100.0,100.0,100.0,0.0,0.0,0.0,0.0
2437,86531,100.0,66.43134737887547,1.103675255267324,8,3,4,500,100.0,100.0,100.0,100.0,0.0,0.0,0.0,0.0
2438,146044,99.76,64.21090221540582,1.0501420057154571,10,2,4,500,100.0,100.0,99.05,100.0,0.0,0.0,0.0,0.0
2439,46855,99.86,64.4004715588941,1.12718884396358,4,5,4,500,100.0,99.44,100.0,100.0,0.0,0.0,0.0,0.0
2440,123039,100.0,66.87383636078684,1.1746012111316335,9,2,4,500,100.0,100.0,100.0,100.0,0.0,0.0,0.0,0.0
2441,46960,99.55,65.25229060036695,1.1863855620693464,8,10,4,500,100.0,100.0,100.0,98.2,0.0,0.0,0.0,0.0
2442,45952,100.0,66.49074872510128,1.047229391526681,4,6,4,500,100.0,100.0,100.0,100.0,0.0,0.0,0.0,0.0
2443,150000,100.0,66.25678374821031,1.1874479329534788,15,0,4,500,100.0,100.0,100.0,100.0,0.0,0.0,0.0,0.0
2444,46859,99.97,62.74007151934568,1.222634176626595,6,7,4,500,100.0,100.0,100.0,99.88,0.0,0.0,0.0,0.0
2445,103536,97.68,64.92141580400202,1.1276355812578032,9,3,4,500,100.0,100.0,98.53,92.21,0.0,0.0,0.0,0.0
2446,87535,100.0,65.56934599237083,1.1545472937717618,10,5,4,500,100.0,100.0,100.0,100.0,0.0,0.0,0.0,0.0
2447,60517,100.0,69.54668709552985,1.0579040853158326,4,1,4,500,100.0,100.0,100.0,100.0,0.0,0.0,0.0,0.0
2448,73534,100.0,64.2967445800293,1.106837326653319,11,7,4,500,100.0,100.0,100.0,100.0,0.0,0.0,0.0,0.0
2449,87535,99.77,66.3861855834037,1.1625260467670815,10,5,4,500,100.0,100.0,100.0,99.09,0.0,0.0,0.0,0.0
2450,73028,98.02,66.90408164774625,1.0666866175035563,8,4,4,500,92.09,100.0,100.0,100.0,0.0,0.0,0.0,0.0
2451,102532,97.67,66.95151150839635,1.1153122386210648,7,1,4,500,100.0,96.03,94.65,100.0,0.0,0.0,0.0,0.0
2452,150000,100.0,65.9005697059654,1.1073207971832029,13,0,4,500,100.0,100.0,100.0,100.0,0.0,0.0,0.0,0.0
2453,85527,99.63,65.37808818621133,1.127757731963036,6,1,4,500,98.51,100.0,100.0,100.0,0.0,0.0,0.0,0.0
2454,54524,100.0,65.30402207539902,1.1110910127604416,9,7,4,500,100.0,100.0,100.0,100.0,0.0,0.0,0.0,0.0
2455,49515,100.0,67.34374926130391,1.232686445451679,6,5,4,500,100.0,100.0,100.0,100.0,0.0,0.0,0.0,0.0
2456,45952,100.0,64.85571467348649,1.159472531072059,4,6,4,500,100.0,100.0,100.0,100.0,0.0,0.0,0.0,0.0
2457,122537,100.0,65.78940423684887,1.1182023571744035,8,1,4,500,100.0,100.0,100.0,100.0,0.0,0.0,0.0,0.0
2458,46859,96.29,64.08159859130978,1.1239473877187336,6,7,4,500,100.0,97.2,97.45,90.53,0.0,0.0,0.0,0.0
2459,61521,100.0,63.21192694016645,1.0576707287185785,6,3,4,500,100.0,100.0,100.0,100.0,0.0,0.0,0.0,0.0
2460,123541,100.0,64.13616267249225,1.0613941983898394,10,3,4,500,100.0,100.0,100.0,100.0,0.0,0.0,0.0,0.0
2461,73028,98.41,62.35245911458691,1.1325417365815589,8,4,4,500,100.0,93.63,100.0,100.0,0.0,0.0,0.0,0.0
2462,86531,99.41,66.30047511329907,1.2073262730294791,8,3,4,500,100.0,97.64,100.0,100.0,0.0,0.0,0.0,0.0
2463,54272,99.26,62.43552299958677,1.1946777049514992,8,6,4,500,99.1,100.0,99.06,98.89,0.0,0.0,0.0,0.0
2464,87535,100.0,65.19428423964052,1.170195916555421,10,5,4,500,100.0,99.98,100.0,100.0,0.0,0.0,0.0,0.0
2465,46708,100.0,62.892117414324886,1.1544948073448202,7,9,4,500,100.0,100.0,100.0,100.0,0.0,0.0,0.0,0.0
2466,123541,98.92,65.62301831910078,1.158511995085774,10,3,4,500,100.0,100.0,95.69,100.0,0.0,0.0,0.0,0.0
2467,62525,98.96,66.91520180631414,1.0762854646835962,8,5,4,500,98.79,100.0,97.05,100.0,0.0,0.0,0.0,0.0
2468,87535,100.0,67.06818134200631,1.1876435446530758,10,5,4,500,100.0,100.0,100.0,100.0,0.0,0.0,0.0,0.0
2469,150000,100.0,64.47108441129288,1.1638108204567723,11,2,4,500,100.0,100.0,100.0,100.0,0.0,0.0,0.0,0.0
2470,54018,100.0,65.75060403649843,1.1954306490395443,6,4,4,500,100.0,100.0,100.0,100.0,0.0,0.0,0.0,0.0
2471,86531,94.49,67.13374743412062,0.9949572876794875,8,3,4,500,92.05,89.65,96.25,100.0,0.0,0.0,0.0,0.0
2472,73530,100.0,65.2130900026585,1.1510032620249826,9,5,4,500,100.0,100.0,100.0,100.0,0.0,0.0,0.0,0.0
2473,47714,91.72,65.75378761987014,1.1180244504406458,7,7,4,500,98.19,100.0,77.49,91.18,0.0,0.0,0.0,0.0
2474,47208,98.41,64.57424245774732,1.0921459096753146,4,4,4,500,100.0,100.0,100.0,93.65,0.0,0.0,0.0,0.0
2475,73530,100.0,64.31340165454068,1.127906758215814,9,5,4,500,100.0,100.0,100.0,100.0,0.0,0.0,0.0,0.0
2476,85527,100.0,65.17957584680417,1.1112261927917064,6,1,4,500,100.0,100.0,100.0,100.0,0.0,0.0,0.0,0.0
2477,122537,100.0,63.95631304812863,1.1455540355701683,8,1,4,500,100.0,100.0,100.0,100.0,0.0,0.0,0.0,0.0
2478,86531,100.0,66.43666873453182,1.1485863245229908,8,3,4,500,100.0,100.0,100.0,100.0,0.0,0.0,0.0,0.0
2479,73028,100.0,66.48111023816746,1.061750451693392,8,4,4,500,100.0,100.0,100.0,100.0,0.0,0.0,0.0,0.0
2480,73020,100.0,66.8732032930827,1.0765196050978008,4,0,4,500,100.0,100.0,100.0,100.0,0.0,0.0,0.0,0.0
2481,104038,99.0,64.22168045957385,1.164909011258693,10,4,4,500,100.0,100.0,100.0,96.0,0.0,0.0,0.0,0.0
2482,103034,100.0,65.91556124427554,1.0900426457334167,8,2,4,500,100.0,100.0,100.0,100.0,0.0,0.0,0.0,0.0
2483,150000,100.0,67.26792968941373,1.1157517897323577,12,2,4,500,100.0,100.0,100.0,100.0,0.0,0.0,0.0,0.0
2484,54524,100.0,66.61264299754878,1.0909575326281162,9,7,4,500,100.0,100.0,100.0,100.0,0.0,0.0,0.0,0.0
2485,47363,100.0,65.90271503660679,1.0857400480800088,8,9,4,500,100.0,100.0,100.0,100.0,0.0,0.0,0.0,0.0
2486,62525,100.0,63.691314981998886,1.0393341902396875,8,5,4,500,100.0,100.0,100.0,100.0,0.0,0.0,0.0,0.0
2487,49515,99.19,65.88376537143768,1.1712122333718509,6,5,4,500,96.77,100.0,100.0,100.0,0.0,0.0,0.0,0.0
2488,62781,100.0,66.12920326870058,1.1536505381672324,11,8,4,500,100.0,100.0,100.0,100.0,0.0,0.0,0.0,0.0
2489,145542,99.19,65.69537014029827,1.0867090196148963,9,1,4,500,96.76,100.0,100.0,100.0,0.0,0.0,0.0,0.0
2490,122537,100.0,64.60001912079024,1.1809068188296226,8,1,4,500,100.0,100.0,100.0,100.0,0.0,0.0,0.0,0.0
2491,62525,99.8,64.57768225543587,1.1169670719588838,8,5,4,500,100.0,100.0,100.0,99.18,0.0,0.0,0.0,0.0
2492,123541,99.62,64.39030407379917,1.1170986396862683,10,3,4,500,100.0,100.0,100.0,98.49,0.0,0.0,0.0,0.0
2493,87535,100.0,65.40063238767277,1.2137603005143562,10,5,4,500,100.0,100.0,100.0,100.0,0.0,0.0,0.0,0.0
2494,87033,99.2,65.63824485711471,1.160466821771556,9,4,4,500,100.0,100.0,96.82,100.0,0.0,0.0,0.0,0.0
2495,104030,100.0,65.63446612444082,1.0589743861028733,6,0,4,500,100.0,100.0,100.0,100.0,0.0,0.0,0.0,0.0
2496,73028,98.73,65.68055032031698,1.0869287918594526,8,4,4,500,100.0,100.0,94.91,100.0,0.0,0.0,0.0,0.0
2497,86531,100.0,66.53541544179701,1.088429389169673,8,3,4,500,100.0,100.0,100.0,100.0,0.0,0.0,0.0,0.0
2498,45851,100.0,67.40222033642645,1.108113270723652,2,3,4,500,100.0,100.0,100.0,100.0,0.0,0.0,0.0,0.0
2499,123541,100.0,63.4197617326902,1.0757899737498446,10,3,4,500,100.0,100.0,100.0,100.0,0.0,0.0,0.0,0.0
2500,103034,97.92,68.84280359990974,1.0632133751005848,8,2,4,500,100.0,100.0,100.0,91.7,0.0,0.0,0.0,0.0
2501,122537,100.0,63.79264206936214,1.1426275029603707,8,1,4,500,100.0,100.0,100.0,100.0,0.0,0.0,0.0,0.0
2502,46456,100.0,63.645500554966944,0.9869325579664016,6,8,4,500,100.0,100.0,100.0,100.0,0.0,0.0,0.0,0.0
2503,61019,100.0,68.65710994284302,1.106252310462985,5,2,4,500,100.0,100.0,100.0,100.0,0.0,0.0,0.0,0.0
2504,62525,99.54,64.89567378160218,1.1214696387780705,8,5,4,500,100.0,100.0,100.0,98.18,0.0,0.0,0.0,0.0
2505,73028,100.0,64.47582762940456,1.187825174488062,8,4,4,500,100.0,100.0,100.0,100.0,0.0,0.0,0.0,0.0
2506,103536,100.0,66.24349138602967,1.0563408525733662,9,3,4,500,100.0,100.0,100.0,100.0,0.0,0.0,0.0,0.0
2507,73530,98.23,68.36576083697615,1.0897705442140897,9,5,4,500,99.42,100.0,97.59,95.9,0.0,0.0,0.0,0.0
2508,45952,100.0,67.27158545318778,1.159726976246939,4,6,4,500,100.0,100.0,100.0,100.0,0.0,0.0,0.0,0.0
2509,145542,100.0,65.86137947970552,1.167507636724146,9,1,4,500,100.0,100.0,100.0,100.0,0.0,0.0,0.0,0.0
2510,87033,99.4,65.29794979971055,1.043310265732072,9,4,4,500,100.0,100.0,100.0,97.59,0.0,0.0,0.0,0.0
2511,47462,100.0,65.2196194922633,1.0567526841438677,6,6,4,500,100.0,100.0,100.0,100.0,0.0,0.0,0.0,0.0
2512,43685,100.0,67.1124511992956,1.110837527691175,3,10,4,500,100.0,100.0,100.0,100.0,0.0,0.0,0.0,0.0
2513,146044,100.0,63.85316464688811,1.1659493711579958,10,2,4,500,100.0,100.0,100.0,100.0,0.0,0.0,0.0,0.0
2514,146044,99.85,66.28013765990092,1.2169401470102863,10,2,4,500,99.4,100.0,100.0,100.0,0.0,0.0,0.0,0.0
2515,146044,99.76,65.97889696512962,1.1562491283222185,10,2,4,500,100.0,99.02,100.0,100.0,0.0,0.0,0.0,0.0
2516,147040,100.0,66.69514664069007,1.223559077971481,8,0,4,500,100.0,100.0,100.0,100.0,0.0,0.0,0.0,0.0
2517,54018,99.02,65.48499718978927,1.1382154112244154,6,4,4,500,96.1,100.0,100.0,100.0,0.0,0.0,0.0,0.0
2518,104030,97.68,63.29723671020928,0.9935792865624008,6,0,4,500,100.0,100.0,100.0,90.7,0.0,0.0,0.0,0.0
2519,123039,100.0,64.89550103256538,1.1749638483077545,9,2,4,500,100.0,100.0,100.0,100.0,0.0,0.0,0.0,0.0
2520,47462,100.0,65.32863877662395,1.1087653404289732,6,6,4,500,100.0,100.0,100.0,100.0,0.0,0.0,0.0,0.0
2521,150000,98.54,65.32748951683293,1.1325321703139135,11,1,4,500,100.0,100.0,94.18,100.0,0.0,0.0,0.0,0.0
2522,61521,99.36,63.43914121202823,1.092575566330978,6,3,4,500,100.0,100.0,100.0,97.42,0.0,0.0,0.0,0.0
2523,54018,100.0,63.65217988707772,1.1226221259892917,6,4,4,500,100.0,100.0,100.0,100.0,0.0,0.0,0.0,0.0
2524,47462,100.0,65.45974583101872,1.061822729801444,6,6,4,500,100.0,100.0,100.0,100.0,0.0,0.0,0.0,0.0
2525,150000,87.96,64.63037663836442,1.1416556791251176,11,0,4,500,81.03,93.25,90.87,86.7,0.0,0.0,0.0,0.0
2526,124043,100.0,64.27638739518937,1.134758692027056,11,4,4,500,100.0,100.0,100.0,100.0,0.0,0.0,0.0,0.0
2527,73028,100.0,65.49526806618634,1.0614947652712183,8,4,4,500,100.0,100.0,100.0,100.0,0.0,0.0,0.0,0.0
2528,150000,99.99,65.06535064750005,1.218361608624555,13,3,4,500,100.0,100.0,100.0,99.97,0.0,0.0,0.0,0.0
2529,49519,100.0,67.72014031058356,1.0550331282211791,8,7,4,500,100.0,100.0,100.0,100.0,0.0,0.0,0.0,0.0
2530,73282,100.0,66.78079353543788,1.106122828882634,10,6,4,500,100.0,100.0,100.0,100.0,0.0,0.0,0.0,0.0
2531,49515,99.85,66.66587154192416,1.2118511721056735,6,5,4,500,99.41,100.0,100.0,100.0,0.0,0.0,0.0,0.0
2532,150000,100.0,65.14898739434362,1.0486884949283717,10,1,4,500,100.0,100.0,100.0,100.0,0.0,0.0,0.0,0.0
2533,85527,100.0,67.47505533774107,1.1184970498413846,6,1,4,500,100.0,100.0,100.0,100.0,0.0,0.0,0.0,0.0
2534,46353,96.37,67.0570456605903,1.0819591851000552,3,4,4,500,100.0,94.58,100.0,90.9,0.0,0.0,0.0,0.0
2535,104038,99.74,65.98220946418334,1.1172414203672218,10,4,4,500,100.0,100.0,100.0,98.97,0.0,0.0,0.0,0.0
2536,124035,98.28,63.73909012279768,1.0942366101379974,7,0,4,500,94.72,98.42,100.0,100.0,0.0,0.0,0.0,0.0
2537,146044,99.91,65.15609009326477,1.1491126252768191,10,2,4,500,100.0,100.0,100.0,99.63,0.0,0.0,0.0,0.0
2538,104292,100.0,64.39159985371334,1.1007245827044214,12,6,4,500,100.0,100.0,100.0,100.0,0.0,0.0,0.0,0.0
2539,61521,100.0,67.26434111597293,1.0997591144421013,6,3,4,500,100.0,100.0,100.0,100.0,0.0,0.0,0.0,0.0
2540,150000,100.0,67.38614504445822,1.1230351599035282,10,0,4,500,100.0,100.0,100.0,100.0,0.0,0.0,0.0,0.0
2541,150000,100.0,66.80567149164287,1.139857207165519,11,2,4,500,100.0,100.0,100.0,100.0,0.0,0.0,0.0,0.0
2542,73282,96.84,61.91137982682285,1.0502824990018609,10,6,4,500,100.0,93.38,93.96,100.0,0.0,0.0,0.0,0.0
2543,147040,100.0,64.93955906591013,1.0924949464253295,8,0,4,500,100.0,100.0,100.0,100.0,0.0,0.0,0.0,0.0
2544,103034,100.0,64.8485289285459,1.0878208524458846,8,2,4,500,100.0,100.0,100.0,100.0,0.0,0.0,0.0,0.0
2545,73282,100.0,64.77780485967781,1.0298310914122353,10,6,4,500,100.0,100.0,100.0,100.0,0.0,0.0,0.0,0.0
2546,124043,100.0,63.73918670967011,1.026078208784995,11,4,4,500,100.0,100.0,100.0,100.0,0.0,0.0,0.0,0.0
2547,150000,100.0,66.24070032168146,1.1154759889479215,13,0,4,500,100.0,100.0,100.0,100.0,0.0,0.0,0.0,0.0
2548,46204,90.32,62.44321204564633,1.128698906758569,2,2,4,500,100.0,80.42,90.94,89.92,0.0,0.0,0.0,0.0
2549,54272,99.53,63.39458261171608,1.0053382318683384,8,6,4,500,100.0,100.0,98.12,100.0,0.0,0.0,0.0,0.0
2550,73028,100.0,67.53387008908467,1.0743722311728674,8,4,4,500,100.0,100.0,100.0,100.0,0.0,0.0,0.0,0.0
2551,146546,100.0,64.99248780210742,1.1087904634787882,11,3,4,500,100.0,100.0,100.0,100.0,0.0,0.0,0.0,0.0
2552,150000,100.0,65.18399711351704,1.0218837105275338,9,0,4,500,100.0,100.0,100.0,100.0,0.0,0.0,0.0,0.0
2553,150000,100.0,64.90544399765585,1.1522969329777768,13,2,4,500,100.0,100.0,100.0,100.0,0.0,0.0,0.0,0.0
2554,123541,97.59,65.63540197847196,1.08581969066618,10,3,4,500,100.0,91.81,98.54,100.0,0.0,0.0,0.0,0.0
2555,86029,100.0,65.51372796206621,1.1458673666208852,7,2,4,500,100.0,100.0,100.0,100.0,0.0,0.0,0.0,0.0
2556,54018,100.0,67.49560275090735,1.0319320081333108,6,4,4,500,100.0,100.0,100.0,100.0,0.0,0.0,0.0,0.0
2557,150000,100.0,64.62710868735407,1.1084762377057888,12,1,4,500,100.0,100.0,100.0,100.0,0.0,0.0,0.0,0.0
2558,146044,100.0,65.7551425576793,1.1719325676891004,10,2,4,500,100.0,100.0,100.0,100.0,0.0,0.0,0.0,0.0
2559,123541,100.0,66.24829639106318,1.1423295165000062,10,3,4,500,100.0,100.0,100.0,100.0,0.0,0.0,0.0,0.0
2560,49515,99.78,67.81193688631919,1.014107704411745,6,5,4,500,100.0,100.0,99.11,100.0,0.0,0.0,0.0,0.0
2561,103034,100.0,64.50007321684348,1.1730554254657433,8,2,4,500,100.0,100.0,100.0,100.0,0.0,0.0,0.0,0.0
2562,61521,100.0,67.62624678585689,1.110996284261471,6,3,4,500,100.0,100.0,100.0,100.0,0.0,0.0,0.0,0.0
2563,54272,100.0,68.6884077909939,1.05805209529101,8,6,4,500,100.0,100.0,100.0,100.0,0.0,0.0,0.0,0.0
2564,146044,99.95,64.08896161798002,1.0848875857857387,10,2,4,500,100.0,100.0,99.79,100.0,0.0,0.0,0.0,0.0
2565,49515,99.31,66.71209807854139,1.0871806503644252,6,5,4,500,100.0,100.0,97.25,100.0,0.0,0.0,0.0,0.0
2566,73028,99.37,67.03342231653983,1.135382005884195,8,4,4,500,97.47,100.0,100.0,100.0,0.0,0.0,0.0,0.0
2567,150000,99.76,65.8749717369238,1.116787726759228,14,3,4,500,100.0,99.05,100.0,100.0,0.0,0.0,0.0,0.0
2568,62023,100.0,64.92540557882396,1.0638705611157229,7,4,4,500,100.0,100.0,100.0,100.0,0.0,0.0,0.0,0.0
2569,54018,100.0,64.86370888205431,1.0919282747016603,6,4,4,500,100.0,100.0,100.0,100.0,0.0,0.0,0.0,0.0
2570,123039,100.0,66.45158487006785,1.174573825107719,9,2,4,500,100.0,100.0,100.0,100.0,0.0,0.0,0.0,0.0
2571,87033,100.0,66.41267046598342,1.1312593437046323,9,4,4,500,100.0,100.0,100.0,100.0,0.0,0.0,0.0,0.0
2572,103536,100.0,65.05707607892333,1.0857837354993585,9,3,4,500,100.0,100.0,100.0,100.0,0.0,0.0,0.0,0.0
2573,150000,100.0,65.59294375311565,1.0971768943976723,12,0,4,500,100.0,100.0,100.0,100.0,0.0,0.0,0.0,0.0
2574,54520,100.0,68.0929278317548,0.9796460626255306,7,5,4,500,100.0,100.0,100.0,100.0,0.0,0.0,0.0,0.0
2575,150000,99.3,66.32592334335881,1.0729964629442903,10,0,4,500,100.0,100.0,97.76,99.45,0.0,0.0,0.0,0.0
2576,45549,99.96,63.79298977401878,1.011082935250165,4,7,4,500,100.0,100.0,99.84,100.0,0.0,0.0,0.0,0.0
2577,146044,100.0,65.45625510515914,1.122797084568778,10,2,4,500,100.0,100.0,100.0,100.0,0.0,0.0,0.0,0.0
2578,86029,99.72,62.41435624854895,1.1133218924808033,7,2,4,500,100.0,100.0,100.0,98.88,0.0,0.0,0.0,0.0
2579,104038,99.32,64.49353032317998,1.058709966871629,10,4,4,500,100.0,100.0,97.28,100.0,0.0,0.0,0.0,0.0
2580,61521,99.87,67.5509709056211,1.1383818091588702,6,3,4,500,100.0,99.48,100.0,100.0,0.0,0.0,0.0,0.0
2581,54272,100.0,66.9547758603147,1.115307249086627,8,6,4,500,100.0,100.0,100.0,100.0,0.0,0.0,0.0,0.0
2582,150000,100.0,65.34733885113901,1.1088154979310556,12,3,4,500,100.0,100.0,100.0,100.0,0.0,0.0,0.0,0.0
2583,150000,100.0,64.00685404008651,1.1043596823995383,12,0,4,500,100.0,100.0,100.0,100.0,0.0,0.0,0.0,0.0
2584,150000,100.0,63.3952527073986,1.1135411976255631,12,1,4,500,100.0,100.0,100.0,100.0,0.0,0.0,0.0,0.0
2585,147048,99.76,68.94642520160167,1.1924712141126288,12,4,4,500,100.0,100.0,100.0,99.06,0.0,0.0,0.0,0.0
2586,54272,94.21,65.15151245713363,1.1564554772034763,8,6,4,500,100.0,100.0,87.35,89.5,0.0,0.0,0.0,0.0
2587,150000,99.4,64.83730703931337,1.0279291613620054,10,1,4,500,97.59,100.0,100.0,100.0,0.0,0.0,0.0,0.0
2588,124043,100.0,65.88297448055067,1.0940091748526026,11,4,4,500,100.0,100.0,100.0,100.0,0.0,0.0,0.0,0.0
2589,146044,100.0,66.44784122405532,0.9848774593148376,10,2,4,500,100.0,100.0,100.0,100.0,0.0,0.0,0.0,0.0
2590,87287,100.0,68.75336307048659,1.043923927762136,11,6,4,500,100.0,100.0,100.0,100.0,0.0,0.0,0.0,0.0
2591,150000,99.11,66.37555292254176,1.083979316244052,9,0,4,500,100.0,100.0,96.45,100.0,0.0,0.0,0.0,0.0
2592,146546,99.22,65.14936836903652,1.2015880856392538,11,3,4,500,100.0,100.0,100.0,96.89,0.0,0.0,0.0,0.0
2593,87535,100.0,66.68688857984309,1.0385608530782902,10,5,4,500,100.0,100.0,100.0,100.0,0.0,0.0,0.0,0.0
2594,150000,100.0,65.78953964856078,1.167666826810689,12,0,4,500,100.0,100.0,100.0,100.0,0.0,0.0,0.0,0.0
2595,150000,100.0,66.85802119004329,1.1646690076724209,9,0,4,500,100.0,100.0,100.0,100.0,0.0,0.0,0.0,0.0
2596,147040,100.0,66.67391843190607,1.1622524463901698,8,0,4,500,100.0,100.0,100.0,100.0,0.0,0.0,0.0,0.0
2597,150000,100.0,65.00571491047843,1.1908699822894029,10,0,4,500,100.0,100.0,100.0,100.0,0.0,0.0,0.0,0.0
2598,48218,100.0,67.02134714254613,1.063478024065707,9,9,4,500,100.0,100.0,100.0,100.0,0.0,0.0,0.0,0.0
2599,150000,99.77,64.35352514132703,1.090955954183381,10,0,4,500,100.0,99.09,100.0,100.0,0.0,0.0,0.0,0.0
2600,150000,100.0,65.88028839553316,0.9954301273915136,9,0,4,500,100.0,100.0,100.0,100.0,0.0,0.0,0.0,0.0
2601,73282,99.59,65.93401692623725,1.1155536767291478,10,6,4,500,98.35,100.0,100.0,100.0,0.0,0.0,0.0,0.0
2602,45698,99.88,65.56464751205188,1.0950900129325685,2,4,4,500,99.54,100.0,100.0,100.0,0.0,0.0,0.0,0.0
2603,104038,100.0,64.74651886443682,1.117866765515224,10,4,4,500,100.0,100.0,100.0,100.0,0.0,0.0,0.0,0.0
2604,87535,99.74,64.05583917802596,1.1341390064598351,10,5,4,500,100.0,100.0,98.94,100.0,0.0,0.0,0.0,0.0
2605,150000,100.0,68.2272708548704,1.0851481490321109,13,3,4,500,100.0,100.0,100.0,100.0,0.0,0.0,0.0,0.0
2606,49013,100.0,65.05170504550107,1.0413937102379869,5,4,4,500,100.0,100.0,100.0,100.0,0.0,0.0,0.0,0.0
2607,123039,100.0,64.73530702875516,1.1464032175867798,9,2,4,500,100.0,100.0,100.0,100.0,0.0,0.0,0.0,0.0
2608,86531,98.42,65.07225066550005,1.1307414495927393,8,3,4,500,99.54,94.13,100.0,100.0,0.0,0.0,0.0,0.0
2609,150000,100.0,68.34967782688751,1.1508141992108676,12,1,4,500,100.0,100.0,100.0,100.0,0.0,0.0,0.0,0.0
2610,150000,100.0,65.00932659441999,1.0675431661263135,12,2,4,500,100.0,100.0,100.0,100.0,0.0,0.0,0.0,0.0
2611,73282,100.0,67.76173839414126,1.1342344664656752,10,6,4,500,100.0,100.0,100.0,100.0,0.0,0.0,0.0,0.0
2612,87033,100.0,66.91686686256796,1.0710696248997256,9,4,4,500,100.0,100.0,100.0,100.0,0.0,0.0,0.0,0.0
2613,123039,100.0,66.54509183160505,1.1103946255250976,9,2,4,500,100.0,100.0,100.0,100.0,0.0,0.0,0.0,0.0
2614,86531,100.0,65.4960220222065,1.0926512523146918,8,3,4,500,100.0,100.0,100.0,100.0,0.0,0.0,0.0,0.0
2615,62525,100.0,64.811224033173,1.0552139881800389,8,5,4,500,100.0,100.0,100.0,100.0,0.0,0.0,0.0,0.0
2616,49515,100.0,64.49909910572616,1.0368828198412348,6,5,4,500,100.0,100.0,100.0,100.0,0.0,0.0,0.0,0.0
2617,123541,100.0,65.69695097011113,1.099470545091482,10,3,4,500,100.0,100.0,100.0,100.0,0.0,0.0,0.0,0.0
2618,150000,100.0,64.89281901423372,1.0840757606707605,12,1,4,500,100.0,100.0,100.0,100.0,0.0,0.0,0.0,0.0
2619,122537,100.0,66.39980055700964,1.0668703989246304,8,1,4,500,100.0,100.0,100.0,100.0,0.0,0.0,0.0,0.0
2620,150000,99.58,64.86707303817936,1.1884246209217015,12,0,4,500,98.31,100.0,100.0,100.0,0.0,0.0,0.0,0.0
2621,150000,100.0,64.54690375751066,1.1322197956846851,12,1,4,500,100.0,100.0,100.0,100.0,0.0,0.0,0.0,0.0
2622,73282,100.0,64.47095819605616,1.1428255762027966,10,6,4,500,100.0,100.0,100.0,100.0,0.0,0.0,0.0,0.0
2623,53014,100.0,65.95395560179422,1.10579563038912,4,2,4,500,100.0,100.0,100.0,100.0,0.0,0.0,0.0,0.0
2624,150000,100.0,66.19370007817491,1.1841331533234971,12,3,4,500,100.0,100.0,100.0,100.0,0.0,0.0,0.0,0.0
2625,87535,100.0,64.1942362736728,0.9648973397441952,10,5,4,500,100.0,100.0,100.0,100.0,0.0,0.0,0.0,0.0
2626,46855,99.55,65.48804366589975,1.121235046735728,4,5,4,500,100.0,98.2,100.0,100.0,0.0,0.0,0.0,0.0
2627,150000,100.0,66.50674951833251,1.088200297508614,12,0,4,500,100.0,100.0,100.0,100.0,0.0,0.0,0.0,0.0
2628,123039,98.57,65.00304091840333,1.116834659691407,9,2,4,500,100.0,100.0,94.29,100.0,0.0,0.0,0.0,0.0
2629,150000,100.0,65.06384178352585,1.1117572567342937,15,0,4,500,100.0,100.0,100.0,100.0,0.0,0.0,0.0,0.0
2630,102532,99.06,66.20376713915924,1.0555149570627145,7,1,4,500,100.0,100.0,96.26,100.0,0.0,0.0,0.0,0.0
2631,150000,100.0,65.51219960689114,1.0306999321693495,9,0,4,500,100.0,100.0,100.0,100.0,0.0,0.0,0.0,0.0
2632,150000,100.0,66.22216193343077,1.1566933348802917,10,1,4,500,100.0,100.0,100.0,100.0,0.0,0.0,0.0,0.0
2633,72024,100.0,66.21148290945271,1.1083110968627,6,2,4,500,100.0,100.0,100.0,100.0,0.0,0.0,0.0,0.0
2634,147048,99.12,65.0178905445633,1.1022589589116287,12,4,4,500,100.0,100.0,100.0,96.47,0.0,0.0,0.0,0.0
2635,86531,99.4,65.99893922924225,1.107310614491479,8,3,4,500,100.0,100.0,97.58,100.0,0.0,0.0,0.0,0.0
2636,49267,100.0,62.565730347712815,1.0645619541628313,7,6,4,500,100.0,100.0,100.0,100.0,0.0,0.0,0.0,0.0
2637,150000,100.0,67.0013957603562,1.1916737659495935,15,0,4,500,100.0,100.0,100.0,100.0,0.0,0.0,0.0,0.0
2638,150000,100.0,65.05572735957776,1.1160890683769915,11,2,4,500,100.0,100.0,100.0,100.0,0.0,0.0,0.0,0.0
2639,49267,100.0,66.51757217626522,1.0324704554979092,7,6,4,500,100.0,100.0,100.0,100.0,0.0,0.0,0.0,0.0
2640,146044,100.0,62.46923185845287,1.0790015694938433,10,2,4,500,100.0,100.0,100.0,100.0,0.0,0.0,0.0,0.0
2641,49515,98.62,66.36295076496917,1.1659296424138812,6,5,4,500,94.48,100.0,100.0,100.0,0.0,0.0,0.0,0.0
2642,73282,100.0,66.72108356659965,1.1850794132643536,10,6,4,500,100.0,100.0,100.0,100.0,0.0,0.0,0.0,0.0
2643,73028,100.0,63.13836582408223,1.1389869438088005,8,4,4,500,100.0,100.0,100.0,100.0,0.0,0.0,0.0,0.0
2644,123039,100.0,66.3263669923979,1.126439797004061,9,2,4,500,100.0,100.0,100.0,100.0,0.0,0.0,0.0,0.0
2645,150000,99.75,67.64355708200962,1.1757862081389934,12,3,4,500,100.0,99.01,100.0,100.0,0.0,0.0,0.0,0.0
2646,60517,99.23,65.4297213656892,1.107984113734912,4,1,4,500,100.0,100.0,96.93,100.0,0.0,0.0,0.0,0.0
2647,147040,98.91,65.93974061008839,1.2044573677658443,8,0,4,500,100.0,100.0,95.65,100.0,0.0,0.0,0.0,0.0
2648,123541,100.0,66.2539396108943,1.147256152879827,10,3,4,500,100.0,100.0,100.0,100.0,0.0,0.0,0.0,0.0
2649,150000,100.0,66.54947438891816,1.051806894199262,10,1,4,500,100.0,100.0,100.0,100.0,0.0,0.0,0.0,0.0
2650,145542,97.86,65.99478876568408,1.0852162269814911,9,1,4,500,100.0,91.42,100.0,100.0,0.0,0.0,0.0,0.0
2651,150000,100.0,66.25422607484954,1.0406065621406837,10,0,4,500,100.0,100.0,100.0,100.0,0.0,0.0,0.0,0.0
2652,150000,100.0,65.99012709975437,1.1976665039695684,12,0,4,500,100.0,100.0,100.0,100.0,0.0,0.0,0.0,0.0
2653,54018,99.89,67.09988285144955,1.0964979843218794,6,4,4,500,100.0,99.57,100.0,100.0,0.0,0.0,0.0,0.0
2654,124043,100.0,67.64882352297357,1.1360103092601648,11,4,4,500,100.0,100.0,100.0,100.0,0.0,0.0,0.0,0.0
2655,124297,100.0,63.205446048561136,1.1495492523873416,13,6,4,500,100.0,100.0,100.0,100.0,0.0,0.0,0.0,0.0
2656,73028,100.0,65.26664196195158,1.1529227153994712,8,4,4,500,100.0,100.0,100.0,100.0,0.0,0.0,0.0,0.0
2657,122537,100.0,66.68254679400027,1.0190557623933585,8,1,4,500,100.0,100.0,100.0,100.0,0.0,0.0,0.0,0.0
2658,54272,100.0,62.50260724044272,1.0522608232383606,8,6,4,500,100.0,100.0,100.0,100.0,0.0,0.0,0.0,0.0
2659,150000,94.15,67.68098914711918,1.0713809259227949,14,0,4,500,93.38,100.0,90.13,93.09,0.0,0.0,0.0,0.0
2660,150000,99.66,68.42234205523046,1.0636189364674653,16,3,4,500,100.0,100.0,98.66,100.0,0.0,0.0,0.0,0.0
2661,62023,100.0,66.00397513345371,1.1694682343412586,7,4,4,500,100.0,100.0,100.0,100.0,0.0,0.0,0.0,0.0
2662,104030,92.06,65.64853091044127,1.1563487395487293,6,0,4,500,100.0,94.74,79.43,94.08,0.0,0.0,0.0,0.0
2663,103034,96.31,65.45679254277397,1.1018715584950722,8,2,4,500,100.0,95.06,100.0,90.17,0.0,0.0,0.0,0.0
2664,150000,99.97,64.67009228260461,1.0909205401502562,11,0,4,500,100.0,100.0,100.0,99.88,0.0,0.0,0.0,0.0
2665,124545,100.0,63.29502832372622,1.145438586102768,12,5,4,500,100.0,100.0,100.0,100.0,0.0,0.0,0.0,0.0
2666,150000,100.0,66.97539842026654,1.088485364113685,14,0,4,500,100.0,100.0,100.0,100.0,0.0,0.0,0.0,0.0
2667,123039,95.53,65.07137525309794,1.0782963138321104,9,2,4,500,88.04,100.0,100.0,94.07,0.0,0.0,0.0,0.0
2668,150000,100.0,64.18067778787213,1.184528363818527,15,0,4,500,100.0,100.0,100.0,100.0,0.0,0.0,0.0,0.0
2669,104540,100.0,64.55393061733906,1.0782982858593568,11,5,4,500,100.0,100.0,100.0,100.0,0.0,0.0,0.0,0.0
2670,150000,100.0,65.39420595909021,1.158432318153125,15,0,4,500,100.0,100.0,100.0,100.0,0.0,0.0,0.0,0.0
2671,150000,98.81,66.92421638062262,1.0515775547897273,13,2,4,500,95.24,100.0,100.0,100.0,0.0,0.0,0.0,0.0
2672,122537,99.12,66.94302501266583,1.1269075791897154,8,1,4,500,100.0,100.0,96.46,100.0,0.0,0.0,0.0,0.0
2673,86531,100.0,67.76676919923189,1.0914215810866963,8,3,4,500,100.0,100.0,100.0,100.0,0.0,0.0,0.0,0.0
2674,150000,100.0,65.31329509801039,1.0517138842226028,13,0,4,500,100.0,100.0,100.0,100.0,0.0,0.0,0.0,0.0
2675,123541,98.31,64.93241299322516,1.103626647898202,10,3,4,500,100.0,100.0,93.25,100.0,0.0,0.0,0.0,0.0
2676,150000,99.65,65.21903746542036,1.105677434536646,12,2,4,500,100.0,98.6,100.0,100.0,0.0,0.0,0.0,0.0
2677,73530,100.0,66.00267704455487,1.21427626422993,9,5,4,500,100.0,100.0,100.0,100.0,0.0,0.0,0.0,0.0
2678,150000,99.86,68.0512040313922,0.9735449643800252,9,0,4,500,100.0,100.0,100.0,99.42,0.0,0.0,0.0,0.0
2679,85527,100.0,65.79084301272519,1.1522029628884976,6,1,4,500,100.0,100.0,100.0,100.0,0.0,0.0,0.0,0.0
2680,150000,98.87,67.54745471422551,1.0746563078051974,15,0,4,500,100.0,100.0,95.47,100.0,0.0,0.0,0.0,0.0
2681,147048,100.0,63.95261613647174,1.061992572393956,12,4,4,500,100.0,100.0,100.0,100.0,0.0,0.0,0.0,0.0
2682,54018,92.09,69.15511499724502,1.0856120821541095,6,4,4,500,83.94,100.0,90.69,93.72,0.0,0.0,0.0,0.0
2683,123039,99.4,67.70221239182152,1.1709237075718808,9,2,4,500,100.0,97.6,100.0,100.0,0.0,0.0,0.0,0.0
2684,123541,100.0,67.62143509668053,1.1266863918012144,10,3,4,500,100.0,100.0,100.0,100.0,0.0,0.0,0.0,0.0
2685,123541,99.94,65.67620174981077,1.1401621006617593,10,3,4,500,100.0,100.0,100.0,99.74,0.0,0.0,0.0,0.0
2686,150000,99.62,67.48394130662436,1.1100731057221411,12,1,4,500,100.0,98.46,100.0,100.0,0.0,0.0,0.0,0.0
2687,150000,95.08,65.90888042553874,1.0503840334371963,10,0,4,500,91.42,88.89,100.0,100.0,0.0,0.0,0.0,0.0
2688,85527,98.66,65.28567208952508,1.1024130803478744,6,1,4,500,100.0,95.59,99.05,100.0,0.0,0.0,0.0,0.0
2689,150000,100.0,66.14465310711915,1.1189307308677414,13,3,4,500,100.0,100.0,100.0,100.0,0.0,0.0,0.0,0.0
2690,150000,97.93,66.00721120632217,1.1033183416717087,12,1,4,500,97.77,93.94,100.0,100.0,0.0,0.0,0.0,0.0
2691,146546,100.0,64.89433004754042,1.1271253942719484,11,3,4,500,100.0,100.0,100.0,100.0,0.0,0.0,0.0,0.0
2692,104038,100.0,66.86293956055067,1.0529641406926793,10,4,4,500,100.0,100.0,100.0,100.0,0.0,0.0,0.0,0.0
2693,150000,95.36,65.71269481584727,1.154218187057035,12,3,4,500,100.0,100.0,91.44,90.02,0.0,0.0,0.0,0.0
2694,150000,99.59,63.25555885453521,1.0810115389398054,15,0,4,500,100.0,100.0,100.0,98.35,0.0,0.0,0.0,0.0
2695,73028,91.4,66.01674812649314,1.025880008778823,8,4,4,500,100.0,89.86,91.81,83.95,0.0,0.0,0.0,0.0
2696,123541,100.0,69.73220951422576,1.091053997569316,10,3,4,500,100.0,100.0,100.0,100.0,0.0,0.0,0.0,0.0
2697,150000,100.0,69.50285077144629,1.082262306610835,10,0,4,500,100.0,100.0,100.0,100.0,0.0,0.0,0.0,0.0
2698,146044,99.32,66.38551554109131,1.102695301259674,10,2,4,500,100.0,97.29,100.0,100.0,0.0,0.0,0.0,0.0
2699,150000,100.0,64.91172916745461,1.0876133512758357,10,1,4,500,100.0,100.0,100.0,100.0,0.0,0.0,0.0,0.0
2700,150000,98.5,63.75497292425792,1.153161314833305,13,0,4,500,100.0,100.0,93.99,100.0,0.0,0.0,0.0,0.0
2701,86029,99.5,66.49818542084701,0.9928732077976198,7,2,4,500,100.0,98.01,100.0,100.0,0.0,0.0,0.0,0.0
2702,61521,100.0,63.335573378686526,1.0748090288252874,6,3,4,500,100.0,100.0,100.0,100.0,0.0,0.0,0.0,0.0
2703,103034,100.0,61.65055940633566,1.1547658577082192,8,2,4,500,100.0,100.0,100.0,100.0,0.0,0.0,0.0,0.0
2704,103034,99.46,67.11948948574219,1.1687903309755674,8,2,4,500,100.0,100.0,100.0,97.82,0.0,0.0,0.0,0.0
2705,150000,100.0,64.72021094040707,1.0455045863389685,13,1,4,500,100.0,100.0,100.0,100.0,0.0,0.0,0.0,0.0
2706,47363,99.92,67.95100205173625,1.067997927093581,8,9,4,500,100.0,99.7,100.0,100.0,0.0,0.0,0.0,0.0
2707,73028,99.28,67.41062464036413,1.0493971213160782,8,4,4,500,97.14,100.0,100.0,100.0,0.0,0.0,0.0,0.0
2708,150000,100.0,65.63111023933145,1.0962580393949988,13,1,4,500,100.0,100.0,100.0,100.0,0.0,0.0,0.0,0.0
2709,150000,98.92,65.63601580427003,1.064194886142151,10,0,4,500,98.83,96.84,100.0,100.0,0.0,0.0,0.0,0.0
2710,73282,99.74,68.37638306896689,1.1042858001609168,10,6,4,500,100.0,100.0,99.02,99.92,0.0,0.0,0.0,0.0
2711,54018,99.05,66.97714712764032,1.1095442236799116,6,4,4,500,100.0,100.0,100.0,96.19,0.0,0.0,0.0,0.0
2712,150000,100.0,66.95422966027468,1.0758174501254074,11,2,4,500,100.0,100.0,100.0,100.0,0.0,0.0,0.0,0.0
2713,150000,100.0,66.57118404146651,1.0302713486481276,12,0,4,500,100.0,100.0,100.0,100.0,0.0,0.0,0.0,0.0
2714,150000,100.0,66.87789413881498,1.1335012541804446,10,0,4,500,100.0,100.0,100.0,100.0,0.0,0.0,0.0,0.0
2715,150000,100.0,68.10318606549531,1.068880786208821,11,0,4,500,100.0,100.0,100.0,100.0,0.0,0.0,0.0,0.0
2716,150000,100.0,67.4609396463762,1.087208355398551,12,3,4,500,100.0,100.0,100.0,100.0,0.0,0.0,0.0,0.0
2717,62023,99.79,65.63045222046671,1.052492238340523,7,4,4,500,100.0,100.0,99.16,100.0,0.0,0.0,0.0,0.0
2718,73028,98.68,67.9743975521818,1.0840835681758394,8,4,4,500,100.0,96.94,97.77,100.0,0.0,0.0,0.0,0.0
2719,150000,99.72,65.22795231763396,1.0978092748246857,12,2,4,500,100.0,98.89,100.0,100.0,0.0,0.0,0.0,0.0
2720,104038,99.3,64.98273306042495,1.0276334202322457,10,4,4,500,97.29,100.0,99.92,100.0,0.0,0.0,0.0,0.0
2721,147048,100.0,66.17791338967804,0.970255516700573,12,4,4,500,100.0,100.0,100.0,100.0,0.0,0.0,0.0,0.0
2722,150000,99.57,63.41150409349271,1.057672907235721,9,0,4,500,100.0,100.0,98.27,100.0,0.0,0.0,0.0,0.0
2723,124043,100.0,68.50161335712309,1.1462921723813062,11,4,4,500,100.0,100.0,100.0,100.0,0.0,0.0,0.0,0.0
2724,123039,98.45,65.8333253564601,1.0873293438936062,9,2,4,500,100.0,100.0,93.8,100.0,0.0,0.0,0.0,0.0
2725,150000,100.0,68.96864802982535,1.11333121039578,13,0,4,500,100.0,100.0,100.0,100.0,0.0,0.0,0.0,0.0
2726,123541,100.0,66.46473266467493,1.0025580488321015,10,3,4,500,100.0,100.0,100.0,100.0,0.0,0.0,0.0,0.0
2727,102532,100.0,65.05360197388984,0.9938580314823736,7,1,4,500,100.0,100.0,100.0,100.0,0.0,0.0,0.0,0.0
2728,147048,98.17,65.51367138904737,0.9727928291969654,12,4,4,500,92.69,100.0,100.0,100.0,0.0,0.0,0.0,0.0
2729,62023,100.0,63.1002090541282,1.0732829520626352,7,4,4,500,100.0,100.0,100.0,100.0,0.0,0.0,0.0,0.0
2730,150000,100.0,64.7309352819365,1.0360786490485894,14,4,4,500,100.0,100.0,100.0,100.0,0.0,0.0,0.0,0.0
2731,146044,99.5,65.35309951408298,1.0217533523460656,10,2,4,500,100.0,100.0,97.99,100.0,0.0,0.0,0.0,0.0
2732,150000,100.0,67.03288177924068,1.1315051096092577,9,0,4,500,100.0,100.0,100.0,100.0,0.0,0.0,0.0,0.0
2733,150000,100.0,65.99115910399232,1.1587257287757855,14,2,4,500,100.0,100.0,100.0,100.0,0.0,0.0,0.0,0.0
2734,150000,99.63,66.76367244404194,1.030352121858333,14,3,4,500,100.0,100.0,100.0,98.51,0.0,0.0,0.0,0.0
2735,73028,98.97,66.92974050893129,1.1187341257032013,8,4,4,500,100.0,100.0,98.19,97.68,0.0,0.0,0.0,0.0
2736,103034,100.0,64.59936917478885,1.0343686532889431,8,2,4,500,100.0,100.0,100.0,100.0,0.0,0.0,0.0,0.0
2737,150000,100.0,66.51390260133138,1.0084550127912966,12,0,4,500,100.0,100.0,100.0,100.0,0.0,0.0,0.0,0.0
2738,146044,100.0,64.81422499440042,1.0375098109821348,10,2,4,500,100.0,100.0,100.0,100.0,0.0,0.0,0.0,0.0
2739,87287,100.0,65.37908188802551,1.0172714378904897,11,6,4,500,100.0,100.0,100.0,100.0,0.0,0.0,0.0,0.0
2740,104038,100.0,65.17455949536671,1.0387180734083532,10,4,4,500,100.0,100.0,100.0,100.0,0.0,0.0,0.0,0.0
2741,150000,100.0,64.56104064189563,1.175042095859815,12,1,4,500,100.0,100.0,100.0,100.0,0.0,0.0,0.0,0.0
2742,150000,99.16,66.78758660725748,1.0296459244966638,10,0,4,500,96.64,100.0,100.0,100.0,0.0,0.0,0.0,0.0
2743,150000,99.25,67.96282396370665,1.107899740614338,15,3,4,500,100.0,96.99,100.0,100.0,0.0,0.0,0.0,0.0
2744,62023,100.0,65.84204885176591,1.117477006795509,7,4,4,500,100.0,100.0,100.0,100.0,0.0,0.0,0.0,0.0
2745,47462,95.54,68.25193433357437,1.117536598042101,6,6,4,500,96.95,95.68,89.53,100.0,0.0,0.0,0.0,0.0
2746,150000,100.0,66.34030250443107,1.0943403512386285,11,0,4,500,100.0,100.0,100.0,100.0,0.0,0.0,0.0,0.0
2747,150000,99.06,70.16875987221393,1.0806024157638128,10,1,4,500,100.0,100.0,100.0,96.25,0.0,0.0,0.0,0.0
2748,150000,100.0,64.1441949464509,1.0188500719727986,13,0,4,500,100.0,100.0,100.0,100.0,0.0,0.0,0.0,0.0
2749,150000,100.0,64.97206255100808,1.111191817097103,15,0,4,500,100.0,100.0,100.0,100.0,0.0,0.0,0.0,0.0
2750,47462,99.65,67.22986829378922,1.071367304170846,6,6,4,500,100.0,100.0,98.6,100.0,0.0,0.0,0.0,0.0
2751,150000,100.0,62.52976273557832,1.0999439665563635,10,0,4,500,100.0,100.0,100.0,100.0,0.0,0.0,0.0,0.0
2752,150000,99.98,66.29566618943817,1.1397497865031332,12,0,4,500,99.9,100.0,100.0,100.0,0.0,0.0,0.0,0.0
2753,150000,99.79,66.28258219463952,1.0594357549742317,12,2,4,500,99.16,100.0,100.0,100.0,0.0,0.0,0.0,0.0
2754,147040,100.0,67.10046906114802,0.985209000905268,8,0,4,500,100.0,100.0,100.0,100.0,0.0,0.0,0.0,0.0
2755,150000,100.0,64.48493789713494,1.1028694458945494,11,0,4,500,100.0,100.0,100.0,100.0,0.0,0.0,0.0,0.0
2756,150000,100.0,67.0373300868982,1.1252151964422883,10,1,4,500,100.0,100.0,100.0,100.0,0.0,0.0,0.0,0.0
2757,123541,98.98,65.70507152826403,1.170679090438883,10,3,4,500,100.0,100.0,100.0,95.9,0.0,0.0,0.0,0.0
2758,150000,96.65,67.26823879070088,1.0244230889706734,15,0,4,500,96.1,99.54,100.0,90.95,0.0,0.0,0.0,0.0
2759,147040,99.3,66.20745234658669,0.9902430759521188,8,0,4,500,100.0,100.0,97.18,100.0,0.0,0.0,0.0,0.0
2760,150000,99.66,67.82234488832194,1.0795472342482724,14,3,4,500,100.0,98.64,100.0,100.0,0.0,0.0,0.0,0.0
2761,47462,100.0,67.88282170288723,1.151015920688606,6,6,4,500,100.0,100.0,100.0,100.0,0.0,0.0,0.0,0.0
2762,150000,97.7,66.51799539381351,1.079222927628582,12,0,4,500,92.99,100.0,99.78,98.05,0.0,0.0,0.0,0.0
2763,72024,100.0,68.13233609334422,1.0069748495639423,6,2,4,500,100.0,100.0,100.0,100.0,0.0,0.0,0.0,0.0
2764,122537,100.0,65.11986694586956,1.097322166944419,8,1,4,500,100.0,100.0,100.0,100.0,0.0,0.0,0.0,0.0
2765,54272,98.76,63.50633011642752,1.0199570023311717,8,6,4,500,95.02,100.0,100.0,100.0,0.0,0.0,0.0,0.0
2766,150000,93.77,68.4498943446477,1.0681259858346868,12,0,4,500,91.14,100.0,92.56,91.38,0.0,0.0,0.0,0.0
2767,150000,98.63,63.8041959329597,1.1205490598023764,15,0,4,500,96.26,98.27,100.0,100.0,0.0,0.0,0.0,0.0
2768,102532,99.5,64.51439209172288,0.9999706195907772,7,1,4,500,98.01,100.0,100.0,100.0,0.0,0.0,0.0,0.0
2769,86531,96.65,66.0097342528119,1.0970050551641344,8,3,4,500,91.68,100.0,100.0,94.9,0.0,0.0,0.0,0.0
2770,147040,100.0,63.74477664113424,1.1143214988854413,8,0,4,500,100.0,100.0,100.0,100.0,0.0,0.0,0.0,0.0
2771,150000,100.0,66.03546631122366,1.1245068167370835,9,0,4,500,100.0,100.0,100.0,100.0,0.0,0.0,0.0,0.0
2772,104038,96.48,67.6601999314409,1.0314052375626803,10,4,4,500,98.86,97.37,89.71,100.0,0.0,0.0,0.0,0.0
2773,72024,100.0,67.2437875790168,1.0700169510392372,6,2,4,500,100.0,100.0,100.0,100.0,0.0,0.0,0.0,0.0
2774,62529,97.31,65.48578980036885,1.064198689529368,10,7,4,500,100.0,100.0,89.23,100.0,0.0,0.0,0.0,0.0
2775,150000,100.0,66.93813553606624,1.1498141675430542,14,3,4,500,100.0,100.0,100.0,100.0,0.0,0.0,0.0,0.0
2776,150000,100.0,65.40059737184224,1.0019937124099314,14,0,4,500,100.0,100.0,100.0,100.0,0.0,0.0,0.0,0.0
2777,123541,99.17,64.87825433263092,1.0594805850902058,10,3,4,500,100.0,96.67,100.0,100.0,0.0,0.0,0.0,0.0
2778,150000,100.0,66.34194305967621,1.0494712635214956,10,0,4,500,100.0,100.0,100.0,100.0,0.0,0.0,0.0,0.0
2779,150000,96.71,66.14197601304372,1.0625036077661143,14,1,4,500,100.0,88.87,100.0,97.98,0.0,0.0,0.0,0.0
2780,122537,100.0,68.75360866856019,0.9730096178089293,8,1,4,500,100.0,100.0,100.0,100.0,0.0,0.0,0.0,0.0
2781,150000,100.0,64.14939900808585,1.0148660863545351,10,0,4,500,100.0,100.0,100.0,100.0,0.0,0.0,0.0,0.0
2782,150000,100.0,65.07982820633488,1.03445326475675,11,0,4,500,100.0,100.0,100.0,100.0,0.0,0.0,0.0,0.0
2783,150000,100.0,67.22858941850444,1.015294130150787,12,0,4,500,100.0,100.0,100.0,100.0,0.0,0.0,0.0,0.0
2784,150000,99.44,67.21250382750314,1.0269667188096665,10,1,4,500,100.0,99.83,98.36,99.55,0.0,0.0,0.0,0.0
2785,146044,99.16,66.6135057913156,1.0795300961671352,10,2,4,500,98.54,100.0,100.0,98.11,0.0,0.0,0.0,0.0
2786,150000,99.57,65.15710382903717,1.0777820489577403,15,0,4,500,100.0,100.0,98.29,100.0,0.0,0.0,0.0,0.0
2787,103536,100.0,61.08357717810136,1.0813137159313506,9,3,4,500,100.0,100.0,100.0,100.0,0.0,0.0,0.0,0.0
2788,150000,100.0,64.59244477331885,1.1326426980796145,12,1,4,500,100.0,100.0,100.0,100.0,0.0,0.0,0.0,0.0
2789,62525,100.0,64.63220736959711,1.1097439474395785,8,5,4,500,100.0,100.0,100.0,100.0,0.0,0.0,0.0,0.0
2790,150000,98.74,64.15316078767597,1.0864042500461428,16,1,4,500,100.0,100.0,94.98,100.0,0.0,0.0,0.0,0.0
2791,104540,98.38,65.99680982762767,1.053381703456873,11,5,4,500,100.0,100.0,93.54,100.0,0.0,0.0,0.0,0.0
2792,150000,100.0,65.42809878036176,1.133415251179866,12,2,4,500,100.0,100.0,100.0,100.0,0.0,0.0,0.0,0.0
2793,124035,99.94,66.07155042512149,1.13811271199278,7,0,4,500,100.0,100.0,100.0,99.78,0.0,0.0,0.0,0.0
2794,146044,99.69,65.31445011723481,1.114988116847563,10,2,4,500,100.0,100.0,98.76,100.0,0.0,0.0,0.0,0.0
2795,150000,100.0,64.95440585538937,1.0810403103127826,13,0,4,500,100.0,100.0,100.0,100.0,0.0,0.0,0.0,0.0
2796,61521,100.0,64.53788659836152,1.1034444385640545,6,3,4,500,100.0,100.0,100.0,100.0,0.0,0.0,0.0,0.0
2797,85527,87.45,67.64497002700561,1.1180480430699071,6,1,4,500,82.63,93.18,86.41,87.57,0.0,0.0,0.0,0.0
2798,150000,100.0,67.8348408983698,1.0920665432777052,14,0,4,500,100.0,100.0,100.0,100.0,0.0,0.0,0.0,0.0
2799,150000,100.0,66.05012669324694,1.1609877400411472,15,0,4,500,100.0,100.0,100.0,100.0,0.0,0.0,0.0,0.0
2800,150000,99.22,66.12451141969765,1.0605489410029785,12,2,4,500,100.0,96.89,100.0,100.0,0.0,0.0,0.0,0.0
2801,62525,100.0,65.75667977265427,1.070752216069757,8,5,4,500,100.0,100.0,100.0,100.0,0.0,0.0,0.0,0.0
2802,73282,99.94,64.93194376450028,1.0479820568868987,10,6,4,500,100.0,100.0,99.78,100.0,0.0,0.0,0.0,0.0
2803,146044,100.0,66.24418190634677,1.029397637836892,10,2,4,500,100.0,100.0,100.0,100.0,0.0,0.0,0.0,0.0
2804,86531,98.54,64.91370625399627,1.0262559613054418,8,3,4,500,94.17,100.0,100.0,100.0,0.0,0.0,0.0,0.0
2805,150000,96.77,63.98822296707621,1.0421168060626531,12,0,4,500,97.86,100.0,100.0,89.22,0.0,0.0,0.0,0.0
2806,150000,100.0,67.06199057301893,1.1565143792303028,14,4,4,500,100.0,100.0,100.0,100.0,0.0,0.0,0.0,0.0
2807,86531,99.25,65.24544792510369,0.954295832939739,8,3,4,500,100.0,96.99,100.0,100.0,0.0,0.0,0.0,0.0
2808,72024,98.98,64.52522842506171,1.10310230817499,6,2,4,500,95.94,100.0,100.0,100.0,0.0,0.0,0.0,0.0
2809,145542,100.0,65.99767562133667,1.112584081820272,9,1,4,500,100.0,100.0,100.0,100.0,0.0,0.0,0.0,0.0
2810,150000,100.0,64.83244747418827,1.0066217168032774,16,2,4,500,100.0,100.0,100.0,100.0,0.0,0.0,0.0,0.0
2811,150000,99.92,66.72054352992272,1.0672668246447583,16,1,4,500,100.0,100.0,100.0,99.66,0.0,0.0,0.0,0.0
2812,123541,100.0,64.47965533034785,1.0957892538576046,10,3,4,500,100.0,100.0,100.0,100.0,0.0,0.0,0.0,0.0
2813,122537,99.98,65.48439727975496,1.003374123235194,8,1,4,500,100.0,100.0,99.94,100.0,0.0,0.0,0.0,0.0
2814,150000,100.0,65.07820041764998,1.1259473403613671,14,2,4,500,100.0,100.0,100.0,100.0,0.0,0.0,0.0,0.0
2815,147048,100.0,66.61230586332258,1.1879673773836146,12,4,4,500,100.0,100.0,100.0,100.0,0.0,0.0,0.0,0.0
2816,150000,93.6,66.69426850466253,1.1376371569818622,14,5,4,500,86.74,91.03,100.0,96.64,0.0,0.0,0.0,0.0
2817,150000,100.0,68.69158889924944,1.0265861751645284,15,0,4,500,100.0,100.0,100.0,100.0,0.0,0.0,0.0,0.0
2818,123541,100.0,65.07132175015467,1.0836907175456367,10,3,4,500,100.0,100.0,100.0,100.0,0.0,0.0,0.0,0.0
2819,150000,98.58,66.48224266046252,1.0721543985415618,15,0,4,500,100.0,94.32,100.0,100.0,0.0,0.0,0.0,0.0
2820,124035,99.02,66.54911870835396,1.0146769873972186,7,0,4,500,100.0,96.1,100.0,100.0,0.0,0.0,0.0,0.0
2821,150000,100.0,64.72303048300496,1.0602083139557332,10,1,4,500,100.0,100.0,100.0,100.0,0.0,0.0,0.0,0.0
2822,146044,99.58,65.69601218356472,1.1160576500401207,10,2,4,500,100.0,100.0,98.33,100.0,0.0,0.0,0.0,0.0
2823,124545,100.0,66.91988823585083,1.0607081322076848,12,5,4,500,100.0,100.0,100.0,100.0,0.0,0.0,0.0,0.0
2824,150000,99.56,66.8477688638458,1.179616761687767,10,0,4,500,98.24,100.0,100.0,100.0,0.0,0.0,0.0,0.0
2825,86531,100.0,66.15848510925767,0.9784784043365214,8,3,4,500,100.0,100.0,100.0,100.0,0.0,0.0,0.0,0.0
2826,146546,99.56,69.8452998982101,1.1346498005156844,11,3,4,500,100.0,100.0,100.0,98.24,0.0,0.0,0.0,0.0
2827,150000,100.0,65.1999566662231,1.0859516985217443,16,1,4,500,100.0,100.0,100.0,100.0,0.0,0.0,0.0,0.0
2828,87535,100.0,66.31402167280558,0.9780393521715636,10,5,4,500,100.0,100.0,100.0,100.0,0.0,0.0,0.0,0.0
2829,147040,98.95,65.75587451687448,1.031738468637354,8,0,4,500,100.0,100.0,100.0,95.8,0.0,0.0,0.0,0.0
2830,150000,100.0,65.63061318447994,1.0809634201695983,10,1,4,500,100.0,100.0,100.0,100.0,0.0,0.0,0.0,0.0
2831,150000,98.95,63.14263563786745,1.0954604040490288,14,4,4,500,100.0,100.0,100.0,95.81,0.0,0.0,0.0,0.0
2832,150000,100.0,67.73865579993692,1.0437814193451067,15,0,4,500,100.0,100.0,100.0,100.0,0.0,0.0,0.0,0.0
2833,87535,100.0,66.85429719363957,1.023030335865818,10,5,4,500,100.0,100.0,100.0,99.98,0.0,0.0,0.0,0.0
2834,150000,100.0,65.89405322478707,1.0285890139475244,11,0,4,500,100.0,100.0,100.0,100.0,0.0,0.0,0.0,0.0
2835,150000,100.0,65.08773515222279,1.0611347492050731,15,0,4,500,100.0,100.0,100.0,100.0,0.0,0.0,0.0,0.0
2836,150000,98.24,65.95195483697583,1.0026132028550527,12,1,4,500,100.0,94.68,98.29,100.0,0.0,0.0,0.0,0.0
2837,150000,99.09,65.09922190905996,1.0746206891496164,15,0,4,500,100.0,100.0,100.0,96.36,0.0,0.0,0.0,0.0
2838,146044,99.3,64.0816494043401,1.0309926328327963,10,2,4,500,100.0,100.0,100.0,97.2,0.0,0.0,0.0,0.0
2839,146044,98.62,65.87074190553885,1.066927962190026,10,2,4,500,100.0,100.0,94.47,100.0,0.0,0.0,0.0,0.0
2840,150000,100.0,66.12396388748745,1.0477229820608405,15,0,4,500,100.0,100.0,100.0,100.0,0.0,0.0,0.0,0.0
2841,150000,99.09,66.78933106569846,1.1355632457444074,13,0,4,500,100.0,100.0,100.0,96.37,0.0,0.0,0.0,0.0
2842,150000,100.0,65.44715215394737,1.0655554029222374,14,0,4,500,100.0,100.0,100.0,100.0,0.0,0.0,0.0,0.0
2843,150000,100.0,63.768772474121135,1.015280111771497,13,0,4,500,100.0,100.0,100.0,100.0,0.0,0.0,0.0,0.0
2844,150000,100.0,67.43389499784377,1.1414301331994772,10,1,4,500,100.0,100.0,100.0,100.0,0.0,0.0,0.0,0.0
2845,104292,99.74,67.22436096743398,1.0735944693186774,12,6,4,500,100.0,100.0,98.97,100.0,0.0,0.0,0.0,0.0
2846,146044,100.0,64.07141994634081,1.0191988401136791,10,2,4,500,100.0,100.0,100.0,100.0,0.0,0.0,0.0,0.0
2847,147040,99.48,66.85271422746511,0.9934736224588104,8,0,4,500,97.9,100.0,100.0,100.0,0.0,0.0,0.0,0.0
2848,150000,100.0,66.85002435519569,1.0692987827988738,15,4,4,500,100.0,100.0,100.0,100.0,0.0,0.0,0.0,0.0
2849,147040,100.0,65.04212535904736,1.0942972716037966,8,0,4,500,100.0,100.0,100.0,100.0,0.0,0.0,0.0,0.0
2850,146044,100.0,65.17588657687169,1.0784792966085743,10,2,4,500,100.0,100.0,100.0,100.0,0.0,0.0,0.0,0.0
2851,150000,99.76,66.1653343489599,1.126280006372356,10,0,4,500,100.0,100.0,99.03,100.0,0.0,0.0,0.0,0.0
2852,73028,100.0,64.2920835012588,1.030578038659601,8,4,4,500,100.0,100.0,100.0,100.0,0.0,0.0,0.0,0.0
2853,62525,100.0,67.26794581382903,1.0418634592117717,8,5,4,500,100.0,100.0,100.0,100.0,0.0,0.0,0.0,0.0
2854,150000,97.12,67.42858770505059,1.1513771946470808,12,1,4,500,94.06,100.0,94.44,100.0,0.0,0.0,0.0,0.0
2855,122537,98.17,66.8749374270668,1.0779847251155643,8,1,4,500,100.0,100.0,92.69,100.0,0.0,0.0,0.0,0.0
2856,62781,100.0,66.15285879868706,1.0701071656260726,11,8,4,500,100.0,100.0,100.0,100.0,0.0,0.0,0.0,0.0
2857,150000,100.0,68.61260894511575,1.0218288049878,10,0,4,500,100.0,100.0,100.0,100.0,0.0,0.0,0.0,0.0
2858,73028,100.0,67.381257202473,1.083619440570213,8,4,4,500,100.0,100.0,100.0,100.0,0.0,0.0,0.0,0.0
2859,150000,94.66,65.48627642092822,1.0456823610654642,12,2,4,500,81.08,100.0,97.55,100.0,0.0,0.0,0.0,0.0
2860,150000,100.0,68.47903327762813,1.1387311988491151,14,0,4,500,100.0,100.0,100.0,100.0,0.0,0.0,0.0,0.0
2861,150000,100.0,69.63234405915797,1.0091712547343925,10,0,4,500,100.0,100.0,100.0,100.0,0.0,0.0,0.0,0.0
2862,150000,100.0,67.51847342265363,1.080092046291804,15,0,4,500,100.0,100.0,100.0,100.0,0.0,0.0,0.0,0.0
2863,150000,100.0,66.86546023043121,1.059555397818519,14,0,4,500,100.0,100.0,100.0,100.0,0.0,0.0,0.0,0.0
2864,123541,100.0,64.0757346953807,1.0984882664765467,10,3,4,500,100.0,100.0,100.0,100.0,0.0,0.0,0.0,0.0
2865,150000,100.0,66.76894726048091,1.044104146919497,11,0,4,500,100.0,100.0,100.0,100.0,0.0,0.0,0.0,0.0
2866,150000,98.05,65.42928286662098,1.0762892894597371,13,0,4,500,100.0,100.0,100.0,92.2,0.0,0.0,0.0,0.0
2867,150000,100.0,68.32751311362641,1.02098317907489,15,0,4,500,100.0,100.0,100.0,100.0,0.0,0.0,0.0,0.0
2868,145542,100.0,66.58578889869655,1.0731597827127628,9,1,4,500,100.0,100.0,100.0,100.0,0.0,0.0,0.0,0.0
2869,150000,98.03,66.10868164946375,1.1603636651834464,14,1,4,500,92.13,100.0,100.0,100.0,0.0,0.0,0.0,0.0
2870,150000,100.0,66.13770612945945,1.1011096868004715,15,0,4,500,100.0,100.0,100.0,100.0,0.0,0.0,0.0,0.0
2871,150000,100.0,68.20256074725312,1.0079741367810982,14,1,4,500,100.0,100.0,100.0,100.0,0.0,0.0,0.0,0.0
2872,150000,96.91,65.32756567872347,1.1244336847049323,18,6,4,500,100.0,93.74,96.77,97.14,0.0,0.0,0.0,0.0
2873,150000,100.0,66.01517409842111,1.0491870704561972,10,0,4,500,100.0,100.0,100.0,100.0,0.0,0.0,0.0,0.0
2874,150000,90.74,68.29703118772166,1.052611843092707,15,0,4,500,83.23,92.46,100.0,87.28,0.0,0.0,0.0,0.0
2875,104038,99.71,66.91265506845755,1.090250693213471,10,4,4,500,100.0,100.0,98.85,100.0,0.0,0.0,0.0,0.0
2876,54272,100.0,66.21912126077738,1.06357304783664,8,6,4,500,100.0,100.0,100.0,100.0,0.0,0.0,0.0,0.0
2877,103536,100.0,67.0057606338343,1.1081944834145816,9,3,4,500,100.0,100.0,100.0,100.0,0.0,0.0,0.0,0.0
2878,150000,99.98,66.16955962466795,1.1888908871108066,12,0,4,500,99.94,100.0,100.0,100.0,0.0,0.0,0.0,0.0
2879,62023,100.0,66.41727158607408,1.060745745632517,7,4,4,500,100.0,100.0,100.0,100.0,0.0,0.0,0.0,0.0
2880,150000,99.01,65.48001773034949,1.0935428454363212,16,4,4,500,100.0,100.0,100.0,96.03,0.0,0.0,0.0,0.0
2881,104038,99.3,66.17768943648304,1.013324977462866,10,4,4,500,97.19,100.0,100.0,100.0,0.0,0.0,0.0,0.0
2882,145542,100.0,67.56462896136637,1.0367050611197584,9,1,4,500,100.0,100.0,100.0,100.0,0.0,0.0,0.0,0.0
2883,150000,100.0,66.39019998520156,1.1324598466626905,15,0,4,500,100.0,100.0,100.0,100.0,0.0,0.0,0.0,0.0
2884,150000,99.45,67.81974520754848,1.075269648625135,15,0,4,500,100.0,97.8,100.0,100.0,0.0,0.0,0.0,0.0
2885,150000,99.75,67.30169660073409,0.986713502560991,16,1,4,500,99.0,100.0,100.0,100.0,0.0,0.0,0.0,0.0
2886,150000,99.95,67.49865489532695,1.0421053891557188,12,1,4,500,100.0,99.81,100.0,100.0,0.0,0.0,0.0,0.0
2887,123541,100.0,66.30879331195922,1.0288396753839693,10,3,4,500,100.0,100.0,100.0,100.0,0.0,0.0,0.0,0.0
2888,73028,100.0,64.24399615076798,0.94507621542134,8,4,4,500,100.0,100.0,100.0,100.0,0.0,0.0,0.0,0.0
2889,150000,99.82,65.20854750140778,1.1082848617978998,15,0,4,500,99.26,100.0,100.0,100.0,0.0,0.0,0.0,0.0
2890,150000,100.0,68.3330781879741,1.0796968151149524,14,2,4,500,100.0,100.0,100.0,100.0,0.0,0.0,0.0,0.0
2891,150000,98.25,66.04807388159882,1.0806922013220397,14,0,4,500,100.0,100.0,93.0,100.0,0.0,0.0,0.0,0.0
2892,150000,100.0,63.04914311992066,1.028993626376031,11,0,4,500,100.0,100.0,100.0,100.0,0.0,0.0,0.0,0.0
2893,86531,100.0,65.80373516042174,0.959538241783272,8,3,4,500,100.0,100.0,100.0,100.0,0.0,0.0,0.0,0.0
2894,147040,99.84,66.22640823634623,0.9974218723978578,8,0,4,500,100.0,99.36,100.0,100.0,0.0,0.0,0.0,0.0
2895,150000,100.0,66.80981638206053,1.0770290039621648,12,1,4,500,100.0,100.0,100.0,100.0,0.0,0.0,0.0,0.0
2896,150000,97.86,65.22944884408669,1.0928750854871607,12,3,4,500,93.69,100.0,97.77,100.0,0.0,0.0,0.0,0.0
2897,150000,100.0,65.75025798285242,1.136295594412205,12,0,4,500,100.0,100.0,100.0,100.0,0.0,0.0,0.0,0.0
2898,150000,98.74,63.47649188267803,1.0282296092747538,14,1,4,500,100.0,100.0,98.01,96.93,0.0,0.0,0.0,0.0
2899,122537,98.58,66.76589603403063,1.1075308644633397,8,1,4,500,97.58,96.72,100.0,100.0,0.0,0.0,0.0,0.0
2900,150000,100.0,67.54484348911774,1.0277872384230264,14,1,4,500,100.0,100.0,100.0,100.0,0.0,0.0,0.0,0.0
2901,122537,100.0,67.22936729260954,1.0815044167159005,8,1,4,500,100.0,100.0,100.0,100.0,0.0,0.0,0.0,0.0
2902,150000,100.0,66.61423810979663,1.052479353387692,12,3,4,500,100.0,100.0,100.0,100.0,0.0,0.0,0.0,0.0
2903,150000,100.0,67.75440474536595,1.0042510325239329,14,1,4,500,100.0,100.0,100.0,100.0,0.0,0.0,0.0,0.0
2904,150000,99.71,66.67934685261434,1.1372589162832163,15,0,4,500,100.0,98.85,100.0,100.0,0.0,0.0,0.0,0.0
2905,124545,100.0,67.00382077151579,1.086641475890695,12,5,4,500,100.0,100.0,100.0,100.0,0.0,0.0,0.0,0.0
2906,150000,100.0,68.91896662378744,1.0488784307174626,15,0,4,500,100.0,100.0,100.0,100.0,0.0,0.0,0.0,0.0
2907,150000,100.0,68.26882623403345,1.068787691208198,13,4,4,500,100.0,100.0,100.0,100.0,0.0,0.0,0.0,0.0
2908,150000,99.96,66.73699686882115,1.0490320148282617,16,1,4,500,100.0,99.84,100.0,100.0,0.0,0.0,0.0,0.0
2909,123541,99.95,66.65492977927362,1.1112106017163412,10,3,4,500,100.0,100.0,99.81,100.0,0.0,0.0,0.0,0.0
2910,103034,99.94,64.36478272956008,1.0828004195016934,8,2,4,500,100.0,100.0,100.0,99.76,0.0,0.0,0.0,0.0
2911,150000,99.9,66.01652815871881,1.0506449012434842,13,0,4,500,99.59,100.0,100.0,100.0,0.0,0.0,0.0,0.0
2912,150000,100.0,63.08132093469912,1.0414055891362597,15,0,4,500,100.0,100.0,100.0,100.0,0.0,0.0,0.0,0.0
2913,150000,100.0,66.28525434852057,1.0547498987342794,13,0,4,500,100.0,100.0,100.0,100.0,0.0,0.0,0.0,0.0
2914,150000,100.0,62.18117282561166,1.01664875574042,15,0,4,500,100.0,100.0,100.0,100.0,0.0,0.0,0.0,0.0
2915,150000,99.4,67.44682664170863,1.0704613710475293,13,0,4,500,97.6,100.0,100.0,100.0,0.0,0.0,0.0,0.0
2916,150000,100.0,67.1608193581904,1.0456439408761762,15,0,4,500,100.0,100.0,100.0,100.0,0.0,0.0,0.0,0.0
2917,150000,100.0,68.8483632555742,1.153276239917575,15,0,4,500,100.0,100.0,100.0,100.0,0.0,0.0,0.0,0.0
2918,150000,99.78,67.02767918236019,0.9981637691938778,12,2,4,500,100.0,100.0,99.12,100.0,0.0,0.0,0.0,0.0
2919,150000,100.0,62.84405262680109,1.0755402340918734,10,0,4,500,100.0,100.0,100.0,100.0,0.0,0.0,0.0,0.0
2920,150000,99.82,67.5241555262932,1.071262276306013,14,4,4,500,99.28,100.0,100.0,100.0,0.0,0.0,0.0,0.0
2921,150000,100.0,69.05137880546721,1.0479035964837489,17,2,4,500,100.0,100.0,100.0,100.0,0.0,0.0,0.0,0.0
2922,61521,100.0,65.91501714382893,1.0900405261153157,6,3,4,500,100.0,100.0,100.0,100.0,0.0,0.0,0.0,0.0
2923,147048,100.0,67.72018090352321,1.0523373746277382,12,4,4,500,100.0,100.0,100.0,100.0,0.0,0.0,0.0,0.0
2924,150000,100.0,67.02064854849539,1.1558618580448212,14,0,4,500,100.0,100.0,100.0,100.0,0.0,0.0,0.0,0.0
2925,150000,99.42,64.46412325850179,1.0067645975131596,13,0,4,500,100.0,100.0,97.67,100.0,0.0,0.0,0.0,0.0
2926,150000,100.0,67.76362495235219,1.0860547221905723,13,1,4,500,100.0,100.0,100.0,100.0,0.0,0.0,0.0,0.0
2927,150000,100.0,66.82233847400532,1.030612364158339,11,0,4,500,100.0,100.0,100.0,100.0,0.0,0.0,0.0,0.0
2928,150000,100.0,67.61004017103404,1.0950626470457845,10,0,4,500,100.0,100.0,100.0,100.0,0.0,0.0,0.0,0.0
2929,62525,100.0,63.2370422842805,1.0339162590603854,8,5,4,500,100.0,100.0,100.0,100.0,0.0,0.0,0.0,0.0
2930,150000,100.0,67.16311289731541,1.0169668701805434,14,0,4,500,100.0,100.0,100.0,100.0,0.0,0.0,0.0,0.0
2931,54018,100.0,64.13770548958142,1.0282392166658694,6,4,4,500,100.0,100.0,100.0,100.0,0.0,0.0,0.0,0.0
2932,104038,100.0,66.8175077021161,1.0134381198986022,10,4,4,500,100.0,100.0,100.0,100.0,0.0,0.0,0.0,0.0
2933,73786,98.87,66.29544681610466,1.0044079310816911,12,8,4,500,100.0,100.0,100.0,95.49,0.0,0.0,0.0,0.0
2934,150000,99.9,66.43209547890787,1.04722018276657,16,1,4,500,100.0,99.59,100.0,100.0,0.0,0.0,0.0,0.0
2935,150000,100.0,66.22790804883401,1.078701326070017,11,2,4,500,100.0,100.0,100.0,100.0,0.0,0.0,0.0,0.0
2936,150000,100.0,65.49601319979888,0.972295133878694,15,0,4,500,100.0,100.0,100.0,100.0,0.0,0.0,0.0,0.0
2937,87535,100.0,68.51491049880896,1.050847866283294,10,5,4,500,100.0,100.0,100.0,100.0,0.0,0.0,0.0,0.0
2938,150000,99.64,67.26088431378727,1.0277949715463124,15,0,4,500,100.0,98.58,100.0,100.0,0.0,0.0,0.0,0.0
2939,150000,100.0,66.44554471572249,1.0714693397540844,12,1,4,500,100.0,100.0,100.0,100.0,0.0,0.0,0.0,0.0
2940,150000,99.49,65.02028650502459,1.1557402795291691,14,1,4,500,100.0,97.96,100.0,100.0,0.0,0.0,0.0,0.0
2941,150000,95.0,65.26930316578911,1.0538413076576971,14,1,4,500,81.21,99.44,99.37,100.0,0.0,0.0,0.0,0.0
2942,150000,99.89,66.33858360751023,0.9943209637614874,11,0,4,500,100.0,99.55,100.0,100.0,0.0,0.0,0.0,0.0
2943,150000,100.0,65.68244073966325,1.0124169620870664,10,0,4,500,100.0,100.0,100.0,100.0,0.0,0.0,0.0,0.0
2944,147048,100.0,66.93321952432423,1.0842911645500457,12,4,4,500,100.0,100.0,100.0,100.0,0.0,0.0,0.0,0.0
2945,150000,100.0,64.97091619714577,0.993070320632348,13,0,4,500,100.0,100.0,100.0,100.0,0.0,0.0,0.0,0.0
2946,150000,99.88,69.84764762856119,1.0138115114816306,15,0,4,500,99.53,100.0,100.0,100.0,0.0,0.0,0.0,0.0
2947,124545,99.66,64.24682636845698,1.011796072773154,12,5,4,500,98.96,100.0,99.66,100.0,0.0,0.0,0.0,0.0
2948,150000,100.0,64.836935049104,1.0036996821794908,9,0,4,500,100.0,100.0,100.0,100.0,0.0,0.0,0.0,0.0
2949,150000,100.0,68.42607855622094,0.9921853124453026,12,0,4,500,100.0,100.0,100.0,100.0,0.0,0.0,0.0,0.0
2950,150000,99.15,66.54676884045335,1.0693734652248277,15,0,4,500,96.6,100.0,100.0,100.0,0.0,0.0,0.0,0.0
2951,150000,100.0,69.01628015815844,1.0251554806438918,12,3,4,500,100.0,100.0,100.0,100.0,0.0,0.0,0.0,0.0
2952,150000,99.97,66.31953567743913,1.0914079376571346,12,0,4,500,100.0,99.88,100.0,100.0,0.0,0.0,0.0,0.0
2953,150000,99.46,68.17440286196141,1.0290026557051155,15,0,4,500,100.0,100.0,100.0,97.85,0.0,0.0,0.0,0.0
2954,150000,99.92,64.54123297471875,1.0386818263486997,15,0,4,500,100.0,99.66,100.0,100.0,0.0,0.0,0.0,0.0
2955,150000,100.0,68.89528356739284,1.0381403837027314,12,3,4,500,100.0,100.0,100.0,100.0,0.0,0.0,0.0,0.0
2956,150000,100.0,67.77026569882155,1.0827553851742608,14,0,4,500,100.0,100.0,100.0,100.0,0.0,0.0,0.0,0.0
2957,150000,100.0,65.85184072874675,1.021239149678676,12,1,4,500,100.0,100.0,100.0,100.0,0.0,0.0,0.0,0.0
2958,147048,93.42,68.44902436585039,1.024308581996929,12,4,4,500,91.49,100.0,89.24,92.94,0.0,0.0,0.0,0.0
2959,123039,99.47,67.4838644055109,1.0325379718615335,9,2,4,500,100.0,97.88,100.0,100.0,0.0,0.0,0.0,0.0
2960,150000,100.0,66.49454909331659,1.068414023299367,13,0,4,500,100.0,100.0,100.0,100.0,0.0,0.0,0.0,0.0
2961,150000,100.0,66.41467415887874,0.9821712675869114,13,0,4,500,100.0,100.0,100.0,100.0,0.0,0.0,0.0,0.0
2962,150000,99.24,67.87338916468946,1.064593833981272,11,0,4,500,100.0,100.0,96.94,100.0,0.0,0.0,0.0,0.0
2963,150000,99.92,64.0118768201038,1.1144370309634803,14,1,4,500,99.7,100.0,100.0,100.0,0.0,0.0,0.0,0.0
2964,150000,100.0,65.55191128325089,1.0420811930967666,11,0,4,500,100.0,100.0,100.0,100.0,0.0,0.0,0.0,0.0
2965,150000,100.0,68.90492991602187,1.008358646723559,15,0,4,500,100.0,100.0,100.0,100.0,0.0,0.0,0.0,0.0
2966,123039,98.88,68.93825067838641,1.054896438075147,9,2,4,500,100.0,98.35,100.0,97.15,0.0,0.0,0.0,0.0
2967,150000,93.68,64.48926224159443,0.9800361897450216,14,0,4,500,95.1,94.16,93.44,92.03,0.0,0.0,0.0,0.0
2968,123541,98.95,64.67671945678833,1.108191814058447,10,3,4,500,100.0,100.0,100.0,95.8,0.0,0.0,0.0,0.0
2969,150000,100.0,67.63349753172561,1.0121375447161494,12,3,4,500,100.0,100.0,100.0,100.0,0.0,0.0,0.0,0.0
2970,150000,100.0,66.40878532421786,1.0553301894368412,12,1,4,500,100.0,100.0,100.0,100.0,0.0,0.0,0.0,0.0
2971,150000,100.0,64.17194614773855,0.9823069601133172,15,0,4,500,100.0,100.0,100.0,100.0,0.0,0.0,0.0,0.0
2972,123541,100.0,65.97190038321808,1.0042423801967113,10,3,4,500,100.0,100.0,100.0,100.0,0.0,0.0,0.0,0.0
2973,150000,100.0,68.14830468572266,0.9647488301888872,15,0,4,500,100.0,100.0,100.0,100.0,0.0,0.0,0.0,0.0
2974,150000,100.0,66.09698863430985,1.0615327717444365,10,1,4,500,100.0,100.0,100.0,100.0,0.0,0.0,0.0,0.0
2975,150000,100.0,66.86039569549715,1.0410741193683926,12,0,4,500,100.0,100.0,100.0,100.0,0.0,0.0,0.0,0.0
2976,150000,100.0,67.30012784890887,1.1019269181215785,12,0,4,500,100.0,100.0,100.0,100.0,0.0,0.0,0.0,0.0
2977,150000,100.0,64.10540012638643,1.0883585759611594,16,3,4,500,100.0,100.0,100.0,100.0,0.0,0.0,0.0,0.0
2978,150000,100.0,66.05503698319554,1.064483739466304,14,2,4,500,100.0,100.0,100.0,100.0,0.0,0.0,0.0,0.0
2979,150000,99.5,66.131845953449,0.9768628609341506,15,0,4,500,100.0,100.0,99.98,98.02,0.0,0.0,0.0,0.0
2980,150000,98.87,65.56747295486733,1.074816387343789,10,1,4,500,95.47,100.0,100.0,100.0,0.0,0.0,0.0,0.0
2981,146044,99.74,64.51500113935906,1.127064577645835,10,2,4,500,100.0,100.0,98.94,100.0,0.0,0.0,0.0,0.0
2982,150000,99.3,65.00242213036898,0.945407885214696,12,0,4,500,100.0,100.0,100.0,97.21,0.0,0.0,0.0,0.0
2983,150000,100.0,67.3632644926165,0.947164216827252,12,1,4,500,100.0,100.0,100.0,100.0,0.0,0.0,0.0,0.0
2984,150000,98.86,68.57250345583194,1.0208718734617162,13,0,4,500,100.0,100.0,95.43,100.0,0.0,0.0,0.0,0.0
2985,150000,100.0,65.69945595264498,0.9931111283520307,14,1,4,500,100.0,100.0,100.0,100.0,0.0,0.0,0.0,0.0
2986,87535,99.08,66.0886586198303,0.9832727211948672,10,5,4,500,100.0,96.34,100.0,100.0,0.0,0.0,0.0,0.0
2987,150000,100.0,67.16229136560312,1.0440461068158702,15,0,4,500,100.0,100.0,100.0,100.0,0.0,0.0,0.0,0.0
2988,150000,97.48,64.56480431813493,1.111225695273548,14,4,4,500,100.0,100.0,100.0,89.93,0.0,0.0,0.0,0.0
2989,150000,100.0,66.43292135541165,1.0345564147248587,12,0,4,500,100.0,100.0,100.0,100.0,0.0,0.0,0.0,0.0
2990,103034,100.0,65.64523423062204,1.095482090665991,8,2,4,500,100.0,100.0,100.0,100.0,0.0,0.0,0.0,0.0
2991,62277,96.71,65.66085765178569,1.1103610176073226,9,6,4,500,90.34,100.0,96.49,100.0,0.0,0.0,0.0,0.0
2992,150000,100.0,65.89890670587025,1.0778847709517747,12,2,4,500,100.0,100.0,100.0,100.0,0.0,0.0,0.0,0.0
2993,150000,97.98,64.2015468831466,1.0110452692994256,15,0,4,500,100.0,91.92,100.0,100.0,0.0,0.0,0.0,0.0
2994,104030,100.0,68.23331465821312,1.0197220684721915,6,0,4,500,100.0,100.0,100.0,100.0,0.0,0.0,0.0,0.0
2995,124035,100.0,68.63989761296934,0.977252701552748,7,0,4,500,100.0,100.0,100.0,100.0,0.0,0.0,0.0,0.0
2996,150000,100.0,67.09998471401035,1.0092825430071477,15,0,4,500,100.0,100.0,100.0,100.0,0.0,0.0,0.0,0.0
2997,150000,99.36,64.43520462231069,0.9444606845449324,15,0,4,500,97.46,100.0,100.0,100.0,0.0,0.0,0.0,0.0
2998,104796,100.0,64.6530140860864,1.0609308409308775,14,8,4,500,100.0,100.0,100.0,100.0,0.0,0.0,0.0,0.0
2999,150000,99.05,67.55448246832835,1.0697655582331054,13,0,4,500,100.0,96.19,100.0,100.0,0.0,0.0,0.0,0.0
3000,150000,100.0,67.2738400802366,1.006702975805889,16,1,4,500,100.0,100.0,100.0,100.0,0.0,0.0,0.0,0.0
