Generación,Fitness Global,CPU (%),Memoria (%),Tiempo (s),Goles Favor,Goles Contra,CPUs (configurados),Population Size,Core0 (%),Core1 (%),Core2 (%),Core3 (%),Core4 (%),Core5 (%),Core6 (%),Core7 (%)
1,37502,58.63,49.33768587013614,0.5738911801068034,0,16,8,50,59.94,58.18,60.7,55.75,57.62,56.81,58.71,61.33
2,39517,53.36,49.50264995572119,0.5788194945537908,0,11,8,50,56.23,54.48,53.17,52.44,54.01,46.61,52.6,57.35
3,36696,45.16,49.67814811584712,0.5847126531881557,0,18,8,50,51.44,41.98,45.45,42.36,48.17,43.06,45.31,43.5
4,36293,55.88,51.29755570005253,0.55887277318572,0,19,8,50,59.5,57.26,53.78,51.48,60.51,59.74,56.12,48.68
5,37905,48.25,49.98903566096772,0.6479065222765619,0,15,8,50,53.97,52.7,47.04,44.25,43.74,49.83,47.67,46.83
6,35487,56.12,49.61033526053674,0.5065291566861332,0,21,8,50,62.28,55.59,56.64,54.68,55.35,57.9,53.84,52.67
7,36696,60.28,49.09851115803647,0.5072178354444984,0,18,8,50,57.88,59.02,54.99,55.35,62.19,59.49,66.85,66.48
8,34278,51.3,49.8654992870945,0.5856205668285314,0,24,8,50,55.78,51.12,48.91,53.68,45.43,43.24,58.8,53.47
9,36696,50.55,49.60556840570686,0.56225610245365,0,18,8,50,48.61,51.23,48.07,49.45,54.71,51.83,55.25,45.27
10,38711,55.39,49.47388551033386,0.5541288507129395,0,13,8,50,60.44,50.94,53.92,60.06,49.69,57.88,49.4,60.82
11,35487,44.99,50.36381936186974,0.5994039460676881,0,21,8,50,48.93,43.58,40.59,47.25,38.83,40.9,50.17,49.7
12,37905,49.79,51.01053181550508,0.521743577765415,0,15,8,50,50.35,46.52,58.56,53.82,54.08,41.27,49.1,44.65
13,41129,54.02,49.810506759119264,0.5249187238590338,0,7,8,50,50.56,46.21,52.15,54.27,57.61,59.38,55.14,56.88
14,36696,52.85,49.43970453689324,0.6010146745841987,0,18,8,50,55.06,59.0,48.89,45.38,56.69,52.76,50.34,54.68
15,35890,54.98,50.36192754923538,0.5546528908254101,0,20,8,50,59.82,44.72,48.52,61.63,60.16,50.56,56.33,58.07
16,35084,47.78,49.28979243764107,0.5860607830005932,0,22,8,50,53.6,44.23,49.59,49.54,47.56,46.91,44.28,46.55
17,34681,60.7,51.12426101290865,0.6017316466749723,0,23,8,50,56.79,54.48,65.75,64.01,58.24,55.44,63.99,66.94
18,35890,52.53,48.84712097356041,0.5522270549703066,0,20,8,50,48.93,55.92,49.93,59.63,43.55,57.89,57.6,46.79
19,35487,52.92,49.86529733238605,0.4974731544400667,0,21,8,50,48.56,49.94,55.24,57.96,54.91,48.19,49.81,58.75
20,35084,52.86,49.209774391101554,0.5221848197190988,0,22,8,50,55.32,61.69,48.18,49.73,47.96,58.58,51.06,50.38
21,37502,55.86,50.45191517633331,0.6114828104092909,0,16,8,50,55.6,54.35,58.0,51.64,55.23,57.13,55.89,59.05
22,33875,53.47,48.839234667024144,0.5662484067014103,0,25,8,50,49.07,54.05,56.25,57.72,54.07,55.81,53.77,46.99
23,35890,56.96,50.211097818093286,0.6158297537008176,0,20,8,50,62.79,62.66,50.4,59.35,51.8,55.54,60.53,52.58
24,35084,43.44,49.99985655498783,0.4470085171929209,0,22,8,50,44.15,39.75,38.48,42.6,46.4,50.0,46.25,39.87
25,35084,45.08,50.07581357712089,0.4363717705219977,0,22,8,50,46.72,51.31,41.49,46.31,41.77,47.56,44.77,40.7
26,35084,50.32,50.369708504152825,0.5744658636519456,0,22,8,50,46.95,54.65,51.46,41.18,52.79,59.82,45.06,50.67
27,35890,59.36,51.38671566167067,0.5130335512556694,0,20,8,50,65.43,58.54,57.39,61.48,55.35,63.73,58.77,54.19
28,37099,54.01,51.31466433545342,0.5437032879154851,0,17,8,50,53.89,59.75,56.85,47.98,54.71,50.33,59.19,49.41
29,34681,58.07,51.33938018056103,0.626394335490057,0,23,8,50,55.65,67.92,55.77,50.27,53.96,61.64,65.81,53.51
30,33875,56.02,49.43767752637733,0.5244727305222446,0,25,8,50,54.14,50.07,58.27,57.81,51.93,59.4,55.86,60.69
31,33875,56.38,48.81497984014983,0.523848846558069,0,25,8,50,61.01,51.56,60.9,50.31,54.02,60.46,49.46,63.28
32,33875,52.73,49.69505555605548,0.5264597184766512,0,25,8,50,46.97,53.28,54.82,53.15,47.69,60.08,52.92,52.91
33,35487,46.82,49.85411613315178,0.4329810649335689,0,21,8,50,53.5,42.54,53.8,41.09,44.68,46.65,45.6,46.74
34,37502,61.01,50.9576190217035,0.5617911379485163,0,16,8,50,54.67,53.56,68.45,62.33,62.61,65.05,60.51,60.93
35,35084,52.87,49.43068323430544,0.4851319522811569,0,22,8,50,53.3,49.12,54.63,60.1,56.03,49.94,49.44,50.43
36,35890,54.1,50.52141508004403,0.5531786628431193,0,20,8,50,51.02,55.08,60.91,56.29,47.38,57.82,53.73,50.55
37,33875,53.56,49.23762517066378,0.4146695660818563,0,25,8,50,52.01,54.86,51.21,53.91,55.77,51.8,52.96,55.92
38,33875,51.92,49.203093471282905,0.5312577070487335,0,25,8,50,51.66,50.4,54.63,50.31,44.62,58.03,58.61,47.06
39,33875,61.58,51.00569038009776,0.5124706133640046,0,25,8,50,65.62,55.08,69.02,62.64,54.34,59.05,66.46,60.46
40,36696,43.95,50.21825556197058,0.620916703654064,0,18,8,50,38.96,44.21,39.9,49.16,44.28,50.21,39.01,45.88
41,34681,48.27,50.585321106729886,0.5926310720647988,0,23,8,50,48.22,52.04,47.88,40.08,52.92,51.58,49.96,43.47
42,35487,53.82,50.10003993785706,0.6193262582778919,0,21,8,50,55.74,60.28,62.07,50.75,48.6,43.68,51.74,57.7
43,36293,44.42,49.74713718340068,0.5050704435105746,0,19,8,50,47.6,46.7,44.73,44.68,39.06,46.77,47.29,38.53
44,38711,52.09,48.77341531703309,0.5139152845394831,0,13,8,50,48.2,48.98,50.92,57.23,56.6,54.69,44.8,55.32
45,36293,53.89,48.77248904894459,0.5632184365983028,0,19,8,50,59.55,54.83,46.85,59.08,47.79,55.97,54.02,53.06
46,35084,51.61,49.89763552111819,0.4945056148539963,0,22,8,50,49.02,52.9,53.38,57.49,51.32,49.54,49.43,49.81
47,35084,60.6,51.19356148759352,0.5197700113253769,0,22,8,50,66.18,53.98,65.58,54.72,63.91,58.12,62.74,59.57
48,34278,45.49,48.76595900221246,0.5061623504361988,0,24,8,50,47.01,41.34,41.51,50.54,46.3,46.13,42.83,48.25
49,33875,60.52,49.61148015861418,0.5271367342613784,0,25,8,50,63.53,55.2,72.11,51.26,50.84,67.48,58.77,65.01
50,36293,48.6,50.46145256916218,0.4459299023795496,0,19,8,50,53.47,50.43,43.67,47.65,43.81,48.11,46.82,54.88
51,34681,45.6,49.81188080040049,0.5687910801285786,0,23,8,50,41.42,48.16,47.03,43.68,43.74,47.78,43.41,49.54
52,39114,57.45,50.99361490086184,0.5965624731177663,0,12,8,50,57.71,59.86,53.17,58.61,61.86,61.22,50.48,56.72
53,34681,56.82,49.99667765972394,0.5916878532042209,0,23,8,50,61.49,55.47,53.56,62.0,59.27,61.2,54.29,47.32
54,37905,51.87,50.47333661891435,0.5330469142241127,0,15,8,50,47.48,51.15,50.98,47.44,55.29,56.22,56.31,50.07
55,35084,55.31,51.70178590043229,0.5226975778076788,0,22,8,50,56.45,55.68,51.37,59.8,60.21,56.84,50.98,51.17
56,33875,57.2,48.816351559903055,0.5774906434084426,0,25,8,50,61.59,50.33,64.06,55.68,53.37,52.61,65.45,54.54
57,34278,47.53,50.62273594926973,0.5038634060913102,0,24,8,50,49.51,44.69,49.1,44.98,46.65,44.13,47.85,53.31
58,34681,46.15,49.34060564858483,0.5415461499853254,0,23,8,50,48.82,40.47,40.07,42.27,54.4,50.78,44.27,48.14
59,35487,52.36,48.7965675518893,0.5175631580608034,0,21,8,50,55.9,47.21,59.9,48.73,50.38,54.74,52.1,49.96
60,34681,56.51,51.2031387833832,0.5150625135594796,0,23,8,50,50.77,57.66,50.45,56.19,57.93,60.05,52.28,66.73
61,36696,40.45,49.73035661431528,0.4761571163178262,0,18,8,50,45.21,42.0,41.59,37.0,39.08,40.09,36.26,42.39
62,34681,50.5,50.25779032196724,0.5031046938029711,0,23,8,50,56.91,45.07,46.66,56.79,48.99,55.66,45.33,48.55
63,35890,59.95,50.37133868560229,0.5511981423493791,0,20,8,50,63.65,65.43,56.21,56.51,50.59,60.38,59.77,67.03
64,36696,58.7,50.08471298446924,0.5558056054703938,0,18,8,50,61.0,51.79,65.08,53.82,68.26,58.55,60.67,50.39
65,37099,45.93,50.44771389404832,0.5961825964434216,0,17,8,50,53.78,43.55,46.61,43.38,40.04,40.68,48.38,51.03
66,39920,60.65,49.85797923628431,0.4861719852308002,0,10,8,50,62.4,58.03,55.6,64.32,53.98,58.74,66.52,65.6
67,37502,47.0,50.26962505614628,0.5256852566372001,0,16,8,50,52.13,45.96,42.31,48.23,54.69,40.29,44.84,47.51
68,35890,53.99,49.69832563980026,0.5866648115038849,0,20,8,50,52.24,57.59,61.83,48.32,54.69,57.23,51.84,48.16
69,33875,57.29,49.66973597922221,0.5837667643256621,0,25,8,50,55.37,53.4,60.14,64.9,56.84,48.06,61.57,58.05
70,37502,53.72,48.938583102743664,0.4882025272455977,0,16,8,50,54.63,45.27,48.32,58.24,59.85,58.0,52.54,52.93
71,35487,50.56,49.19188458496313,0.5888249354608613,0,21,8,50,53.61,44.54,50.41,52.03,50.03,49.13,51.0,53.76
72,35487,53.0,49.66764085670636,0.5033954128897205,0,21,8,50,50.5,48.38,58.28,57.85,47.25,59.5,46.63,55.65
73,36696,52.13,50.47750640325293,0.4996028579184714,0,18,8,50,46.93,51.83,51.94,56.33,44.6,53.7,55.78,55.93
74,36293,42.9,50.50335160237402,0.6054054892819838,0,19,8,50,39.65,44.2,41.64,44.13,46.96,40.53,50.18,35.9
75,38308,42.9,50.384004630700254,0.6247826390382106,0,14,8,50,46.0,43.02,39.59,42.65,45.15,42.32,41.2,43.23
76,35487,57.35,49.67351709929587,0.5158903528482005,0,21,8,50,59.73,53.57,60.26,58.0,59.6,55.03,50.77,61.83
77,35487,56.27,50.433615296759065,0.5665948035342016,0,21,8,50,54.01,59.71,47.72,50.37,53.7,59.57,59.85,65.24
78,37502,54.71,50.29596969361869,0.595292445181523,0,16,8,50,52.45,51.29,57.22,59.76,57.27,51.32,51.46,56.92
79,37502,57.23,51.00266357209838,0.5229291607584733,0,16,8,50,54.21,62.9,55.59,62.89,50.2,56.36,62.24,53.46
80,33875,51.08,50.50471212161303,0.5298594928785672,0,25,8,50,53.39,50.18,49.23,48.41,54.62,50.25,48.33,54.26
81,33875,53.01,50.14584380666027,0.5492721782571105,0,25,8,50,51.01,57.68,58.83,53.13,52.26,46.7,45.19,59.28
82,38711,49.93,50.30988322503455,0.534768711105927,0,13,8,50,50.29,48.9,47.0,50.19,49.52,55.12,43.12,55.27
83,37905,50.82,49.579090012055616,0.5118179540606226,0,15,8,50,46.72,47.31,47.76,53.67,51.13,53.81,61.24,44.9
84,33875,46.98,50.80234149468989,0.5145089918455008,0,25,8,50,46.66,46.3,40.13,48.23,51.35,43.14,49.04,51.03
85,37099,60.34,50.547900499458905,0.6243044716946915,0,17,8,50,68.73,54.98,53.03,68.7,57.32,57.48,55.14,67.35
86,35487,46.07,49.69191621850665,0.5362841288518262,0,21,8,50,43.99,43.62,48.62,48.59,46.69,41.12,50.89,45.07
87,37502,57.38,49.70930027606936,0.4859228424536903,0,16,8,50,55.56,51.11,53.5,60.11,55.8,57.25,67.89,57.82
88,39920,49.85,49.001698937140425,0.5572909430409,0,10,8,50,46.04,54.72,53.02,47.08,44.61,54.13,53.81,45.36
89,37099,42.53,49.51538033564205,0.460934942298754,0,17,8,50,49.4,44.81,38.6,35.96,37.77,39.94,53.03,40.75
90,39517,52.47,49.82165942394092,0.5133285999451925,0,11,8,50,54.89,49.67,52.64,45.0,60.71,53.3,45.95,57.64
91,33875,50.23,49.14547656477928,0.5725323448703797,0,25,8,50,50.94,49.99,44.0,55.79,53.0,49.81,46.77,51.57
92,39114,44.31,49.15022181477248,0.5223569050959177,0,12,8,50,49.18,48.86,41.27,42.87,46.52,41.04,44.03,40.71
93,35487,51.09,48.68579546267177,0.5599902007735577,0,21,8,50,50.56,52.61,53.48,47.84,49.3,48.34,49.25,57.37
94,38308,50.93,48.77017122531896,0.5228093611157856,0,14,8,50,49.14,45.32,54.21,53.52,52.78,51.06,46.11,55.27
95,35890,56.33,49.73432561835388,0.5038948921521862,0,20,8,50,55.01,53.66,55.94,58.24,51.63,54.61,58.48,63.1
96,37099,50.16,48.94768798460459,0.5745884416815047,0,17,8,50,50.8,49.87,54.25,53.94,41.17,49.9,51.18,50.16
97,36293,44.37,50.7655840152003,0.6038128129543877,0,19,8,50,40.79,47.44,47.2,44.8,42.11,40.13,50.35,42.14
98,35084,58.43,49.25646867226734,0.5126616978231016,0,22,8,50,55.88,57.65,63.86,61.87,67.14,57.19,52.2,51.65
99,34681,53.64,51.13713958986352,0.5461248285110611,0,23,8,50,56.25,50.62,51.96,50.0,46.32,51.68,60.22,62.09
100,38308,54.37,49.84427888116753,0.4992337698000909,0,14,8,50,50.36,53.45,59.06,56.61,52.01,53.05,60.52,49.87
101,39114,52.96,50.85896711898506,0.4562532582334175,0,12,8,50,57.44,48.74,52.53,49.87,56.31,56.35,47.65,54.81
102,37099,52.84,49.20007384125214,0.5258580992436195,0,17,8,50,51.8,57.08,51.49,54.14,55.24,51.88,51.75,49.31
103,37099,43.03,50.20012662453768,0.6404274520902042,0,17,8,50,39.25,44.17,47.93,43.06,39.74,48.11,43.42,38.57
104,35487,63.31,48.9135873333568,0.4856134065956273,0,21,8,50,67.38,60.95,68.74,59.09,69.14,56.23,65.09,59.85
105,33875,51.0,49.790674974515454,0.5873329223627759,0,25,8,50,48.61,58.99,52.06,45.2,50.23,53.11,54.19,45.64
106,36696,58.14,50.288641032299125,0.4873632933593677,0,18,8,50,60.0,57.35,56.09,64.42,53.75,61.45,61.69,50.38
107,37502,54.83,51.35327013504072,0.5124816532521698,0,16,8,50,54.4,58.31,59.73,55.77,55.11,52.2,58.48,44.62
108,35084,55.57,51.498333003647765,0.5566029421363442,0,22,8,50,50.8,48.94,61.39,47.14,49.33,60.26,61.34,65.36
109,36293,55.15,49.82846915350608,0.4621907639112675,0,19,8,50,47.03,56.01,58.88,53.58,63.7,56.07,58.64,47.27
110,36696,54.23,50.03781959784301,0.5456095982416849,0,18,8,50,54.77,55.47,52.35,56.91,50.22,58.92,50.57,54.59
111,35487,51.17,49.21343883047454,0.5490074421219476,0,21,8,50,55.5,44.33,50.06,52.98,50.79,56.65,52.35,46.71
112,34278,54.22,49.49804216593854,0.5073527054005973,0,24,8,50,49.66,48.96,62.31,58.96,57.13,51.8,58.02,46.91
113,37502,57.25,49.688178136677664,0.5198788373412611,0,16,8,50,50.43,58.55,57.16,62.75,57.29,53.67,65.7,52.42
114,34278,50.65,50.90416750693235,0.5859548526021879,0,24,8,50,46.56,52.02,44.32,52.97,52.17,49.63,54.95,52.6
115,36293,52.1,48.88406590446719,0.6084347841853637,0,19,8,50,55.45,48.59,51.56,57.03,43.1,57.33,51.38,52.37
116,34681,46.26,50.1935330559243,0.5240507034717077,0,23,8,50,48.68,41.02,46.3,39.9,49.44,54.36,50.2,40.22
117,36293,49.99,51.00938142851987,0.5624563161160481,0,19,8,50,43.25,53.72,43.8,48.62,60.33,44.1,49.64,56.48
118,34278,53.1,50.2805143806844,0.4537100807701292,0,24,8,50,46.88,47.75,54.27,44.15,58.77,54.42,58.4,60.18
119,37905,54.96,49.59499201999719,0.4915021954473941,0,15,8,50,49.93,66.85,58.58,60.45,49.44,50.81,51.59,52.05
120,35084,47.55,50.57102158457908,0.5257024403651623,0,22,8,50,45.14,47.44,44.94,45.62,52.76,45.52,43.82,55.2
121,35084,45.63,49.33925031804109,0.6089613538510825,0,22,8,50,43.4,44.07,41.25,46.83,53.43,52.31,41.45,42.31
122,36696,54.49,49.62295613364776,0.5776496994969526,0,18,8,50,58.26,46.24,50.98,64.45,56.42,53.06,55.89,50.6
123,37905,44.78,50.137747011062565,0.4767935128158905,0,15,8,50,48.0,45.48,43.89,39.06,44.12,43.64,39.86,54.22
124,36696,57.28,50.320471153332825,0.4409552364896493,0,18,8,50,57.42,60.31,65.46,54.6,51.56,59.58,60.58,48.72
125,36696,46.63,50.43089083180679,0.5869414544608506,0,18,8,50,43.57,50.42,46.84,45.84,49.95,42.62,51.27,42.55
126,37099,52.78,50.62337669981769,0.5951912947055807,0,17,8,50,61.25,51.37,57.64,57.13,43.32,48.24,46.93,56.32
127,34278,44.99,50.05543866852617,0.4816278289000963,0,24,8,50,49.57,44.91,49.37,51.23,41.06,39.95,47.08,36.77
128,34681,57.14,49.38409597248578,0.4095382914195818,0,23,8,50,56.62,58.88,62.29,48.92,66.19,55.27,59.24,49.72
129,36696,58.37,50.48421685610827,0.4300090468184107,0,18,8,50,55.37,65.79,63.38,54.58,62.17,55.55,48.51,61.58
130,36293,52.76,50.4992082460159,0.4700253997232856,0,19,8,50,54.5,58.0,55.13,48.92,60.48,52.62,44.76,47.71
131,34681,57.06,51.37055385569396,0.5306278005715822,0,23,8,50,62.65,64.98,55.82,56.64,61.38,52.86,49.38,52.8
132,37099,54.74,50.67019105493263,0.5834318068760056,0,17,8,50,56.93,53.33,47.55,56.06,53.16,61.71,57.54,51.63
133,35890,48.03,50.17660551969603,0.5223793311453023,0,20,8,50,45.74,42.11,50.29,42.38,53.06,53.62,51.05,45.97
134,37099,51.23,51.06018726957103,0.5312208468230432,0,17,8,50,46.04,50.87,51.11,54.25,43.9,48.55,54.95,60.21
135,35890,52.67,50.01370240959509,0.4419499266612526,0,20,8,50,50.81,58.08,60.84,49.81,54.36,50.22,51.15,46.06
136,35890,51.78,50.10279517526341,0.4659584509094905,0,20,8,50,45.49,56.74,45.66,53.15,47.02,49.71,59.92,56.55
137,37099,58.93,49.66371583742052,0.5206733453416446,0,17,8,50,64.32,58.05,65.56,62.07,52.82,50.38,65.24,52.97
138,35890,49.23,49.59571503341068,0.5052522088849783,0,20,8,50,47.01,47.49,46.97,56.2,48.77,44.66,56.96,45.79
139,34278,53.13,49.69569569791975,0.523422122892099,0,24,8,50,57.8,57.43,47.88,46.58,55.9,50.2,54.05,55.2
140,33875,50.36,50.249844721819855,0.4065779287688695,0,25,8,50,47.21,51.24,51.12,44.31,48.13,57.51,52.28,51.04
141,35890,55.11,51.2633204846135,0.4698813304336446,0,20,8,50,53.24,58.83,56.3,53.96,47.05,63.6,49.67,58.2
142,35084,48.93,51.02948606103382,0.5427994219752698,0,22,8,50,49.7,48.03,53.0,49.2,54.88,43.53,51.03,42.06
143,37905,56.96,50.60410466324588,0.5491197432995583,0,15,8,50,56.01,60.03,63.68,56.07,59.32,55.91,52.19,52.5
144,35890,47.16,50.3972282864259,0.4430289179168606,0,20,8,50,51.51,52.58,37.88,46.82,43.53,43.56,48.39,52.98
145,37099,53.39,50.07946205442795,0.5820346581064276,0,17,8,50,56.02,57.04,42.83,51.71,55.09,58.11,49.26,57.03
146,33875,45.79,49.21809845586171,0.5545179950314865,0,25,8,50,45.93,47.75,37.81,39.7,55.61,43.5,47.98,48.03
147,41129,42.8,51.0779789733811,0.5339810969803872,0,7,8,50,41.07,36.57,44.93,47.59,47.68,43.33,41.77,39.45
148,35890,50.12,50.69971796668993,0.4618825624203771,0,20,8,50,42.08,54.99,48.19,54.78,50.56,57.52,46.89,45.96
149,39517,60.38,50.20254671375769,0.5137521581923025,0,11,8,50,64.28,53.91,57.63,63.87,63.54,59.07,60.15,60.57
150,36293,49.47,50.75870780100354,0.5250948157256835,0,19,8,50,54.47,53.02,53.47,47.37,47.05,42.82,45.63,51.96
151,33875,48.9,51.20067330836849,0.4639760549452671,0,25,8,50,50.13,48.39,49.31,48.53,44.92,49.72,53.75,46.41
152,37502,55.1,50.492627307954656,0.5613245742851141,0,16,8,50,56.15,59.46,54.44,47.35,58.22,58.27,53.93,52.95
153,35487,58.79,49.215916705314285,0.4859990812455753,0,21,8,50,66.54,57.73,64.44,56.72,57.06,54.78,55.88,57.21
154,34681,61.69,49.68649112807164,0.3946514768129541,0,23,8,50,59.82,61.91,62.76,59.74,69.13,66.63,56.71,56.79
155,35487,60.58,49.5454132099982,0.5228243866976137,0,21,8,50,67.59,66.75,60.54,54.72,57.14,58.7,57.26,61.98
156,38711,58.58,48.51623516868361,0.5016307061377484,0,13,8,50,61.5,57.67,53.97,60.29,56.13,66.43,53.03,59.63
157,33875,55.74,49.67939531903005,0.5702377516910433,0,25,8,50,58.5,51.36,50.54,61.19,57.97,61.13,55.2,50.03
158,37905,47.28,50.03689559242153,0.4911705793312091,0,15,8,50,40.23,53.49,47.48,53.17,50.28,50.16,41.14,42.25
159,39114,61.53,50.9400958008096,0.5726283127039857,0,12,8,50,66.39,52.61,66.79,59.3,65.01,64.89,58.66,58.59
160,37502,54.7,50.52175123669542,0.4532543849335503,0,16,8,50,56.6,57.69,63.07,47.35,47.56,62.92,48.47,53.92
161,39517,44.86,49.69373010870051,0.4966851070123423,0,11,8,50,38.14,51.71,42.41,42.83,46.48,42.87,44.88,49.53
162,36293,56.78,49.03402657069656,0.4367979374278002,0,19,8,50,55.69,50.03,62.02,59.76,66.1,55.8,52.14,52.67
163,37502,45.14,50.13148267132728,0.4464201459730391,0,16,8,50,51.88,41.69,50.47,42.53,42.71,42.51,43.34,45.96
164,38711,49.03,50.10271287202112,0.5239765775106371,0,13,8,50,42.83,44.9,47.5,52.15,55.11,52.38,48.97,48.4
165,34278,57.22,50.75177122922924,0.5385357587316638,0,24,8,50,49.75,54.58,50.28,64.21,68.2,54.57,53.35,62.79
166,37099,57.71,48.612653047355245,0.4208237643116427,0,17,8,50,63.69,50.97,62.91,56.14,54.61,57.4,66.29,49.68
167,35487,45.53,51.10246583627756,0.572686114577404,0,21,8,50,44.97,43.9,40.2,47.64,47.13,41.24,54.0,45.13
168,37502,59.85,50.05137723041168,0.5765494725085634,0,16,8,50,54.84,60.55,57.71,59.74,65.72,52.27,63.08,64.87
169,34278,54.14,49.04745785351631,0.4649696085723994,0,24,8,50,55.13,48.41,54.63,61.82,53.25,49.31,57.61,52.98
170,35890,52.18,51.73562245645238,0.5103240958890476,0,20,8,50,60.21,51.97,43.73,45.04,48.08,63.06,53.64,51.69
171,33875,51.97,50.313989696055295,0.4494022067526777,0,25,8,50,58.29,51.4,52.42,45.64,49.95,59.62,52.06,46.37
172,35084,49.77,50.87694939598596,0.4818174602699058,0,22,8,50,53.68,49.0,50.2,48.62,51.43,48.6,47.24,49.41
173,37099,48.78,50.53807159027077,0.5070392724459808,0,17,8,50,37.26,47.64,52.06,51.92,41.71,55.02,49.59,55.0
174,36696,56.12,49.88623968241608,0.4269512158103253,0,18,8,50,53.95,49.77,62.23,49.57,65.31,60.63,52.85,54.69
175,35890,58.83,49.484075102001896,0.5258160980779926,0,20,8,50,55.46,58.71,63.19,58.93,54.29,62.46,61.08,56.53
176,37905,56.12,50.08247038990206,0.4538238739521674,0,15,8,50,48.6,57.53,61.46,59.59,64.05,55.85,50.86,51.04
177,35890,51.61,49.270156081870326,0.550646978384293,0,20,8,50,50.93,46.5,53.46,51.03,58.92,44.3,55.6,52.16
178,37099,55.53,50.39355471051012,0.5547937742684559,0,17,8,50,56.33,47.45,55.4,58.9,58.84,50.82,59.69,56.83
179,37099,59.93,50.21991275335687,0.5817837638045108,0,17,8,50,54.83,52.39,62.43,69.94,61.37,62.16,57.79,58.52
180,38711,55.98,52.32650963202809,0.4856833706119187,0,13,8,50,52.92,61.69,56.62,53.93,53.83,57.81,61.75,49.3
181,33875,48.37,50.46260375234747,0.5091561014315041,0,25,8,50,49.63,46.31,43.41,47.99,51.75,49.81,46.56,51.49
182,36696,59.93,49.63297177352519,0.4691154385529919,0,18,8,50,54.27,69.16,58.29,55.09,54.93,68.15,57.87,61.69
183,39114,44.77,50.07199843207203,0.5154744836792199,0,12,8,50,41.68,42.65,42.43,46.45,48.55,45.09,46.66,44.62
184,37502,57.77,51.118840228529805,0.5665221980807162,0,16,8,50,53.02,61.31,68.59,67.61,54.0,50.96,49.42,57.23
185,34278,52.81,49.42981862797207,0.4411554210272161,0,24,8,50,54.84,49.18,50.44,47.78,55.97,55.68,54.42,54.14
186,37905,59.18,50.22661718702172,0.5717652982071055,0,15,8,50,53.3,57.85,64.45,55.27,48.78,64.73,62.77,66.27
187,35487,49.6,50.06247846136682,0.4733105660523792,0,21,8,50,44.1,53.18,53.21,48.27,48.17,54.02,44.06,51.8
188,39114,55.33,49.30388220152698,0.584310553203296,0,12,8,50,52.38,50.99,57.18,50.58,53.95,57.32,59.65,60.56
189,38308,59.52,50.309052522708,0.4931761198928517,0,14,8,50,61.3,64.36,54.95,59.74,65.96,56.91,57.15,55.79
190,34278,51.34,51.01296845333618,0.5519429997755778,0,24,8,50,44.68,52.59,46.73,51.63,45.99,56.86,53.28,58.97
191,37502,56.15,49.03624348802851,0.4727825317584036,0,16,8,50,52.78,57.03,58.02,58.85,61.58,51.47,52.76,56.71
192,37502,49.56,50.47918726636826,0.4152352148897312,0,16,8,50,53.73,49.38,55.49,42.68,48.76,53.1,47.42,45.88
193,37099,55.14,49.5425929572297,0.5892185866468809,0,17,8,50,54.46,56.8,54.53,52.0,58.19,49.2,62.32,53.63
194,39114,50.04,48.67682493425809,0.5601998411353909,0,12,8,50,49.32,53.79,55.14,45.27,52.76,51.84,44.51,47.67
195,35890,57.37,50.46102355831534,0.5591894239660636,0,20,8,50,61.86,49.21,57.1,61.17,62.86,51.07,61.49,54.2
196,36293,52.58,50.520663375452365,0.5061806057585879,0,19,8,50,53.73,47.76,50.88,59.66,47.82,52.73,52.27,55.78
197,33875,49.33,51.030975187759445,0.4103387406920546,0,25,8,50,51.18,50.95,52.47,49.69,51.56,53.26,41.21,44.33
198,33875,52.1,49.68875596864487,0.4804009999335886,0,25,8,50,57.12,45.96,47.21,48.32,57.04,51.75,54.34,55.07
199,38308,52.54,49.30811756601631,0.5784277203378864,0,14,8,50,55.64,47.61,61.84,54.72,47.39,51.41,50.53,51.2
200,36293,49.94,51.28382402623917,0.4536685353181665,0,19,8,50,47.9,52.14,57.29,46.59,46.74,46.82,52.95,49.05
201,37502,49.77,50.57229751656927,0.5425887606106533,0,16,8,50,45.91,42.91,52.43,51.98,50.06,58.03,54.08,42.73
202,36696,55.38,50.19631244616201,0.5160766790466841,0,18,8,50,60.02,48.62,57.36,51.43,57.9,49.46,54.4,63.83
203,39114,53.48,50.40783519144158,0.5616793675663263,0,12,8,50,61.1,56.09,57.23,60.14,45.83,54.19,45.88,47.35
204,37099,57.21,50.85570320653263,0.5705255889515599,0,17,8,50,52.94,58.02,58.76,57.93,52.18,55.33,60.14,62.36
205,37502,45.14,50.53946710111887,0.5428964362273238,0,16,8,50,48.02,44.6,49.33,46.46,45.24,49.0,42.1,36.37
206,37099,55.22,50.18004319510592,0.4685982565966445,0,17,8,50,53.13,48.72,60.79,62.78,50.36,61.88,51.57,52.52
207,38308,53.48,50.76299235185808,0.5938875016374195,0,14,8,50,50.47,61.2,50.45,57.0,53.63,45.62,51.21,58.28
208,37905,55.4,50.667220206770935,0.5085747871557728,0,15,8,50,52.52,57.29,62.31,48.63,47.42,57.61,55.62,61.78
209,34278,52.39,49.73433751853258,0.561519250862375,0,24,8,50,57.27,60.3,47.16,55.25,57.84,44.96,46.03,50.34
210,37905,51.61,50.07897791447432,0.4380739017191573,0,15,8,50,50.89,54.35,50.21,47.63,54.14,59.19,47.83,48.66
211,35487,48.39,50.067509271865845,0.5604798238620993,0,21,8,50,54.14,43.57,48.04,48.54,48.36,47.65,45.91,50.95
212,39114,55.89,49.98218141302601,0.5488096293441304,0,12,8,50,50.08,64.32,65.02,46.47,49.29,51.94,62.94,57.04
213,37099,47.61,50.34739436500706,0.4722987135899415,0,17,8,50,52.23,51.68,41.72,41.45,49.55,48.45,48.06,47.72
214,35487,61.48,50.60844093772696,0.5251863355630302,0,21,8,50,65.96,54.83,64.62,52.0,69.7,67.86,56.14,60.71
215,37502,41.85,51.50867687674109,0.5446758268531354,0,16,8,50,44.86,37.01,42.12,40.96,44.71,42.43,38.71,43.99
216,36696,59.5,49.52113470518015,0.4634642040724223,0,18,8,50,60.11,68.4,63.49,58.82,60.89,51.36,59.25,53.69
217,35890,54.13,49.74302427863312,0.5531465768177104,0,20,8,50,51.54,53.23,56.6,55.75,51.42,57.48,56.98,50.05
218,37905,54.55,50.39319935251958,0.5415632762826946,0,15,8,50,46.02,52.6,63.85,59.88,54.06,55.94,45.43,58.59
219,39114,49.54,51.13018042472474,0.4723143170706077,0,12,8,50,47.86,46.8,48.87,53.9,55.76,42.86,51.62,48.61
220,35084,55.32,48.82070945778133,0.4945267820183243,0,22,8,50,50.79,56.45,54.19,63.63,61.55,56.72,49.63,49.57
221,39114,52.5,51.02879502542776,0.521656423041411,0,12,8,50,51.22,48.79,57.09,56.14,48.72,58.85,47.15,52.0
222,35084,53.15,51.38078141635829,0.5142293288282979,0,22,8,50,49.2,55.38,58.86,44.63,55.86,52.23,49.99,59.07
223,37502,53.72,51.44948945289382,0.5331353210210926,0,16,8,50,58.88,52.14,55.78,47.69,57.94,48.74,46.94,61.68
224,37502,63.77,49.86421911049757,0.5285750625228486,0,16,8,50,68.63,57.69,66.43,67.18,58.07,69.78,65.46,56.96
225,35487,41.32,49.10845264288709,0.5526116355288848,0,21,8,50,39.18,46.44,35.88,48.19,39.46,40.57,38.54,42.31
226,36293,54.81,50.53032019675487,0.4765259652587582,0,19,8,50,52.15,64.11,61.07,46.35,60.04,46.36,47.93,60.47
227,33875,52.54,50.39850236536546,0.532266368209548,0,25,8,50,48.1,62.14,50.7,52.61,48.23,49.91,57.13,51.48
228,37502,48.9,50.53694175744016,0.4985228423641826,0,16,8,50,47.91,52.82,48.23,47.12,50.32,51.27,43.29,50.27
229,35084,49.23,50.479690635834906,0.5691139259418491,0,22,8,50,50.63,42.56,52.56,50.22,47.48,48.34,49.96,52.13
230,34681,56.3,48.361323844803046,0.4943789237267138,0,23,8,50,54.28,53.65,61.14,60.18,48.62,61.38,61.07,50.12
231,38711,56.32,50.120706580424205,0.5374479709384743,0,13,8,50,48.8,55.84,57.08,53.38,58.34,60.03,56.03,61.08
232,34278,51.78,49.51327981086752,0.5759807402607616,0,24,8,50,52.25,46.55,60.79,46.94,53.34,51.9,53.98,48.48
233,33875,58.54,50.54705561439579,0.4778469816831082,0,25,8,50,64.51,61.0,52.82,57.4,65.74,54.12,55.4,57.3
234,38711,55.57,48.957266274113096,0.5779233427885039,0,13,8,50,54.28,54.23,51.01,56.65,51.84,58.22,62.42,55.92
235,38308,57.38,50.55381620529758,0.4718632517408069,0,14,8,50,59.81,58.56,52.57,59.52,55.27,59.71,50.13,63.49
236,34681,51.96,51.20711898552102,0.5259011266745559,0,23,8,50,52.38,49.29,53.12,44.04,57.01,54.83,46.68,58.35
237,37502,58.32,50.280789356226926,0.4786432069850239,0,16,8,50,62.47,59.23,60.67,57.19,61.73,58.31,49.49,57.51
238,35084,54.52,50.48424797932897,0.585002472206841,0,22,8,50,51.82,52.53,57.81,49.62,59.57,56.51,47.53,60.75
239,35084,55.13,49.50153473290315,0.5811193954306825,0,22,8,50,61.41,47.57,50.74,64.17,55.83,51.51,62.47,47.38
240,34278,43.96,50.94891400710722,0.4220521413432284,0,24,8,50,42.48,43.8,45.35,46.74,49.06,38.12,45.7,40.44
241,37099,54.0,50.99741487209079,0.5267650441853362,0,17,8,50,61.16,46.98,48.13,49.98,56.19,58.57,59.79,51.19
242,35084,38.07,49.98415172912008,0.5155192889124763,0,22,8,50,40.04,39.68,37.84,36.81,34.93,43.43,37.61,34.23
243,35487,58.06,51.15785607712961,0.4988976892351812,0,21,8,50,57.86,53.95,62.4,53.13,54.51,57.34,62.42,62.88
244,36696,55.56,50.43528186526058,0.4234007834488401,0,18,8,50,52.16,57.79,54.91,62.15,53.89,59.87,58.95,44.8
245,34681,48.6,51.14193962288204,0.553412301012519,0,23,8,50,42.3,50.92,48.61,48.03,44.23,41.63,56.79,56.27
246,37099,52.96,50.73483083755095,0.5218328242570479,0,17,8,50,53.47,46.06,53.4,50.6,59.6,48.09,60.62,51.81
247,33875,56.61,51.17522038915137,0.4657553568626714,0,25,8,50,56.41,58.78,56.99,50.77,62.24,60.46,57.43,49.77
248,37502,46.33,50.61404395145416,0.5430681049634413,0,16,8,50,52.02,55.15,48.19,42.36,41.26,40.07,45.7,45.92
249,35487,56.16,50.105289838284776,0.520413758194572,0,21,8,50,57.69,64.59,58.08,47.94,62.11,58.39,50.54,49.91
250,36293,45.16,49.70875785105154,0.520217312258384,0,19,8,50,50.44,37.53,40.73,48.35,49.04,46.25,39.91,49.01
251,37502,56.98,51.112174262100254,0.5193088387865078,0,16,8,50,60.01,48.51,67.57,54.56,57.99,57.26,48.52,61.45
252,35890,53.55,51.9103795090909,0.5200406359071938,0,20,8,50,50.48,46.67,57.85,52.22,51.96,61.57,60.67,46.98
253,34278,53.92,50.34310912706665,0.5260603361112391,0,24,8,50,56.24,48.42,64.4,46.2,51.24,52.22,49.9,62.71
254,36293,53.84,51.103364365154505,0.4964074413231727,0,19,8,50,55.64,52.5,49.47,57.02,56.4,52.97,48.38,58.33
255,37905,45.94,49.46182605218614,0.5333292304472719,0,15,8,50,44.41,41.78,45.88,52.08,44.54,44.79,48.5,45.54
256,35084,43.58,50.240336875165085,0.4993276222662471,0,22,8,50,37.44,44.73,49.74,36.59,44.36,40.8,48.62,46.37
257,35084,54.64,50.93095380328064,0.4410660738271769,0,22,8,50,52.48,55.29,51.95,52.44,51.96,58.61,65.68,48.7
258,37502,60.07,51.588989241977934,0.641353131445823,0,16,8,50,63.55,59.19,63.16,65.0,54.9,60.37,60.97,53.41
259,36696,52.92,48.92769315856528,0.5271106141733795,0,18,8,50,54.56,54.7,58.49,50.53,49.24,46.19,57.2,52.47
260,34681,54.25,50.22742899028577,0.4098418037298709,0,23,8,50,45.98,54.45,53.57,60.02,49.72,55.3,57.05,57.89
261,34278,55.4,50.5870876313882,0.4865568431678712,0,24,8,50,56.94,57.87,54.48,55.12,57.63,53.07,49.66,58.44
262,34681,51.66,50.35780550468524,0.4348498471662616,0,23,8,50,52.63,53.19,44.85,49.83,57.77,47.52,53.16,54.36
263,39517,42.89,51.73177618441623,0.5719429479121627,0,11,8,50,40.18,40.86,40.93,47.85,45.09,42.15,45.09,40.98
264,38711,50.07,50.69617821717697,0.5061332004781026,0,13,8,50,51.02,51.64,51.81,54.6,41.02,45.55,48.56,56.34
265,33875,54.62,50.575321830568406,0.4386146110151124,0,25,8,50,48.57,54.49,51.12,58.77,59.89,62.83,49.67,51.6
266,35084,52.63,48.80931834938389,0.4896214232738596,0,22,8,50,51.08,59.36,47.45,47.28,57.02,49.71,58.69,50.44
267,35890,53.37,51.12558592517913,0.5090449940694235,0,20,8,50,54.48,51.88,45.26,56.53,59.27,46.59,60.15,52.79
268,34278,49.72,49.92268524928311,0.5114436499041071,0,24,8,50,45.9,48.66,43.94,54.5,54.21,53.43,51.23,45.88
269,36293,62.83,51.30806307328351,0.5485494351134219,0,19,8,50,66.69,60.46,62.59,60.77,60.31,64.83,65.4,61.6
270,35487,59.67,50.89069118546523,0.490175762161327,0,21,8,50,63.27,54.9,64.46,61.05,53.84,59.95,63.68,56.24
271,36293,51.77,51.57151671681136,0.5773137246036888,0,19,8,50,52.96,54.56,60.5,49.43,48.75,48.25,54.03,45.68
272,39920,48.22,50.596979481560346,0.4896215648243458,0,10,8,50,53.52,48.52,51.02,45.47,45.98,46.87,49.06,45.3
273,35890,49.09,50.26924953729469,0.4120303793926303,0,20,8,50,47.06,49.51,46.71,46.0,53.94,54.25,48.16,47.07
274,37099,57.72,50.4488690766097,0.5357558954387196,0,17,8,50,55.11,61.01,62.43,61.21,52.03,52.56,56.25,61.2
275,36293,49.12,49.46802974955824,0.5214828154155605,0,19,8,50,58.59,53.28,56.17,42.23,47.06,45.73,46.8,43.08
276,38308,56.33,51.31105310938646,0.4505082521425322,0,14,8,50,62.55,49.79,49.25,57.73,62.87,62.82,49.78,55.88
277,35487,53.44,48.473553591723366,0.4899800581857441,0,21,8,50,58.88,54.26,48.13,60.15,54.74,48.47,49.01,53.87
278,35890,52.43,50.94600948146971,0.5583109537514831,0,20,8,50,58.83,50.04,45.91,45.82,60.01,50.58,51.55,56.68
279,35890,52.23,50.47549982893082,0.4485531061863401,0,20,8,50,51.28,56.18,46.35,49.81,55.6,53.21,60.46,44.96
280,34681,49.58,50.50344875671348,0.6189482819584048,0,23,8,50,53.95,51.06,44.6,50.47,50.1,51.16,51.19,44.08
281,37905,56.96,50.45499285529587,0.4631606841878492,0,15,8,50,51.53,57.1,65.21,53.17,50.27,58.1,57.55,62.73
282,38711,62.52,48.60215222381821,0.5034897937847702,0,13,8,50,56.13,65.96,62.6,62.75,62.8,68.19,66.79,54.93
283,39114,42.52,50.67617103847155,0.4269852076904966,0,12,8,50,35.2,44.82,43.76,36.19,47.19,46.64,40.87,45.52
284,38711,66.97,48.56976551863768,0.4746297005416844,0,13,8,50,62.85,64.07,73.03,71.91,59.49,70.44,59.2,74.81
285,36293,55.03,50.249960788819685,0.5198672159581098,0,19,8,50,50.96,60.04,47.97,56.97,56.2,51.18,53.63,63.32
286,35084,45.0,51.401103407721166,0.4760970092054858,0,22,8,50,52.29,38.76,42.73,49.03,41.29,45.27,44.25,46.36
287,33875,52.98,49.16978375011208,0.5190068549858671,0,25,8,50,49.51,57.05,50.32,45.42,60.94,52.09,46.49,62.03
288,39114,53.46,52.23864005467849,0.546335403390318,0,12,8,50,55.56,55.54,56.11,56.58,44.13,50.6,55.74,53.4
289,38711,46.46,50.687034867695445,0.4718721065775869,0,13,8,50,44.87,51.37,48.25,38.53,54.15,40.6,48.62,45.33
290,36293,45.96,50.2552388532776,0.5186019023767819,0,19,8,50,46.07,47.62,45.35,42.79,49.38,43.6,44.52,48.37
291,36293,48.48,50.53332182509112,0.4622924394985173,0,19,8,50,51.12,48.42,44.94,44.79,42.46,57.76,54.49,43.87
292,40726,55.44,50.64203291635393,0.5784908074579481,0,8,8,50,61.13,59.84,46.95,46.21,61.95,62.34,50.12,54.98
293,37905,51.5,51.27665318394341,0.5412656567847999,0,15,8,50,47.37,52.84,55.82,47.57,58.35,43.55,57.87,48.66
294,36293,60.47,49.621854802027215,0.5125559342588457,0,19,8,50,66.79,64.17,62.77,60.29,59.21,54.47,61.04,55.0
295,38711,49.31,51.76606516138066,0.5963856892946409,0,13,8,50,56.48,52.83,41.6,42.29,52.41,46.13,55.77,46.94
296,38711,45.0,50.165094083798536,0.4430148693423477,0,13,8,50,41.78,45.39,39.94,42.87,50.7,51.91,41.16,46.22
297,35487,49.39,50.80825146907416,0.4934787624087,0,21,8,50,49.19,54.34,41.65,51.32,51.42,51.82,44.98,50.42
298,35487,50.02,50.63583290956167,0.5307656001161922,0,21,8,50,50.98,50.16,49.22,50.11,50.19,50.66,49.89,48.99
299,37099,50.08,50.285603501760654,0.5219724024654325,0,17,8,50,49.38,52.32,51.74,47.72,50.75,51.4,52.94,44.41
300,35084,60.38,49.56905052930828,0.5125357508856695,0,22,8,50,60.1,59.0,54.48,57.96,60.58,59.56,61.89,69.5
301,35890,61.34,50.21337572697994,0.4316307037313024,0,20,8,50,54.05,65.82,67.51,57.1,65.78,48.83,62.72,68.92
302,38308,54.2,49.53584333440158,0.5424041849073991,0,14,8,50,62.04,60.47,50.43,52.21,51.68,49.38,52.9,54.49
303,36293,46.9,49.981696901645584,0.4533577772906423,0,19,8,50,42.46,44.77,47.46,52.62,42.5,42.22,54.36,48.79
304,36293,56.71,50.7166418874371,0.5183998895661499,0,19,8,50,55.31,55.39,52.68,51.77,60.67,60.22,56.3,61.32
305,35487,54.63,49.28221559411201,0.5060110948125918,0,21,8,50,58.49,45.06,56.7,54.22,55.28,56.28,64.26,46.75
306,36696,50.15,50.67228616376776,0.4162105552646076,0,18,8,50,45.1,54.97,45.41,51.55,52.45,55.48,44.6,51.66
307,35890,56.69,50.26150637511597,0.5565224192088083,0,20,8,50,55.51,54.66,54.54,51.21,56.32,56.82,58.98,65.5
308,35487,61.94,51.15911181209623,0.450048933065551,0,21,8,50,56.89,52.72,66.22,64.38,66.65,68.79,62.72,57.16
309,37905,64.63,50.21559785862085,0.5188598815790322,0,15,8,50,72.0,63.31,67.59,66.59,62.13,54.06,58.03,73.35
310,34681,56.43,49.94526811783,0.4728835104326723,0,23,8,50,48.59,61.45,63.28,49.71,52.02,63.77,57.34,55.32
311,34278,48.18,49.50698584966079,0.5228185661707353,0,24,8,50,52.64,40.15,41.53,50.75,52.5,46.99,45.98,54.88
312,36696,55.34,52.286781944305865,0.5460537176751505,0,18,8,50,47.89,57.81,65.88,52.7,51.02,58.87,51.39,57.13
313,36696,48.25,51.13601479736112,0.484611039653321,0,18,8,50,46.12,41.02,49.48,54.18,42.39,55.21,49.4,48.18
314,37905,48.07,50.12249819816805,0.439793752288923,0,15,8,50,52.6,43.03,45.34,51.14,42.61,51.38,45.91,52.55
315,38711,46.94,50.169073510502656,0.5040903626604023,0,13,8,50,51.98,45.13,45.17,53.48,43.67,42.58,47.54,45.99
316,37099,48.12,50.515338868147786,0.4016863943691592,0,17,8,50,55.69,56.35,45.96,46.4,42.64,43.61,43.59,50.68
317,36696,52.5,50.32355810606909,0.4709969463681719,0,18,8,50,56.97,58.08,48.32,57.29,52.01,44.63,48.37,54.29
318,37905,71.92,50.07016486126116,0.5070712887455748,0,15,8,50,62.28,68.88,74.28,79.27,73.73,77.73,65.02,74.14
319,34681,49.52,51.32374991372368,0.5044214112581704,0,23,8,50,41.73,52.69,48.6,44.92,51.37,54.84,56.58,45.45
320,37502,58.78,50.9496742041264,0.524774556543097,0,16,8,50,53.93,51.38,54.4,63.34,65.33,55.2,59.17,67.48
321,37099,54.86,49.82854701472033,0.5207959527580929,0,17,8,50,55.14,63.66,47.95,55.76,56.95,48.57,58.0,52.81
322,35084,52.1,50.07703082496728,0.5033748946608831,0,22,8,50,52.42,52.86,52.19,49.02,55.24,55.97,50.18,48.93
323,35890,59.65,49.84572818374303,0.5357822748505103,0,20,8,50,50.98,59.39,49.6,65.19,63.97,61.52,65.36,61.19
324,37502,62.84,51.388306058481625,0.5117222856488151,0,16,8,50,59.18,67.51,67.8,59.6,60.41,59.26,69.46,59.49
325,37099,48.7,50.248427443222326,0.5071563112817487,0,17,8,50,42.26,51.81,40.83,47.01,46.61,58.7,57.03,45.35
326,35084,54.93,49.50039962594882,0.5358785183717781,0,22,8,50,60.81,63.2,55.05,47.16,51.49,55.51,55.69,50.53
327,36696,58.63,49.96987017049714,0.55158880505898,0,18,8,50,65.62,51.98,53.61,63.27,67.28,53.97,63.71,49.63
328,35890,53.55,51.44002755375805,0.5589325368637024,0,20,8,50,54.83,52.34,57.7,52.7,52.01,54.04,55.49,49.32
329,38711,60.83,51.57952209778293,0.4650600934238078,0,13,8,50,60.17,61.24,61.26,62.77,63.0,61.64,54.17,62.39
330,37502,52.9,49.66746676503395,0.5995305618119715,0,16,8,50,54.63,59.64,44.23,48.88,44.17,55.63,56.02,60.0
331,35890,54.4,50.15148665598426,0.482099451896631,0,20,8,50,49.74,61.55,55.41,60.27,55.9,58.85,45.56,47.88
332,36293,53.51,49.78105486355592,0.4568553915093483,0,19,8,50,55.72,50.57,50.45,50.38,53.71,55.8,56.84,54.6
333,36293,54.37,49.70617974044531,0.4772233327684572,0,19,8,50,60.23,54.86,48.94,58.34,53.8,51.87,51.36,55.59
334,37905,57.37,50.92523305942102,0.4634496544910721,0,15,8,50,59.69,63.27,53.75,52.65,65.09,63.65,50.03,50.81
335,37099,51.31,50.69099112860619,0.5292509047872477,0,17,8,50,60.52,50.25,46.7,45.43,60.13,52.63,48.09,46.72
336,36293,41.83,50.60251212896264,0.4839354148477287,0,19,8,50,41.82,40.24,48.5,42.56,42.6,44.16,38.98,35.78
337,39114,45.01,50.391716319608456,0.5617189069199053,0,12,8,50,44.1,45.51,48.84,39.5,47.58,45.99,42.43,46.15
338,36293,49.13,50.09976731428086,0.4725932075983785,0,19,8,50,53.93,53.81,41.11,49.21,44.8,47.07,50.24,52.89
339,36293,51.83,48.39653581408126,0.5019940771513814,0,19,8,50,58.09,51.76,59.86,55.62,48.65,44.27,47.47,48.91
340,35890,49.44,49.79282867793775,0.5084454470296207,0,20,8,50,47.96,52.87,45.36,43.58,49.79,57.38,42.41,56.16
341,35084,58.48,50.44875868016298,0.5128705116759955,0,22,8,50,62.15,65.76,58.18,52.22,55.29,54.01,65.77,54.5
342,36293,49.86,50.20800546779073,0.4715580961234127,0,19,8,50,45.57,45.23,55.62,54.16,55.97,47.59,41.44,53.3
343,35890,54.84,49.90573994651161,0.4428249392247603,0,20,8,50,51.37,56.94,54.03,64.7,52.64,53.57,54.05,51.46
344,37905,48.65,49.46103900364168,0.4890352354495036,0,15,8,50,51.47,56.49,54.81,41.34,46.24,46.19,43.65,49.02
345,38308,56.69,49.9385874435902,0.4689529833507326,0,14,8,50,53.97,60.36,61.88,59.51,52.48,56.27,55.91,53.16
346,38711,43.13,50.76156276259592,0.4982776200646948,0,13,8,50,45.34,49.04,38.84,41.76,41.35,40.39,37.92,50.41
347,37099,49.52,50.4990537896381,0.5273074355785652,0,17,8,50,51.37,58.57,43.41,55.01,46.07,44.16,46.54,51.05
348,36696,57.97,51.62310874573971,0.5853807246115721,0,18,8,50,60.49,55.06,52.78,60.53,66.28,49.72,60.51,58.38
349,39517,51.83,51.35130151905609,0.370481623714238,0,11,8,50,63.55,55.86,44.7,54.3,47.0,48.34,45.74,55.12
350,36293,55.6,50.61805310960102,0.4908435567969799,0,19,8,50,55.82,63.29,59.15,46.39,50.59,64.11,56.07,49.42
351,37099,50.49,51.68705655167681,0.5456112202112299,0,17,8,50,50.56,44.25,59.85,47.64,48.24,53.49,45.96,53.94
352,37502,52.0,50.32665699112402,0.5116466965624562,0,16,8,50,45.4,49.69,54.67,56.87,47.64,49.1,54.09,58.55
353,37502,41.99,50.56136373531146,0.5481043010943516,0,16,8,50,38.19,42.72,38.61,38.85,48.1,46.97,38.75,43.71
354,35487,64.55,50.16727979512464,0.5486965305069373,0,21,8,50,65.87,62.72,70.75,62.8,65.86,55.12,62.23,71.08
355,33875,59.56,50.44711251754538,0.4655431041403948,0,25,8,50,57.89,53.01,68.7,59.59,62.81,62.07,59.84,52.59
356,37502,50.44,51.61302395379776,0.4452999074751821,0,16,8,50,53.07,55.41,47.54,60.14,50.82,44.4,46.5,45.66
357,35890,54.02,50.56488118672445,0.4364565542499785,0,20,8,50,62.61,51.34,59.07,46.91,54.87,49.75,60.81,46.8
358,36696,49.54,49.31341104343447,0.5077040793662995,0,18,8,50,45.57,48.67,50.05,54.89,46.99,45.08,53.42,51.63
359,37502,60.94,50.260072283406046,0.4653854944957685,0,16,8,50,47.74,63.65,64.71,64.39,60.31,67.89,66.89,51.94
360,37502,59.54,49.35796565715773,0.5370009251898341,0,16,8,50,62.74,69.89,55.06,62.16,58.52,53.24,52.69,62.02
361,33875,47.86,50.73861240336941,0.475298159272677,0,25,8,50,43.37,46.75,53.74,46.23,53.04,48.17,50.11,41.47
362,39114,57.29,51.06616419412806,0.4180406850611807,0,12,8,50,65.15,57.97,63.1,47.81,54.35,56.61,54.93,58.37
363,33875,52.39,50.722262783090414,0.451388467644755,0,25,8,50,55.73,49.58,49.04,49.49,47.77,52.39,60.72,54.37
364,37099,53.21,50.09225153640301,0.5371640744279822,0,17,8,50,50.87,58.12,52.18,52.84,45.13,59.15,56.03,51.36
365,39920,45.94,49.76869688076664,0.4573905930587695,0,10,8,50,50.58,43.13,39.4,48.19,47.63,42.7,45.03,50.83
366,37905,57.36,50.41597742332349,0.4475386913430907,0,15,8,50,52.12,64.86,58.07,57.88,54.1,54.31,65.56,52.02
367,35890,51.17,51.01324967033166,0.4781246803326182,0,20,8,50,53.64,53.96,48.97,51.11,48.86,50.18,50.27,52.38
368,37099,52.95,49.8444403699667,0.5147180939521598,0,17,8,50,52.14,60.71,59.17,51.25,48.03,54.98,45.39,51.93
369,35487,49.86,51.241767461460974,0.5008630024612599,0,21,8,50,51.59,47.41,47.0,51.61,55.44,45.72,46.11,54.0
370,34278,55.84,51.35167953021834,0.5740535901906315,0,24,8,50,48.66,51.95,47.62,66.22,54.37,63.54,63.31,51.08
371,39114,50.1,50.79241383975749,0.5380467691366748,0,12,8,50,53.62,49.57,52.33,52.29,42.2,59.58,44.11,47.06
372,37502,62.06,50.808349615697786,0.4492120569895983,0,16,8,50,57.78,65.86,67.93,64.16,60.08,60.6,58.02,62.04
373,37905,47.86,50.29721181384834,0.4562290974334408,0,15,8,50,44.77,45.29,50.48,53.5,41.12,45.71,52.92,49.13
374,35890,47.82,51.22078673190798,0.450222029567585,0,20,8,50,50.43,51.06,49.17,42.16,49.34,45.44,42.23,52.76
375,37502,46.18,51.88192351262718,0.4462838087901512,0,16,8,50,47.78,50.53,40.96,47.53,50.44,41.75,48.53,41.92
376,38711,61.44,50.43793566300297,0.5285267702780958,0,13,8,50,54.57,64.18,66.34,64.78,57.22,58.43,71.12,54.86
377,37099,56.68,50.92983629507114,0.5099410286170373,0,17,8,50,60.79,50.67,56.49,58.77,50.21,56.59,61.42,58.47
378,37905,56.14,50.14336235853001,0.5452383689463738,0,15,8,50,62.61,50.25,55.26,51.85,61.66,56.44,48.63,62.44
379,38711,46.2,50.47348762480548,0.5659336832897598,0,13,8,50,47.05,41.81,45.29,43.36,54.51,47.34,45.98,44.27
380,36696,48.75,49.56039949786775,0.5028012801199409,0,18,8,50,56.22,43.99,49.33,47.89,41.85,47.39,53.74,49.6
381,37099,46.21,49.15741837878526,0.5715681444539424,0,17,8,50,44.86,42.53,45.54,45.4,44.77,49.87,46.35,50.33
382,36696,54.7,49.75402385126255,0.4845503900439058,0,18,8,50,59.3,46.61,49.94,60.84,47.35,59.16,50.89,63.51
383,37099,48.96,49.66770800017181,0.5149312092702064,0,17,8,50,47.11,43.07,43.5,46.23,56.77,55.03,46.55,53.41
384,37099,50.41,51.11253999593191,0.4142501394918363,0,17,8,50,57.05,50.1,56.64,50.29,42.16,48.35,46.53,52.16
385,36293,56.38,51.17736423828952,0.483041066438919,0,19,8,50,61.86,61.58,49.25,57.61,47.64,57.87,62.55,52.65
386,33875,57.03,49.34196892984897,0.4168051953247348,0,25,8,50,59.38,52.42,60.64,59.22,54.7,61.33,53.19,55.36
387,36293,51.33,50.71062206988783,0.5308243293299082,0,19,8,50,50.19,49.68,58.53,54.34,44.67,53.54,52.83,46.84
388,38308,52.32,50.04730885368518,0.5174367416286485,0,14,8,50,46.13,54.74,53.47,47.4,50.56,56.94,49.86,59.47
389,39114,46.3,52.19955286219325,0.4365457195588348,0,12,8,50,49.45,39.58,50.37,50.77,47.26,44.54,45.49,42.96
390,35487,63.72,50.36376633035543,0.4276756771173321,0,21,8,50,60.3,59.83,67.62,67.95,60.32,53.76,71.29,68.66
391,34278,47.36,50.11577902227933,0.4758348503463726,0,24,8,50,48.77,46.43,40.72,46.98,50.25,48.56,45.88,51.3
392,37502,54.53,50.07324504172637,0.5434503321047355,0,16,8,50,59.25,51.14,55.5,60.82,49.86,62.86,47.64,49.18
393,36696,46.62,50.44794703244207,0.4851759532874145,0,18,8,50,55.68,40.91,41.77,48.99,48.33,46.44,47.7,43.18
394,38711,58.19,50.081675002981015,0.514328163993379,0,13,8,50,58.14,60.05,55.35,53.23,64.02,55.03,66.24,53.49
395,33875,44.97,50.99290556880254,0.473794427819623,0,25,8,50,48.73,49.39,44.21,48.08,42.5,43.78,42.18,40.86
396,33875,46.87,50.962831867522176,0.4885108430440285,0,25,8,50,46.95,49.74,42.72,53.5,46.49,47.22,42.53,45.84
397,35890,54.93,51.45249759105069,0.5235158866477512,0,20,8,50,53.35,50.76,56.84,49.97,49.72,61.63,60.19,57.02
398,35890,46.88,50.90685699740493,0.4968008277061742,0,20,8,50,42.09,49.09,37.73,53.95,52.33,47.8,53.06,38.95
399,35487,52.12,50.18610924491405,0.4372917445659847,0,21,8,50,49.9,51.97,58.62,48.99,51.93,46.4,54.11,55.03
400,36696,55.68,49.5758491728816,0.4674724238461645,0,18,8,50,54.95,56.21,49.33,61.76,58.3,56.2,50.35,58.35
401,39517,59.01,49.03803525132091,0.5457325344118906,0,11,8,50,52.38,53.2,60.08,67.45,59.59,61.49,65.09,52.78
402,38711,56.13,51.37658283244437,0.4916242436500604,0,13,8,50,50.98,59.72,55.77,64.14,51.53,50.47,63.39,53.01
403,35487,60.69,51.20017118208848,0.4597186906886202,0,21,8,50,60.6,70.44,62.78,66.34,58.57,59.96,49.18,57.63
404,35890,56.27,49.04356985294411,0.3980884967190866,0,20,8,50,47.54,56.39,62.78,58.9,48.7,56.38,62.5,57.0
405,37502,43.35,50.9113933445755,0.4653148207812855,0,16,8,50,50.86,40.97,41.26,41.94,38.49,40.71,45.08,47.49
406,35890,56.84,49.90986175497535,0.5413392920371013,0,20,8,50,57.53,62.33,57.87,49.9,53.13,66.09,47.77,60.07
407,36696,54.0,50.05587968104573,0.4871558599163515,0,18,8,50,47.66,57.16,52.53,62.04,45.73,58.43,47.06,61.37
408,35084,44.12,50.770974091516784,0.5128416670247273,0,22,8,50,44.9,45.23,35.19,42.41,48.43,47.82,40.64,48.37
409,37502,50.6,50.89381352711453,0.4891729500712874,0,16,8,50,50.61,49.38,51.63,55.13,42.88,50.08,60.63,44.46
410,41532,55.32,50.55119146965019,0.54409736708616,0,6,8,50,55.0,48.8,51.81,62.76,53.77,53.56,54.13,62.7
411,38308,41.34,50.02837995881263,0.4509771636062345,0,14,8,50,40.62,37.89,45.51,39.12,46.8,46.43,35.96,38.41
412,40323,55.49,52.445317068460014,0.499030917867748,0,9,8,50,59.74,51.3,58.3,50.2,56.06,60.06,53.65,54.62
413,38308,53.17,49.7276857329412,0.4701774966281235,0,14,8,50,50.43,49.19,56.62,51.12,51.29,56.75,51.07,58.92
414,39114,57.34,52.65843787141367,0.4255673043764122,0,12,8,50,62.72,54.15,60.36,58.46,47.63,58.38,60.73,56.26
415,36293,48.22,49.95527659864947,0.4357838278381957,0,19,8,50,50.55,45.6,42.92,47.81,47.0,46.23,54.21,51.48
416,37905,54.03,50.36903891651285,0.429437587578608,0,15,8,50,51.73,59.81,49.59,57.74,53.24,52.9,57.36,49.86
417,35890,50.58,49.94305384158583,0.4415884438781206,0,20,8,50,55.65,52.97,45.66,45.49,55.81,42.56,51.35,55.15
418,37099,63.85,51.489409751375184,0.4644151283205244,0,17,8,50,61.94,66.71,70.45,58.26,56.15,60.49,70.26,66.54
419,36696,46.27,50.731124543093244,0.5366995859086929,0,18,8,50,50.05,38.96,49.4,48.95,41.53,47.98,47.65,45.63
420,37099,51.8,52.305809824305726,0.5445422308375764,0,17,8,50,53.89,47.18,56.44,49.28,49.52,60.71,48.96,48.43
421,38711,54.83,52.13819641107097,0.5553418220229129,0,13,8,50,62.91,51.41,62.15,54.26,48.59,50.1,57.81,51.42
422,36293,50.11,49.838213691426574,0.5136584998499518,0,19,8,50,47.25,48.64,50.15,47.96,50.14,59.23,48.44,49.06
423,35084,60.17,50.11943773507991,0.5287175670903115,0,22,8,50,59.32,64.36,58.2,54.92,59.13,52.32,66.76,66.37
424,38308,47.45,51.07185139578005,0.4439766707257034,0,14,8,50,48.41,48.82,48.5,44.44,41.09,51.67,42.5,54.14
425,37502,57.88,49.82471180945205,0.3943835496255144,0,16,8,50,54.86,63.65,65.37,64.03,47.94,53.98,56.97,56.23
426,42778,56.56,51.03376130010498,0.4286469397791747,1,9,8,50,53.54,52.83,51.57,58.05,63.19,60.88,62.97,49.46
427,33875,47.41,50.6218175683401,0.5177301277827716,0,25,8,50,50.9,44.93,49.17,50.9,48.97,39.69,41.28,53.47
428,37502,52.22,51.46628123773424,0.4452159674982817,0,16,8,50,56.13,54.65,56.42,56.26,46.61,49.96,50.8,46.96
429,36293,51.76,50.615929821090816,0.448183975504039,0,19,8,50,54.53,53.09,49.91,44.8,46.63,53.96,56.5,54.7
430,35084,56.83,51.183735145102446,0.4880697113179447,0,22,8,50,50.09,48.66,58.49,64.69,61.96,55.02,59.51,56.26
431,38711,51.94,51.00200684404632,0.4870613162800214,0,13,8,50,47.26,59.61,54.87,49.15,43.13,58.47,58.38,44.65
432,37502,50.46,50.70239536713986,0.4997221311832033,0,16,8,50,46.04,54.07,43.95,58.29,50.4,51.18,53.04,46.75
433,35890,61.7,50.617296188536855,0.4622103919950969,0,20,8,50,60.75,70.87,54.07,64.34,67.46,65.74,56.38,54.03
434,39114,49.93,50.53947115271968,0.4498671045235198,0,12,8,50,42.69,46.01,54.39,53.12,52.45,51.99,46.02,52.76
435,37099,42.72,50.540466111154366,0.3981823308740226,0,17,8,50,38.26,47.14,48.74,43.51,42.33,39.45,44.63,37.69
436,36293,50.72,49.31635332631453,0.457749600732606,0,19,8,50,44.11,53.75,54.08,49.84,57.48,44.01,44.17,58.36
437,38308,53.3,51.557337560961024,0.6052066047350272,0,14,8,50,54.43,56.05,50.39,55.75,49.59,55.24,49.46,55.45
438,37905,45.08,49.6906351782652,0.4550465619090927,0,15,8,50,44.18,43.8,42.8,48.13,47.42,41.27,53.14,39.93
439,41129,50.0,51.7709391057957,0.4704900734178283,0,7,8,50,48.99,56.02,55.09,47.46,50.73,50.53,40.24,50.94
440,38308,47.23,51.85696098886439,0.5525632083616748,0,14,8,50,44.16,44.9,45.26,55.19,44.07,54.67,46.51,43.07
441,38711,51.12,49.806299520455234,0.5158924871750222,0,13,8,50,58.14,44.55,49.13,47.21,52.21,54.21,48.12,55.39
442,39114,52.12,50.054636979311546,0.6156235111000087,0,12,8,50,53.29,43.59,56.97,46.76,57.22,57.74,44.58,56.83
443,38308,51.59,49.55130586333926,0.483402784891988,0,14,8,50,46.76,56.55,54.71,48.35,56.01,48.26,49.24,52.86
444,33875,57.91,49.73230704037169,0.4558058474711619,0,25,8,50,60.85,53.4,55.86,53.68,62.23,61.77,62.53,52.98
445,36293,51.75,50.55680387124809,0.3978345658689138,0,19,8,50,52.49,52.08,53.64,47.53,54.52,53.18,48.74,51.84
446,36696,49.05,50.48012852925467,0.4465801274882167,0,18,8,50,51.35,49.35,49.59,48.33,50.17,46.81,48.33,48.44
447,38711,53.26,51.06330969177435,0.4233853476524976,0,13,8,50,51.71,46.22,47.43,66.33,49.99,53.36,57.31,53.7
448,36696,57.75,51.87418867500973,0.4172395641286171,0,18,8,50,57.35,50.14,65.36,51.35,59.01,65.32,57.16,56.32
449,39114,58.92,50.53999427999732,0.556276764718689,0,12,8,50,59.83,62.34,62.03,54.04,56.24,64.82,57.97,54.07
450,37099,56.54,50.769785968561095,0.4723595367704502,0,17,8,50,50.39,57.86,52.8,58.22,62.54,59.12,56.15,55.24
451,36696,53.42,51.067867935107785,0.4991060420363377,0,18,8,50,59.12,53.38,56.9,50.57,52.47,59.19,49.94,45.8
452,36696,50.83,50.36707430717694,0.5247852796417496,0,18,8,50,42.81,54.7,42.42,56.78,53.76,54.21,49.38,52.6
453,35487,53.9,49.44238547427393,0.5180200796453386,0,21,8,50,50.87,52.24,54.41,47.44,60.52,47.37,55.52,62.82
454,35890,49.59,50.15891521705221,0.5073522941903297,0,20,8,50,50.98,50.86,45.13,46.96,57.97,50.0,48.63,46.21
455,36293,61.32,51.13309120311162,0.4847395799364615,0,19,8,50,54.43,63.39,53.89,69.31,58.49,60.64,57.21,73.17
456,37502,51.09,49.73030998616114,0.5054172654650754,0,16,8,50,48.09,50.92,49.19,57.1,56.5,43.6,46.81,56.54
457,38308,54.73,50.89060505761153,0.4856534543431243,0,14,8,50,56.55,52.49,63.98,56.8,49.25,48.03,54.02,56.71
458,35890,55.48,50.89661045177784,0.4713885614171001,0,20,8,50,51.4,64.08,47.71,58.95,57.51,51.74,54.85,57.58
459,37099,49.84,51.29826961453546,0.5219393409720892,0,17,8,50,43.34,55.76,53.0,45.05,57.67,45.21,54.1,44.55
460,40323,59.71,50.99677919753168,0.4688453644807436,0,9,8,50,63.94,53.15,59.59,63.63,50.25,60.5,58.04,68.6
461,33875,47.22,49.67042919903437,0.5073257802820006,0,25,8,50,52.33,46.63,47.56,57.64,42.55,44.08,42.66,44.34
462,36696,57.67,50.6620444953281,0.5280346141157694,0,18,8,50,52.53,56.46,59.96,47.82,57.9,59.32,63.14,64.23
463,33875,43.39,50.59351050154466,0.4359788420052441,0,25,8,50,41.45,39.43,42.43,45.87,44.4,45.2,43.53,44.81
464,37905,56.23,49.17764444726558,0.5001927698488466,0,15,8,50,53.66,56.69,60.36,50.39,61.15,55.73,50.0,61.86
465,34278,55.96,50.60905871592883,0.5758291656876149,0,24,8,50,54.56,49.22,60.04,48.24,52.08,59.83,62.49,61.23
466,35890,56.17,50.26166164647511,0.4937514139490236,0,20,8,50,58.22,49.73,57.74,60.26,54.72,54.87,54.65,59.16
467,38711,53.96,50.04729748423864,0.4655612312897264,0,13,8,50,57.14,45.45,47.16,57.94,57.7,50.02,60.0,56.31
468,37099,58.43,50.90569835735483,0.5312087169934274,0,17,8,50,51.04,68.85,55.82,55.24,59.69,57.34,66.61,52.85
469,37905,52.98,51.197709343632624,0.4978759642806219,0,15,8,50,47.37,56.94,53.45,55.0,50.04,54.06,51.77,55.19
470,36293,56.75,51.8463590731978,0.5260489949185311,0,19,8,50,60.39,60.59,55.84,58.79,53.53,48.97,52.45,63.41
471,38711,48.8,51.25690837907492,0.4333868218101471,0,13,8,50,44.28,45.35,46.52,58.63,47.4,52.54,49.95,45.69
472,43433,50.5,50.39705465278708,0.4538896689755431,2,9,8,50,51.1,53.24,51.33,51.71,51.66,47.98,46.29,50.65
473,38711,51.05,50.43352037833283,0.5186411819150165,0,13,8,50,45.68,52.57,55.89,50.17,49.15,53.82,49.05,52.1
474,36696,53.68,50.96865645824962,0.4582289978844733,0,18,8,50,48.63,53.62,54.06,50.4,51.27,52.64,60.72,58.13
475,38711,45.5,51.71009405334642,0.4356991486321873,0,13,8,50,51.36,42.56,43.14,43.92,44.45,52.86,43.45,42.27
476,36293,46.17,50.29277409100944,0.4527103793398711,0,19,8,50,47.4,47.2,40.45,51.45,46.3,46.52,48.17,41.86
477,37502,52.51,50.0220236550573,0.4455339195061887,0,16,8,50,60.0,50.05,52.24,46.27,53.22,53.42,46.49,58.4
478,36696,51.63,50.09622410780258,0.3896537971446606,0,18,8,50,54.46,59.66,56.32,50.7,46.02,50.32,47.25,48.32
479,40726,55.24,50.65019304988452,0.5154976418166894,0,8,8,50,54.4,50.74,53.17,53.69,62.96,59.86,48.13,59.0
480,35084,63.02,49.58673031586738,0.4813607649446504,0,22,8,50,58.44,54.43,67.31,71.2,68.78,62.6,63.6,57.82
481,37502,39.39,50.18756978872543,0.5071996913469334,0,16,8,50,43.87,36.51,45.17,40.21,42.5,33.78,35.57,37.52
482,37502,57.82,50.059260208819566,0.4869018445955813,0,16,8,50,55.13,63.21,64.95,62.61,61.05,46.86,57.79,50.98
483,36293,49.16,49.56899753563556,0.5474240085780889,0,19,8,50,52.2,50.62,47.11,56.99,44.76,45.79,42.4,53.43
484,37099,46.84,50.83602400985279,0.4575363470761594,0,17,8,50,45.29,43.5,41.35,51.17,45.58,46.49,50.04,51.3
485,37905,54.64,49.84464533045728,0.4821746524765668,0,15,8,50,52.65,46.84,49.6,58.9,56.89,54.66,54.67,62.91
486,37099,56.0,51.26469771738795,0.4627122255196207,0,17,8,50,59.89,52.86,57.96,52.32,50.05,61.93,57.24,55.78
487,37099,55.18,49.80940106362623,0.4499910289447452,0,17,8,50,54.71,55.08,54.02,60.04,55.24,55.86,55.11,51.39
488,37502,47.11,51.75501715286968,0.5012735524374362,0,16,8,50,40.27,45.73,50.32,46.52,52.47,51.85,41.87,47.84
489,37905,54.95,50.380687258084045,0.367776561484197,0,15,8,50,62.03,56.1,48.28,51.34,55.78,60.18,56.89,49.02
490,35084,57.83,51.57124349121628,0.4183316777127985,0,22,8,50,52.11,59.85,54.66,55.84,58.24,65.23,51.68,65.06
491,39114,53.82,51.35194539542983,0.4748885211398235,0,12,8,50,59.08,50.73,47.11,54.81,54.77,55.25,55.86,52.93
492,35084,51.94,51.78308846017492,0.4697370739246614,0,22,8,50,50.53,51.82,54.04,54.52,53.58,44.36,57.57,49.11
493,36293,51.84,50.95706870815321,0.4434840209697082,0,19,8,50,51.27,56.35,57.18,46.5,46.61,57.79,43.97,55.08
494,37502,45.96,49.93050354906253,0.5034467399860436,0,16,8,50,50.28,45.58,46.65,46.47,39.36,46.68,49.68,42.95
495,38711,56.0,50.411713253139865,0.3858582402772028,0,13,8,50,62.36,55.75,54.93,54.94,52.56,55.73,53.25,58.51
496,36293,41.25,50.38830871594099,0.4607234877351176,0,19,8,50,39.21,33.91,43.29,46.58,43.38,43.42,40.08,40.13
497,37502,56.26,50.461434192923306,0.4607194444073,0,16,8,50,57.35,50.78,64.08,46.93,63.17,62.46,51.88,53.44
498,36696,63.32,51.36855572459178,0.4770811618400125,0,18,8,50,67.23,54.88,61.42,65.26,65.76,68.96,54.82,68.26
499,37099,51.27,50.1837836147456,0.4964739240498361,0,17,8,50,51.92,49.84,51.95,55.68,44.08,53.36,47.58,55.76
500,37905,55.26,50.14100048012475,0.4713874392687637,0,15,8,50,60.0,51.97,53.17,53.73,52.99,56.95,60.35,52.9
501,36696,50.55,50.466855535966005,0.4557578311865923,0,18,8,50,53.28,55.45,58.05,48.37,51.62,46.38,46.97,44.29
502,37905,54.99,50.017892730332086,0.558743328773709,0,15,8,50,60.93,50.86,50.45,57.95,49.66,62.05,56.36,51.62
503,36293,59.97,51.038599753527855,0.4360696330340914,0,19,8,50,56.53,56.42,68.0,51.91,67.17,61.61,61.65,56.5
504,36696,52.2,50.22364678737873,0.391636859324403,0,18,8,50,50.49,54.09,51.15,45.1,50.97,60.48,51.86,53.48
505,40323,60.83,51.15875229302286,0.5069029001179375,0,9,8,50,63.62,61.84,53.49,58.84,58.4,65.25,65.59,59.62
506,39920,52.11,51.36721183260977,0.3821543364780464,0,10,8,50,58.85,47.98,51.4,47.77,46.91,56.01,53.17,54.79
507,36696,43.73,50.8140026540503,0.4064556904071177,0,18,8,50,43.12,48.72,40.03,42.12,47.72,37.18,46.04,44.88
508,37502,53.01,51.12399918363278,0.4601633722749481,0,16,8,50,53.65,51.93,52.72,50.51,55.24,48.2,57.41,54.44
509,39517,50.09,50.98883542397398,0.4639871355576899,0,11,8,50,48.39,50.0,52.1,49.82,57.77,46.27,50.9,45.45
510,35487,55.48,49.63666608002763,0.4747852684209281,0,21,8,50,43.34,52.92,57.46,62.19,58.95,60.39,47.27,61.36
511,45545,47.55,51.06119786884448,0.3857833491899872,2,5,8,50,49.96,56.17,40.21,38.91,57.79,42.27,50.89,44.2
512,35487,53.78,52.14678642101986,0.4080282700621829,0,21,8,50,50.26,62.91,56.19,57.84,47.08,54.3,55.93,45.72
513,35084,59.82,52.50338740784012,0.4470348685048333,0,22,8,50,61.98,58.27,49.69,65.34,65.82,57.33,60.11,59.99
514,37905,39.58,50.0956924514429,0.4880477500540961,0,15,8,50,38.68,35.25,36.39,39.3,40.7,43.36,38.24,44.69
515,36696,59.7,50.68839845732246,0.4995540006272546,0,18,8,50,60.09,64.56,50.72,65.81,67.32,55.67,57.66,55.73
516,38308,61.3,51.39342956735986,0.4481787667730506,0,14,8,50,60.48,64.47,56.75,67.15,56.97,65.49,59.82,59.31
517,37502,44.43,51.03696874819162,0.4698944785760806,0,16,8,50,41.79,41.64,49.21,45.27,42.73,41.13,46.84,46.83
518,37502,53.93,51.06196539523997,0.5256437727035365,0,16,8,50,48.47,51.85,56.35,51.49,61.18,49.39,53.57,59.13
519,38308,53.64,51.01114346280614,0.4718769304324204,0,14,8,50,45.94,58.13,50.62,59.76,55.38,54.35,51.51,53.46
520,37099,57.64,50.9681322482901,0.37113238048765,0,17,8,50,55.32,67.11,53.73,50.81,68.0,59.22,51.68,55.26
521,39114,46.24,50.45947711040109,0.4561653798500585,0,12,8,50,39.94,44.67,44.55,50.46,53.31,42.43,48.88,45.64
522,35487,59.81,50.494081044144615,0.3577698122429205,0,21,8,50,59.92,63.0,61.8,61.17,61.71,64.09,55.03,51.79
523,37502,56.95,50.985913152051815,0.3910049893079951,0,16,8,50,53.29,57.11,57.3,52.44,59.19,60.42,59.47,56.35
524,37099,61.48,50.36247355660176,0.4482709587269307,0,17,8,50,62.97,53.58,66.79,63.95,69.72,56.63,54.87,63.37
525,43030,50.19,52.055376480128494,0.4598980472406712,2,10,8,50,56.8,46.37,53.18,52.13,49.51,49.75,47.35,46.4
526,39517,53.63,50.69526521059312,0.4924365421818697,0,11,8,50,55.41,53.72,61.33,52.69,49.57,54.4,57.56,44.33
527,38711,43.97,50.29847059414954,0.5003425526151821,0,13,8,50,46.2,40.16,49.15,49.59,46.98,41.41,39.02,39.22
528,35890,52.83,51.19687274602024,0.4828291556995849,0,20,8,50,60.07,44.5,59.7,49.39,59.36,41.01,56.68,51.97
529,38711,57.55,51.46506289539246,0.4442083703330142,0,13,8,50,67.14,57.93,52.68,59.39,57.18,60.6,51.18,54.29
530,35084,57.08,51.61793356401955,0.4876878305621181,0,22,8,50,47.47,61.79,49.45,59.96,63.53,63.49,50.48,60.47
531,37905,60.28,50.548697258542,0.4336996903369576,0,15,8,50,58.61,65.3,64.98,54.29,58.21,62.7,57.22,60.9
532,37502,48.48,50.362337478903726,0.5381238080607927,0,16,8,50,51.12,47.46,54.12,40.32,45.68,49.98,49.59,49.58
533,39114,58.76,50.17454888755008,0.5552594911547013,0,12,8,50,58.14,51.74,63.49,55.83,59.94,52.09,65.12,63.77
534,35487,53.77,51.36171059272223,0.4554161856269326,0,21,8,50,59.39,53.18,57.14,48.48,62.3,52.87,48.91,47.89
535,34681,49.28,50.69478224378771,0.4602455595994003,0,23,8,50,53.79,52.51,41.92,42.37,56.89,55.58,44.77,46.37
536,38308,52.34,51.51826670243949,0.5080577426548671,0,14,8,50,50.06,56.19,55.53,48.23,52.47,57.0,42.7,56.56
537,38308,50.9,49.80543907576265,0.5095604022267656,0,14,8,50,60.73,46.07,47.09,47.66,53.5,49.07,53.4,49.68
538,37099,52.62,50.17281691046153,0.3324650583561669,0,17,8,50,49.44,58.0,64.26,51.9,51.5,48.76,47.23,49.83
539,38711,52.95,50.083569037718334,0.4181630493610573,0,13,8,50,60.97,53.69,44.67,45.74,58.29,50.02,49.89,60.33
540,35890,52.52,50.14020885351072,0.5098486943960797,0,20,8,50,60.29,49.65,50.4,51.26,56.23,47.78,55.56,48.99
541,35890,57.4,51.21246742554152,0.4421576757297273,0,20,8,50,49.45,63.21,62.22,59.9,54.72,51.38,56.89,61.41
542,36293,61.91,50.2022386121248,0.4899638796480425,0,19,8,50,64.87,68.16,57.11,53.3,52.25,68.66,64.92,65.98
543,38308,54.31,49.68709004587674,0.5145282101883474,0,14,8,50,54.74,55.3,58.77,44.31,56.54,59.78,55.46,49.58
544,39920,47.11,50.47421986355657,0.4912254810218148,0,10,8,50,43.51,49.62,44.55,42.94,45.18,51.2,41.01,58.87
545,37099,52.93,50.49011101394434,0.4559507934301149,0,17,8,50,48.54,50.77,61.22,53.82,49.83,50.27,50.99,58.01
546,37502,51.47,50.85217298578426,0.4184055932409744,0,16,8,50,47.4,49.04,50.28,47.81,60.9,53.66,48.4,54.25
547,39114,53.9,50.41835965426359,0.3884928546107153,0,12,8,50,48.73,52.31,56.3,47.31,60.47,51.25,58.92,55.88
548,33875,47.81,50.73773766274388,0.4346543737506649,0,25,8,50,42.65,48.05,49.11,45.76,48.42,50.35,51.4,46.73
549,37905,54.77,51.1998143971532,0.3959113322522118,0,15,8,50,54.86,55.08,55.7,54.67,56.08,59.2,48.8,53.8
550,38711,61.4,50.854801734550186,0.4719223482637066,0,13,8,50,67.09,66.39,61.62,66.55,54.04,57.13,62.34,56.06
551,37502,50.29,50.84776310538621,0.5204063501416709,0,16,8,50,51.21,56.1,46.07,56.18,50.22,48.53,43.25,50.79
552,39920,48.17,49.73743089338764,0.4935669144816141,0,10,8,50,52.18,41.8,47.0,44.0,40.56,54.39,52.72,52.74
553,38308,49.06,51.916834078500926,0.4869914906132696,0,14,8,50,49.49,44.91,50.15,47.42,50.46,50.63,49.44,49.94
554,39920,54.09,51.126965531941295,0.4205459176169093,0,10,8,50,56.93,54.32,55.79,50.5,54.26,59.23,49.27,52.41
555,35084,56.55,49.94466313128021,0.4771497776431267,0,22,8,50,59.36,55.44,68.77,50.32,57.42,51.6,49.67,59.81
556,39920,55.53,50.76490350299237,0.4603603537484438,0,10,8,50,56.05,50.97,54.34,63.5,56.38,50.72,59.86,52.38
557,35487,56.09,50.42922884595656,0.4858158615165351,0,21,8,50,65.3,54.67,54.8,56.66,58.93,55.43,52.54,50.42
558,36696,51.4,50.60219995992788,0.3268541332121389,0,18,8,50,59.48,50.4,59.41,49.97,44.68,44.31,57.75,45.22
559,37905,58.42,51.11320512760735,0.3457501211015941,0,15,8,50,64.6,53.97,61.46,63.39,60.47,56.92,55.44,51.14
560,38711,42.9,51.45815353691483,0.3976118077537179,0,13,8,50,41.63,38.88,43.0,47.17,46.73,35.42,45.4,44.98
561,37502,50.79,49.84955431581326,0.4468349797662886,0,16,8,50,50.1,50.38,46.65,48.5,60.32,51.88,55.56,42.9
562,38711,45.86,50.331037378332766,0.4136296606480721,0,13,8,50,49.86,43.97,42.18,50.97,45.41,50.92,42.24,41.31
563,38308,54.38,49.97381246430637,0.4618783636869954,0,14,8,50,61.73,51.87,44.9,57.24,61.93,46.41,57.24,53.74
564,38308,46.9,51.31808493080917,0.4819494612525224,0,14,8,50,51.51,52.77,45.34,46.92,45.12,42.51,47.74,43.31
565,39920,56.94,50.50100486243358,0.4709624478433381,0,10,8,50,57.25,50.42,52.05,63.26,52.03,59.28,56.04,65.18
566,34681,44.65,49.48099992833275,0.5533045515544049,0,23,8,50,51.96,41.57,49.93,40.29,45.49,44.33,40.64,42.96
567,35487,50.44,49.09310286731813,0.4080262368726563,0,21,8,50,50.89,52.89,53.99,46.95,56.38,44.27,52.64,45.5
568,36696,46.37,51.48236866989826,0.4419086372662216,0,18,8,50,42.78,43.15,42.73,51.87,46.28,41.1,51.87,51.15
569,35487,49.64,50.91747041225084,0.3990243953686953,0,21,8,50,51.1,45.89,43.69,55.42,56.86,52.89,47.83,43.41
570,40323,42.99,51.04423927810608,0.4312893722164723,0,9,8,50,33.79,35.32,44.81,43.48,47.64,45.45,48.33,45.13
571,36293,47.45,49.78501109469064,0.3832292110130359,0,19,8,50,43.6,42.75,57.49,50.49,40.94,50.4,50.11,43.81
572,40323,58.3,51.64474689616537,0.4138068959719082,0,9,8,50,59.87,65.64,64.15,62.85,52.8,56.57,53.22,51.28
573,35487,55.4,50.60527338017346,0.4282634301800551,0,21,8,50,48.42,63.25,56.44,47.76,59.92,55.02,64.37,48.0
574,38308,55.19,51.103387661711125,0.3914343735669727,0,14,8,50,57.11,56.26,49.66,58.98,58.78,56.16,48.23,56.33
575,40323,52.46,50.078513871735154,0.4730713704942664,0,9,8,50,44.98,46.5,49.75,56.55,57.17,54.99,51.58,58.13
576,36293,45.07,51.505982529142585,0.4858496807241783,0,19,8,50,41.34,53.23,41.17,43.7,51.33,45.35,43.43,40.98
577,34681,56.86,51.57514728710427,0.4111771232793432,0,23,8,50,61.51,51.77,59.84,61.24,61.18,55.03,48.68,55.61
578,36293,55.53,49.94376064713277,0.4214952093309069,0,19,8,50,61.15,48.94,59.52,58.53,56.73,55.35,52.53,51.52
579,35084,53.52,51.67248420907921,0.4529195097970719,0,22,8,50,47.44,54.03,56.19,60.54,49.19,53.44,60.7,46.66
580,35084,53.25,51.59090134940766,0.4470913791082969,0,22,8,50,58.52,51.69,57.12,51.54,46.82,54.25,53.46,52.6
581,39920,52.98,49.85812482540394,0.3642903274497712,0,10,8,50,57.94,59.11,53.15,61.62,48.3,47.42,48.6,47.68
582,37905,43.05,51.0819789173749,0.4664214011518134,0,15,8,50,48.1,45.58,40.69,43.39,38.46,47.88,37.2,43.1
583,38711,48.07,50.98773033831577,0.4999273019998964,0,13,8,50,52.27,47.76,46.05,51.23,47.84,47.31,43.08,49.01
584,38308,54.47,49.87343185118126,0.49491444243758,0,14,8,50,50.53,62.12,46.55,52.1,60.29,61.65,53.46,49.03
585,39114,62.7,51.158698834341486,0.4775044365512882,0,12,8,50,60.9,53.19,62.29,69.76,55.3,68.98,65.18,66.01
586,37099,46.72,49.91196493363932,0.3839835972861773,0,17,8,50,46.93,39.12,54.33,51.38,46.18,47.04,41.88,46.93
587,39114,46.34,51.10340773687246,0.3713567718245665,0,12,8,50,45.61,52.72,45.4,41.28,40.62,42.93,53.09,49.06
588,37502,63.61,49.2303546637513,0.4646785818097123,0,16,8,50,72.02,63.36,59.81,73.48,54.74,55.32,70.14,60.03
589,38711,57.29,49.756150170393,0.4478649472749273,0,13,8,50,61.47,53.56,56.05,49.01,54.88,53.73,67.07,62.54
590,39114,53.93,50.28056798182078,0.5005191410777869,0,12,8,50,48.0,55.72,48.04,64.06,49.11,55.41,54.27,56.86
591,39517,50.3,50.12091155362241,0.4444784244265678,0,11,8,50,49.95,45.3,51.43,53.77,55.88,54.33,50.4,41.33
592,36696,57.76,51.71849797969704,0.4962047113204272,0,18,8,50,59.22,59.88,51.37,64.1,50.14,58.57,58.46,60.36
593,36696,45.19,50.80392557574319,0.4898026722031977,0,18,8,50,56.12,40.35,43.17,43.16,48.05,42.75,41.47,46.45
594,38711,52.03,49.61854667569755,0.4102763027247061,0,13,8,50,56.27,54.56,55.12,60.72,49.86,47.05,45.52,47.17
595,35890,61.34,51.148748626202455,0.3861079710943218,0,20,8,50,54.24,66.54,59.43,58.38,66.17,56.38,70.89,58.68
596,35084,56.34,50.43322629375868,0.4633997539102376,0,22,8,50,59.92,60.63,56.69,54.01,55.49,62.07,51.87,50.06
597,36696,42.52,51.271034847812295,0.3909504659188888,0,18,8,50,42.58,46.54,41.64,42.11,41.06,50.84,38.02,37.37
598,39114,55.1,51.040002981764495,0.4666054996499787,0,12,8,50,57.92,61.31,51.72,46.62,52.8,50.97,59.66,59.83
599,37502,49.93,51.60623253816856,0.4354362524755047,0,16,8,50,57.92,37.98,53.03,44.28,47.21,54.89,51.99,52.15
600,38308,47.36,51.89537675228152,0.4033474958622569,0,14,8,50,50.85,49.06,51.43,40.32,53.23,40.97,47.0,45.98
601,36293,55.8,51.668253061531104,0.5218235413684935,0,19,8,50,63.98,55.95,58.08,51.66,48.6,63.34,56.53,48.23
602,44491,46.61,51.02552571887151,0.4452401571530182,3,8,8,50,51.55,40.92,40.14,49.61,46.87,54.03,38.98,50.8
603,40323,48.95,51.62684886981933,0.4225663795062656,0,9,8,50,47.6,54.09,42.28,45.5,54.59,47.74,43.45,56.37
604,38308,54.83,51.49077870599898,0.4465293376841587,0,14,8,50,56.31,57.68,43.92,58.73,54.21,59.7,51.92,56.16
605,38711,47.86,49.27534079366328,0.4522548879097702,0,13,8,50,50.18,43.99,48.36,49.77,39.63,50.66,49.36,50.93
606,36293,52.9,50.59515990122871,0.5125801153616032,0,19,8,50,49.75,51.76,52.63,60.58,50.32,48.88,50.34,58.9
607,36696,50.47,51.427725988126994,0.4152589065330884,0,18,8,50,52.5,52.02,51.03,52.06,46.79,43.36,55.23,50.75
608,35084,52.99,50.46534057891694,0.4842521160643845,0,22,8,50,60.29,48.65,54.8,56.18,54.36,46.26,55.85,47.49
609,37099,56.93,51.06123668212694,0.363072131883742,0,17,8,50,53.61,59.08,56.28,49.85,57.29,51.97,64.81,62.55
610,36696,50.18,51.85837122939761,0.4554455256949918,0,18,8,50,51.71,51.89,52.62,53.07,54.45,46.07,43.5,48.14
611,39920,59.38,52.02745644983708,0.5928758223600998,0,10,8,50,56.71,63.37,63.94,57.45,62.84,56.09,49.19,65.46
612,39114,53.35,50.856636548521614,0.4554367813556376,0,12,8,50,46.03,54.91,53.86,51.57,56.58,57.62,58.64,47.6
613,38308,41.33,51.11033244929315,0.3989798914489231,0,14,8,50,43.94,40.68,39.77,34.28,42.47,40.47,45.86,43.14
614,38308,64.49,52.119460534621695,0.4485391677198185,0,14,8,50,68.35,62.3,66.66,59.2,63.89,62.27,68.62,64.64
615,36696,57.81,50.34415495605673,0.4670369374394523,0,18,8,50,59.46,61.29,54.32,49.35,62.91,54.36,58.85,61.93
616,39517,50.12,51.94541293081656,0.3700125991121372,0,11,8,50,49.78,54.04,45.91,42.87,52.72,50.93,49.63,55.12
617,37905,45.42,51.08153670258671,0.4100266382164396,0,15,8,50,43.52,52.66,50.76,43.94,40.58,40.95,44.3,46.67
618,43433,55.21,51.961019640712834,0.4299001652415807,2,9,8,50,65.46,51.99,46.8,55.27,58.12,63.36,50.68,49.98
619,38711,60.47,51.37445015306758,0.4407278374203017,0,13,8,50,65.08,66.36,56.93,68.01,59.56,56.73,56.63,54.43
620,43987,52.06,50.95992710949191,0.4333878124465361,1,6,8,50,47.96,46.08,49.78,53.91,52.01,55.34,60.03,51.41
621,36696,60.67,50.95334290521944,0.4485000342746385,0,18,8,50,61.83,64.51,63.13,57.04,66.47,62.82,52.39,57.14
622,38308,48.08,51.101247664450135,0.3098749105072305,0,14,8,50,52.53,40.18,49.16,54.41,53.22,40.09,52.6,42.46
623,37502,53.53,50.96715916486316,0.5554911922843614,0,16,8,50,56.64,54.65,54.52,55.18,50.16,57.91,51.32,47.83
624,37502,49.9,49.68821253689787,0.5066038052823465,0,16,8,50,53.64,46.95,44.73,51.09,53.59,45.51,53.76,49.94
625,35890,59.1,47.89698149238185,0.3553209505076872,0,20,8,50,56.87,64.49,58.97,63.14,63.27,55.01,50.59,60.48
626,37502,55.24,51.86497718198998,0.5137369578716231,0,16,8,50,55.57,58.65,46.49,54.34,55.41,59.42,58.21,53.83
627,39517,53.9,51.490762028438695,0.5116114183616024,0,11,8,50,48.65,55.59,51.72,53.49,47.52,57.29,58.29,58.66
628,37502,46.82,51.97789421688359,0.4047417094391429,0,16,8,50,46.23,47.63,49.15,50.38,46.96,51.04,40.97,42.17
629,38308,50.04,51.6250779587586,0.3360539811965396,0,14,8,50,44.28,45.79,57.32,46.0,50.18,59.52,46.85,50.4
630,39114,48.48,51.76984910525404,0.3858821149599387,0,12,8,50,51.18,46.79,53.53,47.39,51.72,48.94,47.19,41.08
631,38711,48.74,50.65419337282668,0.4885507208334677,0,13,8,50,42.25,45.55,49.36,44.36,59.98,51.09,52.48,44.82
632,37905,60.13,50.195843358049,0.438935921789459,0,15,8,50,53.55,51.64,60.24,65.03,60.69,54.13,69.52,66.26
633,35487,66.77,51.326860787434,0.3978056207879867,0,21,8,50,57.52,53.88,74.87,58.01,77.76,64.99,74.33,72.83
634,38308,52.98,49.79530213083332,0.4754473784601823,0,14,8,50,52.88,54.82,54.07,57.69,57.64,54.19,47.64,44.87
635,36293,48.25,50.08666297531588,0.4347530461376593,0,19,8,50,49.12,46.67,48.78,42.8,44.44,55.88,50.48,47.82
636,37905,55.0,51.06608769644035,0.466571975945021,0,15,8,50,59.94,61.42,48.34,60.73,51.64,50.98,53.15,53.83
637,36293,47.64,51.606770242753775,0.470576336587478,0,19,8,50,44.88,47.28,55.33,46.86,43.35,47.35,47.94,48.09
638,38308,56.29,50.292932318513294,0.4505992133606916,0,14,8,50,64.08,50.51,62.44,61.76,55.14,47.79,55.1,53.5
639,40726,59.71,50.820430624844775,0.3591813477168031,0,8,8,50,54.75,58.46,57.34,67.27,60.96,65.97,52.36,60.56
640,36696,55.67,51.46908439864248,0.4969386279142662,0,18,8,50,57.73,54.55,61.97,58.07,51.02,59.41,47.68,54.94
641,41129,56.05,51.92439030822864,0.4199846031026095,0,7,8,50,63.98,47.33,51.62,54.74,60.24,57.3,58.31,54.86
642,37099,38.25,51.85438633172304,0.3910249331514714,0,17,8,50,33.89,37.65,37.67,37.72,42.76,39.84,34.06,42.37
643,38711,52.28,50.754618811970936,0.5037427052728656,0,13,8,50,49.27,46.89,58.67,53.75,48.09,57.42,43.76,60.36
644,36293,55.91,51.11897823700791,0.5101452019429865,0,19,8,50,62.97,48.49,47.23,59.91,55.56,58.85,54.57,59.71
645,36293,49.45,51.765374214553496,0.4267813337192604,0,19,8,50,57.27,43.11,46.82,43.84,49.64,53.61,54.01,47.28
646,41129,49.83,50.54810293482233,0.4474295902963219,0,7,8,50,44.91,43.0,50.19,51.0,58.26,52.73,48.49,50.09
647,38308,50.83,51.14312488569335,0.3912833405589314,0,14,8,50,48.42,50.95,47.63,53.1,52.1,50.48,43.29,60.68
648,36696,60.25,51.784782164436805,0.530035006232849,0,18,8,50,66.19,67.73,52.23,63.71,58.01,57.53,63.0,53.62
649,37502,51.42,51.75789237984318,0.4157925626555265,0,16,8,50,45.43,52.15,52.58,51.71,54.23,53.33,47.41,54.55
650,36293,49.92,51.97950203706237,0.4264618286721734,0,19,8,50,43.53,49.07,53.59,48.06,57.61,54.65,43.1,49.76
651,35890,49.9,51.72999159096204,0.3514453080689939,0,20,8,50,55.51,53.47,55.51,42.81,48.92,42.81,51.4,48.79
652,38308,60.0,50.500948182313614,0.5220664175522508,0,14,8,50,52.19,56.38,58.18,55.77,59.73,66.44,64.73,66.62
653,39114,51.14,51.07361953960857,0.3939048147822865,0,12,8,50,44.27,49.79,49.31,55.51,52.43,55.75,47.75,54.34
654,40726,49.36,52.08535957004079,0.4343538261486366,0,8,8,50,55.69,45.3,43.79,52.46,46.77,56.62,44.95,49.28
655,39920,50.86,50.606873459212885,0.4380207085344867,0,10,8,50,54.38,44.44,52.23,52.12,52.83,51.23,54.51,45.14
656,36696,45.64,50.390989170339246,0.3606784369988936,0,18,8,50,47.86,51.24,41.2,47.8,44.56,49.2,40.12,43.1
657,36696,51.59,51.065080159530346,0.4219549879222969,0,18,8,50,54.72,59.98,45.36,50.74,54.84,52.62,46.33,48.16
658,37099,52.91,50.80593283766203,0.4358471442534866,0,17,8,50,54.91,52.2,52.24,60.79,59.4,48.17,47.27,48.32
659,37502,56.2,51.8125999600047,0.4752514470891004,0,16,8,50,63.09,49.06,52.21,57.87,67.72,48.47,55.34,55.85
660,38711,51.02,51.798532966711576,0.4267051700036617,0,13,8,50,52.12,55.56,51.76,47.47,47.08,52.96,49.08,52.15
661,37099,45.15,50.67590120683092,0.4978878798155209,0,17,8,50,48.79,41.4,47.36,43.57,46.89,43.48,47.39,42.34
662,39517,60.61,51.43184765340089,0.4593195616876249,0,11,8,50,59.93,57.59,64.5,68.38,63.37,56.32,59.59,55.2
663,36696,44.06,50.96187682132702,0.481639908177644,0,18,8,50,45.33,40.03,44.56,35.51,50.96,42.33,49.14,44.6
664,36293,62.16,51.22967486585837,0.3979878908834003,0,19,8,50,58.44,65.27,60.29,58.53,64.89,59.79,66.44,63.61
665,39517,62.56,49.74914170494125,0.4816241586244692,0,11,8,50,54.71,69.89,67.3,69.23,57.91,62.08,62.05,57.35
666,37099,54.24,51.316399330232265,0.3837117055983392,0,17,8,50,47.25,50.52,60.6,52.36,55.89,54.78,52.85,59.65
667,39517,58.3,51.18918033400613,0.3736528496907053,0,11,8,50,61.62,57.01,64.66,54.27,60.93,55.41,50.64,61.89
668,34278,58.9,50.399038969879946,0.33515108851837,0,24,8,50,58.91,50.87,66.13,57.54,53.0,56.25,64.46,64.08
669,36293,55.04,50.79654932036896,0.4430244807856312,0,19,8,50,51.68,56.82,60.49,59.42,59.52,54.39,46.04,52.0
670,37099,57.69,52.11455600674447,0.4623212050810962,0,17,8,50,58.88,50.59,49.6,53.75,66.72,52.74,64.29,64.96
671,39517,52.21,52.17486986313123,0.4063724832139401,0,11,8,50,52.07,53.1,57.93,54.6,57.32,46.83,46.7,49.14
672,35084,41.75,50.11164104360076,0.4336406303903307,0,22,8,50,39.27,47.89,42.39,40.98,38.36,43.22,45.05,36.82
673,39517,48.68,50.76195094948431,0.3919772606375215,0,11,8,50,53.78,46.52,48.49,48.69,47.81,45.39,47.29,51.46
674,36696,57.58,51.03284082347366,0.3893088661891276,0,18,8,50,58.36,59.32,57.5,53.08,58.82,56.53,61.83,55.16
675,36696,48.3,52.16142285282002,0.4164955471738276,0,18,8,50,42.74,53.09,49.13,54.71,46.3,52.43,44.97,43.02
676,34278,50.75,51.30666378740365,0.4221991559443631,0,24,8,50,53.49,47.76,54.28,47.61,52.12,52.84,48.65,49.22
677,35487,44.51,49.369527789359495,0.4655629559821193,0,21,8,50,42.81,48.57,46.23,49.02,36.87,47.53,35.58,49.48
678,35890,47.35,51.42848820830079,0.4622232045864466,0,20,8,50,49.04,48.49,46.36,44.33,48.9,49.88,47.53,44.27
679,37099,47.66,51.2415638736352,0.3715277454153504,0,17,8,50,46.19,45.66,50.34,43.17,45.04,44.66,53.76,52.5
680,38711,43.31,51.30724667259255,0.4098226242090415,0,13,8,50,48.13,46.51,39.44,41.94,41.2,40.86,45.76,42.67
681,40323,61.23,51.03992786822313,0.4477385000599137,0,9,8,50,56.73,66.11,58.32,65.91,65.13,58.99,61.15,57.49
682,35890,53.67,51.08961024981961,0.3589759741205066,0,20,8,50,54.65,47.23,63.38,50.74,48.37,63.88,52.84,48.25
683,44642,51.75,51.71252017920765,0.4809589637813443,2,6,8,50,46.46,54.1,46.13,56.24,45.56,60.84,54.75,49.92
684,37502,55.67,51.283733330710994,0.4670521643827963,0,16,8,50,57.83,54.59,56.63,55.38,52.49,48.84,56.73,62.89
685,43987,48.48,49.30311125887711,0.4317140822633026,1,6,8,50,49.34,46.87,57.93,51.45,43.7,42.95,49.02,46.61
686,34681,40.84,50.16952099772846,0.5310690041946359,0,23,8,50,47.14,42.12,34.6,40.85,45.43,37.88,38.74,39.98
687,38711,54.69,51.2787712689775,0.5248000417586587,0,13,8,50,51.36,61.31,62.13,47.78,49.23,57.75,48.52,59.42
688,40323,41.95,50.95054343833416,0.4132479491832765,0,9,8,50,47.04,41.05,35.59,40.82,45.96,35.01,45.35,44.76
689,35890,54.49,53.13476002814531,0.394385287828863,0,20,8,50,56.83,53.75,57.42,52.62,48.29,60.48,59.66,46.85
690,39114,61.04,49.84218793420831,0.4251717662004895,0,12,8,50,68.2,53.27,63.19,65.09,54.09,58.61,62.14,63.73
691,38711,46.46,50.30329740026472,0.3997401934771837,0,13,8,50,52.15,46.2,43.72,51.79,42.62,47.37,44.91,42.89
692,34278,60.17,49.95647779406046,0.485292958100718,0,24,8,50,65.06,67.28,62.18,54.6,57.35,53.95,59.1,61.81
693,39517,53.1,49.841175890431344,0.4210643526891857,0,11,8,50,49.58,54.75,55.86,48.93,60.28,48.11,60.15,47.17
694,37502,50.74,51.07763656300003,0.4452108156520188,0,16,8,50,45.28,56.35,51.8,50.48,49.05,57.75,46.1,49.1
695,37099,53.2,51.44601412621722,0.4061467484907758,0,17,8,50,46.6,59.56,47.52,53.76,52.58,60.03,60.05,45.54
696,38711,47.92,52.36090312693924,0.4183257363502034,0,13,8,50,41.44,52.51,49.6,56.01,42.23,49.3,41.83,50.44
697,37905,48.76,50.250134885742895,0.4105006541949627,0,15,8,50,43.13,46.63,48.69,53.6,47.84,53.04,51.36,45.81
698,39114,55.51,52.72341649773031,0.4070304638944886,0,12,8,50,57.94,47.43,56.04,53.86,62.46,57.99,55.24,53.14
699,39114,51.61,50.89281338738449,0.4650987763591853,0,12,8,50,43.98,58.12,53.85,59.8,48.7,50.5,48.39,49.52
700,39517,51.26,49.93691245547396,0.4106460423454323,0,11,8,50,54.14,48.35,54.24,47.76,55.83,45.14,49.23,55.43
701,37099,45.3,51.31605816503712,0.5207491323687005,0,17,8,50,51.52,44.43,44.97,38.54,47.01,47.31,46.82,41.84
702,35487,49.91,49.95609813722554,0.4395291017941458,0,21,8,50,54.49,54.99,53.94,46.12,44.13,54.39,40.65,50.59
703,39920,49.34,50.23268566281436,0.3776058659015974,0,10,8,50,47.34,54.28,47.42,54.08,48.41,49.17,49.4,44.63
704,37905,58.65,50.9105659261115,0.3915533873139433,0,15,8,50,61.79,61.25,63.88,52.04,57.62,49.14,61.6,61.86
705,39114,46.67,49.74528620622967,0.4857119162913187,0,12,8,50,40.49,47.35,50.42,46.6,44.36,48.22,55.81,40.13
706,36293,57.38,50.50960116433947,0.4066796123845676,0,19,8,50,59.08,57.88,60.85,57.93,61.38,49.6,60.48,51.82
707,37099,51.33,50.53836761082667,0.3867718873315841,0,17,8,50,57.91,47.02,52.11,54.49,47.94,49.81,46.31,55.06
708,38711,55.9,51.71538291313821,0.3994754411974711,0,13,8,50,53.48,64.19,53.77,51.93,52.24,53.76,59.82,57.98
709,36696,57.62,51.09572872964859,0.3516505060128905,0,18,8,50,57.84,65.55,60.85,57.78,55.81,58.41,51.22,53.48
710,37905,58.52,50.86542914866772,0.518742129885837,0,15,8,50,52.78,63.79,53.45,59.84,60.33,59.69,51.38,66.88
711,37099,53.94,49.90650744669846,0.4329934979534494,0,17,8,50,62.35,52.87,50.41,57.03,48.43,53.77,58.67,48.0
712,39517,53.37,51.255993832735136,0.4307741214182614,0,11,8,50,56.45,55.15,45.76,52.09,46.79,52.24,58.91,59.55
713,36293,51.62,50.55672787065856,0.4616860699235118,0,19,8,50,51.96,52.67,48.44,56.2,52.19,59.71,45.22,46.58
714,36696,54.15,51.51565301403248,0.3453343699385824,0,18,8,50,54.47,55.58,50.46,53.38,58.73,51.94,49.71,58.94
715,36696,59.0,51.91841058846606,0.4298472765009782,0,18,8,50,62.59,56.7,50.89,64.82,57.7,58.73,60.01,60.53
716,41129,51.63,50.74539918501024,0.4812566089905213,0,7,8,50,53.62,52.64,58.06,49.53,54.95,43.51,49.23,51.53
717,40323,59.5,50.59864585204651,0.4299075873754748,0,9,8,50,50.89,61.96,62.91,53.08,59.83,57.0,62.22,68.1
718,36696,57.66,52.13419939922647,0.4599396339383119,0,18,8,50,48.97,60.77,61.22,62.23,59.55,59.6,52.46,56.52
719,39920,49.61,51.37787763692005,0.4512411630589994,0,10,8,50,55.27,47.53,54.27,44.75,49.89,50.87,47.7,46.58
720,39517,60.05,51.15838465194515,0.3366286751150683,0,11,8,50,51.8,56.2,62.57,65.2,62.23,61.65,55.88,64.91
721,34681,49.5,52.162205296722455,0.4492915302111777,0,23,8,50,51.34,48.6,55.61,50.03,51.42,46.85,45.91,46.27
722,38711,55.96,50.00374701770691,0.4341566836457035,0,13,8,50,49.88,47.22,60.96,46.39,62.01,59.93,54.85,66.48
723,36293,47.56,52.13709110764094,0.3916052078668458,0,19,8,50,54.26,49.77,39.16,48.55,47.21,53.64,43.66,44.24
724,39114,50.12,51.89778635691128,0.4093608521320832,0,12,8,50,46.27,48.06,51.91,52.91,55.91,45.16,52.87,47.87
725,35890,51.66,49.93951162718942,0.454284853313613,0,20,8,50,53.88,44.54,47.42,45.54,54.92,58.89,50.8,57.3
726,37905,53.31,50.31483411238182,0.4545909928960412,0,15,8,50,51.84,47.24,53.39,48.8,50.52,57.25,57.96,59.45
727,36696,54.24,49.420965453541,0.4790903494917166,0,18,8,50,49.55,61.58,60.2,55.85,47.92,55.45,54.7,48.69
728,38308,57.69,50.95766321198232,0.487667544665727,0,14,8,50,58.5,63.59,53.65,50.81,57.62,67.83,54.33,55.17
729,40726,48.19,48.49397220882458,0.2858673768494653,0,8,8,50,49.85,45.88,52.52,41.36,49.18,48.32,55.41,43.02
730,38308,44.15,51.75594718316271,0.389410471276927,0,14,8,50,52.1,45.77,44.47,42.26,39.04,44.37,46.9,38.26
731,36696,38.43,51.16464880999462,0.3923260677585015,0,18,8,50,38.22,35.29,37.0,41.48,33.87,45.92,39.58,36.05
732,44642,52.21,50.96679759218912,0.4240590420231815,2,6,8,50,59.45,50.05,52.19,48.28,43.17,57.86,55.53,51.17
733,39920,54.06,52.06124187797517,0.4456070199678342,0,10,8,50,46.78,54.05,54.14,50.88,55.24,56.3,60.23,54.87
734,34278,50.85,51.50516913398339,0.5241329742649483,0,24,8,50,57.31,45.07,53.38,48.85,51.48,47.86,55.11,47.74
735,37905,52.89,50.61097767327976,0.4172709902519033,0,15,8,50,49.35,54.42,55.0,49.25,59.21,54.9,52.29,48.66
736,36696,43.49,50.55499023621218,0.4738171977397255,0,18,8,50,46.69,46.32,45.6,43.54,42.16,42.7,39.03,41.88
737,39920,49.38,49.7225968156854,0.4914143491376775,0,10,8,50,53.35,45.51,55.7,44.27,47.84,47.68,57.31,43.41
738,35890,48.03,51.541307527788526,0.3815419879967628,0,20,8,50,43.46,43.79,52.54,51.35,46.96,51.73,44.82,49.56
739,37905,43.34,50.50270095045011,0.4291539431487333,0,15,8,50,38.67,44.34,42.7,42.38,47.43,43.41,43.28,44.52
740,39114,53.29,50.829080934647806,0.3743058484341698,0,12,8,50,50.35,56.57,52.55,49.55,45.68,57.78,58.82,55.04
741,36293,44.36,49.05342128020549,0.3246618538148516,0,19,8,50,48.92,39.55,41.34,47.61,48.7,37.81,41.01,49.92
742,38711,41.8,50.93569722192096,0.3802007453940715,0,13,8,50,44.14,36.96,41.19,36.96,48.95,41.24,40.61,44.31
743,37905,48.95,51.135907038433885,0.4380974609139453,0,15,8,50,54.16,46.21,44.61,50.07,57.46,44.51,42.48,52.1
744,37905,56.69,51.51284530320864,0.3923576641310652,0,15,8,50,58.21,50.76,56.36,55.26,51.52,63.18,56.45,61.76
745,39517,52.22,50.82474736975778,0.4048135790652747,0,11,8,50,45.44,51.17,56.81,44.28,50.64,58.78,53.42,57.21
746,36696,58.19,50.9535467335548,0.4211515664978726,0,18,8,50,60.94,60.94,59.82,49.68,61.24,59.44,53.65,59.78
747,40726,42.91,52.03506050859679,0.4829528825324148,0,8,8,50,44.12,53.97,39.47,40.82,40.47,41.57,42.17,40.7
748,36696,58.87,51.25977149344615,0.4653039641346422,0,18,8,50,55.83,58.24,58.08,62.81,61.94,56.23,63.13,54.68
749,38711,56.16,51.770274056835454,0.3131832587930425,0,13,8,50,59.1,65.53,54.1,48.25,60.31,56.29,51.16,54.55
750,37502,58.97,50.61826220411574,0.379387002958306,0,16,8,50,55.26,65.31,49.47,60.77,55.87,57.01,59.54,68.54
751,38711,52.0,50.3467516310125,0.4610112479974463,0,13,8,50,59.24,48.91,52.26,47.15,56.45,50.0,47.42,54.59
752,35487,64.25,50.47452165447741,0.4474206836028676,0,21,8,50,65.78,64.4,52.1,62.3,71.88,63.37,63.74,70.46
753,40323,58.14,50.20330922688112,0.4772533868917679,0,9,8,50,49.56,51.73,53.33,60.15,65.92,61.98,64.63,57.79
754,38308,51.92,51.334522710231,0.3875796595132751,0,14,8,50,47.64,56.09,50.57,45.76,59.23,55.56,48.85,51.62
755,38711,55.83,51.08239028568591,0.3752303691552301,0,13,8,50,54.66,55.14,60.21,55.91,45.57,60.36,57.77,57.01
756,39114,52.48,51.57234932222534,0.4406431768726612,0,12,8,50,48.24,50.18,55.19,54.67,50.18,47.85,56.97,56.58
757,40323,39.8,50.9479183744543,0.4234280082303824,0,9,8,50,38.71,40.89,32.53,46.45,40.12,44.52,37.97,37.24
758,38308,49.66,49.755336065107024,0.3523677219300761,0,14,8,50,47.7,57.03,50.73,43.16,47.11,55.99,51.69,43.85
759,38711,57.82,51.23847701364235,0.452994265853997,0,13,8,50,57.02,58.61,58.56,51.97,60.37,61.35,59.54,55.17
760,37905,57.3,50.93582313921083,0.4068212095690969,0,15,8,50,55.58,54.48,55.44,48.71,67.72,58.28,57.6,60.61
761,37905,45.49,50.38637882114372,0.3731947217215491,0,15,8,50,46.37,53.87,41.06,48.89,40.63,42.03,42.96,48.14
762,36696,56.31,50.38800128308095,0.3645121806116149,0,18,8,50,50.72,63.3,54.64,53.24,52.13,61.76,60.62,54.08
763,40323,65.17,50.626391017150524,0.3589241365561789,0,9,8,50,68.53,60.2,74.01,59.56,61.23,66.02,68.71,63.1
764,38711,61.57,51.00639702414784,0.4225756730748194,0,13,8,50,57.31,58.06,55.35,57.52,63.91,69.6,66.72,64.12
765,39920,55.76,51.67232269341737,0.4130264502367293,0,10,8,50,56.91,51.12,54.17,53.13,58.86,55.01,59.73,57.11
766,38308,49.36,50.85084171447601,0.422587936282264,0,14,8,50,55.92,46.98,44.09,54.07,44.31,55.39,48.59,45.57
767,36696,52.64,50.17937130591854,0.4513807714101976,0,18,8,50,45.25,56.87,57.66,47.59,58.04,53.37,46.94,55.36
768,37905,51.34,51.799285045198445,0.427898769066753,0,15,8,50,49.25,48.45,56.85,51.91,53.67,50.14,50.18,50.25
769,39114,52.47,50.64297180795027,0.3354469459996778,0,12,8,50,57.34,55.13,48.47,60.89,46.74,50.53,45.66,55.03
770,39920,58.59,50.35515398895288,0.5213162329914272,0,10,8,50,56.01,47.67,59.28,56.86,64.3,63.96,63.99,56.66
771,38711,50.23,51.263924009800334,0.4295938577817615,0,13,8,50,40.07,52.46,50.75,52.18,58.9,50.02,49.98,47.46
772,37905,57.24,51.62226778351399,0.4446888309691197,0,15,8,50,64.03,49.81,69.03,58.41,55.68,58.58,49.83,52.59
773,37099,62.57,51.38151218734905,0.4410385735436248,0,17,8,50,63.17,66.63,65.86,64.84,56.46,59.06,62.89,61.62
774,39920,53.14,51.41539851568473,0.3684540899639817,0,10,8,50,59.44,51.41,45.27,55.54,48.09,47.42,57.92,60.06
775,45043,63.54,50.979855589858616,0.3361991900046386,1,4,8,50,57.23,56.11,58.42,59.4,70.7,72.73,63.02,70.69
776,39517,45.78,51.6742893194355,0.3922346646233047,0,11,8,50,43.51,45.42,48.47,41.28,45.78,42.28,53.71,45.82
777,40323,61.41,50.493525383856245,0.428434215280473,0,9,8,50,55.72,57.52,57.0,62.35,67.25,62.0,58.92,70.49
778,37905,53.11,50.61362051332983,0.3928629547131732,0,15,8,50,49.51,57.67,52.4,50.87,56.69,51.21,56.67,49.88
779,39114,62.62,52.11744922391294,0.469810663420478,0,12,8,50,68.76,71.44,52.21,72.51,54.12,57.52,52.74,71.7
780,38308,53.42,51.8828436304002,0.3836973364989264,0,14,8,50,56.46,51.51,45.87,64.23,57.93,49.39,55.91,46.09
781,39114,50.72,49.60285650908709,0.4253020920596778,0,12,8,50,44.77,58.37,51.91,53.18,50.06,52.62,47.7,47.15
782,37502,42.04,49.86636729526417,0.4420366071041703,0,16,8,50,46.8,35.48,45.62,43.11,42.45,40.1,38.34,44.46
783,38711,47.75,51.717930025341225,0.4191299701101321,0,13,8,50,49.02,45.89,53.18,47.36,46.75,43.47,49.18,47.18
784,37502,53.11,52.86328314495521,0.4716074857323544,0,16,8,50,56.97,43.99,57.91,54.07,55.32,57.06,46.68,52.91
785,39920,47.19,51.220397568078326,0.4590649232272715,0,10,8,50,50.35,48.71,42.94,48.12,45.84,49.27,43.78,48.52
786,43584,51.62,52.14895734395894,0.432147572299,1,7,8,50,50.56,54.78,51.74,47.85,45.49,45.29,58.8,58.46
787,37502,50.57,50.16196427768778,0.4734380548318979,0,16,8,50,62.72,49.8,55.01,53.68,50.06,44.92,42.85,45.55
788,37905,60.72,49.85991958378722,0.4546523899202178,0,15,8,50,61.55,62.73,68.51,49.67,55.09,63.39,60.72,64.11
789,38308,56.02,50.34664227849613,0.3938200083174104,0,14,8,50,49.58,51.66,58.92,56.13,50.58,64.51,55.46,61.32
790,38308,49.7,51.15664027655281,0.4317650862088693,0,14,8,50,54.93,43.97,49.89,46.31,53.73,48.29,56.08,44.39
791,44340,58.43,51.03090133969303,0.3403514395945084,4,10,8,50,66.43,48.42,53.25,51.92,63.88,64.34,54.95,64.25
792,39517,52.26,51.37455541258351,0.3991881588079013,0,11,8,50,56.45,49.65,50.4,46.6,50.83,55.92,48.74,59.52
793,37099,49.03,51.88992012570366,0.4146545908011368,0,17,8,50,47.28,43.17,52.28,41.81,50.19,57.37,48.15,51.96
794,35890,55.24,50.96918827033888,0.3855563601779666,0,20,8,50,58.71,50.77,48.89,59.06,52.06,58.1,52.7,61.61
795,37502,55.78,50.41888764847999,0.4441155533093932,0,16,8,50,52.9,54.85,53.42,62.51,49.04,62.92,55.54,55.04
796,34681,55.21,50.55048303305987,0.3725641800888679,0,23,8,50,52.26,47.14,49.43,56.14,62.48,63.07,63.63,47.52
797,37905,52.29,50.55676632604041,0.3687421734341073,0,15,8,50,50.05,49.31,53.01,47.73,58.22,54.49,45.56,59.97
798,37502,56.81,50.95281310938088,0.3798410053143487,0,16,8,50,55.22,54.63,53.88,58.6,53.89,64.58,52.55,61.12
799,41129,53.62,50.44911699246908,0.3947647177720453,0,7,8,50,57.02,55.13,56.1,54.05,44.61,48.84,55.16,58.03
800,37099,44.16,51.13675046266168,0.4052654152055067,0,17,8,50,41.84,48.87,43.97,40.26,43.77,47.26,44.61,42.71
801,38711,53.95,50.54053700230184,0.4637688685391001,0,13,8,50,49.53,46.08,47.35,58.99,65.29,55.01,61.89,47.45
802,40323,46.65,50.81939150839331,0.31869543935679,0,9,8,50,44.49,52.21,51.89,45.19,40.84,48.61,40.46,49.54
803,41418,58.86,50.48582908801931,0.4004569137322685,2,14,8,50,66.81,56.73,49.68,57.46,56.27,59.26,62.42,62.26
804,38308,59.94,51.83081374386301,0.3798517896268508,0,14,8,50,69.52,60.99,52.1,51.7,67.85,66.5,56.17,54.69
805,37099,48.4,50.94725382957685,0.337147015652401,0,17,8,50,51.17,45.87,51.62,54.2,48.82,43.17,39.21,53.16
806,39517,49.62,50.958509897309234,0.4066217867004335,0,11,8,50,56.23,43.32,48.55,46.67,49.37,51.44,44.79,56.58
807,46607,52.99,50.99010077537466,0.4041632904021284,5,6,8,50,45.36,53.83,55.11,57.42,55.61,52.03,52.13,52.44
808,42588,49.18,51.373923281768064,0.3438950797701237,0,4,8,50,53.08,43.35,45.77,56.75,52.56,44.92,54.56,42.41
809,38711,52.87,52.45533719268092,0.3931724633926239,0,13,8,50,54.96,49.66,52.57,49.4,57.02,50.37,59.87,49.11
810,37099,55.58,51.800489220975706,0.4071524397051505,0,17,8,50,50.31,53.41,49.96,60.45,51.67,60.98,62.86,54.98
811,37099,49.3,50.05739172414725,0.388368603543351,0,17,8,50,43.35,52.74,47.37,50.95,52.72,48.87,48.83,49.59
812,37502,55.58,50.6834493929773,0.4878484477298662,0,16,8,50,51.66,47.16,54.62,58.63,59.24,61.01,57.63,54.66
813,38711,52.18,50.15626489140975,0.4385322366893586,0,13,8,50,58.06,59.33,46.69,46.86,48.64,51.31,48.69,57.84
814,39114,53.97,49.48164926375394,0.5173864233698314,0,12,8,50,54.39,53.02,53.45,59.09,44.01,57.26,58.43,52.11
815,40726,55.18,50.15281288727862,0.3912496847730189,0,8,8,50,47.01,47.64,53.5,59.61,59.31,60.83,56.57,56.96
816,35890,51.38,49.92217214858998,0.501914778644772,0,20,8,50,50.3,42.66,53.32,57.19,54.03,48.16,46.82,58.53
817,37502,53.26,50.238862061863614,0.4544019126781572,0,16,8,50,59.96,53.0,50.11,47.68,49.68,62.58,47.58,55.51
818,40323,54.92,50.55600117671216,0.3888758948285078,0,9,8,50,56.87,52.38,55.88,53.82,60.96,55.17,59.28,44.97
819,39114,57.05,49.812631874898585,0.4031051868918208,0,12,8,50,51.06,48.27,59.71,54.83,55.88,61.21,60.96,64.48
820,38308,44.92,51.24522321372026,0.3832422764636697,0,14,8,50,43.8,42.68,40.9,44.01,45.33,48.61,48.76,45.25
821,41532,52.03,51.69784198758559,0.4861064369148567,0,6,8,50,58.03,54.9,57.84,44.56,46.5,51.74,44.45,58.2
822,35890,54.86,50.57082247003776,0.4379464711437853,0,20,8,50,58.44,56.81,45.98,51.99,62.31,55.29,56.32,51.78
823,38711,52.84,51.79099084122376,0.4569675166173745,0,13,8,50,47.6,58.47,51.74,44.73,59.35,60.15,49.67,51.0
824,39114,59.87,51.04521283868908,0.3878186994788136,0,12,8,50,54.39,55.01,67.94,59.19,52.54,54.29,68.56,67.02
825,37905,53.42,49.143509426231205,0.4369545541779672,0,15,8,50,49.56,59.83,44.86,58.26,58.96,55.02,44.5,56.36
826,40323,47.21,50.4390912554533,0.400984316552155,0,9,8,50,43.9,53.47,47.64,43.31,49.96,44.25,44.65,50.48
827,38308,46.41,50.91773963163632,0.4457304659054925,0,14,8,50,46.24,48.23,42.4,55.29,45.62,50.85,38.23,44.4
828,36696,53.7,51.19446169121369,0.3670470677756849,0,18,8,50,49.46,53.34,49.33,60.89,56.24,50.2,60.22,49.95
829,38711,55.42,50.6385195406371,0.4032311445076931,0,13,8,50,52.77,57.83,49.35,63.55,57.85,48.57,58.52,54.89
830,39517,48.6,50.76261176750828,0.371134121468598,0,11,8,50,44.41,52.43,44.29,43.66,53.94,50.94,50.77,48.39
831,38711,56.82,50.73465198325361,0.4629562585196947,0,13,8,50,58.44,56.68,58.84,54.15,58.89,62.21,52.89,52.44
832,37905,52.56,49.49306214099068,0.4329699306166258,0,15,8,50,54.73,53.49,45.23,56.04,53.91,52.11,55.46,49.54
833,39920,68.5,50.96091441409002,0.3074532510408582,0,10,8,50,64.14,72.12,66.74,72.82,70.29,67.37,72.33,62.21
834,38308,53.99,51.18077322241592,0.3654250575219006,0,14,8,50,47.58,50.22,61.82,49.71,55.71,48.3,57.12,61.46
835,37502,61.34,50.80593970718191,0.4427679189528206,0,16,8,50,66.21,69.87,55.42,55.41,65.82,57.44,52.98,67.57
836,39920,65.99,52.09933780261933,0.395161621378271,0,10,8,50,61.57,68.67,65.78,62.78,67.88,66.86,62.78,71.57
837,39517,53.42,50.60030048309249,0.3305471177961542,0,11,8,50,60.87,49.07,50.05,58.25,53.94,50.42,52.97,51.82
838,37502,54.48,51.90232785867441,0.3698805555715283,0,16,8,50,52.79,54.33,49.69,53.0,56.55,58.46,60.77,50.27
839,40323,53.76,52.60614599418296,0.3632510297537181,0,9,8,50,59.81,56.52,43.94,56.41,55.04,57.3,50.65,50.4
840,39517,55.1,51.74896139070065,0.4265155413187244,0,11,8,50,56.08,56.9,54.92,55.44,52.22,51.93,52.61,60.68
841,37099,53.2,50.48892831362317,0.4240721560769191,0,17,8,50,59.82,54.13,48.97,57.06,45.61,45.3,61.96,52.72
842,38308,61.7,50.68352982362634,0.4473541702850928,0,14,8,50,55.97,66.75,61.37,64.58,69.42,50.62,64.59,60.26
843,40323,60.76,51.78604564045593,0.4115055575725105,0,9,8,50,63.34,62.57,59.75,61.34,62.25,60.32,64.9,51.57
844,37502,57.49,51.3787819487459,0.4064267078110816,0,16,8,50,62.43,54.22,56.48,55.14,49.56,55.45,60.21,66.42
845,37502,58.41,50.8106814347348,0.4963078831926311,0,16,8,50,57.83,56.68,61.39,58.51,54.93,64.46,55.65,57.84
846,38711,42.62,50.383300656522295,0.3034964924265584,0,13,8,50,44.96,42.4,46.89,42.22,42.34,39.48,36.72,45.92
847,37502,56.32,52.42272231327208,0.4765264928548771,0,16,8,50,62.05,57.72,58.53,46.9,51.29,57.94,53.04,63.06
848,37502,63.49,50.6120923604164,0.3759586457716783,0,16,8,50,61.5,65.25,68.7,65.25,73.63,64.52,54.24,54.82
849,39114,57.25,52.88940430040024,0.3816922339787352,0,12,8,50,55.33,48.12,54.17,59.75,53.56,59.62,67.37,60.1
850,37905,50.58,51.147693416917534,0.4108806893651858,0,15,8,50,46.69,59.11,48.53,50.57,46.53,46.1,58.57,48.53
851,36293,49.06,50.88068421775534,0.3564708029948433,0,19,8,50,43.13,53.74,55.48,49.22,42.74,43.14,56.47,48.6
852,37502,45.17,50.4336912868046,0.4325162698015675,0,16,8,50,50.12,46.97,38.42,41.72,48.5,42.95,49.18,43.47
853,38711,54.24,50.23183580332047,0.3450612152881084,0,13,8,50,54.05,48.54,55.02,52.49,49.39,49.01,65.44,59.98
854,39114,60.14,50.03627328767218,0.320307289928589,0,12,8,50,68.51,57.18,50.63,55.16,56.29,64.81,62.16,66.41
855,37905,59.74,50.967776506733145,0.3029213936057278,0,15,8,50,63.03,63.17,55.99,61.0,54.04,67.62,60.36,52.74
856,37502,52.18,49.72349854373396,0.3558670214312841,0,16,8,50,53.52,53.81,49.95,61.27,46.01,50.89,50.97,51.03
857,38308,53.75,52.21771867051136,0.373537502856652,0,14,8,50,54.52,54.63,53.71,49.88,45.17,56.86,59.79,55.44
858,41129,52.72,52.105376666895445,0.4134917741030245,0,7,8,50,62.32,54.48,53.56,48.4,46.12,55.65,46.44,54.77
859,38711,55.51,51.28911970051426,0.5453468379740111,0,13,8,50,56.5,53.38,58.91,51.62,55.84,50.2,52.19,65.44
860,38308,63.25,51.45290815525564,0.3201808647463293,0,14,8,50,57.43,68.64,57.38,58.75,62.21,58.86,70.81,71.91
861,35487,47.36,51.62581455618093,0.3904383563445498,0,21,8,50,46.51,47.0,48.41,51.86,49.57,53.01,39.87,42.64
862,37905,49.52,51.88881432386005,0.3330037514365484,0,15,8,50,44.04,49.37,44.65,43.3,49.45,52.28,56.05,57.0
863,39517,60.22,50.96330332516718,0.4162328782832555,0,11,8,50,54.12,62.68,61.73,56.26,63.28,65.72,61.37,56.6
864,39920,43.27,51.06436027055723,0.4202372421276463,0,10,8,50,47.46,46.41,36.16,44.14,41.1,40.59,47.08,43.25
865,38711,48.78,51.26130621356248,0.3384272124090107,0,13,8,50,49.27,55.87,45.36,40.96,44.95,53.58,46.99,53.24
866,38711,52.29,51.01427274816336,0.402419574583544,0,13,8,50,57.45,54.84,45.8,54.33,43.57,57.29,52.48,52.55
867,39517,54.6,50.321586043919375,0.4261764894649429,0,11,8,50,53.31,51.32,59.63,59.38,51.72,49.3,53.5,58.65
868,38308,50.38,52.06863232579932,0.4149265395039055,0,14,8,50,49.57,50.15,47.09,55.41,54.73,43.29,57.97,44.79
869,39920,53.16,50.33785496456875,0.4203700440060735,0,10,8,50,49.23,62.5,50.13,51.93,45.11,55.13,55.15,56.1
870,38308,61.31,50.98770128429449,0.3579265546594549,0,14,8,50,66.69,64.35,63.05,51.01,51.09,68.81,59.91,65.6
871,45043,57.73,51.76651212027328,0.4061258396683374,1,4,8,50,48.72,61.2,61.16,52.25,56.12,59.54,64.78,58.06
872,36293,55.2,51.935940065058304,0.4109043384568606,0,19,8,50,57.08,54.68,55.18,52.97,62.41,49.11,58.55,51.62
873,37502,52.05,49.90646168604271,0.4331051175300429,0,16,8,50,43.61,56.98,57.9,47.24,51.68,53.0,51.31,54.68
874,36293,57.68,50.75509882223827,0.3552446778745807,0,19,8,50,62.76,63.73,52.85,55.27,51.9,53.91,60.35,60.71
875,36696,59.55,51.88991036894099,0.3890593364426514,0,18,8,50,52.76,58.1,55.32,63.21,58.07,62.82,64.2,61.93
876,38711,58.25,52.00779184651453,0.2902403818664997,0,13,8,50,61.92,62.95,54.64,51.68,56.49,54.0,56.13,68.17
877,48511,66.44,50.77314771607829,0.3912601171757393,4,3,8,50,65.93,60.73,72.04,66.9,61.06,71.27,60.26,73.32
878,38308,59.04,50.36232061772765,0.4724818937387485,0,14,8,50,58.54,53.3,65.28,67.62,59.81,50.67,58.76,58.3
879,37502,52.92,51.20404916011606,0.4218193148797911,0,16,8,50,46.17,54.4,55.68,55.86,51.84,57.78,46.33,55.29
880,38711,52.83,50.47820757115432,0.4041529132661903,0,13,8,50,55.17,49.25,55.54,48.13,58.63,44.95,56.04,54.93
881,41129,44.22,51.34203716561638,0.3904569935779201,0,7,8,50,41.57,42.38,40.82,48.01,42.27,44.0,46.32,48.36
882,38308,50.07,52.888689213239765,0.4078749151653166,0,14,8,50,49.6,50.22,49.73,45.4,53.4,47.62,45.85,58.71
883,37905,54.01,51.20333474953122,0.3330195361893652,0,15,8,50,50.8,62.65,58.2,51.68,49.52,52.64,49.09,57.49
884,38711,56.55,52.05097889265203,0.4065224200099301,0,13,8,50,62.94,59.38,53.86,64.48,55.43,50.78,49.61,55.94
885,37502,55.69,51.09515236376837,0.3156153390649393,0,16,8,50,60.26,46.43,46.92,54.14,59.87,58.81,59.23,59.84
886,40323,53.84,50.943174216396805,0.3447858423233609,0,9,8,50,56.39,50.56,50.82,57.36,46.57,57.61,55.62,55.77
887,40726,51.65,49.41978639011136,0.4007989309275878,0,8,8,50,50.21,58.68,47.77,56.59,53.17,48.91,50.45,47.43
888,38711,52.54,49.83052981098568,0.4212257811700571,0,13,8,50,47.77,60.92,52.16,50.71,57.99,47.87,51.59,51.27
889,36293,57.48,51.06554517733246,0.4540070493068086,0,19,8,50,54.56,59.56,63.59,54.13,54.92,62.09,61.04,49.96
890,39920,52.18,50.674270243948186,0.354597771685977,0,10,8,50,50.46,54.54,52.24,52.33,58.0,45.57,55.67,48.62
891,37905,49.92,50.74060527110165,0.4352366639528612,0,15,8,50,46.52,49.7,46.15,44.51,54.16,50.46,51.94,55.96
892,37099,61.81,50.93208754247313,0.2668819366084503,0,17,8,50,58.16,65.76,60.07,65.43,57.01,61.63,60.66,65.73
893,40726,37.82,50.42112686882085,0.4177627003063691,0,8,8,50,35.15,36.26,41.64,34.57,40.78,41.39,35.35,37.44
894,37099,53.93,51.38762975180598,0.3962650510327808,0,17,8,50,48.73,58.2,59.53,56.44,59.11,47.49,52.83,49.11
895,41129,51.7,49.8987260831816,0.3609155708697794,0,7,8,50,55.78,46.83,47.36,47.84,53.74,60.27,54.79,46.98
896,35084,55.45,52.31988222704265,0.412005220435258,0,22,8,50,48.49,60.93,47.94,61.84,60.24,60.58,56.7,46.9
897,37905,56.15,51.03485709476072,0.3419932988921866,0,15,8,50,56.92,52.35,53.18,63.72,60.07,52.58,61.36,49.02
898,39920,61.39,52.15078764104344,0.3756922077413387,0,10,8,50,62.9,63.51,50.71,66.41,61.81,68.8,55.0,61.97
899,38711,59.55,50.746151875384,0.4433829533819965,0,13,8,50,60.41,69.68,60.89,65.27,52.85,50.71,61.95,54.64
900,39114,59.23,52.19784797772853,0.2873149180785547,0,12,8,50,66.69,56.85,53.22,53.84,53.77,62.2,67.57,59.73
901,39114,56.47,50.15337932416423,0.3655611925412689,0,12,8,50,54.72,57.99,61.07,57.25,58.87,57.15,53.31,51.42
902,38308,48.34,49.4992226112369,0.4011977460314241,0,14,8,50,49.39,53.68,48.7,37.2,53.97,49.19,52.18,42.4
903,37502,53.04,50.72467131464839,0.3347225495333346,0,16,8,50,59.52,59.22,56.57,48.17,48.0,51.53,56.56,44.78
904,33875,54.88,50.07602237941597,0.3856950031609968,0,25,8,50,63.28,54.0,50.85,58.47,48.22,59.29,53.17,51.72
905,37905,50.84,51.06064072195353,0.3782250833359343,0,15,8,50,47.2,51.82,54.84,46.22,42.3,56.55,48.86,58.91
906,40726,56.76,51.52414696415944,0.4865859597675451,0,8,8,50,58.25,51.52,55.79,56.34,55.73,64.21,57.76,54.46
907,39114,52.78,52.09261054947828,0.4022253559113433,0,12,8,50,55.73,50.97,54.89,51.56,46.58,53.4,51.13,58.0
908,35890,55.21,51.69192344018109,0.4188957401676018,0,20,8,50,55.56,53.44,64.66,50.56,58.06,59.72,49.75,49.92
909,41532,50.01,52.36259814825078,0.4398781625865199,0,6,8,50,44.84,57.21,57.74,45.42,57.12,40.53,50.82,46.43
910,35890,53.47,50.684095160034616,0.4627556882845252,0,20,8,50,50.56,58.89,42.73,61.56,48.26,63.19,49.35,53.22
911,37099,59.26,51.84470369994783,0.3948684490686181,0,17,8,50,50.81,62.65,60.73,60.2,59.68,58.46,61.69,59.89
912,40726,63.43,51.581122499422605,0.4206349110750628,0,8,8,50,71.72,70.56,61.63,67.98,68.81,56.39,54.08,56.28
913,39920,56.53,50.68164246735124,0.4070200915356672,0,10,8,50,48.44,61.54,62.45,50.85,59.54,61.83,49.66,57.94
914,37905,59.91,50.14371220574941,0.4425813710502422,0,15,8,50,62.19,61.93,62.6,53.52,62.43,63.95,58.67,53.97
915,40323,65.99,51.33758182508177,0.409438808646728,0,9,8,50,75.56,68.23,58.06,71.24,63.51,58.25,58.97,74.09
916,43836,61.64,51.835563029435,0.3712995891562921,2,8,8,50,62.08,59.63,58.1,63.39,63.67,57.77,63.78,64.71
917,44894,61.71,50.391891309182895,0.4064641207986753,3,7,8,50,52.03,58.58,64.01,63.59,69.17,61.26,67.54,57.49
918,41532,60.35,51.61611210474409,0.383093553109587,0,6,8,50,66.76,60.76,58.1,59.78,49.26,55.37,66.35,66.41
919,38308,57.18,51.42940866034149,0.4468546832596716,0,14,8,50,57.42,58.07,51.3,54.29,57.69,60.53,62.55,55.61
920,37905,60.86,50.18859310318413,0.5072109601308861,0,15,8,50,66.23,67.1,57.14,65.14,67.62,58.65,53.23,51.76
921,36293,49.64,50.52462203267837,0.4019650149794027,0,19,8,50,49.29,56.8,48.48,43.02,47.94,48.74,55.76,47.1
922,35890,47.93,51.34421036427069,0.3635617892569001,0,20,8,50,44.47,44.27,43.97,56.01,48.26,43.75,49.37,53.34
923,37905,52.14,50.98618996018514,0.3218837011940951,0,15,8,50,54.53,46.47,60.16,55.37,53.79,48.26,53.09,45.47
924,38308,65.03,51.393864245459554,0.3852189674789503,0,14,8,50,59.4,70.35,60.87,61.04,71.65,70.92,67.85,58.14
925,43181,49.93,51.572925819636055,0.3750875144118466,1,8,8,50,49.41,44.86,56.36,49.64,52.74,51.22,52.12,43.06
926,39920,56.06,50.57213159223403,0.3862261560687847,0,10,8,50,60.91,48.79,50.12,60.74,48.68,60.38,58.67,60.18
927,41129,49.53,51.49547894855389,0.3654720685527683,0,7,8,50,48.59,55.87,55.11,47.47,44.94,45.95,51.57,46.73
928,38308,51.07,51.791461434961455,0.3957812181734053,0,14,8,50,43.74,48.05,44.08,57.7,56.24,45.8,55.5,57.45
929,39114,61.01,50.817111364407495,0.3929878205510063,0,12,8,50,57.38,55.86,56.3,71.1,66.21,58.68,70.72,51.82
930,39517,60.46,51.50260653414438,0.4093121653858425,0,11,8,50,61.65,49.54,64.76,62.22,61.98,63.05,57.44,63.06
931,36696,65.7,51.90700572847537,0.457217873623212,0,18,8,50,62.2,63.72,69.5,65.25,71.54,65.19,73.39,54.77
932,45545,52.61,51.81432158010787,0.3955431340083845,2,5,8,50,58.81,53.55,42.82,46.27,48.94,57.72,52.22,60.57
933,37502,58.48,49.79691636713762,0.3825906956295289,0,16,8,50,48.45,52.14,60.67,66.2,57.71,64.68,51.38,66.58
934,38308,51.49,51.15222463813922,0.4128171697138237,0,14,8,50,59.43,51.67,49.34,45.62,54.16,57.34,45.29,49.06
935,39114,60.16,49.90659602499736,0.3028286306702288,0,12,8,50,56.05,54.45,65.65,70.92,67.28,56.1,57.86,52.99
936,37905,58.55,51.10655223262172,0.3085825518893014,0,15,8,50,58.1,68.68,51.16,56.43,51.84,58.34,61.42,62.42
937,39114,56.79,52.12230568455679,0.3911268463592813,0,12,8,50,62.6,62.92,63.62,63.27,50.29,51.32,52.0,48.33
938,38711,55.67,51.083916054510695,0.4830405746224375,0,13,8,50,58.59,59.2,56.89,49.85,64.26,51.45,51.84,53.24
939,38711,44.31,52.16438567948655,0.4045196989582458,0,13,8,50,41.3,39.98,38.35,40.7,41.17,50.68,53.06,49.26
940,36696,53.14,51.452337385767215,0.3256702667136318,0,18,8,50,46.66,49.82,52.66,54.59,55.93,61.88,46.77,56.85
941,38711,50.59,51.8428128707904,0.469427779604972,0,13,8,50,44.0,53.5,50.72,48.56,45.94,51.43,58.25,52.29
942,38711,51.2,51.1699339348295,0.3571714512499837,0,13,8,50,46.81,58.6,54.45,44.92,47.68,56.42,56.29,44.46
943,37905,53.91,51.10071278281047,0.3924270596915238,0,15,8,50,57.96,46.06,46.69,53.59,57.51,55.73,56.12,57.59
944,37502,58.02,52.8509468846314,0.3623720380288432,0,16,8,50,57.54,50.6,62.43,58.06,63.7,61.92,58.81,51.09
945,39517,56.05,49.89627654026211,0.3943116336716366,0,11,8,50,52.95,47.35,58.59,57.02,57.19,62.55,59.39,53.36
946,43181,49.51,52.241277413757736,0.425017309426939,1,8,8,50,54.22,46.15,54.19,43.98,47.34,49.49,49.26,51.46
947,38711,57.57,51.174950423682624,0.3802153235236891,0,13,8,50,60.55,48.61,51.27,63.44,63.15,55.16,61.95,56.43
948,41972,57.65,50.90965778480107,0.3084672376041787,1,11,8,50,51.15,49.55,68.97,61.92,60.02,54.23,50.59,64.8
949,37905,55.02,51.23666533177745,0.341584057194603,0,15,8,50,49.94,49.06,59.1,55.02,61.98,52.16,50.08,62.78
950,37502,57.4,51.99399628858477,0.389196790023816,0,16,8,50,56.71,56.89,53.08,60.36,58.46,51.8,61.96,59.92
951,39114,53.65,51.45114991943349,0.3464141209604554,0,12,8,50,49.73,57.62,56.44,52.58,52.37,56.9,54.45,49.15
952,38308,53.87,51.18006288513169,0.2969222898022975,0,14,8,50,49.5,48.76,58.35,56.38,53.63,53.58,58.09,52.7
953,44894,60.34,50.62731640941442,0.3570568195353937,3,7,8,50,63.99,62.57,50.84,54.59,68.0,67.25,61.29,54.16
954,36293,58.09,50.8061338837278,0.4537660654887335,0,19,8,50,61.52,63.33,61.93,59.01,52.24,51.35,62.75,52.61
955,37905,54.54,51.876841274508486,0.3598307430189361,0,15,8,50,49.57,52.49,60.64,50.14,47.32,56.87,57.56,61.71
956,37905,53.2,50.74164689374654,0.4030762669726169,0,15,8,50,53.8,54.9,56.72,47.26,57.43,48.38,50.16,56.94
957,38308,56.42,50.85320132533243,0.3859914689744659,0,14,8,50,63.5,50.56,53.85,54.08,52.41,57.53,58.04,61.35
958,37905,48.79,50.94662354632577,0.4014029567322884,0,15,8,50,47.14,54.73,46.73,46.03,40.44,51.68,53.11,50.45
959,39920,57.48,51.762214056734265,0.441097971073484,0,10,8,50,60.88,59.52,58.24,50.26,62.24,54.48,59.24,54.95
960,36696,52.43,52.0758112936557,0.3524051584970427,0,18,8,50,47.92,51.99,47.35,58.92,53.16,60.88,43.39,55.81
961,40323,42.02,52.08585319129867,0.4055269796376112,0,9,8,50,39.03,42.61,43.51,36.91,46.48,43.09,44.1,40.44
962,40726,45.53,51.15042519990885,0.3315602343766387,0,8,8,50,44.04,46.27,44.51,43.16,42.86,57.51,44.64,41.24
963,38711,55.8,50.71773407546092,0.3506474410835007,0,13,8,50,57.74,58.0,50.34,54.14,57.42,53.06,63.12,52.59
964,39517,54.7,51.93904918660733,0.3594186779013543,0,11,8,50,49.59,62.75,47.79,61.56,61.92,51.23,54.01,48.78
965,36696,55.85,50.52098000079226,0.415620739956272,0,18,8,50,49.81,60.84,50.7,59.46,61.85,52.78,52.67,58.7
966,36696,53.79,51.333503043997176,0.4189631347084924,0,18,8,50,53.38,51.76,66.02,52.1,50.66,53.95,49.39,53.04
967,37905,56.29,51.89675587919805,0.4105390955098255,0,15,8,50,60.36,49.39,51.18,54.76,53.8,59.8,55.71,65.3
968,39920,54.22,52.0945729414874,0.4137444027398349,0,10,8,50,53.58,59.3,51.78,53.4,51.08,56.18,53.24,55.21
969,39517,57.89,51.88545392188585,0.3736561204314104,0,11,8,50,62.44,61.04,56.02,56.09,62.58,59.37,51.28,54.27
970,42224,61.01,51.368372086964094,0.4013445099014603,2,12,8,50,58.92,62.75,60.44,56.11,65.58,68.68,60.28,55.34
971,39517,57.2,50.44349224789952,0.3404939450111838,0,11,8,50,63.53,63.95,49.51,48.97,61.99,55.56,64.2,49.92
972,37905,43.71,50.56485908446618,0.5898436344495543,0,15,8,50,39.28,45.09,40.57,39.24,47.62,51.28,38.75,47.82
973,36696,54.16,50.6734826491062,0.3888078580891816,0,18,8,50,58.99,60.33,49.9,55.52,50.15,48.89,60.61,48.91
974,37905,50.94,51.63495215596284,0.2788489827387836,0,15,8,50,49.35,57.28,57.45,45.74,46.74,47.46,54.12,49.37
975,37905,42.74,50.3674061140024,0.3821656737281108,0,15,8,50,41.29,41.21,38.02,38.22,48.12,40.52,43.14,51.41
976,37905,50.09,51.25487317084906,0.364796173971855,0,15,8,50,52.09,45.99,52.95,42.64,51.32,51.44,53.39,50.87
977,39114,47.37,51.24764912170166,0.4262612698994569,0,12,8,50,42.27,43.12,49.17,43.75,56.03,45.4,53.06,46.13
978,38711,58.33,49.94512723911765,0.3579742412788624,0,13,8,50,55.81,52.42,64.85,63.28,56.85,56.29,59.85,57.32
979,40323,59.45,50.99001059959385,0.3929855483198076,0,9,8,50,53.29,67.66,57.66,66.72,52.88,55.65,61.61,60.1
980,39114,60.26,51.98494908042817,0.3649741396832619,0,12,8,50,64.2,59.5,56.55,61.5,58.82,61.76,55.56,64.21
981,40323,46.32,50.99694317036814,0.4441939015865013,0,9,8,50,46.32,50.38,50.02,47.54,38.33,44.73,48.64,44.57
982,38711,62.67,50.4646625547317,0.3988347660694342,0,13,8,50,66.71,68.29,52.68,56.44,57.89,64.66,65.82,68.9
983,39114,58.82,50.10906772604307,0.3570969552964963,0,12,8,50,56.12,54.98,57.31,63.09,53.65,63.07,62.86,59.52
984,39114,56.1,52.30248412537197,0.3800964431516079,0,12,8,50,52.32,53.88,52.69,46.08,59.71,62.2,64.42,57.48
985,37502,52.78,50.938815264654345,0.414408775402232,0,16,8,50,51.73,48.48,60.94,53.25,56.74,50.45,47.29,53.35
986,37905,48.36,50.59494263975751,0.3652725135937253,0,15,8,50,43.22,40.52,48.58,43.72,48.27,54.06,54.95,53.6
987,38308,51.63,50.76772429842877,0.3369499175385677,0,14,8,50,48.65,52.02,50.41,56.41,43.87,55.9,53.9,51.89
988,45545,55.55,50.021487132499104,0.3861677616333211,2,5,8,50,56.25,53.02,62.7,57.08,48.77,53.87,54.67,58.01
989,37905,57.8,51.21379580004963,0.3732166266711765,0,15,8,50,59.82,65.01,60.06,62.51,52.61,62.75,52.67,46.94
990,38308,51.92,51.6420669022254,0.3135903442001947,0,14,8,50,45.12,53.0,47.02,50.37,61.83,49.75,54.91,53.34
991,39920,58.4,51.616280862654285,0.2934236193362327,0,10,8,50,55.11,55.78,57.06,66.68,53.85,59.2,63.26,56.24
992,39517,54.03,50.91286381790049,0.4072007243739228,0,11,8,50,53.89,60.15,50.49,49.83,58.93,50.28,49.41,59.23
993,36293,55.39,51.441484113863645,0.2512285231706436,0,19,8,50,50.87,53.12,61.41,55.09,62.59,52.7,50.98,56.39
994,40323,59.5,53.144289652294056,0.3742629717885279,0,9,8,50,61.81,55.52,58.74,53.1,68.79,60.56,52.27,65.18
995,37905,40.8,50.03453678051525,0.4536538908400138,0,15,8,50,39.11,43.32,34.61,43.91,39.15,38.59,40.54,47.17
996,37905,47.28,50.97834468523658,0.4783560796690123,0,15,8,50,45.57,51.45,48.8,38.83,44.51,50.39,48.98,49.67
997,38711,56.01,51.68929587642388,0.2811746048603174,0,13,8,50,64.31,58.49,56.32,57.01,51.32,53.33,58.82,48.46
998,39517,50.52,51.56790531267483,0.4520656117148942,0,11,8,50,44.86,46.54,51.68,44.64,56.31,55.45,51.43,53.26
999,38308,53.86,51.63941553632094,0.3833071285336917,0,14,8,50,50.61,51.34,49.99,46.3,57.76,56.18,59.52,59.21
1000,35890,66.24,51.03525764727739,0.3394752286611708,0,20,8,50,58.26,72.8,59.19,73.57,62.55,72.82,59.77,70.99
1001,37502,62.62,50.61397813079364,0.3185475071637104,0,16,8,50,58.95,54.41,69.66,72.04,62.04,68.48,56.46,58.9
1002,37905,65.14,52.678521793472456,0.3502705367996158,0,15,8,50,66.59,59.83,71.55,58.55,53.91,71.67,68.97,70.02
1003,39114,54.87,50.56523501642277,0.4392698670632675,0,12,8,50,49.63,56.99,55.21,58.97,58.33,57.08,46.33,56.46
1004,39517,49.33,51.65853250884913,0.3720836532976955,0,11,8,50,46.38,51.81,48.11,52.05,52.81,50.33,51.92,41.22
1005,40323,50.94,50.2708022812176,0.3906840561982542,0,9,8,50,48.05,56.33,42.73,54.73,56.85,53.29,43.01,52.55
1006,37905,44.36,52.10789507188316,0.3765407055174232,0,15,8,50,44.81,43.91,47.89,40.47,46.09,39.48,40.83,51.37
1007,39920,54.13,51.70896580561416,0.3750020499845997,0,10,8,50,52.57,54.06,52.02,54.95,53.04,50.29,57.48,58.64
1008,39920,50.29,52.04629344924788,0.4381535349270091,0,10,8,50,46.32,50.06,54.37,44.39,58.61,50.79,56.47,41.3
1009,42627,51.69,52.00038734746882,0.3367018411054578,2,11,8,50,60.31,51.17,43.74,45.89,46.49,57.67,54.94,53.28
1010,40323,47.63,51.15533736214812,0.4420860530029747,0,9,8,50,52.31,51.42,39.85,52.48,43.52,54.83,39.47,47.18
1011,39114,50.04,51.88011652411199,0.3678482041725809,0,12,8,50,46.81,58.97,49.73,45.94,45.44,59.95,46.08,47.37
1012,37905,53.98,51.68663374517872,0.4370130256173258,0,15,8,50,52.88,61.4,58.85,45.28,52.78,61.76,52.27,46.65
1013,39920,46.76,50.78204322656784,0.4358450251907112,0,10,8,50,48.71,37.8,53.81,41.9,40.17,52.55,46.77,52.38
1014,39114,67.42,52.8081824839813,0.3887843998460804,0,12,8,50,70.22,58.13,65.07,72.78,68.92,57.06,71.82,75.4
1015,39114,55.17,51.11242166701414,0.4439337205449597,0,12,8,50,58.63,63.1,55.32,57.35,49.57,53.38,49.01,55.01
1016,39114,55.91,50.79479175876522,0.4820103506034935,0,12,8,50,56.18,49.66,66.87,62.1,50.41,53.95,54.68,53.44
1017,38711,49.12,50.36965284282238,0.3668752428037025,0,13,8,50,50.78,47.27,45.88,50.47,46.22,48.86,46.84,56.66
1018,40726,64.66,50.334194673743255,0.3289614745702028,0,8,8,50,66.46,68.08,55.09,67.53,62.22,69.92,69.39,58.59
1019,38711,53.71,51.11445833118103,0.3366323261152896,0,13,8,50,56.47,61.74,59.31,48.3,55.63,51.65,54.07,42.52
1020,39920,47.79,51.82180623466781,0.4199668604704518,0,10,8,50,46.07,44.33,43.62,47.15,46.47,45.24,56.94,52.48
1021,44642,52.58,51.80330897111874,0.3656942997552129,2,6,8,50,47.85,48.5,51.47,52.86,63.88,56.0,46.03,54.03
1022,39114,42.19,52.298084505575794,0.4488182053926514,0,12,8,50,39.72,50.73,38.07,42.48,35.51,39.56,47.35,44.1
1023,37905,51.2,50.22343838719699,0.4015572026601151,0,15,8,50,54.45,60.13,50.08,45.22,50.47,42.95,48.39,57.87
1024,37502,56.56,50.63179985700396,0.4535761449657183,0,16,8,50,53.31,65.81,56.27,47.19,55.48,50.57,60.51,63.34
1025,43584,56.16,50.50973600443859,0.3922657995617648,1,7,8,50,59.84,56.2,50.38,52.06,47.24,65.29,55.99,62.25
1026,37905,49.35,51.68167096422629,0.5172834434072814,0,15,8,50,49.15,44.44,51.63,46.95,53.81,44.99,50.79,53.05
1027,43836,49.78,51.19419616400972,0.4229817849835879,2,8,8,50,48.61,44.97,49.68,55.88,58.39,44.72,43.44,52.55
1028,37905,49.86,51.84472343263043,0.3105553586275855,0,15,8,50,47.1,52.57,57.88,47.68,51.31,48.74,50.66,42.96
1029,40726,63.51,51.48593749029298,0.3419569460005633,0,8,8,50,69.52,58.8,66.39,60.84,58.06,59.76,69.99,64.74
1030,39114,42.04,51.006936341500975,0.3225907898268362,0,12,8,50,48.61,46.51,44.6,38.77,38.59,35.57,38.83,44.87
1031,39920,56.38,52.409812165617055,0.3117271499281843,0,10,8,50,51.81,68.53,58.75,52.97,56.32,57.46,48.12,57.11
1032,41532,41.14,51.15698816392093,0.3942732075246875,0,6,8,50,42.35,35.31,40.7,43.09,36.84,42.14,44.12,44.6
1033,35890,50.06,51.26004759455476,0.3672448695050928,0,20,8,50,49.89,46.43,53.38,51.22,53.67,47.94,45.69,52.3
1034,37502,47.54,52.24726629714432,0.3267691994919807,0,16,8,50,42.7,48.94,46.19,46.56,45.61,48.48,51.94,49.88
1035,39517,52.93,50.87113728652716,0.3296641011814892,0,11,8,50,52.7,52.9,59.62,45.98,56.08,55.05,54.02,47.1
1036,39920,50.63,50.68741175002314,0.3263022851138619,0,10,8,50,49.39,44.73,51.92,45.79,55.73,54.7,55.78,47.02
1037,37502,46.13,51.51065775649029,0.4585400202048866,0,16,8,50,44.01,46.03,47.36,48.98,44.27,44.58,47.61,46.18
1038,37905,52.37,51.66266888922807,0.3541464813600436,0,15,8,50,54.32,55.01,52.37,51.99,50.73,47.75,57.11,49.68
1039,39920,55.83,50.109967770204754,0.3761578522160863,0,10,8,50,53.59,49.33,61.39,51.32,57.47,55.52,57.24,60.8
1040,38711,42.29,51.62391896918873,0.333457198051144,0,13,8,50,49.07,39.39,46.93,43.15,33.66,40.41,46.65,39.08
1041,40323,56.24,51.40742283474321,0.2790816474466061,0,9,8,50,53.56,49.23,64.05,49.08,57.68,59.08,58.7,58.58
1042,43433,58.58,50.597077358410765,0.3237008300994111,2,9,8,50,56.83,60.71,58.23,60.04,57.74,63.53,54.31,57.23
1043,39517,55.8,51.430641746826055,0.4112829038418019,0,11,8,50,49.97,51.31,57.01,65.5,63.12,51.96,54.65,52.85
1044,37502,67.02,51.33072389992218,0.3829369239776437,0,16,8,50,59.08,75.26,61.86,77.77,65.95,59.99,59.99,76.26
1045,37905,49.14,50.479253021446326,0.4440394894630302,0,15,8,50,53.24,49.53,48.44,48.53,54.03,41.52,44.27,53.56
1046,38711,55.81,50.841898419128334,0.4404385074129584,0,13,8,50,50.52,58.16,52.74,50.69,61.4,60.08,59.32,53.59
1047,35487,60.33,51.69508743414555,0.2788020706717712,0,21,8,50,55.36,60.28,65.59,63.65,64.36,59.97,58.0,55.41
1048,39920,43.33,51.62054141957169,0.3713312496054739,0,10,8,50,42.87,50.48,48.17,37.0,42.85,38.37,43.62,43.31
1049,36293,42.37,51.19149591082859,0.3911432267550397,0,19,8,50,37.77,46.69,44.89,46.11,35.8,37.28,43.09,47.34
1050,38711,55.56,50.10133876846486,0.3985219616155818,0,13,8,50,59.38,49.91,53.45,64.73,47.11,56.9,57.28,55.68
1051,38711,48.16,50.90844151938754,0.3886428629791202,0,13,8,50,54.12,44.3,49.65,43.75,53.91,54.95,41.35,43.27
1052,46855,59.13,51.89550716507885,0.4160264637258783,4,5,8,50,71.34,62.2,51.11,53.1,56.62,53.35,72.29,53.02
1053,39114,49.67,51.494120897560165,0.4164111356002138,0,12,8,50,43.55,49.17,46.37,51.53,53.01,49.74,50.35,53.67
1054,36696,49.76,52.14703851908574,0.3493629362304599,0,18,8,50,50.68,55.33,44.04,46.58,47.42,54.81,51.5,47.74
1055,37502,54.87,50.503777774503305,0.4251466184165715,0,16,8,50,63.92,60.45,58.22,55.89,46.03,50.75,49.15,54.57
1056,38308,48.6,51.1646618896179,0.3412692426376824,0,14,8,50,44.41,53.21,52.77,43.79,47.35,52.27,46.67,48.29
1057,36696,63.13,51.53550105812752,0.3780467795599712,0,18,8,50,58.83,70.5,65.58,72.96,57.64,64.62,57.53,57.36
1058,40323,63.56,51.284544892807865,0.4589772950709109,0,9,8,50,68.08,69.27,60.46,57.22,66.88,66.21,60.19,60.16
1059,41532,57.44,51.81045638117676,0.3944413556756048,0,6,8,50,60.26,55.01,61.72,55.14,49.33,50.55,64.47,63.0
1060,43030,46.34,51.61574576483512,0.377769991945462,2,10,8,50,46.92,49.62,48.2,42.5,47.49,48.3,38.51,49.17
1061,36293,69.24,51.09264867164339,0.2962105635336641,0,19,8,50,61.28,76.37,77.34,70.19,57.03,69.79,71.3,70.6
1062,43433,64.31,50.88510296711092,0.3594415295274808,2,9,8,50,64.13,72.92,59.24,68.7,60.02,64.31,66.52,58.61
1063,37099,53.8,50.79121557123634,0.3491564953914887,0,17,8,50,47.71,48.93,59.98,60.9,50.3,49.87,59.28,53.44
1064,39114,45.61,51.07516968005925,0.3164521126656736,0,12,8,50,49.56,42.14,40.55,43.71,46.65,49.85,41.81,50.58
1065,38308,60.82,51.7909107801552,0.3358500388858088,0,14,8,50,52.69,58.62,57.51,60.79,70.52,64.54,65.95,55.93
1066,38711,52.23,51.098551089848776,0.4205820646028939,0,13,8,50,52.82,48.64,49.97,54.09,60.14,55.26,47.82,49.09
1067,38308,49.31,50.988014191064735,0.4194618663440074,0,14,8,50,50.09,50.64,48.51,41.43,46.99,51.97,50.48,54.37
1068,39920,61.84,51.12820856211867,0.309286394698483,0,10,8,50,61.6,61.86,61.92,66.1,57.23,60.9,67.04,58.04
1069,37905,53.16,50.93236921144222,0.4155551506206612,0,15,8,50,51.9,60.81,56.19,46.33,45.89,57.43,51.04,55.66
1070,41129,55.54,52.70392479905988,0.3873708945146474,0,7,8,50,54.79,54.9,53.33,54.67,52.48,52.86,61.87,59.4
1071,38711,53.54,51.64286196958747,0.4215082476032535,0,13,8,50,53.67,55.31,52.79,54.98,50.55,54.21,56.84,49.98
1072,38711,54.69,50.884004959178526,0.2921484127786468,0,13,8,50,51.23,57.9,55.22,51.05,52.9,61.16,54.98,53.1
1073,38711,55.89,50.45589690444187,0.3452685782101082,0,13,8,50,56.89,61.41,66.52,47.84,51.55,58.05,52.06,52.8
1074,44743,56.12,51.78555582461026,0.3775633354510084,4,9,8,50,62.34,58.37,53.02,52.45,61.51,55.57,50.62,55.04
1075,37905,53.23,50.69905460013831,0.3018181547016627,0,15,8,50,48.55,49.14,59.53,56.17,48.88,49.5,49.83,64.21
1076,35890,49.4,51.3332303897285,0.3774150536614559,0,20,8,50,39.84,54.98,56.76,52.3,43.01,50.52,44.1,53.67
1077,39114,50.96,50.4683889435623,0.436543613241844,0,12,8,50,47.08,59.72,52.65,44.67,53.68,48.26,56.03,45.61
1078,37099,60.02,50.941462173349166,0.4050369170793054,0,17,8,50,62.6,58.59,53.14,68.05,66.61,49.64,62.41,59.14
1079,38308,56.32,51.73069406050519,0.3222524744663065,0,14,8,50,59.0,56.88,60.54,51.87,58.11,60.62,48.65,54.92
1080,36293,54.5,51.44651239077843,0.3730501712523126,0,19,8,50,43.09,59.14,60.38,55.99,51.91,59.69,53.92,51.91
1081,39920,54.28,50.00509474977236,0.3537483917189713,0,10,8,50,50.52,49.14,59.77,50.62,56.57,55.33,52.76,59.52
1082,37905,59.75,51.29729004013155,0.4052558528123992,0,15,8,50,59.46,58.43,57.84,51.57,56.37,67.47,59.54,67.3
1083,43433,59.71,52.50196024199562,0.3879077935703333,2,9,8,50,52.04,67.61,67.33,62.94,49.2,62.11,55.35,61.07
1084,37905,53.73,51.38802555766511,0.3739511785335137,0,15,8,50,57.62,54.07,47.07,55.3,55.24,56.44,53.84,50.27
1085,38308,55.92,50.96248479084405,0.3257056474392882,0,14,8,50,59.17,53.94,60.11,54.87,54.5,56.59,55.96,52.25
1086,37905,54.29,50.15910045816465,0.3452386058462585,0,15,8,50,50.49,63.02,50.22,52.04,56.93,50.71,52.56,58.37
1087,41129,56.56,51.28687379511858,0.383016116604006,0,7,8,50,49.21,52.04,58.48,56.4,65.17,52.31,55.47,63.37
1088,39920,46.92,51.935878284789055,0.3413305689379198,0,10,8,50,49.48,43.01,41.75,46.96,53.58,43.64,52.67,44.25
1089,38711,67.19,51.04674809237469,0.3613805365327461,0,13,8,50,70.54,67.26,64.77,72.59,59.28,70.59,70.92,61.57
1090,40323,59.02,51.87554259324594,0.3919520769514856,0,9,8,50,63.91,59.79,62.61,48.95,57.18,61.69,62.94,55.13
1091,40323,53.77,51.66664759130219,0.4010512028292383,0,9,8,50,59.96,50.85,52.31,51.16,48.58,50.6,60.01,56.7
1092,39517,53.74,51.64834981487873,0.3894705603402465,0,11,8,50,48.78,58.22,58.15,55.81,60.72,50.28,49.42,48.55
1093,37905,60.52,52.81707349054364,0.3344770498760336,0,15,8,50,70.07,51.64,52.21,58.47,55.18,70.89,61.8,63.89
1094,40726,50.07,51.672731162349656,0.3533301494596642,0,8,8,50,59.69,48.9,46.59,54.23,47.38,47.17,42.02,54.55
1095,39920,55.04,51.10798453426445,0.3536166281220584,0,10,8,50,51.38,65.78,58.49,48.89,55.88,57.65,50.87,51.34
1096,39920,62.18,50.74733444387615,0.3518866711290878,0,10,8,50,65.75,58.16,57.88,65.73,61.32,66.27,58.76,63.56
1097,36293,62.72,51.25922495089134,0.4662114207468491,0,19,8,50,65.37,61.74,61.36,58.3,67.79,55.93,63.95,67.3
1098,37905,56.53,51.39429975177236,0.3930819312267421,0,15,8,50,47.66,61.79,53.48,56.46,62.79,54.19,55.31,60.59
1099,43433,48.58,50.22548628579614,0.3779825812654278,2,9,8,50,46.39,48.67,49.04,41.43,47.18,59.08,48.14,48.75
1100,39517,56.5,50.69476804245842,0.4438442257520836,0,11,8,50,47.01,48.04,63.76,55.91,58.61,65.97,58.1,54.6
1101,39517,54.64,51.1978922899909,0.3702124030212019,0,11,8,50,54.28,50.91,57.81,51.86,54.53,54.53,53.21,59.98
1102,38711,53.11,50.91177559147145,0.2290580127097083,0,13,8,50,50.43,45.07,60.8,56.63,54.7,52.44,53.84,51.01
1103,38308,52.79,49.80267346731129,0.436045444884842,0,14,8,50,48.54,52.29,58.65,52.04,53.67,53.55,48.8,54.79
1104,39517,51.64,50.99694781478788,0.4396537069267718,0,11,8,50,51.07,51.12,51.67,53.79,47.63,53.26,58.64,45.96
1105,39920,54.54,52.13752627484061,0.3292077357727445,0,10,8,50,53.53,54.31,55.09,59.17,55.36,52.92,51.7,54.28
1106,39517,51.2,52.280995185257645,0.3404478434985736,0,11,8,50,54.51,50.71,48.18,44.88,55.07,59.78,45.71,50.78
1107,41821,55.08,52.01570481451623,0.3635708380736136,2,13,8,50,52.9,57.88,55.7,57.26,57.68,46.2,63.31,49.7
1108,39517,53.72,51.05781264208232,0.4195604690403967,0,11,8,50,56.26,49.61,49.23,53.35,49.93,56.43,54.86,60.11
1109,38711,54.83,50.96469870073485,0.4303573179544486,0,13,8,50,53.21,49.48,53.29,53.84,48.23,58.26,58.14,64.18
1110,38308,64.31,51.356935097405454,0.4333668751354229,0,14,8,50,69.3,53.73,67.52,74.74,53.86,66.14,72.07,57.12
1111,38308,55.23,51.69741964161784,0.2900666095435782,0,14,8,50,55.89,53.4,56.94,48.11,50.96,60.03,53.27,63.22
1112,38308,51.86,50.86869708500935,0.3891718635162991,0,14,8,50,52.11,54.51,49.88,56.36,45.13,48.01,60.57,48.28
1113,37502,51.0,50.64230115749841,0.221416991768782,0,16,8,50,59.13,55.06,46.48,45.32,46.2,48.25,49.16,58.41
1114,39517,61.32,49.9186976669413,0.422496648711517,0,11,8,50,54.47,54.54,68.35,63.22,69.54,58.82,59.28,62.31
1115,39920,48.14,50.49228824200604,0.3094613177183675,0,10,8,50,49.9,52.89,42.89,54.79,43.8,52.09,39.69,49.08
1116,38308,47.24,51.70493123983916,0.3868828669450527,0,14,8,50,54.45,41.51,50.48,45.31,41.76,53.13,48.84,42.48
1117,41418,51.45,51.68167832598992,0.2769704915568117,2,14,8,50,49.56,54.56,58.01,42.21,49.5,56.14,48.23,53.4
1118,43433,52.44,51.20113729956069,0.3500596252702739,2,9,8,50,46.89,55.61,54.95,51.35,51.73,49.53,60.07,49.43
1119,44491,63.37,51.214301069626224,0.2704151475290785,3,8,8,50,67.46,58.54,58.41,61.26,58.82,69.87,63.31,69.3
1120,39517,53.18,50.93319176947525,0.381810606899716,0,11,8,50,58.67,60.1,46.3,48.48,58.01,58.34,45.03,50.49
1121,36293,47.28,51.0700661281536,0.3264511684362655,0,19,8,50,46.85,50.72,44.24,50.56,48.54,50.36,43.97,43.03
1122,42778,56.03,52.647735889884125,0.4759369706179011,1,9,8,50,54.89,50.45,65.21,53.24,63.14,53.83,49.32,58.19
1123,40726,47.2,52.24403058051357,0.3246179450109137,0,8,8,50,50.46,49.53,51.81,46.39,45.04,42.84,44.49,47.05
1124,39517,47.66,51.758311085418505,0.3240574816679047,0,11,8,50,42.05,43.14,50.62,57.65,53.03,41.32,46.49,47.0
1125,38308,57.84,52.696074129063696,0.3287067000975911,0,14,8,50,60.35,60.91,57.83,57.41,53.69,55.2,54.97,62.33
1126,36696,55.13,52.93254568530115,0.3633867622420688,0,18,8,50,49.38,60.27,50.01,60.96,60.63,49.91,48.83,61.09
1127,39920,56.24,51.80898024209692,0.4507595097433633,0,10,8,50,51.28,56.94,60.52,58.94,63.17,53.86,51.87,53.36
1128,43836,56.35,51.8126694863655,0.3381812568455575,2,8,8,50,61.56,49.2,55.45,58.53,58.26,59.78,48.67,59.32
1129,36696,55.18,50.67130911067548,0.3711464574676652,0,18,8,50,46.52,59.7,57.96,58.79,59.41,52.18,60.97,45.88
1130,36293,49.72,51.99424245118418,0.3686792198968586,0,19,8,50,45.87,51.49,44.68,46.27,47.09,45.33,60.35,56.65
1131,37502,54.0,52.061459292504246,0.3389516166708733,0,16,8,50,62.68,51.18,53.33,48.54,64.25,52.4,49.22,50.4
1132,40726,46.54,52.34851891159202,0.3171051327502899,0,8,8,50,44.82,50.35,45.51,48.56,45.19,44.08,45.13,48.69
1133,39517,49.17,51.58641459701386,0.3788168876829839,0,11,8,50,42.56,43.85,47.85,51.84,51.21,53.37,46.27,56.42
1134,39114,52.45,51.04583931181138,0.2879919435000843,0,12,8,50,50.75,57.11,52.11,57.95,51.6,51.24,51.4,47.45
1135,36696,53.43,51.60461155452566,0.454104162384938,0,18,8,50,50.13,47.26,50.75,53.96,56.66,50.4,58.96,59.31
1136,39920,56.64,51.53048741392654,0.3735703667494354,0,10,8,50,57.86,58.74,65.63,56.64,47.94,51.64,57.79,56.84
1137,45297,57.49,51.79134624867963,0.3475375414105086,3,6,8,50,60.07,56.73,58.92,66.59,57.38,52.5,54.61,53.14
1138,39920,49.87,52.42984295232688,0.3996728146181853,0,10,8,50,48.36,47.71,50.67,54.71,51.65,50.18,45.8,49.87
1139,37099,54.61,50.030406293562805,0.3857359404795878,0,17,8,50,48.49,50.94,51.57,58.14,61.35,56.12,53.76,56.51
1140,36696,53.75,51.309638361739154,0.3196589391257422,0,18,8,50,47.61,57.16,55.27,55.95,50.55,58.17,59.51,45.77
1141,43937,61.99,51.195806493895766,0.3409938651248002,4,11,8,50,63.16,59.28,52.36,66.53,61.9,63.87,65.0,63.81
1142,38308,48.16,51.83057150655907,0.3888565044030316,0,14,8,50,42.7,53.81,49.53,47.89,44.14,47.89,53.05,46.24
1143,39517,60.79,51.15356267907757,0.348028837186025,0,11,8,50,59.29,63.76,52.71,52.72,55.74,65.26,63.57,73.27
1144,39517,59.64,51.942607214356144,0.3944395540882735,0,11,8,50,68.19,53.23,67.8,62.97,51.71,65.5,54.86,52.82
1145,40726,54.4,52.03560368956268,0.3476827618713478,0,8,8,50,50.57,56.82,55.8,58.43,51.49,58.49,46.07,57.53
1146,41129,50.25,51.22459258449871,0.3779957209786293,0,7,8,50,53.38,47.41,52.35,51.02,44.97,48.91,48.89,55.04
1147,40726,61.87,52.71771583636031,0.3429879760912815,0,8,8,50,64.4,68.42,54.4,71.1,58.67,57.74,60.1,60.13
1148,35890,59.64,51.45151199018599,0.4199908353799405,0,20,8,50,66.84,56.89,66.68,48.52,63.43,54.96,59.79,59.99
1149,36696,61.44,51.808285047631294,0.4184268166602576,0,18,8,50,71.23,65.22,50.72,58.76,64.5,67.43,54.81,58.89
1150,39920,45.22,51.12110483113366,0.3254092390665295,0,10,8,50,43.65,47.27,42.17,50.33,44.43,50.21,40.88,42.81
1151,37905,49.11,51.4443683100406,0.3266101385117182,0,15,8,50,46.08,43.68,52.76,47.4,47.67,55.69,47.99,51.61
1152,37905,59.12,49.112901551779714,0.3292892400782793,0,15,8,50,67.73,55.02,62.1,59.96,58.95,62.68,55.52,51.03
1153,45545,56.92,52.82489799032871,0.4043534546861206,2,5,8,50,52.24,58.52,58.45,63.98,45.75,54.64,60.96,60.85
1154,40323,56.44,51.64262789112684,0.3905889756096737,0,9,8,50,58.08,56.16,57.37,62.81,51.81,55.69,50.84,58.77
1155,38308,59.47,52.67082749858084,0.3802622412339775,0,14,8,50,65.36,66.78,60.3,51.3,50.57,60.49,64.81,56.13
1156,44239,51.44,52.05715885953332,0.4877822694203712,2,7,8,50,58.76,54.87,49.21,47.4,57.72,50.23,41.15,52.17
1157,39920,48.76,52.306838762703926,0.3589054283651829,0,10,8,50,49.63,46.76,42.21,54.23,43.92,48.18,54.73,50.39
1158,40323,65.62,50.89855015237227,0.5085450857437687,0,9,8,50,61.57,72.96,65.07,66.42,63.22,64.36,59.71,71.69
1159,41129,59.75,52.5075249032793,0.3424472034658539,0,7,8,50,64.55,63.17,63.0,62.94,52.6,54.4,63.33,53.99
1160,39920,58.83,51.95059329823509,0.314689537422726,0,10,8,50,66.28,60.84,58.08,57.26,55.54,52.97,61.77,57.93
1161,40726,49.09,51.86230417512847,0.3188878499612256,0,8,8,50,51.03,45.04,51.27,54.05,50.41,44.16,46.3,50.43
1162,39920,67.42,51.36475181207284,0.4324960402851784,0,10,8,50,56.15,75.31,74.24,58.73,63.88,69.51,74.82,66.73
1163,41569,49.48,50.70618782705908,0.3360527077093725,1,12,8,50,50.66,54.2,48.13,49.71,53.09,52.37,43.36,44.33
1164,40323,52.48,51.49322774580867,0.3378229936866433,0,9,8,50,49.24,60.97,46.33,49.63,51.06,57.52,49.11,55.95
1165,39114,65.61,51.25010502543097,0.3213779760255527,0,12,8,50,64.8,67.56,67.48,61.32,69.8,69.31,64.95,59.69
1166,39517,51.26,51.51931279380578,0.3541703719970321,0,11,8,50,58.52,45.03,52.52,60.15,52.67,50.08,43.97,47.1
1167,39920,49.26,51.63953653236554,0.3557452689108699,0,10,8,50,52.93,45.47,45.93,45.82,49.1,48.24,54.26,52.37
1168,39920,50.71,51.958572487991134,0.2892341358776558,0,10,8,50,48.61,51.59,43.29,46.58,56.81,55.73,54.27,48.81
1169,43584,59.92,51.46491987604556,0.3265142355212403,1,7,8,50,53.81,60.15,61.32,64.35,62.5,63.96,57.63,55.62
1170,39114,62.76,51.97576109504375,0.2870084262636202,0,12,8,50,58.78,66.28,65.25,67.52,67.61,52.02,68.09,56.53
1171,37502,57.78,51.31956361529069,0.3187203881604226,0,16,8,50,49.42,61.6,60.38,59.16,61.95,53.61,51.92,64.22
1172,39517,55.39,51.10707715965872,0.3798212739254402,0,11,8,50,57.43,53.11,54.94,62.36,53.54,55.48,50.16,56.13
1173,38308,61.43,51.282619602148905,0.3256419846110509,0,14,8,50,63.92,63.44,68.01,51.6,70.96,59.03,52.97,61.49
1174,38711,52.08,52.24929691790509,0.378599714007692,0,13,8,50,58.33,46.08,50.09,50.14,47.25,57.27,49.45,58.07
1175,39517,60.35,51.72718275721756,0.4180117608025947,0,11,8,50,58.96,56.13,63.73,61.22,52.96,70.08,58.64,61.1
1176,36293,52.58,52.51453502938881,0.3597680746727251,0,19,8,50,44.97,55.81,56.58,50.52,53.28,53.64,45.87,59.93
1177,39114,56.26,51.89848572199708,0.4049695570145553,0,12,8,50,55.9,58.96,56.52,51.22,59.76,55.17,51.82,60.72
1178,38308,55.2,51.18138143411552,0.3336959938339744,0,14,8,50,55.9,60.78,57.23,49.29,46.87,53.37,59.33,58.81
1179,39517,66.1,50.69270095899024,0.3808036589350997,0,11,8,50,71.83,62.16,68.98,61.82,70.98,64.2,58.56,70.26
1180,38711,60.17,50.78594375517762,0.3862167923677541,0,13,8,50,63.41,58.52,62.75,60.05,63.79,59.25,58.32,55.27
1181,37905,54.99,51.950871451541424,0.375713682812043,0,15,8,50,57.54,44.71,57.98,54.5,61.57,50.19,56.8,56.65
1182,39114,49.49,50.42858843710573,0.3493440951902295,0,12,8,50,47.99,57.37,47.31,55.95,45.34,49.32,44.47,48.2
1183,43987,58.13,52.05138435781088,0.3605104407163734,1,6,8,50,57.98,60.67,56.1,64.21,54.16,61.31,61.35,49.25
1184,41129,54.48,50.680325295968366,0.3891972129317833,0,7,8,50,52.94,57.17,49.92,52.47,64.7,53.73,50.88,54.05
1185,37905,52.17,50.98801041946416,0.3873539711218021,0,15,8,50,51.7,48.57,59.48,55.08,56.28,45.83,52.64,47.77
1186,36293,56.58,52.48917194070794,0.2787043156829947,0,19,8,50,54.69,59.85,57.86,60.53,56.96,57.37,48.97,56.43
1187,40323,59.81,52.0543250045917,0.3311913733291821,0,9,8,50,63.09,66.59,50.07,62.55,62.13,57.94,55.68,60.45
1188,40726,57.9,51.12945045143584,0.3056804981795268,0,8,8,50,51.93,56.34,62.83,57.14,62.56,57.54,54.75,60.14
1189,43937,45.38,51.24343750168201,0.2446347110979974,4,11,8,50,40.68,42.52,48.67,42.28,52.56,47.56,39.91,48.84
1190,38711,52.96,53.66289725121891,0.3119643761565447,0,13,8,50,50.95,58.04,50.52,52.81,48.11,53.11,58.71,51.41
1191,40726,58.67,52.19342987853983,0.3540487147745036,0,8,8,50,62.53,61.25,60.78,58.19,53.86,54.6,55.87,62.26
1192,39517,55.58,51.40206368449785,0.3712535910851423,0,11,8,50,57.46,56.8,51.26,55.79,57.05,58.18,56.91,51.17
1193,39114,63.37,52.9129111984028,0.2799506009956775,0,12,8,50,68.41,59.42,69.28,54.63,64.77,63.96,64.09,62.39
1194,39517,63.4,50.80768148774394,0.3490936745815575,0,11,8,50,58.52,66.9,69.37,62.11,64.55,64.49,61.29,59.93
1195,37905,56.28,51.10414710746774,0.3683894660493857,0,15,8,50,54.45,57.39,53.32,60.11,61.3,50.76,51.84,61.11
1196,38308,54.52,51.775179624234006,0.3663966215589085,0,14,8,50,62.99,55.94,46.14,56.19,51.13,50.84,58.8,54.15
1197,37905,63.01,51.042522867633146,0.2793237903147704,0,15,8,50,59.4,66.81,58.71,61.29,58.31,70.58,62.89,66.07
1198,40726,41.48,50.788249392624365,0.3111979356389671,0,8,8,50,49.38,43.81,40.17,37.16,36.19,39.13,40.35,45.69
1199,37905,49.92,51.76348213491215,0.3027767388149494,0,15,8,50,47.31,45.55,56.79,51.35,49.06,49.21,43.85,56.26
1200,39114,55.63,51.469813873168654,0.2790933299035618,0,12,8,50,53.54,55.34,63.35,49.96,54.92,65.17,52.15,50.61
1201,43836,51.98,51.10127643044697,0.4933437615685204,2,8,8,50,59.61,47.58,53.29,49.78,46.07,56.95,53.29,49.28
1202,37905,57.99,51.631407615359656,0.4335632055361181,0,15,8,50,47.13,60.74,56.95,60.66,62.79,53.78,59.08,62.82
1203,45549,45.08,51.86035029920512,0.3213593830167391,4,7,8,50,41.78,46.84,50.24,44.91,48.62,41.72,37.44,49.09
1204,43584,50.83,51.93646722517798,0.3544005746304018,1,7,8,50,48.44,50.06,44.13,50.36,47.53,50.53,58.86,56.7
1205,39517,55.91,51.628729299267896,0.4208224474258145,0,11,8,50,50.61,63.23,53.61,50.39,60.66,55.84,55.01,57.9
1206,40726,57.13,51.0635005667746,0.3012119646241609,0,8,8,50,52.43,54.9,59.67,55.69,50.22,58.71,65.3,60.12
1207,40726,57.45,50.94063241970116,0.3175348289512301,0,8,8,50,50.5,64.82,58.28,52.68,52.99,66.67,49.66,64.0
1208,40323,60.26,50.511631451126384,0.3711344207804928,0,9,8,50,54.99,65.61,61.93,62.24,57.16,59.4,58.4,62.31
1209,38308,51.51,49.34030307797616,0.3313940958053348,0,14,8,50,55.8,51.87,54.45,50.47,45.42,44.5,55.05,54.54
1210,35487,49.07,51.20172927940524,0.3318937865534095,0,21,8,50,55.48,44.46,42.73,57.5,44.74,56.01,50.69,40.97
1211,36696,59.78,51.31624647649369,0.3407980993519262,0,18,8,50,57.88,48.93,62.85,60.96,65.61,65.28,59.58,57.15
1212,38711,54.9,52.26543987002744,0.31523759022943,0,13,8,50,58.22,50.04,54.95,50.56,52.36,55.64,64.18,53.29
1213,39114,58.98,52.44098281022118,0.3514625494102626,0,12,8,50,69.84,54.62,52.57,55.8,56.18,59.73,62.69,60.42
1214,39517,58.55,51.82655967091048,0.3435592299148623,0,11,8,50,56.81,57.04,58.06,61.0,52.62,62.73,56.24,63.92
1215,39517,52.74,51.78916820963183,0.3181737700850592,0,11,8,50,54.8,52.05,48.64,50.4,51.46,56.78,54.44,53.34
1216,38711,55.72,50.17377171138413,0.2847887214249625,0,13,8,50,53.2,52.23,57.55,52.89,57.94,63.09,52.69,56.16
1217,38711,49.47,51.58722660821695,0.3717854116791682,0,13,8,50,54.47,43.97,45.18,51.59,48.36,51.28,51.98,48.95
1218,42435,51.83,51.58905838222133,0.2898366800022868,0,5,8,50,55.92,47.19,51.91,50.62,52.87,49.11,51.27,55.76
1219,36293,54.57,50.52683488658695,0.3153318167800889,0,19,8,50,53.25,59.86,48.29,59.41,60.97,52.07,55.89,46.83
1220,45545,65.82,51.18234160446022,0.3621425105810363,2,5,8,50,70.15,61.33,60.12,73.8,66.99,70.11,61.79,62.23
1221,38308,56.47,52.61666469026664,0.4392167051042192,0,14,8,50,60.39,61.69,54.97,48.76,53.23,66.57,50.33,55.84
1222,38711,49.57,51.81106849690677,0.3925877303046949,0,13,8,50,47.33,55.47,43.64,56.29,45.16,44.04,56.97,47.69
1223,42588,51.88,51.317618926619005,0.2972440935170539,0,4,8,50,56.98,53.79,48.88,52.77,44.02,55.99,55.53,47.04
1224,45801,56.27,50.571411199192845,0.4189441757628453,5,8,8,50,52.27,65.85,57.31,51.93,53.76,52.97,61.09,55.01
1225,40726,54.72,51.49904250568242,0.3854370124282307,0,8,8,50,49.65,47.05,55.18,54.96,57.25,51.14,59.97,62.53
1226,38711,53.24,51.243504271106254,0.2828145813102142,0,13,8,50,52.0,51.28,54.71,51.46,59.05,49.48,48.81,59.14
1227,37099,62.94,51.54822203353669,0.3739215383122836,0,17,8,50,71.14,66.14,57.94,54.73,64.1,60.66,57.49,71.35
1228,38308,47.16,52.39330338173252,0.2909699192765163,0,14,8,50,46.51,47.03,42.44,46.83,47.65,51.62,51.97,43.24
1229,39114,48.65,52.73739775813712,0.3100567420533847,0,12,8,50,48.62,46.63,57.43,48.82,42.67,50.07,47.59,47.38
1230,43584,60.41,51.5547102602858,0.3425627726676804,1,7,8,50,51.78,66.71,51.81,61.37,52.64,65.83,63.83,69.35
1231,38308,59.3,50.50537089842372,0.2949873963147068,0,14,8,50,60.31,58.39,54.04,54.68,60.01,63.81,55.02,68.15
1232,42435,48.62,51.16856668085211,0.2617659568097949,0,5,8,50,46.43,53.98,45.13,48.48,48.32,46.11,50.94,49.57
1233,40323,53.34,51.25374516530386,0.3107995454259384,0,9,8,50,57.69,44.84,59.23,49.83,53.34,50.94,60.47,50.4
1234,41821,56.1,52.549996021060174,0.2644868738083495,2,13,8,50,61.18,59.19,60.14,46.24,57.68,51.76,51.06,61.55
1235,38308,50.93,51.52505870310177,0.3740020292804509,0,14,8,50,50.32,50.91,51.98,46.78,50.1,56.29,50.28,50.82
1236,44642,52.53,51.85057143212149,0.3461204841516034,2,6,8,50,58.39,52.04,48.7,62.36,53.14,50.69,47.67,47.24
1237,39114,53.27,51.27971860263986,0.2587172670782238,0,12,8,50,55.09,59.55,48.4,57.69,50.45,56.67,51.37,46.91
1238,39517,49.61,52.06411152839157,0.350581199009864,0,11,8,50,54.42,46.04,51.89,45.83,52.11,46.83,45.81,53.94
1239,38308,49.8,51.51508598792551,0.2763279052425865,0,14,8,50,53.14,47.29,46.66,58.71,43.12,54.14,46.44,48.89
1240,42224,57.53,50.845798108990735,0.3323495031297733,2,12,8,50,53.48,65.09,49.73,57.67,52.13,57.44,64.98,59.69
1241,39114,67.3,51.7213005140662,0.4565595314462785,0,12,8,50,59.41,69.85,69.76,61.51,74.64,60.48,72.73,70.05
1242,39920,57.18,51.28502470571435,0.4176578649282244,0,10,8,50,55.14,52.64,53.67,59.9,56.51,57.46,61.42,60.74
1243,43030,50.37,51.89075462784167,0.3317373081972168,2,10,8,50,45.57,43.28,51.86,55.08,54.57,42.77,54.66,55.14
1244,38711,55.42,52.68965766317645,0.3688123387104078,0,13,8,50,60.43,63.54,52.82,51.23,55.46,54.73,51.14,54.0
1245,36293,52.72,50.84822695347675,0.3719644589481825,0,19,8,50,59.49,48.27,50.8,51.1,49.62,51.97,58.87,51.68
1246,40323,51.56,51.33589416629732,0.2977316970078987,0,9,8,50,51.86,43.56,44.74,54.99,52.88,53.7,56.73,54.03
1247,39517,53.22,52.78779298769731,0.2915303809373616,0,11,8,50,54.93,43.91,53.78,62.07,48.86,57.49,54.34,50.42
1248,40726,62.7,50.9614410081947,0.4067458241430518,0,8,8,50,63.04,60.54,66.54,54.16,64.26,65.95,69.3,57.79
1249,41129,63.51,52.00678069806873,0.353151512673791,0,7,8,50,57.45,61.61,58.64,61.63,68.44,68.2,64.46,67.62
1250,39114,50.75,51.95958535900231,0.4029913782635752,0,12,8,50,51.38,41.81,54.25,53.48,49.12,52.42,55.79,47.77
1251,42778,59.56,51.764291541411296,0.3058497509592525,1,9,8,50,67.43,59.67,64.37,52.04,52.12,57.98,58.61,64.22
1252,41532,49.94,52.19040348451645,0.4097528952761573,0,6,8,50,42.11,54.9,49.62,48.66,53.03,43.61,52.15,55.46
1253,39114,55.77,50.85437953875406,0.3241068253875334,0,12,8,50,54.23,62.61,50.21,51.48,57.89,57.02,60.61,52.11
1254,43433,48.82,52.16956184033537,0.3148439629267381,2,9,8,50,53.3,42.62,47.47,55.79,47.01,51.35,44.94,48.06
1255,45952,56.96,51.933345413171466,0.3617345608443332,4,6,8,50,53.2,54.47,59.71,62.57,67.41,48.86,55.34,54.08
1256,39920,47.99,51.78412294771372,0.3456049482466477,0,10,8,50,47.53,47.93,57.9,42.11,45.64,55.63,44.31,42.87
1257,39517,58.66,51.05508487109896,0.4128348288699291,0,11,8,50,56.54,50.47,58.25,63.28,64.01,57.44,58.51,60.75
1258,41972,59.6,51.87389524116331,0.2796160928272249,1,11,8,50,69.91,63.77,54.49,58.59,52.76,53.92,58.75,64.63
1259,35487,53.14,52.32381157723376,0.3115240760140221,0,21,8,50,50.75,53.92,59.51,58.66,50.99,50.59,54.59,46.11
1260,44890,58.35,51.09139841535619,0.3678171577614731,1,5,8,50,49.98,53.46,62.87,64.07,64.05,55.47,50.98,65.93
1261,43030,60.85,51.28400138541402,0.3822598381549765,2,10,8,50,59.61,64.22,55.89,52.94,66.39,63.75,68.03,55.96
1262,38711,56.82,52.79660213115089,0.4377752369645331,0,13,8,50,58.0,59.67,65.14,62.19,50.66,48.97,48.75,61.18
1263,40323,53.69,51.94915480880465,0.2171737517259142,0,9,8,50,52.46,59.2,49.57,57.34,47.94,56.4,48.79,57.79
1264,39114,45.19,50.764045654606925,0.3451836022538034,0,12,8,50,45.89,44.8,43.61,41.84,53.89,47.71,42.15,41.66
1265,41532,57.73,50.92560505846662,0.3321762323776168,0,6,8,50,56.53,50.51,54.62,54.17,66.53,64.86,59.85,54.73
1266,39517,50.12,52.08185668618601,0.2523510322295436,0,11,8,50,49.11,55.12,48.34,50.77,43.25,57.41,45.74,51.24
1267,38308,58.37,52.25916587375536,0.3867873425755783,0,14,8,50,63.98,52.98,49.4,61.56,62.23,63.28,56.12,57.45
1268,44088,53.98,50.94598243585088,0.3372567192601818,3,9,8,50,47.67,56.25,46.98,58.5,57.54,49.55,54.78,60.55
1269,41129,64.84,52.83120809475553,0.3311597375590167,0,7,8,50,59.68,68.44,69.59,65.53,60.63,68.09,59.67,67.1
1270,41129,50.09,52.03462635749179,0.3532591352183384,0,7,8,50,47.57,57.51,46.86,50.44,50.9,48.17,48.77,50.5
1271,38711,51.5,50.448852090963385,0.3454074671183016,0,13,8,50,47.07,46.74,58.8,49.69,49.04,55.53,56.47,48.66
1272,37905,56.41,52.42627819929787,0.3271352451520986,0,15,8,50,64.34,51.18,56.72,60.79,53.83,63.13,50.57,50.71
1273,39920,54.63,52.315779888892735,0.3776487210816156,0,10,8,50,55.73,56.33,63.24,47.85,52.87,51.12,63.25,46.62
1274,38308,46.93,51.84418054309017,0.323685450075982,0,14,8,50,47.19,52.57,49.6,49.1,48.07,47.49,44.13,37.32
1275,40726,46.39,51.99663775074238,0.3772640342680862,0,8,8,50,49.79,41.35,46.45,43.03,52.26,43.04,49.42,45.77
1276,38308,61.76,51.37002026601144,0.4157047317842047,0,14,8,50,58.31,55.55,64.61,55.09,65.93,68.0,67.06,59.51
1277,39114,52.65,52.21131859650942,0.3317597036673578,0,12,8,50,58.23,59.5,50.3,53.49,50.14,53.85,49.57,46.11
1278,40323,58.2,51.45736194500659,0.3184784200765206,0,9,8,50,54.3,59.2,53.29,52.58,63.86,65.02,51.66,65.67
1279,39114,47.46,50.92498012593715,0.3246242767549896,0,12,8,50,48.0,50.78,45.18,47.64,45.7,46.0,47.83,48.56
1280,38711,55.3,51.80152234194262,0.2317141076216089,0,13,8,50,60.24,55.71,52.05,55.28,50.24,50.7,66.41,51.73
1281,41129,53.04,51.59255661572369,0.3549318678916708,0,7,8,50,58.79,50.04,50.46,44.84,55.64,51.44,58.09,55.04
1282,44088,62.28,53.02259725161496,0.3800543039088577,3,9,8,50,64.59,62.06,67.99,68.56,58.09,57.59,62.89,56.5
1283,39517,59.12,51.30314349939843,0.2999509937417914,0,11,8,50,52.71,66.64,68.41,55.16,61.57,55.8,52.02,60.61
1284,44239,45.42,53.54965966085764,0.2693183477000971,2,7,8,50,45.64,42.56,50.58,47.92,48.22,37.87,40.05,50.56
1285,42627,50.99,52.23377235451355,0.3949175655889009,2,11,8,50,55.93,60.09,48.29,45.29,51.66,47.09,45.1,54.46
1286,39517,61.72,50.817947940312045,0.3404473524761603,0,11,8,50,64.51,57.94,68.8,57.55,62.93,55.91,58.75,67.35
1287,39114,52.0,50.93114944862126,0.3102610226524198,0,12,8,50,50.1,56.39,52.74,47.88,55.65,54.39,49.43,49.41
1288,40323,57.31,51.62596803332898,0.3689228537591802,0,9,8,50,55.34,55.56,64.26,64.39,58.08,50.46,48.48,61.94
1289,40323,55.59,51.67764834833616,0.2619820018062168,0,9,8,50,55.29,49.59,57.21,59.25,57.27,51.42,59.82,54.85
1290,39517,54.88,51.80974956494819,0.2904871271501091,0,11,8,50,53.07,55.74,57.84,56.49,46.3,53.35,58.4,57.87
1291,37099,57.51,52.63758674517133,0.2809535754165152,0,17,8,50,67.44,54.28,56.75,54.37,59.5,55.47,59.61,52.63
1292,37905,55.35,51.31256987088151,0.4076753427327187,0,15,8,50,58.1,63.25,47.12,50.11,56.95,51.87,57.52,57.86
1293,38308,62.71,52.28954308628263,0.3737802516395709,0,14,8,50,67.67,70.59,57.63,58.21,57.06,66.57,57.12,66.85
1294,43836,61.32,51.83466000654068,0.3057731468934561,2,8,8,50,63.93,54.81,68.97,58.63,60.16,59.77,58.33,65.92
1295,39920,59.38,50.58675838266701,0.3681382535381198,0,10,8,50,56.39,64.86,60.49,65.77,49.04,60.03,60.29,58.13
1296,38711,52.75,52.15587858742825,0.3097918369976417,0,13,8,50,64.09,47.35,60.41,49.68,48.82,45.35,51.73,54.6
1297,41532,61.62,51.23040773437668,0.2952986638119792,0,6,8,50,60.07,68.3,52.93,66.79,54.78,68.33,56.16,65.61
1298,40323,60.41,51.36887510666507,0.4141057235489285,0,9,8,50,52.03,61.94,69.11,68.0,58.19,65.48,57.31,51.2
1299,37905,59.91,51.16201744660715,0.3886384249728316,0,15,8,50,68.41,60.2,59.8,67.58,55.57,57.3,54.9,55.55
1300,37905,60.59,51.66704778525417,0.3598330614362185,0,15,8,50,54.16,60.09,61.95,72.19,53.73,60.4,54.04,68.14
1301,39517,51.85,52.20512522281823,0.3631187870297227,0,11,8,50,52.06,55.05,57.96,45.4,46.38,44.71,53.9,59.32
1302,45952,60.22,51.617764075500496,0.3543272432916726,4,6,8,50,64.86,55.32,57.82,64.77,66.09,52.45,53.56,66.87
1303,37905,63.61,51.54471175585339,0.3042563600302895,0,15,8,50,65.83,68.09,59.03,56.04,63.46,67.89,60.06,68.45
1304,38711,50.33,52.74870808724137,0.336767319500654,0,13,8,50,46.46,56.37,47.11,46.75,45.12,59.29,49.67,51.9
1305,37099,54.4,52.87790202071877,0.3254377023496108,0,17,8,50,59.84,60.76,49.99,54.97,51.24,55.27,45.76,57.41
1306,42224,59.81,51.673121791071054,0.2818963513287854,2,12,8,50,65.61,50.7,68.19,67.06,53.21,53.42,62.74,57.55
1307,37502,44.39,50.04535960755968,0.3540764720822481,0,16,8,50,40.67,39.39,40.51,47.65,49.0,43.58,46.58,47.73
1308,38308,65.47,52.87342110645229,0.306043700470498,0,14,8,50,67.12,74.05,56.7,64.96,69.18,71.51,61.73,58.52
1309,42894,59.54,51.82124705229965,0.3447611983415199,0,2,8,50,58.07,66.58,49.9,63.0,57.04,58.28,56.87,66.58
1310,41129,54.08,50.616431874299664,0.3955856896820217,0,7,8,50,60.18,54.56,53.64,47.04,51.0,60.45,57.91,47.88
1311,38711,57.23,51.38484835171927,0.2723202575474933,0,13,8,50,51.78,52.01,52.38,55.88,60.46,65.36,58.98,61.0
1312,39114,49.2,52.212837531940735,0.3071749283329448,0,12,8,50,58.27,46.2,48.14,53.07,50.87,44.88,44.71,47.5
1313,39114,48.38,51.12050871212845,0.2833559365714802,0,12,8,50,44.83,51.06,54.6,50.13,52.35,42.86,48.09,43.16
1314,43181,51.77,52.20340189262608,0.3017787377481734,1,8,8,50,57.28,54.32,47.21,51.25,55.51,55.17,48.86,44.53
1315,38711,59.29,52.55945669347176,0.3159226104457915,0,13,8,50,63.89,62.51,56.61,57.28,64.72,56.05,61.66,51.6
1316,37502,54.75,52.95437237536024,0.2693224749532545,0,16,8,50,47.08,48.01,50.33,61.61,60.71,54.98,56.58,58.71
1317,42375,59.46,52.515933181875496,0.2882440257369597,1,10,8,50,58.1,69.61,53.86,57.07,70.06,62.21,50.71,54.03
1318,45545,67.99,51.42164441605461,0.2921923775439458,2,5,8,50,77.05,63.32,71.26,72.26,72.42,59.78,57.3,70.53
1319,39517,60.44,51.311550661961626,0.428248932080477,0,11,8,50,62.45,59.51,59.05,60.62,56.26,55.34,66.86,63.43
1320,39517,60.65,50.12734182735138,0.3307081508998547,0,11,8,50,49.85,62.27,67.09,55.46,65.71,63.35,65.59,55.87
1321,41129,61.34,51.56031455580427,0.2944646784884702,0,7,8,50,66.3,63.32,56.18,63.62,64.32,60.4,64.18,52.39
1322,45851,53.98,51.37646116839522,0.3508162467457056,2,3,8,50,58.04,53.62,50.28,53.18,49.99,53.82,58.06,54.88
1323,39920,51.57,51.38146789856131,0.3058796983766727,0,10,8,50,50.3,50.88,47.25,56.9,51.56,56.05,53.99,45.61
1324,39114,54.1,51.19823390756906,0.309387639063083,0,12,8,50,44.32,57.26,59.52,51.2,60.75,48.69,57.54,53.5
1325,41569,52.84,52.08293255899415,0.4318852086867242,1,12,8,50,53.94,54.41,51.34,55.44,56.26,46.24,55.47,49.62
1326,42588,56.47,50.77516960388776,0.2785076897762666,0,4,8,50,55.92,62.88,59.89,53.47,46.16,61.89,62.41,49.11
1327,40726,57.45,51.56076157580757,0.292579239180844,0,8,8,50,58.92,60.81,54.46,59.81,63.46,58.81,46.51,56.82
1328,45398,45.1,53.10382288950597,0.4076936148704044,5,9,8,50,42.09,48.03,50.74,41.45,41.04,50.97,49.33,37.18
1329,43987,52.4,52.94402799179544,0.3350170305279817,1,6,8,50,51.01,57.96,53.3,55.59,49.27,53.21,54.87,44.0
1330,39517,57.65,52.02886302419508,0.3250987671094229,0,11,8,50,58.14,57.49,58.45,58.04,51.56,60.46,56.53,60.51
1331,41129,50.54,52.67201936674874,0.342777734314315,0,7,8,50,55.85,52.57,52.43,47.1,52.0,44.14,53.72,46.48
1332,38308,47.02,50.93932594150095,0.2956348210644562,0,14,8,50,46.14,46.51,44.04,46.31,46.61,41.26,57.34,47.92
1333,39114,52.35,51.06971480046365,0.3466167131182734,0,12,8,50,48.41,58.09,55.94,54.62,52.53,47.27,44.82,57.11
1334,39114,51.22,52.02471622782669,0.2911211717516732,0,12,8,50,55.95,49.32,52.96,54.45,48.06,48.29,52.38,48.38
1335,39920,59.2,52.72772927547183,0.3083455180262108,0,10,8,50,54.01,53.81,68.93,57.76,54.67,63.01,59.73,61.69
1336,37099,45.87,52.01718055459725,0.3376025756807195,0,17,8,50,49.15,42.73,47.78,45.94,39.15,48.01,50.31,43.87
1337,37099,45.69,51.9952823695208,0.3454384556720774,0,17,8,50,46.97,42.16,46.02,46.53,45.49,47.71,47.22,43.41
1338,40726,56.68,52.01659419692754,0.3266432214865307,0,8,8,50,58.65,58.38,51.9,67.99,55.94,49.36,53.83,57.37
1339,41129,53.46,51.191048582097096,0.362375218802968,0,7,8,50,52.28,47.16,52.75,54.28,50.75,57.65,55.3,57.49
1340,42778,47.68,50.78967945530234,0.3366197780001247,1,9,8,50,48.06,50.55,50.03,45.6,47.84,41.86,55.12,42.38
1341,43030,57.8,51.68307946575332,0.2375243359941197,2,10,8,50,55.84,59.96,58.64,54.51,65.25,57.02,53.83,57.38
1342,38308,52.16,52.45524928965855,0.3239490891268462,0,14,8,50,53.93,55.54,50.06,57.31,50.05,52.72,48.98,48.65
1343,36696,59.3,51.03648085635909,0.3154607426558212,0,18,8,50,66.23,61.1,63.18,60.59,56.86,57.56,52.73,56.13
1344,39114,53.51,51.79754712441982,0.2817361119132933,0,12,8,50,60.49,56.47,52.22,55.56,54.03,46.01,48.01,55.3
1345,40323,51.89,52.7127779713839,0.2798406361558707,0,9,8,50,55.76,45.97,60.05,51.18,52.33,55.44,46.29,48.07
1346,35890,52.19,50.70655729331911,0.2695033372264047,0,20,8,50,51.37,54.41,56.18,50.9,54.16,45.03,50.33,55.16
1347,43433,54.51,53.40085748455572,0.3790357048544251,2,9,8,50,50.08,56.48,55.82,52.52,60.12,52.72,51.74,56.57
1348,40726,53.39,50.84739309859422,0.2809659796994614,0,8,8,50,49.4,59.36,59.98,59.47,54.48,46.38,49.58,48.47
1349,40323,58.98,51.86037552312554,0.3388199955338399,0,9,8,50,61.64,61.66,56.59,66.03,57.74,59.42,55.74,53.03
1350,42224,57.89,51.60662531171938,0.3009101850298273,2,12,8,50,57.55,67.71,49.61,55.47,56.07,55.66,65.18,55.89
1351,41821,50.0,51.86207732637615,0.3147696935213798,2,13,8,50,49.17,46.52,55.32,55.37,47.09,53.61,48.57,44.33
1352,38711,59.2,50.38460874957909,0.3307828503904622,0,13,8,50,61.47,67.02,53.12,50.68,57.43,54.52,64.9,64.42
1353,38711,54.33,52.13578481871612,0.35561187745343,0,13,8,50,52.52,51.2,56.83,51.34,63.41,46.93,57.56,54.86
1354,40323,49.68,51.55279803080817,0.3531256090636701,0,9,8,50,52.83,45.68,57.1,44.49,46.36,46.19,58.29,46.51
1355,40323,54.86,52.18857928567628,0.2182533710372111,0,9,8,50,59.24,52.8,56.59,63.33,53.8,50.67,50.92,51.56
1356,39517,49.16,52.28376806409093,0.2774362967738291,0,11,8,50,51.89,50.54,44.91,44.32,51.27,50.51,55.15,44.68
1357,38308,56.69,53.36368037869752,0.2822760470816206,0,14,8,50,60.25,57.75,45.67,59.58,65.44,48.19,62.64,54.03
1358,44340,61.07,53.979853236480025,0.2517170250827689,4,10,8,50,57.25,61.79,57.92,61.27,52.95,65.79,63.28,68.29
1359,40323,59.6,52.743643820930295,0.3151231831411549,0,9,8,50,64.26,57.9,58.66,58.94,60.42,50.2,69.66,56.77
1360,39517,59.61,51.51196892025968,0.3487014755982371,0,11,8,50,64.48,68.3,61.11,53.17,48.7,65.84,59.86,55.39
1361,38711,55.98,51.11195602913327,0.3633866408472045,0,13,8,50,55.49,60.11,57.38,56.72,60.41,48.0,57.2,52.55
1362,42627,49.6,52.44186939194749,0.313381952364204,2,11,8,50,48.86,47.92,53.65,48.31,50.31,49.47,50.09,48.23
1363,39517,52.51,51.72696670328552,0.3416633326697151,0,11,8,50,50.6,59.47,61.99,44.65,49.61,52.04,47.13,54.58
1364,39114,52.05,52.34381207565659,0.258469087552756,0,12,8,50,49.49,46.94,56.54,55.19,54.76,45.45,58.44,49.62
1365,40726,46.84,51.19333824902288,0.3986243143318567,0,8,8,50,44.44,42.91,47.54,43.05,56.06,43.61,51.38,45.7
1366,40323,53.8,51.83304873732583,0.3179028209071982,0,9,8,50,60.56,49.04,56.37,57.44,48.41,61.45,46.7,50.4
1367,40726,58.04,51.665556986953526,0.3524970452811988,0,8,8,50,55.38,58.23,53.78,66.53,54.28,61.5,58.37,56.24
1368,39114,54.93,51.825704471630495,0.3373467198639056,0,12,8,50,54.12,51.94,62.11,51.75,47.63,59.13,55.59,57.15
1369,42627,48.07,52.6209011789467,0.2646206568715662,2,11,8,50,50.98,43.61,46.06,50.12,44.46,47.69,48.54,53.06
1370,38308,60.98,50.86552097143951,0.4721558337302884,0,14,8,50,56.94,57.76,69.3,60.61,63.86,53.0,61.28,65.06
1371,39114,53.8,51.425318814558686,0.302192868622093,0,12,8,50,52.26,53.18,57.33,47.09,58.83,48.66,59.96,53.09
1372,36293,46.28,51.57064684325549,0.346249941446758,0,19,8,50,40.16,47.96,49.1,44.53,43.6,43.91,45.13,55.81
1373,39517,59.15,51.662324720669055,0.3511519697695906,0,11,8,50,64.03,60.66,65.35,62.27,51.95,47.89,61.92,59.14
1374,43836,47.18,51.87861753970521,0.3710241527885736,2,8,8,50,53.11,42.13,52.2,47.27,41.49,47.18,45.02,49.04
1375,43584,58.14,52.7422929845916,0.3883414228431028,1,7,8,50,60.61,52.53,59.98,62.65,59.18,50.88,58.43,60.84
1376,43987,54.19,51.31392542391223,0.3506837129722514,1,6,8,50,47.09,57.04,60.94,51.54,53.99,54.27,60.25,48.4
1377,43433,51.73,51.95059676983442,0.3601265025726857,2,9,8,50,46.62,46.7,46.28,57.26,55.88,50.78,52.91,57.42
1378,39114,56.93,51.68161115730407,0.3934738411605616,0,12,8,50,58.39,59.0,62.98,48.14,58.25,49.64,57.7,61.38
1379,37905,53.43,51.23465871419263,0.3395017401052277,0,15,8,50,48.94,56.85,54.33,45.58,57.46,58.53,55.86,49.86
1380,44894,50.81,52.63038742902941,0.3826581821388144,3,7,8,50,49.43,53.14,53.03,59.39,48.21,54.12,45.1,44.08
1381,38711,53.38,53.66222140002058,0.4023947459675722,0,13,8,50,59.64,54.47,48.02,58.62,47.18,45.26,58.61,55.26
1382,40323,63.5,51.90383671540457,0.3292317493049788,0,9,8,50,69.19,56.46,72.56,57.24,74.15,58.51,57.88,62.01
1383,41129,52.69,52.07731067218078,0.274690369201348,0,7,8,50,50.47,53.44,47.61,56.19,46.59,60.93,46.64,59.69
1384,40726,64.37,51.62627961820803,0.3495749933492527,0,8,8,50,56.42,64.43,59.06,71.77,60.33,69.17,68.8,64.96
1385,38711,51.98,50.84578217220399,0.3081844483116257,0,13,8,50,54.79,51.09,46.16,50.55,55.55,55.66,45.8,56.25
1386,37905,50.82,51.41429545153186,0.2361238622839487,0,15,8,50,49.26,54.79,53.17,55.68,49.56,47.81,46.99,49.29
1387,40323,55.04,52.31918858118355,0.2592575952587675,0,9,8,50,54.58,53.24,54.63,50.05,62.61,61.35,52.77,51.13
1388,40726,54.09,51.98398349660699,0.3750881206913823,0,8,8,50,63.55,46.63,46.98,52.31,50.44,60.04,56.98,55.79
1389,38711,50.73,51.60451601747187,0.3399613751404805,0,13,8,50,58.22,50.06,45.3,55.69,47.4,52.54,49.64,46.99
1390,40323,61.9,51.675587450162354,0.35215758546437,0,9,8,50,52.97,68.31,53.49,70.58,62.7,62.72,63.63,60.83
1391,36696,54.44,52.7133934856655,0.290780368763129,0,18,8,50,47.83,50.58,52.35,49.53,56.03,58.54,57.74,62.88
1392,41972,55.26,51.399785612199,0.3532812815863378,1,11,8,50,56.53,55.92,48.12,62.03,52.78,47.83,62.13,56.78
1393,41972,56.04,52.29139184689694,0.4136061336625005,1,11,8,50,61.16,51.38,65.41,58.88,54.93,50.82,48.93,56.84
1394,42435,45.08,52.46901882587487,0.3816627894446354,0,5,8,50,48.52,42.14,44.28,44.99,43.74,45.78,51.07,40.13
1395,39114,54.9,51.545935434471154,0.3530767403740831,0,12,8,50,51.43,53.11,47.47,48.31,51.57,60.17,61.13,65.97
1396,38711,54.4,51.5275633627139,0.2866825617634498,0,13,8,50,51.82,58.85,60.25,51.4,52.3,51.59,49.7,59.25
1397,37905,56.64,51.49590791440016,0.3367838644532104,0,15,8,50,50.92,55.75,56.32,48.86,60.02,59.2,57.65,64.36
1398,46456,54.45,51.94665000705303,0.3566208499483009,6,8,8,50,56.55,61.6,50.18,50.72,60.94,44.46,59.48,51.66
1399,40323,55.44,53.13568289760289,0.3316331257290946,0,9,8,50,63.45,46.98,51.83,47.64,61.25,56.06,64.08,52.2
1400,40726,47.29,51.89414918990765,0.3153919047845411,0,8,8,50,48.58,40.97,49.85,45.37,54.8,44.23,44.76,49.73
1401,41129,50.2,52.086583489195625,0.3368378510262784,0,7,8,50,49.24,46.14,44.37,51.35,49.02,52.23,53.82,55.39
1402,39517,47.48,50.76824104259257,0.284417632628671,0,11,8,50,48.01,48.35,45.55,57.73,47.29,42.58,46.2,44.12
1403,37905,56.13,51.296092325726505,0.3320881259744846,0,15,8,50,55.01,51.08,55.24,65.67,53.25,48.6,57.22,62.96
1404,43836,55.32,50.971501990530825,0.426856533100811,2,8,8,50,60.47,52.76,46.86,62.23,51.6,58.53,58.7,51.42
1405,38308,51.88,54.08449939437193,0.2013929825190276,0,14,8,50,54.57,45.96,59.25,54.58,51.03,44.95,47.3,57.38
1406,43584,51.55,51.1947382606894,0.3505542552214092,1,7,8,50,49.12,55.91,49.23,40.84,55.96,48.46,52.4,60.47
1407,40323,55.17,52.254514924495,0.2985445555538746,0,9,8,50,50.51,51.99,57.12,52.0,52.3,53.11,64.13,60.18
1408,41129,54.7,51.945814066643145,0.2158836407764112,0,7,8,50,53.46,58.23,56.37,58.89,50.19,51.68,52.96,55.8
1409,43433,49.13,51.25567292229291,0.2493895309844823,2,9,8,50,44.23,49.36,53.41,47.11,55.48,44.38,54.83,44.24
1410,40323,53.49,51.17072411301357,0.304190635164308,0,9,8,50,60.19,47.83,55.85,55.56,60.8,45.15,53.77,48.78
1411,41129,56.1,50.642819962816674,0.3471257807540828,0,7,8,50,63.97,49.74,59.44,58.68,56.87,44.66,56.27,59.15
1412,40323,62.96,52.638578760202,0.3358149292833135,0,9,8,50,61.24,64.86,70.36,53.8,56.61,58.47,69.12,69.24
1413,44088,58.7,52.78589640805215,0.3266627621665317,3,9,8,50,66.0,64.03,62.0,53.47,61.69,58.93,51.5,51.99
1414,39517,59.82,51.27267173172765,0.1664491356830837,0,11,8,50,54.39,68.58,65.28,53.51,64.26,53.48,64.51,54.58
1415,37502,64.06,52.702830325139935,0.3287092104806039,0,16,8,50,71.51,65.01,60.4,54.61,64.2,59.13,72.94,64.64
1416,39920,55.56,51.79621783860513,0.240241739870187,0,10,8,50,52.85,46.95,49.86,49.87,60.12,62.34,60.88,61.63
1417,40726,62.02,51.68841818189167,0.2802162649550573,0,8,8,50,66.35,62.85,67.61,65.43,57.62,56.29,61.12,58.88
1418,46456,45.05,51.69645194088952,0.337361220297263,6,8,8,50,44.26,42.14,50.41,44.53,45.55,39.8,47.69,46.01
1419,39517,53.11,51.49738085715218,0.2276034754789042,0,11,8,50,54.93,52.24,49.6,53.36,52.74,51.8,51.79,58.43
1420,39517,57.89,51.92454529165856,0.295727040860628,0,11,8,50,59.89,53.24,62.48,65.28,57.63,52.26,61.18,51.14
1421,43433,51.48,53.094119961608136,0.3111583140018185,2,9,8,50,52.64,53.38,44.44,55.37,58.83,54.09,44.93,48.15
1422,40323,61.66,51.684907775965904,0.3351977795658567,0,9,8,50,56.77,68.66,52.36,70.41,57.02,67.68,62.27,58.13
1423,45545,47.92,51.7017429165807,0.2594818986070836,2,5,8,50,40.96,51.14,54.4,44.52,48.1,47.92,51.31,45.0
1424,42627,60.37,51.61851153061553,0.2483945155729214,2,11,8,50,64.94,60.0,65.09,52.48,62.86,54.36,58.2,65.02
1425,38308,59.1,52.580364235331466,0.3060925706693105,0,14,8,50,66.24,56.6,53.0,63.6,59.93,63.99,54.07,55.38
1426,44239,51.37,53.104661129679634,0.2972623138749826,2,7,8,50,49.78,46.19,51.04,44.98,49.87,61.95,52.24,54.89
1427,44239,59.9,51.5374074683158,0.1857397597741256,2,7,8,50,54.48,50.73,66.26,59.38,65.39,60.61,68.97,53.35
1428,38711,48.97,50.93184649432213,0.3388499675514437,0,13,8,50,50.07,47.04,44.34,45.73,52.22,49.25,53.09,50.05
1429,39920,51.51,52.158149990115085,0.3047345047733224,0,10,8,50,45.41,48.89,51.7,52.55,58.91,54.21,46.66,53.73
1430,40323,46.7,52.60654865818252,0.2093429433009281,0,9,8,50,49.76,43.37,49.5,43.23,49.36,43.28,44.36,50.75
1431,44491,56.5,52.72645642082401,0.3087307977809342,3,8,8,50,53.43,60.73,57.96,60.27,59.08,56.28,46.58,57.67
1432,38711,46.73,51.671814217418905,0.2609076576734471,0,13,8,50,44.44,45.2,47.64,43.99,50.24,45.4,52.37,44.59
1433,40323,49.67,52.241641926521645,0.2611579346082731,0,9,8,50,52.07,45.33,53.61,56.3,44.07,48.36,48.08,49.52
1434,40726,51.56,50.26901339744877,0.2671311675477466,0,8,8,50,47.32,51.06,51.98,50.73,60.79,57.87,44.61,48.1
1435,39920,61.98,52.37594709820298,0.3200534382256154,0,10,8,50,66.49,62.45,56.04,56.61,59.78,66.77,69.19,58.53
1436,42224,50.6,51.40912692529276,0.3417943146290428,2,12,8,50,49.38,51.73,58.93,45.26,45.78,45.0,53.17,55.58
1437,43987,50.78,51.77179134114896,0.2769424438345754,1,6,8,50,45.66,49.53,57.05,45.59,52.34,51.19,54.03,50.84
1438,38308,59.73,52.30811109273191,0.3507920972412415,0,14,8,50,64.34,51.58,64.5,56.59,66.54,55.48,63.54,55.24
1439,39920,51.54,52.827510419882216,0.3273664619922064,0,10,8,50,46.51,56.05,48.1,53.62,54.99,55.32,47.69,50.03
1440,38711,55.81,52.04587600096229,0.3157777066389185,0,13,8,50,46.38,59.86,63.08,63.75,57.2,49.86,50.84,55.51
1441,43433,63.7,51.53013564075146,0.3373780955248621,2,9,8,50,57.11,67.68,70.81,69.13,52.05,59.53,66.38,66.9
1442,40726,49.66,52.69206610190477,0.2952156278843551,0,8,8,50,43.87,43.69,54.6,51.78,52.75,49.13,45.59,55.85
1443,39517,55.59,50.97817674110068,0.2890182288109438,0,11,8,50,61.94,50.2,57.72,52.95,50.14,57.02,52.5,62.27
1444,39114,53.5,52.00763578860613,0.2777433803160928,0,12,8,50,58.85,56.04,59.73,44.94,53.04,54.04,48.58,52.78
1445,40726,55.69,53.13727804353066,0.3073439262532287,0,8,8,50,48.88,49.24,54.43,61.49,62.33,63.02,53.43,52.72
1446,40726,55.32,51.79198615516439,0.3078416690437747,0,8,8,50,63.54,52.02,62.67,50.89,52.84,57.52,51.37,51.74
1447,49515,50.15,52.44570462823744,0.3490957877159722,6,5,8,50,45.79,58.24,53.07,48.99,45.09,54.59,51.05,44.36
1448,42627,56.73,51.646802934526825,0.2020977424069049,2,11,8,50,58.01,59.44,49.35,63.64,47.72,61.41,49.27,64.98
1449,39114,48.11,51.63193519672813,0.3380528610967566,0,12,8,50,39.41,47.55,53.01,48.46,54.01,49.09,52.73,40.62
1450,40323,58.26,53.25601014751567,0.3468162410423502,0,9,8,50,61.16,61.07,57.85,62.17,48.62,58.56,57.22,59.41
1451,40323,57.36,51.546311169776345,0.3855589610850958,0,9,8,50,54.22,61.28,49.79,62.39,65.19,51.89,54.66,59.46
1452,40323,56.16,51.71163758091876,0.4040865379374849,0,9,8,50,56.2,55.97,52.77,48.25,59.23,60.55,63.23,53.05
1453,41532,53.51,51.96600163320871,0.3187733439641746,0,6,8,50,49.78,48.47,58.76,61.73,54.17,47.91,49.83,57.44
1454,41129,57.14,51.6457325557052,0.2836530519345822,0,7,8,50,53.58,49.85,55.84,64.59,59.74,60.06,59.84,53.58
1455,40323,56.32,52.77068632939314,0.3164330454742857,0,9,8,50,51.03,60.6,61.96,52.92,56.79,59.81,51.26,56.19
1456,41532,54.4,52.36907803940604,0.2944635506509844,0,6,8,50,52.67,54.18,55.33,52.86,56.61,53.56,55.54,54.43
1457,44743,51.67,52.03357452080155,0.3013403279766507,4,9,8,50,48.59,58.39,48.9,54.19,51.37,53.77,47.56,50.62
1458,43584,57.37,51.75934867322293,0.2548267298851911,1,7,8,50,57.32,58.56,62.41,53.65,57.15,59.44,63.12,47.3
1459,42879,55.54,51.80245272074429,0.3077562631983022,3,12,8,50,49.13,54.01,61.66,61.1,54.17,47.96,54.82,61.45
1460,39517,53.59,52.043318126957736,0.3188490633836743,0,11,8,50,50.77,47.55,49.47,57.25,60.02,56.0,51.86,55.78
1461,39920,53.76,52.742167978238975,0.1987118335859057,0,10,8,50,50.01,49.22,61.8,50.59,54.1,51.74,62.74,49.87
1462,46456,45.78,52.33594823580314,0.3414156269238992,6,8,8,50,52.7,42.14,48.96,51.94,39.59,48.01,42.64,40.25
1463,39517,50.8,50.94758652506981,0.3167242787460558,0,11,8,50,50.52,53.79,53.54,50.61,50.54,50.05,52.62,44.75
1464,42375,59.31,52.70932901052271,0.305544906329744,1,10,8,50,59.43,55.92,55.07,58.39,71.55,56.39,56.34,61.37
1465,45549,58.15,50.184243036519966,0.3650825657105321,4,7,8,50,58.62,60.88,58.57,51.78,59.97,58.68,61.57,55.11
1466,41532,39.16,54.18623170755815,0.2289578407937367,0,6,8,50,36.93,40.51,40.87,41.46,40.58,38.83,32.68,41.38
1467,41532,47.21,51.65583094262811,0.2998513951214818,0,6,8,50,50.68,46.84,39.77,53.56,47.86,50.53,43.77,44.69
1468,38308,54.56,52.04125078072872,0.3719191224948477,0,14,8,50,60.57,55.26,56.4,49.49,47.18,56.27,51.77,59.52
1469,39517,53.12,51.31964406714497,0.2528393018041636,0,11,8,50,50.18,51.99,54.71,49.61,56.59,57.95,58.61,45.34
1470,41129,56.86,52.17531475988188,0.2892284161171816,0,7,8,50,50.82,47.24,61.53,60.27,67.77,55.71,55.24,56.31
1471,41129,61.09,50.85824894486377,0.3723912301492913,0,7,8,50,65.99,49.26,66.04,67.49,55.09,53.62,65.39,65.86
1472,41532,58.91,52.89306547615939,0.3558418930076068,0,6,8,50,56.45,56.85,50.59,53.01,65.04,66.82,63.52,59.02
1473,43282,50.87,52.46884260769839,0.316159458025227,3,11,8,50,55.26,52.38,44.94,49.58,48.07,55.77,52.43,48.51
1474,43282,54.49,51.40887188985485,0.3102135633862824,3,11,8,50,53.15,57.96,62.59,56.37,53.39,50.57,46.67,55.23
1475,44642,61.53,49.75870989549322,0.2478867248519373,2,6,8,50,61.6,65.79,64.59,70.8,58.25,59.53,55.17,56.49
1476,44340,57.23,52.45651811662713,0.2572281683167707,4,10,8,50,53.11,62.44,59.16,58.48,53.62,46.57,60.5,64.0
1477,41129,55.64,50.80479764266928,0.3133118956039801,0,7,8,50,52.25,57.94,60.43,50.21,49.46,60.31,48.7,65.82
1478,39114,58.74,51.92933854557139,0.3438127389068359,0,12,8,50,56.21,57.59,65.41,53.47,56.05,66.01,60.87,54.34
1479,39114,54.38,52.43104028348515,0.2381422591090669,0,12,8,50,60.98,52.44,59.64,50.81,61.84,53.69,46.64,48.98
1480,39517,54.91,51.494945499401055,0.2476188553643903,0,11,8,50,58.15,60.61,50.0,59.39,51.64,49.59,53.3,56.61
1481,42627,51.45,51.87130836915931,0.3169847191121442,2,11,8,50,45.22,49.2,55.31,51.19,58.33,54.66,44.77,52.96
1482,39517,56.59,51.22069960837242,0.2122435770977865,0,11,8,50,49.3,58.78,53.2,56.64,60.83,63.84,58.13,52.01
1483,38711,55.3,52.94136975242676,0.307887050933055,0,13,8,50,55.01,48.34,57.12,53.41,62.37,55.64,59.72,50.76
1484,41129,56.72,52.30704714965967,0.2913189487943842,0,7,8,50,61.56,57.45,49.26,51.59,56.31,62.4,55.82,59.36
1485,43030,62.88,50.476635209199806,0.4020716091158504,2,10,8,50,58.82,62.53,60.04,71.07,55.47,72.01,61.86,61.28
1486,37502,57.11,52.17665247160805,0.2461480060943124,0,16,8,50,51.0,62.37,52.77,52.22,64.87,57.29,54.75,61.61
1487,37905,61.91,52.618858622442126,0.2944958314672511,0,15,8,50,68.49,62.44,62.91,63.69,64.53,56.47,55.97,60.77
1488,43433,51.21,54.47882902931634,0.2339969504406023,2,9,8,50,51.24,57.56,46.03,51.43,50.53,50.27,53.84,48.77
1489,41129,60.18,53.01164357814491,0.2045896000541657,0,7,8,50,65.47,64.79,63.12,49.47,69.63,62.78,54.94,51.2
1490,37502,51.72,50.70577380620931,0.3213398128732062,0,16,8,50,55.73,51.8,48.8,42.24,50.66,57.54,51.76,55.24
1491,40726,51.6,51.82098525899652,0.3031229594518803,0,8,8,50,53.61,45.69,53.74,45.72,57.99,57.46,48.2,50.39
1492,39920,48.88,52.48059655763888,0.2933106306252369,0,10,8,50,52.9,58.31,47.98,46.33,43.26,48.83,47.66,45.78
1493,39517,62.24,52.73489221391807,0.3553393181836268,0,11,8,50,74.05,60.68,55.89,64.32,54.17,59.55,66.63,62.66
1494,38308,60.03,51.252151408763496,0.2785847115292435,0,14,8,50,64.32,67.72,53.33,51.67,66.72,64.72,55.4,56.39
1495,44239,60.87,53.02438646739749,0.1991577990778333,2,7,8,50,57.14,57.83,59.26,56.63,67.87,60.33,62.78,65.11
1496,40323,49.79,51.23850909438279,0.2691165768073139,0,9,8,50,42.0,52.59,55.63,50.98,52.55,50.59,43.69,50.3
1497,38711,54.35,51.07013825097481,0.2260742136592159,0,13,8,50,52.09,53.86,47.59,58.33,54.95,60.81,59.26,47.93
1498,39517,73.29,51.5709781343544,0.3132410218826529,0,11,8,50,82.55,69.58,75.46,69.95,79.08,64.95,70.0,74.72
1499,41532,55.75,50.992851066693845,0.3429224693646144,0,6,8,50,49.85,65.27,49.69,54.25,58.67,54.11,60.92,53.26
1500,45549,53.4,52.53841278147016,0.3216783897293791,4,7,8,50,58.17,57.39,53.24,50.74,51.17,52.01,50.89,53.55
1501,37905,50.43,52.249264261986994,0.2643741085155537,0,15,8,50,56.45,52.2,45.77,54.17,51.66,39.57,49.35,54.27
1502,38308,54.95,51.407530933871776,0.3019923249926148,0,14,8,50,51.54,49.11,53.5,53.8,60.99,51.72,62.43,56.54
1503,38308,51.99,51.26064129508324,0.2465214059229137,0,14,8,50,52.34,45.53,46.31,60.07,49.01,47.76,56.14,58.76
1504,37905,57.32,50.313597379872775,0.2711547437811794,0,15,8,50,65.69,59.1,56.92,53.97,53.77,48.84,58.14,62.11
1505,36696,61.66,52.03465071956975,0.253273158486205,0,18,8,50,58.06,63.76,64.84,61.97,59.81,65.46,64.58,54.84
1506,41129,58.84,52.166577895033015,0.341443863331729,0,7,8,50,60.93,51.75,54.56,56.65,67.81,65.16,58.56,55.3
1507,39920,56.69,51.47155515158629,0.2576491108567767,0,10,8,50,63.34,66.88,55.25,53.51,55.58,58.6,49.13,51.24
1508,43030,54.59,53.19847312060546,0.312062589342173,2,10,8,50,60.67,46.64,58.04,51.03,64.74,51.42,52.28,51.87
1509,36293,57.35,52.39582606010678,0.3743804707970024,0,19,8,50,53.44,56.1,65.83,57.09,49.49,61.02,61.92,53.9
1510,38308,53.14,52.52855368618189,0.3176967808471269,0,14,8,50,54.2,53.01,49.14,56.94,58.55,54.82,49.81,48.67
1511,40323,47.97,52.02417327698792,0.2348710744130475,0,9,8,50,49.45,51.91,53.1,46.61,43.39,52.02,45.43,41.82
1512,42778,40.42,51.807403963604905,0.3039477362246032,1,9,8,50,35.21,35.32,44.72,46.84,37.46,35.2,42.55,46.04
1513,40323,68.11,51.990801111614985,0.3220314964902613,0,9,8,50,74.26,58.42,71.15,55.64,69.36,72.25,76.39,67.41
1514,42778,49.3,51.648280227863005,0.3057279384759611,1,9,8,50,46.57,47.56,51.9,50.93,44.13,45.4,54.54,53.39
1515,45146,52.35,53.30799097241406,0.2164816471531645,4,8,8,50,48.3,55.93,44.7,55.98,47.89,58.76,51.97,55.3
1516,45196,57.05,52.93190895700226,0.2820978246967652,1,3,8,50,56.58,62.82,51.11,53.21,55.77,60.77,52.74,63.4
1517,40726,55.5,52.83669422636756,0.1835823940978193,0,8,8,50,62.79,53.59,57.07,48.36,46.69,62.44,53.82,59.23
1518,43584,60.23,51.579469476651695,0.3823469906245119,1,7,8,50,60.04,66.45,60.65,55.49,60.52,56.15,65.48,57.05
1519,39517,56.88,52.33914043348948,0.312698244676548,0,11,8,50,59.91,52.44,58.35,54.99,52.73,66.15,61.45,49.04
1520,40726,59.45,52.1984393293675,0.285154276961583,0,8,8,50,60.91,58.08,60.05,64.98,54.26,60.13,53.11,64.07
1521,40323,46.85,51.74735532720731,0.2876692955159872,0,9,8,50,49.72,43.38,51.01,44.53,41.8,52.53,48.27,43.56
1522,41972,47.68,51.89686964904155,0.2784972461716081,1,11,8,50,44.38,42.71,52.27,50.21,49.2,54.34,41.56,46.8
1523,43836,46.54,51.55006329731778,0.3342158084495672,2,8,8,50,39.91,42.13,45.16,47.48,42.1,48.72,54.17,52.65
1524,44491,58.34,52.28783228568171,0.3446825483001102,3,8,8,50,55.38,65.16,62.17,58.78,64.59,52.43,56.03,52.21
1525,37099,56.53,52.90658960615395,0.3009624967676693,0,17,8,50,51.89,54.84,58.61,62.59,52.6,56.5,56.13,59.04
1526,43937,48.82,51.36372992682309,0.2934957981842315,4,11,8,50,47.7,40.92,45.87,45.2,52.05,51.39,53.0,54.39
1527,42435,49.68,51.72365217927772,0.3053444651384197,0,5,8,50,48.31,48.7,54.32,48.56,48.14,46.02,50.74,52.61
1528,41532,54.76,50.849384291917744,0.3193629930503398,0,6,8,50,53.89,47.3,56.48,50.15,53.3,57.72,63.34,55.91
1529,54018,55.8,52.70696410298278,0.2117726727628807,6,4,8,50,50.57,52.0,52.51,58.27,51.16,65.74,59.8,56.35
1530,41129,68.73,50.68124409089109,0.2180852407029049,0,7,8,50,70.39,78.04,72.34,71.58,68.74,69.64,59.28,59.8
1531,40726,56.49,52.07535042358115,0.202066170410393,0,8,8,50,62.87,47.7,55.61,53.32,52.5,53.87,63.29,62.77
1532,39517,56.16,50.96062307938914,0.3150761300577325,0,11,8,50,53.54,52.07,48.59,61.79,61.18,56.08,56.89,59.17
1533,39920,48.7,50.33306718233345,0.3607406160734308,0,10,8,50,47.86,48.28,51.57,49.33,50.33,46.22,43.98,52.03
1534,43584,57.24,52.47720893560591,0.357813933786328,1,7,8,50,62.91,56.97,55.17,57.93,64.81,52.78,56.52,50.87
1535,43433,48.43,52.639408623622224,0.3625500106143989,2,9,8,50,43.21,51.41,53.77,44.11,46.08,49.9,45.52,53.41
1536,44491,56.34,51.93703009152055,0.3187860531326845,3,8,8,50,60.3,60.73,59.12,58.73,50.6,52.34,44.59,64.29
1537,39920,55.24,52.42763308969175,0.2373301533445,0,10,8,50,62.98,56.84,56.32,55.3,53.75,63.63,48.79,44.27
1538,42435,57.95,51.11077633557711,0.2428256934255144,0,5,8,50,62.66,64.59,52.68,49.1,58.5,52.45,55.05,68.56
1539,46706,47.76,52.5954004742781,0.3398704182369398,3,3,8,50,44.86,46.73,44.07,44.09,56.8,53.38,48.95,43.24
1540,38308,56.98,53.0201423130279,0.3379246989177288,0,14,8,50,63.12,51.6,52.56,50.05,63.56,48.81,60.45,65.67
1541,40726,55.54,51.827296277161366,0.3021337733295364,0,8,8,50,59.53,57.81,48.41,48.74,50.17,61.57,63.09,55.0
1542,44239,54.1,53.141669656873454,0.3097903469440246,2,7,8,50,53.98,50.24,64.12,51.47,62.11,49.2,53.84,47.87
1543,41532,57.36,53.11757813219043,0.2433040662513827,0,6,8,50,63.58,52.63,64.58,54.4,64.66,46.38,56.88,55.74
1544,43030,59.52,52.13255170502213,0.3865435882350214,2,10,8,50,62.79,61.2,56.56,55.76,60.4,60.93,65.05,53.43
1545,43584,53.23,51.793428839409046,0.267232207226343,1,7,8,50,48.31,57.99,45.61,53.21,56.52,53.71,53.88,56.58
1546,44239,53.88,51.94209510699829,0.248395549971091,2,7,8,50,54.53,55.68,54.49,49.2,50.88,51.33,56.07,58.89
1547,45146,55.87,53.33889020964778,0.3135464520468259,4,8,8,50,48.29,56.84,58.42,53.66,62.55,54.35,56.21,56.61
1548,44239,57.72,51.50617892737347,0.2085294961451713,2,7,8,50,56.03,59.97,51.87,59.51,55.49,63.71,56.82,58.33
1549,42435,53.71,52.055497670984586,0.183432629281975,0,5,8,50,50.54,53.75,63.68,48.1,45.89,60.24,49.4,58.06
1550,41532,59.54,52.92585086984873,0.3825107072614455,0,6,8,50,58.97,68.94,51.58,58.79,53.09,60.15,57.82,66.98
1551,46204,64.05,51.17461657374522,0.1965926146383987,2,2,8,50,69.59,66.28,58.82,68.23,62.43,63.21,63.44,60.41
1552,36696,54.04,52.78487892703913,0.3630709534036759,0,18,8,50,56.28,58.37,49.82,59.67,46.43,49.16,55.61,57.01
1553,43584,58.42,52.17240217682822,0.2063483648880608,1,7,8,50,61.55,50.25,59.99,54.59,65.7,57.5,56.09,61.68
1554,38711,58.29,52.20301992832465,0.319530107148821,0,13,8,50,56.25,55.98,63.08,57.23,55.98,65.06,55.28,57.47
1555,40323,48.39,52.02716939177456,0.3610799118648232,0,9,8,50,45.4,52.26,51.87,39.73,48.78,46.04,52.48,50.55
1556,39517,48.83,51.660114978493205,0.3431294516969807,0,11,8,50,50.47,49.55,45.14,41.84,53.67,44.88,50.65,54.43
1557,39114,52.91,52.37181758018865,0.2973761730761068,0,12,8,50,46.15,62.02,52.66,52.34,54.07,49.74,51.3,55.03
1558,37905,47.75,52.78509484802326,0.3353747263875656,0,15,8,50,41.66,44.14,55.83,48.76,46.01,45.91,46.7,53.01
1559,37905,54.52,51.213343875710585,0.2862539847031504,0,15,8,50,56.32,57.89,58.78,50.85,56.18,48.87,47.29,59.99
1560,38308,45.13,51.04224567234937,0.3290442778052665,0,14,8,50,40.54,39.53,50.46,49.25,49.49,41.51,40.54,49.68
1561,45297,55.18,52.38762992670773,0.3005480920968172,3,6,8,50,63.23,58.97,59.82,52.19,49.26,47.02,57.62,53.29
1562,39920,62.33,52.00207788950162,0.2423627332995647,0,10,8,50,70.3,61.06,67.58,66.88,61.36,56.46,54.05,60.95
1563,36293,58.61,51.88264780221202,0.2682133718792228,0,19,8,50,66.24,53.72,64.46,62.32,59.21,51.51,57.47,53.92
1564,45297,49.36,52.41264230751759,0.3141715784301206,3,6,8,50,44.39,54.78,48.38,47.85,46.51,52.25,54.45,46.27
1565,39920,60.51,52.53492749552248,0.3581436351775943,0,10,8,50,49.42,62.6,69.33,59.77,55.6,68.79,63.64,54.96
1566,40726,53.56,52.59333893962529,0.341682341184566,0,8,8,50,52.05,47.8,56.77,56.22,47.76,53.88,52.72,61.3
1567,39114,49.7,51.55560994020209,0.253488482510929,0,12,8,50,51.24,46.09,51.31,53.48,50.45,45.82,48.53,50.67
1568,40323,47.32,51.96945593587296,0.2800882557519513,0,9,8,50,48.01,46.69,45.81,47.02,47.79,43.11,49.78,50.39
1569,39517,50.6,52.62180557495024,0.2476353371618567,0,11,8,50,53.36,52.86,43.58,47.36,43.95,58.23,50.22,55.21
1570,40323,61.76,50.67958282441632,0.3043712955417655,0,9,8,50,70.31,64.65,59.77,59.62,50.65,63.41,62.61,63.02
1571,47462,61.64,52.518777302060144,0.3117446557013675,6,6,8,50,61.8,61.79,67.43,65.9,54.39,55.27,65.25,61.26
1572,43433,54.67,51.73911303473008,0.2812351348744684,2,9,8,50,49.77,59.99,52.44,50.91,54.4,63.04,58.46,48.37
1573,37099,48.5,53.4101130473767,0.2691748782798759,0,17,8,50,47.51,47.59,53.33,53.7,50.4,44.51,43.46,47.47
1574,45549,63.52,52.1471601038118,0.3183589759222703,4,7,8,50,60.9,70.09,59.25,61.12,69.72,68.57,60.1,58.39
1575,45545,60.15,51.6320042834747,0.3234271198643778,2,5,8,50,60.44,58.0,66.31,63.93,55.37,63.08,63.32,50.72
1576,46859,57.98,53.0748595926477,0.2277610733898979,6,7,8,50,59.75,50.99,63.53,55.12,57.32,61.17,63.65,52.27
1577,42588,55.92,52.22586614613036,0.2412476702553492,0,4,8,50,57.95,63.65,54.51,64.59,47.0,51.5,55.68,52.44
1578,37099,52.53,51.72553945894395,0.2077908284065186,0,17,8,50,51.95,50.46,48.67,49.2,59.86,52.72,58.15,49.2
1579,43030,48.26,51.4968837608723,0.1514587921904969,2,10,8,50,45.12,43.07,51.71,53.05,47.7,52.66,40.9,51.91
1580,38711,50.19,52.49290511029723,0.1941817836328314,0,13,8,50,52.76,49.8,48.18,52.65,49.05,51.98,48.74,48.36
1581,39920,57.09,50.65376605351131,0.3452184554354073,0,10,8,50,50.56,57.88,51.94,62.74,64.44,48.1,57.53,63.49
1582,45801,56.42,53.08532621651699,0.2429732357343125,5,8,8,50,57.51,55.68,49.03,64.91,63.21,56.4,48.72,55.87
1583,39920,51.57,50.86260275359792,0.3020301636809033,0,10,8,50,56.98,56.94,51.05,52.68,48.94,44.3,47.94,53.74
1584,43836,53.27,52.73442980318978,0.268451144334541,2,8,8,50,53.23,56.32,58.3,51.7,62.43,50.55,48.04,45.58
1585,44340,52.97,50.95821588396541,0.2734275047060968,4,10,8,50,51.2,45.55,51.69,57.73,52.61,59.69,46.53,58.77
1586,46859,59.03,51.088494603193375,0.2530465830287021,6,7,8,50,53.56,56.14,61.23,63.98,64.29,60.0,52.5,60.55
1587,44239,57.84,52.398217689714365,0.2451754251152496,2,7,8,50,52.54,51.58,63.01,68.63,61.21,57.35,55.77,52.62
1588,41532,59.21,51.85812142951952,0.246372988621114,0,6,8,50,65.65,65.19,59.38,56.27,60.58,61.42,50.52,54.7
1589,41569,54.42,51.513093824013616,0.2081504102831447,1,12,8,50,51.74,57.6,49.56,57.39,51.54,47.85,61.01,58.7
1590,43584,61.38,50.89526602839987,0.3251528632886393,1,7,8,50,56.67,54.65,61.55,64.56,58.49,70.36,66.86,57.86
1591,45952,50.49,52.64327133997188,0.2386683012916039,4,6,8,50,45.16,58.41,44.58,48.18,55.97,50.88,43.22,57.54
1592,46706,53.69,51.03198583287405,0.3735199765474739,3,3,8,50,49.33,63.56,51.44,50.92,57.98,49.09,50.58,56.65
1593,44239,52.86,51.74280936414062,0.2830576512076292,2,7,8,50,53.57,51.1,50.51,50.65,51.34,55.74,50.6,59.39
1594,44239,57.18,52.3196100753413,0.3080379237391619,2,7,8,50,59.36,56.37,61.45,55.52,58.48,52.04,54.79,59.4
1595,43685,51.76,51.894277721888,0.2341165260860264,3,10,8,50,45.29,53.47,49.73,51.05,51.98,53.73,53.69,55.18
1596,36696,59.53,52.140307925216696,0.2371857159960493,0,18,8,50,53.57,53.08,63.35,58.94,53.74,60.25,64.81,68.47
1597,40323,56.65,50.640512030060776,0.2428680053287664,0,9,8,50,47.3,60.25,62.98,54.33,63.43,61.47,54.19,49.25
1598,38711,57.61,53.48819625864098,0.3101512137477598,0,13,8,50,49.82,63.83,60.89,59.8,56.45,60.1,58.74,51.26
1599,40323,58.74,52.86637420237293,0.3496589483216142,0,9,8,50,53.46,58.91,67.36,58.89,56.79,62.16,51.31,61.02
1600,43937,59.03,52.399473799653855,0.3184991032150085,4,11,8,50,59.25,63.76,66.17,49.51,59.96,51.53,55.73,66.32
1601,40323,59.52,51.14224010747515,0.3358232690635758,0,9,8,50,49.12,61.98,51.36,67.46,62.74,58.75,65.03,59.69
1602,40323,59.23,53.35276548248233,0.2544739698324023,0,9,8,50,66.73,53.27,57.15,54.88,57.64,51.97,65.08,67.09
1603,39114,56.24,51.97400479704494,0.2376122964682769,0,12,8,50,51.72,50.05,61.28,58.74,53.97,63.03,53.69,57.44
1604,40726,55.98,51.08178813685332,0.2515070364892951,0,8,8,50,50.48,57.03,57.95,54.57,62.38,60.16,56.24,49.0
1605,46456,58.22,51.15319303721709,0.3061874667753164,6,8,8,50,51.94,60.22,60.12,59.86,49.36,60.87,62.25,61.1
1606,43584,62.13,52.272281010560135,0.232893082676495,1,7,8,50,56.74,69.12,54.33,65.88,60.53,65.8,55.95,68.7
1607,40726,58.84,52.24188387037024,0.3249421041374327,0,8,8,50,66.2,59.15,49.62,65.7,65.12,54.54,59.0,51.38
1608,39920,63.84,52.529800453805215,0.2797593008893571,0,10,8,50,66.58,61.44,69.68,67.63,55.02,68.63,65.4,56.3
1609,39517,56.02,52.29807510842912,0.243976400597155,0,11,8,50,49.25,53.55,62.57,62.4,58.02,61.17,53.95,47.24
1610,40323,49.96,52.25279353813117,0.2830928277968339,0,9,8,50,47.15,48.22,45.61,50.87,42.62,54.02,53.85,57.31
1611,46200,51.97,51.98290945726431,0.2222299908746257,3,5,8,50,50.94,51.37,57.68,48.54,51.9,52.12,52.56,50.62
1612,39517,53.1,51.44618897938011,0.2421838307566964,0,11,8,50,49.68,52.36,51.85,64.13,51.87,53.09,56.47,45.33
1613,41532,75.45,52.29076187458873,0.340946537444285,0,6,8,50,79.6,82.87,67.58,75.81,72.24,78.0,64.77,82.73
1614,40323,57.29,52.756677213928754,0.1802534643265316,0,9,8,50,58.6,61.91,64.23,55.32,51.78,49.44,63.16,53.88
1615,40323,43.87,52.17620486696308,0.2255989011268939,0,9,8,50,47.58,37.24,46.56,36.65,45.83,48.77,47.6,40.71
1616,44239,55.63,51.45862227250259,0.2672442871752307,2,7,8,50,47.51,50.22,63.45,61.5,52.84,55.53,57.33,56.69
1617,43836,56.79,51.15998200668378,0.3166911540263378,2,8,8,50,58.36,63.83,54.3,48.65,62.58,55.65,55.8,55.14
1618,45549,68.85,52.617830219867145,0.1856814373952967,4,7,8,50,60.25,75.32,72.89,70.67,70.68,59.09,68.17,73.72
1619,38308,58.01,52.5404689136811,0.2992190128363243,0,14,8,50,65.52,49.8,52.33,63.56,52.73,56.25,60.35,63.54
1620,39920,64.63,52.57143026937477,0.2842472230090626,0,10,8,50,60.98,66.25,66.65,60.36,62.09,72.67,65.91,62.09
1621,44491,56.82,50.90954667705395,0.4165062348041727,3,8,8,50,50.99,53.59,52.17,53.57,58.8,62.35,58.91,64.14
1622,39517,59.99,52.80188499454838,0.227492147158345,0,11,8,50,58.48,66.35,50.43,62.26,64.43,67.14,55.94,54.89
1623,42627,60.35,52.76350411550692,0.3221889355945936,2,11,8,50,54.69,53.18,65.67,62.8,57.53,70.91,63.24,54.78
1624,41532,55.06,53.54617081840953,0.21062627425293,0,6,8,50,59.57,59.74,50.04,59.53,48.39,59.43,50.97,52.84
1625,41532,54.47,51.4720273050827,0.2470941471169832,0,6,8,50,50.52,53.13,58.22,44.45,60.52,61.36,58.43,49.13
1626,43030,58.69,52.06389810988383,0.2619871325692025,2,10,8,50,57.31,56.47,65.02,62.12,60.27,59.77,53.76,54.8
1627,45698,58.94,53.15150997105687,0.1855840801917773,2,4,8,50,58.88,54.55,65.67,62.66,64.31,58.03,51.56,55.86
1628,43433,53.71,52.36049078829363,0.3896283001402238,2,9,8,50,50.46,47.26,50.32,54.1,62.38,49.75,61.1,54.28
1629,41418,56.93,51.308006321694,0.2700346134713202,2,14,8,50,48.25,61.9,56.16,60.23,51.85,58.09,58.2,60.77
1630,37905,56.12,53.39168175940749,0.2974646282988318,0,15,8,50,55.44,55.3,53.16,60.11,49.92,63.31,60.33,51.4
1631,47208,55.52,54.18067031961522,0.2837553185677659,4,4,8,50,60.94,52.48,50.57,57.48,61.62,53.06,51.72,56.31
1632,43181,58.58,52.875091542760906,0.1973574187350054,1,8,8,50,60.72,67.41,64.26,57.5,56.58,58.96,49.67,53.51
1633,39920,57.38,51.43636710819343,0.2917634129823918,0,10,8,50,63.38,58.98,61.86,53.42,56.97,58.94,52.52,52.96
1634,43181,59.42,52.91381555488876,0.2255459976795945,1,8,8,50,59.7,61.23,58.76,60.52,64.35,57.21,60.52,53.04
1635,39517,54.61,53.19395562420623,0.3256875337650684,0,11,8,50,46.76,57.47,48.78,53.91,49.74,61.76,61.27,57.23
1636,43181,66.7,52.999924530598655,0.3070418438444761,1,8,8,50,65.79,59.04,61.96,59.06,72.16,68.83,74.92,71.86
1637,39920,56.36,53.09389979399133,0.3023138283553612,0,10,8,50,57.23,58.43,56.93,58.02,55.57,50.56,61.49,52.68
1638,40360,54.22,51.2632858942309,0.299010046240971,1,15,8,50,57.68,55.93,52.81,54.09,51.34,58.21,45.9,57.83
1639,43030,53.47,51.7429839938786,0.2438343826433186,2,10,8,50,59.12,54.41,48.58,43.46,60.6,56.81,57.7,47.07
1640,43534,53.48,52.10270412423596,0.2571272480984684,4,12,8,50,47.44,56.56,56.01,50.06,49.59,59.49,60.4,48.31
1641,53014,65.68,52.651302623912606,0.229794546516449,4,2,8,50,62.03,61.87,65.25,72.42,66.69,66.62,59.68,70.86
1642,38308,63.02,53.28682027838188,0.1847913813630466,0,14,8,50,63.03,64.61,53.94,62.02,62.6,69.62,67.63,60.68
1643,37502,44.31,51.60535228812239,0.1860477615518002,0,16,8,50,40.64,41.05,38.12,48.58,46.86,50.66,49.68,38.88
1644,39114,59.02,51.80682881866882,0.1909727790208472,0,12,8,50,64.42,56.04,56.34,52.34,68.14,63.7,53.94,57.2
1645,38308,48.2,51.73815605797565,0.1724673492747716,0,14,8,50,46.46,50.28,49.67,45.6,56.21,45.45,43.06,48.85
1646,41129,55.11,52.88845929310801,0.2993616823838033,0,7,8,50,63.65,53.71,54.8,50.53,51.21,63.9,51.96,51.13
1647,43836,60.13,52.15773644716592,0.3033039545429877,2,8,8,50,67.4,51.52,65.3,52.69,54.22,53.58,68.71,67.64
1648,39920,54.55,52.16240849576914,0.2702165952074697,0,10,8,50,60.83,51.33,44.94,61.52,60.72,58.08,48.2,50.76
1649,42375,49.25,52.47452905110518,0.190981142869025,1,10,8,50,47.9,44.64,50.0,43.94,51.35,53.49,47.72,54.99
1650,45549,59.03,52.0567549256323,0.2655907277463636,4,7,8,50,60.92,56.42,64.26,58.13,67.19,56.03,51.77,57.5
1651,43836,56.47,52.90274179540933,0.349636386805848,2,8,8,50,53.79,56.7,60.47,51.93,58.73,59.06,57.74,53.32
1652,42435,50.5,52.143599810726485,0.3290557325937921,0,5,8,50,55.51,46.04,53.61,50.49,46.38,49.1,51.57,51.29
1653,44340,41.21,52.41764891779256,0.2196899624907337,4,10,8,50,36.27,37.37,43.61,46.82,44.23,41.03,33.62,46.76
1654,43181,56.38,51.67349961736112,0.370980411178476,1,8,8,50,48.01,50.97,62.3,56.59,57.25,57.08,59.75,59.09
1655,44239,54.99,52.07808792070234,0.3092723478000046,2,7,8,50,61.57,49.94,54.96,59.81,49.74,53.88,50.62,59.41
1656,45545,62.25,52.431232064484135,0.2466600912736805,2,5,8,50,66.15,68.42,61.07,56.34,56.88,71.72,60.18,57.24
1657,41129,61.27,53.12036071530955,0.2605541450832837,0,7,8,50,63.53,53.96,67.32,62.62,58.86,67.01,50.91,65.98
1658,43030,47.87,51.6612625950674,0.332953396417072,2,10,8,50,53.11,45.46,46.86,41.9,50.37,47.47,42.22,55.56
1659,40323,56.73,53.12709959184546,0.2336205548029572,0,9,8,50,52.42,59.36,56.89,56.05,62.27,61.55,55.86,49.42
1660,38308,58.89,52.032888973761736,0.1943932830862432,0,14,8,50,63.17,54.54,51.19,65.44,63.15,59.8,62.76,51.1
1661,39920,61.96,52.417392144393,0.3311050062461176,0,10,8,50,66.03,60.05,68.19,63.45,66.24,52.28,56.98,62.44
1662,39114,49.92,51.50541136175395,0.1893646904808435,0,12,8,50,45.92,45.59,51.42,49.37,53.36,46.15,47.96,59.57
1663,44642,67.71,54.79415958317821,0.2722281382583459,2,6,8,50,72.27,70.7,72.18,61.34,58.41,64.85,77.95,63.96
1664,40726,51.35,52.84950767614003,0.2592306717515714,0,8,8,50,52.89,49.55,57.07,55.43,46.08,53.56,48.76,47.48
1665,39920,58.06,52.732325412639376,0.2377180599018237,0,10,8,50,63.4,55.38,56.21,59.78,57.84,62.86,49.59,59.38
1666,44642,55.04,51.41454079778936,0.266578037483969,2,6,8,50,52.22,53.43,63.76,57.96,48.98,50.62,58.1,55.28
1667,43584,54.22,51.938638735923256,0.3370883954981198,1,7,8,50,47.38,59.33,50.72,49.1,60.8,53.16,53.02,60.28
1668,39114,65.09,52.300286492208365,0.3184687242438271,0,12,8,50,70.61,58.6,61.86,55.6,69.83,72.09,66.45,65.64
1669,38711,61.8,51.033840871746825,0.211977394072689,0,13,8,50,71.18,54.89,69.25,55.26,61.05,65.59,58.77,58.45
1670,43181,51.15,52.68037037803549,0.3109804527279454,1,8,8,50,54.84,51.4,49.85,49.73,45.89,52.86,56.0,48.65
1671,45146,62.91,52.66786558292552,0.216005902577468,4,8,8,50,63.74,67.19,54.24,67.3,68.45,58.26,66.12,57.95
1672,44642,56.25,53.411126865691486,0.2821708258937851,2,6,8,50,56.2,55.75,51.58,47.71,59.04,63.16,61.68,54.85
1673,44239,48.59,52.95562925429685,0.2169670608584439,2,7,8,50,53.75,52.96,46.9,42.95,42.55,46.14,50.34,53.14
1674,38308,59.31,52.10560309194787,0.3158515650370242,0,14,8,50,63.83,62.4,54.54,57.9,56.96,67.59,55.96,55.27
1675,42224,58.8,52.5071102060325,0.2038482368313145,2,12,8,50,52.15,48.8,58.95,57.57,64.01,62.28,59.7,66.95
1676,44642,51.63,52.20326116811356,0.2802839044274269,2,6,8,50,57.22,55.44,51.13,45.38,45.52,48.12,53.59,56.61
1677,42741,56.26,50.67343097686866,0.3245135694972485,0,3,8,50,61.08,53.48,50.9,60.42,64.26,50.46,55.18,54.26
1678,42435,48.18,51.36406021540986,0.3195303743935628,0,5,8,50,52.2,41.42,44.02,45.58,53.41,53.35,45.44,50.03
1679,45146,54.0,51.90253729184997,0.2654400880788256,4,8,8,50,58.69,60.49,60.09,45.36,54.14,49.77,52.23,51.27
1680,44088,64.93,51.6755895761599,0.2538873677904127,3,9,8,50,69.83,57.75,66.66,67.9,65.66,66.56,68.6,56.51
1681,39920,56.75,51.88425027192639,0.2862287077868359,0,10,8,50,58.96,56.02,55.93,57.98,48.67,54.21,61.35,60.89
1682,43836,53.28,52.66895343142954,0.2268386525974207,2,8,8,50,52.23,58.7,54.03,53.05,49.34,45.04,53.38,60.48
1683,49515,55.36,51.68577287357963,0.2635592978145296,6,5,8,50,52.32,57.97,57.63,51.7,57.53,53.54,51.25,60.98
1684,42627,57.09,52.11266333168939,0.2638891283479383,2,11,8,50,60.85,66.34,55.96,55.47,56.61,54.97,51.54,54.94
1685,48009,52.44,51.02101304667146,0.1829538648441916,3,2,8,50,50.56,49.8,51.77,53.43,52.77,57.38,47.89,55.89
1686,40726,55.71,52.54410011786733,0.2771610315788408,0,8,8,50,63.94,52.66,58.24,48.68,52.8,53.48,61.22,54.65
1687,46353,53.26,52.18149290097268,0.3146712227535349,3,4,8,50,46.41,50.53,58.06,50.2,54.93,48.75,56.91,60.27
1688,42741,57.45,52.78796688871469,0.297084102248324,0,3,8,50,56.21,57.62,58.82,61.36,49.49,47.98,63.33,64.79
1689,39920,51.98,52.24932759169428,0.2571223782118386,0,10,8,50,42.47,54.72,57.33,56.56,52.85,54.32,44.28,53.29
1690,45549,53.03,52.005100338798776,0.2278843765874956,4,7,8,50,44.47,52.93,54.88,50.56,49.18,52.07,62.24,57.92
1691,43584,51.52,52.7843941486983,0.1810197783579076,1,7,8,50,49.8,55.58,52.95,46.73,56.96,51.3,52.3,46.5
1692,39920,56.59,51.42504271335675,0.2265779671866309,0,10,8,50,51.13,58.82,53.04,57.6,49.27,60.51,61.33,61.05
1693,40323,58.16,52.6122485716429,0.2112692335430201,0,9,8,50,60.68,67.73,59.65,52.43,67.32,54.56,50.7,52.25
1694,44743,49.9,53.62018395531398,0.2561974345037255,4,9,8,50,55.86,51.15,51.98,48.91,49.22,43.33,47.11,51.62
1695,39114,53.64,52.56127523021986,0.2795607110329801,0,12,8,50,49.09,61.11,49.72,56.58,50.75,56.2,54.91,50.76
1696,38308,60.82,52.36083090589163,0.3182996990400016,0,14,8,50,50.68,55.83,65.71,66.1,57.66,67.89,66.11,56.54
1697,43433,56.42,51.77116250986939,0.3418641960798952,2,9,8,50,54.99,53.96,51.75,52.79,55.1,57.18,64.08,61.55
1698,43987,61.13,52.05327822674621,0.30797530568248,1,6,8,50,62.74,62.1,63.63,60.84,50.86,65.13,62.78,60.97
1699,37905,54.99,51.56560491384272,0.2565764003510075,0,15,8,50,61.38,46.76,50.61,61.41,50.01,61.31,48.34,60.06
1700,44890,45.33,51.98978337528724,0.2528600540662009,1,5,8,50,50.28,40.35,43.29,43.32,52.99,48.89,46.63,36.89
1701,46859,52.93,51.23057945863644,0.2780094455335049,6,7,8,50,52.65,55.3,52.31,55.96,43.22,59.17,52.5,52.36
1702,43836,57.26,52.38133917269603,0.1447967637278174,2,8,8,50,57.57,51.06,50.77,56.64,66.71,64.75,59.19,51.42
1703,47966,54.06,52.071035420922,0.3456058332249953,8,8,8,50,52.93,61.71,48.84,55.87,51.67,61.21,50.77,49.48
1704,39920,59.4,52.461535525209705,0.2795500424658411,0,10,8,50,65.5,59.5,56.9,54.17,56.95,64.25,54.3,63.65
1705,45952,52.25,53.04323446606219,0.2699205104996716,4,6,8,50,56.57,54.6,45.05,53.17,51.68,49.06,49.29,58.56
1706,39920,58.51,52.11774994992809,0.2806160307745677,0,10,8,50,61.74,59.78,59.42,58.02,59.76,60.99,52.35,56.03
1707,42778,64.83,52.98378791484296,0.333697542373266,1,9,8,50,66.17,57.67,62.48,69.95,58.86,64.05,67.93,71.55
1708,44239,53.28,51.67271583091239,0.1542308792368098,2,7,8,50,45.25,50.97,60.01,49.74,58.98,56.11,59.97,45.23
1709,42375,49.2,51.71743232312675,0.2488053869680624,1,10,8,50,50.31,51.89,46.8,51.27,44.9,51.48,47.98,48.94
1710,43030,52.82,52.12677010062976,0.2651921275005767,2,10,8,50,55.13,44.64,54.4,51.74,54.24,54.94,50.03,57.47
1711,45952,55.12,52.18294170876925,0.2428393454269443,4,6,8,50,51.19,53.6,59.02,53.18,60.94,47.59,63.1,52.36
1712,39114,41.11,53.6708852454878,0.2488139072907103,0,12,8,50,41.59,37.7,39.77,43.61,38.69,41.32,43.0,43.2
1713,39517,56.5,51.59368703497044,0.3405721104999034,0,11,8,50,58.81,49.03,56.19,52.51,59.21,52.88,60.03,63.32
1714,43836,56.13,52.77068114344324,0.2328556260331938,2,8,8,50,52.4,52.63,59.14,59.14,53.92,55.53,60.25,56.05
1715,42588,49.96,52.37695569970715,0.2134697729787343,0,4,8,50,47.88,52.04,43.51,45.56,55.37,50.57,52.26,52.51
1716,44340,61.96,52.46740019367017,0.1658578721256374,4,10,8,50,62.69,68.55,60.5,66.75,60.85,58.69,51.35,66.32
1717,37905,52.76,52.31901858059209,0.3689717465407604,0,15,8,50,56.69,60.81,46.49,51.07,47.39,55.78,47.07,56.79
1718,41129,50.68,51.05751675476208,0.1743154037178058,0,7,8,50,55.18,49.89,57.03,56.84,46.03,47.52,44.52,48.47
1719,39114,64.56,52.5440560969107,0.2409521354494151,0,12,8,50,60.45,63.84,61.72,55.66,65.49,71.76,67.54,70.03
1720,42778,66.93,52.64089636442139,0.274734461485215,1,9,8,50,75.18,65.51,71.13,59.4,56.91,71.31,65.97,70.03
1721,37905,54.11,52.00693698900023,0.2942227093525902,0,15,8,50,58.06,61.38,46.34,50.68,60.6,51.73,49.65,54.41
1722,43433,48.62,51.407487596745725,0.2454270104362855,2,9,8,50,50.07,41.72,49.88,55.94,49.55,40.99,55.54,45.3
1723,44239,59.98,51.92001420696932,0.2301123658939832,2,7,8,50,66.06,50.58,63.49,50.8,56.01,57.18,68.09,67.61
1724,39920,50.28,52.006154636568205,0.2919948071924188,0,10,8,50,45.28,50.72,52.85,41.01,50.14,58.51,53.83,49.86
1725,45146,58.96,53.03550516159724,0.2147603954658881,4,8,8,50,64.65,63.15,61.0,55.66,51.14,61.63,60.86,53.58
1726,42435,49.31,53.4207783046035,0.2636255410934511,0,5,8,50,57.79,40.92,48.02,51.85,41.46,48.21,50.6,55.64
1727,46456,57.66,53.14451256056616,0.2221096543814947,6,8,8,50,54.94,56.41,48.08,58.87,63.0,62.86,66.17,50.96
1728,45146,57.01,52.74171988830189,0.2243235157730724,4,8,8,50,55.29,54.57,60.19,60.98,58.49,55.56,57.12,53.86
1729,42778,56.0,51.51936882567222,0.2986356437799629,1,9,8,50,51.13,50.8,60.26,56.58,52.73,58.1,56.76,61.63
1730,39920,62.74,52.96074357929778,0.2382990753920281,0,10,8,50,64.71,60.15,59.29,68.37,59.17,61.57,62.77,65.93
1731,45549,67.65,51.83986816513204,0.2827442285443547,4,7,8,50,67.35,71.2,65.34,62.17,69.88,74.42,69.53,61.33
1732,41129,50.54,52.890465886377605,0.1617408547136518,0,7,8,50,52.56,58.94,49.85,45.79,48.94,50.84,48.04,49.39
1733,41532,51.9,50.40073778802033,0.1918392926098658,0,6,8,50,46.39,50.16,58.2,58.47,46.09,53.65,47.0,55.23
1734,49515,58.02,53.794523071784766,0.2628525026926082,6,5,8,50,53.69,58.08,60.24,51.08,59.47,59.69,56.67,65.25
1735,39114,62.68,52.79280192700322,0.2755471048481909,0,12,8,50,66.51,54.29,64.78,67.95,61.25,63.74,70.93,52.0
1736,44239,52.48,51.50988424795956,0.2675542827195153,2,7,8,50,49.15,46.98,53.32,54.44,51.4,54.42,56.97,53.18
1737,43030,50.21,51.64576159726659,0.3899061316374774,2,10,8,50,51.06,52.92,51.7,49.11,48.52,40.82,52.67,54.89
1738,39114,56.38,51.766802195615256,0.1755370998114163,0,12,8,50,50.53,57.3,53.89,56.74,63.61,51.19,62.03,55.74
1739,45549,58.78,53.82957773164664,0.2233758376725403,4,7,8,50,54.3,57.63,62.79,56.16,54.82,65.75,64.88,53.93
1740,40726,60.7,52.33720611343529,0.2437452069863278,0,8,8,50,56.73,56.16,65.26,64.99,68.0,56.06,50.01,68.42
1741,42224,52.78,51.93316907110649,0.2512043575894384,2,12,8,50,56.76,49.95,47.73,61.07,51.23,52.52,56.31,46.65
1742,39517,63.75,53.13891615010439,0.1381875064140224,0,11,8,50,60.89,58.48,64.68,68.97,68.42,70.11,60.31,58.14
1743,43030,50.06,52.48142634682252,0.2105415265581208,2,10,8,50,52.67,54.5,43.83,49.99,54.18,54.39,39.43,51.48
1744,47714,46.38,51.7414061546188,0.350524265285198,7,7,8,50,44.09,48.67,49.5,39.51,44.25,47.32,46.39,51.34
1745,44743,46.09,51.06053224135703,0.2573250370798083,4,9,8,50,41.41,46.13,47.59,50.38,48.37,46.15,42.52,46.21
1746,44890,54.0,52.931159860873365,0.2544430969613219,1,5,8,50,55.25,56.64,51.68,56.48,50.66,50.41,51.32,59.56
1747,39517,64.05,51.21078429946162,0.276798981306989,0,11,8,50,68.96,70.14,62.51,54.55,65.01,57.62,63.3,70.31
1748,43685,40.33,51.28112230592062,0.2194553247016834,3,10,8,50,37.03,42.62,42.74,38.45,36.98,35.95,44.88,43.96
1749,44743,55.4,51.76583544103352,0.3823331360166082,4,9,8,50,55.54,53.7,64.3,49.95,49.66,59.14,54.55,56.38
1750,41129,59.39,52.8681541429936,0.228023103966865,0,7,8,50,67.95,64.97,63.18,57.07,52.56,54.43,57.58,57.36
1751,46456,51.02,52.891134558749386,0.2699310870021879,6,8,8,50,49.57,55.0,46.67,52.11,48.78,51.47,53.72,50.81
1752,45952,55.56,52.180065097897646,0.2506660094957985,4,6,8,50,52.33,57.24,58.06,58.01,54.17,63.34,48.44,52.88
1753,44890,48.32,52.42175952129756,0.27097082619438,1,5,8,50,49.6,42.11,49.62,45.6,49.91,50.24,49.52,49.99
1754,61521,56.3,52.18450474685058,0.1452228192048614,6,3,8,50,58.95,62.71,48.37,60.79,51.86,50.7,60.14,56.9
1755,43836,60.96,53.559705597109065,0.3249087662683378,2,8,8,50,63.43,56.68,52.22,61.27,63.14,69.07,61.3,60.58
1756,39517,55.7,51.59693246980488,0.2324661815953126,0,11,8,50,61.18,57.61,58.45,55.26,58.52,43.96,55.72,54.9
1757,41129,55.87,52.13919532407337,0.2752192814027826,0,7,8,50,60.97,51.81,56.0,57.79,53.64,57.15,58.33,51.27
1758,43836,55.88,51.24212498476945,0.1131489286241896,2,8,8,50,50.51,59.63,53.26,60.7,54.56,50.85,54.87,62.65
1759,37502,52.9,53.19915414136911,0.255954312778801,0,16,8,50,56.86,56.27,57.98,52.9,45.83,54.45,45.47,53.43
1760,41532,62.18,51.38248010697559,0.2081041179822983,0,6,8,50,57.78,61.99,70.38,60.95,61.12,64.64,55.11,65.5
1761,39517,53.96,52.14484386134837,0.2331307510243865,0,11,8,50,48.8,52.04,52.61,55.63,59.2,54.39,58.49,50.56
1762,39920,54.67,52.041772036295285,0.2290273921730647,0,10,8,50,55.42,58.76,51.26,58.02,57.03,49.09,47.01,60.74
1763,46204,55.48,53.18214415409137,0.2404513092416966,2,2,8,50,59.73,49.81,60.61,55.45,56.08,46.34,62.59,53.23
1764,43433,47.2,53.269932933383885,0.2935241766885232,2,9,8,50,47.34,53.26,47.83,46.08,46.1,44.65,46.56,45.74
1765,45549,59.44,51.50466717494426,0.3260196816771756,4,7,8,50,65.87,66.03,51.42,64.98,55.58,55.75,58.19,57.7
1766,43433,54.57,51.68411018459055,0.1407260969388936,2,9,8,50,63.88,55.07,49.22,47.27,49.16,61.76,60.81,49.4
1767,40726,55.22,52.25000952387201,0.291539288496789,0,8,8,50,61.73,53.09,52.32,54.78,56.03,55.64,48.88,59.29
1768,43030,60.17,52.77305993583452,0.2277915024731227,2,10,8,50,59.33,66.28,62.55,60.24,61.82,57.14,53.11,60.91
1769,38711,54.06,52.32930795735886,0.1847812718870023,0,13,8,50,56.58,50.53,50.86,53.25,58.19,56.04,47.64,59.36
1770,44088,52.69,53.34657816975385,0.3232932699965796,3,9,8,50,60.39,58.97,52.53,48.72,49.68,47.96,46.01,57.26
1771,39114,64.95,52.52997157375575,0.2266315897924411,0,12,8,50,57.98,62.19,66.99,52.94,68.7,68.48,69.49,72.83
1772,39920,57.51,52.011298281908886,0.2850087837979924,0,10,8,50,63.75,55.91,62.34,58.07,56.92,51.63,57.33,54.13
1773,49013,61.77,52.19558103473271,0.1385166786226566,5,4,8,50,66.38,70.6,52.84,56.42,63.49,58.76,58.97,66.68
1774,44642,50.03,51.948696492046444,0.167332420887344,2,6,8,50,53.68,48.12,50.22,46.97,55.5,45.61,45.44,54.7
1775,44642,51.04,52.01049968132159,0.2224050865291033,2,6,8,50,50.34,45.59,46.18,54.62,56.01,50.33,47.89,57.39
1776,42627,52.5,52.49952253705709,0.2483376895438291,2,11,8,50,52.11,59.87,54.89,51.21,47.09,51.72,54.03,49.12
1777,41129,51.77,51.32933815275752,0.2040089319263397,0,7,8,50,55.57,45.6,48.58,55.47,45.8,57.64,52.55,52.98
1778,43181,60.62,50.90681881941765,0.3185055421987633,1,8,8,50,62.69,51.99,64.09,61.87,64.04,64.68,54.46,61.11
1779,45698,49.07,51.89679886916349,0.3035080650073054,2,4,8,50,53.25,54.29,47.11,44.65,49.05,41.24,48.73,54.23
1780,40323,59.43,51.60338412249765,0.2460199133201041,0,9,8,50,58.03,63.17,52.49,57.06,56.55,65.76,66.6,55.79
1781,46855,63.51,52.42732570268075,0.2696623990034701,4,5,8,50,64.24,63.13,63.14,69.53,65.41,59.27,60.72,62.62
1782,40323,59.75,53.10818495586722,0.2825718299813892,0,9,8,50,59.88,63.26,61.58,57.88,66.49,56.48,52.59,59.81
1783,43836,53.82,51.8427646613559,0.1653269223088579,2,8,8,50,58.27,53.74,55.34,58.85,52.02,43.66,49.49,59.23
1784,44491,51.2,51.20356113804326,0.2562975771703013,3,8,8,50,52.88,53.43,56.22,45.84,61.29,42.96,46.93,50.09
1785,42627,60.46,52.79855638250813,0.307097392544814,2,11,8,50,51.7,50.31,67.69,62.57,63.0,59.47,64.24,64.72
1786,44340,52.38,52.32988316294153,0.2879570390469037,4,10,8,50,48.45,56.55,56.48,48.49,48.91,57.32,54.55,48.28
1787,40726,59.85,52.10113365593293,0.2492613859667746,0,8,8,50,64.57,62.33,67.33,62.74,50.06,61.73,56.42,53.6
1788,42588,61.48,51.60719706642186,0.2659249731959158,0,4,8,50,63.81,65.33,63.99,63.22,61.46,53.78,57.47,62.77
1789,45549,53.15,53.58447130188985,0.23552323851895,4,7,8,50,50.8,46.53,61.69,49.44,57.68,51.37,52.1,55.6
1790,42741,49.76,53.2670790156033,0.1564947691390941,0,3,8,50,50.29,46.66,51.9,50.3,49.6,51.12,51.16,47.05
1791,43584,55.31,50.64145860808416,0.1984788650716568,1,7,8,50,62.32,46.53,59.28,58.31,47.79,56.74,55.15,56.36
1792,44995,54.88,52.07645107949942,0.295843513833776,5,10,8,50,49.37,50.33,54.97,57.36,58.61,61.0,54.92,52.5
1793,43836,60.05,53.13246222197128,0.252186728934585,2,8,8,50,51.61,60.02,57.84,69.47,62.3,57.23,66.34,55.58
1794,44642,56.8,52.02513931180866,0.1796236565181808,2,6,8,50,65.39,55.01,53.02,54.96,61.67,53.64,54.74,55.93
1795,43030,53.86,54.17968634017619,0.2560894938998573,2,10,8,50,61.18,50.8,49.76,50.36,53.53,53.4,56.93,54.9
1796,44743,51.26,53.128989558567966,0.198336563121056,4,9,8,50,52.87,55.03,57.97,49.39,45.76,52.0,45.91,51.16
1797,45545,53.29,51.62806962303152,0.1819696756299692,2,5,8,50,56.94,55.27,46.59,55.79,58.61,46.48,50.94,55.73
1798,42588,54.23,52.37052592606096,0.1788963719383256,0,4,8,50,47.79,58.79,51.25,56.67,55.59,59.91,47.0,56.83
1799,43433,49.11,52.5376165023006,0.2605546853293301,2,9,8,50,42.44,52.41,49.9,46.3,52.28,48.26,50.25,51.06
1800,45549,55.05,51.95322801360192,0.2867917821943838,4,7,8,50,51.59,64.28,52.48,46.75,52.49,63.82,59.53,49.43
1801,43433,59.28,51.95246574239837,0.3077393676325959,2,9,8,50,55.91,65.73,60.38,61.86,67.68,53.03,55.71,53.91
1802,46053,49.85,52.43527120833495,0.1688761342218032,6,9,8,50,56.02,54.14,45.73,44.55,51.2,53.33,45.91,47.95
1803,44743,62.23,52.76802729349451,0.2300160607619823,4,9,8,50,68.75,63.87,67.19,55.03,57.31,61.31,54.74,69.66
1804,44340,61.32,52.291031755982765,0.2559343633376624,4,10,8,50,64.03,55.75,54.9,56.35,59.32,69.41,68.36,62.48
1805,43030,57.45,51.92303113189824,0.2537975243580053,2,10,8,50,62.64,62.02,47.76,58.52,57.72,54.86,54.77,61.34
1806,45297,49.43,52.78114121920255,0.2378490387750902,3,6,8,50,48.64,44.55,44.74,47.28,49.83,58.84,53.01,48.54
1807,39920,54.59,52.39676772009544,0.3486457314913434,0,10,8,50,50.82,56.03,54.55,48.45,49.09,60.96,57.33,59.47
1808,43534,46.38,51.7066037595502,0.2890436182460536,4,12,8,50,44.28,49.1,50.05,43.93,42.92,45.02,54.66,41.07
1809,43987,54.24,52.48194661134375,0.2544349124763546,1,6,8,50,59.71,50.62,59.37,49.41,46.26,55.58,55.21,57.74
1810,39114,54.35,51.9859126281324,0.2141815969476236,0,12,8,50,54.15,53.27,54.78,53.81,54.49,62.63,50.71,50.97
1811,41129,60.94,53.32501057589656,0.2866395974018722,0,7,8,50,63.91,66.98,60.68,50.09,57.29,58.74,62.9,66.93
1812,39517,54.18,52.53245742366561,0.2570189399578348,0,11,8,50,50.17,59.85,55.66,46.88,59.62,50.7,57.41,53.19
1813,42435,61.61,51.556625017849136,0.1486128886649131,0,5,8,50,60.32,69.21,61.29,57.68,61.56,55.57,62.21,65.08
1814,40726,44.39,52.623914235630814,0.2359604196887603,0,8,8,50,48.21,38.54,39.31,43.24,44.61,43.7,47.0,50.48
1815,43433,56.57,53.04610939090869,0.2163188829545513,2,9,8,50,53.27,54.0,58.32,58.53,55.39,60.93,53.79,58.31
1816,39517,54.23,52.759839277324616,0.1558579730948662,0,11,8,50,59.11,49.59,65.16,51.02,55.38,48.68,53.82,51.07
1817,49515,61.96,50.58190573300332,0.2130713729177303,6,5,8,50,63.71,64.48,61.16,64.55,57.05,61.23,62.83,60.67
1818,46200,56.48,52.14670918338801,0.1762431963703328,3,5,8,50,60.82,62.27,56.24,62.96,51.7,57.69,53.72,46.46
1819,47462,51.02,52.953941313851736,0.2400548535810931,6,6,8,50,50.34,43.84,56.53,56.27,45.28,49.34,56.36,50.22
1820,44239,54.17,51.09959904151996,0.2493857845893659,2,7,8,50,50.56,51.14,51.08,57.76,58.86,51.96,46.92,65.07
1821,45545,61.19,51.829087512983,0.2316089696929505,2,5,8,50,52.93,61.76,66.19,69.6,56.86,62.68,63.98,55.52
1822,40726,55.86,51.47723349326761,0.2712763449315836,0,8,8,50,56.5,49.69,66.02,50.75,59.61,53.22,63.95,47.15
1823,39920,58.12,52.26204369286472,0.2050397227252156,0,10,8,50,61.42,56.18,52.69,57.57,57.64,59.25,65.16,55.09
1824,40726,61.74,52.18479291620898,0.2876096701350203,0,8,8,50,68.0,52.83,55.13,64.57,60.43,68.12,65.47,59.4
1825,44239,52.47,52.69511066370416,0.3289508475262225,2,7,8,50,61.58,51.59,50.59,54.06,48.69,47.6,49.07,56.56
1826,39920,54.94,52.34071625604017,0.2556463920310702,0,10,8,50,53.61,46.71,58.88,60.45,51.74,58.77,50.07,59.27
1827,40726,57.58,51.64434991003088,0.2869670042352147,0,8,8,50,52.31,63.17,52.33,53.41,59.42,62.11,60.18,57.73
1828,45146,61.51,53.17370705197259,0.2835651125083178,4,8,8,50,54.96,69.29,65.39,57.47,63.59,64.87,57.7,58.83
1829,43836,61.58,52.91568060662374,0.2684278670047407,2,8,8,50,58.97,67.95,54.32,65.95,55.47,63.12,63.77,63.09
1830,62525,46.73,53.0859733186235,0.2308931740878387,8,5,8,50,43.93,46.56,49.79,42.07,44.48,52.35,48.93,45.72
1831,46053,56.68,51.38454549249583,0.3277002718186625,6,9,8,50,48.22,51.32,61.01,61.85,53.22,55.74,60.9,61.19
1832,43181,55.36,51.90658388238612,0.2422600621071549,1,8,8,50,52.71,50.06,64.58,55.95,53.36,52.0,63.02,51.21
1833,41129,53.58,53.096416223647445,0.185345053640076,0,7,8,50,51.83,60.09,55.11,55.44,45.25,60.46,48.27,52.17
1834,45851,48.87,53.7496601984027,0.2888587074058202,2,3,8,50,56.68,51.75,47.23,45.71,48.45,47.45,48.91,44.76
1835,46204,58.44,51.3869688274557,0.2595661799037839,5,7,8,50,52.03,50.85,63.36,67.16,59.31,57.74,52.78,64.31
1836,39920,63.31,51.92852837703496,0.2373745560150744,0,10,8,50,57.92,57.49,62.17,60.7,73.1,65.79,63.0,66.33
1837,40726,55.86,52.810525523090526,0.2820752160354703,0,8,8,50,51.7,52.48,55.29,52.19,63.82,54.56,57.79,59.04
1838,44642,52.24,52.535696220760336,0.2189440216628726,2,6,8,50,46.24,51.42,58.52,56.49,49.38,55.42,42.36,58.09
1839,41972,50.97,52.91364533853773,0.2971359528388925,1,11,8,50,45.15,45.38,50.58,49.46,53.67,58.41,51.58,53.54
1840,43030,56.2,52.512397183558456,0.1399002406254109,2,10,8,50,55.73,55.88,59.48,63.0,59.56,45.9,53.74,56.3
1841,46204,68.04,52.36658201837893,0.1973430574010301,2,2,8,50,74.41,72.47,65.45,59.72,59.66,65.65,73.75,73.18
1842,46200,55.48,52.094267682419776,0.1591953246558833,3,5,8,50,64.95,51.72,64.37,52.3,56.37,58.08,46.22,49.8
1843,42435,54.93,53.04522710923187,0.2637718698319616,0,5,8,50,55.19,57.22,58.99,57.04,47.19,56.52,51.46,55.81
1844,39920,61.52,54.2799742000667,0.2415498731168382,0,10,8,50,66.86,63.79,65.13,60.13,58.83,64.91,56.62,55.89
1845,45549,51.28,52.42301475425128,0.3050121604579968,4,7,8,50,49.34,50.39,44.76,54.39,55.83,52.58,54.64,48.35
1846,39920,62.42,52.137447338765874,0.3059494420581736,0,10,8,50,65.08,60.48,62.09,55.99,63.26,65.19,64.76,62.49
1847,39114,57.11,52.07416996714065,0.1971386343936387,0,12,8,50,64.62,64.06,59.38,51.69,55.76,59.04,47.71,54.66
1848,45952,64.03,52.40402698130538,0.1731069021555835,4,6,8,50,65.76,64.35,63.47,64.16,65.43,67.76,64.14,57.13
1849,38308,53.45,53.09762049838481,0.1980291573461987,0,14,8,50,50.29,48.51,57.9,55.66,48.94,56.22,48.76,61.29
1850,42588,52.47,51.99121736989989,0.1911332128016593,0,4,8,50,53.28,56.81,55.33,52.21,47.87,45.76,53.79,54.71
1851,40726,61.9,51.66728849586371,0.3160870987796496,0,8,8,50,59.92,61.16,64.77,57.35,68.83,58.33,64.23,60.6
1852,43584,51.6,51.96010864392916,0.3042928749676739,1,7,8,50,46.89,48.24,45.64,56.59,55.13,54.91,53.7,51.66
1853,38308,60.51,52.73615260427444,0.2582999784236643,0,14,8,50,68.64,63.05,56.52,66.54,53.3,52.49,55.81,67.72
1854,44642,58.91,52.54122343229597,0.2708584513658905,2,6,8,50,63.63,55.05,58.88,65.45,58.56,63.32,54.33,52.06
1855,41821,62.45,52.63676762726431,0.3418337410373117,2,13,8,50,53.67,68.79,68.18,60.83,58.9,60.24,62.0,66.97
1856,41569,50.82,51.93591509274564,0.2701581324211751,1,12,8,50,45.28,48.52,53.58,50.13,52.46,48.4,53.04,55.13
1857,41532,64.05,53.162410725542905,0.233057405231871,0,6,8,50,66.09,66.07,67.54,63.15,59.65,60.71,64.61,64.6
1858,39517,60.45,53.20904729958164,0.275466287472925,0,11,8,50,68.11,64.41,64.04,52.32,46.81,61.6,64.56,61.77
1859,44642,55.42,52.15321020271643,0.2477928002299613,2,6,8,50,56.9,56.84,49.13,60.45,65.65,50.63,56.66,47.14
1860,42778,52.26,51.72488876839947,0.1910761633569447,1,9,8,50,55.96,52.39,54.62,48.22,43.68,49.38,58.06,55.74
1861,44743,66.45,51.18556977870272,0.1867449365793603,4,9,8,50,72.5,71.0,64.65,69.69,60.83,61.6,69.67,61.67
1862,45952,52.61,51.74027744336272,0.2608063270466645,4,6,8,50,51.29,49.56,56.84,53.29,57.06,47.03,46.39,59.46
1863,103034,56.84,51.53597305984098,0.2092823674280516,8,2,8,50,54.17,52.01,60.64,49.35,58.14,60.41,54.28,65.76
1864,40726,51.24,51.54941542580522,0.1643640869411332,0,8,8,50,42.17,44.77,44.96,55.22,58.59,54.48,56.77,52.92
1865,39114,47.36,52.64860096865201,0.2337482791061,0,12,8,50,55.63,42.73,46.19,51.43,43.39,42.04,44.02,53.47
1866,45146,67.93,51.62190518876287,0.1764683377297527,4,8,8,50,66.05,72.01,74.69,66.8,56.89,63.59,69.42,74.01
1867,44642,58.84,52.15769734441082,0.1767481081338644,2,6,8,50,64.59,60.23,57.02,61.24,57.23,51.51,64.9,53.96
1868,40323,58.28,51.31206500668093,0.2750050374484671,0,9,8,50,54.06,63.9,48.35,53.99,61.16,63.36,62.79,58.66
1869,46557,59.8,53.17698374134986,0.1834047616707363,8,11,8,50,60.8,53.65,62.47,63.28,58.18,52.17,64.94,62.95
1870,45952,55.89,51.74258648927704,0.1921048348800082,4,6,8,50,58.81,62.93,53.36,61.55,51.81,53.03,55.74,49.91
1871,47710,59.13,52.124488427667615,0.2341761981575219,5,5,8,50,63.72,53.0,52.84,59.13,65.32,64.0,54.74,60.3
1872,42778,50.95,52.977090771225406,0.1955554889336058,1,9,8,50,56.4,49.05,54.68,43.45,49.57,52.09,52.54,49.8
1873,39920,60.92,52.0146287213888,0.2366548755388557,0,10,8,50,58.49,61.67,62.59,61.97,67.5,65.19,56.95,52.97
1874,40323,69.15,53.179482684324014,0.2976931608229458,0,9,8,50,64.14,68.96,69.07,69.49,66.34,70.61,74.82,69.79
1875,43433,60.2,52.85304393754973,0.2684011708872665,2,9,8,50,62.12,65.0,55.61,58.93,70.23,51.84,61.65,56.21
1876,44642,55.59,52.7077481483453,0.2960958865290958,2,6,8,50,58.15,54.24,61.47,53.08,57.26,63.01,44.54,52.97
1877,44239,50.24,51.92037892751375,0.2840512067427893,2,7,8,50,52.91,49.27,46.08,53.64,48.01,47.23,57.22,47.53
1878,38711,61.02,52.64311505476872,0.2666461892489811,0,13,8,50,69.73,53.96,64.48,65.94,53.2,65.16,60.33,55.35
1879,42588,44.56,52.93976947428493,0.2224794983608324,0,4,8,50,44.46,50.72,47.53,48.35,44.98,37.56,40.28,42.56
1880,39517,53.34,52.17013378499946,0.2670830943897648,0,11,8,50,54.59,55.81,49.45,50.14,45.27,50.1,60.83,60.55
1881,46053,61.4,52.58059511618522,0.2843677458154295,6,9,8,50,56.11,63.44,58.61,64.81,65.52,62.73,66.19,53.77
1882,41129,59.85,53.31321253769439,0.2437927779237444,0,7,8,50,58.7,62.09,64.61,57.48,62.51,64.56,51.09,57.73
1883,43584,52.27,53.33505186041217,0.2071438507767463,1,7,8,50,48.11,54.99,52.84,55.84,49.5,51.82,47.9,57.18
1884,45549,53.21,51.59944162293311,0.2169917397882073,4,7,8,50,49.9,58.3,52.89,50.19,55.5,54.5,48.25,56.17
1885,43433,66.12,51.853102940616026,0.1308900684746094,2,9,8,50,57.82,68.87,61.43,71.91,66.62,64.9,64.1,73.31
1886,41129,66.87,52.638657484875935,0.1966653526905,0,7,8,50,59.21,69.66,67.35,66.08,64.89,61.48,71.67,74.63
1887,45146,55.14,53.40982729327611,0.2129381712746236,4,8,8,50,55.81,53.96,55.42,46.6,56.4,57.39,57.89,57.64
1888,44239,60.92,52.26493147459534,0.1681889982746384,2,7,8,50,67.04,50.0,61.7,55.95,67.72,55.86,62.9,66.21
1889,45952,66.91,52.12328599674223,0.2070445473026698,4,6,8,50,63.89,73.71,69.47,67.91,70.09,60.42,64.11,65.68
1890,46855,63.57,52.533750713981696,0.2449168549650476,4,5,8,50,54.78,74.17,72.33,60.34,56.15,62.11,57.81,70.84
1891,45146,58.22,52.42573396740862,0.1710177808473147,4,8,8,50,59.8,62.78,51.26,58.07,49.5,62.58,67.48,54.27
1892,42435,49.65,52.318486980842906,0.2254929343802339,0,5,8,50,52.15,49.91,40.54,52.77,50.78,41.37,56.56,53.1
1893,41129,55.46,51.93913783484712,0.2596998390425394,0,7,8,50,53.5,59.84,57.84,53.73,47.77,62.15,50.25,58.6
1894,44642,54.72,53.119058941622,0.2956140658315358,2,6,8,50,47.53,47.27,48.37,62.25,60.57,60.51,51.65,59.61
1895,44239,58.2,52.63999912444154,0.2905866791867364,2,7,8,50,48.57,64.91,53.86,62.72,61.96,60.78,57.21,55.63
1896,42588,61.55,52.25841841097103,0.2181015393384115,0,4,8,50,69.01,54.43,67.82,64.6,62.84,55.02,53.9,64.77
1897,37905,48.56,51.65606649511106,0.3094632933872739,0,15,8,50,49.43,48.17,53.48,43.0,42.7,46.12,52.33,53.23
1898,39517,48.89,52.69221618078036,0.2312818445245258,0,11,8,50,44.34,49.06,41.43,49.41,47.44,51.64,54.86,52.97
1899,39517,61.7,53.05376790993261,0.3119330596139365,0,11,8,50,51.45,57.58,66.37,70.48,67.28,62.98,55.05,62.4
1900,40323,54.08,52.31756312830112,0.2852693884955242,0,9,8,50,52.3,59.09,50.18,51.19,55.42,54.14,52.54,57.74
1901,44894,52.13,52.68468569035889,0.1858126670803634,3,7,8,50,47.15,49.99,52.61,51.41,51.9,53.94,54.96,55.1
1902,44995,61.73,52.08275800854705,0.2462300708818369,5,10,8,50,56.2,71.78,55.75,58.41,57.18,57.43,69.22,67.85
1903,43282,54.59,52.9236146777311,0.2528214355647007,3,11,8,50,49.55,57.18,57.42,53.15,54.98,55.64,48.27,60.56
1904,40323,59.51,53.08039745528804,0.1989754367691805,0,9,8,50,65.57,48.83,67.86,62.35,55.01,63.51,55.77,57.16
1905,44239,61.89,51.35373407941894,0.215563139107542,2,7,8,50,56.86,52.98,65.03,59.3,58.67,65.66,71.32,65.3
1906,38308,62.35,52.64790752648185,0.2946922053460011,0,14,8,50,64.6,58.82,67.36,54.29,67.64,63.16,56.04,66.91
1907,44491,53.2,50.958202348628696,0.2480949170342964,3,8,8,50,51.8,60.27,52.94,44.65,56.97,53.51,54.58,50.91
1908,43836,53.86,52.69127494726537,0.2510812016492021,2,8,8,50,54.31,47.44,47.1,51.57,63.1,51.85,55.0,60.49
1909,46305,59.2,52.57540200953179,0.2254181073791005,7,10,8,50,53.58,60.49,60.94,50.98,67.59,50.75,65.04,64.23
1910,44890,51.31,51.266076870329975,0.2736654776043647,1,5,8,50,50.44,48.24,54.18,50.68,51.47,54.49,47.19,53.81
1911,72024,60.88,51.62945005231989,0.2274182718184944,6,2,8,50,57.97,57.72,70.07,66.48,60.94,55.81,62.76,55.29
1912,44890,53.7,52.40175804745783,0.1792599335858211,1,5,8,50,59.05,62.47,56.92,54.6,50.3,44.84,50.73,50.73
1913,45952,52.37,53.327147959021765,0.2682458731244564,4,6,8,50,53.45,44.8,50.97,53.54,52.98,62.32,50.95,49.97
1914,45398,62.03,50.57584714461765,0.2604396056862126,5,9,8,50,61.12,63.37,62.27,57.01,58.87,65.42,64.49,63.72
1915,43030,53.1,51.43696726051318,0.2100251419397016,2,10,8,50,49.21,49.15,48.74,54.77,56.9,57.85,57.64,50.5
1916,47462,47.13,53.02431004873024,0.2040688730988679,6,6,8,50,48.69,42.14,40.26,49.75,52.77,45.49,48.9,49.04
1917,40323,61.15,51.30198046821546,0.2154153065794012,0,9,8,50,50.25,52.45,64.04,65.34,66.92,54.87,69.59,65.71
1918,44491,50.52,51.48916980689298,0.2143640113315488,3,8,8,50,45.67,53.77,54.91,53.36,43.25,48.17,53.34,51.68
1919,41129,61.48,52.2336752351737,0.2090266120755412,0,7,8,50,55.86,61.31,65.65,55.98,64.23,58.63,67.65,62.52
1920,54018,52.74,53.29246043799306,0.1857566483654497,6,4,8,50,50.02,51.89,48.05,61.96,56.72,50.55,56.01,46.71
1921,46855,61.16,51.0648349200707,0.2823640464470315,4,5,8,50,58.2,64.43,54.12,63.75,63.59,51.68,69.08,64.41
1922,39517,49.19,53.16729130092941,0.2331560515883924,0,11,8,50,45.0,42.54,51.23,48.48,54.22,51.55,46.07,54.47
1923,44088,48.74,53.02534248081514,0.1394025497719426,3,9,8,50,48.93,49.52,51.47,52.23,50.93,49.8,41.98,45.02
1924,44239,56.2,53.45782167539776,0.2219344720848196,2,7,8,50,47.46,63.62,61.34,47.62,56.72,63.17,53.39,56.31
1925,37905,55.38,53.19776140215661,0.225918277295369,0,15,8,50,54.36,47.8,64.85,58.05,54.55,57.58,52.68,53.16
1926,49267,55.2,53.49852952285476,0.2004119437754127,7,6,8,50,56.67,57.03,47.93,53.33,58.75,60.03,56.8,51.03
1927,43030,60.4,53.64741233255485,0.0975734246202186,2,10,8,50,58.15,53.31,56.19,62.12,63.53,66.71,56.93,66.24
1928,45698,50.26,53.63017837089476,0.2910065391117254,2,4,8,50,56.14,49.23,46.22,46.59,55.33,52.62,45.34,50.64
1929,44743,60.94,53.63477948886549,0.2345971741468517,4,9,8,50,65.96,66.42,59.77,57.83,50.68,67.26,52.8,66.8
1930,41129,59.44,53.35180063575278,0.262637084149367,0,7,8,50,68.41,57.53,49.34,65.37,60.73,56.07,50.33,67.74
1931,103536,61.83,53.233593244343766,0.2518692018856218,9,3,8,50,65.45,66.28,55.13,54.97,65.49,62.28,66.16,58.91
1932,43047,62.6,54.02865581441175,0.2511909052927152,0,1,8,50,64.35,67.27,73.29,64.66,59.86,55.14,55.91,60.28
1933,40726,63.79,52.76452925695181,0.208031695690158,0,8,8,50,64.58,58.49,65.89,57.4,57.17,67.17,72.53,67.1
1934,54018,58.03,53.27865157137148,0.2289421518269825,6,4,8,50,54.6,54.73,61.54,59.3,52.76,55.63,63.82,61.88
1935,47208,53.85,52.37136884696968,0.2182178760238156,4,4,8,50,55.56,49.92,56.2,59.67,53.7,50.55,48.34,56.87
1936,40726,57.58,53.44918187038249,0.2049152810106079,0,8,8,50,63.02,55.39,48.56,63.09,63.31,51.35,55.45,60.47
1937,45297,68.05,51.51388763471737,0.2231668008137,3,6,8,50,61.56,66.55,70.02,64.56,63.13,73.99,62.37,82.22
1938,41129,52.4,52.53346107771659,0.2565054884744182,0,7,8,50,46.25,55.89,59.6,55.36,47.99,47.43,51.45,55.21
1939,42224,52.98,53.60227977993768,0.2008849308207297,2,12,8,50,50.73,50.05,59.21,58.09,54.15,54.44,49.76,47.37
1940,42588,63.17,52.64106996692931,0.1222028581628824,0,4,8,50,55.14,63.05,58.53,76.09,60.67,61.16,66.23,64.52
1941,44995,52.99,53.2872678635593,0.2108525874224028,5,10,8,50,48.36,50.39,54.27,58.41,47.97,53.66,56.78,54.1
1942,41129,59.76,51.81979590485747,0.2640602776655947,0,7,8,50,66.52,50.35,55.65,56.96,53.19,70.54,59.16,65.74
1943,46855,64.81,52.65189748226736,0.2268305853766687,4,5,8,50,72.36,67.78,74.18,52.66,61.86,57.95,61.33,70.36
1944,54272,54.29,52.043658153858544,0.1403105463167369,8,6,8,50,61.05,60.25,55.09,45.59,60.47,44.73,59.96,47.16
1945,39920,61.47,52.36345008147936,0.2207923331180362,0,10,8,50,58.57,62.42,61.35,60.2,61.28,64.28,58.32,65.36
1946,45545,52.37,52.73833946835415,0.2050596302059508,2,5,8,50,53.86,56.95,53.42,52.57,49.2,51.16,53.33,48.46
1947,44743,49.41,52.11103421744013,0.2466093501763354,4,9,8,50,49.46,54.92,44.55,47.84,45.98,48.16,50.1,54.25
1948,42627,59.3,53.58654695056311,0.2996416663167687,2,11,8,50,60.35,65.12,58.62,60.01,63.84,56.54,54.03,55.92
1949,42627,70.99,51.907269091533614,0.1781285424559142,2,11,8,50,63.99,70.31,81.17,75.23,60.62,60.91,79.1,76.62
1950,38308,59.43,51.58427513290013,0.2389045864337439,0,14,8,50,64.37,63.91,59.66,65.57,61.79,60.48,51.89,47.74
1951,43433,55.89,52.906627180262106,0.2060388732849651,2,9,8,50,50.49,62.53,61.36,51.63,52.97,55.38,59.61,53.15
1952,42435,66.64,53.3208728273948,0.1859497758415064,0,5,8,50,71.1,66.73,61.13,57.92,70.15,62.74,72.53,70.85
1953,44239,53.93,52.65040655667928,0.13914646095721,2,7,8,50,56.96,57.31,54.45,51.97,55.67,62.88,46.1,46.09
1954,38711,47.6,52.51333004036821,0.2071170715162423,0,13,8,50,40.58,45.25,44.61,50.96,51.42,55.09,39.14,53.75
1955,44239,60.16,53.61854255466109,0.2975639498849962,2,7,8,50,62.17,59.18,53.82,64.95,64.26,60.65,57.37,58.84
1956,41532,52.82,51.77595638139343,0.3104021104078859,0,6,8,50,49.53,62.67,50.97,51.09,55.1,51.77,49.82,51.64
1957,38711,53.6,52.86777846904526,0.2473615070118214,0,13,8,50,61.24,49.83,52.54,56.14,52.12,50.66,52.34,53.96
1958,46305,52.79,53.86729086154454,0.2780025625749651,7,10,8,50,53.04,51.19,52.19,48.98,50.0,53.4,58.08,55.45
1959,46855,53.61,52.09590595958161,0.1787769467241474,4,5,8,50,59.54,62.29,44.03,61.11,55.82,49.24,48.34,48.54
1960,42588,49.76,51.948627693419965,0.212551288301708,0,4,8,50,44.6,56.3,52.15,47.72,45.09,56.28,51.0,44.97
1961,43987,58.34,53.19909800136613,0.0663778774566402,1,6,8,50,64.35,61.98,57.08,52.43,54.82,52.35,67.54,56.2
1962,42627,67.37,52.91734426711043,0.1936992473768246,2,11,8,50,68.22,68.97,58.23,74.93,66.5,73.06,67.01,62.04
1963,45952,60.72,53.12615417831993,0.2753184702827072,4,6,8,50,58.41,62.81,68.19,56.64,58.3,59.66,62.81,58.96
1964,45952,58.98,53.30833850394831,0.3227595611030034,4,6,8,50,58.06,56.39,61.87,62.88,58.16,55.45,66.78,52.28
1965,48511,49.17,53.13052300029949,0.2774970735769204,4,3,8,50,49.26,52.8,42.78,51.94,51.3,53.64,47.96,43.7
1966,43836,46.77,53.116475682485415,0.2469588151380774,2,8,8,50,50.28,48.55,43.35,47.71,47.22,41.3,53.07,42.71
1967,44239,47.33,52.16975415961584,0.2401048958496193,2,7,8,50,52.03,50.9,39.96,41.22,46.74,52.82,46.21,48.78
1968,44088,60.95,52.67923430152467,0.2486504344074897,3,9,8,50,62.78,55.52,68.3,58.05,57.23,60.14,54.34,71.26
1969,43584,66.83,54.04651754771695,0.2714462658609864,1,7,8,50,60.29,59.01,59.72,74.03,77.43,76.51,59.76,67.86
1970,45043,54.07,52.74901528216271,0.1417026592936183,1,4,8,50,55.0,50.64,57.28,47.54,46.66,57.95,60.5,57.02
1971,49515,54.02,51.68743404633875,0.1844347063810206,6,5,8,50,47.5,50.82,45.34,57.97,57.28,61.37,55.96,55.92
1972,44894,44.0,52.085469177719794,0.2883439080872734,3,7,8,50,42.56,39.85,49.63,46.74,41.97,36.97,45.56,48.76
1973,45549,59.91,52.27553150732138,0.1973169633080206,4,7,8,50,59.24,57.05,68.59,53.78,64.95,52.13,66.0,57.53
1974,44894,57.55,51.29525086142933,0.2936735018607682,3,7,8,50,57.99,51.52,56.76,53.95,63.65,53.63,60.13,62.76
1975,44088,58.66,51.20527488308145,0.1605822080284599,3,9,8,50,62.75,52.93,54.71,58.69,62.07,60.52,56.4,61.22
1976,46456,52.38,52.00012211123954,0.1847968055912915,6,8,8,50,44.86,53.4,43.07,51.82,50.13,59.55,56.56,59.68
1977,38308,59.57,52.85599084604008,0.2779985475445488,0,14,8,50,63.62,51.47,58.45,55.83,62.01,62.42,68.86,53.93
1978,39517,62.76,53.63971736193835,0.2091320372298243,0,11,8,50,63.09,67.09,55.36,56.89,62.6,72.18,54.96,69.9
1979,54018,52.15,52.09995155034207,0.274548900576643,6,4,8,50,51.29,51.52,54.38,56.43,48.8,56.47,52.08,46.22
1980,47462,66.99,50.73095220073897,0.2159164305860984,6,6,8,50,60.96,70.64,70.89,64.98,70.19,67.78,72.35,58.13
1981,43433,51.36,52.40103699032158,0.2613752905328515,2,9,8,50,55.68,55.51,53.3,50.7,51.1,50.85,42.42,51.35
1982,43836,55.35,52.53011830371184,0.1817599524159705,2,8,8,50,54.24,54.9,53.41,60.45,59.91,47.69,58.38,53.8
1983,43433,57.06,52.81015378845577,0.2173580039225691,2,9,8,50,53.16,51.39,63.57,52.5,59.51,61.37,50.15,64.86
1984,46456,57.53,53.01900308619675,0.252704619756632,6,8,8,50,63.01,65.52,49.6,49.03,48.21,55.24,66.89,62.73
1985,43433,55.43,50.549706331611134,0.1686810602131149,2,9,8,50,62.63,59.92,63.49,54.81,58.0,45.94,49.22,49.4
1986,44642,56.28,52.45958911587914,0.2848913525802073,2,6,8,50,58.4,55.64,53.31,52.95,54.32,56.61,57.75,61.23
1987,39920,61.46,53.832278244761696,0.2147720822751141,0,10,8,50,64.77,59.76,58.83,70.56,57.79,61.54,56.81,61.58
1988,40726,57.77,52.53818192672284,0.2212556618270828,0,8,8,50,55.98,60.28,54.1,49.26,63.49,65.68,54.66,58.75
1989,53014,57.22,52.62933943166693,0.2016062676293283,4,2,8,50,63.86,48.94,63.98,53.28,59.61,57.7,50.8,59.57
1990,43030,60.99,52.35830523733775,0.2411048604220557,2,10,8,50,50.17,63.64,59.53,59.15,66.71,61.86,62.13,64.74
1991,46204,63.47,51.68790236258905,0.2098101010496684,5,7,8,50,63.91,60.67,68.0,69.82,63.03,56.78,61.78,63.74
1992,45146,59.69,52.70395510733826,0.2036780843170118,4,8,8,50,60.0,63.47,62.58,54.44,65.83,59.4,60.29,51.52
1993,150000,65.02,52.81621201737234,0.2029432799303991,10,1,8,50,67.69,69.07,71.05,65.43,68.82,57.84,68.3,51.97
1994,43030,62.26,51.86287680985963,0.2471550469348192,2,10,8,50,63.65,70.26,62.56,59.77,66.36,61.46,55.38,58.63
1995,40323,59.23,53.36072421278003,0.1957836096164311,0,9,8,50,50.55,61.33,63.46,56.06,63.96,68.66,53.4,56.44
1996,46200,59.03,52.674055788715584,0.2555062205863526,3,5,8,50,49.21,63.47,53.77,58.07,57.26,61.32,67.94,61.21
1997,45549,51.43,52.29086843311497,0.1716788393490517,4,7,8,50,47.39,54.15,49.87,58.6,55.6,43.96,56.55,45.32
1998,47714,50.24,50.861373041139,0.1553116630791051,7,7,8,50,56.3,40.92,46.61,50.37,52.9,58.49,45.77,50.57
1999,43030,57.44,51.44205967611442,0.2063884419610666,2,10,8,50,59.99,56.18,53.61,49.17,58.37,63.11,53.58,65.55
2000,42879,59.31,51.79989679349422,0.181334485460239,3,12,8,50,50.59,52.74,62.46,65.11,69.61,65.98,54.16,53.86
2001,41129,59.02,52.84394833971887,0.2472147084293923,0,7,8,50,57.91,69.97,61.57,58.55,53.74,51.93,52.53,65.94
2002,45851,54.17,53.607240836048526,0.2396693670287956,2,3,8,50,51.38,46.71,53.55,52.68,58.6,57.5,52.63,60.3
2003,47462,56.14,52.51861709554306,0.2294434544134477,6,6,8,50,57.42,47.15,54.05,66.41,53.51,57.98,50.28,62.35
2004,45801,53.29,51.99897463748295,0.2365920317561842,5,8,8,50,51.31,50.57,52.76,47.97,59.85,55.32,50.64,57.9
2005,41821,53.94,52.67925598169235,0.2401261467864501,2,13,8,50,55.52,47.01,53.32,49.28,54.38,59.23,49.2,63.56
2006,45549,56.79,53.36342196875852,0.2008309851187213,4,7,8,50,66.34,51.62,52.67,55.56,52.82,64.0,55.2,56.12
2007,43433,48.96,52.62329050613313,0.184802779577629,2,9,8,50,45.88,49.69,48.25,46.55,50.99,54.6,46.24,49.47
2008,46859,53.56,52.2481649943094,0.2322491952192207,6,7,8,50,48.07,54.33,61.55,47.27,46.48,62.39,57.54,50.89
2009,45650,51.96,53.2177161291155,0.1446629646148222,6,10,8,50,49.27,51.2,55.14,59.47,47.92,58.41,46.68,47.57
2010,41569,49.4,52.66442751615871,0.1453472617148314,1,12,8,50,46.59,52.53,53.57,44.82,54.31,48.39,49.1,45.91
2011,43836,51.08,53.65585929623312,0.2738592679159546,2,8,8,50,44.99,53.58,53.33,45.26,47.71,60.71,51.19,51.85
2012,39920,53.46,53.18081827008598,0.2959982706675456,0,10,8,50,47.39,57.5,60.47,54.78,45.03,51.17,55.61,55.69
2013,47208,50.15,52.70764289686926,0.1621556556709679,4,4,8,50,45.4,45.68,55.85,50.06,51.24,50.57,54.97,47.42
2014,41532,71.03,54.35548274626309,0.2473618378936853,0,6,8,50,74.13,74.99,65.52,67.53,66.14,77.53,69.63,72.78
2015,41129,57.18,52.40655731025018,0.2140670469321555,0,7,8,50,57.56,47.89,59.76,63.29,60.79,55.1,53.97,59.06
2016,40323,58.8,51.51199989474436,0.2104989922603843,0,9,8,50,60.45,61.42,57.21,54.3,68.1,51.92,52.3,64.68
2017,37905,47.85,53.39981911330473,0.2348742648845566,0,15,8,50,41.15,52.69,55.13,40.66,51.51,45.99,49.85,45.79
2018,46053,55.53,54.02034495044197,0.2321922123446382,6,9,8,50,61.72,48.31,47.15,58.68,49.31,62.69,62.04,54.37
2019,44890,53.21,52.53769787861793,0.2448703530095416,1,5,8,50,46.54,58.73,44.94,54.06,55.43,59.0,54.48,52.47
2020,42224,47.5,52.190508222610525,0.120692208343734,2,12,8,50,53.96,41.86,48.37,52.82,50.57,47.0,43.35,42.03
2021,37905,58.17,51.93995566414629,0.2556390588250384,0,15,8,50,63.86,62.98,53.42,66.08,51.04,56.28,61.37,50.33
2022,46353,67.27,52.68585127102172,0.3133728296840938,3,4,8,50,62.66,67.75,74.89,67.18,74.56,57.16,64.9,69.04
2023,44743,55.96,53.300402853931104,0.2342965876039132,4,9,8,50,50.83,59.73,61.69,66.14,53.52,48.52,50.06,57.19
2024,49013,58.61,51.86563171683416,0.2118020488471907,5,4,8,50,56.17,57.62,55.01,62.68,61.71,57.72,52.65,65.3
2025,44340,52.36,51.89571916100518,0.15280299376846,4,10,8,50,46.01,51.77,57.17,57.13,51.36,53.56,50.45,51.45
2026,43433,51.0,52.15039297408615,0.3009316469396045,2,9,8,50,51.73,46.99,59.25,53.83,43.3,49.49,52.6,50.83
2027,43030,59.26,50.85407565907182,0.2129367992491382,2,10,8,50,60.4,62.78,57.29,52.35,62.9,52.32,62.27,63.77
2028,44491,65.99,52.29079971256463,0.2282269602957922,3,8,8,50,67.42,72.71,68.82,58.32,71.78,55.74,70.53,62.62
2029,61521,61.18,52.62126120955858,0.1202685821066267,6,3,8,50,59.22,56.06,62.4,56.23,61.02,66.86,62.16,65.51
2030,44340,67.98,52.16242539371133,0.2002827014556917,4,10,8,50,68.24,63.85,73.37,67.8,65.54,68.63,66.08,70.36
2031,47111,52.79,52.51401322985734,0.2081174124681747,7,8,8,50,45.73,51.19,55.02,60.66,54.43,58.57,48.39,48.33
2032,44340,57.6,52.31870620303107,0.2460352528993683,4,10,8,50,53.85,62.77,63.84,59.76,53.89,51.8,53.52,61.34
2033,42627,61.76,51.53695280217816,0.1938698754567714,2,11,8,50,63.43,62.49,64.45,64.98,62.48,56.38,60.3,59.57
2034,44894,55.61,52.94614453640397,0.2151562863643271,3,7,8,50,52.42,50.67,62.62,52.11,52.15,63.38,58.06,53.51
2035,61521,55.41,52.28518051801463,0.1439407424201357,6,3,8,50,56.89,52.5,51.62,48.35,58.22,66.81,50.39,58.48
2036,44239,53.44,52.47366256529404,0.2143029491893331,2,7,8,50,54.38,50.84,53.45,52.9,59.3,46.06,58.71,51.87
2037,43282,57.18,51.79111344261228,0.1080573054299115,3,11,8,50,65.48,59.74,47.56,57.71,65.25,51.49,54.79,55.38
2038,45146,59.19,53.90113065696511,0.1939086572138176,4,8,8,50,59.58,53.74,54.34,61.96,58.79,67.7,61.58,55.85
2039,54272,50.72,52.556923728810965,0.1893774194566974,8,6,8,50,45.89,53.98,47.65,51.67,48.74,49.45,59.46,48.93
2040,43433,49.57,52.567028174725806,0.2404257173645881,2,9,8,50,57.35,51.91,44.46,48.01,42.37,43.89,54.07,54.51
2041,43836,56.64,53.2562044302685,0.2645458899401443,2,8,8,50,61.4,63.7,56.84,54.5,50.3,54.03,51.29,61.08
2042,45698,52.52,52.60499701978888,0.2689563398991558,2,4,8,50,57.93,53.35,58.15,51.4,51.58,52.32,47.82,47.62
2043,43836,59.53,52.75644266787213,0.2102553428931463,2,8,8,50,66.23,48.44,65.65,57.55,64.59,62.17,50.49,61.12
2044,45952,51.79,51.7641325616862,0.1549633663100471,4,6,8,50,51.08,53.22,47.96,51.11,61.93,44.43,47.99,56.63
2045,44239,63.01,53.14500847082456,0.1394539076974338,2,7,8,50,59.16,62.14,65.63,55.71,69.23,64.21,70.62,57.4
2046,43433,53.27,52.81851054337551,0.2492933093004646,2,9,8,50,47.57,58.34,57.92,47.66,51.27,46.49,57.97,58.91
2047,39114,59.4,54.30672057878477,0.2470877598863378,0,12,8,50,57.89,53.02,65.65,59.04,65.9,62.24,53.02,58.43
2048,40323,53.38,51.37889520532351,0.1338315897409145,0,9,8,50,53.39,55.37,55.61,56.83,48.71,52.89,52.19,52.04
2049,46204,54.24,51.44226200095789,0.2194568663002639,5,7,8,50,59.24,53.56,49.86,57.47,49.87,59.21,57.69,47.04
2050,46053,55.61,53.40625796278881,0.1601929448199883,6,9,8,50,59.95,47.17,55.75,52.84,54.1,50.99,66.1,58.01
2051,46353,58.32,52.16303161431331,0.1747930288508452,3,4,8,50,53.19,57.18,55.21,61.98,54.23,57.35,64.77,62.62
2052,46607,51.72,52.11805353787715,0.2435097487420624,5,6,8,50,57.03,57.66,50.95,44.75,51.93,61.15,42.87,47.39
2053,42375,59.13,53.63642000217049,0.2352622117286916,1,10,8,50,64.8,62.48,58.21,59.59,62.03,55.93,53.57,56.46
2054,43433,65.96,53.90872542875801,0.2226395147316241,2,9,8,50,64.13,76.37,69.61,61.3,58.41,70.32,61.65,65.9
2055,43987,63.17,53.04566701313462,0.2368037562550017,1,6,8,50,63.46,54.49,62.49,64.93,66.25,52.38,74.23,67.16
2056,43433,54.43,52.03921656625886,0.2145747543781448,2,9,8,50,67.59,53.16,48.63,48.41,54.23,56.48,50.46,56.5
2057,44743,61.63,52.65322519672673,0.1838103321482421,4,9,8,50,66.83,69.16,56.37,57.23,57.02,54.09,72.9,59.46
2058,42627,51.46,53.78000094799771,0.224031229457258,2,11,8,50,45.48,52.23,53.18,52.23,57.69,52.73,48.67,49.48
2059,61521,51.55,53.32411883770624,0.2519861943095489,6,3,8,50,57.31,46.89,56.1,47.79,46.93,55.37,53.42,48.61
2060,41129,48.82,52.33079274704794,0.1352502779993807,0,7,8,50,46.41,49.79,47.73,54.99,50.2,44.13,43.68,53.63
2061,44894,57.94,53.67074104654109,0.3357342810833237,3,7,8,50,56.3,64.0,56.41,61.5,50.22,63.08,58.25,53.77
2062,44743,59.54,52.45340381122982,0.178091452044802,4,9,8,50,57.24,68.82,58.62,51.26,56.87,57.13,68.42,58.0
2063,44642,55.08,52.99054629302104,0.165862230666038,2,6,8,50,57.26,47.69,58.1,59.09,57.65,49.37,62.63,48.82
2064,41922,62.81,52.7708759603906,0.2187876359276954,4,16,8,50,58.95,58.88,59.34,64.75,77.13,63.02,59.9,60.5
2065,45549,62.86,52.45602217560722,0.2496587139338217,4,7,8,50,68.35,54.42,65.89,54.74,64.47,61.77,67.26,65.94
2066,41532,62.45,51.70711070262645,0.1761479079732256,0,6,8,50,70.62,58.85,61.66,66.84,52.96,64.64,57.8,66.25
2067,45043,66.33,52.62887685180761,0.1958503551922821,1,4,8,50,56.85,71.29,71.89,69.85,62.19,72.19,64.05,62.33
2068,44239,55.52,52.95945789334,0.2546821457347384,2,7,8,50,61.3,53.06,56.34,53.05,52.7,62.32,55.53,49.9
2069,48511,60.89,53.80862534153984,0.1219110957815011,4,3,8,50,63.05,60.18,53.89,63.75,60.71,57.35,61.9,66.29
2070,44642,59.53,52.40960851562983,0.2098698517724305,2,6,8,50,65.65,67.78,51.47,53.35,63.62,62.79,48.34,63.21
2071,54018,59.26,53.93942780272104,0.1580794814325929,6,4,8,50,67.2,58.41,61.61,65.24,55.08,50.7,52.31,63.49
2072,41532,55.67,53.18361166962149,0.121087673996725,0,6,8,50,56.06,60.25,46.19,58.09,56.41,56.4,59.46,52.53
2073,44743,54.05,51.48736199530686,0.1908805844334499,4,9,8,50,54.42,48.72,52.58,51.25,57.68,59.09,54.93,53.73
2074,39517,59.19,53.38010465484445,0.2122203613556947,0,11,8,50,65.01,63.42,53.61,57.87,61.68,52.61,58.63,60.67
2075,45549,63.2,52.563246825772445,0.1446181872881383,4,7,8,50,70.95,73.87,55.45,63.38,58.58,56.71,71.5,55.2
2076,45549,56.38,53.05079090780324,0.2095855345069918,4,7,8,50,53.52,55.12,64.12,59.17,63.86,50.22,53.71,51.33
2077,45146,50.96,52.94048257775007,0.2280156215527766,4,8,8,50,43.63,49.35,62.16,47.7,50.28,46.25,60.88,47.44
2078,46855,60.82,53.53791633227105,0.1235766707151552,4,5,8,50,66.81,71.53,60.78,58.23,55.44,55.59,53.36,64.78
2079,45549,51.31,53.47293259684109,0.1446530780183395,4,7,8,50,50.97,48.06,55.57,50.04,53.23,46.74,47.35,58.52
2080,42588,51.99,51.367945648292505,0.2931685763400168,0,4,8,50,55.26,54.53,44.53,52.07,48.64,49.95,50.49,60.44
2081,40323,49.73,52.49059978162044,0.1762057971315418,0,9,8,50,54.29,54.09,50.25,44.77,52.4,42.96,49.78,49.32
2082,41532,58.58,53.31075632498131,0.137941157525043,0,6,8,50,62.34,65.2,59.29,52.7,52.43,62.88,49.76,64.01
2083,43433,55.65,52.1942777510041,0.2792182470435793,2,9,8,50,61.71,65.56,50.53,53.83,50.06,51.68,55.21,56.63
2084,45952,50.45,51.78851189381785,0.1666661170009392,4,6,8,50,51.97,52.79,55.28,47.13,49.52,48.81,52.01,46.11
2085,44239,63.58,52.5997996062185,0.198934945054502,2,7,8,50,72.19,64.67,61.74,60.39,67.28,59.24,67.69,55.45
2086,49519,47.9,52.40330558592595,0.2046695536562486,8,7,8,50,46.31,53.13,44.31,50.24,53.34,42.29,49.55,44.02
2087,40726,48.4,51.78710641484807,0.1185485311521587,0,8,8,50,46.33,50.92,45.77,56.33,48.8,45.95,43.51,49.6
2088,44995,53.36,53.24425587383834,0.1320239550441165,5,10,8,50,47.33,58.42,60.59,57.57,45.34,46.15,55.14,56.3
2089,43836,56.16,52.76147512395829,0.1414897284078707,2,8,8,50,58.01,64.22,57.36,48.76,60.66,62.11,48.16,49.97
2090,39920,63.61,51.515837518604165,0.198160806713825,0,10,8,50,55.85,65.64,72.64,67.23,59.9,56.88,64.93,65.79
2091,45952,59.6,53.30315219418975,0.2167948896387036,4,6,8,50,52.61,69.23,54.8,68.18,58.17,66.19,56.85,50.78
2092,45952,64.22,52.63112364126072,0.1808261444825131,4,6,8,50,64.6,62.18,67.84,65.74,56.89,64.05,70.51,61.91
2093,46353,57.14,53.20229295683699,0.1842160081230232,3,4,8,50,52.96,55.4,56.26,62.41,58.17,47.73,62.46,61.77
2094,43836,57.48,53.39992063217631,0.1825011582330262,2,8,8,50,62.29,58.15,65.07,61.65,51.76,48.83,55.64,56.43
2095,44642,49.91,53.032484487808624,0.1973183690483549,2,6,8,50,47.11,50.41,49.3,45.13,57.66,51.03,52.4,46.22
2096,46859,54.98,53.21978557559199,0.1371413903541339,6,7,8,50,56.8,55.27,48.43,54.45,58.96,57.69,49.39,58.84
2097,44743,58.45,52.25179665229085,0.172742420006713,4,9,8,50,49.25,64.43,49.47,64.79,60.64,53.24,63.75,62.04
2098,44642,51.27,51.96630035612484,0.1713785829008799,2,6,8,50,54.4,48.98,55.45,47.53,53.23,43.96,54.73,51.91
2099,44743,60.02,53.61853927793597,0.16362388962945,4,9,8,50,54.34,61.51,60.59,62.88,66.39,47.89,60.98,65.61
2100,43937,46.85,52.489329140744005,0.2272852870673945,4,11,8,50,46.79,48.6,44.26,45.98,43.1,55.71,45.67,44.72
2101,44743,53.88,53.841088821799296,0.2236352997150292,4,9,8,50,53.16,60.49,53.45,56.66,56.23,55.16,47.99,47.92
2102,45146,54.69,53.64707935932308,0.1877109725312821,4,8,8,50,53.86,56.64,58.2,53.35,55.48,51.45,61.22,47.32
2103,44088,47.7,53.0883779994063,0.2141441776114479,3,9,8,50,46.33,49.91,50.83,43.8,47.51,50.7,51.12,41.41
2104,45545,50.2,53.649608136648645,0.2888380438678246,2,5,8,50,45.57,56.85,47.96,57.98,54.25,42.47,44.67,51.82
2105,45297,54.99,53.198274671411085,0.1533617717405888,3,6,8,50,47.7,51.84,57.89,49.43,52.89,56.54,62.98,60.68
2106,44088,52.71,52.643953718783486,0.0612414297444061,3,9,8,50,48.33,59.71,53.06,50.17,54.49,53.14,49.68,53.1
2107,43836,64.79,53.06249435816922,0.2921712054141701,2,8,8,50,63.15,67.53,70.83,61.07,68.99,57.86,58.27,70.64
2108,54018,55.97,51.846599004774895,0.1275400798639737,6,4,8,50,61.7,59.82,63.99,52.59,48.97,50.82,55.86,54.0
2109,44743,52.56,52.8586791180235,0.1713021433481344,4,9,8,50,50.71,59.23,53.62,42.78,53.63,54.89,55.24,50.4
2110,39920,56.04,54.87331891020515,0.1835276023495679,0,10,8,50,65.41,51.53,61.3,48.54,55.59,61.83,48.66,55.43
2111,39517,62.3,53.79068770363481,0.1888699665735661,0,11,8,50,65.0,66.24,63.37,62.56,65.99,60.23,62.58,52.41
2112,47462,52.79,51.74039379294564,0.2435033467404252,6,6,8,50,56.09,53.02,55.29,51.7,47.08,55.44,47.7,55.99
2113,46456,61.3,53.65293968238342,0.2399809718619084,6,8,8,50,67.51,61.11,55.77,57.14,58.25,67.32,61.82,61.51
2114,44088,62.9,52.30416724446709,0.2012829533865516,3,9,8,50,65.52,60.79,68.67,53.75,61.65,56.38,70.09,66.33
2115,45146,57.18,53.9067883021508,0.1851912656287485,4,8,8,50,57.03,51.72,59.75,52.87,62.27,52.4,61.91,59.46
2116,43433,53.66,51.70851711806684,0.1448294958054602,2,9,8,50,51.34,54.32,58.59,51.39,49.61,52.33,50.53,61.17
2117,44995,62.11,52.331229798492565,0.1658559429657979,5,10,8,50,64.02,62.96,58.21,65.53,61.88,62.32,62.05,59.9
2118,42588,54.11,51.79721831079909,0.1920209363609167,0,4,8,50,51.88,57.44,58.82,58.37,58.04,47.88,48.56,51.91
2119,44743,46.46,53.92864197407812,0.2907116222801217,4,9,8,50,40.7,47.96,50.16,42.4,49.97,42.36,47.61,50.56
2120,43987,64.42,52.88261601811088,0.133194442655818,1,6,8,50,70.08,54.47,57.5,70.52,54.49,71.91,67.49,68.91
2121,46456,52.63,53.378321191557646,0.2348256464262498,6,8,8,50,51.49,52.91,50.95,54.74,49.59,60.12,49.89,51.38
2122,43836,61.97,52.96315646549385,0.2305773474174249,2,8,8,50,63.28,69.2,62.74,59.79,65.79,62.57,57.08,55.32
2123,43584,59.63,53.42358130463175,0.1640116815172646,1,7,8,50,61.57,63.06,57.0,60.97,64.49,51.2,59.44,59.31
2124,42778,50.49,52.91588129529573,0.1384891844198031,1,9,8,50,52.36,57.11,45.14,58.15,49.45,47.38,50.6,43.72
2125,42778,55.54,52.95279417411369,0.0717993028068784,1,9,8,50,51.35,60.52,65.72,54.43,53.71,47.21,60.23,51.14
2126,45952,62.63,52.99760038345018,0.1698466088785916,4,6,8,50,61.17,67.32,62.58,63.6,62.15,52.71,61.98,69.52
2127,43987,55.17,53.87436897690204,0.140751964226388,1,6,8,50,56.76,51.75,54.23,52.35,62.52,57.09,49.45,57.18
2128,45698,69.82,52.93821183446403,0.1854531953740532,2,4,8,50,68.01,79.38,63.93,78.22,64.76,59.58,74.26,70.41
2129,45146,60.74,52.99795762250158,0.2020081691504815,4,8,8,50,67.86,55.32,61.52,55.46,61.05,56.82,58.46,69.47
2130,42627,51.61,53.34009441380162,0.1853444688358062,2,11,8,50,51.37,51.49,51.6,56.59,44.91,45.67,59.61,51.61
2131,45952,56.9,53.41070727841492,0.1723499140032727,4,6,8,50,54.39,64.75,59.58,53.69,60.83,52.43,59.44,50.1
2132,44239,48.86,50.77620891695202,0.1416783606643122,2,7,8,50,56.95,45.67,49.28,47.29,49.88,44.07,53.73,43.97
2133,46859,53.06,52.60060588550633,0.2754057759580806,6,7,8,50,56.34,48.64,53.06,55.45,52.62,57.44,51.05,49.85
2134,45698,60.32,52.558205351137886,0.1688015724614651,2,4,8,50,57.17,62.85,58.72,62.18,50.11,61.24,65.44,64.85
2135,49515,56.86,54.48327923542323,0.1040528015872789,6,5,8,50,57.05,62.05,58.21,55.17,65.28,52.32,51.11,53.67
2136,40726,55.35,53.59488951536062,0.1737136066980543,0,8,8,50,59.98,47.61,54.57,62.53,49.54,51.68,59.23,57.63
2137,45952,47.15,51.96103299526908,0.1604784404899733,4,6,8,50,46.81,45.73,43.07,55.65,51.51,43.42,48.87,42.14
2138,45952,54.69,52.515331378563545,0.1001084376916239,4,6,8,50,51.49,48.49,61.35,61.27,65.33,54.59,46.73,48.3
2139,42627,58.68,54.18311981618484,0.1907724003756674,2,11,8,50,63.72,66.99,53.64,54.76,49.05,64.46,62.67,54.17
2140,44239,50.77,51.7762798078216,0.2039687230817642,2,7,8,50,50.64,51.01,49.27,45.77,60.06,51.87,49.35,48.2
2141,40726,59.79,54.09547635512008,0.2064760735889426,0,8,8,50,50.25,57.32,59.41,63.45,68.28,58.18,52.72,68.7
2142,44894,66.34,53.81640029028142,0.2572701788483761,3,7,8,50,66.51,66.27,55.46,69.62,70.99,68.7,59.7,73.5
2143,42435,63.15,54.19190035214421,0.1560968070421166,0,5,8,50,71.1,62.21,59.6,55.28,72.83,59.94,63.27,60.99
2144,45650,61.35,51.98542767311812,0.2688616401665442,6,10,8,50,69.63,59.02,53.37,57.94,63.25,66.94,54.2,66.47
2145,44894,51.27,52.617284667203,0.1480924923150597,3,7,8,50,47.1,51.42,52.57,48.97,55.07,53.29,53.46,48.31
2146,45549,54.57,53.33429664606486,0.2795283112990151,4,7,8,50,63.45,59.93,50.74,51.04,58.59,56.24,52.34,44.2
2147,43987,65.36,53.348817764049336,0.2247701780736783,1,6,8,50,64.44,68.24,66.22,57.53,69.85,65.26,63.21,68.11
2148,39114,52.68,51.42978724082508,0.0945620668988816,0,12,8,50,52.23,54.72,48.61,59.1,52.22,56.61,49.68,48.25
2149,49515,64.52,55.16128529805007,0.1613982094242372,6,5,8,50,66.01,60.32,70.47,74.46,55.69,63.68,64.03,61.46
2150,45297,46.81,52.67877235965,0.1953891729883707,3,6,8,50,46.17,46.09,42.78,49.49,48.97,46.27,45.91,48.78
2151,47208,62.14,53.39292697228132,0.2843062946063279,4,4,8,50,62.67,68.33,57.84,60.0,66.57,61.83,60.27,59.63
2152,46456,51.65,52.70235039751206,0.1688833625525983,6,8,8,50,44.36,53.67,49.61,58.86,53.33,49.25,54.18,49.94
2153,41532,55.93,54.41191330920668,0.2067728546520635,0,6,8,50,46.78,59.66,49.84,54.95,61.37,47.57,64.59,62.68
2154,47208,61.7,53.57186253443242,0.1338488626004404,4,4,8,50,56.59,57.1,64.95,59.93,67.22,59.96,67.15,60.74
2155,44890,61.35,53.87968527805853,0.1548377930914729,1,5,8,50,53.77,63.65,53.96,54.16,68.98,69.47,68.62,58.16
2156,46204,56.14,52.810061088072096,0.2733819981888618,5,7,8,50,52.19,54.31,59.82,48.62,50.27,62.7,60.24,60.96
2157,42627,63.83,53.31946645983994,0.1970130132792736,2,11,8,50,55.93,62.08,70.83,59.46,62.31,71.62,55.25,73.16
2158,45247,57.21,53.15830025354512,0.2018828485731876,6,11,8,50,67.29,60.77,64.56,54.11,52.5,56.93,50.81,50.67
2159,46456,58.08,52.11415610729965,0.2443979374542249,6,8,8,50,55.89,60.94,55.16,63.43,57.91,62.83,52.06,56.38
2160,47208,53.52,51.42141609728361,0.0732440112488098,4,4,8,50,60.68,49.74,51.5,59.17,48.96,49.28,53.77,55.07
2161,46456,47.1,51.860494300186296,0.1835920589003959,6,8,8,50,42.99,42.39,52.17,48.87,43.25,54.43,50.24,42.47
2162,37502,58.32,53.5131334106925,0.081113574160921,0,16,8,50,62.81,51.44,52.27,59.7,64.22,57.65,60.92,57.52
2163,44894,56.78,53.03911376380072,0.2367422860906999,3,7,8,50,60.04,59.27,49.76,59.5,52.81,68.45,50.63,53.77
2164,45952,62.27,53.925854441984704,0.166164140789651,4,6,8,50,69.84,58.38,57.51,63.15,64.23,63.52,60.25,61.28
2165,45146,57.88,52.693093351668274,0.1534046877619879,4,8,8,50,59.81,51.07,64.33,52.61,55.93,64.4,59.82,55.04
2166,47966,53.68,52.96894932245949,0.2059111191300169,8,8,8,50,53.24,55.72,54.13,48.99,53.06,57.36,47.71,59.26
2167,45549,56.61,52.37774452077349,0.2028626825607393,4,7,8,50,61.85,56.48,54.79,53.54,51.59,54.87,62.36,57.37
2168,44642,62.33,51.53905354611048,0.1852891422429089,2,6,8,50,56.11,61.15,65.42,66.13,53.64,64.59,65.84,65.79
2169,45952,50.54,51.65510659474919,0.2320737333152875,4,6,8,50,48.91,47.25,51.45,45.59,51.8,57.86,50.08,51.37
2170,45196,59.64,53.5563304376939,0.1832534646047164,1,3,8,50,55.48,52.84,58.53,63.91,64.46,58.18,64.1,59.66
2171,40726,51.79,51.049011641730814,0.194624245394229,0,8,8,50,47.12,56.6,44.6,55.42,50.21,58.93,50.79,50.66
2172,47462,59.6,52.93014041751283,0.1601085005194865,6,6,8,50,63.84,52.34,59.57,65.08,54.99,67.45,54.78,58.75
2173,46456,55.14,52.311465765089366,0.1883337518181684,6,8,8,50,53.25,48.83,60.24,54.13,57.31,47.6,60.96,58.8
2174,49267,59.07,52.790600247049234,0.24175996207621,7,6,8,50,57.27,67.92,55.03,51.28,63.69,61.15,58.29,57.96
2175,45146,51.42,52.52683062833659,0.1650194230682086,4,8,8,50,46.51,51.87,49.4,44.82,46.97,56.62,64.1,51.11
2176,45247,64.79,53.04369435630039,0.2044522826628676,6,11,8,50,70.5,62.42,59.81,67.73,69.7,65.61,61.63,60.91
2177,43685,60.36,53.67054522371011,0.2017196456074816,3,10,8,50,61.09,55.45,59.4,69.75,68.08,54.69,54.95,59.48
2178,44239,59.49,53.30919357464964,0.2092978201670416,2,7,8,50,69.59,63.07,63.52,51.81,52.65,60.84,49.36,65.06
2179,43131,43.84,52.27978026136,0.1458616011444885,4,13,8,50,44.48,48.65,42.29,40.13,44.49,47.18,39.06,44.44
2180,45549,57.21,52.80217083866653,0.0164105654258168,4,7,8,50,48.03,57.65,58.49,56.92,61.14,62.37,53.15,59.96
2181,39517,49.6,53.06314892572457,0.1522940777549834,0,11,8,50,49.37,47.76,45.42,53.31,40.44,46.78,54.93,58.75
2182,44642,64.34,53.34505995132685,0.2594982460576752,2,6,8,50,62.95,61.74,69.04,54.39,72.43,58.32,69.67,66.19
2183,48511,60.99,52.05765833480929,0.1457149550943178,4,3,8,50,68.28,65.99,55.81,50.83,65.13,56.9,55.94,69.05
2184,45146,49.15,52.82625952978432,0.1572805427758117,4,8,8,50,50.81,44.49,47.62,53.57,46.54,53.93,51.0,45.25
2185,43836,50.18,53.58029658698425,0.1789967390567996,2,8,8,50,52.81,49.86,51.49,56.18,51.11,44.34,47.93,47.76
2186,41821,52.35,52.32566272383354,0.2113038531604975,2,13,8,50,47.74,57.52,54.84,50.67,49.36,54.44,51.31,52.89
2187,39517,63.55,52.822073674008216,0.1609591543697185,0,11,8,50,57.99,71.94,62.74,62.39,62.53,66.12,55.49,69.23
2188,43030,68.43,55.66024002793224,0.2574640915433304,2,10,8,50,74.39,71.97,66.76,58.81,57.99,71.62,73.88,72.05
2189,73028,59.9,52.99938743130653,0.1751541467563544,8,4,8,50,61.7,60.22,54.48,64.07,58.4,52.3,67.29,60.76
2190,44491,54.53,53.848074940814975,0.229894876964048,3,8,8,50,47.7,56.85,60.25,48.06,53.24,49.37,62.97,57.76
2191,61521,50.09,53.72750498008248,0.1635132307698892,6,3,8,50,53.22,47.92,45.32,52.71,49.8,49.78,52.2,49.77
2192,49515,56.37,52.559388461632366,0.2379850566476707,6,5,8,50,60.87,54.02,50.65,50.32,60.01,65.73,47.43,61.96
2193,45801,64.72,54.12316024254255,0.1853801971315505,5,8,8,50,67.69,59.03,61.33,75.88,57.1,68.85,67.89,59.98
2194,45952,50.33,52.457099851865664,0.0959374449750385,4,6,8,50,46.3,51.78,45.24,52.06,45.2,54.47,53.58,53.99
2195,46456,58.03,53.100806914753086,0.2321779709115832,6,8,8,50,64.22,65.69,55.62,57.75,57.64,62.87,52.64,47.8
2196,45146,55.57,52.845567291849065,0.2023627391225534,4,8,8,50,51.26,56.74,54.21,57.79,58.93,58.8,55.82,51.02
2197,45545,64.65,53.14249045219232,0.1738155577065769,2,5,8,50,60.49,56.72,73.22,68.94,70.62,60.6,53.13,73.46
2198,46859,56.64,52.0268671522389,0.2405407715529432,6,7,8,50,52.33,53.28,64.72,49.31,62.14,54.26,59.43,57.66
2199,49519,56.04,52.95442935251487,0.218560380804922,8,7,8,50,55.33,59.83,52.11,65.19,54.71,48.29,58.53,54.31
2200,47462,50.47,52.26650246498091,0.1688558823658579,6,6,8,50,49.84,45.12,52.39,47.33,54.36,50.07,52.02,52.66
2201,43937,63.82,52.68290313034165,0.185587707162658,4,11,8,50,63.57,73.07,59.76,69.82,67.28,62.98,58.27,55.79
2202,49515,49.77,52.17192737060583,0.1508545886307778,6,5,8,50,49.32,57.11,43.2,47.13,48.52,51.32,48.37,53.2
2203,40323,56.08,53.13881213406601,0.0406733821050722,0,9,8,50,57.18,56.05,54.3,57.16,57.2,60.53,58.22,47.96
2204,61019,61.64,52.86883148911382,0.25605412025595,5,2,8,50,53.53,55.07,59.82,51.45,70.34,70.39,64.7,67.81
2205,41129,60.15,52.52273854447035,0.214538216651366,0,7,8,50,53.7,58.01,67.94,64.29,61.08,52.65,58.38,65.17
2206,40323,58.07,52.8265725705033,0.1346865750852059,0,9,8,50,61.97,49.54,53.0,58.43,64.35,57.95,60.92,58.37
2207,44894,65.03,52.29045716466355,0.2207268898640998,3,7,8,50,56.48,64.63,67.88,57.55,70.05,66.13,66.06,71.44
2208,60517,60.11,52.08994550523249,0.2018404668756895,4,1,8,50,63.13,54.18,61.42,51.4,69.79,65.48,61.16,54.29
2209,43030,57.81,53.35719525340116,0.0600100236152108,2,10,8,50,55.2,65.55,55.9,54.7,59.27,51.91,57.84,62.1
2210,43937,53.51,51.77021956269797,0.1270247892033214,4,11,8,50,58.37,57.58,51.84,45.63,52.19,54.8,53.12,54.53
2211,150000,58.97,52.30710418573752,0.1626387691878845,11,0,8,50,54.97,61.81,64.88,59.86,61.87,59.31,50.94,58.13
2212,39517,59.91,52.91700269095213,0.2221187382653509,0,11,8,50,70.36,55.77,54.55,55.81,57.21,58.68,69.77,57.15
2213,40726,61.52,52.705255209564335,0.1300765855755604,0,8,8,50,53.16,63.09,63.45,63.08,68.76,62.58,67.42,50.62
2214,46859,46.48,53.20833761232368,0.2177404298305627,6,7,8,50,46.43,42.95,44.56,43.99,52.82,47.63,47.59,45.84
2215,44642,63.66,52.50283128445359,0.1077846866081428,2,6,8,50,70.45,67.47,67.51,59.45,71.61,54.51,52.98,65.28
2216,47208,66.51,51.67208935124382,0.1657423889374745,4,4,8,50,55.76,72.45,66.89,69.17,71.8,69.8,70.35,55.88
2217,47208,57.86,52.78952284253402,0.2037368796268037,4,4,8,50,55.16,51.84,64.91,56.5,61.64,53.37,61.01,58.49
2218,45146,53.39,52.49446782302471,0.290923001914239,4,8,8,50,52.18,49.68,47.99,50.26,62.45,46.62,58.25,59.68
2219,145542,60.89,52.21420919889946,0.2958079833158269,9,1,8,50,56.01,68.02,60.31,50.68,58.82,66.69,62.55,64.06
2220,46855,48.04,53.31756916119756,0.2744775136203754,4,5,8,50,48.1,44.66,48.44,45.02,53.46,46.8,51.19,46.67
2221,54018,56.23,54.245541781624425,0.2515569066799371,6,4,8,50,60.88,57.92,56.08,56.37,53.86,54.38,58.0,52.36
2222,46859,55.44,53.20205600882466,0.2251677168975608,6,7,8,50,56.12,53.57,51.89,48.39,60.31,54.66,52.89,65.67
2223,45698,62.23,52.32604079227614,0.1857227011229434,2,4,8,50,65.71,56.35,65.78,68.35,65.02,54.63,66.27,55.71
2224,49267,47.72,54.15305473164708,0.2066033771932171,7,6,8,50,42.55,46.11,46.86,55.13,43.0,55.81,46.44,45.88
2225,54520,62.76,52.99661008487208,0.1075253335400613,7,5,8,50,72.46,68.04,56.64,59.23,58.5,68.25,62.63,56.36
2226,45952,54.59,51.49039015959387,0.2210752273759645,4,6,8,50,60.14,59.54,51.14,47.93,57.04,49.13,50.88,60.92
2227,45549,54.71,52.4281947282733,0.1457831356638037,4,7,8,50,49.32,51.37,57.25,48.53,54.13,52.9,60.92,63.27
2228,46706,60.16,51.991979408690206,0.2070069955249345,3,3,8,50,69.41,68.25,62.79,53.28,58.71,58.14,47.11,63.59
2229,39920,63.05,51.28968029415011,0.1534454997678008,0,10,8,50,63.07,52.52,64.74,71.98,67.77,70.16,57.33,56.83
2230,39920,45.6,52.41121040575997,0.1431576110801896,0,10,8,50,44.58,48.03,38.08,41.69,49.3,48.47,44.38,50.31
2231,73028,48.77,53.63070436286748,0.1049909959947629,8,4,8,50,53.86,47.35,46.27,54.24,44.88,49.54,50.17,43.87
2232,42435,55.57,52.271370472102426,0.1944732351746983,0,5,8,50,50.54,53.88,57.7,53.04,59.53,49.88,61.71,58.26
2233,54018,61.79,53.45898820911528,0.161171090528402,6,4,8,50,74.19,62.82,63.24,61.88,63.7,57.88,52.92,57.66
2234,43836,57.5,53.118144795023184,0.0774727509815968,2,8,8,50,51.08,50.59,59.24,63.51,55.08,62.73,66.21,51.55
2235,49515,48.01,53.12672644066487,0.1601986447217068,6,5,8,50,49.12,43.35,47.17,47.91,47.3,48.48,48.09,52.63
2236,46607,70.06,53.76185557304007,0.2225443146575333,5,6,8,50,74.0,66.02,76.66,63.98,79.04,63.47,68.05,69.28
2237,54018,53.26,52.729855268629215,0.2050903157006668,6,4,8,50,48.9,49.31,49.02,55.35,62.31,55.4,49.8,56.02
2238,45146,57.18,53.8354091720701,0.2026745309458711,4,8,8,50,60.45,58.73,55.26,52.12,52.82,57.15,62.19,58.76
2239,45549,52.81,52.72593463886405,0.1025014486289687,4,7,8,50,53.05,54.16,47.28,59.38,55.36,55.24,50.52,47.5
2240,44239,53.27,52.856194468450845,0.1777135232573129,2,7,8,50,47.54,51.96,55.44,62.02,52.82,49.01,54.5,52.87
2241,44239,59.44,52.66680691589798,0.136140117992444,2,7,8,50,65.78,61.49,60.64,59.95,49.89,63.7,60.57,53.53
2242,45146,58.1,54.23457892086476,0.1866016665632838,4,8,8,50,56.53,67.12,64.62,55.43,52.19,58.79,54.88,55.22
2243,40726,63.32,53.39831430799652,0.1260552265984664,0,8,8,50,68.08,66.61,67.28,60.84,64.87,56.67,64.08,58.11
2244,46053,57.91,52.21237908185702,0.1656487859673283,6,9,8,50,61.25,66.45,60.11,56.7,54.04,50.25,54.27,60.21
2245,45545,49.81,52.4609793674734,0.1413258322443663,2,5,8,50,47.49,44.18,45.0,55.5,52.95,54.68,51.23,47.42
2246,45146,59.86,53.88555818230932,0.120799490157021,4,8,8,50,50.21,68.02,53.93,61.24,53.63,66.89,59.04,65.95
2247,49515,51.78,52.7808385537312,0.2386538968440492,6,5,8,50,48.25,53.64,54.04,56.86,48.11,47.67,59.91,45.76
2248,46053,55.67,52.80520922211336,0.2446210657049071,6,9,8,50,60.45,59.84,50.41,47.77,51.18,65.34,54.11,56.23
2249,43030,58.67,51.45560216318373,0.112130344091415,2,10,8,50,62.18,59.1,61.69,52.18,61.22,50.81,66.31,55.84
2250,47462,58.99,53.27256823489679,0.1555482432831131,6,6,8,50,64.26,52.69,62.27,57.32,52.07,62.29,58.94,62.06
2251,47462,57.62,52.36559374275425,0.1453521796668133,6,6,8,50,49.35,63.83,59.22,54.38,60.71,50.19,57.91,65.35
2252,46053,50.97,53.263227744905855,0.1590535729647577,6,9,8,50,46.8,57.85,54.14,53.75,45.59,46.11,52.86,50.68
2253,47462,55.04,53.39932990953697,0.166749423537554,6,6,8,50,56.47,53.03,63.2,47.46,54.4,52.41,49.91,63.47
2254,47966,56.89,53.353045115787054,0.1717123308124225,8,8,8,50,55.35,66.02,68.43,52.21,49.78,49.34,56.44,57.58
2255,44743,61.65,51.6018769558644,0.196887560069986,4,9,8,50,55.22,69.11,55.59,65.27,62.53,64.4,55.34,65.76
2256,41569,64.32,52.61539534279796,0.1073381176244152,1,12,8,50,73.32,59.23,61.45,68.1,68.0,58.88,60.31,65.31
2257,46607,57.89,52.77059044923123,0.1901465281291411,5,6,8,50,60.64,52.38,58.2,55.43,64.9,54.64,62.15,54.78
2258,54520,65.53,52.99778732654457,0.2138040109045014,7,5,8,50,73.84,64.76,59.56,60.45,64.6,65.7,77.2,58.11
2259,42224,67.49,52.40046962358023,0.2153735589450691,2,12,8,50,53.93,73.49,68.34,69.58,59.63,74.31,73.7,66.93
2260,47714,58.63,53.36807411052012,0.1842697506317022,7,7,8,50,56.33,58.8,57.85,55.14,56.01,54.77,63.89,66.28
2261,40726,58.42,52.27310902881192,0.1846574796291251,0,8,8,50,57.96,63.05,61.74,58.65,63.13,56.79,51.28,54.74
2262,47462,58.45,53.78199792947998,0.2134872633558757,6,6,8,50,66.0,57.34,52.5,62.27,64.99,56.19,56.3,51.99
2263,54018,44.73,52.6980795074178,0.1898545796942587,6,4,8,50,43.82,43.45,52.04,41.22,44.6,43.36,43.37,45.98
2264,49013,58.29,52.99411082653823,0.1915771626590234,5,4,8,50,67.69,57.81,51.84,61.45,67.41,51.8,58.85,49.49
2265,44894,54.65,53.40669345760495,0.1792841450707542,3,7,8,50,52.21,51.28,46.5,54.52,55.19,62.47,59.3,55.73
2266,46960,50.42,54.410923777036,0.1550345362726521,8,10,8,50,53.1,57.93,45.2,52.08,46.22,54.19,44.11,50.54
2267,45549,62.25,53.80364398605977,0.1829960787153501,4,7,8,50,54.77,60.89,69.93,70.25,58.86,55.08,66.88,61.37
2268,47462,52.5,52.870417718043655,0.1729307841376016,6,6,8,50,57.19,54.1,50.54,50.61,53.71,45.5,61.17,47.15
2269,44642,60.02,52.70408834773188,0.0765978508275036,2,6,8,50,60.72,53.02,60.33,67.27,62.68,62.76,52.06,61.28
2270,44894,62.24,52.90808694787229,0.2105911609628867,3,7,8,50,70.55,58.35,54.2,60.56,60.07,65.49,65.23,63.44
2271,42375,61.54,52.94505887448728,0.2248721118118368,1,10,8,50,64.57,57.83,59.79,52.41,65.79,58.29,66.3,67.37
2272,47462,60.19,52.49080149288744,0.1133277646144389,6,6,8,50,61.32,62.3,63.42,54.42,53.22,62.17,64.23,60.4
2273,54018,66.35,54.10697999014664,0.1821892788918915,6,4,8,50,73.49,75.52,57.69,73.96,67.25,54.71,62.79,65.43
2274,62525,66.96,52.95649478444161,0.1312046282349795,8,5,8,50,61.87,53.52,71.95,74.55,60.61,72.55,67.77,72.85
2275,45851,56.3,52.892230278848245,0.2129257427469445,2,3,8,50,58.65,58.34,55.91,60.26,58.84,50.77,56.47,51.12
2276,45698,52.83,54.7913445564912,0.1829622610031643,2,4,8,50,45.13,53.77,54.13,49.82,56.82,53.22,49.53,60.25
2277,49013,54.98,52.04029571829671,0.1951835014333689,5,4,8,50,49.9,57.69,57.48,52.88,48.11,50.38,61.61,61.75
2278,43987,59.14,52.80360264370756,0.2572605286189285,1,6,8,50,61.84,58.89,57.52,55.62,67.76,55.83,57.77,57.87
2279,42778,61.9,53.52167859600444,0.2071819003918762,1,9,8,50,67.03,59.36,63.02,60.38,57.29,62.88,60.19,65.09
2280,46708,53.6,53.76058202817516,0.0680366816058859,7,9,8,50,51.94,53.39,51.72,55.9,50.01,61.64,48.8,55.41
2281,44491,45.39,53.60166681279396,0.2360990714237299,3,8,8,50,45.17,47.92,39.62,38.59,50.39,45.63,54.04,41.74
2282,43836,61.3,52.88945537739118,0.1913855016899234,2,8,8,50,58.07,61.2,59.92,61.15,64.13,57.72,65.81,62.38
2283,46960,58.76,53.90401307089626,0.1686301518314437,8,10,8,50,54.29,67.89,51.14,52.63,59.42,66.4,50.73,67.54
2284,44642,60.68,52.77917939080005,0.1933331794249227,2,6,8,50,55.38,66.22,70.29,60.32,52.19,68.79,51.99,60.26
2285,43433,52.44,53.6237093392193,0.1596455552160022,2,9,8,50,58.72,48.22,46.53,51.84,56.86,57.12,44.27,55.96
2286,45698,43.67,52.84467831198644,0.2044566945067943,2,4,8,50,41.83,42.29,38.65,44.2,50.6,43.05,49.56,39.18
2287,46859,45.91,52.43366499477444,0.1629026286787497,6,7,8,50,51.56,44.4,44.01,47.91,44.52,38.42,43.58,52.9
2288,46204,51.84,53.725154749091246,0.1723278537704183,5,7,8,50,49.21,48.36,48.86,58.17,47.14,53.47,54.5,55.0
2289,44743,52.13,52.93629323203144,0.1131455152119101,4,9,8,50,47.09,44.12,49.52,55.6,51.89,50.53,57.77,60.54
2290,45952,59.61,52.82426866355912,0.2734808332965517,4,6,8,50,56.55,52.39,69.89,62.01,59.72,64.34,50.62,61.33
2291,45801,52.22,52.511879454064086,0.1511453260981008,5,8,8,50,48.72,49.94,47.71,56.31,44.88,56.45,54.09,59.7
2292,45297,47.15,52.56766804012498,0.2035672695641945,3,6,8,50,50.71,43.36,55.03,55.75,42.2,43.64,44.03,42.46
2293,42588,57.22,53.08002960728825,0.1664662305912363,0,4,8,50,59.93,47.31,61.16,57.48,52.27,63.14,58.13,58.34
2294,54272,49.17,52.40748706122808,0.1024470141445936,8,6,8,50,52.87,52.25,42.38,48.06,45.43,48.29,57.32,46.76
2295,47710,58.52,52.12652438857974,0.0144894551356619,5,5,8,50,59.1,54.7,59.69,59.67,54.25,54.45,58.9,67.39
2296,40323,55.71,53.57677294817694,0.1638774267667479,0,9,8,50,52.52,59.59,50.52,53.16,61.22,56.83,60.14,51.73
2297,44239,57.17,52.433637134996616,0.1616189855411909,2,7,8,50,63.16,63.86,55.83,48.16,54.91,58.95,60.51,51.99
2298,45247,50.48,53.482518730981134,0.1562322353329442,6,11,8,50,48.44,48.86,50.71,53.09,51.16,61.37,46.22,43.98
2299,62525,55.9,52.82933779872349,0.1230275087216619,8,5,8,50,61.89,59.04,61.01,56.74,46.22,54.0,56.16,52.14
2300,47208,59.58,52.83892923156798,0.1037801986512053,4,4,8,50,56.73,58.55,53.68,63.97,61.21,56.21,55.8,70.53
2301,46456,51.3,53.79034768857306,0.1377693789217947,6,8,8,50,54.85,57.0,44.35,57.8,50.71,46.76,51.83,47.14
2302,49519,55.1,52.6686450237129,0.1091522780986742,8,7,8,50,56.09,52.12,57.43,57.55,51.73,54.01,60.61,51.29
2303,43937,52.83,54.04095782144066,0.1593561269205659,4,11,8,50,48.12,58.95,59.88,51.17,51.55,55.85,52.21,44.88
2304,45549,53.81,53.49807221769753,0.1837132289628411,4,7,8,50,48.6,47.61,63.16,50.66,54.6,54.48,51.22,60.17
2305,45545,42.65,53.436597120649495,0.1868656903010211,2,5,8,50,44.13,38.42,50.86,41.53,38.03,41.87,38.23,48.12
2306,47111,56.4,52.6219117501002,0.1003369636177338,7,8,8,50,53.72,54.29,57.75,66.3,56.31,63.33,50.06,49.41
2307,62781,57.4,52.82622041754083,0.2454478971910717,11,8,8,50,62.3,48.76,55.51,61.58,58.36,63.66,50.36,58.63
2308,42778,61.36,53.48509598643263,0.1134949817560702,1,9,8,50,54.48,58.08,54.77,59.25,72.3,68.7,56.4,66.89
2309,45952,60.24,53.86945574054067,0.1892515129282149,4,6,8,50,61.17,57.76,53.65,58.77,59.02,66.57,59.1,65.92
2310,45952,52.08,53.84033589649715,0.126583291469181,4,6,8,50,57.71,50.08,45.12,49.66,55.3,50.29,55.52,52.94
2311,43433,53.61,53.93102086870398,0.2108685895941726,2,9,8,50,55.16,47.97,58.99,56.74,49.65,48.59,56.42,55.34
2312,41532,59.9,53.97491520735804,0.2179502343103604,0,6,8,50,64.09,54.22,65.89,54.39,57.79,62.19,54.35,66.3
2313,45952,56.93,53.38489873603936,0.192427997350255,4,6,8,50,59.1,55.89,57.83,62.98,60.88,49.06,62.37,47.36
2314,40323,66.45,53.137956949850654,0.1182856289913959,0,9,8,50,61.91,70.15,67.97,71.52,67.58,64.29,61.21,67.0
2315,39957,57.87,51.60675212246594,0.1249076234127797,1,16,8,50,50.92,52.35,65.41,60.04,57.49,57.32,55.11,64.31
2316,62529,69.01,53.94785896804057,0.1989987994742058,10,7,8,50,66.62,64.26,80.58,73.27,62.15,70.45,68.67,66.05
2317,54018,56.66,52.44624823877156,0.1841159567257022,6,4,8,50,53.34,52.91,60.58,53.04,63.05,57.38,54.71,58.25
2318,46204,54.34,52.3256061398922,0.1883796875827408,5,7,8,50,49.7,62.28,48.84,51.31,62.29,56.97,52.74,50.6
2319,54018,56.08,52.641759933695376,0.1453859136805743,6,4,8,50,54.97,54.26,52.96,60.44,53.04,56.83,60.23,55.93
2320,45146,49.06,53.34869968136504,0.0949953219010878,4,8,8,50,48.93,41.86,47.72,55.14,45.28,55.51,57.15,40.87
2321,46855,65.56,53.822898108762125,0.1172386870416404,4,5,8,50,58.56,61.32,74.87,55.58,76.59,58.48,74.1,64.99
2322,44239,57.86,52.83438925174973,0.1337971816136431,2,7,8,50,62.8,59.29,59.81,61.64,62.87,51.83,50.97,53.7
2323,42375,57.8,53.22987708646239,0.0870364484592142,1,10,8,50,61.76,59.85,62.59,50.82,54.01,62.73,52.84,57.78
2324,45801,52.71,53.56698108967901,0.0749002751613177,5,8,8,50,48.42,57.34,48.81,59.23,55.93,47.66,56.33,47.96
2325,45952,61.26,52.86699479765006,0.2144548380222062,4,6,8,50,66.32,59.87,68.84,61.52,58.1,58.4,62.27,54.72
2326,44239,52.26,51.79968461272296,0.1342852212768635,2,7,8,50,46.66,46.94,53.85,55.63,56.74,52.06,49.09,57.07
2327,44088,49.2,51.12704739631752,0.0875253542819844,3,9,8,50,47.05,53.63,47.2,57.37,43.39,52.53,44.14,48.3
2328,43282,56.41,52.56313307948822,0.1777095161614337,3,11,8,50,59.0,55.09,49.71,51.56,59.29,62.25,56.21,58.15
2329,45549,65.72,52.46189019825909,0.1480837319315046,4,7,8,50,63.03,66.29,60.93,66.41,66.05,63.75,69.49,69.84
2330,38711,60.78,52.99154571832737,0.1264620007207514,0,13,8,50,58.78,58.82,64.58,54.26,63.79,69.12,53.95,62.98
2331,45952,64.53,53.14445556827833,0.2103466643900305,4,6,8,50,66.98,62.34,57.96,66.62,64.86,71.1,62.77,63.62
2332,45952,60.98,53.48419843168757,0.2256777147609328,4,6,8,50,60.16,66.52,66.36,57.6,50.93,54.77,65.3,66.24
2333,44743,50.46,53.52173154112212,0.0980619844970629,4,9,8,50,57.89,46.37,59.08,45.39,45.32,52.5,49.3,47.86
2334,40726,52.54,52.27527321583663,0.070836937425187,0,8,8,50,54.76,49.91,45.13,47.21,48.9,53.64,61.74,59.05
2335,87535,53.28,54.32715044314463,0.1407917238859968,10,5,8,50,58.56,56.54,57.86,52.55,55.5,49.31,50.49,45.45
2336,124035,59.39,53.16527003884709,0.1348185908722453,7,0,8,50,62.92,55.04,61.51,67.46,51.57,66.0,58.52,52.1
2337,54272,55.51,52.20806884126415,0.1862762180620594,8,6,8,50,64.24,53.3,48.65,48.79,56.45,54.47,58.32,59.85
2338,42435,54.6,52.20168560648459,0.1855607534386273,0,5,8,50,48.82,61.09,57.69,52.76,59.82,55.89,51.14,49.62
2339,46200,55.37,53.52114386893376,0.1900646264686859,3,5,8,50,55.31,59.33,62.31,56.9,52.16,49.64,60.26,47.04
2340,44894,66.76,54.15281934866856,0.1404300841445536,3,7,8,50,69.92,60.51,58.71,68.89,68.98,68.38,70.31,68.42
2341,44088,59.59,53.74355551802071,0.2893937821497038,3,9,8,50,62.37,60.64,57.05,63.08,55.28,55.73,58.11,64.47
2342,44743,49.93,51.75606690380084,0.1686975974212057,4,9,8,50,50.05,48.75,45.57,45.26,59.82,55.15,45.67,49.2
2343,49267,57.61,53.13463617785576,0.2143966064445063,7,6,8,50,64.11,54.37,63.21,57.05,54.98,58.86,51.96,56.32
2344,45545,68.96,53.45302401898911,0.1057394565391243,2,5,8,50,74.37,63.78,74.42,55.96,68.55,74.88,73.05,66.65
2345,43433,55.08,51.94417114420754,0.0788378958656918,2,9,8,50,52.54,45.87,58.18,57.48,57.52,62.84,50.42,55.75
2346,73028,49.96,52.736907497564026,0.1715837731476496,8,4,8,50,51.78,52.74,48.12,53.59,52.23,48.22,47.17,45.79
2347,45801,53.61,52.54139142833313,0.2592853245453414,5,8,8,50,58.05,54.7,52.08,51.11,57.88,55.06,48.71,51.28
2348,54272,59.85,52.84217592083231,0.0947112871780725,8,6,8,50,62.17,67.11,50.03,58.67,64.39,65.65,58.02,52.76
2349,49515,55.9,52.93470891826407,0.1297851508601682,6,5,8,50,50.41,54.63,61.06,49.57,56.29,57.34,59.96,57.94
2350,47966,59.64,52.99615081258185,0.1094326756784776,8,8,8,50,66.62,60.71,57.84,63.95,55.18,54.12,54.62,64.06
2351,45549,66.46,52.16818695359104,0.2919663966821618,4,7,8,50,59.39,58.63,72.53,73.71,67.3,68.41,58.44,73.26
2352,46859,60.21,54.58538578506026,0.1324837346439303,6,7,8,50,68.38,62.69,61.28,59.29,51.65,63.37,60.66,54.35
2353,46607,54.77,52.56734072407871,0.2696974402183362,5,6,8,50,52.58,52.72,57.25,56.39,51.67,55.36,51.25,60.96
2354,47462,56.26,53.42334546315979,0.1705895903662185,6,6,8,50,57.94,56.37,48.35,65.68,50.36,55.0,55.46,60.92
2355,47462,63.92,53.20124868225671,0.0495168068236703,6,6,8,50,68.66,70.77,63.01,63.86,65.72,54.57,57.58,67.23
2356,46204,65.89,52.46633795435508,0.1605434478551685,5,7,8,50,65.2,76.46,55.04,60.35,68.45,75.65,65.7,60.26
2357,72526,62.76,53.29599388126504,0.1585121574166039,7,3,8,50,56.17,67.62,68.14,70.56,61.63,68.55,52.29,57.16
2358,104030,51.14,53.43621241697655,0.1230984799737863,6,0,8,50,52.85,50.7,49.79,55.61,55.31,44.47,50.55,49.8
2359,62277,55.18,54.25036406180577,0.1303256830815473,9,6,8,50,63.63,51.64,57.04,53.45,48.01,50.79,59.86,57.04
2360,53014,61.02,52.3784755584642,0.1404186086856421,4,2,8,50,58.48,62.11,56.03,57.1,72.32,56.46,70.83,54.87
2361,45549,55.59,53.39102910376383,0.2155031279814495,4,7,8,50,48.46,61.75,47.46,63.46,60.12,48.42,59.03,56.0
2362,39920,58.96,53.98469900878799,0.0996357094928081,0,10,8,50,67.06,56.19,63.54,55.89,53.44,60.15,64.28,51.16
2363,73028,57.59,53.737098546454405,0.1523942911759347,8,4,8,50,53.07,53.24,63.93,55.4,58.34,58.15,54.61,63.95
2364,39920,58.35,53.92796931674189,0.1371759067516658,0,10,8,50,63.8,63.02,53.41,51.11,56.16,61.61,60.03,57.65
2365,43937,58.37,53.5321549372971,0.1474012921728115,4,11,8,50,53.8,53.83,57.21,62.52,61.84,62.28,61.44,54.03
2366,41129,56.79,53.01330881562968,0.1426356648765806,0,7,8,50,54.91,54.78,61.45,53.27,49.08,61.95,61.09,57.79
2367,46859,59.14,52.93358180005494,0.1497610883233035,6,7,8,50,59.91,60.36,63.31,58.94,55.53,60.82,56.85,57.4
2368,49515,51.15,53.18097033965274,0.0879581267468644,6,5,8,50,50.3,52.73,46.37,57.87,46.16,49.81,58.9,47.08
2369,62525,53.91,52.64442682133721,0.2116297199682964,8,5,8,50,51.1,46.68,52.6,55.71,51.45,62.74,57.73,53.25
2370,62525,56.37,53.57456824478584,0.0982921604626172,8,5,8,50,54.78,51.51,56.45,64.72,51.98,55.08,57.54,58.89
2371,54272,59.85,52.6633278439307,0.1143759017997525,8,6,8,50,61.23,61.01,66.49,54.13,57.38,64.6,55.18,58.78
2372,61521,44.91,52.46027832696374,0.1258832745627797,6,3,8,50,42.34,49.94,43.15,38.94,49.93,48.12,43.48,43.37
2373,62023,49.32,53.224450077702095,0.2214887410879539,7,4,8,50,47.97,46.85,46.85,44.28,57.05,55.25,45.26,51.01
2374,46859,52.36,53.66583221277681,0.1256542168590101,6,7,8,50,57.36,48.57,49.11,50.7,50.7,55.76,58.14,48.53
2375,46200,62.8,53.46037973389441,0.2090595415967417,3,5,8,50,57.32,64.98,67.97,60.77,70.88,52.91,58.73,68.85
2376,42741,51.15,52.38571179285459,0.1252941106582731,0,3,8,50,48.88,57.39,56.91,46.95,49.75,51.77,52.45,45.09
2377,46456,59.62,52.37288973824084,0.18841978148272,6,8,8,50,64.87,56.85,56.8,50.43,64.63,62.93,56.22,64.27
2378,45549,62.48,52.72809033938133,0.1673951397087613,4,7,8,50,64.12,72.66,53.32,57.2,64.72,55.74,66.01,66.08
2379,43584,57.02,53.060240983474976,0.0880199254993047,1,7,8,50,62.33,57.8,59.03,51.96,52.28,57.29,55.5,59.93
2380,43987,62.46,52.772659590513705,0.1447044019306005,1,6,8,50,56.52,60.87,63.22,59.77,63.79,72.84,62.91,59.73
2381,44239,62.51,51.80333256511102,0.196004108029846,2,7,8,50,71.7,56.43,72.76,62.6,53.65,67.94,52.53,62.46
2382,46859,55.04,53.29003341259214,0.1378650436059786,6,7,8,50,50.96,56.18,55.61,53.63,62.67,49.24,61.41,50.64
2383,62023,57.41,53.48067112019392,0.1491194039942645,7,4,8,50,66.09,59.66,51.46,57.65,50.18,67.14,52.17,54.93
2384,45549,50.43,53.68700815413288,0.0796495870452625,4,7,8,50,49.24,44.03,52.65,44.19,58.34,50.6,52.84,51.58
2385,43685,54.05,54.576930622068815,0.0988901916594774,3,10,8,50,55.33,57.07,45.73,51.12,47.44,58.11,57.47,60.11
2386,43030,64.0,54.726387367314544,0.1574324652871776,2,10,8,50,62.52,54.49,67.3,68.36,64.63,53.91,71.98,68.82
2387,47462,59.68,52.610774914238974,0.110069806476203,6,6,8,50,51.27,54.45,58.64,61.01,60.64,66.62,68.54,56.29
2388,45549,52.88,53.11078474529245,0.2166856577864399,4,7,8,50,50.54,57.62,49.79,47.86,54.01,56.64,47.67,58.94
2389,46855,50.56,52.49424440865727,0.1311947674600757,4,5,8,50,54.19,54.64,51.93,46.91,49.54,51.76,51.43,44.11
2390,49013,59.29,52.861026603321626,0.1359124856959429,5,4,8,50,56.43,67.84,55.0,55.89,59.4,54.05,57.82,67.87
2391,39920,53.82,53.32956691852993,0.0980087726319672,0,10,8,50,50.9,46.8,51.35,46.42,61.78,59.52,60.69,53.11
2392,60517,53.4,53.31077193000545,0.1161340073301261,4,1,8,50,59.53,47.4,58.78,50.35,60.91,49.36,45.5,55.37
2393,38711,44.06,52.53016100902904,0.1138629896529206,0,13,8,50,41.36,46.23,46.49,45.04,38.29,42.02,46.01,47.01
2394,45952,51.42,53.89716097507144,0.1921467864927601,4,6,8,50,47.89,53.97,50.07,51.84,51.68,46.46,53.71,55.78
2395,46053,52.1,52.78857721700401,0.0748082644120152,6,9,8,50,48.94,54.18,53.99,56.04,45.92,48.29,48.94,60.51
2396,46204,53.79,53.3620879483708,0.0373760730751316,2,2,8,50,54.44,56.03,57.3,54.45,49.64,53.29,50.15,54.99
2397,44743,65.5,53.01491866451913,0.1641246418499729,4,9,8,50,65.59,58.05,71.25,68.71,70.75,58.57,69.93,61.15
2398,150000,60.89,54.47356185831915,0.1411793187837996,10,0,8,50,63.64,56.45,69.33,51.01,59.99,58.7,66.52,61.46
2399,61521,61.48,53.687059111436966,0.1197865771414362,6,3,8,50,63.28,67.48,59.25,53.74,64.68,67.92,60.59,54.93
2400,44642,64.45,53.54905814559128,0.212612239873478,2,6,8,50,69.47,73.93,54.38,68.46,58.91,70.76,59.94,59.75
2401,53014,56.19,51.55429700991972,0.1920516723819183,4,2,8,50,52.18,58.65,60.24,55.3,53.87,52.42,51.85,65.02
2402,46855,49.87,54.55991692105694,0.1075336760594216,4,5,8,50,49.16,50.47,46.33,54.99,44.01,53.95,55.06,44.96
2403,46607,58.47,51.61862486915943,0.0692807661560681,5,6,8,50,55.76,58.18,57.87,67.69,58.25,57.36,56.33,56.34
2404,43433,59.52,52.482448985506,0.1598068114316786,2,9,8,50,56.56,69.9,65.06,51.98,52.98,59.8,59.91,60.0
2405,44592,63.96,53.07711067553487,0.1177539561684329,5,11,8,50,55.57,63.06,62.41,69.19,68.0,60.51,69.63,63.3
2406,54272,62.72,53.69978599210224,0.1967351111481298,8,6,8,50,65.9,67.84,59.37,57.07,53.94,71.53,59.75,66.37
2407,104030,50.69,53.29219313541026,0.211769927440273,6,0,8,50,53.1,45.65,52.27,51.0,54.77,48.33,48.72,51.71
2408,46200,58.48,54.63734836152477,0.1887004437885781,3,5,8,50,66.98,50.75,59.87,54.52,56.55,66.67,54.45,58.09
2409,43030,68.69,52.93525745906405,0.2030483244161752,2,10,8,50,64.22,71.73,67.5,70.7,61.72,83.27,69.92,60.44
2410,45146,55.14,53.24992697198739,0.1516189166969582,4,8,8,50,52.81,61.28,54.03,52.86,52.43,57.94,54.68,55.05
2411,54018,57.12,53.78667492473463,0.1566794915677499,6,4,8,50,60.86,50.23,62.32,60.27,56.08,56.07,59.26,51.88
2412,45952,53.49,52.319137177867006,0.1881072848503324,4,6,8,50,60.06,57.32,47.5,52.91,52.83,55.24,48.29,53.73
2413,45545,54.85,51.67340122962887,0.0812485998416057,2,5,8,50,50.57,63.91,52.37,50.34,58.63,55.99,59.15,47.87
2414,45952,59.37,55.02938266839882,0.118179720200905,4,6,8,50,60.91,64.09,52.93,66.15,55.55,62.72,59.97,52.6
2415,61521,56.1,53.83909725504346,0.2203359783180766,6,3,8,50,57.96,53.88,54.2,59.7,54.76,53.1,55.58,59.64
2416,40726,52.92,53.81440678009335,0.1884221627870912,0,8,8,50,52.08,61.57,50.39,47.91,58.53,56.62,47.09,49.2
2417,42476,52.29,53.649045370127,0.1324296607218533,3,13,8,50,48.11,56.02,52.1,56.48,53.93,48.26,49.72,53.67
2418,47966,59.5,54.51362253727064,0.1994736905184614,8,8,8,50,58.33,65.34,67.81,53.16,48.88,65.19,61.04,56.26
2419,49267,55.76,53.08798079903779,0.1357039162128972,7,6,8,50,60.73,64.11,51.07,58.42,48.48,48.5,60.44,54.3
2420,86531,61.44,52.8332732186376,0.2184016136205823,8,3,8,50,67.28,67.69,61.01,51.22,68.85,55.13,64.78,55.56
2421,44743,59.36,54.04530665814576,0.1390673573716514,4,9,8,50,63.53,64.55,56.45,56.17,55.36,55.09,67.52,56.25
2422,48511,54.64,53.349403338432296,0.0355684144298564,4,3,8,50,59.08,57.93,49.79,50.2,63.35,53.07,54.04,49.64
2423,62023,46.02,52.0358329166203,0.1066671733778159,7,4,8,50,44.71,48.08,48.47,39.95,48.53,44.97,49.21,44.27
2424,44894,61.42,53.208853685137626,0.141650550516919,3,7,8,50,51.69,56.59,69.99,62.59,54.37,60.27,67.75,68.11
2425,40323,65.66,54.52919064635019,0.1766556007833499,0,9,8,50,63.78,69.16,67.27,57.26,67.51,62.6,69.06,68.68
2426,46855,53.12,53.3050255533369,0.0657124477997584,4,5,8,50,55.14,45.64,59.14,50.57,59.51,51.95,55.73,47.3
2427,44642,57.97,52.58983046732533,0.1599525377021659,2,6,8,50,63.26,59.42,59.07,60.96,55.13,58.07,54.66,53.16
2428,45952,61.43,53.09991354486223,0.0850125388261158,4,6,8,50,54.75,58.5,63.74,65.15,56.63,70.84,56.17,65.69
2429,72526,62.71,54.06502306199856,0.1938070097786041,7,3,8,50,72.27,52.08,56.47,71.86,63.11,60.38,68.85,56.64
2430,46859,56.23,53.16674682489073,0.1326644124972044,6,7,8,50,63.45,54.78,62.84,53.44,53.19,52.88,54.78,54.51
2431,45952,64.11,53.98950856555328,0.2486166853639948,4,6,8,50,65.24,56.14,69.98,66.57,57.62,59.96,71.14,66.23
2432,45196,48.08,52.04101433092089,0.2147796612620389,1,3,8,50,41.45,54.35,54.44,39.83,52.16,46.53,49.08,46.78
2433,47462,52.65,53.27112390289779,0.1002501889322976,6,6,8,50,50.61,47.97,47.92,56.35,49.45,49.69,56.62,62.62
2434,54018,52.24,52.62892624419162,0.1300654426302289,6,4,8,50,42.73,50.0,46.1,62.05,63.29,46.11,52.19,55.43
2435,40323,61.13,52.90815932511728,0.1482788564296973,0,9,8,50,57.49,62.54,46.36,64.64,67.38,56.32,66.6,67.72
2436,49519,53.78,53.0591719953944,0.1551694866175996,8,7,8,50,53.76,50.0,52.53,54.98,54.4,54.31,50.1,60.15
2437,47710,59.93,53.81652889700037,0.1560710178305275,5,5,8,50,53.66,53.37,65.45,66.15,51.17,65.13,60.34,64.2
2438,43433,54.81,53.31146387312399,0.0801319085718932,2,9,8,50,61.51,51.42,50.47,64.05,50.16,47.97,52.69,60.18
2439,44340,62.06,51.65863929757506,0.077388830657458,4,10,8,50,62.52,66.52,65.56,69.1,58.75,60.01,58.03,56.01
2440,45146,52.46,53.55589068646233,0.1416179505941263,4,8,8,50,52.31,50.85,48.73,55.83,54.05,48.74,49.13,60.07
2441,44491,55.06,53.4584613668785,0.1154344608025361,3,8,8,50,49.42,47.75,54.17,48.83,54.45,63.46,65.57,56.83
2442,54524,57.69,52.82879210474111,0.0921332062914157,9,7,8,50,57.2,49.96,61.52,48.85,65.76,52.06,61.77,64.39
2443,54018,52.68,53.2426726284852,0.1888415794081336,6,4,8,50,49.42,49.22,48.01,49.23,51.28,59.26,49.95,65.07
2444,45549,61.93,54.33029343647613,0.1138095343676882,4,7,8,50,60.42,60.34,65.87,59.96,59.64,53.53,70.3,65.37
2445,53014,58.12,53.28253721071006,0.1417456271078055,4,2,8,50,52.72,59.6,57.12,54.52,65.86,56.91,62.74,55.51
2446,44743,59.65,53.55469853241585,0.1347638874050239,4,9,8,50,54.72,59.78,73.27,54.34,60.74,56.54,63.68,54.12
2447,45545,53.46,53.31134745317564,0.2792960314730631,2,5,8,50,60.14,56.54,55.33,51.34,44.94,46.75,53.37,59.3
2448,49013,60.02,52.35743004974481,0.0505349237745766,5,4,8,50,57.56,52.21,65.54,59.39,62.4,67.83,57.85,57.42
2449,45297,51.54,52.549094825285735,0.1320456925963312,3,6,8,50,54.07,52.52,45.71,55.83,48.6,51.26,56.08,48.27
2450,48511,62.09,52.35827808925577,0.139554719493852,4,3,8,50,68.45,59.96,63.87,60.51,58.5,67.48,59.59,58.39
2451,42627,57.46,53.46747685628152,0.1581151404175686,2,11,8,50,63.71,57.59,59.51,56.87,52.07,64.31,56.68,48.93
2452,46960,53.98,54.39184199707231,0.1703556165787346,8,10,8,50,55.05,50.91,58.46,61.62,48.29,58.3,52.75,46.45
2453,46607,64.32,52.16423825146793,0.0930093009590825,5,6,8,50,73.89,61.4,63.06,69.42,73.4,56.98,61.46,54.92
2454,44995,62.45,53.16874700776983,0.1204694341946742,5,10,8,50,63.47,62.39,67.64,60.96,60.28,56.57,62.24,66.08
2455,49519,52.72,53.32947568126897,0.1803677393478996,8,7,8,50,55.12,52.17,54.96,48.11,53.4,60.87,47.58,49.56
2456,72526,57.72,53.73052764259377,0.2083735920921668,7,3,8,50,65.58,56.15,56.73,53.61,55.38,49.76,69.17,55.42
2457,44743,57.31,54.75230693446777,0.0702570931386309,4,9,8,50,64.47,58.72,50.47,46.38,60.99,59.68,62.19,55.6
2458,46607,60.58,52.99642776200429,0.1003112489999401,5,6,8,50,50.7,68.13,63.9,64.4,52.33,56.55,67.67,60.98
2459,46053,55.62,52.83714453557868,0.140238470118402,6,9,8,50,57.14,59.39,46.25,64.44,61.24,58.06,51.85,46.56
2460,54272,58.46,52.04905375160301,0.0674545606988244,8,6,8,50,60.15,52.13,63.03,63.99,58.06,53.59,58.21,58.49
2461,85527,53.44,53.9480267592602,0.0944543779381318,6,1,8,50,60.0,49.56,45.39,62.88,55.66,53.31,48.75,51.99
2462,44088,54.72,53.47689289019881,0.0778602952583533,3,9,8,50,59.98,48.05,59.12,48.53,59.39,53.87,53.71,55.07
2463,47208,60.37,53.84513473234565,0.2016748851211438,4,4,8,50,53.37,61.04,58.47,62.52,63.75,61.01,67.92,54.9
2464,60517,56.19,53.65800100523819,0.0760101834933108,4,1,8,50,58.81,52.61,61.19,54.03,59.65,56.64,57.02,49.6
2465,41532,60.45,53.22140887659173,0.2178794890051338,0,6,8,50,50.31,64.31,65.15,55.89,58.05,58.86,68.52,62.5
2466,43433,54.46,53.05025540104453,0.1067294862566797,2,9,8,50,55.94,48.38,59.4,62.67,54.06,55.72,52.39,47.09
2467,43534,47.14,53.33157425644301,0.1413220857607153,4,12,8,50,40.69,51.22,51.81,46.11,49.61,48.92,45.95,42.8
2468,47111,56.64,53.76614012579268,0.1219231220898312,7,8,8,50,50.5,56.51,58.52,66.54,63.72,50.39,49.76,57.22
2469,43433,53.61,53.77031896573155,0.1001792200779358,2,9,8,50,56.22,62.18,61.72,51.05,48.25,48.55,52.4,48.49
2470,62529,56.92,52.92980672373257,0.1259392977234362,10,7,8,50,58.02,52.06,56.02,49.99,64.3,61.38,53.3,60.33
2471,40323,59.5,54.20654506820588,0.1471816291986811,0,9,8,50,61.55,65.2,51.76,51.51,64.45,53.17,68.51,59.87
2472,45545,61.29,53.41446980705887,0.1273582135996263,2,5,8,50,57.62,52.52,63.2,70.21,66.73,64.49,56.73,58.82
2473,62525,67.12,53.79917030462708,0.1369726485252365,8,5,8,50,60.11,62.58,67.68,69.49,71.62,67.19,68.97,69.33
2474,46456,69.04,52.73649980697151,0.1418657742870214,6,8,8,50,71.77,71.97,61.03,72.62,69.63,66.27,74.32,64.7
2475,46204,61.09,52.43835579496543,0.2366579530542347,5,7,8,50,61.88,53.9,56.97,61.81,64.83,71.4,56.97,60.96
2476,44743,60.21,54.822836374316736,0.2200712401598175,4,9,8,50,67.93,54.4,63.43,62.12,56.29,59.53,57.07,60.92
2477,43937,54.83,53.25495851227789,0.2704590746221309,4,11,8,50,52.88,53.28,59.23,56.25,55.73,55.07,50.87,55.34
2478,62015,58.16,53.94654037325428,0.0944313962225067,3,0,8,50,58.17,52.11,57.86,57.0,61.74,55.4,63.17,59.81
2479,54272,46.67,53.54707055698939,0.1194015987606455,8,6,8,50,52.3,48.09,44.17,40.78,39.93,42.95,51.85,53.31
2480,47208,60.73,54.33357785063485,0.0976450254978996,4,4,8,50,55.91,51.57,60.85,66.5,56.76,58.72,69.89,65.62
2481,71522,52.11,53.49374602786599,0.1829690137530252,5,1,8,50,57.11,48.35,47.77,56.5,46.95,59.56,42.45,58.2
2482,46960,67.73,53.021298412236426,0.1529156526509078,8,10,8,50,73.38,54.18,71.11,60.37,74.4,67.1,70.54,70.76
2483,44239,58.41,53.82341751974722,0.0793350263809799,2,7,8,50,63.31,64.4,64.39,58.34,61.68,54.39,50.35,50.4
2484,49515,71.6,54.44231836641577,0.0866074200908255,6,5,8,50,78.43,61.45,80.1,68.63,77.44,68.75,64.76,73.2
2485,146546,62.4,53.13008729007131,0.0845853349154694,11,3,8,50,63.26,63.52,63.87,58.75,57.47,66.92,61.48,63.91
2486,54018,57.59,53.13431426089861,0.065817356174237,6,4,8,50,55.86,59.83,52.36,62.09,59.22,61.53,47.71,62.13
2487,62525,54.07,52.84686809760481,0.1395207466023222,8,5,8,50,61.0,46.26,52.79,56.94,51.11,57.96,49.32,57.18
2488,47710,63.87,53.58181796298139,0.1531586800369795,5,5,8,50,70.27,57.18,64.69,63.54,60.2,70.35,61.35,63.39
2489,45297,56.74,52.85501880399861,0.1603193732557601,3,6,8,50,65.27,53.23,52.83,62.18,51.35,53.53,57.22,58.33
2490,46855,55.55,53.883877463848336,0.1031463626511074,4,5,8,50,58.56,50.58,57.73,61.18,52.95,62.51,47.84,53.04
2491,44642,57.03,53.5422889501566,0.1692396800139119,2,6,8,50,63.25,63.92,49.26,48.6,50.66,68.07,56.16,56.29
2492,44340,56.88,53.96992719762621,0.1387439739889404,4,10,8,50,63.72,51.29,51.52,61.26,65.4,51.32,49.62,60.94
2493,46859,52.1,52.556288867753686,0.136633677182821,6,7,8,50,49.25,51.29,54.94,52.48,43.16,60.43,58.47,46.79
2494,47966,57.64,52.8497734730119,0.0894488891363695,8,8,8,50,58.8,53.18,58.35,53.36,55.31,58.09,59.77,64.3
2495,73028,62.33,51.19326161572703,0.1446977544881399,8,4,8,50,52.48,60.94,59.18,64.86,61.91,64.73,69.32,65.21
2496,44239,61.46,52.92505715805309,0.1664223402741373,2,7,8,50,64.13,60.71,64.24,57.07,58.34,60.77,67.11,59.3
2497,73534,57.61,51.71903236676559,0.156924152201753,11,7,8,50,63.12,55.02,54.47,58.8,50.38,52.24,60.85,66.0
2498,43433,63.57,52.40002764279919,0.2817998662051821,2,9,8,50,68.55,54.69,72.09,59.55,62.49,60.19,66.46,64.56
2499,43584,55.17,52.35501311703839,0.1626071216279295,1,7,8,50,47.9,58.31,51.0,55.19,60.76,60.37,59.08,48.77
2500,45297,64.72,52.73694929144852,0.1134805877710163,3,6,8,50,73.52,69.62,71.8,59.68,52.86,63.03,62.65,64.57
2501,61521,63.15,51.441454977712,0.185567005236014,6,3,8,50,61.19,64.37,65.5,62.01,63.35,60.27,64.24,64.24
2502,61019,62.66,53.68562120978288,0.1813160101494767,5,2,8,50,49.9,60.97,70.92,61.39,58.31,70.91,69.75,59.16
2503,42435,62.09,54.16051377488723,0.1187412940936343,0,5,8,50,69.85,59.0,69.17,52.43,64.91,67.53,55.93,57.91
2504,87535,59.96,53.77538616168588,0.1462996399512099,10,5,8,50,57.54,65.94,61.41,60.73,50.13,66.78,61.0,56.19
2505,45545,60.76,51.83715196209407,0.141144100266561,2,5,8,50,62.97,65.36,57.22,60.05,66.4,57.45,59.08,57.59
2506,46200,58.77,54.48233994304664,0.2404708228233432,3,5,8,50,59.94,62.15,63.46,51.36,56.45,60.56,54.64,61.62
2507,87535,64.01,54.15640068208338,0.1086123047672083,10,5,8,50,67.14,67.89,63.39,63.92,69.44,62.99,52.13,65.14
2508,43987,60.92,53.814629612756015,0.0750027440420528,1,6,8,50,57.57,69.15,66.69,56.15,62.49,56.72,65.24,53.37
2509,54018,54.51,53.44576033283462,0.0421047979179907,6,4,8,50,50.29,50.86,54.04,52.43,64.03,55.72,49.85,58.86
2510,54018,63.18,52.23389036769012,0.2350860203859651,6,4,8,50,59.61,58.21,68.63,54.41,60.81,71.18,65.02,67.56
2511,45297,73.13,53.806912674862026,0.1851795335217346,3,6,8,50,80.58,81.15,80.29,66.27,63.05,76.9,63.65,73.18
2512,147040,49.34,52.10174862497538,0.0594573886311758,8,0,8,50,53.1,46.37,47.41,46.22,54.33,41.61,54.99,50.67
2513,46305,52.89,51.99096494115325,0.1371436260574604,7,10,8,50,56.06,54.06,51.05,48.01,55.89,54.7,46.02,57.36
2514,45146,53.49,53.8549587169955,0.1629272489678663,4,8,8,50,46.76,47.91,57.85,53.23,57.97,56.25,49.73,58.19
2515,87033,59.97,53.65528173046561,0.1222568166431034,9,4,8,50,65.91,59.9,60.52,54.76,62.46,64.01,59.22,52.97
2516,45549,57.46,53.99247692028565,0.1166368127275117,4,7,8,50,54.27,54.28,53.47,62.29,65.36,51.69,58.93,59.36
2517,150000,49.92,53.29556484066952,0.0971598071306934,10,1,8,50,44.18,52.1,57.33,44.78,55.39,53.29,44.86,47.43
2518,44642,56.88,53.04498636091814,0.114930101644821,2,6,8,50,59.21,61.9,54.39,52.11,53.04,62.37,52.96,59.03
2519,46053,56.85,53.75862794080493,0.0498521272651594,6,9,8,50,60.71,59.52,59.62,61.45,51.87,54.62,46.79,60.2
2520,47714,51.91,53.90664305347226,0.1246561843826508,7,7,8,50,54.31,49.51,60.52,47.46,44.25,54.39,56.79,48.06
2521,45146,52.26,54.00808162217543,0.12081023443827,4,8,8,50,60.55,55.52,49.67,49.28,45.42,52.73,47.81,57.12
2522,44743,55.03,54.20396925563161,0.1914948351675485,4,9,8,50,52.43,56.19,59.24,54.03,50.16,55.85,61.47,50.89
2523,86531,67.75,53.49923265567482,0.1087225709578336,8,3,8,50,61.47,73.15,64.53,66.95,65.56,64.58,76.94,68.82
2524,49013,56.18,52.13632011237202,-0.0110107007243109,5,4,8,50,48.5,56.83,58.3,56.24,58.48,56.11,52.36,62.65
2525,86531,52.49,52.81552882076736,0.1124882538600173,8,3,8,50,54.2,56.44,50.71,58.73,48.13,56.77,46.27,48.64
2526,43836,60.28,53.84034816554787,0.12646569845493,2,8,8,50,56.55,57.91,58.19,63.4,57.66,56.14,65.52,66.87
2527,46353,54.98,52.36888462243223,0.1765149458808727,3,4,8,50,55.94,54.54,60.77,58.44,52.66,60.13,50.4,46.93
2528,46859,59.49,52.27136003578004,0.1764439155699712,6,7,8,50,54.21,60.9,63.93,63.58,59.11,55.78,57.47,60.91
2529,47462,50.36,53.29390635344493,0.129659392835493,6,6,8,50,48.86,56.91,49.64,54.35,48.96,43.19,50.89,50.11
2530,45952,57.23,53.37827983912965,0.1144348046573368,4,6,8,50,56.53,64.49,60.73,52.47,54.79,65.06,51.37,52.39
2531,49515,59.14,53.651672464298784,0.1536522567969454,6,5,8,50,64.11,57.95,61.4,59.4,56.49,59.88,65.26,48.59
2532,104038,58.91,53.976294907320096,0.1105799150180456,10,4,8,50,61.93,54.42,58.1,59.54,50.94,61.97,68.27,56.15
2533,46859,61.61,54.45727514191796,0.1631165992390877,6,7,8,50,64.46,64.14,53.69,64.7,58.63,61.81,55.01,70.45
2534,54272,49.38,53.06085616525228,0.1435540043698414,8,6,8,50,43.11,44.98,47.07,59.6,56.37,43.93,45.76,54.22
2535,87033,59.64,53.55607177624727,0.1222231967869365,9,4,8,50,53.84,66.26,66.82,56.88,53.49,59.48,53.07,67.3
2536,47208,57.35,53.16507497765125,0.1113319063088627,4,4,8,50,50.68,61.75,62.29,57.94,54.05,50.96,58.57,62.53
2537,86029,58.6,53.15204774698916,0.1455469222426615,7,2,8,50,58.01,53.51,55.0,62.06,56.38,62.38,57.6,63.83
2538,44743,60.24,53.63679159873049,0.1150037639911189,4,9,8,50,59.5,53.68,63.08,58.74,60.88,64.79,59.83,61.42
2539,43937,60.5,52.628996853462375,0.1093107501313521,4,11,8,50,60.21,65.84,59.59,60.14,62.75,58.34,62.76,54.38
2540,45545,40.64,52.94160506037039,0.0552792949357808,2,5,8,50,42.71,37.23,39.74,42.76,39.16,42.56,38.58,42.36
2541,47208,56.86,52.52758027463746,0.0515395775763883,4,4,8,50,59.71,52.94,60.82,48.56,60.66,56.09,59.0,57.14
2542,45146,57.31,52.9627903281597,0.1428593408677112,4,8,8,50,55.38,59.64,62.97,61.69,48.21,58.14,57.85,54.59
2543,49519,48.2,53.03495729327383,0.0839349318118687,8,7,8,50,51.94,52.8,54.14,46.12,43.29,43.32,40.05,53.93
2544,45545,53.46,53.01113847837126,0.128549166469131,2,5,8,50,51.96,58.26,55.65,63.4,45.01,51.28,44.63,57.5
2545,124035,48.25,54.845567386827,0.1555679563470093,7,0,8,50,45.64,49.21,52.64,45.87,46.82,47.92,49.75,48.14
2546,87033,66.5,53.638956043651255,0.1123974196621861,9,4,8,50,70.78,64.87,59.74,69.03,60.38,73.43,63.81,69.96
2547,46607,66.82,54.01412598893638,0.154983288854821,5,6,8,50,60.79,76.12,72.6,54.4,60.87,71.7,69.82,68.23
2548,46204,63.19,53.83219368621501,0.1126664953948941,5,7,8,50,70.75,63.51,68.67,61.43,70.42,57.0,58.25,55.51
2549,73530,63.52,52.03340619317778,0.1749576356874752,9,5,8,50,59.91,69.01,63.4,61.13,69.28,67.13,57.58,60.69
2550,62023,57.61,54.64188562368119,0.1162414994148645,7,4,8,50,57.93,64.63,50.89,61.1,60.87,53.29,54.74,57.47
2551,44491,61.17,52.706907704434485,0.1019696111973832,3,8,8,50,60.61,59.4,54.87,66.23,55.11,65.08,68.36,59.69
2552,103034,58.92,52.82966533587036,0.1407654595977446,8,2,8,50,49.99,58.75,50.05,64.65,62.44,63.2,56.17,66.07
2553,49515,68.03,53.95486030797722,0.1499921804768572,6,5,8,50,67.44,70.66,71.41,67.78,63.61,67.69,65.39,70.27
2554,46859,56.52,53.96253326708431,0.1240210302917886,6,7,8,50,59.49,60.39,53.86,52.74,52.14,61.24,65.0,47.31
2555,103034,55.93,52.95829091995619,0.0509180260608813,8,2,8,50,58.24,57.72,63.14,56.15,50.25,46.2,61.82,53.92
2556,49515,54.28,53.22524855213313,0.1486478501964467,6,5,8,50,55.55,47.97,55.45,59.44,44.85,55.9,57.04,58.08
2557,46859,67.38,52.39464129729853,0.1220252212840423,6,7,8,50,71.36,66.36,74.15,63.34,63.88,72.82,64.59,62.5
2558,46053,66.32,53.10463424872426,0.1631474915378837,6,9,8,50,66.85,73.38,67.96,56.6,64.28,71.4,64.71,65.42
2559,47462,55.83,54.17507788472004,0.1546707666029454,6,6,8,50,59.58,52.16,52.84,55.76,57.37,62.52,55.06,51.32
2560,44088,58.28,54.40631172885247,0.0334736561199745,3,9,8,50,58.57,62.95,69.05,51.24,54.81,55.15,52.84,61.63
2561,53014,58.89,53.0344653506716,0.1201957652439407,4,2,8,50,65.32,61.23,62.38,56.78,59.66,62.6,50.96,52.2
2562,49515,56.79,53.43219220850132,0.0681187159609199,6,5,8,50,59.48,52.61,60.78,68.09,55.26,48.34,54.8,54.94
2563,49515,52.34,53.15450420480572,0.0998810579917368,6,5,8,50,52.0,53.43,49.29,46.4,50.89,57.04,54.71,54.92
2564,47966,57.44,52.7988512749163,0.1261900519068399,8,8,8,50,58.08,58.48,60.8,63.29,59.88,51.64,48.54,58.83
2565,46859,60.26,54.90158773014968,0.0768398622628105,6,7,8,50,64.99,59.92,64.53,65.16,58.75,54.45,58.53,55.73
2566,45146,53.36,54.04687175957026,0.0756364525048127,4,8,8,50,55.52,50.6,51.46,53.88,49.48,56.69,49.85,59.36
2567,47363,57.13,51.90374092684494,0.1670648869085593,8,9,8,50,54.62,62.1,56.47,64.77,50.1,54.61,57.35,57.03
2568,47966,64.12,52.68817213950959,0.1381618972803434,8,8,8,50,66.46,66.01,68.04,69.46,55.25,56.12,65.63,66.01
2569,54272,48.65,52.97744693846983,0.0756042497691344,8,6,8,50,43.39,51.36,52.73,52.38,46.1,55.8,47.44,39.99
2570,73530,56.36,54.01375828794359,0.0145911190022686,9,5,8,50,59.89,53.35,51.57,51.24,59.71,57.25,55.83,62.02
2571,48511,62.5,52.29510496279019,0.197537344828966,4,3,8,50,72.23,62.55,54.86,58.35,60.16,62.59,66.25,63.03
2572,46200,58.24,54.02215764641793,0.0901301050641313,3,5,8,50,59.7,57.06,59.08,67.83,56.21,51.95,63.68,50.41
2573,54272,61.69,54.86327568266477,0.0894538277404237,8,6,8,50,62.04,51.51,64.53,66.16,68.97,54.83,61.89,63.61
2574,53516,52.52,54.33087762398127,0.093225722564093,5,3,8,50,57.15,45.07,56.82,54.65,58.29,52.33,45.94,49.94
2575,46456,60.76,52.95003336608465,0.1253183555234525,6,8,8,50,58.04,63.94,65.71,68.02,53.86,57.66,63.41,55.4
2576,61521,62.06,53.97079267576738,0.1265360596170704,6,3,8,50,54.48,65.8,54.9,71.04,55.99,68.94,58.32,66.97
2577,73530,55.09,55.1989639811495,0.1303597058980783,9,5,8,50,59.98,51.7,57.82,60.58,56.74,50.6,48.34,54.97
2578,46855,54.88,52.5200133359337,0.0327520812134707,4,5,8,50,50.94,60.32,55.25,58.62,58.83,55.06,47.77,52.27
2579,46200,54.54,54.76959405566085,0.0713727328730991,3,5,8,50,58.55,52.28,48.65,64.16,54.1,55.17,47.31,56.13
2580,42588,65.53,51.69897939036098,0.0584001435979222,0,4,8,50,70.28,65.14,61.67,64.21,70.89,71.03,59.89,61.15
2581,47363,58.55,53.29514431898867,0.1049149868883325,8,9,8,50,61.3,55.57,54.23,61.31,64.52,56.45,50.31,64.7
2582,44340,69.96,54.44060934787068,0.064588120794557,4,10,8,50,72.7,74.33,72.78,73.24,72.84,58.85,62.76,72.16
2583,45549,60.86,53.8767416244405,0.1696238726386532,4,7,8,50,69.8,53.27,66.26,67.15,51.37,53.72,63.63,61.68
2584,54018,54.28,54.27929205879323,0.0731881062167614,6,4,8,50,52.03,48.71,51.37,64.5,61.55,48.54,53.71,53.84
2585,45952,55.22,53.96049193261556,0.0882851764582547,4,6,8,50,46.85,55.04,58.21,58.73,61.49,51.25,58.58,51.57
2586,103034,64.11,51.75455347994047,0.0964067691467359,8,2,8,50,55.48,59.65,69.45,74.8,57.91,58.85,72.99,63.73
2587,45297,55.42,55.4388330672089,0.1023848125860131,3,6,8,50,62.0,55.37,52.41,62.16,49.08,46.32,53.88,62.15
2588,48009,61.4,53.06925196616344,0.1477686789962059,3,2,8,50,61.74,53.73,65.57,57.17,62.13,65.94,66.22,58.67
2589,47462,57.98,53.579870914222354,0.0677372998842927,6,6,8,50,60.91,49.52,58.85,58.46,63.27,63.47,54.21,55.16
2590,45650,52.32,53.26860713324609,0.2252192020917553,6,10,8,50,56.5,50.05,47.45,52.62,53.23,52.07,58.31,48.29
2591,86029,59.47,53.629879348319065,0.1120491692798522,7,2,8,50,58.7,65.53,63.92,49.99,66.98,53.29,60.09,57.27
2592,46456,48.92,52.74972852726928,0.1058296336717638,6,8,8,50,49.77,46.4,45.74,46.59,50.23,53.18,53.54,45.89
2593,103536,60.88,52.19327609326752,0.1068598410245116,9,3,8,50,54.49,53.47,59.24,67.71,62.37,69.39,57.52,62.89
2594,61521,60.78,52.94829327007213,0.0831861391387419,6,3,8,50,59.09,53.34,58.83,55.63,66.61,71.22,56.69,64.81
2595,49267,63.13,54.00193846685127,0.2249654203605834,7,6,8,50,68.6,68.32,61.82,50.83,57.52,65.24,67.54,65.2
2596,45247,66.2,53.58191054983665,0.1543364471744569,6,11,8,50,62.35,59.92,66.03,72.38,66.56,74.26,63.93,64.18
2597,54272,60.8,52.86552740837042,0.1716510912166946,8,6,8,50,62.83,64.49,63.35,54.83,62.36,57.1,63.72,57.68
2598,44642,55.46,53.12326239945663,0.0926664740378977,2,6,8,50,56.64,55.15,56.35,51.53,55.95,59.82,53.35,54.91
2599,49519,52.44,52.43977304032655,0.2025496029245349,8,7,8,50,59.27,49.33,50.04,60.42,48.81,51.2,53.86,46.62
2600,45549,47.35,53.43099009936287,0.179386193662859,4,7,8,50,51.8,50.34,52.82,41.99,40.73,49.77,48.9,42.43
2601,46456,55.75,54.05946373052807,0.0723087552204505,6,8,8,50,54.87,57.49,58.97,56.09,54.31,58.38,55.83,50.04
2602,49515,62.75,53.687985912502114,0.1196900664725818,6,5,8,50,62.53,68.71,67.52,53.2,57.47,64.49,57.37,70.72
2603,44743,60.35,53.07340734226512,0.1099745230636754,4,9,8,50,61.7,55.05,70.29,53.54,59.13,61.18,60.67,61.2
2604,44239,56.6,53.490724693617416,0.1464652749687487,2,7,8,50,63.71,54.55,52.98,52.33,58.97,61.39,57.93,50.98
2605,45398,54.77,53.75079909372656,0.1591245989788025,5,9,8,50,60.72,53.31,57.3,47.54,53.02,55.86,56.47,53.96
2606,62023,56.34,53.1213729776782,0.1425188214480808,7,4,8,50,55.63,57.69,61.54,47.69,57.56,52.38,63.47,54.73
2607,47966,62.39,54.046044813045015,0.0796347109615512,8,8,8,50,56.0,63.39,64.79,58.35,70.79,57.82,60.6,67.37
2608,54018,59.76,53.50697730417403,0.1436311868322661,6,4,8,50,57.6,66.69,58.35,57.93,60.57,64.22,52.69,60.04
2609,62525,65.03,53.63303221851787,0.0724441404135046,8,5,8,50,57.81,64.88,75.14,57.81,62.73,63.39,67.24,71.2
2610,103536,64.49,53.46162212693214,0.1140064664924087,9,3,8,50,68.47,64.66,62.73,73.37,59.42,55.96,71.01,60.31
2611,45247,63.06,53.68369740072048,0.0814307788823378,6,11,8,50,63.03,64.99,67.96,66.63,62.21,59.18,57.58,62.88
2612,45549,63.11,52.88904081080216,0.0710780571638515,4,7,8,50,65.55,60.47,65.92,60.66,55.8,65.91,58.67,71.91
2613,42435,59.1,53.64428327795026,0.1506269122270968,0,5,8,50,58.97,63.97,66.47,58.26,56.46,57.73,59.02,51.95
2614,150000,55.68,53.006212134325295,0.0937389507867243,12,0,8,50,49.33,56.03,66.5,54.69,61.89,50.11,54.21,52.72
2615,46855,55.14,52.697081185241,0.1909150630669289,4,5,8,50,57.0,54.35,55.12,50.87,55.14,58.13,52.62,57.93
2616,45952,51.13,54.48807990332031,0.1322388337899615,4,6,8,50,50.56,53.04,54.48,52.8,54.03,49.05,43.4,51.72
2617,46855,71.66,54.91371904262815,0.1937047042072126,4,5,8,50,59.42,79.82,76.43,63.13,79.47,79.24,70.24,65.57
2618,62525,55.93,51.95339194945601,0.0110748763653365,8,5,8,50,59.89,63.83,57.18,46.56,52.57,53.1,62.9,51.39
2619,46960,59.44,52.4409548793964,0.1498824481074546,8,10,8,50,62.77,66.61,53.68,62.22,54.98,60.16,62.48,52.64
2620,48511,61.33,54.69403704900272,0.0385853653193673,4,3,8,50,59.25,57.61,67.69,64.85,59.43,59.98,55.32,66.51
2621,47710,49.9,53.38937320766461,0.1305801273070301,5,5,8,50,55.7,48.36,44.54,46.27,51.22,45.06,46.44,61.58
2622,62525,58.99,53.13018486951704,0.0991899465502027,8,5,8,50,61.23,56.45,60.01,59.81,55.21,57.86,60.19,61.16
2623,46855,63.58,52.67510894036981,0.1317515612917815,4,5,8,50,60.48,60.04,58.49,63.92,72.94,59.33,61.81,71.63
2624,44088,61.34,54.26276180466534,0.0966306331802014,3,9,8,50,52.18,59.9,67.06,55.58,54.66,64.49,68.23,68.61
2625,44290,58.24,54.00127365459036,0.0767902616657668,7,15,8,50,57.04,51.83,66.35,56.78,51.51,62.38,52.01,68.03
2626,61521,66.03,53.04774658907233,0.1134860406805146,6,3,8,50,62.1,66.15,56.39,62.87,70.23,67.45,72.2,70.85
2627,44239,61.05,53.89168096587638,0.1480408383722795,2,7,8,50,54.12,68.64,64.54,69.54,60.81,59.13,58.65,53.0
2628,46456,55.04,54.34279711681752,0.0774415642212543,6,8,8,50,62.28,48.61,60.24,49.39,56.45,53.61,52.19,57.52
2629,46607,65.19,55.21274071493138,0.0975858006521055,5,6,8,50,65.24,69.91,65.75,66.07,61.31,65.75,59.64,67.85
2630,123541,56.48,52.708715143337656,0.1154342661051033,10,3,8,50,51.49,65.23,49.16,52.78,55.67,65.72,56.91,54.92
2631,49519,64.4,52.86473802672448,0.0961519434376063,8,7,8,50,60.07,67.93,54.39,71.73,67.94,58.9,68.46,65.74
2632,45398,55.2,53.96232609696922,0.1135788255361377,5,9,8,50,46.42,60.12,58.28,51.83,54.21,62.43,50.55,57.75
2633,46456,62.58,53.98415059438184,0.1538286928197351,6,8,8,50,64.81,64.64,67.46,57.3,68.2,67.97,52.94,57.28
2634,45297,58.59,53.98162799858881,0.1379091266625779,3,6,8,50,49.27,52.11,68.58,70.13,56.71,57.12,56.88,57.92
2635,43685,63.71,51.753804718950285,0.1620514532872803,3,10,8,50,59.43,61.82,63.47,70.04,69.84,55.43,57.82,71.83
2636,47462,50.93,52.9118616076302,0.1596186077691942,6,6,8,50,56.03,53.73,48.83,54.36,49.26,43.83,50.98,50.45
2637,45952,66.16,52.83100569818803,0.0104293985411686,4,6,8,50,72.45,64.52,71.3,59.05,53.39,75.78,63.21,69.62
2638,49519,58.96,53.73985635506876,0.106409607024037,8,7,8,50,54.37,51.84,66.13,58.27,64.04,57.49,57.43,62.08
2639,54520,51.25,54.87413058610598,0.0175447161338698,7,5,8,50,43.96,51.51,58.07,52.97,50.66,57.17,44.68,50.96
2640,86531,56.1,53.96583652969638,0.0947461382151063,8,3,8,50,57.15,53.83,50.39,48.46,55.05,53.0,67.56,63.35
2641,46855,62.13,53.73865822519659,0.2052443120424495,4,5,8,50,58.21,69.19,63.11,73.1,59.23,55.66,58.28,60.23
2642,150000,55.06,53.78647768778779,0.1323525292922657,10,0,8,50,54.86,53.06,58.07,51.31,60.9,50.51,62.66,49.13
2643,46859,54.33,53.89147565156064,-0.0026658854759042,6,7,8,50,53.35,50.84,54.94,48.05,61.8,55.27,51.42,58.98
2644,45146,67.08,54.51443068287545,0.0901123158591835,4,8,8,50,63.41,76.49,71.54,67.11,59.94,64.93,67.71,65.47
2645,44491,57.53,52.50687965519458,0.1510749340496782,3,8,8,50,63.68,50.87,55.82,57.93,58.23,55.24,60.17,58.29
2646,44743,61.39,53.07935559128054,0.1939136591056732,4,9,8,50,57.09,62.52,59.36,61.92,67.59,55.15,59.19,68.31
2647,45146,41.71,54.426425438358976,0.1420276370687315,4,8,8,50,36.87,45.23,43.75,35.79,41.58,39.75,40.95,49.77
2648,46607,62.05,53.07011745654941,0.0368733364020432,5,6,8,50,56.33,59.45,58.72,72.67,67.93,60.76,63.15,57.4
2649,43836,58.86,55.1564002593654,0.0890180702659299,2,8,8,50,59.95,59.96,57.54,58.76,57.4,52.54,61.58,63.14
2650,73028,61.82,52.83383458844569,0.0712924954804084,8,4,8,50,62.22,56.49,54.14,67.35,68.27,68.73,52.37,64.97
2651,47710,61.48,53.741886367254985,0.1719684781099362,5,5,8,50,66.84,54.13,58.26,64.65,65.01,63.68,63.49,55.74
2652,44340,55.55,52.98394208756892,0.1364371716588304,4,10,8,50,58.27,55.67,54.01,51.99,51.69,59.23,50.28,63.25
2653,44239,63.08,52.883202646372624,0.0791179686560857,2,7,8,50,74.42,56.12,57.51,57.73,66.58,59.66,65.41,67.18
2654,54524,60.48,53.62870934652455,0.1448374180437871,9,7,8,50,56.63,60.7,59.86,62.42,58.43,54.84,66.56,64.41
2655,45650,56.6,52.89269579937657,0.0946793840664155,6,10,8,50,60.51,49.54,53.96,50.09,56.85,66.79,56.9,58.12
2656,47966,50.54,54.756876017214445,0.1270139948158867,8,8,8,50,51.36,54.69,57.33,44.81,48.67,50.49,50.39,46.58
2657,54272,58.82,53.17595059046155,0.0613290846441389,8,6,8,50,67.16,49.94,53.5,50.36,67.18,57.1,63.04,62.32
2658,47714,55.31,53.55168519164776,0.0285245911707066,7,7,8,50,46.78,54.93,53.44,61.39,58.46,49.17,61.39,56.94
2659,43836,51.91,52.71620455927278,0.0885562227133701,2,8,8,50,51.25,46.04,53.21,55.09,46.23,63.05,44.64,55.77
2660,43030,60.91,55.05364353130353,0.2082927195022936,2,10,8,50,68.76,72.07,57.84,50.37,56.71,55.64,60.05,65.85
2661,53516,54.29,51.6988884685461,0.1046389886667298,5,3,8,50,63.32,56.07,55.2,47.98,46.08,46.15,64.48,55.06
2662,87535,64.7,54.61899713262609,0.1644188277743459,10,5,8,50,66.05,74.33,59.17,70.35,52.21,72.52,65.92,57.08
2663,61521,50.05,54.30998514537399,0.0517709958697847,6,3,8,50,56.91,45.0,50.89,47.39,46.6,58.06,49.81,45.76
2664,45146,55.16,53.50873125187695,0.0325133289739682,4,8,8,50,52.21,53.97,53.51,56.56,56.3,51.25,52.83,64.61
2665,122537,58.23,53.25267895956539,0.0400383781398719,8,1,8,50,58.18,61.74,58.59,49.81,65.04,54.48,59.76,58.22
2666,86531,57.98,53.60480876690015,0.0444744150499114,8,3,8,50,56.08,52.03,63.06,63.08,55.99,63.77,55.4,54.41
2667,45650,54.15,53.47311886576504,0.0925437143507156,6,10,8,50,62.82,47.86,55.37,57.64,48.13,50.7,61.88,48.78
2668,47462,54.51,52.44931203841678,0.10236344138371,6,6,8,50,51.11,53.71,55.8,54.39,49.15,60.63,51.94,59.36
2669,46859,72.23,53.75112198029955,0.0655012923618149,6,7,8,50,63.74,76.25,67.88,63.71,75.36,79.81,77.33,73.73
2670,87025,49.94,52.2835290133804,0.1466655218445759,5,0,8,50,46.37,49.38,52.89,48.51,54.06,48.25,45.42,54.67
2671,47208,66.09,54.77353868062685,0.0823805361500846,4,4,8,50,66.05,69.78,62.67,67.32,70.37,66.89,64.87,60.74
2672,49515,62.88,54.11686640584962,0.1497156628311905,6,5,8,50,62.14,66.41,70.42,60.28,60.41,62.77,60.01,60.62
2673,123541,59.42,53.756169621132486,0.0795530416123463,10,3,8,50,56.96,59.11,62.2,55.18,67.77,67.64,55.43,51.07
2674,54520,59.97,53.94247731021293,0.1332248698471556,7,5,8,50,58.3,75.12,61.33,58.4,58.98,55.78,57.41,54.47
2675,46859,58.4,54.57581432366884,0.1184643595603928,6,7,8,50,60.76,51.04,60.0,64.38,65.77,51.34,52.76,61.19
2676,46855,60.6,53.73803028875231,0.2120885249767732,4,5,8,50,64.52,62.71,61.55,51.17,67.31,57.52,61.6,58.44
2677,87535,47.7,52.85768516478503,0.0473317132089432,10,5,8,50,46.13,46.52,45.61,47.41,47.98,45.61,44.31,58.07
2678,45952,49.65,51.79973659872762,0.0753489886100247,4,6,8,50,51.69,47.1,46.33,49.57,56.22,44.5,52.29,49.48
2679,47714,65.83,54.008418864940296,0.1120809113456883,7,7,8,50,71.95,59.94,69.82,78.79,61.71,63.51,61.93,58.98
2680,61521,55.56,52.53902297754899,0.1111278250540888,6,3,8,50,60.55,56.23,50.39,57.77,59.26,57.9,55.39,46.98
2681,48511,63.71,53.23818951026399,0.1033812532295529,4,3,8,50,56.87,67.64,57.09,66.4,69.58,57.57,64.48,70.05
2682,62023,54.27,54.45438278421653,-0.0158819987497666,7,4,8,50,58.47,57.55,50.63,60.15,55.28,48.29,54.61,49.15
2683,150000,53.51,55.34448307875514,0.1388295366149652,11,0,8,50,56.53,57.78,48.37,54.64,47.98,58.53,48.07,56.17
2684,47462,58.68,53.65402162221607,0.0608681192904414,6,6,8,50,64.7,50.01,59.81,65.66,66.01,58.98,51.76,52.54
2685,62277,65.94,53.067456348070976,0.1315749206474927,9,6,8,50,60.09,62.74,68.41,62.29,69.21,67.39,64.89,72.48
2686,46353,65.06,53.62220475687369,0.0642191401470069,3,4,8,50,69.08,59.22,74.12,69.81,61.41,59.45,67.47,59.95
2687,45545,49.77,54.08834392631973,0.1266927908054642,2,5,8,50,46.29,44.13,43.88,56.5,47.5,55.95,55.49,48.45
2688,62277,54.5,53.90479000091295,0.1217116932507908,9,6,8,50,58.84,49.81,53.23,55.36,50.71,57.36,63.51,47.21
2689,47111,56.0,53.81317259714548,0.1396412213090946,7,8,8,50,56.15,60.78,52.16,60.53,56.38,55.59,58.58,47.81
2690,124043,58.55,53.830932750891854,0.041642642783813,11,4,8,50,64.93,56.87,58.87,56.76,54.05,54.56,63.23,59.16
2691,46706,62.95,54.61997801505223,0.0616531712740489,3,3,8,50,71.68,68.49,63.19,59.38,54.44,54.74,67.13,64.53
2692,46859,56.8,53.00907109038376,0.0654412619763042,6,7,8,50,55.57,53.21,51.53,62.73,53.31,62.33,57.5,58.26
2693,45952,63.25,52.96254523679463,0.0923904238972587,4,6,8,50,57.09,73.4,64.15,56.75,67.37,53.1,72.25,61.88
2694,43836,45.76,52.832259965178814,0.0463396919670785,2,8,8,50,47.3,52.09,50.06,47.67,40.63,42.07,49.1,37.13
2695,73530,47.16,55.131852430373634,0.0336693393335939,9,5,8,50,52.78,46.81,44.61,49.67,51.6,37.39,52.26,42.12
2696,73530,61.2,52.45969150898917,0.1483483032477377,9,5,8,50,62.6,67.11,62.42,57.75,63.16,59.32,57.96,59.3
2697,46053,49.37,54.03192906237297,0.0873235917808072,6,9,8,50,41.41,45.87,50.18,53.86,51.0,54.11,50.45,48.1
2698,45247,59.41,55.101274079164064,0.2086196618796839,6,11,8,50,57.59,66.21,56.29,62.3,61.26,59.43,59.23,52.98
2699,123039,53.37,54.656049142301214,0.1040758627493549,9,2,8,50,52.44,60.95,54.97,52.53,52.99,54.33,45.65,53.07
2700,47714,59.27,53.36831895826467,0.1072958289519328,7,7,8,50,61.66,62.09,61.98,54.18,63.05,67.45,48.63,55.09
2701,45549,67.41,52.83115060312192,0.046772504828432,4,7,8,50,70.12,74.33,67.16,58.15,75.02,58.65,66.53,69.29
2702,49519,56.28,53.92035970994957,0.0577659052515517,8,7,8,50,53.11,62.44,56.53,57.99,55.49,56.65,55.18,52.87
2703,49267,53.62,54.37756036738617,0.1714613667354656,7,6,8,50,56.25,54.66,59.36,48.62,59.86,45.47,52.49,52.27
2704,146044,62.82,54.27248712410624,0.070402751410242,10,2,8,50,56.18,55.73,66.93,66.53,67.37,59.55,72.29,58.01
2705,47966,66.6,53.32244435385991,0.0117007332649149,8,8,8,50,73.32,60.44,73.13,65.61,70.79,60.6,72.87,56.07
2706,150000,68.0,52.80202013270063,0.0509394042509793,12,0,8,50,62.26,65.38,67.78,75.5,69.23,58.67,73.93,71.27
2707,61521,53.94,52.07022116927259,0.1208358517443459,6,3,8,50,58.42,48.69,56.03,49.36,47.91,57.03,63.81,50.24
2708,46456,55.5,52.75294689239109,0.0510501123180813,6,8,8,50,50.3,59.51,62.9,52.08,56.96,50.93,54.27,57.07
2709,46053,51.47,54.112364679690735,0.0713605331318267,6,9,8,50,54.32,52.7,48.58,53.58,55.0,58.82,46.78,41.96
2710,85527,56.27,53.08727312675606,0.1034668307546724,6,1,8,50,58.77,48.33,55.93,57.47,62.54,50.04,56.14,60.94
2711,45146,58.07,53.46913443183064,0.1569517053125701,4,8,8,50,53.47,54.28,58.08,65.74,59.31,56.43,58.12,59.15
2712,73028,53.38,54.761599669182246,0.1345215078475601,8,4,8,50,58.9,52.95,60.53,45.15,45.01,46.46,59.73,58.29
2713,45698,70.78,53.53994090971283,0.1126991837624545,2,4,8,50,76.0,61.42,73.24,73.66,69.75,72.57,74.59,65.05
2714,49515,57.48,53.91892954823035,0.0838204471379333,6,5,8,50,64.11,56.5,57.28,58.13,52.73,53.89,63.2,54.03
2715,150000,50.4,54.15110546816142,0.0985803210279103,12,1,8,50,50.34,58.55,51.12,47.45,49.27,50.52,46.66,49.33
2716,47462,56.34,54.90199667801387,0.0255846695055011,6,6,8,50,46.17,54.46,56.01,63.44,50.49,59.43,60.73,59.98
2717,104038,53.7,53.50405591903855,0.1468728867184381,10,4,8,50,60.47,57.82,45.97,47.05,52.23,59.54,48.13,58.36
2718,54520,58.9,53.95681860275105,0.0810312886188603,7,5,8,50,57.88,64.25,55.93,56.25,59.54,52.36,60.46,64.56
2719,45545,56.37,53.46885407006607,0.0058436901354236,2,5,8,50,58.63,53.5,60.49,58.61,60.41,55.51,48.59,55.21
2720,73028,62.71,53.35358695274173,0.1029418369912847,8,4,8,50,57.44,56.24,55.8,67.26,66.66,65.05,71.68,61.54
2721,146546,55.81,53.73269510810913,0.0594858439704033,11,3,8,50,59.89,58.18,49.66,61.87,51.81,51.16,59.02,54.89
2722,46204,51.56,53.344022899353895,0.0404780885086914,5,7,8,50,47.19,55.81,55.37,54.78,51.33,49.79,49.89,48.33
2723,62525,62.38,53.03742189185591,0.0227409593481996,8,5,8,50,54.23,68.95,64.54,63.59,69.33,65.44,55.46,57.52
2724,72526,54.12,55.12016015518055,0.0638868902184384,7,3,8,50,46.31,56.49,58.72,51.54,56.25,56.45,59.0,48.22
2725,49515,55.38,52.25390045930942,0.026852929359353,6,5,8,50,56.42,49.94,58.53,46.8,53.46,59.1,59.76,59.04
2726,46353,52.69,53.46086594072359,0.1816530887840787,3,4,8,50,58.89,54.08,52.25,50.43,40.96,56.53,50.9,57.47
2727,54018,47.5,54.076098564194254,0.1032025960337193,6,4,8,50,42.3,43.0,49.98,54.17,44.86,48.2,51.34,46.19
2728,73028,57.25,53.607327247757546,0.0345201788799732,8,4,8,50,54.77,67.85,53.76,56.69,54.09,56.31,61.47,53.04
2729,46859,50.94,53.4387855256855,0.1512308509290924,6,7,8,50,47.25,52.73,48.54,48.69,48.85,57.12,49.17,55.19
2730,45146,63.58,55.82191657527906,0.0556771874192033,4,8,8,50,71.88,54.55,72.16,72.57,56.29,58.52,52.28,70.39
2731,87535,52.49,53.5908602671084,0.0422545456736664,10,5,8,50,47.92,55.92,57.8,46.54,49.42,63.26,48.42,50.65
2732,86531,52.98,53.94925438561577,0.1143299550065971,8,3,8,50,57.49,59.62,55.18,55.33,44.28,50.85,52.88,48.17
2733,62525,64.25,54.17606418386956,0.0786167728559969,8,5,8,50,67.43,64.94,69.79,56.84,60.61,65.74,59.26,69.4
2734,72024,56.18,53.71960383314528,0.0984210588991734,6,2,8,50,61.47,60.16,55.98,52.66,52.98,61.56,54.08,50.54
2735,46855,55.18,53.39849712808581,0.0764598160522333,4,5,8,50,61.03,59.38,56.92,51.15,51.69,50.73,50.18,60.35
2736,44239,56.5,53.60971079883181,0.119315471458563,2,7,8,50,61.53,53.3,53.83,56.41,56.25,62.15,52.29,56.28
2737,62781,54.42,55.97238651123917,0.1171669807616122,11,8,8,50,55.1,48.53,55.72,54.06,53.2,53.73,57.07,57.94
2738,45549,58.04,53.75944658831457,0.05826590311338,4,7,8,50,59.73,56.48,62.37,63.41,55.86,52.67,55.33,58.43
2739,44743,59.0,54.27211634126281,0.1245834243074191,4,9,8,50,64.4,61.72,50.62,67.78,60.11,62.68,50.52,54.19
2740,123039,56.55,53.70858714649614,0.0889699711747569,9,2,8,50,58.28,58.76,59.55,56.07,54.58,54.57,52.19,58.44
2741,49267,61.27,53.158519878502,0.0463682608211139,7,6,8,50,56.66,58.57,65.77,60.06,67.34,65.4,60.17,56.18
2742,61521,60.39,54.09468634895931,0.1045425917524865,6,3,8,50,59.53,56.13,63.71,57.6,64.32,56.38,62.76,62.71
2743,44743,55.65,53.4798661691744,0.0833299884057529,4,9,8,50,49.46,60.07,58.98,55.28,48.41,54.12,59.85,59.03
2744,42435,51.55,53.12241741305318,0.0532494817417722,0,5,8,50,54.82,60.11,47.39,49.46,52.92,52.03,50.09,45.6
2745,85527,55.34,52.10122292825886,0.0975679260038411,6,1,8,50,48.17,57.07,55.96,48.85,54.75,64.32,50.21,63.43
2746,49515,50.63,53.67382675900701,0.0869094964675331,6,5,8,50,52.21,55.02,53.46,42.24,47.39,55.88,46.54,52.27
2747,44743,67.99,52.41888809687762,0.1654055961289549,4,9,8,50,65.65,75.14,75.2,57.36,67.24,72.98,70.38,59.95
2748,47966,50.11,54.12611875839426,0.1557908318587094,8,8,8,50,44.78,51.94,47.28,41.83,58.3,46.94,53.26,56.59
2749,49515,61.26,53.22326044695614,0.0031206950873618,6,5,8,50,51.59,56.91,59.85,62.34,64.19,62.52,69.68,63.02
2750,45801,58.45,52.7013464041224,0.0960078994524384,5,8,8,50,55.9,63.48,64.16,51.98,59.09,56.19,64.78,52.02
2751,150000,55.65,53.69576764856513,0.0820216128293757,12,3,8,50,54.52,54.83,51.92,52.45,63.83,63.37,51.53,52.77
2752,46456,64.42,54.79195352300312,0.1140930616685803,6,8,8,50,64.04,58.85,66.79,55.88,69.63,64.0,67.31,68.89
2753,62525,62.68,53.57622037936366,0.104639208128865,8,5,8,50,65.48,64.36,65.43,56.78,66.21,60.01,62.67,60.53
2754,49519,57.71,53.22389422308323,0.0615064879161229,8,7,8,50,62.35,57.38,62.47,51.49,58.25,65.56,51.47,52.74
2755,45952,59.68,53.69606028881047,0.0531496325083636,4,6,8,50,60.67,65.59,54.42,56.15,52.8,64.94,60.3,62.54
2756,87535,57.24,53.944048654039904,0.1461114741807198,10,5,8,50,49.62,60.51,51.95,63.01,54.29,55.93,61.82,60.83
2757,45398,63.14,53.55699078990376,0.1236678321832905,5,9,8,50,68.27,67.84,57.13,65.64,63.24,67.6,60.92,54.51
2758,72526,57.45,53.76593642709283,0.076898653045085,7,3,8,50,52.24,54.65,60.16,60.27,60.87,54.48,60.56,56.34
2759,150000,60.35,54.69404936686315,0.0355079409775446,15,4,8,50,57.17,58.47,55.64,70.47,55.07,57.31,63.66,64.99
2760,86029,64.19,53.61677763715928,0.1213984140904566,7,2,8,50,68.02,62.03,70.06,58.62,65.77,57.6,59.12,72.27
2761,47462,57.48,52.32413896472823,0.1728878287135121,6,6,8,50,60.63,61.01,52.91,53.7,55.75,54.36,58.65,62.84
2762,54018,57.96,54.21877086885613,0.0442322747900121,6,4,8,50,65.16,59.33,53.93,61.84,56.04,49.76,55.69,61.89
2763,45146,59.82,52.93200014402104,0.0907038704482243,4,8,8,50,51.94,61.25,67.59,63.48,53.92,51.45,61.61,67.3
2764,86531,61.37,53.552191226870505,0.1562539918161728,8,3,8,50,65.46,53.41,60.44,67.19,58.5,67.0,62.26,56.67
2765,47208,58.23,52.54446278061605,0.0572005226046167,4,4,8,50,62.01,55.22,62.31,51.22,60.54,57.6,51.91,65.03
2766,47208,50.71,54.89750346219048,0.0084691791448649,4,4,8,50,41.03,53.6,57.58,45.33,49.04,43.3,60.08,55.7
2767,46859,50.42,53.97199045742892,0.1547276412858926,6,7,8,50,44.18,53.67,45.43,48.04,52.87,48.54,53.03,57.61
2768,73028,68.08,54.761168505723326,0.0331440993558608,8,4,8,50,74.04,72.49,71.66,58.66,70.13,67.28,62.13,68.27
2769,49519,61.69,52.66703689873247,0.109631967222251,8,7,8,50,57.21,62.01,59.8,59.61,69.98,57.33,57.17,70.39
2770,45146,53.59,53.627985667509975,0.0602692952813801,4,8,8,50,57.35,49.18,46.39,61.9,59.31,46.53,52.88,55.18
2771,44890,55.88,54.56897935423237,0.0998192101562734,1,5,8,50,63.48,50.26,47.29,57.69,56.12,58.36,58.75,55.11
2772,46053,71.84,53.50964205630119,0.0772747232635152,6,9,8,50,70.63,69.79,78.38,64.0,62.54,68.48,78.57,82.3
2773,87033,59.41,52.285832790655626,0.0755718779011955,9,4,8,50,54.93,63.08,61.0,55.77,65.57,59.71,53.36,61.84
2774,73020,44.15,53.41281149289565,0.1146463653110735,4,0,8,50,47.36,39.78,41.7,44.74,41.8,46.67,45.54,45.62
2775,44340,50.55,54.44709828723269,0.0810725344051673,4,10,8,50,52.99,53.88,52.46,55.34,43.94,44.64,54.74,46.43
2776,46053,60.68,53.46955910775792,0.1271397111547014,6,9,8,50,65.11,62.4,70.62,54.79,60.29,57.34,56.07,58.83
2777,86531,60.58,53.56307101195885,0.0232510435249601,8,3,8,50,71.37,69.71,55.18,58.71,56.53,55.87,53.51,63.78
2778,147040,61.87,54.03252751287401,0.1110606972764443,8,0,8,50,64.82,64.73,60.48,59.23,55.34,60.35,59.32,70.68
2779,62529,61.7,53.055027948268105,0.1256209093747629,10,7,8,50,59.97,69.73,61.2,51.92,62.87,66.0,65.44,56.51
2780,46708,65.04,54.19901995693535,0.0710583091894587,7,9,8,50,70.53,67.13,57.36,73.41,67.69,63.24,58.37,62.55
2781,146044,56.02,53.24226862401046,0.1090364694651314,10,2,8,50,58.65,52.66,55.23,62.32,46.85,56.56,54.36,61.55
2782,44894,59.24,54.08768080330229,0.1634305562494932,3,7,8,50,60.48,55.72,59.58,64.44,62.03,62.46,53.56,55.68
2783,47208,57.04,53.30573356681425,0.1255324041959507,4,4,8,50,64.09,52.58,56.09,63.17,52.3,50.17,64.14,53.82
2784,73282,62.35,53.54391645473466,0.059182537618373,10,6,8,50,66.27,62.51,67.87,53.62,54.25,55.33,73.18,65.79
2785,48511,54.5,54.04314946386772,0.054410332853547,4,3,8,50,56.45,60.43,57.19,50.59,56.67,55.03,50.21,49.45
2786,122537,66.03,53.72659620406016,0.0816535063911814,8,1,8,50,67.88,66.47,71.28,65.83,56.87,57.12,72.91,69.86
2787,86531,57.88,54.50174754572421,0.040746504054899,8,3,8,50,55.12,65.63,52.58,58.28,67.22,53.07,58.51,52.66
2788,44642,52.46,54.22687721443376,0.1050743178345453,2,6,8,50,48.45,56.22,60.5,53.85,45.86,48.01,61.05,45.72
2789,86029,55.41,53.09990978881324,0.1063695648601684,7,2,8,50,54.39,62.51,50.56,48.18,59.02,53.29,50.25,65.06
2790,47710,56.75,53.48145193751236,0.0446758302697185,5,5,8,50,49.02,54.93,55.34,53.99,60.1,60.65,64.72,55.26
2791,54272,56.61,53.400556079620905,0.1001946195013398,8,6,8,50,51.85,52.96,50.23,66.04,50.82,63.6,53.54,63.81
2792,104038,64.16,52.47932112679607,0.079419072503814,10,4,8,50,55.43,65.6,57.56,73.54,65.51,70.43,55.64,69.59
2793,45952,63.22,54.577996855001,0.1159473860782941,4,6,8,50,69.84,63.29,64.45,60.25,51.59,60.47,66.94,68.92
2794,62525,59.66,52.47943828957681,0.1126873600236237,8,5,8,50,57.0,67.75,52.29,70.21,54.19,56.12,61.47,58.22
2795,86531,65.68,53.16813419757481,0.0332004085529773,8,3,8,50,61.4,69.63,67.24,68.3,57.16,63.49,69.5,68.74
2796,46859,58.15,52.60599703568479,0.0960243822785978,6,7,8,50,64.57,49.82,53.44,64.31,53.47,62.96,51.71,64.91
2797,150000,61.13,54.39597680917445,0.0671915840411249,11,2,8,50,57.71,67.39,60.09,67.26,55.89,66.7,61.71,52.3
2798,86531,62.46,53.3319051760402,-0.0222862522479627,8,3,8,50,68.73,53.77,63.59,67.07,60.82,53.55,68.13,64.04
2799,103034,65.29,52.55413801008933,0.199561021490656,8,2,8,50,63.03,63.53,69.94,65.55,61.8,59.2,62.48,76.78
2800,44642,63.3,54.56858692972633,-0.0945379136521982,2,6,8,50,71.1,67.28,70.47,55.43,67.24,56.76,62.39,55.74
2801,46859,57.76,53.02794061869369,0.0943790191953338,6,7,8,50,57.58,49.18,50.98,65.69,59.43,60.72,62.89,55.58
2802,47208,58.75,54.35193386812732,0.1022599584452809,4,4,8,50,61.02,60.91,59.22,63.27,50.37,64.03,61.43,49.73
2803,43836,57.38,53.816951877022206,0.0868771121011246,2,8,8,50,64.26,62.34,59.83,54.13,48.14,49.67,60.65,60.05
2804,61521,58.73,54.29259582984552,0.0522464303889587,6,3,8,50,57.22,64.1,50.14,53.68,57.61,65.18,53.27,68.62
2805,72024,64.94,53.561426926210416,0.1765683843853999,6,2,8,50,68.5,53.52,70.49,71.48,57.22,71.82,67.83,58.62
2806,103034,57.54,53.623593897447336,0.0633021056123196,8,2,8,50,66.81,50.79,50.63,55.73,65.62,52.25,52.58,65.89
2807,62525,52.96,53.71452846280344,0.1120169747434415,8,5,8,50,48.79,56.93,50.38,53.43,54.13,51.54,55.94,52.57
2808,46456,65.67,53.85788676251679,0.1455081205555849,6,8,8,50,69.73,75.1,66.38,61.38,61.77,59.45,59.47,72.07
2809,45952,62.19,54.32254904610311,0.0903066225387765,4,6,8,50,53.65,67.77,63.84,65.64,54.48,67.63,64.88,59.61
2810,54018,54.29,54.15550312396942,0.1122577557087896,6,4,8,50,58.53,57.94,54.45,59.57,45.29,57.26,53.04,48.21
2811,49515,63.92,54.19065117130832,0.1866662479890464,6,5,8,50,73.47,71.57,53.69,67.43,56.45,65.5,64.91,58.33
2812,60517,63.79,53.82559066877366,0.0399295968194651,4,1,8,50,73.89,63.19,62.26,61.93,73.1,55.73,63.85,56.35
2813,54272,49.54,55.08585447726616,0.0267188484030606,8,6,8,50,53.71,48.12,47.27,46.25,56.84,57.0,41.6,45.52
2814,46859,54.61,53.45245714311902,0.0560148897624031,6,7,8,50,58.43,58.68,54.48,46.92,56.16,56.93,59.95,45.3
2815,45549,52.76,54.00635027503903,0.0600332191852929,4,7,8,50,60.26,44.99,50.2,56.59,48.65,46.49,54.53,60.39
2816,123541,57.47,53.64110635872074,0.0772476269714773,10,3,8,50,66.02,61.67,59.35,60.67,56.08,53.15,52.37,50.46
2817,62525,64.83,54.53954253004865,0.1155841892501886,8,5,8,50,63.16,55.18,61.5,68.75,68.73,70.54,69.83,60.95
2818,48511,62.99,54.35608030303662,0.0801538917758701,4,3,8,50,62.64,51.17,68.5,63.26,64.34,66.3,60.38,67.36
2819,87535,63.73,53.29380194011915,0.1446614980560861,10,5,8,50,60.55,70.04,68.68,59.34,61.48,57.69,60.72,71.35
2820,54272,61.55,53.56394133302798,0.1451665887814839,8,6,8,50,57.91,68.56,68.51,69.19,53.38,63.94,60.65,50.27
2821,62525,57.49,53.50377130593413,0.0741016045205654,8,5,8,50,54.85,56.6,50.95,51.91,56.89,65.03,69.41,54.25
2822,45650,67.98,54.12174248495612,0.1145514912284439,6,10,8,50,58.45,66.79,74.84,66.74,72.26,72.53,73.36,58.88
2823,61521,50.23,54.51478673120874,0.0928026410934981,6,3,8,50,46.5,48.06,60.7,48.62,43.29,57.57,49.87,47.22
2824,41532,54.25,54.9028760776727,0.1471020514288503,0,6,8,50,60.1,52.74,57.55,49.97,56.23,53.23,52.97,51.18
2825,54018,52.68,53.966702100870826,0.0503151941311506,6,4,8,50,54.93,53.08,48.99,58.91,51.86,55.09,47.09,51.5
2826,103034,60.34,52.9592864106744,0.026262334362481,8,2,8,50,58.53,53.88,67.71,63.51,61.43,57.17,58.76,61.75
2827,45952,60.21,53.64156319095247,0.083975178315384,4,6,8,50,62.16,57.81,65.54,61.42,52.57,61.93,63.56,56.68
2828,47208,61.42,54.41167422975906,0.1028631866325873,4,4,8,50,56.99,51.28,62.98,59.38,67.04,65.82,63.41,64.49
2829,73282,62.64,53.182952412324006,0.1428818677236777,10,6,8,50,68.27,54.01,60.17,69.71,58.2,66.86,58.25,65.67
2830,71522,64.39,54.51544144259476,0.1349275564343195,5,1,8,50,66.21,60.97,63.15,61.05,64.27,69.83,68.4,61.26
2831,72024,54.54,54.28187508912834,0.0622626195029657,6,2,8,50,47.99,51.56,59.51,49.56,52.74,58.12,55.84,61.01
2832,73028,65.11,54.45965405251765,0.1962870712785933,8,4,8,50,56.48,65.56,73.14,63.45,72.2,65.73,67.75,56.56
2833,73530,66.0,53.50675913790535,-0.0363115785472127,9,5,8,50,70.25,72.68,55.28,73.53,70.4,61.14,64.2,60.49
2834,46053,55.54,54.2997056056883,0.0322811788303594,6,9,8,50,53.05,48.24,61.05,65.45,51.47,63.68,49.92,51.5
2835,46456,69.4,53.38443891779082,0.0985318523667017,6,8,8,50,73.86,62.98,70.43,63.52,72.99,78.67,72.72,60.02
2836,44743,63.7,55.037674196259886,0.0962731320538002,4,9,8,50,67.21,58.48,62.28,65.07,66.83,62.0,59.05,68.72
2837,49515,48.66,54.61504052369071,0.0168895644186394,6,5,8,50,47.07,46.89,54.8,48.86,48.42,46.04,50.58,46.58
2838,49519,64.51,52.550382512993856,0.1365867674176401,8,7,8,50,69.0,70.01,71.28,54.01,73.13,55.17,55.52,67.95
2839,45952,63.58,52.01556802232474,0.0217740631403462,4,6,8,50,64.4,61.96,67.43,54.53,60.77,63.07,65.38,71.12
2840,61521,58.35,53.32716319607651,0.0417108162492076,6,3,8,50,56.94,53.73,53.98,58.09,64.96,57.83,68.02,53.25
2841,54520,67.9,53.7197899477536,0.0573494766761464,7,5,8,50,70.22,76.9,62.51,62.32,71.04,65.07,65.65,69.47
2842,87539,70.0,53.41996825519993,0.1608207324412349,12,7,8,50,78.7,78.53,61.12,65.19,65.72,64.48,78.57,67.65
2843,150000,65.16,54.19630605116113,0.0083133240192991,9,0,8,50,58.76,57.42,60.44,68.7,68.14,69.76,68.92,69.17
2844,87539,61.33,53.489966549114015,0.0976709415835165,12,7,8,50,67.12,68.34,58.92,64.33,58.38,57.78,54.79,60.97
2845,54520,62.52,54.438123819312366,0.0433732169503026,7,5,8,50,52.51,65.58,71.55,64.36,64.59,68.96,61.76,50.84
2846,47462,53.67,53.2950228834552,0.0291846209050145,6,6,8,50,52.48,64.29,49.57,62.03,51.86,50.34,52.09,46.71
2847,103536,52.97,55.39756651333641,0.1728937050123979,9,3,8,50,52.19,46.25,59.31,47.06,49.86,52.82,52.71,63.56
2848,62023,49.31,54.253830242458136,-0.0800936730735105,7,4,8,50,53.13,54.1,44.62,55.12,49.07,45.68,46.85,45.92
2849,46204,53.64,53.62731080182576,0.1161531292321257,5,7,8,50,50.85,61.18,55.37,48.91,53.93,59.18,47.94,51.75
2850,46557,60.89,52.97422216101698,0.092372340210239,8,11,8,50,52.88,66.69,59.38,64.02,63.76,58.99,58.14,63.25
2851,47462,57.84,51.4596772122836,0.0461911297565213,6,6,8,50,47.73,61.46,61.06,64.68,52.19,53.38,57.41,64.78
2852,46456,51.22,53.86264274006622,0.0169976600245867,6,8,8,50,51.81,51.13,43.97,57.53,58.5,43.61,57.71,45.46
2853,86531,58.38,54.67987129487,0.1092254273685037,8,3,8,50,60.17,58.76,57.52,58.05,61.89,56.38,56.99,57.29
2854,62525,51.56,54.307421494863554,-0.019554219706948,8,5,8,50,49.02,57.1,47.13,57.66,45.48,50.36,51.07,54.62
2855,72024,52.9,53.083948778062215,0.0512331123659674,6,2,8,50,52.54,50.63,49.63,59.06,60.74,51.06,50.15,49.41
2856,86531,58.66,53.27401931130507,0.1102353369295452,8,3,8,50,53.53,62.06,62.75,56.89,59.1,63.64,51.78,59.5
2857,45902,61.8,52.707767995767455,-0.0294092447154573,7,11,8,50,58.15,67.44,65.73,64.57,54.79,59.42,68.68,55.62
2858,47111,64.38,54.264898740544055,0.1339173041495593,7,8,8,50,71.75,72.41,65.12,70.23,62.22,52.41,65.47,55.43
2859,54018,56.42,52.50724543558924,0.0075648012314595,6,4,8,50,55.08,56.1,62.33,57.38,54.75,55.01,57.51,53.21
2860,122537,61.74,53.0465802805754,0.082756180835159,8,1,8,50,62.01,65.38,59.19,63.07,61.67,50.04,64.96,67.6
2861,45549,63.5,53.94327889266563,0.0022646616387708,4,7,8,50,58.47,55.49,71.32,70.02,67.28,63.39,54.22,67.8
2862,103034,60.45,54.12531429279012,0.0950345766615017,8,2,8,50,53.27,54.03,65.6,65.52,65.62,66.99,52.94,59.65
2863,47966,55.28,54.15573638809211,-0.0104181778726577,8,8,8,50,50.14,57.63,52.62,60.29,61.94,50.54,48.45,60.66
2864,62023,55.48,54.00096619290812,0.1328251436081898,7,4,8,50,54.77,48.83,52.08,59.04,55.47,53.31,58.86,61.45
2865,48511,59.37,53.03527616749829,0.1311874821075173,4,3,8,50,58.87,50.88,62.35,69.21,59.79,57.81,54.69,61.33
2866,61521,59.54,54.34239865680848,0.063759579509584,6,3,8,50,56.97,57.31,66.71,53.58,54.61,59.69,59.6,67.86
2867,46204,59.84,53.81664413926683,0.0847471906840291,5,7,8,50,60.14,66.21,64.9,63.15,54.37,53.22,53.72,62.97
2868,104038,54.89,53.6406578161779,0.050592178724964,10,4,8,50,48.35,56.77,63.83,56.04,56.79,50.59,48.47,58.25
2869,104038,58.03,53.72318222791863,0.0294621878016569,10,4,8,50,51.39,58.22,55.85,55.18,52.26,62.11,64.93,64.27
2870,73028,57.64,55.351254225257776,-0.0124597442176571,8,4,8,50,55.13,51.63,65.74,64.29,54.62,61.94,55.51,52.25
2871,146044,52.66,54.41461646461945,0.0642934331762006,10,2,8,50,51.13,52.25,47.84,60.85,50.3,50.96,57.97,50.0
2872,46859,53.63,54.342511007520855,-0.0284585440144028,6,7,8,50,49.11,49.23,50.37,57.08,56.11,52.75,54.17,60.2
2873,43534,59.45,53.35340461474728,0.0615090454111286,4,12,8,50,56.91,61.82,62.7,56.89,55.23,55.65,64.38,62.0
2874,49515,56.4,53.626772132328334,-0.049649417693478,6,5,8,50,54.23,57.59,51.31,60.28,52.28,55.87,58.24,61.4
2875,49515,57.72,52.759477559246434,0.0058097956145384,6,5,8,50,56.06,55.07,63.76,52.68,55.17,61.0,56.4,61.65
2876,150000,55.41,53.00712425149208,-0.0085227170969886,10,1,8,50,58.37,58.15,59.41,54.69,50.27,48.95,58.05,55.41
2877,87535,61.52,54.29413314417525,0.0432191030260404,10,5,8,50,70.11,57.76,61.45,64.18,53.84,62.2,63.8,58.82
2878,46204,56.28,54.67836797906729,0.0494855714142323,5,7,8,50,57.91,48.32,63.74,52.92,58.43,50.38,53.59,64.96
2879,150000,51.84,53.08902095172869,0.0354632087000827,9,0,8,50,53.52,46.86,57.6,46.78,60.83,47.77,48.56,52.8
2880,49519,63.73,54.13909320180779,0.0423762925568125,8,7,8,50,54.94,66.81,62.56,63.79,54.88,65.2,74.09,67.58
2881,62525,64.23,53.86044432701048,0.1061795285943561,8,5,8,50,65.4,64.35,68.38,60.79,70.06,55.4,58.64,70.83
2882,47966,56.61,53.90788131781681,-0.0132259831278428,8,8,8,50,64.56,56.55,53.97,50.75,54.06,57.89,54.95,60.17
2883,47208,66.42,51.85353416211556,0.1279391405553449,4,4,8,50,70.26,60.27,63.93,71.19,70.3,68.37,67.13,59.91
2884,45549,58.12,53.58271968438985,-0.0084114225192441,4,7,8,50,60.35,54.13,56.81,63.01,55.24,60.93,59.69,54.79
2885,46855,54.66,52.87742912273677,0.1605345351030845,4,5,8,50,54.15,54.52,58.22,63.71,49.13,48.41,56.62,52.54
2886,73028,55.66,53.00215745968449,0.0636943256008788,8,4,8,50,52.87,55.68,52.0,47.45,61.81,51.49,62.32,61.66
2887,45801,62.5,53.42305933717764,0.0704314957736331,5,8,8,50,60.21,72.31,69.37,71.78,56.31,54.82,57.65,57.55
2888,54524,55.17,53.22772643752889,0.0453016965282847,9,7,8,50,53.66,50.19,60.71,58.4,61.03,51.84,51.55,53.98
2889,146044,56.67,55.22487531548845,0.0892407080330993,10,2,8,50,64.93,53.9,51.54,57.1,56.58,51.04,64.46,53.78
2890,46859,49.27,53.97555615480898,0.0971567860925758,6,7,8,50,48.05,52.4,48.17,49.12,49.18,47.55,57.21,42.49
2891,47966,47.92,54.70374288972893,0.0773681461794505,8,8,8,50,51.88,55.59,46.41,53.14,45.95,44.54,43.64,42.23
2892,54272,56.14,52.92199001078269,0.1574045230758117,8,6,8,50,54.12,53.56,58.21,62.01,57.34,53.01,50.08,60.8
2893,150000,60.9,54.79486150682715,0.0417003544512581,11,2,8,50,62.57,58.58,67.23,68.16,61.9,47.65,59.34,61.76
2894,62525,65.94,53.75042406321776,0.0677025010420852,8,5,8,50,60.84,56.29,73.37,71.93,57.98,66.17,70.14,70.78
2895,104540,58.77,52.55538135065708,0.0474976789569511,11,5,8,50,67.51,60.93,58.13,49.37,52.76,57.8,64.03,59.64
2896,150000,46.78,53.44457410626519,-0.0670939289447183,12,1,8,50,46.97,43.27,47.39,50.54,42.94,47.95,53.2,41.96
2897,47462,58.65,53.96581836009233,0.0041767362007533,6,6,8,50,71.78,58.72,51.7,66.32,56.79,53.71,52.54,57.64
2898,54272,66.27,56.03794574096397,-0.0149242412245536,8,6,8,50,74.5,69.22,66.13,62.13,64.92,59.93,65.06,68.25
2899,50023,56.21,53.37743979436295,0.0761531897810953,10,9,8,50,59.68,55.43,55.39,59.51,55.49,52.09,56.46,55.65
2900,47966,55.89,53.88094167497957,0.0960507085446828,8,8,8,50,56.58,58.34,52.32,53.81,60.1,59.32,60.27,46.4
2901,47111,67.25,53.2456107775915,0.0702967741515403,7,8,8,50,71.02,58.88,77.99,64.66,73.06,58.09,60.77,73.56
2902,49519,55.14,54.882177098854974,-0.0093142238705195,8,7,8,50,57.51,54.25,56.66,61.02,48.65,50.08,58.7,54.24
2903,49515,56.98,53.211118919221946,0.1506554571631503,6,5,8,50,63.06,50.97,51.97,51.32,55.62,62.5,54.16,66.26
2904,46859,61.61,52.724583921564886,0.0405268680584801,6,7,8,50,52.13,61.21,69.77,67.35,69.74,61.82,50.32,60.52
2905,54520,59.23,54.081252827291216,0.0294286426375801,7,5,8,50,57.38,54.63,63.05,63.72,60.45,57.11,51.89,65.58
2906,104038,52.33,55.03216007795831,0.0868126421501547,10,4,8,50,49.58,45.52,52.77,54.98,54.27,55.37,52.79,53.33
2907,45952,59.78,53.59437657943989,0.1717612167870293,4,6,8,50,60.08,68.73,59.69,62.84,54.17,54.86,52.74,65.09
2908,54272,47.5,55.301307581723805,0.0888553796859648,8,6,8,50,52.13,40.29,42.13,42.98,48.14,50.98,49.61,53.75
2909,46859,54.19,53.744446140103726,0.0164158573707759,6,7,8,50,62.98,50.7,53.68,49.63,57.52,48.57,51.05,59.38
2910,123541,62.86,53.85058992647142,0.0505182841258782,10,3,8,50,60.57,62.39,51.18,65.48,56.99,69.21,65.17,71.92
2911,62525,60.1,53.9828047455979,0.0134894230333453,8,5,8,50,64.18,61.09,55.28,66.52,63.82,60.88,52.77,56.26
2912,123541,59.01,52.724256247159,0.0900221385353209,10,3,8,50,56.1,60.74,64.41,54.76,64.83,63.02,53.42,54.8
2913,103034,63.52,54.31685340790117,0.1048513629827503,8,2,8,50,65.64,59.46,74.17,55.06,57.78,72.94,59.85,63.22
2914,150000,57.76,53.121791367964256,0.0663824215611279,13,0,8,50,54.14,56.96,67.85,65.43,57.59,55.29,52.69,52.1
2915,54524,61.7,54.2518462281888,0.1609140861836359,9,7,8,50,57.82,63.41,60.67,61.02,51.34,63.04,69.54,66.77
2916,73530,50.73,53.77293651964371,0.0638070329212036,9,5,8,50,50.8,53.53,54.97,49.48,49.34,47.34,54.76,45.64
2917,86029,67.87,54.24198512236377,0.0291468669823324,7,2,8,50,70.32,71.72,67.88,68.02,55.08,69.02,69.11,71.78
2918,146546,53.62,55.539637568352695,0.0328900060613373,11,3,8,50,51.79,55.12,49.98,54.71,53.94,55.86,58.92,48.66
2919,73530,61.82,53.179980221288965,0.0544199733874659,9,5,8,50,58.13,59.99,66.86,67.97,62.99,57.67,57.13,63.82
2920,47462,67.39,54.11076634354308,0.0604276002966445,6,6,8,50,57.37,68.11,66.2,66.17,75.71,75.02,70.78,59.74
2921,147040,56.86,53.72828838884022,0.0450372301228115,8,0,8,50,62.52,57.5,59.62,57.29,52.0,60.96,49.51,55.49
2922,86029,57.2,53.76728706800956,0.0515661081139734,7,2,8,50,58.68,54.7,55.98,63.87,49.59,55.26,62.74,56.82
2923,85527,53.42,53.20520775045303,0.0761735350823391,6,1,8,50,50.26,48.89,52.91,43.46,49.85,60.97,59.83,61.19
2924,46859,70.81,53.47500720850898,0.1343873255486522,6,7,8,50,74.27,65.4,69.06,78.42,72.91,71.79,61.48,73.16
2925,87033,58.02,55.90955458623176,-0.0274073976933294,9,4,8,50,51.09,62.89,52.96,64.17,58.42,60.15,60.64,53.87
2926,44743,48.29,53.78902348634243,0.0175947417884572,4,9,8,50,44.75,52.2,53.2,41.45,45.35,54.11,53.32,41.92
2927,72024,52.78,52.50986649462117,0.0187255839043859,6,2,8,50,51.13,56.45,49.98,50.09,51.11,57.17,57.57,48.74
2928,62525,59.95,52.87157846548065,-0.0141899512353462,8,5,8,50,66.15,57.25,53.38,69.44,59.41,53.86,64.02,56.12
2929,47462,56.57,54.89259841685889,0.0676482738472697,6,6,8,50,53.91,53.75,63.77,54.72,58.06,50.92,62.71,54.69
2930,46456,55.37,54.72399715524437,0.0911768644225942,6,8,8,50,58.41,52.16,46.76,56.07,55.36,62.62,50.47,61.13
2931,46859,61.27,53.93787449996248,0.1015791474536878,6,7,8,50,58.28,66.64,65.11,57.61,49.9,67.83,61.8,62.97
2932,47462,57.29,53.43118703178035,0.0314558213436908,6,6,8,50,55.06,63.18,53.63,64.09,50.78,65.42,51.78,54.36
2933,147048,49.06,54.27863949422084,0.100892559968818,12,4,8,50,46.26,45.32,52.62,50.16,53.19,43.98,47.32,53.65
2934,86531,57.91,54.05990185073729,0.0526796708723511,8,3,8,50,63.51,65.73,47.44,50.76,62.23,60.12,56.52,56.95
2935,54018,57.94,53.24803478977462,0.1245185176975597,6,4,8,50,55.63,61.84,63.8,51.52,64.22,58.41,56.52,51.58
2936,87535,58.97,53.9813512087324,0.0853003478454949,10,5,8,50,55.24,52.21,62.69,64.73,58.23,63.58,60.44,54.64
2937,45545,59.57,53.262545037173645,0.0077219740017274,2,5,8,50,65.12,57.64,50.69,56.87,61.61,58.55,60.98,65.09
2938,49267,54.04,53.67299074766164,0.000575171802591,7,6,8,50,56.58,53.37,51.48,46.56,58.45,54.85,58.79,52.25
2939,54272,57.18,53.99664397178661,0.0421363807539632,8,6,8,50,69.0,50.86,49.09,54.09,64.0,56.47,60.03,53.9
2940,42778,61.17,53.54454770319937,0.1466362159928086,1,9,8,50,65.1,57.16,59.01,55.75,64.79,68.35,59.29,59.88
2941,150000,53.66,53.26564464737041,0.1519426085077544,11,2,8,50,59.46,54.93,47.91,51.53,47.5,59.61,47.32,61.05
2942,104038,63.2,54.24756646208463,0.0654407384434109,10,4,8,50,60.04,69.31,68.75,64.88,62.51,65.86,51.64,62.63
2943,54272,53.83,54.38126423257131,0.0307026812578145,8,6,8,50,53.9,58.08,57.74,59.5,57.38,51.41,46.21,46.41
2944,46607,62.04,53.87303798638289,0.0572119160166861,5,6,8,50,65.86,58.49,68.2,64.85,60.28,72.6,53.49,52.55
2945,45549,59.24,54.1013994935507,0.1624764469603242,4,7,8,50,57.45,58.1,57.11,60.0,55.86,57.21,65.9,62.25
2946,86029,59.21,53.976339229621054,0.038568378578001,7,2,8,50,62.94,62.13,69.25,50.15,57.4,62.48,56.15,53.17
2947,47208,51.58,53.62291813194665,0.1186463543992715,4,4,8,50,51.92,51.38,50.71,51.61,51.86,49.28,53.27,52.63
2948,47966,53.62,53.75038542278854,0.0134590008339565,8,8,8,50,43.59,50.78,57.92,51.71,57.63,52.9,57.37,57.02
2949,53014,54.63,53.28221055762168,0.0163292556040698,4,2,8,50,57.05,50.01,50.73,57.71,61.64,57.96,52.76,49.17
2950,42741,61.81,54.03011425103058,0.0863408051081004,0,3,8,50,56.67,62.36,53.93,72.86,66.71,63.61,56.84,61.53
2951,124043,67.54,54.15276623533222,0.110153873386164,11,4,8,50,61.84,60.09,64.5,71.33,72.49,59.07,75.98,74.98
2952,72526,56.06,53.536983676419226,0.0341770114749189,7,3,8,50,62.77,59.97,50.29,56.27,56.19,50.97,53.0,59.02
2953,45952,52.24,54.71313966542187,0.0709023761307216,4,6,8,50,53.5,46.78,48.14,49.7,64.31,45.74,49.91,59.8
2954,147048,64.83,53.10941357123763,0.0770390633665691,12,4,8,50,69.2,57.12,64.99,63.34,65.05,64.45,63.05,71.41
2955,47966,62.69,53.44395039694864,0.1155558139554438,8,8,8,50,60.81,59.89,64.91,58.23,54.42,70.37,68.95,63.92
2956,104030,65.49,53.581876937238846,0.0112479588633734,6,0,8,50,73.83,64.76,64.57,58.23,60.06,70.51,71.69,60.26
2957,62525,62.08,55.441942559329966,0.0477097303853211,8,5,8,50,58.45,59.62,65.91,54.1,63.38,62.85,65.87,66.45
2958,150000,61.27,53.0777402789779,0.0936409287603694,10,1,8,50,70.14,61.2,61.18,63.41,58.53,59.68,61.48,54.52
2959,150000,52.63,53.7763057435922,0.1118689689499826,10,0,8,50,58.28,48.1,53.08,53.43,59.21,51.68,44.89,52.35
2960,49519,48.99,53.43659597879223,0.1352555307796618,8,7,8,50,44.57,51.79,44.81,53.26,50.0,51.8,42.34,53.35
2961,45549,64.2,53.34874492700374,0.0244630433819808,4,7,8,50,67.24,62.1,65.77,61.85,66.36,63.39,61.75,65.14
2962,43282,59.08,53.50029157694863,0.0665889907252577,3,11,8,50,53.25,68.02,56.59,55.11,59.93,56.27,59.77,63.66
2963,150000,54.39,53.35213703676968,0.0213470455369403,11,0,8,50,49.27,66.74,50.38,60.53,50.85,54.21,48.91,54.21
2964,45297,59.55,53.77300377496038,0.083186323568636,3,6,8,50,58.15,70.45,59.72,54.91,66.87,52.69,57.52,56.08
2965,104038,59.61,54.65935868738428,0.06439130182788,10,4,8,50,56.2,59.92,59.54,59.77,55.5,62.22,62.99,60.76
2966,86531,56.27,53.10841758849004,-0.0545087093046557,8,3,8,50,64.87,57.99,59.33,51.31,56.35,60.32,52.9,47.08
2967,104038,63.57,54.14610602949436,0.0622733858694089,10,4,8,50,62.01,57.51,55.26,52.86,68.87,70.46,70.43,71.16
2968,146044,64.36,55.27608716074479,0.059599088324269,10,2,8,50,61.0,64.18,71.28,68.33,61.45,68.84,65.68,54.11
2969,47208,59.53,54.1039079163121,0.0513188216952101,4,4,8,50,68.2,55.19,56.85,65.4,50.09,63.86,57.51,59.12
2970,46708,46.71,54.00394855781309,0.1193638597096205,7,9,8,50,54.6,40.86,50.01,43.47,41.67,51.41,42.46,49.22
2971,104038,65.33,52.89586492084261,0.0177000461999644,10,4,8,50,59.43,68.51,75.46,65.92,58.7,59.36,59.22,76.01
2972,61521,54.89,53.78920187319956,-0.0076037678024534,6,3,8,50,61.58,51.28,52.58,48.52,53.41,59.44,47.77,64.55
2973,61521,56.7,54.64713669556116,0.0384196770579255,6,3,8,50,47.66,61.04,60.41,60.34,56.53,56.92,51.1,59.6
2974,46607,68.17,55.375633489822114,0.091949072707352,5,6,8,50,70.97,70.64,78.67,74.11,59.79,60.66,64.64,65.87
2975,46855,53.88,54.550197794560034,0.1058927783142463,4,5,8,50,54.84,49.95,59.61,48.55,53.77,49.58,59.43,55.33
2976,62525,51.19,52.8476237475427,0.0491888599103983,8,5,8,50,55.4,60.33,46.28,57.51,47.91,52.6,42.55,46.97
2977,49515,64.73,53.30070778594381,0.0772426721602842,6,5,8,50,67.99,69.43,56.95,73.66,75.13,61.43,58.68,54.56
2978,146044,63.64,54.211523139253465,0.0069488779586761,10,2,8,50,62.99,66.28,59.13,62.69,69.92,58.72,70.01,59.42
2979,87033,45.59,53.6621942343448,0.1505164330385489,9,4,8,50,44.69,48.08,48.0,44.93,44.56,43.38,47.88,43.17
2980,47710,58.25,53.67946392654735,0.0684572699749813,5,5,8,50,60.27,53.66,52.74,66.05,51.82,62.91,61.49,57.06
2981,73028,54.88,53.91823826398731,0.0940801051726344,8,4,8,50,52.64,52.17,60.84,51.0,52.37,56.85,61.28,51.89
2982,60517,63.47,54.13369894549111,0.0503810543622296,4,1,8,50,66.39,67.44,62.03,56.65,58.44,66.55,68.57,61.68
2983,61521,69.94,53.05057014230104,-0.0406095432766596,6,3,8,50,70.91,74.46,76.7,63.58,70.74,71.15,63.54,68.42
2984,62525,62.7,53.48646986628276,-0.0189303955200015,8,5,8,50,57.39,53.32,61.33,60.21,67.12,64.89,70.57,66.81
2985,123541,57.82,55.65929750250368,0.0962064014888913,10,3,8,50,64.82,59.93,58.69,64.3,52.85,48.8,61.56,51.65
2986,50023,53.53,53.64345236432492,0.0369532167173639,10,9,8,50,47.94,57.6,58.9,50.08,48.04,54.23,54.92,56.5
2987,47462,60.5,54.57452953580577,0.0316293769186785,6,6,8,50,65.49,65.68,55.67,54.12,50.94,66.27,65.16,60.63
2988,45952,67.31,53.25646708475039,0.0790722863133102,4,6,8,50,64.69,73.8,57.3,64.96,67.56,68.66,68.85,72.68
2989,49515,66.19,54.26352886263566,0.0015393055810524,6,5,8,50,62.43,68.15,66.73,57.6,69.68,73.68,73.0,58.25
2990,72024,61.35,53.70288200870029,0.1564094718408953,6,2,8,50,59.75,52.15,64.31,63.79,63.02,70.56,62.69,54.5
2991,61521,55.49,53.31634318567705,0.139832392701502,6,3,8,50,60.04,48.61,53.21,57.44,49.28,61.88,52.51,60.94
2992,54018,62.77,54.31576311065227,0.0965930256033329,6,4,8,50,56.48,69.37,66.85,65.89,48.62,67.04,67.58,60.32
2993,62525,61.91,53.950847251361225,-0.0665098274498139,8,5,8,50,61.48,56.11,71.24,55.01,55.8,67.45,55.79,72.42
2994,54018,55.18,54.377897623818114,-0.035242269641005,6,4,8,50,59.88,63.09,46.47,61.73,56.24,53.1,51.42,49.51
2995,47208,55.52,55.265631653164746,0.0065552888129918,4,4,8,50,55.71,63.02,57.44,46.62,62.69,54.52,49.08,55.07
2996,146044,53.8,54.288412446466026,0.1197769735443398,10,2,8,50,50.05,53.42,60.67,47.58,60.31,46.04,57.04,55.33
2997,54776,62.58,52.96347612019009,0.0608796041332794,10,8,8,50,59.06,67.34,58.55,68.11,70.79,55.28,63.49,58.06
2998,86531,64.79,53.74316708495046,0.0275274470104707,8,3,8,50,67.87,60.82,66.63,70.19,59.53,68.66,54.92,69.68
2999,46204,65.71,53.56469657134196,0.0560002317963457,5,7,8,50,61.14,66.83,72.71,72.32,56.96,71.59,66.05,58.07
3000,54776,60.49,53.83545808089221,-0.0288822267493949,10,8,8,50,68.71,58.56,61.17,60.88,64.58,54.51,53.09,62.41
