Generación,Fitness Global,CPU (%),Memoria (%),Tiempo (s),Goles Favor,Goles Contra,CPUs (configurados),Population Size,Core0 (%),Core1 (%),Core2 (%),Core3 (%),Core4 (%),Core5 (%),Core6 (%),Core7 (%)
1,37099,56.03,53.17257577795103,0.8827235211598183,0,17,4,100,58.84,60.09,53.15,52.04,0.0,0.0,0.0,0.0
2,35084,51.04,54.5671592754591,0.9497948713101184,0,22,4,100,51.95,49.89,51.85,50.46,0.0,0.0,0.0,0.0
3,34278,78.48,54.040156645321495,1.0672292733431306,0,24,4,100,83.03,73.2,73.96,83.75,0.0,0.0,0.0,0.0
4,33875,54.04,54.791670738870295,0.998793614619325,0,25,4,100,56.96,52.39,56.74,50.08,0.0,0.0,0.0,0.0
5,34278,55.81,53.980347770108445,1.0181791849883397,0,24,4,100,54.59,62.61,51.81,54.23,0.0,0.0,0.0,0.0
6,35084,69.56,51.19368551110173,0.9943350103588096,0,22,4,100,72.92,66.73,67.06,71.54,0.0,0.0,0.0,0.0
7,34278,38.14,54.24148686045833,1.0150874072422418,0,24,4,100,40.26,37.51,31.71,43.08,0.0,0.0,0.0,0.0
8,34681,75.25,51.65036099058609,0.9697761884524522,0,23,4,100,68.16,85.78,75.33,71.73,0.0,0.0,0.0,0.0
9,34681,54.57,50.97575118452319,1.0274546768159716,0,23,4,100,55.5,56.75,48.78,57.24,0.0,0.0,0.0,0.0
10,34681,54.38,52.11565476854676,0.913405084769454,0,23,4,100,61.8,50.23,52.71,52.78,0.0,0.0,0.0,0.0
11,33875,47.02,53.79384151783992,1.0671838806399572,0,25,4,100,48.76,47.59,49.02,42.72,0.0,0.0,0.0,0.0
12,34681,60.92,52.6301208820513,0.9603508608546462,0,23,4,100,66.9,60.17,56.36,60.27,0.0,0.0,0.0,0.0
13,34681,49.72,52.83715665285975,1.0184445901912944,0,23,4,100,52.86,47.61,52.04,46.38,0.0,0.0,0.0,0.0
14,33875,59.4,52.92788978498946,0.9827127950429916,0,25,4,100,59.72,61.2,58.61,58.08,0.0,0.0,0.0,0.0
15,33875,52.92,53.57253103297575,0.9958682352887536,0,25,4,100,52.5,54.14,57.04,47.98,0.0,0.0,0.0,0.0
16,35084,78.35,50.25225162596426,1.0093386878467328,0,22,4,100,74.46,73.98,80.5,84.47,0.0,0.0,0.0,0.0
17,34278,67.98,53.06975144659469,1.0170169760779515,0,24,4,100,63.78,77.63,63.45,67.08,0.0,0.0,0.0,0.0
18,33875,40.1,54.999963520802766,0.8754854522503905,0,25,4,100,43.07,38.62,38.25,40.47,0.0,0.0,0.0,0.0
19,34278,55.42,52.31372484754296,0.9525127948153008,0,24,4,100,59.44,54.53,53.81,53.9,0.0,0.0,0.0,0.0
20,35487,53.5,51.86114337969548,0.8999126132727537,0,21,4,100,49.79,49.15,53.68,61.38,0.0,0.0,0.0,0.0
21,34681,52.62,51.88447233590994,0.9783997820818402,0,23,4,100,46.92,50.22,60.76,52.59,0.0,0.0,0.0,0.0
22,33875,71.92,51.61063068414487,0.8935951156181974,0,25,4,100,74.86,66.03,80.22,66.59,0.0,0.0,0.0,0.0
23,35084,40.4,52.421561413194894,1.040816829291939,0,22,4,100,45.52,37.95,37.73,40.41,0.0,0.0,0.0,0.0
24,33875,74.42,51.72674465878849,0.9294311147840798,0,25,4,100,66.95,68.85,78.85,83.03,0.0,0.0,0.0,0.0
25,34278,74.1,55.26129674516741,0.9036524216796166,0,24,4,100,79.21,83.51,73.68,60.0,0.0,0.0,0.0,0.0
26,35890,48.08,52.02796584037658,1.0212697986096535,0,20,4,100,50.88,45.45,43.9,52.07,0.0,0.0,0.0,0.0
27,33875,69.93,52.61826167128047,0.940889496637191,0,25,4,100,71.05,77.82,67.69,63.16,0.0,0.0,0.0,0.0
28,33875,60.97,53.14303699259597,0.9464824805087192,0,25,4,100,65.88,58.85,54.5,64.67,0.0,0.0,0.0,0.0
29,34278,68.01,51.40679500128332,0.9050410430564876,0,24,4,100,71.75,66.32,71.05,62.91,0.0,0.0,0.0,0.0
30,33875,91.3,51.36492493286914,0.904316117384776,0,25,4,100,98.03,98.0,81.29,87.9,0.0,0.0,0.0,0.0
31,36696,70.64,51.46642905268335,0.9745919384526636,0,18,4,100,74.26,69.53,73.92,64.86,0.0,0.0,0.0,0.0
32,37099,49.16,53.51940133414715,0.8960374887425968,0,17,4,100,50.69,48.11,47.87,49.95,0.0,0.0,0.0,0.0
33,33875,47.17,52.61513831432547,0.8937995166883367,0,25,4,100,42.99,56.94,41.13,47.61,0.0,0.0,0.0,0.0
34,34681,64.82,52.45962948492746,0.9666167081887824,0,23,4,100,65.01,71.17,62.19,60.91,0.0,0.0,0.0,0.0
35,33875,62.79,51.34262490259741,0.9593311794161296,0,25,4,100,57.55,64.8,64.04,64.78,0.0,0.0,0.0,0.0
36,34681,88.23,50.17025496915118,0.9720488897999384,0,23,4,100,94.5,76.69,86.94,94.8,0.0,0.0,0.0,0.0
37,35084,55.18,53.44095310845082,0.9511218009136958,0,22,4,100,53.77,57.83,47.85,61.28,0.0,0.0,0.0,0.0
38,35487,51.0,50.85525903124805,0.9497587607673972,0,21,4,100,52.27,55.37,47.86,48.49,0.0,0.0,0.0,0.0
39,34278,67.2,54.83390408244304,1.0126847214472634,0,24,4,100,67.42,70.35,65.63,65.41,0.0,0.0,0.0,0.0
40,35487,57.95,51.34611619063939,1.0483466458271464,0,21,4,100,54.02,61.13,53.33,63.33,0.0,0.0,0.0,0.0
41,35487,75.99,52.809596432161335,0.9704423926971584,0,21,4,100,69.82,81.93,78.05,74.17,0.0,0.0,0.0,0.0
42,33875,80.4,51.57043233993704,0.9198800854289844,0,25,4,100,80.62,74.23,91.11,75.64,0.0,0.0,0.0,0.0
43,33875,61.88,57.11149883283197,0.9372132955655772,0,25,4,100,59.39,60.21,72.34,55.6,0.0,0.0,0.0,0.0
44,33875,71.32,54.193612117282456,0.9168889897118248,0,25,4,100,65.85,78.63,70.15,70.65,0.0,0.0,0.0,0.0
45,34278,65.05,54.75184172624554,0.865859160798937,0,24,4,100,60.16,61.51,66.98,71.56,0.0,0.0,0.0,0.0
46,35487,62.54,52.87685542679223,0.9404754795857844,0,21,4,100,67.06,59.82,61.24,62.03,0.0,0.0,0.0,0.0
47,36696,37.05,51.47801472553654,0.8807061799338578,0,18,4,100,34.54,34.76,44.47,34.44,0.0,0.0,0.0,0.0
48,34681,52.56,53.93767065179689,0.9475543027224522,0,23,4,100,45.78,61.91,49.58,52.99,0.0,0.0,0.0,0.0
49,33875,65.55,51.482509579850486,1.0470091113739872,0,25,4,100,65.12,67.95,67.41,61.71,0.0,0.0,0.0,0.0
50,35487,61.28,53.94290055265558,0.9962930959065254,0,21,4,100,58.96,69.51,52.02,64.61,0.0,0.0,0.0,0.0
51,33875,55.4,54.87367523340567,0.8727575062697676,0,25,4,100,55.51,62.81,55.8,47.5,0.0,0.0,0.0,0.0
52,33875,52.92,52.69855684622716,0.949297420178932,0,25,4,100,59.11,46.66,49.93,55.96,0.0,0.0,0.0,0.0
53,33875,71.11,53.96642618757283,0.9467612385485932,0,25,4,100,73.8,64.83,72.44,73.37,0.0,0.0,0.0,0.0
54,33875,70.53,52.28888435844252,0.9923105270843348,0,25,4,100,68.61,63.29,70.84,79.39,0.0,0.0,0.0,0.0
55,34681,62.69,54.38179708215974,0.9359411912147294,0,23,4,100,59.16,54.95,67.88,68.77,0.0,0.0,0.0,0.0
56,33875,64.55,53.18386017909222,0.9516378625021272,0,25,4,100,71.27,56.34,70.96,59.63,0.0,0.0,0.0,0.0
57,33875,80.65,53.86204807979031,0.990890975373224,0,25,4,100,78.78,83.37,82.48,77.98,0.0,0.0,0.0,0.0
58,33875,57.35,51.3665216003263,0.9764573752430208,0,25,4,100,56.68,55.25,54.18,63.29,0.0,0.0,0.0,0.0
59,34278,70.0,53.2159300796901,0.9013474130534948,0,24,4,100,69.75,61.32,69.94,79.0,0.0,0.0,0.0,0.0
60,36293,34.91,53.430140925552166,0.9381841630075818,0,19,4,100,36.04,29.81,36.55,37.25,0.0,0.0,0.0,0.0
61,35487,53.64,53.09215057139151,0.9724295662668776,0,21,4,100,56.74,55.02,50.36,52.43,0.0,0.0,0.0,0.0
62,35084,55.09,51.584369938654575,0.9814370084556324,0,22,4,100,53.55,56.83,53.13,56.85,0.0,0.0,0.0,0.0
63,33875,66.77,53.0967571418688,1.0425327100657098,0,25,4,100,63.83,64.83,69.11,69.31,0.0,0.0,0.0,0.0
64,33875,56.19,51.7944298404622,0.9295039857212924,0,25,4,100,56.79,50.61,58.33,59.02,0.0,0.0,0.0,0.0
65,33875,69.38,51.88221496751514,0.9524302424669892,0,25,4,100,77.96,71.09,64.14,64.35,0.0,0.0,0.0,0.0
66,35487,91.74,51.90254365514127,0.8921328571126748,0,21,4,100,74.14,100.0,92.82,100.0,0.0,0.0,0.0,0.0
67,33875,68.12,52.71553728658355,0.890016900724063,0,25,4,100,71.01,58.62,69.4,73.45,0.0,0.0,0.0,0.0
68,35487,54.88,52.20570116621569,0.9325682533306856,0,21,4,100,58.49,54.96,58.11,47.95,0.0,0.0,0.0,0.0
69,33875,61.58,54.22702689715268,0.938086796336167,0,25,4,100,62.05,70.75,53.31,60.2,0.0,0.0,0.0,0.0
70,33875,58.95,52.84442307987892,0.9479659241216856,0,25,4,100,57.68,53.69,59.49,64.94,0.0,0.0,0.0,0.0
71,34278,57.68,52.88130041524959,0.9091305774143572,0,24,4,100,54.09,47.26,66.0,63.39,0.0,0.0,0.0,0.0
72,33875,71.3,53.12253298835967,0.9916131104231056,0,25,4,100,65.12,71.14,66.52,82.43,0.0,0.0,0.0,0.0
73,34681,45.4,53.10077501126708,0.9595923706942726,0,23,4,100,39.88,50.12,47.09,44.52,0.0,0.0,0.0,0.0
74,35084,69.72,53.40823422036429,0.957695828207716,0,22,4,100,74.15,67.55,64.33,72.84,0.0,0.0,0.0,0.0
75,33875,87.74,53.94426854658053,0.9149771306635912,0,25,4,100,90.92,76.98,91.85,91.22,0.0,0.0,0.0,0.0
76,33875,79.82,53.12305745579002,1.0024571860902187,0,25,4,100,81.05,83.81,78.98,75.43,0.0,0.0,0.0,0.0
77,33875,55.27,52.39972385250434,1.026392588687389,0,25,4,100,54.88,52.21,56.69,57.29,0.0,0.0,0.0,0.0
78,35084,69.22,53.44447579578373,0.9026984172448168,0,22,4,100,74.93,62.33,72.98,66.63,0.0,0.0,0.0,0.0
79,33875,47.64,54.70837909182024,0.9728806998559056,0,25,4,100,51.89,43.64,49.46,45.56,0.0,0.0,0.0,0.0
80,33875,67.26,52.80091029337215,0.9181819262208502,0,25,4,100,64.31,70.94,69.24,64.54,0.0,0.0,0.0,0.0
81,33875,54.76,52.32833434042416,0.9711353869300884,0,25,4,100,51.51,52.98,59.82,54.71,0.0,0.0,0.0,0.0
82,33875,73.67,51.90776700382602,0.9486006732703354,0,25,4,100,72.23,71.33,70.47,80.66,0.0,0.0,0.0,0.0
83,33875,46.53,53.07647647789045,1.0023759780947372,0,25,4,100,47.87,48.47,41.73,48.04,0.0,0.0,0.0,0.0
84,33875,42.13,53.39569567666644,0.9460091783905464,0,25,4,100,36.89,43.13,39.34,49.16,0.0,0.0,0.0,0.0
85,33875,59.08,52.36409315688029,0.9114573459570692,0,25,4,100,64.24,66.11,56.52,49.47,0.0,0.0,0.0,0.0
86,33875,57.54,54.810264914923245,0.9292925177340526,0,25,4,100,61.42,50.73,57.15,60.87,0.0,0.0,0.0,0.0
87,35084,55.0,52.04994987228327,0.9212184549368304,0,22,4,100,54.7,48.08,55.37,61.84,0.0,0.0,0.0,0.0
88,33875,54.32,55.20198140834653,0.900729093309894,0,25,4,100,51.0,52.0,55.81,58.46,0.0,0.0,0.0,0.0
89,33875,61.48,53.5998622423317,0.8965450585138269,0,25,4,100,62.17,63.49,58.56,61.69,0.0,0.0,0.0,0.0
90,33875,61.99,51.58752399991454,0.989733024472274,0,25,4,100,65.5,50.63,69.59,62.25,0.0,0.0,0.0,0.0
91,35084,53.63,50.36986338106187,0.9483592739406,0,22,4,100,57.86,54.69,53.11,48.85,0.0,0.0,0.0,0.0
92,34278,66.37,53.22596095087513,0.8903210260300091,0,24,4,100,69.58,64.4,74.38,57.12,0.0,0.0,0.0,0.0
93,33875,53.23,53.25717985778373,0.9457515291577614,0,25,4,100,59.88,47.5,51.62,53.91,0.0,0.0,0.0,0.0
94,33875,61.08,52.03532522233999,0.9438062397492932,0,25,4,100,56.13,59.37,68.73,60.07,0.0,0.0,0.0,0.0
95,33875,63.2,52.07496601680861,0.8872010521192226,0,25,4,100,60.07,63.4,68.22,61.09,0.0,0.0,0.0,0.0
96,33875,46.7,55.09897844277299,0.9650866162365076,0,25,4,100,42.33,47.08,45.84,51.54,0.0,0.0,0.0,0.0
97,35890,60.48,50.813216533014064,0.8918097360535309,0,20,4,100,57.0,56.61,66.59,61.71,0.0,0.0,0.0,0.0
98,33875,56.17,51.88663679385348,0.9364566001869776,0,25,4,100,50.38,56.9,50.01,67.38,0.0,0.0,0.0,0.0
99,33875,69.62,52.034302089949406,0.9420522883536082,0,25,4,100,74.05,60.86,73.95,69.61,0.0,0.0,0.0,0.0
100,33875,64.41,52.592107397699806,0.9551100086931408,0,25,4,100,56.51,66.79,64.62,69.71,0.0,0.0,0.0,0.0
101,33875,38.95,53.46853834595459,1.015721111014231,0,25,4,100,36.65,38.86,38.36,41.93,0.0,0.0,0.0,0.0
102,33875,45.37,51.86416680274532,0.9888501055320852,0,25,4,100,43.11,41.87,53.19,43.32,0.0,0.0,0.0,0.0
103,33875,59.51,54.15085556202536,0.9778492016563456,0,25,4,100,56.64,58.11,65.4,57.89,0.0,0.0,0.0,0.0
104,33875,66.89,54.27354835306226,0.9735528425863388,0,25,4,100,75.37,66.97,59.8,65.42,0.0,0.0,0.0,0.0
105,33875,70.73,54.80017349736398,0.9109024225863678,0,25,4,100,61.38,75.92,77.77,67.84,0.0,0.0,0.0,0.0
106,33875,61.76,52.34720233396193,0.8615311051492202,0,25,4,100,63.09,53.15,68.31,62.49,0.0,0.0,0.0,0.0
107,33875,60.21,53.48802804483011,1.0082619891899325,0,25,4,100,52.33,68.32,58.9,61.28,0.0,0.0,0.0,0.0
108,33875,59.13,52.09954957374984,0.9907317067129604,0,25,4,100,64.94,53.14,54.2,64.23,0.0,0.0,0.0,0.0
109,36293,53.33,52.26873936665486,0.9405063795988344,0,19,4,100,54.65,60.42,50.64,47.61,0.0,0.0,0.0,0.0
110,33875,73.28,54.85962535784148,1.0148438386509244,0,25,4,100,73.02,74.07,67.79,78.25,0.0,0.0,0.0,0.0
111,33875,78.59,51.809357833306535,0.915909813261542,0,25,4,100,72.27,85.47,83.88,72.75,0.0,0.0,0.0,0.0
112,34681,75.98,53.80590437098982,0.9480334490286154,0,23,4,100,70.22,68.1,78.79,86.81,0.0,0.0,0.0,0.0
113,35084,57.37,53.61200548597832,0.9447212596148906,0,22,4,100,49.47,66.36,56.34,57.32,0.0,0.0,0.0,0.0
114,35084,54.62,54.16113577909511,0.9435347600634412,0,22,4,100,50.95,56.29,61.74,49.49,0.0,0.0,0.0,0.0
115,33875,57.8,55.07389467926357,0.9434411294406524,0,25,4,100,67.6,56.33,52.15,55.12,0.0,0.0,0.0,0.0
116,33875,73.75,54.95499428273282,0.9872021803276678,0,25,4,100,78.65,84.93,64.89,66.54,0.0,0.0,0.0,0.0
117,35084,63.91,53.461560022013806,0.9286376571913436,0,22,4,100,59.17,65.31,62.41,68.76,0.0,0.0,0.0,0.0
118,33875,63.21,53.3681344233936,1.0346378263209544,0,25,4,100,61.73,66.69,60.25,64.17,0.0,0.0,0.0,0.0
119,33875,73.84,51.01307925192297,0.9396707791819398,0,25,4,100,68.53,80.44,79.96,66.42,0.0,0.0,0.0,0.0
120,33875,46.91,53.7377425403871,1.0229950170361826,0,25,4,100,48.37,45.74,46.21,47.33,0.0,0.0,0.0,0.0
121,36696,47.95,52.5084147746284,0.9223380838893084,0,18,4,100,43.84,53.11,43.13,51.72,0.0,0.0,0.0,0.0
122,34681,52.92,52.65107955893544,0.9969591393899474,0,23,4,100,48.62,60.42,45.77,56.89,0.0,0.0,0.0,0.0
123,34278,70.75,53.605848183005925,0.9229314716875832,0,24,4,100,66.39,76.97,72.23,67.41,0.0,0.0,0.0,0.0
124,33875,71.4,52.83396413166326,0.954964194433465,0,25,4,100,73.36,69.19,74.03,69.03,0.0,0.0,0.0,0.0
125,33875,57.5,53.02832370081321,0.9140824876908058,0,25,4,100,50.9,64.25,49.86,65.01,0.0,0.0,0.0,0.0
126,35487,50.66,50.52361899289284,0.9427789854757777,0,21,4,100,53.39,51.46,49.95,47.83,0.0,0.0,0.0,0.0
127,34278,88.52,53.523462327215086,0.9723314400352676,0,24,4,100,88.75,94.83,78.61,91.87,0.0,0.0,0.0,0.0
128,34278,39.94,55.35391355763614,0.9922024339964514,0,24,4,100,37.9,43.03,39.67,39.14,0.0,0.0,0.0,0.0
129,33875,66.74,51.287658297835534,0.9209941104653592,0,25,4,100,60.53,70.3,64.88,71.27,0.0,0.0,0.0,0.0
130,37099,57.05,53.850503866859576,0.9417642943597492,0,17,4,100,65.49,50.2,53.99,58.51,0.0,0.0,0.0,0.0
131,35487,70.7,51.75526808439768,0.9469602762958088,0,21,4,100,68.74,67.45,79.01,67.62,0.0,0.0,0.0,0.0
132,33875,58.26,54.155724969150114,0.8955007076495557,0,25,4,100,64.44,60.91,54.34,53.36,0.0,0.0,0.0,0.0
133,35084,68.59,52.4035391441768,0.954040148604652,0,22,4,100,75.24,68.81,58.59,71.73,0.0,0.0,0.0,0.0
134,34681,73.53,56.68827456526612,0.9544218734461128,0,23,4,100,70.9,66.13,79.37,77.73,0.0,0.0,0.0,0.0
135,33875,59.69,54.16246101028522,0.9584377471221128,0,25,4,100,50.31,67.42,59.09,61.93,0.0,0.0,0.0,0.0
136,33875,68.97,52.122954511662215,0.9484446141052892,0,25,4,100,69.93,63.78,74.97,67.19,0.0,0.0,0.0,0.0
137,33875,47.92,51.46375823348909,0.9352226751092672,0,25,4,100,43.44,53.63,52.79,41.81,0.0,0.0,0.0,0.0
138,33875,78.01,51.549782154464005,0.9484968926481372,0,25,4,100,81.74,71.39,87.64,71.27,0.0,0.0,0.0,0.0
139,34681,74.22,52.8711170847248,0.8840704735976445,0,23,4,100,64.42,72.82,84.52,75.12,0.0,0.0,0.0,0.0
140,33875,55.24,56.94686578188465,0.938737129421258,0,25,4,100,49.84,56.16,61.38,53.58,0.0,0.0,0.0,0.0
141,33875,76.22,53.79114480703393,0.9180939081654188,0,25,4,100,83.2,77.75,78.02,65.91,0.0,0.0,0.0,0.0
142,35487,54.53,52.68913567473202,0.9757726566637068,0,21,4,100,64.66,47.34,53.19,52.92,0.0,0.0,0.0,0.0
143,35084,68.17,50.675287860306575,0.90836953236932,0,22,4,100,67.35,69.34,70.76,65.23,0.0,0.0,0.0,0.0
144,33875,79.7,54.59668353788163,0.9736445327847244,0,25,4,100,66.88,81.15,84.32,86.46,0.0,0.0,0.0,0.0
145,34278,73.5,52.64491869220209,0.8832427490165594,0,24,4,100,83.25,73.69,64.44,72.61,0.0,0.0,0.0,0.0
146,33875,52.05,54.81969867506011,0.9462471571622574,0,25,4,100,51.59,51.93,48.52,56.16,0.0,0.0,0.0,0.0
147,38711,68.5,53.00090842675486,0.9329900455999158,0,13,4,100,71.18,64.2,70.11,68.52,0.0,0.0,0.0,0.0
148,33875,60.84,54.70964888849223,1.024298869425663,0,25,4,100,62.11,62.83,52.53,65.9,0.0,0.0,0.0,0.0
149,33875,58.45,53.23814992144662,0.9065750473858653,0,25,4,100,54.28,66.55,54.74,58.23,0.0,0.0,0.0,0.0
150,33875,62.68,53.45721336373017,0.8635476245109361,0,25,4,100,63.38,58.37,64.08,64.9,0.0,0.0,0.0,0.0
151,33875,64.26,52.05770028715444,1.0972643087759992,0,25,4,100,73.55,62.28,56.96,64.27,0.0,0.0,0.0,0.0
152,33875,57.18,52.80318154913443,1.0212573514640215,0,25,4,100,53.98,53.45,54.7,66.58,0.0,0.0,0.0,0.0
153,35890,62.8,52.07629232323745,0.946350154483082,0,20,4,100,63.34,70.33,60.71,56.8,0.0,0.0,0.0,0.0
154,34681,66.15,53.821287617739706,0.879709425105275,0,23,4,100,76.53,63.02,64.54,60.51,0.0,0.0,0.0,0.0
155,35487,68.98,52.070335827150686,0.8739129705575974,0,21,4,100,66.52,74.82,65.77,68.82,0.0,0.0,0.0,0.0
156,33875,53.53,53.27987295319834,0.9022158192673,0,25,4,100,57.36,47.18,58.95,50.63,0.0,0.0,0.0,0.0
157,34681,64.05,53.38672198957576,0.9266004660010154,0,23,4,100,69.3,65.77,60.43,60.7,0.0,0.0,0.0,0.0
158,35487,54.66,54.36383772013277,0.8989764803285976,0,21,4,100,45.9,61.57,52.68,58.48,0.0,0.0,0.0,0.0
159,33875,71.04,56.09126025029073,0.9699771429303344,0,25,4,100,70.54,67.6,68.48,77.56,0.0,0.0,0.0,0.0
160,33875,47.3,50.81767552701393,0.948933232778146,0,25,4,100,50.78,39.97,52.02,46.42,0.0,0.0,0.0,0.0
161,34278,63.91,54.78819554977273,0.9429533675337404,0,24,4,100,68.72,62.37,66.18,58.38,0.0,0.0,0.0,0.0
162,35084,79.05,55.37948059981724,0.9603126951183544,0,22,4,100,68.53,83.34,93.69,70.63,0.0,0.0,0.0,0.0
163,33875,64.32,53.09883586119972,0.96234803542753,0,25,4,100,56.09,72.04,59.75,69.42,0.0,0.0,0.0,0.0
164,36293,49.8,55.7780312098369,0.9661286372228606,0,19,4,100,44.8,51.04,51.77,51.6,0.0,0.0,0.0,0.0
165,33875,56.4,55.54394653734246,0.934305111473536,0,25,4,100,55.99,55.75,49.96,63.88,0.0,0.0,0.0,0.0
166,35084,34.36,52.80947444455982,1.0385092417752924,0,22,4,100,36.7,27.21,35.45,38.06,0.0,0.0,0.0,0.0
167,34681,57.7,53.03153888992247,0.8426279937694007,0,23,4,100,58.73,56.46,60.07,55.53,0.0,0.0,0.0,0.0
168,33875,55.26,55.01368287300782,1.0080022783460498,0,25,4,100,49.18,58.51,49.36,64.0,0.0,0.0,0.0,0.0
169,35084,62.58,51.23116857311685,0.937588453460339,0,22,4,100,67.34,61.86,53.65,67.45,0.0,0.0,0.0,0.0
170,33875,83.68,50.82025320832238,0.9136155008587096,0,25,4,100,86.38,82.15,75.36,90.82,0.0,0.0,0.0,0.0
171,33875,68.08,56.42527534388379,0.9851383436364296,0,25,4,100,74.91,61.52,72.58,63.32,0.0,0.0,0.0,0.0
172,35890,64.88,54.169159365189074,1.0232710907557243,0,20,4,100,62.52,60.41,57.82,78.78,0.0,0.0,0.0,0.0
173,35890,39.44,54.16051238055711,0.9243388044552652,0,20,4,100,40.27,40.46,35.34,41.67,0.0,0.0,0.0,0.0
174,33875,64.97,54.41603819821971,0.9599853286654138,0,25,4,100,72.41,55.2,74.18,58.1,0.0,0.0,0.0,0.0
175,37099,56.5,56.906769782659154,1.0340265617889064,0,17,4,100,62.4,47.52,52.5,63.58,0.0,0.0,0.0,0.0
176,33875,77.39,54.28942532909538,0.9578824430731878,0,25,4,100,81.62,76.66,72.18,79.11,0.0,0.0,0.0,0.0
177,33875,54.48,54.73927842212677,0.9683266569559148,0,25,4,100,54.45,59.52,49.52,54.43,0.0,0.0,0.0,0.0
178,33875,72.94,56.598086933842005,0.8823438255372736,0,25,4,100,72.37,63.65,76.76,78.96,0.0,0.0,0.0,0.0
179,38308,80.0,53.37607425750088,1.0188904084805803,0,14,4,100,78.57,92.38,73.08,75.99,0.0,0.0,0.0,0.0
180,33875,71.78,51.73559147672599,0.9114272406425358,0,25,4,100,67.23,83.41,63.14,73.36,0.0,0.0,0.0,0.0
181,33875,54.97,51.89923675247061,0.9818288741527436,0,25,4,100,52.77,54.24,54.74,58.14,0.0,0.0,0.0,0.0
182,33875,66.18,49.8035413082473,0.933536046380255,0,25,4,100,66.02,66.85,61.5,70.33,0.0,0.0,0.0,0.0
183,33875,66.28,50.7189354579616,0.9419562406468142,0,25,4,100,69.05,64.1,71.27,60.72,0.0,0.0,0.0,0.0
184,36293,59.59,50.46065801382677,0.9009132322884432,0,19,4,100,53.87,68.04,59.11,57.33,0.0,0.0,0.0,0.0
185,33875,62.95,49.29710843016225,0.956621488883332,0,25,4,100,68.34,52.84,65.06,65.57,0.0,0.0,0.0,0.0
186,34278,47.67,52.88161082098763,0.92076143344821,0,24,4,100,51.69,47.36,44.13,47.5,0.0,0.0,0.0,0.0
187,33875,64.0,51.60546266040678,0.8987001472886152,0,25,4,100,58.97,62.99,70.29,63.77,0.0,0.0,0.0,0.0
188,34278,57.99,53.04532812547839,0.8911311597036768,0,24,4,100,56.96,63.13,58.76,53.12,0.0,0.0,0.0,0.0
189,35487,70.84,51.473124055989466,0.8903682811809468,0,21,4,100,76.24,62.22,74.59,70.3,0.0,0.0,0.0,0.0
190,34681,66.68,53.843322652475976,0.924390195053815,0,23,4,100,54.75,73.72,65.44,72.79,0.0,0.0,0.0,0.0
191,37502,56.91,52.8458479408276,0.9454962016729058,0,16,4,100,58.64,54.63,53.55,60.82,0.0,0.0,0.0,0.0
192,33875,43.82,52.93095745816052,1.050518942306726,0,25,4,100,37.63,41.69,43.59,52.39,0.0,0.0,0.0,0.0
193,33875,66.37,52.13310265253466,0.9673937478013748,0,25,4,100,66.8,64.45,70.24,63.98,0.0,0.0,0.0,0.0
194,36293,69.95,52.60269135664177,0.9729936920610142,0,19,4,100,70.05,74.47,68.02,67.25,0.0,0.0,0.0,0.0
195,33875,51.37,54.85757473222981,1.0646503493860378,0,25,4,100,50.07,49.56,46.64,59.21,0.0,0.0,0.0,0.0
196,34278,61.54,52.53738483013826,0.9905100943021984,0,24,4,100,63.51,60.97,63.48,58.19,0.0,0.0,0.0,0.0
197,34278,57.58,54.73646255525637,0.9345442579692372,0,24,4,100,58.69,54.96,56.1,60.57,0.0,0.0,0.0,0.0
198,35487,57.3,52.07800171025232,0.948976197239757,0,21,4,100,52.86,52.69,55.31,68.34,0.0,0.0,0.0,0.0
199,33875,47.49,51.67066723579244,0.9667938396226324,0,25,4,100,43.6,44.45,48.57,53.34,0.0,0.0,0.0,0.0
200,33875,62.22,53.08221182488791,0.8987354393914444,0,25,4,100,61.18,60.53,56.88,70.28,0.0,0.0,0.0,0.0
201,34278,56.29,52.64593154917009,1.0395383186706528,0,24,4,100,53.67,53.37,51.46,66.66,0.0,0.0,0.0,0.0
202,35890,71.55,52.273931305581605,0.925200172557702,0,20,4,100,71.4,82.51,65.82,66.46,0.0,0.0,0.0,0.0
203,35084,65.99,54.2927374858919,0.9077807208586264,0,22,4,100,60.47,66.66,69.28,67.56,0.0,0.0,0.0,0.0
204,35890,81.72,50.77978182931679,0.9243879396607046,0,20,4,100,82.58,81.74,89.33,73.23,0.0,0.0,0.0,0.0
205,33875,54.05,53.24897256939317,0.8562180344212176,0,25,4,100,47.75,53.02,56.86,58.56,0.0,0.0,0.0,0.0
206,33875,71.8,53.6711914714105,0.9096327902696196,0,25,4,100,73.02,62.42,77.58,74.2,0.0,0.0,0.0,0.0
207,35487,76.02,56.15173124593925,0.9315878559988996,0,21,4,100,72.97,77.57,72.07,81.48,0.0,0.0,0.0,0.0
208,34278,76.83,54.89406561037551,0.9323848983526168,0,24,4,100,74.68,75.74,79.35,77.56,0.0,0.0,0.0,0.0
209,33875,58.15,52.10216793355799,0.9251996631973244,0,25,4,100,61.05,60.78,58.99,51.77,0.0,0.0,0.0,0.0
210,34681,57.58,53.70205651444157,0.9424015948231256,0,23,4,100,58.6,49.6,52.88,69.23,0.0,0.0,0.0,0.0
211,34278,79.58,52.73114977838659,0.9336239180218032,0,24,4,100,73.23,84.83,75.72,84.54,0.0,0.0,0.0,0.0
212,33875,61.24,53.523617564104825,0.8686608039725221,0,25,4,100,60.36,61.41,63.72,59.49,0.0,0.0,0.0,0.0
213,35890,57.83,52.44339752260475,0.9634717825103284,0,20,4,100,53.03,65.0,54.88,58.4,0.0,0.0,0.0,0.0
214,34278,53.08,53.78999155406488,0.9302380681044816,0,24,4,100,54.26,52.82,56.73,48.51,0.0,0.0,0.0,0.0
215,33875,62.91,50.967822126131615,0.94620305913125,0,25,4,100,70.69,54.24,62.99,63.71,0.0,0.0,0.0,0.0
216,36293,66.06,51.982290286893424,0.978444356072094,0,19,4,100,72.31,59.76,71.45,60.73,0.0,0.0,0.0,0.0
217,33875,79.92,51.061774957296485,0.8686823879340689,0,25,4,100,75.47,80.31,83.47,80.44,0.0,0.0,0.0,0.0
218,33875,63.57,50.39469536907427,0.926571766336978,0,25,4,100,65.41,53.97,70.32,64.59,0.0,0.0,0.0,0.0
219,33875,65.63,55.21744607560139,0.9473870640321568,0,25,4,100,75.1,63.93,61.66,61.83,0.0,0.0,0.0,0.0
220,35084,71.62,52.37699606834802,0.9044059468902056,0,22,4,100,67.51,83.16,71.45,64.35,0.0,0.0,0.0,0.0
221,33875,57.09,56.054976405516655,0.9331249512451985,0,25,4,100,63.99,59.62,51.44,53.32,0.0,0.0,0.0,0.0
222,33875,54.11,52.58072741141956,0.8893939269394839,0,25,4,100,56.55,54.35,52.09,53.44,0.0,0.0,0.0,0.0
223,33875,74.76,52.62875112496073,0.8823552412022595,0,25,4,100,70.55,69.21,80.43,78.87,0.0,0.0,0.0,0.0
224,33875,55.07,55.54527387672843,0.95814152514538,0,25,4,100,59.07,52.37,55.84,53.01,0.0,0.0,0.0,0.0
225,34681,76.54,52.61953075526897,0.948231919557893,0,23,4,100,78.57,64.54,79.89,83.17,0.0,0.0,0.0,0.0
226,34278,66.12,52.871464701165685,0.8898270895495323,0,24,4,100,74.7,65.45,61.03,63.3,0.0,0.0,0.0,0.0
227,33875,60.48,52.10042114204545,0.9613634559427244,0,25,4,100,57.2,56.83,59.92,67.98,0.0,0.0,0.0,0.0
228,36696,66.06,52.96900411282134,0.952715665126905,0,18,4,100,66.88,66.18,61.8,69.36,0.0,0.0,0.0,0.0
229,34681,75.59,53.543041499115,0.8866189391576618,0,23,4,100,63.54,81.16,75.13,82.54,0.0,0.0,0.0,0.0
230,34278,54.73,51.59698598162937,1.0110171813375697,0,24,4,100,46.72,57.74,51.76,62.69,0.0,0.0,0.0,0.0
231,37099,58.36,53.13792760914919,0.8995813142559027,0,17,4,100,59.75,54.19,61.5,57.98,0.0,0.0,0.0,0.0
232,33875,63.18,53.13980375570587,0.9058891904635088,0,25,4,100,68.38,55.32,57.5,71.51,0.0,0.0,0.0,0.0
233,35084,71.23,54.88233784158803,0.9599890582369692,0,22,4,100,70.15,73.48,77.17,64.12,0.0,0.0,0.0,0.0
234,34278,69.05,54.013975781661486,0.9355037520518308,0,24,4,100,78.3,61.09,64.6,72.22,0.0,0.0,0.0,0.0
235,34278,90.85,53.900831935272,0.8959851221450666,0,24,4,100,93.51,82.7,87.94,99.26,0.0,0.0,0.0,0.0
236,36293,59.21,54.988573623226806,0.9276158516917704,0,19,4,100,60.89,57.28,57.2,61.47,0.0,0.0,0.0,0.0
237,33875,56.53,51.90272560365786,0.9917479185627084,0,25,4,100,59.15,58.37,55.21,53.39,0.0,0.0,0.0,0.0
238,33875,57.32,55.22463987922546,0.9877533475845822,0,25,4,100,54.75,56.14,52.01,66.36,0.0,0.0,0.0,0.0
239,33875,65.6,51.83662725947922,0.9419298059953932,0,25,4,100,65.15,70.63,59.65,66.97,0.0,0.0,0.0,0.0
240,40726,69.4,54.41027040887417,0.874246582216204,0,8,4,100,79.34,68.76,68.0,61.49,0.0,0.0,0.0,0.0
241,34681,54.11,51.97777084138421,0.9066118956130338,0,23,4,100,63.26,51.7,50.71,50.76,0.0,0.0,0.0,0.0
242,33875,86.21,53.66903534240192,0.9583909902126896,0,25,4,100,96.29,83.77,88.96,75.81,0.0,0.0,0.0,0.0
243,34681,54.82,54.63579090090092,0.9248541750572052,0,23,4,100,50.03,59.93,54.03,55.29,0.0,0.0,0.0,0.0
244,34681,55.7,53.17498042793503,0.9462471617656752,0,23,4,100,59.73,46.43,55.77,60.86,0.0,0.0,0.0,0.0
245,35084,79.24,54.31499661325443,0.9104850624974444,0,22,4,100,69.09,70.42,90.17,87.26,0.0,0.0,0.0,0.0
246,34681,65.17,55.57586033869003,0.9055500806465518,0,23,4,100,70.07,69.72,62.83,58.07,0.0,0.0,0.0,0.0
247,33875,57.2,54.56841184092922,0.8827880981115294,0,25,4,100,65.84,55.54,49.78,57.66,0.0,0.0,0.0,0.0
248,34681,72.82,53.919750399851466,0.9141159208430824,0,23,4,100,75.67,77.0,71.19,67.43,0.0,0.0,0.0,0.0
249,34681,54.38,52.52244539828211,0.991078600565892,0,23,4,100,48.31,60.41,54.23,54.56,0.0,0.0,0.0,0.0
250,34278,56.18,54.42428778028363,0.8812505552209248,0,24,4,100,50.74,51.06,57.51,65.41,0.0,0.0,0.0,0.0
251,35890,65.83,49.85785329049439,0.9385112259037028,0,20,4,100,71.03,64.75,63.83,63.71,0.0,0.0,0.0,0.0
252,36696,56.69,53.82076887721041,0.897324719909196,0,18,4,100,52.92,63.91,52.76,57.17,0.0,0.0,0.0,0.0
253,34278,66.03,52.27862812928227,0.962240966611435,0,24,4,100,70.91,70.69,61.81,60.69,0.0,0.0,0.0,0.0
254,34681,77.31,52.97442343556271,0.9042192404295424,0,23,4,100,71.64,79.29,88.64,69.67,0.0,0.0,0.0,0.0
255,37099,49.01,53.0207681835106,0.8436178050197042,0,17,4,100,48.61,45.55,46.34,55.54,0.0,0.0,0.0,0.0
256,35084,74.62,50.59127193746559,1.0170246883623044,0,22,4,100,75.75,81.95,76.67,64.13,0.0,0.0,0.0,0.0
257,34681,52.0,53.51694695999339,0.9173363046739892,0,23,4,100,59.99,50.19,51.94,45.9,0.0,0.0,0.0,0.0
258,35084,62.83,52.50679976956695,0.9724390965418336,0,22,4,100,68.86,61.66,65.82,55.0,0.0,0.0,0.0,0.0
259,36293,57.83,53.10286165459935,0.8421117231352013,0,19,4,100,55.2,69.04,55.62,51.45,0.0,0.0,0.0,0.0
260,33875,57.16,50.5708479331743,0.9599740285902608,0,25,4,100,52.12,53.71,54.59,68.2,0.0,0.0,0.0,0.0
261,35890,74.54,53.478029531696905,0.9097116196732564,0,20,4,100,70.5,72.19,70.64,84.84,0.0,0.0,0.0,0.0
262,33875,75.0,50.691675401708565,0.8527505615463841,0,25,4,100,66.19,84.15,75.75,73.91,0.0,0.0,0.0,0.0
263,35084,78.04,54.63785982337531,0.983963812810338,0,22,4,100,89.17,77.07,79.16,66.76,0.0,0.0,0.0,0.0
264,33875,76.56,52.31165114919343,0.8723052924418538,0,25,4,100,77.7,75.74,84.92,67.89,0.0,0.0,0.0,0.0
265,33875,52.15,53.51109954813438,0.888634204383312,0,25,4,100,59.4,52.62,49.28,47.29,0.0,0.0,0.0,0.0
266,35084,75.09,52.44557351814485,0.8399724884298236,0,22,4,100,72.79,65.77,76.75,85.04,0.0,0.0,0.0,0.0
267,33875,61.29,54.004530965023456,0.91561748100636,0,25,4,100,65.29,65.87,50.52,63.46,0.0,0.0,0.0,0.0
268,33875,56.56,51.1108475061758,0.9922190234790562,0,25,4,100,53.88,60.43,57.54,54.4,0.0,0.0,0.0,0.0
269,36293,56.66,53.03791225499519,0.995034556301016,0,19,4,100,56.29,56.96,52.91,60.49,0.0,0.0,0.0,0.0
270,34278,49.14,50.81573824779352,0.8967812149661566,0,24,4,100,42.43,50.16,53.92,50.06,0.0,0.0,0.0,0.0
271,33875,65.46,53.78382893407549,0.9208037058858908,0,25,4,100,58.54,69.53,69.66,64.1,0.0,0.0,0.0,0.0
272,36696,50.9,52.38500607879301,0.9646554309308696,0,18,4,100,60.76,46.53,51.85,44.44,0.0,0.0,0.0,0.0
273,33875,72.81,51.44211954332536,0.9359193829610956,0,25,4,100,75.69,78.45,68.38,68.72,0.0,0.0,0.0,0.0
274,33875,54.87,53.74223799091667,0.9582112400270624,0,25,4,100,46.26,55.57,63.76,53.88,0.0,0.0,0.0,0.0
275,35487,57.72,53.87004561056881,0.8453551269533158,0,21,4,100,55.99,55.77,51.82,67.3,0.0,0.0,0.0,0.0
276,34681,60.78,55.255461996997646,0.904736565446368,0,23,4,100,66.58,61.78,63.73,51.01,0.0,0.0,0.0,0.0
277,37502,86.19,52.694365368766654,0.9385374024211116,0,16,4,100,96.74,77.63,91.89,78.5,0.0,0.0,0.0,0.0
278,33875,51.3,53.966892872743394,0.8832058788839545,0,25,4,100,50.66,53.61,50.4,50.55,0.0,0.0,0.0,0.0
279,35487,42.7,52.583426414956726,0.9015627641903108,0,21,4,100,41.99,47.76,41.33,39.73,0.0,0.0,0.0,0.0
280,33875,54.21,53.50931392228373,0.9784123433492612,0,25,4,100,59.52,58.89,49.42,49.0,0.0,0.0,0.0,0.0
281,33875,58.59,53.64902182356504,0.8352408901564246,0,25,4,100,55.26,51.42,66.23,61.45,0.0,0.0,0.0,0.0
282,37099,56.84,52.30520653897716,0.959578228099432,0,17,4,100,59.64,55.98,48.25,63.48,0.0,0.0,0.0,0.0
283,35890,67.54,52.9187112531616,0.9420833356515504,0,20,4,100,68.32,66.54,62.8,72.5,0.0,0.0,0.0,0.0
284,33875,82.84,52.920879372032296,0.9160115199565348,0,25,4,100,85.57,82.68,82.9,80.23,0.0,0.0,0.0,0.0
285,33875,68.0,53.60986527418413,0.8988216264541831,0,25,4,100,60.59,73.16,75.33,62.93,0.0,0.0,0.0,0.0
286,34681,68.75,52.39271178349588,0.9683453579032916,0,23,4,100,66.84,75.16,63.55,69.44,0.0,0.0,0.0,0.0
287,35487,64.73,54.95624571088584,0.8410466151756856,0,21,4,100,61.47,61.17,61.28,74.99,0.0,0.0,0.0,0.0
288,35084,47.3,53.47724705813354,0.991668934764537,0,22,4,100,50.53,43.11,46.49,49.09,0.0,0.0,0.0,0.0
289,34681,68.74,50.91282945119418,0.9317326353584136,0,23,4,100,65.06,65.91,74.82,69.18,0.0,0.0,0.0,0.0
290,33875,68.16,52.74364825217213,0.9468125204956508,0,25,4,100,69.05,66.12,77.29,60.17,0.0,0.0,0.0,0.0
291,34278,49.84,56.21282510141488,1.005068300343789,0,24,4,100,47.74,49.66,47.68,54.28,0.0,0.0,0.0,0.0
292,33875,50.04,52.22382008662002,0.9025006100922008,0,25,4,100,54.42,50.82,45.56,49.34,0.0,0.0,0.0,0.0
293,33875,64.69,53.012580151371225,0.9386087978096644,0,25,4,100,64.21,66.46,72.0,56.08,0.0,0.0,0.0,0.0
294,33875,54.68,55.88733476784448,0.9385932397346456,0,25,4,100,64.38,48.63,52.2,53.5,0.0,0.0,0.0,0.0
295,35084,59.31,54.3166022538349,0.963736100817221,0,22,4,100,65.89,50.57,58.31,62.47,0.0,0.0,0.0,0.0
296,36696,55.91,53.0110973791285,0.9554019301770924,0,18,4,100,55.01,51.11,65.73,51.78,0.0,0.0,0.0,0.0
297,34278,53.81,53.81437188965422,0.9148970992370858,0,24,4,100,48.96,49.24,55.32,61.72,0.0,0.0,0.0,0.0
298,34278,47.66,51.74919013302412,0.9580821839040254,0,24,4,100,42.76,52.92,46.17,48.8,0.0,0.0,0.0,0.0
299,36293,54.18,54.22954471056986,0.8443361379627595,0,19,4,100,53.75,46.94,50.15,65.89,0.0,0.0,0.0,0.0
300,33875,69.41,51.773579848713226,0.9349952558830744,0,25,4,100,78.57,70.81,59.66,68.6,0.0,0.0,0.0,0.0
301,37502,82.47,52.72001446639311,0.9910774845815477,0,16,4,100,86.67,86.64,70.65,85.92,0.0,0.0,0.0,0.0
302,34681,43.52,52.865018012493685,0.9015520576892352,0,23,4,100,38.36,42.47,43.11,50.16,0.0,0.0,0.0,0.0
303,34681,69.66,56.23166859666829,0.8445597538448419,0,23,4,100,69.28,77.07,70.95,61.32,0.0,0.0,0.0,0.0
304,33875,70.59,50.85804856628087,0.9953776333495032,0,25,4,100,71.98,63.05,75.3,72.02,0.0,0.0,0.0,0.0
305,34278,87.58,52.78097266173158,0.913496593345801,0,24,4,100,85.3,83.67,93.2,88.13,0.0,0.0,0.0,0.0
306,33875,55.9,53.9179704944096,0.9468591494521,0,25,4,100,49.31,53.14,53.91,67.23,0.0,0.0,0.0,0.0
307,36293,72.67,52.23755957301615,0.9467316593397526,0,19,4,100,71.51,66.15,67.96,85.05,0.0,0.0,0.0,0.0
308,33875,64.99,52.47005229115124,0.9400711918603096,0,25,4,100,72.17,68.42,53.04,66.32,0.0,0.0,0.0,0.0
309,33875,72.44,52.61676602840401,0.9654206679086474,0,25,4,100,76.88,79.72,61.41,71.75,0.0,0.0,0.0,0.0
310,34278,44.59,52.541230569652335,0.9054201908548452,0,24,4,100,40.35,44.47,43.07,50.48,0.0,0.0,0.0,0.0
311,34681,60.32,55.43934989791075,0.8124970736241539,0,23,4,100,62.55,60.69,64.13,53.92,0.0,0.0,0.0,0.0
312,35487,61.76,54.30599788895414,1.0451298850698385,0,21,4,100,56.84,62.67,69.95,57.57,0.0,0.0,0.0,0.0
313,34681,54.6,53.076415047093015,0.9886815249193904,0,23,4,100,60.39,47.89,60.45,49.65,0.0,0.0,0.0,0.0
314,33875,54.88,51.954350966315765,0.92224396118785,0,25,4,100,57.19,48.59,56.63,57.12,0.0,0.0,0.0,0.0
315,35890,62.91,51.84528483860432,0.9284574330960764,0,20,4,100,73.38,56.21,57.11,64.93,0.0,0.0,0.0,0.0
316,35487,58.74,54.54916739221905,0.9444214032479642,0,21,4,100,54.62,67.14,58.22,54.96,0.0,0.0,0.0,0.0
317,36293,49.12,53.32010566594175,0.9453762023140044,0,19,4,100,53.3,50.5,49.85,42.82,0.0,0.0,0.0,0.0
318,33875,86.32,52.78014133070215,0.9110497467559454,0,25,4,100,87.12,82.39,95.71,80.07,0.0,0.0,0.0,0.0
319,33875,54.98,53.43102142904106,0.8419305047986899,0,25,4,100,53.58,49.57,61.52,55.26,0.0,0.0,0.0,0.0
320,36293,52.45,54.15545075963024,0.9571707461589224,0,19,4,100,55.29,50.16,54.87,49.49,0.0,0.0,0.0,0.0
321,33875,59.23,53.78754916711994,0.8849416113869905,0,25,4,100,51.79,66.07,57.19,61.86,0.0,0.0,0.0,0.0
322,34681,63.37,54.96395197636166,0.9108481555736204,0,23,4,100,58.46,67.93,58.19,68.89,0.0,0.0,0.0,0.0
323,35890,60.91,54.27216169911954,0.8830997234535969,0,20,4,100,57.04,66.62,58.99,60.98,0.0,0.0,0.0,0.0
324,36293,67.93,55.315321530147095,0.968015304055148,0,19,4,100,67.19,74.02,66.4,64.11,0.0,0.0,0.0,0.0
325,36696,84.28,53.82430787838032,0.7981412118370852,0,18,4,100,76.49,89.4,82.94,88.29,0.0,0.0,0.0,0.0
326,36696,59.6,53.11336041202055,0.8105757668692275,0,18,4,100,59.09,65.96,55.58,57.79,0.0,0.0,0.0,0.0
327,35487,52.9,51.03204720719225,0.9054422353088728,0,21,4,100,51.18,56.78,48.29,55.34,0.0,0.0,0.0,0.0
328,35890,71.37,55.87178260044565,0.9674604023166092,0,20,4,100,67.1,75.49,71.93,70.96,0.0,0.0,0.0,0.0
329,36696,56.16,51.97684869104802,0.8640747283633314,0,18,4,100,51.38,60.81,59.13,53.34,0.0,0.0,0.0,0.0
330,33875,61.7,53.765728767966415,0.9083864941778476,0,25,4,100,65.1,62.6,61.52,57.6,0.0,0.0,0.0,0.0
331,33875,68.33,51.71981090841276,0.8798439758367905,0,25,4,100,64.54,68.83,69.5,70.46,0.0,0.0,0.0,0.0
332,33875,67.87,54.077357287955536,0.8545565048718842,0,25,4,100,63.47,71.89,68.72,67.38,0.0,0.0,0.0,0.0
333,35084,52.22,53.24017958302848,0.8033338230771951,0,22,4,100,51.79,47.75,53.86,55.5,0.0,0.0,0.0,0.0
334,35084,48.94,49.94722439847322,0.9933167847720986,0,22,4,100,45.8,48.36,48.99,52.61,0.0,0.0,0.0,0.0
335,35487,68.04,52.735423123906685,0.9398359775156324,0,21,4,100,60.65,65.54,72.72,73.26,0.0,0.0,0.0,0.0
336,34278,70.33,53.57058711101029,1.0058349700889957,0,24,4,100,58.72,71.15,71.08,80.39,0.0,0.0,0.0,0.0
337,37099,62.76,56.87934747802019,0.9066520195462344,0,17,4,100,54.18,65.65,62.68,68.55,0.0,0.0,0.0,0.0
338,35890,72.51,52.54953621855154,0.8368127509129633,0,20,4,100,83.07,62.18,73.17,71.62,0.0,0.0,0.0,0.0
339,33875,71.24,53.29050550878998,0.8912476601289164,0,25,4,100,70.93,71.38,78.88,63.76,0.0,0.0,0.0,0.0
340,33875,54.68,53.6090201901206,0.9847508263343476,0,25,4,100,58.84,58.11,49.05,52.73,0.0,0.0,0.0,0.0
341,35487,54.16,53.84243411015028,0.9151384041617624,0,21,4,100,51.13,60.47,56.96,48.09,0.0,0.0,0.0,0.0
342,36696,55.44,53.22723295742027,0.9230077929698371,0,18,4,100,53.64,57.6,48.04,62.5,0.0,0.0,0.0,0.0
343,33875,70.74,52.90508296390456,0.8774865789794878,0,25,4,100,69.78,74.05,70.82,68.32,0.0,0.0,0.0,0.0
344,33875,77.42,51.11367406880324,0.8722544253681254,0,25,4,100,76.85,82.84,81.58,68.42,0.0,0.0,0.0,0.0
345,33875,78.67,54.1621530369338,0.7967193407601916,0,25,4,100,84.18,75.47,77.39,77.64,0.0,0.0,0.0,0.0
346,36696,45.85,52.601793136926936,0.8585695352941604,0,18,4,100,44.85,47.12,47.89,43.53,0.0,0.0,0.0,0.0
347,33875,52.0,54.603211931026046,0.867169466580376,0,25,4,100,45.7,49.84,55.94,56.51,0.0,0.0,0.0,0.0
348,34278,69.67,54.91510407333628,0.9259649308153276,0,24,4,100,70.39,63.51,78.66,66.12,0.0,0.0,0.0,0.0
349,34278,65.3,54.33773175073488,0.9091116083423156,0,24,4,100,59.54,61.91,71.45,68.31,0.0,0.0,0.0,0.0
350,33875,63.17,54.61446634093619,0.9710736406119282,0,25,4,100,61.2,61.67,64.39,65.43,0.0,0.0,0.0,0.0
351,35890,69.43,54.59385121477854,0.8806561219753283,0,20,4,100,72.92,62.24,72.38,70.18,0.0,0.0,0.0,0.0
352,37099,61.23,52.61716977000803,0.948621380668826,0,17,4,100,55.29,64.37,60.6,64.65,0.0,0.0,0.0,0.0
353,33875,61.17,53.99158976640256,0.8527910966239013,0,25,4,100,63.47,59.9,63.81,57.5,0.0,0.0,0.0,0.0
354,35084,70.64,52.57588982570862,0.947471645116495,0,22,4,100,64.04,76.03,79.6,62.91,0.0,0.0,0.0,0.0
355,34278,34.98,54.39792345310514,0.9169439682392222,0,24,4,100,33.5,28.08,41.46,36.9,0.0,0.0,0.0,0.0
356,41129,47.45,54.10490699465022,0.9763053121826448,0,7,4,100,49.02,48.7,45.63,46.44,0.0,0.0,0.0,0.0
357,35487,49.34,52.6445902282273,0.908046331166755,0,21,4,100,46.5,51.08,53.37,46.4,0.0,0.0,0.0,0.0
358,35890,69.47,54.18106772903666,0.8689983623432895,0,20,4,100,74.99,64.96,70.26,67.67,0.0,0.0,0.0,0.0
359,37905,42.5,54.41558120229447,0.9485496489475468,0,15,4,100,47.77,38.41,41.2,42.6,0.0,0.0,0.0,0.0
360,35890,45.39,54.13008185462893,0.8965289602926922,0,20,4,100,40.06,47.44,44.02,50.05,0.0,0.0,0.0,0.0
361,35487,69.71,54.423287855865325,0.9174620113290513,0,21,4,100,69.36,68.31,71.03,70.15,0.0,0.0,0.0,0.0
362,36293,64.88,55.672843374635846,0.9137389666516944,0,19,4,100,62.54,55.78,70.25,70.97,0.0,0.0,0.0,0.0
363,33875,77.56,50.90678240864908,0.8918388030827714,0,25,4,100,82.91,77.29,78.64,71.42,0.0,0.0,0.0,0.0
364,33875,83.89,51.28459108476168,0.8493810953390003,0,25,4,100,86.16,74.08,85.58,89.75,0.0,0.0,0.0,0.0
365,34681,61.13,55.30477522561769,0.9083997704473704,0,23,4,100,68.55,65.13,53.8,57.05,0.0,0.0,0.0,0.0
366,34681,70.49,54.05629416831039,1.0292571926994845,0,23,4,100,76.48,76.31,67.74,61.42,0.0,0.0,0.0,0.0
367,35487,68.59,52.761182006937375,0.9625012659665902,0,21,4,100,62.56,72.9,73.48,65.41,0.0,0.0,0.0,0.0
368,34278,50.83,54.23579883588232,0.9068795489504275,0,24,4,100,53.93,49.4,52.02,47.98,0.0,0.0,0.0,0.0
369,35084,44.96,50.8565032328858,0.93055583311207,0,22,4,100,52.96,41.58,41.89,43.42,0.0,0.0,0.0,0.0
370,38308,48.14,52.039318925649816,0.9445838608755482,0,14,4,100,47.14,47.84,48.64,48.94,0.0,0.0,0.0,0.0
371,36696,78.2,51.42067508648904,0.8661552385928042,0,18,4,100,76.88,76.77,79.44,79.73,0.0,0.0,0.0,0.0
372,34278,83.05,55.55275559631925,0.8025512466243279,0,24,4,100,82.25,90.72,71.75,87.47,0.0,0.0,0.0,0.0
373,37502,66.76,53.06062625091207,0.9189851532654568,0,16,4,100,62.29,71.33,61.25,72.15,0.0,0.0,0.0,0.0
374,34278,86.72,52.61522622346335,0.8802580064077109,0,24,4,100,80.86,89.35,98.0,78.67,0.0,0.0,0.0,0.0
375,37099,36.86,54.61294003242437,0.9237935476556016,0,17,4,100,33.75,40.81,37.79,35.08,0.0,0.0,0.0,0.0
376,35890,53.81,53.43751120803845,0.9776738268812996,0,20,4,100,56.17,59.92,51.08,48.05,0.0,0.0,0.0,0.0
377,35487,66.43,53.56278549064582,0.884200605598501,0,21,4,100,70.28,66.33,67.65,61.45,0.0,0.0,0.0,0.0
378,34278,52.92,53.58750251910717,0.8988420335194482,0,24,4,100,54.03,49.02,48.75,59.87,0.0,0.0,0.0,0.0
379,35890,77.13,53.46988454573054,0.95326914964608,0,20,4,100,83.19,75.77,68.02,81.53,0.0,0.0,0.0,0.0
380,35890,54.41,52.711752562442655,0.8729489034068592,0,20,4,100,50.91,60.05,53.57,53.12,0.0,0.0,0.0,0.0
381,33875,69.42,54.90003198607797,0.8783851444621175,0,25,4,100,57.35,71.82,67.96,80.54,0.0,0.0,0.0,0.0
382,33875,54.42,52.96202390594804,0.8987765274500216,0,25,4,100,58.27,51.61,59.09,48.69,0.0,0.0,0.0,0.0
383,37099,47.28,52.5170473758235,0.9082016676787223,0,17,4,100,43.12,45.43,51.4,49.17,0.0,0.0,0.0,0.0
384,35890,58.43,51.433653500782206,0.9337476901337632,0,20,4,100,59.29,58.7,53.4,62.34,0.0,0.0,0.0,0.0
385,34278,42.99,54.799471842868094,0.8075068655890605,0,24,4,100,45.07,39.82,48.55,38.51,0.0,0.0,0.0,0.0
386,35487,75.57,53.19992642524031,0.9059448358911582,0,21,4,100,81.46,58.54,80.61,81.68,0.0,0.0,0.0,0.0
387,36293,59.26,55.99367004791245,1.0407116425925789,0,19,4,100,56.31,65.27,54.1,61.38,0.0,0.0,0.0,0.0
388,37905,41.75,54.16365420593144,0.8166804321161445,0,15,4,100,40.2,39.36,45.08,42.35,0.0,0.0,0.0,0.0
389,36696,58.06,54.85519780552385,0.9329526269794864,0,18,4,100,51.33,64.69,63.22,52.98,0.0,0.0,0.0,0.0
390,34278,58.8,52.88902435841384,0.8508960788229727,0,24,4,100,60.08,60.78,52.54,61.82,0.0,0.0,0.0,0.0
391,33875,61.64,52.96909989675135,0.9078384026728896,0,25,4,100,59.31,70.68,58.76,57.8,0.0,0.0,0.0,0.0
392,33875,97.34,54.11436651742218,0.940105755711014,0,25,4,100,100.0,94.44,95.06,99.85,0.0,0.0,0.0,0.0
393,36293,41.88,56.526549069366695,0.9072154108729324,0,19,4,100,37.1,45.25,43.7,41.45,0.0,0.0,0.0,0.0
394,36696,61.67,53.18555778927302,0.9115527804694326,0,18,4,100,69.61,60.86,60.17,56.05,0.0,0.0,0.0,0.0
395,35487,61.13,56.43157399770555,0.9750725438200032,0,21,4,100,58.69,58.23,70.96,56.64,0.0,0.0,0.0,0.0
396,38711,56.24,53.736913465399766,0.8032715376450235,0,13,4,100,59.51,57.78,55.04,52.65,0.0,0.0,0.0,0.0
397,39114,63.78,52.78634570034938,0.9281711432448474,0,12,4,100,75.04,56.3,63.36,60.4,0.0,0.0,0.0,0.0
398,36696,75.9,55.09030389511077,0.8993474348640186,0,18,4,100,88.5,74.22,66.3,74.57,0.0,0.0,0.0,0.0
399,36293,83.18,53.332267227119786,0.9505984834279994,0,19,4,100,96.47,72.66,80.65,82.96,0.0,0.0,0.0,0.0
400,33875,59.12,53.41973567339761,0.8743491764073374,0,25,4,100,57.7,62.77,52.07,63.94,0.0,0.0,0.0,0.0
401,34681,61.76,51.585778128676814,0.9198688637615928,0,23,4,100,64.45,59.87,66.58,56.14,0.0,0.0,0.0,0.0
402,35487,24.68,53.290650060461296,0.811712279646714,0,21,4,100,27.38,20.65,25.49,25.21,0.0,0.0,0.0,0.0
403,35084,57.56,52.42264166539526,0.9376681745538894,0,22,4,100,63.2,58.9,49.87,58.26,0.0,0.0,0.0,0.0
404,35890,62.95,55.55563161545638,0.904117470423306,0,20,4,100,57.66,74.65,58.34,61.15,0.0,0.0,0.0,0.0
405,34681,56.64,53.60398661830811,0.8799695664384968,0,23,4,100,56.76,56.63,53.83,59.36,0.0,0.0,0.0,0.0
406,33875,65.5,54.76562271598657,0.8955944403364063,0,25,4,100,58.74,76.02,65.41,61.85,0.0,0.0,0.0,0.0
407,33875,44.23,52.57466582704932,0.901797252310412,0,25,4,100,40.1,45.82,43.15,47.85,0.0,0.0,0.0,0.0
408,34681,60.08,52.84873896505182,0.9679499784490369,0,23,4,100,57.42,67.78,59.84,55.28,0.0,0.0,0.0,0.0
409,35487,59.92,54.55040578879982,0.9918457361056868,0,21,4,100,66.04,66.62,54.14,52.89,0.0,0.0,0.0,0.0
410,34681,55.84,51.47992070294293,0.9457535567254493,0,23,4,100,55.41,52.16,56.76,59.02,0.0,0.0,0.0,0.0
411,33875,69.73,52.7621526998778,0.8931187277902063,0,25,4,100,77.11,66.36,66.56,68.89,0.0,0.0,0.0,0.0
412,33875,41.48,54.60604588377951,0.8242190605596706,0,25,4,100,38.24,41.34,47.31,39.02,0.0,0.0,0.0,0.0
413,35890,52.33,51.83923403460135,0.9056557156993466,0,20,4,100,47.55,57.49,51.1,53.2,0.0,0.0,0.0,0.0
414,33875,59.83,54.83598136249974,0.8741532969022718,0,25,4,100,57.26,60.84,55.82,65.41,0.0,0.0,0.0,0.0
415,37099,62.22,53.359748321610056,0.9296120832185136,0,17,4,100,64.16,65.62,55.57,63.51,0.0,0.0,0.0,0.0
416,34278,54.76,51.07359068940579,0.9250509190276474,0,24,4,100,64.78,51.93,54.87,47.46,0.0,0.0,0.0,0.0
417,35890,58.36,53.31076397242264,0.8886673723450994,0,20,4,100,53.6,62.35,52.89,64.59,0.0,0.0,0.0,0.0
418,37502,47.5,55.652049222708094,0.8438951273494337,0,16,4,100,47.6,45.13,46.84,50.41,0.0,0.0,0.0,0.0
419,36696,63.23,55.27542870575554,0.9157671358793144,0,18,4,100,53.4,71.58,61.17,66.78,0.0,0.0,0.0,0.0
420,37905,62.81,55.35622073747256,0.8778003060938165,0,15,4,100,56.03,65.42,60.85,68.94,0.0,0.0,0.0,0.0
421,38711,47.9,52.43688497562515,0.903977047233911,0,13,4,100,49.69,45.96,54.18,41.76,0.0,0.0,0.0,0.0
422,35487,69.37,55.016136816214406,0.8610036189287217,0,21,4,100,72.08,80.82,56.95,67.62,0.0,0.0,0.0,0.0
423,35487,61.64,53.12095538941588,0.9029165731082625,0,21,4,100,64.82,60.39,59.1,62.24,0.0,0.0,0.0,0.0
424,37502,33.86,54.55674426750552,0.8483717530271017,0,16,4,100,34.65,36.22,31.2,33.35,0.0,0.0,0.0,0.0
425,37099,48.0,51.51601787450026,0.9409783943842384,0,17,4,100,46.71,47.19,50.31,47.77,0.0,0.0,0.0,0.0
426,34681,76.26,52.376938475800735,0.7443273514615139,0,23,4,100,79.88,67.36,85.83,71.98,0.0,0.0,0.0,0.0
427,34681,69.98,51.45604102129857,0.8986659916597753,0,23,4,100,62.65,71.15,70.74,75.39,0.0,0.0,0.0,0.0
428,34278,53.74,52.65088053697408,0.8245450258591012,0,24,4,100,55.22,50.01,55.03,54.69,0.0,0.0,0.0,0.0
429,35890,65.36,54.43653355395422,0.993688035620646,0,20,4,100,64.74,62.94,69.51,64.24,0.0,0.0,0.0,0.0
430,35084,65.4,49.148944777209664,0.8118386618588015,0,22,4,100,78.79,63.93,59.91,58.98,0.0,0.0,0.0,0.0
431,33875,79.04,56.38468091318097,0.9137316448123104,0,25,4,100,82.48,70.74,84.17,78.75,0.0,0.0,0.0,0.0
432,35890,79.32,54.87209998064444,0.9625078116831974,0,20,4,100,79.75,70.99,83.74,82.81,0.0,0.0,0.0,0.0
433,37099,48.6,53.2406249007048,0.8563108336609924,0,17,4,100,52.67,45.88,44.76,51.1,0.0,0.0,0.0,0.0
434,35487,65.92,49.686704982631575,0.8462036813018253,0,21,4,100,56.89,67.32,69.78,69.68,0.0,0.0,0.0,0.0
435,37502,51.42,54.81373767933071,0.8397812529018529,0,16,4,100,56.29,43.92,50.12,55.36,0.0,0.0,0.0,0.0
436,34681,60.98,57.948068059482445,0.9131248371469262,0,23,4,100,57.42,60.49,67.74,58.28,0.0,0.0,0.0,0.0
437,33875,68.54,52.14175523756492,0.8367508706800288,0,25,4,100,65.09,65.26,67.03,76.77,0.0,0.0,0.0,0.0
438,37099,57.7,54.49446485596112,0.9344091214755972,0,17,4,100,64.43,60.43,50.86,55.09,0.0,0.0,0.0,0.0
439,33875,43.44,55.4731309321768,1.0059938566716755,0,25,4,100,48.04,45.74,41.29,38.7,0.0,0.0,0.0,0.0
440,37905,58.52,53.01712161778983,0.9296536705391524,0,15,4,100,60.81,62.67,52.32,58.28,0.0,0.0,0.0,0.0
441,35487,48.83,52.81304429074467,0.8576980411659311,0,21,4,100,50.31,49.73,46.0,49.29,0.0,0.0,0.0,0.0
442,36293,66.27,54.6582455963156,0.9998427512841114,0,19,4,100,64.35,71.25,62.94,66.53,0.0,0.0,0.0,0.0
443,34278,69.52,53.69472522659783,0.8792727697691496,0,24,4,100,71.02,67.79,74.07,65.2,0.0,0.0,0.0,0.0
444,37905,70.59,53.77249408318827,0.8764097018927615,0,15,4,100,65.01,68.09,80.87,68.39,0.0,0.0,0.0,0.0
445,33875,48.69,55.38922686137284,0.8091012039842567,0,25,4,100,42.74,47.39,56.73,47.89,0.0,0.0,0.0,0.0
446,36293,77.27,53.096507167829046,0.94510263077063,0,19,4,100,79.95,81.81,74.66,72.67,0.0,0.0,0.0,0.0
447,34681,95.42,55.80013598525433,0.8737602808472692,0,23,4,100,97.82,90.53,97.6,95.74,0.0,0.0,0.0,0.0
448,35487,60.64,52.76898271743793,0.889989200357988,0,21,4,100,55.03,63.51,62.35,61.66,0.0,0.0,0.0,0.0
449,40323,44.74,54.77024138197063,0.9745385933149447,0,9,4,100,45.6,43.6,46.3,43.45,0.0,0.0,0.0,0.0
450,35487,67.58,54.574050901691606,0.8729004208934588,0,21,4,100,73.01,65.1,68.38,63.83,0.0,0.0,0.0,0.0
451,37502,78.54,50.52093792489156,0.7715359774079571,0,16,4,100,79.02,83.91,69.41,81.81,0.0,0.0,0.0,0.0
452,36293,58.28,56.60475532298317,0.9278288866967186,0,19,4,100,61.07,58.08,62.35,51.62,0.0,0.0,0.0,0.0
453,37905,61.96,55.0633903210686,0.8814998587454087,0,15,4,100,61.22,61.31,58.05,67.24,0.0,0.0,0.0,0.0
454,33875,53.06,51.50969859514149,0.8138170503028368,0,25,4,100,53.47,53.32,47.22,58.24,0.0,0.0,0.0,0.0
455,36293,55.39,56.75282991417416,0.9680716383118788,0,19,4,100,67.54,49.71,56.22,48.08,0.0,0.0,0.0,0.0
456,34278,66.94,55.04917489909846,0.8524534153610142,0,24,4,100,65.06,71.13,65.09,66.48,0.0,0.0,0.0,0.0
457,33875,73.01,55.647725552215846,0.8907676023843288,0,25,4,100,82.96,65.45,71.19,72.45,0.0,0.0,0.0,0.0
458,34278,60.42,53.92849500017611,0.8434469034367235,0,24,4,100,55.84,63.78,62.85,59.19,0.0,0.0,0.0,0.0
459,34681,60.5,54.82597140852647,0.9070238736930304,0,23,4,100,55.22,64.42,63.58,58.8,0.0,0.0,0.0,0.0
460,34278,64.57,54.71062643892543,0.8508616703461153,0,24,4,100,63.24,61.78,66.47,66.78,0.0,0.0,0.0,0.0
461,35084,72.58,52.19800073534218,0.9427771695775348,0,22,4,100,73.85,71.26,69.23,75.97,0.0,0.0,0.0,0.0
462,37502,53.1,54.0134214229677,0.8791756126968021,0,16,4,100,57.79,52.81,48.1,53.68,0.0,0.0,0.0,0.0
463,33875,71.34,49.78408163885754,0.8788240763297823,0,25,4,100,71.73,67.99,70.25,75.39,0.0,0.0,0.0,0.0
464,36696,72.32,52.20241126106483,0.8931971222424984,0,18,4,100,69.23,77.13,60.94,81.97,0.0,0.0,0.0,0.0
465,36293,59.86,53.64723310935855,0.8667589457525126,0,19,4,100,65.37,51.94,59.25,62.86,0.0,0.0,0.0,0.0
466,34681,54.93,54.411533964818126,0.8405338310933544,0,23,4,100,55.03,58.8,54.33,51.57,0.0,0.0,0.0,0.0
467,33875,56.15,53.30248998614092,0.9435613609412152,0,25,4,100,60.76,56.67,56.86,50.32,0.0,0.0,0.0,0.0
468,35487,61.22,53.20453177924638,0.8255888013342,0,21,4,100,68.9,54.08,67.46,54.46,0.0,0.0,0.0,0.0
469,36696,70.22,52.45950510671997,0.8540069381367728,0,18,4,100,75.23,69.6,76.35,59.72,0.0,0.0,0.0,0.0
470,35890,66.54,55.640879920488,0.7873325251590684,0,20,4,100,56.5,76.95,62.06,70.63,0.0,0.0,0.0,0.0
471,33875,65.14,51.6641411605812,0.8795990832637037,0,25,4,100,64.66,62.33,62.59,70.98,0.0,0.0,0.0,0.0
472,35487,61.6,52.60534268169263,0.928148611616452,0,21,4,100,62.52,69.12,63.7,51.04,0.0,0.0,0.0,0.0
473,35084,74.84,54.09914235992496,0.8946110939859756,0,22,4,100,77.62,66.97,69.72,85.06,0.0,0.0,0.0,0.0
474,34681,49.11,48.35956051391639,0.8269143202720324,0,23,4,100,55.87,45.03,47.5,48.05,0.0,0.0,0.0,0.0
475,36696,45.86,54.01714805352681,0.8172758717115476,0,18,4,100,43.7,45.5,48.2,46.04,0.0,0.0,0.0,0.0
476,34681,52.9,55.67032666657996,0.9519775140011714,0,23,4,100,50.94,56.33,54.72,49.6,0.0,0.0,0.0,0.0
477,35487,79.43,51.055779208774105,0.8644569062085479,0,21,4,100,80.21,76.47,83.98,77.07,0.0,0.0,0.0,0.0
478,37905,79.77,51.31840999237097,0.7993208402779883,0,15,4,100,88.38,77.56,71.97,81.17,0.0,0.0,0.0,0.0
479,33875,55.44,55.09609109953726,0.886782121640184,0,25,4,100,58.86,47.01,55.41,60.5,0.0,0.0,0.0,0.0
480,37502,71.67,55.51255587056357,0.8896036082889276,0,16,4,100,71.42,67.52,75.64,72.09,0.0,0.0,0.0,0.0
481,37099,65.93,54.75394966645449,0.8836919633277194,0,17,4,100,61.35,63.64,72.62,66.1,0.0,0.0,0.0,0.0
482,35890,56.31,54.0400603636507,0.8236194557520263,0,20,4,100,49.82,59.33,57.38,58.71,0.0,0.0,0.0,0.0
483,33875,55.1,52.93112514709706,0.8921684267555556,0,25,4,100,56.3,50.84,59.24,54.02,0.0,0.0,0.0,0.0
484,36696,62.71,53.56331396534491,0.818788092118338,0,18,4,100,70.55,64.42,59.82,56.05,0.0,0.0,0.0,0.0
485,33875,69.21,54.01336789816086,0.9001774703194769,0,25,4,100,77.64,72.05,63.36,63.78,0.0,0.0,0.0,0.0
486,35487,69.8,54.652123719659386,0.8223432181190017,0,21,4,100,72.7,68.87,64.59,73.04,0.0,0.0,0.0,0.0
487,34278,72.17,53.755230705170376,0.8442977869310311,0,24,4,100,67.28,67.41,73.28,80.71,0.0,0.0,0.0,0.0
488,33875,53.65,57.10235148861979,0.8844229606424706,0,25,4,100,45.89,51.35,55.43,61.92,0.0,0.0,0.0,0.0
489,33875,56.37,52.86099669073054,0.8702763721985353,0,25,4,100,62.93,53.08,54.2,55.26,0.0,0.0,0.0,0.0
490,35487,71.04,53.10058389209591,0.8515557629318197,0,21,4,100,67.46,72.8,70.53,73.36,0.0,0.0,0.0,0.0
491,34278,50.25,53.51300771956924,0.8569715521897868,0,24,4,100,51.83,50.71,51.3,47.17,0.0,0.0,0.0,0.0
492,38711,49.7,51.46052514671437,0.8646029196464755,0,13,4,100,54.84,46.23,49.59,48.16,0.0,0.0,0.0,0.0
493,38308,85.79,54.63300609639785,0.9544959529534732,0,14,4,100,79.01,84.47,86.12,93.57,0.0,0.0,0.0,0.0
494,35084,64.01,54.97879953046989,0.8888530873834344,0,22,4,100,64.04,61.17,73.99,56.83,0.0,0.0,0.0,0.0
495,35084,62.0,56.14770286152455,0.8732449748706973,0,22,4,100,62.71,58.44,74.01,52.84,0.0,0.0,0.0,0.0
496,34278,65.3,53.04658445306112,0.9548979515972128,0,24,4,100,58.4,65.56,67.02,70.21,0.0,0.0,0.0,0.0
497,34681,56.63,51.80047565874726,1.01742860119501,0,23,4,100,54.09,57.79,54.7,59.93,0.0,0.0,0.0,0.0
498,33875,44.54,54.38759442374963,0.9074342561922926,0,25,4,100,42.4,42.9,40.96,51.92,0.0,0.0,0.0,0.0
499,34278,73.1,53.90163309688733,0.8539115000031434,0,24,4,100,79.96,65.31,65.58,81.57,0.0,0.0,0.0,0.0
500,34278,76.44,52.13672304427708,0.8277712010308782,0,24,4,100,76.14,71.7,81.12,76.78,0.0,0.0,0.0,0.0
501,35084,65.44,52.51447980804791,0.8225741031734609,0,22,4,100,74.45,59.24,59.75,68.3,0.0,0.0,0.0,0.0
502,35487,74.78,53.061304672304175,0.8122396193856215,0,21,4,100,76.2,71.28,76.93,74.71,0.0,0.0,0.0,0.0
503,37099,65.48,52.97935735592699,0.9376445119438804,0,17,4,100,54.96,77.2,67.93,61.85,0.0,0.0,0.0,0.0
504,33875,58.92,52.43806614711784,0.8125031443372189,0,25,4,100,53.77,61.12,59.52,61.29,0.0,0.0,0.0,0.0
505,34681,65.91,56.73679726737814,0.903724677686103,0,23,4,100,62.17,65.57,67.16,68.74,0.0,0.0,0.0,0.0
506,37099,64.24,53.55451204871832,0.867123198809566,0,17,4,100,66.21,55.81,68.09,66.87,0.0,0.0,0.0,0.0
507,37502,75.03,54.11421897198935,0.9045205687290157,0,16,4,100,65.38,75.83,78.23,80.68,0.0,0.0,0.0,0.0
508,36293,70.54,52.886440884125584,0.8607440051739627,0,19,4,100,62.81,71.25,78.48,69.64,0.0,0.0,0.0,0.0
509,36696,64.35,53.166901571238135,0.9167893865070416,0,18,4,100,58.2,72.69,63.48,63.05,0.0,0.0,0.0,0.0
510,36293,51.94,54.38416839003894,0.9247898462962814,0,19,4,100,56.98,54.21,48.14,48.44,0.0,0.0,0.0,0.0
511,37502,45.21,52.32321492099096,0.8803493169091142,0,16,4,100,51.29,39.63,40.59,49.32,0.0,0.0,0.0,0.0
512,37905,62.99,53.164118046554165,0.8241128912602744,0,15,4,100,67.53,63.46,64.17,56.79,0.0,0.0,0.0,0.0
513,37502,69.42,49.86125512485177,0.9125967791215744,0,16,4,100,65.48,75.76,66.97,69.48,0.0,0.0,0.0,0.0
514,34681,66.0,50.745363102950925,0.8920364571125783,0,23,4,100,65.75,64.96,65.56,67.74,0.0,0.0,0.0,0.0
515,38308,60.92,50.81318140410311,0.8930624125337173,0,14,4,100,68.63,53.98,68.86,52.22,0.0,0.0,0.0,0.0
516,33875,39.38,52.13545187234463,0.9421244131002972,0,25,4,100,41.77,33.4,42.62,39.75,0.0,0.0,0.0,0.0
517,35487,68.43,51.3912729233329,0.8367206226098131,0,21,4,100,62.57,63.53,68.35,79.28,0.0,0.0,0.0,0.0
518,36696,76.43,52.81211023537459,0.7856869937896129,0,18,4,100,83.03,73.28,66.67,82.72,0.0,0.0,0.0,0.0
519,35487,75.3,53.07548810389168,0.9170746554378958,0,21,4,100,79.31,69.58,77.81,74.49,0.0,0.0,0.0,0.0
520,36696,70.49,49.31813143447778,0.9083879003126388,0,18,4,100,72.37,74.66,72.29,62.65,0.0,0.0,0.0,0.0
521,37905,58.05,53.80993681645243,0.918170946878916,0,15,4,100,65.64,54.66,53.71,58.2,0.0,0.0,0.0,0.0
522,37099,46.55,53.471543901736574,0.965159105945898,0,17,4,100,49.81,47.23,44.36,44.81,0.0,0.0,0.0,0.0
523,36696,62.4,52.0119693924654,0.87283101610153,0,18,4,100,65.01,59.94,58.69,65.96,0.0,0.0,0.0,0.0
524,38308,48.66,54.739959483222016,0.7999829478107986,0,14,4,100,53.17,44.2,48.51,48.76,0.0,0.0,0.0,0.0
525,33875,46.13,53.47256378788486,0.9119537590895948,0,25,4,100,41.64,52.25,42.1,48.54,0.0,0.0,0.0,0.0
526,35890,66.03,52.87774918891032,0.9172810761466704,0,20,4,100,64.26,63.47,62.1,74.28,0.0,0.0,0.0,0.0
527,37905,51.1,55.266374445204505,0.8947084499739003,0,15,4,100,50.0,49.66,51.59,53.14,0.0,0.0,0.0,0.0
528,36293,86.7,51.54260400345886,0.8312200359815626,0,19,4,100,92.48,84.58,82.96,86.78,0.0,0.0,0.0,0.0
529,37099,60.76,54.07637464480046,0.9021209712769542,0,17,4,100,54.56,58.59,65.63,64.25,0.0,0.0,0.0,0.0
530,37099,70.55,51.38416090505055,0.7909881761800149,0,17,4,100,65.97,60.21,75.31,80.72,0.0,0.0,0.0,0.0
531,35487,63.93,55.68524608809186,0.8803810858438438,0,21,4,100,65.81,57.13,68.96,63.83,0.0,0.0,0.0,0.0
532,33875,68.35,54.09890172019213,0.8743023334763039,0,25,4,100,58.5,72.52,69.32,73.05,0.0,0.0,0.0,0.0
533,35084,80.23,54.9644240681193,0.8759717003777385,0,22,4,100,77.96,80.31,78.74,83.92,0.0,0.0,0.0,0.0
534,37502,75.43,55.1424575987193,0.8619673715124508,0,16,4,100,80.65,68.57,73.48,79.02,0.0,0.0,0.0,0.0
535,35890,61.28,52.54816098591101,0.8458055254666592,0,20,4,100,52.59,69.49,58.76,64.3,0.0,0.0,0.0,0.0
536,39114,55.26,54.59360896698091,0.8448201916720295,0,12,4,100,55.89,47.6,54.44,63.09,0.0,0.0,0.0,0.0
537,37905,64.02,54.691205121921726,0.8208064902525954,0,15,4,100,54.63,67.07,66.15,68.23,0.0,0.0,0.0,0.0
538,40323,78.04,56.37626082905199,0.8757499521616319,0,9,4,100,82.84,79.24,78.47,71.61,0.0,0.0,0.0,0.0
539,34278,63.39,55.14698885955058,0.8819878737005793,0,24,4,100,63.46,63.67,62.32,64.1,0.0,0.0,0.0,0.0
540,38711,87.68,53.2164035203714,0.8979138299373658,0,13,4,100,91.36,75.39,100.0,83.97,0.0,0.0,0.0,0.0
541,35084,62.3,54.503283018559,0.8381080756134176,0,22,4,100,66.72,59.19,67.53,55.78,0.0,0.0,0.0,0.0
542,37905,67.91,54.212207478770864,0.8561540847685896,0,15,4,100,70.97,66.64,67.13,66.89,0.0,0.0,0.0,0.0
543,33875,75.46,58.34832756234345,0.8061584181890984,0,25,4,100,78.08,80.89,70.74,72.15,0.0,0.0,0.0,0.0
544,35487,67.22,53.77546477658636,0.8742310481048049,0,21,4,100,63.7,74.53,69.93,60.73,0.0,0.0,0.0,0.0
545,34681,63.2,51.5174322073581,0.8889422416587852,0,23,4,100,71.52,56.51,68.83,55.92,0.0,0.0,0.0,0.0
546,34278,65.81,54.37329333218259,0.8571985676114834,0,24,4,100,68.67,60.73,67.86,65.97,0.0,0.0,0.0,0.0
547,36293,74.85,55.11494315385502,0.8828834721413684,0,19,4,100,87.41,64.47,71.75,75.77,0.0,0.0,0.0,0.0
548,35487,61.83,55.93222250215234,0.8783916124909578,0,21,4,100,57.6,69.93,55.35,64.44,0.0,0.0,0.0,0.0
549,36696,81.47,55.82283726462882,0.8335201973981916,0,18,4,100,86.77,89.64,78.44,71.03,0.0,0.0,0.0,0.0
550,36293,62.06,52.928258186677446,0.8926213805115741,0,19,4,100,61.3,61.97,70.64,54.33,0.0,0.0,0.0,0.0
551,35084,66.7,51.76974074663795,0.959023701383255,0,22,4,100,66.59,67.1,59.22,73.88,0.0,0.0,0.0,0.0
552,35084,54.27,55.32599116118413,0.8461942015844085,0,22,4,100,50.17,52.15,54.32,60.45,0.0,0.0,0.0,0.0
553,37099,48.36,54.16761244347048,0.8407466410349889,0,17,4,100,48.16,47.54,51.28,46.46,0.0,0.0,0.0,0.0
554,33875,72.62,54.76718640815009,0.9063485765691908,0,25,4,100,71.81,68.42,78.52,71.73,0.0,0.0,0.0,0.0
555,35890,71.07,53.50786704446608,0.798442082218766,0,20,4,100,63.77,78.97,66.08,75.46,0.0,0.0,0.0,0.0
556,34681,57.36,52.19332044187285,0.9517808321533746,0,23,4,100,52.82,51.59,64.28,60.75,0.0,0.0,0.0,0.0
557,38308,62.82,52.03973771314628,0.7982365552248603,0,14,4,100,65.22,65.03,63.38,57.64,0.0,0.0,0.0,0.0
558,33875,76.14,52.05696559467204,0.9867000639425656,0,25,4,100,80.37,85.17,68.24,70.78,0.0,0.0,0.0,0.0
559,37099,60.58,48.60067261399045,0.8851262977636551,0,17,4,100,66.9,55.41,58.06,61.94,0.0,0.0,0.0,0.0
560,39517,41.97,52.30943492407092,0.8444411047047088,0,11,4,100,48.43,38.39,41.01,40.06,0.0,0.0,0.0,0.0
561,34278,64.68,55.72961505361225,0.8578136777317904,0,24,4,100,69.58,68.42,66.88,53.85,0.0,0.0,0.0,0.0
562,37905,64.16,54.39024412997652,0.8734258081622407,0,15,4,100,60.56,61.29,66.51,68.27,0.0,0.0,0.0,0.0
563,37905,48.48,51.62608089023116,0.8082071261394982,0,15,4,100,44.1,47.0,49.53,53.31,0.0,0.0,0.0,0.0
564,37099,68.47,50.59136195176299,0.7852739377483738,0,17,4,100,75.58,65.65,62.57,70.08,0.0,0.0,0.0,0.0
565,35890,75.4,55.00557031733396,0.8064514662200525,0,20,4,100,68.1,77.19,87.0,69.29,0.0,0.0,0.0,0.0
566,33875,63.01,56.20682360577014,0.9264078573383534,0,25,4,100,57.78,63.58,68.15,62.52,0.0,0.0,0.0,0.0
567,34681,78.79,53.88879812923442,0.9140964122425584,0,23,4,100,67.51,77.12,90.83,79.72,0.0,0.0,0.0,0.0
568,33875,42.0,52.741169972126855,0.9051754635988444,0,25,4,100,46.68,34.56,45.72,41.06,0.0,0.0,0.0,0.0
569,37099,64.7,52.576266139261,0.8971308344164679,0,17,4,100,64.03,64.26,65.3,65.19,0.0,0.0,0.0,0.0
570,35084,48.12,56.84297898048776,0.8950996948679613,0,22,4,100,50.67,43.16,50.31,48.35,0.0,0.0,0.0,0.0
571,36696,72.29,53.617179852123655,0.8596124576121973,0,18,4,100,66.56,71.71,69.24,81.64,0.0,0.0,0.0,0.0
572,39114,77.88,52.82811828786056,0.8650436944080663,0,12,4,100,74.27,84.49,72.83,79.92,0.0,0.0,0.0,0.0
573,36293,62.56,53.88434299821501,0.8194264264353956,0,19,4,100,63.36,70.95,52.92,62.99,0.0,0.0,0.0,0.0
574,37099,64.78,53.79077966352653,0.8984594201809634,0,17,4,100,58.36,62.01,77.81,60.95,0.0,0.0,0.0,0.0
575,36696,72.14,53.7463691364143,0.8648513194096332,0,18,4,100,64.22,68.65,76.99,78.69,0.0,0.0,0.0,0.0
576,35084,51.86,52.62258868786565,0.8815113103854475,0,22,4,100,48.26,54.54,55.08,49.58,0.0,0.0,0.0,0.0
577,37099,53.32,54.48581269412127,0.8425280859731487,0,17,4,100,62.72,48.18,52.34,50.03,0.0,0.0,0.0,0.0
578,36293,68.83,52.0002164402835,0.8189261458724651,0,19,4,100,72.45,69.73,66.08,67.06,0.0,0.0,0.0,0.0
579,35890,73.8,52.94389628215964,0.8879638575352843,0,20,4,100,70.03,75.47,78.82,70.88,0.0,0.0,0.0,0.0
580,36696,62.73,52.5129220166031,0.8301703063509711,0,18,4,100,71.69,55.46,60.81,62.96,0.0,0.0,0.0,0.0
581,33875,87.66,54.15712120748047,0.7884384853289694,0,25,4,100,86.57,88.48,81.8,93.78,0.0,0.0,0.0,0.0
582,37905,62.66,58.53645487154269,0.9463200645725464,0,15,4,100,54.84,71.61,62.7,61.49,0.0,0.0,0.0,0.0
583,36696,49.54,53.05626759094886,0.8975337110888193,0,18,4,100,57.7,47.86,42.22,50.38,0.0,0.0,0.0,0.0
584,35487,47.56,56.912759430382685,0.9335627510224852,0,21,4,100,49.29,48.07,52.17,40.73,0.0,0.0,0.0,0.0
585,35084,56.94,54.354537878162,0.8300285184538504,0,22,4,100,54.27,60.7,58.83,53.94,0.0,0.0,0.0,0.0
586,35487,59.25,54.95086708856646,0.7953609640199626,0,21,4,100,59.99,55.96,66.51,54.54,0.0,0.0,0.0,0.0
587,37502,63.06,54.93765958779711,0.929614874572234,0,16,4,100,61.83,57.78,53.75,78.87,0.0,0.0,0.0,0.0
588,36293,46.92,53.44655702764041,0.8504161230664439,0,19,4,100,46.02,41.1,46.52,54.03,0.0,0.0,0.0,0.0
589,35487,70.44,53.6896128448671,0.8598054730683342,0,21,4,100,65.52,77.04,59.62,79.6,0.0,0.0,0.0,0.0
590,35890,61.26,53.47221504334197,0.8647405917505856,0,20,4,100,57.31,56.57,57.56,73.61,0.0,0.0,0.0,0.0
591,36293,66.93,51.084891439986464,0.8257655076441704,0,19,4,100,63.36,67.34,68.15,68.87,0.0,0.0,0.0,0.0
592,36293,65.03,54.0187332936796,0.9276918879670571,0,19,4,100,65.68,65.24,56.23,72.97,0.0,0.0,0.0,0.0
593,33875,62.13,50.94949416794422,0.8682877405552739,0,25,4,100,62.52,67.87,66.34,51.77,0.0,0.0,0.0,0.0
594,36696,66.87,54.70865287155327,0.8418466481990778,0,18,4,100,67.44,65.03,60.74,74.26,0.0,0.0,0.0,0.0
595,36293,70.08,52.68685744477933,0.8725314906153909,0,19,4,100,74.51,69.24,62.32,74.25,0.0,0.0,0.0,0.0
596,35487,62.51,51.37570298556926,0.8434412106945756,0,21,4,100,65.78,56.91,64.44,62.9,0.0,0.0,0.0,0.0
597,36293,38.24,55.83599985066324,0.8729796526593048,0,19,4,100,35.6,46.93,34.21,36.23,0.0,0.0,0.0,0.0
598,36696,71.67,51.415774986099706,0.7777837685939359,0,18,4,100,62.82,69.75,71.3,82.79,0.0,0.0,0.0,0.0
599,36293,82.67,56.342862376824016,0.8598552281641344,0,19,4,100,82.64,85.05,75.71,87.28,0.0,0.0,0.0,0.0
600,36696,83.16,54.47878684201275,0.8477935221806304,0,18,4,100,73.08,85.5,83.77,90.3,0.0,0.0,0.0,0.0
601,33875,64.23,54.64039753518789,0.8900828620858563,0,25,4,100,66.44,65.79,59.13,65.56,0.0,0.0,0.0,0.0
602,37099,78.13,55.35250870604378,0.8295328146549117,0,17,4,100,78.8,71.21,78.66,83.85,0.0,0.0,0.0,0.0
603,37099,77.11,53.68756414197356,0.804682096054931,0,17,4,100,79.5,69.65,79.32,79.99,0.0,0.0,0.0,0.0
604,33875,66.68,54.53746015253384,0.9009654893727912,0,25,4,100,71.42,70.75,65.1,59.44,0.0,0.0,0.0,0.0
605,35487,54.79,52.04482156305374,0.9186549771088274,0,21,4,100,56.64,54.04,58.24,50.24,0.0,0.0,0.0,0.0
606,37099,65.13,56.60309538359039,0.9097629025628589,0,17,4,100,66.62,69.5,69.6,54.79,0.0,0.0,0.0,0.0
607,36696,77.49,55.6380859433817,0.875136605875923,0,18,4,100,80.32,67.31,82.86,79.48,0.0,0.0,0.0,0.0
608,34278,59.31,52.039690458778864,0.8498865371478038,0,24,4,100,49.85,56.61,65.99,64.8,0.0,0.0,0.0,0.0
609,36293,59.24,54.51753885796437,0.8491523259935039,0,19,4,100,60.04,60.15,50.2,66.57,0.0,0.0,0.0,0.0
610,33875,47.14,56.12933359451615,0.880429873112837,0,25,4,100,46.8,45.38,44.98,51.4,0.0,0.0,0.0,0.0
611,36696,60.91,52.3247283092675,0.8514202094916737,0,18,4,100,67.56,58.73,51.46,65.88,0.0,0.0,0.0,0.0
612,37502,63.1,53.26106543612248,0.818185811532481,0,16,4,100,71.78,62.08,60.56,57.96,0.0,0.0,0.0,0.0
613,35084,63.04,51.33525723835902,0.9122516084686156,0,22,4,100,57.19,62.23,69.49,63.24,0.0,0.0,0.0,0.0
614,36696,42.95,50.82231390049669,0.9038718803077196,0,18,4,100,32.81,49.16,48.29,41.53,0.0,0.0,0.0,0.0
615,35890,56.22,53.63986084527072,0.9038433224503362,0,20,4,100,60.89,53.24,56.78,53.99,0.0,0.0,0.0,0.0
616,34278,27.43,51.6892708235889,0.8521660755370735,0,24,4,100,26.59,24.95,29.78,28.39,0.0,0.0,0.0,0.0
617,38308,72.07,55.09448935974793,0.917073970965794,0,14,4,100,71.64,76.82,65.22,74.6,0.0,0.0,0.0,0.0
618,34681,68.33,56.07025596882292,0.8810319327085447,0,23,4,100,76.21,61.92,73.98,61.22,0.0,0.0,0.0,0.0
619,39114,62.88,57.7202489977202,0.8870959395105424,0,12,4,100,62.55,58.81,61.0,69.17,0.0,0.0,0.0,0.0
620,35487,69.63,53.061798836492734,0.8957624947807092,0,21,4,100,78.55,64.91,73.77,61.28,0.0,0.0,0.0,0.0
621,35084,37.34,53.511877595647576,0.8842982538224484,0,22,4,100,37.55,38.87,34.56,38.38,0.0,0.0,0.0,0.0
622,38308,53.78,55.47193787765682,0.9130542350175362,0,14,4,100,54.1,53.17,52.62,55.23,0.0,0.0,0.0,0.0
623,38711,45.63,53.05949818925418,0.8847677535716582,0,13,4,100,43.9,45.57,45.73,47.33,0.0,0.0,0.0,0.0
624,38308,72.86,52.48313848416766,0.7685510559186527,0,14,4,100,73.29,61.51,82.42,74.23,0.0,0.0,0.0,0.0
625,35890,77.69,52.680338514708936,0.9352170427743608,0,20,4,100,79.02,72.04,81.4,78.31,0.0,0.0,0.0,0.0
626,36696,65.31,54.54361968670616,0.8832223875550047,0,18,4,100,64.8,65.36,60.61,70.48,0.0,0.0,0.0,0.0
627,37099,62.58,54.29061449655347,0.8904154304264574,0,17,4,100,58.83,67.77,60.68,63.05,0.0,0.0,0.0,0.0
628,36696,47.08,54.67487901078351,0.8517326593764617,0,18,4,100,42.94,52.26,44.42,48.69,0.0,0.0,0.0,0.0
629,37905,59.09,53.28673359692484,0.763908522480366,0,15,4,100,56.17,56.91,63.01,60.27,0.0,0.0,0.0,0.0
630,33875,64.43,53.51503717970182,0.9039419363830602,0,25,4,100,59.68,67.19,60.68,70.18,0.0,0.0,0.0,0.0
631,36293,59.57,51.17484159156841,0.8121348001904888,0,19,4,100,57.42,58.82,65.97,56.06,0.0,0.0,0.0,0.0
632,34278,64.36,53.58100383360488,0.9162850085361288,0,24,4,100,68.92,60.38,63.7,64.44,0.0,0.0,0.0,0.0
633,34278,46.24,54.56574687010514,0.8678217836006851,0,24,4,100,44.57,51.17,47.11,42.1,0.0,0.0,0.0,0.0
634,35487,63.78,55.76818116253004,0.8567208055515957,0,21,4,100,62.17,66.39,63.73,62.84,0.0,0.0,0.0,0.0
635,33875,53.46,53.64975400868696,0.925047845646431,0,25,4,100,50.07,60.75,48.29,54.72,0.0,0.0,0.0,0.0
636,36696,57.44,55.09095858484821,0.8655866248864257,0,18,4,100,60.79,57.44,58.74,52.77,0.0,0.0,0.0,0.0
637,35890,60.86,53.41457672634856,0.8982429121208242,0,20,4,100,65.0,60.49,62.86,55.08,0.0,0.0,0.0,0.0
638,37502,52.92,53.78452560624718,0.8255412799286432,0,16,4,100,52.32,47.03,55.89,56.43,0.0,0.0,0.0,0.0
639,33875,63.89,52.4193411523755,0.908654205691749,0,25,4,100,57.78,63.72,72.13,61.94,0.0,0.0,0.0,0.0
640,37502,61.39,54.13288770967242,0.7817797702891376,0,16,4,100,59.26,65.66,55.81,64.82,0.0,0.0,0.0,0.0
641,36293,70.65,53.38695486075101,0.9153175917524712,0,19,4,100,65.06,75.32,72.02,70.21,0.0,0.0,0.0,0.0
642,34278,36.98,53.06295330522224,0.8566574593736918,0,24,4,100,35.73,34.44,37.04,40.7,0.0,0.0,0.0,0.0
643,36696,49.81,51.15744977648433,0.7854848694892311,0,18,4,100,52.61,52.51,49.48,44.64,0.0,0.0,0.0,0.0
644,35890,63.71,52.42796284195303,0.8934408751393229,0,20,4,100,59.8,58.1,59.44,77.5,0.0,0.0,0.0,0.0
645,33875,76.12,54.79475883555239,0.910597230858403,0,25,4,100,75.39,74.22,81.88,72.97,0.0,0.0,0.0,0.0
646,33875,65.54,54.37657875797932,0.8651624914394938,0,25,4,100,63.21,66.69,68.46,63.81,0.0,0.0,0.0,0.0
647,38711,56.86,55.92642082931638,0.9146420624884256,0,13,4,100,59.31,49.98,60.59,57.55,0.0,0.0,0.0,0.0
648,35084,69.96,55.70257540405968,0.8646584253942704,0,22,4,100,73.6,75.33,63.92,67.01,0.0,0.0,0.0,0.0
649,34681,63.13,53.174345429318656,0.860516949907226,0,23,4,100,71.09,62.48,62.06,56.88,0.0,0.0,0.0,0.0
650,37099,64.97,55.967710211721496,0.8480449137367719,0,17,4,100,65.42,64.55,70.69,59.24,0.0,0.0,0.0,0.0
651,36293,59.19,52.36952643744537,0.9130065398168083,0,19,4,100,65.82,65.03,52.15,53.75,0.0,0.0,0.0,0.0
652,35890,55.61,52.77311760995336,0.9326402018901644,0,20,4,100,61.84,53.12,48.98,58.49,0.0,0.0,0.0,0.0
653,35890,64.16,54.0689690092121,0.840865156907357,0,20,4,100,59.37,76.14,57.11,64.03,0.0,0.0,0.0,0.0
654,36696,56.12,55.15681986732252,0.8326381761204296,0,18,4,100,57.88,56.2,61.01,49.37,0.0,0.0,0.0,0.0
655,38308,55.54,54.72830496049766,0.8215372727848923,0,14,4,100,56.12,58.46,51.16,56.4,0.0,0.0,0.0,0.0
656,34681,77.71,55.11454145564465,0.8451848769023459,0,23,4,100,79.42,68.87,83.8,78.76,0.0,0.0,0.0,0.0
657,33875,55.2,54.52657215396648,0.8153976115636158,0,25,4,100,60.03,55.47,51.62,53.7,0.0,0.0,0.0,0.0
658,34278,79.09,54.581847115079256,0.791991086454345,0,24,4,100,78.18,78.91,77.32,81.94,0.0,0.0,0.0,0.0
659,38711,57.33,52.15729621737451,0.8561359562870938,0,13,4,100,61.27,60.7,53.06,54.28,0.0,0.0,0.0,0.0
660,38711,68.79,57.73959402416575,0.8467392085583788,0,13,4,100,73.95,73.95,54.88,72.38,0.0,0.0,0.0,0.0
661,35084,68.19,54.70467687214423,0.8592030197942581,0,22,4,100,77.76,60.15,74.71,60.14,0.0,0.0,0.0,0.0
662,35487,51.04,52.7554324156904,0.9653748767640744,0,21,4,100,56.17,47.58,48.17,52.22,0.0,0.0,0.0,0.0
663,35084,47.02,53.53481252185576,0.8798467120935849,0,22,4,100,46.93,39.4,45.65,56.08,0.0,0.0,0.0,0.0
664,42375,70.4,54.13868800953182,0.8039405302374191,1,10,4,100,70.09,72.77,73.92,64.81,0.0,0.0,0.0,0.0
665,34681,75.12,54.057258661908406,0.8208045891687153,0,23,4,100,69.94,77.52,75.72,77.3,0.0,0.0,0.0,0.0
666,33875,69.16,52.09157023749615,0.8302525110897064,0,25,4,100,71.61,64.78,77.46,62.81,0.0,0.0,0.0,0.0
667,35487,76.67,52.107747909149566,0.7961499914879011,0,21,4,100,86.86,78.48,73.78,67.57,0.0,0.0,0.0,0.0
668,36696,47.9,54.376592837136776,0.8348639844873588,0,18,4,100,44.46,49.04,52.51,45.61,0.0,0.0,0.0,0.0
669,37905,72.92,52.292019408844254,0.8295339383279986,0,15,4,100,67.42,73.81,83.59,66.87,0.0,0.0,0.0,0.0
670,36696,32.46,55.64623457403722,0.8766211468057725,0,18,4,100,30.39,33.16,31.44,34.87,0.0,0.0,0.0,0.0
671,37502,87.12,53.75633819737227,0.8259268086203743,0,16,4,100,78.87,87.01,98.81,83.8,0.0,0.0,0.0,0.0
672,36293,54.67,50.17207647839504,0.8693456290614302,0,19,4,100,59.05,53.02,56.57,50.03,0.0,0.0,0.0,0.0
673,38711,62.59,53.65299410229757,0.8440016518105318,0,13,4,100,65.14,58.55,72.05,54.63,0.0,0.0,0.0,0.0
674,36696,73.56,53.27908095864738,0.9154103031354368,0,18,4,100,67.95,82.04,75.06,69.21,0.0,0.0,0.0,0.0
675,37502,59.56,54.4257519608931,0.8410907544724919,0,16,4,100,61.36,49.89,56.79,70.21,0.0,0.0,0.0,0.0
676,35084,69.21,52.31476717809492,0.8598767020293878,0,22,4,100,60.56,75.56,61.19,79.54,0.0,0.0,0.0,0.0
677,35890,82.28,54.02965087809719,0.9152758991593894,0,20,4,100,72.62,84.13,87.51,84.86,0.0,0.0,0.0,0.0
678,35890,47.81,53.18678891668926,0.8762129371101972,0,20,4,100,46.04,50.79,40.4,54.02,0.0,0.0,0.0,0.0
679,35084,51.64,54.14671928430207,0.8234564945481911,0,22,4,100,53.44,48.16,51.2,53.76,0.0,0.0,0.0,0.0
680,39114,57.84,53.21462351499815,0.7388057132143737,0,12,4,100,61.97,51.41,56.57,61.42,0.0,0.0,0.0,0.0
681,36293,67.78,54.65745348509204,0.8702966382372909,0,19,4,100,62.35,73.36,76.52,58.89,0.0,0.0,0.0,0.0
682,37099,70.79,50.824684178538895,0.8163115271187639,0,17,4,100,66.34,67.31,64.9,84.61,0.0,0.0,0.0,0.0
683,36293,70.74,53.30748820572588,0.799544590352433,0,19,4,100,74.68,69.46,65.87,72.94,0.0,0.0,0.0,0.0
684,35487,69.45,52.60472349834204,0.8404514240779604,0,21,4,100,64.23,64.33,70.86,78.39,0.0,0.0,0.0,0.0
685,35890,62.52,53.79854726400064,0.8074595660890368,0,20,4,100,62.48,60.28,67.12,60.18,0.0,0.0,0.0,0.0
686,36293,70.08,53.72534404118366,0.8754005217332654,0,19,4,100,58.5,64.7,77.65,79.45,0.0,0.0,0.0,0.0
687,36696,87.86,53.63769166470239,0.7637561312027383,0,18,4,100,86.66,88.75,87.64,88.38,0.0,0.0,0.0,0.0
688,35890,69.59,50.71410390889856,0.8964074494743282,0,20,4,100,59.94,80.34,76.8,61.29,0.0,0.0,0.0,0.0
689,37099,72.42,53.27007364592951,0.920378748877132,0,17,4,100,74.02,73.78,68.61,73.25,0.0,0.0,0.0,0.0
690,35487,73.31,52.508672620748094,0.7395686382573939,0,21,4,100,79.44,80.38,66.65,66.76,0.0,0.0,0.0,0.0
691,37099,79.52,51.94414438932152,0.9069698135871066,0,17,4,100,69.96,91.37,74.9,81.85,0.0,0.0,0.0,0.0
692,38308,58.23,53.91602414343914,0.9021359711350236,0,14,4,100,52.84,61.42,59.97,58.67,0.0,0.0,0.0,0.0
693,36293,90.43,53.93674982308743,0.9189890790021432,0,19,4,100,89.12,92.7,90.57,89.32,0.0,0.0,0.0,0.0
694,37502,76.19,50.46429828081943,0.8487457250040866,0,16,4,100,68.19,80.11,79.06,77.39,0.0,0.0,0.0,0.0
695,35890,67.74,53.14721920746908,0.9421273656802452,0,20,4,100,72.73,70.59,64.99,62.66,0.0,0.0,0.0,0.0
696,35487,68.62,53.80187589541549,0.8723575082787086,0,21,4,100,62.18,61.67,68.93,81.72,0.0,0.0,0.0,0.0
697,39517,57.8,55.21149180176806,0.8769747071382819,0,11,4,100,55.8,56.14,58.72,60.56,0.0,0.0,0.0,0.0
698,38308,72.35,54.46907821554707,0.8641458480338131,0,14,4,100,70.12,72.77,72.83,73.68,0.0,0.0,0.0,0.0
699,37905,48.82,52.15058376654819,0.8169473240870726,0,15,4,100,48.51,45.19,55.42,46.15,0.0,0.0,0.0,0.0
700,34681,67.23,54.067483079375386,0.8237788801652538,0,23,4,100,70.09,64.5,74.72,59.62,0.0,0.0,0.0,0.0
701,36293,58.16,53.14191188431066,0.832670292592686,0,19,4,100,60.15,56.6,50.41,65.49,0.0,0.0,0.0,0.0
702,35084,53.9,52.486304336786986,0.7890534627221271,0,22,4,100,60.24,50.6,57.73,47.01,0.0,0.0,0.0,0.0
703,38711,61.22,52.82227860805677,0.7700917848935717,0,13,4,100,62.58,65.93,51.37,64.98,0.0,0.0,0.0,0.0
704,38711,52.14,54.4864060733586,0.8928925971299189,0,13,4,100,49.54,46.54,52.09,60.4,0.0,0.0,0.0,0.0
705,37099,54.84,56.27952260942749,0.837540800579961,0,17,4,100,52.86,53.21,52.55,60.72,0.0,0.0,0.0,0.0
706,37502,67.32,53.117569366816326,0.7744362515560943,0,16,4,100,62.94,61.9,72.82,71.61,0.0,0.0,0.0,0.0
707,39920,74.66,53.53175896091991,0.7786725311501227,0,10,4,100,78.14,75.06,71.64,73.82,0.0,0.0,0.0,0.0
708,35487,59.22,53.04619988896938,0.803665045478024,0,21,4,100,58.44,54.55,62.14,61.74,0.0,0.0,0.0,0.0
709,33875,48.53,53.0584474365785,0.8813138373821732,0,25,4,100,53.82,54.44,43.24,42.62,0.0,0.0,0.0,0.0
710,34278,68.68,54.897945525713226,0.8186850618229315,0,24,4,100,62.13,75.39,66.87,70.31,0.0,0.0,0.0,0.0
711,37099,53.2,52.733432659536376,0.8038028962961156,0,17,4,100,61.45,57.21,48.07,46.07,0.0,0.0,0.0,0.0
712,33875,77.87,54.15900072680653,0.8112729695956924,0,25,4,100,73.46,76.92,82.93,78.17,0.0,0.0,0.0,0.0
713,38308,73.12,54.066510633517545,0.8781494381577699,0,14,4,100,84.29,72.35,61.3,74.53,0.0,0.0,0.0,0.0
714,37099,89.19,54.319454069702594,0.845939283938013,0,17,4,100,84.91,86.42,94.03,91.4,0.0,0.0,0.0,0.0
715,37099,59.26,54.33070810314006,0.8627581463201789,0,17,4,100,63.23,59.74,64.93,49.12,0.0,0.0,0.0,0.0
716,37502,48.77,54.79046400036032,0.873500142075343,0,16,4,100,50.13,51.7,44.95,48.31,0.0,0.0,0.0,0.0
717,35487,67.22,51.53195824490789,0.8481115859344271,0,21,4,100,57.35,74.99,65.71,70.83,0.0,0.0,0.0,0.0
718,38711,65.54,57.37373577178897,0.7840073674894761,0,13,4,100,74.36,64.62,65.33,57.86,0.0,0.0,0.0,0.0
719,39114,73.76,53.06916452718185,0.8298475112349007,0,12,4,100,65.13,73.88,68.24,87.81,0.0,0.0,0.0,0.0
720,36293,70.64,52.89523075045637,0.8422352069626846,0,19,4,100,68.92,64.8,71.82,77.03,0.0,0.0,0.0,0.0
721,37905,61.76,52.93774933075739,0.9199008449024716,0,15,4,100,62.15,70.51,58.33,56.03,0.0,0.0,0.0,0.0
722,35890,66.64,54.3791834969115,0.8201843718330721,0,20,4,100,61.46,62.82,69.44,72.85,0.0,0.0,0.0,0.0
723,39920,53.86,51.89358003322186,0.7904241467674746,0,10,4,100,56.28,50.42,60.81,47.92,0.0,0.0,0.0,0.0
724,37502,52.25,54.308358994565936,0.8451232528677627,0,16,4,100,51.55,54.86,50.26,52.33,0.0,0.0,0.0,0.0
725,33875,67.51,54.809593476594856,0.8761213852904133,0,25,4,100,65.04,69.93,65.42,69.64,0.0,0.0,0.0,0.0
726,39114,70.14,55.38036402362078,0.8843270814004108,0,12,4,100,65.3,76.41,66.44,72.4,0.0,0.0,0.0,0.0
727,36293,57.36,56.713973912270085,0.9899296773870288,0,19,4,100,55.66,61.67,52.92,59.17,0.0,0.0,0.0,0.0
728,37905,59.03,54.634888519467765,0.8815341057440884,0,15,4,100,61.49,53.85,60.08,60.7,0.0,0.0,0.0,0.0
729,36696,48.53,55.08861081217225,0.8158173488787257,0,18,4,100,48.36,47.5,50.58,47.68,0.0,0.0,0.0,0.0
730,34681,82.93,52.002622363586006,0.8776061381507257,0,23,4,100,80.29,73.59,91.63,86.21,0.0,0.0,0.0,0.0
731,39114,52.82,53.00677885054265,0.838047026038243,0,12,4,100,57.62,56.85,45.66,51.16,0.0,0.0,0.0,0.0
732,36696,57.37,50.78778709650504,0.825252281311556,0,18,4,100,51.92,59.33,59.99,58.23,0.0,0.0,0.0,0.0
733,46200,84.48,56.30022886366983,0.8338536617088771,3,5,4,100,93.4,83.3,78.31,82.91,0.0,0.0,0.0,0.0
734,37502,69.28,54.8275797830777,0.8390053761026904,0,16,4,100,74.51,74.4,58.34,69.87,0.0,0.0,0.0,0.0
735,35084,65.69,56.18015552117766,0.7504083834023098,0,22,4,100,64.68,60.31,67.99,69.77,0.0,0.0,0.0,0.0
736,33875,60.7,52.89410980213507,0.897670334994251,0,25,4,100,65.93,62.86,57.33,56.69,0.0,0.0,0.0,0.0
737,37502,74.42,53.649620562033874,0.8263245475715757,0,16,4,100,76.28,70.21,70.63,80.55,0.0,0.0,0.0,0.0
738,34681,81.0,53.15322536649503,0.9018072908024674,0,23,4,100,85.45,81.74,84.7,72.13,0.0,0.0,0.0,0.0
739,39517,58.66,53.61156044197737,0.8757221548683959,0,11,4,100,51.73,61.23,56.58,65.08,0.0,0.0,0.0,0.0
740,36293,41.77,52.88117501716273,0.8468630404753293,0,19,4,100,42.08,44.72,37.15,43.12,0.0,0.0,0.0,0.0
741,38308,56.55,54.3252587949267,0.8595676467589516,0,14,4,100,52.46,52.03,61.1,60.6,0.0,0.0,0.0,0.0
742,38308,55.12,53.60692366739551,0.8321085019558172,0,14,4,100,59.42,44.81,59.76,56.51,0.0,0.0,0.0,0.0
743,35084,49.94,52.80930953951811,0.8754025010322924,0,22,4,100,49.21,48.72,53.24,48.59,0.0,0.0,0.0,0.0
744,35084,62.29,52.12961703494661,0.7966602505519891,0,22,4,100,56.77,67.25,64.42,60.72,0.0,0.0,0.0,0.0
745,35487,78.41,52.61280287345516,0.813602589854262,0,21,4,100,72.73,73.91,88.26,78.74,0.0,0.0,0.0,0.0
746,34681,43.9,54.91720336375069,0.8404978225181589,0,23,4,100,42.92,43.36,42.47,46.87,0.0,0.0,0.0,0.0
747,37905,67.32,52.899800642981525,0.7791235606554293,0,15,4,100,62.16,64.26,68.5,74.36,0.0,0.0,0.0,0.0
748,36696,52.14,54.66062591323664,0.7449768292754901,0,18,4,100,49.89,49.13,51.41,58.15,0.0,0.0,0.0,0.0
749,39114,61.35,55.54850256297932,0.8348196718668148,0,12,4,100,67.0,62.17,62.34,53.88,0.0,0.0,0.0,0.0
750,36293,62.78,57.07658382390811,0.8977741211707669,0,19,4,100,63.17,57.32,60.79,69.82,0.0,0.0,0.0,0.0
751,33875,85.58,51.94107483034167,0.8457685334657867,0,25,4,100,88.72,80.24,90.98,82.36,0.0,0.0,0.0,0.0
752,37905,55.41,54.9149924094217,0.7959919200762336,0,15,4,100,53.13,52.96,53.08,62.48,0.0,0.0,0.0,0.0
753,37099,67.8,52.96196683856864,0.8309247995459594,0,17,4,100,75.35,62.12,75.43,58.28,0.0,0.0,0.0,0.0
754,35487,84.14,53.21460537896646,0.8767369921408311,0,21,4,100,97.91,78.58,85.05,75.03,0.0,0.0,0.0,0.0
755,37099,67.51,54.37102197875375,0.8601955870089658,0,17,4,100,57.73,72.89,68.04,71.39,0.0,0.0,0.0,0.0
756,36696,70.78,52.9667218157255,0.9035382410193036,0,18,4,100,73.58,64.55,70.31,74.7,0.0,0.0,0.0,0.0
757,37502,76.93,53.52866017494629,0.7873405187298437,0,16,4,100,69.48,74.33,85.84,78.08,0.0,0.0,0.0,0.0
758,33875,86.58,55.27834593045778,0.8790579143320362,0,25,4,100,85.51,84.93,88.59,87.31,0.0,0.0,0.0,0.0
759,37099,63.93,54.47433679815161,0.7747544482337511,0,17,4,100,56.5,60.39,68.7,70.12,0.0,0.0,0.0,0.0
760,36293,70.13,55.17677500437477,0.8520827134330091,0,19,4,100,78.84,70.11,64.66,66.9,0.0,0.0,0.0,0.0
761,37905,65.94,55.53301645271688,0.9163818553669992,0,15,4,100,72.73,62.84,70.02,58.19,0.0,0.0,0.0,0.0
762,39114,67.68,53.68080451247579,0.898970236175681,0,12,4,100,63.23,78.08,66.42,62.99,0.0,0.0,0.0,0.0
763,37502,61.79,53.723112574800936,0.8847003357822243,0,16,4,100,60.51,64.39,55.19,67.07,0.0,0.0,0.0,0.0
764,39114,48.28,52.65859908609446,0.8316767996887311,0,12,4,100,48.88,51.55,47.07,45.62,0.0,0.0,0.0,0.0
765,35890,76.23,54.49664710061561,0.8495005300764052,0,20,4,100,72.79,77.73,72.04,82.36,0.0,0.0,0.0,0.0
766,36293,66.93,53.50925201631981,0.8015686233986266,0,19,4,100,63.39,62.05,74.23,68.05,0.0,0.0,0.0,0.0
767,36293,88.16,53.28230787745382,0.8407567435692898,0,19,4,100,88.09,87.77,88.21,88.59,0.0,0.0,0.0,0.0
768,36696,50.12,55.525369775901055,0.8812491089334898,0,18,4,100,58.3,47.42,45.41,49.34,0.0,0.0,0.0,0.0
769,33875,63.36,53.46322473044728,0.8191756408363402,0,25,4,100,52.18,71.37,67.31,62.58,0.0,0.0,0.0,0.0
770,37099,82.75,55.14211908356598,0.9636742011743172,0,17,4,100,87.23,84.34,86.15,73.29,0.0,0.0,0.0,0.0
771,39920,70.04,54.18073325835768,0.7914059424065321,0,10,4,100,71.53,73.59,60.4,74.62,0.0,0.0,0.0,0.0
772,35084,64.27,55.702338554072526,0.8080005850334329,0,22,4,100,69.54,61.56,60.96,65.02,0.0,0.0,0.0,0.0
773,38711,65.86,52.63842172027517,0.8139140694691686,0,13,4,100,67.06,64.64,59.19,72.57,0.0,0.0,0.0,0.0
774,37502,48.46,56.19175448652513,0.8486883784600582,0,16,4,100,52.98,43.75,50.69,46.42,0.0,0.0,0.0,0.0
775,35084,55.3,54.970326606775686,0.8272277159857672,0,22,4,100,54.38,56.46,54.28,56.06,0.0,0.0,0.0,0.0
776,38711,73.61,52.85614280463292,0.7962001892633153,0,13,4,100,71.15,75.67,79.33,68.3,0.0,0.0,0.0,0.0
777,37502,58.29,53.29455810591188,0.8388180229966463,0,16,4,100,53.52,63.09,53.09,63.47,0.0,0.0,0.0,0.0
778,37099,47.24,56.42254651195146,0.9016893257895502,0,17,4,100,44.21,46.13,50.28,48.33,0.0,0.0,0.0,0.0
779,38711,64.32,53.9613720509593,0.8631544460979453,0,13,4,100,60.63,76.9,64.79,54.97,0.0,0.0,0.0,0.0
780,38308,90.8,54.88867929944862,0.812269360629142,0,14,4,100,100.0,92.39,82.61,88.2,0.0,0.0,0.0,0.0
781,41015,63.14,53.17913482421145,0.8599151415818101,2,15,4,100,59.76,65.05,60.1,67.66,0.0,0.0,0.0,0.0
782,35890,87.44,54.61182711860632,0.7675442952182383,0,20,4,100,94.64,88.7,71.09,95.35,0.0,0.0,0.0,0.0
783,37502,55.12,55.048929570334906,0.8560032408770822,0,16,4,100,51.42,49.93,54.86,64.26,0.0,0.0,0.0,0.0
784,35890,55.62,55.41432844479041,0.7897632451428159,0,20,4,100,59.42,59.95,52.38,50.75,0.0,0.0,0.0,0.0
785,34681,92.17,52.79664899380436,0.8192568905909797,0,23,4,100,90.94,88.9,91.11,97.74,0.0,0.0,0.0,0.0
786,35084,45.79,56.620289517764085,0.9004430017836105,0,22,4,100,49.63,41.56,47.24,44.74,0.0,0.0,0.0,0.0
787,35084,67.15,53.41180915011629,0.8954004263948513,0,22,4,100,68.56,64.24,69.7,66.11,0.0,0.0,0.0,0.0
788,35084,69.33,52.89541058790971,0.9060550874816404,0,22,4,100,62.85,68.87,68.6,76.99,0.0,0.0,0.0,0.0
789,37099,63.67,54.40467545101803,0.7727484769583891,0,17,4,100,63.61,63.13,55.15,72.77,0.0,0.0,0.0,0.0
790,35487,64.51,52.89814341765506,0.8594812198222322,0,21,4,100,60.79,58.81,71.95,66.5,0.0,0.0,0.0,0.0
791,37502,72.34,56.44298911081653,0.8204188287564599,0,16,4,100,76.52,77.75,72.07,63.03,0.0,0.0,0.0,0.0
792,36696,77.97,55.480875009271216,0.8101591801477321,0,18,4,100,80.03,82.09,81.55,68.21,0.0,0.0,0.0,0.0
793,38308,67.28,53.58967448273517,0.8494995785248177,0,14,4,100,71.69,62.48,62.24,72.7,0.0,0.0,0.0,0.0
794,38711,49.41,54.67192561532272,0.8314444978790742,0,13,4,100,54.96,56.8,43.02,42.86,0.0,0.0,0.0,0.0
795,34681,74.6,53.798590411882365,0.8331919538601298,0,23,4,100,75.01,77.4,72.07,73.94,0.0,0.0,0.0,0.0
796,34681,64.78,53.56905189247153,0.7536603083504989,0,23,4,100,60.81,66.32,64.83,67.18,0.0,0.0,0.0,0.0
797,35084,45.29,54.75751763299685,0.7390661642071027,0,22,4,100,47.94,47.97,45.8,39.46,0.0,0.0,0.0,0.0
798,38711,58.11,52.87391586583089,0.8002885026037938,0,13,4,100,62.12,61.67,52.54,56.13,0.0,0.0,0.0,0.0
799,36696,63.87,53.93914018215385,0.8572992732484066,0,18,4,100,66.2,59.18,64.71,65.38,0.0,0.0,0.0,0.0
800,35890,59.05,57.2459760171408,0.8133989860929177,0,20,4,100,60.25,59.31,62.3,54.33,0.0,0.0,0.0,0.0
801,37905,62.39,53.01777622091948,0.791317927420766,0,15,4,100,59.03,67.52,62.34,60.67,0.0,0.0,0.0,0.0
802,37099,57.95,54.57714384333741,0.895767105089933,0,17,4,100,52.65,64.33,53.86,60.95,0.0,0.0,0.0,0.0
803,38308,61.5,51.32381266161889,0.885147661568394,0,14,4,100,53.66,69.93,66.3,56.1,0.0,0.0,0.0,0.0
804,35890,56.32,53.22787924475338,0.8321487631153155,0,20,4,100,53.34,59.61,50.91,61.41,0.0,0.0,0.0,0.0
805,33875,60.68,55.56843423113292,0.9194028757036232,0,25,4,100,51.32,63.03,68.29,60.06,0.0,0.0,0.0,0.0
806,38711,78.61,55.47083687772421,0.822719479558132,0,13,4,100,78.09,83.5,74.12,78.72,0.0,0.0,0.0,0.0
807,37905,59.1,51.732052589063045,0.8346934964888039,0,15,4,100,59.08,61.19,55.32,60.82,0.0,0.0,0.0,0.0
808,34681,59.09,52.24137229845421,0.7957439910180553,0,23,4,100,61.37,56.22,60.87,57.9,0.0,0.0,0.0,0.0
809,37099,34.54,56.85985756862118,0.7721889842137694,0,17,4,100,35.35,32.67,36.43,33.73,0.0,0.0,0.0,0.0
810,37905,68.34,53.39601963907392,0.850600006968923,0,15,4,100,56.94,73.66,74.83,67.93,0.0,0.0,0.0,0.0
811,37099,63.04,53.07067523161896,0.825952376492129,0,17,4,100,56.61,68.34,60.67,66.53,0.0,0.0,0.0,0.0
812,35084,52.68,53.7583403294994,0.8871808993319418,0,22,4,100,55.73,48.85,52.6,53.53,0.0,0.0,0.0,0.0
813,37099,63.84,55.80300980524313,0.8016440963078135,0,17,4,100,70.86,55.97,63.38,65.14,0.0,0.0,0.0,0.0
814,37905,61.38,53.91685507101014,0.8161568420029305,0,15,4,100,55.35,63.53,64.6,62.03,0.0,0.0,0.0,0.0
815,36696,72.58,55.458410446676325,0.7821071747414442,0,18,4,100,80.32,65.49,66.41,78.1,0.0,0.0,0.0,0.0
816,37905,65.96,52.73955251693132,0.861443731440983,0,15,4,100,66.26,71.05,68.56,57.97,0.0,0.0,0.0,0.0
817,37905,72.84,53.88064483463216,0.9513877649597644,0,15,4,100,78.32,66.19,68.64,78.2,0.0,0.0,0.0,0.0
818,39920,44.8,53.07754431484832,0.7942146141189,0,10,4,100,48.47,42.25,47.51,40.96,0.0,0.0,0.0,0.0
819,35487,51.08,54.1124592646698,0.8231449682540956,0,21,4,100,52.73,48.46,50.83,52.28,0.0,0.0,0.0,0.0
820,36293,45.08,56.04112243034227,0.8774594478067733,0,19,4,100,43.75,38.29,47.11,51.16,0.0,0.0,0.0,0.0
821,36696,50.56,53.25597970980403,0.8163479962987272,0,18,4,100,45.09,50.85,49.06,57.24,0.0,0.0,0.0,0.0
822,33875,45.72,55.54258429172258,0.8715632438262791,0,25,4,100,49.95,41.98,48.07,42.9,0.0,0.0,0.0,0.0
823,37099,56.87,56.30793854700057,0.7775772864283437,0,17,4,100,66.47,55.17,54.12,51.72,0.0,0.0,0.0,0.0
824,37905,47.73,54.06064920610834,0.7857771883212707,0,15,4,100,54.5,41.36,43.63,51.42,0.0,0.0,0.0,0.0
825,35890,72.57,54.00505660537877,0.9240747245777128,0,20,4,100,68.5,77.29,74.45,70.03,0.0,0.0,0.0,0.0
826,37502,63.32,53.518316576857934,0.7639015469568566,0,16,4,100,66.42,58.22,72.62,56.01,0.0,0.0,0.0,0.0
827,36696,58.13,53.40563929960325,0.7863876097343191,0,18,4,100,57.33,63.87,62.39,48.94,0.0,0.0,0.0,0.0
828,35890,51.58,54.71195514769017,0.8475797596114643,0,20,4,100,56.7,44.42,56.14,49.08,0.0,0.0,0.0,0.0
829,38308,44.37,49.56177736560496,0.8856918127657888,0,14,4,100,43.9,44.66,40.74,48.18,0.0,0.0,0.0,0.0
830,39517,78.05,54.10854158635719,0.6658254403264975,0,11,4,100,86.93,76.21,65.66,83.42,0.0,0.0,0.0,0.0
831,39920,78.64,50.48839915015928,0.7946550516632119,0,10,4,100,86.21,80.71,83.24,64.39,0.0,0.0,0.0,0.0
832,37099,54.02,54.05307556964471,0.8803696875364533,0,17,4,100,53.48,52.74,55.43,54.44,0.0,0.0,0.0,0.0
833,37905,67.07,54.09416264577122,0.9023331365462676,0,15,4,100,72.74,72.91,59.65,62.99,0.0,0.0,0.0,0.0
834,36293,64.79,47.43000378235836,0.8461448811704689,0,19,4,100,62.6,63.18,63.65,69.73,0.0,0.0,0.0,0.0
835,37099,76.76,57.14868305410599,0.8846807257998305,0,17,4,100,71.08,80.5,70.5,84.98,0.0,0.0,0.0,0.0
836,38308,69.86,55.38450083210172,0.8063015096414662,0,14,4,100,71.63,66.67,76.62,64.52,0.0,0.0,0.0,0.0
837,37905,62.72,52.92219008069254,0.807752009529307,0,15,4,100,69.2,58.23,65.52,57.93,0.0,0.0,0.0,0.0
838,37099,63.29,57.92408916176425,0.7932651546336699,0,17,4,100,56.14,71.72,59.38,65.92,0.0,0.0,0.0,0.0
839,35084,80.77,57.14422822184956,0.8153357671943907,0,22,4,100,88.95,76.41,79.08,78.65,0.0,0.0,0.0,0.0
840,35084,71.6,53.32623895653579,0.8140986818384047,0,22,4,100,76.75,70.24,74.43,64.99,0.0,0.0,0.0,0.0
841,37502,75.26,51.20648098659946,0.7738226956862608,0,16,4,100,77.75,75.83,68.93,78.51,0.0,0.0,0.0,0.0
842,35487,54.9,55.019745289051855,0.830008943621774,0,21,4,100,47.72,58.98,59.06,53.85,0.0,0.0,0.0,0.0
843,35890,60.64,53.97865537596459,0.8455490664590674,0,20,4,100,56.88,67.7,52.5,65.48,0.0,0.0,0.0,0.0
844,36293,50.04,52.91714508560294,0.7834725859177564,0,19,4,100,43.69,55.52,47.74,53.19,0.0,0.0,0.0,0.0
845,38308,61.31,53.68611291645735,0.8362161671530041,0,14,4,100,61.34,55.03,55.2,73.66,0.0,0.0,0.0,0.0
846,36293,66.74,54.319461754985646,0.866930407471075,0,19,4,100,69.22,57.67,74.45,65.63,0.0,0.0,0.0,0.0
847,38308,61.24,53.03789652599791,0.8802330539156891,0,14,4,100,62.48,67.1,60.95,54.42,0.0,0.0,0.0,0.0
848,37502,46.31,53.61378553836059,0.957617260662018,0,16,4,100,44.66,41.26,48.76,50.57,0.0,0.0,0.0,0.0
849,35487,66.91,54.013249998206085,0.862741440489337,0,21,4,100,58.99,69.81,66.24,72.61,0.0,0.0,0.0,0.0
850,39517,65.92,54.29670839658151,0.8102118548343784,0,11,4,100,68.48,72.39,54.34,68.46,0.0,0.0,0.0,0.0
851,38711,55.16,53.41122230759851,0.8491167248919659,0,13,4,100,53.63,56.42,58.15,52.44,0.0,0.0,0.0,0.0
852,41532,58.78,52.99548108317328,0.8060295765862662,0,6,4,100,51.2,61.57,65.48,56.85,0.0,0.0,0.0,0.0
853,36293,61.77,55.29407125627103,0.9029155661799304,0,19,4,100,63.2,60.31,55.29,68.27,0.0,0.0,0.0,0.0
854,37099,63.68,52.8997394768355,0.8180412424068525,0,17,4,100,72.69,73.5,54.19,54.33,0.0,0.0,0.0,0.0
855,35890,75.64,56.18465427164104,0.8332805341098704,0,20,4,100,66.04,80.5,88.25,67.75,0.0,0.0,0.0,0.0
856,35084,65.82,54.03347157181569,0.8570174298821366,0,22,4,100,67.44,56.51,63.5,75.83,0.0,0.0,0.0,0.0
857,39920,69.46,56.26400393152219,0.8290492941635023,0,10,4,100,69.76,74.22,68.73,65.15,0.0,0.0,0.0,0.0
858,35084,64.53,54.661652443330375,0.843848844943024,0,22,4,100,56.63,66.19,77.44,57.87,0.0,0.0,0.0,0.0
859,34681,58.04,54.90093715327464,0.7369337430945264,0,23,4,100,52.72,62.44,52.7,64.31,0.0,0.0,0.0,0.0
860,37099,64.54,51.71004433482192,0.8134224352299141,0,17,4,100,68.09,60.91,57.83,71.32,0.0,0.0,0.0,0.0
861,37502,73.78,54.87080728719492,0.8270497044266774,0,16,4,100,71.78,74.57,78.9,69.85,0.0,0.0,0.0,0.0
862,37905,72.98,54.21717922587074,0.9045722074920952,0,15,4,100,64.6,82.51,62.25,82.56,0.0,0.0,0.0,0.0
863,37502,75.05,55.63769908305685,0.7854871790391387,0,16,4,100,73.66,78.56,78.06,69.92,0.0,0.0,0.0,0.0
864,36293,52.69,54.98562994411706,0.7880338151296528,0,19,4,100,58.56,54.54,51.82,45.86,0.0,0.0,0.0,0.0
865,35487,68.27,53.94424552953915,0.756846128013166,0,21,4,100,63.09,76.56,74.68,58.74,0.0,0.0,0.0,0.0
866,37905,52.8,53.87001048741684,0.7835630391717855,0,15,4,100,58.83,44.76,50.93,56.69,0.0,0.0,0.0,0.0
867,35487,58.64,53.02285565957633,0.7587965639886871,0,21,4,100,54.11,58.94,69.53,51.96,0.0,0.0,0.0,0.0
868,36293,47.94,51.54954625664383,0.8614960357525414,0,19,4,100,49.2,56.41,45.35,40.78,0.0,0.0,0.0,0.0
869,35890,67.63,54.631407485962896,0.8154273339887013,0,20,4,100,66.9,65.93,72.6,65.08,0.0,0.0,0.0,0.0
870,36293,57.03,54.4724818899807,0.8688124178471086,0,19,4,100,50.4,51.51,60.65,65.56,0.0,0.0,0.0,0.0
871,36696,74.06,52.47374528874841,0.8105479061606747,0,18,4,100,69.9,73.87,82.47,69.98,0.0,0.0,0.0,0.0
872,39114,62.75,55.48873142690031,0.8081100199011264,0,12,4,100,62.44,64.2,60.86,63.5,0.0,0.0,0.0,0.0
873,35487,70.47,53.09732418476237,0.8620203458849105,0,21,4,100,77.76,67.42,64.33,72.36,0.0,0.0,0.0,0.0
874,36696,53.67,54.48086774537814,0.8457600930771563,0,18,4,100,53.23,54.11,54.09,53.26,0.0,0.0,0.0,0.0
875,36293,57.9,54.60065826092708,0.7957672689700809,0,19,4,100,47.54,67.36,63.03,53.65,0.0,0.0,0.0,0.0
876,38308,61.55,53.16316019113904,0.7573364127629545,0,14,4,100,71.17,59.21,58.46,57.35,0.0,0.0,0.0,0.0
877,36293,59.57,52.37101522492432,0.8792899526798317,0,19,4,100,55.98,60.17,60.63,61.5,0.0,0.0,0.0,0.0
878,38308,48.35,55.33863790398888,0.8023770745487258,0,14,4,100,44.13,50.83,53.49,44.94,0.0,0.0,0.0,0.0
879,35487,56.59,55.04549636160302,0.7828288938618454,0,21,4,100,49.79,60.45,62.73,53.39,0.0,0.0,0.0,0.0
880,37905,61.6,54.49349842787664,0.8525292062661761,0,15,4,100,63.54,67.51,59.61,55.72,0.0,0.0,0.0,0.0
881,39517,72.8,54.21558203747231,0.7927356595675922,0,11,4,100,83.82,63.11,77.07,67.19,0.0,0.0,0.0,0.0
882,37905,56.16,55.92077023761615,0.8452588988944272,0,15,4,100,57.21,53.15,56.13,58.14,0.0,0.0,0.0,0.0
883,36293,65.99,54.44285756256366,0.7628693180150724,0,19,4,100,72.18,61.78,59.54,70.47,0.0,0.0,0.0,0.0
884,35487,73.19,53.478628105493456,0.8432342279744697,0,21,4,100,70.51,69.93,79.02,73.32,0.0,0.0,0.0,0.0
885,37905,72.35,56.00328307718145,0.8749818837873538,0,15,4,100,66.48,79.41,70.09,73.43,0.0,0.0,0.0,0.0
886,37099,69.79,55.089937143505566,0.805264190497736,0,17,4,100,71.08,70.65,65.09,72.34,0.0,0.0,0.0,0.0
887,38308,75.27,54.92802890921201,0.8281907997195583,0,14,4,100,77.01,77.07,68.57,78.43,0.0,0.0,0.0,0.0
888,35487,56.98,54.38739085165136,0.7859430086375223,0,21,4,100,57.06,55.06,56.96,58.84,0.0,0.0,0.0,0.0
889,41129,55.69,53.31508004332454,0.778152956225723,0,7,4,100,50.56,60.54,60.56,51.11,0.0,0.0,0.0,0.0
890,37099,67.14,54.30755649257826,0.8244453248553161,0,17,4,100,69.97,61.66,76.3,60.62,0.0,0.0,0.0,0.0
891,41129,58.93,54.15819160036453,0.8193239421573405,0,7,4,100,60.42,65.57,56.39,53.35,0.0,0.0,0.0,0.0
892,37502,61.43,52.251951156974044,0.8949083770097322,0,16,4,100,66.07,58.31,59.4,61.93,0.0,0.0,0.0,0.0
893,37905,72.58,55.01126268202583,0.8319525649564968,0,15,4,100,64.2,77.21,74.86,74.05,0.0,0.0,0.0,0.0
894,37099,69.77,53.91265746328508,0.7613859851832201,0,17,4,100,78.36,76.75,62.47,61.5,0.0,0.0,0.0,0.0
895,39920,51.58,56.35988598366431,0.8809595135809951,0,10,4,100,46.31,54.24,49.36,56.4,0.0,0.0,0.0,0.0
896,37502,71.15,54.986789192911,0.7373281880223651,0,16,4,100,76.55,64.72,69.29,74.03,0.0,0.0,0.0,0.0
897,35890,58.61,57.45728502716647,0.786017595185228,0,20,4,100,56.19,54.55,65.78,57.92,0.0,0.0,0.0,0.0
898,36293,73.03,55.22652733539509,0.8240030246040411,0,19,4,100,64.43,83.44,70.1,74.13,0.0,0.0,0.0,0.0
899,35890,78.02,52.07971640749818,0.7586373240912742,0,20,4,100,68.16,82.01,82.5,79.42,0.0,0.0,0.0,0.0
900,38711,54.99,56.61506404747716,0.8053398573498509,0,13,4,100,53.6,53.13,51.38,61.86,0.0,0.0,0.0,0.0
901,36293,56.29,54.26333668706819,0.8463830424487406,0,19,4,100,58.23,50.28,57.49,59.16,0.0,0.0,0.0,0.0
902,38711,69.44,53.218762094170245,0.869621879146777,0,13,4,100,77.07,69.85,67.94,62.88,0.0,0.0,0.0,0.0
903,39517,62.1,52.86693709243301,0.765183512754614,0,11,4,100,67.67,61.28,53.5,65.96,0.0,0.0,0.0,0.0
904,39114,68.7,54.83034703051863,0.8286987224002158,0,12,4,100,73.62,55.76,71.48,73.96,0.0,0.0,0.0,0.0
905,37099,84.45,54.720211346752144,0.8233780619148363,0,17,4,100,85.54,79.41,85.8,87.05,0.0,0.0,0.0,0.0
906,37502,58.44,50.27371263935635,0.7972592479968982,0,16,4,100,63.75,51.55,58.6,59.86,0.0,0.0,0.0,0.0
907,37099,31.29,53.294788956405725,0.8050888931367659,0,17,4,100,30.94,26.46,34.04,33.72,0.0,0.0,0.0,0.0
908,36293,78.8,54.019379207194575,0.7982586193366341,0,19,4,100,82.39,78.27,76.53,78.02,0.0,0.0,0.0,0.0
909,39920,66.95,54.08429993764118,0.8611209492145872,0,10,4,100,61.16,67.33,74.03,65.27,0.0,0.0,0.0,0.0
910,39114,48.44,53.29991513809713,0.7514103440565537,0,12,4,100,50.37,47.03,54.41,41.93,0.0,0.0,0.0,0.0
911,38711,75.14,51.39583348068852,0.8495368747817603,0,13,4,100,71.59,75.72,82.06,71.19,0.0,0.0,0.0,0.0
912,37099,71.06,55.07132291855662,0.87147469397208,0,17,4,100,73.2,63.24,68.99,78.83,0.0,0.0,0.0,0.0
913,36696,74.28,55.99477365083273,0.8187577497486916,0,18,4,100,66.42,79.46,75.25,76.01,0.0,0.0,0.0,0.0
914,37502,61.24,55.02894741452676,0.7707519153745083,0,16,4,100,56.44,63.88,58.83,65.8,0.0,0.0,0.0,0.0
915,36293,45.85,54.12910509859907,0.7733434750089101,0,19,4,100,41.29,44.08,47.88,50.16,0.0,0.0,0.0,0.0
916,37502,44.06,53.89840086724351,0.811567501130698,0,16,4,100,42.06,42.36,53.65,38.18,0.0,0.0,0.0,0.0
917,37502,74.5,53.95822015224751,0.8360654840037646,0,16,4,100,76.63,64.22,79.72,77.43,0.0,0.0,0.0,0.0
918,37099,85.49,54.25250464691208,0.7538886456682528,0,17,4,100,87.22,86.24,85.1,83.42,0.0,0.0,0.0,0.0
919,37099,72.52,54.93880051513434,0.8214400300536983,0,17,4,100,75.26,69.83,77.28,67.72,0.0,0.0,0.0,0.0
920,37099,66.82,56.278363977851065,0.8996720326218831,0,17,4,100,71.17,67.69,63.48,64.92,0.0,0.0,0.0,0.0
921,38711,73.38,52.56035805380627,0.7055494592398748,0,13,4,100,79.0,77.28,66.85,70.38,0.0,0.0,0.0,0.0
922,36293,66.01,57.76651423766855,0.8244467808190743,0,19,4,100,65.37,60.04,70.86,67.77,0.0,0.0,0.0,0.0
923,36696,82.32,52.730056252201706,0.6759190267953625,0,18,4,100,97.33,71.83,88.12,72.02,0.0,0.0,0.0,0.0
924,34278,53.12,55.72825368264143,0.8326497688534066,0,24,4,100,49.5,53.69,57.62,51.69,0.0,0.0,0.0,0.0
925,39517,68.85,54.43287285875855,0.8684466952376877,0,11,4,100,71.81,58.09,70.2,75.31,0.0,0.0,0.0,0.0
926,37502,58.21,52.57788664736205,0.772358921426636,0,16,4,100,58.54,59.58,53.06,61.66,0.0,0.0,0.0,0.0
927,40323,74.2,55.29678129060535,0.7933342350990283,0,9,4,100,72.7,77.43,68.67,78.0,0.0,0.0,0.0,0.0
928,44239,52.59,54.24406916928684,0.8603406998758879,2,7,4,100,47.97,60.79,47.14,54.45,0.0,0.0,0.0,0.0
929,38711,42.78,52.82771316918968,0.6843006063747823,0,13,4,100,41.05,41.18,42.54,46.34,0.0,0.0,0.0,0.0
930,39517,40.3,52.12680934631269,0.7837758710291671,0,11,4,100,46.12,40.59,38.96,35.54,0.0,0.0,0.0,0.0
931,37502,57.14,51.95045359471602,0.8072267717782687,0,16,4,100,56.65,53.22,60.84,57.87,0.0,0.0,0.0,0.0
932,37905,69.47,54.077570130291065,0.8368733112791182,0,15,4,100,63.21,75.99,70.82,67.87,0.0,0.0,0.0,0.0
933,41129,84.92,51.85837610748826,0.7829971169595291,0,7,4,100,87.91,79.07,84.1,88.6,0.0,0.0,0.0,0.0
934,40726,68.94,55.35552610090713,0.8122068737578703,0,8,4,100,68.64,74.05,71.46,61.62,0.0,0.0,0.0,0.0
935,37502,49.86,54.988023614912976,0.8518796476605894,0,16,4,100,49.38,48.54,57.36,44.15,0.0,0.0,0.0,0.0
936,39517,73.93,54.59438894055478,0.8163290720027392,0,11,4,100,73.93,75.86,76.69,69.22,0.0,0.0,0.0,0.0
937,36696,69.87,53.385507196980576,0.8274515025888648,0,18,4,100,72.25,63.01,77.02,67.19,0.0,0.0,0.0,0.0
938,34681,73.13,53.24876900270257,0.8806262076864788,0,23,4,100,74.97,82.72,67.52,67.33,0.0,0.0,0.0,0.0
939,37905,65.98,52.72543734051624,0.8192380153962859,0,15,4,100,69.95,72.4,53.26,68.29,0.0,0.0,0.0,0.0
940,38308,84.16,54.069828485517554,0.77472529289631,0,14,4,100,80.38,93.65,87.44,75.15,0.0,0.0,0.0,0.0
941,36293,69.09,54.58348674793172,0.8126603219852097,0,19,4,100,64.93,68.88,74.66,67.87,0.0,0.0,0.0,0.0
942,39114,51.23,52.88271608754206,0.7186636679640604,0,12,4,100,58.77,44.53,52.3,49.32,0.0,0.0,0.0,0.0
943,34278,81.08,54.90854004286453,0.7664611352803089,0,24,4,100,84.47,83.61,74.65,81.58,0.0,0.0,0.0,0.0
944,37502,52.9,53.83498943759195,0.7868516904390734,0,16,4,100,57.34,49.89,47.43,56.94,0.0,0.0,0.0,0.0
945,36293,69.67,51.84851785364447,0.802125713748041,0,19,4,100,72.71,72.82,63.95,69.22,0.0,0.0,0.0,0.0
946,38308,48.39,53.43725469302905,0.8240558823731806,0,14,4,100,41.28,55.29,54.0,43.0,0.0,0.0,0.0,0.0
947,39517,69.65,54.67241926725632,0.739930182265247,0,11,4,100,70.95,66.73,63.89,77.04,0.0,0.0,0.0,0.0
948,38308,71.64,55.41255782237538,0.8655080843418427,0,14,4,100,77.5,59.58,73.0,76.48,0.0,0.0,0.0,0.0
949,36696,76.55,53.95249570423984,0.7499893808966415,0,18,4,100,74.1,84.98,74.99,72.12,0.0,0.0,0.0,0.0
950,39920,79.52,54.53530243240934,0.8723735529309882,0,10,4,100,70.99,82.51,73.58,90.98,0.0,0.0,0.0,0.0
951,37905,56.73,52.56175467416958,0.8167654512782907,0,15,4,100,53.38,62.96,50.85,59.72,0.0,0.0,0.0,0.0
952,39517,43.69,54.39301252800605,0.8718743380494434,0,11,4,100,48.42,37.94,45.6,42.79,0.0,0.0,0.0,0.0
953,37502,73.26,54.548867899062266,0.8567786453599537,0,16,4,100,74.47,70.3,81.78,66.5,0.0,0.0,0.0,0.0
954,37905,73.41,53.346849976391184,0.8660896825871572,0,15,4,100,77.64,79.75,73.03,63.21,0.0,0.0,0.0,0.0
955,41972,69.07,54.39828312014999,0.7625674377891243,1,11,4,100,76.32,58.5,68.2,73.28,0.0,0.0,0.0,0.0
956,37099,38.72,55.25136492345343,0.7228759087447971,0,17,4,100,35.8,36.16,39.26,43.65,0.0,0.0,0.0,0.0
957,36293,65.5,56.41709542977018,0.8352757521123957,0,19,4,100,62.65,58.76,68.89,71.68,0.0,0.0,0.0,0.0
958,37502,69.05,54.40963466559571,0.8376126120612553,0,16,4,100,68.71,69.07,60.51,77.9,0.0,0.0,0.0,0.0
959,37905,63.89,54.7412995161939,0.775748687907861,0,15,4,100,63.23,59.3,66.97,66.04,0.0,0.0,0.0,0.0
960,40726,61.97,56.53076821648719,0.788218726891534,0,8,4,100,60.02,61.7,58.17,67.99,0.0,0.0,0.0,0.0
961,37099,65.25,53.26170105897335,0.7303245130850419,0,17,4,100,67.23,62.03,62.11,69.62,0.0,0.0,0.0,0.0
962,39114,50.56,56.255482650881454,0.8772120807697202,0,12,4,100,50.71,53.66,47.73,50.16,0.0,0.0,0.0,0.0
963,37099,71.78,54.0810143297272,0.794089607692269,0,17,4,100,74.92,79.28,66.41,66.53,0.0,0.0,0.0,0.0
964,35487,51.33,57.136088686502255,0.8513459567643767,0,21,4,100,55.42,51.05,50.96,47.89,0.0,0.0,0.0,0.0
965,39517,76.02,51.18602772544011,0.8508997509952042,0,11,4,100,74.73,68.34,78.65,82.35,0.0,0.0,0.0,0.0
966,37099,78.38,55.554224378967554,0.830801006212305,0,17,4,100,72.23,80.95,78.41,81.91,0.0,0.0,0.0,0.0
967,39920,64.55,53.452659352535406,0.7722320502479018,0,10,4,100,74.24,54.58,69.24,60.15,0.0,0.0,0.0,0.0
968,37905,59.94,54.15076742817652,0.8285943632826847,0,15,4,100,52.8,63.72,62.58,60.67,0.0,0.0,0.0,0.0
969,38711,61.86,53.99616732591934,0.7623413197076017,0,13,4,100,58.21,61.7,69.72,57.83,0.0,0.0,0.0,0.0
970,36696,64.74,55.94712007622683,0.8484541787420392,0,18,4,100,61.14,68.32,61.89,67.61,0.0,0.0,0.0,0.0
971,37099,62.74,54.1321208189814,0.8265337044642865,0,17,4,100,64.65,64.33,56.4,65.57,0.0,0.0,0.0,0.0
972,37502,53.08,55.38422387145386,0.756985184607737,0,16,4,100,51.83,49.76,57.1,53.63,0.0,0.0,0.0,0.0
973,38711,44.57,53.27138231709222,0.8359524901922658,0,13,4,100,49.83,41.93,47.49,39.02,0.0,0.0,0.0,0.0
974,39517,68.37,53.99445379724623,0.7845348571811052,0,11,4,100,75.8,71.2,57.48,69.0,0.0,0.0,0.0,0.0
975,37099,46.83,54.43022020805743,0.7425232607992384,0,17,4,100,36.27,50.42,46.96,53.68,0.0,0.0,0.0,0.0
976,38308,71.51,51.40452950054776,0.7003113528862438,0,14,4,100,69.14,64.64,75.7,76.54,0.0,0.0,0.0,0.0
977,37905,72.12,56.51200137993494,0.7614706902909532,0,15,4,100,75.28,68.56,74.37,70.26,0.0,0.0,0.0,0.0
978,36696,71.68,55.4186078686926,0.7250124051154401,0,18,4,100,73.54,74.33,75.44,63.4,0.0,0.0,0.0,0.0
979,35890,60.6,54.12918491536683,0.7678131048427121,0,20,4,100,61.96,61.56,63.62,55.24,0.0,0.0,0.0,0.0
980,39114,82.48,52.01341665203266,0.8271819631385589,0,12,4,100,77.22,90.5,80.72,81.46,0.0,0.0,0.0,0.0
981,37905,77.49,54.496306586589945,0.8436536500140248,0,15,4,100,76.16,74.68,80.82,78.3,0.0,0.0,0.0,0.0
982,37502,95.9,56.22703813124159,0.8275872460768025,0,16,4,100,94.6,95.49,98.01,95.49,0.0,0.0,0.0,0.0
983,39114,64.76,51.96244600414527,0.7304288572851763,0,12,4,100,62.02,65.56,62.96,68.51,0.0,0.0,0.0,0.0
984,35890,60.05,55.85349607226562,0.7893394836508945,0,20,4,100,61.79,70.39,54.76,53.26,0.0,0.0,0.0,0.0
985,36293,72.05,54.00486202241928,0.7828787822759039,0,19,4,100,72.94,69.96,69.37,75.94,0.0,0.0,0.0,0.0
986,37099,78.99,55.68765567096828,0.7803147611038292,0,17,4,100,79.1,88.13,81.74,67.0,0.0,0.0,0.0,0.0
987,39114,71.08,53.610799569707936,0.8688918945585898,0,12,4,100,77.23,72.55,62.72,71.83,0.0,0.0,0.0,0.0
988,37905,83.67,56.12299527727454,0.8241045131840907,0,15,4,100,74.91,95.49,85.26,79.02,0.0,0.0,0.0,0.0
989,37099,60.18,54.52613940544412,0.7426758807705532,0,17,4,100,58.19,59.39,59.4,63.72,0.0,0.0,0.0,0.0
990,43937,74.35,56.55093243251536,0.9483196728210216,4,11,4,100,73.67,66.32,74.62,82.79,0.0,0.0,0.0,0.0
991,39114,72.25,55.0827745122122,0.8307086624212726,0,12,4,100,72.46,69.45,72.93,74.16,0.0,0.0,0.0,0.0
992,37905,82.63,56.10119339677913,0.7684175264417723,0,15,4,100,93.05,81.59,76.51,79.38,0.0,0.0,0.0,0.0
993,36696,63.82,54.283197601573015,0.8083481902606023,0,18,4,100,64.91,61.84,61.75,66.77,0.0,0.0,0.0,0.0
994,38308,49.16,54.67363453399619,0.7995655617202665,0,14,4,100,45.84,51.29,48.53,50.96,0.0,0.0,0.0,0.0
995,37905,56.47,52.92558073235368,0.8332559318691981,0,15,4,100,50.03,54.52,56.76,64.56,0.0,0.0,0.0,0.0
996,36293,65.1,54.56445920912424,0.8432331950630076,0,19,4,100,55.96,67.47,78.61,58.34,0.0,0.0,0.0,0.0
997,39517,62.13,51.65973222366557,0.7609355975817673,0,11,4,100,67.91,63.46,54.3,62.84,0.0,0.0,0.0,0.0
998,35890,62.06,53.093918850148206,0.81532435593104,0,20,4,100,58.29,69.6,62.74,57.62,0.0,0.0,0.0,0.0
999,38308,56.65,50.70430546201545,0.8008706683118193,0,14,4,100,67.89,54.65,51.4,52.67,0.0,0.0,0.0,0.0
1000,43433,45.51,54.14402110893753,0.7444805468315951,2,9,4,100,40.03,47.2,45.77,49.05,0.0,0.0,0.0,0.0
1001,39114,69.73,53.63772207647138,0.7363167613595707,0,12,4,100,71.08,67.08,73.9,66.86,0.0,0.0,0.0,0.0
1002,43030,78.51,55.550195736114055,0.8897259640194553,2,10,4,100,74.28,84.78,73.36,81.63,0.0,0.0,0.0,0.0
1003,37099,83.1,54.28677791510179,0.8058041870017774,0,17,4,100,74.58,74.18,93.82,89.84,0.0,0.0,0.0,0.0
1004,41972,53.23,54.45311971065615,0.800576983757451,1,11,4,100,53.81,45.85,52.4,60.87,0.0,0.0,0.0,0.0
1005,37905,75.22,55.52694191865488,0.7846662728099154,0,15,4,100,76.85,69.07,80.36,74.62,0.0,0.0,0.0,0.0
1006,37099,64.28,53.54275656184225,0.8063127916056133,0,17,4,100,62.61,71.82,63.73,58.98,0.0,0.0,0.0,0.0
1007,36293,53.39,56.81079928004494,0.7714951795329746,0,19,4,100,48.1,51.27,58.89,55.31,0.0,0.0,0.0,0.0
1008,36293,51.86,53.05283820293681,0.7727281476179657,0,19,4,100,46.7,57.27,56.97,46.52,0.0,0.0,0.0,0.0
1009,42375,63.68,53.37300038777147,0.8176194021463234,1,10,4,100,60.41,73.07,62.36,58.86,0.0,0.0,0.0,0.0
1010,39517,61.47,57.01980809781991,0.8961871654647605,0,11,4,100,61.32,64.66,56.25,63.66,0.0,0.0,0.0,0.0
1011,39517,55.91,53.8234841018452,0.8579473344234666,0,11,4,100,51.89,52.42,53.11,66.22,0.0,0.0,0.0,0.0
1012,40323,50.08,56.65801543166177,0.8236005721470284,0,9,4,100,47.78,45.35,49.52,57.65,0.0,0.0,0.0,0.0
1013,37905,61.8,53.39190170469345,0.7902428826835645,0,15,4,100,65.22,60.24,62.61,59.13,0.0,0.0,0.0,0.0
1014,39114,76.55,51.45994977329085,0.8848742840107646,0,12,4,100,81.7,75.03,82.57,66.91,0.0,0.0,0.0,0.0
1015,38308,58.15,56.86428255249952,0.8116860275316837,0,14,4,100,63.13,63.81,51.9,53.77,0.0,0.0,0.0,0.0
1016,38711,76.48,56.220737666493626,0.7847603310868092,0,13,4,100,88.4,79.04,74.91,63.58,0.0,0.0,0.0,0.0
1017,37099,53.82,56.89219749494672,0.7960707157357331,0,17,4,100,54.36,51.89,53.96,55.09,0.0,0.0,0.0,0.0
1018,38308,75.42,54.55103983620476,0.7908057276902777,0,14,4,100,75.9,68.6,72.12,85.06,0.0,0.0,0.0,0.0
1019,37905,76.87,51.656456906331925,0.7471563590350538,0,15,4,100,64.69,85.6,80.83,76.37,0.0,0.0,0.0,0.0
1020,38711,77.88,53.0598789159585,0.7800050172612926,0,13,4,100,80.56,75.5,76.51,78.97,0.0,0.0,0.0,0.0
1021,38711,68.38,52.862186145547234,0.7892056178559813,0,13,4,100,58.37,68.11,72.44,74.61,0.0,0.0,0.0,0.0
1022,40323,50.55,54.83461029623239,0.7705109704797416,0,9,4,100,49.02,50.99,49.7,52.48,0.0,0.0,0.0,0.0
1023,37502,53.88,53.51064406816373,0.767980547019713,0,16,4,100,58.55,50.84,50.47,55.67,0.0,0.0,0.0,0.0
1024,43433,64.59,52.68483891707752,0.7738981151820729,2,9,4,100,61.19,66.54,67.36,63.27,0.0,0.0,0.0,0.0
1025,38308,62.96,52.711103409781046,0.8463220718593953,0,14,4,100,64.85,57.72,66.84,62.41,0.0,0.0,0.0,0.0
1026,41129,78.89,52.32893847661561,0.7454638421324201,0,7,4,100,85.02,74.42,73.49,82.63,0.0,0.0,0.0,0.0
1027,35890,74.59,55.49561625001721,0.7751237131717552,0,20,4,100,74.89,70.53,80.6,72.35,0.0,0.0,0.0,0.0
1028,40726,81.23,55.47045361373225,0.8170303067026693,0,8,4,100,72.94,84.6,84.65,82.72,0.0,0.0,0.0,0.0
1029,35890,67.19,55.65538836172608,0.7940177883158652,0,20,4,100,74.23,59.73,63.1,71.72,0.0,0.0,0.0,0.0
1030,39114,70.7,54.43253772560648,0.770223161933233,0,12,4,100,73.38,69.63,77.66,62.13,0.0,0.0,0.0,0.0
1031,37905,80.1,53.12761813393501,0.720617621650948,0,15,4,100,85.52,71.35,76.16,87.36,0.0,0.0,0.0,0.0
1032,38308,64.51,56.62923538438105,0.8447771557846402,0,14,4,100,58.74,60.45,69.01,69.85,0.0,0.0,0.0,0.0
1033,40323,62.4,54.09911866878448,0.7596757332549852,0,9,4,100,67.25,60.82,54.32,67.2,0.0,0.0,0.0,0.0
1034,36696,76.51,56.34630960084525,0.7626327742152368,0,18,4,100,83.03,75.12,79.04,68.86,0.0,0.0,0.0,0.0
1035,39517,74.55,54.61958239780724,0.8294284455352178,0,11,4,100,78.82,78.25,65.44,75.7,0.0,0.0,0.0,0.0
1036,38308,84.1,52.61188797382976,0.775265691047416,0,14,4,100,78.98,88.86,86.4,82.15,0.0,0.0,0.0,0.0
1037,35487,69.24,56.16184738195204,0.8363464554081136,0,21,4,100,73.32,67.58,61.38,74.68,0.0,0.0,0.0,0.0
1038,37099,64.87,53.15590480155765,0.7074940667480287,0,17,4,100,64.2,60.5,71.45,63.33,0.0,0.0,0.0,0.0
1039,39920,78.16,56.50510547327035,0.7973904767662048,0,10,4,100,86.77,69.24,82.72,73.92,0.0,0.0,0.0,0.0
1040,35890,65.0,54.79220564069977,0.799074806014047,0,20,4,100,66.23,56.58,70.72,66.45,0.0,0.0,0.0,0.0
1041,34278,56.38,56.98748376749134,0.8122483495230527,0,24,4,100,50.91,54.72,58.64,61.25,0.0,0.0,0.0,0.0
1042,38308,74.96,54.19847049409972,0.7792292934741859,0,14,4,100,65.37,72.78,80.59,81.08,0.0,0.0,0.0,0.0
1043,36696,68.42,55.728150075336345,0.8099472650100251,0,18,4,100,65.9,69.43,68.87,69.46,0.0,0.0,0.0,0.0
1044,37099,47.26,52.44654317620455,0.7848736688234575,0,17,4,100,50.97,50.12,40.71,47.26,0.0,0.0,0.0,0.0
1045,38711,71.27,56.16654657628967,0.7777346755716059,0,13,4,100,74.02,78.58,69.9,62.58,0.0,0.0,0.0,0.0
1046,38308,65.74,55.5233860455928,0.7707777748073678,0,14,4,100,72.79,66.45,66.72,57.01,0.0,0.0,0.0,0.0
1047,39517,51.54,55.19011191704644,0.7423065725434698,0,11,4,100,49.15,50.81,51.07,55.12,0.0,0.0,0.0,0.0
1048,39920,68.35,53.62729867582927,0.8367192012709229,0,10,4,100,58.6,70.55,70.96,73.28,0.0,0.0,0.0,0.0
1049,35487,56.43,54.38034636098037,0.8307364537106164,0,21,4,100,65.0,56.4,53.49,50.83,0.0,0.0,0.0,0.0
1050,37905,64.2,52.45299091891615,0.7014566529872929,0,15,4,100,70.51,57.54,60.67,68.07,0.0,0.0,0.0,0.0
1051,37502,94.49,54.4095280413494,0.7000098239959409,0,16,4,100,92.72,98.52,86.72,100.0,0.0,0.0,0.0,0.0
1052,37905,58.73,57.8164233552717,0.7011864944347865,0,15,4,100,63.13,57.64,53.92,60.22,0.0,0.0,0.0,0.0
1053,38308,56.68,54.48625309958946,0.8315320340517545,0,14,4,100,59.44,55.88,62.12,49.27,0.0,0.0,0.0,0.0
1054,39517,61.71,54.69109313694947,0.7771703068381505,0,11,4,100,61.6,61.17,67.65,56.41,0.0,0.0,0.0,0.0
1055,37502,56.01,51.70930864455006,0.8184921310639452,0,16,4,100,66.25,50.37,52.53,54.9,0.0,0.0,0.0,0.0
1056,39114,44.56,56.93722758742862,0.7246101549602986,0,12,4,100,38.24,42.18,48.0,49.82,0.0,0.0,0.0,0.0
1057,41532,88.36,53.589443339441445,0.7193597185891817,0,6,4,100,92.38,77.56,83.92,99.6,0.0,0.0,0.0,0.0
1058,38711,48.08,52.4362752981991,0.7456299129393608,0,13,4,100,45.03,51.74,53.35,42.18,0.0,0.0,0.0,0.0
1059,39517,90.32,54.39374485468738,0.7662751730559288,0,11,4,100,80.18,98.37,84.35,98.4,0.0,0.0,0.0,0.0
1060,35487,43.67,50.440886667834576,0.6549142991011138,0,21,4,100,46.73,47.37,38.64,41.93,0.0,0.0,0.0,0.0
1061,38308,63.64,56.36382453046022,0.7540632050660256,0,14,4,100,55.89,66.55,66.75,65.35,0.0,0.0,0.0,0.0
1062,35084,75.12,53.47083470202232,0.8211854102298379,0,22,4,100,73.88,77.09,71.73,77.77,0.0,0.0,0.0,0.0
1063,35890,68.9,54.807831025679,0.7469083480940555,0,20,4,100,64.78,67.55,67.51,75.75,0.0,0.0,0.0,0.0
1064,38711,70.23,55.73071593607429,0.7625549641660216,0,13,4,100,71.95,69.76,70.2,69.0,0.0,0.0,0.0,0.0
1065,40726,58.1,54.221482645242375,0.8460316390898591,0,8,4,100,63.25,60.39,52.13,56.62,0.0,0.0,0.0,0.0
1066,37502,69.09,54.35072234867532,0.7101130264042385,0,16,4,100,65.09,68.79,78.45,64.03,0.0,0.0,0.0,0.0
1067,35890,79.55,54.34053533869992,0.7756087182656473,0,20,4,100,92.62,76.99,75.89,72.7,0.0,0.0,0.0,0.0
1068,39920,49.4,54.43000305506239,0.7486319576553178,0,10,4,100,49.31,50.92,55.57,41.8,0.0,0.0,0.0,0.0
1069,36293,66.3,54.17896897777037,0.8260186347081937,0,19,4,100,72.02,61.86,60.76,70.58,0.0,0.0,0.0,0.0
1070,39920,60.07,54.47252606714343,0.7462054564760162,0,10,4,100,59.24,63.54,55.66,61.83,0.0,0.0,0.0,0.0
1071,39920,72.25,55.62666220588966,0.7624995812049091,0,10,4,100,66.15,75.32,64.7,82.84,0.0,0.0,0.0,0.0
1072,38308,66.47,53.79699194917198,0.7878955501473128,0,14,4,100,73.01,61.88,62.88,68.1,0.0,0.0,0.0,0.0
1073,38308,70.68,53.15023728141482,0.8498624471065633,0,14,4,100,81.3,65.02,73.15,63.24,0.0,0.0,0.0,0.0
1074,35487,58.22,53.111872545926765,0.8610058490733069,0,21,4,100,60.72,53.69,54.08,64.37,0.0,0.0,0.0,0.0
1075,35084,67.5,54.233268532002334,0.8472739699661138,0,22,4,100,67.65,61.76,69.84,70.76,0.0,0.0,0.0,0.0
1076,36293,51.83,55.71927734429706,0.7913662873308348,0,19,4,100,55.96,58.67,46.29,46.42,0.0,0.0,0.0,0.0
1077,40323,50.82,52.06510801526923,0.895023141723288,0,9,4,100,43.01,55.59,54.49,50.19,0.0,0.0,0.0,0.0
1078,37905,44.9,55.58146775887573,0.8370286663241839,0,15,4,100,54.42,39.51,41.87,43.78,0.0,0.0,0.0,0.0
1079,43030,54.53,55.26407286058532,0.8384846058497734,2,10,4,100,54.49,59.15,58.5,45.97,0.0,0.0,0.0,0.0
1080,39517,49.64,53.84943176023389,0.7955421546892883,0,11,4,100,53.26,42.97,57.35,44.99,0.0,0.0,0.0,0.0
1081,36293,41.23,56.0684325040531,0.8032429824909607,0,19,4,100,36.45,46.43,42.06,39.97,0.0,0.0,0.0,0.0
1082,37502,58.26,55.12043659854746,0.7500622450592878,0,16,4,100,53.66,61.23,59.5,58.66,0.0,0.0,0.0,0.0
1083,38308,60.93,54.244334362473495,0.7896034130199526,0,14,4,100,70.49,58.7,54.93,59.59,0.0,0.0,0.0,0.0
1084,43584,75.34,55.2013856953838,0.8638673378913942,1,7,4,100,74.39,75.15,73.45,78.35,0.0,0.0,0.0,0.0
1085,37905,65.9,53.12035851342027,0.8559808656371776,0,15,4,100,77.89,59.11,59.63,66.97,0.0,0.0,0.0,0.0
1086,40323,67.09,55.41133042125855,0.826072998153556,0,9,4,100,64.69,65.22,67.77,70.66,0.0,0.0,0.0,0.0
1087,38308,64.46,57.03503836508335,0.7071157694921744,0,14,4,100,57.78,65.9,64.45,69.72,0.0,0.0,0.0,0.0
1088,35487,61.95,53.733717475333904,0.8006834874301771,0,21,4,100,66.18,60.95,54.67,65.98,0.0,0.0,0.0,0.0
1089,44642,64.25,52.29410766728186,0.7579993878756833,2,6,4,100,55.35,70.83,62.08,68.73,0.0,0.0,0.0,0.0
1090,39114,65.22,53.50290281404517,0.7983349616620514,0,12,4,100,72.96,62.83,58.89,66.19,0.0,0.0,0.0,0.0
1091,40323,77.98,55.22457499437799,0.7995528825641685,0,9,4,100,69.92,74.14,77.97,89.89,0.0,0.0,0.0,0.0
1092,37502,69.9,54.481129139198245,0.7835865613982912,0,16,4,100,73.96,67.25,73.77,64.62,0.0,0.0,0.0,0.0
1093,37502,56.82,54.373624676661095,0.8444398177724414,0,16,4,100,58.49,54.93,55.32,58.54,0.0,0.0,0.0,0.0
1094,39920,69.37,54.74058619320498,0.8064260376276189,0,10,4,100,61.01,69.9,75.01,71.57,0.0,0.0,0.0,0.0
1095,38711,82.59,55.83742658276948,0.7569616758979643,0,13,4,100,83.97,76.73,93.67,76.0,0.0,0.0,0.0,0.0
1096,37502,78.04,53.52955054967725,0.6821721402663281,0,16,4,100,83.18,72.71,72.48,83.8,0.0,0.0,0.0,0.0
1097,42435,68.92,52.79675370663867,0.8081955225264292,0,5,4,100,71.37,69.59,68.4,66.31,0.0,0.0,0.0,0.0
1098,39517,68.66,52.351947332710914,0.8003623574287093,0,11,4,100,58.69,77.17,74.59,64.2,0.0,0.0,0.0,0.0
1099,38711,58.68,54.75146733852283,0.829901978924575,0,13,4,100,56.45,59.3,65.71,53.25,0.0,0.0,0.0,0.0
1100,37905,62.06,53.52542713088204,0.8677347078538573,0,15,4,100,60.21,62.57,65.82,59.62,0.0,0.0,0.0,0.0
1101,40323,78.73,55.88951106212796,0.8499408143472161,0,9,4,100,77.2,75.09,76.96,85.66,0.0,0.0,0.0,0.0
1102,37502,67.66,55.58990598053301,0.7776949646752704,0,16,4,100,72.67,65.26,75.27,57.46,0.0,0.0,0.0,0.0
1103,36293,82.74,53.97531289628123,0.7700550656133737,0,19,4,100,86.87,76.57,77.76,89.78,0.0,0.0,0.0,0.0
1104,39114,85.59,54.01842412801291,0.7685609876794749,0,12,4,100,69.7,90.82,93.86,87.98,0.0,0.0,0.0,0.0
1105,40323,89.84,54.66825583962107,0.779540808254378,0,9,4,100,84.16,86.36,88.86,100.0,0.0,0.0,0.0,0.0
1106,38308,60.59,53.81591210741608,0.6665356302557157,0,14,4,100,63.55,62.05,60.35,56.41,0.0,0.0,0.0,0.0
1107,44239,51.29,55.89402968232507,0.7435074831051919,2,7,4,100,52.92,48.78,53.2,50.27,0.0,0.0,0.0,0.0
1108,37905,76.98,52.73443866999246,0.8279446559839762,0,15,4,100,78.52,80.67,80.74,68.0,0.0,0.0,0.0,0.0
1109,37905,78.54,52.22587541928071,0.7067205482165381,0,15,4,100,86.06,68.87,86.76,72.46,0.0,0.0,0.0,0.0
1110,37905,45.76,52.8738366381136,0.7981154732477902,0,15,4,100,44.79,45.34,48.26,44.65,0.0,0.0,0.0,0.0
1111,39114,54.82,52.855668670778016,0.6999814035378991,0,12,4,100,59.64,58.96,52.16,48.54,0.0,0.0,0.0,0.0
1112,36696,79.39,53.43547588991788,0.822805392288178,0,18,4,100,66.36,81.62,89.29,80.29,0.0,0.0,0.0,0.0
1113,38711,69.48,55.18923217858262,0.8068115218871191,0,13,4,100,68.11,66.31,68.6,74.92,0.0,0.0,0.0,0.0
1114,39517,68.05,51.48900497987619,0.7147233901187717,0,11,4,100,79.07,67.82,63.18,62.13,0.0,0.0,0.0,0.0
1115,37502,68.85,55.8483529467938,0.7871125184893467,0,16,4,100,61.04,70.54,74.23,69.59,0.0,0.0,0.0,0.0
1116,37099,76.21,55.13580906389876,0.7649220923760268,0,17,4,100,67.21,72.59,81.62,83.42,0.0,0.0,0.0,0.0
1117,37502,65.51,53.81293518024128,0.7699034041177434,0,16,4,100,61.42,69.33,56.06,75.23,0.0,0.0,0.0,0.0
1118,38308,67.04,53.36710630729712,0.7349205347680998,0,14,4,100,55.13,67.62,76.76,68.67,0.0,0.0,0.0,0.0
1119,38711,70.68,55.2090124429305,0.8116624355420747,0,13,4,100,72.9,71.38,68.63,69.81,0.0,0.0,0.0,0.0
1120,36696,73.37,53.98081244970847,0.70252744851558,0,18,4,100,75.65,72.85,78.58,66.41,0.0,0.0,0.0,0.0
1121,37905,67.96,55.37354733474635,0.6939909832932525,0,15,4,100,68.18,68.78,73.26,61.6,0.0,0.0,0.0,0.0
1122,39114,65.81,53.75782392054733,0.7598676568375964,0,12,4,100,66.09,71.29,60.93,64.93,0.0,0.0,0.0,0.0
1123,38711,39.15,54.1770988760133,0.8439551187385896,0,13,4,100,36.84,38.21,43.37,38.16,0.0,0.0,0.0,0.0
1124,40726,63.06,56.03303068513834,0.7628460941580766,0,8,4,100,66.78,56.91,65.66,62.9,0.0,0.0,0.0,0.0
1125,37502,68.52,56.01431458549568,0.7643987869279731,0,16,4,100,71.09,68.1,63.62,71.28,0.0,0.0,0.0,0.0
1126,35487,94.02,55.70159337150207,0.7116187225579832,0,21,4,100,100.0,85.26,100.0,90.82,0.0,0.0,0.0,0.0
1127,38711,64.8,53.86878234090367,0.7129635641898504,0,13,4,100,63.43,64.03,65.06,66.69,0.0,0.0,0.0,0.0
1128,39920,68.12,54.84662410886759,0.8193354336906347,0,10,4,100,76.54,63.71,67.62,64.61,0.0,0.0,0.0,0.0
1129,36696,62.23,58.086515148253525,0.7838991937146517,0,18,4,100,65.71,62.94,63.54,56.73,0.0,0.0,0.0,0.0
1130,41129,71.84,51.810506735655096,0.8582743610718228,0,7,4,100,78.86,78.93,64.69,64.88,0.0,0.0,0.0,0.0
1131,37905,45.82,55.90094494591209,0.7820972646165139,0,15,4,100,41.9,52.81,43.07,45.5,0.0,0.0,0.0,0.0
1132,40323,54.9,53.558788386013454,0.8598978228053067,0,9,4,100,51.55,51.37,54.96,61.7,0.0,0.0,0.0,0.0
1133,37502,73.45,55.40123988132949,0.7535552260999288,0,16,4,100,75.68,63.16,70.96,84.0,0.0,0.0,0.0,0.0
1134,39517,55.54,54.675711326175815,0.6774845037259006,0,11,4,100,46.52,58.54,59.15,57.93,0.0,0.0,0.0,0.0
1135,37502,60.81,56.142922755233485,0.8597595425779321,0,16,4,100,69.06,62.66,59.97,51.55,0.0,0.0,0.0,0.0
1136,38308,84.52,53.22827374426908,0.8598012988420147,0,14,4,100,79.82,94.39,75.67,88.22,0.0,0.0,0.0,0.0
1137,43030,64.96,52.08916752860775,0.7402769246727013,2,10,4,100,63.76,58.78,70.43,66.89,0.0,0.0,0.0,0.0
1138,39114,50.34,51.95239673654938,0.8423207983938839,0,12,4,100,54.62,44.67,49.22,52.84,0.0,0.0,0.0,0.0
1139,36293,52.54,56.224602196177166,0.689731882697971,0,19,4,100,56.18,51.02,46.31,56.64,0.0,0.0,0.0,0.0
1140,39114,58.01,54.65641275071924,0.7128847689889193,0,12,4,100,57.97,59.27,59.26,55.55,0.0,0.0,0.0,0.0
1141,37502,61.28,54.98054884517002,0.8364345199130993,0,16,4,100,56.58,65.15,63.1,60.31,0.0,0.0,0.0,0.0
1142,37502,70.08,53.374814983071325,0.7088346565651488,0,16,4,100,75.72,71.24,68.79,64.55,0.0,0.0,0.0,0.0
1143,36696,68.8,53.32277213652861,0.7844691774380868,0,18,4,100,61.0,77.73,69.56,66.92,0.0,0.0,0.0,0.0
1144,41418,66.96,55.46674103087588,0.7763027323453533,2,14,4,100,58.6,70.36,73.3,65.59,0.0,0.0,0.0,0.0
1145,40726,57.55,52.75758901490615,0.8014433489990593,0,8,4,100,50.41,63.04,65.0,51.74,0.0,0.0,0.0,0.0
1146,37502,46.4,52.78385893102053,0.7642042495455618,0,16,4,100,47.94,45.97,48.26,43.44,0.0,0.0,0.0,0.0
1147,41821,46.36,53.14315399117438,0.7907073745994955,2,13,4,100,48.32,42.53,49.37,45.24,0.0,0.0,0.0,0.0
1148,39114,65.48,53.22389726509386,0.7364256298869474,0,12,4,100,57.89,71.58,65.19,67.25,0.0,0.0,0.0,0.0
1149,39920,76.15,56.30385472457429,0.7445399976380493,0,10,4,100,72.92,76.91,72.16,82.62,0.0,0.0,0.0,0.0
1150,39517,78.35,54.356733274063465,0.7456466006482576,0,11,4,100,84.69,71.06,80.06,77.58,0.0,0.0,0.0,0.0
1151,39114,91.76,54.65447307728719,0.7778795657425513,0,12,4,100,99.28,81.27,100.0,86.49,0.0,0.0,0.0,0.0
1152,35890,47.88,56.57903818074543,0.7348899007870724,0,20,4,100,47.64,45.84,53.46,44.6,0.0,0.0,0.0,0.0
1153,43030,64.8,53.25394029276222,0.7589962530820719,2,10,4,100,65.56,58.73,61.3,73.6,0.0,0.0,0.0,0.0
1154,36293,49.56,53.73846768078355,0.7367506266881991,0,19,4,100,49.12,51.32,50.73,47.09,0.0,0.0,0.0,0.0
1155,39114,59.69,53.4867983200536,0.6732914506039925,0,12,4,100,67.85,50.52,67.73,52.65,0.0,0.0,0.0,0.0
1156,38308,50.95,52.907489391125296,0.8361109971481117,0,14,4,100,51.15,49.54,51.74,51.36,0.0,0.0,0.0,0.0
1157,38711,61.64,56.182803109030175,0.6101207704644404,0,13,4,100,59.57,65.43,66.95,54.63,0.0,0.0,0.0,0.0
1158,37502,78.68,54.31236709272388,0.7956175080420104,0,16,4,100,68.05,85.1,82.4,79.16,0.0,0.0,0.0,0.0
1159,39517,52.95,51.6083720637383,0.7966086309283873,0,11,4,100,46.15,59.47,52.89,53.3,0.0,0.0,0.0,0.0
1160,38308,67.6,53.48618224730063,0.8112589786285722,0,14,4,100,69.24,61.48,69.26,70.44,0.0,0.0,0.0,0.0
1161,37502,62.28,54.82038038096502,0.8079335230085299,0,16,4,100,64.46,59.05,53.76,71.86,0.0,0.0,0.0,0.0
1162,36293,80.04,54.1485899234521,0.7817983150599497,0,19,4,100,76.7,85.28,75.47,82.69,0.0,0.0,0.0,0.0
1163,41532,64.18,56.65410617266349,0.8145912725040464,0,6,4,100,73.88,55.59,65.19,62.08,0.0,0.0,0.0,0.0
1164,37905,65.56,55.32424232072265,0.8580511369132624,0,15,4,100,62.3,78.43,60.94,60.56,0.0,0.0,0.0,0.0
1165,38308,68.5,57.19895653854537,0.8215375242231979,0,14,4,100,77.54,71.08,60.14,65.26,0.0,0.0,0.0,0.0
1166,37502,89.48,54.00529997012121,0.7807888936288973,0,16,4,100,86.53,82.16,94.93,94.31,0.0,0.0,0.0,0.0
1167,36696,70.62,54.80410245266587,0.7093938103513026,0,18,4,100,65.34,67.72,74.73,74.69,0.0,0.0,0.0,0.0
1168,38711,59.26,53.39963468300501,0.6701061017790433,0,13,4,100,64.72,59.19,63.06,50.09,0.0,0.0,0.0,0.0
1169,39517,64.76,55.45028936223913,0.7097806653395516,0,11,4,100,61.89,59.42,64.69,73.05,0.0,0.0,0.0,0.0
1170,38308,55.33,52.29139316290092,0.802069008880874,0,14,4,100,54.66,50.53,58.18,57.94,0.0,0.0,0.0,0.0
1171,38308,67.86,55.5052057095462,0.8106624331445859,0,14,4,100,68.07,70.11,59.43,73.84,0.0,0.0,0.0,0.0
1172,37905,73.01,55.56260834696072,0.7196932032818204,0,15,4,100,69.45,66.7,78.1,77.8,0.0,0.0,0.0,0.0
1173,39114,89.95,53.14824518352634,0.8307569900736715,0,12,4,100,93.12,81.0,94.63,91.04,0.0,0.0,0.0,0.0
1174,41129,67.72,54.54648114936333,0.71442713160344,0,7,4,100,66.23,65.78,74.72,64.17,0.0,0.0,0.0,0.0
1175,37905,58.41,54.66020256058335,0.7152616355612575,0,15,4,100,60.57,51.88,64.43,56.75,0.0,0.0,0.0,0.0
1176,35487,68.0,54.56506254457787,0.7614138563357921,0,21,4,100,68.29,70.91,65.12,67.68,0.0,0.0,0.0,0.0
1177,37099,71.5,56.04519858703296,0.8018842439479886,0,17,4,100,64.89,75.72,74.73,70.66,0.0,0.0,0.0,0.0
1178,39920,45.07,53.53691914416049,0.8909320566601969,0,10,4,100,45.75,51.45,44.26,38.82,0.0,0.0,0.0,0.0
1179,37905,61.32,52.96118177489873,0.7848150464585193,0,15,4,100,60.03,63.82,62.66,58.75,0.0,0.0,0.0,0.0
1180,35890,59.54,54.326122865244,0.8232104592929139,0,20,4,100,55.89,66.18,56.2,59.87,0.0,0.0,0.0,0.0
1181,35084,36.42,54.61759895451525,0.6795426847843123,0,22,4,100,41.94,34.5,31.89,37.33,0.0,0.0,0.0,0.0
1182,37099,78.91,50.70763444658442,0.7400742982333798,0,17,4,100,77.94,73.12,85.6,78.98,0.0,0.0,0.0,0.0
1183,38308,76.35,56.538930848736406,0.8582403677838206,0,14,4,100,72.86,80.85,70.59,81.11,0.0,0.0,0.0,0.0
1184,37502,58.51,54.78884450892172,0.8399898543406952,0,16,4,100,53.01,65.38,51.88,63.79,0.0,0.0,0.0,0.0
1185,39517,70.96,54.996079853009824,0.6950135580684197,0,11,4,100,74.39,75.3,67.94,66.22,0.0,0.0,0.0,0.0
1186,37905,70.83,53.025298533767256,0.79252308307877,0,15,4,100,75.05,78.61,62.89,66.78,0.0,0.0,0.0,0.0
1187,38711,60.08,54.58375382534019,0.7160397758961847,0,13,4,100,66.23,57.29,53.64,63.14,0.0,0.0,0.0,0.0
1188,37099,77.85,53.13610586127835,0.6547099314821837,0,17,4,100,84.37,78.7,79.45,68.87,0.0,0.0,0.0,0.0
1189,38308,66.67,52.37091696491721,0.7130877994320579,0,14,4,100,64.3,73.57,66.87,61.95,0.0,0.0,0.0,0.0
1190,37502,70.02,56.72693869617956,0.7715349799660383,0,16,4,100,71.92,64.03,67.31,76.8,0.0,0.0,0.0,0.0
1191,39517,54.68,55.896403710995024,0.7708561178253759,0,11,4,100,50.32,59.0,55.5,53.89,0.0,0.0,0.0,0.0
1192,39114,82.21,57.44035115384414,0.7656635698976473,0,12,4,100,85.05,83.64,83.04,77.1,0.0,0.0,0.0,0.0
1193,39920,60.8,53.81571636484133,0.7105891032265934,0,10,4,100,64.15,67.82,57.27,53.96,0.0,0.0,0.0,0.0
1194,37502,74.17,54.82126687300149,0.7953072669828416,0,16,4,100,83.88,74.23,67.36,71.19,0.0,0.0,0.0,0.0
1195,41532,67.94,55.77175945033168,0.6933927401071902,0,6,4,100,69.36,61.42,63.61,77.35,0.0,0.0,0.0,0.0
1196,41129,40.9,56.042519711412375,0.7634749707616701,0,7,4,100,42.79,39.58,38.37,42.87,0.0,0.0,0.0,0.0
1197,37502,56.15,54.03255180376021,0.7429908584840651,0,16,4,100,55.25,60.51,54.09,54.76,0.0,0.0,0.0,0.0
1198,39517,76.43,54.71516359842206,0.7276866735379411,0,11,4,100,74.43,66.84,81.62,82.84,0.0,0.0,0.0,0.0
1199,39114,82.25,56.13340111609678,0.787686301530238,0,12,4,100,84.19,89.65,87.19,67.97,0.0,0.0,0.0,0.0
1200,37905,61.28,56.33394762191111,0.6685133106247649,0,15,4,100,63.78,51.71,68.97,60.67,0.0,0.0,0.0,0.0
1201,41166,72.46,54.91233274643001,0.7290115077040771,1,13,4,100,61.39,71.68,85.87,70.92,0.0,0.0,0.0,0.0
1202,39920,67.61,54.19503096274153,0.7769790609961633,0,10,4,100,65.44,63.53,74.79,66.7,0.0,0.0,0.0,0.0
1203,35487,72.52,54.09222700912996,0.7290313075822944,0,21,4,100,68.56,81.88,72.56,67.07,0.0,0.0,0.0,0.0
1204,39920,53.01,53.750146449487815,0.8011058295492713,0,10,4,100,49.64,55.96,51.28,55.15,0.0,0.0,0.0,0.0
1205,43030,69.56,54.86347532427981,0.7687643801944262,2,10,4,100,78.51,64.6,74.08,61.04,0.0,0.0,0.0,0.0
1206,36696,59.36,56.761295732367714,0.7734464250264592,0,18,4,100,62.49,58.46,59.61,56.87,0.0,0.0,0.0,0.0
1207,40726,63.91,58.21145390891834,0.7478487581855285,0,8,4,100,60.7,59.19,67.41,68.34,0.0,0.0,0.0,0.0
1208,43181,60.48,55.19692276452798,0.7410958264185878,1,8,4,100,57.4,56.62,56.97,70.95,0.0,0.0,0.0,0.0
1209,39114,84.72,55.46801542054899,0.7876517432116192,0,12,4,100,84.36,76.38,79.34,98.8,0.0,0.0,0.0,0.0
1210,38711,63.78,54.09627648524249,0.7534979837785662,0,13,4,100,60.22,67.84,62.94,64.14,0.0,0.0,0.0,0.0
1211,39114,51.24,53.42800404484998,0.8550288860289937,0,12,4,100,47.42,54.18,53.47,49.91,0.0,0.0,0.0,0.0
1212,39920,60.02,55.187799129851854,0.8392461338362251,0,10,4,100,57.17,65.67,56.38,60.87,0.0,0.0,0.0,0.0
1213,38308,75.87,55.98167262262562,0.6744247206147251,0,14,4,100,78.62,76.43,84.28,64.16,0.0,0.0,0.0,0.0
1214,39920,61.32,57.82295269462168,0.7657629200492652,0,10,4,100,58.52,61.15,65.03,60.6,0.0,0.0,0.0,0.0
1215,39114,78.36,52.42238803227541,0.7984044509010787,0,12,4,100,78.83,78.93,79.93,75.75,0.0,0.0,0.0,0.0
1216,38308,52.19,52.72925082627592,0.7851511159747179,0,14,4,100,52.15,48.21,49.8,58.6,0.0,0.0,0.0,0.0
1217,37502,81.03,54.56551395247792,0.72878237042838,0,16,4,100,72.79,88.87,79.02,83.44,0.0,0.0,0.0,0.0
1218,36696,72.35,52.55604155696931,0.8246255412864156,0,18,4,100,73.28,72.2,68.4,75.52,0.0,0.0,0.0,0.0
1219,37905,80.56,54.14323253853141,0.8116376728756425,0,15,4,100,87.65,81.92,75.03,77.62,0.0,0.0,0.0,0.0
1220,39114,59.0,56.24065498726054,0.7282100389062488,0,12,4,100,60.49,60.5,53.59,61.42,0.0,0.0,0.0,0.0
1221,38308,42.66,55.00127967919023,0.7286215130912013,0,14,4,100,42.76,41.49,43.9,42.49,0.0,0.0,0.0,0.0
1222,37502,60.26,55.16353302983813,0.7399583229019582,0,16,4,100,63.1,57.72,64.75,55.48,0.0,0.0,0.0,0.0
1223,38711,52.18,56.111192359183086,0.8463466318210855,0,13,4,100,52.29,46.68,53.08,56.69,0.0,0.0,0.0,0.0
1224,36293,51.1,56.66240023187913,0.6618257940296107,0,19,4,100,49.84,51.3,58.58,44.66,0.0,0.0,0.0,0.0
1225,36696,63.98,54.76162509678836,0.7566572087978208,0,18,4,100,58.12,64.98,60.39,72.41,0.0,0.0,0.0,0.0
1226,36696,74.23,55.04065034686612,0.8418388083778259,0,18,4,100,70.35,79.48,67.03,80.07,0.0,0.0,0.0,0.0
1227,39920,62.72,57.790852242046185,0.815977113641055,0,10,4,100,64.09,63.89,64.46,58.45,0.0,0.0,0.0,0.0
1228,36696,54.26,53.64807947168176,0.6452016596196355,0,18,4,100,53.06,47.88,59.04,57.08,0.0,0.0,0.0,0.0
1229,38308,74.11,54.02636839043081,0.7721006500559946,0,14,4,100,74.84,71.72,79.51,70.38,0.0,0.0,0.0,0.0
1230,38308,70.39,54.657366347532616,0.7620651486021461,0,14,4,100,69.19,67.29,76.35,68.74,0.0,0.0,0.0,0.0
1231,40323,75.99,54.01916289026111,0.7078611941733246,0,9,4,100,81.63,74.18,79.96,68.18,0.0,0.0,0.0,0.0
1232,41129,67.0,54.2555063496908,0.778563497115388,0,7,4,100,71.03,66.13,67.14,63.72,0.0,0.0,0.0,0.0
1233,39920,57.01,54.926399374512094,0.791070939456426,0,10,4,100,58.6,57.23,53.79,58.42,0.0,0.0,0.0,0.0
1234,38308,58.99,54.32961237458967,0.6786741181996495,0,14,4,100,52.26,63.95,58.24,61.5,0.0,0.0,0.0,0.0
1235,39920,92.11,54.1848241650861,0.8449489145537303,0,10,4,100,87.16,86.03,100.0,95.25,0.0,0.0,0.0,0.0
1236,37905,87.97,57.22100829423215,0.702621524802342,0,15,4,100,92.77,84.57,84.35,90.18,0.0,0.0,0.0,0.0
1237,35084,57.03,54.24179717574525,0.7260389582562652,0,22,4,100,51.7,63.73,53.86,58.84,0.0,0.0,0.0,0.0
1238,38711,62.68,54.38567228591384,0.7553965454663967,0,13,4,100,61.09,65.59,67.77,56.26,0.0,0.0,0.0,0.0
1239,39114,75.98,56.21108943496308,0.7955007224301279,0,12,4,100,75.01,68.75,71.63,88.55,0.0,0.0,0.0,0.0
1240,37502,57.02,54.363550909906905,0.7583259450918731,0,16,4,100,63.79,51.92,53.76,58.59,0.0,0.0,0.0,0.0
1241,39114,75.24,54.90612148833758,0.839498291966501,0,12,4,100,72.51,77.97,63.48,87.01,0.0,0.0,0.0,0.0
1242,37905,64.96,56.31922827836764,0.7793042525828153,0,15,4,100,65.27,59.07,68.89,66.63,0.0,0.0,0.0,0.0
1243,37905,66.72,53.845236681472336,0.6984595847315479,0,15,4,100,61.94,72.81,70.95,61.18,0.0,0.0,0.0,0.0
1244,38711,70.85,54.98967058897435,0.7172661723993714,0,13,4,100,57.98,77.15,75.33,72.96,0.0,0.0,0.0,0.0
1245,39517,90.64,54.44740558155058,0.6968994213924216,0,11,4,100,91.83,84.98,96.51,89.22,0.0,0.0,0.0,0.0
1246,39517,72.87,54.55259639768642,0.7487183331018405,0,11,4,100,79.37,75.22,75.37,61.51,0.0,0.0,0.0,0.0
1247,38308,57.32,52.3397013516207,0.6737064537177446,0,14,4,100,55.64,59.4,56.73,57.53,0.0,0.0,0.0,0.0
1248,42879,70.08,51.22583420127253,0.757396725613144,3,12,4,100,63.29,70.08,67.19,79.75,0.0,0.0,0.0,0.0
1249,39114,64.02,55.3523088071226,0.7592510937923317,0,12,4,100,64.58,70.16,53.68,67.67,0.0,0.0,0.0,0.0
1250,38711,84.08,52.98357336273901,0.7960566353387839,0,13,4,100,88.41,86.7,86.11,75.1,0.0,0.0,0.0,0.0
1251,37099,70.52,54.14995807017082,0.7602158464473159,0,17,4,100,76.04,63.18,79.3,63.58,0.0,0.0,0.0,0.0
1252,43030,79.37,52.95974282329037,0.7036821621191482,2,10,4,100,74.61,73.48,82.21,87.16,0.0,0.0,0.0,0.0
1253,38711,68.59,55.75837231659617,0.6298794724922265,0,13,4,100,63.18,72.93,62.68,75.56,0.0,0.0,0.0,0.0
1254,38711,88.12,57.2522456209893,0.7417156290079838,0,13,4,100,87.03,84.4,81.06,100.0,0.0,0.0,0.0,0.0
1255,36293,49.33,54.75913132781503,0.7254971331833325,0,19,4,100,47.14,42.57,49.89,57.71,0.0,0.0,0.0,0.0
1256,39517,54.65,55.65184813221724,0.7068349971374608,0,11,4,100,58.62,56.46,51.84,51.67,0.0,0.0,0.0,0.0
1257,39920,73.47,53.07884291286147,0.7303489409184365,0,10,4,100,79.4,81.16,61.72,71.6,0.0,0.0,0.0,0.0
1258,37099,53.2,57.32889022154351,0.7541197489787643,0,17,4,100,56.11,46.89,56.74,53.05,0.0,0.0,0.0,0.0
1259,37905,77.93,54.26020049601693,0.7057973641066577,0,15,4,100,84.23,75.5,85.06,66.91,0.0,0.0,0.0,0.0
1260,37502,64.37,54.16695545156467,0.7855460705742129,0,16,4,100,60.04,72.47,62.51,62.45,0.0,0.0,0.0,0.0
1261,40323,72.92,54.63935333893433,0.8182599667891743,0,9,4,100,81.72,57.17,75.43,77.36,0.0,0.0,0.0,0.0
1262,39114,63.73,54.38611425432191,0.7308890420026926,0,12,4,100,72.74,61.28,57.3,63.59,0.0,0.0,0.0,0.0
1263,37905,51.5,55.41618020809072,0.7927562211144505,0,15,4,100,53.26,49.56,50.26,52.91,0.0,0.0,0.0,0.0
1264,46353,71.02,54.76854795738417,0.7227551382557077,3,4,4,100,73.0,69.01,64.87,77.2,0.0,0.0,0.0,0.0
1265,38711,70.13,53.03781375119882,0.6959417804781464,0,13,4,100,79.37,69.09,60.42,71.63,0.0,0.0,0.0,0.0
1266,43433,63.19,55.59030964000133,0.7449855087896682,2,9,4,100,64.72,62.22,60.95,64.87,0.0,0.0,0.0,0.0
1267,42778,63.16,53.37042384073669,0.7795498503083036,1,9,4,100,55.63,63.29,60.9,72.84,0.0,0.0,0.0,0.0
1268,39920,72.62,55.64176603956778,0.7741609534578718,0,10,4,100,77.78,71.01,74.16,67.55,0.0,0.0,0.0,0.0
1269,37502,64.28,56.338380662274034,0.7016597864563969,0,16,4,100,65.45,69.68,57.42,64.59,0.0,0.0,0.0,0.0
1270,42375,73.21,53.34238121155161,0.7470162855314795,1,10,4,100,79.94,80.58,68.06,64.27,0.0,0.0,0.0,0.0
1271,39920,72.4,55.8143085646712,0.7860973112289978,0,10,4,100,74.39,76.91,69.66,68.65,0.0,0.0,0.0,0.0
1272,40323,67.65,54.69396127081339,0.7637836516540129,0,9,4,100,69.06,75.36,61.19,64.99,0.0,0.0,0.0,0.0
1273,37905,60.94,55.3768596423984,0.768767744910023,0,15,4,100,51.99,65.02,56.86,69.88,0.0,0.0,0.0,0.0
1274,37905,80.26,53.7139082113988,0.7253731472938565,0,15,4,100,66.68,86.56,86.6,81.22,0.0,0.0,0.0,0.0
1275,37502,68.94,55.45762590836155,0.7609759176341724,0,16,4,100,72.86,69.76,69.2,63.92,0.0,0.0,0.0,0.0
1276,39920,65.72,56.53990169505046,0.7193516223622428,0,10,4,100,66.67,61.18,71.43,63.59,0.0,0.0,0.0,0.0
1277,39517,35.61,54.13853824224369,0.8534291466813618,0,11,4,100,34.64,34.17,42.42,31.22,0.0,0.0,0.0,0.0
1278,37905,68.58,55.15007593298836,0.8659583392476908,0,15,4,100,64.82,81.26,65.09,63.17,0.0,0.0,0.0,0.0
1279,39114,56.25,54.73547420163419,0.7183041148200763,0,12,4,100,59.17,53.89,55.41,56.53,0.0,0.0,0.0,0.0
1280,37502,64.17,55.16991254716909,0.7337592738306967,0,16,4,100,60.04,63.7,66.86,66.06,0.0,0.0,0.0,0.0
1281,35890,83.92,55.66338945412555,0.7416502999722234,0,20,4,100,91.63,92.7,70.94,80.39,0.0,0.0,0.0,0.0
1282,40726,65.19,54.32965405786951,0.7268734117709972,0,8,4,100,72.59,64.61,63.59,59.99,0.0,0.0,0.0,0.0
1283,44340,63.4,54.56825283394481,0.6406420373617535,4,10,4,100,57.99,60.24,67.87,67.51,0.0,0.0,0.0,0.0
1284,39920,75.51,56.98827908875083,0.6983307137939443,0,10,4,100,79.95,67.73,75.42,78.93,0.0,0.0,0.0,0.0
1285,39517,65.76,52.27950968530928,0.6649362325464693,0,11,4,100,61.28,76.87,63.61,61.3,0.0,0.0,0.0,0.0
1286,39517,60.18,53.86379470155243,0.7192659880912656,0,11,4,100,52.46,63.96,56.9,67.4,0.0,0.0,0.0,0.0
1287,38711,67.0,54.238625810489424,0.6731667972245796,0,13,4,100,58.92,71.25,65.67,72.15,0.0,0.0,0.0,0.0
1288,42627,60.43,51.92851774932274,0.7455668057401229,2,11,4,100,62.74,62.8,62.18,54.0,0.0,0.0,0.0,0.0
1289,39114,84.5,56.59984299232629,0.7746941245836088,0,12,4,100,86.78,79.79,82.14,89.29,0.0,0.0,0.0,0.0
1290,37502,48.34,54.675866263316266,0.7967406899872543,0,16,4,100,49.0,48.53,51.2,44.64,0.0,0.0,0.0,0.0
1291,37099,78.09,54.58421411568458,0.8601719820698762,0,17,4,100,76.89,78.16,70.84,86.48,0.0,0.0,0.0,0.0
1292,38308,58.8,57.06436265253916,0.7248953658920224,0,14,4,100,49.06,62.19,53.13,70.83,0.0,0.0,0.0,0.0
1293,39920,63.65,52.74373902250112,0.7276066893180752,0,10,4,100,71.9,55.31,62.0,65.4,0.0,0.0,0.0,0.0
1294,37905,59.28,56.83613344904055,0.7371722862481738,0,15,4,100,54.69,53.75,65.97,62.69,0.0,0.0,0.0,0.0
1295,45146,50.47,53.994794296573495,0.780420457908261,4,8,4,100,53.76,49.19,52.82,46.12,0.0,0.0,0.0,0.0
1296,37905,48.4,55.88022442608196,0.7572940660818477,0,15,4,100,52.02,46.84,44.54,50.19,0.0,0.0,0.0,0.0
1297,36696,75.66,56.017407706859,0.6838447941471334,0,18,4,100,77.72,79.34,73.81,71.75,0.0,0.0,0.0,0.0
1298,40726,56.38,55.651271347033,0.7586690413023763,0,8,4,100,46.29,60.35,60.08,58.82,0.0,0.0,0.0,0.0
1299,39517,61.39,53.33366893961711,0.7238435589462563,0,11,4,100,60.05,62.9,68.27,54.34,0.0,0.0,0.0,0.0
1300,43433,78.08,54.5610566730796,0.771321053493785,2,9,4,100,75.55,81.54,85.27,69.95,0.0,0.0,0.0,0.0
1301,42588,67.07,52.66774740542201,0.7614746145721811,0,4,4,100,74.71,63.3,55.66,74.6,0.0,0.0,0.0,0.0
1302,39517,62.31,56.18298935538636,0.7748599615283078,0,11,4,100,67.28,57.64,57.73,66.6,0.0,0.0,0.0,0.0
1303,38711,47.18,55.56640337387759,0.7710587482633131,0,13,4,100,43.86,44.85,49.37,50.66,0.0,0.0,0.0,0.0
1304,39920,58.88,53.111816248948095,0.7324954735610395,0,10,4,100,54.58,66.34,62.86,51.74,0.0,0.0,0.0,0.0
1305,38711,74.64,54.65008981245301,0.686676654784166,0,13,4,100,62.22,79.83,73.25,83.25,0.0,0.0,0.0,0.0
1306,43836,60.48,54.43082104599174,0.7002464517889786,2,8,4,100,53.59,61.64,64.69,61.99,0.0,0.0,0.0,0.0
1307,38308,50.33,55.79550510238536,0.6908172971944647,0,14,4,100,43.71,50.23,53.75,53.63,0.0,0.0,0.0,0.0
1308,43685,57.18,57.555079969276974,0.7157907479630602,3,10,4,100,55.85,57.8,55.39,59.66,0.0,0.0,0.0,0.0
1309,37099,78.25,56.13803647027949,0.6785294980182845,0,17,4,100,78.03,71.46,81.36,82.15,0.0,0.0,0.0,0.0
1310,40726,75.14,52.97839585067194,0.8037007839782335,0,8,4,100,79.07,73.85,69.27,78.36,0.0,0.0,0.0,0.0
1311,41129,77.78,52.65559407164861,0.6313644188847956,0,7,4,100,71.33,84.5,84.9,70.38,0.0,0.0,0.0,0.0
1312,36696,87.34,52.952373195180286,0.716863558649076,0,18,4,100,81.51,86.3,94.94,86.59,0.0,0.0,0.0,0.0
1313,44239,58.43,51.14024248026609,0.7738374884093666,2,7,4,100,55.25,60.71,60.81,56.95,0.0,0.0,0.0,0.0
1314,43836,68.97,55.88159282708894,0.749496970329913,2,8,4,100,66.48,70.83,74.24,64.33,0.0,0.0,0.0,0.0
1315,44642,61.11,53.94097403758744,0.7440249682487585,2,6,4,100,60.96,70.69,57.09,55.7,0.0,0.0,0.0,0.0
1316,37905,58.49,54.47041131732176,0.7741872838258146,0,15,4,100,61.47,57.78,58.74,55.96,0.0,0.0,0.0,0.0
1317,36696,49.92,52.30019113392533,0.7294803627254394,0,18,4,100,51.37,52.38,44.98,50.96,0.0,0.0,0.0,0.0
1318,39114,67.5,53.07600590858939,0.8309976435999327,0,12,4,100,65.63,71.24,71.27,61.86,0.0,0.0,0.0,0.0
1319,39517,55.14,55.14864194778504,0.7849878985077953,0,11,4,100,53.16,51.33,53.61,62.46,0.0,0.0,0.0,0.0
1320,37905,55.96,56.71307091571283,0.7259264092530217,0,15,4,100,48.91,60.17,51.85,62.89,0.0,0.0,0.0,0.0
1321,38711,81.83,52.59213895931732,0.7287661657144561,0,13,4,100,73.17,81.77,92.44,79.96,0.0,0.0,0.0,0.0
1322,37905,67.39,54.15628124294207,0.7426281851124286,0,15,4,100,80.66,67.89,61.89,59.11,0.0,0.0,0.0,0.0
1323,42375,76.28,52.7731957812277,0.7895939145600086,1,10,4,100,72.31,71.5,74.58,86.75,0.0,0.0,0.0,0.0
1324,40323,73.91,57.190449447138896,0.7253992254845224,0,9,4,100,88.1,68.62,71.31,67.63,0.0,0.0,0.0,0.0
1325,38711,60.33,57.05887390714031,0.7138426783913069,0,13,4,100,55.31,63.42,51.9,70.71,0.0,0.0,0.0,0.0
1326,39517,73.91,58.50281386344204,0.7930080093697691,0,11,4,100,74.06,74.93,76.37,70.27,0.0,0.0,0.0,0.0
1327,39920,66.42,53.73631555766673,0.7511931448810997,0,10,4,100,67.41,70.82,66.4,61.04,0.0,0.0,0.0,0.0
1328,37099,56.9,53.578877742783696,0.7928794646710764,0,17,4,100,65.86,55.63,52.33,53.78,0.0,0.0,0.0,0.0
1329,43282,56.28,53.73091147263298,0.767137418621833,3,11,4,100,55.57,49.22,53.52,66.81,0.0,0.0,0.0,0.0
1330,39920,77.42,55.561192751845184,0.7621622713979377,0,10,4,100,74.23,88.77,72.38,74.29,0.0,0.0,0.0,0.0
1331,40763,81.47,54.38871436955743,0.7909163176899008,1,14,4,100,89.58,86.87,69.48,79.96,0.0,0.0,0.0,0.0
1332,40726,51.85,57.88304743385808,0.6754508615104691,0,8,4,100,53.64,46.35,55.54,51.88,0.0,0.0,0.0,0.0
1333,38308,69.74,52.81712083326289,0.7271993625636665,0,14,4,100,71.82,66.34,67.82,72.96,0.0,0.0,0.0,0.0
1334,37905,60.44,55.11832163005977,0.7656221678481039,0,15,4,100,53.54,71.16,62.38,54.7,0.0,0.0,0.0,0.0
1335,38711,59.22,55.08119480193504,0.6943561726528173,0,13,4,100,54.69,57.6,66.39,58.18,0.0,0.0,0.0,0.0
1336,37502,87.66,54.98873736240925,0.6898293074951004,0,16,4,100,80.19,88.75,91.93,89.76,0.0,0.0,0.0,0.0
1337,36696,58.68,55.35375309142765,0.8035968616741699,0,18,4,100,50.56,55.36,66.48,62.33,0.0,0.0,0.0,0.0
1338,37099,68.92,52.73779769688316,0.799889383783572,0,17,4,100,64.99,71.39,62.51,76.78,0.0,0.0,0.0,0.0
1339,39114,59.01,52.47430442317897,0.7581611906632526,0,12,4,100,56.45,65.26,62.1,52.23,0.0,0.0,0.0,0.0
1340,41129,95.51,54.92999071615582,0.7782074498789764,0,7,4,100,100.0,95.58,86.5,99.96,0.0,0.0,0.0,0.0
1341,43987,69.88,57.02272016969509,0.7467124699277717,1,6,4,100,76.13,73.16,71.05,59.2,0.0,0.0,0.0,0.0
1342,39114,59.23,56.55712748263269,0.6954771840441002,0,12,4,100,57.02,56.85,64.06,58.99,0.0,0.0,0.0,0.0
1343,40726,81.09,52.840400162148136,0.7763690636113433,0,8,4,100,68.06,87.63,83.15,85.51,0.0,0.0,0.0,0.0
1344,39920,54.99,54.830194966084,0.8090843929158752,0,10,4,100,52.43,62.39,51.92,53.22,0.0,0.0,0.0,0.0
1345,37905,58.9,55.266704539378864,0.747557579948728,0,15,4,100,61.51,59.03,52.92,62.15,0.0,0.0,0.0,0.0
1346,39920,78.13,56.41373255805017,0.7745928552877541,0,10,4,100,68.89,81.9,89.83,71.89,0.0,0.0,0.0,0.0
1347,39517,73.33,54.68801578272107,0.6761083488693849,0,11,4,100,73.23,62.61,79.17,78.32,0.0,0.0,0.0,0.0
1348,41129,66.74,54.12886608659773,0.7653634242107156,0,7,4,100,72.77,68.18,63.4,62.59,0.0,0.0,0.0,0.0
1349,41129,52.33,53.80049322234802,0.8073001036617168,0,7,4,100,55.65,46.76,47.37,59.53,0.0,0.0,0.0,0.0
1350,49515,72.81,53.57125916689545,0.805233972984273,6,5,4,100,73.27,72.44,67.23,78.28,0.0,0.0,0.0,0.0
1351,41532,48.65,53.92158379844729,0.7320001355673152,0,6,4,100,43.04,49.38,46.59,55.58,0.0,0.0,0.0,0.0
1352,39114,81.54,55.115578473294285,0.7676461094635625,0,12,4,100,86.79,76.79,77.56,85.0,0.0,0.0,0.0,0.0
1353,37502,58.14,54.18501570818788,0.7531692091453109,0,16,4,100,60.36,56.61,53.75,61.82,0.0,0.0,0.0,0.0
1354,42224,65.2,54.22713272868468,0.7171601883674033,2,12,4,100,57.2,73.57,63.64,66.39,0.0,0.0,0.0,0.0
1355,40726,40.02,54.31818770859373,0.6778947925590991,0,8,4,100,41.15,37.14,40.68,41.1,0.0,0.0,0.0,0.0
1356,39114,79.86,53.65062144053606,0.7356604622653264,0,12,4,100,79.38,80.12,84.91,75.02,0.0,0.0,0.0,0.0
1357,36696,66.24,56.4292946681709,0.724041244533607,0,18,4,100,75.01,55.7,62.48,71.79,0.0,0.0,0.0,0.0
1358,39920,64.96,51.16642278715257,0.81993015639002,0,10,4,100,63.67,77.67,59.49,59.02,0.0,0.0,0.0,0.0
1359,39920,74.3,53.78332391780198,0.8066886540649023,0,10,4,100,75.75,64.38,79.38,77.68,0.0,0.0,0.0,0.0
1360,41532,58.04,54.91446291619078,0.7785631272297486,0,6,4,100,62.83,61.45,52.27,55.62,0.0,0.0,0.0,0.0
1361,37905,83.19,56.28339118681231,0.7513496466199181,0,15,4,100,77.17,93.4,72.79,89.4,0.0,0.0,0.0,0.0
1362,44743,67.97,55.543451928950304,0.7440702600427973,4,9,4,100,73.02,70.91,59.7,68.26,0.0,0.0,0.0,0.0
1363,42224,72.06,54.30840354792069,0.7728345033925024,2,12,4,100,76.21,78.17,63.94,69.93,0.0,0.0,0.0,0.0
1364,39114,46.88,54.8521915806828,0.7928286153380986,0,12,4,100,46.45,48.62,47.64,44.82,0.0,0.0,0.0,0.0
1365,39517,64.36,55.618901098386935,0.6901095321330593,0,11,4,100,68.0,68.89,65.25,55.3,0.0,0.0,0.0,0.0
1366,40323,62.8,53.8936731514336,0.6847240644396725,0,9,4,100,60.06,58.39,74.51,58.23,0.0,0.0,0.0,0.0
1367,40323,70.53,54.46227430344935,0.7852765761499768,0,9,4,100,65.23,66.24,78.33,72.31,0.0,0.0,0.0,0.0
1368,36696,73.06,53.63633929217653,0.7331971111407354,0,18,4,100,66.03,81.0,71.68,73.54,0.0,0.0,0.0,0.0
1369,39920,77.24,54.73720510054776,0.7082897869931517,0,10,4,100,81.9,69.92,86.65,70.51,0.0,0.0,0.0,0.0
1370,37905,42.59,54.93707564656357,0.7223537981136936,0,15,4,100,42.76,42.46,44.98,40.15,0.0,0.0,0.0,0.0
1371,37502,66.87,56.02734199532129,0.7707544893726512,0,16,4,100,65.2,62.78,76.55,62.94,0.0,0.0,0.0,0.0
1372,37099,80.65,56.27262974341387,0.626231225734602,0,17,4,100,91.09,71.27,74.68,85.55,0.0,0.0,0.0,0.0
1373,42224,53.02,55.38438006509905,0.7339303691916569,2,12,4,100,52.91,50.79,54.92,53.47,0.0,0.0,0.0,0.0
1374,39114,74.25,53.10490641240227,0.6628234889635762,0,12,4,100,79.58,80.39,72.31,64.71,0.0,0.0,0.0,0.0
1375,39114,67.19,55.389894531068336,0.674487138925615,0,12,4,100,72.81,63.82,64.18,67.94,0.0,0.0,0.0,0.0
1376,40323,49.35,52.93693992353523,0.7671682672666179,0,9,4,100,50.19,40.15,51.94,55.13,0.0,0.0,0.0,0.0
1377,40323,62.12,54.24855114196759,0.7278549450296731,0,9,4,100,70.86,58.8,60.83,58.01,0.0,0.0,0.0,0.0
1378,39517,58.52,52.30313966208842,0.7452383797866965,0,11,4,100,61.2,53.02,57.21,62.66,0.0,0.0,0.0,0.0
1379,37905,72.09,53.63709569887492,0.758101104960843,0,15,4,100,73.22,72.45,77.54,65.16,0.0,0.0,0.0,0.0
1380,37099,66.84,55.28309145982882,0.7176220185549251,0,17,4,100,58.95,59.96,75.0,73.43,0.0,0.0,0.0,0.0
1381,40726,64.21,53.42901552901195,0.7396804704854452,0,8,4,100,61.83,61.44,58.19,75.37,0.0,0.0,0.0,0.0
1382,37502,79.78,54.72715437390747,0.589753650399767,0,16,4,100,66.94,81.14,86.55,84.47,0.0,0.0,0.0,0.0
1383,38308,72.47,58.21778134733605,0.8735602902410484,0,14,4,100,80.81,69.44,65.84,73.79,0.0,0.0,0.0,0.0
1384,39517,67.42,53.23363997157524,0.7741677346837395,0,11,4,100,71.63,72.69,66.0,59.36,0.0,0.0,0.0,0.0
1385,37502,72.01,50.83007904146798,0.7023990808237265,0,16,4,100,63.09,67.88,75.54,81.53,0.0,0.0,0.0,0.0
1386,46204,46.83,55.788324043359935,0.7300229012446753,5,7,4,100,48.76,50.78,42.01,45.78,0.0,0.0,0.0,0.0
1387,37905,70.11,54.34800208337319,0.815305403923637,0,15,4,100,67.09,61.1,83.39,68.88,0.0,0.0,0.0,0.0
1388,39114,62.4,53.64063717859915,0.6675415157003213,0,12,4,100,66.98,55.75,56.56,70.32,0.0,0.0,0.0,0.0
1389,39517,75.82,54.07284797096519,0.792802026879759,0,11,4,100,83.12,73.22,80.05,66.91,0.0,0.0,0.0,0.0
1390,43685,57.74,55.55361545654021,0.7444868010040009,3,10,4,100,59.99,60.69,57.94,52.34,0.0,0.0,0.0,0.0
1391,43433,71.96,55.66975076980933,0.7607430851052716,2,9,4,100,79.31,63.27,71.02,74.22,0.0,0.0,0.0,0.0
1392,36293,61.55,53.10735477971042,0.8019606399928889,0,19,4,100,50.97,66.66,64.32,64.25,0.0,0.0,0.0,0.0
1393,36696,48.92,54.88935774744349,0.7227821385302845,0,18,4,100,50.39,51.85,45.16,48.3,0.0,0.0,0.0,0.0
1394,39517,88.12,54.749652293368,0.7449657180687211,0,11,4,100,90.21,78.31,89.7,94.27,0.0,0.0,0.0,0.0
1395,43030,70.52,56.981612839034135,0.7597563591475955,2,10,4,100,58.89,74.5,77.33,71.35,0.0,0.0,0.0,0.0
1396,39517,60.23,55.68815504720608,0.7831620546993221,0,11,4,100,54.7,61.16,52.54,72.51,0.0,0.0,0.0,0.0
1397,40323,46.8,56.99796785240786,0.7730543048522822,0,9,4,100,42.1,45.36,48.7,51.04,0.0,0.0,0.0,0.0
1398,39114,69.17,57.29088280653299,0.7431343297624363,0,12,4,100,65.04,75.06,77.57,59.02,0.0,0.0,0.0,0.0
1399,39920,52.68,53.56342094891664,0.7659525136119727,0,10,4,100,58.56,51.74,50.48,49.95,0.0,0.0,0.0,0.0
1400,45549,56.45,54.141755889216284,0.7821140475985855,4,7,4,100,49.16,61.72,54.98,59.95,0.0,0.0,0.0,0.0
1401,39517,42.76,54.30437796762451,0.7375601068997046,0,11,4,100,41.87,45.12,42.25,41.82,0.0,0.0,0.0,0.0
1402,36696,74.56,55.44008789970803,0.6582583761143687,0,18,4,100,63.02,82.53,73.81,78.89,0.0,0.0,0.0,0.0
1403,37905,51.66,55.78546402117327,0.6835304201317706,0,15,4,100,49.78,56.1,47.09,53.67,0.0,0.0,0.0,0.0
1404,37905,91.49,54.62567186487974,0.7156663021650462,0,15,4,100,91.54,94.29,97.64,82.48,0.0,0.0,0.0,0.0
1405,38711,61.31,55.7677975915943,0.6330069228817881,0,13,4,100,57.5,60.12,68.44,59.17,0.0,0.0,0.0,0.0
1406,36293,64.43,55.29421843272002,0.6655876855213376,0,19,4,100,68.27,66.2,60.14,63.11,0.0,0.0,0.0,0.0
1407,39114,56.44,54.8385863783854,0.7074251153372003,0,12,4,100,57.59,53.3,58.65,56.21,0.0,0.0,0.0,0.0
1408,36696,63.79,52.90758475513394,0.8168644442857901,0,18,4,100,53.6,68.95,68.71,63.9,0.0,0.0,0.0,0.0
1409,37905,67.6,53.18544508132503,0.7892873465278473,0,15,4,100,73.18,56.63,69.86,70.73,0.0,0.0,0.0,0.0
1410,36696,72.21,53.210244827286616,0.8228717832103621,0,18,4,100,66.55,76.95,71.62,73.72,0.0,0.0,0.0,0.0
1411,42476,41.8,52.63278452438447,0.7603583085416379,3,13,4,100,39.18,37.59,47.3,43.13,0.0,0.0,0.0,0.0
1412,39920,76.87,54.19889281557423,0.7782884118517039,0,10,4,100,73.59,83.39,85.24,65.26,0.0,0.0,0.0,0.0
1413,43433,35.11,56.13686769203839,0.8919283062396044,2,9,4,100,38.56,32.53,34.6,34.76,0.0,0.0,0.0,0.0
1414,37905,65.38,55.42274398386742,0.7879206595020601,0,15,4,100,63.99,64.26,68.35,64.94,0.0,0.0,0.0,0.0
1415,36696,45.3,54.53894810385992,0.7621370279545876,0,18,4,100,47.87,39.34,50.89,43.11,0.0,0.0,0.0,0.0
1416,38308,63.44,52.71128388905208,0.6651313301238679,0,14,4,100,58.38,63.37,69.75,62.28,0.0,0.0,0.0,0.0
1417,37905,63.16,54.18076854466415,0.760300219989621,0,15,4,100,66.19,67.73,52.44,66.28,0.0,0.0,0.0,0.0
1418,37905,64.6,57.1104484301944,0.7245791942492229,0,15,4,100,68.79,63.91,62.55,63.14,0.0,0.0,0.0,0.0
1419,38308,74.4,53.53399387861805,0.7797256732257766,0,14,4,100,70.95,83.12,69.63,73.91,0.0,0.0,0.0,0.0
1420,38308,71.8,54.09131663822573,0.7641081940916691,0,14,4,100,73.38,71.32,76.09,66.4,0.0,0.0,0.0,0.0
1421,40726,62.83,54.35678661201719,0.6477757655575754,0,8,4,100,67.02,64.67,65.32,54.3,0.0,0.0,0.0,0.0
1422,39114,52.46,53.81169201321593,0.7281925146462639,0,12,4,100,54.62,48.66,49.68,56.87,0.0,0.0,0.0,0.0
1423,39114,78.13,51.86660408921014,0.7703344726356862,0,12,4,100,78.38,83.16,80.66,70.32,0.0,0.0,0.0,0.0
1424,43937,73.16,56.02393422351125,0.7334774445163438,4,11,4,100,73.73,66.42,75.44,77.07,0.0,0.0,0.0,0.0
1425,37502,72.24,54.86209680664526,0.7763669098378233,0,16,4,100,74.59,73.11,71.73,69.51,0.0,0.0,0.0,0.0
1426,38308,68.35,53.199726215002265,0.7935458625035162,0,14,4,100,66.11,78.64,63.89,64.77,0.0,0.0,0.0,0.0
1427,45545,68.82,55.75840887868614,0.6908778488284814,2,5,4,100,59.51,67.52,72.53,75.7,0.0,0.0,0.0,0.0
1428,39114,68.04,55.03101310817915,0.765979356164579,0,12,4,100,59.31,66.63,72.26,73.96,0.0,0.0,0.0,0.0
1429,44743,81.87,53.70268741029249,0.6819652910035655,4,9,4,100,88.5,79.16,73.71,86.12,0.0,0.0,0.0,0.0
1430,41821,62.14,54.56721542012442,0.7570120463003004,2,13,4,100,57.98,58.42,67.63,64.54,0.0,0.0,0.0,0.0
1431,37905,60.82,54.67245459546938,0.7656167557630144,0,15,4,100,74.24,60.38,53.21,55.44,0.0,0.0,0.0,0.0
1432,38308,74.91,56.56197106079715,0.7783197941141178,0,14,4,100,68.84,78.75,68.1,83.94,0.0,0.0,0.0,0.0
1433,39114,68.35,55.19874904310125,0.8079932510523222,0,12,4,100,66.11,64.66,66.9,75.72,0.0,0.0,0.0,0.0
1434,37905,82.46,54.73162578572357,0.749034146637776,0,15,4,100,84.92,71.27,83.8,89.85,0.0,0.0,0.0,0.0
1435,39517,57.68,54.44958359456307,0.7808634825133411,0,11,4,100,60.8,56.51,54.11,59.29,0.0,0.0,0.0,0.0
1436,43836,57.3,54.47712661637244,0.6352238894613428,2,8,4,100,64.83,55.68,54.49,54.21,0.0,0.0,0.0,0.0
1437,44894,61.19,53.42363424639729,0.7013180349219942,3,7,4,100,57.02,59.81,65.46,62.46,0.0,0.0,0.0,0.0
1438,37905,87.16,54.88083192773122,0.740776521463571,0,15,4,100,86.76,84.48,88.95,88.43,0.0,0.0,0.0,0.0
1439,41129,55.15,54.2673083690644,0.7520097512482593,0,7,4,100,56.4,45.89,53.61,64.71,0.0,0.0,0.0,0.0
1440,38711,60.9,53.38724754846873,0.6707662195891603,0,13,4,100,66.41,56.01,56.26,64.91,0.0,0.0,0.0,0.0
1441,40726,52.28,53.452465550700126,0.7574300821913608,0,8,4,100,47.22,54.72,51.51,55.65,0.0,0.0,0.0,0.0
1442,35890,64.65,52.45928549463341,0.7142621117248211,0,20,4,100,69.2,64.35,64.81,60.22,0.0,0.0,0.0,0.0
1443,39114,77.78,55.775958433281424,0.6845766061143606,0,12,4,100,70.38,75.05,80.87,84.84,0.0,0.0,0.0,0.0
1444,40726,50.04,53.558580381729016,0.7289781837712757,0,8,4,100,43.6,49.72,60.65,46.18,0.0,0.0,0.0,0.0
1445,38711,50.92,55.642103381255126,0.7054418960393792,0,13,4,100,45.57,45.1,53.53,59.49,0.0,0.0,0.0,0.0
1446,39920,56.24,54.97998592034403,0.6687417980754833,0,10,4,100,54.57,56.97,50.13,63.3,0.0,0.0,0.0,0.0
1447,38308,45.62,53.012949809822175,0.6863581727537068,0,14,4,100,44.42,46.61,44.3,47.17,0.0,0.0,0.0,0.0
1448,38308,63.37,52.8526963677188,0.7536938598947548,0,14,4,100,60.59,58.04,66.36,68.48,0.0,0.0,0.0,0.0
1449,45698,74.9,54.12723411367117,0.7167889857730361,2,4,4,100,68.94,70.88,79.65,80.14,0.0,0.0,0.0,0.0
1450,39114,62.07,52.87825573600784,0.7163598747918806,0,12,4,100,62.27,59.86,59.2,66.95,0.0,0.0,0.0,0.0
1451,36696,62.76,54.113762192916624,0.7582471834015447,0,18,4,100,60.6,72.68,59.07,58.67,0.0,0.0,0.0,0.0
1452,43685,65.17,56.35385660869608,0.6688090600918766,3,10,4,100,58.81,68.05,67.64,66.19,0.0,0.0,0.0,0.0
1453,39920,40.53,52.86794934124878,0.6852361712331069,0,10,4,100,38.06,38.02,43.71,42.31,0.0,0.0,0.0,0.0
1454,41129,55.72,54.661151847703856,0.7003857795281347,0,7,4,100,61.47,51.49,57.66,52.26,0.0,0.0,0.0,0.0
1455,39517,58.46,54.43825525703674,0.7090282136915741,0,11,4,100,62.07,52.32,61.06,58.41,0.0,0.0,0.0,0.0
1456,39920,76.59,55.09229347251868,0.6843204882261645,0,10,4,100,73.44,80.39,79.43,73.11,0.0,0.0,0.0,0.0
1457,45952,79.04,55.457772424576135,0.719425201739881,4,6,4,100,81.6,76.21,74.92,83.42,0.0,0.0,0.0,0.0
1458,44239,68.08,52.54116154143484,0.7158898933859794,2,7,4,100,63.92,66.47,67.67,74.26,0.0,0.0,0.0,0.0
1459,39114,71.2,51.7043442221378,0.7424946143160519,0,12,4,100,79.51,73.44,58.77,73.08,0.0,0.0,0.0,0.0
1460,41129,66.03,55.28163072913343,0.7218351232462918,0,7,4,100,76.47,56.47,70.19,61.0,0.0,0.0,0.0,0.0
1461,45545,55.44,54.45636583823827,0.6541296830571491,2,5,4,100,58.89,50.02,61.71,51.16,0.0,0.0,0.0,0.0
1462,35890,67.29,55.69765221410881,0.8145870365533417,0,20,4,100,72.94,64.92,55.19,76.11,0.0,0.0,0.0,0.0
1463,44491,67.78,55.39596427794439,0.7259133980660318,3,8,4,100,77.62,63.83,63.15,66.5,0.0,0.0,0.0,0.0
1464,42778,80.56,56.876795633386166,0.714936634380549,1,9,4,100,81.28,73.62,82.54,84.79,0.0,0.0,0.0,0.0
1465,38711,56.34,55.73269281814984,0.708096745651563,0,13,4,100,58.78,52.1,53.76,60.74,0.0,0.0,0.0,0.0
1466,36696,67.88,53.26568730837823,0.7699282258249257,0,18,4,100,71.7,76.67,64.04,59.11,0.0,0.0,0.0,0.0
1467,45549,86.02,55.43219262472252,0.6677698103330433,4,7,4,100,74.93,87.14,93.27,88.76,0.0,0.0,0.0,0.0
1468,40323,59.34,54.11774650064865,0.745399545158608,0,9,4,100,65.26,57.38,57.45,57.27,0.0,0.0,0.0,0.0
1469,38711,59.32,57.69110559036163,0.7875241654817875,0,13,4,100,54.45,59.42,67.55,55.86,0.0,0.0,0.0,0.0
1470,41129,62.47,52.403198623089885,0.7110797395371107,0,7,4,100,63.49,62.69,53.2,70.5,0.0,0.0,0.0,0.0
1471,37502,55.74,56.589339941085306,0.7501129620593925,0,16,4,100,50.58,56.69,61.56,54.11,0.0,0.0,0.0,0.0
1472,37099,67.12,55.01748421644033,0.7349522786287513,0,17,4,100,70.92,63.61,62.98,70.96,0.0,0.0,0.0,0.0
1473,42627,56.96,53.78732783782672,0.6888217341198072,2,11,4,100,62.72,52.0,56.13,57.01,0.0,0.0,0.0,0.0
1474,39114,87.56,53.50720854796233,0.7451086818125825,0,12,4,100,93.5,83.91,92.53,80.31,0.0,0.0,0.0,0.0
1475,39517,59.28,54.25475129569533,0.7024274009100501,0,11,4,100,58.23,66.75,55.6,56.53,0.0,0.0,0.0,0.0
1476,43987,62.51,55.89870921487482,0.7142480027084068,1,6,4,100,68.02,64.4,54.82,62.81,0.0,0.0,0.0,0.0
1477,37502,69.07,55.58079101967529,0.7807354496312364,0,16,4,100,70.43,78.17,56.54,71.13,0.0,0.0,0.0,0.0
1478,42435,62.46,54.88302251440749,0.7040548985777332,0,5,4,100,61.8,62.95,57.13,67.94,0.0,0.0,0.0,0.0
1479,40726,47.88,54.1321833839202,0.6591389058441269,0,8,4,100,54.6,46.7,48.39,41.84,0.0,0.0,0.0,0.0
1480,38308,88.52,56.19574108614201,0.8347716553846536,0,14,4,100,85.04,93.43,81.93,93.7,0.0,0.0,0.0,0.0
1481,36696,68.59,53.58429638219705,0.715532979703275,0,18,4,100,64.28,66.6,78.9,64.59,0.0,0.0,0.0,0.0
1482,41129,62.93,56.2844455006034,0.7722169414256791,0,7,4,100,69.14,62.95,57.45,62.17,0.0,0.0,0.0,0.0
1483,44890,76.16,55.89743917629151,0.5924878266656739,1,5,4,100,83.04,76.49,65.42,79.7,0.0,0.0,0.0,0.0
1484,38308,50.6,55.16207681273912,0.7747095093755447,0,14,4,100,49.2,46.86,49.8,56.52,0.0,0.0,0.0,0.0
1485,38711,29.82,57.09839699625465,0.6381494467833025,0,13,4,100,31.45,35.9,27.52,24.39,0.0,0.0,0.0,0.0
1486,38711,52.17,55.7243924533239,0.7343040432249076,0,13,4,100,56.4,56.3,50.28,45.7,0.0,0.0,0.0,0.0
1487,40323,92.18,53.88364591317829,0.7025133639267006,0,9,4,100,92.85,94.34,93.25,88.28,0.0,0.0,0.0,0.0
1488,40726,75.37,55.08004039420908,0.6752847963130081,0,8,4,100,70.29,73.05,75.46,82.66,0.0,0.0,0.0,0.0
1489,40323,78.58,53.15316113416188,0.6290563566534951,0,9,4,100,82.18,69.67,83.34,79.12,0.0,0.0,0.0,0.0
1490,38711,58.69,55.44894004361805,0.7339770046642123,0,13,4,100,57.74,59.06,56.91,61.05,0.0,0.0,0.0,0.0
1491,40726,62.72,55.23809975013451,0.7757296506647688,0,8,4,100,63.29,61.26,60.35,65.98,0.0,0.0,0.0,0.0
1492,41821,63.26,55.83931615594415,0.7848062754753955,2,13,4,100,63.72,64.92,61.97,62.44,0.0,0.0,0.0,0.0
1493,39114,52.28,54.521916782511006,0.6614438449668263,0,12,4,100,50.31,47.52,53.12,58.19,0.0,0.0,0.0,0.0
1494,39114,68.61,55.01240168301719,0.7319489995678523,0,12,4,100,71.38,67.33,63.01,72.71,0.0,0.0,0.0,0.0
1495,40323,69.56,54.628249267375125,0.7823518451555181,0,9,4,100,69.06,67.38,72.05,69.74,0.0,0.0,0.0,0.0
1496,43433,51.38,52.58328448464416,0.6836431907158035,2,9,4,100,46.48,57.15,59.02,42.88,0.0,0.0,0.0,0.0
1497,37905,47.92,54.162277597836216,0.7754794157660232,0,15,4,100,42.78,52.26,53.58,43.07,0.0,0.0,0.0,0.0
1498,39517,62.41,54.96992960846948,0.7251955474438281,0,11,4,100,61.0,64.4,62.0,62.23,0.0,0.0,0.0,0.0
1499,41532,61.04,54.31171574967024,0.7793887275148591,0,6,4,100,51.48,65.04,63.14,64.5,0.0,0.0,0.0,0.0
1500,39517,60.5,55.880410408394624,0.6973469123920855,0,11,4,100,68.44,66.97,53.06,53.55,0.0,0.0,0.0,0.0
1501,35890,83.21,54.38054200884624,0.75809906627361,0,20,4,100,100.0,77.21,75.4,80.23,0.0,0.0,0.0,0.0
1502,43030,59.99,53.84866432914696,0.7703264021467057,2,10,4,100,64.49,56.12,59.33,60.03,0.0,0.0,0.0,0.0
1503,40323,83.6,55.18180254836283,0.6783444831591101,0,9,4,100,76.99,81.75,93.43,82.24,0.0,0.0,0.0,0.0
1504,39114,44.83,55.20341121884215,0.6200488864442332,0,12,4,100,49.96,39.07,41.6,48.69,0.0,0.0,0.0,0.0
1505,38308,73.28,53.490895159014485,0.7183695452120441,0,14,4,100,63.44,71.04,77.17,81.46,0.0,0.0,0.0,0.0
1506,41972,69.66,54.57699071628283,0.6921162673676154,1,11,4,100,77.8,69.28,71.35,60.2,0.0,0.0,0.0,0.0
1507,44642,63.68,56.59018060435156,0.7584015296181282,2,6,4,100,68.33,64.23,69.43,52.73,0.0,0.0,0.0,0.0
1508,39517,51.96,54.79998516686754,0.7343419579843699,0,11,4,100,56.86,49.54,43.35,58.1,0.0,0.0,0.0,0.0
1509,38308,43.47,57.26368324347242,0.7231891827819585,0,14,4,100,48.43,38.24,42.44,44.76,0.0,0.0,0.0,0.0
1510,37099,69.71,55.10593162529084,0.774491308622405,0,17,4,100,72.02,69.5,64.32,73.0,0.0,0.0,0.0,0.0
1511,39517,67.11,55.93741983033316,0.6870086641227238,0,11,4,100,67.04,73.99,73.0,54.41,0.0,0.0,0.0,0.0
1512,44340,51.32,54.67053992525361,0.6659060903131092,4,10,4,100,48.85,49.04,51.33,56.06,0.0,0.0,0.0,0.0
1513,39114,57.94,54.37837988362549,0.7437343202525979,0,12,4,100,63.94,58.86,56.99,51.99,0.0,0.0,0.0,0.0
1514,40726,59.87,51.5148135566717,0.7076026882187177,0,8,4,100,51.0,63.4,60.87,64.22,0.0,0.0,0.0,0.0
1515,43937,67.72,56.28687203966241,0.6975790822258419,4,11,4,100,72.75,65.99,65.26,66.87,0.0,0.0,0.0,0.0
1516,40726,80.7,52.11749409889879,0.7253042494762779,0,8,4,100,85.72,71.48,76.69,88.91,0.0,0.0,0.0,0.0
1517,45952,61.13,56.208639915582026,0.7393132824496226,4,6,4,100,56.54,61.06,64.58,62.35,0.0,0.0,0.0,0.0
1518,44592,55.56,55.2912331478956,0.7183148898945761,5,11,4,100,54.16,58.12,52.54,57.43,0.0,0.0,0.0,0.0
1519,39517,69.06,52.68412204706,0.6973486367593973,0,11,4,100,71.69,77.73,63.78,63.06,0.0,0.0,0.0,0.0
1520,39920,79.18,56.03512049055135,0.7645067030791539,0,10,4,100,84.72,70.07,83.83,78.09,0.0,0.0,0.0,0.0
1521,42435,55.34,56.26106469828922,0.6030761373824365,0,5,4,100,56.97,57.46,48.3,58.64,0.0,0.0,0.0,0.0
1522,41569,55.06,54.9950010156772,0.6302146356086387,1,12,4,100,48.99,58.87,60.49,51.91,0.0,0.0,0.0,0.0
1523,44743,55.71,55.64322302781048,0.7326046913562404,4,9,4,100,57.02,56.32,55.96,53.52,0.0,0.0,0.0,0.0
1524,39920,64.88,54.15156732681607,0.6782259345142332,0,10,4,100,69.33,65.13,60.08,64.98,0.0,0.0,0.0,0.0
1525,45952,48.67,52.96942955345453,0.6737765501514483,4,6,4,100,44.37,46.99,52.89,50.44,0.0,0.0,0.0,0.0
1526,39114,81.45,54.5589776014474,0.7323086680484302,0,12,4,100,91.81,73.93,85.61,74.44,0.0,0.0,0.0,0.0
1527,44743,65.12,54.55627019480694,0.6607412769905847,4,9,4,100,66.32,61.66,71.13,61.39,0.0,0.0,0.0,0.0
1528,39114,73.7,54.807533858877136,0.7008968405379291,0,12,4,100,78.21,63.35,76.78,76.46,0.0,0.0,0.0,0.0
1529,44239,58.11,55.26366550962036,0.6461260716558765,2,7,4,100,52.42,62.04,54.05,63.94,0.0,0.0,0.0,0.0
1530,43836,71.48,54.9223616642811,0.654146590963951,2,8,4,100,68.67,63.2,74.32,79.73,0.0,0.0,0.0,0.0
1531,37502,76.33,54.13390018987331,0.7320867096202064,0,16,4,100,70.33,68.3,86.03,80.65,0.0,0.0,0.0,0.0
1532,37502,61.25,55.55552125850304,0.694639876627637,0,16,4,100,62.92,65.57,62.83,53.67,0.0,0.0,0.0,0.0
1533,36696,71.01,56.06502842793863,0.7745311406098516,0,18,4,100,74.49,78.77,60.9,69.88,0.0,0.0,0.0,0.0
1534,42375,95.52,56.82674901506447,0.7681332174405529,1,10,4,100,100.0,90.65,95.27,96.15,0.0,0.0,0.0,0.0
1535,39517,79.54,52.809236947817695,0.6475505883069796,0,11,4,100,86.22,73.87,74.99,83.07,0.0,0.0,0.0,0.0
1536,45297,42.32,56.00608030203094,0.7010718035223944,3,6,4,100,41.25,37.99,43.26,46.79,0.0,0.0,0.0,0.0
1537,42588,54.84,58.51759676522698,0.7551809435558671,0,4,4,100,44.99,57.72,55.97,60.69,0.0,0.0,0.0,0.0
1538,37905,72.76,52.19860236336015,0.6948449875457083,0,15,4,100,65.77,68.39,74.62,82.27,0.0,0.0,0.0,0.0
1539,43030,66.65,58.02906319167173,0.7893787809946399,2,10,4,100,61.31,66.33,70.29,68.68,0.0,0.0,0.0,0.0
1540,45549,71.0,57.12207095656229,0.8100529260245375,4,7,4,100,68.82,72.04,73.3,69.85,0.0,0.0,0.0,0.0
1541,38308,60.95,56.01180411429053,0.6858495559650613,0,14,4,100,55.48,58.53,66.58,63.23,0.0,0.0,0.0,0.0
1542,40726,75.04,53.86232111007955,0.7421240211989178,0,8,4,100,87.1,72.7,74.37,65.97,0.0,0.0,0.0,0.0
1543,38308,67.54,53.97651128010331,0.7378275966996112,0,14,4,100,67.96,65.79,67.02,69.4,0.0,0.0,0.0,0.0
1544,39114,64.08,54.92435582522788,0.6854645938242316,0,12,4,100,51.38,66.78,73.4,64.75,0.0,0.0,0.0,0.0
1545,43584,61.11,55.735698030497865,0.6486953532666938,1,7,4,100,64.61,57.64,53.21,68.98,0.0,0.0,0.0,0.0
1546,41532,81.36,56.56135915641652,0.7306081196394534,0,6,4,100,87.81,73.7,78.98,84.93,0.0,0.0,0.0,0.0
1547,40323,45.26,55.70953336152152,0.8018264072183763,0,9,4,100,47.59,42.44,39.02,52.0,0.0,0.0,0.0,0.0
1548,40726,68.85,59.69658546504129,0.6541905283070103,0,8,4,100,64.97,74.02,67.46,68.94,0.0,0.0,0.0,0.0
1549,44642,58.36,55.37342108488868,0.7629451224865856,2,6,4,100,55.55,53.87,59.93,64.1,0.0,0.0,0.0,0.0
1550,37905,63.52,53.610860425455805,0.6701884682174523,0,15,4,100,58.62,70.86,62.61,62.0,0.0,0.0,0.0,0.0
1551,44239,60.62,54.10215205283716,0.7527986702140994,2,7,4,100,66.55,60.86,52.78,62.3,0.0,0.0,0.0,0.0
1552,39920,73.73,52.800552067310186,0.6878417042214123,0,10,4,100,80.71,77.47,70.63,66.1,0.0,0.0,0.0,0.0
1553,39920,65.96,57.10386239632614,0.6798103418893064,0,10,4,100,67.63,68.99,54.32,72.92,0.0,0.0,0.0,0.0
1554,40726,51.39,53.79031543965312,0.6392703856192355,0,8,4,100,48.3,54.35,46.61,56.3,0.0,0.0,0.0,0.0
1555,39114,76.33,56.40627807302194,0.7262780031451472,0,12,4,100,68.43,72.73,83.49,80.66,0.0,0.0,0.0,0.0
1556,41129,59.03,55.87734003391384,0.7308890241855741,0,7,4,100,51.25,57.65,59.13,68.08,0.0,0.0,0.0,0.0
1557,36293,58.76,56.53750254154049,0.5911046764816524,0,19,4,100,55.33,57.56,57.12,65.01,0.0,0.0,0.0,0.0
1558,41569,64.64,52.75134572381253,0.7515290322661675,1,12,4,100,67.57,56.76,58.34,75.88,0.0,0.0,0.0,0.0
1559,41129,74.88,53.1060085327683,0.8252261192192318,0,7,4,100,68.24,76.43,76.76,78.09,0.0,0.0,0.0,0.0
1560,44239,98.18,51.59878256299698,0.7727635426775967,2,7,4,100,92.73,100.0,100.0,100.0,0.0,0.0,0.0,0.0
1561,39920,78.1,54.97355135673443,0.6699390638041709,0,10,4,100,84.72,74.46,74.58,78.66,0.0,0.0,0.0,0.0
1562,46204,61.17,54.142349334265226,0.6665527806774821,5,7,4,100,59.71,63.43,53.57,67.98,0.0,0.0,0.0,0.0
1563,38308,68.48,54.66109002120546,0.7069418071163103,0,14,4,100,64.28,78.94,60.84,69.87,0.0,0.0,0.0,0.0
1564,43433,59.01,55.06173221190611,0.702603648729464,2,9,4,100,60.82,56.22,63.2,55.81,0.0,0.0,0.0,0.0
1565,38711,69.44,52.75101893030958,0.7433919686077429,0,13,4,100,71.38,73.78,63.59,68.99,0.0,0.0,0.0,0.0
1566,41129,65.5,56.1857352959177,0.729042632028944,0,7,4,100,66.0,69.84,62.95,63.22,0.0,0.0,0.0,0.0
1567,39920,76.41,56.45551947366747,0.741899520497518,0,10,4,100,79.38,72.61,72.22,81.44,0.0,0.0,0.0,0.0
1568,43937,84.51,54.96296104996058,0.7352024294375529,4,11,4,100,88.45,82.84,82.37,84.38,0.0,0.0,0.0,0.0
1569,45146,59.81,54.79096531659056,0.7090543691401848,4,8,4,100,60.35,61.7,59.46,57.74,0.0,0.0,0.0,0.0
1570,40726,66.19,56.14071383777254,0.6582736617092847,0,8,4,100,70.97,58.34,60.09,75.37,0.0,0.0,0.0,0.0
1571,39517,47.22,52.69928690398911,0.7243460626991216,0,11,4,100,44.58,42.42,49.16,52.74,0.0,0.0,0.0,0.0
1572,45349,54.54,55.1055193136465,0.6946756864754254,1,2,4,100,58.88,54.36,49.62,55.31,0.0,0.0,0.0,0.0
1573,39920,60.89,53.9280877550941,0.7299894516605686,0,10,4,100,66.79,59.24,60.19,57.35,0.0,0.0,0.0,0.0
1574,43836,53.31,55.11211190658384,0.7006514743245005,2,8,4,100,51.19,58.04,53.27,50.73,0.0,0.0,0.0,0.0
1575,37502,60.96,55.20037159936553,0.7195800516939749,0,16,4,100,59.09,59.16,56.86,68.73,0.0,0.0,0.0,0.0
1576,44239,53.1,57.41436858782915,0.620430949441278,2,7,4,100,58.38,50.83,51.36,51.85,0.0,0.0,0.0,0.0
1577,43987,61.84,56.31272308873601,0.7279966530555384,1,6,4,100,63.35,61.04,58.41,64.54,0.0,0.0,0.0,0.0
1578,41972,62.69,56.39031884646645,0.7246317381237802,1,11,4,100,55.88,63.43,60.8,70.65,0.0,0.0,0.0,0.0
1579,41821,61.9,56.73910941750902,0.7596847714030699,2,13,4,100,62.1,56.2,59.22,70.09,0.0,0.0,0.0,0.0
1580,45698,67.14,56.329102872680174,0.7437809550779395,2,4,4,100,58.81,68.42,74.55,66.77,0.0,0.0,0.0,0.0
1581,40323,46.0,54.280670862390345,0.6895951815667766,0,9,4,100,41.67,47.27,52.05,43.02,0.0,0.0,0.0,0.0
1582,37905,62.74,56.107271420173305,0.6789561255176495,0,15,4,100,57.77,65.08,58.4,69.71,0.0,0.0,0.0,0.0
1583,37502,80.87,55.04303654210639,0.7019634665183736,0,16,4,100,77.2,80.94,78.35,87.0,0.0,0.0,0.0,0.0
1584,37905,77.38,53.70876127829367,0.6935070584007612,0,15,4,100,83.97,85.24,72.81,67.49,0.0,0.0,0.0,0.0
1585,45952,81.81,52.36568878940268,0.7139976427061706,4,6,4,100,75.82,86.04,88.06,77.31,0.0,0.0,0.0,0.0
1586,39114,81.05,53.447149899076834,0.6806438500374142,0,12,4,100,78.82,82.49,78.54,84.35,0.0,0.0,0.0,0.0
1587,39920,61.6,54.10452041785541,0.7079454547272883,0,10,4,100,58.03,64.66,57.5,66.22,0.0,0.0,0.0,0.0
1588,39517,64.99,53.72575868115509,0.733781444635433,0,11,4,100,58.65,68.65,59.85,72.8,0.0,0.0,0.0,0.0
1589,37905,74.26,54.84934443142923,0.6669964286405087,0,15,4,100,76.6,71.37,72.27,76.8,0.0,0.0,0.0,0.0
1590,37905,53.3,51.15595878688116,0.8120460831299482,0,15,4,100,55.03,46.59,54.2,57.4,0.0,0.0,0.0,0.0
1591,37905,69.02,55.88663402028055,0.663476277716507,0,15,4,100,68.89,61.79,68.96,76.46,0.0,0.0,0.0,0.0
1592,43937,61.38,55.375579394367534,0.7848745814790005,4,11,4,100,61.81,53.53,65.69,64.49,0.0,0.0,0.0,0.0
1593,87535,74.72,57.695664011880304,0.7947961063086059,10,5,4,100,78.62,70.57,67.52,82.16,0.0,0.0,0.0,0.0
1594,40323,61.16,55.78566536380548,0.68867855545774,0,9,4,100,60.31,53.76,63.6,66.96,0.0,0.0,0.0,0.0
1595,46607,76.25,54.05404095980384,0.6443775277585959,5,6,4,100,75.43,82.5,77.95,69.12,0.0,0.0,0.0,0.0
1596,39517,61.22,57.06390625260848,0.6688967487832755,0,11,4,100,66.41,70.98,53.38,54.12,0.0,0.0,0.0,0.0
1597,42778,67.02,56.614313073132415,0.5993269836242767,1,9,4,100,74.77,66.47,63.89,62.95,0.0,0.0,0.0,0.0
1598,38711,70.1,55.38029937096724,0.6285353127059405,0,13,4,100,67.21,66.46,75.36,71.38,0.0,0.0,0.0,0.0
1599,45545,66.16,53.34578199751318,0.6281878521230241,2,5,4,100,64.83,70.4,64.53,64.88,0.0,0.0,0.0,0.0
1600,39517,57.9,53.89315956336803,0.6881469709209389,0,11,4,100,57.62,48.71,57.73,67.56,0.0,0.0,0.0,0.0
1601,41129,57.98,55.70495288441101,0.8312015065792768,0,7,4,100,70.16,50.17,52.26,59.31,0.0,0.0,0.0,0.0
1602,37905,72.84,53.59530697982685,0.6975293363241112,0,15,4,100,69.18,80.17,71.45,70.58,0.0,0.0,0.0,0.0
1603,41129,60.73,57.09598628834151,0.737261032120453,0,7,4,100,63.48,70.71,58.94,49.8,0.0,0.0,0.0,0.0
1604,43030,62.53,51.82206652705006,0.6829359766624133,2,10,4,100,63.9,56.35,72.35,57.53,0.0,0.0,0.0,0.0
1605,44239,87.05,54.09377860548855,0.6786820698177233,2,7,4,100,89.43,81.57,86.34,90.87,0.0,0.0,0.0,0.0
1606,41129,67.81,54.06115580197438,0.747116798833633,0,7,4,100,67.19,71.87,72.88,59.31,0.0,0.0,0.0,0.0
1607,39920,53.72,56.28101698272525,0.6066413434708027,0,10,4,100,58.5,52.67,51.04,52.68,0.0,0.0,0.0,0.0
1608,43836,64.22,56.534045639459855,0.777951644202883,2,8,4,100,57.46,71.1,67.89,60.42,0.0,0.0,0.0,0.0
1609,44239,49.84,54.147699127869565,0.7450003955399415,2,7,4,100,52.5,47.73,47.2,51.93,0.0,0.0,0.0,0.0
1610,44239,65.97,52.950521536694126,0.7059974774600638,2,7,4,100,56.83,70.36,64.4,72.3,0.0,0.0,0.0,0.0
1611,43433,56.42,56.900079208480335,0.6901090653622607,2,9,4,100,61.01,55.47,58.64,50.57,0.0,0.0,0.0,0.0
1612,39920,58.41,52.28616591514984,0.6188082245639496,0,10,4,100,58.33,59.17,56.12,60.03,0.0,0.0,0.0,0.0
1613,42627,63.18,54.0567366290626,0.6467242769285478,2,11,4,100,72.55,63.01,56.28,60.89,0.0,0.0,0.0,0.0
1614,38711,87.81,56.74134478397977,0.6905552312043987,0,13,4,100,96.17,83.16,88.73,83.19,0.0,0.0,0.0,0.0
1615,39517,76.41,57.08134681896025,0.7721513751460743,0,11,4,100,63.9,79.06,78.55,84.15,0.0,0.0,0.0,0.0
1616,44239,36.18,54.19238839736276,0.8116794258354543,2,7,4,100,32.33,30.71,40.03,41.66,0.0,0.0,0.0,0.0
1617,53014,58.0,55.1475321178679,0.7308281793392543,4,2,4,100,50.76,53.28,66.8,61.17,0.0,0.0,0.0,0.0
1618,73020,56.48,55.68242319838365,0.7654328261596253,4,0,4,100,66.07,61.16,49.29,49.4,0.0,0.0,0.0,0.0
1619,42778,70.91,57.38256976863574,0.7396326466145267,1,9,4,100,72.32,75.81,65.08,70.44,0.0,0.0,0.0,0.0
1620,40323,77.59,55.66102581499751,0.8219093736532684,0,9,4,100,74.99,70.61,82.05,82.72,0.0,0.0,0.0,0.0
1621,40726,53.53,55.16503878335232,0.7304372198762543,0,8,4,100,49.22,49.95,55.13,59.8,0.0,0.0,0.0,0.0
1622,39114,75.49,56.24503348857574,0.628825246718081,0,12,4,100,84.61,64.15,77.94,75.26,0.0,0.0,0.0,0.0
1623,40323,54.67,52.47298307342125,0.6764874996953762,0,9,4,100,59.59,56.05,52.06,50.97,0.0,0.0,0.0,0.0
1624,42435,59.66,53.89416036311573,0.6909327818249681,0,5,4,100,64.68,52.72,62.61,58.65,0.0,0.0,0.0,0.0
1625,39517,82.12,55.40621376004349,0.6633457206143213,0,11,4,100,92.14,75.61,70.65,90.09,0.0,0.0,0.0,0.0
1626,39517,44.78,51.06821580669613,0.737956353001325,0,11,4,100,44.44,49.92,46.38,38.39,0.0,0.0,0.0,0.0
1627,42627,73.59,56.91634120560824,0.5939017965587602,2,11,4,100,77.6,69.93,79.94,66.87,0.0,0.0,0.0,0.0
1628,45146,63.95,54.54893114307831,0.7864672103145514,4,8,4,100,63.5,57.28,61.06,73.96,0.0,0.0,0.0,0.0
1629,44088,67.12,53.41851431779807,0.6546338522750277,3,9,4,100,70.21,62.82,77.86,57.6,0.0,0.0,0.0,0.0
1630,39920,64.5,59.01182348668364,0.6990399271635911,0,10,4,100,63.65,68.17,70.92,55.25,0.0,0.0,0.0,0.0
1631,37502,68.28,54.35434044235362,0.6998113067495806,0,16,4,100,75.38,60.71,72.17,64.85,0.0,0.0,0.0,0.0
1632,44239,66.93,55.67353943497987,0.6214951652195666,2,7,4,100,61.53,68.41,74.89,62.9,0.0,0.0,0.0,0.0
1633,37905,73.49,54.77735149877049,0.6388131813584936,0,15,4,100,64.68,77.84,80.16,71.29,0.0,0.0,0.0,0.0
1634,40726,64.27,57.04698330134152,0.642522244772364,0,8,4,100,59.41,63.94,71.36,62.36,0.0,0.0,0.0,0.0
1635,45549,74.98,53.89063901106966,0.7290319760154393,4,7,4,100,72.03,73.9,74.06,79.95,0.0,0.0,0.0,0.0
1636,38711,49.6,56.48379495234794,0.6923518518232825,0,13,4,100,47.5,48.32,54.13,48.43,0.0,0.0,0.0,0.0
1637,40323,53.46,51.473131907695006,0.7829420999831891,0,9,4,100,51.4,48.98,50.64,62.81,0.0,0.0,0.0,0.0
1638,42627,78.75,55.27629701195614,0.6814472376254752,2,11,4,100,82.16,83.12,71.98,77.73,0.0,0.0,0.0,0.0
1639,42588,55.5,56.39633227410302,0.7426814052497319,0,4,4,100,54.58,49.73,62.48,55.23,0.0,0.0,0.0,0.0
1640,39920,62.98,55.70636940817737,0.6363625953585913,0,10,4,100,57.68,63.33,58.92,72.01,0.0,0.0,0.0,0.0
1641,39920,68.65,52.34490543490317,0.7025446645512494,0,10,4,100,75.72,59.82,73.94,65.13,0.0,0.0,0.0,0.0
1642,37905,61.6,55.31832259389964,0.7250537001601618,0,15,4,100,64.47,52.56,68.48,60.9,0.0,0.0,0.0,0.0
1643,40323,69.81,55.88274475516052,0.7060790436919927,0,9,4,100,66.78,70.69,67.62,74.14,0.0,0.0,0.0,0.0
1644,53014,68.63,54.387212665898765,0.7127930441309641,4,2,4,100,64.68,74.36,63.51,71.97,0.0,0.0,0.0,0.0
1645,37502,75.14,54.88435084670319,0.6930214774100187,0,16,4,100,69.62,82.38,68.83,79.74,0.0,0.0,0.0,0.0
1646,43836,60.58,55.76430146426903,0.7303068474232111,2,8,4,100,54.95,53.16,66.57,67.65,0.0,0.0,0.0,0.0
1647,39517,53.4,55.62546773913482,0.6826706260096391,0,11,4,100,52.95,52.26,52.65,55.74,0.0,0.0,0.0,0.0
1648,44844,62.47,55.328082491399385,0.7334307618019027,6,12,4,100,54.41,58.45,66.37,70.66,0.0,0.0,0.0,0.0
1649,40323,63.4,54.23575165675408,0.7232761761559081,0,9,4,100,62.51,61.63,55.48,73.98,0.0,0.0,0.0,0.0
1650,37905,72.28,55.993647912757055,0.7763714145560149,0,15,4,100,79.09,71.38,69.03,69.63,0.0,0.0,0.0,0.0
1651,39114,76.36,57.77917726114138,0.7313739051100954,0,12,4,100,71.73,78.53,80.27,74.91,0.0,0.0,0.0,0.0
1652,37905,61.34,56.7593316433758,0.6577301404031547,0,15,4,100,52.76,71.48,62.37,58.74,0.0,0.0,0.0,0.0
1653,43836,62.69,56.18705704124148,0.6603836095970522,2,8,4,100,63.58,54.18,59.99,73.01,0.0,0.0,0.0,0.0
1654,45549,66.07,55.05050695531401,0.6670257023635974,4,7,4,100,61.15,61.82,70.81,70.5,0.0,0.0,0.0,0.0
1655,40323,81.78,53.08949123888601,0.6476258279359048,0,9,4,100,88.13,86.33,76.99,75.69,0.0,0.0,0.0,0.0
1656,45297,66.85,54.80705079567836,0.7246118415901457,3,6,4,100,69.17,59.66,70.9,67.68,0.0,0.0,0.0,0.0
1657,43836,64.02,55.25682727294607,0.6604900192727049,2,8,4,100,68.13,60.38,59.02,68.56,0.0,0.0,0.0,0.0
1658,40323,54.5,53.772386645773,0.6311687870675919,0,9,4,100,59.49,51.73,49.71,57.06,0.0,0.0,0.0,0.0
1659,41569,61.97,56.69200646821089,0.7189473595771219,1,12,4,100,69.61,58.89,57.35,62.03,0.0,0.0,0.0,0.0
1660,39114,68.16,53.05245577182422,0.6047982761877886,0,12,4,100,68.86,68.73,65.4,69.65,0.0,0.0,0.0,0.0
1661,41532,64.89,54.06928712416304,0.6038501806817698,0,6,4,100,53.2,70.58,68.26,67.53,0.0,0.0,0.0,0.0
1662,44642,58.15,56.14863088494993,0.6058954800879685,2,6,4,100,59.3,57.8,57.23,58.26,0.0,0.0,0.0,0.0
1663,39517,71.22,52.954448129138925,0.6977446153917377,0,11,4,100,66.99,68.55,73.13,76.2,0.0,0.0,0.0,0.0
1664,43584,70.73,53.217062344235046,0.7049924106718315,1,7,4,100,72.86,75.09,63.62,71.36,0.0,0.0,0.0,0.0
1665,40726,65.38,53.96934998899428,0.6840002605911508,0,8,4,100,68.84,68.52,64.52,59.66,0.0,0.0,0.0,0.0
1666,43836,73.93,53.50545753245997,0.7162929236010533,2,8,4,100,72.86,81.7,73.46,67.7,0.0,0.0,0.0,0.0
1667,39114,69.88,52.15267875151574,0.738624539105291,0,12,4,100,86.66,63.77,62.62,66.45,0.0,0.0,0.0,0.0
1668,40323,87.52,54.7888228706431,0.7224596336382987,0,9,4,100,91.8,72.32,95.52,90.44,0.0,0.0,0.0,0.0
1669,43030,47.88,54.65480410281852,0.6516625309816337,2,10,4,100,55.46,43.44,49.24,43.37,0.0,0.0,0.0,0.0
1670,44340,58.76,54.219990454934006,0.6879588668216055,4,10,4,100,62.61,53.06,56.16,63.21,0.0,0.0,0.0,0.0
1671,38308,60.57,58.38567356809576,0.726505100315769,0,14,4,100,59.92,61.79,58.04,62.54,0.0,0.0,0.0,0.0
1672,42375,65.52,54.35213666346459,0.6090744427391046,1,10,4,100,66.63,57.66,67.61,70.19,0.0,0.0,0.0,0.0
1673,44642,81.74,56.1815470783343,0.6894437461980442,2,6,4,100,85.6,85.69,71.13,84.56,0.0,0.0,0.0,0.0
1674,39517,62.1,51.777599884235336,0.7328764159781044,0,11,4,100,68.46,63.43,53.8,62.71,0.0,0.0,0.0,0.0
1675,38308,91.5,53.64091928459218,0.7202181332503933,0,14,4,100,92.31,97.18,78.62,97.87,0.0,0.0,0.0,0.0
1676,39114,70.63,56.55613463087497,0.6488920670666881,0,12,4,100,73.92,64.17,67.78,76.65,0.0,0.0,0.0,0.0
1677,38308,57.7,56.31321261859801,0.580176776454692,0,14,4,100,64.86,55.45,53.11,57.39,0.0,0.0,0.0,0.0
1678,39920,71.65,57.13122339066526,0.7910723746997594,0,10,4,100,75.98,69.96,64.66,76.0,0.0,0.0,0.0,0.0
1679,44239,82.28,56.116767570717016,0.7160832878505112,2,7,4,100,80.78,84.94,86.78,76.62,0.0,0.0,0.0,0.0
1680,43534,64.24,57.00768824673134,0.830456531384334,4,12,4,100,58.22,61.66,71.84,65.22,0.0,0.0,0.0,0.0
1681,43937,72.73,57.04967936832623,0.652348306653848,4,11,4,100,79.09,77.11,67.07,67.65,0.0,0.0,0.0,0.0
1682,39517,70.02,53.63960493533113,0.7249646391824887,0,11,4,100,57.82,74.59,75.61,72.04,0.0,0.0,0.0,0.0
1683,41129,55.78,56.71777567130205,0.7298727548295928,0,7,4,100,48.0,58.51,59.32,57.31,0.0,0.0,0.0,0.0
1684,38308,80.82,55.65868858115432,0.6589543268768127,0,14,4,100,75.52,82.14,88.82,76.82,0.0,0.0,0.0,0.0
1685,43836,48.07,54.55893759949468,0.6826113324349378,2,8,4,100,50.58,49.92,48.54,43.24,0.0,0.0,0.0,0.0
1686,47966,47.54,55.15221506647077,0.6614799910111192,8,8,4,100,42.05,51.56,53.16,43.38,0.0,0.0,0.0,0.0
1687,39517,58.99,57.23832862765976,0.7168554580016613,0,11,4,100,68.0,62.69,52.27,53.0,0.0,0.0,0.0,0.0
1688,40323,63.19,56.03524354279217,0.6899523204822972,0,9,4,100,58.09,71.75,57.0,65.92,0.0,0.0,0.0,0.0
1689,39114,67.15,55.99497578154197,0.699203870906715,0,12,4,100,65.22,63.71,69.12,70.55,0.0,0.0,0.0,0.0
1690,45297,52.04,52.47870032286147,0.6797646147983404,3,6,4,100,47.9,52.79,55.63,51.85,0.0,0.0,0.0,0.0
1691,44894,71.81,55.14832023643095,0.6310527822162576,3,7,4,100,71.14,64.55,77.46,74.08,0.0,0.0,0.0,0.0
1692,39517,54.11,53.85652788376369,0.7239673448234989,0,11,4,100,53.4,48.17,54.08,60.8,0.0,0.0,0.0,0.0
1693,40726,58.74,53.9488874636426,0.6900411593515888,0,8,4,100,61.51,59.58,58.54,55.34,0.0,0.0,0.0,0.0
1694,46200,79.01,57.19795387574875,0.7237257811277737,3,5,4,100,89.55,69.53,74.33,82.63,0.0,0.0,0.0,0.0
1695,42435,46.97,52.61480779053051,0.6650875359171757,0,5,4,100,43.35,42.79,55.32,46.41,0.0,0.0,0.0,0.0
1696,43836,94.23,54.31531706975398,0.7393233622237505,2,8,4,100,99.17,99.08,89.53,89.14,0.0,0.0,0.0,0.0
1697,43433,62.9,52.744793172619225,0.6340625813906954,2,9,4,100,59.78,64.38,65.1,62.35,0.0,0.0,0.0,0.0
1698,41569,70.82,54.67465453462906,0.7711514622782488,1,12,4,100,65.12,67.2,82.66,68.29,0.0,0.0,0.0,0.0
1699,39920,57.02,53.34824353757204,0.6386845206673741,0,10,4,100,54.49,52.25,62.71,58.61,0.0,0.0,0.0,0.0
1700,46200,75.59,55.29516386411748,0.750439680450224,3,5,4,100,77.55,76.11,79.62,69.08,0.0,0.0,0.0,0.0
1701,43836,54.08,53.601601182758365,0.692770847623409,2,8,4,100,57.23,62.29,46.59,50.19,0.0,0.0,0.0,0.0
1702,37502,63.15,54.42362892314366,0.6935004699651737,0,16,4,100,61.07,70.86,61.99,58.67,0.0,0.0,0.0,0.0
1703,48511,53.68,53.48730823208819,0.6392539134184757,4,3,4,100,56.41,57.78,46.94,53.6,0.0,0.0,0.0,0.0
1704,42778,73.96,53.73209803988553,0.766369508655069,1,9,4,100,85.24,77.63,65.87,67.1,0.0,0.0,0.0,0.0
1705,44642,49.6,56.8613488252359,0.7455770601081054,2,6,4,100,56.14,43.95,49.16,49.13,0.0,0.0,0.0,0.0
1706,46353,51.89,55.177332117009406,0.7302520087176787,3,4,4,100,54.88,47.85,56.25,48.58,0.0,0.0,0.0,0.0
1707,37099,70.78,56.014325440598185,0.648676892105489,0,17,4,100,68.02,74.95,74.56,65.58,0.0,0.0,0.0,0.0
1708,40323,62.96,54.60024391742433,0.6991071503075437,0,9,4,100,67.42,68.81,63.49,52.12,0.0,0.0,0.0,0.0
1709,41129,65.18,53.504139083131264,0.7062006014572456,0,7,4,100,61.71,72.55,61.19,65.27,0.0,0.0,0.0,0.0
1710,45146,59.25,54.21453660558954,0.637874804103896,4,8,4,100,58.67,63.34,58.82,56.17,0.0,0.0,0.0,0.0
1711,37905,62.56,54.61663505669372,0.6347319209081329,0,15,4,100,60.56,67.39,64.24,58.04,0.0,0.0,0.0,0.0
1712,44894,65.23,55.07063403863516,0.6992753023636521,3,7,4,100,65.37,70.39,59.19,65.98,0.0,0.0,0.0,0.0
1713,42224,58.66,54.73367336905034,0.6691308821872759,2,12,4,100,58.64,55.88,68.31,51.81,0.0,0.0,0.0,0.0
1714,37502,59.38,52.53845323778588,0.7408356780725075,0,16,4,100,59.29,63.53,53.04,61.64,0.0,0.0,0.0,0.0
1715,45146,85.06,55.90411188896409,0.6058297596564595,4,8,4,100,86.76,89.23,74.99,89.27,0.0,0.0,0.0,0.0
1716,39517,76.84,55.45455355640564,0.6785864210848285,0,11,4,100,86.13,75.21,68.84,77.19,0.0,0.0,0.0,0.0
1717,45801,64.22,57.26616204607696,0.7723907738891646,5,8,4,100,66.34,64.71,58.45,67.39,0.0,0.0,0.0,0.0
1718,39517,57.68,57.33517860678636,0.6754454240585112,0,11,4,100,54.5,61.05,60.46,54.69,0.0,0.0,0.0,0.0
1719,42778,53.7,54.14206891276569,0.7575756075521592,1,9,4,100,62.51,46.52,51.13,54.66,0.0,0.0,0.0,0.0
1720,41129,68.82,58.81343599784468,0.7171100184531298,0,7,4,100,71.32,71.01,64.38,68.59,0.0,0.0,0.0,0.0
1721,41532,69.44,55.25469397966649,0.6759099175536697,0,6,4,100,64.7,69.99,66.47,76.62,0.0,0.0,0.0,0.0
1722,44642,64.17,54.46776238389912,0.6705273631360241,2,6,4,100,60.14,66.17,70.15,60.22,0.0,0.0,0.0,0.0
1723,39114,57.16,56.50227861789934,0.637595155005433,0,12,4,100,55.02,67.72,50.03,55.88,0.0,0.0,0.0,0.0
1724,42627,94.78,55.14053650980988,0.7379377249486213,2,11,4,100,86.48,96.65,100.0,96.0,0.0,0.0,0.0,0.0
1725,43282,59.62,54.79074134822618,0.6706402600779615,3,11,4,100,67.7,55.02,55.17,60.6,0.0,0.0,0.0,0.0
1726,43836,68.39,53.608329353306246,0.6737328109757842,2,8,4,100,73.55,67.69,69.75,62.57,0.0,0.0,0.0,0.0
1727,41532,57.21,54.08922903544226,0.6206374292574179,0,6,4,100,68.39,55.96,52.55,51.93,0.0,0.0,0.0,0.0
1728,42224,52.76,55.02738113954323,0.6540693302766598,2,12,4,100,56.85,49.63,52.58,51.96,0.0,0.0,0.0,0.0
1729,40726,72.49,58.05208018699841,0.7857134336749588,0,8,4,100,76.38,68.73,67.97,76.87,0.0,0.0,0.0,0.0
1730,43030,54.58,53.58879777524619,0.6996268758112516,2,10,4,100,55.34,47.3,62.24,53.44,0.0,0.0,0.0,0.0
1731,39114,62.76,55.80159553764204,0.6835949173821358,0,12,4,100,59.39,63.37,62.62,65.64,0.0,0.0,0.0,0.0
1732,104038,82.42,55.45772649217797,0.7124178351124315,10,4,4,100,77.36,81.27,86.05,85.0,0.0,0.0,0.0,0.0
1733,40323,58.07,54.37092201110728,0.6442372362674789,0,9,4,100,63.54,56.11,50.79,61.85,0.0,0.0,0.0,0.0
1734,45952,71.23,55.09250085923269,0.6859781085118822,4,6,4,100,66.21,65.18,78.79,74.74,0.0,0.0,0.0,0.0
1735,40726,87.28,55.89770633945068,0.6490386164635885,0,8,4,100,84.86,92.86,97.46,73.93,0.0,0.0,0.0,0.0
1736,39114,57.53,56.789841013383935,0.6741376099176858,0,12,4,100,59.08,63.72,51.55,55.78,0.0,0.0,0.0,0.0
1737,44642,53.37,54.91958859598173,0.6771751335752406,2,6,4,100,50.76,59.13,52.24,51.35,0.0,0.0,0.0,0.0
1738,44890,73.82,55.00095858923135,0.6800233353603139,1,5,4,100,77.29,72.96,67.91,77.12,0.0,0.0,0.0,0.0
1739,40323,66.75,53.84110618823773,0.6397534041209905,0,9,4,100,68.99,57.98,64.67,75.35,0.0,0.0,0.0,0.0
1740,43433,55.43,55.60083795156246,0.7445774062244623,2,9,4,100,53.02,60.96,52.6,55.15,0.0,0.0,0.0,0.0
1741,40323,67.5,55.78781815418205,0.7328640355567675,0,9,4,100,71.45,72.37,57.22,68.96,0.0,0.0,0.0,0.0
1742,45698,56.52,57.40552115725965,0.6537193795836955,2,4,4,100,58.62,52.55,64.08,50.82,0.0,0.0,0.0,0.0
1743,43836,53.34,55.08035973529999,0.7058979931806669,2,8,4,100,48.09,58.78,58.08,48.42,0.0,0.0,0.0,0.0
1744,42627,69.38,56.95959416862708,0.741456710828305,2,11,4,100,74.59,66.13,73.45,63.34,0.0,0.0,0.0,0.0
1745,45952,83.12,53.310073249483175,0.6300578668454284,4,6,4,100,84.88,85.7,93.4,68.48,0.0,0.0,0.0,0.0
1746,44642,54.1,56.15790074900831,0.653046262529776,2,6,4,100,49.97,55.26,52.47,58.69,0.0,0.0,0.0,0.0
1747,40323,60.45,55.01389775603962,0.6943639304489987,0,9,4,100,56.05,66.15,60.86,58.75,0.0,0.0,0.0,0.0
1748,39920,57.96,52.53264431856593,0.7247156324034363,0,10,4,100,59.58,61.23,54.52,56.52,0.0,0.0,0.0,0.0
1749,39114,69.7,56.92075260319936,0.7294731403166821,0,12,4,100,73.25,68.22,60.32,77.01,0.0,0.0,0.0,0.0
1750,48511,67.73,56.934533129061165,0.5078306900113692,4,3,4,100,65.1,70.1,63.94,71.79,0.0,0.0,0.0,0.0
1751,39920,54.31,56.94579058698472,0.6160154224864401,0,10,4,100,50.4,49.72,63.77,53.34,0.0,0.0,0.0,0.0
1752,44340,65.28,54.87469055779641,0.7419961155300596,4,10,4,100,60.28,62.32,65.43,73.07,0.0,0.0,0.0,0.0
1753,38308,72.93,54.17705897034202,0.7892016403553219,0,14,4,100,67.31,68.93,81.31,74.16,0.0,0.0,0.0,0.0
1754,36293,70.97,55.85722935631042,0.7369480323746058,0,19,4,100,77.51,61.79,70.54,74.04,0.0,0.0,0.0,0.0
1755,43836,67.5,56.73270344347834,0.726441634907709,2,8,4,100,66.64,65.09,70.97,67.29,0.0,0.0,0.0,0.0
1756,39114,81.17,54.17580354879889,0.6097774697985787,0,12,4,100,85.91,85.91,72.97,79.9,0.0,0.0,0.0,0.0
1757,44642,45.4,54.247616777905016,0.6667415394052785,2,6,4,100,49.37,42.08,39.76,50.41,0.0,0.0,0.0,0.0
1758,42627,71.3,55.74157481758017,0.7114420788697133,2,11,4,100,67.76,74.83,66.33,76.28,0.0,0.0,0.0,0.0
1759,44894,87.28,55.35040377711205,0.6200679596634466,3,7,4,100,91.53,77.73,86.36,93.49,0.0,0.0,0.0,0.0
1760,42778,66.04,53.45731813837138,0.6871802825357701,1,9,4,100,62.02,64.55,61.88,75.72,0.0,0.0,0.0,0.0
1761,43836,78.1,55.01300864299212,0.7181366800058407,2,8,4,100,76.18,73.96,79.49,82.76,0.0,0.0,0.0,0.0
1762,43836,52.75,53.82174371979084,0.6941819554061578,2,8,4,100,48.72,54.66,55.98,51.63,0.0,0.0,0.0,0.0
1763,44239,84.4,55.89420413036676,0.6855246456836861,2,7,4,100,80.6,91.85,82.12,83.05,0.0,0.0,0.0,0.0
1764,40726,54.71,56.26964961333153,0.7152564282369356,0,8,4,100,47.97,59.06,64.5,47.3,0.0,0.0,0.0,0.0
1765,40726,61.08,57.35719143593688,0.730748497662777,0,8,4,100,56.41,65.47,68.92,53.5,0.0,0.0,0.0,0.0
1766,40323,75.12,55.54763138575111,0.6184252853688287,0,9,4,100,75.35,77.82,75.13,72.17,0.0,0.0,0.0,0.0
1767,44239,73.67,53.88108398415893,0.7017879977020515,2,7,4,100,69.88,72.17,73.17,79.46,0.0,0.0,0.0,0.0
1768,44894,58.3,54.81619648941922,0.7678307044472008,3,7,4,100,51.8,60.35,64.35,56.69,0.0,0.0,0.0,0.0
1769,43836,56.52,55.603771971726815,0.6025912603334486,2,8,4,100,57.7,59.11,56.32,52.95,0.0,0.0,0.0,0.0
1770,44743,58.15,55.79211835913378,0.810058974639302,4,9,4,100,58.26,57.26,53.32,63.77,0.0,0.0,0.0,0.0
1771,45801,46.93,50.35849568821778,0.6651067800729418,5,8,4,100,44.82,50.15,46.89,45.86,0.0,0.0,0.0,0.0
1772,39920,50.69,56.782187494221525,0.7012484202251748,0,10,4,100,52.62,49.38,52.07,48.69,0.0,0.0,0.0,0.0
1773,44642,57.25,53.3994952851379,0.695811626822386,2,6,4,100,53.54,49.89,67.83,57.74,0.0,0.0,0.0,0.0
1774,47966,46.16,53.85948594084274,0.7511547585937601,8,8,4,100,47.55,46.09,51.86,39.16,0.0,0.0,0.0,0.0
1775,46859,42.71,55.411611791320816,0.6954207407152934,6,7,4,100,39.57,41.12,42.26,47.9,0.0,0.0,0.0,0.0
1776,39114,57.58,54.37626770765075,0.6884325611950092,0,12,4,100,55.88,54.77,60.22,59.46,0.0,0.0,0.0,0.0
1777,43836,61.64,57.10000868297843,0.5727533960554401,2,8,4,100,50.89,63.23,64.03,68.42,0.0,0.0,0.0,0.0
1778,39920,56.57,55.01478898754152,0.6851117228394114,0,10,4,100,55.75,45.22,63.69,61.62,0.0,0.0,0.0,0.0
1779,38711,62.36,54.56845763716096,0.7105595160533141,0,13,4,100,61.79,57.33,64.99,65.32,0.0,0.0,0.0,0.0
1780,41532,65.94,55.60211464087695,0.6785470331880441,0,6,4,100,72.61,73.11,58.43,59.62,0.0,0.0,0.0,0.0
1781,43181,70.76,58.41502936130517,0.6982821861200275,1,8,4,100,70.98,76.1,63.96,72.02,0.0,0.0,0.0,0.0
1782,45146,75.08,57.32908355017653,0.6551010047243094,4,8,4,100,70.2,87.12,65.16,77.86,0.0,0.0,0.0,0.0
1783,41129,78.93,54.39031766018251,0.6788363202067005,0,7,4,100,77.19,77.17,78.89,82.48,0.0,0.0,0.0,0.0
1784,42588,74.84,57.81574884220306,0.7127591965335494,0,4,4,100,69.65,78.27,79.9,71.52,0.0,0.0,0.0,0.0
1785,40726,95.14,57.4095532517209,0.7656184726152245,0,8,4,100,100.0,100.0,91.37,89.17,0.0,0.0,0.0,0.0
1786,43030,73.25,53.78556376914595,0.5669622672000065,2,10,4,100,58.65,79.74,79.1,75.5,0.0,0.0,0.0,0.0
1787,42778,63.26,52.65333515060581,0.6242952485290534,1,9,4,100,61.66,68.08,59.26,64.06,0.0,0.0,0.0,0.0
1788,43987,81.9,57.34282499371774,0.6993057243724631,1,6,4,100,84.4,77.75,88.76,76.69,0.0,0.0,0.0,0.0
1789,42435,73.8,55.09905781437372,0.8084611778817401,0,5,4,100,77.18,77.32,69.44,71.25,0.0,0.0,0.0,0.0
1790,37502,62.78,55.26386768113391,0.5648624623541024,0,16,4,100,65.38,55.58,65.7,64.48,0.0,0.0,0.0,0.0
1791,37905,52.03,55.1404125384119,0.6499568021273978,0,15,4,100,55.79,49.72,53.57,49.04,0.0,0.0,0.0,0.0
1792,40726,42.69,53.51352935942115,0.6898639251789542,0,8,4,100,43.32,42.66,44.67,40.11,0.0,0.0,0.0,0.0
1793,54018,59.17,55.19363978690102,0.5292598959421181,6,4,4,100,60.94,61.5,58.81,55.43,0.0,0.0,0.0,0.0
1794,45146,60.92,55.5042042489327,0.6645289568738166,4,8,4,100,54.8,61.23,65.65,62.02,0.0,0.0,0.0,0.0
1795,39920,54.43,52.82126793629539,0.6670791675960808,0,10,4,100,46.93,58.12,49.43,63.24,0.0,0.0,0.0,0.0
1796,37502,64.38,56.817469460501776,0.7072957758909869,0,16,4,100,69.93,65.89,64.9,56.8,0.0,0.0,0.0,0.0
1797,61521,55.97,52.89907579848611,0.6669715993092602,6,3,4,100,62.29,50.63,55.62,55.36,0.0,0.0,0.0,0.0
1798,39517,75.84,55.05236766652266,0.7074986551030878,0,11,4,100,79.93,88.48,66.8,68.13,0.0,0.0,0.0,0.0
1799,43685,45.1,55.25958981132941,0.6248439738581992,3,10,4,100,41.6,50.76,49.0,39.03,0.0,0.0,0.0,0.0
1800,43030,52.07,56.9988677653242,0.6694394488044024,2,10,4,100,45.8,56.87,53.94,51.67,0.0,0.0,0.0,0.0
1801,41821,67.77,55.15091866579419,0.6106227554257612,2,13,4,100,70.24,59.78,62.63,78.42,0.0,0.0,0.0,0.0
1802,47208,57.2,53.13007612844752,0.6192809726208033,4,4,4,100,59.42,62.29,55.92,51.17,0.0,0.0,0.0,0.0
1803,48511,70.49,55.67953056742386,0.6257107892931038,4,3,4,100,70.33,60.1,78.28,73.25,0.0,0.0,0.0,0.0
1804,41129,58.64,54.67596083517095,0.6116456659028603,0,7,4,100,62.74,62.36,57.02,52.44,0.0,0.0,0.0,0.0
1805,49013,82.46,55.58113183587818,0.7770294055386254,5,4,4,100,77.44,92.0,84.66,75.76,0.0,0.0,0.0,0.0
1806,38308,58.6,54.21242899699046,0.7231183662265084,0,14,4,100,52.54,60.89,65.89,55.06,0.0,0.0,0.0,0.0
1807,40726,60.34,55.084878989151285,0.6733408230863471,0,8,4,100,66.43,58.6,55.13,61.19,0.0,0.0,0.0,0.0
1808,43836,62.46,54.88094411739193,0.6302892634180838,2,8,4,100,61.97,64.5,65.76,57.59,0.0,0.0,0.0,0.0
1809,43685,69.78,55.37483820809302,0.6880172496723249,3,10,4,100,67.75,64.57,74.31,72.51,0.0,0.0,0.0,0.0
1810,45545,52.01,57.10730173662976,0.637791373014403,2,5,4,100,45.52,56.06,55.32,51.13,0.0,0.0,0.0,0.0
1811,40323,63.7,54.75907372029713,0.6155452860495969,0,9,4,100,62.25,57.19,66.17,69.18,0.0,0.0,0.0,0.0
1812,43030,56.1,55.652558183533415,0.5947079500556322,2,10,4,100,58.36,53.46,58.82,53.76,0.0,0.0,0.0,0.0
1813,38711,56.86,54.57479147067653,0.6517719071903607,0,13,4,100,59.43,57.86,57.71,52.44,0.0,0.0,0.0,0.0
1814,46855,60.91,56.82677866034815,0.6607136286565262,4,5,4,100,64.91,64.22,61.2,53.33,0.0,0.0,0.0,0.0
1815,41129,65.95,55.82226429413592,0.6605278446974365,0,7,4,100,72.34,64.33,58.09,69.05,0.0,0.0,0.0,0.0
1816,45545,77.26,57.2921114470276,0.7015108700591313,2,5,4,100,70.42,80.53,77.54,80.56,0.0,0.0,0.0,0.0
1817,42741,83.54,57.1461485991894,0.7477163845213742,0,3,4,100,76.87,84.76,77.44,95.08,0.0,0.0,0.0,0.0
1818,44642,72.45,58.60201134520048,0.7534259092044723,2,6,4,100,65.25,78.28,68.57,77.69,0.0,0.0,0.0,0.0
1819,42435,65.26,53.34222303602155,0.6134227152657397,0,5,4,100,68.17,64.24,67.6,61.05,0.0,0.0,0.0,0.0
1820,43987,67.56,55.13339093077152,0.6311228097741765,1,6,4,100,66.86,61.32,68.22,73.82,0.0,0.0,0.0,0.0
1821,45801,75.46,54.16135419786633,0.7605393082302675,5,8,4,100,70.52,66.45,87.15,77.7,0.0,0.0,0.0,0.0
1822,43131,68.06,56.92540139531,0.6029779017731671,4,13,4,100,61.66,72.53,71.81,66.24,0.0,0.0,0.0,0.0
1823,45851,65.09,56.44916692633873,0.69902685605154,2,3,4,100,69.17,75.45,57.61,58.12,0.0,0.0,0.0,0.0
1824,43181,32.48,54.89279961781252,0.7092013628161289,1,8,4,100,32.98,34.16,29.98,32.8,0.0,0.0,0.0,0.0
1825,46200,70.06,54.467920193545766,0.6676444975728247,3,5,4,100,65.27,69.15,72.53,73.3,0.0,0.0,0.0,0.0
1826,40726,57.15,53.64590166087665,0.7285005767316052,0,8,4,100,59.27,57.17,55.89,56.26,0.0,0.0,0.0,0.0
1827,40726,59.4,54.99330391429065,0.6877134697894062,0,8,4,100,58.65,63.64,58.72,56.6,0.0,0.0,0.0,0.0
1828,39517,63.1,54.03294903273381,0.6541170126102994,0,11,4,100,55.65,56.57,67.6,72.58,0.0,0.0,0.0,0.0
1829,44340,73.31,54.94670714643886,0.67742927879094,4,10,4,100,69.83,72.92,75.86,74.61,0.0,0.0,0.0,0.0
1830,40726,61.4,55.15234567145652,0.6879563395029092,0,8,4,100,56.53,64.69,65.22,59.18,0.0,0.0,0.0,0.0
1831,40726,95.29,57.43907875842293,0.7166514698566875,0,8,4,100,96.34,96.76,97.21,90.86,0.0,0.0,0.0,0.0
1832,42375,52.2,54.57535076369618,0.6551658758730603,1,10,4,100,54.18,47.9,50.47,56.26,0.0,0.0,0.0,0.0
1833,47462,75.39,53.109436869929176,0.7250602818370031,6,6,4,100,67.25,77.73,83.08,73.5,0.0,0.0,0.0,0.0
1834,45952,71.69,53.10034793260392,0.5881226709360865,4,6,4,100,75.85,76.18,69.12,65.62,0.0,0.0,0.0,0.0
1835,39114,57.85,55.20398741028296,0.683443683020344,0,12,4,100,57.93,57.49,61.07,54.9,0.0,0.0,0.0,0.0
1836,41129,49.04,58.2683464442006,0.6343340978285353,0,7,4,100,45.67,49.12,48.54,52.82,0.0,0.0,0.0,0.0
1837,43836,72.31,57.335418876220686,0.6699841434615652,2,8,4,100,73.16,66.84,76.77,72.46,0.0,0.0,0.0,0.0
1838,39517,55.18,55.19721813589582,0.6670248855609892,0,11,4,100,62.12,51.6,54.07,52.91,0.0,0.0,0.0,0.0
1839,39920,66.56,55.81276952261001,0.6657946716409155,0,10,4,100,66.22,62.72,64.05,73.27,0.0,0.0,0.0,0.0
1840,47462,69.57,56.58417360681746,0.6469715368253249,6,6,4,100,68.41,63.25,74.94,71.69,0.0,0.0,0.0,0.0
1841,39114,54.61,55.630331359667416,0.5924786713572476,0,12,4,100,57.26,55.22,48.41,57.54,0.0,0.0,0.0,0.0
1842,42778,63.79,54.16316433955655,0.7269396355663401,1,9,4,100,62.08,68.09,59.03,65.96,0.0,0.0,0.0,0.0
1843,41166,66.4,54.1171459486683,0.6708404922523039,1,13,4,100,63.18,70.2,69.59,62.65,0.0,0.0,0.0,0.0
1844,37502,79.22,54.20654047573312,0.745272955573048,0,16,4,100,71.48,76.48,85.72,83.18,0.0,0.0,0.0,0.0
1845,45398,78.48,53.24612277180268,0.7229393563422434,5,9,4,100,84.85,78.82,77.15,73.12,0.0,0.0,0.0,0.0
1846,39920,51.45,56.219693687979344,0.6149601967630484,0,10,4,100,55.87,53.9,44.47,51.56,0.0,0.0,0.0,0.0
1847,36293,84.72,57.2101805931533,0.7790699929230599,0,19,4,100,79.29,88.95,93.83,76.8,0.0,0.0,0.0,0.0
1848,39517,84.63,56.801117722965,0.6556078098052996,0,11,4,100,87.52,86.09,82.72,82.2,0.0,0.0,0.0,0.0
1849,44642,60.02,54.10290217143557,0.6379011349914478,2,6,4,100,60.53,60.98,50.26,68.3,0.0,0.0,0.0,0.0
1850,42435,53.54,53.31287788506904,0.7239878812272031,0,5,4,100,57.86,46.62,56.02,53.66,0.0,0.0,0.0,0.0
1851,39920,64.87,54.54835767655264,0.6185206482461172,0,10,4,100,67.76,71.95,59.54,60.24,0.0,0.0,0.0,0.0
1852,41129,63.09,56.369730557791016,0.6137806453750971,0,7,4,100,64.94,66.9,59.95,60.58,0.0,0.0,0.0,0.0
1853,46456,70.29,54.57287986068879,0.6200942267763573,6,8,4,100,64.37,76.53,67.75,72.51,0.0,0.0,0.0,0.0
1854,44239,41.89,53.33630669333273,0.6718374678619885,2,7,4,100,41.03,39.95,39.92,46.66,0.0,0.0,0.0,0.0
1855,43030,81.12,53.4416662840229,0.6101851720985046,2,10,4,100,81.73,80.98,76.0,85.77,0.0,0.0,0.0,0.0
1856,45952,70.22,55.58421315737984,0.7019007151132448,4,6,4,100,63.78,84.17,66.23,66.7,0.0,0.0,0.0,0.0
1857,45549,56.19,55.60301720352463,0.719759858112793,4,7,4,100,59.02,51.16,51.38,63.2,0.0,0.0,0.0,0.0
1858,46859,70.3,55.84289020835543,0.6152507135815122,6,7,4,100,77.0,59.57,72.31,72.32,0.0,0.0,0.0,0.0
1859,45043,62.25,56.25365239063777,0.6908860162462452,1,4,4,100,53.89,72.22,54.76,68.13,0.0,0.0,0.0,0.0
1860,46456,85.04,56.11800092910607,0.7287550266684805,6,8,4,100,79.18,93.94,79.86,87.2,0.0,0.0,0.0,0.0
1861,43584,73.91,54.68034968229987,0.6290304193680845,1,7,4,100,65.16,80.26,80.92,69.29,0.0,0.0,0.0,0.0
1862,47462,64.16,54.82962362239319,0.6400844630567197,6,6,4,100,61.63,72.03,63.01,59.95,0.0,0.0,0.0,0.0
1863,45952,77.43,55.78658133572998,0.7212208742671284,4,6,4,100,69.6,77.56,80.09,82.47,0.0,0.0,0.0,0.0
1864,45549,50.51,56.0637793169568,0.7245072992372349,4,7,4,100,57.27,45.2,53.93,45.65,0.0,0.0,0.0,0.0
1865,44239,45.33,55.87899255885272,0.5792265601777076,2,7,4,100,50.29,47.49,45.72,37.83,0.0,0.0,0.0,0.0
1866,38308,64.76,53.52757386832175,0.6936010433002345,0,14,4,100,63.54,68.21,73.25,54.03,0.0,0.0,0.0,0.0
1867,39517,51.45,56.27109200680216,0.5723201116695589,0,11,4,100,50.18,49.35,52.33,53.93,0.0,0.0,0.0,0.0
1868,39517,68.77,53.74406485856696,0.6452469403061745,0,11,4,100,63.38,74.99,64.89,71.81,0.0,0.0,0.0,0.0
1869,46200,43.23,56.50168643011155,0.6311907254965436,3,5,4,100,40.15,47.15,43.4,42.22,0.0,0.0,0.0,0.0
1870,61521,59.88,55.30785856102134,0.6871345070141897,6,3,4,100,57.92,59.22,55.07,67.32,0.0,0.0,0.0,0.0
1871,45952,74.28,53.36449883044845,0.7086040222817166,4,6,4,100,66.48,83.42,73.49,73.74,0.0,0.0,0.0,0.0
1872,47208,60.07,54.73152722642865,0.6881970242021686,4,4,4,100,62.15,50.36,64.56,63.2,0.0,0.0,0.0,0.0
1873,43836,72.39,57.5722251435221,0.5546679788482605,2,8,4,100,76.86,73.56,67.4,71.72,0.0,0.0,0.0,0.0
1874,39517,56.38,57.094502398625615,0.6704938136045,0,11,4,100,50.75,65.55,55.11,54.13,0.0,0.0,0.0,0.0
1875,40323,57.81,56.21987400274995,0.5411126918615703,0,9,4,100,60.15,54.74,51.19,65.16,0.0,0.0,0.0,0.0
1876,45146,64.42,56.1790674375765,0.6393185372944444,4,8,4,100,64.67,73.3,63.7,56.02,0.0,0.0,0.0,0.0
1877,45952,69.24,55.83912160245898,0.6409332223729627,4,6,4,100,67.64,68.09,68.09,73.14,0.0,0.0,0.0,0.0
1878,47462,56.42,56.12204249991902,0.6435765444746412,6,6,4,100,53.57,53.96,68.42,49.72,0.0,0.0,0.0,0.0
1879,37905,100.0,57.41334976913451,0.7727010070750099,0,15,4,100,100.0,100.0,100.0,100.0,0.0,0.0,0.0,0.0
1880,44441,62.95,52.8948888001457,0.6447758711453305,6,13,4,100,62.48,69.75,52.82,66.75,0.0,0.0,0.0,0.0
1881,44239,77.87,56.704952436406806,0.6717206498080607,2,7,4,100,82.42,76.6,81.88,70.58,0.0,0.0,0.0,0.0
1882,44239,62.82,54.514297542155006,0.5427221748868332,2,7,4,100,58.64,61.22,68.34,63.1,0.0,0.0,0.0,0.0
1883,45549,80.55,52.51395422819647,0.6575566974666796,4,7,4,100,75.24,86.9,74.22,85.83,0.0,0.0,0.0,0.0
1884,40726,63.6,56.57126425315214,0.7726443805081467,0,8,4,100,69.6,67.85,56.83,60.13,0.0,0.0,0.0,0.0
1885,39114,74.38,54.71105122220693,0.698374131847735,0,12,4,100,73.59,83.89,68.75,71.3,0.0,0.0,0.0,0.0
1886,43030,58.91,54.63736931823061,0.6186162759565,2,10,4,100,63.27,55.1,52.37,64.9,0.0,0.0,0.0,0.0
1887,39114,69.36,54.76844742698243,0.6921999168407621,0,12,4,100,72.34,60.0,70.27,74.83,0.0,0.0,0.0,0.0
1888,40726,51.23,55.9392176211503,0.6534939503992441,0,8,4,100,50.71,55.43,49.95,48.82,0.0,0.0,0.0,0.0
1889,40323,67.21,53.60664298719043,0.6159337327436669,0,9,4,100,59.3,71.98,64.9,72.66,0.0,0.0,0.0,0.0
1890,40726,53.69,55.4310865084346,0.6502337428378011,0,8,4,100,55.18,56.35,46.61,56.63,0.0,0.0,0.0,0.0
1891,42627,56.29,56.91436755955542,0.6995010352021157,2,11,4,100,58.73,58.88,55.43,52.12,0.0,0.0,0.0,0.0
1892,41972,73.58,56.89461627840782,0.6237062765643993,1,11,4,100,74.25,68.52,63.98,87.58,0.0,0.0,0.0,0.0
1893,43030,50.3,53.28431302073723,0.5256028903500174,2,10,4,100,54.02,50.69,48.64,47.84,0.0,0.0,0.0,0.0
1894,45698,76.73,55.72503275848629,0.6494004053153623,2,4,4,100,78.01,70.22,85.79,72.9,0.0,0.0,0.0,0.0
1895,45146,74.13,54.846355122329925,0.7401139044480378,4,8,4,100,69.08,79.95,74.42,73.06,0.0,0.0,0.0,0.0
1896,46053,57.55,57.56664838550108,0.7838629249967263,6,9,4,100,55.12,65.23,57.27,52.57,0.0,0.0,0.0,0.0
1897,39517,60.72,55.18282016798548,0.5457349048769543,0,11,4,100,66.88,66.11,56.89,52.99,0.0,0.0,0.0,0.0
1898,45247,88.34,55.83701859208322,0.7279392027641983,6,11,4,100,74.25,92.58,87.53,99.0,0.0,0.0,0.0,0.0
1899,44894,71.15,57.79002509767154,0.7037770852171232,3,7,4,100,69.0,69.17,74.48,71.95,0.0,0.0,0.0,0.0
1900,43030,69.44,55.50186006488419,0.7965105254842516,2,10,4,100,76.36,70.27,68.27,62.86,0.0,0.0,0.0,0.0
1901,43836,74.23,56.41133051340313,0.6530069543032293,2,8,4,100,79.87,69.66,78.44,68.95,0.0,0.0,0.0,0.0
1902,38711,53.47,56.634313216229806,0.6448610898190078,0,13,4,100,52.49,54.52,46.36,60.52,0.0,0.0,0.0,0.0
1903,38711,75.85,53.970854084167335,0.6593228319910717,0,13,4,100,72.58,75.15,76.97,78.7,0.0,0.0,0.0,0.0
1904,44743,56.32,56.5407215971739,0.6949488963994995,4,9,4,100,54.5,60.26,54.72,55.81,0.0,0.0,0.0,0.0
1905,45952,47.11,57.59534794295011,0.6219422386694273,4,6,4,100,41.72,49.39,47.14,50.18,0.0,0.0,0.0,0.0
1906,47462,54.12,56.7374217750255,0.6820645626235081,6,6,4,100,50.22,59.95,55.91,50.41,0.0,0.0,0.0,0.0
1907,40323,75.68,54.86557185568032,0.705489735425298,0,9,4,100,78.34,75.93,81.28,67.16,0.0,0.0,0.0,0.0
1908,43836,84.11,56.92176061096635,0.6655970800767546,2,8,4,100,90.2,71.62,89.7,84.91,0.0,0.0,0.0,0.0
1909,45545,77.28,55.200579789015066,0.6357088420419647,2,5,4,100,86.13,68.55,86.3,68.15,0.0,0.0,0.0,0.0
1910,40323,73.39,55.93036910819323,0.6444122724087213,0,9,4,100,67.79,77.88,65.02,82.86,0.0,0.0,0.0,0.0
1911,42435,35.74,54.7345556516223,0.6617309325375306,0,5,4,100,36.63,30.23,36.11,40.0,0.0,0.0,0.0,0.0
1912,44743,64.84,55.58050253492347,0.6942856833873211,4,9,4,100,66.63,60.82,70.69,61.24,0.0,0.0,0.0,0.0
1913,47462,50.94,55.77223645292198,0.682881614579969,6,6,4,100,62.72,42.22,54.24,44.58,0.0,0.0,0.0,0.0
1914,39517,72.83,55.49299025843944,0.5752774577099521,0,11,4,100,71.75,73.54,65.92,80.12,0.0,0.0,0.0,0.0
1915,47111,72.87,53.791126914928746,0.7288102337028038,7,8,4,100,79.54,61.58,77.88,72.48,0.0,0.0,0.0,0.0
1916,46607,81.19,54.351794635654784,0.7111270658468087,5,6,4,100,84.29,81.63,81.49,77.35,0.0,0.0,0.0,0.0
1917,45549,62.22,56.67094038108191,0.6073223296026564,4,7,4,100,58.33,57.76,73.03,59.76,0.0,0.0,0.0,0.0
1918,46708,74.1,55.04642319152686,0.716380880885287,7,9,4,100,80.81,76.25,70.81,68.55,0.0,0.0,0.0,0.0
1919,44743,64.13,56.87145847576168,0.5603221788533117,4,9,4,100,62.45,66.7,69.34,58.04,0.0,0.0,0.0,0.0
1920,42741,69.64,56.96912262722431,0.6704012451434295,0,3,4,100,72.25,74.45,73.79,58.08,0.0,0.0,0.0,0.0
1921,44239,87.02,58.44749109735503,0.6056645768634049,2,7,4,100,94.26,86.1,78.58,89.12,0.0,0.0,0.0,0.0
1922,46859,51.72,57.66405270046367,0.6236053460756181,6,7,4,100,43.88,56.14,58.0,48.88,0.0,0.0,0.0,0.0
1923,44890,82.0,56.43458922347262,0.7682398755586959,1,5,4,100,78.62,91.63,71.36,86.37,0.0,0.0,0.0,0.0
1924,39517,63.98,55.03743445010952,0.6839729304370643,0,11,4,100,65.77,63.48,60.91,65.76,0.0,0.0,0.0,0.0
1925,41532,71.28,56.766271896183845,0.6241993461748044,0,6,4,100,69.23,68.71,73.55,73.61,0.0,0.0,0.0,0.0
1926,41972,54.83,58.20890417281691,0.6682797222094939,1,11,4,100,55.62,57.79,48.27,57.64,0.0,0.0,0.0,0.0
1927,39920,80.2,56.63008348517261,0.5982544996138088,0,10,4,100,84.38,77.53,78.42,80.47,0.0,0.0,0.0,0.0
1928,45698,57.14,56.33777408601174,0.6501906634469722,2,4,4,100,58.83,49.81,64.03,55.91,0.0,0.0,0.0,0.0
1929,43433,44.92,58.2983391879007,0.6300654066263727,2,9,4,100,45.22,50.71,40.8,42.97,0.0,0.0,0.0,0.0
1930,45952,67.13,55.49001456334741,0.7127861405653748,4,6,4,100,75.39,66.24,60.62,66.26,0.0,0.0,0.0,0.0
1931,45698,77.47,57.186479442853816,0.5905028198365151,2,4,4,100,77.84,77.62,73.8,80.64,0.0,0.0,0.0,0.0
1932,42435,52.21,55.53002526855175,0.6467053927844543,0,5,4,100,53.17,44.84,54.58,56.26,0.0,0.0,0.0,0.0
1933,44239,66.83,56.19543886681902,0.6718380605843338,2,7,4,100,70.15,70.59,66.46,60.14,0.0,0.0,0.0,0.0
1934,43181,67.05,52.8188371716857,0.6310741798269435,1,8,4,100,74.4,62.33,70.46,61.0,0.0,0.0,0.0,0.0
1935,45398,61.54,57.588252288337806,0.6162401521992424,5,9,4,100,61.58,63.87,57.56,63.15,0.0,0.0,0.0,0.0
1936,40323,75.41,54.512803702014,0.7681267976466706,0,9,4,100,83.09,70.04,66.72,81.78,0.0,0.0,0.0,0.0
1937,43987,66.42,55.75725142586336,0.6078594758743328,1,6,4,100,65.97,65.5,57.59,76.62,0.0,0.0,0.0,0.0
1938,45247,65.28,55.84637463526847,0.6416936033682094,6,11,4,100,62.7,68.33,58.88,71.19,0.0,0.0,0.0,0.0
1939,39517,55.28,56.66397403274365,0.6349062057864175,0,11,4,100,54.63,60.98,52.46,53.03,0.0,0.0,0.0,0.0
1940,44491,51.35,53.02666922516416,0.609027082304462,3,8,4,100,50.38,59.27,49.03,46.73,0.0,0.0,0.0,0.0
1941,43433,51.94,57.32043620321897,0.5595341395415374,2,9,4,100,51.96,50.25,52.42,53.15,0.0,0.0,0.0,0.0
1942,44239,60.97,56.25789579488633,0.5341873975602138,2,7,4,100,62.92,59.64,58.17,63.15,0.0,0.0,0.0,0.0
1943,45549,53.86,56.24887172568816,0.6774968736566788,4,7,4,100,48.4,63.39,54.43,49.21,0.0,0.0,0.0,0.0
1944,46859,82.1,56.81722296179478,0.6041662327847866,6,7,4,100,75.09,79.48,87.58,86.27,0.0,0.0,0.0,0.0
1945,45952,80.97,54.05008749626186,0.6834601730211303,4,6,4,100,85.18,87.59,68.17,82.96,0.0,0.0,0.0,0.0
1946,45549,71.69,54.223033127891874,0.5542739974893077,4,7,4,100,74.83,75.78,60.28,75.88,0.0,0.0,0.0,0.0
1947,46200,69.2,56.55907310154401,0.6760600158977161,3,5,4,100,59.64,72.58,68.06,76.51,0.0,0.0,0.0,0.0
1948,44642,55.54,53.05665228802263,0.6704939234733082,2,6,4,100,55.86,52.32,59.31,54.68,0.0,0.0,0.0,0.0
1949,46859,64.69,55.80902942824965,0.6708925450558911,6,7,4,100,74.32,65.88,59.92,58.66,0.0,0.0,0.0,0.0
1950,45549,85.78,52.33313667261439,0.679888253713909,4,7,4,100,95.04,73.85,84.45,89.76,0.0,0.0,0.0,0.0
1951,44491,94.46,53.67115846251122,0.6339043651510212,3,8,4,100,85.38,92.46,100.0,100.0,0.0,0.0,0.0,0.0
1952,43433,90.6,56.70866468400356,0.5998550884664079,2,9,4,100,74.48,97.38,92.59,97.93,0.0,0.0,0.0,0.0
1953,45146,82.34,58.09075375018335,0.6609019920775566,4,8,4,100,72.29,79.33,91.2,86.54,0.0,0.0,0.0,0.0
1954,38711,79.48,54.23048408313233,0.4866548700783999,0,13,4,100,84.39,88.08,65.13,80.31,0.0,0.0,0.0,0.0
1955,45952,74.06,54.89326247706064,0.7057314989163829,4,6,4,100,72.73,72.73,80.61,70.16,0.0,0.0,0.0,0.0
1956,45549,54.3,54.97425581889128,0.6478528730235236,4,7,4,100,54.55,56.4,53.48,52.76,0.0,0.0,0.0,0.0
1957,41129,74.66,56.13563609458837,0.7606233296871329,0,7,4,100,77.06,73.01,65.34,83.23,0.0,0.0,0.0,0.0
1958,39920,80.6,53.75171435091417,0.6748688748065976,0,10,4,100,81.53,80.66,86.12,74.07,0.0,0.0,0.0,0.0
1959,38711,86.96,55.12643735194919,0.6304758783426635,0,13,4,100,77.72,81.07,100.0,89.05,0.0,0.0,0.0,0.0
1960,49013,78.29,56.111764096207565,0.602138253256335,5,4,4,100,86.31,69.96,84.62,72.27,0.0,0.0,0.0,0.0
1961,46200,71.28,55.67666799406226,0.656658225743004,3,5,4,100,61.83,77.77,69.14,76.4,0.0,0.0,0.0,0.0
1962,39114,71.32,53.85585893241127,0.5909028348144069,0,12,4,100,69.96,77.45,67.67,70.19,0.0,0.0,0.0,0.0
1963,42588,89.05,52.27187762783476,0.6598126823212541,0,4,4,100,91.18,92.93,98.07,74.03,0.0,0.0,0.0,0.0
1964,46200,53.12,56.535234318279,0.6679464743940505,3,5,4,100,54.47,53.2,49.08,55.73,0.0,0.0,0.0,0.0
1965,45196,54.46,55.97203269138552,0.6475586511089133,1,3,4,100,54.38,48.15,56.78,58.52,0.0,0.0,0.0,0.0
1966,40726,69.12,55.13248141483417,0.6236079315968234,0,8,4,100,73.56,65.79,59.62,77.5,0.0,0.0,0.0,0.0
1967,46706,48.18,53.45078106268549,0.6441205245796865,3,3,4,100,56.53,46.1,46.0,44.11,0.0,0.0,0.0,0.0
1968,47710,78.61,55.088466970272606,0.6986365916885685,5,5,4,100,73.13,75.79,75.9,89.61,0.0,0.0,0.0,0.0
1969,43181,63.66,54.70290885642313,0.6690496637464319,1,8,4,100,67.91,68.77,55.32,62.63,0.0,0.0,0.0,0.0
1970,39517,63.66,56.008988226259575,0.6716592635771154,0,11,4,100,65.29,62.69,67.66,59.02,0.0,0.0,0.0,0.0
1971,46607,78.17,54.1117315137224,0.6720762626265862,5,6,4,100,80.95,72.34,68.99,90.41,0.0,0.0,0.0,0.0
1972,45952,72.5,56.90935643295519,0.6963777545276952,4,6,4,100,73.23,79.54,65.76,71.45,0.0,0.0,0.0,0.0
1973,54272,61.34,56.38757957898543,0.6074924505782129,8,6,4,100,67.4,58.56,61.94,57.46,0.0,0.0,0.0,0.0
1974,39920,65.97,54.546757529822905,0.7203101755805355,0,10,4,100,64.24,57.62,65.46,76.55,0.0,0.0,0.0,0.0
1975,86531,54.65,55.15037014747786,0.5844223842475288,8,3,4,100,51.67,54.64,57.86,54.42,0.0,0.0,0.0,0.0
1976,44340,61.32,55.51864511427877,0.6163424170351302,4,10,4,100,57.87,63.57,67.6,56.23,0.0,0.0,0.0,0.0
1977,45952,61.61,54.45584171570099,0.6555492790035014,4,6,4,100,64.72,51.29,65.97,64.48,0.0,0.0,0.0,0.0
1978,43584,65.4,54.57326612797703,0.628771492976646,1,7,4,100,70.48,69.98,58.75,62.4,0.0,0.0,0.0,0.0
1979,73530,73.73,55.246181850869405,0.7206265428257974,9,5,4,100,76.78,73.3,72.45,72.41,0.0,0.0,0.0,0.0
1980,45146,64.63,57.69977679837194,0.5198842565833341,4,8,4,100,69.34,54.5,62.28,72.41,0.0,0.0,0.0,0.0
1981,45545,82.54,54.39770813739037,0.6840029738896203,2,5,4,100,84.52,87.37,85.64,72.64,0.0,0.0,0.0,0.0
1982,45952,58.8,54.26995042142287,0.6721816196773869,4,6,4,100,60.95,58.08,54.74,61.42,0.0,0.0,0.0,0.0
1983,43030,64.5,55.34198232909032,0.7841353543544114,2,10,4,100,60.71,74.73,53.36,69.21,0.0,0.0,0.0,0.0
1984,43937,32.79,55.10665547588851,0.697920133263074,4,11,4,100,33.09,33.65,30.99,33.44,0.0,0.0,0.0,0.0
1985,40323,64.06,56.05846638960676,0.5304344283864257,0,9,4,100,62.67,61.04,61.79,70.74,0.0,0.0,0.0,0.0
1986,45545,46.64,55.48227929839757,0.6291976407772056,2,5,4,100,48.85,44.07,48.1,45.54,0.0,0.0,0.0,0.0
1987,43181,66.47,55.5915769877169,0.6056523533393177,1,8,4,100,65.02,66.42,63.86,70.57,0.0,0.0,0.0,0.0
1988,39517,68.66,55.14241747521935,0.6849031473081496,0,11,4,100,67.18,71.13,68.44,67.87,0.0,0.0,0.0,0.0
1989,47208,69.12,54.90256347989984,0.6106734838233939,4,4,4,100,77.69,61.07,64.85,72.88,0.0,0.0,0.0,0.0
1990,47363,77.54,54.584620071997165,0.7172066549733149,8,9,4,100,87.18,83.8,71.02,68.16,0.0,0.0,0.0,0.0
1991,45549,69.1,56.06432936632584,0.5909899359697117,4,7,4,100,61.67,72.49,64.48,77.78,0.0,0.0,0.0,0.0
1992,42435,55.38,57.41061971734096,0.6963737410843938,0,5,4,100,52.54,55.14,55.21,58.63,0.0,0.0,0.0,0.0
1993,44743,67.51,54.73291596248892,0.6410257473726981,4,9,4,100,71.78,67.61,61.53,69.11,0.0,0.0,0.0,0.0
1994,40323,72.69,54.3025761006282,0.6400172819126365,0,9,4,100,74.16,68.75,79.63,68.23,0.0,0.0,0.0,0.0
1995,45952,69.26,54.84432909650357,0.6640940182087187,4,6,4,100,82.54,69.72,61.73,63.07,0.0,0.0,0.0,0.0
1996,44995,73.34,54.089868510754734,0.5812858086638966,5,10,4,100,74.26,74.84,71.57,72.71,0.0,0.0,0.0,0.0
1997,46204,67.5,56.854483497001965,0.7012265479987629,5,7,4,100,62.95,70.35,63.17,73.54,0.0,0.0,0.0,0.0
1998,44340,44.55,54.41298743993835,0.6139423851807864,4,10,4,100,42.11,51.37,42.71,42.02,0.0,0.0,0.0,0.0
1999,44894,59.48,55.08779435873883,0.6556897993922638,3,7,4,100,69.51,58.92,54.15,55.33,0.0,0.0,0.0,0.0
2000,43685,57.44,55.42191115854736,0.6062895861530191,3,10,4,100,59.5,54.47,62.81,52.99,0.0,0.0,0.0,0.0
2001,43433,54.24,55.3416035255814,0.6005690209405433,2,9,4,100,45.79,62.65,53.43,55.07,0.0,0.0,0.0,0.0
2002,40726,55.04,56.7532026631901,0.6135038656319483,0,8,4,100,59.9,48.35,54.01,57.92,0.0,0.0,0.0,0.0
2003,43836,70.53,57.17821013863765,0.7149345692809347,2,8,4,100,62.61,79.11,67.82,72.56,0.0,0.0,0.0,0.0
2004,47208,85.11,58.41420052656211,0.5939610570417327,4,4,4,100,94.77,71.97,81.62,92.08,0.0,0.0,0.0,0.0
2005,38711,64.84,53.7289425016349,0.547710221575765,0,13,4,100,61.15,70.48,56.65,71.09,0.0,0.0,0.0,0.0
2006,45146,56.54,55.45076794983453,0.6476277874521642,4,8,4,100,52.0,63.04,60.1,51.01,0.0,0.0,0.0,0.0
2007,38308,65.94,55.64146287804268,0.585834759280894,0,14,4,100,67.23,68.62,60.62,67.29,0.0,0.0,0.0,0.0
2008,44743,48.82,57.85168317985618,0.6093505568967635,4,9,4,100,55.31,43.8,49.25,46.9,0.0,0.0,0.0,0.0
2009,42879,45.35,56.46491873503332,0.6523174777223029,3,12,4,100,41.16,44.12,49.32,46.79,0.0,0.0,0.0,0.0
2010,43181,47.63,54.59333999799819,0.6569896093248836,1,8,4,100,51.88,42.32,48.38,47.95,0.0,0.0,0.0,0.0
2011,39920,72.12,54.68922450589288,0.6255030317125302,0,10,4,100,66.98,72.79,68.76,79.95,0.0,0.0,0.0,0.0
2012,49267,74.15,55.262990740915,0.6901702097340262,7,6,4,100,60.8,82.06,79.02,74.72,0.0,0.0,0.0,0.0
2013,44642,81.54,55.368849400533406,0.6974472566555296,2,6,4,100,71.65,89.73,81.47,83.32,0.0,0.0,0.0,0.0
2014,48511,69.25,54.900871402998014,0.7187170149687877,4,3,4,100,60.24,81.75,62.85,72.15,0.0,0.0,0.0,0.0
2015,44642,42.42,54.19850969943924,0.7258559807551077,2,6,4,100,39.79,45.2,42.57,42.14,0.0,0.0,0.0,0.0
2016,44642,49.06,56.52606036331024,0.6651966086040941,2,6,4,100,52.12,49.85,47.11,47.16,0.0,0.0,0.0,0.0
2017,47111,68.22,56.11509610353804,0.6238658466146666,7,8,4,100,76.23,57.93,74.13,64.57,0.0,0.0,0.0,0.0
2018,44642,67.31,58.62016991545559,0.6689498063902396,2,6,4,100,73.35,72.68,63.75,59.47,0.0,0.0,0.0,0.0
2019,48511,43.8,53.79905477823153,0.7330625816160163,4,3,4,100,42.22,40.15,48.74,44.1,0.0,0.0,0.0,0.0
2020,72024,73.67,52.84596964512299,0.6471427045939434,6,2,4,100,82.51,72.66,70.77,68.75,0.0,0.0,0.0,0.0
2021,43030,77.29,56.59885029857262,0.656316426764405,2,10,4,100,76.96,64.88,83.49,83.85,0.0,0.0,0.0,0.0
2022,54272,34.68,58.37417257900542,0.6765563550304514,8,6,4,100,38.19,32.62,32.24,35.68,0.0,0.0,0.0,0.0
2023,39114,70.73,54.49857828531751,0.6291609141167629,0,12,4,100,69.77,65.35,75.22,72.57,0.0,0.0,0.0,0.0
2024,44894,68.71,57.607836471904726,0.6472953309948445,3,7,4,100,65.48,75.4,59.54,74.42,0.0,0.0,0.0,0.0
2025,45545,80.9,52.65679081084807,0.6260939620955466,2,5,4,100,76.57,77.34,83.44,86.23,0.0,0.0,0.0,0.0
2026,39114,75.75,53.48490061704662,0.5877064473691017,0,12,4,100,71.93,72.8,71.8,86.47,0.0,0.0,0.0,0.0
2027,45146,70.67,56.86543987341444,0.6854064526534469,4,8,4,100,60.27,72.7,66.18,83.53,0.0,0.0,0.0,0.0
2028,38711,63.21,57.43152447620374,0.5789580415360557,0,13,4,100,59.99,64.58,65.29,62.98,0.0,0.0,0.0,0.0
2029,46859,55.25,55.05185682174089,0.6331759404353365,6,7,4,100,51.11,56.28,57.05,56.56,0.0,0.0,0.0,0.0
2030,45549,74.95,55.65519247643226,0.6588768816740168,4,7,4,100,78.76,66.67,83.18,71.2,0.0,0.0,0.0,0.0
2031,39517,57.77,55.50104245005724,0.6546008347786214,0,11,4,100,51.83,64.62,55.67,58.95,0.0,0.0,0.0,0.0
2032,44890,61.49,56.62402144388289,0.6829295280754667,1,5,4,100,68.05,51.83,58.62,67.45,0.0,0.0,0.0,0.0
2033,39920,69.05,56.32751014295883,0.5952545178862721,0,10,4,100,76.42,61.74,71.3,66.73,0.0,0.0,0.0,0.0
2034,38711,52.87,55.17317538273897,0.5876599187231477,0,13,4,100,50.63,58.21,45.7,56.92,0.0,0.0,0.0,0.0
2035,43685,68.38,54.034450242815495,0.6501020375958926,3,10,4,100,64.57,58.0,74.64,76.32,0.0,0.0,0.0,0.0
2036,62023,67.82,57.90546561015319,0.5730620365092107,7,4,4,100,65.48,73.58,59.88,72.35,0.0,0.0,0.0,0.0
2037,48511,60.06,55.244623239005215,0.7026721935004969,4,3,4,100,59.78,67.12,54.35,58.98,0.0,0.0,0.0,0.0
2038,45297,72.76,58.66030542704073,0.6195230821760868,3,6,4,100,77.6,72.67,68.28,72.48,0.0,0.0,0.0,0.0
2039,46855,61.96,56.80023391035981,0.5274954022597413,4,5,4,100,65.78,62.81,64.44,54.79,0.0,0.0,0.0,0.0
2040,43131,68.2,54.64886346592163,0.5818369884602814,4,13,4,100,73.74,68.19,62.9,67.98,0.0,0.0,0.0,0.0
2041,62525,68.2,55.31008280747974,0.5741013735057499,8,5,4,100,71.93,67.42,59.99,73.45,0.0,0.0,0.0,0.0
2042,39517,69.92,55.01773352582308,0.6706333806382088,0,11,4,100,77.02,64.86,71.62,66.2,0.0,0.0,0.0,0.0
2043,43836,66.35,57.28235396603605,0.5506546204777478,2,8,4,100,72.92,58.5,72.58,61.39,0.0,0.0,0.0,0.0
2044,48511,84.92,54.35581160948389,0.6133679169856265,4,3,4,100,82.6,87.57,81.93,87.57,0.0,0.0,0.0,0.0
2045,104030,90.3,58.2010765419164,0.5563192362281901,6,0,4,100,99.63,93.51,89.0,79.05,0.0,0.0,0.0,0.0
2046,42627,53.71,54.93422411730644,0.6001740089483394,2,11,4,100,52.04,46.7,64.11,52.0,0.0,0.0,0.0,0.0
2047,43181,67.04,51.939744074148535,0.657275322974502,1,8,4,100,63.59,73.23,58.09,73.23,0.0,0.0,0.0,0.0
2048,41532,59.12,54.84015050657647,0.6279130511670425,0,6,4,100,68.07,53.2,60.95,54.28,0.0,0.0,0.0,0.0
2049,42224,74.43,54.83456090377551,0.556333674697357,2,12,4,100,61.36,85.07,72.88,78.4,0.0,0.0,0.0,0.0
2050,39517,67.08,53.92296906455859,0.5842287028996375,0,11,4,100,59.59,61.82,74.8,72.1,0.0,0.0,0.0,0.0
2051,46855,81.83,58.19331074715989,0.7319782589059038,4,5,4,100,91.58,68.59,77.98,89.17,0.0,0.0,0.0,0.0
2052,40726,74.84,56.34748655078762,0.6564336222557147,0,8,4,100,70.75,67.33,82.2,79.1,0.0,0.0,0.0,0.0
2053,43433,62.82,60.411181391240966,0.6212405460422843,2,9,4,100,63.77,63.57,61.42,62.52,0.0,0.0,0.0,0.0
2054,43030,55.5,53.90845398216722,0.5832677030604445,2,10,4,100,56.23,55.88,48.26,61.64,0.0,0.0,0.0,0.0
2055,42627,56.0,56.12317674230183,0.657633796879758,2,11,4,100,58.78,56.65,54.9,53.68,0.0,0.0,0.0,0.0
2056,44239,64.39,56.73360786965036,0.6829322196777873,2,7,4,100,69.83,61.07,63.2,63.47,0.0,0.0,0.0,0.0
2057,40323,63.14,54.57674196370456,0.6031395022822308,0,9,4,100,68.76,63.73,59.14,60.94,0.0,0.0,0.0,0.0
2058,43836,52.8,55.67288145209843,0.6058714659859531,2,8,4,100,53.38,52.09,46.34,59.4,0.0,0.0,0.0,0.0
2059,47363,75.77,55.61040749289424,0.6801310839088439,8,9,4,100,72.77,78.99,71.04,80.28,0.0,0.0,0.0,0.0
2060,49515,72.15,55.82883010700027,0.5435287782921028,6,5,4,100,66.13,84.11,65.42,72.93,0.0,0.0,0.0,0.0
2061,43836,82.9,57.92443336509677,0.6401970314219164,2,8,4,100,92.14,76.01,79.66,83.8,0.0,0.0,0.0,0.0
2062,72024,61.98,54.12009961610188,0.5547505164291644,6,2,4,100,64.53,65.11,61.79,56.51,0.0,0.0,0.0,0.0
2063,44491,65.25,54.96993864266651,0.6689629777368507,3,8,4,100,66.66,68.37,60.25,65.73,0.0,0.0,0.0,0.0
2064,45952,62.94,54.40652927873608,0.5791519963770068,4,6,4,100,57.32,64.39,66.48,63.56,0.0,0.0,0.0,0.0
2065,73028,66.64,55.155046225480426,0.6805041968472467,8,4,4,100,65.63,63.3,66.45,71.19,0.0,0.0,0.0,0.0
2066,44743,76.61,54.37041287067564,0.6864568624629874,4,9,4,100,79.62,74.0,74.39,78.44,0.0,0.0,0.0,0.0
2067,49013,61.14,56.07466946151206,0.5610039135410988,5,4,4,100,63.53,63.79,58.46,58.76,0.0,0.0,0.0,0.0
2068,45549,89.79,53.62201954715622,0.6200603369220414,4,7,4,100,78.09,96.58,93.94,90.54,0.0,0.0,0.0,0.0
2069,46204,47.64,56.8643961795211,0.577317594804425,5,7,4,100,48.06,50.26,50.09,42.15,0.0,0.0,0.0,0.0
2070,44340,84.72,54.930856598514765,0.7261320029619129,4,10,4,100,92.76,86.65,84.02,75.46,0.0,0.0,0.0,0.0
2071,47208,66.88,56.40151194741429,0.6140670345643817,4,4,4,100,68.29,66.98,67.33,64.9,0.0,0.0,0.0,0.0
2072,47208,57.19,54.05456312483466,0.6594960530736796,4,4,4,100,49.94,50.62,62.44,65.76,0.0,0.0,0.0,0.0
2073,39920,99.68,56.31774038734004,0.6334950512368354,0,10,4,100,100.0,100.0,98.74,100.0,0.0,0.0,0.0,0.0
2074,43433,64.76,56.1128716096623,0.6560947421165358,2,9,4,100,63.3,71.47,68.43,55.84,0.0,0.0,0.0,0.0
2075,46855,67.01,55.81073216067317,0.6335637119184172,4,5,4,100,73.57,73.3,64.7,56.47,0.0,0.0,0.0,0.0
2076,43433,54.12,55.51760844429439,0.5419647954314452,2,9,4,100,50.31,58.16,52.02,55.99,0.0,0.0,0.0,0.0
2077,43987,49.99,54.53658597180859,0.5318270923817922,1,6,4,100,56.86,42.64,56.03,44.43,0.0,0.0,0.0,0.0
2078,48511,61.11,55.99149177074556,0.6484626972901653,4,3,4,100,65.82,53.3,66.7,58.61,0.0,0.0,0.0,0.0
2079,53014,91.38,55.354100357519975,0.5453077293855941,4,2,4,100,88.92,99.47,87.74,89.38,0.0,0.0,0.0,0.0
2080,45698,59.24,59.16341214823312,0.5800419973136051,2,4,4,100,55.48,63.28,63.25,54.95,0.0,0.0,0.0,0.0
2081,46204,79.99,57.4790283636629,0.5769075594620727,2,2,4,100,90.0,77.55,81.4,71.01,0.0,0.0,0.0,0.0
2082,45698,71.14,55.312212359022936,0.6439128276745305,2,4,4,100,81.05,57.41,78.07,68.02,0.0,0.0,0.0,0.0
2083,47462,42.97,53.61690086234315,0.572092493929165,6,6,4,100,41.95,39.38,43.04,47.51,0.0,0.0,0.0,0.0
2084,48511,57.54,57.67423925913979,0.6209201046253667,4,3,4,100,63.2,55.63,59.21,52.14,0.0,0.0,0.0,0.0
2085,40726,67.79,53.13602499348605,0.5705213970227349,0,8,4,100,72.27,71.6,66.62,60.68,0.0,0.0,0.0,0.0
2086,45146,75.72,54.51246539114686,0.6691757482828615,4,8,4,100,76.98,78.08,73.91,73.92,0.0,0.0,0.0,0.0
2087,45146,71.45,55.06819208255449,0.6069429754227076,4,8,4,100,63.46,73.93,68.67,79.74,0.0,0.0,0.0,0.0
2088,50023,78.65,58.562981064466925,0.6233963320176976,10,9,4,100,81.63,78.91,78.02,76.04,0.0,0.0,0.0,0.0
2089,43836,56.0,56.855587449631656,0.6365690459137698,2,8,4,100,55.31,60.81,53.43,54.47,0.0,0.0,0.0,0.0
2090,46859,67.7,56.20734814859798,0.630926233418762,6,7,4,100,72.44,66.13,59.38,72.86,0.0,0.0,0.0,0.0
2091,45247,84.79,52.81680661519622,0.6526806472712943,6,11,4,100,87.15,88.18,81.66,82.16,0.0,0.0,0.0,0.0
2092,42588,45.41,55.42758353710642,0.6585539448469744,0,4,4,100,41.17,43.98,41.94,54.56,0.0,0.0,0.0,0.0
2093,46855,76.9,55.2476076743737,0.6315213804848772,4,5,4,100,78.62,78.52,84.78,65.68,0.0,0.0,0.0,0.0
2094,46607,55.78,53.78894185660187,0.6934329567614648,5,6,4,100,60.63,48.98,56.99,56.54,0.0,0.0,0.0,0.0
2095,46859,71.22,57.79618506730049,0.6305171507122745,6,7,4,100,64.71,62.0,79.57,78.61,0.0,0.0,0.0,0.0
2096,45801,75.42,57.39729684653069,0.6540699540516385,5,8,4,100,72.67,71.81,88.94,68.26,0.0,0.0,0.0,0.0
2097,49515,80.9,56.0819735916715,0.6120125240267875,6,5,4,100,83.42,83.45,79.22,77.51,0.0,0.0,0.0,0.0
2098,43030,68.62,54.04482638846914,0.6089390978989637,2,10,4,100,64.25,86.11,64.11,60.02,0.0,0.0,0.0,0.0
2099,46855,62.58,56.97768265230575,0.6004678467550172,4,5,4,100,62.65,54.87,57.77,75.05,0.0,0.0,0.0,0.0
2100,40726,72.48,55.62983256679309,0.5970022039522793,0,8,4,100,66.11,69.42,70.58,83.82,0.0,0.0,0.0,0.0
2101,47462,80.63,56.04493005102293,0.5967339961784404,6,6,4,100,84.72,81.47,86.3,70.04,0.0,0.0,0.0,0.0
2102,43282,62.68,58.839822836337184,0.5446576548452412,3,11,4,100,57.56,60.02,61.63,71.49,0.0,0.0,0.0,0.0
2103,54018,67.5,55.5659270212112,0.5913848166442629,6,4,4,100,73.4,61.81,73.66,61.12,0.0,0.0,0.0,0.0
2104,37905,54.07,55.5726536358612,0.6963302137023537,0,15,4,100,53.64,54.96,56.56,51.13,0.0,0.0,0.0,0.0
2105,53516,63.98,57.23464924576586,0.6673932801892296,5,3,4,100,55.12,67.5,68.62,64.69,0.0,0.0,0.0,0.0
2106,43836,62.12,55.38890201559586,0.6339418790642566,2,8,4,100,55.57,69.9,67.03,56.0,0.0,0.0,0.0,0.0
2107,54018,65.67,57.24654731506913,0.5811437347209976,6,4,4,100,67.47,58.32,75.8,61.1,0.0,0.0,0.0,0.0
2108,44995,63.95,52.24190850643696,0.629472913143533,5,10,4,100,72.36,63.51,63.06,56.86,0.0,0.0,0.0,0.0
2109,45297,82.0,56.38513403125071,0.6254454571422713,3,6,4,100,73.51,91.19,84.38,78.93,0.0,0.0,0.0,0.0
2110,47507,77.31,54.50598419286611,0.5596961835612995,2,1,4,100,85.44,75.01,72.14,76.65,0.0,0.0,0.0,0.0
2111,44491,59.94,56.5054754335892,0.5789188133179777,3,8,4,100,61.32,62.35,50.48,65.59,0.0,0.0,0.0,0.0
2112,43937,81.06,52.451726096055374,0.5714947297114481,4,11,4,100,88.46,80.67,74.28,80.81,0.0,0.0,0.0,0.0
2113,44239,77.82,55.99248612281536,0.5968280694341269,2,7,4,100,72.97,81.6,74.2,82.52,0.0,0.0,0.0,0.0
2114,49771,65.88,53.43517844532654,0.5257057813299849,9,8,4,100,54.36,67.88,71.03,70.27,0.0,0.0,0.0,0.0
2115,44491,74.5,57.13361726561969,0.6958389195583703,3,8,4,100,67.12,78.41,67.42,85.07,0.0,0.0,0.0,0.0
2116,43937,85.6,55.38421375078941,0.5270421935614076,4,11,4,100,82.06,100.0,78.09,82.26,0.0,0.0,0.0,0.0
2117,45545,57.42,55.47110874698769,0.5804489662655732,2,5,4,100,53.49,58.04,68.35,49.81,0.0,0.0,0.0,0.0
2118,40323,64.55,56.59282759501028,0.5346514960906815,0,9,4,100,70.14,64.62,64.49,58.94,0.0,0.0,0.0,0.0
2119,43836,43.8,56.88307394818329,0.6275320313742533,2,8,4,100,45.32,45.53,39.23,45.13,0.0,0.0,0.0,0.0
2120,42588,92.06,54.771185817391896,0.729870568213094,0,4,4,100,93.35,89.07,85.8,100.0,0.0,0.0,0.0,0.0
2121,46607,78.72,55.29888493675496,0.6070247423260247,5,6,4,100,76.88,80.4,76.09,81.53,0.0,0.0,0.0,0.0
2122,49013,45.96,54.83949004924013,0.6827603868997183,5,4,4,100,50.59,46.8,41.04,45.42,0.0,0.0,0.0,0.0
2123,102532,71.97,55.94953216022025,0.5138365604712585,7,1,4,100,63.6,76.52,78.1,69.65,0.0,0.0,0.0,0.0
2124,46053,82.59,58.39815398865001,0.643205887915473,6,9,4,100,79.05,84.78,81.06,85.47,0.0,0.0,0.0,0.0
2125,49267,62.41,55.64927762566201,0.6401909189268657,7,6,4,100,68.24,61.63,61.07,58.69,0.0,0.0,0.0,0.0
2126,47208,60.81,56.31535525660492,0.6500357437237526,4,4,4,100,63.44,55.62,60.42,63.76,0.0,0.0,0.0,0.0
2127,46456,71.93,52.961999977577584,0.5734136957469043,6,8,4,100,64.97,79.19,64.39,79.16,0.0,0.0,0.0,0.0
2128,62023,57.24,55.54551240618768,0.6546048576012903,7,4,4,100,53.25,57.63,54.48,63.58,0.0,0.0,0.0,0.0
2129,41129,71.28,55.950095023746094,0.5973090406936019,0,7,4,100,68.96,78.1,62.7,75.34,0.0,0.0,0.0,0.0
2130,43937,55.42,56.069817982362345,0.5816281744807814,4,11,4,100,62.58,52.89,52.24,53.96,0.0,0.0,0.0,0.0
2131,38711,73.39,53.60097348707672,0.5081298567624971,0,13,4,100,65.85,64.46,79.28,83.95,0.0,0.0,0.0,0.0
2132,46456,73.08,54.16721929398771,0.6201458071747673,6,8,4,100,76.7,74.58,62.56,78.47,0.0,0.0,0.0,0.0
2133,49515,66.36,59.354371029793136,0.6008459249614219,6,5,4,100,72.92,69.42,64.31,58.8,0.0,0.0,0.0,0.0
2134,41129,61.33,57.11470543607063,0.5572586005694835,0,7,4,100,64.38,67.06,50.83,63.05,0.0,0.0,0.0,0.0
2135,45549,70.23,57.18218056064556,0.5717421514669615,4,7,4,100,73.35,69.29,64.83,73.46,0.0,0.0,0.0,0.0
2136,40323,59.54,53.80046971862873,0.5599789638691316,0,9,4,100,55.18,55.0,68.72,59.26,0.0,0.0,0.0,0.0
2137,49013,66.97,55.6712732397893,0.6013111303694553,5,4,4,100,66.69,65.68,66.08,69.42,0.0,0.0,0.0,0.0
2138,45549,57.9,54.6903590623442,0.6353748504488844,4,7,4,100,68.79,55.31,53.04,54.45,0.0,0.0,0.0,0.0
2139,45952,69.14,54.8501043270548,0.5738671526848502,4,6,4,100,65.1,66.43,72.45,72.59,0.0,0.0,0.0,0.0
2140,40323,75.38,54.46811138356578,0.7109474989085318,0,9,4,100,76.45,85.97,67.49,71.61,0.0,0.0,0.0,0.0
2141,38711,61.61,54.60259800828149,0.632170777632904,0,13,4,100,67.12,66.78,57.87,54.67,0.0,0.0,0.0,0.0
2142,40726,48.69,53.5445680748642,0.5787464453361185,0,8,4,100,50.89,48.5,48.31,47.05,0.0,0.0,0.0,0.0
2143,62023,55.75,56.09594585001847,0.6118472523169166,7,4,4,100,56.65,56.77,49.15,60.43,0.0,0.0,0.0,0.0
2144,41532,68.12,58.15839734009612,0.5439921699230195,0,6,4,100,65.62,69.68,64.43,72.77,0.0,0.0,0.0,0.0
2145,43937,78.17,56.823923539490586,0.6081188407195139,4,11,4,100,70.69,84.66,79.51,77.82,0.0,0.0,0.0,0.0
2146,46053,66.46,57.39489100173706,0.6513449452445995,6,9,4,100,64.67,59.47,74.91,66.77,0.0,0.0,0.0,0.0
2147,46855,69.14,59.3098811159431,0.6608639068389016,4,5,4,100,65.33,64.66,72.56,74.01,0.0,0.0,0.0,0.0
2148,43181,60.06,51.97563977312704,0.5737449698186813,1,8,4,100,57.32,61.01,60.29,61.62,0.0,0.0,0.0,0.0
2149,45549,79.63,56.310704301906135,0.5897730416245612,4,7,4,100,83.34,83.47,82.63,69.09,0.0,0.0,0.0,0.0
2150,46053,78.63,56.93355778070927,0.5785654316609556,6,9,4,100,74.53,69.44,83.68,86.87,0.0,0.0,0.0,0.0
2151,43181,77.43,57.254453714583626,0.5923785320674063,1,8,4,100,82.1,74.23,84.96,68.42,0.0,0.0,0.0,0.0
2152,48218,66.81,56.68053758504156,0.619925704039974,9,9,4,100,60.68,61.63,71.76,73.15,0.0,0.0,0.0,0.0
2153,45247,53.71,56.91285038349764,0.5291752693601139,6,11,4,100,54.87,51.95,52.28,55.74,0.0,0.0,0.0,0.0
2154,123541,88.37,56.45035820501069,0.5625932357580246,10,3,4,100,86.64,93.63,78.22,95.0,0.0,0.0,0.0,0.0
2155,42627,69.22,57.58923208064228,0.6292689507123902,2,11,4,100,59.88,74.17,75.72,67.13,0.0,0.0,0.0,0.0
2156,49515,61.9,56.283891107556805,0.5173004121295199,6,5,4,100,55.11,65.76,57.19,69.53,0.0,0.0,0.0,0.0
2157,46855,52.13,55.63107990961096,0.593460772746687,4,5,4,100,45.34,59.06,48.44,55.67,0.0,0.0,0.0,0.0
2158,47462,74.85,55.201881684841865,0.6393523885102741,6,6,4,100,80.41,70.28,80.38,68.33,0.0,0.0,0.0,0.0
2159,46855,71.38,52.63614813664714,0.5937862581444753,4,5,4,100,68.48,69.14,71.27,76.65,0.0,0.0,0.0,0.0
2160,42778,69.55,58.38358008114844,0.6169040084738034,1,9,4,100,76.37,60.34,75.86,65.64,0.0,0.0,0.0,0.0
2161,43836,69.77,55.899324383308375,0.5719791245202533,2,8,4,100,69.32,79.06,62.62,68.07,0.0,0.0,0.0,0.0
2162,43584,59.05,52.41375781771329,0.7130189883426064,1,7,4,100,52.5,59.7,58.34,65.66,0.0,0.0,0.0,0.0
2163,45952,88.47,55.07069608680609,0.5965007172742874,4,6,4,100,100.0,84.84,88.15,80.9,0.0,0.0,0.0,0.0
2164,44239,74.89,55.984491025511225,0.4576428722158808,2,7,4,100,79.62,71.1,69.48,79.35,0.0,0.0,0.0,0.0
2165,41532,47.49,56.151853192144266,0.614187430061741,0,6,4,100,48.48,49.29,49.74,42.44,0.0,0.0,0.0,0.0
2166,45545,66.67,58.65481975488175,0.572250377208559,2,5,4,100,60.95,68.1,68.43,69.2,0.0,0.0,0.0,0.0
2167,46855,86.51,57.91474245337071,0.6228139871107693,4,5,4,100,88.82,94.5,84.4,78.31,0.0,0.0,0.0,0.0
2168,48511,74.21,55.12860132690574,0.7255083056491461,4,3,4,100,83.83,75.17,69.34,68.5,0.0,0.0,0.0,0.0
2169,47208,68.21,55.232139497957775,0.6320899156238372,4,4,4,100,72.03,66.34,63.72,70.76,0.0,0.0,0.0,0.0
2170,44491,71.78,56.1375136576776,0.6314407814373436,3,8,4,100,69.36,63.35,75.8,78.61,0.0,0.0,0.0,0.0
2171,47462,67.59,54.69317400174116,0.5979778975671219,6,6,4,100,68.88,67.35,56.58,77.56,0.0,0.0,0.0,0.0
2172,54272,75.55,54.05432034790874,0.6453004842196215,8,6,4,100,74.57,87.71,69.88,70.05,0.0,0.0,0.0,0.0
2173,45398,64.32,54.87505831175212,0.5961213421801319,5,9,4,100,70.9,56.67,72.1,57.61,0.0,0.0,0.0,0.0
2174,62525,82.14,53.88030724375948,0.5120517368503325,8,5,4,100,81.66,77.28,94.12,75.49,0.0,0.0,0.0,0.0
2175,44642,67.1,57.40543616285696,0.6161352438572057,2,6,4,100,71.04,67.32,66.25,63.78,0.0,0.0,0.0,0.0
2176,43584,90.1,55.17165011480347,0.5148464632778528,1,7,4,100,92.48,87.84,93.18,86.88,0.0,0.0,0.0,0.0
2177,45952,72.0,55.96102840983623,0.5321886106679709,4,6,4,100,78.9,68.62,68.82,71.67,0.0,0.0,0.0,0.0
2178,45146,50.18,56.23110401729642,0.6669947406696572,4,8,4,100,52.62,43.36,55.78,48.96,0.0,0.0,0.0,0.0
2179,45952,56.1,58.83148246856232,0.5705787372011806,4,6,4,100,58.85,50.84,56.34,58.38,0.0,0.0,0.0,0.0
2180,49515,55.79,55.77749007405985,0.4344241849796432,6,5,4,100,61.34,59.42,56.45,45.95,0.0,0.0,0.0,0.0
2181,48511,79.6,55.9836363469589,0.4995657146022182,4,3,4,100,80.28,80.15,79.21,78.77,0.0,0.0,0.0,0.0
2182,103034,74.32,56.93571127567588,0.5549698888529528,8,2,4,100,67.34,83.45,71.52,74.97,0.0,0.0,0.0,0.0
2183,40726,89.33,56.38767799408773,0.6676779951527161,0,8,4,100,88.46,90.18,87.75,90.94,0.0,0.0,0.0,0.0
2184,46855,71.79,55.07763970808675,0.6142483072800013,4,5,4,100,66.18,68.46,74.21,78.3,0.0,0.0,0.0,0.0
2185,41532,73.76,53.48141598862731,0.5701287975772013,0,6,4,100,75.5,66.94,78.88,73.72,0.0,0.0,0.0,0.0
2186,46859,49.86,56.63753014066069,0.5601896538520983,6,7,4,100,44.91,50.99,57.6,45.92,0.0,0.0,0.0,0.0
2187,42588,48.66,57.4163441177669,0.6510041295568272,0,4,4,100,47.96,44.19,49.03,53.45,0.0,0.0,0.0,0.0
2188,46859,71.39,55.97814913276912,0.471214615863751,6,7,4,100,59.81,76.95,71.62,77.17,0.0,0.0,0.0,0.0
2189,46855,79.31,54.79845880831087,0.5553999997390778,4,5,4,100,86.96,84.07,76.46,69.76,0.0,0.0,0.0,0.0
2190,39920,67.54,55.86656677790408,0.5339575725205207,0,10,4,100,71.68,68.13,63.42,66.91,0.0,0.0,0.0,0.0
2191,44743,72.11,54.77215870089693,0.6869715652366138,4,9,4,100,67.54,72.14,82.69,66.07,0.0,0.0,0.0,0.0
2192,45545,65.52,55.60777267309978,0.6440375702426446,2,5,4,100,69.15,66.15,62.72,64.06,0.0,0.0,0.0,0.0
2193,45297,51.59,55.50333076135945,0.6430453593252736,3,6,4,100,51.68,57.51,47.61,49.57,0.0,0.0,0.0,0.0
2194,44239,66.8,55.387503404674185,0.5789238790471829,2,7,4,100,68.08,65.68,69.27,64.17,0.0,0.0,0.0,0.0
2195,45851,80.29,59.145749192691085,0.5972805960559726,2,3,4,100,86.09,68.82,81.72,84.52,0.0,0.0,0.0,0.0
2196,40726,63.19,54.8657622349587,0.571983974078319,0,8,4,100,71.89,64.15,62.02,54.7,0.0,0.0,0.0,0.0
2197,46855,68.59,58.79337726732297,0.5754131745012501,4,5,4,100,76.75,67.16,70.63,59.82,0.0,0.0,0.0,0.0
2198,47966,66.42,55.42957694068993,0.4935023643198901,8,8,4,100,60.71,77.42,68.35,59.22,0.0,0.0,0.0,0.0
2199,41129,76.47,55.877855041128896,0.5716280764738768,0,7,4,100,85.04,62.63,80.81,77.41,0.0,0.0,0.0,0.0
2200,45952,82.69,56.578571883148015,0.5747584883863641,4,6,4,100,83.46,78.62,94.84,73.84,0.0,0.0,0.0,0.0
2201,44890,96.83,56.6820558127299,0.6363805589308053,1,5,4,100,91.87,100.0,100.0,95.44,0.0,0.0,0.0,0.0
2202,42435,48.1,56.245433283322434,0.5886701378944427,0,5,4,100,50.3,43.26,49.24,49.61,0.0,0.0,0.0,0.0
2203,42627,78.12,57.309871481895485,0.6587584584195502,2,11,4,100,87.92,77.74,73.38,73.44,0.0,0.0,0.0,0.0
2204,46607,77.79,55.21991260281636,0.5452289894510074,5,6,4,100,82.4,83.38,74.8,70.57,0.0,0.0,0.0,0.0
2205,72024,59.51,53.64358955571096,0.6362969099067943,6,2,4,100,65.64,55.98,58.48,57.94,0.0,0.0,0.0,0.0
2206,45545,66.83,56.73487868827008,0.5929652055484431,2,5,4,100,77.06,67.55,61.83,60.87,0.0,0.0,0.0,0.0
2207,150000,47.32,55.08133426758365,0.5620251436706741,10,0,4,100,44.74,54.57,48.51,41.44,0.0,0.0,0.0,0.0
2208,46204,57.98,52.67197294124841,0.5724336279780382,2,2,4,100,58.48,58.49,56.64,58.31,0.0,0.0,0.0,0.0
2209,54520,60.95,53.33915599959598,0.6532216629727792,7,5,4,100,54.64,58.01,60.59,70.55,0.0,0.0,0.0,0.0
2210,44088,50.97,58.36896153057455,0.6408196337029198,3,9,4,100,55.59,54.74,46.82,46.73,0.0,0.0,0.0,0.0
2211,39114,81.26,55.637904575841,0.6518154531452918,0,12,4,100,89.77,67.76,83.93,83.57,0.0,0.0,0.0,0.0
2212,49519,62.04,56.53288955965765,0.5954435429783564,8,7,4,100,62.6,60.95,64.75,59.86,0.0,0.0,0.0,0.0
2213,44239,67.81,57.45031636945114,0.5553749341911999,2,7,4,100,69.43,71.24,70.71,59.86,0.0,0.0,0.0,0.0
2214,47462,65.83,58.21372884879612,0.5943717175797314,6,6,4,100,53.94,66.39,72.13,70.87,0.0,0.0,0.0,0.0
2215,45146,42.0,56.21041327314045,0.4951430112078672,4,8,4,100,37.87,37.82,47.95,44.36,0.0,0.0,0.0,0.0
2216,54272,70.35,54.476568539546925,0.5694993634838992,8,6,4,100,76.82,69.88,61.45,73.25,0.0,0.0,0.0,0.0
2217,45297,81.7,52.04882655186188,0.6310729992016455,3,6,4,100,76.89,82.86,75.05,91.99,0.0,0.0,0.0,0.0
2218,43433,75.64,58.39396772555864,0.5985792085134162,2,9,4,100,77.87,82.09,73.04,69.56,0.0,0.0,0.0,0.0
2219,49515,58.53,54.18956704304972,0.7464781910217956,6,5,4,100,58.54,53.99,52.83,68.77,0.0,0.0,0.0,0.0
2220,46706,73.98,55.15364881378117,0.5084876708343837,3,3,4,100,85.05,72.48,63.92,74.47,0.0,0.0,0.0,0.0
2221,54018,82.98,58.5972102355575,0.4802096436649464,6,4,4,100,81.88,78.72,80.42,90.88,0.0,0.0,0.0,0.0
2222,44743,53.4,53.38938104445224,0.6336722096122909,4,9,4,100,47.34,53.52,56.2,56.53,0.0,0.0,0.0,0.0
2223,45549,47.79,55.71777681552501,0.6223226931694988,4,7,4,100,48.76,51.93,49.16,41.32,0.0,0.0,0.0,0.0
2224,45146,73.68,52.42533816055839,0.5491256846083837,4,8,4,100,64.69,71.92,84.95,73.18,0.0,0.0,0.0,0.0
2225,46204,57.11,57.09361646434559,0.583859617365313,5,7,4,100,58.94,57.95,62.36,49.19,0.0,0.0,0.0,0.0
2226,46456,49.7,55.39056399541372,0.6432985887827188,6,8,4,100,50.26,50.93,45.82,51.81,0.0,0.0,0.0,0.0
2227,45297,75.2,53.95773730621435,0.5358105062179067,3,6,4,100,78.96,80.01,65.23,76.6,0.0,0.0,0.0,0.0
2228,49519,80.81,55.92641612737468,0.6115452167755563,8,7,4,100,82.53,76.48,79.05,85.16,0.0,0.0,0.0,0.0
2229,45146,57.62,55.39392689537431,0.601615395565847,4,8,4,100,50.09,52.82,63.13,64.45,0.0,0.0,0.0,0.0
2230,60517,66.58,56.20832587006935,0.5189197496548676,4,1,4,100,70.84,66.41,69.76,59.31,0.0,0.0,0.0,0.0
2231,72526,66.17,54.9312349160013,0.585868530391008,7,3,4,100,75.14,61.49,60.16,67.88,0.0,0.0,0.0,0.0
2232,44743,68.59,58.351563074886734,0.7056595163191182,4,9,4,100,69.95,73.44,70.21,60.76,0.0,0.0,0.0,0.0
2233,44743,38.36,54.07006088214053,0.5866169682835455,4,9,4,100,31.09,43.26,41.17,37.91,0.0,0.0,0.0,0.0
2234,73028,78.78,56.09127293366061,0.5155984012473575,8,4,4,100,78.23,76.08,82.32,78.48,0.0,0.0,0.0,0.0
2235,46204,76.69,56.646041249026695,0.5626273924058041,5,7,4,100,73.43,88.85,67.47,77.0,0.0,0.0,0.0,0.0
2236,47462,66.09,56.3286420175934,0.5963704807865388,6,6,4,100,61.3,72.62,60.18,70.24,0.0,0.0,0.0,0.0
2237,44743,63.22,56.18254347369782,0.6095369528108961,4,9,4,100,55.67,61.74,66.91,68.56,0.0,0.0,0.0,0.0
2238,49515,72.23,55.81302724906174,0.5740873806352578,6,5,4,100,78.42,79.88,66.02,64.6,0.0,0.0,0.0,0.0
2239,44743,50.28,54.34570309142086,0.5432199570178802,4,9,4,100,50.83,50.79,48.88,50.6,0.0,0.0,0.0,0.0
2240,43030,57.59,56.47006316659955,0.5410296045474873,2,10,4,100,52.2,62.18,55.45,60.53,0.0,0.0,0.0,0.0
2241,46859,59.04,55.87013221571947,0.5783605441374787,6,7,4,100,56.98,58.0,57.43,63.76,0.0,0.0,0.0,0.0
2242,42375,61.95,57.28454618131371,0.6797069556770561,1,10,4,100,50.71,58.28,71.19,67.62,0.0,0.0,0.0,0.0
2243,48511,64.6,55.72803535522158,0.6346684348603471,4,3,4,100,70.16,63.42,62.56,62.24,0.0,0.0,0.0,0.0
2244,46859,67.32,55.38313309016488,0.6539840380762509,6,7,4,100,63.84,61.58,79.54,64.3,0.0,0.0,0.0,0.0
2245,45698,84.43,54.62926537274898,0.5791888170335222,2,4,4,100,89.77,85.9,78.34,83.72,0.0,0.0,0.0,0.0
2246,42435,56.43,56.40170766882216,0.6092424366694549,0,5,4,100,56.16,62.57,50.58,56.41,0.0,0.0,0.0,0.0
2247,45549,88.53,56.79901872283611,0.6372765976377331,4,7,4,100,92.31,98.34,79.42,84.04,0.0,0.0,0.0,0.0
2248,40323,75.19,55.52440289436601,0.5695306165192056,0,9,4,100,84.77,65.63,81.4,68.96,0.0,0.0,0.0,0.0
2249,46859,72.07,53.88557283190296,0.5917705339201277,6,7,4,100,74.07,63.2,67.5,83.5,0.0,0.0,0.0,0.0
2250,54272,80.52,56.26247281138944,0.6406018337604632,8,6,4,100,76.88,90.98,75.46,78.77,0.0,0.0,0.0,0.0
2251,46607,75.54,53.75195413753106,0.5225374110693307,5,6,4,100,65.22,79.95,72.91,84.1,0.0,0.0,0.0,0.0
2252,47966,68.04,55.39442188676614,0.5431745076255567,8,8,4,100,66.95,65.42,73.16,66.63,0.0,0.0,0.0,0.0
2253,39920,80.03,58.853313550991615,0.5776574035609926,0,10,4,100,84.78,83.53,76.38,75.43,0.0,0.0,0.0,0.0
2254,45297,72.2,54.87236425547978,0.5075724437791886,3,6,4,100,78.29,66.7,74.74,69.06,0.0,0.0,0.0,0.0
2255,43937,87.54,57.45738873657666,0.5550760096543328,4,11,4,100,80.04,87.15,97.79,85.16,0.0,0.0,0.0,0.0
2256,45549,69.11,57.75396248397199,0.6761845845784153,4,7,4,100,65.12,67.35,76.63,67.36,0.0,0.0,0.0,0.0
2257,43181,51.83,55.59935752443448,0.5325918703688716,1,8,4,100,56.26,43.25,55.32,52.5,0.0,0.0,0.0,0.0
2258,60517,55.81,55.52098971729949,0.587169290638756,4,1,4,100,52.66,55.36,53.9,61.32,0.0,0.0,0.0,0.0
2259,44894,64.91,56.23477960040175,0.6141382909070147,3,7,4,100,60.92,61.07,61.45,76.19,0.0,0.0,0.0,0.0
2260,47462,81.5,55.49126530113906,0.526767964554342,6,6,4,100,81.36,85.81,81.66,77.17,0.0,0.0,0.0,0.0
2261,54272,70.74,58.06700351805085,0.6624126649347424,8,6,4,100,68.68,78.87,64.01,71.39,0.0,0.0,0.0,0.0
2262,49515,64.35,57.85992874971743,0.5440991085326452,6,5,4,100,59.82,76.04,62.84,58.7,0.0,0.0,0.0,0.0
2263,86029,78.7,55.53193690405875,0.5671168341524067,7,2,4,100,85.51,82.59,77.41,69.3,0.0,0.0,0.0,0.0
2264,150000,70.71,55.202952324821965,0.6506375378234247,14,4,4,100,77.3,69.72,74.02,61.79,0.0,0.0,0.0,0.0
2265,46855,59.39,55.76877255154528,0.6353027619059186,4,5,4,100,51.83,54.35,68.02,63.36,0.0,0.0,0.0,0.0
2266,47462,43.33,57.51559256466028,0.6341258196201721,6,6,4,100,48.43,33.68,45.43,45.78,0.0,0.0,0.0,0.0
2267,41129,67.09,54.23486200777219,0.5819733982502145,0,7,4,100,57.79,67.93,71.27,71.36,0.0,0.0,0.0,0.0
2268,73028,89.15,59.99378672959207,0.6011015600634941,8,4,4,100,87.48,91.33,90.35,87.44,0.0,0.0,0.0,0.0
2269,86531,64.66,54.24694301146938,0.5564202232328055,8,3,4,100,66.36,61.75,59.54,70.99,0.0,0.0,0.0,0.0
2270,45043,63.76,56.90474418967792,0.6678853949050095,1,4,4,100,60.8,63.23,67.78,63.21,0.0,0.0,0.0,0.0
2271,45146,63.24,56.355525258880455,0.5828235894286555,4,8,4,100,55.7,69.64,64.04,63.56,0.0,0.0,0.0,0.0
2272,43685,61.68,54.43908478947975,0.611503145613951,3,10,4,100,54.55,58.19,61.82,72.15,0.0,0.0,0.0,0.0
2273,43836,59.31,57.67560318284852,0.5532376564428442,2,8,4,100,64.3,50.35,58.43,64.16,0.0,0.0,0.0,0.0
2274,47714,71.13,58.0382044938244,0.6004334242539144,7,7,4,100,81.82,61.29,66.47,74.95,0.0,0.0,0.0,0.0
2275,47714,76.54,55.9658054677298,0.5557139147484214,7,7,4,100,72.95,75.5,75.13,82.56,0.0,0.0,0.0,0.0
2276,47111,69.56,56.11088099802975,0.5900037080881789,7,8,4,100,73.76,69.5,65.81,69.19,0.0,0.0,0.0,0.0
2277,47966,83.36,53.43028126767445,0.5942532662236338,8,8,4,100,86.45,74.8,86.88,85.33,0.0,0.0,0.0,0.0
2278,44239,62.97,57.46601818568083,0.6014262028022715,2,7,4,100,56.09,70.87,58.34,66.59,0.0,0.0,0.0,0.0
2279,43433,83.48,55.488839649450064,0.4939999148997708,2,9,4,100,86.57,85.76,91.82,69.75,0.0,0.0,0.0,0.0
2280,43836,81.12,59.2979899883337,0.5965083322031424,2,8,4,100,74.54,76.93,79.32,93.69,0.0,0.0,0.0,0.0
2281,61521,79.9,56.423724865521706,0.6509391146613651,6,3,4,100,89.68,76.55,66.23,87.15,0.0,0.0,0.0,0.0
2282,45146,74.88,55.97261211624373,0.5530419751905215,4,8,4,100,65.79,67.18,89.54,77.01,0.0,0.0,0.0,0.0
2283,45801,65.54,57.32214752626799,0.5903756550947757,5,8,4,100,68.19,61.38,69.34,63.24,0.0,0.0,0.0,0.0
2284,44239,46.1,55.0950446912161,0.6437087361663403,2,7,4,100,52.79,46.74,42.45,42.43,0.0,0.0,0.0,0.0
2285,46859,72.73,54.83531515828102,0.5289102940806604,6,7,4,100,82.65,72.38,70.35,65.54,0.0,0.0,0.0,0.0
2286,46456,65.65,56.37862642415134,0.6112711066157168,6,8,4,100,59.54,64.48,76.82,61.76,0.0,0.0,0.0,0.0
2287,45549,61.61,55.0382389384264,0.5236040925779168,4,7,4,100,58.89,57.44,70.99,59.13,0.0,0.0,0.0,0.0
2288,43433,73.56,55.92622588381364,0.591322091977239,2,9,4,100,65.22,84.5,72.92,71.61,0.0,0.0,0.0,0.0
2289,45398,70.0,55.92861998871166,0.5594835953146753,5,9,4,100,68.23,70.64,67.79,73.34,0.0,0.0,0.0,0.0
2290,45952,60.49,55.632088115686,0.6291455837026005,4,6,4,100,57.01,59.36,56.25,69.33,0.0,0.0,0.0,0.0
2291,41532,41.77,53.604517143991046,0.604064667818382,0,6,4,100,46.83,35.18,44.82,40.26,0.0,0.0,0.0,0.0
2292,45297,56.0,55.806172523807575,0.5354040864076726,3,6,4,100,48.98,61.97,63.34,49.73,0.0,0.0,0.0,0.0
2293,46859,53.74,57.50098792195175,0.5944907764844317,6,7,4,100,49.69,49.93,57.93,57.41,0.0,0.0,0.0,0.0
2294,44239,86.44,54.63010165439552,0.6055235841018706,2,7,4,100,82.54,89.79,77.91,95.51,0.0,0.0,0.0,0.0
2295,54018,64.72,57.58468129161579,0.6537177456207843,6,4,4,100,64.49,58.77,64.05,71.56,0.0,0.0,0.0,0.0
2296,46607,76.01,57.440766258586166,0.6028942770734916,5,6,4,100,90.04,76.13,68.12,69.74,0.0,0.0,0.0,0.0
2297,47208,53.38,55.98019568387729,0.5627436217520102,4,4,4,100,52.17,52.2,52.96,56.17,0.0,0.0,0.0,0.0
2298,87033,89.11,55.30534479728295,0.631184538164107,9,4,4,100,89.85,79.21,92.63,94.75,0.0,0.0,0.0,0.0
2299,45549,54.6,57.21865264145234,0.5265295544382401,4,7,4,100,54.38,57.57,57.4,49.05,0.0,0.0,0.0,0.0
2300,42435,61.28,54.865497183274336,0.6643627982609834,0,5,4,100,61.72,54.3,65.9,63.21,0.0,0.0,0.0,0.0
2301,49515,78.93,57.23999599987612,0.6705561055116254,6,5,4,100,89.24,68.2,68.87,89.42,0.0,0.0,0.0,0.0
2302,47966,81.52,56.302577111263,0.6133833370511084,8,8,4,100,78.54,76.52,76.85,94.15,0.0,0.0,0.0,0.0
2303,46456,66.39,55.37396484087869,0.6347067227859242,6,8,4,100,71.42,59.77,70.87,63.49,0.0,0.0,0.0,0.0
2304,45549,49.99,56.91951204286889,0.6173793260347923,4,7,4,100,54.38,51.46,44.06,50.05,0.0,0.0,0.0,0.0
2305,39920,84.06,53.86506850003626,0.6102596385915354,0,10,4,100,79.66,85.35,82.91,88.31,0.0,0.0,0.0,0.0
2306,53516,48.27,56.35846033870599,0.6295778445647494,5,3,4,100,47.24,47.3,53.25,45.28,0.0,0.0,0.0,0.0
2307,72024,77.91,57.16312683627817,0.5504012904159086,6,2,4,100,85.34,78.3,79.0,68.99,0.0,0.0,0.0,0.0
2308,44743,50.25,53.50934397473415,0.587094093527403,4,9,4,100,57.26,50.05,48.72,44.97,0.0,0.0,0.0,0.0
2309,48511,67.54,58.12768098505215,0.5828394936271125,4,3,4,100,61.13,73.77,64.45,70.8,0.0,0.0,0.0,0.0
2310,49519,56.71,53.07033441343567,0.6489446938143782,8,7,4,100,52.7,57.07,53.13,63.93,0.0,0.0,0.0,0.0
2311,40726,76.1,54.71189219185683,0.5061361245126517,0,8,4,100,78.6,83.77,73.7,68.34,0.0,0.0,0.0,0.0
2312,47208,61.45,56.19818582014762,0.6078863673048889,4,4,4,100,62.05,59.99,59.98,63.79,0.0,0.0,0.0,0.0
2313,40726,71.24,57.65725320336346,0.5694188901492859,0,8,4,100,75.76,70.32,64.77,74.1,0.0,0.0,0.0,0.0
2314,43937,69.96,55.68390409838396,0.5218980425030826,4,11,4,100,70.38,71.33,63.77,74.36,0.0,0.0,0.0,0.0
2315,46859,76.63,58.13886895133862,0.5686744568253196,6,7,4,100,82.44,66.5,80.87,76.71,0.0,0.0,0.0,0.0
2316,47208,50.82,55.2539537580696,0.641681664621784,4,4,4,100,57.92,47.59,48.68,49.09,0.0,0.0,0.0,0.0
2317,46607,59.16,54.718371593768616,0.5488927122259966,5,6,4,100,57.67,56.0,58.24,64.75,0.0,0.0,0.0,0.0
2318,72024,61.4,58.71582157449579,0.5837196220280269,6,2,4,100,57.09,65.15,55.63,67.72,0.0,0.0,0.0,0.0
2319,45146,76.97,57.21938808325615,0.5291162548880135,4,8,4,100,72.66,80.52,70.75,83.96,0.0,0.0,0.0,0.0
2320,47714,91.04,56.88423281541943,0.4829992031802685,7,7,4,100,76.64,100.0,93.76,93.78,0.0,0.0,0.0,0.0
2321,86531,57.9,55.67375670834304,0.6102084832235379,8,3,4,100,52.74,50.14,64.06,64.67,0.0,0.0,0.0,0.0
2322,85527,55.24,54.44873294023912,0.6386217201171464,6,1,4,100,50.13,57.21,65.58,48.06,0.0,0.0,0.0,0.0
2323,44743,61.48,56.810073587627855,0.5574512442071784,4,9,4,100,62.07,56.63,57.41,69.82,0.0,0.0,0.0,0.0
2324,44890,57.07,56.5583223083375,0.6816081776505967,1,5,4,100,56.9,63.61,52.84,54.92,0.0,0.0,0.0,0.0
2325,45549,70.44,56.964748224049664,0.5925940213920238,4,7,4,100,71.56,70.77,77.67,61.74,0.0,0.0,0.0,0.0
2326,45650,74.13,53.29563101643276,0.6094330492363329,6,10,4,100,63.07,87.02,70.35,76.09,0.0,0.0,0.0,0.0
2327,46204,68.3,55.51498144737794,0.6187044907626285,5,7,4,100,70.77,71.57,60.28,70.57,0.0,0.0,0.0,0.0
2328,41532,60.04,55.316337811318384,0.5683373612150998,0,6,4,100,60.3,66.46,61.59,51.81,0.0,0.0,0.0,0.0
2329,45952,46.12,57.61661261468959,0.5211150318896879,4,6,4,100,41.79,45.7,46.66,50.34,0.0,0.0,0.0,0.0
2330,86531,53.39,58.10527753657289,0.5385169383861522,8,3,4,100,59.87,49.36,55.1,49.22,0.0,0.0,0.0,0.0
2331,45146,52.65,56.68095086018891,0.595691017044264,4,8,4,100,49.31,53.88,56.72,50.68,0.0,0.0,0.0,0.0
2332,72024,60.33,57.03962059333447,0.6024716625876586,6,2,4,100,50.67,67.66,56.03,66.96,0.0,0.0,0.0,0.0
2333,73282,72.22,57.25174612529749,0.5109425537558833,10,6,4,100,70.07,74.43,78.9,65.5,0.0,0.0,0.0,0.0
2334,72024,66.48,55.12800096434712,0.5270601909672575,6,2,4,100,56.82,71.9,66.57,70.63,0.0,0.0,0.0,0.0
2335,45545,67.58,56.69039859442705,0.6300228435347975,2,5,4,100,67.69,69.85,62.81,69.99,0.0,0.0,0.0,0.0
2336,43836,52.08,55.6805165800475,0.5264268569921694,2,8,4,100,58.32,55.29,46.32,48.38,0.0,0.0,0.0,0.0
2337,46855,49.79,56.34015945274158,0.5419803242791864,4,5,4,100,53.27,48.3,49.12,48.47,0.0,0.0,0.0,0.0
2338,44894,65.5,56.18924959026419,0.6851507050494956,3,7,4,100,52.53,71.36,72.18,65.95,0.0,0.0,0.0,0.0
2339,45650,67.91,56.353567455106656,0.51923539144664,6,10,4,100,62.08,75.04,63.29,71.25,0.0,0.0,0.0,0.0
2340,103034,85.28,58.579837191496026,0.4644988992552513,8,2,4,100,81.38,95.69,73.49,90.55,0.0,0.0,0.0,0.0
2341,47462,55.3,53.80215364314921,0.5648348741049982,6,6,4,100,50.44,62.23,58.27,50.24,0.0,0.0,0.0,0.0
2342,44491,81.31,56.28064466570929,0.5626067921278496,3,8,4,100,77.8,85.21,78.07,84.17,0.0,0.0,0.0,0.0
2343,45952,67.88,57.252925321542754,0.6173976057847621,4,6,4,100,75.04,71.87,62.89,61.72,0.0,0.0,0.0,0.0
2344,47208,69.03,55.70473881404688,0.4916336126556619,4,4,4,100,64.57,74.8,65.5,71.23,0.0,0.0,0.0,0.0
2345,45297,53.68,58.39086673507553,0.6481552123705775,3,6,4,100,47.94,57.72,51.45,57.61,0.0,0.0,0.0,0.0
2346,47462,40.77,56.78355438167211,0.574795589759402,6,6,4,100,42.57,46.21,35.96,38.35,0.0,0.0,0.0,0.0
2347,46607,72.35,57.35667706702319,0.5126012679396849,5,6,4,100,69.83,78.07,67.88,73.62,0.0,0.0,0.0,0.0
2348,45549,72.82,56.50503159793098,0.5337460661621837,4,7,4,100,69.81,77.09,66.09,78.31,0.0,0.0,0.0,0.0
2349,45952,82.84,57.45009398675866,0.5257671120527819,4,6,4,100,79.3,89.47,78.98,83.61,0.0,0.0,0.0,0.0
2350,42627,76.9,57.01310733554063,0.6243085608328868,2,11,4,100,68.89,80.94,73.87,83.91,0.0,0.0,0.0,0.0
2351,45952,63.74,54.84634887064061,0.5585888509750954,4,6,4,100,61.48,72.95,60.09,60.42,0.0,0.0,0.0,0.0
2352,86531,75.55,55.23697113374688,0.6191334952326306,8,3,4,100,79.66,71.81,68.4,82.34,0.0,0.0,0.0,0.0
2353,46855,67.39,54.80878429055851,0.5164759347367802,4,5,4,100,66.19,73.81,66.43,63.13,0.0,0.0,0.0,0.0
2354,104540,62.32,55.08329954084951,0.5455214755622947,11,5,4,100,68.72,57.92,59.52,63.13,0.0,0.0,0.0,0.0
2355,46557,52.93,55.79539158130028,0.6020477772567437,8,11,4,100,50.31,54.09,54.46,52.87,0.0,0.0,0.0,0.0
2356,53014,56.52,55.730530682288034,0.5561941755517021,4,2,4,100,55.66,61.99,55.52,52.91,0.0,0.0,0.0,0.0
2357,46855,66.07,57.57412867203799,0.5287234442833559,4,5,4,100,67.17,64.42,71.9,60.79,0.0,0.0,0.0,0.0
2358,46607,56.69,56.94477852847468,0.5504532433029445,5,6,4,100,50.37,60.74,54.68,60.96,0.0,0.0,0.0,0.0
2359,49515,63.9,56.60204897061952,0.5638661889762563,6,5,4,100,57.73,64.25,73.33,60.31,0.0,0.0,0.0,0.0
2360,40726,69.47,59.02158878497302,0.5890894333739067,0,8,4,100,77.45,64.7,75.78,59.95,0.0,0.0,0.0,0.0
2361,45801,33.81,56.25910122359576,0.5476858566631783,5,8,4,100,33.41,31.65,38.01,32.16,0.0,0.0,0.0,0.0
2362,44995,64.08,57.49828125885216,0.5643701577988286,5,10,4,100,72.13,60.97,61.57,61.66,0.0,0.0,0.0,0.0
2363,45398,57.89,57.55313446695352,0.5568175098170307,5,9,4,100,61.47,53.67,60.08,56.35,0.0,0.0,0.0,0.0
2364,147040,73.45,55.05957241998279,0.615962400220205,8,0,4,100,69.99,67.47,66.88,89.47,0.0,0.0,0.0,0.0
2365,44340,64.95,59.37347545098125,0.6440671113421617,4,10,4,100,60.28,63.57,69.92,66.04,0.0,0.0,0.0,0.0
2366,49515,51.93,55.89328824447217,0.5956533734684918,6,5,4,100,49.87,54.5,46.99,56.35,0.0,0.0,0.0,0.0
2367,47462,81.57,54.88142206138146,0.5320605163377752,6,6,4,100,85.02,88.95,72.58,79.72,0.0,0.0,0.0,0.0
2368,54018,60.6,54.872399821951625,0.5288111538034075,6,4,4,100,55.45,56.46,63.8,66.68,0.0,0.0,0.0,0.0
2369,46456,77.12,56.65893540945962,0.6628304415052725,6,8,4,100,67.7,81.48,85.78,73.5,0.0,0.0,0.0,0.0
2370,47710,86.49,55.10354073820082,0.6254382004794619,5,5,4,100,93.42,72.47,91.06,89.0,0.0,0.0,0.0,0.0
2371,46855,76.08,55.207018058107096,0.5655346962397529,4,5,4,100,82.29,72.04,71.86,78.12,0.0,0.0,0.0,0.0
2372,47208,42.79,55.83837010300061,0.561883793198429,4,4,4,100,45.06,41.74,44.87,39.48,0.0,0.0,0.0,0.0
2373,44642,69.64,58.784937364123856,0.5540630257321519,2,6,4,100,71.65,74.62,54.6,77.7,0.0,0.0,0.0,0.0
2374,45549,58.24,55.508815788821074,0.5671794110521985,4,7,4,100,50.64,62.45,60.14,59.74,0.0,0.0,0.0,0.0
2375,42435,63.48,56.58188289634239,0.5858421405859543,0,5,4,100,63.73,66.66,53.61,69.94,0.0,0.0,0.0,0.0
2376,42627,40.54,57.077002001482384,0.5644148961793499,2,11,4,100,42.3,39.57,41.39,38.92,0.0,0.0,0.0,0.0
2377,45549,80.76,58.797770041415085,0.5693461474194801,4,7,4,100,85.82,86.06,70.3,80.86,0.0,0.0,0.0,0.0
2378,45398,73.04,59.15853857512295,0.5727538410876458,5,9,4,100,76.97,83.23,69.37,62.57,0.0,0.0,0.0,0.0
2379,47462,64.48,57.67150323525795,0.4897911362332937,6,6,4,100,61.28,72.58,56.74,67.32,0.0,0.0,0.0,0.0
2380,45549,59.72,55.05175057569553,0.5667494134459454,4,7,4,100,56.3,68.77,62.48,51.33,0.0,0.0,0.0,0.0
2381,49515,96.02,54.2114179411452,0.5117590019192375,6,5,4,100,100.0,87.82,99.98,96.28,0.0,0.0,0.0,0.0
2382,45698,56.36,57.00208245335236,0.4536242501735685,2,4,4,100,53.85,65.78,56.29,49.51,0.0,0.0,0.0,0.0
2383,103034,69.22,56.57700094862053,0.5364392350495403,8,2,4,100,67.21,72.64,73.1,63.93,0.0,0.0,0.0,0.0
2384,62525,61.78,56.21599252662401,0.553791167347866,8,5,4,100,55.12,67.43,70.12,54.47,0.0,0.0,0.0,0.0
2385,39920,79.17,54.45413786061936,0.5471842372623051,0,10,4,100,89.28,76.49,74.16,76.76,0.0,0.0,0.0,0.0
2386,42588,77.36,56.739473113471206,0.4830308178291627,0,4,4,100,79.65,77.85,81.04,70.88,0.0,0.0,0.0,0.0
2387,44239,65.77,56.14254834248859,0.5715420573918386,2,7,4,100,64.69,61.0,67.95,69.45,0.0,0.0,0.0,0.0
2388,45549,76.88,57.59873845472077,0.5546156564132149,4,7,4,100,80.04,78.66,72.74,76.1,0.0,0.0,0.0,0.0
2389,49519,69.97,54.58194979042754,0.5720726227377465,8,7,4,100,73.47,66.33,71.12,68.97,0.0,0.0,0.0,0.0
2390,61019,42.75,54.52075131986516,0.5236544791446311,5,2,4,100,42.03,42.2,40.77,45.99,0.0,0.0,0.0,0.0
2391,47208,79.93,57.86324546804591,0.6495049436775076,4,4,4,100,82.92,86.09,76.65,74.06,0.0,0.0,0.0,0.0
2392,41129,74.29,57.86707719591079,0.5278408084209989,0,7,4,100,77.06,76.58,75.59,67.93,0.0,0.0,0.0,0.0
2393,43433,51.08,54.88427715460465,0.5357286612861255,2,9,4,100,58.94,51.06,48.2,46.12,0.0,0.0,0.0,0.0
2394,62525,61.31,57.84262614468099,0.5121992530101136,8,5,4,100,65.63,66.72,59.64,53.26,0.0,0.0,0.0,0.0
2395,54520,52.13,54.22929050704676,0.5871774254826871,7,5,4,100,55.57,52.6,50.0,50.34,0.0,0.0,0.0,0.0
2396,43433,63.66,57.14864465230097,0.6086875199910797,2,9,4,100,62.05,59.52,70.19,62.89,0.0,0.0,0.0,0.0
2397,61521,79.09,57.837654027241925,0.5250018866448388,6,3,4,100,84.34,79.67,83.14,69.21,0.0,0.0,0.0,0.0
2398,43433,93.19,54.74112335978175,0.567359443065448,2,9,4,100,94.15,95.47,99.99,83.15,0.0,0.0,0.0,0.0
2399,47966,75.6,58.17435057698582,0.5000238014390673,8,8,4,100,73.43,82.47,77.24,69.28,0.0,0.0,0.0,0.0
2400,49515,63.58,57.7590199011556,0.5502491327595487,6,5,4,100,61.03,69.74,61.2,62.36,0.0,0.0,0.0,0.0
2401,47462,65.69,52.70908442751448,0.5387856896048883,6,6,4,100,73.0,67.35,60.8,61.61,0.0,0.0,0.0,0.0
2402,45952,79.0,52.06175121219024,0.5674751505705381,4,6,4,100,87.11,74.26,75.9,78.72,0.0,0.0,0.0,0.0
2403,47462,52.49,54.75466394823398,0.5214055180027733,6,6,4,100,48.5,46.83,60.24,54.4,0.0,0.0,0.0,0.0
2404,124043,82.56,56.45377769108502,0.5581533341740218,11,4,4,100,86.87,92.92,73.65,76.78,0.0,0.0,0.0,0.0
2405,73028,77.64,55.81398459448445,0.5133051599693594,8,4,4,100,70.21,78.38,84.71,77.25,0.0,0.0,0.0,0.0
2406,87535,69.37,58.08139036475319,0.5501687771030359,10,5,4,100,67.17,61.66,72.71,75.93,0.0,0.0,0.0,0.0
2407,46859,69.95,55.310612980629344,0.5954291646293125,6,7,4,100,79.68,65.52,72.58,62.02,0.0,0.0,0.0,0.0
2408,44340,47.76,59.036929721864375,0.5401336236284376,4,10,4,100,45.07,53.91,50.24,41.83,0.0,0.0,0.0,0.0
2409,45851,92.6,53.19636402358972,0.4827134842882821,2,3,4,100,84.72,100.0,86.04,99.62,0.0,0.0,0.0,0.0
2410,46706,67.46,54.88399030558625,0.6286428454900097,3,3,4,100,75.54,56.46,62.66,75.16,0.0,0.0,0.0,0.0
2411,72526,60.33,55.56873155666867,0.5354610566249396,7,3,4,100,65.45,63.75,58.83,53.3,0.0,0.0,0.0,0.0
2412,45952,71.33,55.91237583828652,0.5969027430889284,4,6,4,100,67.26,68.27,66.69,83.1,0.0,0.0,0.0,0.0
2413,54018,62.54,56.71188123627047,0.5508154611275672,6,4,4,100,71.03,55.92,62.39,60.81,0.0,0.0,0.0,0.0
2414,46200,65.94,54.885271535660735,0.589323087223916,3,5,4,100,72.34,62.76,57.2,71.46,0.0,0.0,0.0,0.0
2415,45952,76.68,57.09257600488864,0.5562598740901425,4,6,4,100,85.16,75.96,74.71,70.9,0.0,0.0,0.0,0.0
2416,47710,61.47,54.77723296163337,0.5844983781677604,5,5,4,100,68.22,60.3,55.56,61.81,0.0,0.0,0.0,0.0
2417,53516,65.84,55.057526382579816,0.6074608916352213,5,3,4,100,72.05,64.02,64.25,63.05,0.0,0.0,0.0,0.0
2418,41532,61.58,57.37600795142014,0.5202349746129475,0,6,4,100,57.09,67.49,64.46,57.29,0.0,0.0,0.0,0.0
2419,44642,76.45,57.20031064675398,0.6008156977950315,2,6,4,100,75.32,75.98,75.15,79.35,0.0,0.0,0.0,0.0
2420,45698,82.9,52.59924328537896,0.5874440142045921,2,4,4,100,87.93,82.16,76.05,85.47,0.0,0.0,0.0,0.0
2421,45549,63.83,55.77608361114873,0.5367768166835749,4,7,4,100,69.94,63.04,66.13,56.2,0.0,0.0,0.0,0.0
2422,46607,67.28,55.15040716146472,0.6520357967919033,5,6,4,100,66.56,60.67,69.04,72.83,0.0,0.0,0.0,0.0
2423,61521,74.15,58.86176716620045,0.5112740939226029,6,3,4,100,76.01,88.64,66.14,65.8,0.0,0.0,0.0,0.0
2424,45801,50.83,53.63038448819766,0.6051384341189499,5,8,4,100,46.08,47.38,59.78,50.08,0.0,0.0,0.0,0.0
2425,46859,53.59,55.12645047601511,0.5816188825779768,6,7,4,100,56.74,49.8,54.0,53.81,0.0,0.0,0.0,0.0
2426,85527,52.09,55.98920480923928,0.5213203189992612,6,1,4,100,51.72,58.52,46.04,52.07,0.0,0.0,0.0,0.0
2427,46607,64.92,56.85766928058349,0.6120825580851542,5,6,4,100,68.75,69.67,61.7,59.54,0.0,0.0,0.0,0.0
2428,45146,52.98,55.450422616942845,0.5251445699855555,4,8,4,100,53.53,51.22,52.89,54.28,0.0,0.0,0.0,0.0
2429,45549,82.36,57.08136092245633,0.5633664624154612,4,7,4,100,74.6,88.84,82.27,83.75,0.0,0.0,0.0,0.0
2430,46607,82.26,57.44001882136528,0.5011505354827118,5,6,4,100,74.58,82.86,89.7,81.88,0.0,0.0,0.0,0.0
2431,53516,55.95,58.34822159981224,0.5753324654008168,5,3,4,100,52.01,60.38,56.86,54.55,0.0,0.0,0.0,0.0
2432,41129,77.58,54.92807738005506,0.6104915146080016,0,7,4,100,73.94,70.41,82.79,83.17,0.0,0.0,0.0,0.0
2433,72024,62.4,55.25176341342095,0.5489134080817182,6,2,4,100,64.17,60.61,62.67,62.14,0.0,0.0,0.0,0.0
2434,54018,74.99,55.33414287259479,0.5757186903941822,6,4,4,100,76.32,64.43,80.23,78.97,0.0,0.0,0.0,0.0
2435,54272,63.48,57.28954933177771,0.4789973799385579,8,6,4,100,69.07,69.4,55.5,59.94,0.0,0.0,0.0,0.0
2436,45297,68.77,56.79007608098915,0.5835514703993188,3,6,4,100,70.88,72.59,72.49,59.14,0.0,0.0,0.0,0.0
2437,49519,72.06,58.316729916720384,0.6337923591465647,8,7,4,100,70.1,69.22,72.02,76.92,0.0,0.0,0.0,0.0
2438,43433,91.31,58.34630276605513,0.551573550328965,2,9,4,100,91.73,77.73,97.96,97.81,0.0,0.0,0.0,0.0
2439,45549,70.45,54.99834784813439,0.6159108423836738,4,7,4,100,74.57,78.48,64.71,64.03,0.0,0.0,0.0,0.0
2440,62023,53.8,58.47151590757313,0.5443123782834558,7,4,4,100,49.84,46.29,58.15,60.9,0.0,0.0,0.0,0.0
2441,46607,61.92,56.11862497728213,0.5931674296365104,5,6,4,100,58.07,64.02,63.03,62.58,0.0,0.0,0.0,0.0
2442,47462,55.5,57.28267185909807,0.608258692890497,6,6,4,100,61.73,55.11,52.04,53.14,0.0,0.0,0.0,0.0
2443,73028,73.89,55.15199805863573,0.5593290859498777,8,4,4,100,75.87,68.16,72.57,78.95,0.0,0.0,0.0,0.0
2444,62023,68.91,55.6695969629787,0.5646151899040261,7,4,4,100,76.18,72.24,58.96,68.27,0.0,0.0,0.0,0.0
2445,124043,61.82,56.87133542213618,0.5388367232199734,11,4,4,100,55.3,71.01,66.42,54.54,0.0,0.0,0.0,0.0
2446,47208,64.58,55.55001801954877,0.5092630231828429,4,4,4,100,67.62,60.93,68.29,61.47,0.0,0.0,0.0,0.0
2447,43433,71.1,55.44813576928389,0.5862806166141782,2,9,4,100,70.78,78.65,67.57,67.4,0.0,0.0,0.0,0.0
2448,43030,60.59,51.60826359368136,0.4366176832103232,2,10,4,100,53.85,58.77,65.86,63.87,0.0,0.0,0.0,0.0
2449,46855,67.59,55.2988171945056,0.5041457426340551,4,5,4,100,72.37,64.15,61.79,72.03,0.0,0.0,0.0,0.0
2450,49515,84.85,56.83512116437864,0.5195633691115672,6,5,4,100,87.56,72.31,89.98,89.54,0.0,0.0,0.0,0.0
2451,62277,62.81,57.03279273841363,0.5890768581705176,9,6,4,100,61.68,65.88,59.66,64.03,0.0,0.0,0.0,0.0
2452,150000,61.44,56.70120578284563,0.5365229976196608,10,0,4,100,59.09,65.29,51.68,69.71,0.0,0.0,0.0,0.0
2453,73282,87.76,53.24558956195159,0.606400866822771,10,6,4,100,98.76,90.62,85.83,75.81,0.0,0.0,0.0,0.0
2454,61521,64.06,56.97271722013982,0.608892268026293,6,3,4,100,58.87,57.86,63.49,76.03,0.0,0.0,0.0,0.0
2455,46607,69.0,52.65427359361952,0.5562725970104858,5,6,4,100,69.17,62.92,76.46,67.45,0.0,0.0,0.0,0.0
2456,45549,80.04,53.7958212339037,0.5398286410183722,4,7,4,100,81.97,76.62,81.17,80.38,0.0,0.0,0.0,0.0
2457,49515,62.66,56.51368439495098,0.5464182230259218,6,5,4,100,69.08,55.74,62.11,63.71,0.0,0.0,0.0,0.0
2458,49519,75.27,55.24779754209384,0.6667971918127463,8,7,4,100,73.72,74.05,72.45,80.88,0.0,0.0,0.0,0.0
2459,44491,65.03,56.92095927490868,0.5985900971854248,3,8,4,100,69.18,61.53,66.45,62.95,0.0,0.0,0.0,0.0
2460,54018,67.09,55.99561643969256,0.5593673510491588,6,4,4,100,60.91,72.44,65.93,69.06,0.0,0.0,0.0,0.0
2461,44340,62.29,56.3785905933773,0.5486222296523938,4,10,4,100,55.51,63.65,66.64,63.35,0.0,0.0,0.0,0.0
2462,49515,60.68,59.27928032506202,0.5303249097029837,6,5,4,100,62.72,55.4,69.36,55.24,0.0,0.0,0.0,0.0
2463,49515,53.65,53.11769321201217,0.4888739035470651,6,5,4,100,54.45,53.5,58.71,47.93,0.0,0.0,0.0,0.0
2464,47208,63.84,57.79398449632477,0.6197096054033303,4,4,4,100,61.23,65.04,64.83,64.27,0.0,0.0,0.0,0.0
2465,62023,62.77,54.47183037698324,0.5749200054358733,7,4,4,100,60.06,59.96,73.65,57.42,0.0,0.0,0.0,0.0
2466,48218,59.74,54.379586840895946,0.5496336168074805,9,9,4,100,62.41,60.56,64.17,51.8,0.0,0.0,0.0,0.0
2467,43836,89.04,56.1986802007223,0.5116322636901878,2,8,4,100,82.68,93.46,94.39,85.65,0.0,0.0,0.0,0.0
2468,103034,60.83,56.49693886202779,0.5590245271069967,8,2,4,100,53.65,68.63,67.0,54.04,0.0,0.0,0.0,0.0
2469,45650,63.09,55.79498317552572,0.6057777848005728,6,10,4,100,61.25,60.69,73.68,56.73,0.0,0.0,0.0,0.0
2470,47208,60.44,55.41843172698571,0.4929273011661371,4,4,4,100,62.67,61.61,55.77,61.71,0.0,0.0,0.0,0.0
2471,43836,53.11,57.64191190886309,0.4805812955792061,2,8,4,100,55.12,52.16,60.96,44.2,0.0,0.0,0.0,0.0
2472,41129,55.7,54.16359186048382,0.5897484756162028,0,7,4,100,50.72,50.93,61.68,59.47,0.0,0.0,0.0,0.0
2473,46053,77.67,58.28435947161943,0.4972347287370013,6,9,4,100,81.19,75.65,75.94,77.91,0.0,0.0,0.0,0.0
2474,46859,73.85,56.927707959671245,0.618542029719952,6,7,4,100,77.14,76.23,73.26,68.77,0.0,0.0,0.0,0.0
2475,46960,73.42,53.301676923864505,0.4678526299474344,8,10,4,100,64.11,69.48,86.71,73.36,0.0,0.0,0.0,0.0
2476,41129,68.63,55.22686596512077,0.6050791849677533,0,7,4,100,58.26,74.29,72.13,69.84,0.0,0.0,0.0,0.0
2477,44642,71.09,54.50725326445105,0.5147961907868221,2,6,4,100,75.37,69.3,62.55,77.15,0.0,0.0,0.0,0.0
2478,54524,66.2,57.05064801310438,0.5752703823694322,9,7,4,100,57.59,74.15,62.32,70.73,0.0,0.0,0.0,0.0
2479,54018,64.55,56.56701559691864,0.4631660330894581,6,4,4,100,67.57,61.39,63.33,65.9,0.0,0.0,0.0,0.0
2480,47208,62.18,54.97898344096732,0.4820426846636028,4,4,4,100,65.53,67.4,61.99,53.82,0.0,0.0,0.0,0.0
2481,49013,53.67,58.79141372749879,0.556885140212916,5,4,4,100,47.42,53.49,59.6,54.18,0.0,0.0,0.0,0.0
2482,46456,67.29,53.40950971202728,0.4607779695057896,6,8,4,100,73.6,59.54,62.01,74.03,0.0,0.0,0.0,0.0
2483,72024,61.08,56.9089541901668,0.5535775055066651,6,2,4,100,57.67,58.45,59.17,69.04,0.0,0.0,0.0,0.0
2484,86531,64.3,55.04297048113923,0.4853917911411212,8,3,4,100,67.98,69.6,58.72,60.91,0.0,0.0,0.0,0.0
2485,46855,52.37,57.3956594504868,0.5015355716565536,4,5,4,100,49.9,51.76,46.63,61.2,0.0,0.0,0.0,0.0
2486,71522,72.53,57.30364168294941,0.6318691738365498,5,1,4,100,71.9,81.22,77.82,59.19,0.0,0.0,0.0,0.0
2487,85527,85.05,56.27120967358421,0.4672015459355815,6,1,4,100,91.99,70.17,88.51,89.54,0.0,0.0,0.0,0.0
2488,47208,53.31,55.60396680986328,0.5900297742160573,4,4,4,100,47.54,58.27,57.01,50.42,0.0,0.0,0.0,0.0
2489,87535,55.18,55.99194293779978,0.5344736911922596,10,5,4,100,52.96,56.44,57.57,53.75,0.0,0.0,0.0,0.0
2490,46855,72.53,55.66119733433815,0.5448089827766482,4,5,4,100,65.45,81.26,69.17,74.22,0.0,0.0,0.0,0.0
2491,104030,39.89,54.86968371547594,0.5434117828256468,6,0,4,100,39.26,43.49,37.42,39.38,0.0,0.0,0.0,0.0
2492,44890,51.06,56.72473771882428,0.5783137003045055,1,5,4,100,47.05,54.34,52.57,50.3,0.0,0.0,0.0,0.0
2493,45549,56.22,57.16437353297496,0.6242818436489544,4,7,4,100,59.42,52.67,59.54,53.24,0.0,0.0,0.0,0.0
2494,72024,49.87,56.64260613219048,0.5865791183616268,6,2,4,100,47.27,51.57,52.34,48.31,0.0,0.0,0.0,0.0
2495,43433,81.91,54.21305651726083,0.6025836478392923,2,9,4,100,84.84,74.43,74.88,93.49,0.0,0.0,0.0,0.0
2496,54272,73.4,55.44210236029489,0.5752734408379842,8,6,4,100,66.82,75.16,76.25,75.37,0.0,0.0,0.0,0.0
2497,43937,64.36,56.7882379088507,0.5897727790994843,4,11,4,100,61.1,71.13,65.12,60.07,0.0,0.0,0.0,0.0
2498,150000,73.69,55.80500560920069,0.5302875056757378,10,0,4,100,81.52,84.45,64.25,64.56,0.0,0.0,0.0,0.0
2499,150000,67.28,55.8626948513079,0.5194630145935518,16,4,4,100,76.48,61.06,68.13,63.46,0.0,0.0,0.0,0.0
2500,87535,79.06,54.83606114406011,0.630820848725553,10,5,4,100,72.94,85.3,75.0,83.0,0.0,0.0,0.0,0.0
2501,87539,70.19,57.46563932747247,0.579463575735708,12,7,4,100,65.7,65.85,70.02,79.18,0.0,0.0,0.0,0.0
2502,61521,65.93,56.54152788024137,0.4831901402640305,6,3,4,100,61.3,73.39,59.97,69.05,0.0,0.0,0.0,0.0
2503,73028,83.39,58.16495841888371,0.5582849923345331,8,4,4,100,84.83,86.01,79.31,83.42,0.0,0.0,0.0,0.0
2504,104038,78.76,58.180300353857895,0.5105530313947955,10,4,4,100,76.27,82.31,80.5,75.94,0.0,0.0,0.0,0.0
2505,73282,62.61,57.09074084025967,0.5837816027471928,10,6,4,100,64.77,57.55,62.35,65.79,0.0,0.0,0.0,0.0
2506,47462,67.16,56.266286768946095,0.5066568719399605,6,6,4,100,64.34,66.53,77.33,60.45,0.0,0.0,0.0,0.0
2507,44743,61.89,55.50682196759775,0.6065018396232994,4,9,4,100,55.81,58.71,62.86,70.18,0.0,0.0,0.0,0.0
2508,54272,71.64,55.7900193506729,0.6166371510515182,8,6,4,100,82.07,66.22,75.79,62.49,0.0,0.0,0.0,0.0
2509,62525,66.04,55.57096792321988,0.4950887744241346,8,5,4,100,69.86,64.02,69.58,60.7,0.0,0.0,0.0,0.0
2510,47208,71.62,54.6580428789601,0.4625209343064461,4,4,4,100,70.74,66.42,74.7,74.64,0.0,0.0,0.0,0.0
2511,145542,66.37,52.15576053032368,0.5902125789895177,9,1,4,100,59.98,55.36,73.27,76.88,0.0,0.0,0.0,0.0
2512,46456,77.53,56.55817387763258,0.5478602460704785,6,8,4,100,82.16,70.9,79.89,77.18,0.0,0.0,0.0,0.0
2513,46456,52.15,55.76535289600088,0.6057563343702285,6,8,4,100,53.14,58.98,48.49,48.0,0.0,0.0,0.0,0.0
2514,49515,77.7,55.12798852725893,0.6144105845419087,6,5,4,100,93.19,69.74,73.23,74.65,0.0,0.0,0.0,0.0
2515,46456,73.11,57.06145379221603,0.5414737888736418,6,8,4,100,69.51,70.27,72.41,80.27,0.0,0.0,0.0,0.0
2516,45146,81.54,57.02238699871969,0.5251305514194224,4,8,4,100,81.02,83.36,69.11,92.68,0.0,0.0,0.0,0.0
2517,54776,60.5,55.46530894312525,0.5393218675156749,10,8,4,100,63.98,65.93,54.54,57.53,0.0,0.0,0.0,0.0
2518,62525,71.87,56.13726628378612,0.4780135301357803,8,5,4,100,72.68,73.46,67.19,74.16,0.0,0.0,0.0,0.0
2519,54018,42.05,56.85648877762952,0.5312325048564653,6,4,4,100,39.42,38.16,44.23,46.38,0.0,0.0,0.0,0.0
2520,86531,63.37,56.14562454822059,0.5590287694076744,8,3,4,100,66.44,56.18,62.0,68.86,0.0,0.0,0.0,0.0
2521,46204,73.86,56.40816153914383,0.6356936251894689,5,7,4,100,71.39,68.81,69.52,85.72,0.0,0.0,0.0,0.0
2522,86531,53.59,55.64471727574698,0.5964165335121788,8,3,4,100,51.73,50.27,52.62,59.75,0.0,0.0,0.0,0.0
2523,49515,54.56,55.74731876117005,0.5488982824428477,6,5,4,100,55.77,48.24,55.07,59.16,0.0,0.0,0.0,0.0
2524,44890,52.62,53.47983870729168,0.5483249073157418,1,5,4,100,58.73,48.39,49.84,53.54,0.0,0.0,0.0,0.0
2525,103536,72.9,55.575583205075645,0.5175793491954729,9,3,4,100,71.53,73.38,77.45,69.26,0.0,0.0,0.0,0.0
2526,46456,66.77,56.96655672508372,0.5125051697456543,6,8,4,100,62.56,81.32,61.02,62.17,0.0,0.0,0.0,0.0
2527,54272,37.63,56.11451864745143,0.6104926140168783,8,6,4,100,33.85,38.25,36.53,41.88,0.0,0.0,0.0,0.0
2528,46960,59.6,57.85332784348478,0.5178794942263214,8,10,4,100,57.7,68.33,62.69,49.69,0.0,0.0,0.0,0.0
2529,46855,81.18,58.13137976630728,0.6427849633211768,4,5,4,100,66.43,86.78,87.74,83.75,0.0,0.0,0.0,0.0
2530,72024,69.19,55.76801046287184,0.418863218987371,6,2,4,100,67.47,57.77,77.06,74.47,0.0,0.0,0.0,0.0
2531,54018,61.47,54.89443347832418,0.4954956497426624,6,4,4,100,63.79,65.22,61.05,55.82,0.0,0.0,0.0,0.0
2532,39920,66.98,53.38159366657022,0.599022070977912,0,10,4,100,59.76,65.25,74.5,68.43,0.0,0.0,0.0,0.0
2533,46960,48.38,56.33196294680005,0.5618766217148867,8,10,4,100,47.11,53.32,50.97,42.11,0.0,0.0,0.0,0.0
2534,62525,61.5,57.73162368609032,0.5230509474211839,8,5,4,100,57.85,67.0,60.38,60.76,0.0,0.0,0.0,0.0
2535,46859,78.96,58.56172780918342,0.5880208270591079,6,7,4,100,80.53,74.4,82.61,78.28,0.0,0.0,0.0,0.0
2536,46456,52.76,55.18866829824943,0.5182801617672057,6,8,4,100,61.27,48.42,53.26,48.09,0.0,0.0,0.0,0.0
2537,54524,54.63,56.60995272985736,0.4451666199733949,9,7,4,100,56.98,51.68,59.85,50.0,0.0,0.0,0.0,0.0
2538,72024,59.57,57.86172084381787,0.4956062649139022,6,2,4,100,57.52,65.69,57.95,57.13,0.0,0.0,0.0,0.0
2539,102532,55.38,57.44792556773995,0.6129094148685105,7,1,4,100,62.96,47.41,46.89,64.27,0.0,0.0,0.0,0.0
2540,45698,93.14,56.62296035913286,0.5294351207958325,2,4,4,100,100.0,90.16,82.4,100.0,0.0,0.0,0.0,0.0
2541,47462,63.1,56.03296823772688,0.4295158987028797,6,6,4,100,65.99,67.76,61.76,56.91,0.0,0.0,0.0,0.0
2542,46607,72.98,57.06648930490837,0.5769560859158045,5,6,4,100,79.62,77.43,69.2,65.66,0.0,0.0,0.0,0.0
2543,46855,81.4,54.53900836113387,0.5012498414780568,4,5,4,100,76.01,84.71,77.33,87.56,0.0,0.0,0.0,0.0
2544,46859,66.97,56.196707945035975,0.578769212391096,6,7,4,100,74.23,58.82,58.27,76.55,0.0,0.0,0.0,0.0
2545,103536,63.68,55.39745047474987,0.5469452693246559,9,3,4,100,61.7,66.32,58.71,67.97,0.0,0.0,0.0,0.0
2546,47507,87.54,55.71696938291535,0.5038775393068712,2,1,4,100,89.6,91.41,77.82,91.34,0.0,0.0,0.0,0.0
2547,103536,92.78,55.2343049721941,0.6303405138575976,9,3,4,100,85.84,90.11,99.92,95.24,0.0,0.0,0.0,0.0
2548,44890,73.11,59.241129302096816,0.595250654363517,1,5,4,100,75.62,67.88,82.32,66.63,0.0,0.0,0.0,0.0
2549,54272,71.96,55.040392369149686,0.5008962460212996,8,6,4,100,66.28,77.25,75.55,68.75,0.0,0.0,0.0,0.0
2550,104038,63.5,56.89087040865499,0.6136698467548818,10,4,4,100,61.08,61.88,74.13,56.89,0.0,0.0,0.0,0.0
2551,103034,74.44,54.827533500472455,0.4834939010609356,8,2,4,100,73.62,82.2,75.25,66.68,0.0,0.0,0.0,0.0
2552,45549,68.89,56.51186877216234,0.535348704542829,4,7,4,100,66.97,73.44,68.34,66.81,0.0,0.0,0.0,0.0
2553,146044,61.64,58.52573558009848,0.5606821130358076,10,2,4,100,64.93,54.97,64.23,62.44,0.0,0.0,0.0,0.0
2554,73282,72.72,58.77767503471997,0.5121947006837957,10,6,4,100,75.27,77.6,78.62,59.41,0.0,0.0,0.0,0.0
2555,46607,63.34,54.49148852917046,0.5358971207080861,5,6,4,100,58.21,70.82,63.43,60.89,0.0,0.0,0.0,0.0
2556,46607,83.48,56.1684688842768,0.4742981017304497,5,6,4,100,78.86,75.17,82.31,97.58,0.0,0.0,0.0,0.0
2557,49515,79.88,59.574371531530176,0.6297886928915104,6,5,4,100,75.52,79.3,82.09,82.59,0.0,0.0,0.0,0.0
2558,49519,79.28,55.213835167453226,0.4888822519158099,8,7,4,100,78.3,80.73,76.1,81.98,0.0,0.0,0.0,0.0
2559,47710,68.41,57.95361398042724,0.5150802763309459,5,5,4,100,73.06,59.57,70.8,70.2,0.0,0.0,0.0,0.0
2560,47462,84.61,55.73461616736411,0.5228545292278813,6,6,4,100,87.59,89.57,83.28,78.0,0.0,0.0,0.0,0.0
2561,46204,68.8,56.26492354318226,0.4564590456836751,5,7,4,100,71.42,70.65,67.67,65.47,0.0,0.0,0.0,0.0
2562,54018,52.4,56.24552938308717,0.5230991640423143,6,4,4,100,53.08,56.43,45.86,54.22,0.0,0.0,0.0,0.0
2563,41129,74.22,55.73807873180945,0.5652181999984566,0,7,4,100,76.54,73.36,67.55,79.44,0.0,0.0,0.0,0.0
2564,122537,79.65,56.938667236084655,0.5950909539336449,8,1,4,100,63.78,85.97,81.62,87.23,0.0,0.0,0.0,0.0
2565,72024,77.58,58.15896295184188,0.5694033221784194,6,2,4,100,70.06,83.07,75.49,81.68,0.0,0.0,0.0,0.0
2566,47462,70.36,59.04025019908877,0.6193639614575858,6,6,4,100,64.79,59.71,75.99,80.95,0.0,0.0,0.0,0.0
2567,45146,75.94,58.31770354474277,0.5575004365288406,4,8,4,100,73.76,66.17,83.53,80.32,0.0,0.0,0.0,0.0
2568,46855,59.7,55.6662379652149,0.5763585864005545,4,5,4,100,64.23,65.46,54.46,54.64,0.0,0.0,0.0,0.0
2569,49515,85.43,55.30924644224714,0.5030418557754499,6,5,4,100,88.88,78.48,89.51,84.86,0.0,0.0,0.0,0.0
2570,54520,86.28,58.10816464663303,0.4972045716267741,7,5,4,100,84.98,82.36,93.43,84.37,0.0,0.0,0.0,0.0
2571,40726,54.05,56.42403448302112,0.5670407088946099,0,8,4,100,55.42,51.0,56.95,52.83,0.0,0.0,0.0,0.0
2572,42778,76.12,52.57126524498338,0.5390288668307338,1,9,4,100,80.96,76.7,76.22,70.62,0.0,0.0,0.0,0.0
2573,47208,60.58,54.51801655971816,0.5056457597784181,4,4,4,100,54.78,72.24,52.71,62.61,0.0,0.0,0.0,0.0
2574,86531,66.85,56.29074787081637,0.4869978582090014,8,3,4,100,73.25,64.13,65.12,64.89,0.0,0.0,0.0,0.0
2575,43937,63.49,55.62504463392999,0.6332609771945725,4,11,4,100,54.31,68.43,68.55,62.65,0.0,0.0,0.0,0.0
2576,46305,76.71,55.30922907727669,0.4835950128597975,7,10,4,100,79.38,75.39,69.11,82.96,0.0,0.0,0.0,0.0
2577,49515,70.85,56.30368486103884,0.5577236031122015,6,5,4,100,71.12,71.63,63.42,77.24,0.0,0.0,0.0,0.0
2578,45549,79.1,58.03948511567531,0.4956057768209574,4,7,4,100,83.38,74.61,83.24,75.16,0.0,0.0,0.0,0.0
2579,61521,62.62,56.4597554935761,0.5892392441061323,6,3,4,100,67.95,56.05,63.26,63.21,0.0,0.0,0.0,0.0
2580,47462,65.52,58.569107558575226,0.5172697697465644,6,6,4,100,68.66,67.44,66.59,59.4,0.0,0.0,0.0,0.0
2581,54018,75.81,55.80978684307714,0.5315361688502032,6,4,4,100,78.57,74.77,68.94,80.95,0.0,0.0,0.0,0.0
2582,49267,63.94,56.72754240366359,0.5962511635965863,7,6,4,100,63.79,67.73,58.56,65.68,0.0,0.0,0.0,0.0
2583,61521,60.7,52.929689796282965,0.5195135766703861,6,3,4,100,55.45,63.72,55.09,68.55,0.0,0.0,0.0,0.0
2584,49267,77.53,58.86267858474957,0.4961946027503171,7,6,4,100,90.29,72.75,77.15,69.94,0.0,0.0,0.0,0.0
2585,54018,59.14,54.17285938276986,0.5688129747956284,6,4,4,100,54.48,62.5,62.47,57.1,0.0,0.0,0.0,0.0
2586,48511,63.8,54.83552134319262,0.4743181549036703,4,3,4,100,68.16,58.9,69.84,58.31,0.0,0.0,0.0,0.0
2587,146044,60.18,55.50651749865717,0.5807409786374491,10,2,4,100,63.71,60.2,51.34,65.49,0.0,0.0,0.0,0.0
2588,43836,56.24,58.76316560149348,0.557583167661903,2,8,4,100,53.15,50.39,57.3,64.11,0.0,0.0,0.0,0.0
2589,49267,78.34,56.56833766909162,0.5428806098129054,7,6,4,100,79.71,73.02,70.46,90.16,0.0,0.0,0.0,0.0
2590,123541,73.12,58.42554215981984,0.567784599998985,10,3,4,100,71.27,77.76,77.46,65.98,0.0,0.0,0.0,0.0
2591,63033,70.7,55.01465360168984,0.5040925326220007,12,9,4,100,72.91,75.91,70.5,63.49,0.0,0.0,0.0,0.0
2592,150000,68.09,57.6685251929698,0.4979398092081004,11,0,4,100,63.16,56.43,75.1,77.68,0.0,0.0,0.0,0.0
2593,86029,60.94,57.57597602931388,0.5901057280253201,7,2,4,100,62.58,60.78,58.06,62.33,0.0,0.0,0.0,0.0
2594,61521,44.83,56.50340230722129,0.5397199367612857,6,3,4,100,44.03,47.49,48.09,39.71,0.0,0.0,0.0,0.0
2595,46053,75.07,56.089992713165714,0.5528115881344131,6,9,4,100,67.16,73.76,68.42,90.93,0.0,0.0,0.0,0.0
2596,45952,60.58,55.775979227991805,0.5684643138972952,4,6,4,100,55.58,62.17,59.18,65.38,0.0,0.0,0.0,0.0
2597,49519,65.86,55.354157428327454,0.5101362096259983,8,7,4,100,70.64,57.27,73.78,61.76,0.0,0.0,0.0,0.0
2598,54272,67.27,55.3877590363992,0.4306361337434307,8,6,4,100,61.36,77.3,69.04,61.39,0.0,0.0,0.0,0.0
2599,46200,69.89,54.14125961872507,0.5366152173406123,3,5,4,100,70.22,75.68,70.14,63.5,0.0,0.0,0.0,0.0
2600,150000,66.4,55.32964081480613,0.4885458304584419,10,1,4,100,72.94,56.44,61.13,75.09,0.0,0.0,0.0,0.0
2601,47462,77.16,58.67037010217933,0.5567127519641293,6,6,4,100,92.0,73.35,74.17,69.12,0.0,0.0,0.0,0.0
2602,61521,85.73,56.88065359666368,0.6121892660787376,6,3,4,100,92.78,83.02,90.55,76.58,0.0,0.0,0.0,0.0
2603,150000,65.96,55.727491458364746,0.6175022340553831,12,2,4,100,64.85,72.26,54.6,72.15,0.0,0.0,0.0,0.0
2604,49013,55.64,56.23334351988675,0.6046406071987327,5,4,4,100,57.73,61.66,53.88,49.27,0.0,0.0,0.0,0.0
2605,73282,70.16,57.32379033147724,0.5776864663318583,10,6,4,100,81.7,65.99,73.69,59.25,0.0,0.0,0.0,0.0
2606,150000,71.23,57.695528849230215,0.549321888930283,12,2,4,100,70.17,74.81,79.11,60.82,0.0,0.0,0.0,0.0
2607,47710,66.03,53.66385433369535,0.5054732545688614,5,5,4,100,66.66,70.25,68.21,59.0,0.0,0.0,0.0,0.0
2608,54272,67.91,57.39636580210245,0.5446243896533911,8,6,4,100,59.55,71.31,80.0,60.79,0.0,0.0,0.0,0.0
2609,47462,83.31,55.7818819312136,0.4781586252971969,6,6,4,100,73.18,87.77,91.86,80.43,0.0,0.0,0.0,0.0
2610,54018,45.09,56.025864825365815,0.6348713852824176,6,4,4,100,41.82,45.4,46.6,46.55,0.0,0.0,0.0,0.0
2611,54018,65.6,54.54011362984252,0.5961901615658145,6,4,4,100,78.94,62.67,62.95,57.86,0.0,0.0,0.0,0.0
2612,87535,72.37,56.44683794901493,0.6210677926578243,10,5,4,100,80.06,65.2,65.46,78.75,0.0,0.0,0.0,0.0
2613,54524,70.65,56.53771136759032,0.584972609553193,9,7,4,100,58.64,66.43,80.09,77.43,0.0,0.0,0.0,0.0
2614,54018,74.27,57.39814734252073,0.5526389610195853,6,4,4,100,71.96,78.63,67.11,79.39,0.0,0.0,0.0,0.0
2615,62529,63.05,56.23522075562545,0.5868760428305095,10,7,4,100,59.31,71.2,58.84,62.86,0.0,0.0,0.0,0.0
2616,49515,66.39,55.219127483776994,0.45642370736864,6,5,4,100,76.53,63.8,58.14,67.08,0.0,0.0,0.0,0.0
2617,45549,73.89,56.818301408937046,0.5821427056271608,4,7,4,100,75.64,80.15,73.55,66.23,0.0,0.0,0.0,0.0
2618,48511,61.03,58.12709961244488,0.5382080748875864,4,3,4,100,68.05,64.75,57.51,53.8,0.0,0.0,0.0,0.0
2619,42588,73.89,56.72755120248691,0.5041636109451713,0,4,4,100,65.24,79.55,81.24,69.53,0.0,0.0,0.0,0.0
2620,54018,77.08,57.02317867948148,0.489683500381393,6,4,4,100,79.87,66.35,81.62,80.48,0.0,0.0,0.0,0.0
2621,49515,86.51,55.43465611351977,0.5472805141191229,6,5,4,100,86.83,75.02,91.23,92.95,0.0,0.0,0.0,0.0
2622,45398,71.48,57.61793866089968,0.6100262927536939,5,9,4,100,66.13,75.78,65.19,78.83,0.0,0.0,0.0,0.0
2623,150000,74.04,57.260307815045685,0.5326465133807902,11,2,4,100,74.72,78.17,75.99,67.29,0.0,0.0,0.0,0.0
2624,47966,63.18,55.4183482955685,0.4780865590051003,8,8,4,100,62.34,70.73,62.04,57.59,0.0,0.0,0.0,0.0
2625,61521,59.22,53.01594034138861,0.6214578100767824,6,3,4,100,55.44,64.57,53.87,63.0,0.0,0.0,0.0,0.0
2626,45297,66.17,56.78578438067524,0.5844352872178938,3,6,4,100,60.87,67.34,64.39,72.07,0.0,0.0,0.0,0.0
2627,45146,80.86,56.04716609924543,0.5051772972673392,4,8,4,100,86.08,75.72,75.87,85.78,0.0,0.0,0.0,0.0
2628,47462,42.05,55.92900397802028,0.6013784264985913,6,6,4,100,38.17,36.3,48.78,44.94,0.0,0.0,0.0,0.0
2629,87535,80.16,56.91580972453249,0.4834417320987066,10,5,4,100,80.39,87.84,77.2,75.2,0.0,0.0,0.0,0.0
2630,73282,76.27,54.74099130046035,0.4567852129803347,10,6,4,100,74.68,72.14,79.13,79.12,0.0,0.0,0.0,0.0
2631,43685,79.8,55.75655938637932,0.5661250399661075,3,10,4,100,86.89,81.51,66.87,83.93,0.0,0.0,0.0,0.0
2632,54018,51.79,56.69603530436284,0.5222804597755526,6,4,4,100,45.11,53.79,57.87,50.39,0.0,0.0,0.0,0.0
2633,46859,77.52,53.56599536810408,0.4937191456852386,6,7,4,100,69.83,72.44,81.55,86.26,0.0,0.0,0.0,0.0
2634,150000,56.43,58.2345291272398,0.518909874133408,10,0,4,100,65.14,58.33,51.81,50.45,0.0,0.0,0.0,0.0
2635,44340,68.38,55.75172926650115,0.5260732759473674,4,10,4,100,71.63,67.16,63.22,71.51,0.0,0.0,0.0,0.0
2636,45146,69.29,55.34098884377284,0.5657871560944036,4,8,4,100,68.46,80.84,64.56,63.29,0.0,0.0,0.0,0.0
2637,146044,81.25,58.01870455497105,0.5671085491704682,10,2,4,100,71.9,82.14,85.87,85.08,0.0,0.0,0.0,0.0
2638,49013,74.79,56.6114335281583,0.5225349446521905,5,4,4,100,77.69,79.1,64.56,77.82,0.0,0.0,0.0,0.0
2639,46855,69.58,57.52794191694149,0.5315347384368203,4,5,4,100,75.26,59.93,74.66,68.49,0.0,0.0,0.0,0.0
2640,52512,54.44,57.24387856880812,0.569141876453487,3,1,4,100,57.71,53.74,51.99,54.34,0.0,0.0,0.0,0.0
2641,62525,75.5,53.22278757247555,0.5189989527066144,8,5,4,100,86.81,77.91,75.67,61.62,0.0,0.0,0.0,0.0
2642,147040,73.78,56.79315432625047,0.5457323348576628,8,0,4,100,72.56,82.92,66.0,73.62,0.0,0.0,0.0,0.0
2643,47208,66.0,56.67669493988048,0.5522480591402136,4,4,4,100,67.29,61.63,57.64,77.44,0.0,0.0,0.0,0.0
2644,103034,71.04,55.03781047763576,0.5408760479618613,8,2,4,100,67.23,72.46,70.48,74.01,0.0,0.0,0.0,0.0
2645,62525,59.87,54.686578525805096,0.555169604035923,8,5,4,100,48.61,64.72,65.34,60.82,0.0,0.0,0.0,0.0
2646,73028,63.32,57.412289722454304,0.5064400960611078,8,4,4,100,62.17,56.36,66.22,68.53,0.0,0.0,0.0,0.0
2647,46859,66.3,57.121360994637655,0.6182936792442808,6,7,4,100,67.34,59.36,69.96,68.54,0.0,0.0,0.0,0.0
2648,47208,71.88,56.6955589402919,0.4881336275582696,4,4,4,100,71.32,79.85,72.16,64.21,0.0,0.0,0.0,0.0
2649,61019,67.42,55.48960559868926,0.5029398502923554,5,2,4,100,67.78,71.57,70.85,59.5,0.0,0.0,0.0,0.0
2650,54520,65.01,55.82113597452668,0.5105650109580313,7,5,4,100,71.3,59.58,57.11,72.04,0.0,0.0,0.0,0.0
2651,150000,63.09,56.59903570936086,0.4993980630907807,12,1,4,100,57.85,65.34,67.44,61.72,0.0,0.0,0.0,0.0
2652,73028,61.45,58.25248537982385,0.5499774448378327,8,4,4,100,52.91,67.52,60.75,64.62,0.0,0.0,0.0,0.0
2653,87287,82.52,57.36364623005934,0.5454848030064567,11,6,4,100,72.22,86.23,83.32,88.32,0.0,0.0,0.0,0.0
2654,61521,54.68,56.96759009388817,0.5218605042807273,6,3,4,100,58.43,61.64,52.28,46.38,0.0,0.0,0.0,0.0
2655,54272,85.07,53.6967215832192,0.6541983943038439,8,6,4,100,93.08,72.88,82.7,91.62,0.0,0.0,0.0,0.0
2656,46456,71.51,61.01601179680798,0.4904675002080587,6,8,4,100,68.07,71.14,77.64,69.19,0.0,0.0,0.0,0.0
2657,45549,92.4,55.90178845377252,0.4944010176701049,4,7,4,100,80.37,100.0,92.47,96.74,0.0,0.0,0.0,0.0
2658,62277,61.98,56.72730260238424,0.5323422793168726,9,6,4,100,66.17,64.92,59.62,57.2,0.0,0.0,0.0,0.0
2659,62529,63.6,54.56304637066528,0.5473471720323299,10,7,4,100,70.93,61.82,56.13,65.53,0.0,0.0,0.0,0.0
2660,45698,51.39,56.963183252330175,0.5234049394254681,2,4,4,100,56.94,52.07,50.81,45.73,0.0,0.0,0.0,0.0
2661,45043,52.58,55.68042919612383,0.5696376929272428,1,4,4,100,43.45,58.12,49.02,59.74,0.0,0.0,0.0,0.0
2662,46855,61.53,57.84126757438686,0.5293669316928206,4,5,4,100,66.26,53.11,62.74,63.99,0.0,0.0,0.0,0.0
2663,72024,69.88,58.06073631592042,0.5725880018999908,6,2,4,100,70.62,67.76,75.32,65.84,0.0,0.0,0.0,0.0
2664,54272,82.96,56.89941085897058,0.5614122580867517,8,6,4,100,85.86,74.67,87.11,84.18,0.0,0.0,0.0,0.0
2665,45549,90.99,56.41315257457856,0.5632563259494181,4,7,4,100,83.38,88.42,92.15,100.0,0.0,0.0,0.0,0.0
2666,104038,70.24,53.930474305688605,0.5066268206182222,10,4,4,100,69.59,71.2,73.89,66.29,0.0,0.0,0.0,0.0
2667,62525,65.11,57.54572071649016,0.5389074037949836,8,5,4,100,75.66,64.05,54.45,66.28,0.0,0.0,0.0,0.0
2668,73028,72.94,59.70545556640477,0.4843245153623771,8,4,4,100,77.5,81.28,69.8,63.2,0.0,0.0,0.0,0.0
2669,47714,72.96,57.53903521041929,0.4544040884596931,7,7,4,100,81.63,65.77,77.14,67.31,0.0,0.0,0.0,0.0
2670,150000,52.82,54.12680969985012,0.5993668877737558,10,1,4,100,55.67,53.85,56.09,45.67,0.0,0.0,0.0,0.0
2671,61521,55.19,55.467674637715525,0.4758178402931807,6,3,4,100,59.22,57.31,50.63,53.6,0.0,0.0,0.0,0.0
2672,54520,42.02,55.86851367783547,0.4943506348254762,7,5,4,100,39.09,48.14,38.9,41.93,0.0,0.0,0.0,0.0
2673,62277,40.95,56.17151291067341,0.4974470250995976,9,6,4,100,39.34,45.47,41.04,37.95,0.0,0.0,0.0,0.0
2674,48511,91.25,56.42658637898001,0.5568133827665814,4,3,4,100,85.78,97.52,99.29,82.42,0.0,0.0,0.0,0.0
2675,46859,63.05,55.11814592490476,0.4753912372780066,6,7,4,100,69.56,55.75,60.69,66.19,0.0,0.0,0.0,0.0
2676,48218,85.57,54.47971170152625,0.5576924746930406,9,9,4,100,85.21,92.21,77.76,87.11,0.0,0.0,0.0,0.0
2677,150000,64.9,56.63172543894545,0.4918118923153093,11,1,4,100,68.79,61.29,65.53,63.99,0.0,0.0,0.0,0.0
2678,47462,85.48,57.43538197866397,0.5076240705006013,6,6,4,100,83.67,84.99,88.15,85.11,0.0,0.0,0.0,0.0
2679,87535,71.73,55.746386201786144,0.4907415131493292,10,5,4,100,62.66,81.46,68.29,74.49,0.0,0.0,0.0,0.0
2680,62277,63.7,56.60427181717802,0.5264716648219375,9,6,4,100,69.71,69.46,59.77,55.84,0.0,0.0,0.0,0.0
2681,47462,55.16,54.11568171524319,0.4127839851155165,6,6,4,100,54.32,56.78,55.14,54.41,0.0,0.0,0.0,0.0
2682,47208,60.62,60.42503758545549,0.5035438851077404,4,4,4,100,67.46,57.23,59.78,58.01,0.0,0.0,0.0,0.0
2683,45247,65.62,59.39936589760644,0.5919624627921041,6,11,4,100,61.18,60.36,63.06,77.87,0.0,0.0,0.0,0.0
2684,62023,72.41,58.118093228941845,0.5540899269460033,7,4,4,100,61.94,78.29,70.55,78.86,0.0,0.0,0.0,0.0
2685,72526,54.1,56.4651496487873,0.5443588557753922,7,3,4,100,50.07,58.0,54.62,53.7,0.0,0.0,0.0,0.0
2686,150000,72.5,57.54686848508335,0.6349673108317232,9,0,4,100,62.71,75.36,77.58,74.34,0.0,0.0,0.0,0.0
2687,49515,96.62,55.97708186838538,0.4065603802629938,6,5,4,100,99.96,100.0,96.69,89.85,0.0,0.0,0.0,0.0
2688,46607,75.57,59.915036764813486,0.5388803423279867,5,6,4,100,77.42,67.25,83.73,73.87,0.0,0.0,0.0,0.0
2689,46859,60.22,56.34787980865151,0.5036115674954678,6,7,4,100,51.14,65.34,56.52,67.87,0.0,0.0,0.0,0.0
2690,145542,59.62,53.502901399955896,0.4409604004937477,9,1,4,100,68.05,55.59,63.03,51.81,0.0,0.0,0.0,0.0
2691,122537,65.95,57.55681320806983,0.5009766888935336,8,1,4,100,72.14,60.92,60.73,70.0,0.0,0.0,0.0,0.0
2692,47111,72.24,61.3330948778936,0.4873956244872477,7,8,4,100,78.5,68.87,71.19,70.38,0.0,0.0,0.0,0.0
2693,86531,82.84,51.836640142982105,0.4463227908433135,8,3,4,100,84.0,81.78,80.94,84.66,0.0,0.0,0.0,0.0
2694,54524,81.05,57.12924311852965,0.5304392864986431,9,7,4,100,89.39,80.93,70.72,83.16,0.0,0.0,0.0,0.0
2695,47462,90.04,56.72944286837706,0.5132441456972666,6,6,4,100,88.0,81.98,91.43,98.77,0.0,0.0,0.0,0.0
2696,62529,71.97,59.10250416116855,0.5293759925657364,10,7,4,100,69.99,72.95,69.49,75.45,0.0,0.0,0.0,0.0
2697,45952,62.36,55.176895002111806,0.5254020114137191,4,6,4,100,65.8,68.51,53.09,62.02,0.0,0.0,0.0,0.0
2698,86531,55.98,55.43092008514199,0.4593182917594473,8,3,4,100,52.89,58.66,60.48,51.89,0.0,0.0,0.0,0.0
2699,62277,61.64,56.92184123061017,0.4999793623247041,9,6,4,100,60.9,60.59,64.06,61.03,0.0,0.0,0.0,0.0
2700,72024,65.27,53.42250341815175,0.5662513834547738,6,2,4,100,73.06,61.74,58.28,68.0,0.0,0.0,0.0,0.0
2701,45650,64.86,59.84051120558686,0.5753850962240866,6,10,4,100,61.12,63.27,68.73,66.32,0.0,0.0,0.0,0.0
2702,54272,64.01,54.53137794138639,0.5870516776965666,8,6,4,100,59.0,64.42,58.78,73.83,0.0,0.0,0.0,0.0
2703,73530,53.79,54.43511442007438,0.539124549448504,9,5,4,100,53.91,50.99,53.75,56.51,0.0,0.0,0.0,0.0
2704,150000,74.71,54.15785720864856,0.5122031084036385,9,0,4,100,86.54,67.86,75.53,68.92,0.0,0.0,0.0,0.0
2705,103536,55.72,53.91015206848763,0.5570808457976688,9,3,4,100,54.79,49.93,55.75,62.42,0.0,0.0,0.0,0.0
2706,150000,47.61,58.1378522502479,0.4774386262719833,9,0,4,100,40.12,42.26,57.65,50.41,0.0,0.0,0.0,0.0
2707,54018,49.86,58.01941319026315,0.501961268321749,6,4,4,100,47.0,45.3,53.78,53.34,0.0,0.0,0.0,0.0
2708,45952,66.32,58.4615222633875,0.5572915835185179,4,6,4,100,69.88,62.48,61.0,71.9,0.0,0.0,0.0,0.0
2709,44743,82.34,54.967789315462646,0.530384177343701,4,9,4,100,84.1,83.68,80.23,81.35,0.0,0.0,0.0,0.0
2710,40726,83.1,60.36389357868212,0.4483530733734809,0,8,4,100,93.85,76.75,71.98,89.83,0.0,0.0,0.0,0.0
2711,47966,52.6,57.04149159869687,0.553259770460859,8,8,4,100,61.63,46.18,53.78,48.81,0.0,0.0,0.0,0.0
2712,46859,66.59,57.5021296406374,0.6082230015036412,6,7,4,100,67.56,66.01,71.16,61.64,0.0,0.0,0.0,0.0
2713,146044,56.32,55.37299293285273,0.4725262848854336,10,2,4,100,62.08,58.09,56.11,48.99,0.0,0.0,0.0,0.0
2714,49519,51.66,54.28895556977538,0.5897701035628239,8,7,4,100,50.41,52.98,51.67,51.58,0.0,0.0,0.0,0.0
2715,61521,79.94,54.30101706245318,0.4957687496477307,6,3,4,100,69.43,86.27,81.35,82.73,0.0,0.0,0.0,0.0
2716,104038,70.02,56.42096723701605,0.4538832701174823,10,4,4,100,75.4,62.52,63.96,78.21,0.0,0.0,0.0,0.0
2717,54520,62.36,55.50100944091953,0.5262507618209538,7,5,4,100,63.42,59.81,61.85,64.38,0.0,0.0,0.0,0.0
2718,123541,67.42,58.48013313467616,0.5386623561658068,10,3,4,100,76.26,58.53,63.6,71.28,0.0,0.0,0.0,0.0
2719,123541,63.36,59.032459618652965,0.4750497948478857,10,3,4,100,56.18,66.18,64.89,66.19,0.0,0.0,0.0,0.0
2720,49515,62.29,55.98299524730723,0.5523907723688724,6,5,4,100,67.75,51.88,59.28,70.25,0.0,0.0,0.0,0.0
2721,150000,67.91,58.43925536272039,0.5329848254392369,12,2,4,100,76.95,63.86,64.83,66.0,0.0,0.0,0.0,0.0
2722,47208,60.45,57.40577506111948,0.4676064360147679,4,4,4,100,61.32,64.64,65.01,50.83,0.0,0.0,0.0,0.0
2723,73028,58.61,58.007358428022336,0.5363285689400599,8,4,4,100,56.03,63.23,54.89,60.29,0.0,0.0,0.0,0.0
2724,47462,52.23,55.45614465491686,0.5185538707248343,6,6,4,100,50.32,45.24,54.69,58.67,0.0,0.0,0.0,0.0
2725,46859,71.64,55.0408818599098,0.5589741791044796,6,7,4,100,66.06,67.54,68.04,84.9,0.0,0.0,0.0,0.0
2726,47714,58.3,56.96652208211673,0.5643394159960875,7,7,4,100,61.97,59.09,55.32,56.83,0.0,0.0,0.0,0.0
2727,45549,73.74,59.84891542046198,0.5457577169262668,4,7,4,100,85.45,65.41,73.05,71.03,0.0,0.0,0.0,0.0
2728,49771,73.09,57.83050926438263,0.5237124034797207,9,8,4,100,73.99,74.35,79.85,64.16,0.0,0.0,0.0,0.0
2729,54018,48.31,56.815615021034006,0.5554861239798143,6,4,4,100,39.26,51.71,48.91,53.35,0.0,0.0,0.0,0.0
2730,147040,62.83,58.88848197392849,0.4114649768109993,8,0,4,100,68.77,60.56,58.55,63.43,0.0,0.0,0.0,0.0
2731,49267,63.77,57.28410432994238,0.5156690135044971,7,6,4,100,52.27,65.04,69.38,68.38,0.0,0.0,0.0,0.0
2732,46456,85.7,56.71171684364381,0.5085661806226762,6,8,4,100,91.36,98.52,73.28,79.66,0.0,0.0,0.0,0.0
2733,47111,72.89,58.724581380175366,0.4805808641521722,7,8,4,100,76.99,64.53,81.99,68.05,0.0,0.0,0.0,0.0
2734,44743,52.43,54.599320173688646,0.5000083275794294,4,9,4,100,52.81,58.98,48.9,49.02,0.0,0.0,0.0,0.0
2735,49267,64.17,52.33581231245434,0.5023050077740668,7,6,4,100,72.53,65.44,59.7,59.02,0.0,0.0,0.0,0.0
2736,150000,57.93,56.49775669721656,0.5331399676088151,11,0,4,100,61.62,60.15,51.18,58.76,0.0,0.0,0.0,0.0
2737,150000,48.9,56.248127079556845,0.5190649042450164,14,0,4,100,47.87,51.12,44.34,52.27,0.0,0.0,0.0,0.0
2738,45146,77.99,56.88861803089027,0.51615253689384,4,8,4,100,73.14,82.9,72.39,83.53,0.0,0.0,0.0,0.0
2739,45549,98.96,57.6895216449755,0.4715344351017176,4,7,4,100,100.0,100.0,100.0,95.82,0.0,0.0,0.0,0.0
2740,103034,66.44,55.9319644338588,0.5883371370219301,8,2,4,100,62.38,66.67,70.48,66.21,0.0,0.0,0.0,0.0
2741,62277,63.44,53.685614986672256,0.5397192203713195,9,6,4,100,70.57,55.97,62.16,65.05,0.0,0.0,0.0,0.0
2742,86029,85.16,57.66156921808043,0.471454637359288,7,2,4,100,88.99,75.89,89.42,86.36,0.0,0.0,0.0,0.0
2743,150000,63.28,56.34425774602211,0.456897198421166,10,1,4,100,66.4,64.65,56.9,65.18,0.0,0.0,0.0,0.0
2744,124545,83.0,59.02223695919358,0.5143236174358073,12,5,4,100,85.84,84.73,81.64,79.81,0.0,0.0,0.0,0.0
2745,61521,66.98,54.89676944377251,0.552054689330555,6,3,4,100,65.68,66.08,69.6,66.56,0.0,0.0,0.0,0.0
2746,54018,96.14,56.17771237893144,0.5062642911492267,6,4,4,100,100.0,91.81,100.0,92.74,0.0,0.0,0.0,0.0
2747,49519,51.35,54.7542774043539,0.4430841697852682,8,7,4,100,52.6,52.87,49.12,50.82,0.0,0.0,0.0,0.0
2748,47363,49.36,57.42579785392504,0.5526998785974029,8,9,4,100,50.23,46.24,47.67,53.31,0.0,0.0,0.0,0.0
2749,150000,82.09,57.62482631920199,0.5204195001297739,10,1,4,100,82.49,89.09,87.43,69.34,0.0,0.0,0.0,0.0
2750,124043,61.2,57.865377483191295,0.5227385504605249,11,4,4,100,56.11,66.11,57.75,64.85,0.0,0.0,0.0,0.0
2751,87033,75.67,53.58112297105147,0.4182616252413848,9,4,4,100,68.11,80.38,75.0,79.18,0.0,0.0,0.0,0.0
2752,124043,72.19,55.65535325628257,0.5701147719702694,11,4,4,100,80.22,65.7,76.56,66.29,0.0,0.0,0.0,0.0
2753,150000,39.79,54.59331257716156,0.5066435446706202,11,1,4,100,32.2,41.7,44.76,40.49,0.0,0.0,0.0,0.0
2754,46859,61.88,56.16233571310625,0.4813122388945663,6,7,4,100,66.28,59.35,62.32,59.59,0.0,0.0,0.0,0.0
2755,45545,72.12,56.10801431602129,0.4850232967344295,2,5,4,100,63.43,75.42,63.24,86.39,0.0,0.0,0.0,0.0
2756,45952,43.34,57.31286916838207,0.5314722334669758,4,6,4,100,47.01,43.07,40.24,43.03,0.0,0.0,0.0,0.0
2757,73028,61.85,56.404407237425055,0.3992218738406058,8,4,4,100,59.54,64.72,56.39,66.75,0.0,0.0,0.0,0.0
2758,47208,62.55,57.81852478523087,0.534562708738458,4,4,4,100,58.77,69.01,57.24,65.19,0.0,0.0,0.0,0.0
2759,47111,59.48,55.62926286153187,0.4663305823940966,7,8,4,100,56.46,58.8,55.89,66.77,0.0,0.0,0.0,0.0
2760,147048,68.81,57.35611049743128,0.443985123889649,12,4,4,100,67.03,76.21,68.34,63.67,0.0,0.0,0.0,0.0
2761,87535,60.13,56.47439818860413,0.5889103097574595,10,5,4,100,59.96,61.38,64.26,54.91,0.0,0.0,0.0,0.0
2762,150000,76.13,57.23834061238519,0.4914375220633099,13,3,4,100,72.32,72.88,80.18,79.15,0.0,0.0,0.0,0.0
2763,73282,80.71,56.86413402641214,0.5253769640962408,10,6,4,100,68.0,88.64,83.85,82.35,0.0,0.0,0.0,0.0
2764,150000,59.42,54.49440161060484,0.4796422070801179,11,2,4,100,53.94,58.16,66.34,59.26,0.0,0.0,0.0,0.0
2765,47710,78.6,59.238571011185954,0.4836840470926467,5,5,4,100,80.53,72.6,79.7,81.58,0.0,0.0,0.0,0.0
2766,73028,68.36,57.559937170847824,0.5190728480040385,8,4,4,100,66.19,79.19,67.68,60.38,0.0,0.0,0.0,0.0
2767,86531,81.01,53.41505843190543,0.4454977953186094,8,3,4,100,79.77,85.77,88.94,69.56,0.0,0.0,0.0,0.0
2768,73028,58.0,57.340651449140765,0.5354325132724906,8,4,4,100,54.47,56.29,60.15,61.1,0.0,0.0,0.0,0.0
2769,73028,53.91,57.39630053523204,0.5360634169563896,8,4,4,100,54.8,51.86,56.96,52.02,0.0,0.0,0.0,0.0
2770,46859,41.14,55.94890728365314,0.4353910199789432,6,7,4,100,44.78,45.17,36.65,37.97,0.0,0.0,0.0,0.0
2771,122537,53.73,55.64388752938571,0.4632677742576936,8,1,4,100,61.83,51.27,51.01,50.82,0.0,0.0,0.0,0.0
2772,87535,57.16,55.83772800930436,0.492320535257487,10,5,4,100,58.01,60.86,53.94,55.81,0.0,0.0,0.0,0.0
2773,150000,68.78,54.88124536084026,0.5094202429888792,10,1,4,100,59.98,74.11,75.68,65.35,0.0,0.0,0.0,0.0
2774,48470,91.05,56.33348187586988,0.5628929638144495,10,10,4,100,97.27,84.06,95.81,87.07,0.0,0.0,0.0,0.0
2775,54272,88.98,54.667916908701685,0.4936582101279695,8,6,4,100,86.43,88.32,92.52,88.67,0.0,0.0,0.0,0.0
2776,47966,70.47,57.59525711784681,0.4973590225393646,8,8,4,100,63.88,70.98,67.25,79.76,0.0,0.0,0.0,0.0
2777,45952,67.8,57.72775824850487,0.5435749735364885,4,6,4,100,71.78,68.41,66.44,64.57,0.0,0.0,0.0,0.0
2778,49515,78.94,57.47265295533434,0.5374352867148502,6,5,4,100,80.65,80.29,71.76,83.05,0.0,0.0,0.0,0.0
2779,73028,65.0,55.96507507298413,0.4283629758584706,8,4,4,100,67.84,61.09,67.21,63.88,0.0,0.0,0.0,0.0
2780,54520,72.38,58.50288212226256,0.5202821214069336,7,5,4,100,68.52,69.56,73.94,77.5,0.0,0.0,0.0,0.0
2781,150000,64.85,56.24494966003976,0.4904380695418419,12,1,4,100,63.76,58.83,59.3,77.51,0.0,0.0,0.0,0.0
2782,104038,76.7,58.302063217872295,0.4257074795560057,10,4,4,100,78.99,70.1,78.19,79.54,0.0,0.0,0.0,0.0
2783,49013,59.52,56.48952807896433,0.4752412924453177,5,4,4,100,53.34,61.15,58.54,65.06,0.0,0.0,0.0,0.0
2784,61521,66.4,58.22953680730938,0.5241476635659205,6,3,4,100,79.57,61.41,62.25,62.38,0.0,0.0,0.0,0.0
2785,47363,85.07,59.52191647820016,0.5262139541591611,8,9,4,100,90.57,86.86,76.6,86.25,0.0,0.0,0.0,0.0
2786,49515,54.45,58.40140755689312,0.4694007513791323,6,5,4,100,46.3,55.14,55.52,60.83,0.0,0.0,0.0,0.0
2787,123541,54.57,57.36544944897359,0.5039317283496555,10,3,4,100,54.44,50.94,56.2,56.69,0.0,0.0,0.0,0.0
2788,87535,66.94,55.65587515788475,0.5010979310770939,10,5,4,100,66.62,75.67,61.75,63.73,0.0,0.0,0.0,0.0
2789,49515,85.78,55.88223541651606,0.5596502686066522,6,5,4,100,88.0,89.31,86.09,79.73,0.0,0.0,0.0,0.0
2790,146044,79.95,56.56141992942685,0.4817654970931909,10,2,4,100,83.6,66.58,92.4,77.23,0.0,0.0,0.0,0.0
2791,49515,76.6,57.628485785699375,0.4706907622648453,6,5,4,100,65.37,89.13,77.52,74.38,0.0,0.0,0.0,0.0
2792,44844,71.54,55.05002054709309,0.4277740261763872,6,12,4,100,73.55,74.66,60.92,77.04,0.0,0.0,0.0,0.0
2793,146546,56.97,58.16568941289805,0.5710278490343161,11,3,4,100,61.18,50.56,63.34,52.81,0.0,0.0,0.0,0.0
2794,46456,64.02,56.308295382536414,0.526607644065906,6,8,4,100,70.07,57.73,66.53,61.74,0.0,0.0,0.0,0.0
2795,73282,65.19,57.472458182400985,0.4980749413124489,10,6,4,100,66.84,63.02,63.01,67.88,0.0,0.0,0.0,0.0
2796,73530,53.36,56.347206853223454,0.4243160115346237,9,5,4,100,51.71,51.47,52.36,57.9,0.0,0.0,0.0,0.0
2797,62525,76.4,56.35948158983044,0.508864695302027,8,5,4,100,82.57,66.96,82.29,73.76,0.0,0.0,0.0,0.0
2798,86029,84.86,56.90655128609918,0.4522775121700149,7,2,4,100,94.77,89.94,76.55,78.17,0.0,0.0,0.0,0.0
2799,102532,64.21,57.361411593989565,0.5464708117321122,7,1,4,100,60.7,62.83,74.13,59.18,0.0,0.0,0.0,0.0
2800,54018,66.48,52.322496276428296,0.5047803873558272,6,4,4,100,63.57,62.66,64.39,75.31,0.0,0.0,0.0,0.0
2801,73028,50.02,56.937980883284,0.4506339565820741,8,4,4,100,56.97,45.65,43.24,54.23,0.0,0.0,0.0,0.0
2802,46855,67.34,57.63554728534297,0.4901025540576849,4,5,4,100,64.09,68.39,64.55,72.31,0.0,0.0,0.0,0.0
2803,48218,48.01,58.026837571119216,0.5010298708274672,9,9,4,100,48.25,54.53,44.4,44.87,0.0,0.0,0.0,0.0
2804,73028,63.74,53.967853559780536,0.4539004801812095,8,4,4,100,61.56,65.96,60.13,67.29,0.0,0.0,0.0,0.0
2805,49515,81.92,58.681387675417525,0.5337622368878321,6,5,4,100,80.11,87.35,85.47,74.76,0.0,0.0,0.0,0.0
2806,103034,65.25,56.49173591590954,0.4862626918368393,8,2,4,100,72.36,52.83,65.91,69.9,0.0,0.0,0.0,0.0
2807,146044,63.94,55.66993496669238,0.5595395161559896,10,2,4,100,63.76,55.81,68.77,67.41,0.0,0.0,0.0,0.0
2808,86531,79.39,55.70703170542816,0.5099176260869772,8,3,4,100,77.15,90.95,69.27,80.2,0.0,0.0,0.0,0.0
2809,62277,83.36,58.382108145375526,0.4748865588276986,9,6,4,100,88.53,87.25,84.94,72.71,0.0,0.0,0.0,0.0
2810,62525,77.27,55.485924852993726,0.5079495966299541,8,5,4,100,79.44,83.53,82.32,63.8,0.0,0.0,0.0,0.0
2811,150000,59.99,52.752615999647375,0.4985763491028997,15,0,4,100,58.36,58.09,66.28,57.23,0.0,0.0,0.0,0.0
2812,85527,87.49,55.30603229708871,0.5141248792416516,6,1,4,100,95.94,73.52,88.18,92.33,0.0,0.0,0.0,0.0
2813,146044,69.24,56.631046855740905,0.4911958825014724,10,2,4,100,77.9,58.56,70.07,70.42,0.0,0.0,0.0,0.0
2814,87033,75.94,57.12345785255527,0.5099713216085537,9,4,4,100,83.95,67.35,74.01,78.44,0.0,0.0,0.0,0.0
2815,103536,52.18,57.02627763761465,0.5501729796534137,9,3,4,100,49.24,51.84,56.08,51.56,0.0,0.0,0.0,0.0
2816,87535,52.26,57.67604879753504,0.6249460910141981,10,5,4,100,56.05,53.22,52.11,47.66,0.0,0.0,0.0,0.0
2817,86531,54.77,56.41130137118955,0.4754860990187001,8,3,4,100,58.28,52.17,50.2,58.43,0.0,0.0,0.0,0.0
2818,87033,48.83,56.91074483705928,0.4925243048808672,9,4,4,100,43.09,49.61,46.57,56.06,0.0,0.0,0.0,0.0
2819,104292,62.58,55.69807726012203,0.4413113680361177,12,6,4,100,63.89,66.44,60.98,59.0,0.0,0.0,0.0,0.0
2820,62023,77.96,58.2334948382442,0.6139446268551262,7,4,4,100,77.01,70.3,77.41,87.13,0.0,0.0,0.0,0.0
2821,124035,77.22,55.33056941442486,0.5327729910823978,7,0,4,100,69.27,79.09,80.43,80.07,0.0,0.0,0.0,0.0
2822,150000,70.54,55.6214693232423,0.5317139155767371,12,1,4,100,74.18,70.08,70.5,67.41,0.0,0.0,0.0,0.0
2823,48218,55.28,55.5827439910263,0.5003176917177548,9,9,4,100,62.23,49.31,56.96,52.64,0.0,0.0,0.0,0.0
2824,47462,63.93,55.77979293698776,0.4862254549332688,6,6,4,100,62.98,66.22,57.19,69.33,0.0,0.0,0.0,0.0
2825,104030,74.88,53.886206377398,0.4115380141585449,6,0,4,100,69.0,73.22,77.92,79.39,0.0,0.0,0.0,0.0
2826,86531,57.04,55.5842394420969,0.4302143218293016,8,3,4,100,59.64,54.38,63.99,50.14,0.0,0.0,0.0,0.0
2827,103536,63.6,56.7136655873054,0.4954108493055206,9,3,4,100,71.17,61.36,69.15,52.73,0.0,0.0,0.0,0.0
2828,45549,74.6,54.602592931907246,0.4453462756597967,4,7,4,100,71.35,73.76,79.86,73.45,0.0,0.0,0.0,0.0
2829,86531,80.41,55.07432903529356,0.5531019365207451,8,3,4,100,71.4,87.22,83.85,79.18,0.0,0.0,0.0,0.0
2830,49267,78.36,55.07131560241138,0.5746079382457356,7,6,4,100,86.25,81.61,70.43,75.16,0.0,0.0,0.0,0.0
2831,146044,94.04,56.601816165092885,0.4883452079749931,10,2,4,100,86.7,91.09,100.0,98.35,0.0,0.0,0.0,0.0
2832,54018,74.36,55.75673130274443,0.3622560389847835,6,4,4,100,78.45,65.48,75.39,78.14,0.0,0.0,0.0,0.0
2833,62023,92.96,59.17024257355149,0.4485820702655142,7,4,4,100,95.71,93.78,95.7,86.65,0.0,0.0,0.0,0.0
2834,46607,71.14,55.89875002538111,0.5190416048311574,5,6,4,100,76.16,74.05,68.17,66.17,0.0,0.0,0.0,0.0
2835,46456,69.36,55.137170632836096,0.5813568534304209,6,8,4,100,62.85,67.73,72.91,73.96,0.0,0.0,0.0,0.0
2836,122537,72.97,54.73872364769532,0.5377035418752294,8,1,4,100,75.6,65.56,69.95,80.77,0.0,0.0,0.0,0.0
2837,49515,81.45,58.06158574931389,0.5388043648258183,6,5,4,100,76.89,88.72,79.68,80.5,0.0,0.0,0.0,0.0
2838,62525,42.71,56.124024641293005,0.4725531376004306,8,5,4,100,35.13,45.41,42.76,47.53,0.0,0.0,0.0,0.0
2839,73282,65.26,58.45904965581983,0.5653123454638658,10,6,4,100,60.96,62.3,63.03,74.77,0.0,0.0,0.0,0.0
2840,150000,64.86,55.64778730394852,0.5512216054538613,14,2,4,100,69.63,66.89,54.41,68.51,0.0,0.0,0.0,0.0
2841,54018,69.57,57.98991612189041,0.4966433194725791,6,4,4,100,75.83,69.09,62.08,71.27,0.0,0.0,0.0,0.0
2842,46607,61.83,57.416386490476064,0.5357725363170887,5,6,4,100,74.45,56.17,58.09,58.61,0.0,0.0,0.0,0.0
2843,104038,73.27,56.375947983965645,0.5238482790383698,10,4,4,100,70.03,68.19,71.07,83.79,0.0,0.0,0.0,0.0
2844,49013,47.88,57.99265145646256,0.4519909947483612,5,4,4,100,49.78,44.0,47.96,49.79,0.0,0.0,0.0,0.0
2845,49519,43.73,55.49563525587138,0.5146430540449116,8,7,4,100,44.55,50.24,44.53,35.61,0.0,0.0,0.0,0.0
2846,61521,54.97,55.85719491665351,0.4422328721333908,6,3,4,100,47.77,60.82,57.96,53.32,0.0,0.0,0.0,0.0
2847,145542,57.78,58.19126778244298,0.492113063762692,9,1,4,100,58.05,55.82,52.72,64.53,0.0,0.0,0.0,0.0
2848,104540,51.39,57.11761145360198,0.4652893025362917,11,5,4,100,54.41,48.39,49.2,53.57,0.0,0.0,0.0,0.0
2849,72024,49.79,58.15297820015202,0.52361316774115,6,2,4,100,49.85,49.21,50.78,49.32,0.0,0.0,0.0,0.0
2850,49519,80.32,57.87639898591154,0.4936213746944191,8,7,4,100,76.96,89.42,75.23,79.65,0.0,0.0,0.0,0.0
2851,150000,54.54,57.38368630333011,0.5410218656272118,14,0,4,100,54.62,54.57,56.2,52.76,0.0,0.0,0.0,0.0
2852,54524,60.97,59.23529990634788,0.4727277927579491,9,7,4,100,67.62,56.78,56.35,63.13,0.0,0.0,0.0,0.0
2853,54018,75.0,57.08460726267011,0.4997570685364839,6,4,4,100,69.34,84.14,64.01,82.51,0.0,0.0,0.0,0.0
2854,62525,69.49,57.82812231071382,0.4574956173484988,8,5,4,100,73.98,63.77,70.05,70.17,0.0,0.0,0.0,0.0
2855,46708,82.47,54.8910705566276,0.4595200232227528,7,9,4,100,74.12,85.05,93.6,77.11,0.0,0.0,0.0,0.0
2856,150000,60.3,59.204878973413386,0.5031658306948674,11,1,4,100,59.25,63.8,65.57,52.59,0.0,0.0,0.0,0.0
2857,62277,54.08,54.28035074126535,0.5553273607956158,9,6,4,100,62.82,52.73,48.77,52.0,0.0,0.0,0.0,0.0
2858,146044,66.38,57.75754495371601,0.4902470273642327,10,2,4,100,75.27,63.9,62.08,64.27,0.0,0.0,0.0,0.0
2859,73534,69.84,58.60226904544802,0.4892420316230156,11,7,4,100,70.95,67.54,71.86,68.99,0.0,0.0,0.0,0.0
2860,86531,81.0,57.066952537095744,0.4349126416136609,8,3,4,100,71.97,76.48,91.63,83.92,0.0,0.0,0.0,0.0
2861,150000,68.98,57.42014264895472,0.4834419949745331,14,1,4,100,63.12,78.25,69.84,64.7,0.0,0.0,0.0,0.0
2862,54018,69.81,56.30624623597449,0.536925835837725,6,4,4,100,75.44,64.59,66.92,72.28,0.0,0.0,0.0,0.0
2863,86531,65.16,59.205625120116856,0.4116107473938816,8,3,4,100,65.84,59.31,67.64,67.83,0.0,0.0,0.0,0.0
2864,72024,74.48,53.62396142769679,0.5314942314518407,6,2,4,100,66.65,73.03,76.54,81.68,0.0,0.0,0.0,0.0
2865,54776,66.32,56.66119590528496,0.4523677108846694,10,8,4,100,67.1,63.25,67.17,67.74,0.0,0.0,0.0,0.0
2866,150000,93.54,59.450375861664426,0.4026081479939081,13,4,4,100,100.0,90.2,85.5,98.47,0.0,0.0,0.0,0.0
2867,150000,69.44,60.128644705012135,0.5492162864841549,11,2,4,100,76.8,64.25,62.16,74.57,0.0,0.0,0.0,0.0
2868,49771,57.85,57.128363230280826,0.3857947970267665,9,8,4,100,58.27,66.85,50.27,55.99,0.0,0.0,0.0,0.0
2869,62277,62.26,57.16272706253132,0.3482425705342439,9,6,4,100,58.18,70.62,67.23,53.02,0.0,0.0,0.0,0.0
2870,73028,75.73,54.89778827069847,0.4544061122056585,8,4,4,100,71.79,70.75,72.94,87.43,0.0,0.0,0.0,0.0
2871,49515,73.53,56.23602637989511,0.4780827231978596,6,5,4,100,64.71,72.06,74.2,83.15,0.0,0.0,0.0,0.0
2872,62525,68.69,56.94183355681209,0.4370235479085311,8,5,4,100,69.9,61.71,67.4,75.75,0.0,0.0,0.0,0.0
2873,146044,46.22,58.86628845703238,0.4766979888276229,10,2,4,100,41.03,54.54,39.33,49.98,0.0,0.0,0.0,0.0
2874,150000,69.24,56.497453114492025,0.4832812339634285,12,0,4,100,65.95,66.31,72.45,72.26,0.0,0.0,0.0,0.0
2875,104038,72.86,58.1423940738175,0.4628225923729244,10,4,4,100,69.49,75.96,70.24,75.77,0.0,0.0,0.0,0.0
2876,122537,50.13,59.86188135455376,0.5049546430725559,8,1,4,100,49.49,48.16,49.35,53.53,0.0,0.0,0.0,0.0
2877,73028,64.8,56.50154883713413,0.4673269536688916,8,4,4,100,59.64,62.08,72.27,65.2,0.0,0.0,0.0,0.0
2878,150000,51.63,58.36949114849041,0.4816068852554699,17,4,4,100,44.42,57.04,56.46,48.59,0.0,0.0,0.0,0.0
2879,103536,77.1,59.493650918840544,0.521232951276187,9,3,4,100,75.69,75.17,75.52,82.01,0.0,0.0,0.0,0.0
2880,53516,69.06,59.957521756222974,0.5660508935425445,5,3,4,100,67.33,77.68,60.86,70.39,0.0,0.0,0.0,0.0
2881,46855,62.83,56.70659936066445,0.5393364502404047,4,5,4,100,66.46,61.17,67.87,55.81,0.0,0.0,0.0,0.0
2882,103536,68.2,56.76131989623746,0.4815096925013891,9,3,4,100,63.93,73.58,71.26,64.02,0.0,0.0,0.0,0.0
2883,150000,61.99,55.24098744498269,0.4995589311879821,10,0,4,100,73.2,58.45,56.95,59.35,0.0,0.0,0.0,0.0
2884,150000,74.44,57.092176643186114,0.554085404131021,10,0,4,100,64.09,73.33,86.43,73.89,0.0,0.0,0.0,0.0
2885,62277,81.83,56.11311457325189,0.3797465954803992,9,6,4,100,81.99,72.03,84.69,88.6,0.0,0.0,0.0,0.0
2886,146044,59.83,57.38594387518839,0.5201714426821841,10,2,4,100,56.87,64.97,52.72,64.76,0.0,0.0,0.0,0.0
2887,54018,95.72,58.70921839397124,0.5342898009152133,6,4,4,100,100.0,100.0,89.19,93.67,0.0,0.0,0.0,0.0
2888,104038,55.11,56.4949913511836,0.4559530206172246,10,4,4,100,56.22,50.74,57.19,56.29,0.0,0.0,0.0,0.0
2889,104038,74.9,56.057336746792174,0.4628082089126758,10,4,4,100,73.35,65.65,83.08,77.54,0.0,0.0,0.0,0.0
2890,146044,95.64,56.00612790963712,0.4983780247077616,10,2,4,100,98.44,88.64,95.48,100.0,0.0,0.0,0.0,0.0
2891,62525,68.09,54.9329778895339,0.4129152256502577,8,5,4,100,73.27,63.53,67.98,67.57,0.0,0.0,0.0,0.0
2892,103536,75.19,57.02523761589186,0.5098386168783547,9,3,4,100,78.42,73.85,80.18,68.33,0.0,0.0,0.0,0.0
2893,87025,69.77,56.450879702855005,0.472824244100013,5,0,4,100,60.73,77.2,60.06,81.1,0.0,0.0,0.0,0.0
2894,62525,64.36,58.902056456637176,0.4900717883009986,8,5,4,100,64.08,67.03,68.94,57.38,0.0,0.0,0.0,0.0
2895,123541,61.44,58.11701081370159,0.5157729858117622,10,3,4,100,54.16,75.8,58.93,56.89,0.0,0.0,0.0,0.0
2896,103034,62.08,55.42886176487886,0.4739879639025259,8,2,4,100,61.92,64.03,59.93,62.42,0.0,0.0,0.0,0.0
2897,54272,65.53,54.50551903486579,0.4406745155113012,8,6,4,100,78.78,67.98,55.99,59.35,0.0,0.0,0.0,0.0
2898,46305,74.76,56.56818781289249,0.4624342360028492,7,10,4,100,81.19,72.89,67.44,77.52,0.0,0.0,0.0,0.0
2899,46859,72.1,54.198745296381965,0.4656446389388275,6,7,4,100,72.48,70.38,75.93,69.63,0.0,0.0,0.0,0.0
2900,49013,72.69,55.232339312124125,0.4747517910272011,5,4,4,100,69.92,74.9,81.07,64.89,0.0,0.0,0.0,0.0
2901,150000,74.16,56.67313338583,0.5065230863905043,13,0,4,100,73.38,70.33,80.84,72.1,0.0,0.0,0.0,0.0
2902,47710,85.28,54.77719401417747,0.5182068122780451,5,5,4,100,90.07,79.51,79.19,92.33,0.0,0.0,0.0,0.0
2903,104796,64.04,57.35520596017376,0.4983671134583538,14,8,4,100,59.02,71.49,61.02,64.65,0.0,0.0,0.0,0.0
2904,103536,86.35,56.97858048381446,0.4804595360628514,9,3,4,100,79.73,93.85,89.53,82.3,0.0,0.0,0.0,0.0
2905,72024,47.46,57.04661464168055,0.3773188682354815,6,2,4,100,52.59,45.52,47.53,44.19,0.0,0.0,0.0,0.0
2906,87535,79.33,61.12043136928078,0.5070838449084795,10,5,4,100,83.34,76.96,69.01,88.01,0.0,0.0,0.0,0.0
2907,54018,95.3,56.46872587845127,0.463636287518252,6,4,4,100,97.22,100.0,100.0,83.97,0.0,0.0,0.0,0.0
2908,150000,69.14,55.15562972655832,0.3766058942192068,12,3,4,100,65.54,71.24,69.52,70.25,0.0,0.0,0.0,0.0
2909,123039,70.67,59.00386693379376,0.5844856893986857,9,2,4,100,75.6,67.78,77.13,62.16,0.0,0.0,0.0,0.0
2910,150000,70.88,56.96171431782498,0.4973744696671828,12,3,4,100,73.04,60.9,73.71,75.85,0.0,0.0,0.0,0.0
2911,150000,68.98,57.1338152619666,0.4243341590319835,12,0,4,100,67.61,69.27,63.21,75.83,0.0,0.0,0.0,0.0
2912,150000,67.4,57.82916149534096,0.5195382682643173,15,0,4,100,68.07,71.41,62.29,67.85,0.0,0.0,0.0,0.0
2913,122537,77.05,55.606377901200815,0.5226009871272866,8,1,4,100,73.71,72.39,79.79,82.31,0.0,0.0,0.0,0.0
2914,145542,66.34,55.73323500312071,0.4960853578259627,9,1,4,100,69.65,71.5,68.62,55.57,0.0,0.0,0.0,0.0
2915,146546,83.2,56.01797767225764,0.4659409884087263,11,3,4,100,86.57,76.23,84.45,85.54,0.0,0.0,0.0,0.0
2916,104540,95.13,56.32022114055598,0.492506574625925,11,5,4,100,93.96,90.89,97.42,98.24,0.0,0.0,0.0,0.0
2917,73028,66.4,58.88113857735931,0.5579195505952832,8,4,4,100,65.58,67.36,68.88,63.8,0.0,0.0,0.0,0.0
2918,150000,80.07,57.260569794451904,0.4702514113115584,14,4,4,100,84.27,81.18,76.95,77.88,0.0,0.0,0.0,0.0
2919,146044,66.77,57.16187247995687,0.5052804874931193,10,2,4,100,65.01,61.6,63.43,77.03,0.0,0.0,0.0,0.0
2920,104540,76.35,58.09914122648768,0.479356719357706,11,5,4,100,70.16,81.22,66.32,87.72,0.0,0.0,0.0,0.0
2921,47208,74.66,56.05051415614979,0.4586172082924538,4,4,4,100,76.83,69.68,66.78,85.34,0.0,0.0,0.0,0.0
2922,53014,58.02,56.16921034945101,0.4455431834136567,4,2,4,100,49.51,60.84,66.23,55.5,0.0,0.0,0.0,0.0
2923,150000,75.73,55.3875423867243,0.4982568272521318,12,0,4,100,79.83,83.12,63.11,76.87,0.0,0.0,0.0,0.0
2924,150000,80.44,55.21285363384936,0.5537851241378804,12,0,4,100,92.0,74.97,78.51,76.28,0.0,0.0,0.0,0.0
2925,104038,60.39,58.44987932601912,0.4864102214536929,10,4,4,100,58.86,60.76,52.9,69.03,0.0,0.0,0.0,0.0
2926,54272,53.33,57.41682132719748,0.5559725904778411,8,6,4,100,49.41,52.1,62.79,49.02,0.0,0.0,0.0,0.0
2927,145542,64.69,56.27159693158094,0.4414370728772549,9,1,4,100,68.9,62.23,70.46,57.19,0.0,0.0,0.0,0.0
2928,147048,71.34,58.22555604181926,0.5785436027342437,12,4,4,100,68.97,77.07,66.21,73.1,0.0,0.0,0.0,0.0
2929,104038,84.1,58.012080295339615,0.3999776174979516,10,4,4,100,81.26,88.53,78.72,87.87,0.0,0.0,0.0,0.0
2930,54018,78.0,56.890330728598656,0.5026529708897504,6,4,4,100,84.3,68.97,88.65,70.07,0.0,0.0,0.0,0.0
2931,49013,87.81,59.04995912046093,0.5520780798782563,5,4,4,100,84.85,89.55,95.08,81.76,0.0,0.0,0.0,0.0
2932,150000,33.38,55.15507737139728,0.5944213868775414,13,0,4,100,37.28,30.23,38.42,27.58,0.0,0.0,0.0,0.0
2933,73028,75.32,57.62187461972116,0.4861969028686762,8,4,4,100,78.52,67.16,74.24,81.36,0.0,0.0,0.0,0.0
2934,124035,66.41,56.6897158656346,0.4925265612029375,7,0,4,100,58.64,71.05,63.47,72.5,0.0,0.0,0.0,0.0
2935,150000,79.47,59.44780115762986,0.502745555260654,13,4,4,100,65.62,85.77,87.85,78.65,0.0,0.0,0.0,0.0
2936,61521,71.15,58.77959813190677,0.5262760779097871,6,3,4,100,74.77,71.26,70.97,67.6,0.0,0.0,0.0,0.0
2937,54272,55.97,55.53953845819857,0.4896251412656805,8,6,4,100,62.79,57.82,52.05,51.23,0.0,0.0,0.0,0.0
2938,150000,53.56,56.92092305168769,0.52029908561747,12,0,4,100,54.56,52.66,59.38,47.66,0.0,0.0,0.0,0.0
2939,49519,64.14,56.63889844360166,0.4215167544033942,8,7,4,100,62.52,66.65,66.84,60.53,0.0,0.0,0.0,0.0
2940,104038,59.48,57.06136772627175,0.511567825050575,10,4,4,100,66.0,63.59,56.16,52.18,0.0,0.0,0.0,0.0
2941,72526,93.26,57.8198718539414,0.4062587472792255,7,3,4,100,93.59,94.4,100.0,85.06,0.0,0.0,0.0,0.0
2942,147040,67.62,56.79793134044522,0.4600910832677184,8,0,4,100,68.21,64.62,64.36,73.29,0.0,0.0,0.0,0.0
2943,150000,75.95,58.12158631365729,0.4935435928040375,10,0,4,100,81.61,71.8,79.49,70.91,0.0,0.0,0.0,0.0
2944,123039,59.63,58.664902046869166,0.5571006371245493,9,2,4,100,59.81,61.03,55.86,61.81,0.0,0.0,0.0,0.0
2945,73282,59.94,55.261741546797005,0.4782331780104692,10,6,4,100,66.7,57.08,59.39,56.57,0.0,0.0,0.0,0.0
2946,87535,100.0,56.99858719892096,0.4984981399802968,10,5,4,100,100.0,100.0,100.0,100.0,0.0,0.0,0.0,0.0
2947,123541,71.02,57.17670151409431,0.4616402970068843,10,3,4,100,67.06,68.32,78.64,70.08,0.0,0.0,0.0,0.0
2948,72526,80.84,57.47404377394713,0.4339840235176753,7,3,4,100,71.71,90.87,81.21,79.58,0.0,0.0,0.0,0.0
2949,54018,71.19,58.835695782222494,0.5341102916305487,6,4,4,100,64.25,74.18,76.93,69.41,0.0,0.0,0.0,0.0
2950,124549,49.69,57.95057350348908,0.5386105302505148,14,7,4,100,45.69,55.57,47.76,49.73,0.0,0.0,0.0,0.0
2951,104038,73.13,58.529713816423225,0.463398941720731,10,4,4,100,69.93,73.89,75.33,73.38,0.0,0.0,0.0,0.0
2952,72526,57.51,57.28004053979815,0.3605906951803241,7,3,4,100,50.29,60.06,61.02,58.67,0.0,0.0,0.0,0.0
2953,103536,59.12,58.069370637130326,0.4339221968867294,9,3,4,100,53.66,53.39,68.51,60.92,0.0,0.0,0.0,0.0
2954,147048,76.85,55.94964382856103,0.4966709901432053,12,4,4,100,85.83,81.37,78.63,61.57,0.0,0.0,0.0,0.0
2955,47462,69.16,56.58983843328561,0.4270414974220305,6,6,4,100,63.12,79.74,68.79,64.99,0.0,0.0,0.0,0.0
2956,62525,61.62,57.724721454403706,0.4738084905543106,8,5,4,100,58.17,55.26,64.39,68.66,0.0,0.0,0.0,0.0
2957,62525,70.66,57.61281375298482,0.4919771153089969,8,5,4,100,79.85,61.57,64.35,76.85,0.0,0.0,0.0,0.0
2958,123541,71.0,56.87110648356229,0.4153890908803132,10,3,4,100,66.73,70.6,76.09,70.6,0.0,0.0,0.0,0.0
2959,150000,65.68,54.93536942412265,0.5766031937788955,10,0,4,100,65.7,58.4,67.41,71.21,0.0,0.0,0.0,0.0
2960,103034,61.29,55.42301191759818,0.4636142559285661,8,2,4,100,56.8,63.6,62.42,62.34,0.0,0.0,0.0,0.0
2961,150000,38.25,56.95783716821772,0.4799864932989082,14,0,4,100,33.73,41.0,39.09,39.19,0.0,0.0,0.0,0.0
2962,73028,71.27,55.84242242184564,0.5182930258194456,8,4,4,100,65.77,79.26,75.24,64.81,0.0,0.0,0.0,0.0
2963,146044,64.92,60.66040700458007,0.391051840400539,10,2,4,100,56.32,70.37,72.0,60.98,0.0,0.0,0.0,0.0
2964,47966,73.56,54.91415828745063,0.5453423738691215,8,8,4,100,79.12,71.09,66.86,77.15,0.0,0.0,0.0,0.0
2965,47966,82.34,59.12239541796304,0.4629761013629704,8,8,4,100,77.7,88.0,86.87,76.81,0.0,0.0,0.0,0.0
2966,62525,63.6,58.705248536803445,0.4315198183820029,8,5,4,100,63.93,72.42,62.11,55.96,0.0,0.0,0.0,0.0
2967,150000,73.97,55.8869932071868,0.4677610118297682,12,3,4,100,85.04,64.99,69.44,76.43,0.0,0.0,0.0,0.0
2968,54272,65.13,56.38909488526741,0.4489664907048376,8,6,4,100,64.94,70.77,60.74,64.09,0.0,0.0,0.0,0.0
2969,147048,90.91,56.2876526951756,0.4982866210238336,12,4,4,100,95.73,83.41,84.49,100.0,0.0,0.0,0.0,0.0
2970,124043,66.49,54.9597843655688,0.5231732705670377,11,4,4,100,64.23,60.36,69.59,71.78,0.0,0.0,0.0,0.0
2971,150000,72.96,55.57392687155317,0.4372063554911429,12,2,4,100,74.89,72.42,74.23,70.29,0.0,0.0,0.0,0.0
2972,47462,74.8,60.87082521157555,0.4853484721302828,6,6,4,100,80.66,76.96,77.46,64.14,0.0,0.0,0.0,0.0
2973,49267,56.14,58.4064924156044,0.4149245285199228,7,6,4,100,54.02,59.04,53.36,58.12,0.0,0.0,0.0,0.0
2974,150000,66.47,54.33358523695075,0.4454783084583195,12,0,4,100,64.47,75.04,60.27,66.12,0.0,0.0,0.0,0.0
2975,61521,75.94,59.665983766203816,0.5055688397769337,6,3,4,100,82.76,66.66,78.02,76.31,0.0,0.0,0.0,0.0
2976,54272,78.28,56.73346704475353,0.5579496766974059,8,6,4,100,87.38,75.39,80.59,69.78,0.0,0.0,0.0,0.0
2977,73028,68.56,57.7808347616656,0.500955564546327,8,4,4,100,63.35,66.9,71.92,72.06,0.0,0.0,0.0,0.0
2978,46859,74.3,58.1110442934671,0.4823540625510367,6,7,4,100,72.75,74.72,74.35,75.37,0.0,0.0,0.0,0.0
2979,55280,76.96,56.71600773009585,0.4828578498991163,12,10,4,100,84.8,76.49,69.67,76.89,0.0,0.0,0.0,0.0
2980,150000,69.71,57.18133233753997,0.4612583510496809,14,1,4,100,74.25,71.12,68.09,65.38,0.0,0.0,0.0,0.0
2981,150000,82.44,55.17729719722522,0.539716661412363,12,0,4,100,85.79,80.17,81.88,81.91,0.0,0.0,0.0,0.0
2982,47208,75.45,56.76405320248846,0.4561440939589214,4,4,4,100,74.11,83.38,69.24,75.05,0.0,0.0,0.0,0.0
2983,150000,73.16,57.555758778497086,0.3790044092367532,15,2,4,100,60.8,82.08,66.95,82.8,0.0,0.0,0.0,0.0
2984,73028,63.33,58.85438892416018,0.4338248812563748,8,4,4,100,62.34,68.15,67.79,55.02,0.0,0.0,0.0,0.0
2985,150000,78.53,57.7789321330653,0.4511916422134464,11,0,4,100,73.28,74.47,90.35,76.01,0.0,0.0,0.0,0.0
2986,86029,95.3,56.31257226561106,0.3947182204429546,7,2,4,100,81.19,100.0,100.0,100.0,0.0,0.0,0.0,0.0
2987,122537,69.2,54.53120436760419,0.5602099451381264,8,1,4,100,66.87,71.63,71.63,66.69,0.0,0.0,0.0,0.0
2988,104292,71.45,57.30945168425608,0.4537871675851969,12,6,4,100,79.46,67.47,65.34,73.51,0.0,0.0,0.0,0.0
2989,150000,51.31,56.34891605509134,0.3902941070463213,13,3,4,100,49.75,50.2,54.44,50.85,0.0,0.0,0.0,0.0
2990,150000,72.89,57.51084633256892,0.47049024153672,12,2,4,100,76.68,76.02,67.89,70.97,0.0,0.0,0.0,0.0
2991,45146,49.57,59.66729994031635,0.4306223053861,4,8,4,100,49.04,45.12,48.78,55.34,0.0,0.0,0.0,0.0
2992,124043,72.52,60.30254567889517,0.5371579371622025,11,4,4,100,71.6,70.95,67.11,80.43,0.0,0.0,0.0,0.0
2993,145542,64.79,54.81894681645179,0.3864582424955259,9,1,4,100,58.01,61.73,73.28,66.15,0.0,0.0,0.0,0.0
2994,73282,58.56,57.14921887037936,0.457881478895473,10,6,4,100,61.3,60.04,60.48,52.43,0.0,0.0,0.0,0.0
2995,150000,51.44,55.13096414969408,0.5543960856166091,10,0,4,100,49.76,47.56,48.11,60.32,0.0,0.0,0.0,0.0
2996,150000,78.22,56.38926004299528,0.5391237720569628,12,0,4,100,77.07,80.3,71.49,84.03,0.0,0.0,0.0,0.0
2997,60517,64.23,56.26788728018394,0.4647349517987613,4,1,4,100,64.43,66.9,57.62,67.97,0.0,0.0,0.0,0.0
2998,54524,72.29,59.16197225734642,0.4787577792069531,9,7,4,100,73.94,70.72,68.84,75.65,0.0,0.0,0.0,0.0
2999,150000,65.08,56.08220477165264,0.4492152422849038,12,0,4,100,68.35,67.58,56.21,68.18,0.0,0.0,0.0,0.0
3000,104038,63.09,54.99220062119803,0.4086850221401645,10,4,4,100,59.57,65.47,70.31,57.02,0.0,0.0,0.0,0.0
