Generación,Fitness Global,CPU (%),Memoria (%),Tiempo (s),Goles Favor,Goles Contra,CPUs (configurados),Population Size,Core0 (%),Core1 (%),Core2 (%),Core3 (%),Core4 (%),Core5 (%),Core6 (%),Core7 (%)
1,33875,53.74,46.52174853015915,0.935401101766192,0,25,4,50,47.15,60.47,56.96,50.36,0.0,0.0,0.0,0.0
2,34681,59.16,48.781883115834106,0.9335931389660708,0,23,4,50,58.47,57.5,55.07,65.62,0.0,0.0,0.0,0.0
3,33875,39.03,48.62212618893621,0.8951003618947316,0,25,4,50,40.7,40.17,36.37,38.87,0.0,0.0,0.0,0.0
4,35084,50.25,52.68362471516468,0.8509014628774202,0,22,4,50,55.43,48.58,49.93,47.05,0.0,0.0,0.0,0.0
5,33875,38.2,49.2498078656684,0.9105520277204832,0,25,4,50,36.97,39.59,35.51,40.73,0.0,0.0,0.0,0.0
6,33875,48.34,50.12874021197675,1.0113216495008392,0,25,4,50,42.2,50.34,54.67,46.15,0.0,0.0,0.0,0.0
7,33875,50.32,48.24055073131901,0.8459709245053552,0,25,4,50,57.39,43.71,48.38,51.82,0.0,0.0,0.0,0.0
8,35890,69.87,52.03659671572993,0.9493800184991474,0,20,4,50,75.23,70.51,57.68,76.07,0.0,0.0,0.0,0.0
9,37502,44.02,50.38545238749337,0.9161089184592228,0,16,4,50,41.71,43.13,47.77,43.47,0.0,0.0,0.0,0.0
10,34278,53.83,46.84859190823222,0.896819794621105,0,24,4,50,62.53,48.14,47.23,57.41,0.0,0.0,0.0,0.0
11,33875,25.45,46.41614124775842,0.9184671641640688,0,25,4,50,26.86,25.12,23.73,26.09,0.0,0.0,0.0,0.0
12,33875,60.95,51.27951467413726,0.8196838410718613,0,25,4,50,52.57,65.21,65.32,60.7,0.0,0.0,0.0,0.0
13,33875,47.79,48.93903225586529,0.8438385493038495,0,25,4,50,47.19,49.48,44.72,49.79,0.0,0.0,0.0,0.0
14,35890,46.45,50.74072308824894,0.8569209913675914,0,20,4,50,42.29,52.2,41.26,50.05,0.0,0.0,0.0,0.0
15,36696,32.3,50.32876705616535,0.9216105749410594,0,18,4,50,29.34,31.14,38.07,30.63,0.0,0.0,0.0,0.0
16,35084,41.67,52.28588240118045,0.925219325955166,0,22,4,50,40.77,45.98,42.96,36.98,0.0,0.0,0.0,0.0
17,34681,50.8,49.13708819700037,0.8484404557953544,0,23,4,50,50.94,47.21,51.08,53.96,0.0,0.0,0.0,0.0
18,33875,48.87,53.07478418049968,0.940916695696351,0,25,4,50,51.19,45.89,49.15,49.26,0.0,0.0,0.0,0.0
19,33875,50.46,50.16752825522877,0.918196250049961,0,25,4,50,50.5,49.74,45.77,55.85,0.0,0.0,0.0,0.0
20,35084,69.86,51.65340014300542,0.904801163017695,0,22,4,50,70.15,76.97,70.38,61.96,0.0,0.0,0.0,0.0
21,36293,30.99,51.1023220327977,0.9112246760225156,0,19,4,50,33.57,26.16,34.59,29.65,0.0,0.0,0.0,0.0
22,35084,39.89,49.81981713418359,0.8895971267922952,0,22,4,50,44.13,45.53,34.91,34.98,0.0,0.0,0.0,0.0
23,34278,55.73,49.375024483826365,0.8729206744490938,0,24,4,50,49.9,54.88,58.45,59.67,0.0,0.0,0.0,0.0
24,38308,35.5,47.31424220641369,0.8152538279719763,0,14,4,50,32.88,34.93,34.72,39.46,0.0,0.0,0.0,0.0
25,34681,35.04,49.82701286480438,0.9510155237852652,0,23,4,50,28.97,33.52,37.59,40.06,0.0,0.0,0.0,0.0
26,33875,56.93,51.94656360165318,0.8808415168621542,0,25,4,50,60.1,60.05,52.67,54.89,0.0,0.0,0.0,0.0
27,33875,63.04,51.20764911981366,0.9091373143588584,0,25,4,50,56.44,69.12,67.11,59.48,0.0,0.0,0.0,0.0
28,34681,34.24,47.8761854949458,0.8629789997232291,0,23,4,50,33.23,37.14,32.81,33.78,0.0,0.0,0.0,0.0
29,33875,42.73,51.23475846522091,0.9349982257510404,0,25,4,50,40.59,42.44,44.33,43.56,0.0,0.0,0.0,0.0
30,33875,37.98,48.08727364001187,0.8609078201989253,0,25,4,50,43.74,37.34,40.25,30.59,0.0,0.0,0.0,0.0
31,35890,41.48,48.92524043952272,0.8489413514707377,0,20,4,50,43.46,45.72,38.07,38.67,0.0,0.0,0.0,0.0
32,35487,70.63,50.54812314597691,0.9159509041665208,0,21,4,50,64.74,78.34,78.81,60.62,0.0,0.0,0.0,0.0
33,33875,50.35,53.8227686826258,0.8333230861807672,0,25,4,50,43.18,54.52,52.28,51.4,0.0,0.0,0.0,0.0
34,33875,40.54,50.15485898980752,0.8840394221184815,0,25,4,50,37.7,42.96,39.1,42.4,0.0,0.0,0.0,0.0
35,33875,63.76,49.197716144972205,0.8599200058177314,0,25,4,50,63.78,68.55,61.49,61.21,0.0,0.0,0.0,0.0
36,36293,43.9,50.79389528200569,0.9024195268469308,0,19,4,50,36.27,48.28,44.6,46.43,0.0,0.0,0.0,0.0
37,34681,63.08,51.91960378780102,0.9041216375047114,0,23,4,50,67.9,71.77,56.1,56.54,0.0,0.0,0.0,0.0
38,33875,42.38,48.76828215825452,0.7690579561725007,0,25,4,50,43.97,47.03,37.56,40.98,0.0,0.0,0.0,0.0
39,33875,71.66,52.13258763187361,0.9999404522539238,0,25,4,50,63.59,69.83,75.45,77.78,0.0,0.0,0.0,0.0
40,37099,44.46,51.94402415088412,0.8989100114899949,0,17,4,50,45.09,45.18,42.28,45.29,0.0,0.0,0.0,0.0
41,33875,57.45,50.90587847551639,0.9192435581006652,0,25,4,50,61.87,61.23,55.52,51.19,0.0,0.0,0.0,0.0
42,33875,42.04,54.33169572436663,0.9709248943067073,0,25,4,50,37.65,44.41,42.7,43.39,0.0,0.0,0.0,0.0
43,33875,47.21,51.05661112948314,0.8860018595087953,0,25,4,50,45.75,51.51,44.55,47.04,0.0,0.0,0.0,0.0
44,33875,61.42,51.4335164818578,0.902944427227704,0,25,4,50,53.2,69.92,60.68,61.9,0.0,0.0,0.0,0.0
45,35084,60.63,50.703793713396585,0.9076288804276532,0,22,4,50,62.44,54.57,57.11,68.39,0.0,0.0,0.0,0.0
46,34681,57.47,48.32810919366221,0.8832081177641998,0,23,4,50,60.99,60.19,51.99,56.72,0.0,0.0,0.0,0.0
47,37502,67.02,50.35580357148601,0.9646676171490436,0,16,4,50,66.02,62.81,69.98,69.25,0.0,0.0,0.0,0.0
48,35084,53.25,51.66830412454819,0.917131190865318,0,22,4,50,57.94,50.57,49.5,55.0,0.0,0.0,0.0,0.0
49,34278,56.12,49.905221230274144,0.8400754299819919,0,24,4,50,55.84,57.86,57.49,53.31,0.0,0.0,0.0,0.0
50,33875,45.02,49.95511788570591,0.776717264419597,0,25,4,50,42.96,43.13,52.98,40.99,0.0,0.0,0.0,0.0
51,35487,50.14,49.31313489239359,0.8874973967412595,0,21,4,50,55.45,49.95,48.64,46.51,0.0,0.0,0.0,0.0
52,35890,62.98,48.981937618740645,0.8663355664092792,0,20,4,50,54.44,67.46,70.28,59.76,0.0,0.0,0.0,0.0
53,33875,49.82,51.835197017801406,0.9187031616754352,0,25,4,50,52.41,47.8,47.79,51.3,0.0,0.0,0.0,0.0
54,35890,65.26,51.9661249877545,0.8549904285360151,0,20,4,50,56.66,75.99,68.69,59.71,0.0,0.0,0.0,0.0
55,36293,37.12,47.3986347343121,0.9763075283683949,0,19,4,50,38.65,37.68,31.34,40.81,0.0,0.0,0.0,0.0
56,37905,46.59,49.33185617714943,0.897686856343376,0,15,4,50,46.2,39.26,47.11,53.79,0.0,0.0,0.0,0.0
57,33875,65.82,47.47815426620516,0.9123828533221912,0,25,4,50,75.54,61.64,66.28,59.82,0.0,0.0,0.0,0.0
58,36293,52.75,52.75733576050205,0.9207690871746848,0,19,4,50,51.94,52.66,51.62,54.77,0.0,0.0,0.0,0.0
59,33875,56.71,50.597587731358864,0.842605204398327,0,25,4,50,63.62,52.51,57.41,53.31,0.0,0.0,0.0,0.0
60,35084,37.62,46.18331128837731,0.9511215099390424,0,22,4,50,40.58,39.16,35.39,35.36,0.0,0.0,0.0,0.0
61,34278,49.49,48.4030705245641,0.929043577174765,0,24,4,50,42.42,57.71,52.88,44.95,0.0,0.0,0.0,0.0
62,35084,52.3,48.77216726681615,0.9009933195683356,0,22,4,50,56.41,52.5,51.46,48.85,0.0,0.0,0.0,0.0
63,34278,51.86,49.4420036220716,0.8121228472334164,0,24,4,50,51.54,48.54,58.87,48.47,0.0,0.0,0.0,0.0
64,33875,46.4,50.93147536015957,0.8575440202903841,0,25,4,50,47.19,46.29,50.99,41.13,0.0,0.0,0.0,0.0
65,36293,55.32,48.36393554782774,0.9074774977410482,0,19,4,50,49.21,60.2,56.27,55.62,0.0,0.0,0.0,0.0
66,37502,44.16,51.31698925289201,0.8694491938508395,0,16,4,50,41.9,44.59,47.98,42.19,0.0,0.0,0.0,0.0
67,35084,47.69,47.784996184705626,0.8405419297840571,0,22,4,50,50.41,50.19,38.1,52.06,0.0,0.0,0.0,0.0
68,35084,71.26,48.89663856856761,0.8783463671273023,0,22,4,50,74.17,76.96,72.06,61.85,0.0,0.0,0.0,0.0
69,36696,58.53,49.58482213159802,0.8690195997050341,0,18,4,50,55.28,62.13,51.03,65.69,0.0,0.0,0.0,0.0
70,33875,61.58,48.79132918433585,0.9814850621454012,0,25,4,50,62.53,55.55,62.99,65.24,0.0,0.0,0.0,0.0
71,33875,63.4,48.84898852173847,0.916592760432314,0,25,4,50,67.22,67.72,65.43,53.24,0.0,0.0,0.0,0.0
72,36696,72.26,53.02495417631672,0.8757320042546375,0,18,4,50,71.16,67.39,75.46,75.05,0.0,0.0,0.0,0.0
73,36293,66.89,49.899476744241866,0.8434402220396213,0,19,4,50,60.59,66.43,75.6,64.95,0.0,0.0,0.0,0.0
74,35084,51.38,50.672872550849966,0.9093617047322908,0,22,4,50,54.01,47.38,50.18,53.93,0.0,0.0,0.0,0.0
75,35487,61.97,53.64007891001789,0.9575833627777072,0,21,4,50,66.2,60.26,56.98,64.43,0.0,0.0,0.0,0.0
76,33875,57.17,48.04849339306881,0.919273119419133,0,25,4,50,58.58,60.18,52.8,57.11,0.0,0.0,0.0,0.0
77,35487,55.18,49.30187523956912,0.8714549446810846,0,21,4,50,51.43,57.4,53.87,58.04,0.0,0.0,0.0,0.0
78,34681,61.2,49.92271028970295,0.8664865951771739,0,23,4,50,64.24,62.37,56.26,61.92,0.0,0.0,0.0,0.0
79,33875,50.26,51.219491346066455,0.7980142193537761,0,25,4,50,48.77,44.23,51.48,56.58,0.0,0.0,0.0,0.0
80,34681,68.74,49.19884272413947,0.8305719833530487,0,23,4,50,68.43,74.96,68.71,62.85,0.0,0.0,0.0,0.0
81,35084,55.43,51.43967268080871,0.8495407039315822,0,22,4,50,57.95,51.84,58.25,53.67,0.0,0.0,0.0,0.0
82,37905,59.33,51.13896196501685,0.8591446520852106,0,15,4,50,54.99,50.08,66.9,65.34,0.0,0.0,0.0,0.0
83,34681,45.91,46.37395513419165,0.8351436293268052,0,23,4,50,47.85,46.03,48.67,41.09,0.0,0.0,0.0,0.0
84,33875,42.6,52.66567718458826,0.9502754144444407,0,25,4,50,35.97,47.06,44.85,42.51,0.0,0.0,0.0,0.0
85,33875,44.73,51.48272425650767,0.8574568160135586,0,25,4,50,46.13,37.76,49.68,45.35,0.0,0.0,0.0,0.0
86,34681,34.84,50.13000616745688,0.914130894930818,0,23,4,50,36.03,36.88,32.49,33.94,0.0,0.0,0.0,0.0
87,36293,48.03,53.00421555658976,0.9488824808090714,0,19,4,50,45.36,46.02,49.71,51.02,0.0,0.0,0.0,0.0
88,34681,46.06,55.44198304636114,0.8981644326453453,0,23,4,50,50.18,41.88,47.95,44.22,0.0,0.0,0.0,0.0
89,34681,48.33,49.55961996323618,0.8968131338072325,0,23,4,50,50.87,51.98,38.47,52.0,0.0,0.0,0.0,0.0
90,38711,33.27,49.3597832138073,0.806504869641725,0,13,4,50,27.82,38.12,38.22,28.93,0.0,0.0,0.0,0.0
91,34681,48.95,50.25755391004138,0.9157242101740106,0,23,4,50,52.39,48.7,47.63,47.08,0.0,0.0,0.0,0.0
92,35487,46.61,51.75268602478851,0.8553322756113164,0,21,4,50,50.82,51.57,43.24,40.82,0.0,0.0,0.0,0.0
93,35084,61.84,51.1406631845494,0.840550210204764,0,22,4,50,61.85,66.62,64.97,53.9,0.0,0.0,0.0,0.0
94,37099,57.84,48.55740507945357,0.8708013498298556,0,17,4,50,59.02,56.78,52.09,63.46,0.0,0.0,0.0,0.0
95,33875,61.87,49.72969620986344,0.8332601921469086,0,25,4,50,52.37,66.09,59.91,69.1,0.0,0.0,0.0,0.0
96,36696,75.46,50.669005959230645,0.8143411349161924,0,18,4,50,82.19,72.84,68.07,78.75,0.0,0.0,0.0,0.0
97,33875,58.86,48.59422555616708,0.8430609593748748,0,25,4,50,52.34,62.67,62.42,58.01,0.0,0.0,0.0,0.0
98,35890,56.21,49.84062457325781,0.9455591784277588,0,20,4,50,61.94,50.5,57.13,55.28,0.0,0.0,0.0,0.0
99,36293,46.63,48.11133318625103,0.8770825319542717,0,19,4,50,44.2,46.08,43.89,52.35,0.0,0.0,0.0,0.0
100,35890,55.25,49.72747443523083,0.9206700288801846,0,20,4,50,46.54,49.86,64.01,60.6,0.0,0.0,0.0,0.0
101,36696,45.46,48.66898931297982,0.7937198684066722,0,18,4,50,42.3,47.81,44.73,47.01,0.0,0.0,0.0,0.0
102,36293,65.89,51.328947952991214,0.8882906294871294,0,19,4,50,75.55,67.28,55.79,64.94,0.0,0.0,0.0,0.0
103,34681,58.26,51.03148675419425,0.8818218714307926,0,23,4,50,58.62,60.39,55.59,58.45,0.0,0.0,0.0,0.0
104,36293,60.47,49.39555174116627,0.9063392261268784,0,19,4,50,52.19,64.57,64.18,60.95,0.0,0.0,0.0,0.0
105,35890,60.7,46.93190532791466,0.9250153362138176,0,20,4,50,57.43,54.4,69.63,61.35,0.0,0.0,0.0,0.0
106,33875,41.32,51.22314939520292,0.9781739587727591,0,25,4,50,39.14,41.71,37.17,47.24,0.0,0.0,0.0,0.0
107,34278,48.99,49.56299330571756,0.8975090545074834,0,24,4,50,51.62,45.71,54.54,44.1,0.0,0.0,0.0,0.0
108,37905,48.5,51.81159942116072,1.0333581935990102,0,15,4,50,43.27,49.64,49.34,51.77,0.0,0.0,0.0,0.0
109,33875,61.26,48.724215420743285,0.9876150174322093,0,25,4,50,57.84,59.84,69.49,57.86,0.0,0.0,0.0,0.0
110,36293,46.39,48.13599868962172,0.9282231894792956,0,19,4,50,53.53,45.34,43.92,42.77,0.0,0.0,0.0,0.0
111,33875,35.49,50.57318186132071,0.8608186072052774,0,25,4,50,38.04,41.08,32.82,30.03,0.0,0.0,0.0,0.0
112,37905,27.5,49.59783439978128,0.906923874693006,0,15,4,50,25.45,28.07,31.09,25.39,0.0,0.0,0.0,0.0
113,36696,64.43,50.30854367858237,0.9215963113918184,0,18,4,50,58.38,64.21,63.38,71.74,0.0,0.0,0.0,0.0
114,34681,40.57,50.320993404835306,0.8887875256539595,0,23,4,50,42.8,37.36,39.11,43.01,0.0,0.0,0.0,0.0
115,33875,62.82,46.92055917116154,0.8784195070055113,0,25,4,50,62.23,74.59,58.89,55.57,0.0,0.0,0.0,0.0
116,33875,36.0,49.31329117177245,0.8911988434263389,0,25,4,50,34.97,36.43,35.81,36.77,0.0,0.0,0.0,0.0
117,33875,51.48,49.061423154099074,0.9356234079228034,0,25,4,50,51.23,46.43,54.05,54.21,0.0,0.0,0.0,0.0
118,33875,66.38,51.591202519236326,0.7983656983375705,0,25,4,50,66.93,68.91,65.44,64.23,0.0,0.0,0.0,0.0
119,35084,58.74,51.69865059815884,0.912509890454901,0,22,4,50,65.92,55.89,57.81,55.34,0.0,0.0,0.0,0.0
120,33875,73.34,49.67481423255847,0.8906403602344785,0,25,4,50,80.59,68.7,66.6,77.49,0.0,0.0,0.0,0.0
121,35890,67.28,51.00243446013972,0.877579399295365,0,20,4,50,63.25,70.11,64.76,70.99,0.0,0.0,0.0,0.0
122,37502,65.77,48.11867158534087,0.785955239099553,0,16,4,50,70.64,55.85,72.55,64.04,0.0,0.0,0.0,0.0
123,37905,66.52,52.18076802596516,0.8565490023325116,0,15,4,50,71.57,62.71,68.65,63.15,0.0,0.0,0.0,0.0
124,34278,46.44,50.97799396660181,0.9100107757556988,0,24,4,50,49.96,49.35,40.6,45.87,0.0,0.0,0.0,0.0
125,34681,50.05,48.6087594102545,0.927730050992834,0,23,4,50,45.4,56.52,47.81,50.48,0.0,0.0,0.0,0.0
126,35890,40.07,50.39341814414474,0.8919619098309788,0,20,4,50,40.32,47.01,34.33,38.63,0.0,0.0,0.0,0.0
127,34681,73.92,51.413353639118895,0.8727670216137109,0,23,4,50,75.53,79.76,73.79,66.6,0.0,0.0,0.0,0.0
128,36293,74.69,48.8107485663545,0.8906990133308138,0,19,4,50,78.22,69.92,70.61,80.03,0.0,0.0,0.0,0.0
129,33875,57.2,49.96266653058935,0.7860148022427098,0,25,4,50,54.22,60.79,59.48,54.32,0.0,0.0,0.0,0.0
130,39920,57.22,52.670881003383926,0.8041495183156876,0,10,4,50,59.5,57.77,51.86,59.77,0.0,0.0,0.0,0.0
131,37099,52.0,53.15187550197327,0.9438949651448928,0,17,4,50,57.25,52.12,53.21,45.41,0.0,0.0,0.0,0.0
132,35084,53.28,49.87138799189179,0.9299508211211972,0,22,4,50,44.56,56.18,58.5,53.9,0.0,0.0,0.0,0.0
133,33875,35.78,51.30780066329592,0.9479745075334356,0,25,4,50,33.36,31.89,37.51,40.36,0.0,0.0,0.0,0.0
134,33875,58.18,52.12353701577484,0.8837855290348449,0,25,4,50,58.55,60.09,54.1,60.0,0.0,0.0,0.0,0.0
135,33875,56.21,50.463230205872826,0.7601334283458928,0,25,4,50,59.35,56.18,53.26,56.05,0.0,0.0,0.0,0.0
136,33875,56.6,52.86181243435716,0.8922219568562048,0,25,4,50,63.65,53.76,47.94,61.07,0.0,0.0,0.0,0.0
137,35487,44.84,49.87394210787066,0.9319871655588964,0,21,4,50,44.83,45.7,43.31,45.51,0.0,0.0,0.0,0.0
138,34681,61.53,52.437767551748045,0.8713249846444971,0,23,4,50,57.92,58.62,60.78,68.8,0.0,0.0,0.0,0.0
139,35890,52.26,51.69789877735715,0.9161995735703364,0,20,4,50,51.59,61.23,45.1,51.13,0.0,0.0,0.0,0.0
140,35084,48.26,51.50532932245573,0.8573191217016751,0,22,4,50,50.91,51.17,46.54,44.44,0.0,0.0,0.0,0.0
141,34681,47.74,52.10289017173016,0.8836624014938108,0,23,4,50,50.66,53.67,44.82,41.81,0.0,0.0,0.0,0.0
142,34278,50.94,49.850893614291294,0.8402408610463962,0,24,4,50,48.25,48.16,51.04,56.32,0.0,0.0,0.0,0.0
143,33875,71.52,50.29344140592468,0.9705324175310948,0,25,4,50,56.72,79.38,71.3,78.7,0.0,0.0,0.0,0.0
144,33875,45.68,48.56102954061236,0.8255894433815918,0,25,4,50,38.64,42.61,47.53,53.95,0.0,0.0,0.0,0.0
145,33875,44.98,50.96274427689713,0.8765026457479098,0,25,4,50,43.35,44.25,45.5,46.84,0.0,0.0,0.0,0.0
146,35890,41.0,51.29072970245874,0.8720748795539941,0,20,4,50,38.77,44.25,38.67,42.31,0.0,0.0,0.0,0.0
147,35890,46.76,50.580727357824,0.7874746510532499,0,20,4,50,43.41,47.04,46.12,50.47,0.0,0.0,0.0,0.0
148,35890,51.63,48.72782593081988,0.8689308386741947,0,20,4,50,55.35,41.69,59.15,50.33,0.0,0.0,0.0,0.0
149,36293,64.65,49.55346478394016,0.8913179380847327,0,19,4,50,72.09,69.17,59.59,57.74,0.0,0.0,0.0,0.0
150,35084,72.5,48.54789015674332,0.9175859373246864,0,22,4,50,72.79,79.9,65.67,71.65,0.0,0.0,0.0,0.0
151,35487,39.96,50.11315807390744,0.9228503362315832,0,21,4,50,36.63,38.21,39.38,45.62,0.0,0.0,0.0,0.0
152,37099,55.84,49.9289075002667,0.9031971272624384,0,17,4,50,51.25,56.74,59.1,56.26,0.0,0.0,0.0,0.0
153,36696,60.73,53.47736063344151,0.8108526171684336,0,18,4,50,57.16,55.41,63.41,66.94,0.0,0.0,0.0,0.0
154,34681,51.25,50.84729182257493,0.8784467667125291,0,23,4,50,55.6,44.25,53.67,51.48,0.0,0.0,0.0,0.0
155,33875,64.25,49.67889969124897,0.8520877953713394,0,25,4,50,64.34,62.37,66.45,63.85,0.0,0.0,0.0,0.0
156,35890,45.18,49.88377951628353,0.8413250916063015,0,20,4,50,46.84,41.42,44.37,48.08,0.0,0.0,0.0,0.0
157,35890,53.7,50.061113839697846,0.9849310675945336,0,20,4,50,57.71,50.59,55.94,50.55,0.0,0.0,0.0,0.0
158,35487,45.08,48.32252126990904,0.8702445636060869,0,21,4,50,50.65,41.46,42.8,45.39,0.0,0.0,0.0,0.0
159,33875,46.6,49.28507759106149,0.873519119050292,0,25,4,50,44.0,43.98,53.66,44.76,0.0,0.0,0.0,0.0
160,36293,39.5,52.11562395854099,0.8607864875921819,0,19,4,50,42.29,39.01,35.91,40.8,0.0,0.0,0.0,0.0
161,35084,37.24,51.57399723749133,0.7904300483676874,0,22,4,50,44.85,32.11,39.5,32.51,0.0,0.0,0.0,0.0
162,34681,49.86,49.132872352032535,0.791663619147271,0,23,4,50,52.38,50.8,47.74,48.53,0.0,0.0,0.0,0.0
163,36293,57.68,47.86968953460595,0.8017185365785384,0,19,4,50,53.11,56.77,63.2,57.66,0.0,0.0,0.0,0.0
164,37502,44.96,48.55248970504308,0.9526833182783632,0,16,4,50,48.11,47.51,40.69,43.53,0.0,0.0,0.0,0.0
165,33875,31.6,49.284942627697895,0.9032142653116564,0,25,4,50,31.87,36.01,30.38,28.13,0.0,0.0,0.0,0.0
166,35890,67.69,48.10574776458291,0.8072141548717251,0,20,4,50,64.92,74.3,60.42,71.11,0.0,0.0,0.0,0.0
167,35487,68.92,51.91649490073175,0.9619330080409852,0,21,4,50,64.61,72.09,66.97,72.03,0.0,0.0,0.0,0.0
168,34681,53.09,49.4521423514997,0.8128348471072755,0,23,4,50,56.84,51.73,49.61,54.17,0.0,0.0,0.0,0.0
169,37099,71.92,49.42243151494469,0.8630635496322334,0,17,4,50,77.17,70.06,67.55,72.88,0.0,0.0,0.0,0.0
170,33875,56.28,51.520084562270775,0.9151094852555228,0,25,4,50,52.21,56.74,52.58,63.61,0.0,0.0,0.0,0.0
171,37905,54.44,52.50450565672153,0.8530873475527954,0,15,4,50,55.09,51.79,51.67,59.21,0.0,0.0,0.0,0.0
172,33875,53.22,51.03450499993903,0.8328113022121069,0,25,4,50,48.89,56.81,49.32,57.85,0.0,0.0,0.0,0.0
173,33875,65.91,51.82665259465029,0.8593045518069595,0,25,4,50,63.47,61.89,73.67,64.6,0.0,0.0,0.0,0.0
174,36293,34.83,48.98314989644096,0.7747915006138648,0,19,4,50,31.84,35.09,41.21,31.18,0.0,0.0,0.0,0.0
175,35890,51.63,50.42156144321526,0.8567108929068703,0,20,4,50,43.38,49.24,57.06,56.84,0.0,0.0,0.0,0.0
176,36293,56.31,52.36018664355605,0.766215735294086,0,19,4,50,62.55,60.85,54.88,46.97,0.0,0.0,0.0,0.0
177,33875,40.83,49.47127291430562,0.8280723044964142,0,25,4,50,38.71,36.91,42.46,45.24,0.0,0.0,0.0,0.0
178,35487,56.42,49.23964149253527,0.7591819816421916,0,21,4,50,48.39,55.97,61.55,59.76,0.0,0.0,0.0,0.0
179,35487,49.0,47.90703929394186,0.8754910298173636,0,21,4,50,49.42,50.81,49.13,46.63,0.0,0.0,0.0,0.0
180,37099,60.1,48.52718202063508,0.9043434636095958,0,17,4,50,55.19,61.53,68.12,55.56,0.0,0.0,0.0,0.0
181,34278,61.48,48.20500604149547,0.8552852159707242,0,24,4,50,66.07,62.79,53.41,63.65,0.0,0.0,0.0,0.0
182,35487,48.95,51.18189855403492,0.864208433771159,0,21,4,50,52.18,47.36,46.01,50.25,0.0,0.0,0.0,0.0
183,35890,55.79,49.465537645161575,0.8626332716467278,0,20,4,50,51.42,57.69,56.53,57.52,0.0,0.0,0.0,0.0
184,33875,56.62,52.17316887400748,0.8539790955659043,0,25,4,50,51.45,51.18,60.31,63.55,0.0,0.0,0.0,0.0
185,35890,48.18,49.86598791247311,0.8438329167543613,0,20,4,50,51.35,47.09,52.21,42.08,0.0,0.0,0.0,0.0
186,36696,48.63,51.7159987596146,0.8677403369597858,0,18,4,50,45.7,45.58,46.6,56.63,0.0,0.0,0.0,0.0
187,34278,59.65,50.28246964106375,0.8949409081002473,0,24,4,50,55.17,55.21,66.11,62.12,0.0,0.0,0.0,0.0
188,34681,55.58,51.16989455021344,0.8787365772763932,0,23,4,50,55.04,57.42,58.66,51.21,0.0,0.0,0.0,0.0
189,36696,39.84,50.00943191404205,0.8320592067960584,0,18,4,50,37.27,39.92,35.69,46.5,0.0,0.0,0.0,0.0
190,33875,56.26,47.618143537157,0.86862153553057,0,25,4,50,54.22,52.72,60.03,58.05,0.0,0.0,0.0,0.0
191,37502,73.29,51.34259759409224,0.890685393476932,0,16,4,50,72.3,79.11,68.3,73.47,0.0,0.0,0.0,0.0
192,35084,40.38,49.75757751152656,0.8499234415645135,0,22,4,50,38.01,38.05,45.63,39.81,0.0,0.0,0.0,0.0
193,35890,37.4,51.23552842451897,0.8756504084253449,0,20,4,50,38.12,32.72,42.7,36.04,0.0,0.0,0.0,0.0
194,33875,44.44,48.33065526767171,0.8601104982778447,0,25,4,50,43.62,42.9,41.53,49.73,0.0,0.0,0.0,0.0
195,33875,49.06,52.64492868454677,0.9551138612706216,0,25,4,50,46.52,48.76,46.32,54.62,0.0,0.0,0.0,0.0
196,37502,55.46,46.153076850131285,0.9035319586594832,0,16,4,50,58.24,55.03,52.85,55.74,0.0,0.0,0.0,0.0
197,35487,45.53,49.87914394058668,0.942106163931662,0,21,4,50,42.56,49.23,51.32,39.01,0.0,0.0,0.0,0.0
198,35890,55.68,50.54537205544708,0.8770679993140861,0,20,4,50,51.07,56.07,55.12,60.45,0.0,0.0,0.0,0.0
199,33875,68.35,50.45959036757468,0.8525939472382016,0,25,4,50,63.28,70.07,62.3,77.76,0.0,0.0,0.0,0.0
200,33875,44.1,50.48003099918983,0.8328597774303901,0,25,4,50,40.59,47.18,42.0,46.64,0.0,0.0,0.0,0.0
201,33875,66.6,51.11629392166584,0.8579211412445656,0,25,4,50,71.56,64.68,57.25,72.89,0.0,0.0,0.0,0.0
202,36293,58.1,49.67679083034791,0.8487102835184781,0,19,4,50,57.16,56.24,63.55,55.46,0.0,0.0,0.0,0.0
203,35084,43.42,50.46718103341052,0.8180275417047205,0,22,4,50,48.25,44.33,36.09,45.0,0.0,0.0,0.0,0.0
204,35890,62.12,52.93761500413412,0.8366870661256223,0,20,4,50,66.05,61.11,56.63,64.69,0.0,0.0,0.0,0.0
205,34278,45.58,50.90280670313704,0.7479883417972074,0,24,4,50,42.48,45.33,47.28,47.22,0.0,0.0,0.0,0.0
206,34681,47.08,50.3340679486499,0.8363879261383138,0,23,4,50,47.07,47.99,46.82,46.42,0.0,0.0,0.0,0.0
207,36293,43.7,49.81937716400297,0.8726989760949645,0,19,4,50,44.7,41.5,47.83,40.79,0.0,0.0,0.0,0.0
208,37099,41.37,49.91019444426471,0.8319709681854617,0,17,4,50,43.56,40.49,37.14,44.28,0.0,0.0,0.0,0.0
209,33875,56.69,50.89619518090456,0.8666850685951172,0,25,4,50,50.65,64.38,51.26,60.47,0.0,0.0,0.0,0.0
210,33875,54.2,49.49903901491746,0.7746439677082043,0,25,4,50,56.58,61.06,43.86,55.29,0.0,0.0,0.0,0.0
211,34681,47.4,51.82570684321621,0.7628879321738662,0,23,4,50,43.8,51.79,42.62,51.37,0.0,0.0,0.0,0.0
212,33875,53.32,50.51365748317058,0.8632234117027299,0,25,4,50,48.77,47.73,58.08,58.72,0.0,0.0,0.0,0.0
213,38308,58.26,51.849859700852896,0.8601416419644826,0,14,4,50,60.29,57.06,62.49,53.19,0.0,0.0,0.0,0.0
214,35084,44.76,48.128201472081976,0.8787592213002725,0,22,4,50,43.84,45.98,41.59,47.64,0.0,0.0,0.0,0.0
215,33875,69.61,50.176175098277376,0.8060394811628092,0,25,4,50,73.34,74.84,62.14,68.12,0.0,0.0,0.0,0.0
216,34278,45.06,51.760692846555,0.8547840483355482,0,24,4,50,49.42,41.36,40.62,48.82,0.0,0.0,0.0,0.0
217,35487,51.35,50.35259894311002,0.8120867494062709,0,21,4,50,56.91,48.4,51.3,48.8,0.0,0.0,0.0,0.0
218,34681,51.98,50.59538641851177,0.8337488129002157,0,23,4,50,57.57,48.65,49.54,52.17,0.0,0.0,0.0,0.0
219,34278,38.78,51.89122877620755,0.7809054822811042,0,24,4,50,33.88,39.75,40.39,41.11,0.0,0.0,0.0,0.0
220,36293,46.29,50.65334396552145,0.8973042750516277,0,19,4,50,48.72,47.13,45.07,44.26,0.0,0.0,0.0,0.0
221,33875,47.07,47.88004521305486,0.866916945812524,0,25,4,50,48.75,50.41,48.27,40.84,0.0,0.0,0.0,0.0
222,34681,63.36,48.54336602562063,0.8422498924824391,0,23,4,50,66.8,69.71,59.62,57.29,0.0,0.0,0.0,0.0
223,33875,45.86,50.43059861652287,0.8913726557647232,0,25,4,50,46.67,49.76,42.3,44.71,0.0,0.0,0.0,0.0
224,35084,40.17,51.8875852615179,0.8784675370435359,0,22,4,50,41.62,42.54,41.23,35.29,0.0,0.0,0.0,0.0
225,34278,67.47,50.15977987756143,0.8916065974309877,0,24,4,50,70.09,60.91,69.24,69.65,0.0,0.0,0.0,0.0
226,37502,72.24,50.08328979155406,0.7479471756942841,0,16,4,50,74.78,74.24,70.33,69.63,0.0,0.0,0.0,0.0
227,36696,43.81,50.15731458797438,0.874410720921945,0,18,4,50,45.84,48.56,38.65,42.19,0.0,0.0,0.0,0.0
228,35487,49.42,50.39721279076885,0.8823614959471545,0,21,4,50,46.06,50.79,49.27,51.58,0.0,0.0,0.0,0.0
229,35890,65.68,50.438222419158215,0.8502187776850838,0,20,4,50,65.19,75.17,63.17,59.17,0.0,0.0,0.0,0.0
230,37502,48.24,51.08338020877564,0.8053535503194305,0,16,4,50,41.86,52.95,49.66,48.47,0.0,0.0,0.0,0.0
231,38711,59.35,47.0797132858455,0.8503537421211738,0,13,4,50,65.41,59.77,52.56,59.67,0.0,0.0,0.0,0.0
232,38308,61.66,48.20352459536575,0.8733019685501977,0,14,4,50,56.86,69.22,62.39,58.15,0.0,0.0,0.0,0.0
233,37099,54.13,51.21399007277659,0.88741547209043,0,17,4,50,56.61,55.12,48.6,56.18,0.0,0.0,0.0,0.0
234,35890,48.04,47.00687688437871,0.8938318300065567,0,20,4,50,43.64,50.48,52.62,45.42,0.0,0.0,0.0,0.0
235,34278,56.86,48.664610279991685,0.8919497045168118,0,24,4,50,56.04,59.19,56.37,55.85,0.0,0.0,0.0,0.0
236,38308,53.85,47.85354859936111,0.8954176596914056,0,14,4,50,57.59,56.8,46.34,54.68,0.0,0.0,0.0,0.0
237,35487,52.66,50.51843541868848,0.8417529104990326,0,21,4,50,49.29,51.62,52.46,57.28,0.0,0.0,0.0,0.0
238,34278,50.11,50.37340253242507,0.8746452742107442,0,24,4,50,45.81,45.92,53.86,54.84,0.0,0.0,0.0,0.0
239,37502,49.34,48.70653391809256,0.8785686689120282,0,16,4,50,53.23,45.35,47.86,50.9,0.0,0.0,0.0,0.0
240,35890,68.51,49.88764939052096,0.9151685539507656,0,20,4,50,65.51,76.06,68.8,63.66,0.0,0.0,0.0,0.0
241,33875,63.04,50.54862911002655,0.8347034366953795,0,25,4,50,62.46,62.9,62.82,63.99,0.0,0.0,0.0,0.0
242,33875,44.33,52.11095338095808,0.7959154228104041,0,25,4,50,46.66,40.06,43.21,47.4,0.0,0.0,0.0,0.0
243,34278,62.79,49.87499477853994,0.8693532165191066,0,24,4,50,64.45,66.43,63.99,56.3,0.0,0.0,0.0,0.0
244,34278,54.26,52.08311560795398,0.8127234104501639,0,24,4,50,56.6,61.28,50.43,48.71,0.0,0.0,0.0,0.0
245,37099,46.36,51.19212782167566,0.885959014325733,0,17,4,50,45.44,53.84,44.55,41.61,0.0,0.0,0.0,0.0
246,37905,50.02,50.57531779469688,0.8556302760584534,0,15,4,50,46.61,52.07,52.9,48.5,0.0,0.0,0.0,0.0
247,34681,60.57,49.68794201912471,0.8262196538015186,0,23,4,50,54.97,65.5,53.02,68.79,0.0,0.0,0.0,0.0
248,33875,46.91,50.62128907971666,0.8523916240463042,0,25,4,50,53.35,41.72,41.28,51.29,0.0,0.0,0.0,0.0
249,35084,49.52,50.49215079677311,0.7652783786206405,0,22,4,50,46.57,46.85,53.89,50.78,0.0,0.0,0.0,0.0
250,37905,56.6,47.85724640933268,0.8363648256684544,0,15,4,50,60.28,61.59,51.93,52.62,0.0,0.0,0.0,0.0
251,35890,42.87,49.30677009440824,0.835759510067117,0,20,4,50,43.95,37.31,49.11,41.1,0.0,0.0,0.0,0.0
252,35084,53.82,50.824634826740485,0.9008432226093336,0,22,4,50,51.56,49.69,54.9,59.11,0.0,0.0,0.0,0.0
253,37099,22.55,48.3836815477025,0.8706167950603374,0,17,4,50,22.13,23.31,20.43,24.33,0.0,0.0,0.0,0.0
254,34681,44.35,48.600890729421074,0.8713247420482318,0,23,4,50,43.23,44.09,47.84,42.24,0.0,0.0,0.0,0.0
255,37099,57.12,49.51982848508995,0.902296091883156,0,17,4,50,57.28,52.71,53.6,64.9,0.0,0.0,0.0,0.0
256,36696,50.13,50.96121094268069,0.8182049073090424,0,18,4,50,58.56,54.2,45.07,42.7,0.0,0.0,0.0,0.0
257,37099,63.67,47.947892234156406,0.8092703921984911,0,17,4,50,63.5,57.63,64.34,69.21,0.0,0.0,0.0,0.0
258,36696,58.18,51.78482195947435,0.7943904766565778,0,18,4,50,62.51,58.62,53.95,57.66,0.0,0.0,0.0,0.0
259,37099,51.66,52.19150236073078,0.846124502825222,0,17,4,50,51.13,51.38,50.94,53.18,0.0,0.0,0.0,0.0
260,35084,61.42,49.21098704483612,0.8302509893063762,0,22,4,50,62.94,62.07,55.45,65.21,0.0,0.0,0.0,0.0
261,37905,35.24,52.06488765425099,0.8967667869579914,0,15,4,50,33.69,36.75,33.71,36.82,0.0,0.0,0.0,0.0
262,35084,50.78,49.68819673250557,0.9043387553936508,0,22,4,50,49.63,54.18,54.49,44.82,0.0,0.0,0.0,0.0
263,34681,40.76,50.77422437494392,0.7407901769996965,0,23,4,50,35.24,44.77,40.23,42.8,0.0,0.0,0.0,0.0
264,38711,57.24,50.84005191195816,0.8023888075834978,0,13,4,50,59.71,53.46,50.71,65.09,0.0,0.0,0.0,0.0
265,33875,61.5,51.26012075005266,0.9096032762390032,0,25,4,50,57.89,63.98,57.82,66.31,0.0,0.0,0.0,0.0
266,34278,41.05,51.70306986482783,0.9042160726339484,0,24,4,50,45.37,44.02,34.47,40.34,0.0,0.0,0.0,0.0
267,37502,46.68,50.52565958359147,0.928449329781482,0,16,4,50,52.25,39.47,50.75,44.25,0.0,0.0,0.0,0.0
268,38711,72.92,48.42860601109455,0.7699515359811926,0,13,4,50,67.89,69.17,81.02,73.6,0.0,0.0,0.0,0.0
269,35890,65.56,51.35485684486493,0.8891484473271496,0,20,4,50,72.41,53.88,73.82,62.15,0.0,0.0,0.0,0.0
270,35487,52.57,52.84544372025162,0.8531429431920432,0,21,4,50,43.81,50.64,59.87,55.95,0.0,0.0,0.0,0.0
271,37502,52.06,50.15454602282188,0.7809659015706771,0,16,4,50,50.82,55.72,53.6,48.11,0.0,0.0,0.0,0.0
272,33875,51.39,48.70513065192132,0.8254313900352309,0,25,4,50,54.7,49.98,53.37,47.52,0.0,0.0,0.0,0.0
273,33875,44.31,50.154395922277736,0.9018338868775024,0,25,4,50,43.56,38.78,53.45,41.44,0.0,0.0,0.0,0.0
274,35084,49.98,49.55000387448661,0.6948051739284005,0,22,4,50,47.86,48.86,52.42,50.78,0.0,0.0,0.0,0.0
275,37099,52.98,52.01553302623501,0.8800183431824592,0,17,4,50,58.47,59.4,50.37,43.7,0.0,0.0,0.0,0.0
276,35487,61.94,51.38156073080305,0.854675793684262,0,21,4,50,65.29,52.86,63.1,66.5,0.0,0.0,0.0,0.0
277,35890,42.17,51.83250480215354,0.782459836208206,0,20,4,50,45.22,42.93,40.82,39.7,0.0,0.0,0.0,0.0
278,35084,57.91,46.13036521734452,0.8540702638729429,0,22,4,50,49.35,64.1,63.26,54.93,0.0,0.0,0.0,0.0
279,37502,51.04,50.88561443286167,0.8426487338096506,0,16,4,50,55.47,45.31,51.81,51.55,0.0,0.0,0.0,0.0
280,37502,61.72,50.439041677655,0.7959530312913855,0,16,4,50,67.87,53.02,69.3,56.69,0.0,0.0,0.0,0.0
281,35084,42.73,49.8467569612348,0.8757998803825428,0,22,4,50,48.07,39.6,45.27,37.99,0.0,0.0,0.0,0.0
282,35890,68.22,50.45487251045652,0.7972030960797025,0,20,4,50,67.06,70.78,72.76,62.26,0.0,0.0,0.0,0.0
283,34681,60.03,51.71363834726358,0.8343110740940308,0,23,4,50,61.98,58.39,58.93,60.81,0.0,0.0,0.0,0.0
284,36696,59.08,52.67696007088946,0.9346832772252364,0,18,4,50,56.97,63.93,61.04,54.38,0.0,0.0,0.0,0.0
285,33875,39.58,50.58001999780403,0.8364050412561492,0,25,4,50,39.28,39.03,42.32,37.68,0.0,0.0,0.0,0.0
286,34278,34.7,51.30797575121483,0.922193184313426,0,24,4,50,37.67,33.14,34.27,33.72,0.0,0.0,0.0,0.0
287,36293,56.69,47.65471530402122,0.76929355341321,0,19,4,50,56.4,53.52,62.73,54.11,0.0,0.0,0.0,0.0
288,38308,66.61,49.199571690032,0.8404769930559619,0,14,4,50,71.45,71.48,71.0,52.5,0.0,0.0,0.0,0.0
289,38711,53.59,50.05942710146821,0.8713111996703649,0,13,4,50,51.1,61.65,48.94,52.68,0.0,0.0,0.0,0.0
290,34681,42.48,48.25342477752805,0.810544065506728,0,23,4,50,40.45,50.55,39.54,39.39,0.0,0.0,0.0,0.0
291,38711,62.11,48.19288050962267,0.8932585499977315,0,13,4,50,52.92,55.71,68.87,70.95,0.0,0.0,0.0,0.0
292,35487,43.7,49.26657219905778,0.759312742351385,0,21,4,50,49.3,41.92,45.4,38.2,0.0,0.0,0.0,0.0
293,35084,43.59,49.14614478289933,0.8706866831010699,0,22,4,50,49.91,42.73,41.41,40.32,0.0,0.0,0.0,0.0
294,35084,48.98,50.18012864830391,0.8280260712643015,0,22,4,50,51.41,45.92,44.67,53.9,0.0,0.0,0.0,0.0
295,34681,54.17,48.224224485979,0.8746171140044927,0,23,4,50,56.19,43.77,59.88,56.83,0.0,0.0,0.0,0.0
296,35084,61.34,49.43518637123455,0.9031528999705192,0,22,4,50,54.6,61.45,58.28,71.01,0.0,0.0,0.0,0.0
297,34681,79.77,51.953328417527,0.9238929518786674,0,23,4,50,82.29,76.19,77.11,83.49,0.0,0.0,0.0,0.0
298,35084,62.52,52.88897467527185,0.8536270981107854,0,22,4,50,57.49,53.59,68.3,70.71,0.0,0.0,0.0,0.0
299,34681,62.96,51.42411912534153,0.7867273380747764,0,23,4,50,67.93,54.27,64.36,65.3,0.0,0.0,0.0,0.0
300,34278,48.86,51.84206620413824,0.8282197215332032,0,24,4,50,43.21,59.82,44.93,47.47,0.0,0.0,0.0,0.0
301,35487,63.71,49.225965819033625,0.853793852481449,0,21,4,50,65.29,55.05,67.45,67.06,0.0,0.0,0.0,0.0
302,35890,54.98,49.75158386108517,0.8339408760219195,0,20,4,50,57.36,54.95,52.28,55.31,0.0,0.0,0.0,0.0
303,39114,73.94,50.39512757847642,0.8429349728307503,0,12,4,50,70.52,74.73,76.81,73.68,0.0,0.0,0.0,0.0
304,37905,49.25,47.880542690418565,0.8107034282626668,0,15,4,50,48.51,42.75,56.38,49.36,0.0,0.0,0.0,0.0
305,37099,62.18,49.962744453062186,0.7652410132078277,0,17,4,50,60.56,68.19,58.73,61.24,0.0,0.0,0.0,0.0
306,35890,47.71,48.857282653550726,0.8627715469776799,0,20,4,50,44.96,47.82,53.58,44.46,0.0,0.0,0.0,0.0
307,34681,49.34,50.67023123613436,0.8361323218581156,0,23,4,50,53.72,45.25,47.95,50.43,0.0,0.0,0.0,0.0
308,35084,47.56,51.60161977476855,0.8772270102670667,0,22,4,50,46.21,47.26,45.59,51.17,0.0,0.0,0.0,0.0
309,36696,70.34,51.75167223796937,0.8094082977346396,0,18,4,50,63.89,77.39,68.07,72.01,0.0,0.0,0.0,0.0
310,34681,28.42,50.30373586825085,0.8055098615067685,0,23,4,50,28.88,32.61,24.41,27.78,0.0,0.0,0.0,0.0
311,37099,46.31,49.34048978116446,1.002578060770692,0,17,4,50,44.97,45.76,42.29,52.22,0.0,0.0,0.0,0.0
312,35487,46.89,51.04926011387161,0.8282766046143055,0,21,4,50,42.55,49.78,45.09,50.12,0.0,0.0,0.0,0.0
313,33875,57.08,53.61118924196532,0.8162563607104889,0,25,4,50,57.6,61.22,53.88,55.63,0.0,0.0,0.0,0.0
314,37905,40.06,48.76650839884769,0.8081118061114227,0,15,4,50,39.66,40.32,41.57,38.68,0.0,0.0,0.0,0.0
315,35890,44.21,50.60625030567083,0.9221147205097672,0,20,4,50,38.6,49.53,46.61,42.09,0.0,0.0,0.0,0.0
316,34681,50.18,50.57927989584793,0.838450069126019,0,23,4,50,44.61,52.39,48.81,54.93,0.0,0.0,0.0,0.0
317,35890,52.89,51.25849871531354,0.7984946442911661,0,20,4,50,48.02,55.33,55.11,53.11,0.0,0.0,0.0,0.0
318,37905,42.44,50.6254920751953,0.8686165880625568,0,15,4,50,42.89,42.62,46.08,38.17,0.0,0.0,0.0,0.0
319,36293,44.65,49.96284432205702,0.8785398143722981,0,19,4,50,46.34,40.21,47.49,44.55,0.0,0.0,0.0,0.0
320,35487,62.96,51.73983640551244,0.8655824633983364,0,21,4,50,65.29,62.96,64.95,58.64,0.0,0.0,0.0,0.0
321,34278,59.15,50.005358399696775,0.8091129224037412,0,24,4,50,55.43,49.78,67.58,63.8,0.0,0.0,0.0,0.0
322,34681,48.2,50.37351862452768,0.8496486746540698,0,23,4,50,50.4,45.78,52.74,43.86,0.0,0.0,0.0,0.0
323,37905,59.78,51.302259293941326,0.8853083837211914,0,15,4,50,57.84,59.74,57.28,64.25,0.0,0.0,0.0,0.0
324,37905,46.24,49.893882511699694,0.8314799318948505,0,15,4,50,50.12,46.61,42.67,45.55,0.0,0.0,0.0,0.0
325,34278,45.0,51.58911771267727,0.874896595640074,0,24,4,50,47.04,45.2,45.05,42.71,0.0,0.0,0.0,0.0
326,35084,65.2,53.16936233063549,0.8342687483449565,0,22,4,50,59.19,65.86,71.12,64.64,0.0,0.0,0.0,0.0
327,36696,48.28,48.42700741372754,0.8690803455033116,0,18,4,50,55.58,43.04,48.51,46.01,0.0,0.0,0.0,0.0
328,36293,55.52,49.64325727601384,0.8310924431339981,0,19,4,50,58.94,56.79,53.93,52.44,0.0,0.0,0.0,0.0
329,35487,52.06,50.42447094234133,0.7843449667279269,0,21,4,50,47.31,55.72,50.84,54.36,0.0,0.0,0.0,0.0
330,38308,50.76,50.30274876395004,0.8731730609199674,0,14,4,50,47.37,57.75,47.8,50.11,0.0,0.0,0.0,0.0
331,35890,49.91,49.65742477338102,0.8792735110810513,0,20,4,50,44.17,48.93,57.92,48.64,0.0,0.0,0.0,0.0
332,36696,72.86,51.44307732799327,0.807003379188777,0,18,4,50,70.47,79.61,69.28,72.1,0.0,0.0,0.0,0.0
333,33875,38.86,50.57947939526618,0.8565163467938613,0,25,4,50,40.77,38.01,34.44,42.23,0.0,0.0,0.0,0.0
334,37099,54.97,50.91008977590515,0.8404770143282173,0,17,4,50,51.55,54.49,64.68,49.17,0.0,0.0,0.0,0.0
335,35487,62.35,51.51128759752714,0.8339249135413807,0,21,4,50,53.01,65.07,65.27,66.04,0.0,0.0,0.0,0.0
336,35890,56.22,51.2265224278936,0.9007002620747888,0,20,4,50,50.35,63.06,60.04,51.43,0.0,0.0,0.0,0.0
337,33875,51.87,49.89123803008192,0.8529654544905786,0,25,4,50,47.57,44.85,57.38,57.67,0.0,0.0,0.0,0.0
338,37099,48.13,49.735688866092126,0.8865995777551552,0,17,4,50,51.84,46.68,53.83,40.16,0.0,0.0,0.0,0.0
339,38711,30.32,50.288319662676095,0.8018726302822838,0,13,4,50,31.34,26.99,34.78,28.15,0.0,0.0,0.0,0.0
340,36696,50.01,51.05124966704185,0.890686372919895,0,18,4,50,44.15,56.07,45.36,54.48,0.0,0.0,0.0,0.0
341,34681,64.11,49.720103499010186,0.7738331050999311,0,23,4,50,63.85,67.16,64.05,61.4,0.0,0.0,0.0,0.0
342,36293,53.09,48.34898293384311,0.7876092390489131,0,19,4,50,56.09,49.71,48.68,57.86,0.0,0.0,0.0,0.0
343,35487,54.9,50.8361627414004,0.8385420306292839,0,21,4,50,52.2,63.72,49.98,53.68,0.0,0.0,0.0,0.0
344,36293,56.26,49.2140240120704,0.9002548303135305,0,19,4,50,53.0,52.29,53.38,66.37,0.0,0.0,0.0,0.0
345,34681,53.54,52.03896016259663,0.7631453758264996,0,23,4,50,52.95,50.8,63.07,47.34,0.0,0.0,0.0,0.0
346,37099,58.4,52.15036345693974,0.8742206002407771,0,17,4,50,59.5,55.61,57.69,60.8,0.0,0.0,0.0,0.0
347,35084,46.31,48.618689868725504,0.9117489543255533,0,22,4,50,47.87,48.12,41.73,47.53,0.0,0.0,0.0,0.0
348,35084,64.28,49.331254513705744,0.8609682870527925,0,22,4,50,65.23,61.36,57.73,72.78,0.0,0.0,0.0,0.0
349,36293,55.12,51.59437699973457,0.8236568330124812,0,19,4,50,62.0,52.33,54.41,51.75,0.0,0.0,0.0,0.0
350,36696,36.34,48.39270716015503,0.824297388128791,0,18,4,50,31.73,35.05,40.8,37.77,0.0,0.0,0.0,0.0
351,35487,41.68,51.264287903642256,0.8653657423419417,0,21,4,50,42.67,40.99,42.7,40.35,0.0,0.0,0.0,0.0
352,36696,45.22,48.54099887698761,0.7681951925811789,0,18,4,50,46.93,42.61,43.24,48.09,0.0,0.0,0.0,0.0
353,38711,56.14,48.64768595012308,0.8363695840963535,0,13,4,50,60.08,59.24,51.25,53.97,0.0,0.0,0.0,0.0
354,33875,41.97,51.27208844121623,0.9027657279735554,0,25,4,50,41.85,42.4,43.36,40.26,0.0,0.0,0.0,0.0
355,36696,40.01,49.10206341110543,0.8177241578026144,0,18,4,50,33.55,41.6,41.45,43.45,0.0,0.0,0.0,0.0
356,39517,64.37,50.63983216037297,0.8359710739253171,0,11,4,50,61.64,65.45,59.23,71.17,0.0,0.0,0.0,0.0
357,35487,51.31,50.77639484282069,0.8982189680212034,0,21,4,50,63.63,45.49,49.87,46.25,0.0,0.0,0.0,0.0
358,37502,57.96,52.20507563906625,0.8850485905200337,0,16,4,50,56.27,67.79,60.87,46.89,0.0,0.0,0.0,0.0
359,33875,55.22,51.70923504414203,0.8666044062093129,0,25,4,50,63.73,51.69,54.13,51.31,0.0,0.0,0.0,0.0
360,36293,47.26,51.854527313145546,0.8284519363584909,0,19,4,50,48.34,47.64,45.19,47.86,0.0,0.0,0.0,0.0
361,35890,54.05,51.89002533895128,0.7988464089354609,0,20,4,50,54.84,46.69,63.11,51.56,0.0,0.0,0.0,0.0
362,36696,60.5,49.16786575235699,0.7900822749138768,0,18,4,50,60.83,51.03,65.69,64.44,0.0,0.0,0.0,0.0
363,33875,66.66,48.90279127774701,0.8398007511315152,0,25,4,50,63.86,66.73,62.58,73.46,0.0,0.0,0.0,0.0
364,38308,50.94,53.60155614115124,0.8786214380008281,0,14,4,50,58.37,45.64,51.58,48.18,0.0,0.0,0.0,0.0
365,34681,59.34,50.67489899072898,0.871537779879923,0,23,4,50,62.85,62.96,49.9,61.67,0.0,0.0,0.0,0.0
366,33875,44.25,48.65954836972769,0.8355966400901151,0,25,4,50,44.76,39.5,47.2,45.55,0.0,0.0,0.0,0.0
367,34681,60.21,52.60105584801139,0.7961791308675118,0,23,4,50,65.36,50.3,65.4,59.78,0.0,0.0,0.0,0.0
368,36696,58.93,50.324579363442005,0.9178296390496398,0,18,4,50,53.2,62.32,53.43,66.77,0.0,0.0,0.0,0.0
369,37905,46.9,51.405575502005966,0.7999840224206878,0,15,4,50,46.14,44.46,45.15,51.84,0.0,0.0,0.0,0.0
370,34681,47.08,51.604586883699376,0.9214874689544842,0,23,4,50,55.25,41.49,46.95,44.61,0.0,0.0,0.0,0.0
371,36696,36.68,48.767580854349546,0.7980243572130625,0,18,4,50,34.34,34.96,36.58,40.83,0.0,0.0,0.0,0.0
372,37099,49.16,53.08692048699359,0.8756604925336722,0,17,4,50,46.98,53.69,47.6,48.36,0.0,0.0,0.0,0.0
373,33875,35.41,49.07176676633798,0.7900423438289509,0,25,4,50,31.5,36.08,37.91,36.14,0.0,0.0,0.0,0.0
374,35487,59.88,51.426089585598014,0.8917173096329725,0,21,4,50,56.74,61.99,57.93,62.88,0.0,0.0,0.0,0.0
375,35084,45.36,47.51635142749683,0.8124342221783158,0,22,4,50,47.29,44.82,47.75,41.56,0.0,0.0,0.0,0.0
376,37099,66.14,52.08096512908455,0.8326137647043519,0,17,4,50,66.37,62.97,68.32,66.92,0.0,0.0,0.0,0.0
377,35487,83.86,50.66256063162936,0.9180062658424352,0,21,4,50,81.59,91.04,85.24,77.55,0.0,0.0,0.0,0.0
378,35084,42.24,51.60766383052325,0.806907103686614,0,22,4,50,41.87,39.46,41.85,45.8,0.0,0.0,0.0,0.0
379,35084,55.76,51.81227380767682,0.8724159388584828,0,22,4,50,52.61,55.64,57.92,56.88,0.0,0.0,0.0,0.0
380,36696,43.1,48.23142857872188,0.7883845084318101,0,18,4,50,37.52,45.2,47.29,42.37,0.0,0.0,0.0,0.0
381,37502,66.59,53.43365252270581,0.8199908697627619,0,16,4,50,73.69,70.31,57.68,64.68,0.0,0.0,0.0,0.0
382,36696,49.78,50.82841549306416,0.8531075993749444,0,18,4,50,49.27,51.58,50.39,47.9,0.0,0.0,0.0,0.0
383,34278,50.48,48.52581389605212,0.7782206505387677,0,24,4,50,49.88,55.83,44.31,51.9,0.0,0.0,0.0,0.0
384,37502,63.5,51.023505250698,0.7801918451852485,0,16,4,50,65.79,56.99,63.83,67.39,0.0,0.0,0.0,0.0
385,35890,54.3,46.57721204217401,0.8518484826273798,0,20,4,50,57.93,48.18,57.73,53.34,0.0,0.0,0.0,0.0
386,36696,64.48,52.46561832821946,0.8760109127542435,0,18,4,50,66.86,68.85,54.04,68.16,0.0,0.0,0.0,0.0
387,36696,42.47,52.01428330673285,0.8814910200889559,0,18,4,50,44.3,44.69,35.5,45.38,0.0,0.0,0.0,0.0
388,35890,43.24,52.131263728951616,0.8032302996343199,0,20,4,50,47.18,45.99,40.3,39.48,0.0,0.0,0.0,0.0
389,36293,66.86,51.48489437037671,0.7669179398862566,0,19,4,50,62.63,70.04,63.38,71.37,0.0,0.0,0.0,0.0
390,34681,49.71,49.716642589756106,0.8103921181788076,0,23,4,50,52.76,47.69,47.53,50.86,0.0,0.0,0.0,0.0
391,33875,63.78,49.04335263843633,0.7082466523556725,0,25,4,50,69.51,69.93,52.67,63.02,0.0,0.0,0.0,0.0
392,37099,51.95,52.76174579694347,0.7282954518285875,0,17,4,50,49.27,59.0,55.84,43.67,0.0,0.0,0.0,0.0
393,34681,61.59,53.01520287897952,0.8566232273872251,0,23,4,50,52.73,68.23,61.7,63.71,0.0,0.0,0.0,0.0
394,36696,44.26,47.775155044394936,0.852207523918011,0,18,4,50,45.4,43.16,44.21,44.26,0.0,0.0,0.0,0.0
395,37099,54.95,48.7040005215611,0.8208034816757525,0,17,4,50,49.93,53.82,59.49,56.55,0.0,0.0,0.0,0.0
396,38308,58.98,49.860283082318,0.7874434230744629,0,14,4,50,57.13,65.89,57.96,54.94,0.0,0.0,0.0,0.0
397,38308,59.42,51.58834108341177,0.8504120152562535,0,14,4,50,60.52,55.4,51.95,69.81,0.0,0.0,0.0,0.0
398,36293,37.12,51.631595697809885,0.8540771301336852,0,19,4,50,36.72,35.06,37.91,38.81,0.0,0.0,0.0,0.0
399,33875,69.67,51.71786041717352,0.7832475566491481,0,25,4,50,69.93,67.95,76.05,64.75,0.0,0.0,0.0,0.0
400,36293,66.93,52.30822801442004,0.8252529393737402,0,19,4,50,51.69,70.07,73.66,72.3,0.0,0.0,0.0,0.0
401,36696,39.8,50.956351165214414,0.8571063322630391,0,18,4,50,36.85,34.98,41.73,45.64,0.0,0.0,0.0,0.0
402,35487,31.3,49.52042349707855,0.8352023902079464,0,21,4,50,28.47,29.73,32.2,34.8,0.0,0.0,0.0,0.0
403,34681,51.76,50.075320169045,0.8154410374582248,0,23,4,50,46.99,60.76,45.57,53.7,0.0,0.0,0.0,0.0
404,34278,60.26,53.41850998622428,0.7990532344874881,0,24,4,50,66.5,63.14,57.2,54.22,0.0,0.0,0.0,0.0
405,37502,31.36,49.20032609207473,0.8152399055860419,0,16,4,50,33.89,35.88,29.37,26.3,0.0,0.0,0.0,0.0
406,36696,44.81,49.744134961267,0.8514955998028828,0,18,4,50,40.03,39.14,47.65,52.41,0.0,0.0,0.0,0.0
407,35890,54.62,49.45561497379306,0.8224596635736221,0,20,4,50,53.1,57.11,52.62,55.66,0.0,0.0,0.0,0.0
408,36293,45.05,51.78528590322794,0.8367820156537646,0,19,4,50,44.1,42.24,49.31,44.56,0.0,0.0,0.0,0.0
409,37099,50.38,51.67031439281629,0.8538703141712153,0,17,4,50,60.72,46.85,47.41,46.53,0.0,0.0,0.0,0.0
410,38308,58.72,50.12216958904372,0.905614119713806,0,14,4,50,58.43,60.62,53.84,61.97,0.0,0.0,0.0,0.0
411,34681,56.91,50.27405874147233,0.8152073573439933,0,23,4,50,59.87,61.58,48.86,57.34,0.0,0.0,0.0,0.0
412,34278,57.91,48.36333161849531,0.8728801903773803,0,24,4,50,56.05,62.76,53.55,59.29,0.0,0.0,0.0,0.0
413,36696,51.52,50.09598081366316,0.8533942557644952,0,18,4,50,49.31,54.26,58.81,43.71,0.0,0.0,0.0,0.0
414,37502,64.83,51.258504413263246,0.8708561368795666,0,16,4,50,59.92,62.12,73.91,63.37,0.0,0.0,0.0,0.0
415,33875,54.06,49.15423244495096,0.7582558951425981,0,25,4,50,52.91,57.89,55.83,49.62,0.0,0.0,0.0,0.0
416,39517,79.04,52.43821534611013,0.8437753875275039,0,11,4,50,66.92,76.73,86.32,86.19,0.0,0.0,0.0,0.0
417,35084,49.5,50.846700744748446,0.7250157968806153,0,22,4,50,51.32,52.28,50.06,44.36,0.0,0.0,0.0,0.0
418,35084,38.96,50.15412161517565,0.891769309445846,0,22,4,50,40.94,40.6,34.5,39.79,0.0,0.0,0.0,0.0
419,36293,48.77,50.18710910294278,0.862998267068914,0,19,4,50,54.33,53.19,44.83,42.73,0.0,0.0,0.0,0.0
420,36696,37.98,48.39561640790308,0.9138464061208564,0,18,4,50,40.17,39.35,34.8,37.58,0.0,0.0,0.0,0.0
421,37099,55.61,52.21915548188207,0.8879010236704987,0,17,4,50,58.46,56.21,52.67,55.1,0.0,0.0,0.0,0.0
422,35890,53.35,49.1280387532944,0.7083748601521184,0,20,4,50,54.87,58.66,48.39,51.46,0.0,0.0,0.0,0.0
423,35487,49.8,50.89922431544208,0.7364926252257086,0,21,4,50,53.02,51.27,44.41,50.51,0.0,0.0,0.0,0.0
424,35084,28.05,48.67129189129015,0.8140897302458515,0,22,4,50,27.16,31.77,26.66,26.62,0.0,0.0,0.0,0.0
425,36696,43.76,51.6881867151385,0.8425956400737032,0,18,4,50,46.2,38.61,47.24,43.01,0.0,0.0,0.0,0.0
426,38308,57.29,52.9397644086465,0.872713316538511,0,14,4,50,55.97,59.29,58.03,55.87,0.0,0.0,0.0,0.0
427,36293,39.62,47.84248608317527,0.8186909386792722,0,19,4,50,43.44,37.8,38.34,38.92,0.0,0.0,0.0,0.0
428,36696,56.7,49.20654616143736,0.7359332550479136,0,18,4,50,54.26,59.02,62.53,51.0,0.0,0.0,0.0,0.0
429,36696,47.84,51.01935675544343,0.832667658765555,0,18,4,50,54.54,44.38,47.4,45.05,0.0,0.0,0.0,0.0
430,36293,37.7,47.50547441602013,0.8496110770402704,0,19,4,50,42.4,40.75,34.34,33.32,0.0,0.0,0.0,0.0
431,36696,59.77,51.69624444032943,0.8132208489425138,0,18,4,50,64.77,57.79,54.93,61.58,0.0,0.0,0.0,0.0
432,35084,53.79,49.51518531897177,0.8198323464765682,0,22,4,50,47.83,51.14,54.83,61.37,0.0,0.0,0.0,0.0
433,37502,61.13,51.29680346555062,0.8251640046087085,0,16,4,50,57.62,65.6,63.1,58.2,0.0,0.0,0.0,0.0
434,35890,44.7,52.26785894665983,0.7490912526134432,0,20,4,50,40.62,46.01,46.67,45.51,0.0,0.0,0.0,0.0
435,35084,47.96,47.90104317245893,0.7930635912565916,0,22,4,50,46.68,48.49,53.78,42.88,0.0,0.0,0.0,0.0
436,35890,43.39,49.29503363496604,0.9149847051738932,0,20,4,50,40.57,43.77,41.67,47.54,0.0,0.0,0.0,0.0
437,33875,45.61,48.9158597603825,0.7996456988273674,0,25,4,50,41.34,41.1,44.85,55.14,0.0,0.0,0.0,0.0
438,37502,83.12,50.27496032768662,0.773543980553024,0,16,4,50,78.12,87.79,84.66,81.89,0.0,0.0,0.0,0.0
439,36293,48.11,51.188795655923336,0.8740249002276679,0,19,4,50,50.48,50.8,45.08,46.07,0.0,0.0,0.0,0.0
440,37502,47.02,49.90598889042086,0.9102147198874486,0,16,4,50,51.19,43.96,49.22,43.72,0.0,0.0,0.0,0.0
441,35890,55.7,51.81937887520628,0.8982634899883649,0,20,4,50,51.96,63.31,56.75,50.79,0.0,0.0,0.0,0.0
442,37502,53.33,49.75415874296195,0.8881607980078438,0,16,4,50,54.49,49.63,54.45,54.75,0.0,0.0,0.0,0.0
443,35890,73.73,50.37610774263392,0.8003138741323923,0,20,4,50,80.65,64.3,79.52,70.46,0.0,0.0,0.0,0.0
444,36293,44.07,49.398161493855255,0.7891308164131818,0,19,4,50,47.55,41.79,37.19,49.75,0.0,0.0,0.0,0.0
445,35890,38.44,51.85900717339902,0.7561471267764408,0,20,4,50,39.07,38.21,38.97,37.49,0.0,0.0,0.0,0.0
446,33875,74.53,49.08225862745597,0.8636786919965824,0,25,4,50,65.77,86.41,65.71,80.24,0.0,0.0,0.0,0.0
447,35890,60.17,46.93982942277006,0.8276158178347586,0,20,4,50,58.59,57.41,65.16,59.51,0.0,0.0,0.0,0.0
448,35084,44.4,53.74145627699305,0.6954750271216125,0,22,4,50,45.72,43.26,38.87,49.73,0.0,0.0,0.0,0.0
449,35487,57.04,47.70684713796054,0.8698026216095457,0,21,4,50,65.8,55.22,54.79,52.37,0.0,0.0,0.0,0.0
450,33875,55.22,52.930246581337286,0.8485263408314415,0,25,4,50,49.18,59.14,61.87,50.7,0.0,0.0,0.0,0.0
451,33875,54.84,48.28043246676556,0.7946460213909361,0,25,4,50,52.06,57.73,50.79,58.79,0.0,0.0,0.0,0.0
452,37905,71.4,47.56896680056169,0.8265783889949612,0,15,4,50,75.03,63.55,73.67,73.36,0.0,0.0,0.0,0.0
453,36696,54.12,51.87141260296255,0.7845732672953659,0,18,4,50,50.85,59.28,54.6,51.75,0.0,0.0,0.0,0.0
454,36293,39.57,51.7832951970115,0.8488685199846743,0,19,4,50,38.37,33.8,41.81,44.32,0.0,0.0,0.0,0.0
455,38308,48.82,49.13545060070651,0.666977568293528,0,14,4,50,50.18,42.27,53.32,49.52,0.0,0.0,0.0,0.0
456,37099,45.48,49.94909995547521,0.8677464381605052,0,17,4,50,40.6,46.18,41.46,53.7,0.0,0.0,0.0,0.0
457,36696,42.55,51.54083964679555,0.8146631935677151,0,18,4,50,36.24,47.96,43.24,42.76,0.0,0.0,0.0,0.0
458,37099,65.62,48.198403505151234,0.8228546528682661,0,17,4,50,67.36,65.54,65.88,63.7,0.0,0.0,0.0,0.0
459,35487,59.17,50.42986917146837,0.8039452603391073,0,21,4,50,59.7,63.75,59.12,54.1,0.0,0.0,0.0,0.0
460,36293,48.06,50.074572217736986,0.8362333574135494,0,19,4,50,50.39,46.91,53.31,41.61,0.0,0.0,0.0,0.0
461,36293,49.38,47.77244772097499,0.8183628723670942,0,19,4,50,47.92,51.28,49.21,49.13,0.0,0.0,0.0,0.0
462,35084,42.53,52.4560135134733,0.8879919404248575,0,22,4,50,46.31,44.64,40.43,38.74,0.0,0.0,0.0,0.0
463,33875,38.89,49.16127414488079,0.8667938368425134,0,25,4,50,40.51,41.41,38.48,35.17,0.0,0.0,0.0,0.0
464,38711,38.58,50.26005498565123,0.8837451617379601,0,13,4,50,36.91,35.56,39.99,41.86,0.0,0.0,0.0,0.0
465,33875,57.62,51.11405453250912,0.7893399157418184,0,25,4,50,51.07,54.72,63.95,60.72,0.0,0.0,0.0,0.0
466,33875,62.83,48.275653451089504,0.7872447732995449,0,25,4,50,61.34,66.13,62.83,61.01,0.0,0.0,0.0,0.0
467,37905,54.59,48.337728157121205,0.824616951752981,0,15,4,50,53.05,56.44,56.44,52.42,0.0,0.0,0.0,0.0
468,36293,56.84,49.59768583607403,0.8232296742318893,0,19,4,50,57.55,49.24,61.9,58.68,0.0,0.0,0.0,0.0
469,36293,40.51,51.68972568001687,0.789408638548222,0,19,4,50,34.42,43.01,41.68,42.92,0.0,0.0,0.0,0.0
470,37502,63.91,49.66052211324725,0.8151591994132378,0,16,4,50,61.7,58.9,64.75,70.29,0.0,0.0,0.0,0.0
471,37099,60.43,50.424058983160265,0.8257993187089367,0,17,4,50,62.41,62.39,58.23,58.68,0.0,0.0,0.0,0.0
472,37905,52.96,49.65187956043683,0.7717806003568428,0,15,4,50,48.28,57.12,54.03,52.4,0.0,0.0,0.0,0.0
473,35487,60.05,51.83187676911029,0.8251737239022792,0,21,4,50,60.77,52.51,65.1,61.81,0.0,0.0,0.0,0.0
474,36293,56.17,48.320514984630336,0.8420098923824966,0,19,4,50,59.0,48.83,50.66,66.19,0.0,0.0,0.0,0.0
475,36696,38.26,50.741529206420864,0.8366070157565212,0,18,4,50,41.02,33.89,36.24,41.88,0.0,0.0,0.0,0.0
476,36696,48.32,49.36671987914841,0.8259114788263998,0,18,4,50,46.97,48.04,45.01,53.26,0.0,0.0,0.0,0.0
477,35487,66.31,49.38113222522514,0.7701577054540284,0,21,4,50,75.44,61.09,71.85,56.86,0.0,0.0,0.0,0.0
478,35487,49.74,51.72639792023871,0.7893393261407964,0,21,4,50,50.65,44.85,53.4,50.04,0.0,0.0,0.0,0.0
479,38308,39.1,53.09036302647946,0.7475353164736519,0,14,4,50,41.37,40.07,35.1,39.84,0.0,0.0,0.0,0.0
480,33875,39.83,49.26458822350165,0.8128814612962821,0,25,4,50,39.88,36.54,34.64,48.24,0.0,0.0,0.0,0.0
481,37905,49.77,51.45679670539326,0.9322852917389896,0,15,4,50,52.15,48.08,53.25,45.59,0.0,0.0,0.0,0.0
482,36696,45.75,50.85040674206439,0.794984612764858,0,18,4,50,46.34,39.52,49.25,47.89,0.0,0.0,0.0,0.0
483,37905,61.3,52.59606820012405,0.773718445402503,0,15,4,50,60.06,58.53,56.6,70.01,0.0,0.0,0.0,0.0
484,33875,46.69,47.46389300064765,0.7754978056250146,0,25,4,50,50.05,43.69,50.32,42.7,0.0,0.0,0.0,0.0
485,37099,68.0,48.43060781349244,0.7816362863622756,0,17,4,50,70.32,62.71,74.34,64.61,0.0,0.0,0.0,0.0
486,36293,67.2,51.56227621545442,0.7453644824779295,0,19,4,50,69.0,71.78,62.25,65.76,0.0,0.0,0.0,0.0
487,37502,46.99,47.12464347512252,0.8684346731550595,0,16,4,50,52.26,51.39,43.68,40.63,0.0,0.0,0.0,0.0
488,37099,42.05,51.01537760050995,0.8808389762306309,0,17,4,50,39.67,44.72,45.42,38.38,0.0,0.0,0.0,0.0
489,37905,69.7,49.260462676846025,0.8337161868146169,0,15,4,50,71.27,67.37,69.83,70.34,0.0,0.0,0.0,0.0
490,35890,59.78,49.04734255058967,0.7410154357124912,0,20,4,50,50.99,60.58,62.43,65.11,0.0,0.0,0.0,0.0
491,37502,55.63,51.22312942814206,0.8757250617938609,0,16,4,50,65.08,48.31,58.71,50.43,0.0,0.0,0.0,0.0
492,36293,55.26,47.3987529399421,0.907250359231214,0,19,4,50,59.03,54.41,49.06,58.56,0.0,0.0,0.0,0.0
493,37099,32.96,48.02411835006402,0.7970630091614954,0,17,4,50,31.27,33.57,31.91,35.09,0.0,0.0,0.0,0.0
494,36293,51.96,53.667446475420256,0.8175637102059055,0,19,4,50,53.99,49.83,51.0,53.03,0.0,0.0,0.0,0.0
495,34278,53.6,50.80784524437033,0.8775651759708853,0,24,4,50,57.24,48.73,59.89,48.55,0.0,0.0,0.0,0.0
496,38308,59.4,51.34783279023146,0.7193888028274106,0,14,4,50,55.16,62.02,61.7,58.72,0.0,0.0,0.0,0.0
497,33875,60.28,49.298955116821865,0.7951621001824393,0,25,4,50,52.1,57.12,64.39,67.5,0.0,0.0,0.0,0.0
498,35084,48.36,49.14446433758352,0.8976469642776153,0,22,4,50,49.64,45.72,46.33,51.75,0.0,0.0,0.0,0.0
499,35084,50.36,49.83670097572009,0.8113519242375727,0,22,4,50,51.61,47.01,44.93,57.91,0.0,0.0,0.0,0.0
500,37502,37.05,50.6023286500858,0.9185789674402398,0,16,4,50,37.62,37.63,38.55,34.39,0.0,0.0,0.0,0.0
501,35084,52.18,48.98586640041047,0.787756358586492,0,22,4,50,51.44,55.93,58.5,42.84,0.0,0.0,0.0,0.0
502,37905,48.16,48.78217821720831,0.76623157662503,0,15,4,50,42.23,41.74,56.27,52.38,0.0,0.0,0.0,0.0
503,33875,34.64,50.681493099914135,0.8257325142800351,0,25,4,50,32.79,36.07,32.62,37.06,0.0,0.0,0.0,0.0
504,36696,50.29,51.07593813050771,0.7109376513713996,0,18,4,50,48.64,56.49,40.97,55.05,0.0,0.0,0.0,0.0
505,36696,80.37,52.62129602008152,0.7757221631232376,0,18,4,50,83.22,81.28,78.23,78.73,0.0,0.0,0.0,0.0
506,37502,54.64,52.31679131989998,0.7489550911359926,0,16,4,50,54.63,53.54,52.61,57.79,0.0,0.0,0.0,0.0
507,33875,44.72,47.22044544773363,0.8920012675569287,0,25,4,50,45.46,37.31,47.57,48.54,0.0,0.0,0.0,0.0
508,35084,53.88,50.53956685015211,0.835826951627807,0,22,4,50,56.02,60.45,44.79,54.26,0.0,0.0,0.0,0.0
509,37502,55.92,51.927982254613,0.9038222644289992,0,16,4,50,53.27,61.56,57.7,51.15,0.0,0.0,0.0,0.0
510,35084,50.52,51.87647683698571,0.7835073218106356,0,22,4,50,49.0,52.52,52.51,48.06,0.0,0.0,0.0,0.0
511,37099,55.41,52.37864845397301,0.7717441124050745,0,17,4,50,59.81,58.86,49.37,53.59,0.0,0.0,0.0,0.0
512,34278,42.82,49.3664828704655,0.8217003823616557,0,24,4,50,38.16,44.93,45.27,42.94,0.0,0.0,0.0,0.0
513,36293,58.54,50.106131627880615,0.8941462249425096,0,19,4,50,53.71,57.67,64.56,58.21,0.0,0.0,0.0,0.0
514,35890,58.61,49.86247738170288,0.8236620735254945,0,20,4,50,62.85,59.11,57.34,55.15,0.0,0.0,0.0,0.0
515,37502,54.44,52.3967979846035,0.7315825251190547,0,16,4,50,55.34,61.1,48.18,53.14,0.0,0.0,0.0,0.0
516,38308,37.42,51.27504763086024,0.7799513745702952,0,14,4,50,35.91,38.98,34.83,39.95,0.0,0.0,0.0,0.0
517,34681,50.93,51.19439619028688,0.7710413556995952,0,23,4,50,50.76,59.71,46.91,46.35,0.0,0.0,0.0,0.0
518,37502,57.06,50.66652504089287,0.6851805531062369,0,16,4,50,58.78,60.32,54.87,54.26,0.0,0.0,0.0,0.0
519,35890,56.78,48.33769753604012,0.8271146861897197,0,20,4,50,55.69,52.63,59.12,59.67,0.0,0.0,0.0,0.0
520,34681,36.58,53.30501098140631,0.820555112886203,0,23,4,50,33.67,34.13,43.64,34.89,0.0,0.0,0.0,0.0
521,35084,59.22,49.95593477492255,0.7576927341698694,0,22,4,50,50.39,59.02,61.63,65.85,0.0,0.0,0.0,0.0
522,36696,50.76,50.87543009218697,0.8206080648220114,0,18,4,50,46.54,51.13,56.08,49.27,0.0,0.0,0.0,0.0
523,35890,54.5,50.51543745448877,0.824030100094557,0,20,4,50,47.89,48.34,63.51,58.27,0.0,0.0,0.0,0.0
524,34278,49.84,47.29235301199768,0.7448458958332392,0,24,4,50,50.64,52.0,50.77,45.94,0.0,0.0,0.0,0.0
525,38711,55.42,52.70032297327615,0.7924023439993504,0,13,4,50,57.45,61.32,57.04,45.89,0.0,0.0,0.0,0.0
526,37099,38.67,49.4466895415623,0.7627635139893401,0,17,4,50,42.28,35.45,40.72,36.23,0.0,0.0,0.0,0.0
527,33875,68.57,49.71206323637553,0.7951080212606025,0,25,4,50,81.18,58.7,56.72,77.67,0.0,0.0,0.0,0.0
528,37905,58.51,49.82513034268107,0.7601812021827776,0,15,4,50,56.08,52.98,60.14,64.84,0.0,0.0,0.0,0.0
529,36696,51.38,51.79729980510574,0.8204325413232404,0,18,4,50,58.63,48.2,55.94,42.75,0.0,0.0,0.0,0.0
530,39114,66.77,52.50505883749472,0.851693559834555,0,12,4,50,70.23,69.17,59.03,68.66,0.0,0.0,0.0,0.0
531,34278,56.97,52.35712919437164,0.8004282905484457,0,24,4,50,64.96,50.77,51.08,61.07,0.0,0.0,0.0,0.0
532,35890,55.52,52.05732167177061,0.8439600319520647,0,20,4,50,52.6,59.17,57.61,52.72,0.0,0.0,0.0,0.0
533,35084,67.52,50.57170501394877,0.8158296910724259,0,22,4,50,80.25,63.29,61.67,64.86,0.0,0.0,0.0,0.0
534,38308,52.41,52.00639218467303,0.8349177928917404,0,14,4,50,51.63,54.64,44.68,58.7,0.0,0.0,0.0,0.0
535,36696,60.96,48.2297602192215,0.8701670539069081,0,18,4,50,65.56,60.42,59.95,57.93,0.0,0.0,0.0,0.0
536,38711,34.48,49.497599616340274,0.7913467519357541,0,13,4,50,35.47,31.48,33.0,37.96,0.0,0.0,0.0,0.0
537,36696,40.92,49.65350290238028,0.729526802326015,0,18,4,50,36.25,42.84,41.33,43.26,0.0,0.0,0.0,0.0
538,34681,56.05,52.3500752566651,0.8507280287646379,0,23,4,50,53.86,56.43,52.44,61.47,0.0,0.0,0.0,0.0
539,37502,51.82,48.92466890089132,0.9019661200996374,0,16,4,50,49.04,53.04,47.82,57.38,0.0,0.0,0.0,0.0
540,37099,42.58,49.87448136248047,0.8017229668881088,0,17,4,50,37.13,44.84,43.48,44.85,0.0,0.0,0.0,0.0
541,36293,67.42,50.03893099143805,0.7848393704693672,0,19,4,50,69.64,69.64,63.65,66.74,0.0,0.0,0.0,0.0
542,38308,65.18,49.43811181086844,0.8078324964659737,0,14,4,50,65.72,70.65,65.28,59.06,0.0,0.0,0.0,0.0
543,36696,40.15,51.22073126092243,0.801028117575992,0,18,4,50,39.97,45.5,41.59,33.52,0.0,0.0,0.0,0.0
544,35487,63.52,50.76867206897711,0.8508321450266754,0,21,4,50,69.29,69.04,57.3,58.47,0.0,0.0,0.0,0.0
545,36293,46.58,51.73295932668598,0.7094763734658733,0,19,4,50,47.19,49.15,44.86,45.1,0.0,0.0,0.0,0.0
546,34681,45.35,50.71523569996356,0.7991693652386449,0,23,4,50,53.6,39.29,43.04,45.48,0.0,0.0,0.0,0.0
547,37099,40.24,50.75299316343744,0.6318371532944429,0,17,4,50,39.71,38.11,35.75,47.41,0.0,0.0,0.0,0.0
548,35487,34.51,50.53929968955872,0.7485283984121517,0,21,4,50,30.32,32.4,38.52,36.8,0.0,0.0,0.0,0.0
549,38711,39.56,51.37392392584664,0.8392988557478446,0,13,4,50,42.67,36.43,38.42,40.7,0.0,0.0,0.0,0.0
550,35487,52.08,50.989777562284615,0.7850449117218002,0,21,4,50,44.24,51.93,57.27,54.88,0.0,0.0,0.0,0.0
551,36696,39.36,50.40352501150362,0.8579402877470211,0,18,4,50,32.18,38.83,44.05,42.38,0.0,0.0,0.0,0.0
552,39517,45.31,49.51110121785422,0.8182999289863911,0,11,4,50,51.54,43.95,37.92,47.81,0.0,0.0,0.0,0.0
553,37099,57.28,49.85684731811561,0.8353279844571178,0,17,4,50,63.74,54.12,55.35,55.91,0.0,0.0,0.0,0.0
554,35487,48.6,50.04660284146216,0.8506053850333117,0,21,4,50,53.2,52.82,42.27,46.1,0.0,0.0,0.0,0.0
555,37099,51.17,52.32873656060812,0.7357590832167593,0,17,4,50,54.14,47.19,51.69,51.67,0.0,0.0,0.0,0.0
556,33875,52.18,51.3569377303836,0.7747773270066142,0,25,4,50,45.19,53.75,54.75,55.02,0.0,0.0,0.0,0.0
557,37905,61.6,49.06680095499968,0.8335705883686528,0,15,4,50,63.91,67.1,57.64,57.74,0.0,0.0,0.0,0.0
558,35890,58.6,53.69893100688088,0.7551406887544885,0,20,4,50,55.27,59.91,59.54,59.67,0.0,0.0,0.0,0.0
559,36696,52.55,50.08578042516398,0.7815063287233225,0,18,4,50,57.8,51.98,51.16,49.27,0.0,0.0,0.0,0.0
560,34681,44.5,51.07408215622016,0.725079264993295,0,23,4,50,53.4,41.47,40.66,42.47,0.0,0.0,0.0,0.0
561,37502,65.76,47.93529004645728,0.8647929969956789,0,16,4,50,62.72,57.14,74.02,69.17,0.0,0.0,0.0,0.0
562,39920,43.25,50.91202860894512,0.8299595255949207,0,10,4,50,46.45,44.11,39.53,42.91,0.0,0.0,0.0,0.0
563,39114,46.16,49.70646315183623,0.7504890085726571,0,12,4,50,53.07,42.82,42.58,46.19,0.0,0.0,0.0,0.0
564,39114,54.44,51.46314173015296,0.7578222015461353,0,12,4,50,50.15,57.86,53.18,56.57,0.0,0.0,0.0,0.0
565,35890,55.17,50.995153638864544,0.7844767153175388,0,20,4,50,52.63,52.94,57.9,57.22,0.0,0.0,0.0,0.0
566,38308,61.22,48.97447603929741,0.7469251167126154,0,14,4,50,55.94,59.83,61.77,67.36,0.0,0.0,0.0,0.0
567,37502,45.26,51.671790274148464,0.8465644074606764,0,16,4,50,43.88,44.54,42.02,50.61,0.0,0.0,0.0,0.0
568,33875,59.08,50.15910940203219,0.7965607485882837,0,25,4,50,57.37,62.59,58.96,57.38,0.0,0.0,0.0,0.0
569,35084,54.27,52.32983742739022,0.743430837884925,0,22,4,50,48.95,61.38,58.08,48.65,0.0,0.0,0.0,0.0
570,38711,50.24,50.46294749403629,0.8522405648407307,0,13,4,50,62.88,46.09,45.31,46.7,0.0,0.0,0.0,0.0
571,33875,59.18,52.292676911602776,0.8294426213368753,0,25,4,50,62.41,62.86,55.65,55.78,0.0,0.0,0.0,0.0
572,36696,54.69,50.13788361188213,0.7466083843565676,0,18,4,50,60.64,47.55,58.48,52.11,0.0,0.0,0.0,0.0
573,36696,43.5,53.33244367996029,0.8253770731351723,0,18,4,50,44.44,46.42,35.47,47.68,0.0,0.0,0.0,0.0
574,35084,49.18,51.07923584121353,0.7746763823160103,0,22,4,50,47.67,45.36,55.11,48.57,0.0,0.0,0.0,0.0
575,39517,40.56,49.19316684359284,0.7977221739171824,0,11,4,50,47.75,36.34,37.17,40.97,0.0,0.0,0.0,0.0
576,36696,56.73,54.59851206277019,0.8342055786262407,0,18,4,50,50.71,60.16,50.46,65.6,0.0,0.0,0.0,0.0
577,38711,54.01,49.65997443742872,0.7157404946420635,0,13,4,50,52.46,62.08,49.28,52.22,0.0,0.0,0.0,0.0
578,37502,53.64,52.262018845165066,0.8339626752730794,0,16,4,50,50.05,55.8,53.72,54.99,0.0,0.0,0.0,0.0
579,33875,46.18,51.38964560084664,0.7286160552724793,0,25,4,50,47.19,47.11,47.29,43.14,0.0,0.0,0.0,0.0
580,35890,51.42,48.51012684527911,0.7945792129693257,0,20,4,50,52.79,51.64,48.69,52.57,0.0,0.0,0.0,0.0
581,33875,41.46,48.06753119121829,0.834140282955233,0,25,4,50,46.73,40.65,40.45,38.0,0.0,0.0,0.0,0.0
582,37502,63.53,48.69212879332392,0.7816101174162144,0,16,4,50,59.23,71.33,63.58,59.98,0.0,0.0,0.0,0.0
583,41532,53.47,51.04637172090169,0.7413526238027419,0,6,4,50,43.07,59.67,58.02,53.12,0.0,0.0,0.0,0.0
584,35487,23.63,50.942360527282986,0.7775256110664716,0,21,4,50,26.39,23.17,26.74,18.22,0.0,0.0,0.0,0.0
585,38711,47.38,48.78980734851212,0.8384618988676965,0,13,4,50,40.91,43.83,49.71,55.08,0.0,0.0,0.0,0.0
586,35487,47.46,51.32416858776961,0.8532413495020243,0,21,4,50,56.16,40.06,40.66,52.95,0.0,0.0,0.0,0.0
587,34278,51.63,48.727379498179005,0.7865181399622773,0,24,4,50,55.93,55.34,43.64,51.6,0.0,0.0,0.0,0.0
588,36293,48.7,51.80078183283062,0.8639258311255222,0,19,4,50,41.48,52.0,51.44,49.9,0.0,0.0,0.0,0.0
589,35084,50.32,51.51808145368046,0.797510954901671,0,22,4,50,46.79,58.51,48.6,47.37,0.0,0.0,0.0,0.0
590,36293,67.2,49.06452796251905,0.7866836017164267,0,19,4,50,61.94,66.92,74.14,65.79,0.0,0.0,0.0,0.0
591,36696,59.24,48.77006810692978,0.7760120302981692,0,18,4,50,66.16,58.02,56.87,55.93,0.0,0.0,0.0,0.0
592,36696,55.91,49.32364270673441,0.7445406586750439,0,18,4,50,58.51,60.13,57.59,47.41,0.0,0.0,0.0,0.0
593,38308,48.77,49.103180403158646,0.8033135645227258,0,14,4,50,47.65,54.35,49.23,43.84,0.0,0.0,0.0,0.0
594,38711,58.69,52.56699218628594,0.7072226984313721,0,13,4,50,62.09,62.83,52.89,56.94,0.0,0.0,0.0,0.0
595,37502,64.37,49.38145145591287,0.7947364200768883,0,16,4,50,74.1,57.74,68.03,57.6,0.0,0.0,0.0,0.0
596,37502,66.14,51.36902263959638,0.8868984760053261,0,16,4,50,62.51,60.24,73.4,68.4,0.0,0.0,0.0,0.0
597,38308,47.49,52.76399995488647,0.7506433213179414,0,14,4,50,43.43,44.24,52.39,49.91,0.0,0.0,0.0,0.0
598,38711,53.49,50.154707718232586,0.8186337340098214,0,13,4,50,59.87,52.53,56.02,45.54,0.0,0.0,0.0,0.0
599,35487,54.96,53.15209944930201,0.7782179690739532,0,21,4,50,59.37,57.66,49.39,53.43,0.0,0.0,0.0,0.0
600,35890,39.86,49.728880553404,0.8241739793202223,0,20,4,50,45.34,43.72,35.51,34.87,0.0,0.0,0.0,0.0
601,33875,76.34,49.60579866335984,0.7546084860573907,0,25,4,50,74.97,77.71,71.34,81.33,0.0,0.0,0.0,0.0
602,37502,49.95,49.58690636686169,0.8524166509624344,0,16,4,50,57.87,48.49,50.19,43.24,0.0,0.0,0.0,0.0
603,37502,49.39,51.18809068307631,0.8307426197583386,0,16,4,50,57.8,44.04,47.7,48.03,0.0,0.0,0.0,0.0
604,37502,40.22,50.77432966831192,0.8502233702853419,0,16,4,50,39.38,38.65,42.19,40.65,0.0,0.0,0.0,0.0
605,38711,61.04,48.68477283009968,0.9012801426230832,0,13,4,50,63.37,62.8,62.44,55.53,0.0,0.0,0.0,0.0
606,35890,43.49,51.82594674654309,0.7860098003883967,0,20,4,50,45.01,45.9,35.69,47.36,0.0,0.0,0.0,0.0
607,38711,62.07,52.20328836476068,0.7572345830684126,0,13,4,50,62.06,55.43,67.47,63.31,0.0,0.0,0.0,0.0
608,38711,53.99,50.17687443400509,0.7615873932700526,0,13,4,50,61.78,46.43,58.44,49.32,0.0,0.0,0.0,0.0
609,37502,34.82,51.42860906235152,0.768787418170387,0,16,4,50,32.47,33.39,37.65,35.76,0.0,0.0,0.0,0.0
610,35890,41.09,49.800276736032274,0.8404715034318604,0,20,4,50,42.18,41.32,37.74,43.13,0.0,0.0,0.0,0.0
611,35084,49.87,50.47325700510113,0.7523214692376619,0,22,4,50,48.72,50.82,45.66,54.29,0.0,0.0,0.0,0.0
612,38308,41.8,50.88604838975304,0.7716010682852601,0,14,4,50,39.95,47.32,45.08,34.83,0.0,0.0,0.0,0.0
613,33875,46.49,50.14747809945646,0.7837312348854855,0,25,4,50,49.05,46.95,49.64,40.32,0.0,0.0,0.0,0.0
614,33875,59.45,47.93901286051292,0.7890379334160962,0,25,4,50,61.44,60.79,54.56,61.02,0.0,0.0,0.0,0.0
615,39114,68.53,50.703470818065554,0.746693418755614,0,12,4,50,74.11,67.95,66.94,65.13,0.0,0.0,0.0,0.0
616,35487,54.45,50.26844620514232,0.941300577196313,0,21,4,50,62.11,55.71,52.98,47.01,0.0,0.0,0.0,0.0
617,39920,57.12,50.42043436959523,0.7878741930959879,0,10,4,50,55.75,61.36,60.6,50.76,0.0,0.0,0.0,0.0
618,35890,44.0,52.61796257236638,0.7660407582996368,0,20,4,50,45.62,40.76,45.54,44.08,0.0,0.0,0.0,0.0
619,39114,56.13,52.8861005644474,0.8980427497976956,0,12,4,50,60.39,51.54,56.94,55.66,0.0,0.0,0.0,0.0
620,33875,55.32,48.25594492490587,0.7667998320119493,0,25,4,50,50.13,59.71,55.44,55.99,0.0,0.0,0.0,0.0
621,35890,56.59,47.62406080891845,0.7398809760039913,0,20,4,50,57.03,63.83,52.16,53.35,0.0,0.0,0.0,0.0
622,39517,54.05,51.36537362376146,0.7746754115220826,0,11,4,50,57.18,56.78,51.68,50.55,0.0,0.0,0.0,0.0
623,34681,33.36,52.6057511193132,0.7326839428354293,0,23,4,50,32.14,32.68,36.95,31.67,0.0,0.0,0.0,0.0
624,36696,56.05,52.49922425172976,0.7221766467614977,0,18,4,50,62.91,56.63,51.64,53.03,0.0,0.0,0.0,0.0
625,33875,61.95,52.209276950479975,0.7380265625644125,0,25,4,50,65.55,60.49,64.47,57.3,0.0,0.0,0.0,0.0
626,38308,57.13,52.653182039027904,0.7489843135340111,0,14,4,50,60.65,51.22,56.68,59.97,0.0,0.0,0.0,0.0
627,35084,47.17,51.11111785086575,0.7955402758616693,0,22,4,50,53.51,42.34,51.09,41.75,0.0,0.0,0.0,0.0
628,37502,51.1,50.48804754282436,0.8313403079863161,0,16,4,50,49.17,47.35,58.49,49.38,0.0,0.0,0.0,0.0
629,37099,39.92,52.38475402824024,0.7657874100166152,0,17,4,50,40.69,42.99,34.55,41.46,0.0,0.0,0.0,0.0
630,38308,60.12,54.079413853524976,0.8145546733913086,0,14,4,50,63.35,51.4,61.26,64.46,0.0,0.0,0.0,0.0
631,35084,46.68,49.48265033395906,0.785582848099071,0,22,4,50,52.06,43.68,44.71,46.29,0.0,0.0,0.0,0.0
632,37502,52.11,53.163165279476594,0.7557453065885906,0,16,4,50,45.41,60.13,50.31,52.59,0.0,0.0,0.0,0.0
633,37099,60.08,50.26880373229236,0.8942679363291941,0,17,4,50,61.75,59.63,52.44,66.49,0.0,0.0,0.0,0.0
634,36293,48.07,50.637262577211466,0.6894782388217939,0,19,4,50,44.37,42.51,52.9,52.51,0.0,0.0,0.0,0.0
635,36293,62.4,51.34966512102333,0.8506351118024906,0,19,4,50,65.08,62.64,62.16,59.71,0.0,0.0,0.0,0.0
636,38308,54.16,49.636437526129605,0.8343380577938178,0,14,4,50,51.24,53.29,62.2,49.91,0.0,0.0,0.0,0.0
637,37905,41.51,48.77028880575858,0.7539279891474248,0,15,4,50,40.51,48.53,36.47,40.52,0.0,0.0,0.0,0.0
638,37099,48.44,52.9663512560758,0.9175722945687536,0,17,4,50,48.14,47.13,51.66,46.81,0.0,0.0,0.0,0.0
639,36696,36.04,50.91764106364292,0.778520163550203,0,18,4,50,35.43,36.57,35.95,36.2,0.0,0.0,0.0,0.0
640,36696,48.71,50.39286890927605,0.821514214877973,0,18,4,50,51.42,49.79,38.87,54.75,0.0,0.0,0.0,0.0
641,36696,54.28,51.27020132629445,0.8560969089074137,0,18,4,50,56.76,60.44,53.1,46.84,0.0,0.0,0.0,0.0
642,36293,66.59,50.11689259735981,0.7677274037856452,0,19,4,50,55.59,67.25,69.49,74.03,0.0,0.0,0.0,0.0
643,37099,52.08,46.57376473987689,0.7841839394111373,0,17,4,50,55.57,56.65,45.95,50.15,0.0,0.0,0.0,0.0
644,33875,42.98,52.56027006013369,0.7836370256316867,0,25,4,50,48.45,45.71,38.37,39.37,0.0,0.0,0.0,0.0
645,36696,63.62,51.33626042262526,0.846907541855286,0,18,4,50,65.69,66.14,60.79,61.85,0.0,0.0,0.0,0.0
646,37099,56.64,49.30107042960426,0.6970533890579416,0,17,4,50,57.88,60.6,54.05,54.02,0.0,0.0,0.0,0.0
647,37905,63.98,50.5438651307116,0.8400656693673477,0,15,4,50,64.03,60.72,73.63,57.52,0.0,0.0,0.0,0.0
648,36293,42.99,49.63101122567637,0.7706178185880663,0,19,4,50,41.72,38.04,42.64,49.57,0.0,0.0,0.0,0.0
649,36293,53.37,51.302387508449904,0.764156797397026,0,19,4,50,56.43,54.04,54.87,48.14,0.0,0.0,0.0,0.0
650,35487,58.28,52.30200742213167,0.8605518303441229,0,21,4,50,58.72,61.13,55.28,57.97,0.0,0.0,0.0,0.0
651,35084,52.19,51.70640324126672,0.7485933166528045,0,22,4,50,58.09,46.46,55.52,48.69,0.0,0.0,0.0,0.0
652,37099,55.34,47.76690567610483,0.809171892962999,0,17,4,50,52.4,56.37,49.04,63.55,0.0,0.0,0.0,0.0
653,35890,52.13,50.43194793836852,0.7441385903916544,0,20,4,50,51.88,48.33,60.43,47.87,0.0,0.0,0.0,0.0
654,37905,51.68,49.29567764956692,0.7695203029926179,0,15,4,50,54.9,56.59,47.6,47.61,0.0,0.0,0.0,0.0
655,37502,47.67,49.572279656737344,0.8599341911798799,0,16,4,50,54.51,44.46,41.99,49.7,0.0,0.0,0.0,0.0
656,39517,54.22,53.20299918127655,0.7406617008732047,0,11,4,50,58.51,51.47,51.12,55.76,0.0,0.0,0.0,0.0
657,33875,40.53,50.86246981582712,0.8191221844032619,0,25,4,50,39.23,40.77,41.23,40.88,0.0,0.0,0.0,0.0
658,41569,47.87,52.56685035327761,0.8171554192412146,1,12,4,50,49.48,41.0,47.62,53.39,0.0,0.0,0.0,0.0
659,36293,41.0,53.40412933493416,0.8709594992454213,0,19,4,50,39.88,38.27,47.29,38.57,0.0,0.0,0.0,0.0
660,37905,51.54,50.05093772233896,0.757522844304841,0,15,4,50,58.41,53.26,41.87,52.62,0.0,0.0,0.0,0.0
661,37099,55.39,52.72796402700006,0.7686245512628919,0,17,4,50,56.05,48.35,57.24,59.93,0.0,0.0,0.0,0.0
662,37905,50.57,53.43624425021146,0.7755953441164486,0,15,4,50,43.72,57.32,53.7,47.52,0.0,0.0,0.0,0.0
663,37905,58.9,48.02778517869695,0.8406928723772964,0,15,4,50,56.47,52.15,58.58,68.4,0.0,0.0,0.0,0.0
664,35487,50.18,49.35933010489413,0.7730157714498269,0,21,4,50,52.36,46.79,42.99,58.59,0.0,0.0,0.0,0.0
665,35890,46.8,51.32002151471707,0.7825809258813227,0,20,4,50,42.93,44.46,45.3,54.53,0.0,0.0,0.0,0.0
666,35084,67.01,51.512811538817765,0.7387745160152692,0,22,4,50,68.17,62.41,65.25,72.2,0.0,0.0,0.0,0.0
667,38711,59.83,53.08467498263544,0.7779150407570065,0,13,4,50,55.44,60.17,66.76,56.95,0.0,0.0,0.0,0.0
668,34681,57.34,49.317183545156624,0.7254251417314539,0,23,4,50,62.82,50.03,53.96,62.57,0.0,0.0,0.0,0.0
669,38711,54.03,50.29816006414315,0.7845933133411525,0,13,4,50,60.35,59.48,48.22,48.05,0.0,0.0,0.0,0.0
670,37502,38.02,49.92360434142508,0.7028813176361823,0,16,4,50,33.86,34.75,45.44,38.02,0.0,0.0,0.0,0.0
671,38308,49.16,49.4449763498679,0.7413133501510235,0,14,4,50,40.98,53.05,53.44,49.16,0.0,0.0,0.0,0.0
672,35487,49.62,50.04734208775561,0.8049454625435815,0,21,4,50,44.83,51.25,48.46,53.94,0.0,0.0,0.0,0.0
673,36293,38.33,50.01108535134288,0.7515212536877,0,19,4,50,35.14,43.87,34.36,39.94,0.0,0.0,0.0,0.0
674,35487,56.83,49.97621815189312,0.7628457290899533,0,21,4,50,59.21,48.38,58.46,61.28,0.0,0.0,0.0,0.0
675,37502,66.78,49.41901796034671,0.7761638168939897,0,16,4,50,64.3,67.69,70.03,65.12,0.0,0.0,0.0,0.0
676,39517,51.63,50.38702458982818,0.785548011578041,0,11,4,50,51.86,52.76,55.94,45.96,0.0,0.0,0.0,0.0
677,38308,48.25,49.682196134633,0.749912440458788,0,14,4,50,48.42,51.89,47.08,45.61,0.0,0.0,0.0,0.0
678,35487,38.55,49.77179291571096,0.9356024135141918,0,21,4,50,40.79,39.46,35.2,38.75,0.0,0.0,0.0,0.0
679,37502,38.35,49.70121552680295,0.7025240416641609,0,16,4,50,42.64,40.12,37.71,32.92,0.0,0.0,0.0,0.0
680,35890,45.28,52.06497237363127,0.7720687985877634,0,20,4,50,46.71,44.4,39.72,50.28,0.0,0.0,0.0,0.0
681,38308,74.97,48.86158033613541,0.7564016047741023,0,14,4,50,68.02,79.16,71.53,81.17,0.0,0.0,0.0,0.0
682,37905,64.38,49.064575993559885,0.7785472269770638,0,15,4,50,69.88,56.32,67.71,63.61,0.0,0.0,0.0,0.0
683,35890,44.73,50.362339844089405,0.8364079044215029,0,20,4,50,41.02,44.24,42.47,51.18,0.0,0.0,0.0,0.0
684,35890,49.8,49.66084377607883,0.7698258299611166,0,20,4,50,44.78,49.73,51.43,53.27,0.0,0.0,0.0,0.0
685,33875,43.85,50.89367352757074,0.838962243203126,0,25,4,50,46.08,44.66,41.91,42.74,0.0,0.0,0.0,0.0
686,35487,62.87,50.31694932711584,0.7559502765620999,0,21,4,50,65.33,67.93,56.13,62.09,0.0,0.0,0.0,0.0
687,37099,43.89,51.06199008492392,0.8558480943892277,0,17,4,50,39.48,45.65,43.03,47.39,0.0,0.0,0.0,0.0
688,37905,47.18,52.31038284862087,0.8280730868871187,0,15,4,50,45.66,43.39,49.22,50.45,0.0,0.0,0.0,0.0
689,38308,42.08,52.617836291099,0.748953620574117,0,14,4,50,44.43,45.26,36.26,42.35,0.0,0.0,0.0,0.0
690,37099,54.08,53.28005977563629,0.7195651280686087,0,17,4,50,60.34,60.01,47.74,48.22,0.0,0.0,0.0,0.0
691,37099,57.72,50.33417246402935,0.6464645183996078,0,17,4,50,56.41,50.63,62.23,61.59,0.0,0.0,0.0,0.0
692,37502,47.92,49.47713526239919,0.8456182373478803,0,16,4,50,45.3,46.79,49.81,49.76,0.0,0.0,0.0,0.0
693,37905,65.0,48.47771865070776,0.797071007728815,0,15,4,50,69.84,65.96,67.0,57.19,0.0,0.0,0.0,0.0
694,39114,53.14,50.431875170880765,0.7623282454148779,0,12,4,50,52.74,55.8,52.49,51.54,0.0,0.0,0.0,0.0
695,37502,58.92,51.92577678844148,0.7601931610471007,0,16,4,50,62.75,51.27,55.75,65.91,0.0,0.0,0.0,0.0
696,39517,46.69,48.49100394631421,0.7745303817418954,0,11,4,50,40.78,51.84,51.29,42.85,0.0,0.0,0.0,0.0
697,35084,53.46,51.7181058700188,0.7544969196426052,0,22,4,50,55.52,47.48,53.76,57.06,0.0,0.0,0.0,0.0
698,40323,61.08,49.46356541690376,0.7881824659856768,0,9,4,50,57.06,63.34,61.89,62.03,0.0,0.0,0.0,0.0
699,36696,53.35,51.66703767503799,0.6393679333802907,0,18,4,50,54.09,49.72,59.39,50.2,0.0,0.0,0.0,0.0
700,38308,51.67,49.72913076925634,0.7150860520263275,0,14,4,50,58.05,48.09,49.55,50.99,0.0,0.0,0.0,0.0
701,37905,74.11,51.8221014127512,0.7928386356851151,0,15,4,50,70.67,75.23,72.74,77.79,0.0,0.0,0.0,0.0
702,37502,43.31,49.85250023044477,0.7279998330701476,0,16,4,50,50.63,40.9,45.49,36.23,0.0,0.0,0.0,0.0
703,39114,58.34,51.18600199673608,0.7607388425086249,0,12,4,50,51.35,62.93,61.07,57.99,0.0,0.0,0.0,0.0
704,35487,63.14,52.80225132809143,0.8534347204757322,0,21,4,50,70.73,62.79,55.93,63.13,0.0,0.0,0.0,0.0
705,36293,54.81,49.0504097544992,0.7733956285052433,0,19,4,50,60.95,58.94,46.16,53.18,0.0,0.0,0.0,0.0
706,36293,47.84,51.32924048999859,0.7644351834984087,0,19,4,50,46.14,43.65,51.97,49.62,0.0,0.0,0.0,0.0
707,38308,50.72,53.12506027025134,0.8367278446059518,0,14,4,50,51.71,47.03,50.94,53.18,0.0,0.0,0.0,0.0
708,36696,47.86,52.60969967995754,0.7432176861080478,0,18,4,50,45.36,47.15,53.81,45.14,0.0,0.0,0.0,0.0
709,37502,58.64,50.88900351627339,0.7441839375318643,0,16,4,50,60.69,52.19,59.28,62.39,0.0,0.0,0.0,0.0
710,37502,51.86,50.89396775564167,0.830464925433898,0,16,4,50,45.55,56.54,59.45,45.9,0.0,0.0,0.0,0.0
711,36696,60.72,50.26751268337263,0.7550827007342327,0,18,4,50,61.71,60.09,57.42,63.66,0.0,0.0,0.0,0.0
712,35890,51.32,51.5493384690386,0.7954996651039071,0,20,4,50,47.65,49.41,51.3,56.94,0.0,0.0,0.0,0.0
713,37905,41.8,50.61232075734171,0.8210634335877073,0,15,4,50,44.12,38.91,46.48,37.68,0.0,0.0,0.0,0.0
714,37099,73.88,52.52388899188803,0.7005708067760985,0,17,4,50,68.95,79.53,72.61,74.43,0.0,0.0,0.0,0.0
715,36696,57.74,49.91867205933026,0.7675736726483773,0,18,4,50,59.21,53.64,53.25,64.86,0.0,0.0,0.0,0.0
716,37502,48.43,48.98311148247821,0.724130971640036,0,16,4,50,49.42,39.36,51.05,53.88,0.0,0.0,0.0,0.0
717,39920,49.55,52.28610564459829,0.7420864986259337,0,10,4,50,46.96,54.89,50.55,45.8,0.0,0.0,0.0,0.0
718,37502,71.7,50.589610577796414,0.7501874673728579,0,16,4,50,77.99,70.09,59.0,79.74,0.0,0.0,0.0,0.0
719,38711,52.6,49.915288936845066,0.712544012974923,0,13,4,50,49.51,60.44,52.37,48.1,0.0,0.0,0.0,0.0
720,36293,54.29,50.38008317517093,0.833349518751202,0,19,4,50,60.24,49.62,46.51,60.8,0.0,0.0,0.0,0.0
721,39920,45.12,50.731563363844366,0.7890170016784163,0,10,4,50,41.74,43.18,51.69,43.86,0.0,0.0,0.0,0.0
722,35487,42.09,49.13597938020048,0.7447742976985243,0,21,4,50,39.04,49.6,41.6,38.12,0.0,0.0,0.0,0.0
723,36696,50.14,53.40136671145478,0.6571893518761487,0,18,4,50,54.25,53.13,48.26,44.91,0.0,0.0,0.0,0.0
724,35890,66.54,51.05856559402736,0.8064449815556384,0,20,4,50,73.94,57.15,67.05,68.01,0.0,0.0,0.0,0.0
725,37099,64.57,50.29310852666011,0.7673524695869794,0,17,4,50,60.62,59.2,70.55,67.91,0.0,0.0,0.0,0.0
726,36293,62.3,49.33700955383761,0.8104207185641148,0,19,4,50,66.32,63.62,54.08,65.2,0.0,0.0,0.0,0.0
727,37905,75.05,51.95220399095544,0.6976202888703165,0,15,4,50,83.86,66.02,68.75,81.56,0.0,0.0,0.0,0.0
728,35487,43.74,51.85565807295518,0.7374736447096218,0,21,4,50,44.65,45.42,42.03,42.87,0.0,0.0,0.0,0.0
729,37099,60.29,48.61397752647302,0.7321660036085188,0,17,4,50,57.87,66.42,63.27,53.61,0.0,0.0,0.0,0.0
730,38308,64.53,51.92575918167382,0.7990005111853933,0,14,4,50,64.21,64.41,73.41,56.09,0.0,0.0,0.0,0.0
731,36696,47.83,51.78867185342001,0.7077904135104052,0,18,4,50,43.83,50.43,51.82,45.24,0.0,0.0,0.0,0.0
732,38308,58.16,51.238718927726914,0.7550644329235472,0,14,4,50,61.94,53.06,62.4,55.22,0.0,0.0,0.0,0.0
733,38308,61.91,54.93687109346348,0.8494619516163633,0,14,4,50,70.77,59.66,56.49,60.73,0.0,0.0,0.0,0.0
734,39920,59.68,53.70343968847358,0.8079787422913345,0,10,4,50,59.06,57.41,54.88,67.35,0.0,0.0,0.0,0.0
735,39920,54.79,49.95434490139043,0.8072196364048109,0,10,4,50,55.48,59.38,55.16,49.15,0.0,0.0,0.0,0.0
736,39114,53.13,52.94253334340444,0.7530006887875884,0,12,4,50,52.12,61.76,49.07,49.57,0.0,0.0,0.0,0.0
737,39114,56.24,50.410622671540864,0.7499514147301874,0,12,4,50,49.48,64.98,59.83,50.67,0.0,0.0,0.0,0.0
738,35890,65.46,50.432665099168304,0.7861641681788,0,20,4,50,73.33,68.47,58.75,61.31,0.0,0.0,0.0,0.0
739,38711,46.53,50.49402837491489,0.8018820777238551,0,13,4,50,45.59,47.53,47.9,45.11,0.0,0.0,0.0,0.0
740,38308,67.96,51.28584963307678,0.7111372702069503,0,14,4,50,66.43,74.64,71.8,58.97,0.0,0.0,0.0,0.0
741,38308,56.65,52.53754936320242,0.7642922504473622,0,14,4,50,52.22,59.32,51.66,63.41,0.0,0.0,0.0,0.0
742,37502,31.88,49.55465775411158,0.7824219374218706,0,16,4,50,34.02,31.49,32.67,29.36,0.0,0.0,0.0,0.0
743,35890,47.21,48.5840621640728,0.7519325418909566,0,20,4,50,46.48,46.92,46.97,48.48,0.0,0.0,0.0,0.0
744,39517,38.61,48.99459944028941,0.739084803788656,0,11,4,50,38.35,37.76,41.4,36.93,0.0,0.0,0.0,0.0
745,33875,44.6,49.05722093106758,0.8105997467130196,0,25,4,50,42.57,47.69,44.49,43.63,0.0,0.0,0.0,0.0
746,35084,48.6,51.421357402091935,0.7798913142956658,0,22,4,50,50.87,53.22,47.76,42.57,0.0,0.0,0.0,0.0
747,37905,66.54,52.197774573007166,0.8404973687237741,0,15,4,50,68.36,71.03,67.14,59.63,0.0,0.0,0.0,0.0
748,36293,45.84,51.88636367549062,0.827412786367333,0,19,4,50,47.3,44.81,42.66,48.6,0.0,0.0,0.0,0.0
749,37099,59.32,50.5909175526847,0.7473120107397475,0,17,4,50,54.11,57.56,60.73,64.9,0.0,0.0,0.0,0.0
750,34681,47.42,50.83798947411288,0.705253230022731,0,23,4,50,48.6,49.83,46.88,44.35,0.0,0.0,0.0,0.0
751,35487,45.95,50.89979343126917,0.7782427822758563,0,21,4,50,51.01,41.53,41.08,50.19,0.0,0.0,0.0,0.0
752,39114,44.98,52.83424604341504,0.7327532704290698,0,12,4,50,43.04,47.17,44.24,45.46,0.0,0.0,0.0,0.0
753,36293,49.99,52.20777706736862,0.73682611702253,0,19,4,50,51.54,42.79,52.77,52.87,0.0,0.0,0.0,0.0
754,34681,34.26,50.99528316223616,0.7539660738636296,0,23,4,50,32.24,39.63,34.53,30.66,0.0,0.0,0.0,0.0
755,39920,45.6,49.68185312680375,0.6901118067438314,0,10,4,50,49.12,47.01,43.81,42.46,0.0,0.0,0.0,0.0
756,41129,50.75,51.19041544755295,0.6867047607247216,0,7,4,50,52.4,57.75,49.99,42.87,0.0,0.0,0.0,0.0
757,35487,40.57,50.12544385920379,0.804491102604581,0,21,4,50,37.02,37.96,47.2,40.1,0.0,0.0,0.0,0.0
758,39920,76.58,50.10660085614922,0.7900607000432097,0,10,4,50,78.55,78.98,78.63,70.16,0.0,0.0,0.0,0.0
759,35487,65.05,51.282105304617296,0.7206707005440637,0,21,4,50,73.49,61.93,55.69,69.08,0.0,0.0,0.0,0.0
760,34278,50.32,52.631288072485866,0.7225465367898518,0,24,4,50,44.41,44.96,55.37,56.54,0.0,0.0,0.0,0.0
761,36293,49.93,51.019186064065664,0.7405845333005967,0,19,4,50,46.79,52.23,55.75,44.94,0.0,0.0,0.0,0.0
762,37502,52.65,52.1623685964579,0.723854275418874,0,16,4,50,47.03,49.3,59.09,55.17,0.0,0.0,0.0,0.0
763,39920,51.54,47.31436622884362,0.7350398288004795,0,10,4,50,50.32,50.71,49.93,55.19,0.0,0.0,0.0,0.0
764,39517,37.03,51.35315972460501,0.7514174343423912,0,11,4,50,42.87,33.64,34.71,36.91,0.0,0.0,0.0,0.0
765,40323,32.07,52.35775466928044,0.7499830683289165,0,9,4,50,31.7,34.43,28.16,33.99,0.0,0.0,0.0,0.0
766,37502,44.41,51.13129139327221,0.7801421929891836,0,16,4,50,38.61,46.57,43.6,48.85,0.0,0.0,0.0,0.0
767,37502,55.24,51.78906851299026,0.7536112156173049,0,16,4,50,59.32,49.89,57.69,54.04,0.0,0.0,0.0,0.0
768,38711,64.61,52.87457785886026,0.8404554220607714,0,13,4,50,56.05,65.65,75.03,61.7,0.0,0.0,0.0,0.0
769,37905,43.34,51.53510129539859,0.8168026725094182,0,15,4,50,45.58,43.42,40.08,44.3,0.0,0.0,0.0,0.0
770,38711,62.02,49.99703854279589,0.6773175296182116,0,13,4,50,67.48,61.96,57.01,61.61,0.0,0.0,0.0,0.0
771,35487,60.12,50.11763085611446,0.7438724961928054,0,21,4,50,64.27,63.22,63.35,49.63,0.0,0.0,0.0,0.0
772,36293,61.88,51.78640715824992,0.7001606329037667,0,19,4,50,61.24,61.55,63.43,61.29,0.0,0.0,0.0,0.0
773,37502,63.16,50.4375885494773,0.673012080366522,0,16,4,50,69.23,56.62,62.91,63.86,0.0,0.0,0.0,0.0
774,45146,59.35,49.74666385486348,0.7138003304133308,4,8,4,50,59.14,65.32,51.04,61.89,0.0,0.0,0.0,0.0
775,38308,41.95,48.73367807035445,0.8087080363649776,0,14,4,50,42.43,37.37,38.13,49.86,0.0,0.0,0.0,0.0
776,35890,41.99,50.13392601477511,0.8589317740509609,0,20,4,50,47.85,33.95,44.4,41.75,0.0,0.0,0.0,0.0
777,37099,50.57,53.6481919374731,0.8348672369436061,0,17,4,50,53.71,47.03,50.81,50.73,0.0,0.0,0.0,0.0
778,37905,48.3,49.73002329795336,0.7593049741901434,0,15,4,50,51.29,41.11,46.17,54.64,0.0,0.0,0.0,0.0
779,36293,51.37,48.72896549728392,0.7562294709675995,0,19,4,50,51.91,54.12,49.75,49.7,0.0,0.0,0.0,0.0
780,38308,53.87,51.12270583829231,0.77892796937382,0,14,4,50,53.37,49.8,59.67,52.65,0.0,0.0,0.0,0.0
781,35487,57.83,49.07595825481747,0.7074636413541916,0,21,4,50,59.83,62.37,58.43,50.68,0.0,0.0,0.0,0.0
782,34681,47.05,52.759014857992895,0.789428121960017,0,23,4,50,44.84,52.99,49.8,40.56,0.0,0.0,0.0,0.0
783,39114,48.8,52.48274226926925,0.6512881650774992,0,12,4,50,51.9,50.03,46.01,47.28,0.0,0.0,0.0,0.0
784,36696,52.96,50.39050337353018,0.7775964023060735,0,18,4,50,55.12,51.97,54.79,49.96,0.0,0.0,0.0,0.0
785,39114,49.93,50.14828640194809,0.7327542689166683,0,12,4,50,49.17,44.83,48.05,57.67,0.0,0.0,0.0,0.0
786,39920,44.49,49.05474193601373,0.7766082782764736,0,10,4,50,47.38,40.89,43.21,46.46,0.0,0.0,0.0,0.0
787,39920,70.13,52.39343404311381,0.7458818605707754,0,10,4,50,63.29,76.22,77.08,63.94,0.0,0.0,0.0,0.0
788,38308,55.94,50.211789795767736,0.7906806249839362,0,14,4,50,48.24,54.76,61.99,58.79,0.0,0.0,0.0,0.0
789,38711,55.08,51.140063373174826,0.8279782868309817,0,13,4,50,58.82,45.59,60.85,55.06,0.0,0.0,0.0,0.0
790,37905,33.53,49.65477906694841,0.6490562204384762,0,15,4,50,36.59,30.46,37.51,29.56,0.0,0.0,0.0,0.0
791,33875,43.88,50.40662389397124,0.773669738339947,0,25,4,50,51.12,42.31,42.09,40.0,0.0,0.0,0.0,0.0
792,36293,45.32,51.32210999875821,0.7297095879805158,0,19,4,50,49.09,40.47,47.69,44.02,0.0,0.0,0.0,0.0
793,36293,52.4,50.95519449404984,0.7147567610295771,0,19,4,50,45.88,51.62,58.38,53.72,0.0,0.0,0.0,0.0
794,39517,58.55,52.455830599196666,0.7728806671722632,0,11,4,50,64.28,56.03,57.27,56.63,0.0,0.0,0.0,0.0
795,38308,52.46,51.46248686955595,0.7556209371321979,0,14,4,50,51.13,60.81,51.04,46.87,0.0,0.0,0.0,0.0
796,38308,67.59,52.609312968376,0.7210475485279586,0,14,4,50,69.4,70.71,71.02,59.23,0.0,0.0,0.0,0.0
797,37502,44.62,51.76993393898915,0.8521445244933743,0,16,4,50,50.66,41.98,40.75,45.1,0.0,0.0,0.0,0.0
798,35890,36.98,49.717192189109056,0.7546964608738441,0,20,4,50,39.84,38.22,35.47,34.37,0.0,0.0,0.0,0.0
799,39920,53.38,49.19730130407963,0.7774005042183351,0,10,4,50,61.95,55.18,50.24,46.13,0.0,0.0,0.0,0.0
800,42627,52.36,50.00077383015584,0.8093231385126007,2,11,4,50,53.08,47.88,59.73,48.76,0.0,0.0,0.0,0.0
801,35084,31.55,52.47059120740134,0.7576561926230777,0,22,4,50,34.95,31.2,31.23,28.82,0.0,0.0,0.0,0.0
802,37502,52.73,51.88436087653885,0.811301601475388,0,16,4,50,49.54,62.21,49.31,49.85,0.0,0.0,0.0,0.0
803,37905,56.02,48.514915996544005,0.7705316427061688,0,15,4,50,55.91,50.62,58.33,59.2,0.0,0.0,0.0,0.0
804,38308,42.48,50.84247281557229,0.8755139081066127,0,14,4,50,40.03,36.95,47.9,45.02,0.0,0.0,0.0,0.0
805,39920,51.26,50.63771834734042,0.753226218122488,0,10,4,50,45.62,58.52,46.09,54.8,0.0,0.0,0.0,0.0
806,37502,61.54,50.62520495235506,0.6889980840543153,0,16,4,50,55.29,56.13,70.15,64.58,0.0,0.0,0.0,0.0
807,38711,59.11,50.24392218633805,0.7986575488127186,0,13,4,50,63.35,51.02,57.88,64.21,0.0,0.0,0.0,0.0
808,37905,58.95,49.103256453911214,0.7355931619841103,0,15,4,50,56.4,61.02,65.06,53.33,0.0,0.0,0.0,0.0
809,39114,37.61,50.35170590942298,0.8547423559454669,0,12,4,50,41.76,36.86,34.86,36.95,0.0,0.0,0.0,0.0
810,36293,68.85,48.97601171093561,0.6509604182048252,0,19,4,50,65.86,61.09,76.48,71.96,0.0,0.0,0.0,0.0
811,36293,53.28,48.38597159733211,0.7814471900920947,0,19,4,50,51.48,61.29,44.76,55.61,0.0,0.0,0.0,0.0
812,36696,40.84,53.56632573067312,0.7589621472373154,0,18,4,50,42.82,39.61,42.46,38.45,0.0,0.0,0.0,0.0
813,38308,70.11,50.81916541457758,0.8160180928277757,0,14,4,50,73.57,68.27,64.84,73.75,0.0,0.0,0.0,0.0
814,36696,48.17,52.77916136029812,0.7814480262687498,0,18,4,50,47.53,44.29,53.21,47.64,0.0,0.0,0.0,0.0
815,38308,49.39,52.08818732232958,0.7726452683140803,0,14,4,50,50.44,46.31,45.3,55.5,0.0,0.0,0.0,0.0
816,35084,52.9,49.7633298453124,0.8103023626994911,0,22,4,50,54.28,44.82,53.27,59.22,0.0,0.0,0.0,0.0
817,38308,42.46,54.76007131629062,0.7595661535984879,0,14,4,50,40.25,44.01,43.41,42.17,0.0,0.0,0.0,0.0
818,37502,60.86,52.65208297909396,0.7517242133230044,0,16,4,50,60.85,67.55,56.91,58.15,0.0,0.0,0.0,0.0
819,37502,49.11,50.80290421755185,0.8335126273891552,0,16,4,50,47.36,57.53,47.3,44.26,0.0,0.0,0.0,0.0
820,37905,53.61,52.36554851959938,0.8271941014050775,0,15,4,50,54.01,50.14,59.23,51.06,0.0,0.0,0.0,0.0
821,37502,57.68,49.256818443237286,0.7170147397988107,0,16,4,50,60.35,56.99,54.12,59.25,0.0,0.0,0.0,0.0
822,36696,57.46,51.1871252705499,0.6670190075210286,0,18,4,50,59.75,56.12,57.54,56.45,0.0,0.0,0.0,0.0
823,39517,35.26,50.92257679276333,0.7757367144862066,0,11,4,50,36.6,36.83,36.67,30.95,0.0,0.0,0.0,0.0
824,39517,53.06,50.617443964873104,0.7599411136724175,0,11,4,50,53.86,45.81,55.96,56.62,0.0,0.0,0.0,0.0
825,37905,41.68,49.57391777920145,0.7550031427338358,0,15,4,50,39.74,37.46,42.95,46.59,0.0,0.0,0.0,0.0
826,37099,40.87,47.21456687476759,0.8066765737485081,0,17,4,50,41.51,42.88,38.72,40.38,0.0,0.0,0.0,0.0
827,36293,66.0,54.849673789369405,0.7852225587444708,0,19,4,50,71.97,68.19,60.85,62.98,0.0,0.0,0.0,0.0
828,37099,47.54,49.3496205711306,0.7829924182878545,0,17,4,50,48.41,49.83,41.12,50.81,0.0,0.0,0.0,0.0
829,37099,63.36,51.16074986923362,0.8939784848260308,0,17,4,50,56.11,61.82,60.08,75.43,0.0,0.0,0.0,0.0
830,39920,48.48,49.807421972533305,0.8218183579859862,0,10,4,50,53.25,47.61,45.53,47.52,0.0,0.0,0.0,0.0
831,40323,63.44,55.148687841147925,0.8106936445110613,0,9,4,50,70.04,56.76,66.76,60.2,0.0,0.0,0.0,0.0
832,37502,46.97,50.76048917896197,0.6966675738460857,0,16,4,50,52.9,39.04,48.75,47.19,0.0,0.0,0.0,0.0
833,40323,57.97,51.14173159963331,0.810182980814351,0,9,4,50,60.09,59.29,58.08,54.44,0.0,0.0,0.0,0.0
834,35487,48.14,52.83837980785727,0.7485017892588424,0,21,4,50,50.9,43.34,54.9,43.44,0.0,0.0,0.0,0.0
835,37502,33.08,53.16114276150311,0.7971713549725049,0,16,4,50,36.39,29.44,32.32,34.15,0.0,0.0,0.0,0.0
836,39920,68.46,51.72818584597702,0.6264659645241968,0,10,4,50,62.35,66.58,71.14,73.79,0.0,0.0,0.0,0.0
837,37099,44.18,50.62632711117547,0.7284414820907589,0,17,4,50,38.35,43.83,43.38,51.17,0.0,0.0,0.0,0.0
838,36293,45.62,50.17122823702743,0.694324858475662,0,19,4,50,43.76,42.34,50.84,45.53,0.0,0.0,0.0,0.0
839,36293,66.41,51.72421943750757,0.804902483782369,0,19,4,50,62.24,60.02,77.05,66.34,0.0,0.0,0.0,0.0
840,38308,32.07,52.408294236513015,0.6895361717523256,0,14,4,50,32.47,26.64,32.82,36.34,0.0,0.0,0.0,0.0
841,37099,48.63,50.25166782473392,0.7173248076849249,0,17,4,50,44.65,53.76,46.11,50.01,0.0,0.0,0.0,0.0
842,38711,62.79,50.693696129095,0.8004358156613277,0,13,4,50,55.63,53.56,69.46,72.53,0.0,0.0,0.0,0.0
843,37099,45.41,49.59553649611571,0.7033294557559648,0,17,4,50,41.16,49.51,42.9,48.08,0.0,0.0,0.0,0.0
844,38308,71.51,53.25838361510615,0.7465270188159986,0,14,4,50,74.07,74.2,72.5,65.27,0.0,0.0,0.0,0.0
845,39517,42.93,51.72165689514828,0.8323693342530185,0,11,4,50,40.68,46.1,40.09,44.84,0.0,0.0,0.0,0.0
846,41532,63.77,50.73741726255376,0.8314613638930455,0,6,4,50,63.56,65.52,69.77,56.24,0.0,0.0,0.0,0.0
847,41129,51.87,52.52291335119656,0.7197222872001536,0,7,4,50,49.89,51.87,58.83,46.91,0.0,0.0,0.0,0.0
848,38308,44.42,53.2937684190656,0.8072141934026555,0,14,4,50,43.3,46.21,41.25,46.93,0.0,0.0,0.0,0.0
849,37099,53.42,48.78564424447062,0.7310256906526952,0,17,4,50,54.39,54.13,50.63,54.52,0.0,0.0,0.0,0.0
850,37502,43.43,46.36149390445357,0.7972446036983745,0,16,4,50,44.6,44.38,45.19,39.54,0.0,0.0,0.0,0.0
851,38711,37.28,53.78708759442748,0.7352588195097254,0,13,4,50,39.55,36.53,42.35,30.67,0.0,0.0,0.0,0.0
852,38711,49.28,48.08164214535806,0.7881296443774299,0,13,4,50,55.5,40.23,53.25,48.13,0.0,0.0,0.0,0.0
853,39517,56.8,50.69607873281,0.7531291791001516,0,11,4,50,59.88,54.68,51.86,60.79,0.0,0.0,0.0,0.0
854,34681,55.1,50.31911874030952,0.7116792142747359,0,23,4,50,46.83,51.99,60.82,60.74,0.0,0.0,0.0,0.0
855,36293,41.46,50.94849438028845,0.6860123222967691,0,19,4,50,43.75,46.61,38.33,37.16,0.0,0.0,0.0,0.0
856,36293,75.9,48.01928043742783,0.6788729899132196,0,19,4,50,69.6,81.54,77.56,74.88,0.0,0.0,0.0,0.0
857,35487,64.22,52.57715006794453,0.7438505334033592,0,21,4,50,72.46,58.32,69.24,56.87,0.0,0.0,0.0,0.0
858,35084,63.5,50.38699494264557,0.6830456977004519,0,22,4,50,57.04,68.96,60.93,67.08,0.0,0.0,0.0,0.0
859,36696,54.7,50.960061977711945,0.8121484948916335,0,18,4,50,51.06,57.12,50.79,59.85,0.0,0.0,0.0,0.0
860,38308,87.43,52.867923346659495,0.7402606161927229,0,14,4,50,84.7,87.63,87.07,90.32,0.0,0.0,0.0,0.0
861,37099,45.55,51.56593253716441,0.7125900869623227,0,17,4,50,41.74,48.39,41.75,50.33,0.0,0.0,0.0,0.0
862,35084,66.03,48.20808103363394,0.6500007665231929,0,22,4,50,62.42,69.77,66.01,65.9,0.0,0.0,0.0,0.0
863,39114,70.06,50.67985844240469,0.6013543033949893,0,12,4,50,60.77,69.81,74.12,75.55,0.0,0.0,0.0,0.0
864,39517,54.39,53.7633027309675,0.6964869383987355,0,11,4,50,50.28,63.03,46.06,58.2,0.0,0.0,0.0,0.0
865,39517,51.95,50.54882662547158,0.7481342407294858,0,11,4,50,50.61,54.23,51.54,51.42,0.0,0.0,0.0,0.0
866,40323,68.29,55.6372053785145,0.7503244944365552,0,9,4,50,60.81,63.99,70.71,77.65,0.0,0.0,0.0,0.0
867,39114,54.2,51.77519899753327,0.7837004102459078,0,12,4,50,51.22,62.77,44.71,58.11,0.0,0.0,0.0,0.0
868,39114,53.48,49.985753289067205,0.7672311163763346,0,12,4,50,52.04,54.18,54.26,53.43,0.0,0.0,0.0,0.0
869,38308,48.86,51.72827545031788,0.7996379331712039,0,14,4,50,50.44,54.68,45.69,44.64,0.0,0.0,0.0,0.0
870,37099,37.97,53.376792476134696,0.8186476589128819,0,17,4,50,43.09,31.82,41.83,35.13,0.0,0.0,0.0,0.0
871,37502,73.97,53.50935280057856,0.7419495520714559,0,16,4,50,66.73,77.28,67.83,84.05,0.0,0.0,0.0,0.0
872,36696,53.48,52.79644921659202,0.7408835313322534,0,18,4,50,59.6,53.17,47.6,53.56,0.0,0.0,0.0,0.0
873,36293,57.66,50.52335767989355,0.8213498663690815,0,19,4,50,59.88,57.4,53.03,60.31,0.0,0.0,0.0,0.0
874,37905,68.21,53.76920484454477,0.7407556742493702,0,15,4,50,73.04,64.6,59.69,75.51,0.0,0.0,0.0,0.0
875,37099,47.21,51.56502889668698,0.7211089215291726,0,17,4,50,51.6,40.34,51.37,45.54,0.0,0.0,0.0,0.0
876,39114,55.47,50.97495511202185,0.7698214647201775,0,12,4,50,61.49,61.43,44.7,54.26,0.0,0.0,0.0,0.0
877,35890,60.73,52.07937786537333,0.7918269796268985,0,20,4,50,59.68,67.73,53.59,61.91,0.0,0.0,0.0,0.0
878,38308,62.41,50.74499148192608,0.753161609929396,0,14,4,50,50.18,66.1,67.97,65.4,0.0,0.0,0.0,0.0
879,37502,56.32,48.26801118678746,0.6853616449983174,0,16,4,50,47.31,56.97,56.03,64.98,0.0,0.0,0.0,0.0
880,35890,62.12,52.92834368698252,0.7210122492153281,0,20,4,50,66.04,59.39,67.99,55.08,0.0,0.0,0.0,0.0
881,39114,64.17,51.516637215493695,0.6748663588993514,0,12,4,50,64.19,64.73,65.29,62.47,0.0,0.0,0.0,0.0
882,40323,30.87,49.66529525581108,0.7221674221650384,0,9,4,50,31.06,27.91,33.42,31.09,0.0,0.0,0.0,0.0
883,37099,62.5,52.92490501693151,0.7399691775126764,0,17,4,50,60.54,64.67,56.47,68.31,0.0,0.0,0.0,0.0
884,39114,51.48,51.2857230777702,0.8480967026870786,0,12,4,50,56.44,50.07,49.34,50.07,0.0,0.0,0.0,0.0
885,39517,51.31,52.36201713353977,0.7194923861910112,0,11,4,50,47.75,62.35,49.77,45.37,0.0,0.0,0.0,0.0
886,35487,45.58,52.12747656829169,0.6907907981646869,0,21,4,50,48.49,47.24,42.21,44.38,0.0,0.0,0.0,0.0
887,35890,53.53,49.49972516031898,0.8442034109299414,0,20,4,50,60.72,50.85,46.86,55.69,0.0,0.0,0.0,0.0
888,37905,52.58,51.04879194673763,0.7018663879644808,0,15,4,50,57.05,47.85,54.71,50.73,0.0,0.0,0.0,0.0
889,41129,53.98,54.945751781536025,0.7471836585549555,0,7,4,50,49.1,50.73,56.54,59.54,0.0,0.0,0.0,0.0
890,39114,55.45,51.25713426651435,0.7605610627593847,0,12,4,50,59.74,51.65,48.95,61.46,0.0,0.0,0.0,0.0
891,36696,50.4,50.67578333805404,0.7741219074956026,0,18,4,50,46.93,50.58,58.47,45.62,0.0,0.0,0.0,0.0
892,39517,65.28,55.21036572836668,0.8161737135997872,0,11,4,50,63.72,65.01,69.64,62.77,0.0,0.0,0.0,0.0
893,38308,53.17,52.654685480770524,0.7641426984692671,0,14,4,50,53.91,54.45,52.08,52.25,0.0,0.0,0.0,0.0
894,34278,55.96,54.96980667550993,0.7452027819986126,0,24,4,50,58.84,53.77,52.55,58.69,0.0,0.0,0.0,0.0
895,39517,54.49,51.71918164046967,0.7310746266316343,0,11,4,50,55.56,59.19,50.83,52.38,0.0,0.0,0.0,0.0
896,37099,35.84,49.40812546089002,0.8039627369202964,0,17,4,50,36.72,34.92,38.97,32.77,0.0,0.0,0.0,0.0
897,37502,65.7,51.55038842548264,0.6553243736097274,0,16,4,50,58.48,74.37,69.13,60.83,0.0,0.0,0.0,0.0
898,42778,61.09,50.5411361745075,0.7557518383992994,1,9,4,50,63.04,68.57,54.79,57.97,0.0,0.0,0.0,0.0
899,35890,55.16,52.860276409033006,0.8197048090307798,0,20,4,50,56.16,56.65,52.08,55.75,0.0,0.0,0.0,0.0
900,41166,61.72,50.44059731862514,0.7270660345776582,1,13,4,50,64.01,57.54,66.26,59.09,0.0,0.0,0.0,0.0
901,36293,66.53,49.30650051083908,0.6619353102306045,0,19,4,50,67.51,59.16,74.04,65.41,0.0,0.0,0.0,0.0
902,37905,77.06,50.384047423875096,0.7504931154574014,0,15,4,50,81.05,70.07,75.95,81.17,0.0,0.0,0.0,0.0
903,35890,58.23,51.96881069590855,0.7886449686696969,0,20,4,50,54.49,63.66,56.06,58.72,0.0,0.0,0.0,0.0
904,39114,49.11,49.0123957640196,0.7473605665868205,0,12,4,50,46.5,49.12,46.74,54.09,0.0,0.0,0.0,0.0
905,38711,61.84,51.66222187715557,0.7432945865087895,0,13,4,50,56.82,54.89,70.18,65.48,0.0,0.0,0.0,0.0
906,37502,60.23,51.41695487062549,0.8244650455292671,0,16,4,50,60.16,64.94,53.83,62.0,0.0,0.0,0.0,0.0
907,37502,60.37,53.765199694974285,0.7402487275801258,0,16,4,50,65.37,61.25,64.91,49.95,0.0,0.0,0.0,0.0
908,37502,73.19,49.91463740948415,0.8301937290393561,0,16,4,50,66.44,72.71,73.37,80.23,0.0,0.0,0.0,0.0
909,37099,49.69,53.72425110838304,0.7334813148526834,0,17,4,50,54.35,44.3,54.98,45.13,0.0,0.0,0.0,0.0
910,36696,63.61,51.604703510519634,0.803136461972158,0,18,4,50,64.77,58.39,61.31,69.97,0.0,0.0,0.0,0.0
911,35084,53.66,51.462684216145085,0.8234897690715928,0,22,4,50,48.55,52.16,58.97,54.96,0.0,0.0,0.0,0.0
912,39517,67.16,53.12424351823072,0.7300860914186226,0,11,4,50,55.71,70.33,69.68,72.9,0.0,0.0,0.0,0.0
913,37905,47.58,52.84598447787461,0.7956313038315522,0,15,4,50,52.91,42.91,45.12,49.36,0.0,0.0,0.0,0.0
914,38711,55.52,51.75179863455163,0.6765623942506969,0,13,4,50,51.09,52.78,60.89,57.34,0.0,0.0,0.0,0.0
915,36293,49.84,52.100913950613055,0.760945587118117,0,19,4,50,54.17,43.35,53.58,48.26,0.0,0.0,0.0,0.0
916,35890,56.98,49.60281591588363,0.7466593161976438,0,20,4,50,53.83,58.91,55.32,59.84,0.0,0.0,0.0,0.0
917,39517,44.97,51.69370971859949,0.6843857184989992,0,11,4,50,42.0,46.99,44.86,46.02,0.0,0.0,0.0,0.0
918,37905,61.74,51.9559900812264,0.6964732579520085,0,15,4,50,55.79,56.69,69.79,64.68,0.0,0.0,0.0,0.0
919,38308,47.16,51.55950764724099,0.7427164889647352,0,14,4,50,49.9,46.6,48.86,43.28,0.0,0.0,0.0,0.0
920,37905,55.23,48.17316525602644,0.7682896784726595,0,15,4,50,55.97,48.41,58.81,57.74,0.0,0.0,0.0,0.0
921,37502,54.36,50.70236802775079,0.785372946294862,0,16,4,50,49.57,54.0,56.25,57.61,0.0,0.0,0.0,0.0
922,38308,60.2,50.30646191273659,0.7424938356826493,0,14,4,50,62.06,54.19,62.55,62.0,0.0,0.0,0.0,0.0
923,38308,51.63,52.231961347715405,0.7503595091374026,0,14,4,50,54.26,47.99,45.48,58.78,0.0,0.0,0.0,0.0
924,35084,39.17,53.31908194184855,0.8049219329634092,0,22,4,50,40.5,40.95,43.46,31.77,0.0,0.0,0.0,0.0
925,37099,64.39,50.35624165007732,0.7959287163606236,0,17,4,50,62.33,66.44,65.27,63.51,0.0,0.0,0.0,0.0
926,38711,50.97,52.45537666166963,0.6946808073319254,0,13,4,50,49.24,52.16,49.94,52.53,0.0,0.0,0.0,0.0
927,35084,37.4,52.77478324311931,0.6764194877767477,0,22,4,50,37.23,38.81,31.43,42.14,0.0,0.0,0.0,0.0
928,42778,62.38,50.69918965847343,0.6922220807937164,1,9,4,50,57.39,64.47,64.83,62.84,0.0,0.0,0.0,0.0
929,36696,50.4,48.81614539895696,0.676006790115285,0,18,4,50,40.72,60.15,47.52,53.23,0.0,0.0,0.0,0.0
930,38308,47.12,53.341467279573855,0.6775424025710237,0,14,4,50,55.72,44.82,43.23,44.72,0.0,0.0,0.0,0.0
931,39920,45.18,50.14456615841684,0.8298473396627521,0,10,4,50,46.27,38.4,46.22,49.85,0.0,0.0,0.0,0.0
932,36293,51.43,49.10218452759639,0.7091294770916454,0,19,4,50,60.62,44.71,50.37,50.01,0.0,0.0,0.0,0.0
933,39114,57.48,50.95421166977162,0.7201212657176457,0,12,4,50,56.35,58.4,57.88,57.27,0.0,0.0,0.0,0.0
934,37502,35.46,50.4966369239057,0.8055364109062888,0,16,4,50,34.14,41.79,35.61,30.31,0.0,0.0,0.0,0.0
935,38711,58.02,49.88830172278166,0.7149872831220792,0,13,4,50,64.28,54.2,50.56,63.04,0.0,0.0,0.0,0.0
936,36293,55.98,50.6229596596609,0.7402333438836824,0,19,4,50,57.5,51.82,51.93,62.67,0.0,0.0,0.0,0.0
937,36696,40.24,51.76138257324256,0.7570548743243823,0,18,4,50,38.26,41.41,42.01,39.3,0.0,0.0,0.0,0.0
938,38308,56.76,52.615953302433525,0.7995605727087018,0,14,4,50,52.92,55.95,52.07,66.08,0.0,0.0,0.0,0.0
939,36696,57.26,52.14417665414757,0.7321919027285203,0,18,4,50,51.57,59.41,65.41,52.65,0.0,0.0,0.0,0.0
940,36293,54.96,51.72075502051854,0.7480109513999893,0,19,4,50,48.6,63.56,58.44,49.26,0.0,0.0,0.0,0.0
941,38711,61.09,50.14694257830505,0.8618178907042575,0,13,4,50,70.0,53.27,58.12,62.97,0.0,0.0,0.0,0.0
942,37502,46.43,52.06406166114181,0.6217819770626729,0,16,4,50,41.74,44.74,49.28,49.98,0.0,0.0,0.0,0.0
943,41532,54.76,49.4336127335493,0.7216000949634614,0,6,4,50,53.67,54.2,59.19,51.98,0.0,0.0,0.0,0.0
944,36293,65.28,50.23306204505697,0.6521338546112766,0,19,4,50,73.41,56.34,69.37,62.02,0.0,0.0,0.0,0.0
945,38711,52.79,50.577992329042814,0.8046757041124718,0,13,4,50,49.95,54.57,52.45,54.18,0.0,0.0,0.0,0.0
946,39114,42.06,50.38368187334191,0.7913718392658371,0,12,4,50,37.57,46.91,44.17,39.58,0.0,0.0,0.0,0.0
947,36696,78.86,51.183807400916336,0.7211870465481556,0,18,4,50,67.56,84.74,84.53,78.62,0.0,0.0,0.0,0.0
948,39517,60.48,51.71116866110573,0.7555279224642522,0,11,4,50,56.9,59.81,59.65,65.54,0.0,0.0,0.0,0.0
949,39114,61.86,52.512699634699125,0.7874358048357101,0,12,4,50,58.74,60.82,66.54,61.35,0.0,0.0,0.0,0.0
950,39517,61.66,50.21821998526478,0.7137378995718874,0,11,4,50,61.17,57.88,62.13,65.47,0.0,0.0,0.0,0.0
951,39920,59.21,50.244790295125526,0.8600772101603161,0,10,4,50,63.28,65.85,54.94,52.76,0.0,0.0,0.0,0.0
952,36293,47.46,49.63236237410657,0.798355702693595,0,19,4,50,46.61,40.29,49.38,53.55,0.0,0.0,0.0,0.0
953,38308,60.5,51.57991021085256,0.7619757683877484,0,14,4,50,55.71,65.02,54.46,66.81,0.0,0.0,0.0,0.0
954,36696,44.65,52.46976484639775,0.6934820163137876,0,18,4,50,48.16,38.19,47.69,44.55,0.0,0.0,0.0,0.0
955,38308,58.56,51.55621904827707,0.77676727062285,0,14,4,50,60.98,52.48,60.7,60.08,0.0,0.0,0.0,0.0
956,37905,50.36,51.10637187053627,0.7587420364334416,0,15,4,50,55.5,44.72,56.78,44.43,0.0,0.0,0.0,0.0
957,38308,79.16,51.24059848844792,0.6981984176302592,0,14,4,50,78.78,76.49,75.47,85.88,0.0,0.0,0.0,0.0
958,36293,57.13,49.58684358923915,0.7102415846590032,0,19,4,50,53.47,52.44,61.04,61.56,0.0,0.0,0.0,0.0
959,37905,34.81,51.956784896058885,0.7430375475048884,0,15,4,50,37.31,32.21,37.85,31.86,0.0,0.0,0.0,0.0
960,37099,45.39,50.99243437922856,0.7172990737615976,0,17,4,50,45.84,45.19,46.09,44.44,0.0,0.0,0.0,0.0
961,39517,53.44,50.3761604772308,0.656076578982636,0,11,4,50,52.15,57.37,58.58,45.65,0.0,0.0,0.0,0.0
962,38308,64.54,50.93179466148149,0.6777101467719916,0,14,4,50,61.38,70.4,62.6,63.8,0.0,0.0,0.0,0.0
963,37905,57.21,54.033686088454246,0.7769571035501343,0,15,4,50,56.25,55.26,51.42,65.9,0.0,0.0,0.0,0.0
964,38308,71.87,53.872682355467816,0.6838723388449368,0,14,4,50,68.75,73.1,75.06,70.58,0.0,0.0,0.0,0.0
965,39517,60.24,52.20068391209119,0.7017411922462311,0,11,4,50,52.41,60.58,57.46,70.52,0.0,0.0,0.0,0.0
966,38308,69.64,49.73756872700479,0.8150149485658347,0,14,4,50,76.32,68.52,61.25,72.48,0.0,0.0,0.0,0.0
967,40726,61.8,53.489090865644805,0.7314571633859716,0,8,4,50,57.56,61.85,67.71,60.07,0.0,0.0,0.0,0.0
968,36696,58.2,51.000180768646096,0.695419296838511,0,18,4,50,59.22,54.24,54.76,64.59,0.0,0.0,0.0,0.0
969,37502,66.96,50.57580212812381,0.7579272438123124,0,16,4,50,63.54,74.4,64.53,65.39,0.0,0.0,0.0,0.0
970,38308,65.96,49.75951073216826,0.6460436510849669,0,14,4,50,55.9,71.69,61.21,75.03,0.0,0.0,0.0,0.0
971,38308,51.08,52.65647597808311,0.7205731247629368,0,14,4,50,47.59,53.09,45.72,57.94,0.0,0.0,0.0,0.0
972,39920,59.57,51.61026751549529,0.6942356933578748,0,10,4,50,64.3,51.19,58.99,63.79,0.0,0.0,0.0,0.0
973,39517,61.94,48.45569096400492,0.7492809349357208,0,11,4,50,63.01,65.16,60.64,58.95,0.0,0.0,0.0,0.0
974,39114,86.03,50.167199204874535,0.680678070992041,0,12,4,50,92.78,88.91,77.13,85.31,0.0,0.0,0.0,0.0
975,38308,51.5,49.88305445205511,0.735448908740331,0,14,4,50,47.4,43.26,55.88,59.46,0.0,0.0,0.0,0.0
976,39920,58.52,52.074970506515726,0.8602642011825739,0,10,4,50,67.14,52.29,54.89,59.75,0.0,0.0,0.0,0.0
977,39920,73.6,50.06360602403704,0.6603100058635482,0,10,4,50,74.49,70.33,76.16,73.43,0.0,0.0,0.0,0.0
978,43181,62.4,48.74906103577128,0.7433021572489571,1,8,4,50,65.1,66.01,59.64,58.83,0.0,0.0,0.0,0.0
979,43181,43.91,53.797472441712735,0.7520346171709245,1,8,4,50,45.96,43.93,42.87,42.89,0.0,0.0,0.0,0.0
980,38711,58.09,50.938845713916834,0.731742660654442,0,13,4,50,53.71,57.1,62.74,58.81,0.0,0.0,0.0,0.0
981,40726,46.98,51.643352496995774,0.678192682321387,0,8,4,50,52.16,48.83,40.97,45.96,0.0,0.0,0.0,0.0
982,36293,66.8,53.69120916887815,0.7005469350812004,0,19,4,50,55.14,71.43,63.76,76.85,0.0,0.0,0.0,0.0
983,40323,59.76,49.9914869608234,0.7272636998014445,0,9,4,50,48.46,56.27,66.05,68.27,0.0,0.0,0.0,0.0
984,39517,52.03,50.13543976364794,0.6569998700386855,0,11,4,50,49.79,49.19,52.22,56.91,0.0,0.0,0.0,0.0
985,38711,49.18,51.840445110917976,0.806424813551791,0,13,4,50,49.92,54.11,46.36,46.33,0.0,0.0,0.0,0.0
986,34681,45.25,53.45299424950255,0.7768562786026167,0,23,4,50,48.98,39.05,43.75,49.23,0.0,0.0,0.0,0.0
987,36696,43.03,50.12051826614425,0.6373400540128403,0,18,4,50,45.1,41.89,40.9,44.24,0.0,0.0,0.0,0.0
988,36293,59.79,52.17546204226707,0.7385111054053574,0,19,4,50,51.98,58.27,60.23,68.68,0.0,0.0,0.0,0.0
989,42627,58.48,53.4540615674761,0.7148017776857423,2,11,4,50,63.46,50.79,57.52,62.13,0.0,0.0,0.0,0.0
990,38308,65.14,49.0614827825076,0.632493611445628,0,14,4,50,67.82,59.1,65.14,68.49,0.0,0.0,0.0,0.0
991,39517,46.62,50.41829253429046,0.7780750953660379,0,11,4,50,52.75,44.23,47.64,41.86,0.0,0.0,0.0,0.0
992,38308,54.6,53.495548392812495,0.6602403926716115,0,14,4,50,58.72,49.27,53.32,57.1,0.0,0.0,0.0,0.0
993,37905,40.53,52.42561800283003,0.7583964159948696,0,15,4,50,41.13,40.8,42.73,37.48,0.0,0.0,0.0,0.0
994,39114,41.49,50.90624559113624,0.7731481826397628,0,12,4,50,41.29,43.07,37.22,44.39,0.0,0.0,0.0,0.0
995,39114,45.32,49.965110180782936,0.7817241518865187,0,12,4,50,47.16,44.59,40.43,49.08,0.0,0.0,0.0,0.0
996,38711,60.47,53.22689584721769,0.7180899535870804,0,13,4,50,69.12,51.6,57.01,64.16,0.0,0.0,0.0,0.0
997,36696,58.89,52.06727844331682,0.7699549157524683,0,18,4,50,49.27,60.74,64.49,61.07,0.0,0.0,0.0,0.0
998,41129,63.8,51.03248975260507,0.661497312482634,0,7,4,50,59.81,78.51,57.9,58.98,0.0,0.0,0.0,0.0
999,39517,39.35,51.51451802484283,0.7398935824769973,0,11,4,50,42.1,38.75,33.95,42.62,0.0,0.0,0.0,0.0
1000,39920,54.57,52.654462257077455,0.710142865553308,0,10,4,50,54.84,55.42,58.2,49.83,0.0,0.0,0.0,0.0
1001,37502,59.74,48.41640062880157,0.6521854731255239,0,16,4,50,51.48,55.89,65.02,66.56,0.0,0.0,0.0,0.0
1002,38711,54.0,51.34103792238779,0.7869003334667739,0,13,4,50,50.73,59.75,48.58,56.96,0.0,0.0,0.0,0.0
1003,37502,44.32,52.151441362035214,0.6720114038077742,0,16,4,50,51.17,41.75,38.42,45.93,0.0,0.0,0.0,0.0
1004,38308,64.91,51.99750461284986,0.7279236273547613,0,14,4,50,66.32,69.37,67.44,56.51,0.0,0.0,0.0,0.0
1005,41129,47.47,51.45984667167439,0.7875217345947744,0,7,4,50,49.48,41.46,50.86,48.08,0.0,0.0,0.0,0.0
1006,38308,47.32,50.48549722066668,0.7952034445297227,0,14,4,50,45.11,49.17,46.65,48.34,0.0,0.0,0.0,0.0
1007,38308,61.27,52.626767266119536,0.734131564623288,0,14,4,50,57.23,63.32,63.14,61.4,0.0,0.0,0.0,0.0
1008,39517,60.68,49.68574366942172,0.6816337826199853,0,11,4,50,63.87,68.17,58.5,52.19,0.0,0.0,0.0,0.0
1009,36293,41.81,50.73912813855984,0.6246986818415604,0,19,4,50,39.3,38.02,44.98,44.95,0.0,0.0,0.0,0.0
1010,37905,46.08,51.74126411860125,0.6082606411049442,0,15,4,50,43.04,49.12,48.08,44.08,0.0,0.0,0.0,0.0
1011,37099,52.36,53.76773108492792,0.7922724571667624,0,17,4,50,52.98,47.23,58.22,51.02,0.0,0.0,0.0,0.0
1012,39517,50.79,53.934176753083136,0.7260897528070063,0,11,4,50,48.78,47.91,52.55,53.93,0.0,0.0,0.0,0.0
1013,43030,60.95,49.33732664663527,0.6762337628687455,2,10,4,50,58.95,63.74,56.04,65.08,0.0,0.0,0.0,0.0
1014,35487,58.45,49.01313149176666,0.8101772881495365,0,21,4,50,49.5,57.93,59.89,66.48,0.0,0.0,0.0,0.0
1015,37905,60.24,50.47211041031301,0.7485210629029999,0,15,4,50,61.14,68.27,59.73,51.84,0.0,0.0,0.0,0.0
1016,36293,69.64,52.2846171015954,0.7222099576581464,0,19,4,50,71.25,71.94,65.11,70.26,0.0,0.0,0.0,0.0
1017,38711,50.57,50.45243261804951,0.605178272776168,0,13,4,50,47.84,50.08,48.44,55.92,0.0,0.0,0.0,0.0
1018,37502,49.65,50.6374340981282,0.8112180026999698,0,16,4,50,44.89,51.13,50.19,52.4,0.0,0.0,0.0,0.0
1019,37502,60.16,49.974318456029785,0.7163119204262584,0,16,4,50,63.23,54.59,61.98,60.83,0.0,0.0,0.0,0.0
1020,38308,38.66,51.35369372512367,0.6612118467080618,0,14,4,50,33.65,44.41,35.96,40.63,0.0,0.0,0.0,0.0
1021,39517,56.94,50.78456839266539,0.6398685160956625,0,11,4,50,58.48,53.55,62.16,53.58,0.0,0.0,0.0,0.0
1022,39920,54.28,50.78934626889177,0.7690412987521896,0,10,4,50,57.41,51.94,53.85,53.94,0.0,0.0,0.0,0.0
1023,36696,47.2,49.56223759018569,0.6886116913348033,0,18,4,50,43.46,42.61,55.19,47.55,0.0,0.0,0.0,0.0
1024,41129,60.85,50.016175929280806,0.7700834295475099,0,7,4,50,63.34,58.83,55.02,66.22,0.0,0.0,0.0,0.0
1025,39920,48.28,50.06298266849181,0.7814186453598438,0,10,4,50,48.31,49.57,46.13,49.13,0.0,0.0,0.0,0.0
1026,35890,57.04,52.0879382384944,0.7090688757921658,0,20,4,50,52.57,65.72,54.29,55.6,0.0,0.0,0.0,0.0
1027,35890,65.28,51.14672992337295,0.7703890256070686,0,20,4,50,75.04,57.64,52.88,75.56,0.0,0.0,0.0,0.0
1028,39114,55.22,52.81648631421695,0.6932885428701866,0,12,4,50,51.84,65.25,49.85,53.95,0.0,0.0,0.0,0.0
1029,37502,60.34,54.04584867674796,0.6964753998186608,0,16,4,50,53.6,64.23,58.23,65.29,0.0,0.0,0.0,0.0
1030,34681,55.31,52.29398095515781,0.7206739651272255,0,23,4,50,60.64,46.68,53.7,60.21,0.0,0.0,0.0,0.0
1031,37905,73.91,48.63904867295445,0.8487526979055553,0,15,4,50,73.82,71.39,79.7,70.75,0.0,0.0,0.0,0.0
1032,36293,62.51,54.96613073884868,0.7130984830265966,0,19,4,50,62.91,61.73,59.85,65.57,0.0,0.0,0.0,0.0
1033,37099,46.5,52.41978899667691,0.6845049643088132,0,17,4,50,39.84,43.29,48.13,54.73,0.0,0.0,0.0,0.0
1034,39114,59.7,49.76975017399848,0.7378772534226073,0,12,4,50,54.42,56.28,62.53,65.55,0.0,0.0,0.0,0.0
1035,39920,53.36,52.30159269830277,0.7380640669907889,0,10,4,50,46.51,51.36,59.65,55.9,0.0,0.0,0.0,0.0
1036,36696,56.93,50.70818834267075,0.6821453047708451,0,18,4,50,62.27,48.89,52.62,63.95,0.0,0.0,0.0,0.0
1037,39114,46.03,50.90235295619776,0.7409472302918299,0,12,4,50,52.85,39.39,39.8,52.06,0.0,0.0,0.0,0.0
1038,39920,54.0,48.48966990091573,0.6842021170680286,0,10,4,50,48.39,54.21,53.95,59.44,0.0,0.0,0.0,0.0
1039,38711,45.59,49.24224816484758,0.6987799961906218,0,13,4,50,49.92,42.55,41.97,47.93,0.0,0.0,0.0,0.0
1040,37905,40.62,52.34706111347743,0.7516643997812852,0,15,4,50,37.5,45.35,36.35,43.3,0.0,0.0,0.0,0.0
1041,36696,46.71,51.60946146277673,0.7249436752707838,0,18,4,50,50.64,46.84,44.01,45.34,0.0,0.0,0.0,0.0
1042,39920,56.62,49.57192705192298,0.6840626925107253,0,10,4,50,66.16,52.45,59.8,48.06,0.0,0.0,0.0,0.0
1043,37905,43.24,51.19017241852091,0.7894879273159554,0,15,4,50,43.15,43.05,44.86,41.89,0.0,0.0,0.0,0.0
1044,37099,59.69,52.65363316010565,0.6375291390070195,0,17,4,50,59.5,57.77,56.03,65.45,0.0,0.0,0.0,0.0
1045,37905,42.09,56.09408054007376,0.8181121578279236,0,15,4,50,40.46,39.65,41.87,46.37,0.0,0.0,0.0,0.0
1046,36293,64.36,50.839951683203054,0.7163582379019796,0,19,4,50,71.78,64.06,54.14,67.44,0.0,0.0,0.0,0.0
1047,39114,53.13,50.804784910666,0.6804280939073453,0,12,4,50,57.78,53.85,46.92,53.98,0.0,0.0,0.0,0.0
1048,39114,55.99,49.838491526794144,0.8138668302121091,0,12,4,50,57.55,60.08,57.83,48.49,0.0,0.0,0.0,0.0
1049,39517,61.69,51.051899426304765,0.6905623782539236,0,11,4,50,61.94,66.46,56.81,61.56,0.0,0.0,0.0,0.0
1050,36696,47.69,50.91906084034873,0.7705617741754606,0,18,4,50,54.58,44.8,43.89,47.51,0.0,0.0,0.0,0.0
1051,40323,60.04,49.97471393504343,0.7781399307251613,0,9,4,50,66.1,59.4,56.92,57.74,0.0,0.0,0.0,0.0
1052,36293,57.19,50.42665380025071,0.7014056935008685,0,19,4,50,52.14,57.4,59.48,59.76,0.0,0.0,0.0,0.0
1053,40323,60.83,52.58986680746583,0.7218998962648651,0,9,4,50,57.37,63.31,57.11,65.54,0.0,0.0,0.0,0.0
1054,37905,43.5,52.94690161908,0.8013678847629709,0,15,4,50,43.16,46.64,43.85,40.35,0.0,0.0,0.0,0.0
1055,36696,38.1,52.47935457795538,0.6979836232009233,0,18,4,50,36.91,36.42,36.3,42.78,0.0,0.0,0.0,0.0
1056,38711,64.54,49.31698679361661,0.7056471862093697,0,13,4,50,58.98,59.83,74.55,64.8,0.0,0.0,0.0,0.0
1057,39114,42.34,53.186935835024975,0.6826979741425213,0,12,4,50,48.0,36.88,42.6,41.9,0.0,0.0,0.0,0.0
1058,37905,38.03,48.372229663543095,0.7272134732757158,0,15,4,50,42.17,34.3,34.9,40.76,0.0,0.0,0.0,0.0
1059,38711,69.05,51.06631861493442,0.7232171280929787,0,13,4,50,64.76,63.08,70.32,78.04,0.0,0.0,0.0,0.0
1060,39517,63.34,49.53713777971774,0.6856744746314755,0,11,4,50,64.02,64.95,66.65,57.74,0.0,0.0,0.0,0.0
1061,39517,58.39,50.76351777305224,0.6808199791753948,0,11,4,50,51.83,62.65,58.78,60.31,0.0,0.0,0.0,0.0
1062,39517,72.15,49.141901223911006,0.692797152275109,0,11,4,50,72.33,74.83,68.53,72.91,0.0,0.0,0.0,0.0
1063,36696,45.84,51.37120444945418,0.6171146255938174,0,18,4,50,43.85,54.34,43.11,42.08,0.0,0.0,0.0,0.0
1064,38711,50.97,50.44533632309976,0.7747526477178512,0,13,4,50,50.89,60.45,42.58,49.96,0.0,0.0,0.0,0.0
1065,41532,66.16,51.73867687856029,0.778739579849035,0,6,4,50,68.0,64.47,69.13,63.04,0.0,0.0,0.0,0.0
1066,36696,72.08,51.5176581651666,0.6889369906796718,0,18,4,50,74.49,69.08,66.41,78.33,0.0,0.0,0.0,0.0
1067,37905,58.13,52.13843676926562,0.7812115898326982,0,15,4,50,58.66,59.42,58.7,55.75,0.0,0.0,0.0,0.0
1068,37099,70.63,51.3293829830213,0.6924585639918072,0,17,4,50,77.72,76.59,64.52,63.71,0.0,0.0,0.0,0.0
1069,40323,55.6,53.837740828743634,0.8151376848176601,0,9,4,50,60.51,52.42,51.52,57.94,0.0,0.0,0.0,0.0
1070,35487,52.32,50.37709428936734,0.6927947797352554,0,21,4,50,47.83,53.0,57.93,50.52,0.0,0.0,0.0,0.0
1071,37502,80.08,51.71491962537957,0.657319451423654,0,16,4,50,76.54,74.33,84.43,85.0,0.0,0.0,0.0,0.0
1072,39517,63.76,50.568302988671455,0.6363625936944025,0,11,4,50,61.92,70.35,58.49,64.26,0.0,0.0,0.0,0.0
1073,37905,53.24,51.55677125817387,0.7257568368358079,0,15,4,50,49.66,50.07,58.47,54.76,0.0,0.0,0.0,0.0
1074,36293,52.44,52.87698529617024,0.700762574527163,0,19,4,50,49.76,57.23,53.67,49.12,0.0,0.0,0.0,0.0
1075,36293,50.21,52.999347910783655,0.699233296056034,0,19,4,50,50.73,46.22,52.33,51.57,0.0,0.0,0.0,0.0
1076,38711,59.99,53.38226029170333,0.680925199675833,0,13,4,50,62.46,56.72,59.97,60.81,0.0,0.0,0.0,0.0
1077,38711,70.01,50.9259090033683,0.6634201071240049,0,13,4,50,63.95,74.1,75.57,66.43,0.0,0.0,0.0,0.0
1078,41129,42.18,50.05520349205923,0.710650912875785,0,7,4,50,41.1,43.87,42.49,41.26,0.0,0.0,0.0,0.0
1079,38308,51.91,53.50806652411278,0.7355989317220331,0,14,4,50,50.63,49.2,55.38,52.43,0.0,0.0,0.0,0.0
1080,37502,50.28,50.96072665960539,0.7002415433462852,0,16,4,50,47.07,54.06,55.2,44.8,0.0,0.0,0.0,0.0
1081,39114,59.81,52.41235242579634,0.6620348993352109,0,12,4,50,67.18,55.42,56.22,60.42,0.0,0.0,0.0,0.0
1082,36293,62.03,52.65639524215591,0.6801589969607486,0,19,4,50,58.43,53.22,66.74,69.72,0.0,0.0,0.0,0.0
1083,39517,54.49,51.99151556965311,0.7686003110003494,0,11,4,50,54.71,57.28,58.62,47.36,0.0,0.0,0.0,0.0
1084,37099,67.28,50.97912868324945,0.6968167964912814,0,17,4,50,69.67,60.94,67.33,71.16,0.0,0.0,0.0,0.0
1085,35890,45.4,54.029742879764285,0.7626198224382403,0,20,4,50,43.04,45.09,41.65,51.84,0.0,0.0,0.0,0.0
1086,33875,44.95,52.44350122247173,0.6924426979532018,0,25,4,50,49.98,45.96,38.7,45.16,0.0,0.0,0.0,0.0
1087,37502,61.13,51.04213575649546,0.7035441109919011,0,16,4,50,59.48,71.57,55.7,57.76,0.0,0.0,0.0,0.0
1088,38711,63.17,51.14642530262436,0.6888900802809621,0,13,4,50,58.12,68.59,59.4,66.58,0.0,0.0,0.0,0.0
1089,39114,52.09,52.91698673888835,0.7638581366902643,0,12,4,50,45.33,49.72,56.01,57.29,0.0,0.0,0.0,0.0
1090,39114,50.94,52.8715951602125,0.68078401602074,0,12,4,50,50.83,45.82,58.02,49.07,0.0,0.0,0.0,0.0
1091,39920,55.51,51.58302509068213,0.7500280235222921,0,10,4,50,61.21,65.33,45.91,49.6,0.0,0.0,0.0,0.0
1092,37099,53.57,53.05315073537749,0.6786588653932353,0,17,4,50,51.04,47.31,58.33,57.6,0.0,0.0,0.0,0.0
1093,36696,40.15,51.16699311489205,0.8422581291811858,0,18,4,50,40.19,46.56,37.28,36.58,0.0,0.0,0.0,0.0
1094,39114,52.67,49.71541521404506,0.681628566150824,0,12,4,50,45.59,57.27,60.2,47.63,0.0,0.0,0.0,0.0
1095,40323,79.59,50.25249704286542,0.6986109403193954,0,9,4,50,79.34,82.33,79.99,76.68,0.0,0.0,0.0,0.0
1096,36293,54.28,51.070788880199686,0.736269990734492,0,19,4,50,50.57,55.41,52.66,58.49,0.0,0.0,0.0,0.0
1097,39517,42.99,52.23520813982997,0.6345518989404983,0,11,4,50,40.34,43.31,48.33,39.96,0.0,0.0,0.0,0.0
1098,45545,61.65,50.69907479044598,0.6988268381424096,2,5,4,50,58.39,61.24,66.0,60.97,0.0,0.0,0.0,0.0
1099,36696,50.58,50.68461758846848,0.7303339039909622,0,18,4,50,51.81,49.4,55.16,45.94,0.0,0.0,0.0,0.0
1100,38308,49.36,51.31473025297494,0.7771856537286632,0,14,4,50,55.36,49.68,44.67,47.72,0.0,0.0,0.0,0.0
1101,39114,58.79,54.04483242646603,0.7746375257387501,0,12,4,50,50.75,61.0,63.39,60.02,0.0,0.0,0.0,0.0
1102,35487,61.25,52.43724099213664,0.7633679398007179,0,21,4,50,52.69,69.53,60.29,62.48,0.0,0.0,0.0,0.0
1103,39114,58.57,52.54574777874032,0.643552475406596,0,12,4,50,61.3,52.92,59.25,60.8,0.0,0.0,0.0,0.0
1104,36293,47.76,52.55515624819967,0.6927771032085516,0,19,4,50,50.88,46.47,46.94,46.74,0.0,0.0,0.0,0.0
1105,37905,48.63,52.08599271382625,0.8013331996106852,0,15,4,50,49.38,45.8,47.48,51.86,0.0,0.0,0.0,0.0
1106,39517,68.33,51.287794766886,0.7110203836557658,0,11,4,50,68.14,63.93,68.86,72.38,0.0,0.0,0.0,0.0
1107,37099,64.77,51.26417066416666,0.7903477509660735,0,17,4,50,68.84,66.37,62.68,61.19,0.0,0.0,0.0,0.0
1108,39114,42.6,54.10632048565627,0.6666336767385848,0,12,4,50,37.2,47.77,43.52,41.91,0.0,0.0,0.0,0.0
1109,36293,46.52,49.97115568285432,0.6565377264180267,0,19,4,50,44.08,41.35,47.87,52.76,0.0,0.0,0.0,0.0
1110,35890,55.96,52.27918335415248,0.7541379961180787,0,20,4,50,61.68,56.78,53.84,51.52,0.0,0.0,0.0,0.0
1111,35084,43.62,51.13901960983322,0.7692439763437142,0,22,4,50,45.03,45.66,35.48,48.32,0.0,0.0,0.0,0.0
1112,39920,41.16,53.86197418660945,0.7402131576397745,0,10,4,50,38.65,38.99,42.24,44.78,0.0,0.0,0.0,0.0
1113,36696,41.93,50.77124328742273,0.6967961095155497,0,18,4,50,44.36,42.94,46.33,34.1,0.0,0.0,0.0,0.0
1114,37099,46.29,50.61337838934435,0.7953585712219899,0,17,4,50,42.45,52.4,43.44,46.88,0.0,0.0,0.0,0.0
1115,39517,60.97,50.39035411356878,0.6980866966453074,0,11,4,50,63.46,58.05,60.93,61.43,0.0,0.0,0.0,0.0
1116,39114,68.0,53.75609928572865,0.7050088781335293,0,12,4,50,78.16,68.05,62.32,63.47,0.0,0.0,0.0,0.0
1117,42375,45.85,47.80049186206243,0.7152008159862745,1,10,4,50,51.36,46.83,42.45,42.76,0.0,0.0,0.0,0.0
1118,43181,65.93,52.06469880214761,0.7284734251535938,1,8,4,50,69.97,58.64,68.0,67.1,0.0,0.0,0.0,0.0
1119,39920,73.81,48.68928049842902,0.638238685668225,0,10,4,50,69.52,80.01,80.59,65.12,0.0,0.0,0.0,0.0
1120,37099,66.17,52.12141562905795,0.7873212170670677,0,17,4,50,64.56,73.93,66.0,60.2,0.0,0.0,0.0,0.0
1121,37905,43.92,51.354367002740176,0.7401882732483086,0,15,4,50,41.43,52.49,41.27,40.47,0.0,0.0,0.0,0.0
1122,39517,46.15,50.88777715283699,0.7146339331578228,0,11,4,50,43.53,40.98,50.65,49.44,0.0,0.0,0.0,0.0
1123,38308,67.22,53.285883508777246,0.6718907293255028,0,14,4,50,64.63,64.38,62.5,77.39,0.0,0.0,0.0,0.0
1124,38711,51.17,52.82199294624441,0.8024082872978582,0,13,4,50,44.47,56.21,56.09,47.92,0.0,0.0,0.0,0.0
1125,42435,49.16,50.60868663498707,0.6722387981905813,0,5,4,50,47.79,47.36,54.55,46.93,0.0,0.0,0.0,0.0
1126,40323,56.49,51.89171816090067,0.6984200277679955,0,9,4,50,59.56,56.85,51.24,58.31,0.0,0.0,0.0,0.0
1127,38308,46.65,51.63803606521569,0.7101226745898364,0,14,4,50,46.46,47.72,46.32,46.11,0.0,0.0,0.0,0.0
1128,39114,64.65,52.09880522107994,0.7302650941967764,0,12,4,50,69.86,57.83,60.44,70.47,0.0,0.0,0.0,0.0
1129,39114,53.72,51.60416216790144,0.6440438020321606,0,12,4,50,56.45,46.09,62.66,49.69,0.0,0.0,0.0,0.0
1130,39517,56.09,51.53340934958158,0.6471497810121383,0,11,4,50,63.95,53.47,55.73,51.22,0.0,0.0,0.0,0.0
1131,36696,35.91,52.821452195064175,0.7219837209267647,0,18,4,50,39.84,40.56,32.41,30.83,0.0,0.0,0.0,0.0
1132,39517,45.32,52.62922193380077,0.7424665623258945,0,11,4,50,43.35,50.53,42.59,44.8,0.0,0.0,0.0,0.0
1133,39920,56.17,51.25446116355672,0.7185434997732634,0,10,4,50,50.27,56.52,57.09,60.79,0.0,0.0,0.0,0.0
1134,35890,33.49,51.4780508296768,0.6933385684616602,0,20,4,50,35.55,33.18,33.26,31.97,0.0,0.0,0.0,0.0
1135,37905,39.44,50.42829739089308,0.6490911190034553,0,15,4,50,35.32,44.09,37.24,41.13,0.0,0.0,0.0,0.0
1136,40323,43.55,52.88439531640328,0.6331362561105809,0,9,4,50,41.26,38.72,45.18,49.03,0.0,0.0,0.0,0.0
1137,39517,38.98,53.48159308597113,0.6560022380017265,0,11,4,50,41.96,34.94,37.51,41.52,0.0,0.0,0.0,0.0
1138,38308,70.08,51.57559784619121,0.7352585113477337,0,14,4,50,67.25,79.37,70.29,63.41,0.0,0.0,0.0,0.0
1139,34278,45.38,53.1948766699346,0.7259865095747686,0,24,4,50,48.05,45.08,41.17,47.22,0.0,0.0,0.0,0.0
1140,37502,64.74,52.86681356455206,0.7003969792804148,0,16,4,50,69.68,66.52,59.56,63.22,0.0,0.0,0.0,0.0
1141,38711,44.84,53.432590158449,0.8335219772898718,0,13,4,50,43.53,45.48,46.8,43.54,0.0,0.0,0.0,0.0
1142,38711,45.42,52.40079858693133,0.6650423415281925,0,13,4,50,45.46,48.83,39.21,48.17,0.0,0.0,0.0,0.0
1143,42778,37.22,51.71322396137927,0.6901295432852275,1,9,4,50,35.53,42.98,35.8,34.58,0.0,0.0,0.0,0.0
1144,36696,65.38,51.32960869401193,0.6299724075514629,0,18,4,50,61.8,70.8,54.04,74.9,0.0,0.0,0.0,0.0
1145,39517,70.97,53.09124163617828,0.6534960486403727,0,11,4,50,63.34,71.53,73.28,75.75,0.0,0.0,0.0,0.0
1146,39517,46.31,51.81873875789998,0.6919200813361077,0,11,4,50,49.67,42.1,48.49,44.96,0.0,0.0,0.0,0.0
1147,43282,70.52,51.18820264700477,0.7349131679801353,3,11,4,50,73.17,56.84,76.82,75.24,0.0,0.0,0.0,0.0
1148,42435,38.0,51.75636084446614,0.6353647353191743,0,5,4,50,40.92,41.18,35.34,34.55,0.0,0.0,0.0,0.0
1149,40323,59.49,46.93387101743169,0.7180692414708514,0,9,4,50,48.57,63.56,62.34,63.48,0.0,0.0,0.0,0.0
1150,39114,44.08,53.4538893720749,0.6845867456761023,0,12,4,50,43.47,40.2,45.64,47.02,0.0,0.0,0.0,0.0
1151,43433,58.38,51.12989281540012,0.7295961950104933,2,9,4,50,56.96,56.4,64.33,55.83,0.0,0.0,0.0,0.0
1152,38308,50.6,50.97321475459404,0.6881322254272829,0,14,4,50,52.67,53.05,46.17,50.51,0.0,0.0,0.0,0.0
1153,41129,57.77,51.47230024928623,0.6832738317034955,0,7,4,50,56.49,63.86,52.26,58.47,0.0,0.0,0.0,0.0
1154,39920,52.96,51.64040047607564,0.744090328019061,0,10,4,50,45.78,54.82,54.33,56.9,0.0,0.0,0.0,0.0
1155,38711,60.14,52.91760037897484,0.6177834017364827,0,13,4,50,51.86,64.24,56.25,68.19,0.0,0.0,0.0,0.0
1156,40323,51.2,50.98161057267885,0.6654700237880695,0,9,4,50,48.54,53.53,54.1,48.63,0.0,0.0,0.0,0.0
1157,39920,68.23,50.838426848202616,0.714153612617223,0,10,4,50,65.38,68.72,61.93,76.88,0.0,0.0,0.0,0.0
1158,41129,46.66,52.68681121960396,0.6502667371109032,0,7,4,50,46.5,43.81,51.79,44.53,0.0,0.0,0.0,0.0
1159,38711,57.53,52.440565327297534,0.7107187293798062,0,13,4,50,54.32,54.4,51.46,69.95,0.0,0.0,0.0,0.0
1160,38308,55.34,50.23373547191778,0.7033119588271052,0,14,4,50,48.62,56.26,55.73,60.76,0.0,0.0,0.0,0.0
1161,40726,57.62,52.95103988802292,0.7169215685634771,0,8,4,50,63.11,48.76,65.71,52.91,0.0,0.0,0.0,0.0
1162,38308,55.25,55.17646120169941,0.7827840755800458,0,14,4,50,63.94,57.12,47.8,52.15,0.0,0.0,0.0,0.0
1163,39114,56.16,55.43663282585667,0.6879341175806728,0,12,4,50,52.68,50.91,62.55,58.5,0.0,0.0,0.0,0.0
1164,39517,47.36,53.46673688576177,0.7136295527556565,0,11,4,50,47.18,45.39,47.07,49.8,0.0,0.0,0.0,0.0
1165,37099,52.68,50.02114839871435,0.6796555401004298,0,17,4,50,54.73,52.91,54.83,48.26,0.0,0.0,0.0,0.0
1166,37502,50.16,50.96926995135984,0.7771396054385451,0,16,4,50,46.69,53.09,53.85,46.99,0.0,0.0,0.0,0.0
1167,39920,50.14,50.95344353566946,0.6922548320676913,0,10,4,50,55.19,49.47,53.6,42.28,0.0,0.0,0.0,0.0
1168,39114,47.69,53.52490835181085,0.6140339084139631,0,12,4,50,39.19,48.44,50.58,52.54,0.0,0.0,0.0,0.0
1169,39920,42.28,51.4989354829521,0.672701136450784,0,10,4,50,41.06,44.75,35.99,47.33,0.0,0.0,0.0,0.0
1170,40726,49.09,51.60904051291244,0.7696076202273018,0,8,4,50,46.72,47.29,54.31,48.03,0.0,0.0,0.0,0.0
1171,44642,56.7,52.17968230854692,0.714695847236457,2,6,4,50,56.72,56.88,59.93,53.27,0.0,0.0,0.0,0.0
1172,40726,41.58,51.38333276644759,0.6942647183359428,0,8,4,50,41.58,40.48,45.54,38.72,0.0,0.0,0.0,0.0
1173,39114,66.62,50.99082246783308,0.5722536090274373,0,12,4,50,70.37,67.15,55.91,73.04,0.0,0.0,0.0,0.0
1174,38711,56.91,52.00792608252688,0.7426828455788947,0,13,4,50,59.71,56.92,59.98,51.02,0.0,0.0,0.0,0.0
1175,39920,65.62,51.80461768383925,0.6686199746688131,0,10,4,50,70.13,67.21,56.02,69.13,0.0,0.0,0.0,0.0
1176,39517,39.26,48.37868203139045,0.6764550479723478,0,11,4,50,40.11,38.92,38.14,39.86,0.0,0.0,0.0,0.0
1177,40726,43.42,51.87226502751636,0.71600873344553,0,8,4,50,47.71,38.25,46.22,41.51,0.0,0.0,0.0,0.0
1178,37502,76.58,52.16323524855806,0.6942528586879056,0,16,4,50,71.1,82.64,73.24,79.32,0.0,0.0,0.0,0.0
1179,43181,66.27,53.2554916877638,0.8093634001617359,1,8,4,50,69.5,64.93,72.06,58.6,0.0,0.0,0.0,0.0
1180,37502,60.18,48.89729313323059,0.6820953152621912,0,16,4,50,56.33,65.65,57.9,60.84,0.0,0.0,0.0,0.0
1181,36696,63.9,49.76379279972063,0.711181017189459,0,18,4,50,67.23,65.73,48.95,73.69,0.0,0.0,0.0,0.0
1182,35084,58.92,53.79745448680899,0.7953293595747806,0,22,4,50,60.75,63.12,55.05,56.78,0.0,0.0,0.0,0.0
1183,39114,45.59,50.75028271846522,0.6836068377654365,0,12,4,50,48.99,47.39,43.65,42.33,0.0,0.0,0.0,0.0
1184,37905,50.21,54.44586307546855,0.6226745077000769,0,15,4,50,49.63,51.55,52.61,47.06,0.0,0.0,0.0,0.0
1185,36293,51.82,50.83274276740198,0.6828915114919929,0,19,4,50,53.07,50.12,49.43,54.67,0.0,0.0,0.0,0.0
1186,39920,37.28,51.90260747939169,0.7317652831096535,0,10,4,50,40.94,34.6,35.47,38.09,0.0,0.0,0.0,0.0
1187,45146,49.9,51.34857018153532,0.6418497940719247,4,8,4,50,51.63,51.69,51.49,44.77,0.0,0.0,0.0,0.0
1188,39517,28.42,53.72855222241224,0.6940069688413409,0,11,4,50,29.9,28.33,27.36,28.08,0.0,0.0,0.0,0.0
1189,39517,46.05,51.68658439379005,0.6072579266785799,0,11,4,50,44.8,42.81,51.9,44.7,0.0,0.0,0.0,0.0
1190,36696,71.81,53.23130677689313,0.650435655958892,0,18,4,50,71.65,76.3,69.62,69.68,0.0,0.0,0.0,0.0
1191,39114,48.7,49.21873470722512,0.6375409558269981,0,12,4,50,47.4,46.06,46.28,55.05,0.0,0.0,0.0,0.0
1192,39114,45.21,54.18865146198015,0.695777562668413,0,12,4,50,40.59,44.42,47.11,48.73,0.0,0.0,0.0,0.0
1193,35890,55.4,49.46599140326219,0.7593819027282216,0,20,4,50,56.99,60.58,54.18,49.83,0.0,0.0,0.0,0.0
1194,37905,59.76,49.56886091521816,0.7655791180367328,0,15,4,50,55.81,58.57,62.84,61.83,0.0,0.0,0.0,0.0
1195,39920,55.05,52.39855172755367,0.6935953941137425,0,10,4,50,62.3,55.38,51.2,51.32,0.0,0.0,0.0,0.0
1196,40323,53.62,51.14922095881446,0.7202509968639743,0,9,4,50,50.39,65.22,48.3,50.57,0.0,0.0,0.0,0.0
1197,41129,69.1,51.3432944268324,0.6941183752363339,0,7,4,50,75.13,74.38,67.78,59.1,0.0,0.0,0.0,0.0
1198,37502,43.65,52.74723727320889,0.6614571565181201,0,16,4,50,50.55,43.13,42.18,38.75,0.0,0.0,0.0,0.0
1199,37905,47.85,52.946196068341536,0.7080752154882859,0,15,4,50,44.46,41.52,55.18,50.24,0.0,0.0,0.0,0.0
1200,42778,50.38,51.24930892706575,0.7455005214593589,1,9,4,50,48.09,47.09,52.53,53.82,0.0,0.0,0.0,0.0
1201,36696,85.93,52.34133810409423,0.6655827983057386,0,18,4,50,91.97,84.39,83.58,83.78,0.0,0.0,0.0,0.0
1202,41129,78.63,50.54727608225878,0.7782480084288184,0,7,4,50,84.34,73.07,72.31,84.79,0.0,0.0,0.0,0.0
1203,39114,57.26,51.84116506674033,0.7778683478190742,0,12,4,50,61.15,56.66,48.81,62.41,0.0,0.0,0.0,0.0
1204,36696,45.42,49.7236922839837,0.6110439270782224,0,18,4,50,47.16,49.49,37.57,47.44,0.0,0.0,0.0,0.0
1205,38308,64.56,50.48480709054638,0.7511372339272558,0,14,4,50,73.09,53.29,66.62,65.22,0.0,0.0,0.0,0.0
1206,38711,55.24,52.943734233352686,0.7422169930072082,0,13,4,50,57.68,55.51,55.73,52.05,0.0,0.0,0.0,0.0
1207,35890,73.6,49.04637257479123,0.6385391232942802,0,20,4,50,73.12,83.74,65.56,71.99,0.0,0.0,0.0,0.0
1208,41532,43.14,52.95458774858543,0.7856269987634359,0,6,4,50,45.15,37.04,41.57,48.78,0.0,0.0,0.0,0.0
1209,37905,48.42,49.41463985004133,0.6336948369576074,0,15,4,50,49.22,49.84,43.39,51.23,0.0,0.0,0.0,0.0
1210,39114,53.31,50.38471999214675,0.7280797367791564,0,12,4,50,53.76,57.47,50.64,51.38,0.0,0.0,0.0,0.0
1211,36293,47.05,50.29197538855774,0.6905917297304089,0,19,4,50,52.52,42.84,50.17,42.67,0.0,0.0,0.0,0.0
1212,38711,51.4,48.80991629205473,0.6067641438759318,0,13,4,50,56.74,47.11,44.95,56.78,0.0,0.0,0.0,0.0
1213,38308,46.21,51.20099769221554,0.6881877802532788,0,14,4,50,44.85,45.4,49.17,45.41,0.0,0.0,0.0,0.0
1214,42627,41.86,53.95510541734779,0.6736875074254018,2,11,4,50,44.67,39.24,41.34,42.19,0.0,0.0,0.0,0.0
1215,42627,72.25,52.30794056625018,0.7443232851918721,2,11,4,50,75.24,71.1,78.51,64.16,0.0,0.0,0.0,0.0
1216,37905,48.66,49.4438075228321,0.6169075275786338,0,15,4,50,46.61,47.6,46.09,54.34,0.0,0.0,0.0,0.0
1217,38711,59.67,51.25474629528101,0.6928461890786357,0,13,4,50,67.43,57.32,55.22,58.7,0.0,0.0,0.0,0.0
1218,39517,44.24,52.56909262322286,0.7506143143370142,0,11,4,50,37.63,40.13,47.13,52.08,0.0,0.0,0.0,0.0
1219,37502,60.75,52.30435173759685,0.6640143158875152,0,16,4,50,66.58,53.53,61.55,61.34,0.0,0.0,0.0,0.0
1220,38711,65.43,52.27107559340152,0.754284011647592,0,13,4,50,67.44,62.05,62.14,70.09,0.0,0.0,0.0,0.0
1221,37905,59.71,51.59120681020144,0.7122591386746798,0,15,4,50,53.17,57.73,62.77,65.18,0.0,0.0,0.0,0.0
1222,43181,47.9,53.22073043893754,0.7255360811688717,1,8,4,50,47.89,44.68,46.4,52.61,0.0,0.0,0.0,0.0
1223,38308,63.28,50.01504202242007,0.6420205709327389,0,14,4,50,64.55,60.9,65.6,62.09,0.0,0.0,0.0,0.0
1224,45545,45.24,52.52876149378329,0.733022986445252,2,5,4,50,51.13,42.17,43.5,44.17,0.0,0.0,0.0,0.0
1225,40726,66.92,53.70332245377321,0.642422471675447,0,8,4,50,61.33,73.81,64.2,68.33,0.0,0.0,0.0,0.0
1226,39920,43.43,52.24016106782777,0.690683328296996,0,10,4,50,43.99,39.29,49.82,40.61,0.0,0.0,0.0,0.0
1227,41532,54.88,51.86622607125644,0.7319036946464146,0,6,4,50,63.25,55.23,49.45,51.6,0.0,0.0,0.0,0.0
1228,37905,48.91,53.07560022270342,0.7023883579086009,0,15,4,50,51.44,45.05,45.35,53.79,0.0,0.0,0.0,0.0
1229,39920,58.59,51.286470942928645,0.5508145365075691,0,10,4,50,60.5,59.14,59.09,55.64,0.0,0.0,0.0,0.0
1230,44239,57.21,55.10335239905733,0.7073559206408434,2,7,4,50,57.56,57.21,57.9,56.16,0.0,0.0,0.0,0.0
1231,40726,50.04,51.51101292771843,0.6785103966716831,0,8,4,50,45.35,52.42,55.88,46.5,0.0,0.0,0.0,0.0
1232,39114,56.24,57.55797836570576,0.6781278608070381,0,12,4,50,58.11,58.52,52.25,56.08,0.0,0.0,0.0,0.0
1233,37502,55.12,50.97281907471442,0.6437623857078756,0,16,4,50,53.81,54.58,57.26,54.82,0.0,0.0,0.0,0.0
1234,39517,70.86,53.10539828571942,0.661307896680686,0,11,4,50,73.99,73.94,78.37,57.14,0.0,0.0,0.0,0.0
1235,37905,61.37,51.04302847838079,0.7707042739330746,0,15,4,50,60.83,63.68,65.73,55.23,0.0,0.0,0.0,0.0
1236,41129,53.07,51.10482493738208,0.6668812082401275,0,7,4,50,49.97,54.18,47.93,60.2,0.0,0.0,0.0,0.0
1237,39114,55.78,53.67267130492677,0.711565663318912,0,12,4,50,51.17,53.17,65.62,53.17,0.0,0.0,0.0,0.0
1238,40323,52.83,49.40677039609015,0.6836286485272675,0,9,4,50,54.7,50.66,50.77,55.2,0.0,0.0,0.0,0.0
1239,37099,56.0,50.570941697516126,0.6650724132008741,0,17,4,50,56.72,58.48,48.28,60.5,0.0,0.0,0.0,0.0
1240,39114,61.65,52.98613739758777,0.7246935006284593,0,12,4,50,63.45,67.55,54.1,61.49,0.0,0.0,0.0,0.0
1241,41532,59.2,51.02608750457394,0.6097939679204051,0,6,4,50,57.0,69.62,56.34,53.85,0.0,0.0,0.0,0.0
1242,41532,48.82,53.33581167321567,0.6804821903276989,0,6,4,50,44.0,49.6,51.66,50.02,0.0,0.0,0.0,0.0
1243,40726,47.14,52.64741451940785,0.6961239045931471,0,8,4,50,47.23,44.28,49.04,48.02,0.0,0.0,0.0,0.0
1244,41129,46.27,51.965061848327935,0.6893077333282932,0,7,4,50,47.36,46.02,42.58,49.12,0.0,0.0,0.0,0.0
1245,39114,85.8,50.5453390115594,0.7729533625352313,0,12,4,50,80.04,85.26,87.18,90.74,0.0,0.0,0.0,0.0
1246,38308,76.72,51.71918888772602,0.6897876920214787,0,14,4,50,71.52,84.4,72.49,78.46,0.0,0.0,0.0,0.0
1247,38308,67.28,50.00245285957004,0.6405260318250712,0,14,4,50,70.21,62.71,70.15,66.04,0.0,0.0,0.0,0.0
1248,40726,55.98,54.28204811067928,0.7165885606784671,0,8,4,50,54.37,63.33,47.87,58.35,0.0,0.0,0.0,0.0
1249,39114,49.58,51.75990979131677,0.6710022834713989,0,12,4,50,51.5,51.37,49.67,45.79,0.0,0.0,0.0,0.0
1250,39920,42.48,50.38198361600831,0.6883449777335158,0,10,4,50,35.42,47.16,44.11,43.24,0.0,0.0,0.0,0.0
1251,39920,47.76,53.91795645088408,0.7217226369415728,0,10,4,50,47.75,48.28,40.34,54.68,0.0,0.0,0.0,0.0
1252,39114,35.05,54.32445212329252,0.8366871415605681,0,12,4,50,34.03,39.61,33.36,33.21,0.0,0.0,0.0,0.0
1253,39517,44.91,51.8315061039708,0.7008253696903789,0,11,4,50,46.59,47.07,40.72,45.26,0.0,0.0,0.0,0.0
1254,39114,44.16,50.9777301868844,0.6542137459078472,0,12,4,50,42.9,43.59,41.71,48.44,0.0,0.0,0.0,0.0
1255,39920,73.6,51.28669545728237,0.6616537135358066,0,10,4,50,71.36,76.95,83.19,62.88,0.0,0.0,0.0,0.0
1256,43433,38.46,51.45102765391083,0.6718312439924268,2,9,4,50,37.19,35.7,38.72,42.23,0.0,0.0,0.0,0.0
1257,37099,53.99,48.19472548553772,0.6593808760700143,0,17,4,50,53.02,54.5,52.48,55.95,0.0,0.0,0.0,0.0
1258,39114,61.86,49.4581621021991,0.6356040874941855,0,12,4,50,59.81,58.84,56.11,72.66,0.0,0.0,0.0,0.0
1259,41532,53.07,47.60034460908652,0.6983571810938519,0,6,4,50,48.46,60.14,57.73,45.95,0.0,0.0,0.0,0.0
1260,39517,62.44,51.92200396814314,0.7013895984175874,0,11,4,50,65.52,57.97,65.39,60.86,0.0,0.0,0.0,0.0
1261,39114,46.38,49.5807692377686,0.6747086586512091,0,12,4,50,44.54,46.79,51.73,42.48,0.0,0.0,0.0,0.0
1262,44239,50.42,50.43443860807331,0.707173792931691,2,7,4,50,50.99,44.77,54.79,51.12,0.0,0.0,0.0,0.0
1263,38308,44.64,53.44845799015839,0.615591933997476,0,14,4,50,44.76,45.55,42.47,45.8,0.0,0.0,0.0,0.0
1264,37905,61.67,52.72509734438251,0.5634030920222597,0,15,4,50,65.88,61.22,54.96,64.63,0.0,0.0,0.0,0.0
1265,39517,70.58,52.35527890423429,0.6348062961144482,0,11,4,50,67.56,64.33,73.8,76.62,0.0,0.0,0.0,0.0
1266,37502,62.68,50.362428266897695,0.6285454955694854,0,16,4,50,59.79,59.35,69.27,62.29,0.0,0.0,0.0,0.0
1267,39920,54.4,52.55798437244234,0.6933319466387882,0,10,4,50,60.25,51.53,56.55,49.29,0.0,0.0,0.0,0.0
1268,39517,65.86,53.34033059162068,0.6843356164487392,0,11,4,50,65.99,62.44,73.25,61.75,0.0,0.0,0.0,0.0
1269,42741,47.12,51.54145490514439,0.7114047063312222,0,3,4,50,50.46,49.68,43.71,44.63,0.0,0.0,0.0,0.0
1270,39920,46.04,53.60906054038797,0.6610179129779368,0,10,4,50,49.76,46.95,41.47,45.99,0.0,0.0,0.0,0.0
1271,39517,57.3,51.7237996670812,0.636372120200579,0,11,4,50,63.98,47.79,53.6,63.85,0.0,0.0,0.0,0.0
1272,36293,51.39,53.12753782071351,0.7130816400549765,0,19,4,50,53.22,49.68,43.32,59.33,0.0,0.0,0.0,0.0
1273,39114,62.07,54.03191405208841,0.7055112021706141,0,12,4,50,55.98,56.51,65.97,69.82,0.0,0.0,0.0,0.0
1274,39114,49.88,53.9212265019006,0.7383413114773972,0,12,4,50,52.41,48.45,49.8,48.87,0.0,0.0,0.0,0.0
1275,38308,54.81,50.09421655872607,0.7682892605971838,0,14,4,50,49.76,58.14,57.61,53.72,0.0,0.0,0.0,0.0
1276,38308,52.1,54.04817571977689,0.7029835438597847,0,14,4,50,53.28,54.37,44.68,56.05,0.0,0.0,0.0,0.0
1277,37502,45.92,49.658965020098606,0.6942595574169108,0,16,4,50,40.91,51.41,40.06,51.32,0.0,0.0,0.0,0.0
1278,44642,57.12,54.691733989174026,0.5986625263418833,2,6,4,50,61.77,54.89,63.2,48.61,0.0,0.0,0.0,0.0
1279,37502,54.83,53.57523806737954,0.7223215571215527,0,16,4,50,57.01,53.31,53.58,55.42,0.0,0.0,0.0,0.0
1280,37099,62.97,51.67033749210023,0.6642801220373878,0,17,4,50,66.18,64.34,63.64,57.72,0.0,0.0,0.0,0.0
1281,39517,43.1,49.857785597214864,0.6669684845794094,0,11,4,50,40.87,41.17,47.37,43.0,0.0,0.0,0.0,0.0
1282,45146,53.84,52.33751901581534,0.6722917761316726,4,8,4,50,60.15,47.82,51.79,55.61,0.0,0.0,0.0,0.0
1283,38711,53.89,50.700468084762726,0.6940801873894596,0,13,4,50,52.38,50.78,50.14,62.26,0.0,0.0,0.0,0.0
1284,39920,47.5,51.43081813263916,0.6951514671856732,0,10,4,50,46.36,42.14,49.86,51.62,0.0,0.0,0.0,0.0
1285,38711,50.44,52.75773793435638,0.6669415345620676,0,13,4,50,42.75,56.51,54.78,47.71,0.0,0.0,0.0,0.0
1286,39114,51.43,50.4734224477543,0.7199689969217518,0,12,4,50,51.7,49.45,49.72,54.86,0.0,0.0,0.0,0.0
1287,37502,55.52,51.3203547650937,0.677565107499853,0,16,4,50,57.99,60.1,54.73,49.26,0.0,0.0,0.0,0.0
1288,43030,48.89,50.30630550294282,0.6607492712340162,2,10,4,50,45.05,52.33,44.31,53.87,0.0,0.0,0.0,0.0
1289,41418,43.24,50.77863537232292,0.5808709484375002,2,14,4,50,45.38,38.31,41.16,48.11,0.0,0.0,0.0,0.0
1290,38711,57.38,55.72956510792152,0.6476156275294082,0,13,4,50,55.05,51.99,61.68,60.79,0.0,0.0,0.0,0.0
1291,39114,44.05,52.94002875738145,0.611265618369195,0,12,4,50,48.24,39.55,46.19,42.21,0.0,0.0,0.0,0.0
1292,38711,60.24,54.520715683297176,0.8274830300295098,0,13,4,50,66.5,53.62,58.81,62.02,0.0,0.0,0.0,0.0
1293,42435,50.04,49.94705693970301,0.672559680683978,0,5,4,50,45.11,57.54,49.25,48.28,0.0,0.0,0.0,0.0
1294,39517,55.8,52.11594080144907,0.7232756773802779,0,11,4,50,57.78,58.31,54.13,53.0,0.0,0.0,0.0,0.0
1295,38308,38.49,50.95177091568624,0.5894340183052249,0,14,4,50,46.09,35.45,33.2,39.23,0.0,0.0,0.0,0.0
1296,39920,46.22,50.45536654524704,0.7743825215980809,0,10,4,50,47.19,53.16,40.08,44.44,0.0,0.0,0.0,0.0
1297,45545,44.73,50.1141045855427,0.6303074572053992,2,5,4,50,40.8,47.57,47.36,43.2,0.0,0.0,0.0,0.0
1298,38711,48.0,53.23831332416361,0.7161871358273388,0,13,4,50,46.09,47.62,49.04,49.23,0.0,0.0,0.0,0.0
1299,39114,59.14,52.80757559599853,0.69667243185039,0,12,4,50,52.75,63.05,66.06,54.7,0.0,0.0,0.0,0.0
1300,37502,77.28,52.23651554255242,0.7418792116154387,0,16,4,50,77.03,66.87,80.15,85.09,0.0,0.0,0.0,0.0
1301,39920,39.58,51.52697787863252,0.6797244078060649,0,10,4,50,40.54,38.34,35.44,43.99,0.0,0.0,0.0,0.0
1302,37099,51.84,50.61391841840333,0.6567686290993071,0,17,4,50,48.97,45.54,58.87,53.96,0.0,0.0,0.0,0.0
1303,39114,50.35,50.67208112790292,0.6765708096760377,0,12,4,50,43.97,53.4,52.1,51.92,0.0,0.0,0.0,0.0
1304,39114,41.41,53.56210939531368,0.7488278164242057,0,12,4,50,45.39,41.13,38.8,40.31,0.0,0.0,0.0,0.0
1305,39920,46.72,53.084925864641306,0.7860353616235302,0,10,4,50,41.64,53.57,42.73,48.92,0.0,0.0,0.0,0.0
1306,37502,63.97,51.47054052283905,0.7445506386354032,0,16,4,50,63.24,65.82,59.38,67.45,0.0,0.0,0.0,0.0
1307,37905,71.42,51.250676248618895,0.6889477363556024,0,15,4,50,60.46,70.88,76.0,78.34,0.0,0.0,0.0,0.0
1308,34681,58.64,49.92065124903787,0.6836369722674543,0,23,4,50,57.95,64.78,60.79,51.02,0.0,0.0,0.0,0.0
1309,42778,50.18,53.13858911270116,0.6144009872022895,1,9,4,50,51.17,53.87,47.72,47.95,0.0,0.0,0.0,0.0
1310,38308,63.93,51.74447197444184,0.7592327066311398,0,14,4,50,62.49,69.97,68.33,54.93,0.0,0.0,0.0,0.0
1311,39920,49.6,48.45696136517064,0.6375818923068055,0,10,4,50,54.3,43.51,50.39,50.22,0.0,0.0,0.0,0.0
1312,36293,64.12,53.75039414505145,0.6266275658423799,0,19,4,50,66.07,61.45,68.31,60.66,0.0,0.0,0.0,0.0
1313,39114,48.11,51.44524452229588,0.7069055965865113,0,12,4,50,50.98,45.9,46.5,49.06,0.0,0.0,0.0,0.0
1314,45043,68.5,51.64713835028152,0.7496475189839366,1,4,4,50,65.1,73.31,68.1,67.49,0.0,0.0,0.0,0.0
1315,39517,66.19,49.67030184768623,0.6232034079942284,0,11,4,50,65.53,72.38,54.39,72.47,0.0,0.0,0.0,0.0
1316,41129,68.88,52.38461014188908,0.6578833022733419,0,7,4,50,73.42,73.78,64.78,63.56,0.0,0.0,0.0,0.0
1317,40726,64.94,49.75323564515625,0.7413791468093665,0,8,4,50,63.54,67.3,72.98,55.93,0.0,0.0,0.0,0.0
1318,39517,61.4,51.998205014369134,0.6545052905855934,0,11,4,50,63.24,67.37,59.06,55.94,0.0,0.0,0.0,0.0
1319,35084,52.42,52.32173932186577,0.7343081354417609,0,22,4,50,53.77,48.7,53.29,53.91,0.0,0.0,0.0,0.0
1320,43433,61.88,53.71485577276891,0.575619945389686,2,9,4,50,62.94,65.4,59.14,60.05,0.0,0.0,0.0,0.0
1321,45549,47.25,53.03572995768194,0.6729342707782348,4,7,4,50,48.08,46.43,47.88,46.61,0.0,0.0,0.0,0.0
1322,41129,60.18,51.47114262147442,0.6686592655785845,0,7,4,50,57.51,62.62,68.7,51.88,0.0,0.0,0.0,0.0
1323,39114,49.41,51.50133368395986,0.7017830067668009,0,12,4,50,46.8,48.57,48.42,53.86,0.0,0.0,0.0,0.0
1324,39114,43.08,53.01702084663249,0.665374687857961,0,12,4,50,44.59,45.01,39.67,43.07,0.0,0.0,0.0,0.0
1325,37905,50.04,51.74874853493517,0.6245709162807882,0,15,4,50,53.06,51.18,51.76,44.14,0.0,0.0,0.0,0.0
1326,37099,60.85,51.04075622349157,0.6161577104102739,0,17,4,50,66.55,62.59,52.5,61.76,0.0,0.0,0.0,0.0
1327,38308,57.33,51.842540570851206,0.6228009719525047,0,14,4,50,53.44,53.47,55.75,66.66,0.0,0.0,0.0,0.0
1328,37099,57.84,52.24395310429885,0.6331176299610243,0,17,4,50,57.24,59.81,60.01,54.3,0.0,0.0,0.0,0.0
1329,40323,48.61,51.66390847819108,0.6585333687224652,0,9,4,50,43.58,46.46,53.98,50.44,0.0,0.0,0.0,0.0
1330,44239,46.0,52.39093051401692,0.6716135073208429,2,7,4,50,43.7,45.05,52.95,42.32,0.0,0.0,0.0,0.0
1331,36696,49.54,50.59119391448681,0.7227458352191685,0,18,4,50,54.21,46.37,48.18,49.39,0.0,0.0,0.0,0.0
1332,39517,63.55,51.79493927275955,0.730381197080749,0,11,4,50,65.2,59.02,65.44,64.53,0.0,0.0,0.0,0.0
1333,37905,55.67,52.34190517992041,0.6720014718240236,0,15,4,50,52.32,63.45,51.11,55.79,0.0,0.0,0.0,0.0
1334,35084,37.2,51.33182376166846,0.7158059638605934,0,22,4,50,35.99,34.07,38.97,39.79,0.0,0.0,0.0,0.0
1335,40323,47.56,49.74035474922975,0.6041619015306849,0,9,4,50,48.35,46.99,51.53,43.35,0.0,0.0,0.0,0.0
1336,38711,55.46,54.570930454360266,0.6664119186580583,0,13,4,50,58.73,53.57,52.61,56.94,0.0,0.0,0.0,0.0
1337,36293,63.31,51.77689084166987,0.6312122568149894,0,19,4,50,64.76,57.91,61.47,69.1,0.0,0.0,0.0,0.0
1338,37099,51.81,50.64915274169857,0.6301711676212249,0,17,4,50,51.09,48.09,53.93,54.14,0.0,0.0,0.0,0.0
1339,43836,63.32,50.84115416647039,0.6920674388744736,2,8,4,50,67.69,56.64,64.97,64.0,0.0,0.0,0.0,0.0
1340,44642,68.07,50.95187404944671,0.6801745114229163,2,6,4,50,63.15,57.33,76.04,75.76,0.0,0.0,0.0,0.0
1341,40323,60.98,51.14728437075684,0.7110681933543788,0,9,4,50,55.9,59.12,62.45,66.46,0.0,0.0,0.0,0.0
1342,41972,53.73,50.99066065006126,0.711035771204753,1,11,4,50,50.1,50.71,56.55,57.57,0.0,0.0,0.0,0.0
1343,39517,48.71,52.29998696819908,0.7723111810969524,0,11,4,50,52.59,42.59,53.96,45.71,0.0,0.0,0.0,0.0
1344,41972,60.29,49.30727273175939,0.7676701034975345,1,11,4,50,67.53,54.63,62.6,56.39,0.0,0.0,0.0,0.0
1345,38308,66.81,53.37515841345676,0.6778578605694777,0,14,4,50,63.82,63.42,73.18,66.81,0.0,0.0,0.0,0.0
1346,38711,59.69,52.3459984108506,0.6788905875853102,0,13,4,50,63.95,60.37,55.13,59.33,0.0,0.0,0.0,0.0
1347,38308,45.13,52.65968061366844,0.6646247868325117,0,14,4,50,38.41,46.63,47.98,47.49,0.0,0.0,0.0,0.0
1348,42435,68.22,50.69949995464013,0.6360402127031844,0,5,4,50,77.35,61.1,69.29,65.12,0.0,0.0,0.0,0.0
1349,37099,55.44,53.24787033630946,0.7774508570719063,0,17,4,50,59.18,53.13,52.98,56.47,0.0,0.0,0.0,0.0
1350,40726,56.48,52.70323434994656,0.6491634411727918,0,8,4,50,49.85,59.11,61.39,55.55,0.0,0.0,0.0,0.0
1351,42224,59.88,52.418566464118335,0.7251213554785592,2,12,4,50,65.9,51.9,58.56,63.17,0.0,0.0,0.0,0.0
1352,42435,61.62,50.862410456393526,0.6692747526671357,0,5,4,50,60.31,58.35,62.51,65.3,0.0,0.0,0.0,0.0
1353,38711,42.14,50.07339723091198,0.6478812231672082,0,13,4,50,42.69,42.11,38.84,44.92,0.0,0.0,0.0,0.0
1354,39920,49.44,51.933347664962966,0.7349196561370137,0,10,4,50,49.04,45.48,43.18,60.05,0.0,0.0,0.0,0.0
1355,38308,50.68,51.19201397426915,0.7215814838549234,0,14,4,50,53.63,47.36,52.67,49.04,0.0,0.0,0.0,0.0
1356,38308,56.49,53.15143299253136,0.5657593446590318,0,14,4,50,58.64,53.13,58.71,55.48,0.0,0.0,0.0,0.0
1357,37502,61.62,49.37045718848356,0.7208353869529329,0,16,4,50,67.62,64.32,52.88,61.66,0.0,0.0,0.0,0.0
1358,43534,51.57,52.7027390905963,0.6400801933506748,4,12,4,50,54.44,47.74,51.49,52.59,0.0,0.0,0.0,0.0
1359,40323,55.18,52.600748672672346,0.7418620418055273,0,9,4,50,64.74,50.01,49.89,56.07,0.0,0.0,0.0,0.0
1360,40323,45.83,49.99087901620082,0.7015653856048698,0,9,4,50,44.15,42.13,43.86,53.17,0.0,0.0,0.0,0.0
1361,38308,59.3,51.75269859655217,0.7036995833495848,0,14,4,50,56.69,69.17,57.86,53.46,0.0,0.0,0.0,0.0
1362,45545,57.65,52.47299399432319,0.7035935771444775,2,5,4,50,51.77,56.34,62.47,60.03,0.0,0.0,0.0,0.0
1363,37502,55.04,53.23526150873511,0.6748802693072774,0,16,4,50,60.61,55.53,47.43,56.59,0.0,0.0,0.0,0.0
1364,39114,44.54,51.00630468057472,0.7006818573299761,0,12,4,50,47.56,41.26,42.41,46.91,0.0,0.0,0.0,0.0
1365,42778,54.23,52.79642069926894,0.7224644227447256,1,9,4,50,52.96,55.16,55.28,53.53,0.0,0.0,0.0,0.0
1366,38308,77.01,52.553841272532246,0.7341279628118458,0,14,4,50,80.85,76.79,75.27,75.14,0.0,0.0,0.0,0.0
1367,39114,44.33,48.62951988548478,0.6454455636140697,0,12,4,50,48.73,38.21,47.34,43.04,0.0,0.0,0.0,0.0
1368,39114,50.71,54.235663857716666,0.704154278780436,0,12,4,50,46.15,55.08,47.06,54.54,0.0,0.0,0.0,0.0
1369,39920,58.61,51.81331232315525,0.7543814559585501,0,10,4,50,60.9,70.0,51.01,52.53,0.0,0.0,0.0,0.0
1370,41166,50.59,51.570214596368736,0.7407282301814413,1,13,4,50,52.46,43.85,52.81,53.24,0.0,0.0,0.0,0.0
1371,41129,55.79,53.71216856137938,0.6515505513802845,0,7,4,50,56.83,55.37,52.62,58.34,0.0,0.0,0.0,0.0
1372,41129,47.48,51.29759343372165,0.5944811957241113,0,7,4,50,40.48,52.85,45.42,51.18,0.0,0.0,0.0,0.0
1373,39517,53.01,52.77020119377588,0.6627200727206489,0,11,4,50,49.94,57.22,60.9,43.97,0.0,0.0,0.0,0.0
1374,40726,52.41,52.00322185337901,0.6214154899266148,0,8,4,50,53.51,50.53,48.46,57.13,0.0,0.0,0.0,0.0
1375,37905,37.75,50.98999291731917,0.6480246036366998,0,15,4,50,33.42,45.32,36.34,35.9,0.0,0.0,0.0,0.0
1376,37502,33.34,53.05629266316711,0.5996116687777959,0,16,4,50,35.21,29.2,38.18,30.75,0.0,0.0,0.0,0.0
1377,40323,49.82,51.4085818378794,0.6706955662547317,0,9,4,50,54.23,51.71,51.67,41.69,0.0,0.0,0.0,0.0
1378,37905,60.6,50.92467509090516,0.6604688408673886,0,15,4,50,61.53,66.1,58.72,56.05,0.0,0.0,0.0,0.0
1379,42224,53.77,53.98653480992751,0.5831903524653801,2,12,4,50,57.54,49.43,47.89,60.23,0.0,0.0,0.0,0.0
1380,39920,58.9,53.036667186895926,0.6276794378349804,0,10,4,50,54.82,53.13,69.08,58.56,0.0,0.0,0.0,0.0
1381,43836,62.56,54.58718800766792,0.7219225055065355,2,8,4,50,65.24,61.07,62.06,61.88,0.0,0.0,0.0,0.0
1382,38711,61.58,52.61702813700499,0.6502600549994411,0,13,4,50,59.74,64.56,59.19,62.83,0.0,0.0,0.0,0.0
1383,38308,77.75,50.98011783671783,0.6451389619020429,0,14,4,50,84.52,75.16,67.55,83.77,0.0,0.0,0.0,0.0
1384,39114,47.84,52.83802814713756,0.6586622567420413,0,12,4,50,45.2,53.03,50.19,42.95,0.0,0.0,0.0,0.0
1385,39920,71.64,52.40607189875273,0.6563098605695432,0,10,4,50,70.18,72.71,75.31,68.38,0.0,0.0,0.0,0.0
1386,43181,40.35,52.41730118230774,0.7342655535935043,1,8,4,50,39.62,38.69,39.41,43.68,0.0,0.0,0.0,0.0
1387,37502,59.35,50.882146749331056,0.6286443510848707,0,16,4,50,56.8,59.47,63.59,57.55,0.0,0.0,0.0,0.0
1388,36696,50.24,52.947630520293714,0.6744603762649487,0,18,4,50,53.07,51.41,40.68,55.79,0.0,0.0,0.0,0.0
1389,38711,53.29,51.6684063943648,0.6567836841217166,0,13,4,50,56.41,51.85,60.07,44.82,0.0,0.0,0.0,0.0
1390,38711,47.79,50.58589070718547,0.6500254298439128,0,13,4,50,43.63,51.43,51.52,44.57,0.0,0.0,0.0,0.0
1391,43836,60.07,50.39171078461298,0.6507359917975074,2,8,4,50,57.42,55.17,60.07,67.63,0.0,0.0,0.0,0.0
1392,37502,51.71,52.31711907817628,0.6947925088356319,0,16,4,50,51.48,46.49,55.83,53.02,0.0,0.0,0.0,0.0
1393,40323,60.4,49.13968290172537,0.764279397898511,0,9,4,50,55.91,60.13,54.6,70.96,0.0,0.0,0.0,0.0
1394,40726,47.83,49.45303647948112,0.5471617695536175,0,8,4,50,45.22,40.9,49.74,55.46,0.0,0.0,0.0,0.0
1395,42435,56.18,52.74058998354893,0.6512972822736732,0,5,4,50,65.02,46.88,59.07,53.73,0.0,0.0,0.0,0.0
1396,41129,40.52,51.192837819583104,0.7060769083326,0,7,4,50,40.78,42.56,38.94,39.78,0.0,0.0,0.0,0.0
1397,44239,64.36,52.25181418941104,0.6775844611803246,2,7,4,50,55.56,61.13,66.0,74.75,0.0,0.0,0.0,0.0
1398,36293,57.39,50.78989262503798,0.5724047647028745,0,19,4,50,58.95,56.95,52.35,61.31,0.0,0.0,0.0,0.0
1399,46855,52.28,54.74715239801452,0.6473964243996314,4,5,4,50,53.67,58.3,52.11,45.04,0.0,0.0,0.0,0.0
1400,39517,61.04,53.587663434228006,0.71614831969728,0,11,4,50,69.14,57.45,56.87,60.72,0.0,0.0,0.0,0.0
1401,39920,54.77,53.85704101578692,0.6472336050461536,0,10,4,50,61.33,53.72,49.04,54.98,0.0,0.0,0.0,0.0
1402,37502,52.54,51.97813667916731,0.6894987878723003,0,16,4,50,47.05,54.8,55.97,52.32,0.0,0.0,0.0,0.0
1403,39517,58.5,52.2362069228587,0.633690513438014,0,11,4,50,62.26,51.54,58.53,61.68,0.0,0.0,0.0,0.0
1404,40323,61.71,52.93128584797384,0.6546981635236674,0,9,4,50,56.79,69.26,68.5,52.27,0.0,0.0,0.0,0.0
1405,37502,55.2,52.92223701572892,0.7424592599352614,0,16,4,50,60.39,58.47,42.98,58.96,0.0,0.0,0.0,0.0
1406,39920,45.28,49.55726302751904,0.6350992559971047,0,10,4,50,49.61,49.58,40.75,41.18,0.0,0.0,0.0,0.0
1407,39920,41.06,53.19228717966881,0.642159148677192,0,10,4,50,39.45,43.58,35.18,46.03,0.0,0.0,0.0,0.0
1408,38308,55.7,53.667012820070106,0.6450200987092128,0,14,4,50,47.37,57.91,53.37,64.17,0.0,0.0,0.0,0.0
1409,42435,69.54,54.80598763450745,0.7125577345527309,0,5,4,50,73.03,69.13,66.82,69.18,0.0,0.0,0.0,0.0
1410,39920,53.53,50.55073458224191,0.7550132546919438,0,10,4,50,58.37,55.9,50.3,49.56,0.0,0.0,0.0,0.0
1411,37099,54.78,53.09703165875871,0.6281562755693753,0,17,4,50,53.85,55.27,48.11,61.87,0.0,0.0,0.0,0.0
1412,37502,40.96,51.58563832596384,0.7201597053771315,0,16,4,50,45.42,39.08,43.19,36.15,0.0,0.0,0.0,0.0
1413,40323,39.19,52.15372552110637,0.5732859163807267,0,9,4,50,33.96,40.97,35.66,46.17,0.0,0.0,0.0,0.0
1414,44340,45.04,54.66604498883814,0.688089711455978,4,10,4,50,49.46,47.9,43.81,38.98,0.0,0.0,0.0,0.0
1415,39920,63.99,52.91085016487109,0.748623166580788,0,10,4,50,54.9,65.48,66.33,69.26,0.0,0.0,0.0,0.0
1416,38711,54.75,51.85320787022497,0.7281726459571598,0,13,4,50,54.73,62.94,47.0,54.34,0.0,0.0,0.0,0.0
1417,40323,62.21,53.15787718052007,0.6082755059960646,0,9,4,50,51.82,67.38,64.62,65.02,0.0,0.0,0.0,0.0
1418,35890,65.77,52.64942839129937,0.632352737789771,0,20,4,50,66.13,65.79,71.63,59.54,0.0,0.0,0.0,0.0
1419,38711,62.42,51.20777771822367,0.7014953049433532,0,13,4,50,63.14,62.3,64.66,59.6,0.0,0.0,0.0,0.0
1420,40323,65.43,49.51990935229365,0.7490801689747825,0,9,4,50,72.64,56.58,67.25,65.25,0.0,0.0,0.0,0.0
1421,43836,50.47,55.251930113384525,0.6168283013421397,2,8,4,50,48.99,50.5,50.57,51.81,0.0,0.0,0.0,0.0
1422,38308,55.85,51.72487995716906,0.5973449183469453,0,14,4,50,55.98,59.02,55.61,52.77,0.0,0.0,0.0,0.0
1423,39114,37.94,50.62023720411465,0.7264914320798873,0,12,4,50,33.01,35.51,37.14,46.09,0.0,0.0,0.0,0.0
1424,36696,62.27,50.4872947313705,0.7290212551972223,0,18,4,50,61.31,65.36,62.77,59.64,0.0,0.0,0.0,0.0
1425,37502,57.37,51.55638166894952,0.7653202284859154,0,16,4,50,57.12,60.28,57.48,54.6,0.0,0.0,0.0,0.0
1426,39114,66.48,54.03444698216171,0.6901385748277855,0,12,4,50,68.21,65.87,67.42,64.43,0.0,0.0,0.0,0.0
1427,42224,43.97,50.05754258408176,0.695291058781772,2,12,4,50,40.31,43.65,43.45,48.47,0.0,0.0,0.0,0.0
1428,40726,60.29,52.00283935501508,0.7781047252454527,0,8,4,50,55.52,67.19,62.64,55.81,0.0,0.0,0.0,0.0
1429,36696,77.98,48.53322305965926,0.5922386538815281,0,18,4,50,76.85,76.7,73.55,84.83,0.0,0.0,0.0,0.0
1430,41129,43.84,48.7134806531353,0.5859804473124975,0,7,4,50,39.43,41.64,51.9,42.41,0.0,0.0,0.0,0.0
1431,38308,63.63,51.52614285161027,0.6071212849021483,0,14,4,50,58.4,72.48,68.18,55.47,0.0,0.0,0.0,0.0
1432,39517,58.81,55.16398417314767,0.6532037633893649,0,11,4,50,57.87,61.3,53.42,62.65,0.0,0.0,0.0,0.0
1433,37905,57.16,50.879687560782656,0.571063026491319,0,15,4,50,61.4,66.02,52.48,48.76,0.0,0.0,0.0,0.0
1434,40323,45.88,51.57415914990908,0.5854701117220894,0,9,4,50,40.57,41.71,50.68,50.56,0.0,0.0,0.0,0.0
1435,42375,43.43,52.74380170924547,0.6199909136147403,1,10,4,50,44.62,46.7,45.22,37.18,0.0,0.0,0.0,0.0
1436,38711,44.76,54.595539728404034,0.648311361113296,0,13,4,50,42.35,49.3,46.34,41.03,0.0,0.0,0.0,0.0
1437,40726,49.0,50.98644535284689,0.6193191761762715,0,8,4,50,45.27,54.34,47.58,48.79,0.0,0.0,0.0,0.0
1438,42224,68.14,50.28191897287639,0.6367792683489073,2,12,4,50,63.09,59.58,74.39,75.5,0.0,0.0,0.0,0.0
1439,44894,57.3,53.16153688641654,0.6198532102318276,3,7,4,50,52.96,65.93,62.1,48.21,0.0,0.0,0.0,0.0
1440,39517,42.68,49.299289729227176,0.6788471339203533,0,11,4,50,46.95,42.05,42.76,38.98,0.0,0.0,0.0,0.0
1441,38308,48.32,53.36895678323081,0.5559465811199563,0,14,4,50,46.55,42.12,54.34,50.25,0.0,0.0,0.0,0.0
1442,40323,46.11,51.26088197683343,0.6335417296495522,0,9,4,50,41.56,45.59,51.82,45.48,0.0,0.0,0.0,0.0
1443,38711,52.03,51.92876013041879,0.6709016686144785,0,13,4,50,51.67,56.36,50.69,49.4,0.0,0.0,0.0,0.0
1444,39517,65.13,51.4953846951043,0.7007121543049764,0,11,4,50,58.31,68.83,73.54,59.83,0.0,0.0,0.0,0.0
1445,46200,47.47,54.74806171952927,0.6597407016554633,3,5,4,50,42.68,52.78,51.4,43.03,0.0,0.0,0.0,0.0
1446,37905,51.26,50.12597802073547,0.5513989392512515,0,15,4,50,53.88,50.12,55.02,46.03,0.0,0.0,0.0,0.0
1447,40323,50.67,53.20334070928312,0.6431954924600699,0,9,4,50,55.06,48.97,47.84,50.81,0.0,0.0,0.0,0.0
1448,39920,58.27,51.376338137837145,0.6124615058679614,0,10,4,50,63.8,61.05,56.33,51.91,0.0,0.0,0.0,0.0
1449,43836,47.89,54.03380601605301,0.7275684152787183,2,8,4,50,45.2,43.71,50.64,51.99,0.0,0.0,0.0,0.0
1450,43433,58.84,51.87082444716738,0.6321773152318644,2,9,4,50,53.88,58.09,64.98,58.4,0.0,0.0,0.0,0.0
1451,39517,59.62,51.62951648457023,0.7077017872153979,0,11,4,50,57.06,61.2,62.85,57.39,0.0,0.0,0.0,0.0
1452,37502,35.76,51.46612729330988,0.6112890776332103,0,16,4,50,37.44,35.17,33.71,36.71,0.0,0.0,0.0,0.0
1453,43433,58.16,48.48522700892303,0.7106772298019531,2,9,4,50,64.57,53.67,61.67,52.73,0.0,0.0,0.0,0.0
1454,38308,71.33,52.91775135652481,0.6530583279042863,0,14,4,50,67.57,66.22,68.7,82.83,0.0,0.0,0.0,0.0
1455,39920,48.05,54.50978838908375,0.6123400517364517,0,10,4,50,44.75,43.5,52.27,51.69,0.0,0.0,0.0,0.0
1456,43181,57.56,52.791931805222994,0.7635924194838946,1,8,4,50,52.18,60.46,58.6,59.01,0.0,0.0,0.0,0.0
1457,39114,48.2,54.12957816818601,0.6790671916849476,0,12,4,50,45.81,42.44,52.87,51.67,0.0,0.0,0.0,0.0
1458,37099,50.19,49.37959065774994,0.660054631604196,0,17,4,50,50.85,46.38,46.25,57.27,0.0,0.0,0.0,0.0
1459,38308,38.55,54.55349853656067,0.5688555076831362,0,14,4,50,36.72,44.45,34.91,38.11,0.0,0.0,0.0,0.0
1460,39920,48.38,51.13629794522698,0.6910349146001895,0,10,4,50,50.79,45.8,48.48,48.45,0.0,0.0,0.0,0.0
1461,39920,47.37,53.39628390927016,0.6292659546465958,0,10,4,50,46.52,44.39,47.89,50.69,0.0,0.0,0.0,0.0
1462,39517,51.77,49.90286358699663,0.7374534389697474,0,11,4,50,45.75,58.14,50.52,52.67,0.0,0.0,0.0,0.0
1463,40323,62.45,49.05399850164108,0.5669213706621095,0,9,4,50,58.4,64.42,65.16,61.82,0.0,0.0,0.0,0.0
1464,37502,50.92,53.153993782105424,0.7112717183899813,0,16,4,50,44.74,56.92,45.39,56.62,0.0,0.0,0.0,0.0
1465,36293,34.1,53.52900641210823,0.7113921583488423,0,19,4,50,35.15,29.2,31.23,40.82,0.0,0.0,0.0,0.0
1466,39517,27.8,52.461855184249785,0.6428560850065146,0,11,4,50,23.74,27.92,29.32,30.22,0.0,0.0,0.0,0.0
1467,37099,57.31,54.04219695285969,0.5914132412064652,0,17,4,50,51.71,57.02,60.78,59.73,0.0,0.0,0.0,0.0
1468,41532,42.44,51.65549733564875,0.6144052295110267,0,6,4,50,46.48,49.3,34.2,39.76,0.0,0.0,0.0,0.0
1469,36696,47.77,52.086984423967145,0.7312031254266204,0,18,4,50,49.83,45.38,46.06,49.82,0.0,0.0,0.0,0.0
1470,40726,69.61,53.26539389833388,0.6387455316892986,0,8,4,50,74.32,72.21,61.89,70.01,0.0,0.0,0.0,0.0
1471,42778,57.64,53.34688625937726,0.60212098633567,1,9,4,50,48.39,54.16,63.67,64.34,0.0,0.0,0.0,0.0
1472,38308,76.13,53.58792018770431,0.7001649046096862,0,14,4,50,70.2,78.01,79.6,76.72,0.0,0.0,0.0,0.0
1473,39114,70.19,52.55109523571216,0.6905349392286159,0,12,4,50,61.12,80.39,67.01,72.26,0.0,0.0,0.0,0.0
1474,41532,44.7,51.72483672585971,0.6754454982895484,0,6,4,50,40.71,37.44,49.58,51.08,0.0,0.0,0.0,0.0
1475,40323,45.85,49.55941502548093,0.6843513230119423,0,9,4,50,51.84,47.82,40.76,42.99,0.0,0.0,0.0,0.0
1476,39114,49.85,53.06329233395605,0.6151966054538437,0,12,4,50,52.59,45.8,47.72,53.27,0.0,0.0,0.0,0.0
1477,38711,48.69,54.43172560648959,0.5958446747261675,0,13,4,50,49.6,45.36,50.22,49.58,0.0,0.0,0.0,0.0
1478,37905,41.77,51.67442152676677,0.6249622996312009,0,15,4,50,42.06,48.79,39.56,36.67,0.0,0.0,0.0,0.0
1479,38711,49.87,53.74260133485552,0.6996729259899251,0,13,4,50,45.21,53.43,47.8,53.05,0.0,0.0,0.0,0.0
1480,38711,47.53,50.27689748291693,0.5888295600821909,0,13,4,50,50.01,45.96,43.63,50.51,0.0,0.0,0.0,0.0
1481,39114,60.94,51.81443988414231,0.6452130320904829,0,12,4,50,65.64,57.7,59.35,61.05,0.0,0.0,0.0,0.0
1482,39114,52.94,54.03624265457172,0.5921153586631951,0,12,4,50,51.06,53.05,61.71,45.96,0.0,0.0,0.0,0.0
1483,37905,54.18,48.78578525710387,0.6723177495005391,0,15,4,50,55.86,52.47,48.36,60.05,0.0,0.0,0.0,0.0
1484,37502,59.27,51.963954832287385,0.6518989721938502,0,16,4,50,55.58,60.67,57.6,63.22,0.0,0.0,0.0,0.0
1485,39920,51.09,51.6468624015403,0.6060245876780652,0,10,4,50,52.45,51.22,49.51,51.19,0.0,0.0,0.0,0.0
1486,39920,63.72,51.12861554410973,0.6659098107589478,0,10,4,50,69.75,60.31,55.55,69.28,0.0,0.0,0.0,0.0
1487,44491,56.21,51.469514082730186,0.7514260609780314,3,8,4,50,57.18,53.91,53.76,60.0,0.0,0.0,0.0,0.0
1488,44088,48.1,51.90337154660217,0.6429200351452413,3,9,4,50,45.02,42.54,54.99,49.84,0.0,0.0,0.0,0.0
1489,40323,52.46,51.90685558145681,0.5948379900838402,0,9,4,50,49.86,61.2,52.53,46.23,0.0,0.0,0.0,0.0
1490,40323,47.86,50.95128641120416,0.577463819017917,0,9,4,50,43.25,52.02,47.94,48.23,0.0,0.0,0.0,0.0
1491,37905,33.16,51.09900604160916,0.7533340565357259,0,15,4,50,35.73,36.73,32.97,27.22,0.0,0.0,0.0,0.0
1492,40323,70.34,50.52258356989073,0.6810623632502388,0,9,4,50,74.39,77.21,59.34,70.43,0.0,0.0,0.0,0.0
1493,44491,48.6,50.14348014084018,0.6551488009437957,3,8,4,50,51.29,49.03,48.45,45.63,0.0,0.0,0.0,0.0
1494,37099,39.79,52.03310979319332,0.6974923159923133,0,17,4,50,43.14,38.56,37.82,39.65,0.0,0.0,0.0,0.0
1495,43181,69.81,51.28352886583597,0.5421599633203856,1,8,4,50,73.48,69.46,73.53,62.76,0.0,0.0,0.0,0.0
1496,39920,65.27,53.4160201370446,0.6611008934842785,0,10,4,50,69.31,58.05,59.48,74.23,0.0,0.0,0.0,0.0
1497,39114,50.61,50.48269181772166,0.513735314829263,0,12,4,50,54.62,47.85,51.85,48.14,0.0,0.0,0.0,0.0
1498,60517,58.3,50.741176706636985,0.662545767209456,4,1,4,50,52.73,65.8,52.3,62.37,0.0,0.0,0.0,0.0
1499,39114,60.6,51.29852088047167,0.6341205334295666,0,12,4,50,56.9,65.5,57.15,62.87,0.0,0.0,0.0,0.0
1500,38711,60.98,51.6780189728955,0.6279962816792872,0,13,4,50,62.25,54.13,64.39,63.16,0.0,0.0,0.0,0.0
1501,38711,46.05,51.58897115184479,0.6251030338412602,0,13,4,50,47.08,47.41,49.44,40.28,0.0,0.0,0.0,0.0
1502,44743,57.81,50.36766735838597,0.6132196753872865,4,9,4,50,57.41,55.0,60.6,58.22,0.0,0.0,0.0,0.0
1503,40726,56.52,51.14503753215956,0.6082025512737034,0,8,4,50,53.25,56.74,54.59,61.48,0.0,0.0,0.0,0.0
1504,44894,41.02,55.28052595447837,0.5844830456640052,3,7,4,50,46.64,34.95,42.66,39.85,0.0,0.0,0.0,0.0
1505,42627,50.21,51.42682950972901,0.701805827248751,2,11,4,50,45.24,55.33,48.21,52.06,0.0,0.0,0.0,0.0
1506,38711,77.59,51.80862231836007,0.6177818137885865,0,13,4,50,72.23,73.43,80.53,84.18,0.0,0.0,0.0,0.0
1507,43836,55.36,52.74758609294173,0.6774782165573119,2,8,4,50,55.92,49.52,53.93,62.05,0.0,0.0,0.0,0.0
1508,41972,56.75,49.65364616330224,0.5343710686454941,1,11,4,50,55.48,52.72,65.34,53.47,0.0,0.0,0.0,0.0
1509,42435,57.74,52.806728168168085,0.6408737001564515,0,5,4,50,54.83,57.62,58.01,60.52,0.0,0.0,0.0,0.0
1510,43282,46.19,52.74840353240237,0.681635457331658,3,11,4,50,37.83,48.36,48.15,50.43,0.0,0.0,0.0,0.0
1511,38711,38.61,51.6275435010778,0.5970063875260401,0,13,4,50,38.88,37.3,34.71,43.55,0.0,0.0,0.0,0.0
1512,43433,50.42,53.02314761772692,0.6338281702463076,2,9,4,50,50.91,44.5,48.75,57.54,0.0,0.0,0.0,0.0
1513,42435,43.24,49.88661170062035,0.6007819816547135,0,5,4,50,41.11,46.22,40.03,45.6,0.0,0.0,0.0,0.0
1514,38711,49.12,48.79051311246074,0.6007416632914632,0,13,4,50,55.94,41.42,50.11,49.03,0.0,0.0,0.0,0.0
1515,39114,57.74,51.109310040513854,0.6468400852094158,0,12,4,50,50.99,64.85,54.72,60.41,0.0,0.0,0.0,0.0
1516,41821,71.96,53.33805825386676,0.6720476268701499,2,13,4,50,65.41,67.8,78.78,75.87,0.0,0.0,0.0,0.0
1517,42224,47.28,50.18427104380771,0.5199693516572831,2,12,4,50,44.46,44.14,52.73,47.79,0.0,0.0,0.0,0.0
1518,39517,45.66,52.12741223743111,0.6251231201964443,0,11,4,50,45.09,39.61,52.54,45.4,0.0,0.0,0.0,0.0
1519,42778,53.61,50.3567744470452,0.6855502728598044,1,9,4,50,45.71,53.01,60.7,55.03,0.0,0.0,0.0,0.0
1520,44239,53.86,52.07635462578148,0.6183218679579531,2,7,4,50,52.54,51.34,60.96,50.58,0.0,0.0,0.0,0.0
1521,39114,51.68,50.168028031986026,0.6604213705249862,0,12,4,50,55.28,51.23,50.58,49.64,0.0,0.0,0.0,0.0
1522,39920,56.95,51.72245053921132,0.6244821317143558,0,10,4,50,60.45,54.95,52.77,59.64,0.0,0.0,0.0,0.0
1523,39920,64.93,50.01492751591609,0.6348403286601737,0,10,4,50,64.45,62.17,75.47,57.63,0.0,0.0,0.0,0.0
1524,41129,27.67,51.55480129391688,0.691508953108071,0,7,4,50,29.49,26.19,26.61,28.41,0.0,0.0,0.0,0.0
1525,44340,62.3,52.45953558124457,0.6804835703398777,4,10,4,50,65.77,69.97,57.99,55.45,0.0,0.0,0.0,0.0
1526,40323,60.65,52.750162133046366,0.7241725141865405,0,9,4,50,58.21,71.25,55.67,57.48,0.0,0.0,0.0,0.0
1527,41129,48.13,49.32972792604864,0.6487452320584408,0,7,4,50,53.59,45.06,42.03,51.85,0.0,0.0,0.0,0.0
1528,43685,61.44,52.44759797990377,0.6315416411729208,3,10,4,50,58.83,61.89,64.32,60.71,0.0,0.0,0.0,0.0
1529,39114,40.95,52.32429279124229,0.6047136294977388,0,12,4,50,43.77,39.57,43.65,36.8,0.0,0.0,0.0,0.0
1530,39920,43.58,50.883221171579,0.6480597684719408,0,10,4,50,41.59,43.39,48.16,41.17,0.0,0.0,0.0,0.0
1531,47208,53.21,53.97375218959132,0.5901051758500364,4,4,4,50,44.59,59.47,54.86,53.93,0.0,0.0,0.0,0.0
1532,39920,76.96,51.10818120933048,0.6835746271362213,0,10,4,50,80.36,67.89,76.96,82.64,0.0,0.0,0.0,0.0
1533,38308,55.88,50.67266264322932,0.6268974843735011,0,14,4,50,52.9,63.29,59.28,48.04,0.0,0.0,0.0,0.0
1534,38711,41.48,54.1065839119491,0.6202786347383209,0,13,4,50,40.58,40.08,42.73,42.54,0.0,0.0,0.0,0.0
1535,38711,54.24,53.23364990188535,0.6111108365795068,0,13,4,50,54.41,62.26,50.73,49.55,0.0,0.0,0.0,0.0
1536,42435,57.36,51.82789158735006,0.6138458209376817,0,5,4,50,59.79,52.3,53.75,63.59,0.0,0.0,0.0,0.0
1537,44340,77.23,49.75042080360569,0.635142334416928,4,10,4,50,70.74,83.49,66.31,88.39,0.0,0.0,0.0,0.0
1538,39114,48.53,53.951958514874825,0.6727946356603767,0,12,4,50,48.82,54.78,40.32,50.19,0.0,0.0,0.0,0.0
1539,45952,45.02,52.14261948380097,0.6127799582982125,4,6,4,50,41.06,53.54,41.7,43.78,0.0,0.0,0.0,0.0
1540,41972,54.18,50.91886094892519,0.6670155351713225,1,11,4,50,59.9,54.74,50.5,51.58,0.0,0.0,0.0,0.0
1541,39517,65.24,48.69924873445346,0.6408990240261804,0,11,4,50,66.0,60.34,75.11,59.53,0.0,0.0,0.0,0.0
1542,36293,35.97,51.56602174919453,0.6474896795828001,0,19,4,50,33.55,38.73,31.33,40.28,0.0,0.0,0.0,0.0
1543,39114,22.23,49.8227614687285,0.6636053585281425,0,12,4,50,23.76,22.63,22.43,20.1,0.0,0.0,0.0,0.0
1544,39517,50.16,51.58674765762896,0.5922665513072757,0,11,4,50,45.41,49.41,55.4,50.44,0.0,0.0,0.0,0.0
1545,40726,40.95,49.65935599750735,0.6080687622751079,0,8,4,50,43.58,43.16,38.36,38.71,0.0,0.0,0.0,0.0
1546,39920,43.17,54.72473839803615,0.5921957498046706,0,10,4,50,43.93,47.71,39.63,41.41,0.0,0.0,0.0,0.0
1547,38711,56.65,52.369389187192766,0.6915466746281621,0,13,4,50,54.26,57.07,54.56,60.7,0.0,0.0,0.0,0.0
1548,38308,52.58,49.42639505244704,0.5972270943391645,0,14,4,50,51.3,50.49,60.23,48.32,0.0,0.0,0.0,0.0
1549,43433,40.08,52.30448056211226,0.7085928614539581,2,9,4,50,41.52,39.04,40.28,39.49,0.0,0.0,0.0,0.0
1550,41532,47.05,52.26174369483488,0.696146728714391,0,6,4,50,42.68,49.19,53.52,42.82,0.0,0.0,0.0,0.0
1551,44642,47.01,52.49454651563554,0.6364934243182704,2,6,4,50,48.25,48.04,42.49,49.26,0.0,0.0,0.0,0.0
1552,39114,59.0,51.80895672744165,0.63341310864248,0,12,4,50,51.23,56.81,65.23,62.71,0.0,0.0,0.0,0.0
1553,38711,54.24,50.91653891942211,0.6100025222694831,0,13,4,50,49.5,63.69,51.79,52.0,0.0,0.0,0.0,0.0
1554,42778,62.04,51.49191135172797,0.5612433112943819,1,9,4,50,63.69,61.0,62.78,60.69,0.0,0.0,0.0,0.0
1555,43836,63.54,53.63004601432739,0.5818795515617002,2,8,4,50,68.11,69.55,53.0,63.48,0.0,0.0,0.0,0.0
1556,40323,46.26,50.89261793783097,0.5685909008424833,0,9,4,50,50.44,38.45,52.57,43.58,0.0,0.0,0.0,0.0
1557,37905,52.14,50.68227255446576,0.7285757337833139,0,15,4,50,51.67,56.47,46.65,53.77,0.0,0.0,0.0,0.0
1558,40323,43.05,51.903405630489,0.5187085389015955,0,9,4,50,39.35,46.7,39.98,46.18,0.0,0.0,0.0,0.0
1559,43836,52.28,50.18554764307051,0.5913934897604105,2,8,4,50,66.14,47.19,46.63,49.14,0.0,0.0,0.0,0.0
1560,42435,50.04,55.4465655294692,0.6370827751969448,0,5,4,50,50.25,51.24,51.42,47.24,0.0,0.0,0.0,0.0
1561,43030,47.49,52.86004809936296,0.56168675804938,2,10,4,50,47.66,45.7,47.99,48.62,0.0,0.0,0.0,0.0
1562,38711,50.01,53.10475138822731,0.6203476639660486,0,13,4,50,48.15,56.51,48.44,46.93,0.0,0.0,0.0,0.0
1563,41532,55.25,48.516286614245246,0.5948137232150759,0,6,4,50,59.69,53.11,61.95,46.26,0.0,0.0,0.0,0.0
1564,43433,45.31,49.71204507971331,0.7190688730162134,2,9,4,50,46.14,49.2,46.16,39.74,0.0,0.0,0.0,0.0
1565,45549,55.74,52.9386215705048,0.6894248237508933,4,7,4,50,55.59,54.62,51.96,60.8,0.0,0.0,0.0,0.0
1566,35890,67.48,51.40349760526368,0.6287270544789447,0,20,4,50,70.03,72.04,71.36,56.51,0.0,0.0,0.0,0.0
1567,41532,59.41,51.86064376979537,0.6288517101317992,0,6,4,50,57.61,58.47,60.76,60.79,0.0,0.0,0.0,0.0
1568,39920,60.24,52.36637883093693,0.5523867803002127,0,10,4,50,65.7,58.31,57.04,59.92,0.0,0.0,0.0,0.0
1569,39517,52.61,52.28036421747991,0.6580106222401533,0,11,4,50,51.98,49.01,47.49,61.98,0.0,0.0,0.0,0.0
1570,43030,64.66,52.74165366492798,0.5532443124989486,2,10,4,50,70.52,65.7,59.14,63.27,0.0,0.0,0.0,0.0
1571,49267,55.78,53.25358675117225,0.6422941389426434,7,6,4,50,54.59,52.46,55.85,60.21,0.0,0.0,0.0,0.0
1572,43181,42.56,50.28014436038183,0.6874270477335701,1,8,4,50,36.84,42.17,42.94,48.3,0.0,0.0,0.0,0.0
1573,39517,54.0,48.25806374240301,0.6681618176876462,0,11,4,50,56.02,56.8,44.7,58.48,0.0,0.0,0.0,0.0
1574,39920,76.12,53.58840668875772,0.6218613981682033,0,10,4,50,77.64,80.51,72.71,73.6,0.0,0.0,0.0,0.0
1575,46456,53.76,53.718872906284105,0.5966176170192844,6,8,4,50,52.57,55.0,51.84,55.64,0.0,0.0,0.0,0.0
1576,44239,43.03,51.86247451835878,0.7197835997739424,2,7,4,50,40.51,46.29,46.88,38.45,0.0,0.0,0.0,0.0
1577,36696,60.28,53.99482460658552,0.6387434412077818,0,18,4,50,54.75,54.64,69.22,62.51,0.0,0.0,0.0,0.0
1578,46353,69.47,52.7447649738119,0.6596141293574175,3,4,4,50,69.19,80.19,61.12,67.38,0.0,0.0,0.0,0.0
1579,40726,69.32,54.21223516260388,0.6811712023770837,0,8,4,50,67.92,66.57,73.86,68.93,0.0,0.0,0.0,0.0
1580,38308,51.44,50.50410340675524,0.5839859627485461,0,14,4,50,49.43,59.92,49.87,46.52,0.0,0.0,0.0,0.0
1581,44642,61.99,51.41847524386207,0.6628432733656113,2,6,4,50,56.9,63.39,64.94,62.74,0.0,0.0,0.0,0.0
1582,40323,63.11,52.08561990691995,0.6408705870589133,0,9,4,50,60.73,54.78,68.95,68.0,0.0,0.0,0.0,0.0
1583,38711,50.85,51.12669910791853,0.6043701196355623,0,13,4,50,48.17,47.74,54.02,53.48,0.0,0.0,0.0,0.0
1584,40323,54.16,55.055416587666514,0.6048118139097564,0,9,4,50,55.84,54.33,50.23,56.24,0.0,0.0,0.0,0.0
1585,47208,57.52,50.92849633067625,0.5321181701385578,4,4,4,50,59.27,59.99,54.64,56.18,0.0,0.0,0.0,0.0
1586,42741,56.43,52.710858603719714,0.6394229069603384,0,3,4,50,50.59,60.5,61.45,53.19,0.0,0.0,0.0,0.0
1587,38308,48.77,50.652584057057865,0.568710698272317,0,14,4,50,55.78,46.61,48.37,44.32,0.0,0.0,0.0,0.0
1588,45698,65.6,51.48151771871687,0.6029383930209755,2,4,4,50,60.73,60.72,70.27,70.66,0.0,0.0,0.0,0.0
1589,44239,65.67,52.66698742785123,0.679904743389486,2,7,4,50,66.6,70.96,66.17,58.96,0.0,0.0,0.0,0.0
1590,44642,60.07,51.08751991205269,0.6129855496871615,2,6,4,50,54.53,54.65,67.02,64.09,0.0,0.0,0.0,0.0
1591,43030,62.19,53.17906752937845,0.6662395788556289,2,10,4,50,56.82,68.22,54.5,69.21,0.0,0.0,0.0,0.0
1592,39114,60.58,52.70666639721962,0.6426487793554585,0,12,4,50,55.39,51.89,64.3,70.72,0.0,0.0,0.0,0.0
1593,40726,58.87,51.54797154693138,0.6007078287754795,0,8,4,50,61.93,59.43,66.17,47.95,0.0,0.0,0.0,0.0
1594,45952,44.81,51.35737763981629,0.618832276310944,4,6,4,50,50.17,44.74,38.38,45.95,0.0,0.0,0.0,0.0
1595,41972,38.99,53.20538150809203,0.6581836021398363,1,11,4,50,34.33,42.1,41.33,38.19,0.0,0.0,0.0,0.0
1596,43685,60.81,52.791398603178976,0.5480150768747838,3,10,4,50,55.55,67.18,58.19,62.33,0.0,0.0,0.0,0.0
1597,41821,38.89,52.93370293134644,0.6781837237861604,2,13,4,50,43.03,41.85,33.22,37.47,0.0,0.0,0.0,0.0
1598,38308,57.25,53.632073355820445,0.6057963731829955,0,14,4,50,58.45,56.07,57.27,57.21,0.0,0.0,0.0,0.0
1599,39114,41.4,54.48672383183313,0.7486545514036731,0,12,4,50,41.51,35.83,48.24,40.02,0.0,0.0,0.0,0.0
1600,41129,36.33,51.44449254271827,0.5939889671437597,0,7,4,50,34.98,38.77,32.74,38.81,0.0,0.0,0.0,0.0
1601,39920,51.9,52.45191496648713,0.599509613108436,0,10,4,50,58.68,48.15,50.84,49.91,0.0,0.0,0.0,0.0
1602,35890,55.3,50.035067718005536,0.6370195022963316,0,20,4,50,48.41,54.13,58.85,59.82,0.0,0.0,0.0,0.0
1603,40323,48.79,52.7709461141459,0.6430343492526591,0,9,4,50,50.31,43.44,50.12,51.3,0.0,0.0,0.0,0.0
1604,40726,50.08,49.35020395360449,0.6380171277471077,0,8,4,50,44.01,54.08,52.47,49.77,0.0,0.0,0.0,0.0
1605,43534,62.82,53.26333997096637,0.6509343315941255,4,12,4,50,62.19,56.17,66.87,66.06,0.0,0.0,0.0,0.0
1606,38308,71.24,51.68293520720734,0.5448403238519576,0,14,4,50,71.77,78.51,64.83,69.83,0.0,0.0,0.0,0.0
1607,40323,45.68,53.12060023315362,0.7150843384899538,0,9,4,50,49.88,45.03,45.38,42.44,0.0,0.0,0.0,0.0
1608,43937,48.52,53.23290573590277,0.5757619547324956,4,11,4,50,48.3,55.99,46.91,42.9,0.0,0.0,0.0,0.0
1609,40726,76.39,52.75779591772151,0.5575772884701947,0,8,4,50,69.27,79.85,72.38,84.04,0.0,0.0,0.0,0.0
1610,44642,68.33,52.38725152607065,0.6290353060360514,2,6,4,50,55.73,67.01,75.76,74.83,0.0,0.0,0.0,0.0
1611,38711,58.0,51.08561492546294,0.6199385508227523,0,13,4,50,60.65,44.41,63.19,63.73,0.0,0.0,0.0,0.0
1612,41532,52.85,54.29367574536575,0.6569029032751479,0,6,4,50,51.64,54.2,50.09,55.47,0.0,0.0,0.0,0.0
1613,41532,56.76,52.02893135948321,0.6260075557649976,0,6,4,50,53.19,61.4,54.16,58.29,0.0,0.0,0.0,0.0
1614,38711,76.92,50.311725637709365,0.6096257581016972,0,13,4,50,82.69,84.42,69.57,70.99,0.0,0.0,0.0,0.0
1615,39517,36.92,51.88684553043379,0.6484892356208638,0,11,4,50,40.91,34.43,33.47,38.86,0.0,0.0,0.0,0.0
1616,39114,40.54,52.84666365655386,0.5966038296806488,0,12,4,50,46.0,43.62,34.54,38.02,0.0,0.0,0.0,0.0
1617,45146,74.23,49.91175180966422,0.5549495294838044,4,8,4,50,74.4,76.52,66.12,79.88,0.0,0.0,0.0,0.0
1618,45043,42.06,50.98803333519957,0.6008517236201752,1,4,4,50,43.02,40.07,43.95,41.22,0.0,0.0,0.0,0.0
1619,45851,44.42,52.11611193066849,0.6322862709934604,2,3,4,50,42.17,41.05,48.58,45.9,0.0,0.0,0.0,0.0
1620,43433,49.28,53.437548401834405,0.6001369590911861,2,9,4,50,50.44,53.12,50.28,43.29,0.0,0.0,0.0,0.0
1621,40726,61.66,52.09206574441343,0.6351369464370071,0,8,4,50,57.48,57.39,60.44,71.31,0.0,0.0,0.0,0.0
1622,41972,49.82,49.928386017240136,0.6444301874441444,1,11,4,50,47.07,54.13,50.96,47.13,0.0,0.0,0.0,0.0
1623,37905,45.19,54.73534998302681,0.6197421802949565,0,15,4,50,44.82,53.19,42.77,39.99,0.0,0.0,0.0,0.0
1624,41532,54.42,54.23791963247654,0.6293173953468595,0,6,4,50,58.47,49.18,50.39,59.64,0.0,0.0,0.0,0.0
1625,40323,53.99,50.3054920423783,0.6510229994779234,0,9,4,50,59.0,48.5,57.5,50.95,0.0,0.0,0.0,0.0
1626,39920,50.62,51.6335173318759,0.6170595212298409,0,10,4,50,45.59,46.24,59.76,50.88,0.0,0.0,0.0,0.0
1627,42435,46.81,51.58309404865168,0.6397833584203809,0,5,4,50,40.31,50.62,49.01,47.29,0.0,0.0,0.0,0.0
1628,39517,48.6,50.04373871892891,0.6220508423825605,0,11,4,50,43.5,45.94,48.91,56.04,0.0,0.0,0.0,0.0
1629,46456,36.54,51.52505900012566,0.648184502513201,6,8,4,50,39.22,35.19,38.27,33.49,0.0,0.0,0.0,0.0
1630,39517,55.46,49.97184212850383,0.6318224106518577,0,11,4,50,50.17,52.74,62.23,56.69,0.0,0.0,0.0,0.0
1631,43047,51.28,51.59848490178079,0.5760399192739706,0,1,4,50,49.61,45.49,59.09,50.91,0.0,0.0,0.0,0.0
1632,37099,60.0,53.273940829385246,0.7088985549123932,0,17,4,50,61.7,52.09,61.15,65.04,0.0,0.0,0.0,0.0
1633,42627,57.84,52.62180172139145,0.6654808228609729,2,11,4,50,60.79,61.11,55.02,54.43,0.0,0.0,0.0,0.0
1634,37905,63.95,51.7241449871734,0.6035071336608236,0,15,4,50,64.84,59.26,68.98,62.73,0.0,0.0,0.0,0.0
1635,44491,47.12,52.51358621982399,0.5698657949372605,3,8,4,50,41.78,42.09,55.46,49.14,0.0,0.0,0.0,0.0
1636,39920,43.46,51.37973172656597,0.6301625443857376,0,10,4,50,45.96,44.79,40.24,42.85,0.0,0.0,0.0,0.0
1637,39517,50.57,50.39406082738918,0.6242042046813593,0,11,4,50,47.56,53.31,52.27,49.12,0.0,0.0,0.0,0.0
1638,43433,69.45,53.82961287800028,0.5776057772837828,2,9,4,50,65.1,67.67,77.05,67.98,0.0,0.0,0.0,0.0
1639,39920,60.14,51.13611997393943,0.6895786020633795,0,10,4,50,65.68,62.03,57.78,55.06,0.0,0.0,0.0,0.0
1640,43030,69.75,53.76364883998213,0.5757536015615369,2,10,4,50,64.43,83.66,65.45,65.46,0.0,0.0,0.0,0.0
1641,42879,46.68,49.19763177780734,0.5919931675900334,3,12,4,50,51.6,47.74,40.39,47.0,0.0,0.0,0.0,0.0
1642,38308,59.07,50.04653400707,0.5033746009964347,0,14,4,50,56.16,61.42,61.0,57.69,0.0,0.0,0.0,0.0
1643,40323,50.5,56.06624341173546,0.6922789562585465,0,9,4,50,46.39,53.75,44.19,57.65,0.0,0.0,0.0,0.0
1644,42435,64.62,51.04767020984877,0.6250817144417743,0,5,4,50,65.12,64.07,66.68,62.6,0.0,0.0,0.0,0.0
1645,41129,65.4,51.472136736302375,0.677426314307272,0,7,4,50,67.61,67.46,61.16,65.36,0.0,0.0,0.0,0.0
1646,44995,61.2,52.20834893647123,0.6413018455351058,5,10,4,50,60.5,67.13,52.8,64.39,0.0,0.0,0.0,0.0
1647,43433,59.72,54.58642829562053,0.6114651159798881,2,9,4,50,56.91,58.57,60.54,62.87,0.0,0.0,0.0,0.0
1648,37502,55.93,52.514073177007965,0.7202766840522916,0,16,4,50,55.56,50.34,53.08,64.73,0.0,0.0,0.0,0.0
1649,39114,59.32,54.685696259931966,0.6150894835593724,0,12,4,50,59.16,60.81,65.11,52.2,0.0,0.0,0.0,0.0
1650,41532,59.14,52.3786840067813,0.6166349059924601,0,6,4,50,62.56,65.13,55.23,53.64,0.0,0.0,0.0,0.0
1651,36696,53.51,54.02917838066843,0.6618338168357958,0,18,4,50,51.1,54.65,56.54,51.76,0.0,0.0,0.0,0.0
1652,38711,50.06,54.42054706688118,0.5933188863875247,0,13,4,50,53.19,51.96,45.91,49.18,0.0,0.0,0.0,0.0
1653,40323,88.24,51.3464189997181,0.5975239115510047,0,9,4,50,84.16,93.92,96.41,78.45,0.0,0.0,0.0,0.0
1654,40323,64.45,53.41117773836275,0.5964517854690852,0,9,4,50,61.12,61.01,68.12,67.54,0.0,0.0,0.0,0.0
1655,40323,41.66,52.64780146454874,0.6031297993574994,0,9,4,50,47.31,36.35,44.66,38.32,0.0,0.0,0.0,0.0
1656,43836,44.75,53.21740605830659,0.6239356698474481,2,8,4,50,43.28,39.99,54.29,41.43,0.0,0.0,0.0,0.0
1657,40726,68.54,51.82349631082663,0.6256199580302917,0,8,4,50,74.13,70.5,57.28,72.23,0.0,0.0,0.0,0.0
1658,44890,72.7,54.12994706304045,0.5721519149270987,1,5,4,50,66.68,70.96,82.53,70.63,0.0,0.0,0.0,0.0
1659,45549,66.0,51.56201994893468,0.5803197992511278,4,7,4,50,74.22,74.18,57.44,58.18,0.0,0.0,0.0,0.0
1660,42627,42.72,53.17971454738994,0.5996576837529394,2,11,4,50,44.29,43.7,41.62,41.25,0.0,0.0,0.0,0.0
1661,46204,49.07,51.88122764591514,0.5952560614323992,2,2,4,50,49.48,46.31,48.45,52.03,0.0,0.0,0.0,0.0
1662,37905,55.41,52.44267346272792,0.6116401839634003,0,15,4,50,56.34,61.83,52.82,50.64,0.0,0.0,0.0,0.0
1663,42435,68.1,50.24271954000013,0.6179783641092641,0,5,4,50,67.5,73.68,59.68,71.55,0.0,0.0,0.0,0.0
1664,43433,52.96,49.79154659622154,0.5034133090295031,2,9,4,50,52.37,46.39,58.3,54.77,0.0,0.0,0.0,0.0
1665,38308,61.29,50.17288194321555,0.633912634097391,0,14,4,50,64.61,65.43,50.71,64.42,0.0,0.0,0.0,0.0
1666,39114,59.43,54.000358737795565,0.6281583270131352,0,12,4,50,63.17,63.19,60.89,50.46,0.0,0.0,0.0,0.0
1667,37905,82.14,50.87999956790858,0.5450369331026446,0,15,4,50,70.25,81.58,83.81,92.9,0.0,0.0,0.0,0.0
1668,38308,54.99,52.94496631644252,0.6818581359419602,0,14,4,50,49.6,57.21,61.64,51.52,0.0,0.0,0.0,0.0
1669,39920,55.33,53.24759094832543,0.6988595601078413,0,10,4,50,60.12,51.37,53.95,55.87,0.0,0.0,0.0,0.0
1670,45398,40.02,51.074686198373534,0.5333422808843813,5,9,4,50,38.69,41.93,42.47,37.01,0.0,0.0,0.0,0.0
1671,39517,64.27,52.88592454522798,0.6522365775894051,0,11,4,50,71.81,53.78,59.06,72.44,0.0,0.0,0.0,0.0
1672,45801,57.0,52.65219057071149,0.6455980156253895,5,8,4,50,64.96,52.13,64.76,46.15,0.0,0.0,0.0,0.0
1673,39920,61.47,52.32540791253248,0.6711148236463522,0,10,4,50,68.78,59.36,57.47,60.27,0.0,0.0,0.0,0.0
1674,38711,55.09,52.96557167186323,0.6066852049441838,0,13,4,50,50.31,51.7,57.27,61.07,0.0,0.0,0.0,0.0
1675,44642,65.15,53.1854338394567,0.6685027929310237,2,6,4,50,59.43,64.88,63.72,72.58,0.0,0.0,0.0,0.0
1676,41129,59.53,53.9620216032037,0.6297485142556257,0,7,4,50,54.89,55.62,68.43,59.19,0.0,0.0,0.0,0.0
1677,44890,63.5,53.29956844112136,0.6802817780646299,1,5,4,50,57.46,59.26,71.83,65.44,0.0,0.0,0.0,0.0
1678,39920,51.99,53.34854715231973,0.6646064104436405,0,10,4,50,44.79,47.31,57.09,58.76,0.0,0.0,0.0,0.0
1679,41532,61.63,53.63956810097336,0.5990081982442719,0,6,4,50,67.84,66.11,54.51,58.05,0.0,0.0,0.0,0.0
1680,39517,58.76,50.32906431082009,0.5873784518582906,0,11,4,50,53.82,64.46,54.08,62.67,0.0,0.0,0.0,0.0
1681,44642,51.54,52.857242762103965,0.7812068965021883,2,6,4,50,57.38,46.81,52.87,49.09,0.0,0.0,0.0,0.0
1682,40726,85.94,53.85663957769461,0.6661676591051974,0,8,4,50,97.34,90.84,77.59,77.99,0.0,0.0,0.0,0.0
1683,41972,64.65,53.23141006908074,0.5844513269821044,1,11,4,50,66.42,63.03,70.35,58.79,0.0,0.0,0.0,0.0
1684,39920,58.47,53.961021723951326,0.5778354507253314,0,10,4,50,56.82,67.33,54.86,54.87,0.0,0.0,0.0,0.0
1685,46204,64.64,50.620346275428666,0.5955755201147005,2,2,4,50,70.38,65.41,62.21,60.55,0.0,0.0,0.0,0.0
1686,39517,50.1,52.370140892304384,0.6361006297621566,0,11,4,50,52.91,45.8,42.49,59.2,0.0,0.0,0.0,0.0
1687,39517,46.4,52.36102086809001,0.7037726570234236,0,11,4,50,47.85,39.09,52.51,46.15,0.0,0.0,0.0,0.0
1688,38308,69.26,54.110438713485976,0.6241539687998767,0,14,4,50,66.58,61.07,73.7,75.7,0.0,0.0,0.0,0.0
1689,42435,57.39,51.9777107292088,0.5887257133881226,0,5,4,50,61.35,58.96,55.53,53.7,0.0,0.0,0.0,0.0
1690,42778,43.98,50.27719257495147,0.5917322672626136,1,9,4,50,40.8,45.42,42.3,47.39,0.0,0.0,0.0,0.0
1691,45952,38.06,51.13641468351988,0.6255880030105693,4,6,4,50,44.08,35.83,39.27,33.07,0.0,0.0,0.0,0.0
1692,43433,64.31,51.59496414260459,0.6144660074072941,2,9,4,50,67.09,70.24,58.26,61.64,0.0,0.0,0.0,0.0
1693,46859,64.14,52.73800890934536,0.6748961619376945,6,7,4,50,61.07,63.12,64.25,68.13,0.0,0.0,0.0,0.0
1694,39114,54.17,51.776391311973335,0.6506460631172377,0,12,4,50,52.84,56.94,52.51,54.38,0.0,0.0,0.0,0.0
1695,40726,58.34,52.67385383863,0.6456447562669901,0,8,4,50,51.2,59.64,59.36,63.15,0.0,0.0,0.0,0.0
1696,39920,59.44,50.24095251553918,0.5709556798501781,0,10,4,50,50.68,62.09,61.23,63.75,0.0,0.0,0.0,0.0
1697,44340,59.54,53.85954654290386,0.6663720631072539,4,10,4,50,55.75,54.38,66.55,61.49,0.0,0.0,0.0,0.0
1698,40323,46.67,49.45040348461238,0.6188135803250192,0,9,4,50,45.01,48.56,49.41,43.7,0.0,0.0,0.0,0.0
1699,39114,65.12,51.902093224017726,0.6033616544399831,0,12,4,50,70.42,59.49,69.37,61.2,0.0,0.0,0.0,0.0
1700,39517,60.22,55.40458245124925,0.7557359766923747,0,11,4,50,51.91,63.32,68.42,57.24,0.0,0.0,0.0,0.0
1701,46053,29.86,50.68656356672412,0.5989610075323504,6,9,4,50,33.25,30.58,28.25,27.35,0.0,0.0,0.0,0.0
1702,43836,54.08,51.35434424932912,0.6258809946455708,2,8,4,50,51.33,56.66,49.16,59.16,0.0,0.0,0.0,0.0
1703,38308,54.9,54.733785771189496,0.6659164262717705,0,14,4,50,60.04,52.79,58.53,48.23,0.0,0.0,0.0,0.0
1704,44743,52.35,51.01667532607485,0.5440539736178834,4,9,4,50,45.55,60.54,45.83,57.49,0.0,0.0,0.0,0.0
1705,37905,51.42,52.88552965918482,0.6067105796356856,0,15,4,50,52.55,52.92,45.33,54.87,0.0,0.0,0.0,0.0
1706,40323,54.5,50.325276301921896,0.5413607372708968,0,9,4,50,56.65,60.86,45.15,55.32,0.0,0.0,0.0,0.0
1707,44491,73.87,52.45210066336698,0.6965543605966833,3,8,4,50,65.55,74.41,78.9,76.61,0.0,0.0,0.0,0.0
1708,40323,74.26,52.90130430988614,0.6729653194513345,0,9,4,50,70.44,66.94,81.1,78.58,0.0,0.0,0.0,0.0
1709,41129,54.28,52.44570222632307,0.6220613988285861,0,7,4,50,55.03,52.69,49.18,60.23,0.0,0.0,0.0,0.0
1710,40726,64.78,50.96176804670265,0.6821913842240487,0,8,4,50,62.35,64.92,69.78,62.07,0.0,0.0,0.0,0.0
1711,44088,69.0,51.13322438503507,0.6009850324664411,3,9,4,50,61.07,77.53,73.1,64.31,0.0,0.0,0.0,0.0
1712,41129,44.66,50.251016146315735,0.6639922867207564,0,7,4,50,49.37,43.4,40.04,45.81,0.0,0.0,0.0,0.0
1713,39517,49.11,52.40262519679147,0.6138190909411253,0,11,4,50,44.63,48.35,51.38,52.07,0.0,0.0,0.0,0.0
1714,42476,55.86,50.44261843101008,0.5874634514274074,3,13,4,50,55.7,59.88,60.34,47.52,0.0,0.0,0.0,0.0
1715,39114,45.36,52.00445027267113,0.5979813006110414,0,12,4,50,52.79,42.24,41.9,44.52,0.0,0.0,0.0,0.0
1716,42627,46.82,52.73301525012718,0.5905588698672021,2,11,4,50,52.99,48.59,41.24,44.45,0.0,0.0,0.0,0.0
1717,42879,58.24,53.116866601303805,0.6125564635747489,3,12,4,50,51.77,64.02,57.15,60.02,0.0,0.0,0.0,0.0
1718,39114,49.24,52.1910980496981,0.6173890020149005,0,12,4,50,48.2,44.88,52.2,51.68,0.0,0.0,0.0,0.0
1719,44642,69.74,53.09549217279152,0.6090850536799763,2,6,4,50,62.34,66.69,72.62,77.32,0.0,0.0,0.0,0.0
1720,45698,69.7,52.33280145818345,0.5932736187115903,2,4,4,50,77.25,61.96,73.48,66.12,0.0,0.0,0.0,0.0
1721,42778,66.85,54.819761804332416,0.6191643686010981,1,9,4,50,68.98,72.46,60.18,65.77,0.0,0.0,0.0,0.0
1722,40360,47.24,49.67800594100608,0.6034265576664171,1,15,4,50,45.5,45.98,46.23,51.25,0.0,0.0,0.0,0.0
1723,41532,57.1,52.28219811872827,0.7154023654612434,0,6,4,50,58.96,48.74,59.4,61.3,0.0,0.0,0.0,0.0
1724,39517,66.2,54.63783513994027,0.5669293083576437,0,11,4,50,68.89,68.68,55.53,71.71,0.0,0.0,0.0,0.0
1725,44642,69.6,53.29308322926158,0.6404509130216466,2,6,4,50,64.35,77.34,73.21,63.49,0.0,0.0,0.0,0.0
1726,39114,48.63,52.83407959739792,0.6426759017431598,0,12,4,50,47.95,49.17,52.2,45.21,0.0,0.0,0.0,0.0
1727,53014,56.97,51.54214540314582,0.6451634821123398,4,2,4,50,62.76,65.82,51.13,48.19,0.0,0.0,0.0,0.0
1728,41129,48.8,51.13156216972549,0.666418572331787,0,7,4,50,48.81,42.43,55.74,48.21,0.0,0.0,0.0,0.0
1729,40323,53.15,47.13496175408881,0.6168547939790022,0,9,4,50,55.49,51.63,52.04,53.44,0.0,0.0,0.0,0.0
1730,38308,76.29,52.72447491282483,0.7024271400248974,0,14,4,50,87.52,65.9,68.67,83.06,0.0,0.0,0.0,0.0
1731,39920,48.72,52.71476166178893,0.5867191901421193,0,10,4,50,43.15,53.82,48.08,49.81,0.0,0.0,0.0,0.0
1732,40726,62.01,51.5404898699984,0.6065835204300196,0,8,4,50,62.94,66.67,58.43,59.99,0.0,0.0,0.0,0.0
1733,44642,54.6,50.28210578937687,0.5907451553249473,2,6,4,50,53.75,49.74,58.72,56.18,0.0,0.0,0.0,0.0
1734,47462,60.04,54.89064721677026,0.5968419886780729,6,6,4,50,64.93,62.91,46.29,66.04,0.0,0.0,0.0,0.0
1735,43584,62.81,49.24416751822638,0.5464391858882817,1,7,4,50,61.48,64.99,65.2,59.55,0.0,0.0,0.0,0.0
1736,46855,59.51,53.123062912899336,0.5720184346028258,4,5,4,50,53.33,61.28,56.17,67.26,0.0,0.0,0.0,0.0
1737,47111,60.08,51.24652287281926,0.7288327523126457,7,8,4,50,57.65,54.89,59.69,68.09,0.0,0.0,0.0,0.0
1738,41532,67.1,51.450319024122976,0.6051694880204284,0,6,4,50,60.95,66.85,72.3,68.29,0.0,0.0,0.0,0.0
1739,40763,60.58,54.62169546046624,0.5765846696386359,1,14,4,50,71.23,58.32,54.44,58.34,0.0,0.0,0.0,0.0
1740,38308,55.73,51.95670002118994,0.6268494525990038,0,14,4,50,58.21,51.2,52.03,61.47,0.0,0.0,0.0,0.0
1741,41972,56.81,50.19654593203529,0.7051724551267056,1,11,4,50,54.75,54.31,60.29,57.88,0.0,0.0,0.0,0.0
1742,41532,66.03,51.72228255239001,0.6016489851928652,0,6,4,50,68.13,62.61,71.11,62.26,0.0,0.0,0.0,0.0
1743,45549,64.05,53.95607074185441,0.5261920959117606,4,7,4,50,60.09,65.44,70.54,60.15,0.0,0.0,0.0,0.0
1744,41129,60.1,49.15745448358501,0.580055163323688,0,7,4,50,63.9,66.12,52.41,57.97,0.0,0.0,0.0,0.0
1745,45297,61.02,53.668453630328,0.5499177020937638,3,6,4,50,66.4,49.64,63.32,64.72,0.0,0.0,0.0,0.0
1746,40323,50.95,49.837438976023314,0.6433074692860281,0,9,4,50,44.56,61.26,47.13,50.85,0.0,0.0,0.0,0.0
1747,40726,58.85,52.94930787028048,0.5327354688624486,0,8,4,50,59.15,53.04,66.7,56.5,0.0,0.0,0.0,0.0
1748,39920,60.58,52.87538349310945,0.6533050237861855,0,10,4,50,61.79,55.45,53.83,71.26,0.0,0.0,0.0,0.0
1749,45398,52.34,50.79356491596013,0.6344687030506977,5,9,4,50,49.48,53.79,53.45,52.63,0.0,0.0,0.0,0.0
1750,45545,44.77,53.93649188742362,0.5886722725015943,2,5,4,50,46.97,45.27,43.01,43.84,0.0,0.0,0.0,0.0
1751,40323,36.5,53.28303667921536,0.5932049800848231,0,9,4,50,31.91,42.04,34.6,37.45,0.0,0.0,0.0,0.0
1752,40323,70.82,49.886274488077,0.554568101607784,0,9,4,50,78.0,67.25,78.07,59.94,0.0,0.0,0.0,0.0
1753,39517,56.95,51.212694387626506,0.6106188853086022,0,11,4,50,55.14,55.92,59.53,57.21,0.0,0.0,0.0,0.0
1754,38711,70.61,48.92036098717798,0.6373572778509423,0,13,4,50,66.78,81.36,68.54,65.77,0.0,0.0,0.0,0.0
1755,42224,56.11,51.8077807153886,0.5934647285005177,2,12,4,50,50.53,57.42,60.27,56.23,0.0,0.0,0.0,0.0
1756,43836,57.56,53.12783408091302,0.633440535240891,2,8,4,50,54.96,61.9,59.9,53.47,0.0,0.0,0.0,0.0
1757,39114,73.58,54.862600247276745,0.6335862059913969,0,12,4,50,71.96,73.26,75.7,73.39,0.0,0.0,0.0,0.0
1758,45952,63.94,51.53640520594002,0.5575450180484323,4,6,4,50,59.78,66.96,56.12,72.9,0.0,0.0,0.0,0.0
1759,38711,55.0,49.99599158028638,0.6557713382569698,0,13,4,50,50.36,54.78,59.79,55.06,0.0,0.0,0.0,0.0
1760,45146,61.24,52.30948626608165,0.605563927989522,4,8,4,50,65.23,60.07,52.79,66.85,0.0,0.0,0.0,0.0
1761,43030,38.91,51.86337406933391,0.5498944015464717,2,10,4,50,39.21,41.27,37.47,37.69,0.0,0.0,0.0,0.0
1762,40323,23.63,54.04557325781689,0.6600549056195039,0,9,4,50,24.61,23.9,24.99,21.03,0.0,0.0,0.0,0.0
1763,39114,37.44,52.2256630553745,0.5499645073061383,0,12,4,50,38.89,39.29,31.52,40.05,0.0,0.0,0.0,0.0
1764,41972,46.98,54.39619206467947,0.5897968500600497,1,11,4,50,51.42,43.23,40.68,52.58,0.0,0.0,0.0,0.0
1765,39920,51.72,53.28767447107126,0.5275152204979641,0,10,4,50,52.78,52.47,48.75,52.87,0.0,0.0,0.0,0.0
1766,39114,43.0,53.48836012808006,0.6002371030502591,0,12,4,50,41.87,48.67,42.54,38.9,0.0,0.0,0.0,0.0
1767,42435,50.14,55.12484841935019,0.5858688765248997,0,5,4,50,48.85,49.68,52.78,49.27,0.0,0.0,0.0,0.0
1768,44491,43.87,52.93399307923436,0.5570022609578965,3,8,4,50,48.07,44.28,42.63,40.51,0.0,0.0,0.0,0.0
1769,43836,43.28,52.18501686745407,0.6593808523853821,2,8,4,50,42.85,41.42,48.33,40.54,0.0,0.0,0.0,0.0
1770,37502,52.53,54.86626507216053,0.6325499510474379,0,16,4,50,46.71,54.02,52.43,56.96,0.0,0.0,0.0,0.0
1771,39114,45.28,55.05088341543049,0.6170740850835958,0,12,4,50,39.29,46.48,49.91,45.45,0.0,0.0,0.0,0.0
1772,39517,60.82,51.580065575047975,0.5714561841335977,0,11,4,50,59.72,59.71,60.08,63.77,0.0,0.0,0.0,0.0
1773,41129,50.12,52.67628985695368,0.5626597088497666,0,7,4,50,46.01,45.48,59.02,49.98,0.0,0.0,0.0,0.0
1774,45851,64.19,51.82701400893977,0.573651260415743,2,3,4,50,60.43,71.68,57.95,66.71,0.0,0.0,0.0,0.0
1775,42627,52.12,50.97683198828863,0.6162999938943,2,11,4,50,52.43,49.96,47.98,58.13,0.0,0.0,0.0,0.0
1776,39114,69.8,52.568354214589945,0.5773742691536023,0,12,4,50,70.62,65.13,72.54,70.91,0.0,0.0,0.0,0.0
1777,38711,49.38,48.97649477019242,0.5564408450887988,0,13,4,50,45.09,49.05,45.47,57.89,0.0,0.0,0.0,0.0
1778,40323,60.9,51.483251962376,0.671737488375284,0,9,4,50,66.59,56.43,51.74,68.82,0.0,0.0,0.0,0.0
1779,38711,42.8,50.06694451482437,0.6114177892630672,0,13,4,50,34.61,48.75,45.54,42.31,0.0,0.0,0.0,0.0
1780,45952,55.32,53.143862562011584,0.6208498682002861,4,6,4,50,67.73,50.58,52.61,50.37,0.0,0.0,0.0,0.0
1781,41129,60.1,54.07625887318887,0.6400371728078356,0,7,4,50,65.92,64.38,54.68,55.43,0.0,0.0,0.0,0.0
1782,42435,71.21,52.02586244717478,0.5992643186695344,0,5,4,50,80.45,66.64,66.82,70.93,0.0,0.0,0.0,0.0
1783,43131,72.76,53.16887477986343,0.5922023505427185,4,13,4,50,65.51,77.85,68.98,78.71,0.0,0.0,0.0,0.0
1784,39517,51.7,54.027583675852505,0.6311848696281118,0,11,4,50,58.45,43.23,47.53,57.6,0.0,0.0,0.0,0.0
1785,40323,70.12,53.15144514591579,0.5660336051965305,0,9,4,50,66.95,60.48,79.13,73.92,0.0,0.0,0.0,0.0
1786,39517,75.29,52.94216085941608,0.6155811816037328,0,11,4,50,76.53,75.98,78.35,70.31,0.0,0.0,0.0,0.0
1787,39114,35.52,53.131481911112616,0.5531796299797546,0,12,4,50,28.76,37.91,41.17,34.25,0.0,0.0,0.0,0.0
1788,40323,30.62,53.167083354512506,0.5754875238306578,0,9,4,50,28.0,32.62,33.11,28.77,0.0,0.0,0.0,0.0
1789,42778,36.32,50.9101505071925,0.5648269184053519,1,9,4,50,41.66,38.48,30.47,34.66,0.0,0.0,0.0,0.0
1790,46557,38.29,54.156505710243714,0.5566814772441949,8,11,4,50,32.9,44.56,43.55,32.16,0.0,0.0,0.0,0.0
1791,46855,62.21,54.96376360207306,0.5916039310409636,4,5,4,50,56.33,68.6,65.94,57.97,0.0,0.0,0.0,0.0
1792,43030,32.21,52.93833335653432,0.5403887594165445,2,10,4,50,33.66,35.09,31.36,28.73,0.0,0.0,0.0,0.0
1793,42375,61.32,52.657580253577535,0.5375086291955118,1,10,4,50,67.41,54.91,70.46,52.52,0.0,0.0,0.0,0.0
1794,39517,46.43,51.51426698379816,0.601045451890568,0,11,4,50,49.63,44.98,47.3,43.8,0.0,0.0,0.0,0.0
1795,39517,29.78,51.1237408265874,0.6376514441124101,0,11,4,50,30.99,28.21,29.03,30.88,0.0,0.0,0.0,0.0
1796,44239,74.48,53.71981098345997,0.5811875492392687,2,7,4,50,73.39,66.22,82.88,75.45,0.0,0.0,0.0,0.0
1797,45545,54.75,50.44953645340313,0.6333290376259396,2,5,4,50,57.92,57.5,54.73,48.84,0.0,0.0,0.0,0.0
1798,41532,62.15,54.607611266786805,0.6240389603405454,0,6,4,50,63.0,62.29,61.1,62.2,0.0,0.0,0.0,0.0
1799,45549,45.29,51.298637956332406,0.5498689756191046,4,7,4,50,47.19,45.7,38.23,50.03,0.0,0.0,0.0,0.0
1800,44642,49.96,54.269442168359234,0.5601106712562104,2,6,4,50,56.55,46.38,44.74,52.16,0.0,0.0,0.0,0.0
1801,40323,59.96,54.07621900144522,0.5188906631950163,0,9,4,50,57.72,66.4,62.46,53.24,0.0,0.0,0.0,0.0
1802,43030,70.59,51.55009721413817,0.5782050893049991,2,10,4,50,75.55,64.12,63.64,79.06,0.0,0.0,0.0,0.0
1803,44239,74.58,51.16998509436041,0.598735796718713,2,7,4,50,68.29,76.53,75.21,78.3,0.0,0.0,0.0,0.0
1804,41129,39.68,53.396783286742185,0.6347432015819633,0,7,4,50,38.68,41.53,35.99,42.54,0.0,0.0,0.0,0.0
1805,38711,38.05,52.31499556599726,0.587593429857196,0,13,4,50,38.94,39.73,30.62,42.9,0.0,0.0,0.0,0.0
1806,43836,41.84,52.91343594658145,0.5078189108995249,2,8,4,50,35.85,42.1,46.44,42.97,0.0,0.0,0.0,0.0
1807,44491,44.09,53.35658060950606,0.6182964557430152,3,8,4,50,47.03,46.24,41.81,41.28,0.0,0.0,0.0,0.0
1808,37099,52.92,51.25199913976527,0.4999544646934207,0,17,4,50,54.93,50.63,54.01,52.12,0.0,0.0,0.0,0.0
1809,43181,72.97,53.28561766479684,0.6155929424456743,1,8,4,50,67.08,70.39,83.14,71.28,0.0,0.0,0.0,0.0
1810,39114,50.16,52.90738714669996,0.6093930661073756,0,12,4,50,54.11,43.31,53.44,49.79,0.0,0.0,0.0,0.0
1811,45650,41.62,51.87776899232934,0.6201555601954538,6,10,4,50,46.66,37.75,38.02,44.03,0.0,0.0,0.0,0.0
1812,45146,47.72,52.56092235815213,0.5385332835890576,4,8,4,50,53.16,41.7,50.75,45.25,0.0,0.0,0.0,0.0
1813,44743,63.54,54.67856699808786,0.6059413699924937,4,9,4,50,70.62,63.62,50.85,69.07,0.0,0.0,0.0,0.0
1814,46855,47.54,51.04566386926712,0.6042179464226692,4,5,4,50,50.56,38.51,51.0,50.1,0.0,0.0,0.0,0.0
1815,40726,67.53,53.19028851817933,0.6545150665815885,0,8,4,50,70.65,65.37,69.26,64.85,0.0,0.0,0.0,0.0
1816,40323,36.97,52.69595245008647,0.6143190135056402,0,9,4,50,32.01,41.14,35.14,39.57,0.0,0.0,0.0,0.0
1817,45952,56.43,51.46858348737221,0.6283668004656566,4,6,4,50,49.01,54.96,63.24,58.51,0.0,0.0,0.0,0.0
1818,43584,80.35,54.93328866779952,0.5281421040718478,1,7,4,50,85.62,71.39,81.43,82.97,0.0,0.0,0.0,0.0
1819,40726,55.49,52.61583495289891,0.5208942940829449,0,8,4,50,58.28,53.2,52.16,58.33,0.0,0.0,0.0,0.0
1820,42435,46.4,51.14293934152335,0.6215053584108347,0,5,4,50,49.29,44.44,46.65,45.24,0.0,0.0,0.0,0.0
1821,45549,61.35,49.594815901507125,0.6187327810990805,4,7,4,50,55.12,61.39,56.32,72.56,0.0,0.0,0.0,0.0
1822,42375,47.42,53.32817892807644,0.5849447992394889,1,10,4,50,50.57,53.05,41.98,44.09,0.0,0.0,0.0,0.0
1823,40726,62.84,51.4855234784426,0.4519350396059493,0,8,4,50,64.34,58.11,61.46,67.46,0.0,0.0,0.0,0.0
1824,45545,54.44,53.94553749191056,0.6193135888907454,2,5,4,50,51.83,50.21,61.07,54.67,0.0,0.0,0.0,0.0
1825,44642,44.19,52.44458124229967,0.5211615190496641,2,6,4,50,42.2,42.18,47.92,44.46,0.0,0.0,0.0,0.0
1826,42375,41.03,50.969317170779526,0.5610177836518012,1,10,4,50,38.14,43.67,36.89,45.41,0.0,0.0,0.0,0.0
1827,41129,49.75,51.794623456467846,0.4770011748172666,0,7,4,50,46.8,51.04,47.29,53.88,0.0,0.0,0.0,0.0
1828,41532,51.4,52.21818113228608,0.5704062039291331,0,6,4,50,48.83,56.43,50.04,50.3,0.0,0.0,0.0,0.0
1829,45549,54.1,53.49966459135454,0.5928294303806402,4,7,4,50,53.94,56.93,51.14,54.4,0.0,0.0,0.0,0.0
1830,40726,53.95,49.75111973892948,0.5489813488863382,0,8,4,50,48.36,56.71,54.74,55.99,0.0,0.0,0.0,0.0
1831,40726,41.66,51.09452063175141,0.5247976440774994,0,8,4,50,43.7,39.74,38.75,44.45,0.0,0.0,0.0,0.0
1832,44491,58.98,52.98543051573421,0.6843118531816114,3,8,4,50,55.86,55.9,62.99,61.16,0.0,0.0,0.0,0.0
1833,45146,55.0,52.29517778625818,0.5984308840927397,4,8,4,50,48.68,54.49,59.91,56.92,0.0,0.0,0.0,0.0
1834,44239,57.84,49.84408995930578,0.6275730442164129,2,7,4,50,65.68,50.54,64.2,50.92,0.0,0.0,0.0,0.0
1835,39517,34.41,52.9197025142813,0.5836928569550899,0,11,4,50,33.0,33.04,37.69,33.91,0.0,0.0,0.0,0.0
1836,44491,42.2,52.393309555792456,0.6435479349709878,3,8,4,50,41.95,40.29,47.52,39.02,0.0,0.0,0.0,0.0
1837,39114,50.83,51.99797596910264,0.5955126314919722,0,12,4,50,52.51,50.39,48.75,51.67,0.0,0.0,0.0,0.0
1838,45549,53.24,54.52282732304016,0.5307750013267489,4,7,4,50,55.87,43.8,54.29,59.02,0.0,0.0,0.0,0.0
1839,49515,57.46,50.29975113852818,0.5816929429836984,6,5,4,50,55.85,63.77,56.48,53.73,0.0,0.0,0.0,0.0
1840,44239,45.41,52.628734438540505,0.6590793339235745,2,7,4,50,40.77,39.2,48.58,53.1,0.0,0.0,0.0,0.0
1841,40323,56.08,52.37164625123742,0.679312347870925,0,9,4,50,49.57,60.64,61.6,52.52,0.0,0.0,0.0,0.0
1842,43836,70.96,51.80578840265577,0.6724581156997707,2,8,4,50,78.8,72.86,71.26,60.94,0.0,0.0,0.0,0.0
1843,41129,64.07,50.73443846104552,0.539566684563701,0,7,4,50,55.43,60.71,76.84,63.29,0.0,0.0,0.0,0.0
1844,46855,61.66,52.40452063252373,0.5641651577680253,4,5,4,50,54.93,62.87,61.73,67.11,0.0,0.0,0.0,0.0
1845,39114,49.92,53.35636775434944,0.5678349924402867,0,12,4,50,54.36,45.59,53.1,46.64,0.0,0.0,0.0,0.0
1846,39920,56.84,51.60811590538071,0.6033789898760707,0,10,4,50,51.96,66.39,55.53,53.49,0.0,0.0,0.0,0.0
1847,39114,51.56,51.27272342169059,0.6610918017164081,0,12,4,50,56.09,54.62,44.16,51.38,0.0,0.0,0.0,0.0
1848,44642,68.74,52.572861235755504,0.4801791456182368,2,6,4,50,70.74,59.84,71.06,73.33,0.0,0.0,0.0,0.0
1849,41532,57.69,53.38807513615482,0.5458235028384637,0,6,4,50,55.37,63.46,48.65,63.28,0.0,0.0,0.0,0.0
1850,42778,44.33,50.98178395624654,0.6089662569239381,1,9,4,50,45.23,40.9,42.16,49.05,0.0,0.0,0.0,0.0
1851,45952,51.68,52.46047044829898,0.6319496127574084,4,6,4,50,56.22,47.69,57.6,45.19,0.0,0.0,0.0,0.0
1852,44642,60.51,52.18563112007047,0.6153472712705896,2,6,4,50,55.7,62.12,61.24,62.97,0.0,0.0,0.0,0.0
1853,44743,65.84,51.84504437679681,0.5632514130616325,4,9,4,50,65.66,72.06,57.27,68.36,0.0,0.0,0.0,0.0
1854,43433,32.1,53.13920001822357,0.5580718757485659,2,9,4,50,27.0,38.37,32.44,30.57,0.0,0.0,0.0,0.0
1855,46200,50.19,49.664052253791766,0.5912854450273652,3,5,4,50,43.83,57.85,49.1,49.98,0.0,0.0,0.0,0.0
1856,43836,40.53,51.66245837831585,0.7113880008771047,2,8,4,50,37.07,36.76,47.1,41.19,0.0,0.0,0.0,0.0
1857,44894,33.61,52.54813009346496,0.6345021097625649,3,7,4,50,31.88,34.32,34.16,34.08,0.0,0.0,0.0,0.0
1858,39114,53.84,50.34700721630583,0.5681111150921708,0,12,4,50,54.33,50.61,57.29,53.12,0.0,0.0,0.0,0.0
1859,43433,45.56,53.01977156691217,0.6632376855403747,2,9,4,50,41.46,44.65,45.84,50.31,0.0,0.0,0.0,0.0
1860,36293,39.54,51.3535110859448,0.5080777222385976,0,19,4,50,38.58,36.86,42.11,40.61,0.0,0.0,0.0,0.0
1861,41821,54.0,54.08815440155094,0.6537367241294135,2,13,4,50,54.31,56.88,54.32,50.48,0.0,0.0,0.0,0.0
1862,41129,45.04,50.36899740659926,0.5731896185925739,0,7,4,50,48.17,44.42,48.93,38.65,0.0,0.0,0.0,0.0
1863,45952,40.39,51.30005897579599,0.6320279392345148,4,6,4,50,38.39,37.85,41.41,43.91,0.0,0.0,0.0,0.0
1864,44340,64.28,54.97543922750874,0.4762085437806213,4,10,4,50,63.43,55.09,70.42,68.2,0.0,0.0,0.0,0.0
1865,40323,61.53,51.14357999603829,0.5393718176738234,0,9,4,50,59.95,62.55,55.55,68.08,0.0,0.0,0.0,0.0
1866,39920,58.92,53.03780584541418,0.5195076685075264,0,10,4,50,54.23,61.6,58.91,60.94,0.0,0.0,0.0,0.0
1867,43433,50.14,50.92894140713161,0.6090873277241677,2,9,4,50,52.76,42.02,53.71,52.08,0.0,0.0,0.0,0.0
1868,39920,44.02,51.73163471750162,0.5802082292459438,0,10,4,50,45.0,41.91,39.66,49.53,0.0,0.0,0.0,0.0
1869,39114,47.02,52.90342266934109,0.5309134080110525,0,12,4,50,47.45,44.2,43.26,53.16,0.0,0.0,0.0,0.0
1870,43433,55.88,53.06785966486176,0.5485653240961345,2,9,4,50,51.87,56.01,59.68,55.98,0.0,0.0,0.0,0.0
1871,41015,56.64,54.034144034020365,0.568941956945777,2,15,4,50,61.71,52.35,55.97,56.53,0.0,0.0,0.0,0.0
1872,41821,49.22,52.445957031391465,0.569955488066839,2,13,4,50,44.59,55.66,44.81,51.82,0.0,0.0,0.0,0.0
1873,43584,71.66,51.05905992515852,0.55580665728913,1,7,4,50,72.36,66.54,75.37,72.36,0.0,0.0,0.0,0.0
1874,39517,54.36,52.28989511825903,0.5262992546908848,0,11,4,50,58.86,57.23,52.1,49.27,0.0,0.0,0.0,0.0
1875,45545,62.03,51.55360357259223,0.6314286773142497,2,5,4,50,60.21,60.44,64.59,62.88,0.0,0.0,0.0,0.0
1876,40726,61.22,53.705335902829646,0.712199179178294,0,8,4,50,64.39,62.95,53.72,63.82,0.0,0.0,0.0,0.0
1877,44239,42.16,55.22891263864303,0.6423492722222237,2,7,4,50,35.7,43.4,51.11,38.42,0.0,0.0,0.0,0.0
1878,44642,44.81,49.02914521549019,0.5928258042607161,2,6,4,50,46.46,42.81,49.14,40.82,0.0,0.0,0.0,0.0
1879,38711,51.26,51.93381859563688,0.6438562105282918,0,13,4,50,51.68,52.65,52.29,48.42,0.0,0.0,0.0,0.0
1880,43282,39.81,54.792152910558144,0.5684809439518617,3,11,4,50,44.68,39.46,37.63,37.47,0.0,0.0,0.0,0.0
1881,43937,71.95,52.03723331357247,0.6054015816939675,4,11,4,50,73.72,73.06,67.1,73.93,0.0,0.0,0.0,0.0
1882,43836,44.98,52.61050348761677,0.6056733071102615,2,8,4,50,50.01,43.65,44.44,41.81,0.0,0.0,0.0,0.0
1883,37099,49.06,50.58584882195605,0.5233273930699283,0,17,4,50,52.34,48.25,44.88,50.79,0.0,0.0,0.0,0.0
1884,43937,58.02,52.50603091714021,0.5724344523258753,4,11,4,50,62.45,60.17,57.57,51.87,0.0,0.0,0.0,0.0
1885,45549,48.06,54.055397428142605,0.5166890120362395,4,7,4,50,44.84,52.38,48.24,46.77,0.0,0.0,0.0,0.0
1886,44239,42.61,53.88255049607744,0.6101967399137439,2,7,4,50,40.74,43.15,41.13,45.43,0.0,0.0,0.0,0.0
1887,40323,52.21,54.25099046685392,0.4858307451436508,0,9,4,50,46.84,51.8,56.49,53.71,0.0,0.0,0.0,0.0
1888,40726,71.12,52.23630530975111,0.5021128183681481,0,8,4,50,73.07,75.74,71.78,63.9,0.0,0.0,0.0,0.0
1889,45146,65.63,52.82616901507441,0.598645160747159,4,8,4,50,71.81,65.08,60.21,65.44,0.0,0.0,0.0,0.0
1890,42435,58.62,52.00519952562789,0.6356335774870435,0,5,4,50,63.44,61.88,48.78,60.37,0.0,0.0,0.0,0.0
1891,42588,64.9,52.58709444416066,0.598625716385832,0,4,4,50,68.83,62.65,63.02,65.08,0.0,0.0,0.0,0.0
1892,45297,72.45,52.80033624049073,0.5420021651844792,3,6,4,50,78.29,64.63,79.77,67.12,0.0,0.0,0.0,0.0
1893,42588,55.84,52.98731273275492,0.6756620467388589,0,4,4,50,56.33,50.04,60.13,56.85,0.0,0.0,0.0,0.0
1894,43433,51.12,50.22686802436884,0.6731107920351392,2,9,4,50,57.04,44.34,54.21,48.87,0.0,0.0,0.0,0.0
1895,46607,44.58,52.04243961377184,0.5817575338314109,5,6,4,50,46.56,46.38,43.98,41.4,0.0,0.0,0.0,0.0
1896,43584,52.14,54.32121752474976,0.4794022875720897,1,7,4,50,55.27,51.07,45.69,56.53,0.0,0.0,0.0,0.0
1897,39517,68.89,55.01991027857281,0.6029097796167567,0,11,4,50,72.55,75.48,64.3,63.24,0.0,0.0,0.0,0.0
1898,49013,65.31,52.25617977221622,0.5794157304833835,5,4,4,50,66.51,71.03,66.96,56.75,0.0,0.0,0.0,0.0
1899,46204,49.36,52.0810801746107,0.4972393485294754,5,7,4,50,45.47,50.08,56.55,45.36,0.0,0.0,0.0,0.0
1900,45549,71.92,54.20639023873223,0.5909488603057524,4,7,4,50,71.54,68.54,68.64,78.97,0.0,0.0,0.0,0.0
1901,43181,77.89,51.35552475647136,0.5895451442925086,1,8,4,50,87.12,70.8,79.47,74.17,0.0,0.0,0.0,0.0
1902,45545,51.08,53.598101973852295,0.5311216873971863,2,5,4,50,51.32,49.66,48.47,54.88,0.0,0.0,0.0,0.0
1903,39920,52.08,49.5163374951683,0.5233903697539961,0,10,4,50,56.43,48.34,59.41,44.15,0.0,0.0,0.0,0.0
1904,42375,72.3,52.57089334196281,0.5246247035795784,1,10,4,50,84.73,68.47,69.37,66.61,0.0,0.0,0.0,0.0
1905,42375,67.06,53.0748066379535,0.6083222143711873,1,10,4,50,65.88,70.88,60.41,71.09,0.0,0.0,0.0,0.0
1906,43836,54.45,54.09838531881097,0.6334216257364307,2,8,4,50,56.32,53.92,46.88,60.67,0.0,0.0,0.0,0.0
1907,44894,46.62,53.31877832966785,0.6283656800104245,3,7,4,50,48.66,41.22,47.62,48.99,0.0,0.0,0.0,0.0
1908,43584,51.78,52.170141466232415,0.5150414468592807,1,7,4,50,52.03,53.04,51.76,50.27,0.0,0.0,0.0,0.0
1909,46855,54.01,53.08894043706767,0.5723917004957954,4,5,4,50,59.46,58.42,44.54,53.61,0.0,0.0,0.0,0.0
1910,43433,57.95,52.70117803275818,0.5785780514860438,2,9,4,50,57.62,55.39,56.83,61.96,0.0,0.0,0.0,0.0
1911,39114,46.88,50.305267242551125,0.520095412411365,0,12,4,50,41.15,46.36,49.27,50.72,0.0,0.0,0.0,0.0
1912,43836,41.22,53.06320137793069,0.643828572201384,2,8,4,50,39.51,43.96,36.36,45.07,0.0,0.0,0.0,0.0
1913,42627,49.98,52.653758578833646,0.4825082419370112,2,11,4,50,48.43,52.46,52.98,46.06,0.0,0.0,0.0,0.0
1914,39920,75.44,52.55379917145989,0.6467379845744489,0,10,4,50,79.66,77.28,65.54,79.28,0.0,0.0,0.0,0.0
1915,45801,45.73,54.07525043889125,0.6221208405131756,5,8,4,50,43.85,45.14,46.03,47.89,0.0,0.0,0.0,0.0
1916,43030,63.56,53.12576534556983,0.5576424777622562,2,10,4,50,59.98,67.19,56.17,70.91,0.0,0.0,0.0,0.0
1917,44642,31.65,54.25654945366116,0.6304650166998079,2,6,4,50,31.45,31.22,26.67,37.27,0.0,0.0,0.0,0.0
1918,43635,74.69,52.310679934204494,0.523522828212808,6,15,4,50,71.43,84.04,70.34,72.95,0.0,0.0,0.0,0.0
1919,38711,61.05,51.44571480528318,0.5294728485514374,0,13,4,50,53.49,65.62,62.81,62.29,0.0,0.0,0.0,0.0
1920,42588,39.39,52.572402753468864,0.6211120138623278,0,4,4,50,36.35,36.7,46.31,38.2,0.0,0.0,0.0,0.0
1921,49515,66.08,51.141507856349854,0.5672057811233594,6,5,4,50,63.51,59.23,72.22,69.35,0.0,0.0,0.0,0.0
1922,43181,62.79,52.1253867676904,0.5639347536668422,1,8,4,50,73.63,55.7,64.02,57.8,0.0,0.0,0.0,0.0
1923,45545,53.59,51.101548633989246,0.5222821064273124,2,5,4,50,58.74,53.18,53.01,49.44,0.0,0.0,0.0,0.0
1924,43433,59.92,54.285374144003775,0.6191186985412427,2,9,4,50,62.71,49.09,62.69,65.19,0.0,0.0,0.0,0.0
1925,37905,55.1,52.89412475724739,0.6114979003299,0,15,4,50,60.47,56.31,55.81,47.79,0.0,0.0,0.0,0.0
1926,41129,66.97,51.06324561257284,0.5700919261002689,0,7,4,50,67.49,73.0,72.43,54.95,0.0,0.0,0.0,0.0
1927,40726,60.94,51.93453309702031,0.6163486099897588,0,8,4,50,58.97,65.72,61.98,57.09,0.0,0.0,0.0,0.0
1928,39920,56.44,52.1690703387642,0.5828434125065355,0,10,4,50,53.93,57.39,56.58,57.85,0.0,0.0,0.0,0.0
1929,43433,53.32,52.875413377151965,0.5700558131040793,2,9,4,50,48.57,51.04,54.7,58.97,0.0,0.0,0.0,0.0
1930,40726,54.91,52.393944409457234,0.580616549727646,0,8,4,50,62.84,55.69,48.6,52.5,0.0,0.0,0.0,0.0
1931,44239,48.12,49.48160611641134,0.5704411252773849,2,7,4,50,48.87,55.2,43.84,44.57,0.0,0.0,0.0,0.0
1932,47710,57.58,52.3588616966765,0.6244084581719127,5,5,4,50,55.16,53.23,66.14,55.77,0.0,0.0,0.0,0.0
1933,42435,61.76,53.37401740961669,0.581864648522397,0,5,4,50,64.07,62.03,58.3,62.63,0.0,0.0,0.0,0.0
1934,47208,56.52,50.795789955164565,0.5949342216092616,4,4,4,50,58.85,52.26,53.37,61.58,0.0,0.0,0.0,0.0
1935,44890,57.11,53.72926633512613,0.6370169915751114,1,5,4,50,50.94,63.91,54.66,58.95,0.0,0.0,0.0,0.0
1936,43836,57.38,54.1394267548182,0.6443807801820719,2,8,4,50,57.98,62.15,46.76,62.61,0.0,0.0,0.0,0.0
1937,45952,53.9,51.73743108938424,0.6155950238753682,4,6,4,50,47.72,55.7,58.46,53.72,0.0,0.0,0.0,0.0
1938,44743,59.45,53.89244346077346,0.5181590810419208,4,9,4,50,48.96,62.07,65.69,61.08,0.0,0.0,0.0,0.0
1939,44491,33.85,51.978770461958526,0.5582547620290865,3,8,4,50,35.33,29.39,37.16,33.54,0.0,0.0,0.0,0.0
1940,41532,53.8,53.2108460355562,0.4653261421646792,0,6,4,50,56.42,50.75,57.53,50.49,0.0,0.0,0.0,0.0
1941,45549,65.58,51.40549109656072,0.571919258433095,4,7,4,50,70.76,61.23,70.49,59.85,0.0,0.0,0.0,0.0
1942,38308,47.54,53.841598639301104,0.5689195516132056,0,14,4,50,51.35,42.0,48.18,48.64,0.0,0.0,0.0,0.0
1943,40323,50.45,52.03126993067584,0.5659388005732502,0,9,4,50,47.54,49.51,49.99,54.75,0.0,0.0,0.0,0.0
1944,44491,49.3,52.9883424097105,0.5663159925302573,3,8,4,50,47.2,50.98,54.04,45.0,0.0,0.0,0.0,0.0
1945,40323,62.05,52.43875642654991,0.5798890033280639,0,9,4,50,62.59,63.12,62.88,59.6,0.0,0.0,0.0,0.0
1946,41532,58.18,54.54006419700287,0.5336945106149757,0,6,4,50,61.47,55.14,63.56,52.54,0.0,0.0,0.0,0.0
1947,44239,58.98,53.91852683332972,0.5292557162633297,2,7,4,50,64.61,58.5,51.77,61.04,0.0,0.0,0.0,0.0
1948,54018,41.62,51.21177283076868,0.7223663816392525,6,4,4,50,37.2,39.33,43.3,46.67,0.0,0.0,0.0,0.0
1949,46353,51.68,54.23122235776601,0.570583167611756,3,4,4,50,58.33,55.13,45.88,47.39,0.0,0.0,0.0,0.0
1950,43030,51.28,51.70892709148696,0.5842511917254989,2,10,4,50,47.57,54.17,48.07,55.31,0.0,0.0,0.0,0.0
1951,45146,49.8,51.59405872384572,0.6096749678533766,4,8,4,50,50.25,52.16,47.26,49.55,0.0,0.0,0.0,0.0
1952,43534,60.1,54.89395079042124,0.5179993094111176,4,12,4,50,62.1,59.2,58.54,60.57,0.0,0.0,0.0,0.0
1953,40726,50.96,54.73148822041417,0.554029714660267,0,8,4,50,45.13,50.33,48.08,60.28,0.0,0.0,0.0,0.0
1954,39920,33.06,51.602457837474745,0.5453320484689664,0,10,4,50,30.68,37.35,29.02,35.2,0.0,0.0,0.0,0.0
1955,41972,44.83,53.81593154142742,0.607739572200651,1,11,4,50,43.39,42.87,46.71,46.36,0.0,0.0,0.0,0.0
1956,45952,62.39,53.81950839738754,0.6228657875891815,4,6,4,50,63.92,61.58,68.84,55.23,0.0,0.0,0.0,0.0
1957,44239,59.93,52.134491831769054,0.588048926350396,2,7,4,50,67.46,55.09,62.26,54.91,0.0,0.0,0.0,0.0
1958,45545,70.91,52.0856460801268,0.6254716274333315,2,5,4,50,74.98,71.46,63.44,73.78,0.0,0.0,0.0,0.0
1959,45247,69.24,54.96843719544337,0.5228472908103289,6,11,4,50,68.64,65.54,62.97,79.82,0.0,0.0,0.0,0.0
1960,39114,58.51,51.70972843226037,0.5928996893825654,0,12,4,50,64.38,57.28,52.03,60.36,0.0,0.0,0.0,0.0
1961,40323,53.59,51.784241251785055,0.5125844434330353,0,9,4,50,53.05,49.12,54.52,57.67,0.0,0.0,0.0,0.0
1962,43685,79.68,50.977051698218354,0.5683229490458013,3,10,4,50,82.05,77.13,81.25,78.29,0.0,0.0,0.0,0.0
1963,46200,60.73,51.89242664160585,0.5350797563038289,3,5,4,50,65.53,59.84,59.59,57.96,0.0,0.0,0.0,0.0
1964,42375,48.3,55.36855254307227,0.6557481208294312,1,10,4,50,44.92,47.4,47.6,53.3,0.0,0.0,0.0,0.0
1965,42375,57.56,51.15056277549976,0.5630209321929133,1,10,4,50,64.25,53.18,59.35,53.45,0.0,0.0,0.0,0.0
1966,48511,54.06,52.403160688398096,0.5167442214191103,4,3,4,50,54.94,52.33,59.7,49.27,0.0,0.0,0.0,0.0
1967,47208,46.01,52.93268295149705,0.5691904101054849,4,4,4,50,42.43,49.3,49.52,42.8,0.0,0.0,0.0,0.0
1968,44743,58.14,53.38951033023883,0.631447746208685,4,9,4,50,56.03,63.15,55.93,57.43,0.0,0.0,0.0,0.0
1969,49519,67.24,51.56811094424621,0.6619735501098756,8,7,4,50,60.34,69.07,71.31,68.25,0.0,0.0,0.0,0.0
1970,42435,65.44,52.12544057386629,0.6558800586706865,0,5,4,50,65.19,69.9,60.32,66.37,0.0,0.0,0.0,0.0
1971,61521,54.72,54.365423782481145,0.5800113947468315,6,3,4,50,49.1,58.77,58.97,52.03,0.0,0.0,0.0,0.0
1972,44743,66.36,53.46210773189387,0.5312727294518073,4,9,4,50,74.21,71.81,58.26,61.15,0.0,0.0,0.0,0.0
1973,44491,47.74,54.08489955755504,0.5108277105815916,3,8,4,50,47.15,43.05,56.09,44.65,0.0,0.0,0.0,0.0
1974,45549,47.73,51.98961726831617,0.5130136439304047,4,7,4,50,52.98,42.64,53.16,42.13,0.0,0.0,0.0,0.0
1975,42224,44.0,51.99023721975524,0.5560509585672021,2,12,4,50,44.58,44.21,43.58,43.65,0.0,0.0,0.0,0.0
1976,44642,55.1,52.675403064184906,0.5973485817835262,2,6,4,50,49.38,59.35,59.25,52.4,0.0,0.0,0.0,0.0
1977,47710,65.02,51.60649568541977,0.6558123169353449,5,5,4,50,74.07,58.81,63.75,63.45,0.0,0.0,0.0,0.0
1978,45146,53.25,52.08809062781909,0.5816340107179934,4,8,4,50,51.91,59.34,50.16,51.6,0.0,0.0,0.0,0.0
1979,44239,53.33,54.59248311031264,0.566570144610281,2,7,4,50,53.51,52.29,50.69,56.82,0.0,0.0,0.0,0.0
1980,40726,49.75,54.673263833480014,0.6067555568384742,0,8,4,50,47.72,49.51,54.9,46.87,0.0,0.0,0.0,0.0
1981,44239,49.24,54.8979195600494,0.6144410406281539,2,7,4,50,45.37,55.95,41.83,53.83,0.0,0.0,0.0,0.0
1982,49515,59.46,53.958532371937416,0.5743205171748734,6,5,4,50,54.03,61.71,68.24,53.87,0.0,0.0,0.0,0.0
1983,46859,55.53,50.23641381306068,0.4839725545491817,6,7,4,50,61.01,59.75,51.29,50.07,0.0,0.0,0.0,0.0
1984,39920,45.3,51.56735158717049,0.6014001318556096,0,10,4,50,40.05,45.55,52.02,43.59,0.0,0.0,0.0,0.0
1985,45549,45.22,53.440895096426814,0.5675112524124137,4,7,4,50,48.72,43.19,43.37,45.6,0.0,0.0,0.0,0.0
1986,40323,54.27,53.66357569740458,0.511289223275776,0,9,4,50,48.82,55.17,51.87,61.22,0.0,0.0,0.0,0.0
1987,40726,56.16,53.41693515635807,0.5721617263985055,0,8,4,50,59.95,64.49,48.92,51.26,0.0,0.0,0.0,0.0
1988,44743,54.74,54.64700276456092,0.518558228929296,4,9,4,50,51.34,51.16,54.23,62.25,0.0,0.0,0.0,0.0
1989,44743,66.56,50.85017110176672,0.5581204951843959,4,9,4,50,58.53,59.42,71.07,77.21,0.0,0.0,0.0,0.0
1990,43836,77.26,53.403142433277175,0.5143306833456228,2,8,4,50,73.8,83.48,67.89,83.86,0.0,0.0,0.0,0.0
1991,39517,40.83,52.147629594179776,0.5908639033555825,0,11,4,50,38.59,36.52,44.55,43.65,0.0,0.0,0.0,0.0
1992,43836,80.96,49.98803293181152,0.4867611360446877,2,8,4,50,82.97,87.33,74.4,79.14,0.0,0.0,0.0,0.0
1993,39920,40.76,53.99032176747042,0.548058767946468,0,10,4,50,40.2,34.2,38.32,50.32,0.0,0.0,0.0,0.0
1994,62023,60.43,51.26928512558023,0.5765620609615878,7,4,4,50,57.33,54.13,64.36,65.9,0.0,0.0,0.0,0.0
1995,42627,41.2,53.868980878738434,0.5208544227866702,2,11,4,50,38.44,42.15,43.08,41.14,0.0,0.0,0.0,0.0
1996,150000,52.99,54.226059013341725,0.6297233029895017,9,0,4,50,50.22,52.5,52.75,56.49,0.0,0.0,0.0,0.0
1997,44189,59.54,53.56062263921313,0.5929401734862985,5,12,4,50,58.2,66.13,53.48,60.33,0.0,0.0,0.0,0.0
1998,49519,61.09,51.57514673493081,0.5267087283733914,8,7,4,50,61.77,55.78,55.43,71.38,0.0,0.0,0.0,0.0
1999,44239,35.85,54.08559318897064,0.499900629170802,2,7,4,50,32.73,35.82,37.71,37.13,0.0,0.0,0.0,0.0
2000,41129,50.26,53.74989382600249,0.6223452837673389,0,7,4,50,51.89,54.26,42.26,52.61,0.0,0.0,0.0,0.0
2001,43131,65.84,54.33442335761947,0.6044713994943727,4,13,4,50,68.33,62.17,65.09,67.79,0.0,0.0,0.0,0.0
2002,46859,41.83,52.47671233862998,0.6158081136927773,6,7,4,50,44.11,35.56,49.15,38.51,0.0,0.0,0.0,0.0
2003,40726,48.69,52.37635507912232,0.5403482154964391,0,8,4,50,50.47,44.24,50.77,49.29,0.0,0.0,0.0,0.0
2004,43836,24.2,52.87794443177739,0.5440961933392984,2,8,4,50,25.85,25.22,21.26,24.46,0.0,0.0,0.0,0.0
2005,46053,43.63,51.660677340743945,0.4948775144848938,6,9,4,50,43.7,42.71,46.08,42.03,0.0,0.0,0.0,0.0
2006,46859,66.04,51.97304370964258,0.5728462867505582,6,7,4,50,61.83,73.12,64.35,64.87,0.0,0.0,0.0,0.0
2007,44642,44.42,50.02846403413064,0.4714539998601337,2,6,4,50,40.03,39.01,50.65,47.99,0.0,0.0,0.0,0.0
2008,46200,48.74,52.585663587868666,0.5328615135942023,3,5,4,50,58.9,44.3,46.38,45.39,0.0,0.0,0.0,0.0
2009,39114,52.88,50.55559336073351,0.4824334298882906,0,12,4,50,58.4,45.7,55.78,51.62,0.0,0.0,0.0,0.0
2010,42224,45.59,53.54762817841697,0.5145926977573292,2,12,4,50,42.16,40.69,51.96,47.56,0.0,0.0,0.0,0.0
2011,44642,40.1,52.07684048958107,0.6347606991286587,2,6,4,50,43.01,38.82,34.23,44.34,0.0,0.0,0.0,0.0
2012,43584,53.12,54.80621464788396,0.531807843856084,1,7,4,50,58.95,50.62,49.0,53.92,0.0,0.0,0.0,0.0
2013,43030,70.75,51.987737949715054,0.5853844518633841,2,10,4,50,68.63,76.32,69.46,68.58,0.0,0.0,0.0,0.0
2014,44642,33.34,54.30908651809634,0.6234940909788121,2,6,4,50,35.01,28.88,31.42,38.06,0.0,0.0,0.0,0.0
2015,46607,36.83,50.211209053249824,0.5638538550599866,5,6,4,50,35.91,39.7,35.28,36.43,0.0,0.0,0.0,0.0
2016,46204,63.12,53.84004621124558,0.6172701928251693,5,7,4,50,63.25,63.06,59.21,66.98,0.0,0.0,0.0,0.0
2017,45549,80.51,52.30175336902566,0.6065399796984112,4,7,4,50,88.4,75.32,83.61,74.72,0.0,0.0,0.0,0.0
2018,45549,59.11,51.41391590132127,0.5121690973929104,4,7,4,50,55.28,51.91,61.56,67.68,0.0,0.0,0.0,0.0
2019,43584,48.73,51.35602406721032,0.5727986419655584,1,7,4,50,51.87,45.26,46.04,51.75,0.0,0.0,0.0,0.0
2020,44491,50.88,51.41196101911071,0.5594052944754018,3,8,4,50,46.09,55.0,50.65,51.79,0.0,0.0,0.0,0.0
2021,43786,25.06,53.968645935181,0.5760619274269065,5,13,4,50,25.97,24.42,28.9,20.94,0.0,0.0,0.0,0.0
2022,41129,66.88,52.24956332163965,0.4055213962824171,0,7,4,50,69.95,65.82,61.72,70.05,0.0,0.0,0.0,0.0
2023,42778,41.37,55.91742889020761,0.5509263067452213,1,9,4,50,46.92,39.13,39.13,40.3,0.0,0.0,0.0,0.0
2024,45952,65.41,52.88823730668258,0.5765967689338863,4,6,4,50,64.4,66.22,60.71,70.31,0.0,0.0,0.0,0.0
2025,49515,55.28,52.15113856575783,0.5409583327953963,6,5,4,50,54.21,58.75,61.18,46.99,0.0,0.0,0.0,0.0
2026,45549,48.31,53.5903713176665,0.5956388296214808,4,7,4,50,45.25,46.9,47.81,53.28,0.0,0.0,0.0,0.0
2027,54520,47.98,52.37464604933353,0.5753681120838329,7,5,4,50,40.12,49.28,48.01,54.49,0.0,0.0,0.0,0.0
2028,46204,63.01,51.78310848224963,0.5304351828157144,2,2,4,50,56.49,64.79,62.32,68.44,0.0,0.0,0.0,0.0
2029,42627,53.86,52.82118162116194,0.6053496962268772,2,11,4,50,51.06,57.26,55.85,51.26,0.0,0.0,0.0,0.0
2030,44491,67.67,53.22732852979452,0.5990797126855357,3,8,4,50,67.5,69.4,59.87,73.89,0.0,0.0,0.0,0.0
2031,39920,60.95,51.45093046571412,0.4868632896050878,0,10,4,50,60.75,65.43,62.73,54.89,0.0,0.0,0.0,0.0
2032,45146,63.84,50.352159158798,0.5851483097745692,4,8,4,50,65.85,61.93,56.53,71.06,0.0,0.0,0.0,0.0
2033,39114,48.34,49.54323380865477,0.5874944779927135,0,12,4,50,54.32,46.51,43.25,49.3,0.0,0.0,0.0,0.0
2034,44491,62.98,54.72743707254486,0.5068322034266368,3,8,4,50,60.56,63.93,66.37,61.07,0.0,0.0,0.0,0.0
2035,45146,59.56,52.63445095117712,0.5823723564445106,4,8,4,50,61.19,62.33,53.47,61.24,0.0,0.0,0.0,0.0
2036,40323,72.8,52.76735252812498,0.6064163541784213,0,9,4,50,67.8,72.57,74.67,76.14,0.0,0.0,0.0,0.0
2037,43433,66.04,52.73072131603135,0.5218375064226727,2,9,4,50,63.87,71.23,73.67,55.41,0.0,0.0,0.0,0.0
2038,41129,51.54,55.11074503090472,0.5829117743102227,0,7,4,50,57.1,48.15,52.48,48.43,0.0,0.0,0.0,0.0
2039,46053,65.2,53.75865881213148,0.4964907084558515,6,9,4,50,69.22,67.84,65.24,58.5,0.0,0.0,0.0,0.0
2040,42741,55.62,51.90879892946113,0.635911480892908,0,3,4,50,55.44,53.52,55.5,58.02,0.0,0.0,0.0,0.0
2041,45297,38.07,52.6089759205493,0.5602646278132747,3,6,4,50,37.42,35.65,40.3,38.9,0.0,0.0,0.0,0.0
2042,46053,67.35,54.84593882827638,0.5540098960629435,6,9,4,50,71.24,70.86,66.23,61.08,0.0,0.0,0.0,0.0
2043,42224,34.84,52.22020791406383,0.6383751320172776,2,12,4,50,34.84,37.74,35.5,31.27,0.0,0.0,0.0,0.0
2044,46456,59.09,52.35628348796055,0.543815008455288,6,8,4,50,55.69,56.65,62.87,61.16,0.0,0.0,0.0,0.0
2045,61521,66.69,53.87981463240768,0.575028414113023,6,3,4,50,74.12,62.07,67.36,63.21,0.0,0.0,0.0,0.0
2046,42894,64.74,52.97383195423764,0.5115132642252729,0,2,4,50,65.69,53.9,69.16,70.23,0.0,0.0,0.0,0.0
2047,45549,52.68,53.59230873923446,0.6351211410070785,4,7,4,50,58.15,43.56,62.72,46.28,0.0,0.0,0.0,0.0
2048,43937,52.91,52.54795225398065,0.5786380172556375,4,11,4,50,54.18,59.61,46.39,51.46,0.0,0.0,0.0,0.0
2049,46855,30.44,51.86348484410609,0.6327156254351789,4,5,4,50,27.16,31.12,33.43,30.03,0.0,0.0,0.0,0.0
2050,62525,56.61,53.80398082102604,0.4531999297908919,8,5,4,50,59.02,52.51,62.76,52.14,0.0,0.0,0.0,0.0
2051,43433,68.15,52.12637195917035,0.6126811921603641,2,9,4,50,69.63,69.99,64.02,68.96,0.0,0.0,0.0,0.0
2052,45549,39.55,51.1688097203788,0.5681067748778765,4,7,4,50,42.83,38.71,40.22,36.45,0.0,0.0,0.0,0.0
2053,45952,59.6,51.3381321927279,0.4247074306623367,4,6,4,50,56.6,54.94,61.44,65.4,0.0,0.0,0.0,0.0
2054,40726,51.12,52.08709537579404,0.5029383645805611,0,8,4,50,49.62,53.34,48.33,53.19,0.0,0.0,0.0,0.0
2055,43030,40.03,54.22019850189897,0.574394771178837,2,10,4,50,41.35,45.86,32.23,40.7,0.0,0.0,0.0,0.0
2056,46708,47.62,52.043533102393,0.5340069815493002,7,9,4,50,50.62,48.68,47.53,43.66,0.0,0.0,0.0,0.0
2057,45952,50.81,53.95191847359494,0.5734950459147203,4,6,4,50,49.56,55.14,51.6,46.93,0.0,0.0,0.0,0.0
2058,45549,21.61,53.24272742440905,0.5522706377747633,4,7,4,50,21.24,22.43,19.97,22.81,0.0,0.0,0.0,0.0
2059,41129,53.8,54.52768186346616,0.6077544949365171,0,7,4,50,54.89,52.14,56.45,51.71,0.0,0.0,0.0,0.0
2060,45398,49.57,52.56066598805676,0.507029099260649,5,9,4,50,45.0,52.86,47.5,52.92,0.0,0.0,0.0,0.0
2061,61521,74.83,53.139925169745496,0.5868115474353873,6,3,4,50,73.6,80.06,67.21,78.44,0.0,0.0,0.0,0.0
2062,44592,51.11,50.84531539525948,0.5191598528065473,5,11,4,50,51.58,51.29,50.87,50.7,0.0,0.0,0.0,0.0
2063,43030,65.74,49.9380375374104,0.558298039986426,2,10,4,50,72.07,58.13,67.0,65.77,0.0,0.0,0.0,0.0
2064,41129,54.54,51.9171488420922,0.5597635836961362,0,7,4,50,53.27,60.64,52.14,52.1,0.0,0.0,0.0,0.0
2065,43433,58.17,52.626259868680016,0.593147229275735,2,9,4,50,56.37,60.76,56.49,59.05,0.0,0.0,0.0,0.0
2066,49519,57.55,52.92572862748778,0.4787738019877236,8,7,4,50,50.32,63.25,58.98,57.65,0.0,0.0,0.0,0.0
2067,44340,70.44,51.52181109665998,0.5151520242391262,4,10,4,50,66.09,70.39,73.16,72.13,0.0,0.0,0.0,0.0
2068,39920,72.41,56.113372626149975,0.545431244003408,0,10,4,50,72.66,69.68,72.67,74.64,0.0,0.0,0.0,0.0
2069,72024,33.72,53.12060631909051,0.6300802123552866,6,2,4,50,33.96,32.33,34.49,34.1,0.0,0.0,0.0,0.0
2070,44642,51.82,53.62820704492796,0.4611105645179952,2,6,4,50,43.98,55.89,51.6,55.83,0.0,0.0,0.0,0.0
2071,48470,63.91,54.40043198362234,0.56266820952398,10,10,4,50,75.95,61.69,57.11,60.9,0.0,0.0,0.0,0.0
2072,43030,59.13,52.162531760473605,0.6098896066939201,2,10,4,50,67.4,55.9,59.91,53.3,0.0,0.0,0.0,0.0
2073,39114,53.44,52.62371397608687,0.4792017528980552,0,12,4,50,50.59,62.97,49.55,50.63,0.0,0.0,0.0,0.0
2074,54018,44.07,54.18729800675489,0.5531066603200936,6,4,4,50,45.02,42.82,48.24,40.2,0.0,0.0,0.0,0.0
2075,49515,66.1,54.57638071051505,0.4329156657789887,6,5,4,50,61.9,73.9,63.59,65.0,0.0,0.0,0.0,0.0
2076,54520,48.07,55.31179748503594,0.5866134526780101,7,5,4,50,55.03,43.02,46.13,48.11,0.0,0.0,0.0,0.0
2077,38308,43.44,52.38760763978721,0.5191439787770802,0,14,4,50,39.87,53.52,43.14,37.25,0.0,0.0,0.0,0.0
2078,41129,61.8,50.39706322128448,0.498206108273312,0,7,4,50,62.24,60.26,61.98,62.72,0.0,0.0,0.0,0.0
2079,45952,76.86,53.922901615598384,0.5548964522929786,4,6,4,50,78.39,82.35,72.33,74.37,0.0,0.0,0.0,0.0
2080,42375,59.96,52.14375523166149,0.4789112401799296,1,10,4,50,63.39,58.33,51.69,66.43,0.0,0.0,0.0,0.0
2081,54272,53.72,53.59811152294351,0.6092598619663137,8,6,4,50,48.56,53.72,52.44,60.16,0.0,0.0,0.0,0.0
2082,42435,48.95,53.11121446875759,0.4711686456035209,0,5,4,50,44.71,43.8,62.54,44.74,0.0,0.0,0.0,0.0
2083,42435,63.8,52.26192800418473,0.5042128425011753,0,5,4,50,65.06,67.0,55.46,67.68,0.0,0.0,0.0,0.0
2084,43433,32.06,51.40576144274345,0.5219574199543333,2,9,4,50,34.68,29.29,30.17,34.1,0.0,0.0,0.0,0.0
2085,40726,81.54,54.20359413400539,0.5073748176858351,0,8,4,50,74.27,85.47,82.29,84.13,0.0,0.0,0.0,0.0
2086,43433,77.84,50.11638621572725,0.6265553838404647,2,9,4,50,82.35,73.3,78.89,76.81,0.0,0.0,0.0,0.0
2087,45549,70.96,52.95165516769685,0.6095154009492381,4,7,4,50,73.53,74.13,75.42,60.76,0.0,0.0,0.0,0.0
2088,46053,57.24,52.283680028458704,0.4759264669607622,6,9,4,50,71.07,50.37,51.41,56.11,0.0,0.0,0.0,0.0
2089,39920,64.5,53.43803612911904,0.57225938363233,0,10,4,50,61.47,65.36,69.22,61.94,0.0,0.0,0.0,0.0
2090,46053,64.45,51.34734136404076,0.5399566227848733,6,9,4,50,66.03,67.37,61.46,62.92,0.0,0.0,0.0,0.0
2091,43181,64.09,50.77755800828459,0.5402705440892476,1,8,4,50,65.12,60.51,67.78,62.95,0.0,0.0,0.0,0.0
2092,43433,66.39,54.25320844134397,0.4775104849578088,2,9,4,50,74.17,61.53,62.28,67.57,0.0,0.0,0.0,0.0
2093,45698,53.47,50.48472514644882,0.5831903780499006,2,4,4,50,45.01,54.39,58.71,55.76,0.0,0.0,0.0,0.0
2094,46855,46.28,50.32855905976541,0.5351045148503107,4,5,4,50,49.91,48.68,40.92,45.62,0.0,0.0,0.0,0.0
2095,39114,24.96,52.563958675025816,0.5271218750164325,0,12,4,50,22.75,28.72,22.73,25.65,0.0,0.0,0.0,0.0
2096,46200,48.22,52.43015428490572,0.5257639766178952,3,5,4,50,52.72,46.94,48.97,44.25,0.0,0.0,0.0,0.0
2097,39920,58.72,53.08201480170156,0.5530818375372839,0,10,4,50,57.24,50.78,68.62,58.25,0.0,0.0,0.0,0.0
2098,45549,58.76,50.43432707533649,0.5583928400989155,4,7,4,50,52.38,62.64,63.72,56.32,0.0,0.0,0.0,0.0
2099,40323,48.98,54.91277286722191,0.5891412533960496,0,9,4,50,53.01,43.46,48.03,51.42,0.0,0.0,0.0,0.0
2100,44340,48.2,53.552511542499154,0.5675642237629959,4,10,4,50,42.47,50.88,45.84,53.63,0.0,0.0,0.0,0.0
2101,45952,50.87,53.14351334034875,0.5037724140801859,4,6,4,50,53.43,50.6,45.15,54.29,0.0,0.0,0.0,0.0
2102,45952,43.46,53.34460137738648,0.5605743138692916,4,6,4,50,47.51,42.14,43.49,40.7,0.0,0.0,0.0,0.0
2103,37502,53.34,53.96888762178788,0.5664843450270841,0,16,4,50,53.64,55.49,55.82,48.4,0.0,0.0,0.0,0.0
2104,47111,52.21,53.86174106872801,0.4979846035936298,7,8,4,50,50.16,51.81,47.23,59.63,0.0,0.0,0.0,0.0
2105,44642,63.05,52.47006017378338,0.5381047832090413,2,6,4,50,60.03,60.51,61.31,70.35,0.0,0.0,0.0,0.0
2106,42435,38.2,53.48138782677408,0.5148649522640475,0,5,4,50,35.16,38.36,40.94,38.35,0.0,0.0,0.0,0.0
2107,45146,50.42,48.86715882439047,0.5368862090415537,4,8,4,50,46.05,47.05,50.43,58.16,0.0,0.0,0.0,0.0
2108,47462,53.54,50.1892082692024,0.5327682033832498,6,6,4,50,55.29,55.1,55.48,48.28,0.0,0.0,0.0,0.0
2109,43937,46.41,54.6872076312107,0.5026908124974878,4,11,4,50,41.75,52.6,41.35,49.95,0.0,0.0,0.0,0.0
2110,45247,56.5,52.27787065081608,0.5135931488407188,6,11,4,50,54.16,54.25,62.62,54.96,0.0,0.0,0.0,0.0
2111,40726,45.56,53.67294048407405,0.633725963998041,0,8,4,50,43.75,37.51,46.56,54.42,0.0,0.0,0.0,0.0
2112,44642,59.93,52.27838738217855,0.5214535694223642,2,6,4,50,56.82,63.51,55.66,63.72,0.0,0.0,0.0,0.0
2113,43836,70.17,52.92727946364383,0.4479034074250493,2,8,4,50,74.77,71.87,72.47,61.56,0.0,0.0,0.0,0.0
2114,42627,70.05,50.63715003956128,0.5405268156214232,2,11,4,50,74.5,70.48,60.39,74.82,0.0,0.0,0.0,0.0
2115,46859,68.13,53.66176358052351,0.499283829000509,6,7,4,50,69.37,65.58,72.37,65.19,0.0,0.0,0.0,0.0
2116,40323,53.42,50.58900413310077,0.4908375203421954,0,9,4,50,51.06,51.22,55.48,55.93,0.0,0.0,0.0,0.0
2117,39517,47.17,51.70645066410793,0.5141582727339578,0,11,4,50,42.42,54.02,50.47,41.76,0.0,0.0,0.0,0.0
2118,39920,63.81,53.79769656941525,0.5689100260405173,0,10,4,50,58.53,64.07,70.29,62.35,0.0,0.0,0.0,0.0
2119,44340,52.6,51.82092119630107,0.5109734696336246,4,10,4,50,53.92,54.84,51.42,50.21,0.0,0.0,0.0,0.0
2120,45545,68.34,51.977602016990936,0.4781055075430042,2,5,4,50,75.99,79.21,58.79,59.36,0.0,0.0,0.0,0.0
2121,40726,59.28,54.83588374323038,0.5906855728836965,0,8,4,50,61.56,55.44,59.07,61.05,0.0,0.0,0.0,0.0
2122,46353,65.96,53.64247529945086,0.5457770888156618,3,4,4,50,73.01,68.5,57.64,64.67,0.0,0.0,0.0,0.0
2123,40323,64.58,54.09251449982222,0.5814237437078363,0,9,4,50,66.35,56.82,63.59,71.55,0.0,0.0,0.0,0.0
2124,40323,50.25,55.255006065841066,0.5267533529374637,0,9,4,50,50.79,54.29,44.03,51.9,0.0,0.0,0.0,0.0
2125,45545,63.4,54.27496429301238,0.6361441993788899,2,5,4,50,71.07,64.74,53.12,64.66,0.0,0.0,0.0,0.0
2126,46456,47.29,52.45747369978051,0.6414150561791965,6,8,4,50,53.88,37.11,44.79,53.38,0.0,0.0,0.0,0.0
2127,43181,54.39,52.21351432579913,0.5297150705962884,1,8,4,50,47.62,51.52,58.46,59.95,0.0,0.0,0.0,0.0
2128,39114,65.21,52.93922977891587,0.544823777933468,0,12,4,50,70.74,68.57,60.14,61.38,0.0,0.0,0.0,0.0
2129,46456,60.5,52.3577526064318,0.6205460040602093,6,8,4,50,54.03,67.04,64.79,56.13,0.0,0.0,0.0,0.0
2130,43786,60.84,54.1205100724779,0.560334848704121,5,13,4,50,59.14,56.3,71.96,55.98,0.0,0.0,0.0,0.0
2131,44592,44.24,53.7791435234793,0.5037691117569754,5,11,4,50,46.61,49.29,39.69,41.38,0.0,0.0,0.0,0.0
2132,46855,71.68,54.44310024445272,0.4962008917462132,4,5,4,50,75.98,64.46,83.75,62.55,0.0,0.0,0.0,0.0
2133,47714,50.2,55.07561321060392,0.4769001349517879,7,7,4,50,49.42,53.83,48.4,49.14,0.0,0.0,0.0,0.0
2134,44491,52.87,52.286967136362335,0.6021128069226632,3,8,4,50,58.24,46.66,57.63,48.96,0.0,0.0,0.0,0.0
2135,40726,45.33,54.47450236941134,0.5419536736588931,0,8,4,50,41.17,53.38,40.58,46.18,0.0,0.0,0.0,0.0
2136,43836,54.56,51.60477048191494,0.5519842612336712,2,8,4,50,50.45,52.08,64.36,51.37,0.0,0.0,0.0,0.0
2137,43987,60.14,53.439234193668256,0.4972892814430511,1,6,4,50,60.35,57.9,59.28,63.05,0.0,0.0,0.0,0.0
2138,44340,76.84,52.40380677934489,0.5488468157530927,4,10,4,50,87.02,67.9,80.73,71.69,0.0,0.0,0.0,0.0
2139,45146,46.26,52.82478002260367,0.5545511502952811,4,8,4,50,46.48,41.47,51.09,46.02,0.0,0.0,0.0,0.0
2140,36696,47.68,51.18675270670044,0.5735335110074283,0,18,4,50,45.1,47.45,50.61,47.57,0.0,0.0,0.0,0.0
2141,44894,68.64,56.96081071119319,0.4593242593288025,3,7,4,50,70.2,64.99,71.37,68.02,0.0,0.0,0.0,0.0
2142,45043,73.03,54.579414804222665,0.5538290376099019,1,4,4,50,76.34,72.28,68.12,75.39,0.0,0.0,0.0,0.0
2143,41972,49.72,52.647473612760464,0.4832346908362698,1,11,4,50,55.82,43.98,46.95,52.13,0.0,0.0,0.0,0.0
2144,38308,41.14,52.00876925850998,0.5834387056167788,0,14,4,50,47.13,36.34,40.6,40.47,0.0,0.0,0.0,0.0
2145,47462,57.46,54.03164266897246,0.4300966158704478,6,6,4,50,60.58,57.62,56.41,55.22,0.0,0.0,0.0,0.0
2146,43030,72.96,55.792685419933925,0.6364843363031729,2,10,4,50,74.0,70.96,77.91,68.95,0.0,0.0,0.0,0.0
2147,46859,44.14,51.05045824954075,0.5316228136895415,6,7,4,50,43.02,43.99,39.63,49.91,0.0,0.0,0.0,0.0
2148,39920,51.48,54.8754797415663,0.4947701829517131,0,10,4,50,52.45,48.11,52.2,53.16,0.0,0.0,0.0,0.0
2149,39920,50.18,53.34412021574655,0.5250277204666699,0,10,4,50,50.4,48.37,48.87,53.09,0.0,0.0,0.0,0.0
2150,45952,42.86,53.52053395689701,0.4803947177532673,4,6,4,50,40.27,45.75,43.81,41.59,0.0,0.0,0.0,0.0
2151,43836,59.51,53.58178180868684,0.496396528143178,2,8,4,50,63.65,57.47,63.24,53.67,0.0,0.0,0.0,0.0
2152,45698,32.64,52.11421045215309,0.5122482767056975,2,4,4,50,33.69,35.06,28.26,33.53,0.0,0.0,0.0,0.0
2153,44743,54.27,52.61479228383138,0.5291364732009426,4,9,4,50,57.72,47.78,52.57,59.0,0.0,0.0,0.0,0.0
2154,104030,42.99,51.82431156651319,0.5520892656089716,6,0,4,50,39.64,41.45,43.85,47.02,0.0,0.0,0.0,0.0
2155,61521,45.64,53.5573707783439,0.5348565773013737,6,3,4,50,44.29,50.21,48.31,39.75,0.0,0.0,0.0,0.0
2156,41129,50.12,53.78590621505956,0.4861427322334574,0,7,4,50,50.07,51.82,45.76,52.85,0.0,0.0,0.0,0.0
2157,46859,65.88,52.35296325408007,0.5417084978373257,6,7,4,50,68.77,70.9,66.93,56.9,0.0,0.0,0.0,0.0
2158,41532,53.99,48.60910505592377,0.5189761126557636,0,6,4,50,46.28,59.22,53.76,56.71,0.0,0.0,0.0,0.0
2159,43937,61.83,52.302328462518815,0.5116062323624329,4,11,4,50,61.76,52.9,64.53,68.12,0.0,0.0,0.0,0.0
2160,53014,73.87,52.14659294567069,0.4606384635096834,4,2,4,50,72.88,75.6,63.36,83.65,0.0,0.0,0.0,0.0
2161,85527,52.36,54.83135215941007,0.4825631620217354,6,1,4,50,47.93,56.62,45.57,59.34,0.0,0.0,0.0,0.0
2162,42588,53.16,51.00488375002914,0.4599931356771582,0,4,4,50,51.56,54.65,48.64,57.79,0.0,0.0,0.0,0.0
2163,43836,39.6,54.5051000290477,0.5855848561569664,2,8,4,50,34.41,40.23,44.16,39.62,0.0,0.0,0.0,0.0
2164,39517,59.71,52.57774586331722,0.5157238052059447,0,11,4,50,64.97,56.85,59.23,57.8,0.0,0.0,0.0,0.0
2165,43030,68.9,52.08140782043842,0.5410648831318323,2,10,4,50,68.15,71.31,72.54,63.59,0.0,0.0,0.0,0.0
2166,45952,48.11,54.53399554980847,0.6295695652836589,4,6,4,50,55.37,40.51,50.2,46.37,0.0,0.0,0.0,0.0
2167,46706,53.1,51.977768954592,0.6531026219109227,3,3,4,50,57.86,50.45,47.12,56.99,0.0,0.0,0.0,0.0
2168,43836,45.12,51.94551949648165,0.5066970217453977,2,8,4,50,49.76,46.28,38.75,45.69,0.0,0.0,0.0,0.0
2169,62023,82.16,55.09331628846502,0.5392953240570478,7,4,4,50,90.03,77.17,83.94,77.48,0.0,0.0,0.0,0.0
2170,46456,51.07,53.63969827531648,0.5962078803954236,6,8,4,50,51.6,55.3,47.99,49.4,0.0,0.0,0.0,0.0
2171,54524,40.6,51.535468958968806,0.5541520272370343,9,7,4,50,35.14,44.45,39.47,43.32,0.0,0.0,0.0,0.0
2172,46053,59.28,51.75733076373606,0.5625310648734995,6,9,4,50,59.77,57.06,66.6,53.7,0.0,0.0,0.0,0.0
2173,43836,54.79,54.40237818359372,0.5513760522058633,2,8,4,50,51.45,48.53,57.18,62.01,0.0,0.0,0.0,0.0
2174,45650,53.67,55.11805967688847,0.5558594108630077,6,10,4,50,55.11,54.55,51.59,53.42,0.0,0.0,0.0,0.0
2175,40726,47.86,50.86689027204312,0.533037052356004,0,8,4,50,46.24,43.7,48.55,52.95,0.0,0.0,0.0,0.0
2176,49515,55.52,51.70979745285141,0.5914910208476207,6,5,4,50,56.37,53.56,61.64,50.49,0.0,0.0,0.0,0.0
2177,43937,62.5,52.07021219205111,0.4589284486360498,4,11,4,50,59.62,68.87,68.31,53.19,0.0,0.0,0.0,0.0
2178,48009,44.79,57.43698241051728,0.5371867691278391,3,2,4,50,42.0,42.61,48.04,46.52,0.0,0.0,0.0,0.0
2179,49013,54.34,52.99558509428618,0.587855088504442,5,4,4,50,48.31,61.21,60.32,47.5,0.0,0.0,0.0,0.0
2180,44239,53.32,53.1834896494962,0.4633158799394062,2,7,4,50,54.89,50.28,55.87,52.26,0.0,0.0,0.0,0.0
2181,45146,59.03,54.936017889477625,0.5715598893013903,4,8,4,50,57.6,57.63,60.4,60.5,0.0,0.0,0.0,0.0
2182,40323,58.98,52.81853528445772,0.5322913497576729,0,9,4,50,69.86,53.93,57.81,54.31,0.0,0.0,0.0,0.0
2183,46053,45.82,50.30856140330109,0.5194817353944721,6,9,4,50,44.57,46.22,38.62,53.89,0.0,0.0,0.0,0.0
2184,39920,63.96,49.58373637403798,0.5376685752673515,0,10,4,50,71.91,56.5,60.93,66.49,0.0,0.0,0.0,0.0
2185,40323,52.85,53.90412212042117,0.5307268586764888,0,9,4,50,54.43,53.83,53.02,50.12,0.0,0.0,0.0,0.0
2186,40323,51.89,53.349212130656994,0.4289203395418784,0,9,4,50,54.58,52.43,51.52,49.02,0.0,0.0,0.0,0.0
2187,43534,69.77,51.54700393831359,0.5155126107681031,4,12,4,50,74.84,71.7,64.75,67.79,0.0,0.0,0.0,0.0
2188,45549,42.21,55.74376768113772,0.4578142878372543,4,7,4,50,34.55,48.59,40.2,45.5,0.0,0.0,0.0,0.0
2189,46456,49.54,54.28429630226988,0.5417368266178715,6,8,4,50,56.96,50.15,47.25,43.8,0.0,0.0,0.0,0.0
2190,45545,67.82,52.38813329239333,0.5239911951655792,2,5,4,50,62.06,68.88,68.59,71.76,0.0,0.0,0.0,0.0
2191,40323,57.81,52.30605691607464,0.5299570156898118,0,9,4,50,52.67,64.92,49.74,63.91,0.0,0.0,0.0,0.0
2192,44743,43.2,54.249537054906966,0.5804703372604805,4,9,4,50,38.97,39.38,51.35,43.11,0.0,0.0,0.0,0.0
2193,44743,40.94,51.44081787799316,0.5737437020853655,4,9,4,50,45.0,42.6,38.67,37.47,0.0,0.0,0.0,0.0
2194,45146,62.79,53.75557625721025,0.5465986106351131,4,8,4,50,70.61,58.05,67.3,55.19,0.0,0.0,0.0,0.0
2195,46607,45.51,51.58470369673385,0.4723347350074801,5,6,4,50,46.5,42.23,42.87,50.44,0.0,0.0,0.0,0.0
2196,54018,48.54,49.1365866669441,0.4916711912051654,6,4,4,50,44.63,45.69,58.47,45.38,0.0,0.0,0.0,0.0
2197,43836,49.79,54.66694603195654,0.4735005892406917,2,8,4,50,47.21,53.65,47.72,50.58,0.0,0.0,0.0,0.0
2198,45698,46.64,51.44444945130807,0.511373418060065,2,4,4,50,44.14,48.59,47.07,46.77,0.0,0.0,0.0,0.0
2199,47462,56.85,52.37310756987658,0.4724959375502381,6,6,4,50,66.18,62.77,48.63,49.83,0.0,0.0,0.0,0.0
2200,40726,47.81,54.63105991759427,0.5306288936457991,0,8,4,50,48.51,53.17,49.65,39.92,0.0,0.0,0.0,0.0
2201,40726,68.32,51.8274652244664,0.4755930295449633,0,8,4,50,61.55,64.3,73.66,73.76,0.0,0.0,0.0,0.0
2202,45146,36.19,52.03373762207329,0.4970270953303755,4,8,4,50,35.1,34.16,39.77,35.72,0.0,0.0,0.0,0.0
2203,45952,64.78,54.992917866916486,0.4809612587240575,4,6,4,50,60.77,73.29,59.56,65.51,0.0,0.0,0.0,0.0
2204,54018,58.8,55.72651316273374,0.4656647310445139,6,4,4,50,64.53,57.4,55.41,57.84,0.0,0.0,0.0,0.0
2205,44642,60.04,54.11006230633667,0.6499848826095486,2,6,4,50,61.68,60.76,60.4,57.3,0.0,0.0,0.0,0.0
2206,49515,52.76,51.75298442695076,0.5031678498560674,6,5,4,50,49.21,53.85,52.63,55.33,0.0,0.0,0.0,0.0
2207,42627,71.97,53.53975101398269,0.5010323186438295,2,11,4,50,77.74,74.01,66.73,69.4,0.0,0.0,0.0,0.0
2208,46855,50.58,54.06633441154418,0.5362833628668426,4,5,4,50,48.78,48.21,49.8,55.51,0.0,0.0,0.0,0.0
2209,72526,49.99,51.96503630756151,0.4882078885871141,7,3,4,50,43.5,50.95,55.09,50.41,0.0,0.0,0.0,0.0
2210,43030,53.7,53.83902184252565,0.469306220862639,2,10,4,50,58.21,49.97,57.84,48.79,0.0,0.0,0.0,0.0
2211,54272,52.99,56.20393967092742,0.4624140142837868,8,6,4,50,50.38,51.16,49.95,60.48,0.0,0.0,0.0,0.0
2212,44239,60.2,53.35047836378752,0.5991138447229712,2,7,4,50,59.12,59.05,63.91,58.71,0.0,0.0,0.0,0.0
2213,45297,42.99,50.92485813542383,0.6506472721150507,3,6,4,50,39.9,41.58,42.57,47.91,0.0,0.0,0.0,0.0
2214,48511,63.29,54.527143276867136,0.5880492201149139,4,3,4,50,65.5,68.35,54.77,64.55,0.0,0.0,0.0,0.0
2215,40323,54.45,51.73855653828734,0.6606572186983354,0,9,4,50,57.79,56.5,52.58,50.94,0.0,0.0,0.0,0.0
2216,45398,53.92,53.45005554675944,0.4950904505434484,5,9,4,50,49.3,57.04,54.09,55.24,0.0,0.0,0.0,0.0
2217,43685,52.36,50.395449505225656,0.4896397389895426,3,10,4,50,49.68,49.79,60.44,49.53,0.0,0.0,0.0,0.0
2218,45549,53.1,55.04860478825222,0.489738395479851,4,7,4,50,50.82,53.98,54.22,53.39,0.0,0.0,0.0,0.0
2219,44239,40.94,52.87506747474799,0.4593323834583526,2,7,4,50,40.4,38.86,39.21,45.3,0.0,0.0,0.0,0.0
2220,41418,43.47,52.3036471219518,0.5203885846830211,2,14,4,50,48.9,39.6,41.65,43.73,0.0,0.0,0.0,0.0
2221,39920,50.85,56.52880861414922,0.5156368170599339,0,10,4,50,51.71,42.4,56.94,52.35,0.0,0.0,0.0,0.0
2222,47462,72.39,52.355974435469655,0.5294908400958437,6,6,4,50,83.15,66.52,73.8,66.09,0.0,0.0,0.0,0.0
2223,39517,49.28,50.37137029829108,0.6192703113919813,0,11,4,50,44.86,49.98,44.2,58.09,0.0,0.0,0.0,0.0
2224,44239,58.63,53.01923121393998,0.4206331164173975,2,7,4,50,51.22,56.02,62.39,64.89,0.0,0.0,0.0,0.0
2225,39114,40.23,53.68780255558805,0.5375975081721324,0,12,4,50,39.17,37.4,40.64,43.7,0.0,0.0,0.0,0.0
2226,46607,62.68,51.7808174505894,0.5633666024481392,5,6,4,50,58.92,65.03,61.88,64.9,0.0,0.0,0.0,0.0
2227,45545,57.21,52.10591854593971,0.649084593350205,2,5,4,50,58.71,55.04,56.13,58.95,0.0,0.0,0.0,0.0
2228,43433,40.67,55.17863695561456,0.4875497602035838,2,9,4,50,40.31,35.73,40.76,45.88,0.0,0.0,0.0,0.0
2229,44743,73.19,52.94140662596608,0.555086887579515,4,9,4,50,77.25,64.14,82.19,69.17,0.0,0.0,0.0,0.0
2230,42778,35.96,53.4078734214486,0.5443401558837585,1,9,4,50,35.41,35.89,40.56,31.96,0.0,0.0,0.0,0.0
2231,44642,61.24,54.46970090236544,0.5477331429406794,2,6,4,50,58.41,72.99,56.91,56.64,0.0,0.0,0.0,0.0
2232,39114,64.29,53.906995399752994,0.5489536366423203,0,12,4,50,57.27,67.48,65.63,66.78,0.0,0.0,0.0,0.0
2233,46607,57.61,54.53858043060973,0.5434678490649476,5,6,4,50,54.91,53.19,58.81,63.52,0.0,0.0,0.0,0.0
2234,44894,79.93,55.2821646757581,0.5463439868847094,3,7,4,50,82.62,88.61,70.41,78.08,0.0,0.0,0.0,0.0
2235,43685,64.7,53.459726937884575,0.5477987845044895,3,10,4,50,62.45,62.36,69.5,64.49,0.0,0.0,0.0,0.0
2236,45297,55.98,52.58183154182973,0.6307985872873068,3,6,4,50,53.78,56.07,54.61,59.45,0.0,0.0,0.0,0.0
2237,44239,60.59,53.25121900398978,0.5131057305538154,2,7,4,50,67.52,66.38,52.7,55.76,0.0,0.0,0.0,0.0
2238,45549,66.53,52.45971079010062,0.6063036991546321,4,7,4,50,76.96,57.07,64.28,67.81,0.0,0.0,0.0,0.0
2239,49267,61.95,51.75274779786217,0.5768369511425241,7,6,4,50,59.09,69.39,54.58,64.75,0.0,0.0,0.0,0.0
2240,41532,40.15,54.86931479281154,0.583716705895969,0,6,4,50,37.9,39.69,41.02,41.99,0.0,0.0,0.0,0.0
2241,43433,47.7,51.28948494606423,0.5835986395973731,2,9,4,50,45.01,52.9,46.93,45.96,0.0,0.0,0.0,0.0
2242,62015,60.76,51.63947038700248,0.5285385759933537,3,0,4,50,57.09,65.19,69.18,51.59,0.0,0.0,0.0,0.0
2243,44239,69.1,51.98107593122124,0.5323544687782397,2,7,4,50,70.59,68.64,68.69,68.46,0.0,0.0,0.0,0.0
2244,45650,72.83,51.57943363367481,0.5407381163432329,6,10,4,50,65.26,72.11,70.44,83.52,0.0,0.0,0.0,0.0
2245,45650,52.68,52.49710205007209,0.5962980531720942,6,10,4,50,47.64,60.56,48.32,54.18,0.0,0.0,0.0,0.0
2246,41532,72.63,51.66501457594544,0.5079352602553854,0,6,4,50,79.55,66.61,62.87,81.49,0.0,0.0,0.0,0.0
2247,46607,60.74,51.89335666158329,0.44310090324652,5,6,4,50,71.71,61.09,54.43,55.73,0.0,0.0,0.0,0.0
2248,43937,68.92,50.5859759895032,0.419698117895305,4,11,4,50,70.92,72.96,59.05,72.75,0.0,0.0,0.0,0.0
2249,45952,44.63,52.37501350789906,0.5182118331067728,4,6,4,50,51.37,39.02,41.71,46.41,0.0,0.0,0.0,0.0
2250,43937,50.9,54.83539858381644,0.5928154024183903,4,11,4,50,49.99,50.05,44.79,58.75,0.0,0.0,0.0,0.0
2251,44239,64.77,52.79045809344303,0.528988089487084,2,7,4,50,64.85,72.19,56.93,65.12,0.0,0.0,0.0,0.0
2252,48511,42.78,52.2230785779197,0.5577745469694863,4,3,4,50,36.34,46.61,50.55,37.62,0.0,0.0,0.0,0.0
2253,45349,44.43,52.87035724521128,0.5030092079414976,1,2,4,50,42.73,41.09,45.42,48.48,0.0,0.0,0.0,0.0
2254,40323,58.51,53.86984558117005,0.5311838328636401,0,9,4,50,68.18,51.02,56.21,58.61,0.0,0.0,0.0,0.0
2255,45549,46.58,54.01126126647179,0.5294574939493577,4,7,4,50,39.25,47.81,52.25,47.0,0.0,0.0,0.0,0.0
2256,44239,42.26,53.86624704006265,0.4493690614008223,2,7,4,50,41.72,37.26,40.57,49.49,0.0,0.0,0.0,0.0
2257,72024,64.9,52.80623866326759,0.499120754573261,6,2,4,50,67.62,58.21,65.8,67.97,0.0,0.0,0.0,0.0
2258,86531,41.72,49.03843166197058,0.5536628949748124,8,3,4,50,47.32,40.3,38.36,40.9,0.0,0.0,0.0,0.0
2259,43836,78.86,54.31466430556489,0.4924081716076964,2,8,4,50,80.79,84.36,71.54,78.76,0.0,0.0,0.0,0.0
2260,47462,52.42,51.65248035177056,0.5953316637221246,6,6,4,50,50.33,53.1,46.25,59.98,0.0,0.0,0.0,0.0
2261,40726,50.35,52.6342048264374,0.4589760461777511,0,8,4,50,51.5,50.58,46.83,52.5,0.0,0.0,0.0,0.0
2262,45952,44.64,51.46187329724244,0.4901840477066438,4,6,4,50,41.86,43.79,42.78,50.12,0.0,0.0,0.0,0.0
2263,45297,59.72,53.10159425344443,0.5481417726982133,3,6,4,50,56.1,59.17,58.81,64.78,0.0,0.0,0.0,0.0
2264,45043,52.75,53.10256182547155,0.5144098413361667,1,4,4,50,55.99,48.54,52.83,53.65,0.0,0.0,0.0,0.0
2265,45650,78.03,52.28576122091004,0.4969129040871744,6,10,4,50,73.6,83.73,70.77,84.03,0.0,0.0,0.0,0.0
2266,73028,50.97,51.22079299191287,0.5966140253056942,8,4,4,50,49.7,56.69,54.26,43.24,0.0,0.0,0.0,0.0
2267,44894,63.57,52.13282878025908,0.5692829795979995,3,7,4,50,62.52,58.3,69.45,64.02,0.0,0.0,0.0,0.0
2268,45698,59.29,50.15582407494743,0.534022069740239,2,4,4,50,51.84,65.07,62.94,57.3,0.0,0.0,0.0,0.0
2269,62525,70.02,52.296119146672496,0.4433767615982997,8,5,4,50,65.4,66.53,79.88,68.27,0.0,0.0,0.0,0.0
2270,46708,55.74,52.09642713387072,0.6003774394149384,7,9,4,50,62.44,48.76,58.45,53.33,0.0,0.0,0.0,0.0
2271,45545,65.48,55.35028184694259,0.613443992416586,2,5,4,50,64.21,58.84,69.78,69.09,0.0,0.0,0.0,0.0
2272,42375,59.87,52.43039303114246,0.4778917423494367,1,10,4,50,58.14,54.48,55.9,70.96,0.0,0.0,0.0,0.0
2273,44239,48.02,53.62818245657078,0.3762932463847162,2,7,4,50,45.56,50.03,54.12,42.36,0.0,0.0,0.0,0.0
2274,45545,60.05,53.21991879599972,0.6117501260712195,2,5,4,50,65.41,64.89,50.04,59.87,0.0,0.0,0.0,0.0
2275,54018,49.4,54.90489130190204,0.5628689022725288,6,4,4,50,48.83,51.69,50.15,46.91,0.0,0.0,0.0,0.0
2276,49515,61.4,53.12077687534413,0.5402501054066816,6,5,4,50,61.31,65.23,57.43,61.61,0.0,0.0,0.0,0.0
2277,45952,58.54,53.90703992103975,0.4144907987271563,4,6,4,50,54.63,64.5,53.99,61.06,0.0,0.0,0.0,0.0
2278,43836,62.9,50.04103016668852,0.4671553552186375,2,8,4,50,58.01,68.34,58.97,66.3,0.0,0.0,0.0,0.0
2279,45549,60.82,55.59982796275542,0.5075668672434589,4,7,4,50,58.43,53.95,68.01,62.91,0.0,0.0,0.0,0.0
2280,44642,52.44,52.14558468057771,0.4728040541375557,2,6,4,50,54.0,55.89,53.96,45.89,0.0,0.0,0.0,0.0
2281,45146,59.7,53.040263256955285,0.5614636032172121,4,8,4,50,63.23,69.78,50.72,55.08,0.0,0.0,0.0,0.0
2282,45146,59.03,50.61801901334466,0.5275606421722047,4,8,4,50,61.74,55.81,55.78,62.77,0.0,0.0,0.0,0.0
2283,46456,62.4,55.39569354640036,0.4322092890174413,6,8,4,50,69.51,58.85,53.69,67.53,0.0,0.0,0.0,0.0
2284,40323,69.32,51.69801181113712,0.5392247384891551,0,9,4,50,78.68,59.67,66.92,71.99,0.0,0.0,0.0,0.0
2285,46456,45.86,52.878685108896526,0.5778779364112852,6,8,4,50,52.45,44.53,42.83,43.62,0.0,0.0,0.0,0.0
2286,42627,47.27,52.78457392833885,0.4920945149016703,2,11,4,50,42.38,42.61,53.0,51.1,0.0,0.0,0.0,0.0
2287,47208,56.26,52.27586315862043,0.576521904595341,4,4,4,50,52.5,55.82,59.03,57.69,0.0,0.0,0.0,0.0
2288,43937,63.9,53.09179136841264,0.5113467422318554,4,11,4,50,74.74,60.76,57.09,63.02,0.0,0.0,0.0,0.0
2289,46859,54.3,51.06420384410112,0.4955414617203471,6,7,4,50,54.41,58.44,50.96,53.37,0.0,0.0,0.0,0.0
2290,44894,82.3,53.04428700267281,0.473475127979094,3,7,4,50,88.83,86.35,73.45,80.59,0.0,0.0,0.0,0.0
2291,45952,41.7,50.603315419900326,0.4909836372741663,4,6,4,50,44.33,35.28,39.82,47.35,0.0,0.0,0.0,0.0
2292,53014,61.11,54.26192895334627,0.50671615605535,4,2,4,50,63.78,59.59,57.35,63.72,0.0,0.0,0.0,0.0
2293,47462,59.17,54.22403687900303,0.6091190344837543,6,6,4,50,60.85,54.38,60.27,61.18,0.0,0.0,0.0,0.0
2294,44239,58.87,49.84774624718031,0.5057332824997846,2,7,4,50,61.04,61.31,52.8,60.35,0.0,0.0,0.0,0.0
2295,46855,41.34,51.45133322169198,0.5383995713944629,4,5,4,50,39.38,39.83,47.42,38.75,0.0,0.0,0.0,0.0
2296,44642,75.99,51.34751557269948,0.5534984279962927,2,6,4,50,82.36,82.85,65.47,73.3,0.0,0.0,0.0,0.0
2297,43584,52.05,53.36287526815343,0.5947204561455697,1,7,4,50,45.65,59.46,50.89,52.19,0.0,0.0,0.0,0.0
2298,39517,57.12,52.14109139993527,0.5735554637326795,0,11,4,50,64.49,54.06,51.28,58.65,0.0,0.0,0.0,0.0
2299,42435,54.16,53.01493393199662,0.5287020598107739,0,5,4,50,51.58,56.96,59.04,49.07,0.0,0.0,0.0,0.0
2300,43685,59.09,54.44901318172492,0.5738467115666188,3,10,4,50,55.16,61.58,59.86,59.76,0.0,0.0,0.0,0.0
2301,45549,57.43,54.634663499655154,0.4197408303196898,4,7,4,50,62.7,61.11,56.12,49.79,0.0,0.0,0.0,0.0
2302,104030,54.26,54.09501863383807,0.5004995158376816,6,0,4,50,59.8,49.98,60.88,46.38,0.0,0.0,0.0,0.0
2303,47462,50.75,52.15448112292838,0.409513567473909,6,6,4,50,50.32,57.33,50.07,45.28,0.0,0.0,0.0,0.0
2304,45545,53.97,50.58293921793589,0.5317073673130914,2,5,4,50,53.03,54.28,52.89,55.67,0.0,0.0,0.0,0.0
2305,46855,42.16,54.02032466530258,0.4344016532968162,4,5,4,50,41.97,35.94,44.43,46.28,0.0,0.0,0.0,0.0
2306,86029,65.19,53.448782507315705,0.5060810834675139,7,2,4,50,76.53,72.02,55.55,56.65,0.0,0.0,0.0,0.0
2307,48511,64.76,52.958117531613,0.5502571723330211,4,3,4,50,63.8,63.97,62.67,68.61,0.0,0.0,0.0,0.0
2308,42375,55.77,53.21867034974748,0.4677011023621211,1,10,4,50,65.9,51.33,55.9,49.94,0.0,0.0,0.0,0.0
2309,43030,53.02,51.64018764173799,0.5845071721816766,2,10,4,50,50.35,54.65,50.08,57.01,0.0,0.0,0.0,0.0
2310,47111,59.04,55.1526420750392,0.511493212398016,7,8,4,50,58.02,61.94,53.15,63.03,0.0,0.0,0.0,0.0
2311,43836,52.75,52.938310582047066,0.5080534744545656,2,8,4,50,49.75,50.26,52.22,58.77,0.0,0.0,0.0,0.0
2312,46053,25.24,53.0410942835348,0.4908446667292724,6,9,4,50,21.44,25.83,26.25,27.42,0.0,0.0,0.0,0.0
2313,40323,52.37,51.71602640194744,0.5451904500933973,0,9,4,50,48.97,58.3,50.85,51.35,0.0,0.0,0.0,0.0
2314,45801,66.44,51.65012776593976,0.4970361078333388,5,8,4,50,73.71,65.41,65.95,60.7,0.0,0.0,0.0,0.0
2315,42627,73.57,57.0415447601749,0.5965727495305716,2,11,4,50,73.17,65.68,76.02,79.4,0.0,0.0,0.0,0.0
2316,44743,71.28,50.65398190871554,0.5369919716558298,4,9,4,50,69.17,71.99,62.06,81.91,0.0,0.0,0.0,0.0
2317,46855,71.46,52.109880287888,0.515365787970212,4,5,4,50,75.47,71.9,69.87,68.59,0.0,0.0,0.0,0.0
2318,40726,47.75,53.41721899012835,0.5498921253324737,0,8,4,50,41.57,54.99,47.55,46.88,0.0,0.0,0.0,0.0
2319,45297,57.97,53.0514367471906,0.4934087142854124,3,6,4,50,64.56,63.94,52.7,50.69,0.0,0.0,0.0,0.0
2320,45549,58.61,50.567403675792434,0.5851219764591176,4,7,4,50,57.02,60.8,57.51,59.11,0.0,0.0,0.0,0.0
2321,46855,56.01,51.48453871696631,0.5829627585349701,4,5,4,50,52.89,56.96,51.75,62.45,0.0,0.0,0.0,0.0
2322,53014,55.69,51.46431047132961,0.5227760797424282,4,2,4,50,52.76,57.32,55.75,56.95,0.0,0.0,0.0,0.0
2323,41129,37.96,52.330211877831175,0.5705413183868903,0,7,4,50,38.3,37.02,37.44,39.06,0.0,0.0,0.0,0.0
2324,45952,49.07,53.74296226520713,0.5194310023304969,4,6,4,50,42.57,55.71,45.77,52.23,0.0,0.0,0.0,0.0
2325,103034,69.76,53.76744800646601,0.4080246455884947,8,2,4,50,67.92,69.14,75.99,65.97,0.0,0.0,0.0,0.0
2326,45549,71.17,52.13992800756692,0.5216177069257621,4,7,4,50,71.9,70.37,71.64,70.76,0.0,0.0,0.0,0.0
2327,46607,53.36,51.70279120774112,0.553027009761355,5,6,4,50,49.07,54.13,56.99,53.26,0.0,0.0,0.0,0.0
2328,46053,39.52,53.42808758119183,0.4788809340639097,6,9,4,50,42.69,38.47,40.84,36.09,0.0,0.0,0.0,0.0
2329,44894,58.28,51.136120878052495,0.4681019027982966,3,7,4,50,56.11,59.61,64.32,53.1,0.0,0.0,0.0,0.0
2330,39920,53.94,53.400411349161125,0.4430298568273486,0,10,4,50,52.72,63.35,50.57,49.14,0.0,0.0,0.0,0.0
2331,53516,38.27,52.68861521568615,0.4888037830237257,5,3,4,50,41.3,35.35,44.07,32.36,0.0,0.0,0.0,0.0
2332,40323,73.9,52.458468201445775,0.4245192906944873,0,9,4,50,76.04,69.14,76.2,74.23,0.0,0.0,0.0,0.0
2333,45545,64.26,54.62545130079501,0.5487238876791883,2,5,4,50,71.25,61.43,60.61,63.77,0.0,0.0,0.0,0.0
2334,46607,56.54,52.854809339601815,0.5048703892133726,5,6,4,50,64.87,54.84,54.55,51.91,0.0,0.0,0.0,0.0
2335,45549,69.79,52.4676976791844,0.4615703382547331,4,7,4,50,63.14,77.25,69.31,69.46,0.0,0.0,0.0,0.0
2336,44239,53.19,54.8909455414862,0.5806502314287277,2,7,4,50,57.69,52.96,54.67,47.44,0.0,0.0,0.0,0.0
2337,44642,65.25,54.861046695543216,0.5068338506290592,2,6,4,50,68.47,64.44,63.2,64.9,0.0,0.0,0.0,0.0
2338,44592,68.53,52.520337746008735,0.481403939512954,5,11,4,50,67.7,77.46,62.33,66.62,0.0,0.0,0.0,0.0
2339,45698,53.08,54.03596681489692,0.4344322361699159,2,4,4,50,55.8,51.01,46.78,58.71,0.0,0.0,0.0,0.0
2340,47462,64.76,52.68146284403284,0.5558866858270082,6,6,4,50,70.37,54.75,68.02,65.92,0.0,0.0,0.0,0.0
2341,73282,47.85,54.10158577230823,0.478457611400263,10,6,4,50,48.13,47.67,44.98,50.63,0.0,0.0,0.0,0.0
2342,46855,60.54,51.50275578351808,0.6184258675230726,4,5,4,50,63.74,59.46,64.06,54.91,0.0,0.0,0.0,0.0
2343,44642,53.45,51.3347571979558,0.4896131398892697,2,6,4,50,57.93,54.08,53.33,48.45,0.0,0.0,0.0,0.0
2344,46855,53.18,49.0690467310993,0.5282056702003254,4,5,4,50,59.34,57.37,46.69,49.32,0.0,0.0,0.0,0.0
2345,43836,66.06,50.35395245001235,0.5186879918176406,2,8,4,50,63.67,70.8,65.7,64.05,0.0,0.0,0.0,0.0
2346,42435,34.02,52.92710972360876,0.4281453248114619,0,5,4,50,34.48,32.68,37.68,31.24,0.0,0.0,0.0,0.0
2347,42224,52.89,55.36664550229049,0.4858939493403433,2,12,4,50,55.81,51.11,49.36,55.29,0.0,0.0,0.0,0.0
2348,39114,50.34,53.45945778575057,0.4763412372300028,0,12,4,50,46.82,52.21,50.43,51.91,0.0,0.0,0.0,0.0
2349,49515,59.38,55.22545617610048,0.4613344033277624,6,5,4,50,56.0,53.7,64.27,63.56,0.0,0.0,0.0,0.0
2350,73530,63.89,51.81537203492967,0.5971193880855054,9,5,4,50,68.17,63.9,66.38,57.1,0.0,0.0,0.0,0.0
2351,49519,49.71,53.81380529887115,0.5406262684732376,8,7,4,50,49.48,46.29,47.64,55.42,0.0,0.0,0.0,0.0
2352,45549,82.09,52.727762238213245,0.4727748485267676,4,7,4,50,82.21,82.56,82.42,81.17,0.0,0.0,0.0,0.0
2353,43433,54.75,52.86873779723157,0.5156289164060418,2,9,4,50,53.95,52.2,54.94,57.91,0.0,0.0,0.0,0.0
2354,45545,59.2,56.70257725150895,0.4543597599016729,2,5,4,50,63.91,61.42,62.92,48.53,0.0,0.0,0.0,0.0
2355,54018,70.59,53.65913992263049,0.4777305122605793,6,4,4,50,65.57,76.57,78.99,61.23,0.0,0.0,0.0,0.0
2356,45247,60.3,56.18470725279642,0.4968753517615042,6,11,4,50,54.5,62.07,65.28,59.35,0.0,0.0,0.0,0.0
2357,45398,55.3,52.699439085544654,0.5512311378377454,5,9,4,50,62.19,58.98,49.66,50.39,0.0,0.0,0.0,0.0
2358,44491,59.64,55.80382423589325,0.5707040615955261,3,8,4,50,60.85,54.01,65.2,58.5,0.0,0.0,0.0,0.0
2359,43836,62.57,55.56836131747163,0.5670837725924083,2,8,4,50,57.43,70.8,60.88,61.16,0.0,0.0,0.0,0.0
2360,72024,51.81,50.30425997826111,0.4366475434108811,6,2,4,50,57.72,48.28,48.97,52.27,0.0,0.0,0.0,0.0
2361,61521,64.53,53.46340931712466,0.4584397075087623,6,3,4,50,57.13,65.63,68.87,66.48,0.0,0.0,0.0,0.0
2362,62525,74.12,53.75251297267332,0.4475045287535729,8,5,4,50,69.58,73.94,77.56,75.42,0.0,0.0,0.0,0.0
2363,43836,55.78,52.34670010981522,0.6332783807694843,2,8,4,50,55.77,62.11,55.14,50.09,0.0,0.0,0.0,0.0
2364,45146,59.35,53.40218378168751,0.5217214807216368,4,8,4,50,56.47,57.41,68.66,54.86,0.0,0.0,0.0,0.0
2365,104038,48.42,54.923975047310456,0.5303829804837304,10,4,4,50,53.02,45.28,44.59,50.78,0.0,0.0,0.0,0.0
2366,46859,50.08,53.55324870225511,0.5026964139295848,6,7,4,50,43.31,48.39,51.73,56.88,0.0,0.0,0.0,0.0
2367,73020,60.52,51.98861814801056,0.5078444557910332,4,0,4,50,57.68,60.5,65.71,58.17,0.0,0.0,0.0,0.0
2368,48511,78.95,52.379481008763854,0.5467210404789654,4,3,4,50,80.47,81.25,80.91,73.16,0.0,0.0,0.0,0.0
2369,72526,46.88,52.33706054084614,0.5078829694177266,7,3,4,50,47.75,50.18,42.95,46.65,0.0,0.0,0.0,0.0
2370,46960,53.4,52.788695694240936,0.4990321425100725,8,10,4,50,48.79,47.43,58.37,59.02,0.0,0.0,0.0,0.0
2371,45146,68.63,54.1973076839108,0.4801122761453485,4,8,4,50,65.85,71.28,67.24,70.16,0.0,0.0,0.0,0.0
2372,47462,44.07,53.54872200595374,0.5176140794582593,6,6,4,50,49.72,38.89,47.23,40.43,0.0,0.0,0.0,0.0
2373,48511,30.8,54.160118326464485,0.5315941900124931,4,3,4,50,30.99,31.42,33.56,27.25,0.0,0.0,0.0,0.0
2374,46859,59.38,52.62806619062784,0.5192244059700661,6,7,4,50,59.86,57.72,55.72,64.21,0.0,0.0,0.0,0.0
2375,41129,72.62,55.11001840841285,0.4439398734576694,0,7,4,50,67.81,78.4,78.95,65.3,0.0,0.0,0.0,0.0
2376,44239,62.96,53.83169134164334,0.5680355008237401,2,7,4,50,65.09,53.58,66.92,66.25,0.0,0.0,0.0,0.0
2377,49515,68.53,52.80895816657923,0.434336871273677,6,5,4,50,76.05,72.62,63.73,61.7,0.0,0.0,0.0,0.0
2378,44642,54.32,53.227479832668415,0.457473203978972,2,6,4,50,50.51,59.89,54.03,52.87,0.0,0.0,0.0,0.0
2379,49515,74.17,54.27633736096623,0.464389052604726,6,5,4,50,70.08,66.17,80.48,79.94,0.0,0.0,0.0,0.0
2380,46053,65.45,53.87588292584067,0.4773480229606998,6,9,4,50,64.89,62.15,73.99,60.76,0.0,0.0,0.0,0.0
2381,39517,81.46,55.63434614352863,0.4610672841016141,0,11,4,50,86.98,68.19,91.07,79.6,0.0,0.0,0.0,0.0
2382,42627,52.22,51.60401175262079,0.4234722955862382,2,11,4,50,46.85,57.75,50.66,53.61,0.0,0.0,0.0,0.0
2383,49519,48.96,53.72838060625661,0.4769671111618744,8,7,4,50,51.41,50.11,41.96,52.34,0.0,0.0,0.0,0.0
2384,45851,61.58,52.41784390243846,0.4717221031603317,2,3,4,50,70.77,55.45,56.43,63.65,0.0,0.0,0.0,0.0
2385,54018,86.9,53.925400482411206,0.4625423664464894,6,4,4,50,97.52,75.07,94.83,80.18,0.0,0.0,0.0,0.0
2386,47462,75.83,50.105868743877,0.5077760155138955,6,6,4,50,75.1,78.21,74.57,75.44,0.0,0.0,0.0,0.0
2387,47462,55.68,52.39224415844771,0.4379261349924688,6,6,4,50,49.41,55.89,61.17,56.23,0.0,0.0,0.0,0.0
2388,45698,61.75,52.384858873064815,0.5620536419638587,2,4,4,50,63.76,66.49,62.81,53.93,0.0,0.0,0.0,0.0
2389,49515,73.56,54.40277059978758,0.421930965690189,6,5,4,50,74.17,73.53,73.79,72.73,0.0,0.0,0.0,0.0
2390,45851,37.46,49.55351671477343,0.5591323467397885,2,3,4,50,35.18,35.14,43.06,36.44,0.0,0.0,0.0,0.0
2391,44441,55.05,50.61073642534332,0.4930302149776376,6,13,4,50,61.52,53.8,45.19,59.69,0.0,0.0,0.0,0.0
2392,43836,48.86,50.89625412017201,0.5112994584479859,2,8,4,50,47.88,47.63,48.58,51.37,0.0,0.0,0.0,0.0
2393,44995,79.58,51.973882365972,0.4339847000904768,5,10,4,50,73.99,78.81,86.98,78.53,0.0,0.0,0.0,0.0
2394,44642,67.47,55.56913277566002,0.4948458233160664,2,6,4,50,73.91,65.21,69.93,60.83,0.0,0.0,0.0,0.0
2395,45952,64.61,52.6679971038439,0.4896212160219726,4,6,4,50,69.99,57.65,68.63,62.16,0.0,0.0,0.0,0.0
2396,44340,56.94,53.44505582193522,0.4139726322153754,4,10,4,50,51.6,60.82,61.2,54.12,0.0,0.0,0.0,0.0
2397,49013,52.31,52.4936600327033,0.4778560832446012,5,4,4,50,45.5,52.05,56.25,55.43,0.0,0.0,0.0,0.0
2398,45545,38.72,53.66365146532603,0.5907147803618934,2,5,4,50,43.6,32.52,40.8,37.97,0.0,0.0,0.0,0.0
2399,45297,52.78,55.44940021641072,0.4732584657795521,3,6,4,50,53.83,54.41,50.89,52.01,0.0,0.0,0.0,0.0
2400,45146,52.67,55.89907785972979,0.4483881496716664,4,8,4,50,51.75,50.12,49.76,59.06,0.0,0.0,0.0,0.0
2401,45549,63.64,54.2947558919374,0.5246632559626713,4,7,4,50,64.05,63.28,61.75,65.5,0.0,0.0,0.0,0.0
2402,47208,58.99,51.00168370419842,0.4910452699991268,4,4,4,50,58.0,53.34,63.57,61.05,0.0,0.0,0.0,0.0
2403,62023,74.75,53.94682042503932,0.4684389776815003,7,4,4,50,75.81,68.59,80.49,74.11,0.0,0.0,0.0,0.0
2404,39114,47.59,52.94524157748626,0.4968498383391433,0,12,4,50,52.56,43.43,52.72,41.65,0.0,0.0,0.0,0.0
2405,46204,56.57,52.88322155397263,0.5548552486664953,2,2,4,50,56.61,50.03,57.03,62.61,0.0,0.0,0.0,0.0
2406,46204,82.92,56.60811807834209,0.5786236043050051,5,7,4,50,73.4,80.84,83.42,94.01,0.0,0.0,0.0,0.0
2407,38711,49.8,55.50531138490808,0.511185522581207,0,13,4,50,53.34,43.65,55.58,46.64,0.0,0.0,0.0,0.0
2408,73282,56.1,53.9380326143264,0.5216568332801003,10,6,4,50,64.06,53.98,51.31,55.07,0.0,0.0,0.0,0.0
2409,45043,53.04,54.00495820755436,0.4068251822362582,1,4,4,50,60.97,54.48,47.38,49.33,0.0,0.0,0.0,0.0
2410,46855,48.06,53.67526552394315,0.5071387369385009,4,5,4,50,49.49,49.94,48.44,44.38,0.0,0.0,0.0,0.0
2411,43534,57.46,54.312478788949406,0.5291760264259261,4,12,4,50,57.89,55.7,55.22,61.02,0.0,0.0,0.0,0.0
2412,40323,59.02,51.99704759268485,0.473218126389629,0,9,4,50,54.0,62.8,58.21,61.08,0.0,0.0,0.0,0.0
2413,46859,62.09,51.4453551047573,0.5303028726861907,6,7,4,50,65.1,63.45,58.48,61.32,0.0,0.0,0.0,0.0
2414,47714,61.04,52.38301343383833,0.5978411922998079,7,7,4,50,63.51,57.09,61.83,61.73,0.0,0.0,0.0,0.0
2415,87033,48.58,55.27042003398218,0.5595107394566904,9,4,4,50,40.17,52.94,50.51,50.68,0.0,0.0,0.0,0.0
2416,47714,71.74,53.16196920502551,0.5096454863675864,7,7,4,50,68.18,73.96,74.48,70.35,0.0,0.0,0.0,0.0
2417,46200,45.94,53.33931385751206,0.4212572638881103,3,5,4,50,42.05,46.64,45.62,49.43,0.0,0.0,0.0,0.0
2418,45952,59.78,54.57017315693137,0.5006915417762994,4,6,4,50,58.47,59.06,66.64,54.95,0.0,0.0,0.0,0.0
2419,41532,74.9,53.11292982370744,0.4568987871793959,0,6,4,50,67.29,75.33,77.91,79.07,0.0,0.0,0.0,0.0
2420,40323,64.32,52.97600247228179,0.6068099611547335,0,9,4,50,71.63,69.01,56.72,59.93,0.0,0.0,0.0,0.0
2421,43836,52.86,52.531654625297065,0.5002973190657793,2,8,4,50,44.48,55.13,60.57,51.27,0.0,0.0,0.0,0.0
2422,43433,61.0,50.84555642477681,0.4707937617156343,2,9,4,50,55.94,58.0,67.34,62.72,0.0,0.0,0.0,0.0
2423,46855,53.92,52.58128133048734,0.5135111374904732,4,5,4,50,62.25,47.93,48.57,56.91,0.0,0.0,0.0,0.0
2424,49519,41.94,55.48504722642227,0.521205709948584,8,7,4,50,41.4,41.75,42.24,42.38,0.0,0.0,0.0,0.0
2425,42435,71.96,51.531467585012656,0.4022888240007242,0,5,4,50,75.22,72.44,67.34,72.85,0.0,0.0,0.0,0.0
2426,47363,68.87,51.66879175950962,0.4484591972268276,8,9,4,50,70.26,73.86,71.0,60.36,0.0,0.0,0.0,0.0
2427,49515,49.91,51.54253717291711,0.5641247301660731,6,5,4,50,49.3,51.65,50.18,48.52,0.0,0.0,0.0,0.0
2428,62525,35.44,51.10340993849224,0.5200032679837556,8,5,4,50,39.18,32.16,33.34,37.08,0.0,0.0,0.0,0.0
2429,49515,60.35,49.67217090879215,0.4405401099008634,6,5,4,50,60.97,52.78,64.61,63.05,0.0,0.0,0.0,0.0
2430,44890,49.41,50.68975396361287,0.5350565111892385,1,5,4,50,53.1,44.42,48.31,51.8,0.0,0.0,0.0,0.0
2431,42627,46.44,54.21452687456066,0.5081546393496439,2,11,4,50,43.53,43.66,47.28,51.28,0.0,0.0,0.0,0.0
2432,45952,53.56,53.75235639155191,0.5481610606288659,4,6,4,50,52.19,50.25,56.18,55.61,0.0,0.0,0.0,0.0
2433,44743,70.88,54.3256223093403,0.518923722913047,4,9,4,50,70.39,72.28,79.23,61.6,0.0,0.0,0.0,0.0
2434,47208,53.21,53.92879383324544,0.605554555332911,4,4,4,50,52.92,62.21,48.0,49.7,0.0,0.0,0.0,0.0
2435,45851,58.61,54.48486019846353,0.573879660323372,2,3,4,50,52.41,57.13,60.71,64.19,0.0,0.0,0.0,0.0
2436,45650,66.7,53.423919741965015,0.4254032931999292,6,10,4,50,65.09,63.7,66.17,71.85,0.0,0.0,0.0,0.0
2437,45146,51.08,53.4376765644772,0.5691122155858753,4,8,4,50,44.5,56.43,49.1,54.3,0.0,0.0,0.0,0.0
2438,43685,49.68,55.403087375181954,0.5475764969723272,3,10,4,50,42.65,57.33,43.89,54.83,0.0,0.0,0.0,0.0
2439,45545,70.12,56.07123639362764,0.4873572225155508,2,5,4,50,67.42,70.24,67.25,75.57,0.0,0.0,0.0,0.0
2440,45698,48.2,52.079045063560095,0.5247092578803467,2,4,4,50,47.69,50.91,45.21,48.98,0.0,0.0,0.0,0.0
2441,45549,54.6,54.45304669182994,0.5467048913707186,4,7,4,50,56.83,58.4,55.84,47.35,0.0,0.0,0.0,0.0
2442,46859,56.24,53.98409465420881,0.5651858865734031,6,7,4,50,58.65,56.08,58.62,51.62,0.0,0.0,0.0,0.0
2443,150000,57.29,51.04146183113816,0.4283623266314681,10,1,4,50,60.68,57.55,56.3,54.64,0.0,0.0,0.0,0.0
2444,49013,62.19,53.12127310040519,0.4674447355637967,5,4,4,50,52.63,66.37,61.52,68.24,0.0,0.0,0.0,0.0
2445,47462,43.43,53.42669665010789,0.414727260487794,6,6,4,50,44.56,42.22,47.23,39.72,0.0,0.0,0.0,0.0
2446,54018,64.3,53.24172518485455,0.5465088783911835,6,4,4,50,67.97,60.05,69.88,59.32,0.0,0.0,0.0,0.0
2447,49013,47.87,53.36231106402873,0.4993388015847488,5,4,4,50,42.91,46.89,46.85,54.84,0.0,0.0,0.0,0.0
2448,44340,49.98,54.51737382431607,0.4246097206664466,4,10,4,50,53.1,47.79,47.32,51.7,0.0,0.0,0.0,0.0
2449,43030,61.92,57.415187028989536,0.4735462460719947,2,10,4,50,60.35,55.73,64.36,67.25,0.0,0.0,0.0,0.0
2450,44239,66.71,53.56075591934472,0.492259051568244,2,7,4,50,64.31,77.25,61.71,63.56,0.0,0.0,0.0,0.0
2451,45952,48.14,52.387765504954274,0.4824809764678172,4,6,4,50,54.26,41.18,41.93,55.19,0.0,0.0,0.0,0.0
2452,54272,38.68,53.08112579350417,0.5117423028389262,8,6,4,50,36.86,41.26,40.87,35.72,0.0,0.0,0.0,0.0
2453,43181,64.46,52.18690103710858,0.460373280705128,1,8,4,50,69.66,63.94,59.61,64.64,0.0,0.0,0.0,0.0
2454,104038,52.79,52.54905017869648,0.5126147608774041,10,4,4,50,55.77,48.6,52.89,53.91,0.0,0.0,0.0,0.0
2455,43836,54.09,52.70973650895764,0.5421725470760363,2,8,4,50,55.06,53.06,49.68,58.56,0.0,0.0,0.0,0.0
2456,47462,48.02,53.281084872129824,0.4866057430844646,6,6,4,50,45.36,49.11,48.92,48.69,0.0,0.0,0.0,0.0
2457,54520,59.91,52.24415568909404,0.5380340973640594,7,5,4,50,63.14,58.41,64.35,53.75,0.0,0.0,0.0,0.0
2458,86531,58.47,52.54011098622443,0.4726041104461918,8,3,4,50,61.29,65.05,51.26,56.28,0.0,0.0,0.0,0.0
2459,54018,63.22,54.238062922019786,0.5431610306749656,6,4,4,50,58.73,64.8,70.35,58.99,0.0,0.0,0.0,0.0
2460,45146,65.7,54.195739620348505,0.5176268613119182,4,8,4,50,61.72,56.08,75.06,69.93,0.0,0.0,0.0,0.0
2461,47208,47.4,51.27928966444628,0.5481784570789378,4,4,4,50,42.03,51.19,43.91,52.49,0.0,0.0,0.0,0.0
2462,54018,61.85,52.21283761171957,0.4035200796523717,6,4,4,50,71.02,59.79,53.91,62.69,0.0,0.0,0.0,0.0
2463,44743,54.64,51.86636311235296,0.4737605371732691,4,9,4,50,48.93,58.86,55.03,55.73,0.0,0.0,0.0,0.0
2464,45247,65.17,52.87590754451241,0.4521404155790274,6,11,4,50,64.5,64.78,67.16,64.24,0.0,0.0,0.0,0.0
2465,44890,46.85,52.311037644712464,0.4493750847635852,1,5,4,50,50.41,44.9,43.01,49.08,0.0,0.0,0.0,0.0
2466,47462,54.18,53.95515203464874,0.4650165656379589,6,6,4,50,48.04,47.71,59.42,61.55,0.0,0.0,0.0,0.0
2467,46204,45.27,54.91123195322305,0.4696882552855769,5,7,4,50,40.9,44.14,50.53,45.51,0.0,0.0,0.0,0.0
2468,40323,50.42,54.62006922175406,0.5592917177473177,0,9,4,50,47.62,51.33,55.28,47.46,0.0,0.0,0.0,0.0
2469,45801,64.37,51.46573823694328,0.4505857999469831,5,8,4,50,69.33,72.9,63.31,51.95,0.0,0.0,0.0,0.0
2470,49515,38.88,51.64080520855247,0.4484812035828637,6,5,4,50,38.62,38.15,36.72,42.02,0.0,0.0,0.0,0.0
2471,45549,60.46,55.493388324053896,0.5003993653593133,4,7,4,50,53.21,63.51,67.87,57.27,0.0,0.0,0.0,0.0
2472,72024,45.07,51.29326047469351,0.5002880695015827,6,2,4,50,41.28,48.13,42.84,48.04,0.0,0.0,0.0,0.0
2473,39920,60.04,53.56284485668217,0.4233864444262485,0,10,4,50,57.4,63.08,58.56,61.11,0.0,0.0,0.0,0.0
2474,46859,66.13,52.04673431584964,0.4951272482957229,6,7,4,50,71.61,54.23,65.73,72.94,0.0,0.0,0.0,0.0
2475,40726,56.85,53.21243123228495,0.4277099095671626,0,8,4,50,54.16,54.14,63.09,56.01,0.0,0.0,0.0,0.0
2476,47462,56.74,52.17083266886948,0.5880563194755337,6,6,4,50,58.42,49.43,57.78,61.33,0.0,0.0,0.0,0.0
2477,49267,52.68,50.277746139692304,0.4613393375025222,7,6,4,50,53.08,50.25,54.84,52.57,0.0,0.0,0.0,0.0
2478,62525,66.85,52.752284960046296,0.4502138473868957,8,5,4,50,66.75,73.41,58.5,68.75,0.0,0.0,0.0,0.0
2479,42375,58.44,56.31929210092459,0.4919505794154771,1,10,4,50,52.54,54.47,61.87,64.86,0.0,0.0,0.0,0.0
2480,45545,61.75,53.53233236118213,0.5083334503495186,2,5,4,50,68.96,55.14,64.45,58.46,0.0,0.0,0.0,0.0
2481,46859,55.08,53.09521031700478,0.4770369318759011,6,7,4,50,57.22,49.79,62.44,50.89,0.0,0.0,0.0,0.0
2482,54520,62.03,52.84996324818522,0.472282149686569,7,5,4,50,54.15,70.97,56.62,66.37,0.0,0.0,0.0,0.0
2483,40323,48.65,53.44765383325961,0.4766258480381983,0,9,4,50,49.44,50.8,46.68,47.67,0.0,0.0,0.0,0.0
2484,61521,40.74,54.15400021634472,0.4725726637404039,6,3,4,50,38.76,37.98,43.68,42.52,0.0,0.0,0.0,0.0
2485,46859,37.27,54.27215318495748,0.5391476459685678,6,7,4,50,39.05,41.88,33.94,34.21,0.0,0.0,0.0,0.0
2486,46204,46.62,54.6267670844528,0.4948245464853731,5,7,4,50,49.66,43.36,44.66,48.8,0.0,0.0,0.0,0.0
2487,44239,60.36,53.68554094246166,0.4720087563261971,2,7,4,50,65.75,55.64,52.68,67.39,0.0,0.0,0.0,0.0
2488,46960,66.48,52.49100058726923,0.4274075115290671,8,10,4,50,69.98,66.58,67.32,62.05,0.0,0.0,0.0,0.0
2489,47966,48.32,53.33891597420119,0.528076944837692,8,8,4,50,45.43,56.93,43.2,47.74,0.0,0.0,0.0,0.0
2490,45499,71.73,55.09524931950708,0.5206309925203223,7,12,4,50,73.28,64.42,75.58,73.65,0.0,0.0,0.0,0.0
2491,46859,66.12,50.63251233268975,0.4933517587381392,6,7,4,50,61.39,71.41,64.23,67.46,0.0,0.0,0.0,0.0
2492,49267,38.78,52.47328555189504,0.4633289114694804,7,6,4,50,36.03,38.57,41.51,39.01,0.0,0.0,0.0,0.0
2493,61521,72.94,51.65603172718172,0.5404997583658211,6,3,4,50,81.02,72.34,69.88,68.51,0.0,0.0,0.0,0.0
2494,45297,64.08,52.3625248887131,0.4844264655333922,3,6,4,50,65.23,72.01,61.65,57.41,0.0,0.0,0.0,0.0
2495,45851,57.82,52.36715318433736,0.460926558349848,2,3,4,50,58.65,59.81,53.67,59.15,0.0,0.0,0.0,0.0
2496,49013,51.11,51.83547390534051,0.4901642494623008,5,4,4,50,53.38,48.42,46.9,55.75,0.0,0.0,0.0,0.0
2497,45247,33.28,52.84188809389056,0.5236824115011183,6,11,4,50,34.62,29.88,35.96,32.64,0.0,0.0,0.0,0.0
2498,62525,59.2,50.35376834468173,0.4657047126604129,8,5,4,50,51.89,59.87,60.9,64.14,0.0,0.0,0.0,0.0
2499,45952,71.58,52.32071358697286,0.4854320973635521,4,6,4,50,71.5,75.14,75.31,64.37,0.0,0.0,0.0,0.0
2500,46456,72.46,53.71087954910849,0.456693644014036,6,8,4,50,61.33,78.97,73.55,75.97,0.0,0.0,0.0,0.0
2501,45549,52.41,53.03629151024536,0.506594554031589,4,7,4,50,49.96,51.16,53.13,55.38,0.0,0.0,0.0,0.0
2502,46855,64.18,52.02578792136458,0.4678874132581088,4,5,4,50,69.6,61.68,67.64,57.81,0.0,0.0,0.0,0.0
2503,122537,51.91,54.25944609704885,0.464684866302172,8,1,4,50,49.11,55.94,51.05,51.54,0.0,0.0,0.0,0.0
2504,45545,58.1,52.11315558562641,0.5127020753629793,2,5,4,50,60.22,59.32,51.61,61.27,0.0,0.0,0.0,0.0
2505,45698,64.23,52.18409185084964,0.5615133476448402,2,4,4,50,58.97,57.54,72.88,67.52,0.0,0.0,0.0,0.0
2506,46855,67.25,55.44378172864942,0.4532658395494305,4,5,4,50,63.17,71.61,68.11,66.1,0.0,0.0,0.0,0.0
2507,43584,52.91,54.26047197692537,0.5677384764745494,1,7,4,50,54.04,47.58,49.39,60.63,0.0,0.0,0.0,0.0
2508,43836,83.2,52.57151584210152,0.4898109302904173,2,8,4,50,73.31,89.94,88.33,81.21,0.0,0.0,0.0,0.0
2509,44441,61.27,52.89811814278647,0.4762001789698341,6,13,4,50,63.08,61.17,59.66,61.16,0.0,0.0,0.0,0.0
2510,103034,53.11,51.57154242289321,0.4733054197862453,8,2,4,50,57.42,46.13,50.13,58.76,0.0,0.0,0.0,0.0
2511,46859,65.85,53.16710699588865,0.5680062071302366,6,7,4,50,67.67,65.55,63.29,66.9,0.0,0.0,0.0,0.0
2512,47462,51.59,54.15103170892302,0.491414921899754,6,6,4,50,53.03,47.22,54.23,51.88,0.0,0.0,0.0,0.0
2513,44743,60.52,54.10928831236068,0.4239848067177461,4,9,4,50,65.27,54.29,65.61,56.92,0.0,0.0,0.0,0.0
2514,49515,37.28,51.50676183793684,0.4738120471689081,6,5,4,50,38.32,37.32,38.42,35.07,0.0,0.0,0.0,0.0
2515,43030,77.28,52.28546472504059,0.4814271138048036,2,10,4,50,80.88,80.63,74.3,73.33,0.0,0.0,0.0,0.0
2516,47966,45.43,53.083812878044654,0.4532748241147404,8,8,4,50,48.5,51.46,43.14,38.61,0.0,0.0,0.0,0.0
2517,46859,49.91,51.47194882120535,0.5011105925153698,6,7,4,50,52.24,48.04,48.74,50.62,0.0,0.0,0.0,0.0
2518,54272,81.32,53.79026070746875,0.5065287362768622,8,6,4,50,81.53,90.38,80.43,72.92,0.0,0.0,0.0,0.0
2519,49013,53.18,51.55772432619264,0.4836390925432429,5,4,4,50,56.19,55.65,55.49,45.39,0.0,0.0,0.0,0.0
2520,124043,55.4,55.97758669006396,0.4311536199056532,11,4,4,50,61.0,56.6,57.22,46.77,0.0,0.0,0.0,0.0
2521,43433,52.48,52.57444960960104,0.4539342275110579,2,9,4,50,54.68,52.51,47.96,54.77,0.0,0.0,0.0,0.0
2522,54520,73.22,54.39840015655243,0.4955159292166043,7,5,4,50,76.54,81.28,71.08,63.97,0.0,0.0,0.0,0.0
2523,45650,58.73,53.28015725473708,0.4810341858341282,6,10,4,50,54.39,53.48,60.67,66.36,0.0,0.0,0.0,0.0
2524,47462,44.64,53.40557257255569,0.5005181976457365,6,6,4,50,45.68,46.29,44.2,42.41,0.0,0.0,0.0,0.0
2525,44642,54.22,53.83237950717231,0.4855381317791094,2,6,4,50,59.28,49.08,53.86,54.65,0.0,0.0,0.0,0.0
2526,47363,52.11,53.0685139136363,0.4510713624980578,8,9,4,50,53.5,52.4,54.29,48.24,0.0,0.0,0.0,0.0
2527,45146,51.42,52.83473865579448,0.4979821416692288,4,8,4,50,54.85,51.72,51.32,47.79,0.0,0.0,0.0,0.0
2528,62525,44.33,53.63733362874219,0.5103898253325563,8,5,4,50,45.36,42.05,41.38,48.54,0.0,0.0,0.0,0.0
2529,48511,51.11,52.97964289813302,0.413781363899652,4,3,4,50,48.7,53.63,51.42,50.7,0.0,0.0,0.0,0.0
2530,53014,52.88,53.45958890190495,0.4727306879482273,4,2,4,50,56.6,48.17,48.11,58.63,0.0,0.0,0.0,0.0
2531,43836,59.18,51.70870098189853,0.5407596910749877,2,8,4,50,60.62,69.04,53.75,53.29,0.0,0.0,0.0,0.0
2532,62023,75.06,51.03293344261812,0.4925291546887871,7,4,4,50,79.64,67.4,78.79,74.41,0.0,0.0,0.0,0.0
2533,44743,71.05,52.28221145382736,0.4721547450350695,4,9,4,50,76.62,71.23,75.65,60.69,0.0,0.0,0.0,0.0
2534,62023,48.21,53.24817200803072,0.4511196061746145,7,4,4,50,48.71,47.14,46.96,50.02,0.0,0.0,0.0,0.0
2535,86531,47.14,52.3412250341227,0.4132312114291031,8,3,4,50,42.98,54.19,48.3,43.08,0.0,0.0,0.0,0.0
2536,122537,53.82,55.91096798951431,0.4512884316857876,8,1,4,50,53.62,56.7,47.91,57.06,0.0,0.0,0.0,0.0
2537,45952,50.34,51.80607944324186,0.4522524723589636,4,6,4,50,55.7,52.65,48.36,44.67,0.0,0.0,0.0,0.0
2538,44894,67.85,52.75901346412396,0.4564987514081959,3,7,4,50,71.46,67.13,66.81,66.0,0.0,0.0,0.0,0.0
2539,54272,59.1,55.52574050452089,0.4282271806076012,8,6,4,50,69.97,54.76,54.83,56.82,0.0,0.0,0.0,0.0
2540,62023,53.47,51.62347944096035,0.4813102633632353,7,4,4,50,51.06,47.01,55.82,59.99,0.0,0.0,0.0,0.0
2541,103034,60.25,53.47981917053378,0.5646058173231824,8,2,4,50,61.15,59.96,64.28,55.6,0.0,0.0,0.0,0.0
2542,47714,52.98,53.06718291983913,0.5257971812328647,7,7,4,50,56.08,52.41,54.84,48.58,0.0,0.0,0.0,0.0
2543,43836,49.8,55.46956003346381,0.4615213107830346,2,8,4,50,45.42,51.82,56.27,45.68,0.0,0.0,0.0,0.0
2544,47462,58.78,52.44314864046601,0.486075845719594,6,6,4,50,61.28,52.42,60.39,61.01,0.0,0.0,0.0,0.0
2545,73028,42.07,53.7011690311199,0.5162901954750841,8,4,4,50,41.67,38.58,43.87,44.17,0.0,0.0,0.0,0.0
2546,104030,62.51,55.90696959880688,0.4590096664922057,6,0,4,50,68.41,60.23,55.18,66.23,0.0,0.0,0.0,0.0
2547,46855,61.07,54.4987622091689,0.4983253917980967,4,5,4,50,54.79,50.96,70.53,68.01,0.0,0.0,0.0,0.0
2548,46855,58.11,52.26937683035889,0.534807080508517,4,5,4,50,50.63,56.54,61.92,63.36,0.0,0.0,0.0,0.0
2549,45801,63.72,52.43088369476272,0.4089949823061879,5,8,4,50,56.15,65.4,64.66,68.65,0.0,0.0,0.0,0.0
2550,61521,48.47,53.68023541679822,0.4587334152039938,6,3,4,50,55.07,44.77,46.53,47.52,0.0,0.0,0.0,0.0
2551,47710,45.6,51.64452085435041,0.4436055186485087,5,5,4,50,41.57,45.14,51.94,43.73,0.0,0.0,0.0,0.0
2552,45247,51.99,51.67038570120796,0.413236442550827,6,11,4,50,57.98,59.19,46.44,44.36,0.0,0.0,0.0,0.0
2553,49515,59.68,54.95445402822053,0.45422756699047,6,5,4,50,51.82,64.42,58.5,64.0,0.0,0.0,0.0,0.0
2554,47714,51.1,52.72480973932368,0.4421561114651868,7,7,4,50,46.07,51.25,52.56,54.54,0.0,0.0,0.0,0.0
2555,47714,66.69,52.68690474817737,0.4681090188914544,7,7,4,50,73.97,59.99,65.97,66.84,0.0,0.0,0.0,0.0
2556,45650,62.71,50.22787321737444,0.5213873549593249,6,10,4,50,67.84,57.15,67.39,58.47,0.0,0.0,0.0,0.0
2557,49515,54.29,51.87349627899141,0.5398879504950701,6,5,4,50,51.86,59.94,52.22,53.15,0.0,0.0,0.0,0.0
2558,45196,50.33,55.22405205982756,0.4374140741396577,1,3,4,50,54.66,44.49,46.63,55.53,0.0,0.0,0.0,0.0
2559,47714,70.79,49.542682972442776,0.4096638972201144,7,7,4,50,75.55,66.38,67.1,74.12,0.0,0.0,0.0,0.0
2560,104038,54.68,52.28441850404036,0.4956988753828026,10,4,4,50,50.77,58.98,55.79,53.17,0.0,0.0,0.0,0.0
2561,49515,59.26,54.26734823809113,0.4035956314057102,6,5,4,50,56.82,58.52,53.92,67.78,0.0,0.0,0.0,0.0
2562,62525,62.46,53.1968904960372,0.5343753048562097,8,5,4,50,63.61,60.75,63.21,62.28,0.0,0.0,0.0,0.0
2563,46859,47.87,52.13410842218729,0.4018332615511309,6,7,4,50,43.01,45.28,51.15,52.03,0.0,0.0,0.0,0.0
2564,55028,68.39,51.11447344742598,0.5114376057851626,11,9,4,50,76.71,62.89,67.31,66.66,0.0,0.0,0.0,0.0
2565,48511,56.6,52.10809990639749,0.4887649646600637,4,3,4,50,55.86,58.24,58.18,54.1,0.0,0.0,0.0,0.0
2566,46855,63.27,53.38436434240416,0.495326627279931,4,5,4,50,60.39,64.67,54.89,73.13,0.0,0.0,0.0,0.0
2567,62529,68.66,54.930735502208144,0.3461440433838101,10,7,4,50,71.7,63.75,61.89,77.3,0.0,0.0,0.0,0.0
2568,86531,64.54,52.3146363702041,0.4879621924207273,8,3,4,50,58.78,69.96,61.64,67.76,0.0,0.0,0.0,0.0
2569,44743,76.03,53.77134674616733,0.5224798963888251,4,9,4,50,73.24,80.32,84.51,66.04,0.0,0.0,0.0,0.0
2570,46855,62.36,50.73059161045601,0.5722613664834557,4,5,4,50,68.51,61.17,55.08,64.67,0.0,0.0,0.0,0.0
2571,47710,64.32,53.10369576972372,0.4920850373283307,5,5,4,50,59.92,64.35,69.23,63.77,0.0,0.0,0.0,0.0
2572,45952,82.04,52.91237135907799,0.4597111682785574,4,6,4,50,86.5,82.39,80.21,79.06,0.0,0.0,0.0,0.0
2573,45549,73.53,53.37691854096869,0.4485084461124828,4,7,4,50,77.0,75.69,72.74,68.7,0.0,0.0,0.0,0.0
2574,46855,58.28,53.0136377941851,0.4817557711202453,4,5,4,50,62.24,50.73,56.39,63.77,0.0,0.0,0.0,0.0
2575,45549,61.97,52.06802449149804,0.4197328875231739,4,7,4,50,59.98,59.64,63.45,64.8,0.0,0.0,0.0,0.0
2576,47462,54.36,54.16307611189056,0.4956691275679949,6,6,4,50,57.49,57.61,44.82,57.51,0.0,0.0,0.0,0.0
2577,46855,62.13,52.64684523871071,0.485807259150659,4,5,4,50,56.84,58.79,64.42,68.46,0.0,0.0,0.0,0.0
2578,43836,44.76,53.46211602098198,0.4929076709749119,2,8,4,50,44.64,42.78,44.32,47.3,0.0,0.0,0.0,0.0
2579,73530,53.37,50.25577680500285,0.5060373381877037,9,5,4,50,56.54,58.78,46.14,52.04,0.0,0.0,0.0,0.0
2580,39114,56.02,53.36824158669941,0.5103063116341239,0,12,4,50,61.92,57.98,51.66,52.51,0.0,0.0,0.0,0.0
2581,42879,58.33,52.20534180198602,0.5148391864033892,3,12,4,50,65.53,52.88,54.09,60.83,0.0,0.0,0.0,0.0
2582,73282,57.63,53.55648261474794,0.4192330386712588,10,6,4,50,57.64,53.4,54.58,64.9,0.0,0.0,0.0,0.0
2583,48511,41.38,51.80187128375154,0.5925444829129143,4,3,4,50,44.01,41.21,43.97,36.35,0.0,0.0,0.0,0.0
2584,44894,57.68,53.17973537611379,0.3719411220962086,3,7,4,50,64.02,51.42,54.76,60.52,0.0,0.0,0.0,0.0
2585,86029,63.13,54.963920379005664,0.4925468254418866,7,2,4,50,58.48,67.17,68.46,58.41,0.0,0.0,0.0,0.0
2586,44642,68.04,55.02713260032618,0.5141280437930638,2,6,4,50,69.82,58.57,75.25,68.53,0.0,0.0,0.0,0.0
2587,46859,66.52,53.2607652514719,0.5054469850466959,6,7,4,50,60.31,61.19,79.49,65.1,0.0,0.0,0.0,0.0
2588,45348,60.92,52.47568789181294,0.3685167927240647,8,14,4,50,53.93,64.95,63.54,61.25,0.0,0.0,0.0,0.0
2589,60517,59.88,52.041080960074574,0.407485402974328,4,1,4,50,67.2,61.73,51.36,59.24,0.0,0.0,0.0,0.0
2590,41821,73.5,55.24018560113025,0.5074839049376921,2,13,4,50,71.16,74.18,82.25,66.41,0.0,0.0,0.0,0.0
2591,48470,59.94,55.82869478394007,0.4808975728384551,10,10,4,50,72.22,58.07,50.94,58.53,0.0,0.0,0.0,0.0
2592,43836,62.07,54.25572414977134,0.5106360898662915,2,8,4,50,62.9,62.79,60.98,61.6,0.0,0.0,0.0,0.0
2593,45398,57.94,54.06450821615338,0.5278677366184421,5,9,4,50,53.24,58.45,61.41,58.64,0.0,0.0,0.0,0.0
2594,73028,59.13,52.80723671097291,0.4170203230047128,8,4,4,50,56.33,64.77,60.76,54.65,0.0,0.0,0.0,0.0
2595,43987,61.93,54.12716478760598,0.4284048433720108,1,6,4,50,54.33,68.55,56.23,68.62,0.0,0.0,0.0,0.0
2596,46204,48.97,52.15515104678697,0.5626688242881873,5,7,4,50,53.27,38.99,49.54,54.08,0.0,0.0,0.0,0.0
2597,45146,65.07,52.62938257219414,0.4022423082305296,4,8,4,50,70.11,66.22,55.51,68.45,0.0,0.0,0.0,0.0
2598,62525,58.08,54.09641873650694,0.5286709610900939,8,5,4,50,61.62,65.8,55.49,49.43,0.0,0.0,0.0,0.0
2599,45801,43.58,52.86886270385717,0.4258690781108737,5,8,4,50,44.73,43.36,42.18,44.04,0.0,0.0,0.0,0.0
2600,86531,60.61,53.69736045706916,0.5093891956555858,8,3,4,50,58.89,62.78,54.05,66.71,0.0,0.0,0.0,0.0
2601,72526,54.49,54.599228378213645,0.438698338924585,7,3,4,50,56.71,46.72,51.35,63.19,0.0,0.0,0.0,0.0
2602,103034,48.61,53.03686469209953,0.4877022618310827,8,2,4,50,48.48,43.22,51.96,50.8,0.0,0.0,0.0,0.0
2603,46859,49.13,54.40009008857772,0.4987673800042108,6,7,4,50,54.33,47.17,42.52,52.51,0.0,0.0,0.0,0.0
2604,42588,52.02,52.52616230301661,0.4956421250595841,0,4,4,50,48.5,53.45,48.71,57.4,0.0,0.0,0.0,0.0
2605,43836,57.73,54.32688488079483,0.4727828780772146,2,8,4,50,52.28,65.78,59.05,53.81,0.0,0.0,0.0,0.0
2606,42627,54.19,54.19289575033413,0.542135904100735,2,11,4,50,58.36,50.99,54.32,53.1,0.0,0.0,0.0,0.0
2607,43181,44.52,54.301458209270734,0.3873614898478621,1,8,4,50,43.84,46.84,44.03,43.37,0.0,0.0,0.0,0.0
2608,54018,52.83,54.12123390978078,0.4732561071440264,6,4,4,50,53.34,56.76,54.8,46.41,0.0,0.0,0.0,0.0
2609,73282,63.56,54.050335843950215,0.3998951712518015,10,6,4,50,67.69,69.08,59.52,57.95,0.0,0.0,0.0,0.0
2610,73282,57.51,54.42457808971762,0.4752437283061121,10,6,4,50,49.83,55.27,57.5,67.43,0.0,0.0,0.0,0.0
2611,47111,44.97,51.36138857858642,0.3903627244020362,7,8,4,50,45.62,47.08,46.57,40.63,0.0,0.0,0.0,0.0
2612,62525,70.61,53.71626455748869,0.3540920525622879,8,5,4,50,79.36,68.82,65.99,68.27,0.0,0.0,0.0,0.0
2613,45398,46.76,52.9186227813475,0.5744295402249263,5,9,4,50,54.69,44.18,45.05,43.12,0.0,0.0,0.0,0.0
2614,48511,43.08,53.93488930594905,0.5107399393392191,4,3,4,50,43.64,40.89,43.9,43.88,0.0,0.0,0.0,0.0
2615,49515,66.01,52.19902745308723,0.4501861260585376,6,5,4,50,71.89,71.6,63.1,57.44,0.0,0.0,0.0,0.0
2616,45545,71.09,52.86563596657962,0.4525566464084992,2,5,4,50,71.13,70.92,74.01,68.29,0.0,0.0,0.0,0.0
2617,46053,53.54,55.15638002920022,0.3897448514725302,6,9,4,50,50.58,56.43,52.49,54.64,0.0,0.0,0.0,0.0
2618,46053,51.62,52.26804239183137,0.418285590634903,6,9,4,50,50.75,54.39,47.87,53.46,0.0,0.0,0.0,0.0
2619,44743,37.99,52.31567575437178,0.4484983055468833,4,9,4,50,39.06,35.82,36.61,40.47,0.0,0.0,0.0,0.0
2620,62023,71.78,53.27452349232571,0.4488750398808177,7,4,4,50,80.12,73.36,67.29,66.33,0.0,0.0,0.0,0.0
2621,48511,58.35,54.41886463774406,0.5030965139723765,4,3,4,50,67.03,61.72,49.03,55.63,0.0,0.0,0.0,0.0
2622,45549,47.33,53.68974983886043,0.4535049792277418,4,7,4,50,41.49,53.02,49.0,45.81,0.0,0.0,0.0,0.0
2623,46456,53.58,52.6794428979246,0.4317100726699399,6,8,4,50,53.25,55.39,55.12,50.58,0.0,0.0,0.0,0.0
2624,47966,62.56,52.47697796318491,0.4928065108139635,8,8,4,50,60.75,66.25,63.91,59.34,0.0,0.0,0.0,0.0
2625,60517,48.87,53.316428296511255,0.4464969808927724,4,1,4,50,49.16,43.69,50.63,52.01,0.0,0.0,0.0,0.0
2626,45952,59.74,55.6777359685444,0.5418315641854875,4,6,4,50,60.2,64.78,57.42,56.55,0.0,0.0,0.0,0.0
2627,45801,81.91,53.88860988215301,0.4799337801672429,5,8,4,50,79.34,84.1,80.94,83.26,0.0,0.0,0.0,0.0
2628,46053,74.3,51.187342777878776,0.620632292442271,6,9,4,50,74.77,71.86,74.51,76.07,0.0,0.0,0.0,0.0
2629,45952,55.89,52.9374804679627,0.3951399485336134,4,6,4,50,64.09,54.33,56.3,48.84,0.0,0.0,0.0,0.0
2630,61521,56.54,53.41785029711845,0.4497072822105832,6,3,4,50,64.37,52.29,52.07,57.43,0.0,0.0,0.0,0.0
2631,53516,49.06,52.9904347393221,0.4489650026276861,5,3,4,50,48.86,51.03,44.29,52.05,0.0,0.0,0.0,0.0
2632,46204,70.93,51.821133685281815,0.3848627886124026,5,7,4,50,60.02,68.16,80.5,75.05,0.0,0.0,0.0,0.0
2633,46855,49.3,52.44894172842223,0.4929393637081595,4,5,4,50,52.91,49.43,43.16,51.7,0.0,0.0,0.0,0.0
2634,45146,73.86,51.967985381420256,0.4652114968746854,4,8,4,50,70.05,77.06,79.58,68.74,0.0,0.0,0.0,0.0
2635,42435,62.02,54.25994687532414,0.478921866216225,0,5,4,50,62.21,55.4,59.19,71.28,0.0,0.0,0.0,0.0
2636,104038,44.97,52.93394657786697,0.4092181945636935,10,4,4,50,50.81,45.99,39.84,43.23,0.0,0.0,0.0,0.0
2637,53014,48.13,50.66780679381691,0.4514410562483618,4,2,4,50,46.22,48.83,45.06,52.4,0.0,0.0,0.0,0.0
2638,46859,65.32,56.66000252933964,0.4407054477959843,6,7,4,50,62.03,59.81,77.15,62.29,0.0,0.0,0.0,0.0
2639,54520,67.4,54.69958504369561,0.4132707353074489,7,5,4,50,64.25,74.24,70.27,60.86,0.0,0.0,0.0,0.0
2640,47462,43.17,53.71897955618432,0.4431113757451628,6,6,4,50,46.7,43.77,42.17,40.05,0.0,0.0,0.0,0.0
2641,62277,79.69,53.8228654969158,0.4269073033798591,9,6,4,50,80.52,81.38,77.99,78.87,0.0,0.0,0.0,0.0
2642,54018,58.46,52.3956535905088,0.4242007277456389,6,4,4,50,46.95,60.64,63.12,63.12,0.0,0.0,0.0,0.0
2643,61521,62.59,52.80300162060694,0.4176808810720661,6,3,4,50,57.1,56.85,65.94,70.48,0.0,0.0,0.0,0.0
2644,150000,47.64,52.626985230151,0.4619179517225239,10,1,4,50,49.4,49.48,46.43,45.25,0.0,0.0,0.0,0.0
2645,43030,62.64,54.362655759758304,0.3836957214052578,2,10,4,50,70.2,61.04,57.03,62.28,0.0,0.0,0.0,0.0
2646,73282,43.47,54.52649870145988,0.4741150748238396,10,6,4,50,43.83,41.89,38.71,49.45,0.0,0.0,0.0,0.0
2647,43836,57.8,53.95493854067031,0.4364297976514307,2,8,4,50,51.11,59.35,58.08,62.64,0.0,0.0,0.0,0.0
2648,45650,44.35,55.040413260756246,0.4182776771803075,6,10,4,50,41.43,40.38,51.58,44.01,0.0,0.0,0.0,0.0
2649,46859,59.44,54.07327833390156,0.4958118102058665,6,7,4,50,58.92,56.34,66.84,55.66,0.0,0.0,0.0,0.0
2650,103536,35.79,53.94499737095369,0.4230716276406416,9,3,4,50,40.58,32.17,36.88,33.52,0.0,0.0,0.0,0.0
2651,43433,60.87,54.047818586603455,0.3607212080948373,2,9,4,50,62.59,61.26,57.54,62.1,0.0,0.0,0.0,0.0
2652,47363,49.89,55.62739757023468,0.3321983393607546,8,9,4,50,47.41,52.05,49.64,50.46,0.0,0.0,0.0,0.0
2653,46855,66.12,55.578914834092224,0.4391030312626082,4,5,4,50,60.67,63.8,75.2,64.81,0.0,0.0,0.0,0.0
2654,47208,62.65,55.85889303971772,0.3983522054584624,4,4,4,50,62.62,61.83,57.25,68.9,0.0,0.0,0.0,0.0
2655,45146,50.69,51.91494366790622,0.4379457873119763,4,8,4,50,55.22,47.46,53.9,46.18,0.0,0.0,0.0,0.0
2656,47208,56.36,52.68681361282378,0.3720416565502741,4,4,4,50,60.03,55.92,57.16,52.32,0.0,0.0,0.0,0.0
2657,45952,61.68,54.59314306229374,0.4872161674110832,4,6,4,50,61.41,56.32,60.09,68.89,0.0,0.0,0.0,0.0
2658,44642,52.84,52.805733473334655,0.4970507716522627,2,6,4,50,57.66,49.5,49.25,54.94,0.0,0.0,0.0,0.0
2659,44239,47.68,54.69269387354103,0.4361282262975888,2,7,4,50,51.16,49.5,43.48,46.6,0.0,0.0,0.0,0.0
2660,41532,55.02,52.35662292912719,0.5428481182598214,0,6,4,50,52.44,50.03,54.25,63.37,0.0,0.0,0.0,0.0
2661,44894,42.42,55.09842481383442,0.4780271923649855,3,7,4,50,38.92,48.45,36.04,46.28,0.0,0.0,0.0,0.0
2662,62023,61.57,53.79537686231326,0.5054056319067695,7,4,4,50,57.51,62.25,60.8,65.73,0.0,0.0,0.0,0.0
2663,49515,62.3,53.40444853845648,0.472368169324916,6,5,4,50,54.21,59.47,65.37,70.15,0.0,0.0,0.0,0.0
2664,46053,56.24,52.78142660532366,0.4299844422881527,6,9,4,50,49.95,58.68,58.07,58.26,0.0,0.0,0.0,0.0
2665,49515,69.53,51.257062172788864,0.4209315108057238,6,5,4,50,66.02,73.65,76.04,62.42,0.0,0.0,0.0,0.0
2666,45146,49.83,53.47873084013486,0.4726626691442879,4,8,4,50,55.93,44.51,49.16,49.72,0.0,0.0,0.0,0.0
2667,49013,73.37,52.512045464202295,0.4841949756495596,5,4,4,50,68.95,81.41,78.81,64.29,0.0,0.0,0.0,0.0
2668,62529,48.72,51.776138568797215,0.3972014848907017,10,7,4,50,56.86,46.41,44.73,46.89,0.0,0.0,0.0,0.0
2669,44239,42.98,56.16571029432011,0.4271321354550952,2,7,4,50,44.58,50.59,41.97,34.77,0.0,0.0,0.0,0.0
2670,73028,62.63,54.880608797516565,0.4836733999717028,8,4,4,50,65.35,67.5,60.53,57.15,0.0,0.0,0.0,0.0
2671,49515,55.48,54.478390742853705,0.4429820066704795,6,5,4,50,55.24,54.04,60.72,51.94,0.0,0.0,0.0,0.0
2672,123039,51.53,53.649414321607445,0.4463077310197449,9,2,4,50,51.85,55.09,49.58,49.61,0.0,0.0,0.0,0.0
2673,54776,58.1,51.523290029091925,0.4840458623831886,10,8,4,50,49.88,62.98,61.36,58.18,0.0,0.0,0.0,0.0
2674,62023,61.02,53.5245692046253,0.4723200764770474,7,4,4,50,62.78,60.14,53.72,67.45,0.0,0.0,0.0,0.0
2675,54018,47.48,55.85358628877054,0.4612836591844512,6,4,4,50,43.91,41.2,52.36,52.43,0.0,0.0,0.0,0.0
2676,104038,37.64,55.68369793626095,0.4184892625116159,10,4,4,50,35.04,38.41,35.51,41.61,0.0,0.0,0.0,0.0
2677,45851,37.58,52.16308723615596,0.5010295148224478,2,3,4,50,34.56,39.63,34.67,41.44,0.0,0.0,0.0,0.0
2678,45549,60.0,53.109885946013634,0.4697553618988349,4,7,4,50,62.79,61.54,63.09,52.58,0.0,0.0,0.0,0.0
2679,103034,65.32,52.50814747317023,0.4798468395287179,8,2,4,50,65.11,60.71,64.1,71.36,0.0,0.0,0.0,0.0
2680,150000,60.32,52.92190429378383,0.4394827723478818,12,3,4,50,58.97,62.55,61.28,58.5,0.0,0.0,0.0,0.0
2681,45650,52.27,54.98453412396582,0.4408315709186755,6,10,4,50,53.41,53.51,54.39,47.78,0.0,0.0,0.0,0.0
2682,54520,73.28,52.46083290548394,0.4313288249057121,7,5,4,50,76.92,74.68,76.69,64.82,0.0,0.0,0.0,0.0
2683,102532,65.01,51.39558161178934,0.4594653446763377,7,1,4,50,66.9,69.95,65.87,57.33,0.0,0.0,0.0,0.0
2684,73028,64.27,52.54866913312791,0.4015919623229128,8,4,4,50,64.94,57.86,61.74,72.55,0.0,0.0,0.0,0.0
2685,45549,54.44,52.87960398035455,0.4741804012625097,4,7,4,50,49.58,60.64,58.11,49.43,0.0,0.0,0.0,0.0
2686,61521,68.98,51.52519777878632,0.5043510007158696,6,3,4,50,74.05,73.37,67.67,60.82,0.0,0.0,0.0,0.0
2687,61521,81.72,53.56696235553722,0.4647616192408189,6,3,4,50,77.88,80.72,81.55,86.75,0.0,0.0,0.0,0.0
2688,73028,67.94,55.30410915358576,0.4378590647710406,8,4,4,50,69.7,65.41,70.07,66.59,0.0,0.0,0.0,0.0
2689,86531,49.08,53.836266705023725,0.3935516984380148,8,3,4,50,42.37,45.08,55.99,52.88,0.0,0.0,0.0,0.0
2690,45698,67.94,52.16210155359144,0.4582983780395461,2,4,4,50,71.57,65.69,73.98,60.51,0.0,0.0,0.0,0.0
2691,45146,56.8,55.68888809732673,0.4407245874892315,4,8,4,50,61.69,57.06,55.35,53.08,0.0,0.0,0.0,0.0
2692,45146,51.89,51.5101805243275,0.4859521847707319,4,8,4,50,50.78,55.15,54.8,46.81,0.0,0.0,0.0,0.0
2693,73028,66.89,56.116507504539214,0.4773397035102976,8,4,4,50,77.97,61.65,61.28,66.64,0.0,0.0,0.0,0.0
2694,47462,55.4,51.90508860354744,0.4285822599017332,6,6,4,50,57.9,58.56,56.79,48.36,0.0,0.0,0.0,0.0
2695,47710,71.3,55.32603180563481,0.527579092796004,5,5,4,50,71.57,65.25,69.37,78.99,0.0,0.0,0.0,0.0
2696,43937,85.0,52.45166339838365,0.47695146038008,4,11,4,50,82.71,87.48,81.85,87.98,0.0,0.0,0.0,0.0
2697,49267,71.25,55.200058694889165,0.3670039449053084,7,6,4,50,73.76,75.9,68.35,66.98,0.0,0.0,0.0,0.0
2698,49519,47.36,53.28866520382048,0.5593920269835091,8,7,4,50,49.58,41.57,52.2,46.09,0.0,0.0,0.0,0.0
2699,87033,64.04,53.46314689870407,0.5136312408322897,9,4,4,50,60.96,66.33,60.5,68.35,0.0,0.0,0.0,0.0
2700,87535,80.08,52.74869414206066,0.4631752033153207,10,5,4,50,71.13,78.09,87.93,83.15,0.0,0.0,0.0,0.0
2701,54018,48.81,51.53696171257683,0.4496032210955127,6,4,4,50,45.48,46.17,55.12,48.46,0.0,0.0,0.0,0.0
2702,47966,51.56,53.0668702081567,0.4411498451434471,8,8,4,50,50.96,45.83,52.07,57.4,0.0,0.0,0.0,0.0
2703,87033,63.04,53.66395031893335,0.4777284273754887,9,4,4,50,59.66,61.03,63.22,68.24,0.0,0.0,0.0,0.0
2704,61521,64.14,52.624231837770296,0.4706167532380473,6,3,4,50,59.56,67.92,67.99,61.11,0.0,0.0,0.0,0.0
2705,41532,67.51,52.93175892313021,0.4050194994847867,0,6,4,50,73.6,61.54,60.21,74.68,0.0,0.0,0.0,0.0
2706,60517,76.33,52.55152264004526,0.441322050645932,4,1,4,50,77.93,88.09,76.43,62.88,0.0,0.0,0.0,0.0
2707,48511,60.32,52.73826299220636,0.466163025734308,4,3,4,50,64.49,51.54,58.02,67.21,0.0,0.0,0.0,0.0
2708,44894,54.34,57.77488920992917,0.4785420864146984,3,7,4,50,61.8,57.89,46.43,51.26,0.0,0.0,0.0,0.0
2709,47208,59.43,53.6246051747268,0.4709174279915593,4,4,4,50,54.14,65.15,65.64,52.79,0.0,0.0,0.0,0.0
2710,62525,64.8,52.827655787524606,0.4927665557380835,8,5,4,50,68.34,67.65,67.46,55.77,0.0,0.0,0.0,0.0
2711,49519,50.51,53.25580036729205,0.483062827970607,8,7,4,50,52.87,47.78,48.88,52.5,0.0,0.0,0.0,0.0
2712,45549,49.7,54.67081837744754,0.3728130555234408,4,7,4,50,45.36,49.2,54.35,49.87,0.0,0.0,0.0,0.0
2713,45650,60.74,54.54179204461097,0.4966999050006138,6,10,4,50,56.68,57.15,66.43,62.7,0.0,0.0,0.0,0.0
2714,44491,56.4,55.17572156079467,0.4384180903580206,3,8,4,50,58.09,60.26,58.49,48.74,0.0,0.0,0.0,0.0
2715,44491,81.44,51.33617188987714,0.4564026881780331,3,8,4,50,77.8,83.51,75.29,89.17,0.0,0.0,0.0,0.0
2716,49013,76.77,53.073409339568016,0.5016448295668468,5,4,4,50,67.79,75.05,82.69,81.56,0.0,0.0,0.0,0.0
2717,47615,64.18,54.58292682041795,0.3885844641117698,9,10,4,50,56.79,67.4,66.49,66.06,0.0,0.0,0.0,0.0
2718,54018,64.35,54.38843640009949,0.5046155724696298,6,4,4,50,65.43,68.75,64.59,58.64,0.0,0.0,0.0,0.0
2719,45549,67.28,53.61574722655412,0.4069352387097252,4,7,4,50,70.57,67.49,68.01,63.05,0.0,0.0,0.0,0.0
2720,45698,43.32,52.64283478021749,0.4593401566720511,2,4,4,50,42.0,40.37,52.17,38.76,0.0,0.0,0.0,0.0
2721,54272,68.84,53.177513336718754,0.4956853072541472,8,6,4,50,62.88,70.68,74.17,67.65,0.0,0.0,0.0,0.0
2722,46855,54.26,54.83032458690522,0.4578114505643096,4,5,4,50,57.94,48.25,58.47,52.38,0.0,0.0,0.0,0.0
2723,54018,46.02,54.288815855245,0.3680211766901078,6,4,4,50,44.15,39.92,49.26,50.75,0.0,0.0,0.0,0.0
2724,45698,43.31,55.83819325849983,0.4511866640745125,2,4,4,50,47.75,38.88,48.44,38.18,0.0,0.0,0.0,0.0
2725,45146,69.6,51.21518745845907,0.4280994002340056,4,8,4,50,75.25,68.49,63.4,71.28,0.0,0.0,0.0,0.0
2726,54272,67.84,55.64646374529658,0.4527399970185385,8,6,4,50,65.68,67.42,62.65,75.61,0.0,0.0,0.0,0.0
2727,46859,58.9,53.07578299574989,0.4893706456223138,6,7,4,50,61.84,60.48,53.06,60.24,0.0,0.0,0.0,0.0
2728,54272,53.53,54.1573380309212,0.4977980541723483,8,6,4,50,49.05,58.4,48.8,57.86,0.0,0.0,0.0,0.0
2729,45247,57.98,54.45846249117802,0.447396691232289,6,11,4,50,50.02,54.77,62.15,64.98,0.0,0.0,0.0,0.0
2730,48511,60.1,52.81949111070579,0.4783448416501702,4,3,4,50,62.51,60.25,61.48,56.15,0.0,0.0,0.0,0.0
2731,45146,49.57,55.94775098801593,0.4810709810680488,4,8,4,50,55.05,47.42,41.97,53.84,0.0,0.0,0.0,0.0
2732,45549,69.67,56.33315615814245,0.450867030458435,4,7,4,50,69.96,77.97,66.53,64.23,0.0,0.0,0.0,0.0
2733,47462,62.26,54.2504551986783,0.4889988491333868,6,6,4,50,56.2,63.66,61.4,67.77,0.0,0.0,0.0,0.0
2734,46855,71.61,52.47195004907263,0.5398349174879289,4,5,4,50,69.71,78.01,61.5,77.22,0.0,0.0,0.0,0.0
2735,45698,37.84,53.6337569551673,0.5138345267531739,2,4,4,50,34.05,37.81,43.4,36.09,0.0,0.0,0.0,0.0
2736,42778,69.5,55.1101647185545,0.4151005629783609,1,9,4,50,68.97,75.63,72.22,61.19,0.0,0.0,0.0,0.0
2737,73028,52.33,54.57405345122908,0.3664510841052457,8,4,4,50,48.8,52.46,59.13,48.93,0.0,0.0,0.0,0.0
2738,54272,54.24,54.95923837159524,0.4861787179078482,8,6,4,50,56.49,54.42,47.92,58.12,0.0,0.0,0.0,0.0
2739,43181,70.03,52.502337633930544,0.3936237262940228,1,8,4,50,72.86,69.81,65.32,72.11,0.0,0.0,0.0,0.0
2740,86531,63.95,53.64941808885304,0.4893799445974361,8,3,4,50,61.02,66.38,57.27,71.11,0.0,0.0,0.0,0.0
2741,73530,74.96,50.7112589192491,0.4913276580772846,9,5,4,50,71.73,73.46,76.13,78.52,0.0,0.0,0.0,0.0
2742,44340,62.57,53.65780329977057,0.3968008648194881,4,10,4,50,65.98,58.66,66.2,59.44,0.0,0.0,0.0,0.0
2743,122537,46.84,55.18657084292572,0.46462552465017,8,1,4,50,45.94,42.47,46.51,52.46,0.0,0.0,0.0,0.0
2744,47462,66.13,51.93157320069224,0.4884342341922864,6,6,4,50,68.27,62.63,64.74,68.88,0.0,0.0,0.0,0.0
2745,62525,52.76,52.24431758538833,0.5179082529258788,8,5,4,50,55.03,57.13,46.6,52.29,0.0,0.0,0.0,0.0
2746,87025,49.43,53.89967005124348,0.3280542413201679,5,0,4,50,44.8,54.4,52.33,46.19,0.0,0.0,0.0,0.0
2747,53516,37.88,51.21971807395127,0.3501470254070464,5,3,4,50,32.1,46.88,36.93,35.6,0.0,0.0,0.0,0.0
2748,44743,58.66,54.12779033313119,0.4332175313800201,4,9,4,50,57.65,55.2,60.93,60.86,0.0,0.0,0.0,0.0
2749,45146,46.44,52.64751523422772,0.4065078146384165,4,8,4,50,45.52,40.99,49.22,50.03,0.0,0.0,0.0,0.0
2750,47462,34.98,52.83742804025114,0.3472327102625296,6,6,4,50,33.49,37.52,34.4,34.53,0.0,0.0,0.0,0.0
2751,44239,54.18,55.1338548047097,0.3716810319622036,2,7,4,50,54.7,59.86,50.91,51.27,0.0,0.0,0.0,0.0
2752,150000,78.38,53.56893310070732,0.4967390093696511,10,0,4,50,87.88,71.65,72.11,81.86,0.0,0.0,0.0,0.0
2753,46855,53.84,54.08405295860076,0.4303407621593244,4,5,4,50,53.52,51.12,54.07,56.64,0.0,0.0,0.0,0.0
2754,61521,45.71,52.608125970826514,0.4346765835076648,6,3,4,50,48.58,49.95,41.66,42.66,0.0,0.0,0.0,0.0
2755,73534,52.64,51.37780838190878,0.4390676080329513,11,7,4,50,50.7,52.87,54.96,52.01,0.0,0.0,0.0,0.0
2756,47710,75.79,55.935906005250615,0.2879551760373965,5,5,4,50,73.13,73.67,76.58,79.78,0.0,0.0,0.0,0.0
2757,47462,73.72,53.343536543703735,0.4847774311291633,6,6,4,50,71.81,72.66,74.32,76.11,0.0,0.0,0.0,0.0
2758,53014,33.16,54.25089457513862,0.3888541299584637,4,2,4,50,36.51,33.39,31.23,31.5,0.0,0.0,0.0,0.0
2759,45146,42.92,50.24855992536094,0.474988697510375,4,8,4,50,46.32,41.83,40.18,43.35,0.0,0.0,0.0,0.0
2760,146044,57.95,54.54979368168057,0.4909637476202488,10,2,4,50,59.82,60.04,58.09,53.86,0.0,0.0,0.0,0.0
2761,44743,69.57,55.57291478423489,0.4688373417577294,4,9,4,50,72.58,69.31,72.83,63.56,0.0,0.0,0.0,0.0
2762,45146,42.56,52.38577151458012,0.5100998103026071,4,8,4,50,40.95,42.93,47.35,39.01,0.0,0.0,0.0,0.0
2763,49515,59.98,53.3692201632964,0.4034288313927419,6,5,4,50,51.71,67.38,62.79,58.03,0.0,0.0,0.0,0.0
2764,45545,72.44,53.12701658318738,0.4941870772283723,2,5,4,50,73.13,62.66,76.43,77.54,0.0,0.0,0.0,0.0
2765,46204,42.68,52.539455931873846,0.4030099378880853,5,7,4,50,38.22,48.48,42.6,41.44,0.0,0.0,0.0,0.0
2766,73028,60.44,52.95553618644526,0.3799351654988584,8,4,4,50,67.1,60.76,62.28,51.61,0.0,0.0,0.0,0.0
2767,54520,62.1,53.17376043073487,0.4582581026720091,7,5,4,50,69.39,63.64,65.07,50.32,0.0,0.0,0.0,0.0
2768,62023,62.42,54.08703345264355,0.4671340440683615,7,4,4,50,58.13,65.07,70.18,56.3,0.0,0.0,0.0,0.0
2769,61521,58.77,54.83602991838257,0.4651344140159108,6,3,4,50,58.83,57.61,60.26,58.37,0.0,0.0,0.0,0.0
2770,46204,43.54,52.95388124276283,0.5111322986146281,5,7,4,50,42.37,42.36,42.8,46.62,0.0,0.0,0.0,0.0
2771,44642,60.9,52.16326465976787,0.4214537375422088,2,6,4,50,57.92,67.87,61.43,56.36,0.0,0.0,0.0,0.0
2772,124545,41.57,51.53691994569216,0.4843789568855675,12,5,4,50,35.92,43.15,45.57,41.63,0.0,0.0,0.0,0.0
2773,45650,67.32,52.56817431998012,0.3648750326356204,6,10,4,50,64.34,62.13,69.24,73.56,0.0,0.0,0.0,0.0
2774,43685,60.29,50.973110415751854,0.3376851512015719,3,10,4,50,57.25,57.03,55.17,71.72,0.0,0.0,0.0,0.0
2775,86531,74.45,54.03050992424669,0.5068008697815471,8,3,4,50,63.99,83.37,78.87,71.57,0.0,0.0,0.0,0.0
2776,103034,71.22,53.45711460019943,0.4732292656755887,8,2,4,50,70.23,65.22,70.48,78.94,0.0,0.0,0.0,0.0
2777,54018,50.26,54.1429914042404,0.4400440996817679,6,4,4,50,48.95,56.5,51.87,43.72,0.0,0.0,0.0,0.0
2778,45545,42.89,53.92783796004318,0.4615478831035545,2,5,4,50,36.72,45.33,43.3,46.21,0.0,0.0,0.0,0.0
2779,73028,47.39,52.84226363356011,0.4259880963150254,8,4,4,50,43.83,49.36,45.16,51.22,0.0,0.0,0.0,0.0
2780,45650,66.14,52.79619882494456,0.3656471697547604,6,10,4,50,58.79,70.1,72.51,63.18,0.0,0.0,0.0,0.0
2781,102532,84.46,55.575924949369615,0.4030277591574406,7,1,4,50,83.33,93.48,82.05,78.99,0.0,0.0,0.0,0.0
2782,47363,63.82,52.5943416315146,0.4073684990049396,8,9,4,50,58.68,73.03,56.49,67.06,0.0,0.0,0.0,0.0
2783,85527,62.59,54.05109793703539,0.4087967665708311,6,1,4,50,65.28,61.46,55.01,68.61,0.0,0.0,0.0,0.0
2784,48511,63.26,51.40250771577918,0.4943840057469723,4,3,4,50,69.8,56.41,63.83,62.98,0.0,0.0,0.0,0.0
2785,45952,60.19,54.42394621194701,0.375208877895461,4,6,4,50,68.2,53.15,66.36,53.04,0.0,0.0,0.0,0.0
2786,49515,53.62,55.96295466181978,0.4130277233962078,6,5,4,50,57.62,48.93,52.88,55.03,0.0,0.0,0.0,0.0
2787,150000,60.57,52.35489688689756,0.4294948050674119,14,4,4,50,53.47,61.41,66.29,61.11,0.0,0.0,0.0,0.0
2788,49515,64.09,55.22952672388244,0.4265086993512245,6,5,4,50,60.92,64.83,69.06,61.53,0.0,0.0,0.0,0.0
2789,54018,47.46,52.68094241767335,0.4645552321570986,6,4,4,50,49.68,44.42,51.76,43.97,0.0,0.0,0.0,0.0
2790,42627,60.14,54.69919576049289,0.3926282727718708,2,11,4,50,68.04,59.92,52.82,59.76,0.0,0.0,0.0,0.0
2791,150000,44.08,54.20718670927226,0.3794426959160789,10,1,4,50,41.32,37.87,50.5,46.63,0.0,0.0,0.0,0.0
2792,61521,43.55,54.36347090385619,0.476943978499136,6,3,4,50,36.55,49.31,46.66,41.68,0.0,0.0,0.0,0.0
2793,46855,63.5,53.88192447995315,0.411146739785912,4,5,4,50,59.75,67.21,58.97,68.09,0.0,0.0,0.0,0.0
2794,62525,57.41,54.98932107875986,0.4310698579456017,8,5,4,50,59.32,58.21,63.71,48.4,0.0,0.0,0.0,0.0
2795,86531,66.57,55.57031091857558,0.4362377208214607,8,3,4,50,63.55,56.27,70.54,75.93,0.0,0.0,0.0,0.0
2796,103034,64.16,52.43402588759472,0.4249265253968518,8,2,4,50,62.94,64.57,67.27,61.86,0.0,0.0,0.0,0.0
2797,45549,54.67,54.85190628955064,0.4329339481521776,4,7,4,50,59.99,55.5,53.35,49.84,0.0,0.0,0.0,0.0
2798,102532,49.36,52.75648118820682,0.4476918190600257,7,1,4,50,46.17,47.68,52.13,51.47,0.0,0.0,0.0,0.0
2799,61019,58.08,54.16910143557824,0.442676941678725,5,2,4,50,54.57,58.83,59.23,59.69,0.0,0.0,0.0,0.0
2800,45650,46.36,53.85284846819712,0.4181887904578542,6,10,4,50,46.66,49.68,44.79,44.29,0.0,0.0,0.0,0.0
2801,47714,64.44,53.57252765759137,0.433710235787785,7,7,4,50,70.13,54.53,64.32,68.76,0.0,0.0,0.0,0.0
2802,47208,54.29,52.50117850492355,0.4740365630182451,4,4,4,50,50.08,54.86,57.92,54.3,0.0,0.0,0.0,0.0
2803,46855,59.18,53.65981631677066,0.3988353583147003,4,5,4,50,58.17,61.34,55.27,61.94,0.0,0.0,0.0,0.0
2804,73028,82.52,53.16025278646835,0.4771729533239641,8,4,4,50,68.21,87.34,87.7,86.84,0.0,0.0,0.0,0.0
2805,73282,59.54,54.69861583339413,0.5007866631563778,10,6,4,50,64.66,68.06,54.15,51.29,0.0,0.0,0.0,0.0
2806,147048,58.03,51.91319515419968,0.4286680775194423,12,4,4,50,62.45,64.34,58.07,47.25,0.0,0.0,0.0,0.0
2807,61521,64.94,52.28956476422491,0.4452601244969149,6,3,4,50,63.97,58.28,66.85,70.67,0.0,0.0,0.0,0.0
2808,47462,60.69,57.06652169169598,0.48600275316533,6,6,4,50,69.16,58.49,60.2,54.92,0.0,0.0,0.0,0.0
2809,46859,47.41,53.52092244172929,0.4230601286171396,6,7,4,50,48.11,41.91,48.85,50.77,0.0,0.0,0.0,0.0
2810,62525,75.4,54.40674128072047,0.4509389243871679,8,5,4,50,86.05,78.59,64.65,72.3,0.0,0.0,0.0,0.0
2811,47710,64.87,51.86110811885664,0.4045159216176643,5,5,4,50,68.21,68.66,68.16,54.46,0.0,0.0,0.0,0.0
2812,41129,59.99,58.24299782045026,0.3930438923681757,0,7,4,50,52.08,65.51,66.96,55.4,0.0,0.0,0.0,0.0
2813,124043,52.17,54.36201630658647,0.4110027038603945,11,4,4,50,61.62,43.65,48.63,54.78,0.0,0.0,0.0,0.0
2814,49515,46.16,53.29248037089214,0.3389045569517371,6,5,4,50,49.05,44.83,41.31,49.46,0.0,0.0,0.0,0.0
2815,43433,47.14,51.22403913570572,0.4232397523546059,2,9,4,50,49.01,51.9,40.38,47.27,0.0,0.0,0.0,0.0
2816,104038,39.44,53.34090137154677,0.4416098447109474,10,4,4,50,40.67,40.36,38.61,38.14,0.0,0.0,0.0,0.0
2817,146044,59.86,56.25820521343413,0.3710322424224441,10,2,4,50,67.33,50.05,63.57,58.49,0.0,0.0,0.0,0.0
2818,48119,44.66,52.81166559326318,0.4581930178850129,11,12,4,50,44.71,50.13,42.28,41.52,0.0,0.0,0.0,0.0
2819,46607,56.57,53.11628527050038,0.4027294519460598,5,6,4,50,55.38,57.04,57.38,56.49,0.0,0.0,0.0,0.0
2820,86531,43.96,49.85368734101258,0.4157902043896625,8,3,4,50,40.46,38.7,52.76,43.93,0.0,0.0,0.0,0.0
2821,46859,42.56,54.34664922533463,0.4255783680352214,6,7,4,50,47.49,38.86,39.51,44.38,0.0,0.0,0.0,0.0
2822,46607,39.92,54.31551843096796,0.3624153149259194,5,6,4,50,41.0,36.54,37.25,44.89,0.0,0.0,0.0,0.0
2823,146044,70.04,51.74200618734235,0.4772440125152938,10,2,4,50,69.87,77.78,64.91,67.58,0.0,0.0,0.0,0.0
2824,146044,45.76,54.19367856988054,0.3193569080862776,10,2,4,50,40.37,54.51,40.91,47.26,0.0,0.0,0.0,0.0
2825,45146,47.13,52.48817398463248,0.4512546500485985,4,8,4,50,43.6,46.41,48.39,50.14,0.0,0.0,0.0,0.0
2826,61521,70.25,52.363010999179394,0.4909438185444971,6,3,4,50,68.09,68.52,71.53,72.87,0.0,0.0,0.0,0.0
2827,46855,58.5,55.59302230506928,0.3681800954384285,4,5,4,50,49.7,54.57,63.55,66.19,0.0,0.0,0.0,0.0
2828,54272,46.33,54.018163566669045,0.4034314967158006,8,6,4,50,54.73,40.98,42.63,46.98,0.0,0.0,0.0,0.0
2829,47462,45.42,55.27941430831787,0.380979061154829,6,6,4,50,46.92,53.84,39.75,41.19,0.0,0.0,0.0,0.0
2830,46204,47.95,52.93603232848078,0.4707549741300043,5,7,4,50,48.12,46.83,50.21,46.65,0.0,0.0,0.0,0.0
2831,54018,57.42,53.35886937117854,0.4783877607542028,6,4,4,50,63.13,53.69,56.62,56.23,0.0,0.0,0.0,0.0
2832,62525,53.1,55.418358736924986,0.4619962493883336,8,5,4,50,56.41,60.9,46.2,48.91,0.0,0.0,0.0,0.0
2833,50023,59.62,54.57782342057797,0.4010972834831576,10,9,4,50,62.7,62.75,59.03,54.0,0.0,0.0,0.0,0.0
2834,72526,55.6,53.39520407406047,0.3744436347248956,7,3,4,50,48.93,63.02,58.55,51.92,0.0,0.0,0.0,0.0
2835,147048,50.08,53.75726382113192,0.4721450734956459,12,4,4,50,56.8,51.76,45.23,46.53,0.0,0.0,0.0,0.0
2836,73028,68.81,54.50944236377261,0.4038869564424087,8,4,4,50,67.86,64.11,74.04,69.23,0.0,0.0,0.0,0.0
2837,62525,58.64,54.849274455671306,0.4351496802716331,8,5,4,50,61.02,58.55,50.15,64.85,0.0,0.0,0.0,0.0
2838,104038,50.09,55.32769523958714,0.4117683572393459,10,4,4,50,50.69,52.6,47.94,49.12,0.0,0.0,0.0,0.0
2839,102532,53.54,54.55013750665919,0.3334146403759087,7,1,4,50,53.55,52.27,55.37,52.96,0.0,0.0,0.0,0.0
2840,47462,64.85,52.278110730407626,0.4388804955993758,6,6,4,50,59.69,62.79,61.44,75.48,0.0,0.0,0.0,0.0
2841,86531,68.77,52.45499675497003,0.3736643842848676,8,3,4,50,69.76,72.87,61.7,70.75,0.0,0.0,0.0,0.0
2842,73282,61.04,54.48831249432008,0.4297337291659811,10,6,4,50,61.74,61.92,54.21,66.28,0.0,0.0,0.0,0.0
2843,47208,66.97,56.1534299198035,0.4854111647598858,4,4,4,50,64.9,60.74,70.69,71.56,0.0,0.0,0.0,0.0
2844,87535,68.98,54.33472935787002,0.4072253025653524,10,5,4,50,65.09,70.47,61.71,78.64,0.0,0.0,0.0,0.0
2845,47462,59.16,53.86083089372906,0.4246328187954059,6,6,4,50,58.46,58.83,60.01,59.36,0.0,0.0,0.0,0.0
2846,49515,66.89,53.97914615554286,0.3958143190874608,6,5,4,50,68.86,59.7,70.42,68.58,0.0,0.0,0.0,0.0
2847,86531,69.11,54.4014744943022,0.3937134623414076,8,3,4,50,67.78,73.63,69.54,65.48,0.0,0.0,0.0,0.0
2848,150000,60.53,54.030964394722105,0.4429503564773152,14,4,4,50,53.2,66.58,59.07,63.28,0.0,0.0,0.0,0.0
2849,46204,44.06,56.740360183142926,0.4624152573385661,5,7,4,50,42.78,43.78,40.73,48.96,0.0,0.0,0.0,0.0
2850,62525,69.4,52.0843235670298,0.4029163345450104,8,5,4,50,63.42,72.49,66.45,75.25,0.0,0.0,0.0,0.0
2851,50023,57.77,54.17753589107625,0.3958787532577983,10,9,4,50,54.52,59.48,58.0,59.09,0.0,0.0,0.0,0.0
2852,46855,59.93,53.01224543604037,0.5285995465673847,4,5,4,50,61.38,61.12,62.89,54.32,0.0,0.0,0.0,0.0
2853,124043,54.73,55.299595662373214,0.4245181199694736,11,4,4,50,61.02,48.09,61.34,48.45,0.0,0.0,0.0,0.0
2854,147048,55.62,53.812476944308585,0.4474449920405771,12,4,4,50,51.65,54.66,56.04,60.15,0.0,0.0,0.0,0.0
2855,46607,64.98,54.682471738119744,0.4153465284844774,5,6,4,50,60.24,56.56,67.47,75.66,0.0,0.0,0.0,0.0
2856,62525,40.17,52.33471377537448,0.51558370725872,8,5,4,50,33.95,39.3,45.19,42.24,0.0,0.0,0.0,0.0
2857,47966,65.92,52.47137772039386,0.4377843625642603,8,8,4,50,58.28,63.86,71.06,70.47,0.0,0.0,0.0,0.0
2858,39920,36.26,52.342145415216656,0.4372945864026671,0,10,4,50,38.47,36.77,33.85,35.94,0.0,0.0,0.0,0.0
2859,72024,48.02,54.9172483174681,0.4555526294175049,6,2,4,50,50.05,45.3,49.47,47.27,0.0,0.0,0.0,0.0
2860,86029,68.26,53.817356182740376,0.4825517827383004,7,2,4,50,61.23,76.19,60.56,75.08,0.0,0.0,0.0,0.0
2861,87033,51.67,54.12367174081206,0.449759527300873,9,4,4,50,47.49,51.79,52.75,54.64,0.0,0.0,0.0,0.0
2862,47710,45.74,52.117312967264105,0.495432917944356,5,5,4,50,46.33,48.41,41.25,46.96,0.0,0.0,0.0,0.0
2863,49267,50.66,52.504149577662005,0.4544513926038336,7,6,4,50,50.8,49.42,54.5,47.9,0.0,0.0,0.0,0.0
2864,46855,58.26,52.8515337594985,0.4612241658993479,4,5,4,50,65.79,58.46,55.6,53.19,0.0,0.0,0.0,0.0
2865,49515,51.5,55.07360002208685,0.43705849909574,6,5,4,50,47.79,45.11,54.51,58.58,0.0,0.0,0.0,0.0
2866,86531,54.64,52.42485327663257,0.386309442463666,8,3,4,50,55.71,46.6,60.53,55.73,0.0,0.0,0.0,0.0
2867,45952,70.89,57.01499388110944,0.3567351398407663,4,6,4,50,71.28,72.93,67.4,71.96,0.0,0.0,0.0,0.0
2868,87535,69.09,55.11781853808744,0.4252507754723648,10,5,4,50,76.36,63.24,71.9,64.85,0.0,0.0,0.0,0.0
2869,73028,70.1,55.38737136789285,0.388487727266456,8,4,4,50,62.96,66.51,81.57,69.37,0.0,0.0,0.0,0.0
2870,85527,48.95,53.70884456147179,0.3934413510227338,6,1,4,50,48.75,55.52,46.33,45.18,0.0,0.0,0.0,0.0
2871,62023,52.24,54.766463903818014,0.4470992751961004,7,4,4,50,54.39,56.28,46.79,51.49,0.0,0.0,0.0,0.0
2872,46960,48.16,53.27950263451613,0.4361473235330729,8,10,4,50,45.17,46.03,49.45,51.97,0.0,0.0,0.0,0.0
2873,54272,51.07,52.45717138721804,0.3724634945285333,8,6,4,50,44.8,52.13,53.46,53.87,0.0,0.0,0.0,0.0
2874,46456,52.76,54.63267756770499,0.5445483268901251,6,8,4,50,45.57,53.53,60.51,51.45,0.0,0.0,0.0,0.0
2875,146546,61.45,53.99369450925325,0.4423034241109301,11,3,4,50,62.67,61.29,59.49,62.36,0.0,0.0,0.0,0.0
2876,150000,64.79,52.82456930616557,0.354424348487408,13,4,4,50,66.69,62.88,58.64,70.95,0.0,0.0,0.0,0.0
2877,150000,51.92,53.94212093128425,0.3270044666151012,11,0,4,50,46.17,51.77,50.97,58.76,0.0,0.0,0.0,0.0
2878,45698,44.22,56.49608710929253,0.4509119092044366,2,4,4,50,39.05,47.79,46.1,43.92,0.0,0.0,0.0,0.0
2879,47462,54.71,55.409847450063154,0.4711723306059784,6,6,4,50,56.2,55.9,53.95,52.8,0.0,0.0,0.0,0.0
2880,87033,54.75,54.063442281141015,0.418163982895515,9,4,4,50,51.31,55.93,50.05,61.7,0.0,0.0,0.0,0.0
2881,45902,52.53,52.6999409678694,0.3801765826272205,7,11,4,50,56.33,57.48,46.74,49.55,0.0,0.0,0.0,0.0
2882,49515,56.17,53.91825962450381,0.3458154388353391,6,5,4,50,59.56,54.56,56.29,54.27,0.0,0.0,0.0,0.0
2883,123541,46.98,55.22103792513978,0.4390178584932253,10,3,4,50,52.35,50.15,44.27,41.14,0.0,0.0,0.0,0.0
2884,45952,66.17,56.76482606664925,0.4014706451616112,4,6,4,50,66.61,59.97,72.0,66.09,0.0,0.0,0.0,0.0
2885,73282,53.56,54.81668820534382,0.3976431207596656,10,6,4,50,53.84,54.05,54.27,52.06,0.0,0.0,0.0,0.0
2886,104540,44.24,55.32172145761204,0.422819390641925,11,5,4,50,43.58,38.45,49.06,45.85,0.0,0.0,0.0,0.0
2887,47462,69.89,54.153258034380336,0.3866297161352928,6,6,4,50,66.88,67.04,77.7,67.94,0.0,0.0,0.0,0.0
2888,46456,52.28,58.00753991304635,0.4722963530415029,6,8,4,50,48.87,52.93,57.39,49.91,0.0,0.0,0.0,0.0
2889,45952,69.89,55.25965427781119,0.4319188708467016,4,6,4,50,66.27,82.75,61.63,68.91,0.0,0.0,0.0,0.0
2890,150000,59.27,54.60185549263424,0.5344289197257115,16,1,4,50,56.54,63.76,55.06,61.72,0.0,0.0,0.0,0.0
2891,49519,53.36,53.51229487456236,0.3546365858240384,8,7,4,50,59.15,49.63,57.06,47.58,0.0,0.0,0.0,0.0
2892,47208,61.59,55.72719854658774,0.3884842811329051,4,4,4,50,66.34,56.96,53.01,70.06,0.0,0.0,0.0,0.0
2893,46706,60.65,54.78424416547115,0.4101055028335583,3,3,4,50,61.52,60.57,62.8,57.7,0.0,0.0,0.0,0.0
2894,43937,69.33,53.64289178201243,0.4152865006124754,4,11,4,50,66.73,74.37,64.5,71.73,0.0,0.0,0.0,0.0
2895,150000,46.34,54.43297500697151,0.4786605035809753,14,2,4,50,42.64,50.13,46.28,46.32,0.0,0.0,0.0,0.0
2896,44743,52.54,52.94355322263832,0.3621917863981432,4,9,4,50,64.85,47.81,48.57,48.92,0.0,0.0,0.0,0.0
2897,86531,57.88,53.686542185347975,0.4621436141058979,8,3,4,50,48.47,61.53,58.99,62.51,0.0,0.0,0.0,0.0
2898,54272,56.95,54.03020420439149,0.447147518218221,8,6,4,50,61.69,62.2,48.5,55.42,0.0,0.0,0.0,0.0
2899,62277,67.86,53.48180866829324,0.4555878999138749,9,6,4,50,61.07,68.84,71.06,70.49,0.0,0.0,0.0,0.0
2900,47462,67.15,52.57755023255717,0.3857110282552247,6,6,4,50,61.29,69.36,64.76,73.18,0.0,0.0,0.0,0.0
2901,61521,51.62,56.01808238214363,0.3940454999112339,6,3,4,50,56.48,48.04,54.9,47.07,0.0,0.0,0.0,0.0
2902,54018,59.52,50.24656953016986,0.3847789691464982,6,4,4,50,57.75,54.62,64.83,60.88,0.0,0.0,0.0,0.0
2903,46855,54.28,54.995918791197525,0.3977953415251642,4,5,4,50,54.59,60.73,47.84,53.97,0.0,0.0,0.0,0.0
2904,146044,64.91,52.50122977800803,0.460799452821958,10,2,4,50,58.62,70.63,73.91,56.48,0.0,0.0,0.0,0.0
2905,123541,51.68,53.70922887792969,0.3652834769696721,10,3,4,50,61.65,53.92,45.71,45.42,0.0,0.0,0.0,0.0
2906,86531,72.45,53.10850433070236,0.3815828311705114,8,3,4,50,77.89,69.18,71.59,71.15,0.0,0.0,0.0,0.0
2907,150000,73.29,54.15148160877012,0.4138068411636691,10,0,4,50,73.97,76.23,72.78,70.19,0.0,0.0,0.0,0.0
2908,86029,50.42,53.81136111360927,0.3645546167118541,7,2,4,50,52.83,43.32,56.44,49.11,0.0,0.0,0.0,0.0
2909,150000,64.83,53.25513366894064,0.3922351791959481,10,1,4,50,60.54,63.03,72.19,63.55,0.0,0.0,0.0,0.0
2910,46204,57.15,54.39658726369419,0.4461899398096071,2,2,4,50,51.98,61.08,52.71,62.82,0.0,0.0,0.0,0.0
2911,104540,55.56,53.479607252153656,0.5457807187604389,11,5,4,50,60.01,60.33,52.31,49.61,0.0,0.0,0.0,0.0
2912,46859,47.36,53.28414466286421,0.3798021185591068,6,7,4,50,41.5,53.8,50.7,43.43,0.0,0.0,0.0,0.0
2913,62525,64.42,51.16049292492927,0.3600245772167625,8,5,4,50,64.55,58.96,60.81,73.36,0.0,0.0,0.0,0.0
2914,49267,44.27,51.82028410875906,0.3784075694581132,7,6,4,50,45.55,43.85,45.49,42.19,0.0,0.0,0.0,0.0
2915,122537,42.82,53.383167056739744,0.4575182547373693,8,1,4,50,45.86,48.88,35.3,41.23,0.0,0.0,0.0,0.0
2916,46859,52.45,55.24242586161037,0.3997105604754611,6,7,4,50,48.77,56.48,47.27,57.29,0.0,0.0,0.0,0.0
2917,54018,49.84,50.37458081144973,0.3541898821917584,6,4,4,50,50.01,45.59,53.31,50.44,0.0,0.0,0.0,0.0
2918,72024,53.62,53.857040168216336,0.3783764506894616,6,2,4,50,50.85,50.36,61.66,51.61,0.0,0.0,0.0,0.0
2919,87535,64.26,52.44417377419408,0.3555805715029191,10,5,4,50,63.59,66.56,62.52,64.37,0.0,0.0,0.0,0.0
2920,45952,38.56,51.52797726502728,0.4939448353339937,4,6,4,50,42.43,36.89,36.24,38.68,0.0,0.0,0.0,0.0
2921,54520,75.09,54.539514301507296,0.4399306675772995,7,5,4,50,83.2,75.09,62.58,79.47,0.0,0.0,0.0,0.0
2922,104038,38.06,56.59067838299054,0.3647544382437912,10,4,4,50,38.28,32.45,44.25,37.24,0.0,0.0,0.0,0.0
2923,46855,50.5,52.96417234847423,0.4640328355199293,4,5,4,50,53.22,56.13,51.93,40.73,0.0,0.0,0.0,0.0
2924,73282,59.06,53.094756626977095,0.3830273837180918,10,6,4,50,56.86,60.04,59.1,60.25,0.0,0.0,0.0,0.0
2925,150000,49.93,53.337963485074695,0.3116236049161349,12,2,4,50,52.97,54.41,43.16,49.19,0.0,0.0,0.0,0.0
2926,103536,62.46,53.98628008994604,0.4178071195926386,9,3,4,50,67.13,68.54,60.77,53.41,0.0,0.0,0.0,0.0
2927,54018,60.99,54.45228121943229,0.4407112934226878,6,4,4,50,65.5,59.02,66.93,52.52,0.0,0.0,0.0,0.0
2928,61521,48.22,55.15987792058427,0.4236015736524336,6,3,4,50,48.11,50.02,50.75,43.98,0.0,0.0,0.0,0.0
2929,73028,61.9,51.1346538571423,0.4394177359431402,8,4,4,50,64.47,55.34,61.81,65.98,0.0,0.0,0.0,0.0
2930,87535,61.28,54.90505472792717,0.3533734573356957,10,5,4,50,63.7,66.5,54.63,60.29,0.0,0.0,0.0,0.0
2931,46859,59.67,53.16304187658735,0.503011524908103,6,7,4,50,67.46,52.18,66.61,52.44,0.0,0.0,0.0,0.0
2932,62277,52.18,52.62363604028269,0.4103572059010612,9,6,4,50,55.31,44.52,60.18,48.71,0.0,0.0,0.0,0.0
2933,86531,51.99,52.91431687938926,0.4449634791353246,8,3,4,50,50.71,55.98,53.1,48.18,0.0,0.0,0.0,0.0
2934,44491,62.33,53.2518362665969,0.4742720802149601,3,8,4,50,65.6,67.59,57.58,58.57,0.0,0.0,0.0,0.0
2935,146044,71.26,55.6679412161979,0.4350250837467486,10,2,4,50,75.7,75.65,66.71,66.96,0.0,0.0,0.0,0.0
2936,46859,62.63,53.293850781182094,0.4271642906957297,6,7,4,50,54.42,65.92,63.48,66.7,0.0,0.0,0.0,0.0
2937,47462,44.6,52.20865233072092,0.3888627906109673,6,6,4,50,39.86,39.43,50.77,48.34,0.0,0.0,0.0,0.0
2938,150000,61.65,54.68230944880764,0.4683141994754479,14,3,4,50,58.43,60.01,64.61,63.56,0.0,0.0,0.0,0.0
2939,104292,59.55,51.596786063468855,0.4120097093864004,12,6,4,50,66.1,65.58,52.5,54.02,0.0,0.0,0.0,0.0
2940,104038,39.1,54.032658560133534,0.432813876880239,10,4,4,50,40.37,36.84,40.22,38.97,0.0,0.0,0.0,0.0
2941,104540,76.56,54.76218242778392,0.3639454693112877,11,5,4,50,82.93,72.21,72.74,78.37,0.0,0.0,0.0,0.0
2942,47714,68.34,53.3492089991505,0.4145204721175138,7,7,4,50,69.97,70.85,59.73,72.83,0.0,0.0,0.0,0.0
2943,42375,51.77,54.26440069673656,0.3455688949414406,1,10,4,50,52.97,48.83,57.1,48.18,0.0,0.0,0.0,0.0
2944,54272,47.48,53.86346528270983,0.3912071302955263,8,6,4,50,50.85,43.35,44.26,51.47,0.0,0.0,0.0,0.0
2945,46859,68.17,53.22607746752678,0.4069050955167965,6,7,4,50,75.82,77.17,59.36,60.34,0.0,0.0,0.0,0.0
2946,47363,59.13,52.77797970967968,0.4406159470992565,8,9,4,50,68.26,54.57,61.57,52.12,0.0,0.0,0.0,0.0
2947,47111,51.09,54.36780544325771,0.3765399195909171,7,8,4,50,45.71,49.59,51.34,57.72,0.0,0.0,0.0,0.0
2948,47462,73.31,54.9133789887508,0.4158367993812562,6,6,4,50,71.93,80.25,75.1,65.95,0.0,0.0,0.0,0.0
2949,62529,49.54,54.01647013295192,0.3205604833012368,10,7,4,50,46.35,51.87,49.31,50.63,0.0,0.0,0.0,0.0
2950,54272,70.61,54.512609375453536,0.4462088512172854,8,6,4,50,67.04,79.58,71.52,64.3,0.0,0.0,0.0,0.0
2951,103536,74.77,54.338986594981584,0.3771725857650272,9,3,4,50,78.06,75.63,78.44,66.96,0.0,0.0,0.0,0.0
2952,48511,46.18,52.90735038891045,0.4205586301877136,4,3,4,50,50.04,42.88,46.52,45.26,0.0,0.0,0.0,0.0
2953,45698,52.19,56.89950917440547,0.4057827137305165,2,4,4,50,56.34,50.35,55.15,46.92,0.0,0.0,0.0,0.0
2954,48511,48.16,56.00988092759883,0.4448449340439765,4,3,4,50,49.63,45.18,50.51,47.3,0.0,0.0,0.0,0.0
2955,53014,45.09,53.45894792100842,0.4343070106998727,4,2,4,50,41.41,42.64,46.1,50.2,0.0,0.0,0.0,0.0
2956,62525,35.89,52.70795047580835,0.3358168061488701,8,5,4,50,34.5,42.2,33.11,33.74,0.0,0.0,0.0,0.0
2957,47714,44.7,54.65752269502562,0.4291144923022978,7,7,4,50,44.89,37.35,50.52,46.03,0.0,0.0,0.0,0.0
2958,54524,47.9,51.789562391162505,0.4697086622559602,9,7,4,50,46.2,47.61,45.25,52.56,0.0,0.0,0.0,0.0
2959,87535,58.89,54.70568043035505,0.3856634332242564,10,5,4,50,64.08,57.95,57.37,56.14,0.0,0.0,0.0,0.0
2960,73028,50.77,54.39981817614029,0.3887032128587707,8,4,4,50,45.17,53.25,49.65,55.02,0.0,0.0,0.0,0.0
2961,46053,60.88,54.206006214465496,0.4876265482824911,6,9,4,50,61.13,63.25,52.82,66.32,0.0,0.0,0.0,0.0
2962,147040,65.32,53.99363254240927,0.3527544388566166,8,0,4,50,74.73,57.94,56.36,72.24,0.0,0.0,0.0,0.0
2963,44239,63.72,53.96786283345594,0.3269068746535211,2,7,4,50,67.78,67.23,54.23,65.66,0.0,0.0,0.0,0.0
2964,86531,52.98,55.16995469874625,0.4518295003421447,8,3,4,50,51.06,55.94,49.13,55.81,0.0,0.0,0.0,0.0
2965,49515,61.96,53.31257330505239,0.4053411109638939,6,5,4,50,57.08,57.96,71.16,61.66,0.0,0.0,0.0,0.0
2966,47710,67.45,55.010604182901936,0.4592586629446768,5,5,4,50,73.01,60.48,77.43,58.87,0.0,0.0,0.0,0.0
2967,46204,46.8,54.247652260611886,0.445755561497703,5,7,4,50,45.07,50.43,46.38,45.34,0.0,0.0,0.0,0.0
2968,73028,53.24,55.20380706662851,0.393414072338748,8,4,4,50,53.8,46.89,64.67,47.59,0.0,0.0,0.0,0.0
2969,150000,45.97,53.13241786250372,0.4387153773889845,11,0,4,50,41.29,42.44,50.06,50.09,0.0,0.0,0.0,0.0
2970,150000,54.73,52.666382843799575,0.4247480777727659,9,0,4,50,50.91,57.37,53.04,57.61,0.0,0.0,0.0,0.0
2971,47714,57.85,55.570880210522056,0.3357285379255794,7,7,4,50,50.37,64.84,61.75,54.45,0.0,0.0,0.0,0.0
2972,103034,61.3,53.76889080666748,0.3913537110420524,8,2,4,50,64.09,60.29,51.64,69.18,0.0,0.0,0.0,0.0
2973,47966,73.27,52.43608075836926,0.3748190420905325,8,8,4,50,81.11,69.21,73.37,69.4,0.0,0.0,0.0,0.0
2974,150000,69.83,55.44375197171304,0.4251181782650592,14,1,4,50,64.97,68.92,76.03,69.39,0.0,0.0,0.0,0.0
2975,150000,48.84,50.82559167210914,0.3218458457187499,10,0,4,50,47.41,43.19,55.04,49.73,0.0,0.0,0.0,0.0
2976,45549,51.6,52.81682143257364,0.2926391888089612,4,7,4,50,53.24,45.59,49.79,57.77,0.0,0.0,0.0,0.0
2977,54018,42.2,54.40470586815316,0.5109903639919221,6,4,4,50,42.4,39.64,45.93,40.81,0.0,0.0,0.0,0.0
2978,46456,62.19,55.006282501594335,0.3718976150630748,6,8,4,50,52.64,63.48,61.45,71.19,0.0,0.0,0.0,0.0
2979,86029,60.01,55.47205600774046,0.3395612095589018,7,2,4,50,57.47,59.44,61.66,61.48,0.0,0.0,0.0,0.0
2980,62525,57.21,54.31280125075572,0.3161916256927078,8,5,4,50,59.41,60.74,62.82,45.88,0.0,0.0,0.0,0.0
2981,54018,73.24,53.27055980474054,0.3314018237242531,6,4,4,50,70.51,81.53,75.34,65.56,0.0,0.0,0.0,0.0
2982,102532,66.09,56.24759953769495,0.4372797404665356,7,1,4,50,66.45,63.71,73.61,60.6,0.0,0.0,0.0,0.0
2983,49519,54.16,56.80238131095919,0.349972426869613,8,7,4,50,51.01,52.58,55.04,57.99,0.0,0.0,0.0,0.0
2984,150000,71.33,54.11564277915916,0.3454771623061434,13,4,4,50,62.47,68.24,73.65,80.95,0.0,0.0,0.0,0.0
2985,44642,77.05,52.83662126326943,0.4303248054158939,2,6,4,50,73.14,66.64,88.9,79.52,0.0,0.0,0.0,0.0
2986,49519,57.61,56.2327833188856,0.3837810677568737,8,7,4,50,58.57,58.51,55.72,57.65,0.0,0.0,0.0,0.0
2987,73028,78.31,53.30726045543417,0.3317448110527995,8,4,4,50,87.75,70.48,74.45,80.57,0.0,0.0,0.0,0.0
2988,123541,44.39,54.28057926800199,0.3548131733646886,10,3,4,50,43.31,55.08,40.44,38.72,0.0,0.0,0.0,0.0
2989,124035,63.98,53.06566063023278,0.3983848722783937,7,0,4,50,61.89,59.8,59.98,74.24,0.0,0.0,0.0,0.0
2990,45650,51.8,52.01545073417781,0.3730833946782395,6,10,4,50,56.89,42.77,50.24,57.31,0.0,0.0,0.0,0.0
2991,47462,50.42,55.06920033435782,0.3414048995197172,6,6,4,50,45.2,51.28,48.5,56.71,0.0,0.0,0.0,0.0
2992,150000,53.15,55.00978402403653,0.4168204805728928,12,3,4,50,48.94,45.05,60.16,58.47,0.0,0.0,0.0,0.0
2993,102532,52.64,53.843089879020006,0.3237940493394832,7,1,4,50,50.74,49.66,55.05,55.12,0.0,0.0,0.0,0.0
2994,73282,76.54,51.74050732985343,0.3381161134622639,10,6,4,50,80.66,76.02,67.34,82.14,0.0,0.0,0.0,0.0
2995,73028,39.6,55.050041339758224,0.3881979264407897,8,4,4,50,42.17,35.34,39.12,41.76,0.0,0.0,0.0,0.0
2996,47714,69.59,53.94991902088222,0.4052340981803083,7,7,4,50,69.8,71.29,68.2,69.07,0.0,0.0,0.0,0.0
2997,44743,57.44,54.26196298595133,0.419893862422852,4,9,4,50,55.17,60.44,51.77,62.39,0.0,0.0,0.0,0.0
2998,45499,44.04,55.01927229155468,0.4883973990821518,7,12,4,50,48.19,49.57,36.65,41.74,0.0,0.0,0.0,0.0
2999,49519,74.67,55.41047063631709,0.4554779864777548,8,7,4,50,77.95,73.79,67.94,79.0,0.0,0.0,0.0,0.0
3000,62525,63.5,56.66951952699197,0.4138950610432528,8,5,4,50,64.29,59.3,73.11,57.32,0.0,0.0,0.0,0.0
