Generación,Fitness Global,CPU (%),Memoria (%),Tiempo (s),Goles Favor,Goles Contra,CPUs (configurados),Population Size,Core0 (%),Core1 (%),Core2 (%),Core3 (%),Core4 (%),Core5 (%),Core6 (%),Core7 (%)
1,33875,99.42,63.70505266604624,1.2762526652448845,0,25,8,500,100.0,100.0,100.0,100.0,100.0,100.0,95.33,100.0
2,36696,100.0,64.05189489818949,1.2848468147135743,0,18,8,500,100.0,100.0,100.0,100.0,100.0,100.0,100.0,100.0
3,33875,97.25,61.406037646033575,1.144739709043733,0,25,8,500,97.01,100.0,100.0,95.15,100.0,91.49,100.0,94.37
4,33875,99.6,60.98287573450296,1.2024593162574453,0,25,8,500,100.0,100.0,100.0,100.0,100.0,96.84,100.0,100.0
5,33875,99.51,63.496855591135954,1.2245784900781078,0,25,8,500,96.1,100.0,100.0,100.0,100.0,100.0,100.0,100.0
6,33875,99.93,62.28676991750058,1.1825631447168088,0,25,8,500,99.42,100.0,100.0,100.0,100.0,100.0,100.0,100.0
7,34278,98.38,61.357419151989056,1.2328727959049846,0,24,8,500,100.0,93.5,100.0,97.47,100.0,97.59,98.51,100.0
8,33875,96.6,61.7437156201624,1.210408883993429,0,25,8,500,100.0,96.5,100.0,91.53,100.0,89.47,100.0,95.29
9,33875,99.75,63.09451838055829,1.3651043969629784,0,25,8,500,97.97,100.0,100.0,100.0,100.0,100.0,100.0,100.0
10,33875,99.03,62.70073583664748,1.2199158430232144,0,25,8,500,100.0,100.0,100.0,100.0,100.0,100.0,100.0,92.22
11,33875,98.04,61.29930616177066,1.2814836345856695,0,25,8,500,100.0,100.0,100.0,95.56,92.72,100.0,100.0,96.07
12,33875,99.13,61.78265196890639,1.2421363023916596,0,25,8,500,97.11,100.0,100.0,97.18,100.0,100.0,100.0,98.75
13,33875,99.82,63.01024657424908,1.2350974769675191,0,25,8,500,100.0,100.0,100.0,100.0,98.53,100.0,100.0,100.0
14,33875,98.63,61.77194677961164,1.1840445864967224,0,25,8,500,100.0,100.0,100.0,98.48,100.0,96.4,94.16,100.0
15,33875,99.84,62.03077053208392,1.1826965581003184,0,25,8,500,100.0,98.74,100.0,100.0,100.0,100.0,100.0,100.0
16,33875,98.7,61.295552590572974,1.1037843429105223,0,25,8,500,95.55,100.0,100.0,96.08,100.0,100.0,97.93,100.0
17,33875,98.66,62.68375452153845,1.2789400215210944,0,25,8,500,95.22,100.0,100.0,100.0,96.15,100.0,97.9,100.0
18,33875,100.0,63.57810819174714,1.2516070534845452,0,25,8,500,100.0,100.0,100.0,100.0,100.0,100.0,100.0,100.0
19,33875,97.99,61.27541853101253,1.237050837150705,0,25,8,500,91.62,100.0,96.33,100.0,100.0,95.97,100.0,100.0
20,33875,99.23,61.86398245420188,1.2145663023621576,0,25,8,500,100.0,100.0,100.0,100.0,100.0,100.0,93.85,100.0
21,34681,98.23,62.66047564547772,1.1883359061700949,0,23,8,500,100.0,100.0,92.68,100.0,100.0,95.42,100.0,97.75
22,33875,99.5,61.7995102676051,1.263407218109138,0,25,8,500,100.0,100.0,95.97,100.0,100.0,100.0,100.0,100.0
23,33875,99.85,61.46692072216768,1.1899178121014748,0,25,8,500,100.0,100.0,100.0,100.0,100.0,100.0,98.8,100.0
24,33875,99.2,62.3873113003521,1.0524203453409025,0,25,8,500,100.0,100.0,95.74,97.85,100.0,100.0,100.0,100.0
25,33875,99.23,62.35733439524257,1.2309501252099282,0,25,8,500,100.0,100.0,100.0,100.0,100.0,100.0,99.1,94.77
26,33875,98.29,62.07784643041148,1.2001816561869616,0,25,8,500,100.0,89.65,96.69,100.0,100.0,100.0,100.0,100.0
27,34681,98.49,62.95534743083747,1.15531489324076,0,23,8,500,100.0,100.0,100.0,100.0,93.95,93.99,100.0,100.0
28,33875,99.3,62.37992381549349,1.0839007643569567,0,25,8,500,100.0,100.0,100.0,100.0,100.0,100.0,94.37,100.0
29,33875,99.38,61.83633477770576,1.186673533817113,0,25,8,500,100.0,100.0,100.0,100.0,100.0,100.0,95.0,100.0
30,35084,99.27,62.34750004291536,1.1539692180057308,0,22,8,500,100.0,100.0,100.0,100.0,100.0,94.16,100.0,100.0
31,33875,99.22,62.0241205592167,1.1889767073908697,0,25,8,500,93.76,100.0,100.0,100.0,100.0,100.0,100.0,100.0
32,35890,100.0,62.08155728765417,1.2435350565795196,0,20,8,500,100.0,100.0,100.0,100.0,100.0,100.0,100.0,100.0
33,33875,99.77,62.11764600495375,1.223010902717251,0,25,8,500,100.0,99.16,100.0,99.0,100.0,100.0,100.0,100.0
34,33875,100.0,61.18113032710278,1.2381633820458882,0,25,8,500,100.0,100.0,100.0,100.0,100.0,100.0,100.0,100.0
35,33875,100.0,62.07829006928246,1.152030521604219,0,25,8,500,100.0,100.0,100.0,100.0,100.0,100.0,100.0,100.0
36,33875,100.0,63.61285130849439,1.1589185002130749,0,25,8,500,100.0,100.0,100.0,100.0,100.0,100.0,100.0,100.0
37,33875,100.0,61.81550802764236,1.1144712496413418,0,25,8,500,100.0,100.0,100.0,100.0,100.0,100.0,100.0,100.0
38,33875,96.44,63.54990725549451,1.2210538587662143,0,25,8,500,92.77,100.0,96.8,100.0,100.0,86.0,95.98,100.0
39,37905,99.83,62.31206517072752,1.1632158380260926,0,15,8,500,100.0,100.0,98.62,100.0,100.0,100.0,100.0,100.0
40,33875,99.45,62.55441271074724,1.1558391554796437,0,25,8,500,95.82,99.78,100.0,100.0,100.0,100.0,100.0,100.0
41,33875,99.38,63.29546404858047,1.2331796529413492,0,25,8,500,100.0,100.0,100.0,100.0,100.0,100.0,100.0,95.04
42,33875,99.54,63.046094702696735,1.1896087564507534,0,25,8,500,100.0,100.0,100.0,97.4,100.0,98.9,100.0,100.0
43,33875,99.02,62.95743964839417,1.2678904436269711,0,25,8,500,100.0,100.0,100.0,100.0,95.17,97.02,100.0,100.0
44,33875,99.71,61.52867377955983,1.1090728539719203,0,25,8,500,100.0,98.81,100.0,100.0,99.41,100.0,100.0,99.45
45,33875,99.33,61.977823115867785,1.1735861037981214,0,25,8,500,100.0,98.46,100.0,100.0,100.0,100.0,100.0,96.21
46,33875,100.0,61.3361548619036,1.2316332360758708,0,25,8,500,100.0,100.0,100.0,100.0,100.0,100.0,100.0,100.0
47,33875,100.0,62.3257495247958,1.1218524258824882,0,25,8,500,100.0,100.0,100.0,100.0,100.0,100.0,100.0,100.0
48,33875,99.02,62.53620202435562,1.2566742037738337,0,25,8,500,100.0,92.12,100.0,100.0,100.0,100.0,100.0,100.0
49,33875,99.57,61.74340776406406,1.2332363481521793,0,25,8,500,100.0,100.0,100.0,100.0,100.0,100.0,100.0,96.58
50,33875,98.26,63.970138268333656,1.260007075161824,0,25,8,500,100.0,100.0,87.78,100.0,100.0,99.66,98.6,100.0
51,34278,100.0,61.67244142557396,1.1611845888084396,0,24,8,500,100.0,100.0,100.0,100.0,100.0,100.0,100.0,100.0
52,35084,99.7,62.15398780401025,1.2269614766173784,0,22,8,500,100.0,100.0,100.0,100.0,100.0,100.0,100.0,97.63
53,33875,98.04,61.8258138187276,1.1827036399642212,0,25,8,500,100.0,96.5,100.0,100.0,100.0,92.2,98.74,96.84
54,33875,100.0,61.12632683936005,1.1397856540555518,0,25,8,500,100.0,100.0,100.0,100.0,100.0,100.0,100.0,100.0
55,33875,100.0,61.800440110135376,1.2110269648030745,0,25,8,500,100.0,100.0,100.0,100.0,100.0,100.0,100.0,100.0
56,34278,100.0,62.83312293912757,1.1416400324839395,0,24,8,500,100.0,100.0,100.0,100.0,100.0,100.0,100.0,100.0
57,33875,99.86,61.79361003923143,1.1656585764144691,0,25,8,500,100.0,99.52,100.0,100.0,100.0,100.0,100.0,99.4
58,33875,99.3,62.44681422445308,1.1970485045630512,0,25,8,500,100.0,100.0,100.0,100.0,96.32,98.12,100.0,100.0
59,33875,99.4,62.07304042860143,1.270968503704475,0,25,8,500,100.0,100.0,100.0,100.0,100.0,100.0,97.72,97.5
60,33875,98.31,61.65637689090622,1.1909817564880347,0,25,8,500,91.87,100.0,100.0,100.0,98.63,95.98,100.0,100.0
61,34278,100.0,63.35787735926802,1.1321931205591445,0,24,8,500,100.0,100.0,100.0,100.0,100.0,100.0,100.0,100.0
62,33875,99.43,62.80560115862251,1.1462317849417805,0,25,8,500,100.0,100.0,100.0,100.0,95.42,100.0,100.0,100.0
63,33875,100.0,62.49020004926349,1.1731258114714098,0,25,8,500,100.0,100.0,100.0,100.0,100.0,100.0,100.0,100.0
64,33875,99.72,60.92008006801148,1.2274967819980829,0,25,8,500,100.0,100.0,100.0,100.0,100.0,100.0,100.0,97.8
65,33875,99.9,62.61580798619968,1.1208630149753391,0,25,8,500,100.0,100.0,99.24,100.0,100.0,100.0,100.0,100.0
66,33875,100.0,63.38091482452494,1.2914709260144273,0,25,8,500,100.0,100.0,100.0,100.0,100.0,100.0,100.0,100.0
67,34681,99.71,61.96366942041614,1.238664854281096,0,23,8,500,100.0,100.0,100.0,100.0,100.0,97.71,100.0,100.0
68,33875,99.33,62.502588662698166,1.269621732822519,0,25,8,500,100.0,100.0,98.07,100.0,100.0,100.0,96.59,100.0
69,33875,100.0,62.67307460069753,1.1253862770046474,0,25,8,500,100.0,100.0,100.0,100.0,100.0,100.0,100.0,100.0
70,35084,100.0,62.50442874528931,1.209249511809586,0,22,8,500,100.0,100.0,100.0,100.0,100.0,100.0,100.0,100.0
71,33875,99.96,62.39251741043724,1.2039311736965943,0,25,8,500,100.0,100.0,100.0,100.0,100.0,100.0,100.0,99.66
72,34278,99.09,61.58312836792021,1.254365057319824,0,24,8,500,100.0,99.78,97.25,100.0,100.0,100.0,100.0,95.69
73,33875,100.0,63.51427120536094,1.22450954264339,0,25,8,500,100.0,100.0,100.0,100.0,100.0,100.0,100.0,100.0
74,35487,99.75,62.05769885962376,1.1176374962970592,0,21,8,500,100.0,100.0,98.03,100.0,100.0,100.0,100.0,100.0
75,33875,96.72,62.58741531273611,1.1381340132647304,0,25,8,500,100.0,85.55,100.0,100.0,90.8,100.0,100.0,97.37
76,35084,99.68,62.81423448510442,1.2197558643259936,0,22,8,500,100.0,100.0,100.0,100.0,100.0,98.98,100.0,98.5
77,33875,100.0,62.51847634776426,1.1129753910729474,0,25,8,500,100.0,100.0,100.0,100.0,100.0,100.0,100.0,100.0
78,34278,97.86,62.75341556394203,1.107236687523631,0,24,8,500,100.0,100.0,100.0,100.0,99.74,91.39,91.73,100.0
79,34681,100.0,61.22034970156772,1.260724840845683,0,23,8,500,100.0,100.0,100.0,100.0,100.0,100.0,100.0,100.0
80,34681,99.84,61.218834167828135,1.1099870831995229,0,23,8,500,100.0,100.0,100.0,100.0,100.0,100.0,100.0,98.7
81,33875,99.95,62.645271344861776,1.225616410472452,0,25,8,500,100.0,100.0,100.0,99.61,100.0,100.0,100.0,100.0
82,33875,98.9,62.57080210856712,1.24223951307613,0,25,8,500,94.52,100.0,100.0,100.0,100.0,96.64,100.0,100.0
83,33875,99.88,61.98968234561713,1.210418290850139,0,25,8,500,100.0,100.0,100.0,100.0,99.05,100.0,100.0,100.0
84,33875,100.0,61.6829905184663,1.2241420223658743,0,25,8,500,100.0,100.0,100.0,100.0,100.0,100.0,100.0,100.0
85,33875,99.29,62.05892011451179,1.1746951637927203,0,25,8,500,100.0,100.0,100.0,100.0,100.0,100.0,100.0,94.3
86,36696,99.75,63.05981233218984,1.1537669219851852,0,18,8,500,100.0,100.0,100.0,98.03,100.0,100.0,100.0,100.0
87,33875,100.0,61.98170991918051,1.1355100161162428,0,25,8,500,100.0,100.0,100.0,100.0,100.0,100.0,100.0,100.0
88,33875,100.0,63.68793636711006,1.2156371276733795,0,25,8,500,100.0,100.0,100.0,100.0,100.0,100.0,100.0,100.0
89,33875,99.32,61.74535687975317,1.1154237982125352,0,25,8,500,94.52,100.0,100.0,100.0,100.0,100.0,100.0,100.0
90,33875,100.0,61.99826994122376,1.203166598435729,0,25,8,500,100.0,100.0,100.0,100.0,100.0,100.0,100.0,100.0
91,33875,100.0,62.82305673224672,1.267150557485198,0,25,8,500,100.0,100.0,100.0,100.0,100.0,100.0,100.0,100.0
92,33875,98.97,62.98016004718475,1.1749866996630394,0,25,8,500,100.0,100.0,100.0,100.0,98.06,100.0,98.33,95.34
93,33875,98.75,63.63337767688088,1.1283876472021053,0,25,8,500,94.68,100.0,99.33,99.79,100.0,100.0,100.0,96.17
94,33875,100.0,63.16598663192378,1.103005662351935,0,25,8,500,100.0,100.0,100.0,100.0,100.0,100.0,100.0,100.0
95,33875,99.56,62.479607056010174,1.165323391619251,0,25,8,500,99.74,100.0,100.0,100.0,100.0,100.0,96.75,100.0
96,35084,99.17,63.502571830626216,1.194728274301969,0,22,8,500,100.0,93.33,100.0,100.0,100.0,100.0,100.0,100.0
97,33875,99.92,62.47234875481945,1.2049869559652062,0,25,8,500,100.0,99.33,100.0,100.0,100.0,100.0,100.0,100.0
98,35890,98.42,62.01731074690251,1.1582745019260112,0,20,8,500,91.49,100.0,97.25,100.0,100.0,100.0,100.0,98.58
99,33875,99.66,62.1848824736602,1.188861009862067,0,25,8,500,100.0,100.0,97.28,100.0,100.0,100.0,100.0,100.0
100,33875,98.58,61.90102143173875,1.1025691276419685,0,25,8,500,100.0,100.0,100.0,100.0,100.0,100.0,88.67,100.0
101,33875,99.6,62.98310642940152,1.1406619870980848,0,25,8,500,100.0,96.8,100.0,100.0,100.0,100.0,100.0,100.0
102,33875,99.92,62.99400512238725,1.1333076007879677,0,25,8,500,100.0,100.0,100.0,100.0,100.0,100.0,99.37,100.0
103,33875,100.0,62.51486197679274,1.1652589018467183,0,25,8,500,100.0,100.0,100.0,100.0,100.0,100.0,100.0,100.0
104,33875,100.0,63.10845376421732,1.1836637361413047,0,25,8,500,100.0,100.0,100.0,100.0,100.0,100.0,100.0,100.0
105,34681,100.0,63.68145310241465,1.1885978625166522,0,23,8,500,100.0,100.0,100.0,100.0,100.0,100.0,100.0,100.0
106,34278,99.98,62.28406207958549,1.14360671704734,0,24,8,500,100.0,100.0,99.8,100.0,100.0,100.0,100.0,100.0
107,33875,99.53,62.95607348099183,1.138872118976824,0,25,8,500,100.0,100.0,100.0,100.0,100.0,100.0,100.0,96.24
108,33875,99.9,62.98383307804439,1.1409265706904643,0,25,8,500,100.0,100.0,99.24,100.0,100.0,100.0,100.0,100.0
109,33875,99.79,62.69676226602044,1.1997728829281566,0,25,8,500,100.0,100.0,100.0,98.31,100.0,100.0,100.0,100.0
110,33875,99.75,61.32293199170955,1.1689237230855194,0,25,8,500,100.0,100.0,100.0,100.0,100.0,98.01,100.0,100.0
111,33875,98.33,62.379473448979326,1.148569511799753,0,25,8,500,100.0,98.55,100.0,94.12,93.96,100.0,100.0,100.0
112,33875,100.0,62.55905335148683,1.0956833061482785,0,25,8,500,100.0,100.0,100.0,100.0,100.0,100.0,100.0,100.0
113,33875,99.7,63.35534260229479,1.1522518924928555,0,25,8,500,100.0,100.0,100.0,100.0,100.0,97.62,100.0,100.0
114,36293,100.0,63.07457472360105,1.2015516310054315,0,19,8,500,100.0,100.0,100.0,100.0,100.0,100.0,100.0,100.0
115,34681,100.0,60.92022056271577,1.2325375799408953,0,23,8,500,100.0,100.0,100.0,100.0,100.0,100.0,100.0,100.0
116,36696,99.89,63.36160494614979,1.2635142181523114,0,18,8,500,100.0,100.0,100.0,100.0,100.0,99.15,100.0,100.0
117,33875,99.6,62.40764310664363,1.188492786437635,0,25,8,500,100.0,100.0,100.0,100.0,100.0,96.84,100.0,100.0
118,35084,100.0,63.53082271643373,1.1184147593720897,0,22,8,500,100.0,100.0,100.0,100.0,100.0,100.0,100.0,100.0
119,36293,97.21,63.38492484702682,1.2459703984248724,0,19,8,500,89.96,100.0,100.0,98.68,95.1,100.0,93.96,100.0
120,33875,99.44,62.303517753593816,1.2177249207986978,0,25,8,500,100.0,95.55,100.0,100.0,100.0,100.0,100.0,100.0
121,34278,100.0,61.92423589948692,1.1541188977957852,0,24,8,500,100.0,100.0,100.0,100.0,100.0,100.0,100.0,100.0
122,33875,100.0,62.13537672149192,1.1016454407862135,0,25,8,500,100.0,100.0,100.0,100.0,100.0,100.0,100.0,100.0
123,35890,100.0,62.137071661281325,1.169458710414934,0,20,8,500,100.0,100.0,100.0,100.0,100.0,100.0,100.0,100.0
124,33875,99.62,61.54848609646565,1.1772996242711862,0,25,8,500,100.0,98.44,100.0,98.49,100.0,100.0,100.0,100.0
125,33875,100.0,62.82023105239892,1.173791925936242,0,25,8,500,100.0,100.0,100.0,100.0,100.0,100.0,100.0,100.0
126,33875,100.0,62.832586279399166,1.1274355656573607,0,25,8,500,100.0,100.0,100.0,100.0,100.0,100.0,100.0,100.0
127,35890,99.74,62.03573288931531,1.1355144500863943,0,20,8,500,100.0,100.0,97.89,100.0,100.0,100.0,100.0,100.0
128,33875,100.0,61.83316504162244,1.1311362350420746,0,25,8,500,100.0,100.0,100.0,100.0,100.0,100.0,100.0,100.0
129,33875,100.0,63.01681872646575,1.18604919950169,0,25,8,500,100.0,100.0,100.0,100.0,100.0,100.0,100.0,100.0
130,34278,97.72,60.97149021357637,1.180144253576188,0,24,8,500,100.0,100.0,100.0,99.55,98.2,93.77,100.0,90.23
131,33875,100.0,61.83629328096359,1.095417927848637,0,25,8,500,100.0,100.0,100.0,100.0,100.0,100.0,100.0,100.0
132,33875,100.0,62.90732832586516,1.1939532401413986,0,25,8,500,100.0,100.0,100.0,100.0,100.0,100.0,100.0,100.0
133,33875,98.45,60.71253910634522,1.2246702077774487,0,25,8,500,100.0,100.0,100.0,100.0,100.0,96.92,100.0,90.66
134,34681,98.42,63.2841026229436,1.1115102741729084,0,23,8,500,93.56,99.0,100.0,94.76,100.0,100.0,100.0,100.0
135,34681,100.0,61.711639664162966,1.2209997634284389,0,23,8,500,100.0,100.0,100.0,100.0,100.0,100.0,100.0,100.0
136,33875,100.0,62.76792827847623,1.1559624590287034,0,25,8,500,100.0,100.0,100.0,100.0,100.0,100.0,100.0,100.0
137,33875,99.8,62.47113889029799,1.1243304989075682,0,25,8,500,100.0,100.0,100.0,98.83,100.0,100.0,99.58,100.0
138,33875,99.55,60.84132300311608,1.1873089951827345,0,25,8,500,100.0,100.0,96.94,100.0,100.0,99.44,100.0,100.0
139,33875,100.0,62.924190676040965,1.200343328334573,0,25,8,500,100.0,100.0,100.0,100.0,100.0,100.0,100.0,100.0
140,34278,99.63,62.83585086325633,1.1561676287942353,0,24,8,500,100.0,100.0,100.0,100.0,97.01,100.0,100.0,100.0
141,33875,99.72,63.10588110738219,1.15969098144286,0,25,8,500,100.0,100.0,100.0,100.0,100.0,98.44,100.0,99.36
142,33875,99.28,63.88097992134855,1.1016400610972188,0,25,8,500,100.0,100.0,100.0,100.0,100.0,95.41,100.0,98.84
143,33875,100.0,61.98717657385885,1.1989318667398243,0,25,8,500,100.0,100.0,100.0,100.0,100.0,100.0,100.0,100.0
144,33875,99.49,62.77287503531123,1.2327393798351245,0,25,8,500,100.0,100.0,100.0,100.0,100.0,95.9,100.0,100.0
145,33875,99.35,61.57643677122741,1.0672161042208468,0,25,8,500,100.0,100.0,100.0,100.0,100.0,97.6,100.0,97.2
146,33875,98.89,62.68622424348208,1.1118236258526122,0,25,8,500,100.0,100.0,98.58,92.55,100.0,100.0,100.0,100.0
147,33875,97.79,62.60160589362807,1.209619793121617,0,25,8,500,92.9,100.0,93.86,100.0,100.0,100.0,100.0,95.59
148,36696,99.68,61.65387413341673,1.079890785702145,0,18,8,500,100.0,100.0,98.5,100.0,100.0,100.0,100.0,98.93
149,34278,99.5,63.06749239684939,1.157973427090746,0,24,8,500,100.0,100.0,100.0,100.0,100.0,96.03,100.0,100.0
150,33875,94.75,62.51910378304312,1.1376519585790696,0,25,8,500,90.35,96.82,100.0,95.81,97.92,93.81,93.66,89.6
151,34278,97.09,63.1323929898691,1.1576049248141966,0,24,8,500,96.64,100.0,94.28,93.91,100.0,100.0,100.0,91.88
152,33875,100.0,62.00333089426929,1.2917727749034569,0,25,8,500,100.0,100.0,100.0,100.0,100.0,100.0,100.0,100.0
153,33875,99.22,62.078031979543866,1.1427760546992003,0,25,8,500,94.52,100.0,100.0,100.0,100.0,100.0,100.0,99.23
154,33875,100.0,63.81852533451122,1.2262043409487335,0,25,8,500,100.0,100.0,100.0,100.0,100.0,100.0,100.0,100.0
155,33875,99.5,61.79846907549875,1.0975777533798776,0,25,8,500,100.0,100.0,100.0,100.0,95.99,100.0,100.0,100.0
156,33875,99.39,62.639564177680725,1.177024365281612,0,25,8,500,100.0,100.0,100.0,100.0,100.0,95.1,100.0,100.0
157,34278,99.34,62.66501507358014,1.0997959203368426,0,24,8,500,100.0,100.0,96.77,97.94,100.0,100.0,100.0,100.0
158,33875,99.34,62.70481793192012,1.0992095757498164,0,25,8,500,100.0,100.0,100.0,100.0,99.26,95.42,100.0,100.0
159,34681,100.0,63.2334608239474,1.1246699824111803,0,23,8,500,100.0,100.0,100.0,100.0,100.0,100.0,100.0,100.0
160,33875,99.91,63.64870276055498,1.241277232249126,0,25,8,500,99.27,100.0,100.0,100.0,100.0,100.0,100.0,100.0
161,33875,99.04,62.37750518866999,1.2506189929075664,0,25,8,500,99.32,100.0,97.15,100.0,95.84,100.0,100.0,100.0
162,33875,98.72,62.868168491346815,1.196982743818218,0,25,8,500,100.0,99.22,100.0,100.0,90.52,100.0,100.0,100.0
163,33875,99.57,63.336777918331165,1.1692848437932857,0,25,8,500,100.0,100.0,100.0,100.0,100.0,96.56,100.0,100.0
164,33875,99.86,63.209748493064495,1.1724531352461185,0,25,8,500,100.0,100.0,98.92,100.0,100.0,100.0,100.0,100.0
165,34278,100.0,62.61350209448938,1.1001709937663944,0,24,8,500,100.0,100.0,100.0,100.0,100.0,100.0,100.0,100.0
166,34278,100.0,62.89675129841829,1.0741014126994886,0,24,8,500,100.0,100.0,100.0,100.0,100.0,100.0,100.0,100.0
167,33875,99.25,61.58092500247001,1.1242961094784525,0,25,8,500,100.0,100.0,100.0,97.94,97.99,100.0,100.0,98.06
168,33875,99.75,63.36386258696899,1.1335067975868254,0,25,8,500,100.0,100.0,100.0,100.0,100.0,100.0,97.97,100.0
169,33875,99.52,62.42545522981919,1.208151931652656,0,25,8,500,100.0,98.67,100.0,100.0,100.0,100.0,100.0,97.45
170,33875,99.91,61.64306671361023,1.206122172755887,0,25,8,500,99.29,100.0,100.0,100.0,100.0,100.0,100.0,100.0
171,33875,98.22,63.30544744787503,1.164449859212917,0,25,8,500,94.13,100.0,91.66,100.0,100.0,100.0,100.0,100.0
172,33875,99.63,62.551686099811846,1.2016799012271215,0,25,8,500,100.0,100.0,100.0,100.0,100.0,100.0,97.02,100.0
173,35084,100.0,61.24314989260248,1.150888915795777,0,22,8,500,100.0,100.0,100.0,100.0,100.0,100.0,100.0,100.0
174,36293,100.0,62.3351987275752,1.1918188715043418,0,19,8,500,100.0,100.0,100.0,100.0,100.0,100.0,100.0,100.0
175,33875,100.0,62.55275271665746,1.1994073741895188,0,25,8,500,100.0,100.0,100.0,100.0,100.0,100.0,100.0,100.0
176,33875,99.76,63.03760508379428,1.218452888056453,0,25,8,500,100.0,100.0,98.06,100.0,100.0,100.0,100.0,100.0
177,33875,99.65,62.90924026237917,1.1641323194630535,0,25,8,500,100.0,100.0,97.19,100.0,100.0,100.0,100.0,100.0
178,35084,99.3,63.02747796357202,1.1773668488417528,0,22,8,500,100.0,98.68,95.71,100.0,100.0,100.0,100.0,100.0
179,33875,99.06,61.76554217847556,1.0774800448710442,0,25,8,500,100.0,100.0,95.69,100.0,100.0,100.0,96.79,100.0
180,33875,98.64,62.91699595523747,1.0329513209633767,0,25,8,500,100.0,100.0,91.57,100.0,100.0,100.0,97.56,100.0
181,33875,100.0,61.919199778736015,1.233259276102833,0,25,8,500,100.0,100.0,100.0,100.0,100.0,100.0,100.0,100.0
182,33875,100.0,61.27100472658915,1.1304330417411033,0,25,8,500,100.0,100.0,100.0,100.0,100.0,100.0,100.0,100.0
183,33875,99.01,62.39257439816808,1.1713370525956617,0,25,8,500,100.0,100.0,94.8,97.41,100.0,100.0,99.89,100.0
184,34278,99.52,61.65172837862102,1.1906560836100009,0,24,8,500,100.0,100.0,100.0,100.0,100.0,96.17,100.0,100.0
185,33875,99.65,62.46684891742512,1.1646965011818242,0,25,8,500,100.0,100.0,97.2,100.0,100.0,100.0,100.0,100.0
186,33875,100.0,62.97579908419589,1.0967989515296552,0,25,8,500,100.0,100.0,100.0,100.0,100.0,100.0,100.0,100.0
187,33875,100.0,63.8768676626325,1.2015372642044222,0,25,8,500,100.0,100.0,100.0,100.0,100.0,100.0,100.0,100.0
188,33875,99.86,61.80569700445639,1.12749431340955,0,25,8,500,100.0,100.0,100.0,100.0,100.0,98.85,100.0,100.0
189,33875,99.97,62.07184613565854,1.2008500294865343,0,25,8,500,100.0,99.74,100.0,100.0,100.0,100.0,100.0,100.0
190,33875,100.0,62.7461997413088,1.0683136327837457,0,25,8,500,100.0,100.0,100.0,100.0,100.0,100.0,100.0,100.0
191,33875,100.0,62.4196043817016,1.1935111189170011,0,25,8,500,100.0,100.0,100.0,100.0,100.0,100.0,100.0,100.0
192,35890,100.0,60.83219320857145,1.1963431045064432,0,20,8,500,100.0,100.0,100.0,100.0,100.0,100.0,100.0,100.0
193,33875,100.0,63.72294371397326,1.1231837955056547,0,25,8,500,100.0,100.0,100.0,100.0,100.0,100.0,100.0,100.0
194,33875,99.63,62.429145167453306,1.1050914297117338,0,25,8,500,100.0,100.0,97.06,100.0,100.0,100.0,100.0,100.0
195,34278,99.56,60.391615089509706,1.0578869659382326,0,24,8,500,100.0,100.0,100.0,100.0,96.46,100.0,100.0,100.0
196,33875,99.84,63.81404785423977,1.0999490920924797,0,25,8,500,100.0,100.0,100.0,100.0,100.0,100.0,100.0,98.71
197,33875,100.0,62.3425395731375,1.168907098341066,0,25,8,500,100.0,100.0,100.0,100.0,100.0,100.0,100.0,100.0
198,35487,99.82,62.60874978963824,1.1657247675729536,0,21,8,500,100.0,99.75,98.81,100.0,100.0,100.0,100.0,100.0
199,33875,99.97,62.2863834429831,1.2043494751687176,0,25,8,500,100.0,100.0,100.0,100.0,100.0,100.0,99.76,100.0
200,33875,100.0,61.957511934621344,1.166974493186242,0,25,8,500,100.0,100.0,100.0,100.0,100.0,100.0,100.0,100.0
201,33875,100.0,63.89564438417253,1.2148219528486668,0,25,8,500,100.0,100.0,100.0,100.0,100.0,100.0,100.0,100.0
202,36696,100.0,62.18745998288407,1.1160873796015858,0,18,8,500,100.0,100.0,100.0,100.0,100.0,100.0,100.0,100.0
203,33875,99.79,63.28478525514758,1.2355416713647398,0,25,8,500,100.0,100.0,100.0,100.0,100.0,98.29,100.0,100.0
204,33875,99.49,62.069629133188485,1.1836341476119518,0,25,8,500,100.0,100.0,100.0,100.0,100.0,100.0,100.0,95.93
205,33875,99.88,63.49280512865912,1.1530582697320697,0,25,8,500,100.0,100.0,99.01,100.0,100.0,100.0,100.0,100.0
206,33875,100.0,62.99806776192231,1.185103022019597,0,25,8,500,100.0,100.0,100.0,100.0,100.0,100.0,100.0,100.0
207,33875,99.9,62.69970803761638,1.2208015472053748,0,25,8,500,100.0,100.0,100.0,100.0,100.0,100.0,100.0,99.24
208,34278,99.7,62.54678636827258,1.186910881720715,0,24,8,500,100.0,100.0,100.0,98.98,100.0,100.0,100.0,98.62
209,33875,100.0,62.4080686745532,1.146697852521629,0,25,8,500,100.0,100.0,100.0,100.0,100.0,100.0,100.0,100.0
210,34681,97.81,62.13503088194936,1.1471032758106543,0,23,8,500,90.74,100.0,100.0,100.0,91.98,100.0,100.0,99.78
211,33875,100.0,61.88955040379858,1.199408064584941,0,25,8,500,100.0,100.0,100.0,100.0,100.0,100.0,100.0,100.0
212,33875,98.57,62.1930465439741,1.151114986068238,0,25,8,500,100.0,94.98,100.0,93.61,100.0,100.0,100.0,100.0
213,33875,100.0,62.905308204716114,1.156605700314128,0,25,8,500,100.0,100.0,100.0,100.0,100.0,100.0,100.0,100.0
214,33875,100.0,63.27016064333579,1.1598642982056562,0,25,8,500,100.0,100.0,100.0,100.0,100.0,100.0,100.0,100.0
215,33875,99.43,62.67271059275694,1.1830205132196974,0,25,8,500,100.0,100.0,100.0,95.43,100.0,100.0,100.0,100.0
216,33875,100.0,61.99728589855842,1.0925500780351003,0,25,8,500,100.0,100.0,100.0,100.0,100.0,100.0,100.0,100.0
217,33875,98.89,61.84067696960081,1.2639983756782072,0,25,8,500,100.0,93.77,100.0,100.0,100.0,100.0,97.34,100.0
218,34278,100.0,62.09146898454173,1.2793795010368636,0,24,8,500,100.0,100.0,100.0,100.0,100.0,100.0,100.0,100.0
219,33875,98.43,63.21635805013249,1.144461097186366,0,25,8,500,100.0,100.0,90.25,100.0,97.2,100.0,100.0,100.0
220,33875,99.77,63.28814259846131,1.1182792855799286,0,25,8,500,100.0,100.0,100.0,100.0,100.0,98.16,100.0,100.0
221,33875,99.49,64.00235925204825,1.1238793255798056,0,25,8,500,100.0,100.0,96.92,100.0,99.02,100.0,100.0,100.0
222,34278,100.0,60.7359029869223,1.0843180257348082,0,24,8,500,100.0,100.0,100.0,100.0,100.0,100.0,100.0,100.0
223,35487,99.99,62.36155248464485,1.1718072065024077,0,21,8,500,100.0,100.0,99.92,100.0,100.0,100.0,100.0,100.0
224,35084,99.47,62.97581308434709,1.1051756252808176,0,22,8,500,100.0,100.0,100.0,100.0,100.0,95.73,100.0,100.0
225,36293,99.69,61.31131689973642,1.0931720780552066,0,19,8,500,100.0,97.53,100.0,100.0,100.0,100.0,100.0,100.0
226,35487,100.0,64.52091082846627,1.151775833604114,0,21,8,500,100.0,100.0,100.0,100.0,100.0,100.0,100.0,100.0
227,33875,98.06,61.65135588046853,1.1595544000484097,0,25,8,500,100.0,100.0,100.0,100.0,92.91,100.0,91.53,100.0
228,33875,99.84,62.66909107646276,1.081550753243805,0,25,8,500,100.0,100.0,100.0,100.0,100.0,100.0,98.74,100.0
229,36293,99.74,62.2446861399062,1.109984800682175,0,19,8,500,100.0,100.0,97.93,100.0,100.0,100.0,100.0,100.0
230,33875,100.0,63.6667117953717,1.2074299502417467,0,25,8,500,100.0,100.0,100.0,100.0,100.0,100.0,100.0,100.0
231,33875,99.83,62.78724427416557,1.1301573467354418,0,25,8,500,100.0,100.0,100.0,100.0,98.63,100.0,100.0,100.0
232,33875,98.75,62.483691307553066,1.1409243496745305,0,25,8,500,95.64,100.0,100.0,100.0,100.0,94.39,100.0,100.0
233,34681,99.92,61.755637959488425,1.1369930016511087,0,23,8,500,100.0,100.0,100.0,100.0,100.0,99.38,100.0,100.0
234,35084,98.78,62.90033123482284,1.1616493317345395,0,22,8,500,100.0,100.0,100.0,95.94,94.3,100.0,100.0,100.0
235,33875,100.0,63.47832916315967,1.1677777778356682,0,25,8,500,100.0,100.0,100.0,100.0,100.0,100.0,100.0,100.0
236,33875,98.29,62.21223242818959,1.1379612128926306,0,25,8,500,100.0,100.0,99.01,100.0,99.35,95.35,96.47,96.11
237,33875,100.0,62.445035738076015,1.08996297129643,0,25,8,500,100.0,100.0,100.0,100.0,100.0,100.0,100.0,100.0
238,34681,99.52,65.15758090783928,1.17095974580606,0,23,8,500,100.0,100.0,96.2,100.0,100.0,100.0,100.0,100.0
239,34278,100.0,62.02398714571605,1.1462028312463832,0,24,8,500,100.0,100.0,100.0,100.0,100.0,100.0,100.0,100.0
240,34681,100.0,63.385610821455366,1.0855950425876637,0,23,8,500,100.0,100.0,100.0,100.0,100.0,100.0,100.0,100.0
241,33875,99.5,63.17241032926278,1.0553981200869875,0,25,8,500,100.0,100.0,100.0,100.0,100.0,100.0,97.44,98.58
242,36293,97.8,63.10011847737159,1.237581056309895,0,19,8,500,100.0,100.0,100.0,100.0,100.0,100.0,91.87,90.53
243,36696,98.34,63.02836041363087,1.1617929425612843,0,18,8,500,100.0,95.34,100.0,91.42,100.0,100.0,100.0,100.0
244,33875,100.0,61.82575210853053,1.1998389529238995,0,25,8,500,100.0,100.0,100.0,100.0,100.0,100.0,100.0,100.0
245,33875,97.86,61.51776266210435,1.1125248970077792,0,25,8,500,89.92,100.0,100.0,100.0,97.16,95.77,100.0,100.0
246,33875,96.02,64.02783862888847,1.146283933227728,0,25,8,500,100.0,93.44,100.0,96.46,97.19,92.6,99.23,89.21
247,33875,97.19,62.87676566713532,1.213870414046542,0,25,8,500,100.0,100.0,100.0,100.0,91.61,94.29,91.65,100.0
248,33875,99.94,62.89562234119313,1.1167480782901005,0,25,8,500,100.0,100.0,99.48,100.0,100.0,100.0,100.0,100.0
249,33875,100.0,63.05441106281251,1.1847354782673256,0,25,8,500,100.0,100.0,100.0,100.0,100.0,100.0,100.0,100.0
250,36293,94.12,63.40461810431909,1.1279477398766136,0,19,8,500,100.0,87.02,100.0,89.32,88.88,100.0,90.49,97.23
251,33875,99.42,62.42209234864928,1.07988444735424,0,25,8,500,100.0,100.0,100.0,100.0,95.32,100.0,100.0,100.0
252,33875,100.0,62.9118504091302,1.0986097652044893,0,25,8,500,100.0,100.0,100.0,100.0,100.0,100.0,100.0,100.0
253,36293,98.23,61.71998140230175,1.1527404709893496,0,19,8,500,90.1,100.0,100.0,100.0,97.66,98.08,100.0,100.0
254,33875,100.0,63.44862447846408,1.144461229019827,0,25,8,500,100.0,100.0,100.0,100.0,100.0,100.0,100.0,100.0
255,33875,98.14,63.392881012456975,1.2238087009311711,0,25,8,500,100.0,100.0,93.72,100.0,99.33,100.0,100.0,92.09
256,36293,100.0,62.75634904304791,1.186061020946115,0,19,8,500,100.0,100.0,100.0,100.0,100.0,100.0,100.0,100.0
257,33875,100.0,62.39777536041409,1.1303859975682666,0,25,8,500,100.0,100.0,100.0,100.0,100.0,100.0,100.0,100.0
258,35487,100.0,63.26347053435092,1.1597454859648222,0,21,8,500,100.0,100.0,100.0,100.0,100.0,100.0,100.0,100.0
259,33875,99.3,62.86900554937607,1.1363453507606336,0,25,8,500,100.0,100.0,100.0,100.0,96.1,98.29,100.0,100.0
260,33875,100.0,61.80527862129608,1.1311491504440323,0,25,8,500,100.0,100.0,100.0,100.0,100.0,100.0,100.0,100.0
261,34681,100.0,60.609349082255314,1.1101178694632752,0,23,8,500,99.97,100.0,100.0,100.0,100.0,100.0,100.0,100.0
262,35487,100.0,62.93875859998419,1.2554058543481892,0,21,8,500,100.0,100.0,100.0,100.0,100.0,100.0,100.0,100.0
263,33875,99.68,63.08888538257781,1.09160990016185,0,25,8,500,100.0,100.0,100.0,100.0,100.0,100.0,97.41,100.0
264,35487,98.12,63.95500705177065,1.1329703115765652,0,21,8,500,100.0,95.51,100.0,100.0,93.18,96.25,100.0,100.0
265,35084,99.37,62.44169032332013,1.2275728224090836,0,22,8,500,96.38,100.0,100.0,100.0,100.0,100.0,98.59,100.0
266,33875,99.21,64.34289397525446,0.9994220473074332,0,25,8,500,100.0,100.0,100.0,100.0,100.0,99.57,94.12,100.0
267,35487,100.0,62.56656812831048,1.070795446869647,0,21,8,500,100.0,100.0,100.0,100.0,100.0,100.0,100.0,100.0
268,33875,97.17,61.288076503735255,1.1673115952916642,0,25,8,500,88.05,100.0,100.0,100.0,100.0,94.48,100.0,94.84
269,36696,100.0,62.33994268515872,1.1120468129738252,0,18,8,500,100.0,100.0,100.0,100.0,100.0,100.0,100.0,100.0
270,33875,100.0,61.22943952537268,1.131594871596784,0,25,8,500,100.0,100.0,100.0,100.0,100.0,100.0,100.0,100.0
271,35084,100.0,62.462597447434725,1.2120813110704851,0,22,8,500,100.0,100.0,100.0,100.0,100.0,100.0,100.0,100.0
272,33875,99.56,61.86468505884778,1.1220825817622455,0,25,8,500,100.0,100.0,100.0,96.47,100.0,100.0,100.0,100.0
273,33875,97.97,61.68084784702475,1.1724166165544485,0,25,8,500,92.24,100.0,91.53,100.0,100.0,100.0,100.0,100.0
274,35890,99.47,62.33716099115963,1.1400241064875312,0,20,8,500,100.0,100.0,100.0,95.73,100.0,100.0,100.0,100.0
275,33875,100.0,62.01455852784327,1.2451861214824684,0,25,8,500,100.0,100.0,100.0,100.0,100.0,100.0,100.0,100.0
276,34681,99.63,63.55874019414291,1.1120579265873831,0,23,8,500,100.0,100.0,100.0,98.96,100.0,98.07,100.0,100.0
277,33875,100.0,62.14392961613395,1.1327029031321056,0,25,8,500,100.0,100.0,100.0,100.0,100.0,100.0,100.0,100.0
278,34278,98.79,63.20637356843093,1.1637271691631457,0,24,8,500,96.92,100.0,100.0,100.0,100.0,93.42,100.0,100.0
279,33875,99.48,62.346838397338985,1.087717884976339,0,25,8,500,100.0,98.7,97.11,100.0,100.0,100.0,100.0,100.0
280,35890,99.87,63.66178207718536,1.1140357285259417,0,20,8,500,98.97,100.0,100.0,100.0,100.0,100.0,100.0,100.0
281,35890,100.0,62.3567629694108,1.1328185019993229,0,20,8,500,100.0,100.0,100.0,100.0,100.0,100.0,100.0,100.0
282,33875,99.97,61.663882889860254,1.1975736620486546,0,25,8,500,100.0,100.0,100.0,100.0,100.0,100.0,99.74,100.0
283,33875,100.0,64.3255009507223,1.1750499908965115,0,25,8,500,100.0,100.0,100.0,100.0,100.0,100.0,100.0,100.0
284,34681,99.76,63.00416255509935,1.1177789064636778,0,23,8,500,98.06,100.0,100.0,100.0,100.0,100.0,100.0,100.0
285,33875,100.0,63.11548571832949,1.1642060058802763,0,25,8,500,100.0,100.0,100.0,100.0,100.0,100.0,100.0,100.0
286,35084,100.0,63.952614203269526,1.155459174014168,0,22,8,500,100.0,100.0,100.0,100.0,100.0,100.0,100.0,100.0
287,35487,99.92,63.065866131039854,1.12612709760072,0,21,8,500,99.36,100.0,100.0,100.0,100.0,100.0,100.0,100.0
288,36696,99.98,61.29886338339605,1.1273790316171193,0,18,8,500,99.8,100.0,100.0,100.0,100.0,100.0,100.0,100.0
289,34681,100.0,61.8958476583155,1.1000319663064904,0,23,8,500,100.0,100.0,100.0,100.0,100.0,100.0,100.0,100.0
290,36696,99.48,63.23506786764737,1.094679637270792,0,18,8,500,100.0,98.46,97.36,100.0,100.0,100.0,100.0,100.0
291,36696,100.0,62.81662831611028,1.146257766017149,0,18,8,500,100.0,100.0,100.0,100.0,100.0,100.0,100.0,100.0
292,33875,99.32,63.99117926850298,1.1886481369833537,0,25,8,500,100.0,100.0,100.0,100.0,100.0,94.55,100.0,100.0
293,33875,99.91,63.63052281154869,1.188230363091236,0,25,8,500,100.0,99.26,100.0,100.0,100.0,100.0,100.0,100.0
294,37099,99.67,63.71231471396763,1.2017976687636085,0,17,8,500,100.0,100.0,100.0,97.37,100.0,100.0,100.0,100.0
295,34681,99.11,62.9764336288566,1.1156166726168324,0,23,8,500,100.0,99.81,100.0,98.5,100.0,100.0,100.0,94.55
296,33875,100.0,62.27010940930392,1.1278123684731758,0,25,8,500,100.0,100.0,100.0,100.0,100.0,100.0,100.0,100.0
297,35084,98.18,63.09083340004353,1.1512212792045688,0,22,8,500,100.0,100.0,96.32,100.0,97.16,100.0,100.0,91.95
298,33875,99.09,62.43077281934295,1.1389882814731844,0,25,8,500,98.58,100.0,99.93,98.28,100.0,100.0,100.0,95.94
299,35084,98.82,63.291921566061774,1.1010358778671738,0,22,8,500,98.44,100.0,100.0,100.0,100.0,99.68,92.44,100.0
300,36696,100.0,62.68711048474861,1.1154651488399376,0,18,8,500,100.0,100.0,100.0,100.0,100.0,100.0,100.0,100.0
301,34278,100.0,62.23058049614409,1.0890249313425042,0,24,8,500,100.0,100.0,100.0,100.0,100.0,100.0,100.0,100.0
302,33875,100.0,63.88034239717963,1.1808985450904224,0,25,8,500,100.0,100.0,100.0,100.0,100.0,100.0,100.0,100.0
303,33875,100.0,63.32748532121435,1.151824054747193,0,25,8,500,100.0,100.0,100.0,100.0,100.0,100.0,100.0,100.0
304,37099,100.0,61.882385705261306,1.0925752101223445,0,17,8,500,100.0,100.0,100.0,100.0,100.0,100.0,100.0,100.0
305,34681,100.0,62.634546613851775,1.0466350317850652,0,23,8,500,100.0,100.0,100.0,100.0,100.0,100.0,100.0,100.0
306,33875,99.1,62.73225008386586,1.1164062761661349,0,25,8,500,100.0,94.73,100.0,98.08,100.0,100.0,100.0,100.0
307,33875,97.04,62.75468917541881,1.083770106883314,0,25,8,500,94.47,92.42,100.0,100.0,96.15,98.79,100.0,94.46
308,35890,99.1,62.47365922723123,1.1673736911737564,0,20,8,500,100.0,100.0,92.83,100.0,100.0,100.0,100.0,100.0
309,33875,100.0,63.11159707222295,1.198505007650644,0,25,8,500,100.0,100.0,100.0,100.0,100.0,100.0,100.0,100.0
310,34681,100.0,61.87368718184911,1.0836636165386004,0,23,8,500,100.0,100.0,100.0,100.0,100.0,100.0,100.0,100.0
311,36696,100.0,61.694839107274426,1.1699621346598348,0,18,8,500,100.0,100.0,100.0,100.0,100.0,100.0,100.0,100.0
312,35890,100.0,62.18490670801895,1.1330752673935984,0,20,8,500,100.0,100.0,100.0,100.0,100.0,100.0,100.0,100.0
313,34681,99.95,61.97722491534972,1.1350841457836065,0,23,8,500,100.0,100.0,100.0,100.0,100.0,99.62,100.0,100.0
314,33875,100.0,63.59633982379125,1.1418048562903982,0,25,8,500,100.0,100.0,100.0,100.0,100.0,100.0,100.0,100.0
315,35487,99.99,63.23772906079383,1.2117826651710786,0,21,8,500,100.0,100.0,100.0,100.0,100.0,99.89,100.0,100.0
316,33875,100.0,62.91578193591597,1.1798911559672602,0,25,8,500,100.0,100.0,100.0,100.0,100.0,100.0,100.0,100.0
317,35084,100.0,63.13751127050406,1.0391289756129878,0,22,8,500,100.0,100.0,100.0,100.0,100.0,100.0,100.0,100.0
318,34681,98.27,63.74778355607553,1.0564632249680947,0,23,8,500,100.0,100.0,100.0,100.0,90.78,95.6,99.75,100.0
319,34681,99.04,62.2460388523668,1.168785654561986,0,23,8,500,100.0,100.0,100.0,99.14,93.17,100.0,100.0,100.0
320,33875,100.0,63.420655742229016,1.117698285358264,0,25,8,500,100.0,100.0,100.0,100.0,100.0,100.0,100.0,100.0
321,35084,100.0,63.22777648067173,1.171005241293154,0,22,8,500,100.0,100.0,100.0,100.0,100.0,100.0,100.0,100.0
322,35084,99.36,63.190337047351846,1.14748760549729,0,22,8,500,100.0,97.42,100.0,98.62,100.0,98.86,100.0,100.0
323,34681,99.77,64.08934302514011,1.1212828437481157,0,23,8,500,100.0,100.0,100.0,98.19,100.0,100.0,100.0,100.0
324,33875,98.34,63.03031865463655,1.125288076186446,0,25,8,500,100.0,96.63,100.0,100.0,100.0,96.02,99.07,94.99
325,33875,100.0,62.35863163254978,1.062917186881053,0,25,8,500,100.0,100.0,100.0,100.0,100.0,100.0,100.0,100.0
326,34278,97.65,62.334994099385646,1.0858397913057596,0,24,8,500,100.0,97.7,96.19,94.43,92.9,100.0,100.0,100.0
327,33875,100.0,62.31367899204948,1.1285638648012986,0,25,8,500,100.0,100.0,100.0,100.0,100.0,100.0,100.0,100.0
328,33875,100.0,62.30125851493452,1.116366014648386,0,25,8,500,100.0,100.0,100.0,100.0,100.0,100.0,100.0,100.0
329,34278,99.57,62.88855884694664,1.1389863475834665,0,24,8,500,100.0,100.0,98.35,100.0,100.0,100.0,98.2,100.0
330,33875,100.0,63.16625348478755,1.2157991304888225,0,25,8,500,100.0,100.0,100.0,100.0,100.0,100.0,100.0,100.0
331,33875,100.0,63.346416025768285,1.1554911509259622,0,25,8,500,100.0,100.0,100.0,100.0,100.0,100.0,100.0,100.0
332,33875,99.13,62.94539186452991,1.1199744824865343,0,25,8,500,100.0,100.0,100.0,100.0,100.0,93.05,100.0,100.0
333,35084,99.0,62.74965027758696,1.1337700576232013,0,22,8,500,100.0,100.0,100.0,100.0,95.69,98.94,100.0,97.41
334,33875,99.79,62.349885005334734,1.104375938120413,0,25,8,500,100.0,100.0,100.0,100.0,100.0,98.35,100.0,100.0
335,33875,99.72,62.36397322698462,1.1287357979382209,0,25,8,500,98.86,100.0,100.0,98.94,100.0,100.0,100.0,100.0
336,34278,99.99,64.70130330140205,1.0969049804495448,0,24,8,500,100.0,100.0,100.0,100.0,100.0,100.0,100.0,99.93
337,36293,99.58,63.3639359931271,1.1406437613867215,0,19,8,500,100.0,100.0,96.68,100.0,100.0,100.0,100.0,100.0
338,36696,99.88,62.24317663151882,1.1394008305476504,0,18,8,500,100.0,100.0,99.0,100.0,100.0,100.0,100.0,100.0
339,34681,100.0,61.56623087562296,1.066082365519773,0,23,8,500,100.0,100.0,100.0,100.0,100.0,100.0,100.0,100.0
340,35084,99.8,62.39680195755077,1.084890763203615,0,22,8,500,100.0,100.0,100.0,98.42,100.0,100.0,100.0,100.0
341,37099,100.0,63.28261964229251,1.1473743670947396,0,17,8,500,100.0,100.0,100.0,100.0,100.0,100.0,100.0,100.0
342,33875,100.0,62.187306505121896,1.0508280483356227,0,25,8,500,100.0,100.0,100.0,100.0,100.0,100.0,100.0,100.0
343,35890,100.0,62.5328949424782,1.2238416743505685,0,20,8,500,100.0,100.0,100.0,100.0,100.0,100.0,100.0,100.0
344,33875,100.0,62.46085247769265,1.1272695163564177,0,25,8,500,100.0,100.0,100.0,100.0,100.0,100.0,100.0,100.0
345,35890,99.47,62.86629517678189,1.049211407303974,0,20,8,500,100.0,100.0,100.0,100.0,95.76,100.0,100.0,100.0
346,36293,99.65,63.85542544585606,1.100457247496372,0,19,8,500,97.19,100.0,100.0,100.0,100.0,100.0,100.0,100.0
347,33875,100.0,63.57445180347101,1.139782818942703,0,25,8,500,100.0,100.0,100.0,100.0,100.0,100.0,100.0,100.0
348,33875,99.17,63.28324366705692,1.1378654975475178,0,25,8,500,93.35,100.0,100.0,100.0,100.0,100.0,100.0,100.0
349,35487,100.0,61.58890505735511,1.121364396739976,0,21,8,500,100.0,100.0,100.0,100.0,100.0,100.0,100.0,100.0
350,33875,99.64,63.97517570144844,1.094412054274562,0,25,8,500,100.0,97.11,100.0,100.0,100.0,100.0,100.0,100.0
351,33875,98.31,62.910022390050464,1.1335149030324876,0,25,8,500,100.0,100.0,95.35,97.67,100.0,93.48,100.0,100.0
352,35890,99.49,63.713169253073424,1.101423499557375,0,20,8,500,100.0,100.0,95.91,100.0,100.0,100.0,100.0,100.0
353,34681,99.64,62.13472239102539,1.0942636634285074,0,23,8,500,100.0,99.36,100.0,100.0,100.0,100.0,100.0,97.72
354,40323,95.8,62.03642162952058,1.1495343861558105,0,9,8,500,94.48,91.05,100.0,97.03,100.0,90.79,100.0,93.05
355,37099,100.0,62.75078556024123,1.1353349119351572,0,17,8,500,100.0,100.0,100.0,100.0,100.0,100.0,100.0,100.0
356,36696,100.0,62.55778847700795,1.1577243107504724,0,18,8,500,100.0,100.0,100.0,100.0,100.0,100.0,100.0,100.0
357,36293,98.85,63.58629120998761,1.1655103190633644,0,19,8,500,95.12,100.0,100.0,95.65,100.0,100.0,100.0,100.0
358,33875,99.85,63.58432184006524,1.0550610320135256,0,25,8,500,98.79,100.0,100.0,100.0,100.0,100.0,100.0,100.0
359,35890,100.0,61.978121734671305,1.1744007708708346,0,20,8,500,100.0,100.0,100.0,100.0,100.0,100.0,100.0,100.0
360,37099,98.08,63.03968048052329,1.0245028030602703,0,17,8,500,100.0,100.0,93.89,98.22,100.0,93.05,100.0,99.48
361,33875,100.0,63.39069964672077,1.184205362387058,0,25,8,500,100.0,100.0,100.0,100.0,100.0,100.0,100.0,100.0
362,34681,100.0,63.7089808955952,1.0788484458556469,0,23,8,500,100.0,100.0,100.0,100.0,100.0,100.0,100.0,100.0
363,37905,100.0,63.36232701840773,1.1047835200833944,0,15,8,500,100.0,100.0,100.0,100.0,100.0,100.0,100.0,100.0
364,33875,97.53,62.91931084255658,1.152630773627798,0,25,8,500,93.59,86.67,100.0,100.0,100.0,100.0,100.0,100.0
365,33875,100.0,62.185825953087736,1.099536312605478,0,25,8,500,100.0,100.0,100.0,100.0,100.0,100.0,100.0,100.0
366,35084,97.29,62.9340220116824,1.086926259312334,0,22,8,500,92.4,100.0,100.0,100.0,100.0,100.0,92.98,92.95
367,33875,99.75,61.990602832571966,1.205142930651793,0,25,8,500,100.0,100.0,100.0,100.0,100.0,100.0,100.0,97.99
368,35084,99.37,63.13800859555339,1.122878163671949,0,22,8,500,99.9,100.0,95.03,100.0,100.0,100.0,100.0,100.0
369,35084,98.29,62.6017293759401,1.0900454582950942,0,22,8,500,93.04,98.68,100.0,100.0,100.0,94.63,100.0,100.0
370,33875,100.0,62.68271090305242,1.1208808735728095,0,25,8,500,100.0,100.0,100.0,100.0,100.0,100.0,100.0,100.0
371,33875,100.0,63.88717543881791,1.1615207701203691,0,25,8,500,100.0,100.0,100.0,100.0,100.0,100.0,100.0,100.0
372,33875,100.0,62.67313849414349,1.1757421227942064,0,25,8,500,100.0,100.0,100.0,100.0,100.0,100.0,100.0,100.0
373,35890,100.0,62.69466340665816,1.110727535783312,0,20,8,500,100.0,100.0,100.0,100.0,100.0,100.0,100.0,100.0
374,35487,100.0,61.70497086395276,1.1126117446319954,0,21,8,500,100.0,100.0,100.0,100.0,100.0,100.0,100.0,100.0
375,34681,100.0,62.27052107354292,1.077220742715617,0,23,8,500,100.0,100.0,100.0,100.0,100.0,100.0,100.0,100.0
376,35084,100.0,64.0529365236463,1.16013387500966,0,22,8,500,100.0,100.0,100.0,100.0,100.0,100.0,100.0,100.0
377,33875,100.0,63.58338370163798,1.158903105067735,0,25,8,500,100.0,100.0,100.0,100.0,100.0,100.0,100.0,100.0
378,36293,100.0,62.844286363886944,1.067122251306798,0,19,8,500,100.0,100.0,100.0,100.0,100.0,100.0,100.0,100.0
379,33875,100.0,62.59254339439302,1.0647577571165077,0,25,8,500,100.0,100.0,100.0,100.0,100.0,100.0,100.0,100.0
380,35084,100.0,62.00363176510476,1.1037131123616044,0,22,8,500,100.0,100.0,100.0,100.0,100.0,100.0,100.0,100.0
381,35890,98.92,64.12572525395875,1.061702764744054,0,20,8,500,100.0,96.46,95.62,99.32,100.0,100.0,100.0,100.0
382,35487,98.69,62.82305285330659,1.0899040011349137,0,21,8,500,93.51,100.0,100.0,100.0,96.0,100.0,100.0,100.0
383,35487,99.85,62.97126596469244,1.1211277529127546,0,21,8,500,100.0,98.77,100.0,100.0,100.0,100.0,100.0,100.0
384,33875,99.7,61.91553968602486,1.1798957248456643,0,25,8,500,100.0,100.0,100.0,100.0,97.59,100.0,100.0,100.0
385,34278,99.05,63.33127141842283,1.1867203197742084,0,24,8,500,100.0,100.0,93.64,100.0,100.0,98.76,100.0,100.0
386,35890,99.96,64.2127180552034,1.130700991127476,0,20,8,500,100.0,100.0,99.71,100.0,100.0,100.0,100.0,100.0
387,38308,98.83,63.144144380331575,1.0732544371962358,0,14,8,500,100.0,93.7,96.94,100.0,100.0,100.0,100.0,100.0
388,36696,99.7,61.8131051804316,1.0954138587428366,0,18,8,500,97.64,100.0,100.0,100.0,100.0,100.0,100.0,100.0
389,34681,99.88,62.47472546492369,1.10566087169432,0,23,8,500,100.0,100.0,100.0,100.0,100.0,99.4,100.0,99.68
390,33875,100.0,61.68294070968548,1.1269169400946497,0,25,8,500,100.0,100.0,100.0,100.0,100.0,100.0,100.0,100.0
391,33875,95.56,62.551316215971625,1.1128678495738775,0,25,8,500,86.83,97.4,86.65,93.61,100.0,100.0,100.0,100.0
392,36293,100.0,63.54216305749433,1.0971108760238817,0,19,8,500,100.0,100.0,100.0,100.0,100.0,100.0,100.0,100.0
393,33875,100.0,64.09593048186383,1.1309806206012656,0,25,8,500,100.0,100.0,100.0,100.0,100.0,100.0,100.0,100.0
394,36293,99.43,63.27511485744584,1.1165468421900693,0,19,8,500,100.0,100.0,95.42,100.0,100.0,100.0,100.0,100.0
395,36696,99.38,63.94677260784883,1.115243001126008,0,18,8,500,100.0,100.0,100.0,100.0,100.0,95.03,100.0,100.0
396,34681,99.74,63.076497512809,1.1420283110092335,0,23,8,500,100.0,100.0,100.0,100.0,100.0,100.0,97.89,100.0
397,36293,100.0,63.172127252850174,1.1448235378213554,0,19,8,500,100.0,100.0,100.0,100.0,100.0,100.0,100.0,100.0
398,33875,99.67,62.7032715637352,1.0728667514055852,0,25,8,500,100.0,97.34,100.0,100.0,100.0,100.0,100.0,100.0
399,35890,100.0,63.12961414685833,1.1525485304347998,0,20,8,500,100.0,100.0,100.0,100.0,100.0,100.0,100.0,100.0
400,33875,99.67,61.60575172295525,1.108257219387108,0,25,8,500,100.0,100.0,100.0,97.34,100.0,100.0,100.0,100.0
401,33875,99.83,62.52396516474995,1.1079745815575297,0,25,8,500,98.63,100.0,100.0,100.0,100.0,100.0,100.0,100.0
402,33875,100.0,62.84987114303881,1.1014824152669285,0,25,8,500,100.0,100.0,100.0,100.0,100.0,100.0,100.0,100.0
403,33875,97.17,62.5408613748825,1.1929582117099409,0,25,8,500,100.0,97.73,97.51,93.72,95.2,100.0,100.0,93.22
404,34278,97.49,63.19324204660283,1.136394093171604,0,24,8,500,100.0,91.66,99.49,100.0,100.0,100.0,88.75,100.0
405,33875,99.86,62.97687440500138,1.083966391988158,0,25,8,500,98.92,100.0,100.0,99.94,100.0,100.0,100.0,100.0
406,35487,100.0,63.01608646196586,1.047192330893617,0,21,8,500,100.0,100.0,100.0,100.0,100.0,100.0,100.0,100.0
407,33875,100.0,62.53531606987286,1.1342831542968217,0,25,8,500,100.0,100.0,100.0,100.0,100.0,100.0,100.0,100.0
408,35890,99.2,62.77850433686021,1.1311456137797804,0,20,8,500,100.0,100.0,100.0,100.0,93.63,100.0,100.0,100.0
409,35487,99.63,63.79188008221147,1.210759790613568,0,21,8,500,100.0,100.0,100.0,97.06,100.0,100.0,100.0,100.0
410,33875,100.0,62.1859403603355,1.0953201418918876,0,25,8,500,100.0,100.0,100.0,100.0,100.0,100.0,100.0,100.0
411,35084,99.72,64.04129262407558,1.0855800808663425,0,22,8,500,98.46,100.0,99.26,100.0,100.0,100.0,100.0,100.0
412,35487,99.58,61.41137953717179,1.1221197909578715,0,21,8,500,100.0,100.0,100.0,100.0,100.0,100.0,100.0,96.62
413,33875,100.0,63.03384990082533,0.9999755623817098,0,25,8,500,100.0,100.0,100.0,100.0,100.0,100.0,100.0,100.0
414,35084,100.0,62.32251941362967,1.0538563059817467,0,22,8,500,100.0,100.0,100.0,100.0,100.0,100.0,100.0,100.0
415,35890,99.72,61.79677665025183,1.125845055610058,0,20,8,500,100.0,100.0,100.0,100.0,100.0,97.76,100.0,100.0
416,34681,99.3,63.99697965929092,1.1074646961681596,0,23,8,500,100.0,100.0,94.42,100.0,100.0,100.0,100.0,100.0
417,33875,99.6,64.20359647378542,1.1316158438322637,0,25,8,500,100.0,100.0,100.0,100.0,100.0,100.0,96.81,100.0
418,37905,99.22,62.61287576659311,1.1166202399091818,0,15,8,500,100.0,100.0,96.03,97.72,100.0,100.0,100.0,100.0
419,33875,99.92,63.18158371341879,1.1184166298021574,0,25,8,500,100.0,100.0,99.36,100.0,100.0,100.0,100.0,100.0
420,35084,99.76,64.19665808734582,1.1192730313084187,0,22,8,500,100.0,100.0,100.0,100.0,100.0,98.11,100.0,100.0
421,33875,99.46,63.31112044316061,1.131661860827771,0,25,8,500,100.0,100.0,100.0,100.0,100.0,95.69,100.0,100.0
422,33875,99.87,62.51072737654243,1.1739377194327736,0,25,8,500,100.0,100.0,100.0,100.0,98.96,100.0,100.0,100.0
423,35487,98.47,63.48109791795526,1.0887435459847956,0,21,8,500,100.0,93.74,100.0,97.92,100.0,96.82,100.0,99.28
424,34681,100.0,62.403543848513365,1.0655273181676908,0,23,8,500,100.0,100.0,100.0,100.0,100.0,100.0,100.0,100.0
425,37502,100.0,62.85511210453379,1.1397330445833016,0,16,8,500,100.0,100.0,100.0,100.0,100.0,100.0,100.0,100.0
426,36293,98.75,62.47392177741305,1.0801084377096302,0,19,8,500,100.0,100.0,95.58,100.0,100.0,100.0,100.0,94.43
427,36293,99.8,62.69135264699389,1.14362179708349,0,19,8,500,100.0,100.0,100.0,100.0,100.0,100.0,100.0,98.41
428,34681,99.74,65.2613953352741,1.0483291475412904,0,23,8,500,97.88,100.0,100.0,100.0,100.0,100.0,100.0,100.0
429,33875,100.0,61.445189982178825,1.0155664994084186,0,25,8,500,100.0,100.0,100.0,100.0,100.0,100.0,100.0,100.0
430,34681,99.65,63.795505317993616,1.0791734539841225,0,23,8,500,100.0,100.0,100.0,100.0,100.0,97.19,100.0,100.0
431,33875,100.0,64.32665643735362,1.1389871742635935,0,25,8,500,100.0,100.0,100.0,100.0,100.0,100.0,100.0,100.0
432,34278,97.61,62.61570029131934,1.097558571553307,0,24,8,500,99.87,100.0,100.0,96.73,91.64,92.65,100.0,100.0
433,34681,99.33,64.24493058744821,1.0177862041511323,0,23,8,500,100.0,100.0,100.0,100.0,100.0,99.89,94.73,100.0
434,33875,100.0,63.06179127974576,0.9908644544986284,0,25,8,500,100.0,100.0,100.0,100.0,100.0,100.0,100.0,100.0
435,35890,99.41,62.260274220193374,1.0745847008252372,0,20,8,500,100.0,100.0,100.0,100.0,100.0,100.0,95.28,100.0
436,33875,100.0,63.81964686772142,1.019766169802144,0,25,8,500,100.0,100.0,100.0,100.0,100.0,100.0,100.0,100.0
437,35487,99.64,61.79656796470179,1.230079525418354,0,21,8,500,97.14,100.0,100.0,100.0,100.0,100.0,100.0,100.0
438,36696,99.58,62.81044467809179,1.0732577006588695,0,18,8,500,100.0,100.0,100.0,100.0,96.66,100.0,100.0,100.0
439,35084,99.66,62.89549059393994,1.114371313008818,0,22,8,500,100.0,100.0,97.33,99.96,100.0,100.0,100.0,100.0
440,35890,99.43,61.86089971897697,1.1677908015534142,0,20,8,500,100.0,100.0,99.22,100.0,100.0,100.0,96.25,100.0
441,33875,99.8,63.35967502112116,1.157040704395494,0,25,8,500,99.49,100.0,100.0,100.0,98.88,100.0,100.0,100.0
442,33875,99.27,62.82850231100287,1.056093440876646,0,25,8,500,97.46,100.0,100.0,100.0,96.71,100.0,100.0,100.0
443,33875,99.92,61.56933056246736,1.1798392850377937,0,25,8,500,100.0,99.81,100.0,100.0,100.0,100.0,99.8,99.72
444,33875,96.3,62.63331749023434,1.1927443798225212,0,25,8,500,92.47,89.47,100.0,100.0,100.0,99.97,94.06,94.44
445,35487,99.65,62.84975551171184,1.117679189054112,0,21,8,500,100.0,97.19,100.0,100.0,100.0,100.0,100.0,100.0
446,34278,98.6,63.65582628049629,1.105682392043563,0,24,8,500,100.0,100.0,100.0,93.35,100.0,100.0,95.49,100.0
447,36696,100.0,63.76974411597028,1.1187366965483054,0,18,8,500,100.0,100.0,100.0,100.0,100.0,100.0,100.0,100.0
448,33875,100.0,63.21723485901255,1.00786228659461,0,25,8,500,100.0,100.0,99.96,100.0,100.0,100.0,100.0,100.0
449,34278,99.99,61.829896582997634,1.1430187417464874,0,24,8,500,100.0,100.0,100.0,100.0,100.0,100.0,99.93,100.0
450,33875,99.5,63.07490795154734,1.0781510126941782,0,25,8,500,100.0,95.99,100.0,100.0,100.0,100.0,100.0,100.0
451,35487,99.96,62.3311110569607,1.1126518977735431,0,21,8,500,100.0,100.0,100.0,100.0,100.0,100.0,99.65,100.0
452,36696,98.71,62.954454646936775,1.0594175614408754,0,18,8,500,100.0,100.0,96.34,96.03,99.83,100.0,100.0,97.51
453,36293,99.66,62.02726596533585,1.1283408595184536,0,19,8,500,100.0,100.0,98.15,100.0,100.0,100.0,99.11,100.0
454,33875,98.73,62.35379855675954,1.1554511821957645,0,25,8,500,100.0,96.99,96.79,100.0,100.0,100.0,100.0,96.03
455,35487,99.19,63.59706783329758,1.1606962148409092,0,21,8,500,100.0,100.0,98.11,100.0,100.0,100.0,95.43,100.0
456,33875,99.76,61.58976010031538,1.0411757317171744,0,25,8,500,100.0,100.0,100.0,100.0,100.0,98.08,100.0,100.0
457,33875,99.95,64.24729082123162,1.0977298917398437,0,25,8,500,99.63,100.0,100.0,100.0,100.0,100.0,100.0,100.0
458,37099,97.92,63.04512440338532,1.1246115751031864,0,17,8,500,100.0,100.0,94.0,100.0,100.0,92.18,97.18,100.0
459,33875,99.0,62.765710217324006,1.0367490027216473,0,25,8,500,100.0,100.0,100.0,92.13,100.0,99.88,100.0,100.0
460,36696,99.87,61.91053276337594,1.0694434184114958,0,18,8,500,100.0,99.36,100.0,100.0,99.61,100.0,100.0,100.0
461,37905,100.0,62.21141373419683,1.0926049657235617,0,15,8,500,100.0,100.0,100.0,100.0,100.0,100.0,100.0,100.0
462,35084,100.0,64.38812068434802,1.107571062404242,0,22,8,500,100.0,100.0,100.0,100.0,100.0,100.0,100.0,100.0
463,33875,100.0,63.019241536836,1.064589991038986,0,25,8,500,100.0,100.0,100.0,100.0,100.0,100.0,100.0,100.0
464,34278,99.32,62.16907244261306,1.0688171941030395,0,24,8,500,100.0,100.0,97.76,99.52,100.0,100.0,100.0,97.27
465,36293,99.89,64.40097173401995,1.160470327261618,0,19,8,500,100.0,100.0,100.0,100.0,99.1,100.0,100.0,100.0
466,38308,99.62,62.390831225999065,1.096946643641204,0,14,8,500,100.0,100.0,97.27,100.0,99.66,100.0,100.0,100.0
467,34681,100.0,63.43733436921263,1.040776448773752,0,23,8,500,100.0,100.0,100.0,100.0,100.0,100.0,100.0,100.0
468,35084,100.0,61.3847935062911,1.0551741710335674,0,22,8,500,100.0,100.0,100.0,100.0,100.0,100.0,100.0,100.0
469,37099,99.22,63.35209548007593,1.063856950159504,0,17,8,500,100.0,100.0,100.0,100.0,93.72,100.0,100.0,100.0
470,35487,100.0,63.49809140660956,1.0154658443569058,0,21,8,500,100.0,100.0,100.0,100.0,100.0,100.0,100.0,100.0
471,36696,100.0,62.97734183598328,1.1281448405286942,0,18,8,500,100.0,100.0,100.0,100.0,100.0,100.0,100.0,100.0
472,36293,99.77,62.26234170882856,1.1906261498908817,0,19,8,500,100.0,100.0,100.0,100.0,100.0,100.0,99.09,99.07
473,34278,99.92,63.14415713811614,1.1932299550911512,0,24,8,500,99.68,100.0,100.0,100.0,99.72,100.0,100.0,100.0
474,37502,99.96,63.70279839850986,1.1238689746374155,0,16,8,500,100.0,100.0,100.0,100.0,100.0,100.0,99.7,100.0
475,33875,99.79,63.533044976317136,1.125560014081466,0,25,8,500,100.0,100.0,100.0,100.0,100.0,100.0,98.35,100.0
476,34681,100.0,62.946036850429664,1.1468732832534687,0,23,8,500,100.0,100.0,100.0,100.0,100.0,100.0,100.0,100.0
477,33875,99.77,61.82701968703957,0.9598125142748302,0,25,8,500,100.0,100.0,98.16,100.0,100.0,100.0,100.0,100.0
478,33875,100.0,62.841437567053546,1.14127571499173,0,25,8,500,100.0,100.0,100.0,100.0,100.0,100.0,100.0,100.0
479,39114,99.38,62.83850040687377,1.0620069690086826,0,12,8,500,100.0,97.51,100.0,100.0,97.5,100.0,100.0,100.0
480,33875,99.89,62.46303498720296,1.1349757447404183,0,25,8,500,100.0,99.11,100.0,100.0,100.0,100.0,100.0,100.0
481,33875,100.0,64.09721269079712,1.0502718222848284,0,25,8,500,100.0,100.0,100.0,100.0,100.0,100.0,100.0,100.0
482,34681,94.08,63.163026720820056,1.211027844466204,0,23,8,500,100.0,87.94,85.89,100.0,94.47,100.0,84.37,100.0
483,36293,99.81,63.06329583677855,1.137627333025186,0,19,8,500,100.0,100.0,100.0,98.48,100.0,100.0,100.0,100.0
484,33875,100.0,62.31220809085956,1.065529557832792,0,25,8,500,100.0,100.0,100.0,100.0,100.0,100.0,100.0,100.0
485,34681,99.72,62.878983776925175,1.0672772100354997,0,23,8,500,100.0,97.72,100.0,100.0,100.0,100.0,100.0,100.0
486,33875,99.23,63.35104254605918,1.12152484426605,0,25,8,500,100.0,100.0,93.86,100.0,100.0,100.0,100.0,100.0
487,35487,99.43,62.53649403134363,1.1402485394932007,0,21,8,500,100.0,100.0,100.0,100.0,98.36,100.0,100.0,97.06
488,35890,99.7,62.62445531370408,1.0656828007585477,0,20,8,500,100.0,98.76,100.0,100.0,98.81,100.0,100.0,100.0
489,35084,100.0,62.33240648039395,1.101330531929786,0,22,8,500,100.0,100.0,100.0,100.0,100.0,100.0,100.0,100.0
490,34681,99.59,61.84459813833129,1.1434800969203,0,23,8,500,100.0,98.23,98.48,100.0,100.0,100.0,100.0,100.0
491,33875,100.0,63.522414020716944,1.0582259087419754,0,25,8,500,100.0,100.0,100.0,100.0,100.0,100.0,100.0,100.0
492,35890,99.13,62.61986713090607,1.080470396161576,0,20,8,500,100.0,100.0,95.16,100.0,100.0,100.0,100.0,97.86
493,33875,99.72,64.32772163431531,1.1469701266645729,0,25,8,500,100.0,100.0,97.8,100.0,100.0,100.0,100.0,100.0
494,35890,99.42,63.02711394013938,1.087907066525888,0,20,8,500,96.76,100.0,100.0,100.0,100.0,98.6,100.0,100.0
495,35487,100.0,63.68423155802422,1.0915860182881962,0,21,8,500,100.0,100.0,100.0,100.0,100.0,100.0,100.0,100.0
496,33875,99.94,62.28800683320643,1.0958856536484085,0,25,8,500,100.0,100.0,100.0,100.0,100.0,100.0,100.0,99.5
497,36293,100.0,62.760316400228334,1.040203529686552,0,19,8,500,100.0,100.0,100.0,100.0,100.0,100.0,100.0,100.0
498,36696,97.81,62.87783149361597,1.164827195407253,0,18,8,500,100.0,100.0,88.78,100.0,100.0,100.0,93.7,100.0
499,35487,99.9,63.01799460538376,1.0494241534377435,0,21,8,500,99.23,100.0,100.0,100.0,100.0,100.0,100.0,100.0
500,39114,99.88,64.5963985441079,1.0892671518203745,0,12,8,500,99.05,100.0,100.0,100.0,100.0,100.0,100.0,100.0
501,33875,99.13,63.50344659272848,1.0815670110054647,0,25,8,500,96.6,100.0,100.0,100.0,100.0,100.0,96.43,100.0
502,36293,100.0,63.8071652702694,1.1540942039932616,0,19,8,500,100.0,100.0,100.0,100.0,100.0,100.0,100.0,100.0
503,33875,100.0,64.42976147767446,1.0099889252013543,0,25,8,500,100.0,100.0,100.0,100.0,100.0,100.0,100.0,100.0
504,35487,98.25,63.67150412488757,1.1320836245605226,0,21,8,500,98.51,100.0,100.0,100.0,92.09,98.54,96.89,100.0
505,37905,99.91,63.60618299127679,1.0538057887620074,0,15,8,500,100.0,100.0,100.0,99.28,100.0,100.0,100.0,100.0
506,35890,100.0,62.50272786582383,1.1524687368346371,0,20,8,500,100.0,100.0,100.0,100.0,100.0,100.0,100.0,100.0
507,33875,100.0,62.07633317516611,1.032390750846556,0,25,8,500,100.0,100.0,100.0,100.0,100.0,100.0,100.0,100.0
508,38711,98.95,63.01865927258344,1.10007502440294,0,13,8,500,100.0,95.16,100.0,100.0,100.0,96.46,100.0,100.0
509,34681,100.0,63.90024570038857,1.147336168463049,0,23,8,500,100.0,100.0,100.0,100.0,100.0,100.0,100.0,100.0
510,36293,99.9,63.268270383660806,1.123553290394316,0,19,8,500,100.0,100.0,100.0,100.0,100.0,100.0,99.16,100.0
511,35084,100.0,63.89646304217052,1.079482954154226,0,22,8,500,100.0,100.0,100.0,100.0,100.0,100.0,100.0,100.0
512,33875,99.11,63.504003598110295,1.1333664790162177,0,25,8,500,100.0,92.91,100.0,100.0,100.0,100.0,100.0,100.0
513,33875,99.52,62.4057866633793,1.096570535551735,0,25,8,500,100.0,100.0,100.0,96.16,100.0,100.0,100.0,100.0
514,33875,99.74,63.67334351994394,1.1054253104162337,0,25,8,500,100.0,100.0,97.92,100.0,100.0,100.0,100.0,100.0
515,34681,99.89,63.58317643216006,1.122569026097325,0,23,8,500,99.1,100.0,100.0,100.0,100.0,100.0,100.0,100.0
516,34278,100.0,63.02920656274839,1.161051996056358,0,24,8,500,100.0,100.0,100.0,100.0,100.0,100.0,100.0,100.0
517,34278,99.56,62.68053022794312,1.1513174146558989,0,24,8,500,100.0,100.0,96.5,100.0,100.0,100.0,100.0,100.0
518,33875,99.66,63.439110438652015,1.1681039339170225,0,25,8,500,100.0,100.0,100.0,100.0,100.0,97.28,100.0,100.0
519,33875,100.0,63.751452386223775,1.210938042990748,0,25,8,500,100.0,100.0,100.0,100.0,100.0,100.0,100.0,100.0
520,37502,100.0,63.353872985468,1.160784166915527,0,16,8,500,100.0,100.0,100.0,100.0,100.0,100.0,100.0,100.0
521,34278,100.0,63.61083203864996,1.0338888429643411,0,24,8,500,100.0,100.0,100.0,100.0,100.0,100.0,100.0,100.0
522,37905,99.5,63.0151829504732,1.0686961997682445,0,15,8,500,100.0,100.0,100.0,100.0,100.0,100.0,100.0,96.03
523,34681,100.0,63.86125321537353,1.2038856470523105,0,23,8,500,100.0,100.0,100.0,100.0,100.0,100.0,100.0,100.0
524,34278,99.94,62.73139474087989,1.0488674756146708,0,24,8,500,100.0,99.55,100.0,100.0,100.0,100.0,100.0,100.0
525,33875,96.43,61.6138763588604,1.1269060296153268,0,25,8,500,88.83,100.0,100.0,92.33,98.05,100.0,100.0,92.2
526,33875,100.0,61.731484377401465,1.1500833248867286,0,25,8,500,100.0,100.0,100.0,100.0,100.0,100.0,100.0,100.0
527,35487,96.37,62.63394827026809,1.1000590917898887,0,21,8,500,100.0,83.73,100.0,100.0,100.0,96.33,90.87,100.0
528,36696,95.32,64.30815405597991,1.160795217236234,0,18,8,500,89.3,93.92,99.46,91.6,100.0,99.19,100.0,89.05
529,36696,100.0,63.357593781198304,1.1137104711278638,0,18,8,500,100.0,100.0,100.0,100.0,100.0,100.0,100.0,100.0
530,33875,100.0,62.45728389260384,1.1165953122188068,0,25,8,500,100.0,100.0,100.0,100.0,100.0,100.0,100.0,100.0
531,35084,97.94,63.54326541171797,1.1102082350716114,0,22,8,500,92.61,100.0,90.95,100.0,100.0,100.0,100.0,100.0
532,34278,99.32,63.50001647318157,1.059732817805335,0,24,8,500,100.0,100.0,95.78,100.0,100.0,100.0,100.0,98.76
533,34681,100.0,64.05894383272023,1.135277042191617,0,23,8,500,100.0,100.0,100.0,100.0,100.0,100.0,100.0,100.0
534,35890,99.89,62.05159020894556,1.1109175001630878,0,20,8,500,100.0,100.0,100.0,99.1,100.0,100.0,100.0,100.0
535,35084,100.0,63.889085994637945,1.145936815465329,0,22,8,500,100.0,100.0,100.0,100.0,100.0,100.0,100.0,100.0
536,34681,100.0,62.904253736110405,1.0274445028682735,0,23,8,500,100.0,100.0,100.0,100.0,100.0,100.0,100.0,100.0
537,34681,100.0,63.62072746099717,1.0123902384895431,0,23,8,500,100.0,100.0,100.0,100.0,100.0,100.0,100.0,100.0
538,35890,99.55,62.21520337301197,1.0309058435797254,0,20,8,500,100.0,100.0,100.0,100.0,96.41,100.0,100.0,100.0
539,35084,98.75,60.753248265257206,1.164003376880649,0,22,8,500,91.85,100.0,100.0,98.14,100.0,100.0,100.0,100.0
540,36293,100.0,63.03933806524184,1.0198393273960775,0,19,8,500,100.0,100.0,100.0,100.0,100.0,100.0,100.0,100.0
541,36696,98.61,62.948233193952845,1.1314928507459048,0,18,8,500,100.0,100.0,100.0,100.0,100.0,94.11,100.0,94.78
542,35487,100.0,63.95604530799644,1.0905934786048566,0,21,8,500,100.0,100.0,100.0,100.0,100.0,100.0,100.0,100.0
543,37905,100.0,62.20830236222444,1.1543840616497243,0,15,8,500,100.0,100.0,100.0,100.0,100.0,100.0,100.0,100.0
544,33875,100.0,63.53129234480101,1.107897297236612,0,25,8,500,100.0,100.0,100.0,100.0,100.0,100.0,100.0,100.0
545,36696,99.39,62.60715584570116,1.0123517657255117,0,18,8,500,100.0,99.87,100.0,100.0,100.0,95.28,100.0,100.0
546,34681,99.32,62.7571036348829,1.0737630654524275,0,23,8,500,100.0,94.56,100.0,100.0,100.0,100.0,100.0,100.0
547,34681,100.0,63.40381928679867,1.0455716261974783,0,23,8,500,100.0,100.0,100.0,100.0,100.0,100.0,100.0,100.0
548,35084,100.0,61.76903226547488,1.0465244033615957,0,22,8,500,100.0,100.0,100.0,100.0,100.0,100.0,100.0,100.0
549,33875,100.0,62.70425826040045,1.0480568046267635,0,25,8,500,100.0,100.0,100.0,100.0,100.0,100.0,100.0,100.0
550,35890,98.85,61.7560535296965,1.1396919576823357,0,20,8,500,100.0,100.0,98.23,97.08,100.0,99.9,95.6,100.0
551,36293,100.0,63.36518589238534,1.0998754836045812,0,19,8,500,100.0,100.0,100.0,100.0,100.0,100.0,100.0,100.0
552,34278,100.0,63.00821439019778,1.1518382943959458,0,24,8,500,100.0,100.0,100.0,100.0,100.0,100.0,100.0,100.0
553,34681,100.0,64.30988953549581,1.0684986172227455,0,23,8,500,100.0,100.0,100.0,100.0,100.0,100.0,100.0,100.0
554,35487,100.0,62.36847833840415,1.0577929924253595,0,21,8,500,100.0,100.0,100.0,100.0,100.0,100.0,100.0,100.0
555,37099,99.53,62.74455289866631,1.076016606372536,0,17,8,500,100.0,100.0,100.0,100.0,100.0,100.0,100.0,96.24
556,34278,99.7,63.71608115900741,1.040274262444366,0,24,8,500,100.0,97.58,100.0,100.0,100.0,100.0,100.0,100.0
557,33875,99.97,63.18824754907051,1.0950200457441577,0,25,8,500,100.0,100.0,100.0,100.0,100.0,99.78,100.0,100.0
558,35084,100.0,62.44038280026643,1.1050765469474404,0,22,8,500,100.0,100.0,100.0,100.0,100.0,100.0,100.0,100.0
559,34278,99.42,63.36303973233797,1.108252828182093,0,24,8,500,100.0,100.0,100.0,100.0,100.0,100.0,100.0,95.34
560,34681,98.77,63.30867862458034,1.06815613098191,0,23,8,500,100.0,96.82,100.0,100.0,94.98,98.37,100.0,100.0
561,37502,99.86,62.74496166824304,0.953961060061681,0,16,8,500,100.0,100.0,100.0,100.0,100.0,100.0,98.85,100.0
562,36696,100.0,61.6877915525326,1.0971549642641536,0,18,8,500,100.0,100.0,100.0,100.0,100.0,100.0,100.0,100.0
563,35084,98.68,63.338742416186896,1.116122828841807,0,22,8,500,100.0,95.97,93.44,100.0,100.0,100.0,100.0,100.0
564,35890,99.41,62.88813830879991,1.0873615179679117,0,20,8,500,100.0,100.0,100.0,100.0,100.0,100.0,100.0,95.3
565,36293,100.0,64.1655512325255,1.0845270720019056,0,19,8,500,100.0,100.0,100.0,100.0,100.0,100.0,100.0,100.0
566,33875,100.0,63.59891003534528,1.1919479724635624,0,25,8,500,100.0,100.0,100.0,100.0,100.0,100.0,100.0,100.0
567,36293,100.0,63.3762028852293,1.0806224715546573,0,19,8,500,100.0,100.0,100.0,100.0,100.0,100.0,100.0,100.0
568,38308,95.98,62.587041177114536,1.092789342415304,0,14,8,500,100.0,87.8,93.42,100.0,100.0,89.8,100.0,96.85
569,35890,100.0,63.14357174341084,1.115789984630398,0,20,8,500,100.0,100.0,100.0,100.0,100.0,100.0,100.0,100.0
570,35890,99.34,64.28260198472077,1.0599734224706645,0,20,8,500,94.69,100.0,100.0,100.0,100.0,100.0,100.0,100.0
571,35084,99.43,63.62172329436476,1.0890615928630838,0,22,8,500,100.0,100.0,95.41,100.0,100.0,100.0,100.0,100.0
572,35487,99.29,62.95948717559032,1.0741390075465045,0,21,8,500,100.0,98.27,100.0,97.54,100.0,98.49,100.0,100.0
573,36293,100.0,63.15654422888605,1.1452980825808268,0,19,8,500,100.0,100.0,100.0,100.0,100.0,100.0,100.0,100.0
574,35487,97.52,62.6852047107838,1.0856055355796344,0,21,8,500,100.0,90.87,100.0,100.0,91.03,100.0,100.0,98.23
575,35890,99.94,63.436264488098125,1.059930160270906,0,20,8,500,100.0,100.0,100.0,100.0,100.0,99.52,100.0,100.0
576,35890,99.86,61.926371009363365,1.0451818593467626,0,20,8,500,100.0,98.85,100.0,100.0,100.0,100.0,100.0,100.0
577,35890,97.45,62.507729541767816,1.0553013518928198,0,20,8,500,100.0,98.96,100.0,94.26,92.26,97.51,96.59,100.0
578,37905,99.49,62.9475825884904,1.096796710718183,0,15,8,500,100.0,100.0,100.0,100.0,100.0,100.0,100.0,95.95
579,38308,96.72,62.905439443604415,1.113246820550656,0,14,8,500,100.0,90.55,98.66,92.79,100.0,99.53,92.21,100.0
580,37502,99.56,62.73715099620171,1.024021962335493,0,16,8,500,100.0,100.0,100.0,100.0,100.0,100.0,96.49,100.0
581,37099,99.49,63.757863903145335,1.142979425969076,0,17,8,500,95.95,100.0,100.0,100.0,100.0,100.0,100.0,100.0
582,35487,100.0,62.78400062882125,1.0797443118741512,0,21,8,500,100.0,100.0,100.0,100.0,100.0,100.0,100.0,100.0
583,36696,99.55,62.3789393834153,1.167692332418261,0,18,8,500,100.0,100.0,100.0,98.86,99.28,100.0,100.0,98.24
584,35084,99.4,62.2109352986412,1.1703099553026337,0,22,8,500,98.12,100.0,100.0,100.0,100.0,100.0,100.0,97.05
585,33875,100.0,63.39070024822379,1.0094419904321026,0,25,8,500,100.0,100.0,100.0,100.0,100.0,100.0,100.0,100.0
586,37905,98.79,63.49896835293332,1.1080593765184488,0,15,8,500,100.0,100.0,100.0,99.94,100.0,93.34,100.0,97.03
587,36696,99.31,62.69106413368327,1.0838364591124947,0,18,8,500,100.0,100.0,95.54,100.0,98.94,100.0,100.0,100.0
588,35487,100.0,62.46175160369706,1.0671426268507282,0,21,8,500,100.0,100.0,100.0,100.0,100.0,100.0,100.0,100.0
589,33875,100.0,63.121074154736505,1.0668056790787517,0,25,8,500,100.0,100.0,100.0,100.0,100.0,100.0,100.0,100.0
590,39114,99.99,62.79221836112865,1.0476479956993785,0,12,8,500,100.0,100.0,100.0,100.0,100.0,99.93,100.0,100.0
591,39114,98.47,62.7069674343832,1.0756777085440454,0,12,8,500,100.0,100.0,98.68,100.0,94.28,100.0,100.0,94.81
592,38711,100.0,62.43711805464007,1.1617494335246523,0,13,8,500,100.0,100.0,100.0,100.0,100.0,100.0,100.0,100.0
593,36293,99.8,62.74726608036508,1.09425502256152,0,19,8,500,100.0,100.0,100.0,98.4,100.0,100.0,100.0,100.0
594,35084,99.54,63.95229747673788,1.183939655948912,0,22,8,500,100.0,100.0,97.42,100.0,98.93,100.0,100.0,100.0
595,35084,99.36,62.984141310896014,1.1461800329216958,0,22,8,500,96.28,100.0,100.0,100.0,100.0,100.0,100.0,98.64
596,35487,97.23,64.08796891172246,1.045159118303017,0,21,8,500,100.0,100.0,100.0,90.34,96.88,94.38,100.0,96.21
597,35890,99.97,62.1834282284002,1.1316682674301548,0,20,8,500,100.0,100.0,100.0,100.0,100.0,99.76,100.0,100.0
598,33875,99.64,62.55425301385575,1.112966371969654,0,25,8,500,100.0,100.0,100.0,100.0,97.1,100.0,100.0,100.0
599,35084,99.82,62.689653288082376,1.1502710497501365,0,22,8,500,100.0,100.0,100.0,100.0,100.0,100.0,98.57,100.0
600,36696,100.0,63.1972420794316,1.0170900199069517,0,18,8,500,100.0,100.0,100.0,100.0,100.0,100.0,100.0,100.0
601,35084,100.0,63.596579397547245,1.129508876889779,0,22,8,500,100.0,100.0,100.0,100.0,100.0,100.0,100.0,100.0
602,34278,98.1,62.98632316791788,1.037015535612697,0,24,8,500,97.01,100.0,96.88,97.54,100.0,96.17,97.18,100.0
603,33875,99.14,63.1074679767312,1.114022878602859,0,25,8,500,98.35,94.81,100.0,100.0,100.0,100.0,100.0,100.0
604,37502,99.97,63.187051886385646,1.1620738066878262,0,16,8,500,100.0,99.76,100.0,100.0,100.0,100.0,100.0,100.0
605,37099,100.0,64.51818209397196,1.0971093609350826,0,17,8,500,100.0,100.0,100.0,100.0,100.0,100.0,100.0,100.0
606,33875,96.5,63.54172185058359,1.0446265787390023,0,25,8,500,100.0,100.0,100.0,95.9,93.05,91.29,91.77,100.0
607,34681,98.98,61.56786749011063,1.018567578104653,0,23,8,500,94.55,100.0,100.0,100.0,100.0,100.0,97.33,100.0
608,35890,99.93,63.52629125496641,1.0312789722746998,0,20,8,500,100.0,100.0,99.42,100.0,100.0,100.0,100.0,100.0
609,37905,100.0,62.58271489985788,1.0557625904952952,0,15,8,500,100.0,100.0,100.0,100.0,100.0,100.0,100.0,100.0
610,33875,99.72,64.15354224712092,1.1661579261377226,0,25,8,500,98.31,100.0,100.0,99.48,100.0,100.0,100.0,100.0
611,38308,100.0,61.24218293879571,1.019249402626056,0,14,8,500,100.0,100.0,100.0,100.0,100.0,100.0,100.0,100.0
612,35487,99.38,62.466345163333415,1.023423117234115,0,21,8,500,100.0,100.0,95.0,100.0,100.0,100.0,100.0,100.0
613,35084,99.8,62.34347827760373,1.187134888462941,0,22,8,500,100.0,100.0,100.0,98.37,100.0,100.0,100.0,100.0
614,36293,100.0,63.04255743677845,1.0983910970035913,0,19,8,500,100.0,100.0,100.0,100.0,100.0,100.0,100.0,100.0
615,35890,98.27,61.97043863487873,1.0737682286973778,0,20,8,500,97.18,100.0,98.14,100.0,100.0,100.0,99.07,91.79
616,36696,99.54,63.71878007887781,1.0894809452431415,0,18,8,500,97.97,100.0,100.0,100.0,100.0,100.0,100.0,98.37
617,37502,99.35,61.99756821080486,1.1142281998149617,0,16,8,500,100.0,100.0,100.0,100.0,94.82,100.0,100.0,100.0
618,33875,100.0,62.417740663576495,1.060039021124354,0,25,8,500,100.0,100.0,100.0,100.0,100.0,100.0,100.0,100.0
619,34278,100.0,62.94991459743724,1.0861536497018034,0,24,8,500,100.0,100.0,100.0,100.0,100.0,100.0,100.0,100.0
620,35890,100.0,64.53817071634661,1.1358513585706678,0,20,8,500,100.0,100.0,100.0,100.0,100.0,100.0,100.0,100.0
621,36293,98.6,62.54567847132543,1.0343928885473348,0,19,8,500,100.0,100.0,97.84,100.0,100.0,90.92,100.0,100.0
622,38308,95.74,62.49004167172047,1.0845600056871731,0,14,8,500,100.0,92.31,89.14,92.65,100.0,96.04,95.77,100.0
623,33875,100.0,62.25171678014608,1.0746106118808196,0,25,8,500,100.0,100.0,100.0,100.0,100.0,100.0,100.0,100.0
624,33875,100.0,63.39687821575431,1.0529385548827312,0,25,8,500,100.0,100.0,100.0,100.0,100.0,100.0,100.0,100.0
625,35890,99.65,62.273949275136026,1.1203076893850274,0,20,8,500,97.2,100.0,100.0,100.0,100.0,100.0,100.0,100.0
626,37099,99.85,64.23899766543084,1.1027411343461169,0,17,8,500,100.0,100.0,100.0,98.79,100.0,100.0,100.0,100.0
627,34278,99.19,63.65614759753928,0.992480608174294,0,24,8,500,100.0,93.5,100.0,100.0,100.0,100.0,100.0,100.0
628,36293,96.7,62.75071733615854,1.0715503553988128,0,19,8,500,88.78,100.0,100.0,93.38,91.53,100.0,99.9,100.0
629,36696,100.0,62.227494772277694,1.07898410412325,0,18,8,500,100.0,100.0,100.0,100.0,100.0,100.0,100.0,100.0
630,35487,99.68,63.36209221457027,1.0915446408847098,0,21,8,500,100.0,100.0,100.0,98.94,100.0,98.54,100.0,100.0
631,34681,100.0,62.41967602543548,1.164545887945047,0,23,8,500,100.0,100.0,100.0,100.0,100.0,100.0,100.0,100.0
632,35890,99.26,63.727813279776605,1.0966800482943773,0,20,8,500,100.0,100.0,100.0,100.0,100.0,100.0,100.0,94.11
633,36696,100.0,63.3025625893227,1.139351252585653,0,18,8,500,100.0,100.0,100.0,100.0,100.0,100.0,100.0,100.0
634,36696,100.0,62.70964321635896,1.1086704085786594,0,18,8,500,100.0,100.0,100.0,100.0,100.0,100.0,100.0,100.0
635,35084,99.11,63.80593469795485,1.099334611169299,0,22,8,500,100.0,100.0,100.0,100.0,92.91,100.0,100.0,100.0
636,37905,99.82,63.20128905293849,0.9921621138179992,0,15,8,500,100.0,98.55,100.0,100.0,100.0,100.0,100.0,100.0
637,37099,98.35,62.620136453640136,1.1160290907574573,0,17,8,500,100.0,100.0,99.81,100.0,100.0,89.83,100.0,97.16
638,39114,99.69,62.900480013374114,1.030222913582994,0,12,8,500,100.0,100.0,99.27,98.23,100.0,100.0,100.0,100.0
639,35487,99.74,63.95880941939604,1.1256227986308818,0,21,8,500,100.0,100.0,100.0,97.88,100.0,100.0,100.0,100.0
640,35487,99.74,63.37740689798695,1.0988554525106442,0,21,8,500,100.0,100.0,100.0,100.0,100.0,100.0,97.88,100.0
641,36293,100.0,63.26089916595424,1.068767488102395,0,19,8,500,100.0,100.0,100.0,100.0,100.0,100.0,100.0,100.0
642,36696,100.0,63.22249923246565,1.086554990399985,0,18,8,500,100.0,100.0,100.0,100.0,100.0,100.0,100.0,100.0
643,37099,98.26,63.449927854825,1.1364066748171286,0,17,8,500,92.17,100.0,100.0,100.0,96.98,96.94,100.0,100.0
644,35890,99.64,62.47280669619429,1.0843725220885028,0,20,8,500,100.0,99.41,100.0,97.67,100.0,100.0,100.0,100.0
645,35890,98.17,62.394723113176326,1.147749953847749,0,20,8,500,90.92,100.0,100.0,100.0,100.0,100.0,100.0,94.47
646,37099,99.69,64.01992693382059,1.013204879089645,0,17,8,500,100.0,100.0,100.0,100.0,100.0,100.0,97.5,100.0
647,35487,99.79,64.36194844322101,1.0388119765731554,0,21,8,500,100.0,100.0,100.0,100.0,100.0,100.0,100.0,98.33
648,37905,99.85,61.93791731472584,1.202675448139766,0,15,8,500,100.0,100.0,100.0,100.0,98.81,100.0,100.0,100.0
649,39114,99.93,62.23538090386266,1.073285386058994,0,12,8,500,100.0,100.0,100.0,100.0,100.0,100.0,99.41,100.0
650,35890,98.07,62.74414317588522,1.0727151761565648,0,20,8,500,100.0,100.0,100.0,93.7,100.0,93.04,100.0,97.84
651,38711,100.0,61.97626360796563,1.060889650654516,0,13,8,500,100.0,100.0,100.0,100.0,100.0,100.0,100.0,100.0
652,35890,99.43,63.98263659425877,1.0951173055481818,0,20,8,500,100.0,100.0,100.0,100.0,100.0,97.98,97.46,100.0
653,37502,100.0,61.29862827918291,1.0978027324397142,0,16,8,500,100.0,100.0,100.0,100.0,100.0,100.0,100.0,100.0
654,37502,100.0,62.06795985323421,1.1474551191371152,0,16,8,500,100.0,100.0,100.0,100.0,100.0,100.0,100.0,100.0
655,37905,99.66,61.98506593275721,1.0948120591404418,0,15,8,500,100.0,98.01,99.26,100.0,100.0,100.0,100.0,100.0
656,33875,100.0,62.69623449485017,1.1090312405452247,0,25,8,500,100.0,100.0,100.0,100.0,100.0,100.0,100.0,100.0
657,35084,100.0,63.66991478193428,1.1399945769636295,0,22,8,500,100.0,100.0,100.0,100.0,100.0,100.0,100.0,100.0
658,38711,100.0,62.82269599914318,1.0253368470866713,0,13,8,500,100.0,100.0,100.0,100.0,100.0,100.0,100.0,100.0
659,35487,99.6,62.17103492138623,1.0704708584977547,0,21,8,500,100.0,96.76,100.0,100.0,100.0,100.0,100.0,100.0
660,35487,99.5,62.794742284092266,1.1740226577966415,0,21,8,500,100.0,98.05,100.0,99.7,100.0,100.0,98.28,100.0
661,36696,99.75,63.47367066323886,1.0652477395113442,0,18,8,500,100.0,100.0,100.0,100.0,100.0,97.97,100.0,100.0
662,35890,98.51,63.07211303968118,1.1178617334537486,0,20,8,500,94.37,100.0,100.0,100.0,93.7,100.0,100.0,100.0
663,34681,97.41,63.56065205215101,1.1450929213619296,0,23,8,500,100.0,99.19,100.0,91.0,97.71,100.0,91.38,100.0
664,38711,99.97,63.96777049635523,1.110837857439044,0,13,8,500,100.0,100.0,99.78,100.0,100.0,100.0,100.0,100.0
665,36293,100.0,63.99831915203289,1.1108085194326238,0,19,8,500,100.0,100.0,100.0,100.0,100.0,100.0,100.0,100.0
666,37099,96.69,64.18958129703223,1.098661617712018,0,17,8,500,92.6,90.71,95.49,100.0,94.69,100.0,100.0,100.0
667,37099,97.97,64.5872971575183,1.0584746343689364,0,17,8,500,100.0,100.0,100.0,93.66,100.0,100.0,100.0,90.12
668,33875,99.91,62.527529687961646,0.9961027631250045,0,25,8,500,99.28,100.0,100.0,100.0,100.0,100.0,100.0,100.0
669,35084,99.98,62.52051796953617,1.0095348045143018,0,22,8,500,100.0,100.0,100.0,100.0,100.0,100.0,100.0,99.84
670,37502,99.97,62.48965283167114,1.0136143363048475,0,16,8,500,100.0,100.0,100.0,100.0,100.0,100.0,100.0,99.75
671,34278,100.0,63.36937931074239,1.12404226555067,0,24,8,500,100.0,100.0,100.0,100.0,100.0,100.0,100.0,100.0
672,37905,99.26,62.919476485893824,1.135972008097644,0,15,8,500,100.0,100.0,94.11,100.0,100.0,100.0,100.0,100.0
673,35890,98.69,62.44962745225137,0.9978081635181104,0,20,8,500,100.0,100.0,100.0,100.0,93.44,100.0,100.0,96.07
674,38711,98.03,63.47490565831455,1.0925083355525869,0,13,8,500,88.04,100.0,100.0,100.0,100.0,96.54,99.63,100.0
675,35084,99.78,63.33935155544693,1.009204376321428,0,22,8,500,98.2,100.0,100.0,100.0,100.0,100.0,100.0,100.0
676,34681,99.3,63.88745888865139,1.0610332874376214,0,23,8,500,95.11,99.31,100.0,100.0,100.0,100.0,100.0,100.0
677,35890,100.0,62.92542321528428,1.0940617457507205,0,20,8,500,100.0,100.0,100.0,100.0,100.0,100.0,100.0,100.0
678,36696,100.0,62.355233487870485,1.1456184205416369,0,18,8,500,100.0,100.0,100.0,100.0,100.0,100.0,100.0,100.0
679,35084,98.7,62.331480492041294,1.03198938276479,0,22,8,500,100.0,100.0,100.0,100.0,100.0,100.0,100.0,89.64
680,37099,100.0,63.397940458065385,1.0879560806048303,0,17,8,500,100.0,100.0,100.0,100.0,100.0,100.0,100.0,100.0
681,37905,99.74,63.08120411781631,1.099746729708679,0,15,8,500,100.0,100.0,97.93,100.0,100.0,100.0,100.0,100.0
682,37502,100.0,63.510503488477255,1.1656022864615174,0,16,8,500,100.0,100.0,100.0,100.0,100.0,100.0,100.0,100.0
683,36293,100.0,63.61078440354987,0.9996067083272524,0,19,8,500,100.0,100.0,100.0,100.0,100.0,100.0,100.0,100.0
684,36293,100.0,63.3154588508881,1.1590295065247933,0,19,8,500,100.0,100.0,100.0,100.0,100.0,100.0,100.0,100.0
685,35890,99.88,62.95417419347847,1.0754098968785633,0,20,8,500,100.0,100.0,100.0,100.0,100.0,100.0,99.06,100.0
686,34278,98.74,62.40502318816118,0.995548275089894,0,24,8,500,95.84,100.0,100.0,100.0,100.0,97.15,100.0,96.97
687,35487,99.15,63.77257262016336,1.0717147712682376,0,21,8,500,100.0,100.0,93.22,100.0,100.0,100.0,100.0,100.0
688,36696,99.84,63.62350834975989,1.0997916319757983,0,18,8,500,100.0,100.0,100.0,100.0,100.0,98.72,100.0,100.0
689,33875,99.32,63.69869457720403,1.0044142754352503,0,25,8,500,94.58,100.0,100.0,100.0,100.0,100.0,100.0,100.0
690,36293,100.0,62.33115599502803,1.0738917472397418,0,19,8,500,100.0,100.0,100.0,100.0,100.0,100.0,100.0,100.0
691,37905,99.44,63.69642239663522,1.0564127070039429,0,15,8,500,100.0,100.0,100.0,100.0,99.01,100.0,96.51,100.0
692,37502,100.0,63.95521973806825,1.0948923922364966,0,16,8,500,100.0,100.0,100.0,100.0,100.0,100.0,100.0,100.0
693,37502,99.52,64.66745708947927,1.0995714064016904,0,16,8,500,100.0,100.0,100.0,100.0,100.0,100.0,96.17,100.0
694,35890,98.99,63.33248356031416,1.113418214881614,0,20,8,500,100.0,100.0,100.0,100.0,92.99,98.96,100.0,100.0
695,37099,100.0,63.07909201214864,1.169712662087349,0,17,8,500,100.0,100.0,100.0,100.0,100.0,100.0,100.0,100.0
696,37099,99.61,61.74558765508438,1.0927732574601203,0,17,8,500,100.0,100.0,100.0,97.51,100.0,100.0,100.0,99.35
697,37099,100.0,62.0340595458294,1.21299071044756,0,17,8,500,100.0,100.0,100.0,100.0,100.0,100.0,100.0,100.0
698,37905,100.0,63.101303115528175,1.0626243291757935,0,15,8,500,100.0,100.0,100.0,100.0,100.0,100.0,100.0,100.0
699,35890,96.89,62.99981384128568,1.0467459625001505,0,20,8,500,92.51,91.44,100.0,100.0,100.0,100.0,91.18,100.0
700,37502,97.64,62.55298118791556,1.132800211022761,0,16,8,500,100.0,100.0,100.0,97.7,100.0,96.54,95.41,91.46
701,33875,99.59,64.79953208678214,1.1039178519402808,0,25,8,500,100.0,100.0,100.0,98.74,100.0,100.0,100.0,98.01
702,37099,99.48,63.13077645396516,1.0738615375641791,0,17,8,500,100.0,100.0,99.58,100.0,100.0,100.0,96.24,100.0
703,33875,99.56,63.37089415513009,0.9988935093708669,0,25,8,500,100.0,96.47,100.0,100.0,100.0,100.0,100.0,100.0
704,38308,100.0,62.931740762960295,1.1267707271615868,0,14,8,500,100.0,100.0,100.0,100.0,100.0,100.0,100.0,100.0
705,35890,99.48,63.6897708644688,1.05820461971033,0,20,8,500,100.0,100.0,100.0,100.0,100.0,100.0,95.82,100.0
706,37502,99.68,63.840178793525446,1.0120342905278696,0,16,8,500,98.63,100.0,100.0,100.0,100.0,98.84,100.0,100.0
707,39114,100.0,62.86250154656837,1.0350512925329862,0,12,8,500,100.0,100.0,100.0,100.0,100.0,100.0,100.0,100.0
708,34681,99.66,63.87762951799071,1.028248034062304,0,23,8,500,100.0,98.45,100.0,100.0,100.0,100.0,100.0,98.86
709,37905,99.76,64.0846606283907,1.1105509582358195,0,15,8,500,100.0,100.0,99.36,98.71,100.0,100.0,100.0,100.0
710,36293,98.71,63.83197946559491,1.1466009718254022,0,19,8,500,100.0,100.0,98.81,96.98,100.0,100.0,100.0,93.86
711,35084,99.79,62.74506880929352,1.0578441487568633,0,22,8,500,100.0,98.35,100.0,100.0,100.0,100.0,100.0,100.0
712,37905,99.5,62.16154921974393,1.076270182654929,0,15,8,500,100.0,100.0,100.0,100.0,100.0,96.04,100.0,100.0
713,34681,100.0,62.75385822825113,1.0434280291213076,0,23,8,500,100.0,100.0,100.0,100.0,100.0,100.0,100.0,100.0
714,37099,100.0,62.9292411866042,1.135797116782316,0,17,8,500,100.0,100.0,100.0,100.0,100.0,100.0,100.0,100.0
715,36293,98.96,62.02543854039942,1.0572045230032192,0,19,8,500,100.0,100.0,100.0,96.17,95.5,100.0,100.0,100.0
716,33875,99.64,62.57074491525954,0.9884784069209552,0,25,8,500,100.0,100.0,100.0,100.0,100.0,97.14,100.0,100.0
717,33875,100.0,62.78316061101929,1.0113237890916045,0,25,8,500,100.0,100.0,100.0,100.0,100.0,100.0,100.0,100.0
718,37099,99.65,62.61706508765155,1.0514370207114585,0,17,8,500,100.0,100.0,100.0,97.44,100.0,100.0,99.79,100.0
719,37905,100.0,64.47999814178422,1.0254062705246063,0,15,8,500,100.0,100.0,100.0,100.0,100.0,100.0,100.0,100.0
720,35890,99.8,63.374165394932085,0.9831474082550136,0,20,8,500,100.0,100.0,100.0,100.0,100.0,98.41,100.0,100.0
721,40323,100.0,63.53441361331216,0.9789212554893832,0,9,8,500,100.0,100.0,100.0,100.0,100.0,100.0,100.0,100.0
722,38711,99.46,63.58584468532655,1.0341037798563093,0,13,8,500,100.0,100.0,98.42,100.0,97.23,100.0,100.0,100.0
723,37502,100.0,63.69203519747225,1.0877140686635751,0,16,8,500,100.0,100.0,100.0,100.0,100.0,100.0,100.0,100.0
724,38308,96.72,63.33721948650184,1.0885521213090863,0,14,8,500,100.0,100.0,90.34,100.0,100.0,100.0,84.67,98.72
725,34278,99.41,64.08017749723368,1.0793250185062206,0,24,8,500,100.0,100.0,100.0,100.0,100.0,100.0,95.28,100.0
726,36696,99.9,63.84546676809694,1.1223789232972547,0,18,8,500,100.0,100.0,100.0,100.0,100.0,100.0,100.0,99.22
727,37502,99.62,62.95064437450521,1.0498684667580964,0,16,8,500,100.0,100.0,100.0,96.95,100.0,100.0,100.0,100.0
728,37905,100.0,62.46626068276628,1.094984097162342,0,15,8,500,100.0,100.0,100.0,100.0,100.0,100.0,100.0,100.0
729,39517,100.0,63.67054692517996,1.0362698087026276,0,11,8,500,100.0,100.0,100.0,100.0,100.0,100.0,100.0,100.0
730,38308,100.0,63.82509409752607,1.102408277420848,0,14,8,500,100.0,100.0,100.0,100.0,100.0,100.0,100.0,100.0
731,34278,99.66,63.04198444088682,1.0887825268186784,0,24,8,500,100.0,100.0,100.0,100.0,97.3,100.0,100.0,100.0
732,34681,100.0,64.33340382522248,1.0061241167806951,0,23,8,500,100.0,100.0,100.0,100.0,100.0,100.0,100.0,100.0
733,37099,100.0,65.01908216662541,1.1645491687729548,0,17,8,500,100.0,100.0,100.0,100.0,100.0,100.0,100.0,100.0
734,34681,98.9,62.811082917058776,1.0066975372620277,0,23,8,500,95.99,100.0,100.0,95.24,100.0,100.0,100.0,100.0
735,35890,99.62,63.325266907316994,1.0688846489055988,0,20,8,500,100.0,98.77,98.19,100.0,100.0,100.0,100.0,100.0
736,38711,100.0,63.011291696989296,1.0532914022301814,0,13,8,500,100.0,100.0,100.0,100.0,100.0,100.0,100.0,100.0
737,35084,100.0,63.23829410332503,0.97950966242178,0,22,8,500,100.0,100.0,100.0,100.0,100.0,100.0,100.0,100.0
738,37905,99.43,63.28768242376479,1.032245441447464,0,15,8,500,100.0,100.0,100.0,100.0,95.45,100.0,100.0,100.0
739,33875,100.0,65.12759660177835,1.047126607936827,0,25,8,500,100.0,100.0,100.0,100.0,100.0,100.0,100.0,100.0
740,33875,99.24,63.128180440358605,1.0741924327908996,0,25,8,500,100.0,99.4,100.0,100.0,94.56,100.0,100.0,100.0
741,37502,99.25,63.18590271819408,1.0867691068964311,0,16,8,500,100.0,100.0,98.02,100.0,100.0,100.0,95.99,100.0
742,40323,100.0,63.06508391653461,1.0985297969978771,0,9,8,500,100.0,100.0,100.0,100.0,100.0,100.0,100.0,100.0
743,35487,100.0,64.00713953304438,1.0483259144593364,0,21,8,500,100.0,100.0,100.0,100.0,100.0,100.0,100.0,100.0
744,33875,99.12,63.80334624358568,1.047008516244793,0,25,8,500,100.0,93.17,100.0,100.0,99.8,100.0,100.0,100.0
745,37905,99.37,62.61703025374323,1.0172436676012426,0,15,8,500,100.0,100.0,100.0,100.0,100.0,100.0,94.94,100.0
746,36696,99.35,62.879480203154365,1.0321595919131024,0,18,8,500,100.0,100.0,100.0,97.4,100.0,100.0,97.38,100.0
747,35084,99.76,63.49879660451729,1.158782747682552,0,22,8,500,100.0,100.0,100.0,100.0,100.0,100.0,100.0,98.08
748,37099,99.58,63.992110387859405,1.0643614923719624,0,17,8,500,100.0,100.0,96.67,100.0,100.0,100.0,100.0,100.0
749,39517,100.0,63.28015498478895,1.0044699348848471,0,11,8,500,100.0,100.0,100.0,100.0,100.0,100.0,100.0,100.0
750,36696,100.0,63.838335156645634,0.9882290880361309,0,18,8,500,100.0,100.0,100.0,100.0,100.0,100.0,100.0,100.0
751,36293,100.0,63.20310172857607,1.1496490080804649,0,19,8,500,100.0,100.0,100.0,100.0,100.0,100.0,100.0,100.0
752,37905,100.0,61.93876400762336,1.1046731035150548,0,15,8,500,100.0,100.0,100.0,100.0,100.0,100.0,100.0,100.0
753,35890,99.82,62.22023798429477,0.954196236592762,0,20,8,500,100.0,100.0,98.55,100.0,100.0,100.0,100.0,100.0
754,35890,100.0,63.82001965862663,1.0688283828768987,0,20,8,500,100.0,100.0,100.0,100.0,100.0,100.0,100.0,100.0
755,37905,100.0,64.52914615425507,1.00585258088435,0,15,8,500,100.0,100.0,100.0,100.0,100.0,100.0,100.0,100.0
756,34681,99.79,63.721412091346735,1.0884936074389693,0,23,8,500,100.0,100.0,100.0,100.0,100.0,100.0,98.35,100.0
757,35890,100.0,64.00195497297369,1.1393412042416124,0,20,8,500,100.0,100.0,100.0,100.0,100.0,100.0,100.0,100.0
758,37099,100.0,64.14974326304412,0.9391691630881588,0,17,8,500,100.0,100.0,100.0,100.0,100.0,100.0,100.0,100.0
759,33875,100.0,62.642141586365895,1.059617496560595,0,25,8,500,100.0,100.0,100.0,100.0,100.0,100.0,100.0,100.0
760,37502,99.4,62.65199819608273,0.995013414327128,0,16,8,500,100.0,100.0,100.0,95.16,100.0,100.0,100.0,100.0
761,37099,99.83,63.04880575114736,1.1226288525682795,0,17,8,500,100.0,100.0,100.0,100.0,100.0,100.0,100.0,98.66
762,37905,100.0,64.11027105563774,1.0403255143576748,0,15,8,500,100.0,100.0,100.0,100.0,100.0,100.0,100.0,100.0
763,35084,100.0,63.98666968923267,1.0225983227330362,0,22,8,500,100.0,100.0,100.0,100.0,100.0,100.0,100.0,100.0
764,36696,100.0,63.484958161434754,1.0510490247301665,0,18,8,500,100.0,100.0,100.0,100.0,100.0,100.0,100.0,100.0
765,35890,100.0,62.71550887968316,1.1011965463764777,0,20,8,500,100.0,100.0,100.0,100.0,100.0,100.0,100.0,100.0
766,35890,100.0,62.74046417073825,1.0634499484943432,0,20,8,500,100.0,100.0,100.0,100.0,100.0,100.0,100.0,100.0
767,39920,99.9,62.5094306891436,1.065306291111488,0,10,8,500,100.0,99.22,100.0,100.0,100.0,100.0,100.0,100.0
768,33875,100.0,62.570910332359325,1.0508961589681527,0,25,8,500,100.0,100.0,100.0,100.0,100.0,100.0,100.0,100.0
769,36293,98.12,62.41880804820141,1.1004871074409288,0,19,8,500,90.71,94.82,100.0,99.46,100.0,100.0,100.0,100.0
770,35084,99.98,62.62712215834817,1.0840691915808427,0,22,8,500,100.0,99.87,100.0,100.0,100.0,100.0,100.0,100.0
771,35890,100.0,62.705656921856,1.1202148517505277,0,20,8,500,100.0,100.0,100.0,100.0,100.0,100.0,100.0,100.0
772,36293,97.13,63.83434312465697,1.1173489210745156,0,19,8,500,100.0,95.69,95.88,90.3,100.0,100.0,100.0,95.19
773,34681,100.0,64.93067854296432,1.0111977978892663,0,23,8,500,100.0,100.0,100.0,100.0,100.0,100.0,100.0,100.0
774,37502,99.62,63.7310441089065,1.0879166685458042,0,16,8,500,100.0,100.0,96.93,100.0,100.0,100.0,100.0,100.0
775,39517,98.79,63.24186014238762,1.0079923980559982,0,11,8,500,100.0,97.44,100.0,100.0,92.86,100.0,100.0,100.0
776,37099,96.59,62.25512488943676,0.990774274911321,0,17,8,500,100.0,100.0,100.0,100.0,97.01,92.48,89.39,93.83
777,35084,99.49,62.61418654470585,1.0410401443513433,0,22,8,500,100.0,100.0,100.0,100.0,100.0,100.0,100.0,95.94
778,35487,100.0,63.69997240828013,1.0490162710679836,0,21,8,500,100.0,100.0,100.0,100.0,100.0,100.0,100.0,100.0
779,39114,100.0,63.83545033459773,1.0355848665919554,0,12,8,500,100.0,100.0,100.0,100.0,100.0,100.0,100.0,100.0
780,35890,99.76,62.533860906047565,1.044069105755696,0,20,8,500,100.0,100.0,100.0,98.1,100.0,100.0,100.0,100.0
781,38711,99.86,62.43505002856332,1.0199017927313074,0,13,8,500,100.0,98.9,100.0,100.0,100.0,100.0,100.0,100.0
782,35487,98.6,62.14337442422467,0.9829305324908562,0,21,8,500,95.85,100.0,100.0,96.89,100.0,100.0,96.02,100.0
783,39517,99.54,64.1599478190663,0.9969401144525764,0,11,8,500,100.0,100.0,96.34,100.0,100.0,100.0,100.0,100.0
784,36696,100.0,63.398651227522144,1.03283005255548,0,18,8,500,100.0,100.0,100.0,100.0,100.0,100.0,100.0,100.0
785,36293,99.62,63.585084202839646,1.0900587237817314,0,19,8,500,98.53,98.46,100.0,100.0,100.0,100.0,100.0,100.0
786,37502,99.37,64.00022666826669,1.046790877910579,0,16,8,500,100.0,100.0,100.0,98.01,96.93,100.0,100.0,100.0
787,38308,99.82,65.10044195843116,1.04316139813338,0,14,8,500,100.0,98.57,100.0,100.0,100.0,100.0,100.0,100.0
788,37905,98.17,63.64648155187106,1.0568329035564283,0,15,8,500,98.37,100.0,93.72,100.0,93.26,100.0,100.0,100.0
789,35487,100.0,62.12524772163429,1.0343304949406231,0,21,8,500,100.0,100.0,100.0,100.0,100.0,100.0,100.0,100.0
790,35487,99.39,61.64082533780365,0.9125538232856109,0,21,8,500,100.0,100.0,100.0,98.81,97.21,100.0,100.0,99.11
791,37099,100.0,63.62397163705948,1.0447069914113194,0,17,8,500,100.0,100.0,100.0,100.0,100.0,100.0,100.0,100.0
792,37099,98.94,62.98729086864167,1.0414188979890808,0,17,8,500,91.53,100.0,100.0,100.0,100.0,100.0,100.0,100.0
793,35890,99.42,63.70347981094925,1.0583396455393852,0,20,8,500,100.0,100.0,95.38,100.0,100.0,100.0,100.0,100.0
794,37502,99.93,63.4867299812377,1.1233009608965394,0,16,8,500,100.0,99.45,100.0,100.0,100.0,100.0,100.0,100.0
795,36293,99.76,63.88625133814856,1.0792474268503534,0,19,8,500,100.0,100.0,100.0,100.0,100.0,98.31,100.0,99.75
796,36293,99.33,65.19514317363577,1.0221541283894109,0,19,8,500,100.0,100.0,100.0,100.0,100.0,94.64,100.0,100.0
797,37905,99.64,63.35713834140886,1.0527717290336345,0,15,8,500,100.0,100.0,100.0,100.0,97.14,100.0,100.0,100.0
798,38308,99.82,64.5226356116798,1.143700975660529,0,14,8,500,98.54,100.0,100.0,100.0,100.0,100.0,100.0,100.0
799,33875,99.08,64.03347482604327,1.1056318064214703,0,25,8,500,100.0,100.0,100.0,100.0,98.86,100.0,93.78,100.0
800,37502,100.0,64.07031065492076,1.0317530791142024,0,16,8,500,100.0,100.0,100.0,100.0,100.0,100.0,100.0,100.0
801,36696,99.6,64.44598339935344,1.1247911917397957,0,18,8,500,100.0,100.0,100.0,100.0,100.0,96.82,100.0,100.0
802,39517,99.18,63.760865193776766,1.0000476457056922,0,11,8,500,100.0,96.82,96.58,100.0,100.0,100.0,100.0,100.0
803,37905,97.49,62.73793422545611,1.1238925334122758,0,15,8,500,100.0,100.0,100.0,93.22,96.76,100.0,100.0,89.95
804,37502,100.0,64.35623327944631,1.053915970789083,0,16,8,500,100.0,100.0,100.0,100.0,100.0,100.0,100.0,100.0
805,37502,99.68,64.64384759629041,1.139610704512381,0,16,8,500,100.0,100.0,100.0,100.0,100.0,100.0,100.0,97.42
806,39114,100.0,64.22441624243572,1.0578423988664385,0,12,8,500,100.0,100.0,100.0,100.0,100.0,100.0,100.0,100.0
807,37502,99.25,62.38356427062716,1.015400589112924,0,16,8,500,94.02,100.0,100.0,100.0,100.0,100.0,100.0,100.0
808,37502,97.16,62.88619498233509,1.032457797852784,0,16,8,500,100.0,96.33,100.0,91.66,89.28,100.0,100.0,100.0
809,35084,99.29,63.63571844213229,1.1213921243360483,0,22,8,500,100.0,100.0,100.0,100.0,100.0,99.76,100.0,94.54
810,35890,99.49,63.256910139620544,0.9962627487347012,0,20,8,500,100.0,100.0,100.0,100.0,100.0,95.94,100.0,100.0
811,37905,99.86,63.5097742410555,1.0695370002392663,0,15,8,500,100.0,100.0,100.0,98.86,100.0,100.0,100.0,100.0
812,36696,100.0,62.14492121472413,1.0653329310515067,0,18,8,500,100.0,100.0,100.0,100.0,100.0,100.0,100.0,100.0
813,35890,100.0,64.22533245370397,1.0584967842024189,0,20,8,500,100.0,100.0,100.0,100.0,100.0,100.0,100.0,100.0
814,37502,99.25,63.40699350427456,1.016113080426309,0,16,8,500,100.0,100.0,100.0,97.63,97.23,99.15,100.0,100.0
815,37099,99.3,63.24393269259272,0.9903801269879116,0,17,8,500,100.0,100.0,100.0,100.0,100.0,100.0,100.0,94.38
816,38711,100.0,62.42348951314094,0.9841141664427348,0,13,8,500,100.0,100.0,100.0,100.0,100.0,100.0,100.0,100.0
817,35487,100.0,62.46244325261296,1.0067616047360974,0,21,8,500,100.0,100.0,100.0,100.0,100.0,100.0,100.0,100.0
818,37502,100.0,64.25515107183487,1.1163803790020437,0,16,8,500,100.0,100.0,100.0,100.0,100.0,100.0,100.0,100.0
819,35084,98.9,64.51444220920429,0.9907401058301826,0,22,8,500,100.0,100.0,97.96,98.33,94.91,100.0,100.0,100.0
820,38711,99.7,62.51371909130223,1.093453733858355,0,13,8,500,100.0,100.0,97.59,100.0,100.0,100.0,100.0,100.0
821,35890,99.6,64.44017356954537,1.0111287444423656,0,20,8,500,96.8,100.0,100.0,100.0,100.0,100.0,100.0,100.0
822,35487,99.78,63.072214254639086,1.0846644402340988,0,21,8,500,100.0,100.0,100.0,100.0,100.0,98.2,100.0,100.0
823,37099,100.0,63.27980688787534,1.090906649143634,0,17,8,500,100.0,100.0,100.0,100.0,100.0,100.0,100.0,100.0
824,37905,99.28,65.19616827942087,1.1322187533997836,0,15,8,500,100.0,100.0,100.0,95.08,100.0,99.16,100.0,100.0
825,38711,100.0,63.3773470271351,1.0762951657196569,0,13,8,500,100.0,100.0,100.0,100.0,100.0,100.0,100.0,100.0
826,34278,94.91,63.47055484834748,0.9942806087621894,0,24,8,500,92.88,100.0,100.0,82.84,100.0,96.14,87.42,100.0
827,36293,95.5,62.62447038387705,1.0953542822499154,0,19,8,500,89.45,100.0,96.32,87.07,93.09,100.0,100.0,98.1
828,35890,100.0,62.09486177988679,1.0821414005155512,0,20,8,500,100.0,100.0,100.0,100.0,100.0,100.0,100.0,100.0
829,36293,99.17,63.549493680498,1.1423595635577983,0,19,8,500,100.0,96.15,97.24,100.0,100.0,100.0,100.0,100.0
830,33875,100.0,62.96062664934741,1.1415738161220876,0,25,8,500,100.0,100.0,100.0,100.0,100.0,100.0,100.0,100.0
831,35890,99.78,63.78651753616373,1.0554147539345455,0,20,8,500,100.0,100.0,100.0,100.0,100.0,100.0,100.0,98.22
832,36696,99.85,64.22599252417018,1.104033122132572,0,18,8,500,100.0,100.0,100.0,100.0,100.0,98.77,100.0,100.0
833,37099,97.04,63.15645688541184,1.1414011125337018,0,17,8,500,94.21,100.0,100.0,92.7,100.0,100.0,89.44,100.0
834,35084,99.67,62.84484702859864,1.042798557447733,0,22,8,500,97.34,100.0,100.0,100.0,100.0,100.0,100.0,100.0
835,37502,100.0,62.7195383954012,1.055068196996528,0,16,8,500,100.0,100.0,100.0,100.0,100.0,100.0,100.0,100.0
836,34681,100.0,63.76214504761303,0.9988589337999236,0,23,8,500,100.0,100.0,100.0,100.0,100.0,100.0,100.0,100.0
837,39920,99.04,63.18549587261155,0.99052999944171,0,10,8,500,95.77,100.0,96.51,100.0,100.0,100.0,100.0,100.0
838,34278,99.2,63.48290716659435,1.0036307744347326,0,24,8,500,100.0,100.0,100.0,100.0,99.63,100.0,93.99,100.0
839,37099,99.86,63.63850676207518,1.0641962974228163,0,17,8,500,100.0,100.0,100.0,100.0,100.0,100.0,100.0,98.9
840,38711,100.0,63.02452919592444,1.025975797254172,0,13,8,500,100.0,100.0,100.0,100.0,100.0,100.0,100.0,100.0
841,33875,99.78,62.39245379481844,1.0656897650560906,0,25,8,500,98.27,100.0,100.0,100.0,100.0,100.0,100.0,100.0
842,34681,100.0,64.14995584896339,1.0169310203825002,0,23,8,500,100.0,100.0,100.0,100.0,100.0,100.0,100.0,100.0
843,39114,99.28,64.28274909211639,1.116937747824271,0,12,8,500,99.81,94.46,100.0,100.0,100.0,100.0,100.0,100.0
844,36696,99.88,62.87525326136057,1.0991652951547113,0,18,8,500,100.0,100.0,100.0,100.0,100.0,100.0,100.0,99.05
845,36696,99.73,62.47881836311597,0.9505055455077228,0,18,8,500,100.0,98.81,99.05,100.0,100.0,100.0,100.0,100.0
846,43030,99.42,63.37774529010314,1.0457472856057972,2,10,8,500,100.0,98.46,100.0,100.0,100.0,100.0,96.92,100.0
847,35487,99.82,62.74442360925837,1.0073166198071368,0,21,8,500,98.57,100.0,100.0,100.0,100.0,100.0,100.0,100.0
848,38308,100.0,62.85427548458055,1.0658525724834782,0,14,8,500,100.0,100.0,100.0,100.0,100.0,100.0,100.0,100.0
849,37099,99.5,63.37354406661538,1.068228929549957,0,17,8,500,100.0,100.0,100.0,100.0,100.0,100.0,100.0,95.97
850,36293,100.0,63.59511785699048,1.067884284795155,0,19,8,500,100.0,100.0,100.0,100.0,100.0,100.0,100.0,100.0
851,36696,100.0,63.69722176491317,1.0167773173097892,0,18,8,500,100.0,100.0,100.0,100.0,100.0,100.0,100.0,100.0
852,36696,99.91,63.66055204867004,1.0450177569017418,0,18,8,500,100.0,99.4,100.0,100.0,100.0,99.88,100.0,100.0
853,37905,100.0,63.01298180924956,1.0982391523877244,0,15,8,500,100.0,100.0,100.0,100.0,100.0,100.0,100.0,100.0
854,38711,100.0,62.51281826095243,1.0938551944483277,0,13,8,500,100.0,100.0,100.0,100.0,100.0,100.0,100.0,100.0
855,38711,99.61,64.32049311402285,1.0137173587457695,0,13,8,500,100.0,100.0,100.0,100.0,100.0,96.89,100.0,100.0
856,38711,99.94,64.60912954127316,0.9388470077102532,0,13,8,500,100.0,100.0,100.0,100.0,100.0,100.0,99.52,100.0
857,39920,99.45,62.72048472140556,1.0370895579661574,0,10,8,500,100.0,100.0,100.0,100.0,100.0,95.59,100.0,100.0
858,39114,100.0,62.841183478283256,1.0230947642837014,0,12,8,500,100.0,100.0,100.0,100.0,100.0,100.0,100.0,100.0
859,36293,100.0,64.20326207119753,1.096287248147726,0,19,8,500,100.0,100.0,100.0,100.0,100.0,100.0,100.0,100.0
860,39517,100.0,63.04214023896563,1.0231740041749475,0,11,8,500,100.0,100.0,100.0,100.0,100.0,100.0,100.0,100.0
861,35487,99.06,63.99826492289828,1.057144230572424,0,21,8,500,100.0,92.46,100.0,100.0,100.0,100.0,100.0,100.0
862,37905,100.0,63.1784629394205,1.1328036843411555,0,15,8,500,100.0,100.0,100.0,100.0,100.0,100.0,100.0,100.0
863,38308,99.74,63.11778325933064,1.0279776004347112,0,14,8,500,100.0,100.0,100.0,97.88,100.0,100.0,100.0,100.0
864,37905,100.0,63.4222707280615,1.0316615697040816,0,15,8,500,100.0,100.0,100.0,100.0,100.0,100.0,100.0,100.0
865,33875,100.0,62.69203951471402,0.957837105016164,0,25,8,500,100.0,100.0,100.0,100.0,100.0,100.0,100.0,100.0
866,37502,99.9,65.19775138627881,1.0809770504318037,0,16,8,500,100.0,100.0,100.0,100.0,99.24,100.0,100.0,100.0
867,39114,100.0,63.705991504704016,1.0012666627222606,0,12,8,500,100.0,100.0,100.0,100.0,100.0,100.0,100.0,100.0
868,37905,100.0,63.03996060353556,1.102155540632466,0,15,8,500,100.0,100.0,100.0,100.0,100.0,100.0,100.0,100.0
869,38308,99.44,62.97323473861641,1.1023667896967082,0,14,8,500,100.0,95.5,100.0,100.0,100.0,100.0,100.0,100.0
870,37502,100.0,63.81133964370978,1.0864892982293284,0,16,8,500,100.0,100.0,100.0,100.0,100.0,100.0,100.0,100.0
871,39517,100.0,62.39594148324678,1.108722182910069,0,11,8,500,100.0,100.0,100.0,100.0,100.0,100.0,100.0,100.0
872,36293,99.69,63.96443530080754,1.003231824460231,0,19,8,500,100.0,100.0,100.0,100.0,100.0,100.0,100.0,97.54
873,38711,99.27,63.20532187888588,1.1453276271473625,0,13,8,500,100.0,100.0,100.0,100.0,100.0,100.0,96.34,97.84
874,36293,99.92,63.10494703466244,1.0116751507594175,0,19,8,500,100.0,100.0,100.0,99.37,100.0,100.0,100.0,100.0
875,35487,99.74,62.23085648467573,1.0531672971421602,0,21,8,500,100.0,100.0,97.9,100.0,100.0,100.0,100.0,100.0
876,37502,97.35,65.47987006040934,1.0098452065039447,0,16,8,500,94.47,100.0,91.17,97.64,95.54,100.0,100.0,100.0
877,35084,100.0,62.70021776804302,1.088797021849641,0,22,8,500,100.0,100.0,100.0,100.0,100.0,100.0,100.0,100.0
878,39517,99.78,64.61448362727897,1.070951025000162,0,11,8,500,100.0,100.0,98.7,99.53,100.0,100.0,100.0,100.0
879,38711,99.41,63.70660148461287,1.023166975030754,0,13,8,500,99.76,95.51,100.0,100.0,100.0,100.0,100.0,100.0
880,38308,99.76,62.27976035893037,1.0742024290737595,0,14,8,500,100.0,100.0,100.0,98.1,100.0,100.0,100.0,100.0
881,40726,100.0,63.12227209240614,1.0102319884249442,0,8,8,500,100.0,100.0,100.0,100.0,100.0,100.0,100.0,100.0
882,34681,99.12,62.98593337752316,1.011403274706404,0,23,8,500,100.0,100.0,100.0,99.67,97.68,100.0,95.59,100.0
883,38308,100.0,62.33957887714809,1.0595060120475033,0,14,8,500,100.0,100.0,100.0,100.0,100.0,100.0,100.0,100.0
884,39920,99.55,63.703916595941166,0.9926848472173712,0,10,8,500,100.0,100.0,98.15,98.23,100.0,100.0,100.0,100.0
885,38308,100.0,63.171499362589394,1.0798262403178496,0,14,8,500,100.0,100.0,100.0,100.0,100.0,100.0,100.0,100.0
886,41821,100.0,63.87422879050583,0.9290004460074638,2,13,8,500,100.0,100.0,100.0,100.0,100.0,100.0,100.0,100.0
887,36696,100.0,63.796160237593625,1.020957996156348,0,18,8,500,100.0,100.0,100.0,100.0,100.0,100.0,100.0,100.0
888,37905,99.66,63.76295025459882,0.9841864979383724,0,15,8,500,100.0,100.0,100.0,100.0,97.32,100.0,100.0,100.0
889,38711,100.0,63.79968387479464,1.1101290139665378,0,13,8,500,100.0,100.0,100.0,100.0,100.0,100.0,100.0,100.0
890,37099,100.0,63.18695444699184,1.0117140413204604,0,17,8,500,100.0,100.0,100.0,100.0,100.0,100.0,100.0,100.0
891,36293,100.0,62.97412914170587,1.040357387763982,0,19,8,500,100.0,100.0,100.0,100.0,100.0,100.0,100.0,100.0
892,37502,99.88,62.53163133298544,0.8896725605914755,0,16,8,500,100.0,100.0,99.01,100.0,100.0,100.0,100.0,100.0
893,37905,99.98,63.45834396898948,1.0122628051031717,0,15,8,500,100.0,100.0,99.88,100.0,100.0,100.0,100.0,100.0
894,35487,99.49,63.98157747199396,0.96529136640466,0,21,8,500,100.0,100.0,100.0,99.94,100.0,100.0,98.01,97.98
895,37905,99.99,62.23701800336151,1.001196840098337,0,15,8,500,99.9,100.0,100.0,100.0,100.0,100.0,100.0,100.0
896,37905,99.52,64.00615571128438,0.9905455516786166,0,15,8,500,100.0,98.11,100.0,100.0,100.0,100.0,100.0,98.08
897,38711,99.85,62.96848671561005,1.0851193896278055,0,13,8,500,100.0,100.0,100.0,99.55,99.26,99.96,100.0,100.0
898,39517,98.58,63.06082698996556,0.9487514621606754,0,11,8,500,100.0,100.0,100.0,100.0,91.95,98.06,100.0,98.59
899,39517,99.76,63.80923306437447,1.1061735312250798,0,11,8,500,98.08,100.0,100.0,100.0,100.0,100.0,100.0,100.0
900,36293,99.86,63.29462541862021,1.0709547615430088,0,19,8,500,100.0,99.74,100.0,100.0,100.0,99.16,100.0,100.0
901,37099,99.51,63.5180607860972,1.1608776200705837,0,17,8,500,100.0,100.0,100.0,100.0,96.06,100.0,100.0,100.0
902,37099,100.0,63.63024237329179,0.9831013109836224,0,17,8,500,100.0,100.0,100.0,100.0,100.0,100.0,100.0,100.0
903,36696,100.0,64.67498361514541,0.989191130386184,0,18,8,500,100.0,100.0,100.0,100.0,100.0,100.0,100.0,100.0
904,38711,99.7,63.57065673934968,1.0177236519210726,0,13,8,500,100.0,100.0,100.0,100.0,100.0,100.0,100.0,97.63
905,36293,99.74,64.05844354753164,0.9731025860912744,0,19,8,500,100.0,100.0,100.0,100.0,100.0,100.0,97.92,100.0
906,37502,100.0,62.43424445621079,1.0027603829834264,0,16,8,500,100.0,100.0,100.0,100.0,100.0,100.0,100.0,100.0
907,39920,100.0,63.380511998060825,1.048797696901605,0,10,8,500,100.0,100.0,100.0,100.0,100.0,100.0,100.0,100.0
908,37099,99.72,63.55304181649364,0.9677759518281924,0,17,8,500,100.0,100.0,97.76,100.0,100.0,100.0,100.0,100.0
909,37905,100.0,63.06957715916201,0.9520525853038772,0,15,8,500,100.0,100.0,100.0,100.0,100.0,100.0,100.0,100.0
910,36293,100.0,62.05400661388004,1.0580450560584769,0,19,8,500,100.0,100.0,100.0,100.0,100.0,100.0,100.0,100.0
911,39517,97.68,64.83234390175808,1.0737424848745003,0,11,8,500,93.48,93.57,100.0,99.72,100.0,100.0,94.68,100.0
912,40763,100.0,63.29205140450488,1.0333341241788137,1,14,8,500,100.0,100.0,100.0,100.0,100.0,100.0,100.0,100.0
913,38308,99.73,63.999348568003775,1.0020656581352083,0,14,8,500,100.0,97.85,100.0,100.0,100.0,100.0,100.0,100.0
914,37905,99.68,63.42830528185004,0.99051883626809,0,15,8,500,100.0,100.0,100.0,97.46,100.0,100.0,100.0,100.0
915,35890,98.8,63.5805836325723,0.9595561917063548,0,20,8,500,100.0,95.82,94.61,100.0,100.0,100.0,100.0,100.0
916,38308,100.0,63.75719059727624,1.0506521932284227,0,14,8,500,100.0,100.0,100.0,100.0,100.0,100.0,100.0,100.0
917,37502,99.64,63.99506285703142,1.0929600693634018,0,16,8,500,100.0,97.14,100.0,100.0,100.0,100.0,100.0,100.0
918,35487,99.93,63.73241705178613,0.998449484494588,0,21,8,500,100.0,100.0,100.0,100.0,100.0,100.0,99.44,100.0
919,36696,100.0,63.74419562611559,0.9879227598209156,0,18,8,500,100.0,100.0,100.0,100.0,100.0,100.0,100.0,100.0
920,35487,100.0,63.82124256669991,1.0625245370791672,0,21,8,500,100.0,100.0,100.0,100.0,100.0,100.0,100.0,100.0
921,37099,97.75,63.29539148465418,1.1028094021293535,0,17,8,500,95.04,100.0,89.02,100.0,97.92,100.0,100.0,100.0
922,37502,100.0,62.43005070847317,1.0086310772468148,0,16,8,500,100.0,100.0,100.0,100.0,100.0,100.0,100.0,100.0
923,35084,100.0,63.65842315681945,1.0530064367677263,0,22,8,500,100.0,100.0,100.0,100.0,100.0,100.0,100.0,100.0
924,37502,99.77,63.80547033513773,0.9901224427726052,0,16,8,500,98.19,100.0,100.0,100.0,100.0,100.0,100.0,100.0
925,39517,99.94,63.491461143899045,1.011796573956541,0,11,8,500,99.53,100.0,100.0,100.0,100.0,100.0,100.0,100.0
926,34681,100.0,64.16925840561821,1.0623274853463345,0,23,8,500,100.0,100.0,100.0,100.0,100.0,100.0,100.0,100.0
927,36293,100.0,63.40418956458335,1.0221640735800988,0,19,8,500,100.0,100.0,100.0,100.0,100.0,100.0,100.0,100.0
928,38308,100.0,63.28350878125111,1.0593869786932435,0,14,8,500,100.0,100.0,100.0,100.0,100.0,100.0,100.0,100.0
929,37502,99.93,64.06208336453628,0.9944170089797426,0,16,8,500,100.0,100.0,99.41,100.0,100.0,100.0,100.0,100.0
930,40726,100.0,63.04363919485005,1.019438562750385,0,8,8,500,100.0,100.0,100.0,100.0,100.0,100.0,100.0,100.0
931,38711,100.0,62.64144073372248,0.9701042050698232,0,13,8,500,100.0,100.0,100.0,100.0,100.0,100.0,100.0,100.0
932,35487,98.38,62.633281350863136,1.009334611664045,0,21,8,500,100.0,100.0,100.0,100.0,94.54,100.0,100.0,92.52
933,39920,100.0,64.27963904924727,1.0025119278846133,0,10,8,500,100.0,100.0,100.0,100.0,100.0,100.0,100.0,100.0
934,36293,99.6,63.85536508072462,0.969389070760704,0,19,8,500,98.6,100.0,100.0,100.0,100.0,100.0,100.0,98.18
935,38308,100.0,62.95610476302255,1.035270869751369,0,14,8,500,100.0,100.0,100.0,100.0,100.0,100.0,100.0,100.0
936,37905,99.53,62.29631994754899,1.0250518316869113,0,15,8,500,100.0,99.87,98.38,100.0,100.0,97.96,100.0,100.0
937,38711,100.0,63.5165711516859,1.0700672539933869,0,13,8,500,100.0,100.0,100.0,100.0,100.0,100.0,100.0,100.0
938,37905,99.77,62.616424491939526,1.1209235512586686,0,15,8,500,100.0,100.0,100.0,98.15,100.0,100.0,100.0,100.0
939,40726,99.27,63.91158550141884,0.9830883607067836,0,8,8,500,94.17,100.0,100.0,100.0,100.0,100.0,100.0,100.0
940,37905,97.96,63.56371598681924,1.034484585940009,0,15,8,500,99.1,91.03,100.0,100.0,100.0,98.92,100.0,94.64
941,38308,98.54,62.26066499076877,0.9892340126248004,0,14,8,500,95.07,100.0,95.17,100.0,98.07,100.0,100.0,100.0
942,37099,100.0,63.01966276431268,1.092079498265127,0,17,8,500,100.0,100.0,100.0,100.0,100.0,100.0,100.0,100.0
943,36293,99.88,63.62588854134541,0.9893113644970212,0,19,8,500,100.0,100.0,100.0,100.0,99.05,100.0,100.0,100.0
944,36293,99.99,62.96573507899921,0.993080537193504,0,19,8,500,100.0,100.0,100.0,100.0,100.0,99.9,100.0,100.0
945,36293,100.0,63.95597602529305,1.0233373443080909,0,19,8,500,100.0,100.0,100.0,100.0,100.0,100.0,100.0,100.0
946,36293,100.0,62.55980082732175,1.068287502372307,0,19,8,500,100.0,100.0,100.0,100.0,100.0,100.0,100.0,100.0
947,38308,99.98,64.0662391613031,0.949731875084185,0,14,8,500,100.0,100.0,99.8,100.0,100.0,100.0,100.0,100.0
948,35487,100.0,63.76297030306634,1.0392916018219167,0,21,8,500,100.0,100.0,100.0,100.0,100.0,100.0,100.0,100.0
949,37905,100.0,63.35241378702814,1.044619695344715,0,15,8,500,100.0,100.0,100.0,100.0,100.0,100.0,100.0,100.0
950,37502,100.0,63.04361818632224,1.0110800166810334,0,16,8,500,100.0,100.0,100.0,100.0,100.0,100.0,100.0,100.0
951,36293,100.0,62.78003442931293,1.066802921542983,0,19,8,500,100.0,100.0,100.0,100.0,100.0,100.0,100.0,100.0
952,37099,100.0,65.08593363333358,1.083685149248492,0,17,8,500,100.0,100.0,100.0,100.0,100.0,100.0,100.0,100.0
953,39517,99.46,62.882166323321606,1.039607352491227,0,11,8,500,100.0,100.0,100.0,100.0,100.0,100.0,95.72,100.0
954,38711,100.0,63.41032685042708,1.0445488891915728,0,13,8,500,100.0,100.0,100.0,100.0,100.0,100.0,100.0,100.0
955,35890,98.77,62.9714830869807,1.0115876518496576,0,20,8,500,100.0,100.0,94.46,100.0,100.0,95.73,100.0,100.0
956,39114,100.0,64.14696059850445,1.0264423554979698,0,12,8,500,100.0,100.0,100.0,100.0,100.0,100.0,100.0,100.0
957,37502,99.96,65.01324734485429,1.033740654477985,0,16,8,500,100.0,100.0,100.0,100.0,100.0,99.72,100.0,100.0
958,37099,100.0,61.736617590630026,1.1106415309381237,0,17,8,500,100.0,100.0,100.0,100.0,100.0,100.0,100.0,100.0
959,35487,99.63,64.02428590898866,1.0640090102157216,0,21,8,500,100.0,100.0,100.0,97.02,100.0,100.0,100.0,100.0
960,35890,99.02,62.64264677039371,1.043102505362855,0,20,8,500,100.0,100.0,100.0,93.46,100.0,100.0,98.71,100.0
961,34278,99.99,62.81916535390617,1.009703616598567,0,24,8,500,100.0,100.0,99.93,100.0,100.0,100.0,100.0,100.0
962,36293,99.9,62.2232041505068,1.017930780346635,0,19,8,500,100.0,100.0,100.0,99.2,100.0,100.0,100.0,100.0
963,35084,99.89,64.47285746812028,1.0971129491107263,0,22,8,500,99.12,100.0,100.0,100.0,100.0,100.0,100.0,100.0
964,37099,98.4,63.5152567428441,1.0276328844098093,0,17,8,500,100.0,99.5,100.0,100.0,91.88,95.82,100.0,100.0
965,37905,98.56,63.568869249291325,1.1050786253722165,0,15,8,500,97.67,96.28,100.0,100.0,100.0,100.0,94.52,100.0
966,43030,99.68,63.26582082246377,1.0027871330377292,2,10,8,500,100.0,97.41,100.0,100.0,100.0,100.0,100.0,100.0
967,38711,99.31,63.87169586744204,1.1611559524999544,0,13,8,500,100.0,100.0,100.0,100.0,100.0,100.0,98.67,95.81
968,35890,99.78,63.84414560739005,1.0188019778494908,0,20,8,500,98.2,100.0,100.0,100.0,100.0,100.0,100.0,100.0
969,38711,100.0,65.21812064611585,1.025794824491015,0,13,8,500,100.0,100.0,100.0,100.0,100.0,100.0,100.0,100.0
970,38308,100.0,62.98287591310194,0.9483848249350928,0,14,8,500,100.0,100.0,100.0,100.0,100.0,100.0,100.0,100.0
971,37905,98.34,63.2334981219109,1.09325409892335,0,15,8,500,95.41,100.0,100.0,100.0,94.02,97.25,100.0,100.0
972,37099,99.48,63.707348342223874,1.0188690113417922,0,17,8,500,100.0,100.0,100.0,100.0,100.0,100.0,95.88,100.0
973,37905,97.44,63.2818125456323,0.9836440929351736,0,15,8,500,98.53,93.7,100.0,97.33,100.0,89.93,100.0,100.0
974,36696,98.74,62.03808544366099,0.9828042252127248,0,18,8,500,100.0,94.21,98.24,100.0,100.0,97.45,100.0,100.0
975,36293,100.0,64.26203766417599,0.98795668972463,0,19,8,500,100.0,100.0,100.0,100.0,100.0,100.0,100.0,100.0
976,37905,100.0,62.548372086886,1.0308851858065813,0,15,8,500,100.0,100.0,100.0,100.0,100.0,100.0,100.0,100.0
977,35890,99.08,63.32627981270405,0.990759331579603,0,20,8,500,100.0,100.0,100.0,97.4,100.0,100.0,95.24,100.0
978,36696,100.0,62.28855295397116,1.0604215847510416,0,18,8,500,100.0,100.0,100.0,100.0,100.0,100.0,100.0,100.0
979,37905,98.49,64.14959975919022,1.1293831809689192,0,15,8,500,100.0,93.65,100.0,100.0,100.0,94.3,100.0,100.0
980,38308,100.0,63.52732980888359,1.0198365040814263,0,14,8,500,100.0,100.0,100.0,100.0,100.0,100.0,100.0,100.0
981,37502,100.0,63.98493369011325,1.1070523464846058,0,16,8,500,100.0,100.0,100.0,100.0,100.0,100.0,100.0,100.0
982,38711,100.0,63.85361426710097,1.0153373101886267,0,13,8,500,100.0,100.0,100.0,100.0,100.0,100.0,100.0,100.0
983,38308,99.78,62.99144692412235,1.137514319712092,0,14,8,500,100.0,100.0,100.0,100.0,98.27,100.0,100.0,100.0
984,37905,100.0,62.89686576093975,1.0387864438188434,0,15,8,500,100.0,100.0,100.0,100.0,100.0,100.0,100.0,100.0
985,43030,99.91,64.4561811527784,1.016857317101719,2,10,8,500,99.31,100.0,100.0,100.0,100.0,100.0,100.0,100.0
986,37905,100.0,63.40258981994292,1.0436807062310984,0,15,8,500,100.0,100.0,100.0,100.0,100.0,100.0,100.0,100.0
987,37905,100.0,63.13550612354543,1.1267302358711446,0,15,8,500,100.0,100.0,100.0,100.0,100.0,100.0,100.0,100.0
988,35084,99.72,63.54015125444412,1.0536532099717195,0,22,8,500,100.0,97.8,100.0,100.0,100.0,100.0,100.0,100.0
989,37905,100.0,62.77078485562183,0.9844898343487146,0,15,8,500,100.0,100.0,100.0,100.0,100.0,100.0,100.0,100.0
990,37502,99.35,64.23687562228525,1.0023888124156206,0,16,8,500,100.0,100.0,100.0,100.0,96.93,100.0,97.9,100.0
991,37502,100.0,63.21061098000215,1.0018654125241353,0,16,8,500,100.0,100.0,100.0,100.0,100.0,100.0,100.0,100.0
992,35487,99.66,64.1476936029197,1.0129718659296203,0,21,8,500,100.0,100.0,100.0,97.25,100.0,100.0,100.0,100.0
993,35084,98.95,64.38011355641834,1.021301237907412,0,22,8,500,100.0,100.0,95.5,100.0,100.0,100.0,100.0,96.12
994,43030,99.4,64.15575345116348,0.995686555644802,2,10,8,500,100.0,100.0,95.2,100.0,100.0,100.0,100.0,100.0
995,38308,100.0,65.16616772441658,0.927626358200204,0,14,8,500,100.0,100.0,100.0,100.0,100.0,100.0,100.0,100.0
996,39517,99.8,63.970627096922655,1.0037364964115405,0,11,8,500,99.2,100.0,100.0,100.0,100.0,100.0,100.0,99.18
997,40726,98.0,63.798016285265966,1.053648704487739,0,8,8,500,100.0,100.0,93.33,100.0,92.39,100.0,98.31,100.0
998,36696,100.0,63.91015301654841,0.9652447089600642,0,18,8,500,100.0,100.0,100.0,100.0,100.0,100.0,100.0,100.0
999,39517,100.0,64.98725103547525,0.976594160778198,0,11,8,500,100.0,100.0,100.0,100.0,100.0,100.0,100.0,100.0
1000,35890,100.0,63.99851348111649,1.018368411670901,0,20,8,500,100.0,100.0,100.0,100.0,100.0,100.0,100.0,100.0
1001,40323,99.88,63.82979343014694,1.0014357601847206,0,9,8,500,100.0,100.0,100.0,100.0,100.0,100.0,99.07,100.0
1002,36293,100.0,65.17869587428883,1.07627549077582,0,19,8,500,100.0,100.0,100.0,100.0,100.0,100.0,100.0,100.0
1003,38711,99.55,64.31691780971678,1.0769166373968384,0,13,8,500,100.0,100.0,96.4,100.0,100.0,100.0,100.0,100.0
1004,36696,99.64,63.85029076513827,1.053859935970274,0,18,8,500,100.0,100.0,97.16,100.0,100.0,100.0,100.0,100.0
1005,38308,99.78,63.758731996651605,1.0544656214000334,0,14,8,500,98.27,100.0,100.0,100.0,100.0,100.0,100.0,100.0
1006,44088,98.83,64.48782099691931,0.9803160823031056,3,9,8,500,96.95,100.0,100.0,100.0,96.17,97.51,100.0,100.0
1007,38308,100.0,64.04368492609609,1.0204040036502513,0,14,8,500,100.0,100.0,100.0,100.0,100.0,100.0,100.0,100.0
1008,37502,99.95,63.34881617684934,1.0152121374941323,0,16,8,500,100.0,100.0,100.0,100.0,99.62,100.0,100.0,100.0
1009,37905,100.0,62.89772752753001,0.9512933647944288,0,15,8,500,100.0,100.0,100.0,100.0,100.0,100.0,100.0,100.0
1010,38711,99.7,62.69430818844229,0.9944679119722666,0,13,8,500,100.0,100.0,100.0,100.0,97.64,100.0,100.0,100.0
1011,37905,99.93,64.35034707989124,0.9878310479268576,0,15,8,500,100.0,100.0,100.0,99.41,100.0,100.0,100.0,100.0
1012,39517,99.74,62.66532537079903,1.0213517687407356,0,11,8,500,100.0,100.0,100.0,100.0,100.0,97.94,100.0,100.0
1013,36293,100.0,64.61264321275829,1.000424827338734,0,19,8,500,100.0,100.0,100.0,100.0,100.0,100.0,100.0,100.0
1014,43181,99.52,64.06554557148274,1.002525099009248,1,8,8,500,100.0,100.0,100.0,100.0,100.0,100.0,96.72,99.42
1015,36293,99.49,65.20594046491593,1.0051174938992509,0,19,8,500,98.22,100.0,100.0,100.0,100.0,97.72,100.0,100.0
1016,41129,97.17,63.385093705490256,1.01574158947996,0,7,8,500,92.42,100.0,100.0,100.0,100.0,100.0,100.0,84.97
1017,39114,100.0,62.46095100301034,1.0312827055194536,0,12,8,500,100.0,100.0,100.0,100.0,100.0,100.0,100.0,100.0
1018,38711,100.0,62.83579436924873,1.0525294218210828,0,13,8,500,100.0,100.0,100.0,100.0,100.0,100.0,100.0,100.0
1019,39920,100.0,65.00440678297522,0.9948257463046054,0,10,8,500,100.0,100.0,100.0,100.0,100.0,100.0,100.0,100.0
1020,41569,98.22,63.47576060884029,1.0137345992624556,1,12,8,500,95.39,100.0,100.0,100.0,100.0,100.0,96.93,93.43
1021,39920,99.95,62.9849177354353,1.0222366779150658,0,10,8,500,100.0,100.0,100.0,100.0,100.0,99.61,100.0,100.0
1022,38711,98.05,63.60626197453914,0.9827923149678016,0,13,8,500,100.0,97.37,100.0,97.19,100.0,100.0,90.75,99.07
1023,37099,99.76,63.31942469967585,0.9956306033645672,0,17,8,500,100.0,100.0,100.0,98.12,100.0,100.0,100.0,100.0
1024,38308,100.0,64.47947656633258,0.9606471828509052,0,14,8,500,100.0,100.0,100.0,100.0,100.0,100.0,100.0,100.0
1025,38308,99.45,62.69011802262429,1.0222254084679885,0,14,8,500,99.02,100.0,100.0,96.58,100.0,100.0,100.0,100.0
1026,37099,99.94,63.79959749508652,0.9944488450127033,0,17,8,500,100.0,100.0,100.0,100.0,100.0,100.0,100.0,99.55
1027,38711,99.69,65.0422833520119,1.033173653008525,0,13,8,500,100.0,97.49,100.0,100.0,100.0,100.0,100.0,100.0
1028,33875,99.86,63.406798596140646,1.1562163527366285,0,25,8,500,100.0,100.0,98.86,100.0,100.0,100.0,100.0,100.0
1029,40323,100.0,64.43316876162288,1.1214479840031464,0,9,8,500,100.0,100.0,100.0,100.0,100.0,100.0,100.0,100.0
1030,36293,99.92,62.6436274085822,1.039683035156767,0,19,8,500,100.0,100.0,100.0,99.37,100.0,100.0,100.0,100.0
1031,37099,100.0,64.28720044885868,1.0003746098152966,0,17,8,500,100.0,100.0,100.0,100.0,100.0,100.0,100.0,100.0
1032,41418,100.0,63.29810430811973,0.9811176535539256,2,14,8,500,100.0,100.0,100.0,100.0,100.0,100.0,100.0,100.0
1033,34681,100.0,63.55165635953807,1.029067947827116,0,23,8,500,100.0,100.0,100.0,100.0,100.0,100.0,100.0,100.0
1034,37502,100.0,64.30426509121806,1.050248605470972,0,16,8,500,100.0,100.0,100.0,100.0,100.0,100.0,100.0,100.0
1035,37099,100.0,65.13712889109384,0.9836481552445308,0,17,8,500,100.0,100.0,100.0,100.0,100.0,100.0,100.0,100.0
1036,35890,100.0,62.77933794004817,1.0296500411343197,0,20,8,500,100.0,100.0,100.0,100.0,100.0,100.0,100.0,100.0
1037,38308,100.0,64.36475413390933,0.9802860790222608,0,14,8,500,100.0,100.0,100.0,100.0,100.0,100.0,100.0,100.0
1038,39114,100.0,62.77540268746368,1.0303158612880758,0,12,8,500,100.0,100.0,100.0,100.0,100.0,100.0,100.0,100.0
1039,41129,100.0,62.58600494164719,0.9989409751200292,0,7,8,500,100.0,100.0,100.0,100.0,100.0,100.0,100.0,100.0
1040,37502,99.81,63.42931844853064,0.9790713760717978,0,16,8,500,100.0,100.0,100.0,100.0,100.0,100.0,100.0,98.51
1041,35487,100.0,63.48496807526593,1.0872834692841724,0,21,8,500,100.0,100.0,100.0,100.0,100.0,100.0,100.0,100.0
1042,39114,100.0,64.18422379844446,1.0350339741372665,0,12,8,500,100.0,100.0,100.0,100.0,100.0,100.0,100.0,100.0
1043,39114,100.0,64.34697604623652,1.0026229101275017,0,12,8,500,100.0,100.0,100.0,100.0,100.0,100.0,100.0,100.0
1044,39920,100.0,64.32649327613152,0.9653346053152904,0,10,8,500,100.0,100.0,100.0,100.0,100.0,100.0,100.0,100.0
1045,38308,100.0,63.48061794680405,1.0576514497950322,0,14,8,500,100.0,100.0,100.0,100.0,100.0,100.0,100.0,100.0
1046,39114,99.49,62.55120107048184,1.031645747706619,0,12,8,500,95.95,100.0,100.0,100.0,100.0,100.0,100.0,100.0
1047,38308,98.24,64.14356784597481,1.0079322200927474,0,14,8,500,100.0,100.0,92.27,100.0,100.0,100.0,93.68,100.0
1048,38308,100.0,64.04883842428383,1.0711057478353687,0,14,8,500,100.0,100.0,100.0,100.0,100.0,100.0,100.0,100.0
1049,41972,99.84,63.093298087471645,1.015548373036279,1,11,8,500,100.0,100.0,100.0,100.0,100.0,100.0,100.0,98.74
1050,38308,100.0,62.8033351281988,0.9659084680422458,0,14,8,500,100.0,100.0,100.0,100.0,100.0,100.0,100.0,100.0
1051,40323,100.0,63.61373092927839,1.1404611162013183,0,9,8,500,100.0,100.0,100.0,100.0,100.0,100.0,100.0,100.0
1052,39920,99.41,63.43147863791173,1.0238063416406913,0,10,8,500,100.0,100.0,100.0,100.0,95.3,100.0,100.0,100.0
1053,38308,100.0,63.64871882591717,1.0951835289323335,0,14,8,500,100.0,100.0,100.0,100.0,100.0,100.0,100.0,100.0
1054,37099,99.8,64.47533157533155,1.0184245121674351,0,17,8,500,100.0,100.0,100.0,100.0,100.0,98.38,100.0,100.0
1055,39114,97.87,62.21611749832512,1.018026979810848,0,12,8,500,100.0,90.79,100.0,100.0,100.0,100.0,92.17,100.0
1056,38308,99.24,62.7655045800888,1.0991726805613844,0,14,8,500,100.0,100.0,95.39,100.0,100.0,100.0,98.49,100.0
1057,37099,99.76,63.938722405588734,0.9769990587415572,0,17,8,500,100.0,100.0,100.0,100.0,100.0,100.0,100.0,98.08
1058,40323,99.66,65.68619373071452,1.0180905996833332,0,9,8,500,100.0,100.0,100.0,100.0,97.27,100.0,100.0,100.0
1059,39517,99.63,62.9003271927902,1.1010680524330156,0,11,8,500,100.0,100.0,100.0,100.0,100.0,97.5,99.57,100.0
1060,41418,99.86,64.0503275802336,1.0501558068529722,2,14,8,500,100.0,100.0,100.0,100.0,100.0,98.9,100.0,100.0
1061,44239,99.44,62.649369439601934,0.9038914939673584,2,7,8,500,98.31,100.0,100.0,100.0,100.0,97.23,100.0,100.0
1062,38308,100.0,64.19411807671386,1.013641799338019,0,14,8,500,100.0,100.0,100.0,100.0,100.0,100.0,100.0,100.0
1063,36293,99.61,64.48446074555912,1.00608482909789,0,19,8,500,98.62,100.0,100.0,100.0,100.0,100.0,100.0,98.29
1064,37502,100.0,65.07378863486089,0.9750532118619992,0,16,8,500,100.0,100.0,100.0,100.0,100.0,100.0,100.0,100.0
1065,37502,99.84,62.74360945156386,0.9462301965908496,0,16,8,500,100.0,98.74,100.0,100.0,100.0,100.0,100.0,100.0
1066,37099,100.0,63.800687689651696,0.9135428725171968,0,17,8,500,100.0,100.0,100.0,100.0,100.0,100.0,100.0,100.0
1067,39920,100.0,63.75565265094524,0.9054080662752656,0,10,8,500,100.0,100.0,100.0,100.0,100.0,100.0,100.0,100.0
1068,37905,99.41,63.6327165935456,1.0595021426362643,0,15,8,500,100.0,100.0,100.0,100.0,100.0,100.0,95.3,100.0
1069,40726,100.0,62.881506548269535,1.0805927765143952,0,8,8,500,100.0,100.0,100.0,100.0,100.0,100.0,100.0,100.0
1070,38308,97.62,63.86181071292634,0.9379638483178092,0,14,8,500,100.0,88.69,92.24,100.0,100.0,100.0,100.0,100.0
1071,38711,98.8,63.15976311302781,1.004020151197589,0,13,8,500,100.0,100.0,100.0,100.0,90.39,100.0,100.0,100.0
1072,35487,100.0,64.59785764545258,0.987807948397104,0,21,8,500,100.0,100.0,100.0,100.0,100.0,100.0,100.0,100.0
1073,43836,100.0,63.15716305443164,0.9740085896512496,2,8,8,500,100.0,100.0,100.0,100.0,100.0,100.0,100.0,100.0
1074,37905,99.4,63.90777317476613,1.0404540370346875,0,15,8,500,100.0,100.0,100.0,95.68,100.0,99.53,100.0,100.0
1075,39114,99.89,62.914506665362175,0.9941741141300652,0,12,8,500,100.0,100.0,100.0,100.0,100.0,99.15,100.0,100.0
1076,34278,99.22,64.38890115853937,1.0001790790074438,0,24,8,500,100.0,100.0,100.0,100.0,95.84,97.96,100.0,100.0
1077,37905,99.48,63.654573633687214,0.9741778143447768,0,15,8,500,100.0,97.02,100.0,100.0,100.0,98.84,100.0,100.0
1078,45698,99.94,64.1039020167752,0.9927010557426932,2,4,8,500,100.0,100.0,100.0,99.55,100.0,100.0,100.0,100.0
1079,37099,100.0,63.15223317924745,1.0282469693737355,0,17,8,500,100.0,100.0,100.0,100.0,100.0,100.0,100.0,100.0
1080,38711,95.14,63.51988939471612,0.9767942506461584,0,13,8,500,100.0,90.13,92.33,100.0,85.85,92.82,100.0,100.0
1081,35890,100.0,63.40953728433095,1.0642134323446897,0,20,8,500,100.0,100.0,100.0,100.0,100.0,100.0,100.0,100.0
1082,39114,98.41,63.28195278162331,1.061952797021564,0,12,8,500,100.0,98.74,98.54,97.79,100.0,100.0,100.0,92.22
1083,40323,100.0,64.15874990008572,0.98438535769555,0,9,8,500,100.0,100.0,100.0,100.0,100.0,100.0,100.0,100.0
1084,35487,98.8,63.03846292242242,1.0106901516580271,0,21,8,500,100.0,100.0,100.0,100.0,100.0,100.0,100.0,90.44
1085,44642,99.77,63.09090018528773,1.1117439027491105,2,6,8,500,100.0,98.15,100.0,100.0,100.0,100.0,100.0,100.0
1086,36293,99.95,63.80693532299096,0.9636776656755393,0,19,8,500,100.0,100.0,100.0,100.0,100.0,100.0,99.63,100.0
1087,38711,100.0,64.46228917585536,1.025080907323099,0,13,8,500,100.0,100.0,100.0,100.0,100.0,100.0,100.0,100.0
1088,39114,99.51,61.914876644608405,1.0556282341079215,0,12,8,500,96.11,100.0,100.0,100.0,100.0,100.0,100.0,100.0
1089,41129,99.07,64.25589799650663,0.961119522125863,0,7,8,500,100.0,100.0,100.0,100.0,100.0,98.66,93.9,100.0
1090,37502,100.0,65.5589674723605,0.9171031725521128,0,16,8,500,100.0,100.0,100.0,100.0,100.0,100.0,100.0,100.0
1091,37905,100.0,63.79073663555748,0.9816626049188508,0,15,8,500,100.0,100.0,100.0,100.0,100.0,100.0,100.0,100.0
1092,39114,100.0,64.45320900894423,0.8900388852846723,0,12,8,500,100.0,100.0,100.0,100.0,100.0,100.0,100.0,100.0
1093,39114,100.0,64.90269766107274,1.0895949980001205,0,12,8,500,100.0,100.0,100.0,100.0,100.0,100.0,100.0,100.0
1094,39920,100.0,63.43437071618168,1.1071616129213624,0,10,8,500,100.0,100.0,100.0,100.0,100.0,100.0,100.0,100.0
1095,37905,97.54,63.441289367144506,1.023806473885329,0,15,8,500,99.4,100.0,95.47,95.5,93.42,100.0,96.52,100.0
1096,39517,99.67,63.36898034859045,1.0312992624388515,0,11,8,500,100.0,97.38,100.0,100.0,100.0,100.0,100.0,100.0
1097,36696,100.0,63.99268674522239,1.0130194312473673,0,18,8,500,100.0,100.0,100.0,100.0,100.0,100.0,100.0,100.0
1098,37502,99.73,63.58172630542648,0.9742212064375494,0,16,8,500,100.0,100.0,100.0,100.0,100.0,100.0,100.0,97.81
1099,41532,100.0,64.33442470588297,1.0685670132826923,0,6,8,500,100.0,100.0,100.0,100.0,100.0,100.0,100.0,100.0
1100,36696,99.84,64.11305177315712,1.043381762773571,0,18,8,500,100.0,100.0,100.0,100.0,100.0,100.0,98.71,100.0
1101,36696,100.0,63.8692395193815,1.1319983440901271,0,18,8,500,100.0,100.0,100.0,100.0,100.0,100.0,100.0,100.0
1102,35890,99.17,62.72687846907084,1.002784785471241,0,20,8,500,100.0,100.0,100.0,100.0,93.35,100.0,100.0,100.0
1103,36293,98.08,63.75569102698292,1.0051575695787935,0,19,8,500,100.0,94.6,100.0,95.76,94.25,100.0,100.0,100.0
1104,43030,99.9,63.32856733745477,0.9733055076037272,2,10,8,500,100.0,99.19,100.0,100.0,100.0,100.0,100.0,100.0
1105,43987,99.83,62.877004060132606,0.978849772742622,1,6,8,500,100.0,98.66,100.0,100.0,100.0,100.0,100.0,100.0
1106,38711,100.0,62.77302102985186,1.0920607691800326,0,13,8,500,100.0,100.0,100.0,100.0,100.0,100.0,100.0,100.0
1107,37502,99.29,64.31942489749322,0.980801201077918,0,16,8,500,94.29,100.0,100.0,100.0,100.0,100.0,100.0,100.0
1108,37502,99.6,64.07992761563574,0.9134554237481112,0,16,8,500,100.0,100.0,96.79,100.0,100.0,100.0,100.0,100.0
1109,39517,100.0,63.7752017203638,0.9532935395618553,0,11,8,500,100.0,100.0,100.0,100.0,100.0,100.0,100.0,100.0
1110,39920,100.0,62.507086798617095,1.0329585973916326,0,10,8,500,100.0,100.0,100.0,100.0,100.0,100.0,100.0,100.0
1111,40323,100.0,62.68228599430497,0.96831079537333,0,9,8,500,100.0,100.0,100.0,100.0,100.0,100.0,100.0,100.0
1112,36293,99.84,64.28098863535884,0.9573421658294532,0,19,8,500,99.46,100.0,100.0,100.0,100.0,100.0,100.0,99.26
1113,39517,99.71,63.7757411677416,0.9718256855961084,0,11,8,500,100.0,100.0,100.0,100.0,97.7,100.0,100.0,100.0
1114,35890,99.61,64.40286226551639,1.0321879294006082,0,20,8,500,100.0,96.85,100.0,100.0,100.0,100.0,100.0,100.0
1115,39920,99.94,64.28025041604053,0.9653086577822808,0,10,8,500,100.0,100.0,100.0,99.54,100.0,100.0,100.0,100.0
1116,37905,100.0,64.0344104559555,0.9522331563766884,0,15,8,500,100.0,100.0,100.0,100.0,100.0,100.0,100.0,100.0
1117,37099,98.22,63.975755569401485,0.999879219002372,0,17,8,500,100.0,94.16,100.0,100.0,100.0,100.0,91.57,100.0
1118,38711,100.0,62.86227499308116,1.0549579188225586,0,13,8,500,100.0,100.0,100.0,100.0,100.0,100.0,100.0,100.0
1119,39114,99.47,65.25106938393208,0.9659412841785748,0,12,8,500,100.0,100.0,100.0,100.0,100.0,95.73,100.0,100.0
1120,37502,98.08,64.2063631937212,0.845064938363409,0,16,8,500,96.6,100.0,92.05,100.0,100.0,95.99,100.0,100.0
1121,42879,100.0,63.58689178799612,1.0679626767679546,3,12,8,500,100.0,100.0,100.0,100.0,100.0,100.0,100.0,100.0
1122,38308,97.82,64.15737984612039,1.047149861791788,0,14,8,500,92.07,100.0,100.0,100.0,100.0,94.5,100.0,95.97
1123,36293,99.88,63.28313760084785,1.0293940776707744,0,19,8,500,100.0,100.0,99.02,100.0,100.0,100.0,100.0,100.0
1124,44890,99.67,64.93057520679874,1.0024841540189844,1,5,8,500,100.0,100.0,100.0,100.0,100.0,100.0,97.34,100.0
1125,40726,100.0,63.960897752362925,0.8867883668273295,0,8,8,500,100.0,100.0,100.0,100.0,100.0,100.0,100.0,100.0
1126,36293,99.0,63.28404620436396,1.0159248534294905,0,19,8,500,91.99,100.0,100.0,100.0,100.0,100.0,100.0,100.0
1127,38308,99.44,63.74854286213779,0.9136872166625224,0,14,8,500,100.0,98.51,98.35,100.0,100.0,98.64,100.0,100.0
1128,39114,100.0,64.43104378205882,0.9508252621045002,0,12,8,500,100.0,100.0,100.0,100.0,100.0,100.0,100.0,100.0
1129,37099,100.0,63.11307478217528,0.9827902170836016,0,17,8,500,100.0,100.0,100.0,100.0,100.0,100.0,100.0,100.0
1130,37502,100.0,63.59458575231625,1.027305130523006,0,16,8,500,100.0,100.0,100.0,100.0,100.0,100.0,100.0,100.0
1131,38711,99.94,63.62203355916976,0.9928128409362468,0,13,8,500,100.0,100.0,100.0,99.54,100.0,100.0,100.0,100.0
1132,39517,100.0,63.12386301140997,1.0533285482852537,0,11,8,500,100.0,100.0,100.0,99.97,100.0,100.0,100.0,100.0
1133,41129,99.46,63.24314908300853,1.0689860046051307,0,7,8,500,100.0,100.0,100.0,95.69,100.0,100.0,100.0,100.0
1134,43836,100.0,64.09249933901232,1.0384516384882003,2,8,8,500,100.0,100.0,100.0,100.0,100.0,100.0,100.0,100.0
1135,37502,100.0,64.77894154833588,1.0294054431571942,0,16,8,500,100.0,100.0,100.0,100.0,100.0,100.0,100.0,100.0
1136,40726,99.36,64.69996924583546,0.9507189455432752,0,8,8,500,100.0,100.0,98.74,100.0,100.0,100.0,100.0,96.1
1137,39517,100.0,63.70190958349328,0.9354878795689086,0,11,8,500,100.0,100.0,100.0,100.0,100.0,100.0,100.0,100.0
1138,38711,100.0,62.64842406361128,1.0359768640873754,0,13,8,500,100.0,100.0,100.0,100.0,100.0,100.0,100.0,100.0
1139,40323,99.5,62.444057514161685,0.9848761964117958,0,9,8,500,100.0,96.02,100.0,100.0,100.0,100.0,100.0,100.0
1140,38711,100.0,64.18553929595109,1.1255045235877694,0,13,8,500,100.0,100.0,100.0,100.0,100.0,100.0,100.0,100.0
1141,39114,99.19,64.4706551393491,0.9895025992701968,0,12,8,500,100.0,100.0,98.05,98.54,100.0,100.0,96.92,100.0
1142,38711,100.0,64.44006500998088,1.0231062342212225,0,13,8,500,100.0,100.0,100.0,100.0,100.0,100.0,100.0,100.0
1143,38711,100.0,63.78486635208635,1.0262432487399429,0,13,8,500,100.0,100.0,100.0,100.0,100.0,100.0,100.0,100.0
1144,37502,99.6,63.47329773931828,0.9363235620422552,0,16,8,500,96.81,100.0,100.0,100.0,100.0,100.0,100.0,100.0
1145,36696,100.0,63.62810992996869,0.997919662807285,0,18,8,500,100.0,100.0,100.0,100.0,100.0,100.0,100.0,100.0
1146,37502,99.87,63.74168707585254,0.9821813384384588,0,16,8,500,98.94,100.0,100.0,100.0,100.0,100.0,100.0,100.0
1147,39517,99.44,64.92036326871613,0.9258658231729064,0,11,8,500,100.0,100.0,100.0,97.94,100.0,100.0,100.0,97.6
1148,38711,97.99,63.8467327842196,1.0160145604923994,0,13,8,500,100.0,94.69,100.0,100.0,95.9,94.98,100.0,98.35
1149,40726,99.48,62.6112507044638,1.0370454478522737,0,8,8,500,100.0,100.0,100.0,100.0,100.0,100.0,95.84,100.0
1150,36293,98.38,63.0792483389944,0.9885548521599828,0,19,8,500,100.0,100.0,100.0,97.5,100.0,100.0,93.15,96.41
1151,38308,99.64,64.46491123817508,0.8804854706740426,0,14,8,500,100.0,99.1,100.0,100.0,100.0,100.0,98.03,100.0
1152,38308,99.31,63.64295081536669,0.989112222225141,0,14,8,500,100.0,100.0,96.71,100.0,100.0,97.8,100.0,100.0
1153,40726,99.49,62.721712102435085,0.976438498879898,0,8,8,500,100.0,100.0,100.0,100.0,100.0,100.0,95.89,100.0
1154,38308,99.27,64.02485317862933,1.053642827415296,0,14,8,500,100.0,100.0,100.0,100.0,100.0,98.32,95.82,100.0
1155,38711,100.0,64.89934100765521,1.001135602783514,0,13,8,500,100.0,100.0,100.0,100.0,100.0,100.0,100.0,100.0
1156,37905,95.9,63.88710815474593,1.065958450225875,0,15,8,500,94.67,88.44,91.79,100.0,100.0,94.25,100.0,98.05
1157,41129,98.22,64.14976829172012,1.0400662918636767,0,7,8,500,100.0,100.0,100.0,97.63,100.0,96.34,91.75,100.0
1158,38308,100.0,64.7464500146364,1.0352703658297369,0,14,8,500,100.0,100.0,100.0,100.0,100.0,100.0,100.0,100.0
1159,38711,99.48,63.72503508470912,1.0034318258283064,0,13,8,500,100.0,100.0,100.0,100.0,98.28,97.54,100.0,100.0
1160,38308,99.62,65.21552121959903,0.9733457043594564,0,14,8,500,100.0,100.0,100.0,100.0,100.0,100.0,100.0,96.94
1161,38711,100.0,65.4516802687255,1.0085704565718634,0,13,8,500,100.0,100.0,100.0,100.0,100.0,100.0,100.0,100.0
1162,39114,99.46,63.80150737653085,0.9431777846996676,0,12,8,500,100.0,100.0,95.71,100.0,100.0,100.0,100.0,100.0
1163,44239,99.93,63.1735676804313,1.0138791039019537,2,7,8,500,100.0,100.0,100.0,100.0,100.0,100.0,99.45,100.0
1164,39517,100.0,64.73456007958463,1.0129888979489694,0,11,8,500,100.0,100.0,100.0,100.0,100.0,100.0,100.0,100.0
1165,38308,98.89,63.41021736848626,1.0106078986775784,0,14,8,500,100.0,100.0,100.0,100.0,100.0,100.0,99.62,91.49
1166,37905,99.59,64.07724212139871,0.9859882715754896,0,15,8,500,100.0,100.0,100.0,98.92,100.0,97.8,100.0,100.0
1167,40726,100.0,62.10574503809026,0.8957074384286104,0,8,8,500,100.0,100.0,100.0,100.0,100.0,100.0,100.0,100.0
1168,39114,99.89,65.05876642763576,0.9429853953474376,0,12,8,500,99.1,100.0,100.0,100.0,100.0,100.0,100.0,100.0
1169,38308,100.0,65.37349158127796,1.0013553339077024,0,14,8,500,100.0,100.0,100.0,100.0,100.0,100.0,100.0,100.0
1170,39517,99.36,64.0943636251743,1.0243858836433073,0,11,8,500,100.0,95.11,100.0,100.0,100.0,100.0,99.81,100.0
1171,37099,99.84,63.85072905187704,0.8806394448257276,0,17,8,500,100.0,100.0,100.0,100.0,98.74,100.0,100.0,100.0
1172,41129,99.98,63.69422784169505,1.0676786200636224,0,7,8,500,100.0,100.0,100.0,99.83,100.0,100.0,100.0,100.0
1173,39517,99.95,63.48488389496264,1.028578526138034,0,11,8,500,100.0,100.0,100.0,100.0,100.0,100.0,100.0,99.62
1174,37502,99.22,63.77565230727562,1.0904048397572597,0,16,8,500,100.0,96.84,100.0,100.0,100.0,100.0,96.94,100.0
1175,40323,100.0,62.08380392964541,0.9296817788695536,0,9,8,500,100.0,100.0,100.0,100.0,100.0,100.0,100.0,100.0
1176,39517,100.0,64.18708467652955,0.9612924995254576,0,11,8,500,100.0,100.0,100.0,100.0,100.0,100.0,100.0,100.0
1177,35487,99.7,63.18001188083564,0.9138090065824334,0,21,8,500,100.0,100.0,100.0,100.0,100.0,100.0,99.92,97.67
1178,38711,100.0,62.965582989637134,0.9773585342101384,0,13,8,500,100.0,100.0,100.0,100.0,100.0,100.0,100.0,100.0
1179,38308,99.97,63.45498319102879,0.9619346505508016,0,14,8,500,100.0,100.0,100.0,99.74,100.0,100.0,100.0,100.0
1180,37502,99.35,64.74528846668476,1.021643010393962,0,16,8,500,100.0,94.82,100.0,100.0,100.0,100.0,100.0,100.0
1181,39114,99.98,64.25896901514056,0.9947715430693006,0,12,8,500,100.0,99.85,100.0,100.0,100.0,100.0,100.0,100.0
1182,37502,99.41,63.73215360607087,0.9963801226083268,0,16,8,500,100.0,95.28,100.0,100.0,100.0,100.0,100.0,100.0
1183,37905,99.72,64.20441495287842,0.9733819242683142,0,15,8,500,100.0,100.0,100.0,100.0,100.0,100.0,100.0,97.73
1184,39517,100.0,63.63784957527887,0.9930955897428996,0,11,8,500,100.0,100.0,100.0,100.0,100.0,100.0,100.0,100.0
1185,43836,100.0,63.76186973364794,0.9923421064417124,2,8,8,500,100.0,100.0,100.0,100.0,100.0,100.0,100.0,100.0
1186,39114,98.66,64.1390230563531,1.117787986799729,0,12,8,500,92.91,100.0,100.0,100.0,96.37,100.0,100.0,100.0
1187,44340,100.0,63.61709793251437,0.9239216954487168,4,10,8,500,100.0,100.0,100.0,100.0,100.0,100.0,100.0,100.0
1188,38711,99.9,64.79231048240476,1.0291842832373634,0,13,8,500,100.0,100.0,99.19,100.0,100.0,100.0,100.0,100.0
1189,36696,100.0,63.30678278093304,1.0391809486256456,0,18,8,500,100.0,100.0,100.0,100.0,100.0,100.0,100.0,100.0
1190,39517,100.0,62.97526003414617,0.9962470529395598,0,11,8,500,100.0,100.0,100.0,100.0,100.0,100.0,100.0,100.0
1191,36696,100.0,63.34681439810706,0.9728556115817272,0,18,8,500,100.0,100.0,100.0,100.0,100.0,100.0,100.0,100.0
1192,38308,99.56,63.42831479155448,0.9956450459166262,0,14,8,500,100.0,96.49,100.0,100.0,100.0,100.0,100.0,100.0
1193,38711,100.0,63.81657454425861,1.0314252202035004,0,13,8,500,100.0,100.0,100.0,100.0,100.0,100.0,100.0,100.0
1194,41129,100.0,64.76923993349031,0.9904234431428643,0,7,8,500,100.0,100.0,100.0,100.0,100.0,100.0,100.0,100.0
1195,40726,98.6,63.23585744469564,0.9355441316572174,0,8,8,500,100.0,99.22,100.0,100.0,100.0,95.52,94.77,99.31
1196,37905,97.93,63.86396079025435,0.9686065986977124,0,15,8,500,100.0,100.0,89.39,100.0,100.0,94.08,100.0,100.0
1197,37905,99.93,64.27012724774289,0.9787890068265582,0,15,8,500,100.0,100.0,100.0,100.0,100.0,100.0,99.42,100.0
1198,37502,100.0,63.67701032323074,0.9727349688544632,0,16,8,500,100.0,100.0,100.0,100.0,100.0,100.0,100.0,100.0
1199,35890,99.12,63.99072388004464,1.0234596927709452,0,20,8,500,100.0,95.56,100.0,100.0,100.0,97.36,100.0,100.0
1200,41821,99.96,63.66125714191349,0.968509363463442,2,13,8,500,100.0,100.0,100.0,100.0,99.66,100.0,100.0,100.0
1201,37099,100.0,64.47920734749297,1.0677125600650508,0,17,8,500,100.0,100.0,100.0,100.0,100.0,100.0,100.0,100.0
1202,38308,99.78,64.11851062939367,1.030390070013824,0,14,8,500,100.0,99.07,99.19,100.0,100.0,100.0,100.0,100.0
1203,39517,97.23,63.011433319115056,1.0361650288990458,0,11,8,500,93.4,93.72,100.0,91.86,99.83,100.0,100.0,99.01
1204,45952,100.0,64.22780320649846,0.9035104006865604,4,6,8,500,100.0,100.0,100.0,100.0,100.0,100.0,100.0,100.0
1205,39114,99.46,63.365382045132,0.972518105120622,0,12,8,500,100.0,95.91,100.0,100.0,100.0,99.78,100.0,100.0
1206,37905,100.0,64.72256214090288,0.950143545724842,0,15,8,500,100.0,100.0,100.0,100.0,100.0,100.0,100.0,100.0
1207,36293,99.45,64.38298041118972,1.0423678322355787,0,19,8,500,100.0,100.0,100.0,100.0,100.0,100.0,95.63,100.0
1208,40323,99.75,65.04381390112066,0.9557453784456325,0,9,8,500,100.0,100.0,100.0,100.0,100.0,100.0,97.98,100.0
1209,39517,99.6,64.41857614083064,0.9727057871276852,0,11,8,500,100.0,98.07,100.0,100.0,100.0,98.74,100.0,100.0
1210,38711,99.71,63.832879421145314,1.0812853935106492,0,13,8,500,100.0,100.0,100.0,97.7,100.0,100.0,100.0,100.0
1211,39517,99.32,63.74383129119095,1.0789745844235232,0,11,8,500,94.54,100.0,100.0,100.0,100.0,100.0,100.0,100.0
1212,42778,100.0,62.728193614178814,0.9575132523287972,1,9,8,500,100.0,100.0,100.0,100.0,100.0,100.0,100.0,100.0
1213,39920,99.75,62.2063609846745,0.9663433595128088,0,10,8,500,100.0,100.0,97.98,100.0,100.0,100.0,100.0,100.0
1214,37502,99.92,64.57457521158014,0.9815312722555204,0,16,8,500,100.0,99.36,100.0,100.0,100.0,100.0,100.0,100.0
1215,36293,100.0,64.15682510480991,0.9836452728109788,0,19,8,500,100.0,100.0,100.0,100.0,100.0,100.0,100.0,100.0
1216,37099,99.75,63.6024763152089,1.0235445243548422,0,17,8,500,97.99,100.0,100.0,100.0,100.0,100.0,100.0,100.0
1217,38711,99.13,63.63600033432383,0.9658626505422586,0,13,8,500,100.0,100.0,100.0,93.91,100.0,100.0,100.0,99.16
1218,37502,97.06,62.790432564696566,0.8546156981499912,0,16,8,500,100.0,94.76,100.0,97.38,100.0,89.47,94.91,100.0
1219,36293,100.0,63.57666486044968,1.042969431729459,0,19,8,500,100.0,100.0,100.0,100.0,100.0,100.0,100.0,100.0
1220,43030,100.0,63.469665424633504,0.987140801138802,2,10,8,500,100.0,100.0,100.0,100.0,100.0,100.0,100.0,100.0
1221,43030,99.96,63.90551642643399,0.8795941687146365,2,10,8,500,100.0,100.0,100.0,100.0,100.0,100.0,100.0,99.68
1222,38711,99.72,63.21304476696075,0.9033908129123572,0,13,8,500,100.0,97.8,100.0,100.0,100.0,100.0,100.0,100.0
1223,36293,99.52,63.48537804598087,1.0236560301727642,0,19,8,500,100.0,100.0,100.0,96.12,100.0,100.0,100.0,100.0
1224,35487,100.0,64.79784614204158,0.9962670606216726,0,21,8,500,100.0,100.0,100.0,100.0,100.0,100.0,100.0,100.0
1225,44239,98.58,64.05021625172793,1.0800670575980034,2,7,8,500,100.0,100.0,99.33,100.0,100.0,100.0,100.0,89.34
1226,36293,99.93,64.27199159614068,0.9528411133965076,0,19,8,500,99.94,100.0,100.0,100.0,99.48,100.0,100.0,100.0
1227,39114,99.72,63.73062817549345,1.0180141179312736,0,12,8,500,100.0,100.0,100.0,100.0,100.0,100.0,100.0,97.76
1228,37099,100.0,64.70442659348342,1.0240752667063024,0,17,8,500,100.0,100.0,100.0,100.0,100.0,100.0,100.0,100.0
1229,36696,100.0,63.607466700974975,0.9671388744252182,0,18,8,500,100.0,100.0,100.0,100.0,100.0,100.0,100.0,100.0
1230,39920,99.88,64.60032939054408,1.0735826093168006,0,10,8,500,100.0,100.0,100.0,100.0,100.0,99.0,100.0,100.0
1231,37502,100.0,63.96749002233173,1.0231136658160471,0,16,8,500,100.0,100.0,100.0,100.0,100.0,100.0,100.0,100.0
1232,38711,99.7,63.892631053784136,0.894151304292947,0,13,8,500,100.0,100.0,100.0,98.46,99.1,100.0,100.0,100.0
1233,38711,99.87,65.00780206769112,1.030451077893709,0,13,8,500,100.0,100.0,100.0,100.0,100.0,100.0,100.0,98.98
1234,35487,100.0,63.53095983242272,0.9428018679580968,0,21,8,500,100.0,100.0,100.0,100.0,100.0,100.0,100.0,100.0
1235,46204,98.62,62.44566952475308,0.9867946515787676,2,2,8,500,100.0,96.43,95.02,100.0,100.0,97.51,100.0,100.0
1236,39114,99.9,65.5632091368061,0.9146990203195484,0,12,8,500,99.24,100.0,100.0,100.0,100.0,100.0,100.0,100.0
1237,36293,99.98,62.67415181493778,1.0329777386083008,0,19,8,500,100.0,100.0,99.84,100.0,100.0,100.0,100.0,100.0
1238,39920,97.18,63.69941901922422,0.9006102566578835,0,10,8,500,90.21,88.2,100.0,99.98,99.09,100.0,100.0,100.0
1239,53014,100.0,64.18872072985069,0.9708197368988932,4,2,8,500,100.0,100.0,100.0,100.0,100.0,100.0,100.0,100.0
1240,39517,99.26,63.60327691849142,0.9860348149257556,0,11,8,500,98.27,100.0,100.0,100.0,100.0,97.05,98.76,100.0
1241,36696,100.0,63.59646805417297,0.9468241395838568,0,18,8,500,100.0,100.0,100.0,100.0,100.0,100.0,100.0,100.0
1242,39114,99.82,63.41451165365095,1.0243573366742245,0,12,8,500,100.0,100.0,100.0,100.0,98.53,100.0,100.0,100.0
1243,37502,99.81,62.9060285323534,0.9497789066234168,0,16,8,500,100.0,100.0,100.0,100.0,100.0,100.0,98.5,100.0
1244,38308,100.0,63.5610394246396,0.979566112404076,0,14,8,500,100.0,100.0,100.0,100.0,100.0,100.0,100.0,100.0
1245,37905,99.59,63.25488049821762,0.9556055716510996,0,15,8,500,100.0,100.0,100.0,100.0,100.0,100.0,100.0,96.71
1246,40323,100.0,63.28002624930345,0.9476849364321712,0,9,8,500,100.0,100.0,100.0,100.0,100.0,100.0,100.0,100.0
1247,37905,99.0,64.82302428938175,0.9966910591090112,0,15,8,500,100.0,100.0,93.77,100.0,98.23,100.0,100.0,100.0
1248,40726,99.72,64.07975449251238,1.022933058996346,0,8,8,500,100.0,100.0,100.0,100.0,97.79,100.0,100.0,100.0
1249,39517,99.31,64.35736929146061,0.9647386850050562,0,11,8,500,100.0,100.0,100.0,100.0,100.0,100.0,94.5,100.0
1250,38711,100.0,63.80352273899644,0.9737605794384172,0,13,8,500,100.0,100.0,100.0,100.0,100.0,100.0,100.0,100.0
1251,38308,99.9,64.65663377218141,0.9380764993958424,0,14,8,500,99.24,100.0,100.0,100.0,100.0,100.0,100.0,100.0
1252,45698,100.0,64.78452550137975,1.0211752965779697,2,4,8,500,100.0,100.0,100.0,100.0,100.0,100.0,100.0,100.0
1253,38711,99.63,63.63490445436255,0.9933439104574888,0,13,8,500,99.12,100.0,100.0,100.0,100.0,97.89,100.0,100.0
1254,40726,100.0,62.665443862045706,1.0096940260505527,0,8,8,500,100.0,100.0,100.0,100.0,100.0,100.0,100.0,100.0
1255,39517,99.23,63.51412476784952,0.9715931635348024,0,11,8,500,100.0,100.0,100.0,100.0,96.28,100.0,100.0,97.55
1256,40726,100.0,64.84274653598719,0.9315502760651496,0,8,8,500,100.0,100.0,100.0,100.0,100.0,100.0,100.0,100.0
1257,45545,99.54,63.73078990533447,1.0312326523256057,2,5,8,500,100.0,100.0,100.0,100.0,96.29,100.0,100.0,100.0
1258,42435,99.9,62.57506718689564,0.8773077624998269,0,5,8,500,100.0,100.0,100.0,100.0,99.16,100.0,100.0,100.0
1259,39114,99.59,64.14283938029295,1.0066077783457703,0,12,8,500,100.0,100.0,100.0,96.72,100.0,100.0,100.0,100.0
1260,41129,100.0,64.4304059894833,0.9899444303812306,0,7,8,500,100.0,100.0,100.0,100.0,100.0,100.0,100.0,100.0
1261,37099,99.72,63.28498761645092,1.0076354668809262,0,17,8,500,100.0,100.0,100.0,100.0,97.73,100.0,100.0,100.0
1262,39920,99.76,64.23388077984667,1.0086283859232048,0,10,8,500,100.0,100.0,100.0,98.11,100.0,100.0,100.0,100.0
1263,37099,100.0,64.51075774909806,0.945662897036782,0,17,8,500,100.0,100.0,100.0,100.0,100.0,100.0,100.0,100.0
1264,40726,100.0,63.5699463552806,0.9671922478759244,0,8,8,500,100.0,100.0,100.0,100.0,100.0,100.0,100.0,100.0
1265,41532,99.87,64.37119055795738,0.9831891214688118,0,6,8,500,100.0,100.0,100.0,100.0,100.0,99.36,99.59,100.0
1266,45545,99.44,64.00789224960747,0.9351387557376716,2,5,8,500,100.0,100.0,100.0,100.0,100.0,100.0,95.49,100.0
1267,41129,98.81,65.22064724991311,1.1009204383776687,0,7,8,500,91.16,100.0,99.35,100.0,100.0,100.0,100.0,100.0
1268,38308,100.0,63.37266552514127,0.9950121665871846,0,14,8,500,100.0,100.0,100.0,100.0,100.0,100.0,100.0,100.0
1269,38711,99.62,64.8547656146319,0.9155652087743222,0,13,8,500,98.1,100.0,100.0,100.0,100.0,100.0,100.0,98.85
1270,42435,100.0,64.6786955099966,0.981620416128372,0,5,8,500,100.0,100.0,100.0,100.0,100.0,100.0,100.0,100.0
1271,36696,99.74,63.655988689981214,1.0246712676173972,0,18,8,500,100.0,100.0,100.0,100.0,100.0,100.0,100.0,97.96
1272,42375,98.51,65.06135452552331,0.971757519867188,1,10,8,500,96.77,100.0,100.0,100.0,97.32,94.15,100.0,99.83
1273,39114,100.0,64.05056503830512,1.0562166472501548,0,12,8,500,100.0,100.0,100.0,100.0,100.0,100.0,100.0,100.0
1274,37099,100.0,64.18000355058012,1.0466984715651584,0,17,8,500,100.0,100.0,100.0,100.0,100.0,100.0,100.0,100.0
1275,39920,99.48,64.66634876245115,0.9708089944618457,0,10,8,500,100.0,100.0,100.0,100.0,100.0,100.0,95.88,100.0
1276,39920,99.8,63.79718805326493,0.9099716510667076,0,10,8,500,100.0,98.4,100.0,100.0,100.0,100.0,100.0,100.0
1277,39517,100.0,64.60300934234827,1.0175773800178771,0,11,8,500,100.0,100.0,100.0,100.0,100.0,100.0,100.0,100.0
1278,41532,100.0,63.92585106220407,0.9964018292824596,0,6,8,500,100.0,100.0,100.0,100.0,100.0,100.0,100.0,100.0
1279,39114,100.0,64.44236456320523,0.9378518448803296,0,12,8,500,100.0,100.0,100.0,100.0,100.0,100.0,100.0,100.0
1280,38308,100.0,64.20916100837783,0.948379298221542,0,14,8,500,100.0,100.0,100.0,100.0,100.0,100.0,100.0,100.0
1281,40726,100.0,62.77478387211469,0.9559837976685536,0,8,8,500,100.0,100.0,100.0,100.0,100.0,100.0,100.0,100.0
1282,38711,100.0,64.69609027833457,0.9938575890161044,0,13,8,500,100.0,100.0,100.0,100.0,100.0,100.0,100.0,100.0
1283,37905,100.0,63.956080065594335,0.9764094596371224,0,15,8,500,100.0,100.0,100.0,100.0,100.0,100.0,100.0,100.0
1284,40612,99.46,64.85356996251456,1.0367323872757477,2,16,8,500,100.0,100.0,100.0,100.0,96.32,99.35,100.0,100.0
1285,38308,100.0,64.13670364943842,0.9694139227310656,0,14,8,500,100.0,100.0,100.0,100.0,100.0,100.0,100.0,100.0
1286,41129,98.73,64.22574116732947,0.9741758451602428,0,7,8,500,100.0,100.0,100.0,91.57,100.0,98.27,100.0,100.0
1287,37905,99.4,64.04019983764553,0.8927905682183266,0,15,8,500,100.0,99.19,97.16,100.0,100.0,100.0,98.86,100.0
1288,38308,95.6,63.92922390651132,1.0004808278030974,0,14,8,500,89.23,100.0,90.82,100.0,90.82,93.92,100.0,100.0
1289,39114,98.87,62.86634347549478,0.9546279000681744,0,12,8,500,100.0,99.32,100.0,100.0,100.0,100.0,100.0,91.64
1290,43181,99.17,63.747337731058536,0.96898432137106,1,8,8,500,100.0,100.0,97.02,100.0,100.0,96.36,100.0,100.0
1291,43181,100.0,64.5317891300405,0.9614559660830212,1,8,8,500,100.0,100.0,100.0,100.0,100.0,100.0,100.0,100.0
1292,39114,99.99,63.55010418256887,0.943607954617454,0,12,8,500,100.0,100.0,100.0,100.0,100.0,99.9,100.0,100.0
1293,39114,99.05,64.00981934477092,0.9266958655489074,0,12,8,500,99.63,100.0,100.0,95.82,100.0,100.0,100.0,96.98
1294,44239,99.53,63.99414345621514,0.9963262149752136,2,7,8,500,96.25,100.0,100.0,100.0,100.0,100.0,100.0,100.0
1295,40323,99.43,64.55382862980947,0.95193790330992,0,9,8,500,100.0,95.43,100.0,100.0,100.0,100.0,100.0,100.0
1296,42627,99.55,64.15827091646116,0.9765646686220308,2,11,8,500,100.0,100.0,96.42,100.0,100.0,100.0,100.0,100.0
1297,38711,100.0,64.00263371881292,0.9824082692728316,0,13,8,500,100.0,100.0,100.0,100.0,100.0,100.0,100.0,100.0
1298,40726,100.0,63.19091309574432,0.8525725324295323,0,8,8,500,100.0,100.0,100.0,100.0,100.0,100.0,100.0,100.0
1299,39920,99.93,63.55557614523283,1.0137137412230093,0,10,8,500,100.0,100.0,100.0,100.0,100.0,100.0,99.42,100.0
1300,44592,99.94,65.31538070538794,0.9120891503425116,5,11,8,500,100.0,100.0,99.48,100.0,100.0,100.0,100.0,100.0
1301,37502,99.98,65.09640206080451,0.9637035360030616,0,16,8,500,100.0,100.0,100.0,99.85,100.0,100.0,100.0,100.0
1302,39920,99.44,63.09311152830671,1.0001681772369426,0,10,8,500,97.84,100.0,100.0,100.0,100.0,97.67,100.0,100.0
1303,39114,100.0,63.69821391231683,1.0124738509389712,0,12,8,500,100.0,100.0,100.0,100.0,100.0,100.0,100.0,100.0
1304,43433,99.81,64.29018815773188,0.988653010981014,2,9,8,500,100.0,100.0,100.0,100.0,100.0,98.5,100.0,100.0
1305,38308,99.69,65.10305301526054,0.9299646870540452,0,14,8,500,100.0,100.0,100.0,97.5,100.0,100.0,100.0,100.0
1306,39114,100.0,62.82146247947342,1.037485831443576,0,12,8,500,100.0,100.0,100.0,100.0,100.0,100.0,100.0,100.0
1307,39114,100.0,63.07547778013006,1.018168627976959,0,12,8,500,100.0,100.0,100.0,100.0,100.0,100.0,100.0,100.0
1308,40726,100.0,65.82702193077755,0.8304783102788809,0,8,8,500,100.0,100.0,100.0,100.0,100.0,100.0,100.0,100.0
1309,39517,99.93,64.93034156171596,0.9421471587230906,0,11,8,500,100.0,100.0,100.0,100.0,100.0,99.44,100.0,100.0
1310,43584,100.0,64.54619656392285,0.9543771959698916,1,7,8,500,100.0,100.0,100.0,100.0,100.0,100.0,100.0,100.0
1311,34681,99.82,63.47533690757234,0.9431203973509434,0,23,8,500,100.0,100.0,100.0,98.6,100.0,100.0,100.0,100.0
1312,40726,100.0,64.68258753658328,0.9199316785244288,0,8,8,500,100.0,100.0,100.0,100.0,100.0,100.0,100.0,100.0
1313,41532,98.46,63.917663363827,1.0069200251392665,0,6,8,500,100.0,93.94,100.0,100.0,100.0,93.7,100.0,100.0
1314,40323,100.0,63.89265487828778,0.9872243314955296,0,9,8,500,100.0,100.0,100.0,100.0,100.0,100.0,100.0,100.0
1315,44088,100.0,63.00290136872763,1.0555380782489934,3,9,8,500,100.0,100.0,100.0,100.0,100.0,100.0,100.0,100.0
1316,40726,99.43,64.45914205667292,0.9327088724376964,0,8,8,500,95.45,100.0,100.0,100.0,100.0,100.0,100.0,100.0
1317,45349,98.5,64.2137995155647,1.0088448576323803,1,2,8,500,97.9,96.84,100.0,100.0,100.0,94.3,100.0,98.98
1318,44239,100.0,64.19027969611712,1.0241752816015688,2,7,8,500,100.0,100.0,100.0,100.0,100.0,100.0,100.0,100.0
1319,38308,99.9,63.26777824980978,0.9326219087126304,0,14,8,500,100.0,100.0,100.0,100.0,99.19,100.0,100.0,100.0
1320,37905,100.0,63.27263792999233,0.9242068081070816,0,15,8,500,100.0,100.0,100.0,100.0,100.0,100.0,100.0,100.0
1321,43433,99.73,64.01954505423102,0.9690880067487344,2,9,8,500,100.0,100.0,100.0,100.0,100.0,97.81,100.0,100.0
1322,44890,98.75,65.11689320703127,0.942929211034515,1,5,8,500,100.0,100.0,100.0,100.0,97.81,92.17,100.0,100.0
1323,38711,97.07,63.76056056580919,0.9562663332478238,0,13,8,500,93.02,100.0,95.89,100.0,100.0,91.7,100.0,95.95
1324,36293,100.0,64.30267964136993,0.94112431419778,0,19,8,500,100.0,100.0,100.0,100.0,100.0,100.0,100.0,100.0
1325,38308,99.51,64.51052186147746,0.9305114116506576,0,14,8,500,100.0,96.06,100.0,100.0,100.0,100.0,100.0,100.0
1326,39517,99.9,64.11356911113458,0.9482820845146926,0,11,8,500,100.0,100.0,100.0,100.0,99.16,100.0,100.0,100.0
1327,38308,99.4,64.6524683277077,0.9076452090648196,0,14,8,500,100.0,95.16,100.0,100.0,100.0,100.0,100.0,100.0
1328,37905,100.0,64.52015473712144,1.0115052704035774,0,15,8,500,100.0,100.0,100.0,100.0,100.0,100.0,100.0,100.0
1329,39114,100.0,63.26309961710818,0.9012807805788252,0,12,8,500,100.0,100.0,100.0,100.0,100.0,100.0,100.0,100.0
1330,39920,99.05,64.95100043907793,0.9549874675024148,0,10,8,500,100.0,95.15,100.0,100.0,100.0,100.0,100.0,97.25
1331,42224,99.3,64.42334512092927,0.966247557092178,2,12,8,500,100.0,100.0,95.25,100.0,99.18,100.0,100.0,100.0
1332,39517,99.98,64.80778608306827,0.9856106716466622,0,11,8,500,100.0,100.0,99.8,100.0,100.0,100.0,100.0,100.0
1333,39114,99.38,64.23809047744417,0.9428302507423412,0,12,8,500,100.0,100.0,95.06,100.0,100.0,100.0,100.0,100.0
1334,41129,100.0,63.619742167952616,1.037273809339363,0,7,8,500,100.0,100.0,100.0,100.0,100.0,100.0,100.0,100.0
1335,37099,99.83,64.36065111514868,0.9476113601159444,0,17,8,500,100.0,100.0,100.0,100.0,98.62,100.0,100.0,100.0
1336,38711,100.0,63.81826723770261,0.9530696301978164,0,13,8,500,100.0,100.0,100.0,100.0,100.0,100.0,100.0,100.0
1337,41129,99.61,64.36620813366196,0.997033531367496,0,7,8,500,100.0,100.0,100.0,100.0,100.0,100.0,100.0,96.85
1338,42375,99.48,64.3313807108508,0.973680885899353,1,10,8,500,100.0,100.0,100.0,95.84,100.0,100.0,100.0,100.0
1339,39114,99.25,64.33711393669171,0.8918183174990065,0,12,8,500,100.0,100.0,100.0,100.0,100.0,100.0,99.5,94.5
1340,41532,99.09,63.50280965958826,0.9800431666177514,0,6,8,500,100.0,100.0,100.0,100.0,100.0,92.73,100.0,100.0
1341,39114,99.37,64.32178261507602,1.0944213149301312,0,12,8,500,100.0,100.0,100.0,100.0,100.0,100.0,99.48,95.45
1342,37502,100.0,64.21966914793853,0.9768372274236768,0,16,8,500,100.0,100.0,100.0,100.0,100.0,100.0,100.0,100.0
1343,45398,99.85,64.29628822749066,0.997143490696596,5,9,8,500,98.77,100.0,100.0,100.0,100.0,100.0,100.0,100.0
1344,39517,99.71,63.83411527339794,0.9727804802084012,0,11,8,500,100.0,100.0,100.0,100.0,100.0,97.66,100.0,100.0
1345,36696,99.62,64.17568071073487,0.9911594011874983,0,18,8,500,100.0,100.0,100.0,100.0,100.0,96.94,100.0,100.0
1346,39517,99.57,63.1920544255351,0.9823762393219472,0,11,8,500,100.0,100.0,100.0,96.56,100.0,100.0,100.0,100.0
1347,37099,99.64,62.44592156535989,0.939506422396066,0,17,8,500,100.0,97.11,100.0,100.0,100.0,100.0,100.0,100.0
1348,40323,100.0,65.68206787867445,0.9141890309292188,0,9,8,500,100.0,100.0,100.0,100.0,100.0,100.0,100.0,100.0
1349,43030,98.86,63.658445811077904,0.9417259341519818,2,10,8,500,100.0,100.0,100.0,100.0,97.68,98.68,100.0,94.5
1350,39114,100.0,62.67420307983048,0.92685140485772,0,12,8,500,100.0,100.0,100.0,100.0,100.0,100.0,100.0,100.0
1351,38711,100.0,64.24251459464169,1.02406529787218,0,13,8,500,100.0,100.0,100.0,100.0,100.0,100.0,100.0,100.0
1352,40323,100.0,63.94844083558033,0.829078628099376,0,9,8,500,100.0,100.0,100.0,100.0,100.0,100.0,100.0,100.0
1353,39517,99.42,64.16224847713066,1.0010830176003995,0,11,8,500,100.0,100.0,100.0,100.0,100.0,100.0,95.39,100.0
1354,43584,100.0,64.04965995743898,1.0152547950991928,1,7,8,500,100.0,100.0,100.0,100.0,100.0,100.0,100.0,100.0
1355,42435,99.91,62.25999800164869,0.980389171468275,0,5,8,500,99.29,100.0,100.0,100.0,100.0,100.0,100.0,100.0
1356,37099,100.0,63.886887263780025,0.932749306940099,0,17,8,500,100.0,100.0,100.0,100.0,100.0,100.0,100.0,100.0
1357,41532,100.0,64.211098381769,0.9418253718840393,0,6,8,500,100.0,100.0,100.0,100.0,100.0,100.0,100.0,100.0
1358,43685,99.68,62.54939386655194,0.9660345013556954,3,10,8,500,100.0,97.45,100.0,100.0,100.0,100.0,100.0,100.0
1359,43433,99.07,64.7234475020218,0.9398553269211856,2,9,8,500,100.0,100.0,100.0,100.0,92.53,100.0,100.0,100.0
1360,42627,100.0,63.712997080899775,0.92458860355609,2,11,8,500,100.0,100.0,100.0,100.0,100.0,100.0,100.0,100.0
1361,40323,99.21,63.64983343121391,1.0052764373711136,0,9,8,500,100.0,100.0,93.66,100.0,100.0,100.0,100.0,100.0
1362,40726,100.0,63.56732977757432,1.0029667258582582,0,8,8,500,100.0,100.0,100.0,100.0,100.0,100.0,100.0,100.0
1363,41532,99.62,64.11229193452363,0.9622714587163876,0,6,8,500,100.0,100.0,100.0,96.92,100.0,100.0,100.0,100.0
1364,40323,99.69,63.04963373095256,0.9730384031085586,0,9,8,500,100.0,100.0,100.0,99.1,100.0,98.42,100.0,100.0
1365,37502,100.0,64.18878974553894,0.9713705988350196,0,16,8,500,100.0,100.0,100.0,100.0,100.0,100.0,100.0,100.0
1366,42224,99.62,63.72417028466887,0.8866237571609052,2,12,8,500,97.34,100.0,100.0,100.0,100.0,100.0,100.0,99.63
1367,35487,98.51,64.34094811338873,1.0051798523681064,0,21,8,500,100.0,100.0,100.0,100.0,100.0,95.64,92.46,100.0
1368,43030,100.0,65.23065045274917,0.9727754791711216,2,10,8,500,100.0,100.0,100.0,100.0,100.0,100.0,100.0,100.0
1369,39114,99.75,64.4381345823575,0.9966383945373176,0,12,8,500,100.0,100.0,100.0,100.0,97.98,100.0,100.0,100.0
1370,39114,99.71,64.62157904895817,0.944479193169134,0,12,8,500,100.0,100.0,100.0,100.0,100.0,97.66,100.0,100.0
1371,39920,99.82,64.52865821313004,0.912106923974846,0,10,8,500,99.79,100.0,98.81,100.0,100.0,100.0,100.0,100.0
1372,38711,99.86,64.89630782897525,0.8915827943001311,0,13,8,500,98.85,100.0,100.0,100.0,100.0,100.0,100.0,100.0
1373,42435,99.74,64.11790594876913,0.970368808578426,0,5,8,500,100.0,100.0,100.0,98.37,99.57,100.0,100.0,100.0
1374,40726,99.47,64.22286676084317,1.0227352544116126,0,8,8,500,95.78,100.0,100.0,100.0,100.0,100.0,100.0,100.0
1375,39517,99.9,64.76874339917008,0.9649458329370688,0,11,8,500,100.0,100.0,100.0,100.0,100.0,100.0,100.0,99.16
1376,37502,100.0,63.75538425958933,0.8703055545049682,0,16,8,500,100.0,100.0,100.0,100.0,100.0,100.0,100.0,100.0
1377,40726,100.0,64.87432682224355,1.0249031918012022,0,8,8,500,100.0,100.0,100.0,100.0,100.0,100.0,100.0,100.0
1378,40323,99.77,63.02919229177338,0.9838999912905704,0,9,8,500,100.0,100.0,100.0,100.0,100.0,98.15,100.0,100.0
1379,44894,99.14,63.24924733970117,0.9795369725218726,3,7,8,500,100.0,95.63,100.0,97.46,100.0,100.0,100.0,100.0
1380,44894,99.81,64.86792319445,0.963290304410998,3,7,8,500,100.0,100.0,100.0,99.8,100.0,100.0,100.0,98.67
1381,37905,99.81,64.47797259794727,0.9895587964457632,0,15,8,500,100.0,100.0,100.0,100.0,100.0,100.0,100.0,98.49
1382,46859,100.0,65.03078893488417,1.075210229749946,6,7,8,500,100.0,100.0,100.0,100.0,100.0,100.0,100.0,100.0
1383,37502,100.0,64.02263264977789,0.9407439372162596,0,16,8,500,100.0,100.0,100.0,100.0,100.0,100.0,100.0,100.0
1384,42435,99.51,63.18920348240768,0.9701744055423268,0,5,8,500,100.0,100.0,96.38,99.68,100.0,100.0,100.0,100.0
1385,47208,100.0,64.10893363037918,0.8820339559524513,4,4,8,500,100.0,100.0,100.0,100.0,100.0,100.0,100.0,100.0
1386,39517,98.21,63.19754824323046,0.9962335951844566,0,11,8,500,93.5,93.98,100.0,100.0,98.18,100.0,100.0,100.0
1387,48511,97.79,65.00924138978799,0.9019384441032836,4,3,8,500,100.0,100.0,93.68,100.0,100.0,88.66,100.0,100.0
1388,40323,100.0,64.21292321565228,0.920302597040906,0,9,8,500,100.0,100.0,100.0,100.0,100.0,100.0,100.0,100.0
1389,41129,99.56,64.35374218630864,1.0459911087462648,0,7,8,500,100.0,96.45,100.0,100.0,100.0,100.0,100.0,100.0
1390,39920,99.86,63.77997045688449,0.90576400417995,0,10,8,500,100.0,100.0,100.0,100.0,98.88,100.0,100.0,100.0
1391,42435,100.0,63.071726574123865,0.9226630353103864,0,5,8,500,100.0,100.0,100.0,100.0,100.0,100.0,100.0,100.0
1392,45549,100.0,65.11394265768809,1.0349397026228222,4,7,8,500,100.0,100.0,100.0,100.0,100.0,100.0,100.0,100.0
1393,39920,100.0,63.6214334479229,0.8680724824357064,0,10,8,500,100.0,100.0,100.0,100.0,100.0,100.0,100.0,100.0
1394,44743,100.0,64.64736221858197,1.0640236602716389,4,9,8,500,100.0,100.0,100.0,100.0,100.0,100.0,100.0,100.0
1395,44642,100.0,64.14771032955088,1.0091496141701717,2,6,8,500,100.0,100.0,100.0,100.0,100.0,100.0,100.0,100.0
1396,44743,100.0,63.28795872821417,0.9688735277048044,4,9,8,500,100.0,100.0,100.0,100.0,100.0,100.0,100.0,100.0
1397,44642,100.0,63.09589732017336,0.9911427310809122,2,6,8,500,100.0,100.0,100.0,100.0,100.0,100.0,100.0,100.0
1398,42728,99.99,64.09531664883644,0.9606676296831882,4,14,8,500,100.0,100.0,100.0,100.0,99.89,100.0,100.0,100.0
1399,39114,99.64,64.21082781433711,0.9403353465293556,0,12,8,500,100.0,100.0,100.0,97.5,100.0,99.62,100.0,100.0
1400,39114,99.72,63.18710105510598,0.9267322791666568,0,12,8,500,100.0,99.19,100.0,100.0,100.0,100.0,98.58,100.0
1401,39517,99.36,63.54444648160752,1.059208244717527,0,11,8,500,100.0,100.0,100.0,100.0,100.0,94.87,100.0,100.0
1402,39517,100.0,63.14806778620004,0.9100532276296686,0,11,8,500,100.0,100.0,100.0,100.0,100.0,100.0,100.0,100.0
1403,38308,100.0,64.46175758468385,0.8901232558538983,0,14,8,500,100.0,100.0,100.0,100.0,100.0,100.0,100.0,100.0
1404,43584,99.61,63.30840024806168,1.0489576669278144,1,7,8,500,96.86,100.0,100.0,100.0,100.0,100.0,100.0,100.0
1405,38711,100.0,62.86532657463252,0.9710500173508207,0,13,8,500,100.0,100.0,100.0,100.0,100.0,100.0,100.0,100.0
1406,42435,100.0,65.10427207579441,0.8824915691416564,0,5,8,500,100.0,100.0,100.0,100.0,100.0,100.0,100.0,100.0
1407,45549,100.0,64.38922639927618,0.8673663038383629,4,7,8,500,100.0,100.0,100.0,100.0,100.0,100.0,100.0,100.0
1408,40323,100.0,63.88214431109442,0.860790413407962,0,9,8,500,100.0,100.0,100.0,100.0,100.0,100.0,100.0,100.0
1409,41129,99.75,64.17391951274097,0.9272365731561693,0,7,8,500,100.0,100.0,100.0,100.0,99.18,98.8,100.0,100.0
1410,39920,98.22,63.66071618748728,0.9451365497889432,0,10,8,500,100.0,92.22,100.0,100.0,100.0,95.06,98.44,100.0
1411,39920,99.28,64.67330405911454,0.8458216280094333,0,10,8,500,100.0,100.0,99.46,100.0,95.93,100.0,98.84,100.0
1412,43181,99.69,64.47069303790884,0.9639518056355406,1,8,8,500,100.0,97.49,100.0,100.0,100.0,100.0,100.0,100.0
1413,44642,100.0,63.74316749126692,0.918227246888138,2,6,8,500,100.0,100.0,100.0,100.0,100.0,100.0,100.0,100.0
1414,46204,100.0,63.400212784167294,0.9271380700191026,2,2,8,500,100.0,100.0,100.0,100.0,100.0,100.0,100.0,100.0
1415,40726,99.17,65.54059627134345,0.8943549068557974,0,8,8,500,100.0,99.18,100.0,100.0,94.15,100.0,100.0,100.0
1416,40726,99.88,64.42589437927776,1.0301622166707136,0,8,8,500,99.01,100.0,100.0,100.0,100.0,100.0,100.0,100.0
1417,37905,99.49,64.18630408512688,0.9242197416566064,0,15,8,500,95.91,100.0,100.0,100.0,100.0,100.0,100.0,100.0
1418,41129,99.94,63.61294948903439,0.9987954114463816,0,7,8,500,100.0,100.0,99.52,100.0,100.0,100.0,100.0,100.0
1419,42224,99.73,64.59658237027233,0.9570025238331096,2,12,8,500,100.0,97.85,100.0,100.0,100.0,100.0,100.0,100.0
1420,40323,99.89,64.87333776154884,0.9484482441292214,0,9,8,500,100.0,100.0,100.0,100.0,100.0,99.15,100.0,100.0
1421,39114,99.95,63.799504364330495,0.934582581112432,0,12,8,500,100.0,100.0,100.0,100.0,100.0,99.58,100.0,100.0
1422,41129,99.55,63.69627065431534,0.9243864510239704,0,7,8,500,100.0,100.0,96.42,100.0,100.0,100.0,100.0,100.0
1423,37099,99.97,66.05264377522467,1.0147681290937531,0,17,8,500,99.75,100.0,100.0,100.0,100.0,100.0,100.0,100.0
1424,39114,99.49,63.58948618902501,0.9550643597091212,0,12,8,500,95.94,100.0,100.0,100.0,100.0,100.0,100.0,100.0
1425,38711,99.1,65.52919321584523,0.969438945298812,0,13,8,500,100.0,98.6,96.84,100.0,100.0,100.0,100.0,97.34
1426,43433,98.86,63.6379722412034,0.9058365758144762,2,9,8,500,100.0,100.0,100.0,98.05,96.67,97.1,100.0,99.07
1427,42435,100.0,63.537407411789005,0.8969780834411996,0,5,8,500,100.0,100.0,100.0,100.0,100.0,100.0,100.0,100.0
1428,37905,99.53,64.55428131535706,0.9283475452758224,0,15,8,500,98.02,100.0,100.0,100.0,100.0,100.0,98.19,100.0
1429,39114,100.0,64.74089652475878,0.985682958591134,0,12,8,500,100.0,100.0,100.0,100.0,100.0,100.0,100.0,100.0
1430,39517,99.49,64.83908227047304,1.0250009602410262,0,11,8,500,100.0,100.0,100.0,100.0,100.0,100.0,100.0,95.95
1431,39920,99.53,63.12255598920662,0.9263433037527624,0,10,8,500,100.0,100.0,100.0,96.25,100.0,100.0,100.0,100.0
1432,42588,100.0,63.685353446061626,0.8574609943518993,0,4,8,500,100.0,100.0,100.0,100.0,100.0,100.0,100.0,100.0
1433,40323,100.0,62.00669548978697,0.926191844570898,0,9,8,500,100.0,100.0,100.0,100.0,100.0,100.0,100.0,100.0
1434,40323,100.0,63.46996569246415,0.9280161664173492,0,9,8,500,100.0,100.0,100.0,100.0,100.0,100.0,100.0,100.0
1435,44491,100.0,64.61534897890184,1.032775068342935,3,8,8,500,100.0,100.0,100.0,100.0,100.0,100.0,100.0,100.0
1436,40726,98.45,64.1226615701166,1.0099870124459795,0,8,8,500,100.0,95.49,96.68,100.0,100.0,100.0,100.0,95.42
1437,49515,100.0,64.29480771355853,1.0232079665818428,6,5,8,500,100.0,100.0,100.0,100.0,100.0,100.0,100.0,100.0
1438,41129,99.5,65.58994122255015,0.9975331881511158,0,7,8,500,98.12,100.0,100.0,100.0,97.84,100.0,100.0,100.0
1439,37502,100.0,63.356718139545656,0.8790463863349396,0,16,8,500,100.0,100.0,100.0,100.0,100.0,100.0,100.0,100.0
1440,38711,98.62,64.38118485579713,0.9872420696488506,0,13,8,500,100.0,100.0,89.74,100.0,100.0,100.0,99.19,100.0
1441,43836,100.0,63.99654495364531,1.0508717643030585,2,8,8,500,100.0,100.0,100.0,100.0,100.0,100.0,100.0,100.0
1442,38308,100.0,65.52489877449612,0.984619776131178,0,14,8,500,100.0,100.0,100.0,100.0,100.0,100.0,100.0,100.0
1443,41129,100.0,65.07228289015673,0.9182539223838369,0,7,8,500,100.0,100.0,100.0,100.0,100.0,100.0,100.0,100.0
1444,43836,100.0,63.53124148277763,1.0566672143785767,2,8,8,500,100.0,100.0,100.0,100.0,100.0,100.0,100.0,100.0
1445,41821,99.44,64.67409673643684,0.9393992509063828,2,13,8,500,100.0,95.49,100.0,100.0,100.0,100.0,100.0,100.0
1446,41532,99.99,64.94696691057679,0.9677771002429324,0,6,8,500,99.94,100.0,100.0,100.0,100.0,100.0,100.0,100.0
1447,46456,99.88,64.27447693228805,0.9933685598157328,6,8,8,500,100.0,100.0,100.0,99.05,100.0,100.0,100.0,100.0
1448,40323,99.01,63.17276638240504,0.9704292255359516,0,9,8,500,100.0,100.0,100.0,98.4,100.0,100.0,93.65,100.0
1449,37905,100.0,65.23666592416977,0.9257657491134154,0,15,8,500,100.0,100.0,100.0,100.0,100.0,100.0,100.0,100.0
1450,44642,99.95,65.05660880741324,0.9707213434672112,2,6,8,500,100.0,100.0,100.0,100.0,100.0,99.57,100.0,100.0
1451,39517,100.0,64.65455574024924,0.9281451497089872,0,11,8,500,100.0,100.0,100.0,100.0,100.0,100.0,100.0,100.0
1452,45952,99.83,64.4566724731235,0.972520580658749,4,6,8,500,100.0,100.0,98.62,100.0,100.0,100.0,100.0,100.0
1453,43030,99.41,64.23437798691172,0.9428562159852204,2,10,8,500,100.0,100.0,100.0,100.0,97.12,100.0,100.0,98.19
1454,37905,99.84,64.36175527502688,0.8844138266185051,0,15,8,500,100.0,100.0,100.0,98.75,100.0,100.0,100.0,100.0
1455,41532,99.48,65.43257365665848,0.926833135519773,0,6,8,500,100.0,100.0,100.0,98.72,97.11,100.0,100.0,100.0
1456,42627,100.0,64.68282356152532,0.9616884045973896,2,11,8,500,100.0,100.0,100.0,100.0,100.0,100.0,100.0,100.0
1457,41129,99.94,62.64870457435199,0.9636728080094316,0,7,8,500,100.0,100.0,100.0,100.0,100.0,100.0,99.55,100.0
1458,40726,100.0,64.73777640339662,0.9922656674916376,0,8,8,500,100.0,100.0,100.0,100.0,100.0,100.0,100.0,100.0
1459,40323,100.0,65.23152148680968,0.9005181520951093,0,9,8,500,100.0,100.0,100.0,100.0,100.0,100.0,100.0,100.0
1460,43433,99.76,63.93699895230164,0.8813431840879542,2,9,8,500,100.0,100.0,100.0,100.0,100.0,100.0,98.08,100.0
1461,40726,100.0,62.72925044459163,0.8777102198659466,0,8,8,500,100.0,100.0,100.0,100.0,100.0,100.0,100.0,100.0
1462,45545,100.0,63.7727946170449,0.9658834018396678,2,5,8,500,100.0,100.0,100.0,100.0,100.0,100.0,100.0,100.0
1463,45549,99.44,65.14065482437591,0.8912883909962026,4,7,8,500,100.0,100.0,100.0,95.49,100.0,100.0,100.0,100.0
1464,44642,100.0,63.07687635447209,0.9259810938988065,2,6,8,500,100.0,100.0,100.0,100.0,100.0,100.0,100.0,100.0
1465,41532,99.68,64.17028055704243,0.9267567836778488,0,6,8,500,100.0,100.0,100.0,100.0,97.44,100.0,100.0,100.0
1466,39517,100.0,64.63517581643231,0.9963714344562618,0,11,8,500,100.0,100.0,100.0,100.0,100.0,100.0,100.0,100.0
1467,39920,99.75,64.3469746420062,0.9035083987101592,0,10,8,500,100.0,100.0,97.97,100.0,100.0,100.0,100.0,100.0
1468,40323,99.98,64.3837626336914,0.909096913975642,0,9,8,500,100.0,100.0,100.0,99.8,100.0,100.0,100.0,100.0
1469,38711,100.0,64.01089168372079,0.9191069631742677,0,13,8,500,100.0,100.0,100.0,100.0,100.0,100.0,100.0,100.0
1470,39920,99.39,64.34896570772938,0.9419190111916952,0,10,8,500,100.0,100.0,95.11,100.0,100.0,100.0,100.0,100.0
1471,44491,99.75,63.468652150911,0.9871584669179077,3,8,8,500,97.97,100.0,100.0,100.0,100.0,100.0,100.0,100.0
1472,43181,100.0,64.05386903258572,0.9354490446788548,1,8,8,500,100.0,100.0,100.0,100.0,100.0,100.0,100.0,100.0
1473,41129,99.91,63.98789325060648,0.8567026279084853,0,7,8,500,100.0,100.0,99.28,100.0,100.0,100.0,100.0,100.0
1474,45952,99.13,64.34598087728611,0.8891227782704995,4,6,8,500,100.0,100.0,100.0,95.99,97.08,100.0,100.0,100.0
1475,37905,99.87,64.60540521217585,0.885621345894935,0,15,8,500,100.0,100.0,100.0,98.98,100.0,100.0,100.0,100.0
1476,45549,99.83,63.98002596541372,1.0273885160181422,4,7,8,500,100.0,100.0,100.0,100.0,100.0,100.0,100.0,98.66
1477,40726,99.66,63.88955215246117,0.9116886263143232,0,8,8,500,97.27,100.0,100.0,100.0,100.0,100.0,100.0,100.0
1478,38711,97.96,63.22938062592847,0.9428865627038244,0,13,8,500,91.06,100.0,98.67,100.0,93.95,100.0,100.0,100.0
1479,43030,100.0,65.4439894028382,0.9943212206442764,2,10,8,500,100.0,100.0,100.0,100.0,100.0,100.0,100.0,100.0
1480,44239,99.76,64.31995243508821,0.9951303566118812,2,7,8,500,100.0,100.0,100.0,100.0,100.0,100.0,99.15,98.97
1481,38711,99.87,63.8006723905407,0.9490825716271958,0,13,8,500,100.0,100.0,100.0,100.0,100.0,100.0,98.97,100.0
1482,39114,98.08,63.536080748633,0.93803594853657,0,12,8,500,95.3,100.0,100.0,96.38,100.0,100.0,92.95,100.0
1483,41129,100.0,63.68818263204524,0.8371668717849685,0,7,8,500,100.0,100.0,100.0,100.0,100.0,100.0,100.0,100.0
1484,38308,100.0,64.6358303788151,0.868267808310651,0,14,8,500,100.0,100.0,100.0,100.0,100.0,100.0,100.0,100.0
1485,39920,99.82,64.35006655525964,0.8590452066184097,0,10,8,500,100.0,99.78,100.0,100.0,100.0,100.0,100.0,98.79
1486,41532,100.0,64.32263618991624,0.8594855909540987,0,6,8,500,100.0,100.0,100.0,100.0,100.0,100.0,100.0,100.0
1487,43030,99.93,64.85937559700072,0.9251836302850855,2,10,8,500,99.45,100.0,100.0,100.0,100.0,100.0,100.0,100.0
1488,43836,100.0,64.21578194904778,1.059223057861369,2,8,8,500,100.0,100.0,100.0,100.0,100.0,100.0,100.0,100.0
1489,45545,99.64,65.1617298358938,0.960561678135544,2,5,8,500,99.19,100.0,100.0,100.0,100.0,97.94,100.0,100.0
1490,43836,100.0,64.61109715655815,1.060292439338199,2,8,8,500,100.0,100.0,100.0,100.0,100.0,100.0,100.0,100.0
1491,39517,100.0,65.09701633941333,0.9601949579076656,0,11,8,500,100.0,100.0,100.0,100.0,100.0,100.0,100.0,100.0
1492,39517,100.0,64.3631982584012,0.8819473376239019,0,11,8,500,100.0,100.0,100.0,100.0,100.0,100.0,100.0,100.0
1493,43433,99.96,63.75817882628072,0.955024030709902,2,9,8,500,100.0,100.0,99.7,100.0,100.0,100.0,100.0,100.0
1494,42588,98.98,64.20627740452696,0.9176715083873804,0,4,8,500,100.0,94.67,100.0,100.0,100.0,100.0,98.89,98.24
1495,42627,100.0,63.34940632710425,0.9336450587234428,2,11,8,500,100.0,100.0,100.0,100.0,100.0,100.0,100.0,100.0
1496,45545,100.0,64.50544091628572,0.8902700859278877,2,5,8,500,100.0,100.0,100.0,100.0,100.0,100.0,100.0,100.0
1497,45549,99.48,64.72339993104487,0.8959947492445874,4,7,8,500,98.96,96.84,100.0,100.0,100.0,100.0,100.0,100.0
1498,45549,100.0,63.30515265752464,0.9867138711961092,4,7,8,500,100.0,100.0,100.0,100.0,100.0,100.0,100.0,100.0
1499,42435,99.88,64.90160210998805,1.0252947305600948,0,5,8,500,100.0,100.0,100.0,100.0,100.0,100.0,99.0,100.0
1500,39920,100.0,64.27300999401623,0.8582560164650913,0,10,8,500,100.0,100.0,100.0,100.0,100.0,100.0,100.0,100.0
1501,41129,100.0,64.84808536185443,0.9286132862232558,0,7,8,500,100.0,100.0,100.0,100.0,100.0,100.0,100.0,100.0
1502,43047,99.18,64.61309556874629,0.9716877499812522,0,1,8,500,100.0,97.07,96.34,100.0,100.0,100.0,100.0,100.0
1503,39920,100.0,64.30256977597583,0.9246136598405308,0,10,8,500,100.0,100.0,100.0,100.0,99.96,100.0,100.0,100.0
1504,40323,99.42,64.54764157268389,0.8763134755272335,0,9,8,500,100.0,100.0,100.0,100.0,100.0,100.0,100.0,95.39
1505,40726,99.84,64.52867819766637,1.0050095822655942,0,8,8,500,100.0,100.0,100.0,100.0,98.74,100.0,100.0,100.0
1506,44239,98.84,62.99498759612873,0.9851394282344362,2,7,8,500,100.0,96.04,94.7,100.0,100.0,100.0,100.0,100.0
1507,43181,100.0,64.12296255796164,0.9751521816135472,1,8,8,500,100.0,100.0,100.0,100.0,100.0,100.0,100.0,100.0
1508,40323,99.5,64.86850173208664,0.8672411273565809,0,9,8,500,100.0,100.0,100.0,100.0,100.0,100.0,100.0,95.99
1509,38711,100.0,65.38171224523445,0.848323792843011,0,13,8,500,100.0,100.0,100.0,100.0,100.0,100.0,100.0,100.0
1510,43836,99.85,65.65893260447746,0.9819856845418156,2,8,8,500,100.0,100.0,100.0,99.01,100.0,99.8,100.0,100.0
1511,38711,99.14,63.1247854239987,0.9849143380899794,0,13,8,500,100.0,100.0,98.96,100.0,100.0,95.65,100.0,98.49
1512,40323,100.0,63.63419332046917,0.9297381984493872,0,9,8,500,100.0,100.0,100.0,100.0,100.0,100.0,100.0,100.0
1513,39920,100.0,63.23662885607795,0.9232071950433816,0,10,8,500,100.0,100.0,100.0,100.0,100.0,100.0,100.0,100.0
1514,47462,100.0,65.18444384812312,0.9341576573417676,6,6,8,500,100.0,100.0,100.0,100.0,100.0,100.0,100.0,100.0
1515,45545,100.0,64.54711266222196,0.9768334630638916,2,5,8,500,100.0,100.0,100.0,100.0,100.0,100.0,100.0,100.0
1516,44890,99.36,64.81759179542576,0.913873145924208,1,5,8,500,100.0,100.0,97.45,97.45,100.0,100.0,100.0,100.0
1517,42375,99.4,64.13950384996068,0.87638134050499,1,10,8,500,100.0,99.0,100.0,100.0,100.0,100.0,96.16,100.0
1518,45698,100.0,64.2861993386438,1.0208889015074163,2,4,8,500,100.0,100.0,100.0,100.0,100.0,100.0,100.0,100.0
1519,39114,99.82,63.920085776696894,1.0740866961579771,0,12,8,500,100.0,100.0,100.0,100.0,100.0,98.53,100.0,100.0
1520,44642,97.54,63.16936552360138,1.000737364954851,2,6,8,500,100.0,95.95,96.16,100.0,94.11,94.07,100.0,100.0
1521,41532,100.0,64.66986480335659,0.8295701308021282,0,6,8,500,100.0,100.0,100.0,100.0,100.0,100.0,100.0,100.0
1522,42894,99.94,65.97151086144798,0.9412136746174228,0,2,8,500,100.0,99.48,100.0,100.0,100.0,100.0,100.0,100.0
1523,40726,99.69,64.41236749445834,0.9456398444931516,0,8,8,500,100.0,100.0,100.0,100.0,100.0,100.0,97.5,100.0
1524,43584,99.51,64.66810955065259,0.8598909165528157,1,7,8,500,100.0,100.0,96.07,100.0,100.0,100.0,100.0,100.0
1525,37905,99.86,65.36159468213702,0.9237276557953455,0,15,8,500,100.0,100.0,98.84,100.0,100.0,100.0,100.0,100.0
1526,39517,99.82,63.448463333876965,0.911809251555306,0,11,8,500,100.0,98.53,100.0,100.0,100.0,100.0,100.0,100.0
1527,45851,98.64,64.75785514572445,0.9016536414562172,2,3,8,500,100.0,100.0,98.19,100.0,98.45,100.0,98.59,93.92
1528,40323,99.85,64.31205320109677,0.8886120998382917,0,9,8,500,100.0,100.0,100.0,100.0,100.0,100.0,99.62,99.19
1529,43987,100.0,64.66313509136432,0.9377435779145606,1,6,8,500,100.0,100.0,100.0,100.0,100.0,100.0,100.0,100.0
1530,42741,99.66,62.902218671402295,0.8357885819772963,0,3,8,500,100.0,100.0,100.0,100.0,100.0,97.85,100.0,99.46
1531,44642,99.66,64.38610926890352,0.9259304092694394,2,6,8,500,100.0,100.0,100.0,100.0,97.25,100.0,100.0,100.0
1532,43030,96.7,65.52276303828191,0.9311308566872036,2,10,8,500,100.0,100.0,100.0,93.11,100.0,92.56,97.71,90.25
1533,37502,99.03,65.05766168063462,0.9854544280283852,0,16,8,500,98.36,96.08,100.0,100.0,100.0,100.0,100.0,97.77
1534,42588,100.0,64.15706250404075,0.9317981397862816,0,4,8,500,100.0,100.0,100.0,100.0,100.0,100.0,100.0,100.0
1535,45851,100.0,63.98263546756081,0.9135865793080304,2,3,8,500,100.0,100.0,100.0,100.0,100.0,100.0,100.0,100.0
1536,40323,99.78,63.77295487261436,0.940945344953564,0,9,8,500,100.0,100.0,98.28,100.0,100.0,100.0,100.0,100.0
1537,42741,99.97,64.81501044979468,0.8920188318569477,0,3,8,500,100.0,100.0,100.0,100.0,99.78,100.0,100.0,100.0
1538,39920,100.0,64.52953090243754,0.9528875439131376,0,10,8,500,100.0,100.0,100.0,100.0,100.0,100.0,100.0,100.0
1539,43836,99.57,65.15472751828749,0.7890126308328931,2,8,8,500,100.0,98.66,100.0,100.0,100.0,100.0,97.88,100.0
1540,43181,99.41,63.45754788831229,0.9031433432644308,1,8,8,500,100.0,100.0,100.0,100.0,95.35,100.0,99.94,100.0
1541,39517,98.84,65.21489289607368,0.9894387778096976,0,11,8,500,100.0,100.0,90.74,100.0,100.0,100.0,100.0,100.0
1542,35890,99.86,65.57289978088842,0.9080707845873462,0,20,8,500,100.0,98.92,100.0,100.0,100.0,100.0,100.0,100.0
1543,44239,99.79,64.04517276159312,0.9146681281747155,2,7,8,500,100.0,100.0,100.0,99.62,100.0,98.67,100.0,100.0
1544,40323,99.96,64.48205151510685,0.8792712707670498,0,9,8,500,100.0,100.0,99.7,100.0,100.0,100.0,100.0,100.0
1545,37099,100.0,65.961880728223,0.9682815197727572,0,17,8,500,100.0,100.0,100.0,100.0,100.0,100.0,100.0,100.0
1546,41129,99.62,64.03436106133007,0.9984432736542306,0,7,8,500,100.0,96.92,100.0,100.0,100.0,100.0,100.0,100.0
1547,45952,100.0,63.78373023016805,0.9312836566580576,4,6,8,500,100.0,100.0,100.0,100.0,100.0,100.0,100.0,100.0
1548,42224,99.66,62.44207638814876,0.8548359088866018,2,12,8,500,97.3,100.0,100.0,100.0,100.0,100.0,100.0,100.0
1549,38711,99.33,64.10677243049051,0.928512349174038,0,13,8,500,100.0,100.0,100.0,100.0,100.0,100.0,100.0,94.65
1550,38711,100.0,64.69694278506837,1.0319566874259265,0,13,8,500,100.0,100.0,100.0,100.0,100.0,100.0,100.0,100.0
1551,38711,99.92,63.47037170098759,0.9803483257953182,0,13,8,500,100.0,100.0,100.0,100.0,99.36,100.0,100.0,100.0
1552,39517,99.5,65.22020689349641,1.0176414160045095,0,11,8,500,100.0,99.83,97.99,100.0,100.0,98.18,100.0,100.0
1553,41532,100.0,65.0765888251366,0.951682956171512,0,6,8,500,100.0,100.0,100.0,100.0,100.0,100.0,100.0,100.0
1554,39114,100.0,66.65107219556195,0.8823673110810195,0,12,8,500,100.0,100.0,100.0,100.0,100.0,100.0,100.0,100.0
1555,43030,100.0,63.889944769918685,0.8816415773363508,2,10,8,500,100.0,100.0,100.0,100.0,100.0,100.0,100.0,100.0
1556,40726,99.96,63.08243386750768,0.9395104320956568,0,8,8,500,100.0,100.0,100.0,100.0,100.0,100.0,100.0,99.66
1557,41532,100.0,64.76973143007635,0.9730030875589164,0,6,8,500,100.0,100.0,100.0,100.0,100.0,100.0,100.0,100.0
1558,39920,99.36,63.7277827443931,0.9350362913142144,0,10,8,500,94.87,100.0,100.0,100.0,100.0,100.0,100.0,100.0
1559,43181,100.0,64.61178811999858,1.0296412436573883,1,8,8,500,100.0,100.0,100.0,100.0,100.0,100.0,100.0,100.0
1560,39114,100.0,63.71320841430307,0.8724327002257596,0,12,8,500,100.0,100.0,100.0,100.0,100.0,100.0,100.0,100.0
1561,47710,99.96,65.10469134504356,0.8432818166942555,5,5,8,500,100.0,100.0,100.0,100.0,100.0,99.66,100.0,100.0
1562,39517,100.0,65.41531940194471,0.973309783943746,0,11,8,500,100.0,100.0,100.0,100.0,100.0,100.0,100.0,100.0
1563,43181,100.0,66.53898495218247,0.91543119028672,1,8,8,500,100.0,100.0,100.0,100.0,100.0,100.0,100.0,100.0
1564,43584,100.0,64.80723757517944,0.8765591353299024,1,7,8,500,100.0,100.0,100.0,100.0,100.0,100.0,100.0,100.0
1565,45851,100.0,63.91950662627431,0.8934373412255247,2,3,8,500,100.0,100.0,100.0,100.0,100.0,100.0,100.0,100.0
1566,43584,99.37,65.27950123095808,0.9162955426612828,1,7,8,500,100.0,98.7,100.0,100.0,100.0,100.0,96.23,100.0
1567,38308,100.0,64.58080792197654,0.8491247752110003,0,14,8,500,100.0,100.0,100.0,100.0,100.0,100.0,100.0,100.0
1568,42627,99.54,64.3200732124218,0.9073237505234948,2,11,8,500,100.0,96.28,100.0,100.0,100.0,100.0,100.0,100.0
1569,43030,99.64,63.76627811788573,0.8744805689866977,2,10,8,500,100.0,100.0,97.81,100.0,100.0,99.29,100.0,100.0
1570,38308,98.84,64.90142999209505,0.9172981365774172,0,14,8,500,100.0,94.67,100.0,97.4,98.67,100.0,100.0,100.0
1571,40323,99.99,63.33135106168967,0.9661978603482916,0,9,8,500,100.0,100.0,100.0,100.0,99.94,100.0,100.0,100.0
1572,43030,100.0,64.8840163031246,0.864276392222046,2,10,8,500,100.0,100.0,100.0,100.0,100.0,100.0,100.0,100.0
1573,39114,99.31,63.3178505929185,0.8242522530571346,0,12,8,500,100.0,94.46,100.0,100.0,100.0,100.0,100.0,100.0
1574,41532,99.44,64.54855152481427,0.8908670602068196,0,6,8,500,100.0,100.0,100.0,100.0,100.0,100.0,100.0,95.54
1575,40323,99.32,64.4960655194871,0.9057472475007016,0,9,8,500,94.52,100.0,100.0,100.0,100.0,100.0,100.0,100.0
1576,46855,100.0,65.54803872833656,0.9083849418968072,4,5,8,500,100.0,100.0,100.0,100.0,100.0,100.0,100.0,100.0
1577,45545,100.0,64.4501390741554,0.8295816374613906,2,5,8,500,100.0,100.0,100.0,100.0,100.0,100.0,100.0,100.0
1578,42375,100.0,64.60536362309425,0.9234535708606112,1,10,8,500,100.0,100.0,100.0,100.0,100.0,100.0,100.0,100.0
1579,44239,99.8,64.91030893255241,0.9416720705647036,2,7,8,500,100.0,100.0,100.0,100.0,100.0,100.0,100.0,98.37
1580,45146,99.84,64.12108933680912,1.0005662085380589,4,8,8,500,100.0,98.71,100.0,100.0,100.0,100.0,100.0,100.0
1581,45549,99.48,63.75987705643938,0.9193638247496484,4,7,8,500,100.0,100.0,100.0,97.4,100.0,98.46,100.0,100.0
1582,38711,100.0,63.86153218834516,0.7922936053954197,0,13,8,500,100.0,100.0,100.0,100.0,100.0,100.0,100.0,100.0
1583,45545,99.65,64.212866397026,0.928947120932788,2,5,8,500,100.0,100.0,100.0,99.44,100.0,97.77,100.0,100.0
1584,41129,100.0,65.61625796651734,0.936598796481215,0,7,8,500,100.0,100.0,100.0,100.0,100.0,100.0,100.0,100.0
1585,46855,100.0,63.8007027394826,0.8866929531588045,4,5,8,500,100.0,100.0,100.0,100.0,100.0,100.0,100.0,100.0
1586,39920,96.07,65.69557336142385,0.9281299315569076,0,10,8,500,100.0,100.0,93.52,87.1,100.0,87.93,100.0,100.0
1587,40726,99.31,65.92929108339287,0.9817560382697867,0,8,8,500,100.0,100.0,100.0,94.5,100.0,100.0,100.0,100.0
1588,47208,99.74,64.5027300967293,0.906242802174412,4,4,8,500,100.0,100.0,100.0,100.0,100.0,97.88,100.0,100.0
1589,41532,98.99,63.31344873785824,0.8429910305439613,0,6,8,500,100.0,100.0,95.16,100.0,100.0,100.0,96.79,100.0
1590,46855,100.0,64.28944643512698,0.9349069656584214,4,5,8,500,100.0,100.0,100.0,100.0,100.0,100.0,100.0,100.0
1591,42435,99.96,63.44284210300283,0.9713145469708204,0,5,8,500,100.0,100.0,100.0,100.0,100.0,100.0,100.0,99.65
1592,40726,99.58,65.04001710888457,0.9947109453479086,0,8,8,500,100.0,100.0,97.41,100.0,100.0,100.0,100.0,99.27
1593,43534,100.0,64.45407038826252,0.9555732254513696,4,12,8,500,100.0,100.0,100.0,100.0,100.0,100.0,100.0,100.0
1594,45549,100.0,64.91934244474137,0.9683042126347096,4,7,8,500,100.0,100.0,100.0,100.0,100.0,100.0,100.0,100.0
1595,38711,99.54,63.9382345482553,0.9017245443632512,0,13,8,500,100.0,100.0,100.0,98.33,100.0,100.0,100.0,97.97
1596,44743,100.0,64.69795479407065,0.8724936975750162,4,9,8,500,100.0,100.0,100.0,100.0,100.0,100.0,100.0,100.0
1597,38711,99.41,63.85617741961067,0.9531349395832086,0,13,8,500,100.0,100.0,95.25,100.0,100.0,100.0,100.0,100.0
1598,46456,99.36,64.46566099385996,0.9016800630946392,6,8,8,500,100.0,100.0,100.0,100.0,100.0,100.0,100.0,94.87
1599,37905,100.0,64.63520858180961,0.9271025798857976,0,15,8,500,100.0,100.0,100.0,100.0,100.0,100.0,100.0,100.0
1600,39920,99.9,63.96098041611821,0.9401541703476136,0,10,8,500,100.0,100.0,100.0,100.0,100.0,99.18,100.0,100.0
1601,38308,99.88,64.67473980919836,0.9321558638884342,0,14,8,500,100.0,100.0,100.0,100.0,99.06,100.0,100.0,100.0
1602,44743,99.25,65.06202997736835,0.8661546300550497,4,9,8,500,100.0,100.0,97.8,100.0,96.23,100.0,100.0,100.0
1603,45146,99.66,64.65119198410551,0.9282680110768576,4,8,8,500,100.0,97.3,100.0,100.0,100.0,100.0,100.0,100.0
1604,45043,99.5,64.21226874959231,0.8539183485949413,1,4,8,500,100.0,100.0,99.49,100.0,100.0,100.0,100.0,96.49
1605,40726,100.0,65.45241336676126,0.8898829861242643,0,8,8,500,100.0,100.0,100.0,100.0,100.0,100.0,100.0,100.0
1606,39920,99.99,64.87194992820812,0.8837231041880411,0,10,8,500,100.0,100.0,99.94,100.0,100.0,100.0,100.0,100.0
1607,44239,100.0,65.95585663938249,0.9812720355363748,2,7,8,500,100.0,100.0,100.0,100.0,100.0,100.0,100.0,100.0
1608,42627,100.0,64.99652511575037,0.9667517287554658,2,11,8,500,100.0,100.0,100.0,100.0,100.0,100.0,100.0,100.0
1609,45549,99.81,64.3355005854012,0.8927529146096367,4,7,8,500,100.0,100.0,100.0,100.0,100.0,100.0,98.49,100.0
1610,40323,99.85,64.79285308206994,0.8142023022446646,0,9,8,500,100.0,100.0,100.0,100.0,100.0,100.0,98.8,100.0
1611,45952,99.86,63.535491677231775,0.956755047664332,4,6,8,500,100.0,100.0,100.0,100.0,100.0,98.92,100.0,100.0
1612,38308,100.0,65.28187816122819,0.9272440281357558,0,14,8,500,100.0,100.0,100.0,100.0,100.0,100.0,100.0,100.0
1613,38308,98.82,64.49060994246462,0.9075685246495482,0,14,8,500,100.0,100.0,100.0,100.0,100.0,93.15,97.45,100.0
1614,40323,100.0,63.59192779219109,0.8424731291608102,0,9,8,500,100.0,100.0,100.0,100.0,100.0,100.0,100.0,100.0
1615,44491,100.0,65.12635874537243,0.8687317244970535,3,8,8,500,100.0,100.0,100.0,100.0,100.0,100.0,100.0,100.0
1616,45545,99.69,65.71662894308504,0.8644418898617566,2,5,8,500,100.0,100.0,100.0,100.0,100.0,100.0,98.54,99.01
1617,41129,100.0,65.88297681624343,0.8836910918480883,0,7,8,500,100.0,100.0,100.0,100.0,100.0,100.0,100.0,100.0
1618,42627,99.49,64.743465773356,0.9573024016833268,2,11,8,500,100.0,100.0,95.94,100.0,100.0,100.0,100.0,100.0
1619,41821,100.0,64.8988710717131,0.9082636359504114,2,13,8,500,100.0,100.0,100.0,100.0,100.0,100.0,100.0,100.0
1620,45545,100.0,63.74241879997222,0.9070594288283004,2,5,8,500,100.0,100.0,100.0,100.0,100.0,100.0,100.0,100.0
1621,46200,100.0,64.78212171211057,0.8579560637940454,3,5,8,500,100.0,100.0,100.0,100.0,100.0,100.0,100.0,100.0
1622,43836,100.0,63.92435539016537,0.9013551346552494,2,8,8,500,100.0,100.0,100.0,100.0,100.0,100.0,100.0,100.0
1623,39920,99.66,64.65496952237238,0.9577581527153238,0,10,8,500,98.63,100.0,100.0,100.0,98.62,100.0,100.0,100.0
1624,44894,100.0,64.68051729991629,0.9445221253969084,3,7,8,500,100.0,100.0,100.0,100.0,100.0,100.0,100.0,100.0
1625,40726,100.0,63.95736367664383,0.9414257707136948,0,8,8,500,100.0,100.0,100.0,100.0,100.0,100.0,100.0,100.0
1626,44239,100.0,64.90651588190084,0.946856596273828,2,7,8,500,100.0,100.0,100.0,100.0,100.0,100.0,100.0,100.0
1627,39517,99.66,63.76295362550098,0.8633480392630644,0,11,8,500,100.0,100.0,100.0,100.0,97.3,100.0,100.0,100.0
1628,39920,99.38,66.15042007608974,0.8180047533850613,0,10,8,500,99.2,100.0,100.0,100.0,100.0,100.0,100.0,95.82
1629,45247,100.0,65.43934396181703,0.9692001678429464,6,11,8,500,100.0,100.0,100.0,100.0,100.0,100.0,100.0,100.0
1630,41532,98.42,65.62610742962443,0.9745289411654628,0,6,8,500,91.44,100.0,100.0,100.0,100.0,100.0,95.91,100.0
1631,44642,99.35,64.34808805962406,0.8968012029345456,2,6,8,500,99.96,100.0,100.0,100.0,94.85,100.0,100.0,100.0
1632,43987,100.0,65.47260016904812,0.9083428876924492,1,6,8,500,100.0,100.0,100.0,100.0,100.0,100.0,100.0,100.0
1633,44743,99.5,64.73745651178061,0.963095911365213,4,9,8,500,96.29,100.0,100.0,99.72,100.0,100.0,100.0,100.0
1634,40726,100.0,65.58171041552605,0.8621160942307304,0,8,8,500,100.0,100.0,100.0,100.0,100.0,100.0,100.0,100.0
1635,40726,98.91,65.09705923354288,0.8962901708588047,0,8,8,500,100.0,100.0,100.0,98.06,100.0,100.0,93.25,100.0
1636,41532,100.0,64.68899935933239,1.0051672915601584,0,6,8,500,100.0,100.0,100.0,100.0,100.0,100.0,100.0,100.0
1637,39517,100.0,64.53485717838385,0.9005928216738963,0,11,8,500,100.0,100.0,100.0,100.0,100.0,100.0,100.0,100.0
1638,43836,100.0,64.13921591420282,0.9174606033545778,2,8,8,500,100.0,100.0,100.0,100.0,100.0,100.0,100.0,100.0
1639,49013,99.33,65.39955575895578,0.870754756523227,5,4,8,500,100.0,100.0,94.61,100.0,100.0,100.0,100.0,100.0
1640,44340,99.47,63.841960393443046,0.8704440591883729,4,10,8,500,100.0,100.0,100.0,95.73,100.0,100.0,100.0,100.0
1641,53014,99.57,65.32334936396641,0.9339349530938384,4,2,8,500,100.0,98.06,100.0,98.49,100.0,100.0,100.0,100.0
1642,40323,99.89,63.6499444150388,0.93469812595591,0,9,8,500,100.0,100.0,100.0,99.11,100.0,100.0,100.0,100.0
1643,45952,100.0,62.822991994266445,0.9166681697458848,4,6,8,500,100.0,100.0,100.0,100.0,100.0,100.0,100.0,100.0
1644,44239,99.35,64.84747180678428,0.925566229652974,2,7,8,500,94.82,100.0,100.0,100.0,100.0,100.0,100.0,100.0
1645,45146,97.52,64.29375749817784,0.9734845791946732,4,8,8,500,100.0,96.97,94.86,100.0,94.9,100.0,93.85,99.57
1646,41129,99.74,64.04468377641138,0.9495543006115408,0,7,8,500,100.0,100.0,97.9,100.0,100.0,100.0,100.0,100.0
1647,45545,100.0,64.1083682197252,0.9306286483796332,2,5,8,500,100.0,100.0,100.0,100.0,100.0,100.0,100.0,100.0
1648,39920,100.0,63.273647002757976,0.8837810995384905,0,10,8,500,100.0,100.0,100.0,100.0,100.0,100.0,100.0,100.0
1649,46855,97.98,65.85259381433787,0.8528882236422377,4,5,8,500,94.41,91.77,100.0,100.0,100.0,100.0,97.64,100.0
1650,38308,100.0,64.85590181460633,0.8796798731685687,0,14,8,500,100.0,100.0,100.0,100.0,100.0,100.0,100.0,100.0
1651,42588,99.02,64.37987247653098,0.8650452784148495,0,4,8,500,100.0,100.0,100.0,100.0,100.0,100.0,96.92,95.24
1652,44894,99.83,62.987788247522495,0.9273854742303692,3,7,8,500,100.0,100.0,100.0,100.0,100.0,98.67,100.0,100.0
1653,45545,98.63,63.90669278909306,0.8288992199474922,2,5,8,500,100.0,97.02,100.0,95.45,100.0,100.0,100.0,96.6
1654,46855,100.0,65.22254336208842,0.9603928075122286,4,5,8,500,100.0,100.0,100.0,100.0,100.0,100.0,100.0,100.0
1655,46855,99.89,66.42531986818139,0.9047777462176984,4,5,8,500,99.1,100.0,100.0,100.0,100.0,100.0,100.0,100.0
1656,43433,99.72,64.6806389376469,0.8746074930940809,2,9,8,500,100.0,100.0,97.79,100.0,100.0,100.0,100.0,100.0
1657,40323,100.0,65.12557649694891,0.9407713669489264,0,9,8,500,100.0,100.0,100.0,100.0,100.0,100.0,100.0,100.0
1658,46859,100.0,65.71947567191431,0.948145190544946,6,7,8,500,100.0,100.0,100.0,100.0,100.0,100.0,100.0,100.0
1659,43433,99.66,65.40670227862218,0.9460539830201928,2,9,8,500,100.0,100.0,100.0,100.0,100.0,100.0,100.0,97.28
1660,39517,100.0,64.9573214584495,0.9156347690907136,0,11,8,500,100.0,100.0,100.0,100.0,100.0,100.0,100.0,100.0
1661,45698,97.69,65.09054536434321,0.907682001143599,2,4,8,500,99.28,93.25,100.0,100.0,100.0,97.89,100.0,91.08
1662,46706,100.0,64.64747959637813,0.8765498207435266,3,3,8,500,100.0,100.0,100.0,100.0,100.0,100.0,100.0,100.0
1663,39920,100.0,63.82127359692453,0.9758113705374114,0,10,8,500,100.0,100.0,100.0,100.0,100.0,100.0,100.0,100.0
1664,45297,99.98,64.44799475185235,0.8915520907137109,3,6,8,500,100.0,100.0,100.0,100.0,100.0,99.85,100.0,100.0
1665,41129,100.0,64.31044136505943,0.9215863171291644,0,7,8,500,100.0,100.0,100.0,100.0,100.0,100.0,100.0,100.0
1666,38308,99.67,64.23904152870355,0.9280190002519864,0,14,8,500,100.0,100.0,100.0,100.0,97.33,100.0,100.0,100.0
1667,43836,99.9,64.61113042350685,0.8609119852863731,2,8,8,500,100.0,100.0,100.0,100.0,100.0,100.0,99.66,99.55
1668,42588,100.0,64.01880549314538,0.8663296638311889,0,4,8,500,100.0,100.0,100.0,100.0,100.0,100.0,100.0,100.0
1669,45545,99.57,64.25402793376894,0.9018332356912636,2,5,8,500,100.0,100.0,100.0,100.0,100.0,100.0,96.55,100.0
1670,44239,100.0,64.77334759412693,0.9311867066815068,2,7,8,500,100.0,99.98,100.0,100.0,100.0,100.0,100.0,100.0
1671,45698,99.9,64.75962428540143,0.8748544648572152,2,4,8,500,100.0,100.0,100.0,99.16,100.0,100.0,100.0,100.0
1672,47710,99.8,63.591469091870174,0.9467504998459504,5,5,8,500,100.0,100.0,100.0,100.0,100.0,100.0,98.4,100.0
1673,45146,100.0,65.09968116378808,0.9322210682557198,4,8,8,500,100.0,100.0,100.0,100.0,100.0,100.0,100.0,100.0
1674,40726,100.0,65.06703188838378,0.9068578760526718,0,8,8,500,100.0,100.0,100.0,100.0,100.0,100.0,100.0,100.0
1675,43181,100.0,63.43270950796671,0.9488613752670833,1,8,8,500,100.0,100.0,100.0,100.0,100.0,100.0,100.0,100.0
1676,43181,100.0,63.65643182539847,0.8236025228598017,1,8,8,500,100.0,100.0,100.0,100.0,100.0,100.0,100.0,100.0
1677,40726,99.45,64.38056415853589,0.8837977286137486,0,8,8,500,100.0,100.0,100.0,100.0,100.0,100.0,100.0,95.62
1678,41129,99.82,63.71779695687205,0.9029381328827296,0,7,8,500,100.0,100.0,100.0,98.54,100.0,100.0,100.0,100.0
1679,39517,99.95,64.35682138284317,0.906740121289528,0,11,8,500,100.0,100.0,100.0,100.0,100.0,99.57,100.0,100.0
1680,46855,99.59,64.460182918833,0.9400810046237036,4,5,8,500,100.0,100.0,100.0,96.71,100.0,100.0,100.0,100.0
1681,44239,100.0,64.25916466477791,0.8855939529975229,2,7,8,500,100.0,100.0,100.0,100.0,100.0,100.0,100.0,100.0
1682,45549,100.0,65.76126325348487,0.7926320815523689,4,7,8,500,100.0,100.0,100.0,100.0,100.0,100.0,100.0,100.0
1683,43836,99.38,63.68722353149174,0.920781523123496,2,8,8,500,100.0,100.0,100.0,100.0,100.0,100.0,100.0,95.06
1684,38711,99.96,65.336185072364,0.8673441143604212,0,13,8,500,100.0,100.0,100.0,99.66,100.0,100.0,100.0,100.0
1685,45545,100.0,64.42847033521612,0.9342559463356056,2,5,8,500,100.0,100.0,100.0,100.0,100.0,100.0,100.0,100.0
1686,73020,99.76,63.37583834428992,0.8245142441653813,4,0,8,500,100.0,100.0,100.0,100.0,100.0,98.07,100.0,100.0
1687,43181,99.47,65.20222796133991,1.0098398912129458,1,8,8,500,100.0,100.0,100.0,100.0,95.74,100.0,100.0,100.0
1688,43047,99.73,64.65029986888224,0.9411130766447726,0,1,8,500,100.0,100.0,100.0,100.0,100.0,100.0,100.0,97.86
1689,45698,100.0,65.76555808473223,0.7693907588471626,2,4,8,500,100.0,100.0,100.0,100.0,100.0,100.0,100.0,100.0
1690,45146,99.59,64.9334040450485,0.8353098922336574,4,8,8,500,100.0,100.0,100.0,100.0,100.0,100.0,96.69,100.0
1691,42588,98.97,64.43856204984196,0.830692310438055,0,4,8,500,100.0,96.38,100.0,100.0,100.0,95.41,100.0,100.0
1692,45698,99.35,64.17762126241618,0.8841973337535111,2,4,8,500,100.0,100.0,100.0,100.0,100.0,94.82,100.0,100.0
1693,41532,100.0,65.51091999479627,0.8672770377560037,0,6,8,500,100.0,100.0,100.0,100.0,100.0,100.0,100.0,100.0
1694,44894,100.0,64.49779805061512,0.8907040439636174,3,7,8,500,100.0,100.0,100.0,100.0,100.0,100.0,100.0,100.0
1695,123541,100.0,64.74350185518193,1.0113615052366618,10,3,8,500,100.0,100.0,100.0,100.0,100.0,100.0,100.0,100.0
1696,41129,100.0,65.69958679994022,0.8379675316680452,0,7,8,500,100.0,100.0,100.0,100.0,100.0,100.0,100.0,100.0
1697,39517,100.0,66.58992687056192,0.9685096984465338,0,11,8,500,100.0,100.0,100.0,100.0,100.0,100.0,100.0,100.0
1698,44088,99.91,66.18430242599042,0.8400525818687935,3,9,8,500,100.0,100.0,100.0,100.0,99.31,100.0,100.0,100.0
1699,39517,99.73,63.53806214925304,0.9466017488434814,0,11,8,500,100.0,100.0,100.0,97.85,100.0,100.0,100.0,100.0
1700,39517,99.27,63.91349990199511,0.9359942974953536,0,11,8,500,100.0,100.0,100.0,100.0,95.89,100.0,98.24,100.0
1701,44239,99.74,63.75657439729513,0.8103270434870995,2,7,8,500,100.0,100.0,100.0,99.11,100.0,100.0,100.0,98.81
1702,39920,100.0,64.929100705021,0.87153950372711,0,10,8,500,100.0,100.0,100.0,100.0,100.0,100.0,100.0,100.0
1703,44642,99.69,64.34077709775624,0.9690563039390888,2,6,8,500,100.0,100.0,97.49,100.0,100.0,100.0,100.0,100.0
1704,38308,99.43,63.74487574374326,0.8521549242088131,0,14,8,500,95.43,100.0,100.0,100.0,100.0,100.0,100.0,100.0
1705,40726,100.0,65.07720825300301,0.8956590906121551,0,8,8,500,100.0,100.0,100.0,100.0,100.0,100.0,100.0,100.0
1706,45545,99.96,65.44167438428168,0.9354615749505166,2,5,8,500,100.0,100.0,100.0,100.0,99.67,100.0,100.0,100.0
1707,45952,100.0,64.41406046470861,0.8752120319622603,4,6,8,500,100.0,100.0,100.0,100.0,100.0,100.0,100.0,100.0
1708,45698,99.51,63.938614099730025,0.9023022407920102,2,4,8,500,100.0,100.0,100.0,100.0,96.07,100.0,100.0,100.0
1709,40323,98.96,64.40656440640387,0.8497535462809693,0,9,8,500,100.0,100.0,100.0,100.0,94.84,100.0,100.0,96.85
1710,45698,99.27,64.16663044762825,0.9304974273835556,2,4,8,500,100.0,100.0,100.0,100.0,100.0,95.24,98.92,100.0
1711,46855,99.83,64.10240523297709,0.9424322910186292,4,5,8,500,100.0,100.0,100.0,100.0,100.0,100.0,98.63,100.0
1712,45297,100.0,64.93050307328265,0.8665081532782131,3,6,8,500,100.0,100.0,100.0,100.0,100.0,100.0,100.0,100.0
1713,40726,99.78,64.61750166379103,0.9795818202174676,0,8,8,500,100.0,100.0,100.0,100.0,100.0,98.28,100.0,100.0
1714,41532,99.65,65.06856985346138,0.8717166944637355,0,6,8,500,100.0,100.0,97.21,100.0,100.0,100.0,100.0,100.0
1715,47966,99.26,65.02292973228062,0.9190175602047136,8,8,8,500,100.0,100.0,100.0,94.11,100.0,100.0,100.0,100.0
1716,45698,100.0,65.00031919640283,0.8679686411144696,2,4,8,500,100.0,100.0,100.0,100.0,100.0,100.0,100.0,100.0
1717,43433,99.96,64.57302931201284,0.9486464474966332,2,9,8,500,100.0,99.72,100.0,100.0,100.0,100.0,100.0,100.0
1718,39920,100.0,65.23884767099797,0.9083099445445556,0,10,8,500,100.0,100.0,100.0,100.0,100.0,100.0,100.0,100.0
1719,45952,100.0,63.40752350645754,0.9109944479605844,4,6,8,500,100.0,100.0,100.0,100.0,100.0,100.0,100.0,100.0
1720,44894,99.95,63.80314948214367,0.96119737100221,3,7,8,500,99.62,100.0,100.0,100.0,100.0,100.0,100.0,100.0
1721,45297,100.0,64.2908106550191,0.9426633037150236,3,6,8,500,100.0,100.0,100.0,100.0,100.0,100.0,100.0,100.0
1722,45398,99.53,63.70368182507212,0.8592664564389376,5,9,8,500,100.0,100.0,100.0,100.0,97.66,98.58,100.0,100.0
1723,42224,99.8,64.60683645689693,1.0017235558559148,2,12,8,500,100.0,100.0,100.0,100.0,100.0,98.42,100.0,100.0
1724,40323,100.0,63.8110670200406,0.8097219550129228,0,9,8,500,100.0,100.0,100.0,100.0,100.0,100.0,100.0,100.0
1725,45952,99.42,64.39438624957552,0.9024724815606936,4,6,8,500,95.37,100.0,100.0,100.0,100.0,100.0,100.0,100.0
1726,72526,98.7,64.45083353616145,0.892477378266879,7,3,8,500,100.0,99.48,100.0,95.1,100.0,100.0,95.03,100.0
1727,39517,99.32,64.82073538548373,0.9143105447828094,0,11,8,500,100.0,94.96,100.0,99.63,100.0,100.0,100.0,100.0
1728,39114,100.0,63.74632790711033,0.9301402431522404,0,12,8,500,100.0,100.0,100.0,100.0,100.0,100.0,100.0,100.0
1729,42435,99.97,64.90620673858581,0.9375657356708446,0,5,8,500,99.75,100.0,100.0,100.0,100.0,100.0,100.0,100.0
1730,40323,100.0,63.65289440014437,0.8758416396732805,0,9,8,500,100.0,100.0,100.0,100.0,100.0,100.0,100.0,100.0
1731,43836,99.95,64.49602234607583,0.8893246947199536,2,8,8,500,100.0,100.0,100.0,100.0,100.0,99.58,100.0,100.0
1732,40726,100.0,65.05775552301033,0.958651327174498,0,8,8,500,100.0,100.0,100.0,100.0,100.0,100.0,100.0,100.0
1733,40323,99.42,64.09340707035085,0.8546019574107588,0,9,8,500,100.0,100.0,100.0,100.0,100.0,100.0,100.0,95.34
1734,43836,99.92,64.04986872747898,0.865674972541535,2,8,8,500,100.0,100.0,100.0,99.4,100.0,100.0,100.0,100.0
1735,47208,100.0,64.9217364120932,0.8556356795404578,4,4,8,500,100.0,100.0,100.0,100.0,100.0,100.0,100.0,100.0
1736,43836,98.97,65.63591799762844,0.902168120800686,2,8,8,500,100.0,100.0,100.0,99.79,100.0,93.6,100.0,98.37
1737,40323,99.7,65.13201967096471,0.9275961853047792,0,9,8,500,97.64,100.0,100.0,100.0,100.0,100.0,100.0,100.0
1738,39920,99.96,65.18154592095057,0.9148379120156032,0,10,8,500,100.0,99.65,100.0,100.0,100.0,100.0,100.0,100.0
1739,43836,99.03,62.75328316102067,0.808164361297917,2,8,8,500,100.0,100.0,100.0,100.0,100.0,92.21,100.0,100.0
1740,43433,100.0,64.72344011553274,0.9083265776490408,2,9,8,500,100.0,100.0,100.0,100.0,100.0,100.0,100.0,100.0
1741,41532,98.96,65.3128871567002,0.9891440312514804,0,6,8,500,100.0,100.0,100.0,93.43,100.0,98.22,100.0,100.0
1742,44743,98.76,64.61583148465056,0.9125370466301118,4,9,8,500,100.0,100.0,100.0,95.78,100.0,96.16,100.0,98.18
1743,46855,99.64,64.2780880495039,0.8721482159029428,4,5,8,500,100.0,100.0,97.1,100.0,100.0,100.0,100.0,100.0
1744,44642,99.3,65.21670656719671,0.8688860792166508,2,6,8,500,100.0,100.0,100.0,100.0,94.43,100.0,100.0,100.0
1745,40323,100.0,63.86365189176456,0.8574766907206337,0,9,8,500,100.0,100.0,100.0,100.0,100.0,100.0,100.0,100.0
1746,46200,100.0,64.09227312115338,0.9684852226056492,3,5,8,500,100.0,100.0,100.0,100.0,100.0,100.0,100.0,100.0
1747,42375,99.38,64.86000016126891,0.8972315247987399,1,10,8,500,100.0,100.0,100.0,100.0,100.0,100.0,95.03,100.0
1748,45146,100.0,64.7745986365109,0.904434010018826,4,8,8,500,100.0,100.0,100.0,100.0,100.0,100.0,100.0,100.0
1749,45549,99.98,65.44296060635305,0.9070120312871648,4,7,8,500,100.0,100.0,100.0,100.0,100.0,100.0,99.88,100.0
1750,39517,100.0,63.36572697228759,0.8735554512317182,0,11,8,500,100.0,100.0,100.0,100.0,100.0,100.0,100.0,100.0
1751,43181,99.01,64.5230068347895,0.8279577826595204,1,8,8,500,100.0,100.0,93.76,100.0,98.44,100.0,99.89,100.0
1752,42224,100.0,64.68707911772036,0.9745845483679404,2,12,8,500,100.0,100.0,100.0,100.0,100.0,100.0,99.97,100.0
1753,42375,100.0,65.18931756601862,0.9009237630010906,1,10,8,500,100.0,100.0,100.0,100.0,100.0,100.0,100.0,100.0
1754,42375,99.79,65.16353801612352,0.9181346329669932,1,10,8,500,100.0,100.0,98.41,99.9,100.0,100.0,100.0,100.0
1755,73020,100.0,64.0234222397503,0.8651583389580919,4,0,8,500,100.0,100.0,100.0,100.0,100.0,100.0,100.0,100.0
1756,46855,99.94,64.75137441329804,0.8506878267740128,4,5,8,500,100.0,100.0,100.0,100.0,100.0,100.0,99.55,100.0
1757,43433,100.0,65.26229308471125,0.9175174287165656,2,9,8,500,100.0,100.0,100.0,100.0,100.0,100.0,100.0,100.0
1758,40323,100.0,65.60072296790977,0.9694346400438428,0,9,8,500,100.0,100.0,100.0,100.0,100.0,100.0,100.0,100.0
1759,44088,99.95,63.12287123266951,0.8033052757632821,3,9,8,500,100.0,100.0,100.0,100.0,99.57,100.0,100.0,100.0
1760,48511,100.0,63.944839885285226,0.9657764571920306,4,3,8,500,100.0,100.0,100.0,100.0,100.0,100.0,100.0,100.0
1761,45698,100.0,64.33157130930908,0.898501646998675,2,4,8,500,100.0,100.0,100.0,100.0,100.0,100.0,100.0,100.0
1762,43030,100.0,64.22552879215645,0.8610677424461505,2,10,8,500,100.0,100.0,100.0,100.0,100.0,100.0,100.0,100.0
1763,44239,100.0,64.69402258286541,0.853841862795439,2,7,8,500,100.0,100.0,100.0,100.0,100.0,100.0,100.0,100.0
1764,43836,100.0,64.58879371306556,0.8864778407325391,2,8,8,500,100.0,100.0,100.0,100.0,100.0,100.0,100.0,100.0
1765,54520,99.69,64.8718578227271,0.8569494881320767,7,5,8,500,100.0,100.0,98.68,100.0,98.81,100.0,100.0,100.0
1766,43433,99.97,64.89972843571617,0.9207838389193972,2,9,8,500,99.79,100.0,100.0,100.0,100.0,100.0,100.0,100.0
1767,42224,99.82,64.7461503845792,0.9572438578208872,2,12,8,500,100.0,100.0,100.0,100.0,100.0,100.0,100.0,98.55
1768,40726,99.82,65.29435649183787,0.8471092535969627,0,8,8,500,100.0,100.0,100.0,100.0,100.0,100.0,99.28,99.24
1769,44340,99.91,64.84084214103785,0.931438145879961,4,10,8,500,100.0,100.0,100.0,99.31,100.0,100.0,100.0,100.0
1770,39114,99.29,63.45593534922595,0.9343636131105808,0,12,8,500,97.33,100.0,100.0,100.0,100.0,97.58,99.44,100.0
1771,49013,100.0,65.69033390930984,0.9625515078652698,5,4,8,500,100.0,100.0,100.0,100.0,100.0,100.0,100.0,100.0
1772,42778,100.0,62.37326040841639,0.9596394745265626,1,9,8,500,100.0,100.0,100.0,100.0,100.0,100.0,100.0,100.0
1773,40726,100.0,65.71085744617551,0.9184723755641198,0,8,8,500,100.0,100.0,100.0,100.0,100.0,100.0,100.0,100.0
1774,43534,100.0,64.23262101379942,0.8912467619115041,4,12,8,500,100.0,100.0,100.0,100.0,100.0,100.0,100.0,100.0
1775,46200,99.74,64.21971403223286,0.9153240312538884,3,5,8,500,100.0,100.0,100.0,97.92,100.0,100.0,100.0,100.0
1776,47710,100.0,66.0468336504836,0.9129340810838272,5,5,8,500,100.0,100.0,100.0,100.0,100.0,100.0,100.0,100.0
1777,43181,100.0,66.09679957726337,0.9590761476412684,1,8,8,500,100.0,100.0,100.0,100.0,100.0,100.0,100.0,100.0
1778,42627,100.0,65.72619958111171,0.8814133036304129,2,11,8,500,100.0,100.0,100.0,100.0,100.0,100.0,100.0,100.0
1779,46706,99.97,64.34645012364959,0.8270497390523827,3,3,8,500,100.0,100.0,100.0,100.0,100.0,99.79,100.0,100.0
1780,45851,99.35,66.6967132876808,0.9279282661228196,2,3,8,500,100.0,100.0,100.0,100.0,100.0,100.0,100.0,94.77
1781,47714,99.33,64.90424584701299,0.9206831624999358,7,7,8,500,100.0,100.0,95.28,99.35,100.0,100.0,100.0,100.0
1782,46855,100.0,65.79205950897173,0.9554559237847504,4,5,8,500,100.0,100.0,100.0,100.0,100.0,100.0,100.0,100.0
1783,45545,99.69,64.81425072473193,0.8632866102429105,2,5,8,500,100.0,100.0,100.0,100.0,100.0,100.0,100.0,97.49
1784,41129,98.43,64.02502654796653,0.9886294262758278,0,7,8,500,96.0,93.04,98.42,100.0,100.0,100.0,100.0,100.0
1785,38711,99.64,64.62089013324464,0.9285824978570918,0,13,8,500,100.0,100.0,99.61,100.0,100.0,99.74,97.73,100.0
1786,41129,99.83,64.86196240780791,0.8086037444603748,0,7,8,500,99.49,100.0,100.0,99.15,100.0,100.0,100.0,100.0
1787,54018,100.0,64.71872527848032,0.9951422239109652,6,4,8,500,100.0,100.0,100.0,100.0,100.0,100.0,100.0,100.0
1788,45146,99.6,65.26355820298953,0.8939662854292909,4,8,8,500,100.0,100.0,100.0,96.82,100.0,100.0,100.0,100.0
1789,47208,100.0,65.12798909552761,0.9001475728800028,4,4,8,500,100.0,100.0,100.0,100.0,100.0,100.0,100.0,100.0
1790,44890,99.99,64.10505841235336,0.900656090303865,1,5,8,500,100.0,100.0,100.0,99.92,100.0,100.0,100.0,100.0
1791,45297,100.0,64.55210856079702,0.8228951981489441,3,6,8,500,100.0,100.0,100.0,100.0,100.0,100.0,100.0,100.0
1792,42375,99.18,64.92189254384566,0.9094840090243552,1,10,8,500,100.0,100.0,100.0,93.48,100.0,100.0,100.0,100.0
1793,41532,100.0,64.7048477273774,0.966514838013024,0,6,8,500,100.0,100.0,100.0,100.0,100.0,100.0,100.0,100.0
1794,60517,99.7,65.42234257118693,0.837919105299304,4,1,8,500,100.0,100.0,100.0,100.0,100.0,97.64,100.0,100.0
1795,45545,99.71,63.62977100101304,0.8597811704301147,2,5,8,500,100.0,100.0,100.0,100.0,100.0,97.71,100.0,100.0
1796,41532,99.4,65.80915640754384,0.8330983375174378,0,6,8,500,95.22,100.0,100.0,100.0,100.0,100.0,100.0,100.0
1797,41532,99.44,65.2243639500028,0.8227337214670662,0,6,8,500,100.0,95.55,100.0,100.0,100.0,100.0,100.0,100.0
1798,47208,99.9,64.03758249069503,0.8457546749180551,4,4,8,500,99.18,100.0,100.0,100.0,100.0,100.0,100.0,100.0
1799,49771,100.0,63.84432465312423,0.8670838438307121,9,8,8,500,100.0,100.0,100.0,100.0,100.0,100.0,100.0,100.0
1800,86029,100.0,64.61405335159796,0.885068292550187,7,2,8,500,100.0,100.0,100.0,100.0,100.0,100.0,100.0,100.0
1801,45146,99.57,65.7278458256189,0.9026038682145812,4,8,8,500,99.41,100.0,100.0,97.15,100.0,100.0,100.0,100.0
1802,41129,99.89,63.90602911261902,0.90885953932355,0,7,8,500,100.0,100.0,100.0,100.0,100.0,99.14,100.0,100.0
1803,41532,99.7,64.41119557345768,0.9140210607068971,0,6,8,500,100.0,97.64,100.0,100.0,100.0,100.0,100.0,100.0
1804,48511,99.46,64.21267371671287,0.7969680346495099,4,3,8,500,100.0,95.68,100.0,100.0,100.0,100.0,100.0,100.0
1805,45297,100.0,64.35579084135338,0.9080529959350926,3,6,8,500,100.0,100.0,100.0,100.0,100.0,100.0,100.0,100.0
1806,44491,99.92,63.99231348930293,0.7811096551575479,3,8,8,500,100.0,100.0,100.0,100.0,100.0,100.0,99.32,100.0
1807,40323,100.0,64.0837606461308,0.8327731688320145,0,9,8,500,100.0,100.0,100.0,100.0,100.0,100.0,100.0,100.0
1808,45545,100.0,65.08027920167949,0.8669341328610048,2,5,8,500,100.0,100.0,100.0,100.0,100.0,100.0,100.0,100.0
1809,45297,99.44,64.4557069984078,0.9353083463765836,3,6,8,500,100.0,100.0,95.54,100.0,100.0,100.0,100.0,100.0
1810,39920,100.0,64.28670962423884,0.8882697909066171,0,10,8,500,100.0,100.0,100.0,100.0,100.0,100.0,100.0,100.0
1811,46200,100.0,65.07302940664734,0.8809935263631725,3,5,8,500,100.0,100.0,100.0,100.0,100.0,100.0,100.0,100.0
1812,47507,100.0,63.71529439718503,0.8707113143884679,2,1,8,500,100.0,100.0,100.0,100.0,100.0,100.0,100.0,100.0
1813,39920,100.0,64.8835827010251,0.9068846495794994,0,10,8,500,100.0,100.0,100.0,100.0,100.0,100.0,100.0,100.0
1814,43685,99.52,64.78631455874357,0.8812487344065976,3,10,8,500,100.0,100.0,100.0,100.0,96.17,100.0,100.0,100.0
1815,47208,98.99,66.23491220727918,0.9513086944747609,4,4,8,500,95.33,100.0,100.0,100.0,100.0,100.0,100.0,96.6
1816,43534,100.0,64.76684299484869,0.8222102465679745,4,12,8,500,100.0,100.0,100.0,100.0,100.0,100.0,100.0,100.0
1817,45549,99.19,64.8707570800034,0.7987884331214097,4,7,8,500,100.0,99.9,100.0,93.64,100.0,100.0,100.0,100.0
1818,47462,99.56,65.78505350269491,0.8887361704182143,6,6,8,500,100.0,99.97,96.49,100.0,100.0,100.0,100.0,100.0
1819,43534,99.36,64.97554251394028,0.867667972669281,4,12,8,500,100.0,100.0,100.0,100.0,100.0,100.0,94.91,100.0
1820,61521,100.0,65.30925706760412,0.8755313803060163,6,3,8,500,100.0,100.0,100.0,100.0,100.0,100.0,100.0,100.0
1821,46200,99.43,64.29090819091616,0.8414394517647741,3,5,8,500,96.12,99.33,100.0,100.0,100.0,100.0,100.0,100.0
1822,46053,99.95,64.66272961810526,0.896196379668422,6,9,8,500,100.0,100.0,99.61,100.0,100.0,100.0,100.0,100.0
1823,73028,100.0,66.05105454143907,0.8328982439162131,8,4,8,500,100.0,100.0,100.0,100.0,100.0,100.0,100.0,100.0
1824,45146,99.61,65.8231674044502,0.9215915477484452,4,8,8,500,100.0,100.0,100.0,100.0,100.0,96.86,100.0,100.0
1825,46855,100.0,65.22123303510607,0.9142497395328056,4,5,8,500,100.0,100.0,100.0,100.0,100.0,100.0,100.0,100.0
1826,45952,99.64,64.66062529340051,0.8914234069546744,4,6,8,500,100.0,100.0,98.22,100.0,100.0,98.93,100.0,100.0
1827,49013,99.74,64.9409070749267,0.8909452381610671,5,4,8,500,100.0,97.96,100.0,100.0,100.0,100.0,100.0,100.0
1828,44743,99.6,65.24144347892788,0.9057440581946872,4,9,8,500,96.81,100.0,100.0,100.0,100.0,100.0,100.0,100.0
1829,45146,100.0,65.16779251050448,0.8370237420267842,4,8,8,500,100.0,100.0,100.0,100.0,100.0,100.0,100.0,100.0
1830,44642,98.95,65.16900476764951,0.8953079600026937,2,6,8,500,100.0,100.0,100.0,100.0,100.0,94.15,100.0,97.42
1831,43987,99.88,64.17697612025405,0.8665184128758532,1,6,8,500,100.0,100.0,100.0,99.0,100.0,100.0,100.0,100.0
1832,42778,100.0,65.74854551601575,0.9664627065061628,1,9,8,500,100.0,100.0,100.0,100.0,100.0,100.0,100.0,100.0
1833,48511,99.87,67.17987808527018,0.841674438444147,4,3,8,500,100.0,100.0,100.0,100.0,100.0,99.97,100.0,98.96
1834,41532,100.0,63.92918441947403,0.8420855002776684,0,6,8,500,100.0,100.0,100.0,100.0,100.0,100.0,100.0,100.0
1835,44642,100.0,64.99269736449372,0.9047308823725666,2,6,8,500,100.0,100.0,100.0,100.0,100.0,100.0,100.0,100.0
1836,46353,100.0,64.2164058757698,0.8115397365640998,3,4,8,500,100.0,100.0,100.0,100.0,100.0,100.0,100.0,100.0
1837,43433,99.9,64.83755345873901,0.9195481164725802,2,9,8,500,100.0,100.0,99.23,100.0,100.0,100.0,100.0,100.0
1838,41532,100.0,65.37914474594619,0.8459340625845065,0,6,8,500,100.0,100.0,100.0,100.0,100.0,100.0,100.0,100.0
1839,45398,99.72,65.43949940302332,0.8794951199858383,5,9,8,500,97.73,100.0,100.0,100.0,100.0,100.0,100.0,100.0
1840,49519,99.43,65.39178149405001,0.8569504663040062,8,7,8,500,96.64,100.0,100.0,98.77,100.0,100.0,100.0,100.0
1841,44890,99.55,64.70721845020806,0.9090709754999148,1,5,8,500,100.0,98.71,100.0,100.0,100.0,100.0,97.66,100.0
1842,43987,100.0,64.77887996416395,0.937585828167359,1,6,8,500,100.0,100.0,100.0,100.0,100.0,100.0,100.0,100.0
1843,44642,99.28,65.172256169073,0.957896421605021,2,6,8,500,100.0,100.0,97.3,100.0,100.0,100.0,96.94,100.0
1844,39114,99.83,65.29425681616786,0.8475061782719598,0,12,8,500,100.0,100.0,100.0,98.63,100.0,100.0,100.0,100.0
1845,44642,99.95,65.07034787340352,0.9375298248831102,2,6,8,500,100.0,100.0,100.0,100.0,99.62,100.0,100.0,100.0
1846,54018,100.0,64.71072018897497,0.8005012558463434,6,4,8,500,100.0,100.0,100.0,100.0,100.0,100.0,100.0,100.0
1847,43836,99.54,64.36399355298461,0.9176115597047548,2,8,8,500,100.0,100.0,96.28,100.0,100.0,100.0,100.0,100.0
1848,46859,99.51,65.53307488963993,0.8769580151466726,6,7,8,500,96.06,100.0,100.0,100.0,100.0,100.0,100.0,100.0
1849,43584,99.93,63.22006829566951,0.8678271561165599,1,7,8,500,100.0,99.44,100.0,100.0,100.0,100.0,100.0,100.0
1850,43836,100.0,64.77510358211075,0.799201425128345,2,8,8,500,100.0,100.0,100.0,100.0,100.0,100.0,100.0,100.0
1851,47462,99.44,65.81186918629766,0.9134840375359004,6,6,8,500,100.0,100.0,100.0,99.78,100.0,97.28,100.0,98.5
1852,43030,99.09,64.55786739421791,0.9446162135346274,2,10,8,500,97.12,100.0,100.0,100.0,100.0,95.63,100.0,100.0
1853,49013,98.98,64.5029320477594,0.7964852809816315,5,4,8,500,100.0,100.0,100.0,93.03,100.0,100.0,100.0,98.84
1854,42894,98.25,64.03596134403506,0.9638477657921244,0,2,8,500,100.0,100.0,100.0,100.0,99.72,100.0,95.6,90.65
1855,46200,99.88,63.54840556312956,0.7971477005383323,3,5,8,500,100.0,100.0,100.0,100.0,100.0,99.07,100.0,100.0
1856,44239,100.0,64.94064098924835,0.8684260121149375,2,7,8,500,100.0,100.0,100.0,100.0,100.0,100.0,100.0,100.0
1857,44743,99.77,64.21811051490027,0.816712253085726,4,9,8,500,98.96,100.0,100.0,100.0,100.0,100.0,100.0,99.18
1858,40726,99.62,63.56554878953229,0.8917647314548373,0,8,8,500,100.0,98.75,100.0,98.23,100.0,100.0,100.0,100.0
1859,43282,100.0,64.87915039697755,0.8672527311656562,3,11,8,500,100.0,100.0,100.0,100.0,100.0,100.0,100.0,100.0
1860,43836,99.2,64.5298534972414,0.7668089683250814,2,8,8,500,100.0,100.0,100.0,98.15,100.0,100.0,95.47,100.0
1861,45902,100.0,64.60204208364551,0.8721749242242818,7,11,8,500,100.0,100.0,100.0,100.0,100.0,100.0,100.0,100.0
1862,47208,100.0,64.9840719428507,0.8476213024458606,4,4,8,500,100.0,100.0,100.0,100.0,100.0,100.0,100.0,100.0
1863,46607,99.88,65.2044495191754,0.850644835025872,5,6,8,500,100.0,100.0,99.07,100.0,100.0,100.0,100.0,100.0
1864,45545,100.0,65.28878779336226,0.7912723181641852,2,5,8,500,100.0,100.0,99.98,100.0,100.0,100.0,100.0,100.0
1865,47208,100.0,64.9130564933791,0.8355323603337292,4,4,8,500,100.0,100.0,100.0,100.0,100.0,100.0,100.0,100.0
1866,44890,99.56,64.26964982042365,0.975040965301874,1,5,8,500,100.0,100.0,100.0,100.0,96.63,99.81,100.0,100.0
1867,72526,98.54,64.82975523462838,0.8448395916948787,7,3,8,500,94.93,100.0,100.0,100.0,100.0,94.38,99.03,100.0
1868,43030,98.56,64.91840671922485,0.919293867276485,2,10,8,500,100.0,96.71,99.74,91.99,100.0,100.0,100.0,100.0
1869,62525,99.74,65.14383446855105,0.9017929988597938,8,5,8,500,100.0,100.0,100.0,100.0,97.94,100.0,100.0,100.0
1870,40726,100.0,64.39670687953584,0.9146412449946736,0,8,8,500,100.0,100.0,100.0,100.0,100.0,100.0,100.0,100.0
1871,45146,98.72,64.7789817130007,0.8371443203412148,4,8,8,500,97.15,97.58,100.0,97.2,100.0,100.0,97.86,100.0
1872,42375,100.0,65.24747872762808,0.9139715631645836,1,10,8,500,100.0,100.0,100.0,100.0,100.0,100.0,100.0,100.0
1873,44239,99.43,64.81226467214728,0.8443146722865337,2,7,8,500,100.0,100.0,100.0,100.0,100.0,100.0,100.0,95.42
1874,45549,99.7,65.90616925257564,0.8470925590338756,4,7,8,500,97.63,100.0,100.0,100.0,100.0,100.0,100.0,100.0
1875,37502,99.83,66.47066891679508,0.8477804578509397,0,16,8,500,100.0,100.0,100.0,100.0,100.0,100.0,99.22,99.41
1876,45545,99.72,65.04865657424628,0.892963781465287,2,5,8,500,100.0,100.0,100.0,97.77,100.0,100.0,100.0,100.0
1877,44239,100.0,66.3620433765402,0.9543360640218624,2,7,8,500,100.0,100.0,100.0,100.0,100.0,100.0,100.0,100.0
1878,45952,99.73,65.4130237188003,0.9178874268339215,4,6,8,500,100.0,100.0,100.0,100.0,97.84,100.0,100.0,100.0
1879,43433,99.69,65.07550027340197,0.9179167472535332,2,9,8,500,100.0,100.0,100.0,100.0,100.0,97.5,100.0,100.0
1880,54520,100.0,65.16045531525161,0.862850198418241,7,5,8,500,100.0,100.0,100.0,100.0,100.0,100.0,100.0,100.0
1881,47462,99.97,64.40086768617347,0.8625974549026235,6,6,8,500,100.0,100.0,100.0,100.0,100.0,99.74,100.0,100.0
1882,42894,100.0,65.09875106326943,0.8518621840917633,0,2,8,500,100.0,100.0,100.0,100.0,100.0,100.0,100.0,100.0
1883,43836,100.0,65.16105873216861,0.8774683379746795,2,8,8,500,100.0,100.0,100.0,100.0,100.0,100.0,100.0,100.0
1884,38711,100.0,64.75231697154325,0.85030436519959,0,13,8,500,100.0,100.0,100.0,100.0,100.0,100.0,100.0,100.0
1885,45952,100.0,64.91921631667195,0.903227519728152,4,6,8,500,100.0,100.0,100.0,100.0,100.0,100.0,100.0,100.0
1886,47208,99.78,64.50047783463218,0.8691384520618651,4,4,8,500,100.0,100.0,98.23,100.0,100.0,100.0,100.0,100.0
1887,39920,99.96,64.35730674297366,0.9393639036718886,0,10,8,500,100.0,100.0,100.0,100.0,100.0,100.0,100.0,99.67
1888,42588,99.55,64.10425174152164,0.8499589848918923,0,4,8,500,100.0,100.0,96.42,100.0,100.0,100.0,100.0,100.0
1889,48511,100.0,65.51749342740881,0.8977703242538145,4,3,8,500,100.0,100.0,100.0,100.0,100.0,100.0,100.0,100.0
1890,46456,100.0,65.05302803619918,0.8494469357176748,6,8,8,500,100.0,100.0,100.0,100.0,100.0,100.0,100.0,100.0
1891,46859,98.64,65.02207600540088,0.8717966240389744,6,7,8,500,100.0,100.0,100.0,100.0,91.83,97.28,100.0,100.0
1892,41129,100.0,64.8058370953625,0.8637148187042516,0,7,8,500,100.0,100.0,100.0,100.0,100.0,100.0,100.0,100.0
1893,46855,99.93,65.7429526618523,0.8761205667094849,4,5,8,500,100.0,100.0,99.46,100.0,100.0,100.0,100.0,100.0
1894,45146,99.28,65.53436548746878,0.8311500992623443,4,8,8,500,100.0,95.25,100.0,100.0,100.0,100.0,99.01,100.0
1895,54018,99.87,66.60817981090536,0.8051956313902017,6,4,8,500,100.0,100.0,100.0,100.0,100.0,98.96,100.0,100.0
1896,43836,100.0,63.71688290865265,0.839993666966085,2,8,8,500,100.0,100.0,100.0,100.0,100.0,100.0,100.0,100.0
1897,43433,100.0,65.73865302392375,0.831652388271241,2,9,8,500,100.0,100.0,100.0,100.0,100.0,100.0,100.0,100.0
1898,40726,100.0,65.09008754393028,0.8767636499248296,0,8,8,500,100.0,100.0,100.0,100.0,100.0,100.0,100.0,100.0
1899,46855,99.54,63.78883141105506,0.8234837002389587,4,5,8,500,100.0,100.0,100.0,100.0,100.0,96.32,100.0,100.0
1900,41532,99.72,67.58307140125024,0.9398996323324116,0,6,8,500,100.0,100.0,100.0,100.0,100.0,100.0,100.0,97.72
1901,43836,99.47,65.11319895277921,0.8461275074093675,2,8,8,500,100.0,100.0,100.0,100.0,100.0,95.78,100.0,100.0
1902,42588,99.94,64.04540868485581,0.8855929561897449,0,4,8,500,100.0,100.0,99.48,100.0,100.0,100.0,100.0,100.0
1903,41129,100.0,65.20257437467575,0.8370223202996451,0,7,8,500,100.0,100.0,100.0,100.0,100.0,100.0,100.0,100.0
1904,46855,100.0,65.30701548086606,0.8198736968795426,4,5,8,500,100.0,100.0,100.0,100.0,100.0,100.0,100.0,100.0
1905,44642,99.33,65.02713982209166,0.7874231219629573,2,6,8,500,100.0,94.63,100.0,100.0,100.0,100.0,100.0,100.0
1906,43836,99.78,66.09015977387828,0.7738404053732124,2,8,8,500,100.0,100.0,99.24,100.0,100.0,99.0,100.0,100.0
1907,46053,100.0,66.68306016369206,0.8273487192855966,6,9,8,500,100.0,100.0,100.0,100.0,100.0,100.0,100.0,100.0
1908,45851,99.82,64.50623041350299,0.8105793720089935,2,3,8,500,100.0,100.0,100.0,100.0,100.0,98.57,100.0,100.0
1909,46456,99.52,64.78339291232881,0.8504412087735119,6,8,8,500,100.0,100.0,100.0,100.0,100.0,100.0,100.0,96.14
1910,42476,99.78,64.73785853959792,0.8479679123333783,3,13,8,500,98.22,100.0,100.0,100.0,100.0,100.0,100.0,100.0
1911,46855,98.78,64.76310285902845,0.8242891094858419,4,5,8,500,100.0,100.0,100.0,91.83,100.0,98.44,100.0,100.0
1912,49519,99.8,64.77009696871224,0.7834767564782116,8,7,8,500,100.0,100.0,100.0,100.0,100.0,100.0,100.0,98.41
1913,45297,100.0,64.86258111493626,0.8406593671707033,3,6,8,500,100.0,100.0,100.0,100.0,100.0,100.0,100.0,100.0
1914,42224,100.0,64.55136459644021,0.8635439840297752,2,12,8,500,100.0,100.0,100.0,100.0,100.0,100.0,100.0,100.0
1915,54520,100.0,65.13899264188515,0.7432074146204523,7,5,8,500,100.0,100.0,100.0,100.0,100.0,100.0,100.0,100.0
1916,44239,100.0,65.76467416931813,0.8109529666574712,2,7,8,500,100.0,100.0,100.0,100.0,100.0,100.0,100.0,100.0
1917,48511,100.0,65.45047097356623,0.8653406736843142,4,3,8,500,100.0,100.0,100.0,100.0,100.0,100.0,100.0,100.0
1918,46204,99.0,65.74648056692821,0.8825249533336783,2,2,8,500,100.0,100.0,100.0,96.5,95.5,100.0,100.0,100.0
1919,147040,100.0,63.84849040771867,0.8420909549041236,8,0,8,500,100.0,100.0,100.0,100.0,100.0,100.0,100.0,100.0
1920,44743,98.99,64.5981560399712,0.7591545031303587,4,9,8,500,100.0,96.29,100.0,95.6,100.0,100.0,100.0,100.0
1921,47363,99.99,64.58262709292697,0.96378217816654,8,9,8,500,100.0,100.0,100.0,100.0,100.0,100.0,100.0,99.89
1922,62023,100.0,64.45278733720403,0.8563547681080116,7,4,8,500,100.0,100.0,100.0,100.0,100.0,100.0,100.0,100.0
1923,40323,100.0,64.79188663816277,0.8042367603616616,0,9,8,500,100.0,100.0,100.0,100.0,100.0,100.0,100.0,100.0
1924,62525,99.83,65.6959720813741,0.8747757332518513,8,5,8,500,100.0,98.63,100.0,100.0,100.0,100.0,100.0,100.0
1925,41129,99.36,65.39516425211062,0.8755032739487346,0,7,8,500,100.0,95.97,100.0,98.94,100.0,100.0,100.0,100.0
1926,45146,99.81,64.44748060476651,0.8142459351508475,4,8,8,500,100.0,100.0,100.0,100.0,100.0,99.0,99.49,100.0
1927,86531,100.0,64.6058416149786,0.8374849128944015,8,3,8,500,100.0,100.0,100.0,100.0,100.0,100.0,100.0,100.0
1928,45196,99.98,65.07426479192874,0.7337840459347609,1,3,8,500,100.0,100.0,100.0,100.0,100.0,99.88,100.0,100.0
1929,44340,100.0,65.51908817939326,0.8734430902937557,4,10,8,500,100.0,100.0,100.0,100.0,100.0,100.0,100.0,100.0
1930,54272,100.0,64.63270473850552,0.8564181124557251,8,6,8,500,100.0,100.0,100.0,100.0,100.0,100.0,100.0,100.0
1931,46204,100.0,63.71674518621245,0.9590701689450486,2,2,8,500,100.0,100.0,100.0,100.0,100.0,100.0,100.0,100.0
1932,47462,99.98,65.43081413107375,0.8905225519340721,6,6,8,500,100.0,100.0,99.88,100.0,100.0,100.0,100.0,100.0
1933,45398,99.75,64.98948673733251,0.8567350693322633,5,9,8,500,100.0,100.0,100.0,100.0,100.0,100.0,100.0,97.98
1934,39920,100.0,64.53958441988603,0.8409252937361801,0,10,8,500,100.0,100.0,100.0,100.0,100.0,100.0,100.0,100.0
1935,46706,99.72,64.81601973582102,0.7126234954140037,3,3,8,500,100.0,100.0,100.0,97.73,100.0,100.0,100.0,100.0
1936,45196,100.0,64.34305136527522,0.8428109249108177,1,3,8,500,100.0,100.0,100.0,100.0,100.0,100.0,100.0,100.0
1937,45952,100.0,64.91668740425389,0.8100295129908159,4,6,8,500,100.0,100.0,100.0,100.0,100.0,100.0,100.0,100.0
1938,46607,99.95,64.1546699329115,0.929077143853652,5,6,8,500,100.0,100.0,100.0,100.0,99.61,100.0,100.0,100.0
1939,45146,99.84,64.56294652774908,0.8853232914330262,4,8,8,500,99.19,100.0,100.0,100.0,100.0,99.5,100.0,100.0
1940,41129,99.73,64.81644245293201,0.8831420890246203,0,7,8,500,100.0,100.0,97.82,100.0,100.0,100.0,100.0,100.0
1941,46200,100.0,63.62830186783121,0.9081918317300008,3,5,8,500,100.0,100.0,100.0,100.0,100.0,100.0,100.0,100.0
1942,45952,99.83,64.7814349372919,0.7489790910840692,4,6,8,500,100.0,100.0,100.0,100.0,100.0,100.0,100.0,98.66
1943,85527,99.83,64.79054756618669,0.8906004862217842,6,1,8,500,100.0,100.0,100.0,100.0,98.67,100.0,100.0,100.0
1944,47208,100.0,64.3033214898863,0.8103955281739765,4,4,8,500,100.0,100.0,100.0,100.0,100.0,100.0,100.0,100.0
1945,44642,100.0,64.86396200343532,0.7956255545384385,2,6,8,500,100.0,100.0,100.0,100.0,100.0,100.0,100.0,100.0
1946,41129,98.67,64.31895126706736,0.8618510883681966,0,7,8,500,93.85,100.0,100.0,100.0,100.0,100.0,100.0,95.5
1947,61019,99.72,66.01006296418198,0.8563186644422235,5,2,8,500,97.75,100.0,100.0,100.0,100.0,100.0,100.0,100.0
1948,42588,100.0,65.22071186166588,0.8736426668754409,0,4,8,500,100.0,100.0,100.0,100.0,100.0,100.0,100.0,100.0
1949,42778,99.35,64.28052943767199,0.8121661096369585,1,9,8,500,100.0,95.71,99.16,100.0,99.93,100.0,100.0,100.0
1950,46204,100.0,65.66653777511141,0.8403457574349521,2,2,8,500,100.0,100.0,100.0,100.0,100.0,100.0,100.0,100.0
1951,54524,100.0,64.93094513035298,0.9063107974249852,9,7,8,500,100.0,100.0,100.0,100.0,100.0,100.0,100.0,100.0
1952,44642,99.38,64.44003706324462,0.7895398035382012,2,6,8,500,100.0,100.0,100.0,100.0,100.0,100.0,100.0,95.0
1953,46607,99.69,64.51251025929523,0.8395309104340938,5,6,8,500,100.0,100.0,100.0,100.0,100.0,100.0,97.54,100.0
1954,47208,99.23,64.88496922231522,0.908345592493641,4,4,8,500,100.0,100.0,100.0,100.0,93.83,100.0,100.0,100.0
1955,46456,99.86,64.51574394729676,0.8665385140017846,6,8,8,500,100.0,100.0,98.86,100.0,100.0,100.0,100.0,100.0
1956,44642,99.93,64.46724797857765,0.8400642573695812,2,6,8,500,100.0,100.0,100.0,99.41,100.0,100.0,100.0,100.0
1957,44642,100.0,65.2752580961322,0.8387309467202988,2,6,8,500,100.0,100.0,100.0,100.0,100.0,100.0,100.0,100.0
1958,44894,99.96,64.45604102609414,0.8765223384624199,3,7,8,500,100.0,100.0,99.72,100.0,100.0,100.0,100.0,100.0
1959,87033,100.0,66.14221502489396,0.8432090024880607,9,4,8,500,100.0,100.0,100.0,100.0,100.0,100.0,100.0,100.0
1960,45398,100.0,64.8942553174673,0.8498845063694277,5,9,8,500,100.0,100.0,100.0,100.0,100.0,100.0,100.0,100.0
1961,46053,99.32,65.08408869506854,0.8435028757543905,6,9,8,500,94.56,100.0,100.0,100.0,100.0,100.0,100.0,100.0
1962,62525,100.0,64.71752504232624,0.8342932214360856,8,5,8,500,100.0,100.0,100.0,100.0,100.0,100.0,100.0,100.0
1963,45146,99.62,64.583950518528,0.8151697872593591,4,8,8,500,100.0,100.0,100.0,100.0,96.94,100.0,100.0,100.0
1964,61521,98.42,65.4809609110131,0.9862961395492011,6,3,8,500,100.0,91.06,100.0,96.33,100.0,100.0,100.0,100.0
1965,86029,100.0,65.34582907182858,0.8386679118195689,7,2,8,500,100.0,100.0,100.0,100.0,100.0,100.0,100.0,100.0
1966,44340,100.0,65.51281750155121,0.9137107416119552,4,10,8,500,100.0,100.0,100.0,100.0,100.0,100.0,100.0,100.0
1967,44890,100.0,64.8497711771615,0.9444960268228704,1,5,8,500,100.0,100.0,100.0,100.0,100.0,100.0,100.0,100.0
1968,61521,99.81,64.3758123365517,0.8373077889409988,6,3,8,500,98.49,100.0,100.0,100.0,100.0,100.0,100.0,100.0
1969,85527,100.0,65.26124598004706,0.821077043645528,6,1,8,500,100.0,100.0,100.0,100.0,100.0,100.0,100.0,100.0
1970,46353,99.41,63.18112731767815,0.8511940148840226,3,4,8,500,100.0,100.0,97.5,97.77,100.0,100.0,100.0,100.0
1971,41532,99.8,64.4052764078007,0.8255963500818498,0,6,8,500,100.0,99.52,98.86,100.0,100.0,100.0,100.0,100.0
1972,41972,100.0,65.08666694779996,0.8727657889192185,1,11,8,500,100.0,100.0,100.0,100.0,100.0,100.0,100.0,100.0
1973,44642,100.0,65.01926773260132,0.7673011196335475,2,6,8,500,100.0,100.0,100.0,100.0,100.0,100.0,100.0,100.0
1974,44743,99.67,65.85525412901895,0.8231827024387286,4,9,8,500,97.33,100.0,100.0,100.0,100.0,100.0,100.0,100.0
1975,73028,99.95,64.035904600916,0.8931593351067518,8,4,8,500,100.0,100.0,100.0,100.0,100.0,99.58,100.0,100.0
1976,47208,100.0,64.69768717209782,0.8781224556876224,4,4,8,500,100.0,100.0,100.0,100.0,100.0,100.0,100.0,100.0
1977,104038,100.0,64.92712473369822,0.8856921303731128,10,4,8,500,100.0,100.0,100.0,100.0,100.0,100.0,100.0,100.0
1978,47507,99.97,64.60546284806388,0.8117617286843658,2,1,8,500,100.0,100.0,100.0,100.0,100.0,100.0,100.0,99.75
1979,62525,99.87,65.42995227638289,0.917656047415954,8,5,8,500,99.9,100.0,100.0,100.0,99.05,100.0,100.0,100.0
1980,37905,100.0,66.05562698982872,0.8984890256493593,0,15,8,500,100.0,100.0,100.0,100.0,100.0,100.0,100.0,100.0
1981,43433,100.0,65.44162792131071,0.8938459224815465,2,9,8,500,100.0,100.0,100.0,100.0,100.0,100.0,100.0,100.0
1982,46053,100.0,64.66767045451162,0.9065870947983108,6,9,8,500,100.0,100.0,100.0,100.0,100.0,100.0,100.0,100.0
1983,44743,99.03,64.75948605456334,0.8831828155130221,4,9,8,500,97.18,96.51,100.0,100.0,100.0,100.0,98.57,100.0
1984,61521,99.69,63.988007028103645,0.9220730511218144,6,3,8,500,100.0,98.31,100.0,100.0,100.0,100.0,99.19,100.0
1985,48009,99.88,64.57742659360588,0.8931470879526735,3,2,8,500,100.0,100.0,100.0,100.0,100.0,99.06,100.0,100.0
1986,42588,99.29,66.65480841094865,0.9085261433381092,0,4,8,500,100.0,100.0,100.0,100.0,100.0,99.06,95.29,100.0
1987,86029,100.0,64.90629253918786,0.7988784733849794,7,2,8,500,100.0,100.0,100.0,100.0,100.0,100.0,100.0,100.0
1988,49515,100.0,64.90172399794575,0.8732641502826547,6,5,8,500,100.0,100.0,100.0,100.0,100.0,100.0,100.0,100.0
1989,45952,99.42,64.65375633900183,0.8041679741527867,4,6,8,500,96.56,100.0,100.0,100.0,100.0,98.83,100.0,100.0
1990,150000,100.0,64.87616453095616,0.9373893582257636,12,3,8,500,100.0,100.0,100.0,100.0,100.0,100.0,100.0,100.0
1991,45146,99.88,65.0529808713409,0.8151256414013464,4,8,8,500,100.0,100.0,100.0,99.02,100.0,100.0,100.0,100.0
1992,43433,100.0,65.28595665698973,0.8744452909951801,2,9,8,500,100.0,100.0,100.0,100.0,100.0,100.0,100.0,100.0
1993,44491,99.04,66.29510028504437,0.762166801867238,3,8,8,500,100.0,95.85,100.0,100.0,100.0,99.59,100.0,96.86
1994,41532,95.45,64.45065604616725,0.8654315522013087,0,6,8,500,100.0,93.35,95.65,100.0,100.0,100.0,91.43,83.14
1995,54018,99.13,64.8559186527928,0.8692338557469688,6,4,8,500,100.0,100.0,98.36,100.0,100.0,100.0,97.49,97.19
1996,44894,100.0,64.39237036441902,0.8444319970620475,3,7,8,500,100.0,100.0,100.0,100.0,100.0,100.0,100.0,100.0
1997,54272,99.48,64.83678073039684,0.8668220626971416,8,6,8,500,100.0,100.0,100.0,95.86,100.0,100.0,100.0,100.0
1998,44239,99.75,64.51731241467178,0.7450826968501766,2,7,8,500,100.0,100.0,100.0,100.0,98.03,100.0,100.0,100.0
1999,46353,100.0,65.26425553233827,0.8671828729147575,3,4,8,500,100.0,100.0,100.0,100.0,100.0,100.0,100.0,100.0
2000,44491,100.0,65.16908886521266,0.816957217908614,3,8,8,500,100.0,100.0,100.0,100.0,100.0,100.0,100.0,100.0
2001,86531,99.29,64.35528414765656,0.8313157811589124,8,3,8,500,100.0,100.0,94.29,100.0,100.0,100.0,100.0,100.0
2002,46200,99.92,65.6658076725862,0.7974512445153751,3,5,8,500,99.36,100.0,100.0,100.0,100.0,100.0,100.0,100.0
2003,86531,99.26,65.54106097389658,0.8626584092041167,8,3,8,500,94.07,100.0,100.0,100.0,100.0,100.0,100.0,100.0
2004,53516,100.0,65.75540908281113,0.8721698162467446,5,3,8,500,100.0,100.0,100.0,100.0,100.0,100.0,100.0,100.0
2005,46200,99.68,64.57146787604076,0.8156456787029761,3,5,8,500,98.83,98.62,100.0,100.0,100.0,100.0,100.0,100.0
2006,45545,98.9,65.23690279952974,0.7913833500277453,2,5,8,500,100.0,100.0,100.0,100.0,100.0,94.81,100.0,96.42
2007,71522,99.78,63.942812303424525,0.8554422928371177,5,1,8,500,100.0,98.23,100.0,100.0,100.0,100.0,100.0,100.0
2008,73020,99.82,64.85042731190944,0.9214770943184052,4,0,8,500,100.0,100.0,100.0,99.4,100.0,100.0,100.0,99.19
2009,44995,99.35,65.18008028367966,0.7676075565673808,5,10,8,500,100.0,96.67,98.12,100.0,100.0,100.0,100.0,100.0
2010,49013,99.99,64.51710770647041,0.7291596012254066,5,4,8,500,99.92,100.0,100.0,100.0,100.0,100.0,100.0,100.0
2011,46855,99.69,63.91506757985924,0.854801365098109,4,5,8,500,100.0,97.55,100.0,100.0,100.0,100.0,100.0,100.0
2012,49519,100.0,65.21584900007247,0.7989312026525753,8,7,8,500,100.0,100.0,100.0,100.0,100.0,100.0,100.0,100.0
2013,45801,100.0,65.28776209030293,0.8453440408497761,5,8,8,500,100.0,100.0,100.0,100.0,100.0,100.0,100.0,100.0
2014,61521,99.96,65.05369356023898,0.7678455729511274,6,3,8,500,100.0,100.0,99.7,100.0,100.0,100.0,100.0,100.0
2015,43181,100.0,64.4710681133993,0.8438300153084003,1,8,8,500,100.0,100.0,100.0,100.0,100.0,100.0,100.0,100.0
2016,47208,99.65,65.30118580508262,0.8502048437816284,4,4,8,500,100.0,100.0,100.0,100.0,100.0,100.0,97.2,100.0
2017,54776,99.76,63.924624564797526,0.7969718258971114,10,8,8,500,100.0,100.0,100.0,100.0,100.0,100.0,98.05,100.0
2018,47208,100.0,64.45615290100996,0.844281719003234,4,4,8,500,100.0,100.0,100.0,100.0,100.0,100.0,100.0,100.0
2019,45952,99.83,66.25602502187036,0.8547574131347679,4,6,8,500,100.0,98.62,100.0,100.0,100.0,100.0,100.0,100.0
2020,87535,99.79,66.16616175810175,0.8040651077664278,10,5,8,500,100.0,100.0,100.0,100.0,99.67,100.0,100.0,98.62
2021,45549,99.97,64.80586199547177,0.8517247594615169,4,7,8,500,100.0,100.0,100.0,100.0,100.0,99.78,100.0,100.0
2022,45297,99.9,63.82717324102281,0.8241412628059971,3,6,8,500,100.0,100.0,99.22,100.0,100.0,100.0,100.0,100.0
2023,53014,100.0,64.77691412936647,0.822742293989554,4,2,8,500,100.0,100.0,100.0,100.0,100.0,100.0,100.0,100.0
2024,45952,99.66,65.80204621948994,0.9436616015846774,4,6,8,500,100.0,100.0,100.0,100.0,100.0,97.24,100.0,100.0
2025,54520,99.77,66.07582710960833,0.7824853160555822,7,5,8,500,100.0,100.0,100.0,100.0,100.0,98.15,100.0,100.0
2026,53014,99.57,65.06068682693585,0.8686019348785344,4,2,8,500,100.0,96.56,100.0,100.0,100.0,100.0,100.0,100.0
2027,45545,100.0,65.80371457246682,0.826711954725149,2,5,8,500,100.0,100.0,100.0,100.0,100.0,100.0,100.0,100.0
2028,45549,100.0,65.28811548614247,0.781537509137232,4,7,8,500,100.0,100.0,100.0,100.0,100.0,100.0,100.0,100.0
2029,39920,99.94,64.22232392186582,0.8176379318883102,0,10,8,500,100.0,100.0,100.0,100.0,100.0,100.0,100.0,99.48
2030,45952,99.8,64.94374536874845,0.7786752788247474,4,6,8,500,100.0,100.0,100.0,98.38,100.0,100.0,100.0,100.0
2031,61521,99.57,65.14923189238932,0.9060218950801588,6,3,8,500,100.0,99.67,100.0,100.0,96.9,100.0,100.0,100.0
2032,62023,100.0,66.6024342409156,0.8464070564234997,7,4,8,500,100.0,100.0,100.0,100.0,100.0,100.0,100.0,100.0
2033,41532,100.0,64.91302215258301,0.8184866791913907,0,6,8,500,100.0,100.0,100.0,100.0,100.0,100.0,100.0,100.0
2034,49013,100.0,63.40192316795382,0.8478813856146521,5,4,8,500,100.0,100.0,100.0,100.0,100.0,100.0,100.0,100.0
2035,53014,99.89,63.81830309652918,0.8102021332009562,4,2,8,500,100.0,100.0,100.0,100.0,100.0,99.14,100.0,100.0
2036,86531,99.45,64.60947443454633,0.8876005218070517,8,3,8,500,100.0,100.0,100.0,100.0,100.0,100.0,95.62,100.0
2037,43836,100.0,65.29674077679866,0.9373493034040212,2,8,8,500,100.0,100.0,100.0,100.0,100.0,100.0,100.0,100.0
2038,45698,98.98,65.83815913910016,0.8846360639822982,2,4,8,500,92.42,99.92,100.0,100.0,99.48,100.0,100.0,100.0
2039,44239,100.0,65.33509947085533,0.919711908437527,2,7,8,500,100.0,100.0,100.0,100.0,100.0,100.0,100.0,100.0
2040,44894,99.98,66.05365208593355,0.8553934589257475,3,7,8,500,100.0,100.0,100.0,100.0,100.0,99.88,100.0,100.0
2041,47462,100.0,64.31463575979873,0.914170907904898,6,6,8,500,100.0,100.0,100.0,100.0,100.0,100.0,100.0,100.0
2042,44743,99.7,65.82049612562513,0.7843362190021766,4,9,8,500,100.0,100.0,100.0,97.59,100.0,100.0,100.0,100.0
2043,44340,99.69,64.86766703496377,0.7885121269628653,4,10,8,500,100.0,100.0,100.0,100.0,100.0,97.5,100.0,100.0
2044,72526,100.0,64.92203169735258,0.7867418453609171,7,3,8,500,100.0,100.0,100.0,100.0,100.0,100.0,100.0,100.0
2045,46859,99.98,65.52304869357748,0.7403137034038298,6,7,8,500,100.0,99.85,100.0,100.0,100.0,100.0,100.0,100.0
2046,54018,99.85,64.52225139044141,0.7370807680507655,6,4,8,500,100.0,98.79,100.0,100.0,100.0,100.0,100.0,100.0
2047,104030,99.99,66.49473337212167,0.8707917563207633,6,0,8,500,100.0,100.0,100.0,100.0,99.93,100.0,99.96,100.0
2048,44239,100.0,66.03967282746544,0.8479983932604028,2,7,8,500,100.0,100.0,100.0,100.0,100.0,100.0,100.0,100.0
2049,54018,99.65,64.24798930061937,0.8504332460038426,6,4,8,500,100.0,100.0,97.2,100.0,100.0,100.0,100.0,100.0
2050,48511,100.0,63.94032096509304,0.7943451818380004,4,3,8,500,100.0,100.0,100.0,100.0,100.0,100.0,100.0,100.0
2051,45952,100.0,64.75386683267075,0.7778269089097353,4,6,8,500,100.0,100.0,100.0,100.0,100.0,100.0,100.0,100.0
2052,122537,99.87,64.07218098132931,0.8020469295481849,8,1,8,500,100.0,100.0,100.0,100.0,100.0,100.0,98.93,100.0
2053,47208,99.67,64.79698431137857,0.8908396337696203,4,4,8,500,100.0,100.0,97.38,100.0,100.0,100.0,100.0,100.0
2054,45549,100.0,64.21377561992745,0.8803052543877905,4,7,8,500,100.0,100.0,100.0,100.0,100.0,100.0,100.0,100.0
2055,46855,100.0,64.80036136144686,0.8554779865539,4,5,8,500,100.0,100.0,100.0,100.0,100.0,100.0,100.0,100.0
2056,45801,100.0,65.61363317910615,0.8306445554692774,5,8,8,500,100.0,100.0,100.0,100.0,100.0,100.0,100.0,100.0
2057,42894,100.0,65.16361764483536,0.8250732740598727,0,2,8,500,100.0,100.0,100.0,100.0,100.0,100.0,100.0,100.0
2058,46859,99.92,64.51258494363968,0.8115258760823809,6,7,8,500,100.0,100.0,100.0,100.0,100.0,100.0,100.0,99.38
2059,54018,100.0,65.40342273378977,0.8877707885074287,6,4,8,500,100.0,100.0,100.0,100.0,100.0,100.0,100.0,100.0
2060,46053,99.01,66.15878324067414,0.866040495220894,6,9,8,500,99.36,100.0,99.74,96.23,100.0,96.75,100.0,100.0
2061,46456,100.0,64.84889042745702,0.7703101841524838,6,8,8,500,100.0,100.0,100.0,100.0,100.0,100.0,100.0,100.0
2062,60517,100.0,65.19688745827877,0.8527896003739174,4,1,8,500,100.0,100.0,100.0,100.0,100.0,100.0,100.0,100.0
2063,53014,99.06,65.01936030864627,0.8449112893881938,4,2,8,500,100.0,100.0,100.0,98.74,97.66,96.11,100.0,100.0
2064,45146,100.0,64.5897676948216,0.8396224628057178,4,8,8,500,100.0,100.0,100.0,100.0,100.0,100.0,100.0,100.0
2065,45801,100.0,67.54714563986255,0.8536992682503644,5,8,8,500,100.0,100.0,100.0,100.0,100.0,100.0,100.0,100.0
2066,46200,99.81,65.76730615317712,0.7844865328824452,3,5,8,500,98.45,100.0,100.0,100.0,100.0,100.0,100.0,100.0
2067,48511,99.82,65.33260613750579,0.8858020714868208,4,3,8,500,100.0,100.0,99.12,100.0,100.0,100.0,99.45,100.0
2068,104038,99.49,65.4250161282303,0.8178831075913163,10,4,8,500,95.94,100.0,100.0,100.0,100.0,100.0,100.0,100.0
2069,45549,100.0,63.598794250330606,0.8272978130769368,4,7,8,500,100.0,100.0,100.0,100.0,100.0,100.0,100.0,100.0
2070,49515,99.82,63.83480330440156,0.8971444178861628,6,5,8,500,98.58,100.0,100.0,100.0,100.0,100.0,100.0,100.0
2071,49519,98.91,65.07999332482093,0.8459456475234595,8,7,8,500,95.65,100.0,100.0,96.45,100.0,99.15,100.0,100.0
2072,47208,100.0,64.50587139837165,0.8268089814960558,4,4,8,500,100.0,100.0,100.0,100.0,100.0,100.0,100.0,100.0
2073,87033,99.76,65.47719519917281,0.859435257315698,9,4,8,500,100.0,100.0,99.68,98.4,100.0,100.0,100.0,100.0
2074,46353,99.77,65.34727832365998,0.8080335870801512,3,4,8,500,100.0,100.0,98.64,100.0,100.0,100.0,99.53,100.0
2075,46855,99.24,65.60784748056163,0.8030212915956382,4,5,8,500,94.15,100.0,100.0,100.0,100.0,100.0,99.75,100.0
2076,46859,99.82,64.94067340137877,0.7438196901327818,6,7,8,500,98.58,100.0,100.0,100.0,100.0,100.0,100.0,100.0
2077,73028,100.0,66.10239731721018,0.9273885626263054,8,4,8,500,100.0,100.0,100.0,100.0,100.0,100.0,100.0,100.0
2078,46456,97.81,66.27676159862794,0.8897825248227973,6,8,8,500,100.0,94.17,100.0,98.93,100.0,92.91,100.0,96.45
2079,62023,99.76,65.86645387447571,0.8722504781887822,7,4,8,500,100.0,100.0,100.0,100.0,98.05,100.0,100.0,100.0
2080,47208,99.2,64.45876240274929,0.8826489687586494,4,4,8,500,100.0,96.17,100.0,100.0,97.44,100.0,100.0,100.0
2081,87033,99.5,65.06555882601549,0.8016427929680112,9,4,8,500,100.0,100.0,100.0,100.0,96.02,100.0,100.0,100.0
2082,41129,100.0,64.54013080864844,0.8469952263146882,0,7,8,500,100.0,100.0,100.0,100.0,100.0,100.0,100.0,100.0
2083,44239,100.0,63.969739802349295,0.8633144343026501,2,7,8,500,100.0,100.0,100.0,100.0,100.0,100.0,100.0,100.0
2084,104038,100.0,64.78135393727176,0.8904009850548753,10,4,8,500,100.0,100.0,100.0,100.0,100.0,100.0,100.0,100.0
2085,46855,100.0,63.04957861912229,0.7969690351128618,4,5,8,500,100.0,100.0,100.0,100.0,100.0,100.0,100.0,100.0
2086,54018,99.22,64.77649544879453,0.7833940303800823,6,4,8,500,100.0,100.0,94.85,100.0,100.0,98.89,100.0,100.0
2087,48511,99.73,63.96612735101318,0.8402471656510427,4,3,8,500,100.0,100.0,100.0,100.0,100.0,97.85,100.0,100.0
2088,86531,100.0,63.78758709717525,0.894829200674926,8,3,8,500,100.0,100.0,100.0,100.0,100.0,100.0,100.0,100.0
2089,53014,100.0,65.25879493906797,0.8146468624568886,4,2,8,500,100.0,100.0,100.0,100.0,100.0,100.0,100.0,100.0
2090,45545,100.0,63.26011521430458,0.8383237055724624,2,5,8,500,100.0,100.0,100.0,100.0,100.0,100.0,100.0,100.0
2091,53014,100.0,64.89560813205814,0.8664611209478376,4,2,8,500,100.0,100.0,100.0,100.0,100.0,100.0,100.0,100.0
2092,104030,99.84,64.45440512068141,0.7637401249471726,6,0,8,500,100.0,100.0,100.0,100.0,100.0,100.0,100.0,98.74
2093,46607,99.67,66.33578260260715,0.8789569018406717,5,6,8,500,100.0,100.0,100.0,100.0,100.0,100.0,97.38,100.0
2094,61521,99.83,64.48349304519823,0.8955707162495488,6,3,8,500,100.0,100.0,100.0,100.0,100.0,100.0,98.62,100.0
2095,47208,99.81,64.44415713076376,0.7943197361354317,4,4,8,500,100.0,100.0,98.46,100.0,100.0,100.0,100.0,100.0
2096,45146,98.57,65.91832829438029,0.8533885959106899,4,8,8,500,100.0,100.0,100.0,92.64,100.0,100.0,95.94,100.0
2097,62525,100.0,64.84262631532529,0.850722900706952,8,5,8,500,100.0,100.0,100.0,100.0,100.0,100.0,100.0,100.0
2098,47710,99.75,64.5672083142495,0.9044411687792364,5,5,8,500,100.0,100.0,100.0,100.0,100.0,100.0,98.03,100.0
2099,61521,100.0,64.31845159611254,0.8002729771403133,6,3,8,500,100.0,100.0,100.0,100.0,100.0,100.0,100.0,100.0
2100,46855,100.0,64.75932383086108,0.8714470586035987,4,5,8,500,100.0,100.0,100.0,100.0,100.0,100.0,100.0,100.0
2101,46204,100.0,63.915311205653936,0.8225108455851284,2,2,8,500,100.0,100.0,100.0,100.0,100.0,100.0,100.0,100.0
2102,46859,99.49,65.69975678167077,0.8858870272400423,6,7,8,500,100.0,95.9,100.0,100.0,100.0,100.0,100.0,100.0
2103,49515,100.0,64.74162336015837,0.8788843125715055,6,5,8,500,100.0,100.0,100.0,100.0,100.0,100.0,100.0,100.0
2104,45545,100.0,65.00204381515134,0.8277427646691718,2,5,8,500,100.0,100.0,100.0,100.0,100.0,100.0,100.0,100.0
2105,45851,100.0,63.30074258644513,0.9170699449346263,2,3,8,500,100.0,100.0,100.0,100.0,100.0,100.0,100.0,100.0
2106,45698,100.0,64.76294295557496,0.8596381454274555,2,4,8,500,100.0,100.0,100.0,100.0,100.0,100.0,100.0,100.0
2107,104544,99.9,65.21499669675552,0.7931337788434644,13,7,8,500,100.0,100.0,99.18,100.0,100.0,100.0,100.0,100.0
2108,49515,99.92,65.04584463356733,0.8685074685622622,6,5,8,500,100.0,100.0,100.0,100.0,100.0,100.0,100.0,99.33
2109,49515,100.0,65.15053610243827,0.897080461534645,6,5,8,500,100.0,100.0,100.0,100.0,100.0,100.0,100.0,100.0
2110,52512,100.0,65.50776552933483,0.8043311530502583,3,1,8,500,100.0,100.0,100.0,100.0,100.0,100.0,100.0,100.0
2111,62525,100.0,64.25697414940649,0.8782771141996252,8,5,8,500,100.0,100.0,100.0,100.0,100.0,100.0,100.0,100.0
2112,44642,99.54,64.52392068332338,0.8079908840323822,2,6,8,500,100.0,96.33,100.0,100.0,100.0,100.0,100.0,100.0
2113,48511,99.14,65.18711026343446,0.8589813086584548,4,3,8,500,100.0,96.77,100.0,100.0,100.0,96.33,100.0,100.0
2114,44642,100.0,63.57286857252938,0.8185923371384503,2,6,8,500,100.0,100.0,100.0,100.0,100.0,100.0,100.0,100.0
2115,45549,99.89,65.16173019864284,0.7898426022686023,4,7,8,500,100.0,100.0,100.0,100.0,99.15,100.0,100.0,100.0
2116,103034,100.0,64.7509573858658,0.833219886472358,8,2,8,500,100.0,100.0,100.0,100.0,100.0,100.0,100.0,100.0
2117,41532,100.0,65.22924889667473,0.7902739693821575,0,6,8,500,100.0,100.0,100.0,100.0,100.0,100.0,100.0,100.0
2118,104030,100.0,66.05819843324855,0.8486162794653167,6,0,8,500,100.0,100.0,100.0,100.0,100.0,100.0,100.0,100.0
2119,54272,100.0,64.27305577397703,0.817710431514092,8,6,8,500,100.0,100.0,100.0,100.0,100.0,100.0,100.0,100.0
2120,46855,99.72,64.50774951404688,0.8174796647841284,4,5,8,500,100.0,100.0,100.0,100.0,100.0,100.0,97.75,100.0
2121,146044,100.0,63.719408227021205,0.9608852750635064,10,2,8,500,100.0,100.0,100.0,100.0,100.0,100.0,100.0,100.0
2122,48511,99.43,64.48979392355012,0.7932737832181725,4,3,8,500,100.0,100.0,95.45,100.0,100.0,100.0,100.0,100.0
2123,47714,99.83,64.533069251673,0.8558855587367016,7,7,8,500,100.0,100.0,100.0,98.66,100.0,100.0,100.0,100.0
2124,54018,100.0,64.43670696314464,0.786228471229443,6,4,8,500,100.0,100.0,100.0,100.0,100.0,100.0,100.0,100.0
2125,72024,99.86,64.63428925084601,0.8098483681407073,6,2,8,500,100.0,100.0,100.0,98.84,100.0,100.0,100.0,100.0
2126,47208,100.0,65.4479226953502,0.8764979216968612,4,4,8,500,100.0,100.0,100.0,100.0,100.0,100.0,100.0,100.0
2127,46859,100.0,64.86489471283473,0.949611378723318,6,7,8,500,100.0,100.0,100.0,100.0,100.0,100.0,100.0,100.0
2128,46353,100.0,64.8227406495744,0.8156758940835838,3,4,8,500,100.0,100.0,100.0,100.0,100.0,100.0,100.0,100.0
2129,62525,99.77,65.11055886318283,0.8111776518398316,8,5,8,500,100.0,98.15,100.0,100.0,100.0,100.0,100.0,100.0
2130,46204,99.57,64.75970499830254,0.8197126261179263,2,2,8,500,100.0,100.0,96.58,100.0,100.0,100.0,100.0,100.0
2131,47966,100.0,65.15941076123792,0.826078311202287,8,8,8,500,100.0,100.0,100.0,100.0,100.0,100.0,100.0,100.0
2132,47966,100.0,64.86036718252355,0.7718585612391877,8,8,8,500,100.0,100.0,100.0,100.0,100.0,100.0,100.0,100.0
2133,86531,100.0,64.09847092588466,0.802416429491186,8,3,8,500,100.0,100.0,100.0,100.0,100.0,100.0,100.0,100.0
2134,54018,99.66,65.57646316367635,0.7929747631956201,6,4,8,500,100.0,98.66,100.0,100.0,98.6,100.0,100.0,100.0
2135,46200,100.0,65.1952076431048,0.7655076511469238,3,5,8,500,100.0,100.0,100.0,100.0,100.0,100.0,100.0,100.0
2136,46204,96.49,63.20658317442923,0.859969404835849,5,7,8,500,95.38,100.0,100.0,93.86,94.0,98.38,95.47,94.8
2137,150000,99.52,65.57285766215064,0.8498842332917688,12,3,8,500,100.0,100.0,96.12,100.0,100.0,100.0,100.0,100.0
2138,54018,99.5,65.98261777954141,0.9450155472263766,6,4,8,500,100.0,100.0,96.04,100.0,100.0,100.0,100.0,100.0
2139,44642,99.87,64.84503114670878,0.833460982950705,2,6,8,500,98.97,100.0,100.0,100.0,100.0,100.0,100.0,100.0
2140,46204,99.84,66.35407423975775,0.7734542105552067,5,7,8,500,100.0,100.0,98.72,100.0,100.0,100.0,100.0,100.0
2141,61521,100.0,65.10249525654162,0.888441738400292,6,3,8,500,100.0,100.0,100.0,100.0,100.0,100.0,100.0,100.0
2142,86029,99.88,65.38014854565756,0.7849107898535305,7,2,8,500,100.0,100.0,100.0,100.0,100.0,100.0,100.0,99.0
2143,123039,100.0,64.81634397706978,0.9174348193464156,9,2,8,500,100.0,100.0,100.0,100.0,100.0,100.0,100.0,100.0
2144,45952,99.55,65.94000577165488,0.7821392093011615,4,6,8,500,97.98,100.0,100.0,100.0,100.0,100.0,100.0,98.4
2145,43030,99.25,65.21725927652756,0.871457641729245,2,10,8,500,100.0,97.47,100.0,100.0,100.0,100.0,96.56,100.0
2146,54018,99.44,64.6461730220687,0.8919872937160209,6,4,8,500,100.0,100.0,100.0,100.0,100.0,98.63,100.0,96.85
2147,61521,100.0,65.75961437714291,0.903013676188839,6,3,8,500,100.0,100.0,100.0,100.0,100.0,100.0,100.0,100.0
2148,47462,100.0,65.36086845692276,0.8119404734419271,6,6,8,500,100.0,100.0,100.0,100.0,100.0,100.0,100.0,100.0
2149,87535,99.24,65.39356893294807,0.7978432955195223,10,5,8,500,99.5,100.0,94.41,100.0,100.0,100.0,100.0,100.0
2150,43584,100.0,66.6025210668776,0.8235005045833323,1,7,8,500,100.0,100.0,100.0,100.0,100.0,100.0,100.0,100.0
2151,44491,99.76,64.53025001954505,0.9105389139271672,3,8,8,500,100.0,100.0,100.0,100.0,100.0,98.08,100.0,100.0
2152,43030,100.0,64.48727515491468,0.8723282139762115,2,10,8,500,100.0,100.0,100.0,100.0,100.0,100.0,100.0,100.0
2153,49515,99.9,66.06061280610786,0.8897340765840674,6,5,8,500,100.0,99.24,100.0,100.0,100.0,100.0,100.0,100.0
2154,54520,99.5,64.51266579747575,0.8295452764153042,7,5,8,500,100.0,100.0,100.0,96.07,100.0,100.0,99.96,100.0
2155,86531,99.22,64.28513644719754,0.848546550033213,8,3,8,500,100.0,96.5,100.0,100.0,100.0,100.0,100.0,97.29
2156,47966,99.81,66.07852011410161,0.8098147178561368,8,8,8,500,100.0,98.49,100.0,100.0,100.0,100.0,100.0,100.0
2157,53014,100.0,66.6243770965911,0.9320160580399934,4,2,8,500,100.0,100.0,100.0,100.0,100.0,100.0,100.0,100.0
2158,150000,99.1,64.43526281146643,0.7686563482940127,10,1,8,500,100.0,100.0,94.56,100.0,100.0,98.28,100.0,100.0
2159,48511,99.8,65.97260437803477,0.8085798756154279,4,3,8,500,100.0,100.0,100.0,98.37,100.0,100.0,100.0,100.0
2160,54018,99.74,65.89995643431928,0.8294516576264299,6,4,8,500,100.0,100.0,100.0,100.0,100.0,100.0,97.9,100.0
2161,72024,100.0,66.16671095481401,0.880873405636273,6,2,8,500,100.0,100.0,100.0,100.0,100.0,100.0,100.0,100.0
2162,45952,99.82,64.33397364024071,0.8558417218798715,4,6,8,500,100.0,100.0,100.0,100.0,100.0,100.0,98.59,100.0
2163,47208,100.0,64.93407852382579,0.878308315852785,4,4,8,500,100.0,100.0,100.0,100.0,100.0,100.0,100.0,100.0
2164,48511,100.0,65.14782240520907,0.8331061873574858,4,3,8,500,100.0,100.0,100.0,100.0,100.0,100.0,100.0,100.0
2165,85527,100.0,64.40849499389256,0.8518777589811893,6,1,8,500,100.0,100.0,100.0,100.0,100.0,100.0,100.0,100.0
2166,86531,100.0,66.17738564951331,0.8176861573263166,8,3,8,500,100.0,100.0,100.0,100.0,100.0,100.0,100.0,100.0
2167,48511,99.12,63.84766425607474,0.9011107036021708,4,3,8,500,97.66,100.0,100.0,100.0,100.0,100.0,95.3,100.0
2168,46456,100.0,65.02543963928024,0.8881108102933908,6,8,8,500,100.0,100.0,100.0,100.0,100.0,100.0,100.0,100.0
2169,45952,99.56,65.26059519086823,0.8035337591456191,4,6,8,500,100.0,100.0,100.0,100.0,100.0,100.0,96.47,100.0
2170,54018,100.0,66.12855107751552,0.8053386993257223,6,4,8,500,100.0,100.0,100.0,100.0,100.0,100.0,100.0,100.0
2171,47462,100.0,66.14797791620748,0.9334868901884414,6,6,8,500,100.0,100.0,100.0,100.0,100.0,100.0,100.0,100.0
2172,46353,99.56,65.22987156485333,0.8222064216347915,3,4,8,500,100.0,100.0,100.0,100.0,100.0,100.0,100.0,96.45
2173,47507,99.69,65.05946776191594,0.7943569051566144,2,1,8,500,100.0,100.0,100.0,100.0,100.0,97.5,100.0,100.0
2174,42588,99.64,65.75301646884523,0.8394779717206264,0,4,8,500,100.0,97.15,100.0,100.0,100.0,100.0,100.0,100.0
2175,86531,99.95,64.92497306773149,0.8812031568764003,8,3,8,500,100.0,99.62,100.0,100.0,100.0,100.0,100.0,100.0
2176,61521,99.72,66.08054671985099,0.6622340778498338,6,3,8,500,97.72,100.0,100.0,100.0,100.0,100.0,100.0,100.0
2177,54520,100.0,66.23300405679767,0.8118643271188302,7,5,8,500,100.0,100.0,100.0,100.0,100.0,100.0,100.0,100.0
2178,122537,100.0,64.3050229369582,0.7582136371241284,8,1,8,500,100.0,100.0,100.0,100.0,100.0,100.0,100.0,100.0
2179,72526,100.0,64.52995170389325,0.8107641117123342,7,3,8,500,100.0,100.0,100.0,100.0,100.0,100.0,100.0,100.0
2180,49515,100.0,64.72522342388925,0.8189704207067974,6,5,8,500,100.0,100.0,100.0,100.0,100.0,100.0,100.0,100.0
2181,72024,100.0,67.18145949519278,0.9114103985200952,6,2,8,500,100.0,100.0,100.0,100.0,100.0,99.98,100.0,100.0
2182,86029,99.87,65.56955017326038,0.7762327801937314,7,2,8,500,100.0,100.0,98.93,100.0,100.0,100.0,100.0,100.0
2183,46859,98.88,65.53393163860059,0.7428563017531671,6,7,8,500,96.51,94.54,100.0,100.0,100.0,100.0,100.0,100.0
2184,47208,99.57,65.48200202972647,0.8399188245260225,4,4,8,500,100.0,100.0,100.0,100.0,100.0,97.27,100.0,99.26
2185,47208,100.0,64.73246432784131,0.8563239271888057,4,4,8,500,100.0,100.0,100.0,100.0,100.0,100.0,100.0,100.0
2186,45952,100.0,65.42189789137521,0.7299481422224513,4,6,8,500,100.0,100.0,100.0,100.0,100.0,100.0,100.0,100.0
2187,45146,99.95,64.78836194974647,0.8080807686766845,4,8,8,500,100.0,100.0,100.0,100.0,100.0,100.0,99.58,100.0
2188,49515,99.98,64.78475124490895,0.7869004757696586,6,5,8,500,100.0,100.0,100.0,100.0,99.85,100.0,100.0,100.0
2189,146044,100.0,64.21349050173876,0.8323712014053389,10,2,8,500,100.0,100.0,100.0,100.0,100.0,100.0,100.0,100.0
2190,86531,100.0,65.49923545191913,0.8522629972720521,8,3,8,500,100.0,100.0,100.0,100.0,100.0,100.0,100.0,100.0
2191,44894,99.4,64.87073307571455,0.7628047609457519,3,7,8,500,95.22,100.0,100.0,100.0,100.0,100.0,100.0,100.0
2192,44642,100.0,64.84095445842505,0.716745173797915,2,6,8,500,100.0,100.0,100.0,100.0,100.0,100.0,100.0,100.0
2193,62023,100.0,65.33938592834403,0.7532140233811109,7,4,8,500,100.0,100.0,100.0,100.0,100.0,100.0,100.0,100.0
2194,87535,100.0,65.49947401032,0.8660226894372133,10,5,8,500,100.0,100.0,100.0,100.0,100.0,100.0,100.0,100.0
2195,54272,99.31,64.72586134449156,0.923662584023956,8,6,8,500,100.0,100.0,100.0,100.0,98.57,100.0,95.89,100.0
2196,44642,99.36,65.14283492514,0.7799947018874862,2,6,8,500,94.86,100.0,100.0,100.0,100.0,100.0,100.0,100.0
2197,46456,99.56,64.86323746268391,0.8378918769370756,6,8,8,500,100.0,96.45,100.0,100.0,100.0,100.0,100.0,100.0
2198,47462,99.77,64.76683549641946,0.8230926214736426,6,6,8,500,100.0,100.0,100.0,100.0,98.14,100.0,100.0,100.0
2199,45545,100.0,65.94588368552495,0.8003596809190605,2,5,8,500,100.0,100.0,100.0,100.0,100.0,100.0,100.0,100.0
2200,45398,99.58,64.42814760746684,0.7900444210996361,5,9,8,500,96.64,100.0,100.0,100.0,100.0,100.0,100.0,100.0
2201,47462,99.64,65.38784856821076,0.8265910116167753,6,6,8,500,100.0,100.0,100.0,97.1,100.0,100.0,100.0,100.0
2202,47462,100.0,64.77437614126656,0.8693710079623567,6,6,8,500,100.0,100.0,100.0,100.0,100.0,100.0,100.0,100.0
2203,72526,99.67,65.98846794615983,0.72323823318997,7,3,8,500,100.0,100.0,100.0,100.0,100.0,100.0,97.34,100.0
2204,43181,99.76,65.5702486103881,0.8803660153775882,1,8,8,500,100.0,100.0,100.0,100.0,98.11,100.0,100.0,100.0
2205,54272,99.29,65.24422567402623,0.7971628253799244,8,6,8,500,94.34,100.0,100.0,100.0,100.0,100.0,100.0,100.0
2206,46859,99.98,64.92451144248047,0.8009404622966291,6,7,8,500,99.83,100.0,100.0,100.0,100.0,100.0,100.0,100.0
2207,48470,98.31,66.17034315576416,0.8277416530440741,10,10,8,500,96.45,100.0,100.0,100.0,100.0,100.0,97.8,92.24
2208,44642,99.96,64.8054858012277,0.7994812278377985,2,6,8,500,100.0,100.0,99.72,100.0,100.0,100.0,100.0,100.0
2209,46859,99.78,65.95733652160389,0.7947090367572311,6,7,8,500,100.0,98.2,100.0,100.0,100.0,100.0,100.0,100.0
2210,62023,99.39,65.74187388853305,0.8642210437963055,7,4,8,500,100.0,100.0,100.0,99.84,100.0,100.0,95.28,100.0
2211,42741,100.0,64.16321218328419,0.7910796906062576,0,3,8,500,100.0,100.0,100.0,100.0,100.0,100.0,100.0,100.0
2212,146044,99.95,65.50979360434516,0.7911767231660325,10,2,8,500,100.0,100.0,100.0,100.0,100.0,100.0,100.0,99.63
2213,44239,99.64,66.11310323406212,0.8152899739894506,2,7,8,500,98.76,98.35,100.0,100.0,100.0,100.0,100.0,100.0
2214,62525,99.59,65.14234426711695,0.7897946979470238,8,5,8,500,100.0,100.0,100.0,100.0,100.0,100.0,98.54,98.16
2215,49515,99.99,66.46867278091281,0.8998490403378694,6,5,8,500,100.0,99.9,100.0,100.0,100.0,100.0,100.0,100.0
2216,45398,99.55,64.59854367617264,0.8237863435786518,5,9,8,500,98.1,100.0,100.0,98.27,100.0,100.0,100.0,100.0
2217,73282,99.96,65.7179938098013,0.8477506164745976,10,6,8,500,100.0,100.0,99.72,100.0,100.0,100.0,100.0,100.0
2218,47710,98.31,64.89146379535512,0.7927627248421484,5,5,8,500,94.98,100.0,100.0,100.0,100.0,91.53,100.0,100.0
2219,87535,99.17,64.22085582477759,0.7537786805119012,10,5,8,500,100.0,100.0,100.0,98.62,99.5,98.16,98.15,98.93
2220,86531,99.61,65.43135342200002,0.7047593877831615,8,3,8,500,100.0,100.0,96.85,100.0,100.0,100.0,100.0,100.0
2221,49515,99.89,65.39168885475459,0.8097286694943172,6,5,8,500,100.0,100.0,100.0,100.0,100.0,99.14,100.0,100.0
2222,44239,99.87,65.25298733843559,0.7476426646473435,2,7,8,500,100.0,100.0,100.0,100.0,100.0,100.0,100.0,98.97
2223,54018,100.0,65.40635964639642,0.8616898735564121,6,4,8,500,100.0,100.0,100.0,100.0,100.0,100.0,100.0,100.0
2224,103536,100.0,64.82992534868079,0.7062345519476627,9,3,8,500,100.0,100.0,100.0,100.0,100.0,100.0,100.0,100.0
2225,54018,100.0,65.58445226529126,0.7909576772984195,6,4,8,500,100.0,100.0,100.0,100.0,100.0,100.0,100.0,100.0
2226,46859,99.95,65.75986710843354,0.8241069454046523,6,7,8,500,100.0,100.0,100.0,100.0,100.0,100.0,99.59,100.0
2227,147040,100.0,64.7339690323527,0.7769762222889948,8,0,8,500,100.0,100.0,100.0,100.0,100.0,100.0,100.0,100.0
2228,86029,100.0,64.69748906655347,0.8547473571764571,7,2,8,500,100.0,100.0,100.0,100.0,100.0,100.0,100.0,100.0
2229,123039,99.47,65.79121287934575,0.8181469153275805,9,2,8,500,100.0,100.0,95.77,100.0,100.0,100.0,100.0,100.0
2230,49515,100.0,64.84835059494016,0.744109106865462,6,5,8,500,100.0,100.0,100.0,100.0,100.0,100.0,100.0,100.0
2231,54520,100.0,64.82881822083299,0.8565863644188011,7,5,8,500,100.0,100.0,100.0,100.0,100.0,100.0,100.0,100.0
2232,44894,99.44,63.770652929191456,0.8212614942225075,3,7,8,500,100.0,95.55,100.0,100.0,100.0,100.0,100.0,100.0
2233,45698,100.0,65.27526639885876,0.902335652098484,2,4,8,500,100.0,100.0,100.0,100.0,100.0,100.0,100.0,100.0
2234,45196,99.99,64.3956412724278,0.789239924559572,1,3,8,500,100.0,100.0,100.0,100.0,100.0,100.0,100.0,99.9
2235,124035,100.0,65.96493033109105,0.8827788407526758,7,0,8,500,100.0,100.0,100.0,100.0,100.0,100.0,100.0,100.0
2236,45952,99.79,65.5634971892774,0.8595968051908194,4,6,8,500,100.0,100.0,100.0,100.0,100.0,100.0,100.0,98.33
2237,62023,99.78,64.8871857654601,0.7112351227112736,7,4,8,500,100.0,100.0,100.0,98.25,100.0,100.0,100.0,100.0
2238,54018,99.9,65.94401742708409,0.8194125355801445,6,4,8,500,100.0,99.24,100.0,100.0,100.0,100.0,100.0,100.0
2239,104038,100.0,64.93845300897013,0.8642867304666012,10,4,8,500,100.0,100.0,100.0,100.0,100.0,100.0,100.0,100.0
2240,104292,100.0,64.0250930431752,0.7601801712009946,12,6,8,500,100.0,100.0,100.0,100.0,100.0,100.0,100.0,100.0
2241,54018,99.99,65.33513219108117,0.7826834915856066,6,4,8,500,100.0,100.0,99.89,100.0,100.0,100.0,100.0,100.0
2242,61019,100.0,65.09961379572357,0.8190831882244719,5,2,8,500,100.0,100.0,100.0,100.0,100.0,99.96,100.0,100.0
2243,146044,100.0,65.54843854293168,0.7984426256660359,10,2,8,500,100.0,100.0,100.0,100.0,100.0,100.0,100.0,100.0
2244,145542,100.0,64.2685028360163,0.7936878917282169,9,1,8,500,100.0,100.0,100.0,100.0,100.0,100.0,100.0,100.0
2245,47966,99.72,64.4361703776094,0.8610240049346305,8,8,8,500,100.0,100.0,100.0,100.0,97.77,100.0,100.0,100.0
2246,49519,99.49,64.68529972651258,0.8524792912841468,8,7,8,500,100.0,100.0,100.0,100.0,100.0,100.0,100.0,95.89
2247,44491,99.61,65.62912239029197,0.8151894841274353,3,8,8,500,100.0,100.0,96.9,100.0,100.0,100.0,100.0,100.0
2248,61521,99.82,66.85675225462357,0.730128793424353,6,3,8,500,100.0,100.0,100.0,100.0,100.0,100.0,98.59,100.0
2249,104030,99.74,65.44281690052287,0.8392686894291792,6,0,8,500,100.0,100.0,97.96,100.0,100.0,100.0,100.0,100.0
2250,45549,100.0,64.1748766939977,0.8762428892107725,4,7,8,500,100.0,100.0,100.0,100.0,100.0,100.0,100.0,100.0
2251,44743,99.64,65.50328199024979,0.7836725132327164,4,9,8,500,100.0,100.0,100.0,97.12,100.0,100.0,100.0,100.0
2252,61521,99.61,65.46820593142021,0.7632457744938989,6,3,8,500,100.0,100.0,100.0,100.0,100.0,100.0,96.9,100.0
2253,147040,100.0,64.58502222097654,0.7801187279288527,8,0,8,500,100.0,100.0,100.0,100.0,100.0,100.0,100.0,100.0
2254,150000,99.92,65.867603524658,0.7951998862124279,12,2,8,500,100.0,100.0,100.0,99.32,100.0,100.0,100.0,100.0
2255,86531,99.08,66.00661553333507,0.8926138623014297,8,3,8,500,98.16,100.0,94.5,100.0,100.0,100.0,100.0,100.0
2256,46855,99.97,64.6974851571463,0.807897977777594,4,5,8,500,100.0,100.0,99.74,100.0,100.0,100.0,100.0,100.0
2257,54524,100.0,65.69631496271961,0.7045244273834342,9,7,8,500,100.0,100.0,100.0,100.0,100.0,100.0,100.0,100.0
2258,122537,99.99,66.46437953241532,0.8763454557681858,8,1,8,500,99.89,100.0,100.0,100.0,100.0,100.0,100.0,100.0
2259,43030,100.0,64.70871356848956,0.8285744461632354,2,10,8,500,100.0,100.0,100.0,100.0,100.0,100.0,100.0,100.0
2260,46456,99.33,65.273879377348,0.8118506311157788,6,8,8,500,98.79,100.0,100.0,95.82,100.0,100.0,100.0,100.0
2261,54520,99.25,65.25846147323811,0.869745497978697,7,5,8,500,94.54,100.0,99.49,100.0,100.0,100.0,100.0,100.0
2262,123541,100.0,64.71825817602493,0.8226098466923378,10,3,8,500,100.0,100.0,100.0,100.0,100.0,100.0,100.0,100.0
2263,150000,99.26,65.11645244751803,0.7832550139871212,10,1,8,500,100.0,100.0,94.06,100.0,100.0,100.0,100.0,100.0
2264,85527,99.11,66.45289815428076,0.8701585137720471,6,1,8,500,100.0,99.23,100.0,100.0,98.18,95.45,100.0,100.0
2265,45549,100.0,64.87320393568473,0.78345017738441,4,7,8,500,100.0,100.0,100.0,100.0,100.0,100.0,100.0,100.0
2266,48511,99.58,66.33890359468944,0.756198326181712,4,3,8,500,100.0,100.0,100.0,100.0,100.0,96.63,100.0,100.0
2267,62525,100.0,65.77688444261207,0.7802244786946588,8,5,8,500,100.0,100.0,100.0,100.0,100.0,100.0,100.0,100.0
2268,103034,98.79,65.88397733036986,0.762494895229675,8,2,8,500,100.0,100.0,100.0,100.0,100.0,100.0,94.77,95.56
2269,48511,99.43,66.15044423097541,0.8440184239817854,4,3,8,500,97.34,100.0,100.0,99.96,100.0,100.0,98.14,100.0
2270,73028,99.89,64.97015899464306,0.7914026086007558,8,4,8,500,100.0,100.0,99.11,100.0,100.0,100.0,100.0,100.0
2271,54018,100.0,65.63006808535759,0.7726692646479874,6,4,8,500,100.0,100.0,100.0,100.0,100.0,100.0,100.0,100.0
2272,123541,99.73,66.00380500514382,0.8860595092648005,10,3,8,500,100.0,100.0,98.45,100.0,99.41,100.0,100.0,100.0
2273,45146,100.0,66.26544811306016,0.7434450367994528,4,8,8,500,100.0,100.0,100.0,100.0,100.0,100.0,100.0,100.0
2274,47966,98.94,66.03372232358684,0.8322363673240798,8,8,8,500,100.0,94.99,96.54,100.0,100.0,100.0,100.0,100.0
2275,85527,98.98,64.645109231033,0.8588899634361961,6,1,8,500,100.0,100.0,100.0,98.57,100.0,100.0,93.31,100.0
2276,47714,99.1,65.52024819702014,0.8245739006607516,7,7,8,500,100.0,100.0,95.43,100.0,97.36,100.0,100.0,100.0
2277,73028,97.59,65.07446665462838,0.7974642579904271,8,4,8,500,92.39,93.48,100.0,100.0,100.0,100.0,94.86,100.0
2278,47363,99.91,64.50403808907647,0.7556730886644814,8,9,8,500,100.0,99.27,100.0,100.0,100.0,100.0,100.0,100.0
2279,86531,100.0,64.28895735197096,0.7167716293974743,8,3,8,500,100.0,100.0,100.0,100.0,100.0,100.0,100.0,100.0
2280,72024,100.0,65.0337686314595,0.8140357896124537,6,2,8,500,100.0,100.0,100.0,100.0,100.0,100.0,100.0,100.0
2281,46708,98.86,65.65762190535804,0.8690180483828346,7,9,8,500,100.0,100.0,99.98,100.0,100.0,100.0,98.2,92.68
2282,73028,99.91,66.0524151330495,0.7766201311595561,8,4,8,500,99.31,100.0,100.0,100.0,99.97,100.0,100.0,100.0
2283,45952,99.52,64.8362901214327,0.7631870824928669,4,6,8,500,100.0,100.0,100.0,96.16,100.0,100.0,100.0,100.0
2284,103034,99.78,66.7722259304927,0.7631260117097759,8,2,8,500,98.22,100.0,100.0,100.0,100.0,100.0,100.0,100.0
2285,62023,100.0,65.32136929767742,0.8540980060322864,7,4,8,500,100.0,100.0,100.0,100.0,100.0,100.0,100.0,100.0
2286,150000,99.95,65.13741893135226,0.8252144641157019,10,0,8,500,100.0,99.58,100.0,100.0,100.0,100.0,100.0,100.0
2287,45549,100.0,65.42805826512706,0.8405028432446164,4,7,8,500,100.0,100.0,100.0,100.0,100.0,100.0,100.0,100.0
2288,73028,99.57,64.51355898176271,0.8059607945198147,8,4,8,500,96.55,100.0,100.0,100.0,100.0,100.0,100.0,100.0
2289,73282,99.92,64.92725055906463,0.8503535940409572,10,6,8,500,100.0,99.33,100.0,100.0,100.0,100.0,100.0,100.0
2290,73028,99.95,64.63036783698338,0.8454291748451903,8,4,8,500,99.61,100.0,100.0,100.0,100.0,100.0,100.0,100.0
2291,54018,99.66,64.39881833691692,0.7924509703602343,6,4,8,500,100.0,100.0,97.28,100.0,100.0,100.0,100.0,100.0
2292,42741,99.56,65.36962940765306,0.8680722493267459,0,3,8,500,100.0,100.0,100.0,100.0,100.0,100.0,96.52,100.0
2293,104540,99.26,64.77165631513769,0.7492291857345195,11,5,8,500,100.0,100.0,100.0,100.0,100.0,94.08,100.0,100.0
2294,47208,100.0,65.7079640558585,0.7069478079277167,4,4,8,500,100.0,100.0,100.0,100.0,100.0,100.0,100.0,100.0
2295,124035,99.32,66.0222994926418,0.8219121267837104,7,0,8,500,100.0,100.0,95.99,100.0,100.0,98.6,100.0,100.0
2296,54520,99.17,65.63698026532595,0.7510365685402631,7,5,8,500,100.0,100.0,93.35,100.0,100.0,100.0,100.0,100.0
2297,86029,99.88,64.77229466670825,0.8601116185075951,7,2,8,500,100.0,100.0,100.0,100.0,99.02,100.0,100.0,100.0
2298,49515,100.0,65.26418434245879,0.8606329977540019,6,5,8,500,100.0,100.0,100.0,100.0,100.0,100.0,100.0,100.0
2299,48009,100.0,66.1632740637427,0.7712521908128003,3,2,8,500,100.0,100.0,100.0,100.0,100.0,100.0,100.0,100.0
2300,123039,99.98,66.12086942012282,0.7579158895768278,9,2,8,500,100.0,100.0,100.0,100.0,100.0,100.0,99.85,100.0
2301,104038,100.0,65.75973578734373,0.8724500749330729,10,4,8,500,100.0,100.0,100.0,100.0,100.0,100.0,100.0,100.0
2302,150000,100.0,67.06362192733738,0.8282112601172171,10,1,8,500,100.0,100.0,100.0,100.0,100.0,100.0,100.0,100.0
2303,46859,100.0,64.36412156279232,0.8219195461334027,6,7,8,500,100.0,100.0,100.0,100.0,100.0,100.0,100.0,100.0
2304,45952,100.0,66.75973576415338,0.6892939213263145,4,6,8,500,100.0,100.0,100.0,100.0,100.0,100.0,100.0,100.0
2305,45146,100.0,65.71049116600875,0.8197749841617572,4,8,8,500,100.0,100.0,100.0,100.0,100.0,100.0,100.0,100.0
2306,73282,99.81,64.51846032972675,0.8004020676437921,10,6,8,500,100.0,100.0,100.0,100.0,100.0,100.0,98.48,100.0
2307,86029,100.0,66.60050530454943,0.7816267404167516,7,2,8,500,100.0,100.0,100.0,100.0,100.0,100.0,100.0,100.0
2308,103034,99.91,65.9294496756484,0.798108984385824,8,2,8,500,100.0,100.0,100.0,100.0,100.0,100.0,99.28,100.0
2309,104038,97.96,65.11527359474907,0.8090532794664005,10,4,8,500,90.34,100.0,94.58,100.0,98.77,100.0,100.0,100.0
2310,73028,100.0,64.58469150701958,0.8185402689842487,8,4,8,500,100.0,100.0,100.0,100.0,100.0,100.0,100.0,100.0
2311,73028,100.0,66.22351315441497,0.8218610598023585,8,4,8,500,100.0,100.0,100.0,100.0,100.0,100.0,100.0,100.0
2312,104030,100.0,64.41812999264594,0.9866835952897578,6,0,8,500,100.0,100.0,100.0,100.0,100.0,100.0,100.0,100.0
2313,49515,100.0,65.53328417487137,0.7659793894253333,6,5,8,500,100.0,100.0,100.0,100.0,100.0,100.0,100.0,100.0
2314,62529,99.7,65.60578192353123,0.8243758220973464,10,7,8,500,97.58,100.0,100.0,100.0,100.0,100.0,100.0,100.0
2315,54520,99.72,65.20608961721707,0.844440301988945,7,5,8,500,100.0,100.0,100.0,100.0,100.0,100.0,97.76,100.0
2316,53516,99.57,65.42581623579433,0.7711796857304315,5,3,8,500,100.0,100.0,97.96,100.0,98.59,100.0,100.0,100.0
2317,73282,99.14,65.210636185636,0.7733917087640069,10,6,8,500,100.0,100.0,100.0,93.08,100.0,100.0,100.0,100.0
2318,123039,100.0,64.06005075187409,0.6786673863493483,9,2,8,500,100.0,100.0,100.0,100.0,100.0,100.0,100.0,100.0
2319,87535,100.0,66.69678107372347,0.8167066120436007,10,5,8,500,100.0,100.0,100.0,100.0,100.0,100.0,100.0,100.0
2320,150000,99.77,66.08264872019772,0.7561215273749863,10,0,8,500,100.0,100.0,100.0,100.0,98.16,100.0,100.0,100.0
2321,72024,98.49,65.37149387010767,0.7320932747728264,6,2,8,500,100.0,99.2,100.0,100.0,90.84,97.89,100.0,100.0
2322,122537,100.0,65.23698402415846,0.8182321161323934,8,1,8,500,100.0,100.0,100.0,100.0,100.0,100.0,100.0,100.0
2323,150000,100.0,63.917189344030966,0.8135001088356684,12,3,8,500,100.0,100.0,100.0,100.0,100.0,100.0,100.0,100.0
2324,47714,99.63,65.49868865889025,0.836913249435448,7,7,8,500,100.0,100.0,100.0,100.0,100.0,100.0,97.03,100.0
2325,47462,100.0,65.11393892524518,0.7662423561026047,6,6,8,500,100.0,100.0,100.0,100.0,100.0,100.0,100.0,100.0
2326,62525,99.0,64.71891925131851,0.785918375350166,8,5,8,500,100.0,100.0,100.0,91.98,100.0,100.0,100.0,100.0
2327,72024,99.85,64.80165334881775,0.7474617584061256,6,2,8,500,98.79,100.0,100.0,100.0,100.0,100.0,100.0,100.0
2328,150000,100.0,67.24350148106305,0.7862707751866451,13,0,8,500,100.0,100.0,100.0,100.0,100.0,100.0,100.0,100.0
2329,49267,100.0,66.01926547828538,0.6826704658280015,7,6,8,500,100.0,100.0,100.0,100.0,100.0,100.0,100.0,100.0
2330,62525,99.7,66.92577171549931,0.8016157756075536,8,5,8,500,100.0,100.0,100.0,97.59,100.0,100.0,100.0,100.0
2331,49519,100.0,65.53685825075225,0.6740932888298905,8,7,8,500,100.0,100.0,100.0,100.0,100.0,100.0,100.0,100.0
2332,61521,100.0,65.02348060467784,0.7825140700175047,6,3,8,500,100.0,100.0,100.0,100.0,100.0,100.0,100.0,100.0
2333,49515,99.28,65.37909963480172,0.6954122925872402,6,5,8,500,100.0,100.0,100.0,100.0,94.28,100.0,100.0,100.0
2334,104038,100.0,65.9597237417683,0.7497270329160939,10,4,8,500,100.0,100.0,100.0,100.0,100.0,100.0,100.0,100.0
2335,54520,100.0,64.8638639483903,0.7609892960752738,7,5,8,500,100.0,100.0,100.0,100.0,100.0,100.0,100.0,100.0
2336,49519,99.99,66.25891432762819,0.8771707309320513,8,7,8,500,100.0,100.0,100.0,100.0,99.92,100.0,100.0,100.0
2337,49013,99.66,64.38415580396149,0.8270167947282839,5,4,8,500,100.0,100.0,100.0,100.0,100.0,97.3,100.0,100.0
2338,45650,99.81,65.59251896901549,0.8311223553004892,6,10,8,500,100.0,98.88,99.57,100.0,100.0,100.0,100.0,100.0
2339,72024,100.0,65.3016289523639,0.812639408678834,6,2,8,500,100.0,100.0,100.0,100.0,100.0,100.0,100.0,100.0
2340,62277,99.74,65.1462561152671,0.7450276039214512,9,6,8,500,100.0,100.0,100.0,100.0,97.96,100.0,100.0,100.0
2341,150000,99.85,65.0132878397908,0.7750547470771318,11,0,8,500,100.0,98.77,100.0,100.0,100.0,100.0,100.0,100.0
2342,46859,99.44,65.20042333092063,0.8302226778875462,6,7,8,500,100.0,100.0,100.0,100.0,100.0,95.49,100.0,100.0
2343,54010,100.0,65.55255717036155,0.7548380589426514,2,0,8,500,100.0,100.0,100.0,100.0,100.0,100.0,100.0,100.0
2344,46456,100.0,64.18755696667628,0.856465470305571,6,8,8,500,100.0,100.0,100.0,100.0,100.0,100.0,100.0,100.0
2345,54018,99.04,65.82245517959585,0.8352514635590521,6,4,8,500,100.0,100.0,100.0,92.33,100.0,100.0,100.0,100.0
2346,45146,99.71,64.81164339378616,0.7384183194502131,4,8,8,500,100.0,100.0,100.0,100.0,97.67,100.0,100.0,100.0
2347,72526,99.55,65.8721533633355,0.8417933406068864,7,3,8,500,100.0,96.4,100.0,100.0,100.0,100.0,100.0,100.0
2348,62023,99.54,66.52089706039445,0.8310496737479384,7,4,8,500,100.0,100.0,100.0,100.0,100.0,100.0,100.0,96.28
2349,49267,99.93,65.41367280481211,0.8256449136172206,7,6,8,500,100.0,100.0,100.0,100.0,100.0,100.0,99.42,100.0
2350,46855,100.0,65.69619549601693,0.8361155718685312,4,5,8,500,100.0,100.0,100.0,100.0,100.0,100.0,100.0,100.0
2351,47208,99.69,64.57903269687517,0.7762061755387162,4,4,8,500,100.0,100.0,97.54,100.0,100.0,100.0,100.0,100.0
2352,150000,99.68,65.22632638159939,0.8007373405994334,10,1,8,500,100.0,100.0,100.0,97.4,100.0,100.0,100.0,100.0
2353,124035,99.83,66.5258224236232,0.7239957192801993,7,0,8,500,100.0,98.64,100.0,100.0,100.0,100.0,100.0,100.0
2354,150000,99.52,65.81029498710153,0.8855943837048565,14,0,8,500,100.0,100.0,100.0,100.0,100.0,100.0,100.0,96.2
2355,150000,100.0,64.80784120898433,0.7408603758983427,14,2,8,500,100.0,100.0,100.0,100.0,100.0,100.0,100.0,100.0
2356,49515,100.0,65.59666749368691,0.8323998410528888,6,5,8,500,100.0,100.0,100.0,100.0,100.0,100.0,100.0,100.0
2357,85527,100.0,65.82032322828819,0.7879418614129233,6,1,8,500,100.0,100.0,100.0,100.0,100.0,100.0,100.0,100.0
2358,46353,99.71,65.49757711151516,0.8736726649400737,3,4,8,500,100.0,100.0,100.0,100.0,100.0,97.66,100.0,100.0
2359,62525,99.85,65.73285499963231,0.6930713044830148,8,5,8,500,100.0,100.0,98.81,100.0,100.0,100.0,100.0,100.0
2360,54520,99.42,65.6633361024929,0.810149557303232,7,5,8,500,100.0,100.0,100.0,100.0,100.0,100.0,96.41,98.93
2361,123541,100.0,65.53995692636462,0.7335387972557349,10,3,8,500,100.0,100.0,100.0,100.0,100.0,100.0,100.0,100.0
2362,43836,100.0,64.76448814907009,0.8176671847514431,2,8,8,500,100.0,100.0,100.0,100.0,100.0,100.0,100.0,100.0
2363,150000,99.8,65.07861719876747,0.77048374885754,10,0,8,500,100.0,98.37,100.0,100.0,100.0,100.0,100.0,100.0
2364,53516,99.79,66.12590809025072,0.7989668101281048,5,3,8,500,100.0,100.0,100.0,100.0,100.0,98.33,100.0,100.0
2365,45549,99.81,66.68040542322471,0.7049543850944572,4,7,8,500,100.0,100.0,100.0,99.07,100.0,99.49,99.89,100.0
2366,46353,99.38,65.76942970231825,0.8188810265646274,3,4,8,500,100.0,100.0,100.0,100.0,100.0,100.0,100.0,95.02
2367,46353,99.98,66.06013200702188,0.863556894234499,3,4,8,500,100.0,100.0,100.0,100.0,100.0,99.81,100.0,100.0
2368,86531,99.92,65.6691471216527,0.7490286352269457,8,3,8,500,100.0,99.35,100.0,100.0,100.0,100.0,100.0,100.0
2369,150000,99.79,65.4988331909425,0.8332998488225867,11,0,8,500,100.0,100.0,100.0,100.0,98.29,100.0,100.0,100.0
2370,150000,100.0,64.55854313455376,0.816323928858948,14,0,8,500,100.0,100.0,100.0,100.0,100.0,100.0,100.0,100.0
2371,73028,99.9,64.80437621422571,0.847391229415647,8,4,8,500,100.0,100.0,100.0,100.0,100.0,99.2,100.0,100.0
2372,87535,99.87,65.1723046901523,0.8161338768686286,10,5,8,500,98.93,100.0,100.0,100.0,100.0,100.0,100.0,100.0
2373,54272,100.0,64.46895231479112,0.7457008316898808,8,6,8,500,100.0,100.0,100.0,100.0,100.0,100.0,100.0,100.0
2374,49267,99.94,65.42469884171847,0.8722503973920034,7,6,8,500,100.0,100.0,100.0,100.0,100.0,99.53,100.0,100.0
2375,73282,100.0,66.41088377121153,0.7486625496161581,10,6,8,500,100.0,100.0,100.0,100.0,100.0,100.0,100.0,100.0
2376,60517,99.32,66.98669840220019,0.844740292515374,4,1,8,500,100.0,100.0,100.0,94.58,100.0,100.0,100.0,100.0
2377,72024,99.68,65.06234967242172,0.7472845869297493,6,2,8,500,100.0,100.0,97.9,100.0,100.0,99.53,100.0,100.0
2378,150000,100.0,66.70211883726728,0.784754080015844,12,0,8,500,100.0,100.0,100.0,100.0,100.0,100.0,100.0,100.0
2379,122537,100.0,65.39517272972016,0.8798587449761369,8,1,8,500,100.0,100.0,100.0,100.0,100.0,100.0,100.0,100.0
2380,123541,99.62,66.85147365096513,0.7567418355241893,10,3,8,500,100.0,100.0,100.0,100.0,100.0,100.0,100.0,96.93
2381,47208,100.0,66.10466420428222,0.769477921111896,4,4,8,500,100.0,100.0,100.0,100.0,100.0,100.0,100.0,100.0
2382,150000,99.36,66.83616010755257,0.847493802798165,14,0,8,500,100.0,96.5,100.0,98.36,100.0,100.0,100.0,100.0
2383,150000,100.0,64.98587309524684,0.7577938870720446,10,1,8,500,100.0,100.0,100.0,100.0,100.0,100.0,100.0,100.0
2384,150000,100.0,64.96748795430668,0.8080824987617019,13,0,8,500,100.0,100.0,100.0,100.0,100.0,100.0,100.0,100.0
2385,61521,100.0,65.50242977074018,0.7570704154596709,6,3,8,500,100.0,100.0,100.0,100.0,100.0,100.0,100.0,100.0
2386,43433,100.0,66.66972699240043,0.7720224931779291,2,9,8,500,100.0,100.0,100.0,100.0,100.0,100.0,100.0,100.0
2387,45398,100.0,64.89956285396742,0.6956494246915396,5,9,8,500,100.0,100.0,100.0,100.0,100.0,100.0,100.0,100.0
2388,123541,100.0,65.98723775653637,0.7621305652208659,10,3,8,500,100.0,100.0,100.0,100.0,100.0,100.0,100.0,100.0
2389,104038,100.0,64.96844226250657,0.8101631750596323,10,4,8,500,100.0,100.0,100.0,100.0,100.0,100.0,100.0,100.0
2390,54520,99.21,64.69190036306577,0.8533460839313214,7,5,8,500,97.33,100.0,100.0,100.0,100.0,96.33,100.0,100.0
2391,150000,99.57,64.52392671302539,0.8571793792055209,10,1,8,500,96.58,100.0,100.0,100.0,100.0,100.0,100.0,100.0
2392,44239,100.0,63.74722986806612,0.7943595520231806,2,7,8,500,100.0,100.0,100.0,100.0,100.0,100.0,100.0,100.0
2393,73028,99.8,64.18302278523099,0.7315318744408299,8,4,8,500,100.0,100.0,100.0,100.0,98.37,100.0,100.0,100.0
2394,49515,100.0,65.18779667311001,0.7734323511607742,6,5,8,500,100.0,100.0,100.0,100.0,100.0,100.0,100.0,100.0
2395,49515,100.0,67.17387232389687,0.8561351115897478,6,5,8,500,100.0,100.0,100.0,100.0,100.0,100.0,100.0,100.0
2396,150000,99.78,65.0635507106603,0.8491492066518553,12,1,8,500,100.0,100.0,100.0,100.0,100.0,100.0,98.23,100.0
2397,47462,100.0,65.81698215065329,0.8780086490104546,6,6,8,500,100.0,100.0,100.0,100.0,100.0,100.0,100.0,100.0
2398,86531,100.0,65.61299628935622,0.7540771958110891,8,3,8,500,100.0,100.0,100.0,100.0,100.0,100.0,100.0,100.0
2399,54520,99.23,65.41906803289262,0.8485299993499034,7,5,8,500,100.0,100.0,100.0,100.0,100.0,97.25,99.5,97.12
2400,54272,99.72,66.40289560532537,0.7927814546104762,8,6,8,500,100.0,100.0,97.8,100.0,100.0,100.0,100.0,100.0
2401,103034,99.89,65.87490940530927,0.8564631068308703,8,2,8,500,100.0,100.0,100.0,100.0,99.1,100.0,100.0,100.0
2402,61521,100.0,66.9769710793334,0.7362359280827999,6,3,8,500,100.0,100.0,100.0,100.0,100.0,100.0,100.0,100.0
2403,72024,99.74,64.53011679583643,0.7477879821462029,6,2,8,500,100.0,100.0,100.0,100.0,100.0,97.9,100.0,100.0
2404,87033,99.23,66.08217011116552,0.7419273147358925,9,4,8,500,99.14,100.0,100.0,97.41,100.0,97.29,100.0,100.0
2405,150000,100.0,66.04546756536337,0.8155561409996299,10,1,8,500,100.0,100.0,100.0,100.0,100.0,100.0,100.0,100.0
2406,73028,100.0,65.63104434388154,0.7689801508268984,8,4,8,500,100.0,100.0,100.0,100.0,100.0,100.0,100.0,100.0
2407,47714,100.0,65.35495552188155,0.7371652794441047,7,7,8,500,100.0,100.0,100.0,100.0,100.0,100.0,100.0,100.0
2408,123541,100.0,65.3333037066871,0.8983612749688291,10,3,8,500,100.0,100.0,100.0,100.0,100.0,100.0,100.0,100.0
2409,150000,100.0,66.33030937338576,0.7673404500295655,10,0,8,500,100.0,100.0,100.0,100.0,100.0,100.0,100.0,100.0
2410,49519,99.72,65.83681834129189,0.8591970495404433,8,7,8,500,100.0,100.0,100.0,100.0,97.76,100.0,100.0,100.0
2411,46855,99.47,66.35951477806816,0.8240288760252543,4,5,8,500,98.29,100.0,100.0,98.89,100.0,100.0,98.57,100.0
2412,46859,100.0,65.74113849480547,0.7670332784390159,6,7,8,500,100.0,100.0,100.0,100.0,100.0,100.0,100.0,100.0
2413,104292,99.4,64.62247055777712,0.7505388473217631,12,6,8,500,100.0,100.0,100.0,100.0,100.0,100.0,95.2,100.0
2414,72024,100.0,63.896885739598616,0.6872586721738839,6,2,8,500,100.0,100.0,100.0,100.0,100.0,100.0,100.0,100.0
2415,86531,99.73,64.81457842452822,0.8185285501524169,8,3,8,500,100.0,100.0,100.0,100.0,100.0,100.0,100.0,97.84
2416,150000,100.0,64.76860085056336,0.7268407997583284,10,0,8,500,100.0,100.0,100.0,100.0,100.0,100.0,100.0,100.0
2417,122537,99.32,66.63834167004313,0.75572294060661,8,1,8,500,100.0,100.0,100.0,100.0,94.56,100.0,100.0,100.0
2418,46855,99.3,65.01841643850503,0.7584137377812399,4,5,8,500,100.0,100.0,94.37,100.0,100.0,100.0,100.0,100.0
2419,145542,100.0,66.44025458093647,0.7641021709462453,9,1,8,500,100.0,100.0,100.0,100.0,100.0,100.0,100.0,100.0
2420,150000,99.26,67.27267589168636,0.7951311318576412,12,2,8,500,100.0,100.0,96.04,100.0,98.46,99.57,100.0,100.0
2421,104030,99.46,65.1587733557379,0.8280321316057376,6,0,8,500,99.44,100.0,100.0,100.0,100.0,100.0,100.0,96.2
2422,73028,100.0,65.85258552158992,0.7762126991230793,8,4,8,500,100.0,100.0,100.0,100.0,100.0,100.0,100.0,100.0
2423,45650,100.0,64.18693104715553,0.8637703459072933,6,10,8,500,100.0,100.0,100.0,100.0,100.0,100.0,100.0,100.0
2424,49515,100.0,64.18178395449047,0.7375118779560772,6,5,8,500,100.0,100.0,100.0,100.0,100.0,100.0,100.0,100.0
2425,49515,100.0,64.66751021677521,0.7558519402452171,6,5,8,500,100.0,100.0,100.0,100.0,100.0,100.0,100.0,100.0
2426,147048,100.0,63.62208642122772,0.7604843004259269,12,4,8,500,100.0,100.0,100.0,100.0,100.0,100.0,100.0,100.0
2427,44642,99.86,65.64980542943151,0.7985691145355094,2,6,8,500,100.0,100.0,100.0,98.86,100.0,100.0,100.0,100.0
2428,150000,99.98,64.56722064540213,0.7007196061200185,12,2,8,500,100.0,99.84,100.0,100.0,100.0,100.0,100.0,100.0
2429,42588,100.0,66.46357597016947,0.846551875841501,0,4,8,500,100.0,100.0,100.0,100.0,100.0,100.0,100.0,100.0
2430,122537,99.88,66.80002574626934,0.7748378219317325,8,1,8,500,100.0,100.0,100.0,100.0,99.06,100.0,100.0,100.0
2431,150000,100.0,65.84103925953718,0.7894496367361828,15,0,8,500,100.0,100.0,100.0,100.0,100.0,100.0,100.0,100.0
2432,54018,99.64,67.0273223401871,0.8268489672420006,6,4,8,500,100.0,100.0,100.0,97.12,100.0,100.0,100.0,100.0
2433,73028,98.9,66.25773823182686,0.7674905369474924,8,4,8,500,100.0,91.22,100.0,100.0,100.0,100.0,100.0,100.0
2434,45545,100.0,65.67939237835576,0.8286294223548746,2,5,8,500,100.0,100.0,100.0,100.0,100.0,100.0,100.0,100.0
2435,54018,100.0,64.89661384288137,0.7050003387611022,6,4,8,500,100.0,100.0,100.0,100.0,100.0,100.0,100.0,100.0
2436,123541,99.94,66.47904470453282,0.8271706508911503,10,3,8,500,100.0,100.0,100.0,100.0,99.49,100.0,100.0,100.0
2437,49519,99.8,65.30009842657603,0.7050269581163848,8,7,8,500,100.0,100.0,100.0,100.0,100.0,100.0,100.0,98.36
2438,73282,99.79,66.42943410259497,0.6695669645311896,10,6,8,500,100.0,98.31,100.0,100.0,100.0,100.0,100.0,100.0
2439,122537,99.97,65.71693122271857,0.8043777473858279,8,1,8,500,100.0,100.0,100.0,99.74,100.0,100.0,100.0,100.0
2440,73028,100.0,65.23250747877908,0.7586964446168022,8,4,8,500,100.0,100.0,100.0,100.0,100.0,100.0,100.0,100.0
2441,147048,99.19,63.726550876881774,0.7988328055972536,12,4,8,500,100.0,98.89,100.0,94.63,100.0,100.0,100.0,100.0
2442,147040,100.0,65.17750658139553,0.7912746766849171,8,0,8,500,100.0,100.0,100.0,100.0,100.0,100.0,100.0,100.0
2443,46456,99.94,67.12783057535918,0.7534910201069392,6,8,8,500,100.0,100.0,100.0,100.0,100.0,99.53,100.0,100.0
2444,150000,100.0,64.34328210977404,0.7907957790089922,12,2,8,500,100.0,100.0,100.0,100.0,100.0,100.0,100.0,100.0
2445,150000,100.0,65.54861648268992,0.8185073286684043,12,2,8,500,100.0,100.0,100.0,100.0,100.0,100.0,100.0,100.0
2446,104030,99.77,65.4186017689107,0.7365417937659456,6,0,8,500,100.0,100.0,100.0,100.0,100.0,98.15,100.0,100.0
2447,86029,100.0,66.19665245461272,0.7222084923085347,7,2,8,500,100.0,100.0,100.0,100.0,100.0,100.0,100.0,100.0
2448,150000,100.0,65.92205240904195,0.7568015083014715,9,0,8,500,100.0,100.0,100.0,100.0,100.0,100.0,100.0,100.0
2449,104030,99.9,67.01406213123282,0.903834099536556,6,0,8,500,100.0,100.0,100.0,100.0,100.0,100.0,99.23,100.0
2450,122537,99.09,66.6888670444418,0.7441911774332725,8,1,8,500,100.0,100.0,100.0,100.0,97.02,95.71,100.0,100.0
2451,150000,100.0,65.49190488053266,0.7494760508207584,10,1,8,500,100.0,100.0,100.0,100.0,100.0,100.0,100.0,100.0
2452,86531,99.96,65.89639207531926,0.8105823685430932,8,3,8,500,100.0,99.65,100.0,100.0,100.0,100.0,100.0,100.0
2453,61521,99.7,64.04587106157746,0.702386158293219,6,3,8,500,100.0,100.0,100.0,100.0,100.0,100.0,97.62,100.0
2454,150000,97.41,65.49719158757611,0.8083276104652766,11,1,8,500,89.34,100.0,89.97,100.0,100.0,100.0,100.0,100.0
2455,73028,99.36,64.38641747331532,0.7554806815021682,8,4,8,500,98.45,100.0,100.0,100.0,100.0,100.0,100.0,96.42
2456,72024,100.0,65.51445124914149,0.8582437192800655,6,2,8,500,100.0,100.0,100.0,100.0,100.0,100.0,100.0,100.0
2457,49515,100.0,65.65559070591075,0.7680098304052905,6,5,8,500,100.0,100.0,100.0,100.0,100.0,100.0,100.0,100.0
2458,150000,99.75,66.05178202822263,0.77079356732173,12,3,8,500,100.0,100.0,98.01,100.0,100.0,100.0,100.0,100.0
2459,150000,100.0,65.35659832230446,0.7097999652545053,12,0,8,500,100.0,100.0,100.0,100.0,100.0,100.0,100.0,100.0
2460,86531,100.0,65.43689925339427,0.7697508381411887,8,3,8,500,100.0,100.0,100.0,100.0,100.0,100.0,100.0,100.0
2461,150000,100.0,65.06057749758948,0.8794587631693263,10,1,8,500,100.0,100.0,100.0,100.0,100.0,100.0,100.0,100.0
2462,146044,99.89,67.13434186643903,0.7527389063283554,10,2,8,500,100.0,100.0,99.14,100.0,100.0,100.0,100.0,100.0
2463,44890,99.71,65.17930825521468,0.8178342280077038,1,5,8,500,100.0,100.0,100.0,100.0,97.71,100.0,100.0,100.0
2464,54776,98.91,65.01838452974906,0.7421709352154495,10,8,8,500,100.0,99.15,96.19,100.0,95.95,100.0,100.0,100.0
2465,54776,99.04,64.40324758166051,0.6344843643931017,10,8,8,500,100.0,100.0,95.1,100.0,100.0,100.0,97.25,100.0
2466,73282,99.84,66.50636036994774,0.7383995295339065,10,6,8,500,100.0,98.76,100.0,100.0,100.0,100.0,100.0,100.0
2467,42435,99.65,65.80222967209978,0.7463888862788294,0,5,8,500,100.0,100.0,100.0,98.12,100.0,100.0,100.0,99.09
2468,123541,99.57,66.5332549069911,0.8337465363265487,10,3,8,500,100.0,100.0,96.58,100.0,100.0,100.0,100.0,100.0
2469,45952,100.0,64.92470565844695,0.8048395632765429,4,6,8,500,100.0,100.0,100.0,100.0,100.0,100.0,100.0,100.0
2470,47462,99.84,65.97270911748954,0.6926536256904996,6,6,8,500,100.0,98.71,100.0,100.0,100.0,100.0,100.0,100.0
2471,73028,100.0,65.28118252516967,0.8690308447413874,8,4,8,500,100.0,100.0,100.0,100.0,100.0,100.0,100.0,100.0
2472,61019,100.0,66.25863933551527,0.7239958912163169,5,2,8,500,100.0,100.0,100.0,100.0,100.0,100.0,100.0,100.0
2473,85527,100.0,64.56385851890701,0.7390665801521455,6,1,8,500,100.0,100.0,100.0,100.0,100.0,100.0,100.0,100.0
2474,47462,99.56,66.10373856065259,0.8083262369677882,6,6,8,500,100.0,96.47,100.0,100.0,100.0,100.0,100.0,100.0
2475,49013,100.0,65.52939314248074,0.8590793585995569,5,4,8,500,100.0,100.0,100.0,100.0,100.0,100.0,100.0,100.0
2476,123541,100.0,65.40884852480978,0.7755633574519116,10,3,8,500,100.0,100.0,100.0,100.0,100.0,100.0,100.0,100.0
2477,86029,100.0,66.22494286384715,0.7382504912696979,7,2,8,500,100.0,100.0,100.0,100.0,100.0,100.0,100.0,100.0
2478,72024,99.73,66.26287970492231,0.7498233037696813,6,2,8,500,100.0,100.0,97.86,100.0,100.0,100.0,100.0,100.0
2479,150000,99.84,64.45603917171819,0.73461732186086,15,0,8,500,100.0,98.72,100.0,100.0,100.0,100.0,100.0,100.0
2480,73028,100.0,66.24168608807396,0.7302292210503895,8,4,8,500,100.0,100.0,100.0,100.0,100.0,100.0,100.0,100.0
2481,61019,100.0,64.48420055136089,0.7901687361836721,5,2,8,500,100.0,100.0,100.0,100.0,100.0,100.0,100.0,100.0
2482,150000,100.0,66.5648794429097,0.8127460601842689,12,2,8,500,100.0,100.0,100.0,100.0,100.0,100.0,100.0,100.0
2483,150000,99.19,66.16534281033248,0.8143771446683579,10,1,8,500,100.0,100.0,100.0,94.74,98.79,100.0,100.0,100.0
2484,104030,99.19,64.75472206795102,0.793486931058618,6,0,8,500,100.0,97.93,100.0,100.0,100.0,100.0,100.0,95.62
2485,150000,100.0,66.00248796281738,0.7572125190866422,14,0,8,500,100.0,100.0,100.0,100.0,100.0,100.0,100.0,100.0
2486,87535,99.4,66.04814253192181,0.7901833344942182,10,5,8,500,100.0,100.0,95.17,100.0,100.0,100.0,100.0,100.0
2487,86531,99.85,65.45819097721488,0.765224070905192,8,3,8,500,100.0,100.0,100.0,100.0,100.0,98.8,100.0,100.0
2488,49515,99.65,65.14628129032214,0.6651150259035657,6,5,8,500,100.0,100.0,100.0,100.0,100.0,100.0,100.0,97.18
2489,122537,100.0,66.53057121356397,0.8627363324304985,8,1,8,500,100.0,100.0,100.0,100.0,100.0,100.0,100.0,100.0
2490,49013,99.69,66.40995529379096,0.8242410923153832,5,4,8,500,100.0,100.0,100.0,100.0,100.0,97.53,100.0,100.0
2491,49519,99.57,65.2440385791437,0.8036486166689971,8,7,8,500,100.0,100.0,100.0,100.0,99.58,100.0,96.98,100.0
2492,150000,99.99,65.5091328609349,0.8310860772305061,12,2,8,500,100.0,100.0,100.0,99.94,100.0,100.0,100.0,100.0
2493,46053,100.0,67.24018281985116,0.8479144485279011,6,9,8,500,100.0,100.0,100.0,100.0,100.0,100.0,100.0,100.0
2494,124035,99.72,65.46599586380619,0.7180322222193233,7,0,8,500,100.0,100.0,100.0,100.0,97.77,100.0,100.0,100.0
2495,49013,99.99,65.06227427159894,0.783437946947734,5,4,8,500,100.0,100.0,100.0,100.0,100.0,100.0,99.94,100.0
2496,150000,100.0,66.60890783073756,0.8091074478847706,11,0,8,500,100.0,100.0,100.0,100.0,100.0,100.0,100.0,100.0
2497,104038,99.9,67.29567733616395,0.7178013440831925,10,4,8,500,100.0,100.0,100.0,99.23,100.0,100.0,100.0,100.0
2498,85527,99.8,64.34947259942757,0.8446827170629287,6,1,8,500,100.0,100.0,98.42,100.0,100.0,100.0,100.0,100.0
2499,86029,100.0,65.51676587524092,0.8656812532826399,7,2,8,500,100.0,100.0,100.0,100.0,100.0,100.0,100.0,100.0
2500,86531,100.0,66.43937474382055,0.8036996297990417,8,3,8,500,100.0,100.0,100.0,100.0,100.0,100.0,100.0,100.0
2501,103536,100.0,65.29492995674647,0.8295270674440853,9,3,8,500,100.0,100.0,100.0,100.0,100.0,100.0,100.0,100.0
2502,146044,99.71,65.81785797952173,0.7540748386246294,10,2,8,500,100.0,97.68,100.0,100.0,100.0,100.0,100.0,100.0
2503,150000,99.75,65.92258260828004,0.8771310248329958,10,1,8,500,100.0,97.98,100.0,100.0,100.0,100.0,100.0,100.0
2504,53014,99.98,65.7244670652382,0.8610637496438648,4,2,8,500,100.0,99.83,100.0,100.0,100.0,100.0,100.0,100.0
2505,147040,100.0,65.63055807133684,0.7598170435064859,8,0,8,500,100.0,100.0,100.0,100.0,100.0,100.0,100.0,100.0
2506,123541,99.67,64.89599091575073,0.7694017082285889,10,3,8,500,97.36,100.0,100.0,100.0,100.0,100.0,100.0,100.0
2507,150000,100.0,65.76044364836083,0.7146972579413408,16,1,8,500,100.0,100.0,100.0,100.0,100.0,100.0,100.0,100.0
2508,45801,100.0,66.23201166406571,0.7907665695900752,5,8,8,500,100.0,100.0,100.0,100.0,100.0,100.0,100.0,100.0
2509,146546,99.63,65.79511317106386,0.7673405583014341,11,3,8,500,100.0,100.0,100.0,100.0,100.0,97.06,100.0,100.0
2510,87535,99.74,65.4352567078627,0.7390433035375783,10,5,8,500,100.0,100.0,97.89,100.0,100.0,100.0,100.0,100.0
2511,150000,98.37,64.98887637572376,0.803480142344561,10,0,8,500,98.76,100.0,98.55,92.59,99.09,97.96,100.0,100.0
2512,86029,99.45,65.24072584040441,0.7171402846256048,7,2,8,500,100.0,100.0,100.0,97.55,100.0,100.0,100.0,98.03
2513,73786,100.0,65.27160900798758,0.780750203744284,12,8,8,500,100.0,100.0,100.0,100.0,100.0,100.0,100.0,100.0
2514,150000,99.67,66.15398428874126,0.7859135738878034,12,0,8,500,97.33,100.0,100.0,100.0,100.0,100.0,100.0,100.0
2515,62525,100.0,65.42783950312563,0.7152878670498757,8,5,8,500,100.0,100.0,100.0,100.0,100.0,100.0,100.0,100.0
2516,150000,100.0,65.77709916250355,0.8825524157821685,15,0,8,500,100.0,100.0,100.0,100.0,100.0,100.0,100.0,100.0
2517,123541,100.0,65.73011234891767,0.7721893860734921,10,3,8,500,100.0,100.0,100.0,100.0,100.0,100.0,100.0,100.0
2518,54272,97.35,66.12708219587101,0.6774774368719312,8,6,8,500,100.0,100.0,100.0,100.0,93.9,91.65,93.42,99.8
2519,54018,99.72,66.09724983182319,0.7600496086290548,6,4,8,500,100.0,100.0,100.0,100.0,100.0,100.0,97.75,100.0
2520,104038,100.0,66.02216978767409,0.7647061070639213,10,4,8,500,100.0,100.0,100.0,100.0,100.0,100.0,100.0,100.0
2521,150000,100.0,65.31286549801179,0.794996119417119,12,1,8,500,100.0,100.0,100.0,100.0,100.0,100.0,100.0,100.0
2522,48511,100.0,65.70080027717167,0.8273909865230847,4,3,8,500,100.0,100.0,100.0,100.0,100.0,100.0,100.0,100.0
2523,87535,99.73,65.3792461535529,0.8278286302108406,10,5,8,500,100.0,100.0,100.0,100.0,100.0,97.81,100.0,100.0
2524,150000,100.0,64.90300127633968,0.6691052968002589,10,1,8,500,100.0,100.0,100.0,100.0,100.0,100.0,100.0,100.0
2525,61521,99.81,66.10608507705267,0.7331878622901106,6,3,8,500,100.0,100.0,98.48,100.0,100.0,100.0,100.0,100.0
2526,87025,100.0,66.46271573651727,0.8201138480093553,5,0,8,500,100.0,100.0,100.0,100.0,100.0,100.0,100.0,100.0
2527,47111,100.0,65.78680924980958,0.7312757364700174,7,8,8,500,100.0,100.0,100.0,100.0,100.0,100.0,100.0,100.0
2528,150000,99.67,67.67643611859599,0.7587047863379774,11,0,8,500,100.0,100.0,100.0,100.0,100.0,100.0,97.38,100.0
2529,150000,100.0,64.06447003585606,0.7420378451933224,12,1,8,500,100.0,100.0,100.0,100.0,100.0,100.0,100.0,100.0
2530,150000,100.0,65.49010131320729,0.8383910899586702,14,0,8,500,100.0,100.0,100.0,100.0,100.0,100.0,100.0,100.0
2531,47462,99.55,66.09856178528514,0.8065830970143254,6,6,8,500,100.0,100.0,100.0,96.37,100.0,100.0,100.0,100.0
2532,104030,100.0,65.2614199265318,0.8081957790164578,6,0,8,500,100.0,100.0,100.0,100.0,100.0,100.0,100.0,100.0
2533,73534,99.89,65.46025498475939,0.7550606575668922,11,7,8,500,100.0,100.0,100.0,100.0,100.0,99.15,100.0,100.0
2534,122537,99.55,66.70998585094038,0.7484121404931808,8,1,8,500,98.02,100.0,100.0,100.0,100.0,100.0,98.36,100.0
2535,62023,99.68,64.63114589446411,0.7878078600343439,7,4,8,500,100.0,100.0,100.0,100.0,100.0,97.47,100.0,100.0
2536,146044,98.85,65.13273144818606,0.7635395106882389,10,2,8,500,98.23,100.0,100.0,100.0,100.0,96.36,100.0,96.19
2537,86531,99.94,65.48624951126604,0.8493037658729563,8,3,8,500,100.0,100.0,100.0,99.49,100.0,100.0,100.0,100.0
2538,150000,99.78,66.32954428953032,0.7555903841524428,10,0,8,500,100.0,98.25,100.0,100.0,100.0,100.0,100.0,100.0
2539,124545,99.71,67.06136985561655,0.8762754183443565,12,5,8,500,100.0,100.0,100.0,100.0,100.0,100.0,100.0,97.71
2540,122537,99.98,65.29677831546155,0.7242057065056189,8,1,8,500,100.0,100.0,100.0,100.0,100.0,100.0,99.84,100.0
2541,47208,99.01,65.89172023500959,0.7268226213123902,4,4,8,500,100.0,100.0,97.77,100.0,100.0,94.3,100.0,100.0
2542,62023,100.0,64.7490838701193,0.8502935446714732,7,4,8,500,100.0,100.0,100.0,100.0,100.0,100.0,100.0,100.0
2543,150000,100.0,66.16597860790486,0.7096469855086962,12,0,8,500,100.0,100.0,100.0,100.0,100.0,100.0,100.0,100.0
2544,72526,100.0,65.31695711948178,0.7468666452547558,7,3,8,500,100.0,100.0,100.0,100.0,100.0,100.0,100.0,100.0
2545,103034,100.0,66.11070750077127,0.7325765693534322,8,2,8,500,100.0,100.0,100.0,100.0,100.0,100.0,100.0,100.0
2546,62277,100.0,65.01631872041061,0.8575190547203554,9,6,8,500,100.0,100.0,100.0,100.0,100.0,100.0,100.0,100.0
2547,150000,100.0,64.4581734563969,0.668708622240048,15,0,8,500,100.0,100.0,100.0,100.0,100.0,100.0,100.0,100.0
2548,46607,99.9,65.9030018358149,0.7447871743168852,5,6,8,500,100.0,100.0,99.2,100.0,100.0,100.0,100.0,100.0
2549,104038,100.0,65.69412936274391,0.8086297086075778,10,4,8,500,100.0,100.0,100.0,100.0,100.0,100.0,100.0,100.0
2550,150000,100.0,65.62101068958671,0.7804162782144795,10,1,8,500,100.0,100.0,100.0,100.0,100.0,100.0,100.0,100.0
2551,54272,100.0,65.49746704425999,0.8636929301421811,8,6,8,500,100.0,100.0,100.0,100.0,100.0,100.0,100.0,100.0
2552,103034,100.0,65.59606517214759,0.6930621013669711,8,2,8,500,100.0,100.0,100.0,100.0,100.0,100.0,100.0,100.0
2553,85527,100.0,65.10861961957839,0.7755359854237933,6,1,8,500,100.0,100.0,100.0,100.0,100.0,100.0,100.0,100.0
2554,122537,99.96,65.20875843375161,0.8819264032702949,8,1,8,500,100.0,99.71,100.0,100.0,100.0,100.0,100.0,100.0
2555,124545,99.66,65.06285214184449,0.8480476341583535,12,5,8,500,100.0,100.0,100.0,100.0,100.0,100.0,97.29,100.0
2556,48511,100.0,66.02654068793328,0.7188999886251879,4,3,8,500,100.0,100.0,100.0,100.0,100.0,100.0,100.0,100.0
2557,150000,99.86,65.82362111371573,0.7782854920288307,12,3,8,500,100.0,100.0,100.0,100.0,100.0,98.84,100.0,100.0
2558,72024,100.0,65.17412325830635,0.8696517563798011,6,2,8,500,100.0,100.0,100.0,100.0,100.0,100.0,100.0,100.0
2559,61521,99.8,64.89731656141522,0.6950175960532646,6,3,8,500,98.41,100.0,100.0,100.0,100.0,100.0,100.0,100.0
2560,150000,99.69,63.89424121632977,0.7888187020309685,11,0,8,500,97.72,100.0,100.0,100.0,100.0,100.0,100.0,99.78
2561,150000,99.57,65.40542262570798,0.7607408058880063,12,3,8,500,96.55,100.0,100.0,100.0,100.0,100.0,100.0,100.0
2562,86531,100.0,66.70255737062999,0.7616802634845788,8,3,8,500,100.0,100.0,100.0,100.0,100.0,100.0,100.0,100.0
2563,123541,100.0,66.31599178760659,0.7639021583239564,10,3,8,500,100.0,100.0,100.0,100.0,100.0,100.0,100.0,100.0
2564,54520,99.0,66.84433783092526,0.9079149043353868,7,5,8,500,100.0,100.0,100.0,97.89,100.0,97.6,96.55,100.0
2565,72526,100.0,65.07361874069639,0.7301432680248888,7,3,8,500,100.0,100.0,100.0,100.0,100.0,100.0,100.0,100.0
2566,62529,100.0,66.02164311150781,0.7038239393577713,10,7,8,500,100.0,100.0,100.0,100.0,100.0,100.0,100.0,100.0
2567,49515,99.74,64.34808906552637,0.791879009878869,6,5,8,500,100.0,99.01,100.0,100.0,100.0,100.0,100.0,98.92
2568,73028,100.0,65.07275017050644,0.7933843381100938,8,4,8,500,100.0,100.0,100.0,100.0,100.0,100.0,100.0,100.0
2569,49515,99.62,66.67397511293788,0.8179916370072516,6,5,8,500,100.0,100.0,100.0,100.0,100.0,100.0,96.97,100.0
2570,150000,99.11,65.56125236813425,0.7357995978226631,10,1,8,500,100.0,100.0,92.91,100.0,100.0,100.0,100.0,100.0
2571,150000,99.68,66.00617000205045,0.6207257714594228,11,0,8,500,100.0,97.42,100.0,100.0,100.0,100.0,100.0,100.0
2572,86531,100.0,66.47213725586734,0.8391930880951131,8,3,8,500,100.0,100.0,100.0,100.0,100.0,100.0,100.0,100.0
2573,103536,99.88,66.74635916282065,0.7195403593191838,9,3,8,500,100.0,100.0,99.01,100.0,100.0,100.0,100.0,100.0
2574,61521,99.69,66.09384469060802,0.7584402070361596,6,3,8,500,100.0,100.0,100.0,100.0,100.0,97.55,100.0,100.0
2575,73028,100.0,65.77761464576655,0.7431731930221818,8,4,8,500,100.0,100.0,100.0,100.0,100.0,100.0,100.0,100.0
2576,62023,100.0,66.74507174521486,0.7679987654282864,7,4,8,500,100.0,100.0,100.0,100.0,100.0,100.0,100.0,100.0
2577,72526,99.71,66.02255371331592,0.7116500181810151,7,3,8,500,100.0,100.0,100.0,100.0,100.0,100.0,100.0,97.7
2578,72024,99.76,66.6981766058551,0.6897899085959286,6,2,8,500,100.0,98.27,100.0,100.0,99.81,100.0,100.0,100.0
2579,72526,100.0,65.75278624056453,0.944351669803406,7,3,8,500,100.0,100.0,100.0,100.0,100.0,100.0,100.0,100.0
2580,103034,100.0,65.19272700583488,0.8116505906251273,8,2,8,500,100.0,100.0,100.0,100.0,100.0,100.0,100.0,100.0
2581,73028,100.0,66.20191635114008,0.8495928812965727,8,4,8,500,100.0,100.0,100.0,100.0,100.0,100.0,100.0,100.0
2582,150000,100.0,66.05063979515221,0.7461815965702155,10,1,8,500,100.0,100.0,100.0,100.0,100.0,100.0,100.0,100.0
2583,46053,99.47,64.2118451143745,0.8017116924814585,6,9,8,500,97.19,100.0,100.0,100.0,100.0,98.92,100.0,99.67
2584,150000,99.93,67.14532713695553,0.7538547417873731,12,2,8,500,100.0,100.0,100.0,100.0,99.42,100.0,100.0,100.0
2585,62277,100.0,66.29472739659104,0.7152781250504544,9,6,8,500,100.0,100.0,100.0,100.0,100.0,100.0,100.0,100.0
2586,124545,100.0,65.28680763996503,0.698322757210821,12,5,8,500,100.0,100.0,100.0,100.0,100.0,100.0,100.0,100.0
2587,49013,100.0,66.86608597514353,0.7447855072611245,5,4,8,500,100.0,100.0,100.0,100.0,100.0,100.0,100.0,100.0
2588,124297,100.0,65.62444805661372,0.7753253862757118,13,6,8,500,100.0,100.0,100.0,100.0,100.0,100.0,100.0,100.0
2589,146546,100.0,66.3454875433071,0.7199844507522419,11,3,8,500,100.0,100.0,100.0,100.0,100.0,100.0,100.0,100.0
2590,53014,99.94,63.94241909983591,0.725201012657572,4,2,8,500,100.0,100.0,100.0,100.0,100.0,100.0,99.49,100.0
2591,47714,98.98,66.9562400462721,0.7034230469603108,7,7,8,500,100.0,100.0,100.0,100.0,93.78,98.06,100.0,100.0
2592,150000,99.94,64.83840197365346,0.7916676548634354,12,2,8,500,100.0,100.0,99.53,100.0,100.0,100.0,100.0,100.0
2593,150000,99.01,65.34859941571155,0.7396398691256522,12,0,8,500,100.0,99.19,100.0,100.0,100.0,92.87,100.0,100.0
2594,122537,100.0,66.84317882395294,0.6340665011592365,8,1,8,500,100.0,100.0,100.0,100.0,100.0,100.0,100.0,100.0
2595,150000,99.73,65.06191460934446,0.7629552872879832,14,0,8,500,100.0,100.0,100.0,100.0,97.85,100.0,100.0,100.0
2596,62525,99.65,65.79070160155105,0.7091800437466661,8,5,8,500,100.0,97.23,100.0,100.0,100.0,100.0,100.0,100.0
2597,150000,99.68,66.60428674447034,0.7059010682079343,12,1,8,500,100.0,97.98,100.0,99.46,100.0,100.0,100.0,100.0
2598,103536,100.0,65.89650883506745,0.7160483322304916,9,3,8,500,100.0,100.0,100.0,100.0,100.0,100.0,100.0,100.0
2599,150000,100.0,65.81601422462403,0.7775812391924513,13,1,8,500,100.0,100.0,100.0,100.0,100.0,100.0,100.0,100.0
2600,150000,99.94,65.16329396692439,0.7981096931676794,10,1,8,500,100.0,100.0,100.0,100.0,99.48,100.0,100.0,100.0
2601,123039,99.36,65.03911864682996,0.7465112112912304,9,2,8,500,94.85,100.0,100.0,100.0,100.0,100.0,100.0,100.0
2602,104038,100.0,65.8277944736242,0.7578218790483349,10,4,8,500,100.0,100.0,100.0,100.0,100.0,100.0,100.0,100.0
2603,150000,99.64,65.37282585103789,0.7162006723847466,15,0,8,500,100.0,100.0,97.11,100.0,100.0,100.0,100.0,100.0
2604,150000,100.0,66.57480647335962,0.7759811319510962,12,0,8,500,100.0,100.0,100.0,100.0,100.0,100.0,100.0,100.0
2605,122537,99.52,65.56654850176464,0.8102830571349029,8,1,8,500,100.0,98.32,100.0,99.15,100.0,100.0,98.72,100.0
2606,62023,99.41,65.9029960555533,0.7069677885422658,7,4,8,500,96.3,100.0,100.0,100.0,100.0,98.98,100.0,100.0
2607,104038,100.0,66.26131473749086,0.7776630952047924,10,4,8,500,100.0,100.0,100.0,100.0,100.0,100.0,100.0,100.0
2608,150000,99.63,64.92071308368955,0.8001422513888592,9,0,8,500,100.0,100.0,98.93,100.0,100.0,98.1,100.0,100.0
2609,150000,98.65,64.49983372172896,0.7417431523971292,11,0,8,500,93.57,100.0,100.0,98.68,100.0,100.0,96.94,100.0
2610,150000,100.0,66.25933360991718,0.7057414452301367,15,0,8,500,100.0,100.0,100.0,100.0,100.0,100.0,100.0,100.0
2611,145542,99.25,66.30993486374163,0.7747716787900731,9,1,8,500,100.0,100.0,100.0,100.0,94.02,100.0,100.0,100.0
2612,46053,99.66,65.19886591299934,0.730532866122376,6,9,8,500,100.0,100.0,100.0,100.0,100.0,100.0,97.24,100.0
2613,150000,99.82,65.92987247265143,0.7657489880651868,12,1,8,500,98.54,100.0,100.0,100.0,100.0,100.0,100.0,100.0
2614,124035,100.0,65.1886021617151,0.7865929427856071,7,0,8,500,100.0,100.0,100.0,100.0,100.0,100.0,100.0,100.0
2615,86029,100.0,65.73213087652468,0.8270380997249526,7,2,8,500,100.0,100.0,100.0,100.0,100.0,100.0,100.0,100.0
2616,150000,100.0,65.96794962625405,0.7793073411733857,11,1,8,500,100.0,100.0,100.0,100.0,100.0,100.0,100.0,100.0
2617,46855,99.85,65.64141228876365,0.7569741908193326,4,5,8,500,100.0,100.0,100.0,100.0,100.0,100.0,98.79,100.0
2618,150000,100.0,65.57985244136168,0.7287899263677963,12,1,8,500,100.0,100.0,100.0,100.0,100.0,100.0,100.0,100.0
2619,86531,99.7,65.37324047637959,0.6773351751494529,8,3,8,500,100.0,100.0,100.0,100.0,100.0,97.64,100.0,100.0
2620,62525,100.0,65.05594745597524,0.8224188523646063,8,5,8,500,100.0,100.0,100.0,100.0,100.0,100.0,100.0,100.0
2621,48511,100.0,66.9121193756228,0.6822196457963329,4,3,8,500,100.0,100.0,100.0,100.0,100.0,100.0,100.0,100.0
2622,47111,100.0,65.72572275891659,0.7668421523747592,7,8,8,500,100.0,100.0,100.0,100.0,100.0,100.0,100.0,100.0
2623,123541,99.7,65.3862724255588,0.7960798112234747,10,3,8,500,100.0,97.56,100.0,100.0,100.0,100.0,100.0,100.0
2624,124035,99.51,66.55445874020648,0.7855325769072229,7,0,8,500,100.0,100.0,100.0,100.0,100.0,100.0,100.0,96.07
2625,103536,100.0,65.97852633422221,0.784639402198069,9,3,8,500,100.0,100.0,100.0,100.0,100.0,100.0,100.0,100.0
2626,150000,100.0,65.4118694161136,0.712189072663259,10,1,8,500,100.0,100.0,100.0,100.0,100.0,100.0,100.0,100.0
2627,147048,99.95,65.7141178981729,0.6806987522305961,12,4,8,500,100.0,100.0,100.0,100.0,100.0,100.0,99.57,100.0
2628,54520,100.0,65.81954154585343,0.6900052257890843,7,5,8,500,100.0,100.0,100.0,100.0,100.0,100.0,100.0,100.0
2629,54018,99.43,66.62340037622515,0.7822279832271273,6,4,8,500,100.0,100.0,100.0,100.0,100.0,100.0,95.47,100.0
2630,103034,99.28,67.65122383589454,0.7541753347098065,8,2,8,500,97.29,100.0,100.0,100.0,100.0,100.0,100.0,96.93
2631,104038,98.77,65.94426921996066,0.803720130749669,10,4,8,500,100.0,98.84,98.67,100.0,92.68,100.0,100.0,100.0
2632,150000,99.96,65.3679442228336,0.6769663599692003,15,0,8,500,100.0,99.7,100.0,100.0,100.0,100.0,100.0,100.0
2633,150000,100.0,65.11379422037578,0.7591188079134827,11,0,8,500,100.0,100.0,100.0,100.0,100.0,100.0,100.0,100.0
2634,102532,99.69,66.33351350419815,0.7321039155811847,7,1,8,500,97.59,99.9,100.0,100.0,100.0,100.0,100.0,100.0
2635,73282,100.0,65.75358403479915,0.9119933039027804,10,6,8,500,100.0,100.0,100.0,100.0,100.0,100.0,100.0,100.0
2636,150000,100.0,64.94319131158203,0.778529794625279,10,1,8,500,100.0,100.0,100.0,100.0,100.0,100.0,100.0,100.0
2637,45698,99.56,66.20063704827508,0.696687425492027,2,4,8,500,100.0,100.0,100.0,96.51,100.0,100.0,100.0,100.0
2638,150000,100.0,65.77305577342797,0.6797505352932474,10,1,8,500,100.0,100.0,100.0,100.0,100.0,100.0,100.0,100.0
2639,123541,100.0,65.64397628336235,0.7245639039201923,10,3,8,500,100.0,100.0,100.0,100.0,100.0,100.0,100.0,100.0
2640,62529,99.78,65.724449721091,0.7612061768203593,10,7,8,500,100.0,100.0,100.0,100.0,98.23,100.0,100.0,100.0
2641,103536,100.0,66.29444824411311,0.6669790550426662,9,3,8,500,100.0,100.0,100.0,100.0,100.0,100.0,100.0,100.0
2642,150000,99.86,66.36389235036609,0.7278094203025528,12,1,8,500,100.0,100.0,100.0,98.84,100.0,100.0,100.0,100.0
2643,54018,99.94,65.8579223145408,0.7609523680341014,6,4,8,500,100.0,100.0,99.53,100.0,100.0,100.0,100.0,100.0
2644,150000,98.36,65.14709044747482,0.7545995084807485,9,0,8,500,100.0,100.0,93.61,100.0,97.06,100.0,96.17,100.0
2645,103034,99.5,66.57004160460319,0.7354047175334718,8,2,8,500,100.0,100.0,100.0,100.0,100.0,100.0,95.97,100.0
2646,103536,99.32,65.00625614415631,0.8030009657013564,9,3,8,500,100.0,97.28,97.24,100.0,100.0,100.0,100.0,100.0
2647,150000,99.95,64.98058358540537,0.7133503656114384,11,1,8,500,100.0,100.0,100.0,100.0,99.59,100.0,100.0,100.0
2648,122537,99.99,64.68988383953798,0.7537600226134842,8,1,8,500,100.0,100.0,100.0,100.0,100.0,100.0,99.94,100.0
2649,150000,100.0,65.43591532602815,0.7068425949574705,12,3,8,500,100.0,100.0,100.0,100.0,100.0,100.0,100.0,100.0
2650,150000,99.89,65.80059006097116,0.715008610388428,13,4,8,500,100.0,100.0,100.0,100.0,99.09,100.0,100.0,100.0
2651,150000,99.32,65.33074006589112,0.715428969404676,14,0,8,500,100.0,100.0,100.0,100.0,94.58,100.0,100.0,100.0
2652,150000,100.0,65.47338860021418,0.7122977469250311,11,1,8,500,100.0,100.0,100.0,100.0,100.0,100.0,100.0,100.0
2653,124545,100.0,65.04372996782661,0.6452798887698965,12,5,8,500,100.0,100.0,100.0,100.0,100.0,100.0,100.0,100.0
2654,47714,100.0,65.87731056271717,0.7809708884464478,7,7,8,500,100.0,100.0,100.0,100.0,100.0,100.0,100.0,100.0
2655,123039,99.96,64.35165467240678,0.7404675659602413,9,2,8,500,100.0,100.0,100.0,100.0,99.65,100.0,100.0,100.0
2656,122537,99.2,64.27173739023058,0.8168423730590393,8,1,8,500,100.0,100.0,100.0,100.0,100.0,100.0,100.0,93.59
2657,146044,100.0,66.5611174845961,0.7728294374365277,10,2,8,500,100.0,100.0,100.0,100.0,100.0,100.0,100.0,100.0
2658,49519,100.0,67.56566000376831,0.7404402852385096,8,7,8,500,100.0,100.0,100.0,100.0,100.0,100.0,100.0,100.0
2659,61521,100.0,65.16263624313066,0.7797542271537815,6,3,8,500,100.0,100.0,100.0,100.0,100.0,100.0,100.0,100.0
2660,146044,100.0,66.7550921975766,0.6287009590958552,10,2,8,500,100.0,100.0,100.0,100.0,100.0,100.0,100.0,100.0
2661,49515,99.68,66.23179680859484,0.817244193863202,6,5,8,500,100.0,100.0,100.0,100.0,100.0,97.44,100.0,100.0
2662,54520,99.66,64.79242328703154,0.7524999671302952,7,5,8,500,100.0,100.0,100.0,100.0,100.0,100.0,100.0,97.29
2663,146044,100.0,65.92465654880898,0.7931844614279665,10,2,8,500,100.0,100.0,100.0,100.0,100.0,100.0,100.0,100.0
2664,150000,99.37,66.43455359251496,0.7629145303229177,12,2,8,500,94.96,100.0,100.0,100.0,100.0,100.0,100.0,100.0
2665,150000,100.0,66.41490455239352,0.7455803812190952,12,2,8,500,100.0,100.0,100.0,100.0,100.0,100.0,100.0,100.0
2666,87033,99.88,66.41510393419793,0.7720011772535659,9,4,8,500,100.0,100.0,99.07,100.0,100.0,100.0,100.0,100.0
2667,123541,99.54,67.22301636728619,0.7472314157894013,10,3,8,500,100.0,100.0,100.0,100.0,100.0,100.0,100.0,96.32
2668,150000,100.0,65.80980776130937,0.7798858456077137,11,0,8,500,100.0,100.0,100.0,100.0,100.0,100.0,100.0,100.0
2669,73028,100.0,65.88384463472757,0.7079813893877238,8,4,8,500,100.0,100.0,100.0,100.0,100.0,100.0,100.0,100.0
2670,62525,100.0,65.06296321519618,0.7836780487312731,8,5,8,500,100.0,100.0,100.0,100.0,100.0,100.0,100.0,100.0
2671,146044,99.59,65.33182162308596,0.7823862356474077,10,2,8,500,96.75,100.0,100.0,100.0,100.0,100.0,100.0,100.0
2672,146044,100.0,65.4151915647199,0.7876866432326209,10,2,8,500,100.0,100.0,100.0,100.0,100.0,100.0,100.0,100.0
2673,150000,99.84,65.35178288036043,0.7207288474606299,12,0,8,500,100.0,100.0,100.0,100.0,100.0,100.0,98.75,100.0
2674,146044,100.0,65.65244943527888,0.7052598966553278,10,2,8,500,100.0,100.0,100.0,100.0,100.0,100.0,100.0,100.0
2675,123541,100.0,66.52133037032834,0.7245098236972322,10,3,8,500,100.0,100.0,100.0,100.0,100.0,100.0,100.0,100.0
2676,150000,99.68,65.79720342974278,0.7237287814715443,15,0,8,500,97.4,100.0,100.0,100.0,100.0,100.0,100.0,100.0
2677,62525,99.71,65.13071114862137,0.7138237093531338,8,5,8,500,100.0,100.0,100.0,100.0,100.0,100.0,100.0,97.67
2678,48511,100.0,66.58666309537564,0.7000408375352974,4,3,8,500,100.0,100.0,100.0,100.0,100.0,100.0,100.0,100.0
2679,123541,99.78,65.98836049401581,0.7715202350829378,10,3,8,500,98.23,100.0,100.0,100.0,100.0,100.0,100.0,100.0
2680,54272,99.78,66.16554210974626,0.8104037950533299,8,6,8,500,100.0,100.0,100.0,100.0,100.0,100.0,98.23,100.0
2681,147040,99.45,65.78133283463184,0.7112250177875626,8,0,8,500,100.0,100.0,95.58,100.0,100.0,100.0,100.0,100.0
2682,150000,100.0,66.32480526520384,0.6602773443705124,10,0,8,500,100.0,100.0,100.0,100.0,100.0,100.0,100.0,100.0
2683,150000,100.0,65.27387681041343,0.7986329881978873,14,0,8,500,100.0,100.0,100.0,100.0,100.0,100.0,100.0,100.0
2684,150000,100.0,67.05494366402307,0.6812361927330438,12,1,8,500,100.0,100.0,100.0,100.0,100.0,100.0,100.0,100.0
2685,150000,100.0,66.1451188726315,0.7677796752952428,12,0,8,500,100.0,100.0,100.0,100.0,100.0,100.0,100.0,100.0
2686,54272,99.8,66.27366758069877,0.7785264990455509,8,6,8,500,100.0,100.0,100.0,100.0,100.0,100.0,98.36,100.0
2687,150000,100.0,66.50541014222995,0.7027337838791321,12,2,8,500,100.0,100.0,100.0,100.0,100.0,100.0,100.0,100.0
2688,73282,99.44,67.17677627815101,0.7965707793749414,10,6,8,500,99.76,100.0,95.78,100.0,100.0,100.0,100.0,100.0
2689,122537,100.0,64.73460638351239,0.6765767667815734,8,1,8,500,100.0,100.0,100.0,100.0,100.0,100.0,100.0,100.0
2690,150000,100.0,64.83404516285302,0.7726523405252107,12,2,8,500,100.0,100.0,100.0,100.0,100.0,100.0,100.0,100.0
2691,147040,99.68,66.32842892854191,0.8115449392038336,8,0,8,500,100.0,100.0,100.0,100.0,100.0,100.0,100.0,97.45
2692,150000,99.94,64.36009750218912,0.7522448878536677,11,0,8,500,99.49,100.0,100.0,100.0,100.0,100.0,100.0,100.0
2693,150000,100.0,65.92134098189551,0.7001669146832589,11,0,8,500,100.0,100.0,100.0,100.0,100.0,100.0,100.0,100.0
2694,73282,100.0,66.41606995387892,0.7225034888424245,10,6,8,500,100.0,100.0,100.0,100.0,100.0,100.0,100.0,100.0
2695,124545,100.0,67.14727838086912,0.6346158419910364,12,5,8,500,100.0,100.0,100.0,100.0,100.0,100.0,100.0,100.0
2696,104038,100.0,66.6005509841916,0.723939107004963,10,4,8,500,100.0,100.0,100.0,100.0,100.0,100.0,100.0,100.0
2697,145542,99.6,66.73619218668647,0.6847021993347464,9,1,8,500,97.72,100.0,100.0,100.0,99.05,100.0,100.0,100.0
2698,150000,99.44,64.45476212844814,0.8240804870080456,12,1,8,500,100.0,100.0,100.0,100.0,95.54,100.0,100.0,100.0
2699,150000,99.67,65.00575824948969,0.6437791472819331,11,0,8,500,100.0,100.0,100.0,99.38,97.96,100.0,100.0,100.0
2700,150000,99.72,66.33701613533228,0.8055049608880647,9,0,8,500,100.0,100.0,100.0,100.0,100.0,100.0,100.0,97.76
2701,87025,99.99,66.83100090274269,0.6939383098674881,5,0,8,500,100.0,100.0,100.0,100.0,99.9,100.0,100.0,100.0
2702,86531,99.32,66.19041908812275,0.6819086135152311,8,3,8,500,97.67,100.0,100.0,100.0,100.0,100.0,96.86,100.0
2703,150000,100.0,65.90659684008244,0.8279060543512428,14,0,8,500,100.0,100.0,100.0,100.0,100.0,100.0,100.0,100.0
2704,150000,100.0,64.94941996798515,0.7277879331952278,12,0,8,500,100.0,100.0,100.0,100.0,100.0,100.0,100.0,100.0
2705,102532,100.0,65.95377299322762,0.7681466819362868,7,1,8,500,100.0,100.0,100.0,100.0,100.0,100.0,100.0,100.0
2706,147040,99.17,66.93087184395355,0.7437818609047138,8,0,8,500,99.94,100.0,100.0,98.28,100.0,97.3,100.0,97.82
2707,150000,100.0,66.74470044862582,0.6075360181823085,11,1,8,500,100.0,100.0,100.0,100.0,100.0,100.0,100.0,100.0
2708,103034,100.0,67.17394365629585,0.6837943588043244,8,2,8,500,100.0,100.0,100.0,100.0,100.0,100.0,100.0,100.0
2709,150000,99.89,66.75241240726464,0.7216959661238426,15,0,8,500,100.0,100.0,100.0,100.0,99.09,100.0,100.0,100.0
2710,86531,100.0,66.54572650455461,0.739793803411412,8,3,8,500,100.0,100.0,100.0,100.0,100.0,100.0,100.0,100.0
2711,150000,99.86,64.53531596702038,0.656150994932477,14,0,8,500,100.0,100.0,100.0,100.0,100.0,100.0,100.0,98.86
2712,49519,99.86,65.94370671721613,0.6788497734512081,8,7,8,500,100.0,100.0,100.0,100.0,98.84,100.0,100.0,100.0
2713,150000,100.0,65.70655801314955,0.6345309026833822,14,0,8,500,100.0,100.0,100.0,100.0,100.0,100.0,100.0,100.0
2714,53516,100.0,65.46511756935989,0.7914295463449477,5,3,8,500,100.0,100.0,100.0,100.0,100.0,100.0,100.0,100.0
2715,150000,99.89,66.32725408789669,0.8078409036489727,14,2,8,500,100.0,100.0,100.0,100.0,100.0,99.92,100.0,99.18
2716,53516,99.89,66.7251348773749,0.7568215752717251,5,3,8,500,100.0,100.0,100.0,100.0,100.0,100.0,100.0,99.09
2717,61521,99.76,64.94474170220211,0.7941988756310608,6,3,8,500,100.0,100.0,98.85,100.0,99.19,100.0,100.0,100.0
2718,104292,99.62,66.01343939892347,0.7460631560441263,12,6,8,500,100.0,100.0,100.0,100.0,100.0,100.0,96.95,100.0
2719,150000,100.0,64.57685083217525,0.7583692763330506,12,2,8,500,100.0,100.0,100.0,100.0,100.0,100.0,100.0,100.0
2720,150000,99.3,65.20749999871559,0.7247046312365877,9,0,8,500,100.0,100.0,98.74,99.24,96.42,100.0,100.0,100.0
2721,150000,99.48,66.27032648645503,0.6336572419616776,10,0,8,500,100.0,100.0,100.0,100.0,100.0,100.0,96.38,99.5
2722,150000,100.0,65.06822070194677,0.7445730714374812,11,0,8,500,100.0,100.0,100.0,100.0,100.0,100.0,100.0,100.0
2723,48511,99.7,65.57541402447613,0.7297480339113661,4,3,8,500,100.0,100.0,100.0,100.0,100.0,100.0,100.0,97.58
2724,86531,100.0,65.47252396109037,0.7060518572439168,8,3,8,500,100.0,100.0,100.0,100.0,100.0,100.0,100.0,100.0
2725,54524,99.61,65.84303620925745,0.7460850706703736,9,7,8,500,100.0,100.0,100.0,96.88,100.0,100.0,100.0,100.0
2726,150000,100.0,67.68394488839434,0.6723251654395987,9,0,8,500,100.0,100.0,100.0,100.0,100.0,100.0,100.0,100.0
2727,150000,99.84,65.07173104437385,0.7056610982109536,10,0,8,500,100.0,100.0,99.74,100.0,99.0,100.0,100.0,100.0
2728,53014,99.83,66.43133172586309,0.691201605561991,4,2,8,500,100.0,99.41,100.0,100.0,100.0,100.0,100.0,99.24
2729,73282,100.0,66.94302270346714,0.71156741486361,10,6,8,500,100.0,100.0,100.0,100.0,100.0,100.0,100.0,100.0
2730,150000,99.84,65.20790541228409,0.750565216304298,13,0,8,500,100.0,98.7,100.0,100.0,100.0,100.0,100.0,100.0
2731,150000,99.68,65.55578343745935,0.7617039624436188,14,0,8,500,100.0,100.0,100.0,100.0,100.0,100.0,100.0,97.45
2732,150000,99.32,66.41102774828734,0.7744419132863576,14,0,8,500,100.0,100.0,100.0,100.0,100.0,100.0,100.0,94.52
2733,146546,100.0,66.81790213205115,0.7728748699004386,11,3,8,500,100.0,100.0,100.0,100.0,100.0,100.0,100.0,100.0
2734,73028,100.0,64.81085783200415,0.6515575578022574,8,4,8,500,100.0,100.0,100.0,100.0,100.0,100.0,100.0,100.0
2735,87535,99.41,67.67371923455069,0.7528405524694873,10,5,8,500,98.71,100.0,100.0,100.0,100.0,99.7,100.0,96.84
2736,87535,99.51,65.85629977190801,0.7650448746540324,10,5,8,500,100.0,100.0,100.0,96.06,100.0,100.0,100.0,100.0
2737,145542,100.0,65.4157970871025,0.7347211701412915,9,1,8,500,100.0,100.0,100.0,100.0,100.0,100.0,100.0,100.0
2738,150000,100.0,66.97568280615191,0.7377944669962477,16,1,8,500,100.0,100.0,100.0,100.0,100.0,100.0,100.0,100.0
2739,147048,100.0,65.11503858881309,0.7284208164848668,12,4,8,500,100.0,100.0,100.0,100.0,100.0,100.0,100.0,100.0
2740,73028,99.57,65.77746264136702,0.7661111801808798,8,4,8,500,100.0,100.0,100.0,100.0,100.0,100.0,98.55,98.01
2741,86531,97.48,66.89844365983194,0.698334795143062,8,3,8,500,100.0,100.0,100.0,100.0,100.0,100.0,92.57,87.23
2742,104038,100.0,66.11429623928046,0.819843189750701,10,4,8,500,100.0,100.0,100.0,100.0,100.0,100.0,100.0,100.0
2743,150000,99.69,66.00511489364425,0.6808759614288215,15,0,8,500,100.0,100.0,100.0,100.0,100.0,100.0,97.5,100.0
2744,150000,100.0,66.32615613973782,0.8044133532809594,14,0,8,500,100.0,100.0,100.0,100.0,100.0,100.0,100.0,100.0
2745,104540,99.55,64.57032915915548,0.7655696016125735,11,5,8,500,100.0,100.0,100.0,98.85,100.0,100.0,97.55,100.0
2746,150000,100.0,66.10232282531689,0.621120607138134,13,0,8,500,100.0,100.0,100.0,100.0,100.0,100.0,100.0,100.0
2747,72024,99.82,65.86450066317495,0.706679084777889,6,2,8,500,100.0,100.0,100.0,100.0,98.58,100.0,100.0,100.0
2748,150000,99.42,65.1942876645436,0.6437148437906234,11,0,8,500,100.0,100.0,100.0,95.34,100.0,100.0,100.0,100.0
2749,150000,100.0,65.67970774685831,0.7781927465257134,13,0,8,500,100.0,100.0,100.0,100.0,100.0,100.0,100.0,100.0
2750,87535,99.63,65.28708832791418,0.8017501489788214,10,5,8,500,100.0,100.0,100.0,100.0,100.0,100.0,97.05,100.0
2751,104038,99.76,65.6653274708261,0.7785400640664139,10,4,8,500,98.12,100.0,100.0,100.0,100.0,100.0,100.0,100.0
2752,150000,100.0,66.05882437022355,0.6700989263729955,14,1,8,500,100.0,100.0,100.0,100.0,100.0,100.0,100.0,100.0
2753,104038,99.58,67.46775587848633,0.7704512448236701,10,4,8,500,100.0,100.0,100.0,100.0,100.0,100.0,96.63,100.0
2754,86531,99.69,66.02524354307666,0.681571464029008,8,3,8,500,100.0,100.0,100.0,100.0,97.51,100.0,100.0,100.0
2755,45549,100.0,65.85098678312401,0.7703672343642451,4,7,8,500,100.0,100.0,100.0,100.0,100.0,100.0,100.0,100.0
2756,54524,100.0,65.36389841749352,0.8537152856230784,9,7,8,500,100.0,100.0,100.0,100.0,100.0,100.0,100.0,100.0
2757,73028,99.29,66.6467335436752,0.7200679274416526,8,4,8,500,100.0,96.03,100.0,100.0,100.0,100.0,98.27,100.0
2758,73530,99.36,67.23435072967543,0.7116231976284723,9,5,8,500,100.0,100.0,100.0,100.0,94.91,100.0,100.0,100.0
2759,150000,100.0,65.6715784155502,0.7448494781995185,15,0,8,500,100.0,100.0,100.0,100.0,100.0,100.0,100.0,100.0
2760,150000,100.0,66.50426915018764,0.7256325122600846,14,1,8,500,100.0,100.0,100.0,100.0,100.0,100.0,100.0,100.0
2761,146044,99.12,66.76489081659103,0.6658389772260895,10,2,8,500,100.0,92.99,100.0,100.0,100.0,100.0,100.0,100.0
2762,147040,99.56,67.32468635706101,0.7757254263321922,8,0,8,500,100.0,100.0,100.0,100.0,100.0,100.0,100.0,96.52
2763,72024,100.0,64.75687091016371,0.7289956713082767,6,2,8,500,100.0,100.0,100.0,100.0,100.0,100.0,100.0,100.0
2764,150000,99.46,66.16908748367267,0.7001205645369316,10,0,8,500,100.0,96.56,100.0,100.0,99.57,100.0,99.52,100.0
2765,147048,98.96,66.18805462630534,0.7544064215069759,12,4,8,500,100.0,96.88,100.0,98.5,100.0,100.0,100.0,96.3
2766,87033,100.0,67.76836408317688,0.656998208716906,9,4,8,500,100.0,100.0,100.0,100.0,100.0,100.0,100.0,100.0
2767,147048,100.0,66.24268006997069,0.7182977635811506,12,4,8,500,100.0,100.0,100.0,100.0,100.0,100.0,100.0,100.0
2768,86531,99.36,66.03231114043771,0.7734077355186667,8,3,8,500,100.0,100.0,100.0,100.0,95.68,99.22,100.0,100.0
2769,150000,99.91,65.74850769710407,0.7578309721500415,12,0,8,500,99.31,100.0,100.0,100.0,100.0,100.0,100.0,100.0
2770,62525,99.38,67.16029916489506,0.701719749122787,8,5,8,500,95.04,100.0,100.0,100.0,100.0,100.0,100.0,100.0
2771,103034,99.51,65.70586560773066,0.6709284182624651,8,2,8,500,96.51,100.0,100.0,99.59,100.0,100.0,100.0,100.0
2772,150000,100.0,65.16019453473434,0.7427469722472247,12,0,8,500,100.0,100.0,100.0,100.0,100.0,100.0,100.0,100.0
2773,150000,100.0,66.38885709244431,0.7808632082388148,14,0,8,500,100.0,100.0,100.0,100.0,100.0,100.0,100.0,100.0
2774,53014,99.67,66.77336158625978,0.7235477551615557,4,2,8,500,100.0,100.0,100.0,99.49,100.0,100.0,100.0,97.88
2775,150000,99.84,65.88376692810725,0.773676435748756,10,1,8,500,100.0,100.0,100.0,100.0,100.0,98.71,100.0,100.0
2776,123541,99.17,66.08533823924674,0.8020966185388141,10,3,8,500,100.0,100.0,100.0,100.0,100.0,100.0,93.39,100.0
2777,49515,99.92,66.94251815034657,0.652288649819701,6,5,8,500,100.0,100.0,100.0,100.0,99.35,100.0,100.0,100.0
2778,150000,100.0,65.98230362650536,0.8281616288546739,12,2,8,500,100.0,100.0,100.0,100.0,100.0,100.0,100.0,100.0
2779,150000,100.0,66.47200581722761,0.6804332684791171,14,0,8,500,100.0,100.0,100.0,100.0,100.0,100.0,100.0,100.0
2780,150000,99.76,64.96648458546143,0.7327632763233362,16,1,8,500,100.0,100.0,100.0,100.0,100.0,100.0,98.06,100.0
2781,72526,100.0,66.05492347385542,0.7038792637075209,7,3,8,500,100.0,100.0,100.0,100.0,100.0,100.0,100.0,100.0
2782,86531,100.0,66.76652207642643,0.6536651290209867,8,3,8,500,100.0,100.0,100.0,100.0,100.0,100.0,100.0,100.0
2783,150000,99.2,67.19472633285582,0.6017158332892001,15,0,8,500,98.16,100.0,100.0,100.0,100.0,100.0,95.45,100.0
2784,146044,99.97,65.48224168713251,0.7107652603781481,10,2,8,500,100.0,100.0,100.0,100.0,100.0,100.0,99.78,100.0
2785,72526,99.91,65.69444009498491,0.7746469592552157,7,3,8,500,100.0,100.0,100.0,100.0,99.28,100.0,100.0,100.0
2786,150000,100.0,63.30307561162275,0.6572617834401915,14,3,8,500,100.0,100.0,100.0,100.0,100.0,100.0,100.0,100.0
2787,48511,99.25,65.44503342803246,0.7640424489278494,4,3,8,500,100.0,100.0,94.02,100.0,100.0,100.0,100.0,100.0
2788,54524,100.0,66.91335878943673,0.721222120684682,9,7,8,500,100.0,100.0,100.0,100.0,100.0,100.0,100.0,100.0
2789,150000,100.0,65.55681617460917,0.7226298396340882,14,0,8,500,100.0,100.0,100.0,100.0,100.0,100.0,100.0,100.0
2790,150000,99.78,65.41780246513099,0.7505117862401042,14,0,8,500,100.0,98.24,100.0,100.0,100.0,100.0,100.0,100.0
2791,150000,99.75,66.71440253332094,0.6763836672973533,10,0,8,500,100.0,99.11,100.0,98.89,100.0,100.0,100.0,100.0
2792,150000,99.61,65.74815890248054,0.696198498923847,12,0,8,500,100.0,100.0,97.6,100.0,100.0,99.29,100.0,100.0
2793,150000,100.0,66.77837126172156,0.6965587145557046,16,1,8,500,100.0,100.0,100.0,100.0,100.0,100.0,100.0,100.0
2794,150000,100.0,66.50657713351258,0.6900557076217527,10,0,8,500,100.0,100.0,100.0,100.0,100.0,100.0,100.0,100.0
2795,104038,100.0,65.93849477205437,0.6613856233753987,10,4,8,500,100.0,100.0,100.0,100.0,100.0,100.0,100.0,100.0
2796,150000,100.0,65.17478218194442,0.661770641006852,9,0,8,500,100.0,100.0,100.0,100.0,100.0,100.0,100.0,100.0
2797,150000,98.62,66.21944565097407,0.746175661491702,12,0,8,500,100.0,100.0,92.53,100.0,100.0,96.47,100.0,100.0
2798,123541,100.0,67.121677466414,0.6981904613592309,10,3,8,500,100.0,100.0,100.0,100.0,100.0,100.0,100.0,100.0
2799,150000,99.81,65.94067838604424,0.698846308125377,13,3,8,500,100.0,100.0,98.48,100.0,100.0,100.0,100.0,100.0
2800,150000,98.7,66.39137707429789,0.7584940044039281,14,3,8,500,100.0,96.24,100.0,93.34,100.0,100.0,100.0,100.0
2801,150000,100.0,65.75154106234434,0.6346400785794434,14,4,8,500,100.0,100.0,100.0,100.0,100.0,100.0,100.0,100.0
2802,150000,100.0,65.21922945464712,0.7905786068393447,15,1,8,500,100.0,100.0,100.0,100.0,100.0,100.0,100.0,100.0
2803,150000,99.42,64.69204538587903,0.7121709269317661,14,0,8,500,100.0,100.0,100.0,95.38,100.0,100.0,100.0,100.0
2804,103034,99.96,65.51691879367482,0.624001946911766,8,2,8,500,99.66,100.0,100.0,100.0,100.0,100.0,100.0,100.0
2805,150000,100.0,64.9500070820333,0.7802247877941993,12,0,8,500,100.0,100.0,100.0,100.0,100.0,100.0,100.0,100.0
2806,73282,99.7,67.22335859058188,0.7157541229543544,10,6,8,500,100.0,100.0,100.0,100.0,100.0,97.56,100.0,100.0
2807,150000,99.47,66.24763838574593,0.6948646549805975,12,3,8,500,100.0,100.0,100.0,100.0,95.73,100.0,100.0,100.0
2808,150000,100.0,66.07904484083518,0.6838520650618594,13,0,8,500,100.0,100.0,100.0,100.0,100.0,100.0,100.0,100.0
2809,123541,99.11,65.7706087080315,0.7159453465832945,10,3,8,500,95.84,97.01,100.0,100.0,100.0,100.0,100.0,100.0
2810,150000,100.0,66.50721940109787,0.7287517329422362,12,0,8,500,100.0,100.0,100.0,100.0,100.0,100.0,100.0,100.0
2811,150000,100.0,66.03432882561032,0.7567222565793397,12,3,8,500,100.0,100.0,100.0,100.0,100.0,100.0,100.0,100.0
2812,150000,100.0,65.0214190249381,0.7491188546080575,11,2,8,500,100.0,100.0,100.0,100.0,100.0,100.0,100.0,100.0
2813,150000,100.0,66.38548646002272,0.7086386433298361,14,1,8,500,100.0,100.0,100.0,100.0,100.0,100.0,100.0,100.0
2814,150000,99.94,67.1051572495197,0.6877913756872478,16,2,8,500,100.0,100.0,99.55,100.0,100.0,100.0,100.0,100.0
2815,85527,99.88,65.79422167172963,0.7132192063638771,6,1,8,500,100.0,100.0,100.0,100.0,100.0,99.02,100.0,100.0
2816,124035,99.29,67.03477636581236,0.7274503797196851,7,0,8,500,98.74,100.0,100.0,100.0,100.0,100.0,100.0,95.56
2817,61521,99.84,64.53595956496395,0.8600349034370318,6,3,8,500,98.68,100.0,100.0,100.0,100.0,100.0,100.0,100.0
2818,150000,100.0,66.30783752939519,0.7686234764648819,12,0,8,500,100.0,100.0,100.0,100.0,100.0,100.0,100.0,100.0
2819,150000,99.61,66.92488848342195,0.6889864833738707,11,1,8,500,100.0,100.0,100.0,100.0,100.0,96.85,100.0,100.0
2820,150000,100.0,66.86589508511332,0.679280019054321,10,1,8,500,100.0,100.0,100.0,100.0,100.0,100.0,100.0,100.0
2821,150000,100.0,65.74013338138982,0.7728972291443019,13,0,8,500,100.0,100.0,100.0,100.0,100.0,100.0,100.0,99.97
2822,150000,99.94,66.57428656346501,0.6507537006536784,10,1,8,500,100.0,100.0,100.0,100.0,99.54,100.0,100.0,100.0
2823,122537,100.0,66.62221919469263,0.7404086104002962,8,1,8,500,100.0,100.0,100.0,100.0,100.0,100.0,100.0,100.0
2824,104038,100.0,66.38141865167127,0.6860491985402424,10,4,8,500,100.0,100.0,100.0,100.0,100.0,100.0,100.0,100.0
2825,150000,99.54,67.27822602372567,0.6750773620684172,15,0,8,500,100.0,100.0,100.0,100.0,98.72,97.7,99.92,100.0
2826,61521,100.0,66.14083531678239,0.7233600237695325,6,3,8,500,100.0,100.0,100.0,100.0,100.0,100.0,100.0,100.0
2827,150000,99.84,66.82975457033604,0.6839710706062468,14,2,8,500,100.0,100.0,99.9,100.0,100.0,98.83,100.0,100.0
2828,124545,100.0,65.55548625952424,0.7082191586034221,12,5,8,500,100.0,100.0,100.0,100.0,100.0,100.0,100.0,100.0
2829,150000,99.29,66.48023440562403,0.8469650665661181,13,0,8,500,100.0,100.0,100.0,100.0,100.0,100.0,100.0,94.33
2830,150000,99.18,66.43764637542333,0.6705307428546008,15,0,8,500,100.0,100.0,100.0,95.1,100.0,100.0,100.0,98.36
2831,122537,100.0,66.68666663145895,0.6888194863952588,8,1,8,500,100.0,100.0,100.0,100.0,100.0,100.0,100.0,100.0
2832,122537,99.86,66.4337094300318,0.7318113934694248,8,1,8,500,100.0,100.0,100.0,100.0,100.0,100.0,98.86,100.0
2833,150000,98.77,65.74372810327891,0.6842203301167114,14,2,8,500,93.48,100.0,100.0,96.66,100.0,100.0,100.0,100.0
2834,62277,99.57,65.84098731894798,0.6564023272796161,9,6,8,500,100.0,100.0,100.0,96.59,100.0,100.0,100.0,100.0
2835,146044,100.0,67.07078179729248,0.6747975972357834,10,2,8,500,100.0,100.0,100.0,100.0,100.0,100.0,100.0,100.0
2836,49519,100.0,68.05257383853126,0.792641413547349,8,7,8,500,100.0,100.0,100.0,100.0,100.0,100.0,100.0,100.0
2837,150000,100.0,66.04950289195006,0.6020020833206672,15,0,8,500,100.0,100.0,100.0,100.0,100.0,100.0,100.0,100.0
2838,150000,100.0,65.19888372717834,0.7670848822797757,14,0,8,500,100.0,100.0,100.0,100.0,100.0,100.0,100.0,100.0
2839,150000,99.75,66.85722486592363,0.7108366631403409,14,3,8,500,100.0,100.0,100.0,99.22,100.0,98.76,100.0,100.0
2840,62525,96.66,65.75278881181461,0.7143844033873886,8,5,8,500,97.03,96.3,93.56,96.79,100.0,89.56,100.0,100.0
2841,150000,99.23,66.36571669965122,0.7228719465538473,12,3,8,500,100.0,100.0,100.0,98.94,100.0,94.9,100.0,100.0
2842,150000,99.43,66.62630457504984,0.614063069442723,13,0,8,500,100.0,100.0,95.41,100.0,100.0,100.0,100.0,100.0
2843,150000,100.0,65.97931891675783,0.6429797415320593,11,0,8,500,100.0,100.0,100.0,100.0,100.0,100.0,100.0,100.0
2844,150000,99.58,67.73758443111271,0.7206867604738543,12,0,8,500,100.0,97.4,99.24,100.0,100.0,100.0,100.0,100.0
2845,150000,100.0,66.22314695323449,0.6940336368813972,14,0,8,500,100.0,100.0,100.0,100.0,100.0,100.0,100.0,100.0
2846,150000,100.0,64.52232042302171,0.7153378628844446,15,0,8,500,100.0,100.0,100.0,100.0,100.0,100.0,100.0,100.0
2847,150000,99.88,66.47768666116757,0.6960096094165494,15,0,8,500,100.0,100.0,99.03,100.0,100.0,100.0,100.0,100.0
2848,150000,99.52,65.80192451031881,0.8102832680134461,10,0,8,500,100.0,97.66,100.0,98.54,100.0,100.0,100.0,100.0
2849,150000,99.37,66.39141057898395,0.806925439338068,11,2,8,500,100.0,100.0,94.95,100.0,100.0,100.0,100.0,100.0
2850,150000,99.96,64.33000662423977,0.7632465132439985,14,3,8,500,100.0,100.0,100.0,100.0,100.0,100.0,99.72,100.0
2851,150000,100.0,67.57560967752401,0.6946197584718881,15,0,8,500,100.0,100.0,100.0,100.0,100.0,100.0,100.0,100.0
2852,150000,99.56,63.77089005864631,0.7399902682522812,13,0,8,500,98.38,100.0,100.0,98.1,100.0,100.0,100.0,100.0
2853,150000,100.0,66.28728932418959,0.6848591774682904,12,2,8,500,100.0,100.0,100.0,100.0,100.0,100.0,100.0,100.0
2854,73282,99.93,65.37220566940663,0.7072330874526381,10,6,8,500,100.0,99.41,100.0,100.0,100.0,100.0,100.0,100.0
2855,150000,99.71,66.69290890349792,0.6114997215084824,14,3,8,500,100.0,100.0,100.0,100.0,100.0,97.68,100.0,100.0
2856,73530,100.0,66.51927238203747,0.6861917598759119,9,5,8,500,100.0,100.0,100.0,100.0,100.0,100.0,100.0,100.0
2857,150000,99.6,65.70208661688298,0.7205170536725715,13,0,8,500,100.0,100.0,96.82,100.0,100.0,100.0,100.0,100.0
2858,150000,99.65,65.84922280720386,0.7066443259921203,10,0,8,500,97.72,100.0,100.0,100.0,99.45,100.0,100.0,100.0
2859,150000,99.98,65.97169551168552,0.7096501433719529,10,1,8,500,99.8,100.0,100.0,100.0,100.0,100.0,100.0,100.0
2860,150000,100.0,65.35851490585763,0.6544803396788251,10,0,8,500,100.0,100.0,100.0,100.0,100.0,100.0,100.0,100.0
2861,150000,99.73,67.13601821778916,0.6364140826636911,10,0,8,500,100.0,100.0,100.0,100.0,100.0,97.81,100.0,100.0
2862,147040,100.0,66.38751555219037,0.673582635005027,8,0,8,500,100.0,100.0,100.0,100.0,100.0,100.0,100.0,100.0
2863,150000,99.74,66.04181317611246,0.7639794836834614,12,2,8,500,100.0,98.86,100.0,99.05,100.0,100.0,100.0,100.0
2864,150000,100.0,66.17128736218427,0.7287475743208306,15,0,8,500,100.0,100.0,100.0,100.0,100.0,100.0,100.0,100.0
2865,150000,99.95,66.48457932451616,0.6733813142930425,10,0,8,500,100.0,100.0,100.0,100.0,100.0,99.58,100.0,100.0
2866,150000,99.62,65.81406566636026,0.6091523563395188,9,0,8,500,96.92,100.0,100.0,100.0,100.0,100.0,100.0,100.0
2867,61521,99.53,67.09511015341202,0.7140676584628916,6,3,8,500,100.0,100.0,100.0,100.0,100.0,100.0,96.23,100.0
2868,124035,99.31,66.38779947944539,0.738798618860824,7,0,8,500,97.94,100.0,97.8,98.72,100.0,100.0,100.0,100.0
2869,150000,100.0,67.39298120431383,0.6575882608548498,14,0,8,500,100.0,100.0,100.0,100.0,100.0,100.0,100.0,100.0
2870,150000,100.0,67.21857578367845,0.6761958186478196,12,0,8,500,100.0,100.0,100.0,100.0,100.0,100.0,100.0,100.0
2871,150000,100.0,65.46890372763177,0.6361651122046741,14,1,8,500,100.0,100.0,100.0,100.0,100.0,100.0,100.0,100.0
2872,150000,99.82,64.53175490066025,0.6867079162063316,14,0,8,500,98.57,100.0,100.0,100.0,100.0,100.0,100.0,100.0
2873,150000,100.0,65.17062157148675,0.7260371518064844,13,0,8,500,100.0,100.0,100.0,100.0,100.0,100.0,100.0,100.0
2874,150000,99.99,65.58956136216045,0.6453431152285051,15,0,8,500,100.0,100.0,100.0,99.89,100.0,100.0,100.0,100.0
2875,122537,100.0,65.99150292796136,0.7292004659522723,8,1,8,500,100.0,100.0,100.0,100.0,100.0,100.0,100.0,100.0
2876,150000,100.0,66.05182691719634,0.6598338998601168,12,0,8,500,100.0,100.0,100.0,100.0,100.0,100.0,100.0,100.0
2877,150000,99.16,65.19174812500869,0.7633471484565056,11,0,8,500,100.0,100.0,100.0,100.0,100.0,100.0,98.46,94.81
2878,150000,99.45,66.26942743578705,0.7265151538061018,14,0,8,500,100.0,100.0,100.0,100.0,100.0,100.0,95.6,100.0
2879,150000,98.97,65.79989847916619,0.7334141155441343,9,0,8,500,100.0,100.0,100.0,96.72,100.0,99.28,95.74,100.0
2880,150000,99.76,65.91045116684857,0.6826996087307551,12,0,8,500,100.0,98.08,100.0,100.0,100.0,100.0,100.0,100.0
2881,150000,99.34,64.4263493773836,0.6742201846645298,11,0,8,500,100.0,100.0,100.0,100.0,100.0,97.42,100.0,97.3
2882,123541,99.66,66.68924823702311,0.6948489036699278,10,3,8,500,100.0,100.0,97.3,100.0,100.0,100.0,100.0,100.0
2883,150000,99.52,65.24111092255927,0.6352157055874688,15,0,8,500,100.0,100.0,100.0,100.0,100.0,100.0,96.17,100.0
2884,150000,100.0,67.11394109202922,0.6810176012668001,12,3,8,500,100.0,100.0,100.0,100.0,100.0,100.0,100.0,100.0
2885,150000,99.75,66.63539453436574,0.6725224039939299,15,0,8,500,100.0,100.0,98.66,100.0,100.0,100.0,99.32,100.0
2886,150000,100.0,64.53105671782032,0.7130506162705993,13,1,8,500,100.0,100.0,100.0,100.0,100.0,100.0,100.0,100.0
2887,150000,99.59,66.99205266844695,0.6814173214618543,11,0,8,500,100.0,100.0,100.0,100.0,100.0,100.0,100.0,96.72
2888,150000,99.63,66.00061592692576,0.7854010564873896,12,3,8,500,100.0,100.0,100.0,100.0,100.0,100.0,100.0,97.03
2889,150000,100.0,65.67648773903122,0.6527785383527707,10,0,8,500,100.0,100.0,100.0,100.0,100.0,100.0,100.0,100.0
2890,150000,100.0,66.60604990457308,0.6622300739168515,15,0,8,500,100.0,100.0,100.0,100.0,100.0,100.0,100.0,100.0
2891,147040,99.53,66.71198313960414,0.6926569377009314,8,0,8,500,96.25,100.0,100.0,100.0,100.0,100.0,100.0,100.0
2892,150000,100.0,65.64517563423355,0.677069337856025,15,0,8,500,100.0,100.0,100.0,100.0,100.0,100.0,100.0,100.0
2893,150000,99.76,66.36958927423493,0.6919004115649184,11,0,8,500,100.0,100.0,100.0,98.11,100.0,100.0,100.0,100.0
2894,146044,100.0,66.41926555483269,0.7575408488604234,10,2,8,500,100.0,100.0,100.0,100.0,100.0,100.0,100.0,100.0
2895,123541,100.0,65.27299326665445,0.6313855054800759,10,3,8,500,100.0,100.0,100.0,100.0,100.0,100.0,100.0,100.0
2896,150000,99.74,66.90900323445548,0.6774441041833689,11,0,8,500,100.0,97.88,100.0,100.0,100.0,100.0,100.0,100.0
2897,150000,100.0,66.35010369054046,0.7059347892410569,12,3,8,500,100.0,100.0,100.0,100.0,100.0,100.0,100.0,100.0
2898,124297,100.0,66.49430169009275,0.7124907508941201,13,6,8,500,100.0,100.0,100.0,100.0,100.0,100.0,100.0,100.0
2899,146044,99.9,66.38192536834524,0.7209704343093324,10,2,8,500,100.0,100.0,99.24,100.0,100.0,100.0,100.0,100.0
2900,150000,99.27,67.75673630070257,0.6846918264295845,15,0,8,500,100.0,100.0,100.0,100.0,100.0,95.94,98.18,100.0
2901,86531,100.0,67.14842959656934,0.6569037882912914,8,3,8,500,100.0,100.0,100.0,100.0,100.0,100.0,100.0,100.0
2902,150000,99.98,65.90713469896282,0.6190042516622009,12,1,8,500,100.0,100.0,100.0,99.83,100.0,99.98,100.0,100.0
2903,150000,100.0,66.18169435872028,0.7458218772710598,10,1,8,500,100.0,100.0,100.0,100.0,100.0,100.0,100.0,100.0
2904,150000,99.46,66.99937623388107,0.6334720355437744,15,0,8,500,100.0,100.0,100.0,98.38,100.0,100.0,100.0,97.34
2905,150000,99.78,65.45369661443384,0.7738664653242826,14,0,8,500,100.0,100.0,98.27,100.0,100.0,100.0,100.0,100.0
2906,150000,98.95,67.45881679655729,0.7270613799613344,15,0,8,500,100.0,100.0,100.0,93.02,100.0,100.0,98.58,100.0
2907,146044,99.78,66.03249720622834,0.6321415268168161,10,2,8,500,100.0,98.2,100.0,100.0,100.0,100.0,100.0,100.0
2908,150000,99.93,67.62562184936883,0.6535400306091955,13,0,8,500,100.0,99.46,100.0,100.0,100.0,100.0,100.0,100.0
2909,150000,99.72,67.41942073222654,0.7027675708009792,12,1,8,500,97.72,100.0,100.0,100.0,100.0,100.0,100.0,100.0
2910,150000,100.0,65.33492229984614,0.6426093579338118,15,0,8,500,100.0,100.0,100.0,100.0,100.0,100.0,100.0,100.0
2911,102532,100.0,65.34522287223118,0.7266013995718485,7,1,8,500,100.0,100.0,100.0,100.0,100.0,100.0,100.0,100.0
2912,150000,100.0,66.42270923647185,0.7048006809685589,12,1,8,500,100.0,100.0,100.0,100.0,100.0,100.0,100.0,100.0
2913,85527,100.0,65.17671420119551,0.7326669122169227,6,1,8,500,100.0,100.0,100.0,100.0,100.0,100.0,100.0,100.0
2914,150000,99.7,66.68714443113505,0.6877207247063144,16,1,8,500,100.0,98.55,100.0,100.0,100.0,100.0,99.09,100.0
2915,147040,99.79,66.17195409069048,0.7311141738256177,8,0,8,500,98.35,100.0,100.0,100.0,100.0,100.0,100.0,100.0
2916,146546,99.97,65.06467088924796,0.628895468603249,11,3,8,500,100.0,100.0,100.0,100.0,100.0,99.78,100.0,100.0
2917,150000,100.0,67.0573774928779,0.694565060573938,15,0,8,500,100.0,100.0,100.0,100.0,100.0,100.0,100.0,100.0
2918,150000,99.86,66.84705733883435,0.61575486721054,14,0,8,500,100.0,100.0,100.0,100.0,98.92,100.0,100.0,100.0
2919,150000,99.3,65.35461787308991,0.6636228158850066,12,3,8,500,100.0,100.0,99.75,94.61,100.0,100.0,100.0,100.0
2920,146546,99.91,65.18262390914745,0.6908887259080697,11,3,8,500,99.28,100.0,100.0,100.0,100.0,100.0,100.0,100.0
2921,150000,100.0,66.1532290111539,0.7727019625017354,15,0,8,500,100.0,100.0,100.0,100.0,100.0,100.0,100.0,100.0
2922,150000,99.53,66.70784671894155,0.7844469841875685,17,4,8,500,100.0,100.0,100.0,100.0,100.0,97.11,99.14,100.0
2923,150000,100.0,67.88595779369044,0.7063193036434506,13,2,8,500,100.0,100.0,100.0,100.0,100.0,100.0,100.0,100.0
2924,146044,99.69,66.69262944889562,0.6730366347253741,10,2,8,500,97.49,100.0,100.0,100.0,100.0,100.0,100.0,100.0
2925,150000,100.0,66.86819006797738,0.6624667119055467,15,0,8,500,100.0,100.0,100.0,100.0,100.0,100.0,100.0,100.0
2926,87539,100.0,65.99493930969034,0.7154956926909438,12,7,8,500,100.0,100.0,100.0,100.0,100.0,100.0,100.0,100.0
2927,123541,99.72,65.92668120740966,0.7503830238841331,10,3,8,500,100.0,97.79,100.0,100.0,100.0,100.0,100.0,100.0
2928,123541,99.76,65.2167775070059,0.7185464144279567,10,3,8,500,100.0,100.0,100.0,100.0,100.0,100.0,100.0,98.08
2929,150000,100.0,66.39934579886717,0.7242802230221508,15,0,8,500,100.0,100.0,100.0,100.0,100.0,100.0,100.0,100.0
2930,62023,99.81,67.24792390359244,0.6621302963536968,7,4,8,500,100.0,100.0,100.0,100.0,100.0,100.0,100.0,98.49
2931,150000,99.36,65.56112894215191,0.6509989597267333,9,0,8,500,100.0,100.0,100.0,100.0,100.0,94.87,100.0,100.0
2932,87033,99.24,66.27557162070525,0.7358447857673284,9,4,8,500,96.19,98.84,100.0,100.0,100.0,100.0,100.0,98.9
2933,150000,100.0,66.76507646908298,0.77597939459529,13,0,8,500,100.0,100.0,100.0,100.0,100.0,100.0,100.0,100.0
2934,150000,99.63,65.92605753648515,0.6833967613578014,11,2,8,500,100.0,100.0,100.0,100.0,97.01,100.0,100.0,100.0
2935,150000,100.0,65.72385213748906,0.7275579118924026,10,0,8,500,100.0,100.0,100.0,100.0,100.0,100.0,100.0,100.0
2936,145542,99.44,64.44346345158115,0.6766481751057071,9,1,8,500,95.5,100.0,100.0,100.0,100.0,100.0,100.0,100.0
2937,124545,100.0,67.05351666378098,0.6210071374151374,12,5,8,500,100.0,100.0,100.0,100.0,100.0,100.0,100.0,100.0
2938,150000,100.0,65.3386750949868,0.6836611010365913,15,0,8,500,100.0,100.0,100.0,100.0,100.0,100.0,100.0,100.0
2939,150000,99.97,65.35756384190447,0.6944565645769957,13,4,8,500,99.75,100.0,100.0,100.0,100.0,100.0,100.0,100.0
2940,122537,99.95,65.46701496605941,0.7639459972854463,8,1,8,500,100.0,100.0,99.61,100.0,100.0,100.0,100.0,100.0
2941,150000,99.94,66.7815444747595,0.7274702872207278,15,0,8,500,100.0,100.0,99.55,100.0,100.0,100.0,100.0,100.0
2942,150000,100.0,67.42163992952521,0.7142058849782118,12,3,8,500,100.0,100.0,100.0,100.0,100.0,100.0,100.0,100.0
2943,147040,99.81,66.5775451815257,0.7170445949938011,8,0,8,500,100.0,100.0,100.0,100.0,100.0,98.5,100.0,100.0
2944,147048,100.0,65.4740791460163,0.7510840806573967,12,4,8,500,100.0,100.0,100.0,100.0,100.0,100.0,100.0,100.0
2945,150000,100.0,66.55624706518014,0.6409085910278473,15,0,8,500,100.0,100.0,100.0,100.0,100.0,100.0,100.0,100.0
2946,54272,99.05,67.12508503905968,0.7857927770775046,8,6,8,500,97.5,100.0,100.0,94.9,100.0,100.0,100.0,100.0
2947,150000,100.0,67.1690762151328,0.7505826157486223,13,0,8,500,100.0,100.0,100.0,100.0,100.0,100.0,100.0,100.0
2948,150000,99.87,66.59609482940472,0.7860020518736348,12,3,8,500,100.0,100.0,100.0,99.96,100.0,100.0,100.0,98.97
2949,147048,100.0,66.36848511651756,0.7438448300380925,12,4,8,500,100.0,100.0,100.0,100.0,100.0,100.0,100.0,100.0
2950,150000,98.83,66.58935754931093,0.69534780526255,11,1,8,500,97.55,100.0,94.81,98.29,100.0,100.0,100.0,100.0
2951,150000,100.0,66.85270192199576,0.7351802164342041,14,0,8,500,100.0,100.0,100.0,100.0,100.0,100.0,100.0,100.0
2952,150000,99.93,66.79720571929546,0.6378563256992792,15,0,8,500,100.0,100.0,100.0,100.0,100.0,100.0,100.0,99.44
2953,150000,99.56,67.25164262027997,0.7173398999614363,14,0,8,500,98.5,100.0,97.94,100.0,100.0,100.0,100.0,100.0
2954,150000,100.0,66.20796768753343,0.7739176412396805,13,0,8,500,100.0,100.0,100.0,100.0,100.0,100.0,100.0,100.0
2955,150000,99.5,67.26417834788084,0.6830331067793833,15,0,8,500,96.0,100.0,100.0,100.0,100.0,100.0,100.0,100.0
2956,150000,100.0,65.79604515751069,0.6436217650504841,13,3,8,500,100.0,100.0,100.0,100.0,100.0,100.0,100.0,100.0
2957,102532,99.6,66.16328183030862,0.6855823921357478,7,1,8,500,100.0,96.79,100.0,100.0,100.0,100.0,100.0,100.0
2958,150000,99.91,66.16953675969089,0.7641676555001714,14,0,8,500,99.28,100.0,100.0,100.0,100.0,100.0,100.0,100.0
2959,150000,100.0,65.51855157429242,0.6755486432794698,14,0,8,500,100.0,100.0,100.0,100.0,100.0,100.0,100.0,100.0
2960,150000,99.38,65.58693525784409,0.6756196116942421,14,1,8,500,100.0,100.0,100.0,100.0,99.61,100.0,100.0,95.42
2961,150000,99.44,66.84907876864904,0.735068361948965,10,1,8,500,100.0,100.0,100.0,100.0,100.0,100.0,95.54,100.0
2962,150000,99.96,65.19985818817419,0.6814743233817451,14,0,8,500,100.0,100.0,100.0,100.0,100.0,100.0,100.0,99.72
2963,150000,99.25,67.23701709993583,0.6567430116898859,10,0,8,500,100.0,100.0,94.02,100.0,100.0,100.0,100.0,100.0
2964,150000,99.72,65.48704881982631,0.6600628186670561,15,0,8,500,97.75,100.0,100.0,100.0,100.0,100.0,100.0,100.0
2965,150000,99.72,65.83566140713029,0.7295006219098957,15,0,8,500,100.0,100.0,100.0,97.73,100.0,100.0,100.0,100.0
2966,150000,100.0,66.08289179144525,0.8034651354667552,12,0,8,500,100.0,100.0,100.0,100.0,100.0,100.0,100.0,100.0
2967,150000,100.0,67.2828839216197,0.7197479343127225,13,0,8,500,100.0,100.0,100.0,100.0,100.0,100.0,100.0,100.0
2968,150000,99.7,66.08069498088577,0.6876493101800598,14,1,8,500,100.0,100.0,99.96,100.0,100.0,100.0,100.0,97.64
2969,150000,100.0,65.0642826985873,0.7229875063520188,15,0,8,500,100.0,100.0,100.0,100.0,100.0,100.0,100.0,100.0
2970,150000,99.65,66.03859757640973,0.610571574404576,13,0,8,500,97.18,100.0,100.0,100.0,100.0,100.0,100.0,100.0
2971,104540,99.63,65.96491979297447,0.6734425513544232,11,5,8,500,100.0,97.05,100.0,100.0,100.0,100.0,100.0,100.0
2972,150000,99.01,65.92775792063446,0.7589557745201383,13,1,8,500,100.0,93.8,98.29,100.0,100.0,100.0,100.0,100.0
2973,49519,99.52,65.55145677301653,0.6126567226209648,8,7,8,500,100.0,100.0,96.14,100.0,100.0,100.0,100.0,100.0
2974,150000,100.0,65.77938345897329,0.699443540753159,12,0,8,500,100.0,100.0,100.0,100.0,100.0,100.0,100.0,100.0
2975,150000,100.0,66.21580778968615,0.6022343664269609,10,0,8,500,100.0,100.0,100.0,100.0,100.0,100.0,100.0,100.0
2976,150000,99.73,65.44544121205914,0.7114791484709542,13,0,8,500,100.0,100.0,100.0,97.84,100.0,100.0,100.0,100.0
2977,150000,99.91,64.61332979891841,0.6897324522058896,11,0,8,500,100.0,100.0,99.31,100.0,100.0,100.0,100.0,100.0
2978,150000,100.0,67.30137585120029,0.672965274907159,14,1,8,500,100.0,100.0,100.0,100.0,100.0,100.0,100.0,100.0
2979,73786,100.0,65.2731258525749,0.6873351390008832,12,8,8,500,100.0,100.0,100.0,100.0,100.0,100.0,100.0,100.0
2980,150000,99.7,66.00553840201556,0.6485468345869493,10,0,8,500,100.0,100.0,100.0,100.0,100.0,100.0,97.56,100.0
2981,150000,100.0,66.43182601048206,0.662571990599018,15,0,8,500,100.0,100.0,100.0,100.0,100.0,100.0,100.0,100.0
2982,150000,100.0,65.83845767577859,0.6325371605427311,15,0,8,500,100.0,100.0,100.0,100.0,100.0,100.0,100.0,100.0
2983,150000,99.97,65.50146657701592,0.6588898804209093,12,0,8,500,100.0,99.79,100.0,100.0,100.0,100.0,100.0,100.0
2984,150000,100.0,65.45756360434298,0.6012427119062751,12,0,8,500,100.0,100.0,100.0,100.0,100.0,100.0,100.0,100.0
2985,150000,100.0,65.52689870126532,0.6293981017366306,14,0,8,500,100.0,100.0,100.0,100.0,100.0,100.0,100.0,100.0
2986,150000,100.0,66.78082786338415,0.6731871849192342,14,0,8,500,100.0,100.0,100.0,100.0,100.0,100.0,100.0,100.0
2987,150000,100.0,66.03361922517861,0.7503895131437194,12,1,8,500,100.0,100.0,100.0,100.0,100.0,100.0,100.0,100.0
2988,150000,100.0,66.0807564301946,0.7337502452876649,14,0,8,500,100.0,100.0,100.0,100.0,100.0,100.0,100.0,100.0
2989,150000,100.0,65.90890764043249,0.6884983632429312,15,0,8,500,100.0,100.0,100.0,100.0,100.0,100.0,100.0,100.0
2990,150000,99.71,66.43633737500409,0.8584177193741469,15,0,8,500,100.0,100.0,97.68,100.0,100.0,100.0,100.0,100.0
2991,150000,100.0,64.9042491505186,0.7995994730396324,16,5,8,500,100.0,100.0,100.0,100.0,100.0,100.0,100.0,100.0
2992,150000,100.0,65.69799473218141,0.683110101058496,12,1,8,500,100.0,100.0,100.0,100.0,100.0,100.0,100.0,100.0
2993,150000,99.6,66.91898020766484,0.7119958588138,13,3,8,500,100.0,100.0,100.0,100.0,100.0,100.0,96.76,100.0
2994,150000,100.0,66.01444802137779,0.6851253479873337,11,0,8,500,100.0,100.0,100.0,100.0,100.0,100.0,100.0,100.0
2995,150000,99.93,65.9161754095992,0.7837531313292129,11,2,8,500,100.0,100.0,100.0,100.0,100.0,99.41,100.0,100.0
2996,150000,99.2,66.45653783377414,0.672674173889463,14,0,8,500,100.0,100.0,99.45,94.59,100.0,99.57,100.0,100.0
2997,150000,99.77,66.06001042140616,0.7264917940914317,14,0,8,500,100.0,100.0,100.0,100.0,98.18,100.0,100.0,100.0
2998,150000,99.87,66.06584538221384,0.7467955658498436,13,1,8,500,100.0,100.0,100.0,100.0,100.0,100.0,98.97,100.0
2999,124545,100.0,65.66838843678823,0.6565939752341782,12,5,8,500,100.0,100.0,100.0,100.0,100.0,100.0,100.0,100.0
3000,150000,100.0,66.31155322343275,0.6055425221770631,15,0,8,500,100.0,100.0,100.0,100.0,100.0,100.0,100.0,100.0
