Generación,Fitness Global,CPU (%),Memoria (%),Tiempo (s),Goles Favor,Goles Contra,CPUs (configurados),Population Size,Core0 (%),Core1 (%),Core2 (%),Core3 (%),Core4 (%),Core5 (%),Core6 (%),Core7 (%)
1,33875,59.42,51.11074806092286,0.7605435225327354,0,25,6,100,63.02,68.35,52.01,59.88,59.8,53.49,0.0,0.0
2,33875,67.02,52.12948120879836,0.7162512518921654,0,25,6,100,61.3,62.32,76.45,59.33,75.69,67.03,0.0,0.0
3,33875,62.01,53.08561943449337,0.6923965367935263,0,25,6,100,67.19,63.14,58.46,63.09,57.13,63.06,0.0,0.0
4,33875,57.14,52.274651325979214,0.7734381832364084,0,25,6,100,54.75,51.68,60.62,58.62,63.76,53.4,0.0,0.0
5,33875,46.68,53.85652924298235,0.7025693802315002,0,25,6,100,48.77,51.01,45.36,44.8,45.0,45.13,0.0,0.0
6,33875,67.04,52.2926054519349,0.7425020280860064,0,25,6,100,69.75,71.3,55.11,70.69,67.02,68.4,0.0,0.0
7,33875,50.05,53.39285809956824,0.8086545969399658,0,25,6,100,46.68,49.31,45.01,58.38,47.06,53.88,0.0,0.0
8,33875,60.62,51.51030609697035,0.788238721048524,0,25,6,100,61.18,66.1,55.6,56.35,62.66,61.82,0.0,0.0
9,36696,68.49,53.024337109988274,0.7243547244569192,0,18,6,100,74.81,56.86,71.52,70.07,70.62,67.07,0.0,0.0
10,33875,59.14,53.8294521017438,0.7240872873829385,0,25,6,100,62.12,52.7,60.9,63.9,60.85,54.38,0.0,0.0
11,33875,68.08,52.740512028397646,0.8556071510046891,0,25,6,100,56.41,64.03,64.33,76.11,71.9,75.7,0.0,0.0
12,33875,57.58,53.435976753648895,0.8531401537562597,0,25,6,100,47.33,55.24,67.16,57.8,57.48,60.45,0.0,0.0
13,33875,70.79,53.83409630617705,0.6635016282540408,0,25,6,100,70.96,60.26,62.28,75.37,76.82,79.04,0.0,0.0
14,33875,73.82,53.33419145995537,0.7088970672776168,0,25,6,100,72.79,70.26,70.5,77.39,76.75,75.25,0.0,0.0
15,34278,60.22,52.734475796708765,0.804850521358556,0,24,6,100,62.4,64.54,57.08,51.13,62.21,63.96,0.0,0.0
16,33875,64.56,52.70467154677056,0.6940479873575883,0,25,6,100,60.47,67.35,57.56,61.74,68.61,71.61,0.0,0.0
17,35084,57.82,52.81615861980113,0.7581302257426715,0,22,6,100,55.01,60.6,51.73,59.29,54.77,65.54,0.0,0.0
18,33875,63.18,53.028173926587854,0.7321213573785869,0,25,6,100,72.05,58.14,64.37,62.89,65.41,56.24,0.0,0.0
19,33875,66.45,51.73245172773223,0.7170841488218979,0,25,6,100,65.99,57.65,72.8,71.1,66.66,64.49,0.0,0.0
20,33875,66.5,53.16877477741279,0.6687662267818366,0,25,6,100,69.8,66.68,60.92,60.26,65.77,75.59,0.0,0.0
21,33875,61.25,52.552706234296494,0.8088949384694701,0,25,6,100,54.07,52.81,60.08,63.5,66.81,70.21,0.0,0.0
22,33875,60.72,51.0587401487399,0.6879500124080807,0,25,6,100,57.19,63.4,55.45,59.75,62.82,65.7,0.0,0.0
23,33875,53.59,53.61748985556461,0.715050860565407,0,25,6,100,58.1,50.71,54.3,56.44,49.63,52.34,0.0,0.0
24,33875,74.93,51.92883155438565,0.8200876235620358,0,25,6,100,79.23,75.06,77.01,65.16,79.17,73.95,0.0,0.0
25,33875,68.23,53.51264432688589,0.776111422300634,0,25,6,100,70.36,68.84,62.22,73.46,60.84,73.67,0.0,0.0
26,33875,68.51,53.63910760882263,0.6643067868212841,0,25,6,100,71.16,65.77,69.74,68.92,62.3,73.19,0.0,0.0
27,33875,53.64,53.89313124888727,0.7446665305460242,0,25,6,100,48.18,53.06,52.6,52.25,56.68,59.1,0.0,0.0
28,34681,64.16,53.54910861276058,0.7848670561249071,0,23,6,100,57.29,62.27,60.46,68.52,65.3,71.09,0.0,0.0
29,33875,54.49,53.119521951333006,0.6407929145013597,0,25,6,100,61.91,45.84,48.24,51.81,61.09,58.05,0.0,0.0
30,33875,66.93,53.91887802769632,0.7409652642722013,0,25,6,100,74.51,70.42,67.78,67.26,60.47,61.16,0.0,0.0
31,33875,70.95,52.10588792429053,0.7874709269294423,0,25,6,100,63.72,79.21,67.31,67.66,72.6,75.21,0.0,0.0
32,34278,79.53,52.259803332212336,0.7070131512319685,0,24,6,100,66.75,86.88,69.49,87.0,84.22,82.82,0.0,0.0
33,33875,70.08,52.062710048005314,0.7294679678986697,0,25,6,100,59.29,74.72,76.51,71.47,70.55,67.95,0.0,0.0
34,33875,59.89,52.51313682938483,0.7905198234237295,0,25,6,100,56.89,67.04,61.68,60.08,50.13,63.5,0.0,0.0
35,33875,76.43,51.91670517146876,0.7801191246976493,0,25,6,100,82.42,83.55,67.52,67.14,85.2,72.74,0.0,0.0
36,33875,65.5,51.51787270028488,0.8408134657435936,0,25,6,100,69.6,55.54,72.41,69.08,64.98,61.37,0.0,0.0
37,34681,60.61,51.71407867251519,0.7669367137605589,0,23,6,100,67.83,66.24,52.49,58.31,63.75,55.06,0.0,0.0
38,33875,59.4,52.6629251528563,0.6968589108641823,0,25,6,100,58.4,56.4,66.42,55.42,53.69,66.08,0.0,0.0
39,33875,81.04,53.27095411164004,0.6738103461105389,0,25,6,100,80.32,89.06,79.43,89.34,74.53,73.54,0.0,0.0
40,34278,67.97,51.6788560548866,0.7081960287266679,0,24,6,100,56.24,78.56,64.46,69.32,71.6,67.66,0.0,0.0
41,33875,42.74,52.98414322191376,0.6958515529748247,0,25,6,100,47.66,38.24,44.77,35.96,44.96,44.85,0.0,0.0
42,35084,57.46,55.01284895876029,0.7907005840325465,0,22,6,100,62.25,56.68,57.92,58.8,60.72,48.39,0.0,0.0
43,33875,51.31,54.61184562203912,0.6807159629608079,0,25,6,100,50.24,50.86,52.72,54.96,52.86,46.24,0.0,0.0
44,33875,69.32,51.65005564284687,0.7302508097147319,0,25,6,100,76.65,59.21,79.96,73.83,65.13,61.15,0.0,0.0
45,33875,57.5,51.64642705248662,0.7168809272664862,0,25,6,100,50.66,53.2,60.25,58.89,67.56,54.43,0.0,0.0
46,33875,73.26,53.56048934716567,0.7162173243043526,0,25,6,100,66.03,72.29,79.31,72.4,78.64,70.87,0.0,0.0
47,33875,53.96,52.17224140517728,0.7653715136467526,0,25,6,100,53.43,53.22,51.02,58.09,46.57,61.46,0.0,0.0
48,33875,51.47,52.43577080006843,0.7086813493552007,0,25,6,100,50.66,51.19,41.7,53.12,55.87,56.28,0.0,0.0
49,33875,62.04,53.8582090157944,0.8133698052391153,0,25,6,100,65.54,67.14,60.56,59.97,59.28,59.78,0.0,0.0
50,33875,48.41,51.755068825866346,0.7344792018801395,0,25,6,100,45.52,50.69,48.52,53.46,47.4,44.87,0.0,0.0
51,33875,46.78,52.273000318656,0.7817331033725188,0,25,6,100,43.97,46.79,47.86,42.42,52.12,47.51,0.0,0.0
52,33875,60.44,53.970556377823286,0.8315003168183943,0,25,6,100,56.91,57.29,58.28,62.14,58.1,69.94,0.0,0.0
53,33875,62.8,50.7209111215455,0.686344479964314,0,25,6,100,64.56,61.75,60.79,69.97,66.88,52.87,0.0,0.0
54,33875,67.92,53.40825451767668,0.7775020911105973,0,25,6,100,66.89,73.94,61.76,67.95,68.67,68.31,0.0,0.0
55,33875,58.84,53.60172676137408,0.7892174557842757,0,25,6,100,53.33,60.0,64.0,63.99,51.22,60.53,0.0,0.0
56,33875,68.37,53.1527467836624,0.7463179811503127,0,25,6,100,74.38,56.54,62.73,65.86,76.23,74.46,0.0,0.0
57,34681,69.62,52.66783701794085,0.7210401782022355,0,23,6,100,72.32,73.45,69.41,67.23,65.14,70.15,0.0,0.0
58,33875,61.55,54.55724106136599,0.7303930200764528,0,25,6,100,58.85,66.68,57.42,51.94,61.66,72.78,0.0,0.0
59,33875,66.95,52.415842711041776,0.6745638320479274,0,25,6,100,59.99,66.72,73.33,78.19,63.7,59.76,0.0,0.0
60,34278,55.88,52.53761097922533,0.7522461815461932,0,24,6,100,47.29,63.95,52.33,55.22,52.9,63.57,0.0,0.0
61,33875,76.8,52.10461762608746,0.7158612999806683,0,25,6,100,86.87,69.78,81.66,79.08,68.38,75.01,0.0,0.0
62,33875,58.66,52.23347747858988,0.7506246180769338,0,25,6,100,56.72,52.98,61.53,63.83,63.61,53.27,0.0,0.0
63,33875,68.04,54.0010880292418,0.7625874302024446,0,25,6,100,67.23,72.34,67.5,62.85,64.02,74.27,0.0,0.0
64,35084,56.93,51.43887392708607,0.6406188894887221,0,22,6,100,58.22,54.66,63.69,54.77,58.97,51.26,0.0,0.0
65,34278,55.63,52.33761827148751,0.6846114324022036,0,24,6,100,61.02,58.71,51.94,46.66,59.07,56.4,0.0,0.0
66,33875,42.49,52.21037514984297,0.7226370401718644,0,25,6,100,48.38,41.69,41.12,39.47,42.64,41.61,0.0,0.0
67,33875,73.39,53.58064353253496,0.7287773906011861,0,25,6,100,77.82,80.2,79.37,62.83,77.86,62.28,0.0,0.0
68,33875,55.16,53.63223242956102,0.7036003195371809,0,25,6,100,60.08,44.11,52.17,56.39,51.68,66.52,0.0,0.0
69,33875,52.21,53.77205297896603,0.7032625227992367,0,25,6,100,45.68,54.12,56.5,55.74,52.96,48.24,0.0,0.0
70,33875,65.49,53.92010165758855,0.7078822963076168,0,25,6,100,65.44,64.38,69.33,76.7,62.18,54.9,0.0,0.0
71,33875,57.14,54.73876676901685,0.704073655944745,0,25,6,100,59.96,55.63,55.15,48.02,62.05,62.02,0.0,0.0
72,33875,57.25,52.21696581836507,0.716077846099822,0,25,6,100,49.24,55.56,50.61,66.03,63.57,58.51,0.0,0.0
73,34681,45.31,52.6696774449544,0.7075731456893629,0,23,6,100,49.69,41.93,42.82,38.02,51.88,47.5,0.0,0.0
74,34681,53.45,54.59772432768326,0.7253120622567667,0,23,6,100,55.92,46.84,62.56,55.0,44.91,55.45,0.0,0.0
75,33875,66.01,53.50399640821347,0.7427628474823522,0,25,6,100,74.25,54.42,67.52,67.85,67.36,64.67,0.0,0.0
76,33875,66.47,53.73514477256317,0.7297345679595614,0,25,6,100,64.23,58.03,68.49,58.76,74.9,74.39,0.0,0.0
77,33875,60.81,52.794271390432925,0.7825039852010067,0,25,6,100,62.69,50.68,65.46,63.05,54.13,68.87,0.0,0.0
78,33875,40.45,52.7507936301258,0.6836295997364369,0,25,6,100,38.96,38.96,36.01,48.0,35.49,45.28,0.0,0.0
79,33875,60.62,53.53337026712609,0.6798951210351419,0,25,6,100,64.43,56.1,53.24,65.98,67.06,56.92,0.0,0.0
80,33875,62.2,51.6610863780919,0.8252509135971478,0,25,6,100,57.32,59.3,69.73,54.11,67.53,65.2,0.0,0.0
81,33875,66.74,51.996338831079335,0.6390728198820519,0,25,6,100,61.18,69.95,64.22,64.71,71.13,69.24,0.0,0.0
82,34278,66.71,52.940147702004985,0.6975099514110483,0,24,6,100,65.63,72.1,60.41,68.34,70.74,63.04,0.0,0.0
83,33875,70.12,53.850770471845,0.7314220687363608,0,25,6,100,71.19,78.29,77.3,74.35,58.9,60.67,0.0,0.0
84,33875,51.54,54.08719380413445,0.6932683714299828,0,25,6,100,51.38,45.79,46.34,53.35,54.65,57.71,0.0,0.0
85,33875,70.15,53.036499943566376,0.6497760707712675,0,25,6,100,77.26,68.16,67.16,68.45,72.14,67.72,0.0,0.0
86,33875,44.86,52.30188132830307,0.7379639646719697,0,25,6,100,45.03,44.12,45.41,42.91,48.98,42.74,0.0,0.0
87,33875,62.85,51.87804465455344,0.6475156893044838,0,25,6,100,71.15,68.77,64.8,57.38,60.82,54.2,0.0,0.0
88,33875,62.99,52.89602387778088,0.7864019871667788,0,25,6,100,57.01,64.25,54.77,73.74,66.69,61.46,0.0,0.0
89,33875,43.07,52.408317951816784,0.7542371913204063,0,25,6,100,38.7,45.73,37.86,42.37,46.28,47.46,0.0,0.0
90,33875,62.16,51.49826345907281,0.7157637501281758,0,25,6,100,60.58,57.16,55.87,61.67,63.83,73.83,0.0,0.0
91,33875,61.61,52.10396814690577,0.6461226719614219,0,25,6,100,65.1,56.87,64.03,61.05,68.29,54.31,0.0,0.0
92,33875,60.78,54.16685534148259,0.7793898262969379,0,25,6,100,67.03,57.36,69.41,57.73,59.09,54.09,0.0,0.0
93,33875,51.89,52.99296708924569,0.8154192934964617,0,25,6,100,54.68,42.71,57.3,58.44,45.12,53.08,0.0,0.0
94,33875,76.41,51.86785712870487,0.6023410132328633,0,25,6,100,73.38,78.19,72.59,82.71,75.92,75.67,0.0,0.0
95,33875,66.37,52.38985532464183,0.7938586076889326,0,25,6,100,62.32,71.26,61.85,64.8,64.02,73.99,0.0,0.0
96,34681,54.79,51.91613430315674,0.769166390567442,0,23,6,100,58.16,56.29,48.07,45.02,60.76,60.47,0.0,0.0
97,33875,63.07,50.55433957360842,0.659221464865638,0,25,6,100,57.08,58.41,68.06,59.41,60.24,75.21,0.0,0.0
98,33875,60.1,54.02029499225488,0.625227673990258,0,25,6,100,62.16,63.22,62.42,59.09,55.04,58.7,0.0,0.0
99,33875,66.69,53.78048881233129,0.7014895116048514,0,25,6,100,72.85,69.56,62.73,66.54,69.34,59.1,0.0,0.0
100,33875,48.99,53.793944853726096,0.8335852429199325,0,25,6,100,53.75,43.95,54.22,46.84,51.41,43.75,0.0,0.0
101,33875,67.92,53.48697549621747,0.671621925201824,0,25,6,100,68.44,66.75,66.14,62.69,71.09,72.4,0.0,0.0
102,33875,67.19,53.34731341010101,0.7886486785869838,0,25,6,100,68.99,70.37,69.83,68.41,67.24,58.28,0.0,0.0
103,33875,58.18,53.8169614220178,0.6687447082632948,0,25,6,100,54.85,56.17,60.0,62.15,51.26,64.64,0.0,0.0
104,33875,73.36,51.667181954756,0.713544033715132,0,25,6,100,75.16,73.34,76.74,70.98,73.68,70.28,0.0,0.0
105,33875,61.73,52.049613989943474,0.7897898741292702,0,25,6,100,57.34,62.39,66.64,67.67,51.24,65.1,0.0,0.0
106,33875,71.22,52.72770732984675,0.6341596434357873,0,25,6,100,61.48,66.02,76.52,73.32,73.62,76.38,0.0,0.0
107,33875,62.28,53.85313647675799,0.5746382116644303,0,25,6,100,63.67,61.39,63.48,66.26,48.73,70.14,0.0,0.0
108,33875,59.91,53.505195492074975,0.7387591914827062,0,25,6,100,62.19,55.09,64.67,53.24,59.7,64.56,0.0,0.0
109,33875,57.93,52.60727629770383,0.7117144952501219,0,25,6,100,49.6,58.94,61.0,63.73,55.67,58.62,0.0,0.0
110,33875,71.42,54.00658093326495,0.7572468657162821,0,25,6,100,67.17,70.3,71.96,76.96,62.98,79.12,0.0,0.0
111,33875,68.25,51.61851479445369,0.6019807623056288,0,25,6,100,63.94,75.57,72.35,64.64,59.91,73.07,0.0,0.0
112,33875,54.56,54.07004344521944,0.6677941853417347,0,25,6,100,56.03,54.16,52.26,56.67,51.49,56.78,0.0,0.0
113,33875,61.2,53.00904021802362,0.6621717754175225,0,25,6,100,56.95,63.73,61.58,53.25,63.93,67.73,0.0,0.0
114,33875,61.54,53.89296135638332,0.6999564016331251,0,25,6,100,63.44,58.72,62.01,64.36,64.27,56.45,0.0,0.0
115,33875,60.82,51.946982704342346,0.6690217555823842,0,25,6,100,66.7,59.64,62.83,62.46,60.42,52.86,0.0,0.0
116,33875,60.06,51.17208280111457,0.6989999651366002,0,25,6,100,59.61,60.1,61.16,58.44,65.76,55.26,0.0,0.0
117,33875,63.21,52.73277503300544,0.6968585472105023,0,25,6,100,55.44,66.72,62.24,66.02,67.99,60.87,0.0,0.0
118,33875,62.94,53.3905360854373,0.6372432512675313,0,25,6,100,61.92,58.36,57.77,68.42,69.2,61.95,0.0,0.0
119,33875,59.34,50.96620500737242,0.7733124864003097,0,25,6,100,52.36,65.24,52.25,62.5,64.7,58.97,0.0,0.0
120,34278,65.18,51.92363133836966,0.6840562058885048,0,24,6,100,64.47,60.0,62.84,73.22,61.76,68.78,0.0,0.0
121,34681,71.06,54.10364289037517,0.7581248629978775,0,23,6,100,62.65,62.54,80.33,63.02,79.17,78.65,0.0,0.0
122,35487,45.75,53.5790902357658,0.6862851155965487,0,21,6,100,40.2,42.0,50.26,42.39,53.53,46.11,0.0,0.0
123,33875,58.26,52.42800496967594,0.7199561230671105,0,25,6,100,51.74,63.95,55.78,58.51,54.08,65.52,0.0,0.0
124,33875,43.02,53.45063128697642,0.7408016020445571,0,25,6,100,42.02,46.51,46.59,38.07,43.76,41.17,0.0,0.0
125,33875,69.18,50.4667043478538,0.6780712517907617,0,25,6,100,65.45,65.87,69.24,71.03,70.1,73.37,0.0,0.0
126,34278,65.07,52.88555058859856,0.7383696024470937,0,24,6,100,74.32,59.98,70.21,56.26,59.5,70.16,0.0,0.0
127,33875,75.16,51.78481773717689,0.8489043841852907,0,25,6,100,66.58,79.4,71.68,72.42,74.07,86.83,0.0,0.0
128,35084,53.6,52.81952002354427,0.7311922842588874,0,22,6,100,57.61,52.0,53.67,53.99,56.57,47.73,0.0,0.0
129,33875,72.28,52.18580226692768,0.7313759884997463,0,25,6,100,68.76,78.98,77.24,70.04,63.03,75.61,0.0,0.0
130,33875,61.39,51.85278393246041,0.6660479995433932,0,25,6,100,65.06,55.72,66.63,55.11,64.05,61.75,0.0,0.0
131,33875,62.94,54.533837371765046,0.7333899331119974,0,25,6,100,58.33,72.08,62.26,64.46,65.93,54.55,0.0,0.0
132,35890,55.38,54.4058787253579,0.6053383803701596,0,20,6,100,64.27,61.51,50.48,48.28,47.46,60.29,0.0,0.0
133,34278,69.89,52.34163371197035,0.7508952292574395,0,24,6,100,74.03,70.98,61.75,72.9,69.96,69.73,0.0,0.0
134,33875,53.04,52.13977485757373,0.7766800044794806,0,25,6,100,45.07,56.68,46.26,61.4,58.83,50.01,0.0,0.0
135,33875,60.72,53.95095117154182,0.7346004472960505,0,25,6,100,64.68,61.03,60.49,58.9,58.64,60.61,0.0,0.0
136,33875,70.24,53.099884259058335,0.7962656038409162,0,25,6,100,71.51,63.2,82.14,70.49,67.01,67.11,0.0,0.0
137,33875,66.37,55.09325821647671,0.7157099610518015,0,25,6,100,64.81,69.66,75.86,66.67,63.03,58.2,0.0,0.0
138,33875,63.43,52.24159401533157,0.73279111968905,0,25,6,100,59.57,66.03,66.58,61.22,64.27,62.92,0.0,0.0
139,33875,74.0,55.28716410307217,0.7485682602021606,0,25,6,100,77.78,71.12,78.4,68.71,73.03,74.99,0.0,0.0
140,33875,59.14,54.56745155552561,0.6683540270853219,0,25,6,100,52.64,60.39,61.34,64.72,58.76,56.96,0.0,0.0
141,33875,45.78,52.43437452053709,0.7238620169778405,0,25,6,100,47.27,47.44,42.77,42.25,43.09,51.83,0.0,0.0
142,33875,67.75,52.86940580838759,0.6856426482332378,0,25,6,100,59.99,65.15,69.93,70.72,63.14,77.56,0.0,0.0
143,35084,41.66,52.33616099785117,0.6703459407140379,0,22,6,100,38.59,44.67,41.03,39.25,40.91,45.53,0.0,0.0
144,33875,64.09,53.97342651880759,0.7748474503496628,0,25,6,100,60.37,60.85,69.36,65.79,69.41,58.78,0.0,0.0
145,34681,65.04,53.67015654970824,0.8015791380553527,0,23,6,100,68.53,63.73,61.46,69.08,55.62,71.79,0.0,0.0
146,33875,73.73,53.239933692457086,0.7185323506576107,0,25,6,100,75.12,67.18,74.78,70.8,72.68,81.84,0.0,0.0
147,33875,52.24,54.446920611514194,0.8073599568068794,0,25,6,100,53.85,55.36,48.61,50.69,46.2,58.75,0.0,0.0
148,33875,61.07,52.84267001613816,0.7046095285429523,0,25,6,100,59.8,51.44,67.89,61.5,64.18,61.63,0.0,0.0
149,34681,52.68,54.03928156989745,0.7572615847333727,0,23,6,100,52.92,55.58,53.44,53.13,54.23,46.76,0.0,0.0
150,33875,68.27,52.28874078816015,0.7083402554902346,0,25,6,100,74.54,53.89,74.88,63.2,69.17,73.94,0.0,0.0
151,33875,72.74,52.09236277787822,0.7391235179757646,0,25,6,100,84.68,63.53,68.29,66.74,72.45,80.74,0.0,0.0
152,33875,61.91,53.99438786616994,0.690160058006424,0,25,6,100,61.13,71.03,57.7,59.8,69.86,51.94,0.0,0.0
153,33875,64.73,52.66305269625225,0.7284013087241326,0,25,6,100,65.21,66.87,53.67,67.23,70.2,65.2,0.0,0.0
154,33875,54.47,53.07174018837752,0.6087218880792205,0,25,6,100,50.41,53.16,61.58,55.14,56.44,50.1,0.0,0.0
155,33875,60.7,53.75246763444184,0.71799260001851,0,25,6,100,65.89,67.32,52.9,62.25,59.18,56.64,0.0,0.0
156,34681,61.13,53.12262189158266,0.6333500358009205,0,23,6,100,68.53,59.26,64.96,55.44,62.27,56.3,0.0,0.0
157,33875,55.18,50.68606952173171,0.7482855461583787,0,25,6,100,56.06,50.16,59.11,47.26,57.88,60.64,0.0,0.0
158,33875,60.13,55.04514049822564,0.7400920158155724,0,25,6,100,63.68,57.26,63.29,56.09,54.3,66.14,0.0,0.0
159,33875,64.79,54.59798079719733,0.7257590954450666,0,25,6,100,70.26,63.01,59.54,59.92,71.39,64.62,0.0,0.0
160,34278,71.16,54.29835516442126,0.7841241157765759,0,24,6,100,64.71,71.28,58.5,79.72,79.24,73.52,0.0,0.0
161,33875,66.89,52.70337026550055,0.6094727257268369,0,25,6,100,65.6,65.56,62.17,72.47,77.48,58.05,0.0,0.0
162,34278,67.1,51.15394939156991,0.7499200793818744,0,24,6,100,74.29,62.41,69.08,59.25,69.15,68.42,0.0,0.0
163,33875,49.48,53.84918063611846,0.776422575394779,0,25,6,100,56.76,54.28,44.58,52.98,43.4,44.86,0.0,0.0
164,33875,59.09,52.64956887292517,0.7829056135102113,0,25,6,100,51.37,54.33,63.34,61.26,64.09,60.15,0.0,0.0
165,33875,57.77,52.17246981609659,0.6539432412300352,0,25,6,100,56.67,62.95,48.66,51.66,60.84,65.84,0.0,0.0
166,33875,52.54,54.54041891398296,0.6034314885100557,0,25,6,100,52.91,62.56,55.9,43.96,55.2,44.68,0.0,0.0
167,33875,55.23,52.828731970093095,0.7086451172726791,0,25,6,100,55.03,59.93,56.29,57.52,55.5,47.09,0.0,0.0
168,36293,60.64,53.36853695926498,0.7238646308177737,0,19,6,100,47.7,63.92,60.26,63.27,61.05,67.62,0.0,0.0
169,33875,58.26,52.719237632256124,0.7158758520445522,0,25,6,100,52.01,62.84,60.27,51.85,59.04,63.53,0.0,0.0
170,33875,73.92,52.66303791705777,0.6420299457661522,0,25,6,100,77.26,71.87,72.34,71.26,81.32,69.48,0.0,0.0
171,33875,73.52,54.313012304555,0.7354192070813825,0,25,6,100,68.1,83.32,73.72,64.38,68.59,82.98,0.0,0.0
172,35084,52.08,53.42016613056798,0.7457681215858231,0,22,6,100,56.49,54.25,53.53,47.71,45.55,54.93,0.0,0.0
173,33875,63.16,51.914744451796935,0.7668299249370849,0,25,6,100,70.24,59.14,60.34,56.34,73.22,59.68,0.0,0.0
174,33875,76.43,53.69839693940799,0.7561193219085994,0,25,6,100,85.38,70.84,85.64,66.7,76.3,73.7,0.0,0.0
175,33875,65.24,51.307990160010526,0.6935069601852508,0,25,6,100,64.47,63.43,65.2,56.96,76.37,64.99,0.0,0.0
176,33875,63.86,54.31446948668936,0.7724101869735425,0,25,6,100,70.86,59.8,66.39,72.3,54.31,59.51,0.0,0.0
177,33875,57.5,52.88288854655775,0.742341533815028,0,25,6,100,53.1,57.66,59.02,56.53,61.86,56.8,0.0,0.0
178,33875,51.06,51.926273966108575,0.7968345599689375,0,25,6,100,53.91,49.86,47.76,52.4,56.69,45.73,0.0,0.0
179,33875,65.21,54.663627350080894,0.7299292793103345,0,25,6,100,68.09,60.59,73.62,64.26,59.25,65.43,0.0,0.0
180,33875,51.83,54.3114871631996,0.7916922138998652,0,25,6,100,58.28,46.52,56.22,56.95,49.89,43.13,0.0,0.0
181,33875,57.24,53.10214359338787,0.7351908052876872,0,25,6,100,55.55,58.69,54.68,61.06,56.8,56.69,0.0,0.0
182,33875,64.33,53.37397277793648,0.7023511136166779,0,25,6,100,60.6,63.14,57.96,72.51,61.78,69.98,0.0,0.0
183,33875,58.35,52.369294694545765,0.7359914802041903,0,25,6,100,53.98,69.88,61.28,51.24,60.61,53.11,0.0,0.0
184,33875,76.27,54.786237296598735,0.7845647091697255,0,25,6,100,68.49,74.69,81.31,71.9,88.77,72.46,0.0,0.0
185,33875,60.8,53.51014486057121,0.7697710819859684,0,25,6,100,62.14,57.83,60.04,63.1,57.11,64.61,0.0,0.0
186,35084,50.59,52.325105844861326,0.7205103405665428,0,22,6,100,44.45,54.13,56.09,48.86,52.73,47.27,0.0,0.0
187,33875,53.3,53.5125814284538,0.7156147026003175,0,25,6,100,48.54,50.31,55.1,58.76,57.04,50.08,0.0,0.0
188,33875,63.01,53.94402753773839,0.7415183710921791,0,25,6,100,58.63,58.6,70.72,66.04,63.03,61.05,0.0,0.0
189,33875,70.68,51.95006015468673,0.7302313770821546,0,25,6,100,78.02,65.47,74.84,55.43,76.82,73.48,0.0,0.0
190,33875,71.03,52.97112854216577,0.7792601499738911,0,25,6,100,64.61,72.97,76.57,63.95,79.38,68.72,0.0,0.0
191,33875,52.2,53.47124097254679,0.6137355855783242,0,25,6,100,57.0,55.21,46.19,54.25,52.57,47.97,0.0,0.0
192,33875,69.63,54.5560104829612,0.7577808960816457,0,25,6,100,70.99,75.25,67.33,66.43,77.13,60.65,0.0,0.0
193,35487,59.65,53.08151458555519,0.5877455059096813,0,21,6,100,55.88,62.58,65.55,63.72,55.89,54.28,0.0,0.0
194,33875,72.03,53.42474672741707,0.7049300316947757,0,25,6,100,73.56,77.43,62.93,73.05,66.09,79.13,0.0,0.0
195,33875,68.45,52.67966191303667,0.5946650985925437,0,25,6,100,66.63,63.57,75.53,81.2,62.19,61.6,0.0,0.0
196,33875,48.6,51.44381002850752,0.7548780791333787,0,25,6,100,51.89,53.21,47.26,46.97,43.03,49.25,0.0,0.0
197,33875,63.89,54.42871800389637,0.7796567117552906,0,25,6,100,66.77,57.13,66.11,67.63,61.73,63.98,0.0,0.0
198,33875,71.36,53.4272284707175,0.689826202237014,0,25,6,100,77.62,64.77,74.47,77.81,68.74,64.74,0.0,0.0
199,33875,62.63,53.15672122623401,0.7687627430779904,0,25,6,100,68.3,56.1,61.81,62.79,62.51,64.27,0.0,0.0
200,33875,72.07,53.44335641932425,0.5981261951684849,0,25,6,100,65.93,76.77,75.46,70.11,68.54,75.62,0.0,0.0
201,33875,61.42,53.31474994559029,0.6552381355049424,0,25,6,100,67.98,61.97,58.18,53.88,70.6,55.91,0.0,0.0
202,33875,62.2,54.67793906580621,0.7040496550849834,0,25,6,100,63.05,68.24,60.45,62.01,61.49,57.93,0.0,0.0
203,33875,59.02,50.51678277494049,0.6924822701598367,0,25,6,100,59.42,58.69,55.08,56.21,60.04,64.7,0.0,0.0
204,33875,49.76,53.09216398566792,0.6810922974127314,0,25,6,100,54.85,53.43,50.32,49.93,44.98,45.07,0.0,0.0
205,34681,63.79,53.01432211691423,0.6172769511031602,0,23,6,100,60.87,69.84,73.25,55.58,65.6,57.61,0.0,0.0
206,33875,63.86,52.18966997542024,0.687313985236796,0,25,6,100,57.48,57.94,74.71,62.15,57.35,73.52,0.0,0.0
207,34278,50.41,54.1903838198424,0.7078302159585939,0,24,6,100,43.43,59.98,48.64,48.43,47.18,54.8,0.0,0.0
208,33875,57.84,52.26020843120149,0.7624805778928543,0,25,6,100,54.02,51.92,55.96,63.56,55.88,65.67,0.0,0.0
209,33875,73.01,53.70573879853081,0.7124295310876169,0,25,6,100,81.0,77.69,65.98,68.94,68.38,76.09,0.0,0.0
210,33875,61.51,52.3642873403478,0.6726043153216504,0,25,6,100,52.16,60.94,62.4,72.97,55.98,64.62,0.0,0.0
211,33875,61.39,53.18922221403706,0.7736197320662076,0,25,6,100,59.42,62.84,64.9,64.47,60.04,56.65,0.0,0.0
212,35487,66.24,51.89690700509146,0.7067897896490761,0,21,6,100,68.96,66.24,60.08,65.79,74.94,61.41,0.0,0.0
213,33875,54.92,52.898331150185314,0.6857921086388202,0,25,6,100,55.44,58.73,54.2,47.46,60.36,53.35,0.0,0.0
214,35487,60.17,53.18126764681269,0.6492336851573733,0,21,6,100,54.12,69.95,63.33,55.92,53.46,64.23,0.0,0.0
215,33875,62.55,53.45822160277099,0.7697368846320348,0,25,6,100,59.15,68.66,60.68,60.72,61.29,64.8,0.0,0.0
216,33875,53.2,53.25310380694084,0.6693184349312227,0,25,6,100,55.6,54.7,47.09,49.13,56.17,56.5,0.0,0.0
217,33875,72.44,54.20557614490242,0.7455832216528133,0,25,6,100,75.56,75.25,72.89,60.6,68.59,81.78,0.0,0.0
218,33875,53.63,55.6581978952483,0.7522591325900942,0,25,6,100,52.69,49.05,56.63,55.08,55.65,52.66,0.0,0.0
219,34278,55.23,51.97995063322816,0.6487210880880904,0,24,6,100,53.68,64.89,46.02,51.7,62.15,52.96,0.0,0.0
220,33875,45.63,54.137430768571846,0.7550468758637113,0,25,6,100,43.7,42.23,44.35,49.22,45.91,48.38,0.0,0.0
221,33875,57.29,53.26698726741346,0.7843271929874931,0,25,6,100,56.95,59.49,50.73,50.93,61.27,64.35,0.0,0.0
222,33875,54.77,51.190847684515305,0.705300033504656,0,25,6,100,52.69,48.52,47.34,60.37,59.71,59.99,0.0,0.0
223,33875,42.77,53.00570748683012,0.8129705905247099,0,25,6,100,35.96,47.92,48.4,39.56,40.8,43.99,0.0,0.0
224,33875,56.88,53.23442879733102,0.6995134507860875,0,25,6,100,59.33,58.63,52.32,57.83,60.91,52.25,0.0,0.0
225,35487,70.86,53.1156106079192,0.6774756483984345,0,21,6,100,73.9,74.11,70.36,77.13,66.8,62.86,0.0,0.0
226,35084,57.33,53.28120446792136,0.7275263188197711,0,22,6,100,59.39,58.48,54.54,59.62,52.67,59.27,0.0,0.0
227,33875,75.0,54.36288814156321,0.63822043653302,0,25,6,100,67.9,79.1,82.39,69.15,76.87,74.6,0.0,0.0
228,33875,64.08,52.80834712433686,0.6771557920072921,0,25,6,100,57.95,65.74,68.75,72.12,62.07,57.84,0.0,0.0
229,33875,60.41,51.761735729435344,0.8068076778898624,0,25,6,100,70.78,64.22,65.4,58.83,51.47,51.77,0.0,0.0
230,33875,51.98,51.90959766783287,0.70672258882665,0,25,6,100,50.81,47.5,57.82,59.19,52.11,44.47,0.0,0.0
231,33875,66.82,53.18781799107334,0.6931810721698005,0,25,6,100,73.13,75.12,64.17,66.43,62.79,59.29,0.0,0.0
232,33875,54.05,53.66816171327019,0.7028755104771595,0,25,6,100,54.12,56.21,56.73,51.7,47.0,58.54,0.0,0.0
233,33875,64.08,54.647499142433794,0.7273795476698456,0,25,6,100,62.15,56.92,68.02,73.57,62.36,61.45,0.0,0.0
234,34278,71.24,52.31296147968487,0.5313587950323317,0,24,6,100,68.39,76.31,69.54,65.78,73.48,73.94,0.0,0.0
235,33875,72.35,55.57026714611264,0.7238781623538886,0,25,6,100,80.27,63.69,69.75,63.0,75.02,82.37,0.0,0.0
236,33875,52.03,52.39574704861949,0.5744830462973587,0,25,6,100,55.02,49.91,46.42,47.97,51.06,61.82,0.0,0.0
237,34278,75.06,52.67318040618291,0.6727089820486986,0,24,6,100,64.88,83.77,67.21,76.01,75.43,83.06,0.0,0.0
238,34681,69.08,51.91980376582953,0.6749267141338016,0,23,6,100,59.78,69.81,70.24,59.1,79.99,75.56,0.0,0.0
239,33875,66.94,55.03408207107488,0.6861061599168998,0,25,6,100,69.54,61.84,68.23,70.04,71.36,60.64,0.0,0.0
240,33875,65.31,52.79646967782072,0.6459720398792093,0,25,6,100,75.02,58.65,66.78,72.15,61.35,57.92,0.0,0.0
241,33875,55.98,52.1180640310729,0.7287223467600097,0,25,6,100,51.99,57.33,53.8,56.14,54.62,61.97,0.0,0.0
242,34278,52.7,52.12847208167116,0.6634683169757484,0,24,6,100,53.63,46.95,55.7,59.28,50.18,50.48,0.0,0.0
243,33875,56.19,51.93360755148653,0.6951997929599686,0,25,6,100,56.51,59.53,57.04,50.78,51.39,61.91,0.0,0.0
244,33875,65.66,52.92507776723856,0.7078896033584186,0,25,6,100,58.09,56.34,70.83,61.3,74.62,72.75,0.0,0.0
245,33875,68.04,53.48462291195699,0.7496665440441892,0,25,6,100,65.1,67.73,75.81,67.01,59.48,73.14,0.0,0.0
246,33875,72.45,52.24738755672893,0.7803360520064878,0,25,6,100,72.61,64.0,71.28,72.88,79.07,74.87,0.0,0.0
247,33875,65.94,52.02908196280976,0.800255230161027,0,25,6,100,61.44,72.52,70.15,62.37,72.75,56.41,0.0,0.0
248,35890,53.34,52.8726446602088,0.634987952565802,0,20,6,100,53.92,50.82,60.48,60.54,49.51,44.76,0.0,0.0
249,33875,64.29,54.48467096307395,0.6483653672014216,0,25,6,100,55.91,70.0,56.58,59.35,73.26,70.64,0.0,0.0
250,33875,65.58,53.8269596435468,0.706108923283346,0,25,6,100,64.89,70.42,67.09,63.73,68.85,58.53,0.0,0.0
251,33875,59.63,51.360400322747616,0.6995133772390311,0,25,6,100,65.19,63.45,67.77,55.48,50.7,55.22,0.0,0.0
252,35084,75.21,53.95019146303402,0.6500387933013437,0,22,6,100,69.52,77.09,75.94,74.12,82.21,72.37,0.0,0.0
253,33875,60.02,53.62445644984969,0.707449710269205,0,25,6,100,57.92,55.53,68.48,61.39,62.72,54.1,0.0,0.0
254,33875,68.35,54.32129495808497,0.7101969781583752,0,25,6,100,64.31,80.15,62.19,65.59,66.92,70.95,0.0,0.0
255,34278,56.05,53.74398920029201,0.6922412397130362,0,24,6,100,61.13,67.02,51.78,50.92,52.55,52.9,0.0,0.0
256,33875,75.99,53.21838798029666,0.6828611355476495,0,25,6,100,72.06,70.65,81.84,76.65,68.92,85.83,0.0,0.0
257,34681,63.23,53.42238168443442,0.7145021405652958,0,23,6,100,55.98,57.11,68.84,60.41,66.59,70.46,0.0,0.0
258,33875,61.25,54.0198359912392,0.7097228476595644,0,25,6,100,72.77,57.31,54.9,55.87,62.33,64.32,0.0,0.0
259,33875,46.86,53.95634101592847,0.7078467905197436,0,25,6,100,45.64,44.64,46.9,47.0,45.41,51.56,0.0,0.0
260,34278,55.16,52.8690136302499,0.7473011163241376,0,24,6,100,54.4,57.75,53.36,59.39,49.02,57.04,0.0,0.0
261,33875,53.82,51.122624894951606,0.6237928498056895,0,25,6,100,52.74,58.55,46.59,53.77,56.77,54.48,0.0,0.0
262,33875,51.39,54.34206670544935,0.6555907135307508,0,25,6,100,50.09,54.81,48.49,51.36,49.35,54.25,0.0,0.0
263,33875,60.71,54.4872860446548,0.6555818550452368,0,25,6,100,55.01,62.86,53.66,68.29,64.04,60.41,0.0,0.0
264,33875,53.14,53.98549647877567,0.794920946391608,0,25,6,100,54.02,52.01,56.55,44.28,58.52,53.47,0.0,0.0
265,34278,64.96,54.5392204662044,0.617249998915262,0,24,6,100,60.39,64.4,71.78,72.78,59.95,60.47,0.0,0.0
266,35890,71.37,54.25308871605356,0.6927460060227069,0,20,6,100,73.79,77.28,75.99,72.02,61.42,67.72,0.0,0.0
267,33875,60.62,52.99825792887422,0.6169149341710645,0,25,6,100,59.76,60.03,53.4,62.39,70.53,57.63,0.0,0.0
268,33875,64.64,53.7216065134342,0.66358599089606,0,25,6,100,68.42,67.84,66.67,58.0,68.04,58.88,0.0,0.0
269,35487,63.33,53.98348738209073,0.6361589452528512,0,21,6,100,62.68,71.03,53.67,70.3,69.37,52.95,0.0,0.0
270,34681,51.25,54.36237091735517,0.7308099585879764,0,23,6,100,56.39,56.58,55.56,47.34,46.16,45.49,0.0,0.0
271,33875,72.06,54.16907470818106,0.6933254707499386,0,25,6,100,70.55,82.73,73.72,66.15,76.48,62.76,0.0,0.0
272,34681,75.91,54.558267336952426,0.7737929149752231,0,23,6,100,81.18,88.47,78.08,63.75,71.7,72.3,0.0,0.0
273,33875,55.77,54.37454736238084,0.7041103405230742,0,25,6,100,53.8,56.44,57.08,55.87,51.94,59.51,0.0,0.0
274,33875,56.19,52.20472101068872,0.6851451261959787,0,25,6,100,56.47,58.49,57.45,55.13,56.31,53.3,0.0,0.0
275,33875,59.25,54.1226985034291,0.7471773752295354,0,25,6,100,63.26,52.15,60.31,62.98,52.7,64.09,0.0,0.0
276,33875,60.3,52.161598475880766,0.6927430687753707,0,25,6,100,61.9,65.22,59.33,59.64,64.22,51.5,0.0,0.0
277,34681,57.94,52.38453676038103,0.5897397838511718,0,23,6,100,59.42,56.7,59.39,59.7,58.92,53.53,0.0,0.0
278,33875,54.39,51.87166400521043,0.6306337590540091,0,25,6,100,57.31,49.5,62.89,54.37,46.65,55.64,0.0,0.0
279,33875,58.0,53.60911173941465,0.6072158223824692,0,25,6,100,67.41,59.31,55.52,56.8,56.21,52.78,0.0,0.0
280,33875,61.03,52.72570030635497,0.7117130749925613,0,25,6,100,69.18,64.91,53.49,54.69,55.88,68.05,0.0,0.0
281,35890,63.88,53.21032609537026,0.7562285083498543,0,20,6,100,64.88,64.83,63.37,66.91,62.1,61.19,0.0,0.0
282,33875,43.07,55.49342287071451,0.7181361911448348,0,25,6,100,39.76,48.48,36.77,42.87,41.39,49.16,0.0,0.0
283,33875,58.63,53.83389966537095,0.7051060690569904,0,25,6,100,62.45,59.29,49.5,57.35,63.34,59.83,0.0,0.0
284,33875,66.2,53.67134562458149,0.7546845691988607,0,25,6,100,61.92,74.49,68.82,62.55,69.52,59.91,0.0,0.0
285,33875,72.31,54.71864778528706,0.6101142477013636,0,25,6,100,67.63,65.5,76.65,77.97,74.03,72.07,0.0,0.0
286,33875,59.44,52.54878996915892,0.6645292980327847,0,25,6,100,54.11,62.12,56.97,62.34,61.94,59.13,0.0,0.0
287,33875,73.88,52.26027546771812,0.6970362107852619,0,25,6,100,67.6,74.24,69.54,83.7,71.89,76.34,0.0,0.0
288,35084,70.07,53.52480672153747,0.7278987128004181,0,22,6,100,65.2,63.25,76.08,67.29,81.43,67.18,0.0,0.0
289,33875,67.96,54.02551548715166,0.6401462026214081,0,25,6,100,77.72,71.07,65.66,66.82,57.67,68.79,0.0,0.0
290,33875,57.71,55.17580633468573,0.639716269881636,0,25,6,100,51.37,66.01,51.11,57.31,63.9,56.55,0.0,0.0
291,33875,69.87,52.66298773007607,0.7018408404502522,0,25,6,100,66.59,76.77,68.28,66.87,78.38,62.32,0.0,0.0
292,33875,51.02,53.98625108796287,0.7082297254143178,0,25,6,100,58.53,41.98,52.53,59.76,46.31,47.03,0.0,0.0
293,33875,60.03,52.83497570332331,0.656013177411806,0,25,6,100,71.06,57.62,54.77,55.41,62.06,59.26,0.0,0.0
294,33875,74.55,53.51697636247272,0.7265856334617011,0,25,6,100,83.0,76.52,74.32,73.49,73.25,66.72,0.0,0.0
295,34681,62.66,53.69536877488205,0.6896830091117497,0,23,6,100,68.16,57.17,57.74,58.49,70.25,64.18,0.0,0.0
296,33875,45.02,54.266528088943616,0.7252593483581233,0,25,6,100,41.23,44.78,52.78,43.5,46.92,40.92,0.0,0.0
297,34278,60.47,52.93017109273167,0.6756113610023036,0,24,6,100,58.4,58.0,55.39,67.94,64.77,58.31,0.0,0.0
298,33875,68.45,53.49279035694594,0.7622707075132482,0,25,6,100,71.64,68.86,78.39,66.66,66.03,59.15,0.0,0.0
299,34681,73.53,52.45947855258089,0.6486421851967622,0,23,6,100,70.37,78.98,70.98,68.59,77.31,74.97,0.0,0.0
300,33875,70.01,52.991254651659055,0.6412159120517732,0,25,6,100,62.8,75.75,65.8,73.73,70.98,71.01,0.0,0.0
301,36293,62.68,54.88005042967484,0.5757065211492777,0,19,6,100,65.77,58.06,69.55,69.73,57.1,55.88,0.0,0.0
302,33875,59.54,54.94131166352985,0.6909739444708557,0,25,6,100,57.15,58.54,56.94,57.13,65.98,61.49,0.0,0.0
303,33875,55.35,55.43552909511292,0.6633123158929722,0,25,6,100,59.64,49.21,64.91,53.27,54.07,51.01,0.0,0.0
304,34278,71.61,54.4905911460496,0.684044164287079,0,24,6,100,78.25,70.93,65.34,75.12,69.71,70.31,0.0,0.0
305,35084,66.43,52.079665226894775,0.6567889950077471,0,22,6,100,68.93,60.8,60.59,58.49,70.03,79.73,0.0,0.0
306,33875,49.38,51.81197671449242,0.695638358700122,0,25,6,100,48.72,49.3,59.33,44.04,45.47,49.42,0.0,0.0
307,36696,58.76,52.48023260146125,0.6138142239369144,0,18,6,100,57.1,57.45,50.03,60.5,60.29,67.2,0.0,0.0
308,34278,65.12,53.88237373615319,0.6571380278031516,0,24,6,100,68.94,62.07,68.0,59.19,61.47,71.03,0.0,0.0
309,33875,75.84,50.624441942061694,0.7029793065901556,0,25,6,100,83.03,71.93,80.6,75.81,66.66,77.04,0.0,0.0
310,33875,71.23,52.29577768456846,0.6373615809795176,0,25,6,100,80.92,65.19,66.11,67.02,70.8,77.34,0.0,0.0
311,37099,57.09,53.107893233348456,0.6559336325724567,0,17,6,100,59.15,58.14,53.63,62.01,55.55,54.04,0.0,0.0
312,33875,61.94,53.94472960165541,0.7345063344182081,0,25,6,100,66.02,56.23,64.32,68.3,61.82,54.96,0.0,0.0
313,36293,73.74,52.11608454663025,0.698507075205237,0,19,6,100,70.39,69.16,71.33,78.14,76.46,76.99,0.0,0.0
314,35487,54.63,53.06596056524742,0.6593364282116688,0,21,6,100,60.39,49.41,59.78,53.79,53.03,51.38,0.0,0.0
315,33875,73.01,53.63188295460435,0.705023616063172,0,25,6,100,76.83,81.3,68.71,68.12,74.97,68.11,0.0,0.0
316,33875,55.22,53.33297046127326,0.7291535871265441,0,25,6,100,55.21,55.5,54.79,50.53,52.43,62.86,0.0,0.0
317,33875,58.74,54.252756490049016,0.7032198778184365,0,25,6,100,53.8,66.04,62.14,61.34,57.08,52.06,0.0,0.0
318,33875,52.08,54.62334825513204,0.7074599702241398,0,25,6,100,50.56,51.24,57.17,43.33,52.89,57.32,0.0,0.0
319,33875,61.87,55.347522545763766,0.6817636298320906,0,25,6,100,66.08,63.34,60.42,55.11,64.69,61.57,0.0,0.0
320,33875,65.46,53.162671990402096,0.7842079429893448,0,25,6,100,64.25,59.96,67.75,69.99,70.49,60.32,0.0,0.0
321,33875,58.9,53.99706050935017,0.7321144207519719,0,25,6,100,61.99,50.73,55.07,60.0,63.58,62.02,0.0,0.0
322,33875,58.47,52.49379292890101,0.760607151605029,0,25,6,100,61.47,56.42,63.73,51.63,51.52,66.07,0.0,0.0
323,34278,59.58,53.994625612734495,0.7256093568341689,0,24,6,100,64.85,55.95,55.6,53.42,67.85,59.8,0.0,0.0
324,34681,56.02,53.29382204082344,0.6863956848258239,0,23,6,100,55.82,53.78,54.58,62.17,51.28,58.51,0.0,0.0
325,33875,53.48,52.450559874679584,0.6236543549323,0,25,6,100,57.1,55.19,47.12,60.82,52.35,48.31,0.0,0.0
326,35487,62.4,53.20168722143566,0.6729046191358428,0,21,6,100,66.59,66.03,65.97,68.23,56.06,51.52,0.0,0.0
327,33875,68.83,53.657980325705246,0.628754279141978,0,25,6,100,76.08,57.46,73.55,75.77,67.29,62.85,0.0,0.0
328,36696,70.84,53.877299834030296,0.648326148633247,0,18,6,100,76.49,70.19,66.96,65.38,69.68,76.36,0.0,0.0
329,33875,65.41,51.9455181565623,0.6954841882521848,0,25,6,100,68.27,73.92,58.66,61.6,61.68,68.31,0.0,0.0
330,33875,67.74,52.89717085167874,0.7048110527805782,0,25,6,100,71.85,68.48,71.02,62.92,62.81,69.33,0.0,0.0
331,34278,65.75,54.09065868333514,0.6942027973242878,0,24,6,100,68.55,69.45,66.08,63.28,68.44,58.7,0.0,0.0
332,33875,57.88,52.0690117498238,0.7350778002487199,0,25,6,100,60.49,50.51,65.05,57.05,60.38,53.8,0.0,0.0
333,33875,59.85,52.70531827117413,0.7390344113539392,0,25,6,100,55.9,54.54,64.44,65.01,58.45,60.76,0.0,0.0
334,33875,66.84,53.976804754764586,0.6308563667950289,0,25,6,100,70.65,67.41,62.96,65.66,70.9,63.48,0.0,0.0
335,33875,60.42,52.90512178394911,0.6538302530589929,0,25,6,100,57.94,66.04,55.66,59.19,56.46,67.26,0.0,0.0
336,33875,57.81,53.643390804586325,0.6532798098342988,0,25,6,100,52.79,59.31,56.21,55.97,64.45,58.14,0.0,0.0
337,35487,56.99,53.75975829914435,0.7461002499570327,0,21,6,100,58.41,61.61,52.68,56.75,59.96,52.55,0.0,0.0
338,33875,40.44,53.16013985404673,0.7084573813388014,0,25,6,100,36.07,42.96,45.01,40.9,37.66,40.06,0.0,0.0
339,36293,77.57,52.456444332504,0.6666614107587808,0,19,6,100,70.08,81.4,79.93,84.26,73.08,76.65,0.0,0.0
340,33875,53.52,52.69417863966963,0.7274352490724728,0,25,6,100,48.61,53.1,51.76,59.87,46.0,61.79,0.0,0.0
341,33875,65.37,54.64745580818508,0.7074700138954286,0,25,6,100,70.64,72.89,60.85,61.48,64.87,61.51,0.0,0.0
342,33875,58.34,54.55354750842434,0.6621880302007913,0,25,6,100,56.23,55.91,54.12,55.74,57.34,70.71,0.0,0.0
343,37502,71.39,52.39121011491441,0.6283020711125498,0,16,6,100,76.03,68.94,66.13,73.89,65.45,77.91,0.0,0.0
344,35487,66.82,52.17501389532641,0.6789213726310738,0,21,6,100,71.6,61.58,68.73,63.98,67.29,67.76,0.0,0.0
345,34278,52.43,53.69723550593463,0.6937273450285416,0,24,6,100,42.71,52.29,60.9,47.46,49.57,61.64,0.0,0.0
346,33875,67.01,52.72954038278503,0.7103155795741538,0,25,6,100,60.59,67.01,72.16,62.55,68.86,70.86,0.0,0.0
347,33875,68.96,54.52560519804918,0.667167904426294,0,25,6,100,61.46,62.68,74.79,71.72,71.14,72.0,0.0,0.0
348,33875,62.74,52.463212901819496,0.6730428437500224,0,25,6,100,62.63,60.2,69.01,61.02,65.9,57.7,0.0,0.0
349,35487,58.36,53.42036052859181,0.6422254239968779,0,21,6,100,59.07,54.42,60.04,59.24,62.62,54.78,0.0,0.0
350,33875,75.29,53.75880952913512,0.6724227054443067,0,25,6,100,80.27,79.26,67.02,74.72,74.05,76.43,0.0,0.0
351,33875,68.18,53.89832237152952,0.6723813609720773,0,25,6,100,76.85,66.9,66.5,65.14,68.18,65.52,0.0,0.0
352,33875,59.26,55.14986791206156,0.6189533476273348,0,25,6,100,64.98,53.22,57.99,55.08,66.4,57.89,0.0,0.0
353,34278,64.7,52.36882397671078,0.5838610050565454,0,24,6,100,58.39,66.65,67.77,63.28,69.0,63.11,0.0,0.0
354,33875,61.65,54.020112786121935,0.6468873756351442,0,25,6,100,61.81,57.22,49.8,65.35,70.52,65.2,0.0,0.0
355,33875,59.8,54.14484469142032,0.7430138693944766,0,25,6,100,64.43,64.04,62.94,49.08,56.19,62.15,0.0,0.0
356,33875,63.64,53.25740470032164,0.6790475602660582,0,25,6,100,56.42,59.29,73.99,64.74,60.93,66.47,0.0,0.0
357,33875,69.87,54.096838622953726,0.6938728770448512,0,25,6,100,73.15,71.04,69.41,64.76,65.92,74.93,0.0,0.0
358,36293,64.34,53.23607359499979,0.7300522566310744,0,19,6,100,63.06,57.13,76.23,58.94,58.77,71.94,0.0,0.0
359,33875,48.83,53.87266030547367,0.7487630899561138,0,25,6,100,45.8,53.59,51.82,47.31,50.9,43.53,0.0,0.0
360,33875,72.11,52.69927180907302,0.650502588128262,0,25,6,100,60.69,75.24,74.51,80.49,76.01,65.71,0.0,0.0
361,33875,65.33,53.0382256597515,0.7487397551717749,0,25,6,100,66.5,66.3,64.21,58.77,70.83,65.38,0.0,0.0
362,33875,72.99,54.10224679997174,0.6392767128415803,0,25,6,100,82.42,63.6,72.66,79.4,68.92,70.93,0.0,0.0
363,35084,68.16,52.75902950822758,0.6478116982951703,0,22,6,100,73.43,76.28,58.23,65.98,74.2,60.86,0.0,0.0
364,33875,57.33,54.911323077531854,0.7270175854933254,0,25,6,100,48.28,58.34,47.28,60.97,64.7,64.43,0.0,0.0
365,33875,53.9,53.66163767440983,0.6258293851797736,0,25,6,100,53.74,52.59,49.42,62.74,45.94,58.96,0.0,0.0
366,34278,61.54,54.116527122779125,0.6183653166883374,0,24,6,100,54.37,68.31,58.54,63.12,68.51,56.36,0.0,0.0
367,33875,54.75,52.69943330771177,0.6773218906409776,0,25,6,100,61.55,60.94,51.33,46.13,57.31,51.23,0.0,0.0
368,33875,59.76,55.652744813834,0.6908933047939823,0,25,6,100,62.68,62.37,63.26,54.46,55.95,59.84,0.0,0.0
369,34278,54.64,54.55599587901917,0.7705549247224696,0,24,6,100,44.26,53.47,56.64,62.23,59.18,52.07,0.0,0.0
370,33875,59.8,53.74543131625998,0.7665284808098377,0,25,6,100,55.14,53.36,61.09,69.82,61.32,58.06,0.0,0.0
371,35084,69.09,52.85177536003106,0.6246301698402654,0,22,6,100,64.97,60.13,66.02,71.39,75.6,76.43,0.0,0.0
372,33875,46.3,54.03257608480832,0.6996933169367621,0,25,6,100,48.99,39.7,45.96,47.29,54.91,40.95,0.0,0.0
373,33875,60.3,54.27553708574994,0.7596163780595446,0,25,6,100,64.79,62.38,57.0,53.74,64.42,59.48,0.0,0.0
374,33875,61.06,54.42779813543117,0.5889941816856221,0,25,6,100,63.98,59.97,67.18,63.35,53.15,58.7,0.0,0.0
375,35487,53.24,52.775775381393785,0.738897748305141,0,21,6,100,46.6,57.84,54.14,53.69,50.97,56.23,0.0,0.0
376,33875,68.5,52.54193212975922,0.647490333734837,0,25,6,100,68.22,63.28,71.96,74.12,61.58,71.84,0.0,0.0
377,33875,67.2,54.07157501953015,0.7293862568474268,0,25,6,100,71.45,58.23,73.5,68.21,74.46,57.33,0.0,0.0
378,33875,59.03,54.12166618617018,0.6488092793696959,0,25,6,100,68.6,52.38,52.25,63.94,61.03,55.98,0.0,0.0
379,33875,62.16,52.4590052906447,0.695673855977402,0,25,6,100,62.98,74.36,57.38,58.87,66.92,52.42,0.0,0.0
380,35084,61.73,52.70377128304551,0.6888678316562752,0,22,6,100,60.03,68.37,58.69,54.54,70.8,57.97,0.0,0.0
381,35487,51.84,53.934314084516885,0.7028507314031717,0,21,6,100,46.84,51.72,47.55,47.64,55.98,61.31,0.0,0.0
382,35084,58.79,53.76967724914469,0.7269509582755207,0,22,6,100,57.39,61.45,54.41,59.1,63.02,57.38,0.0,0.0
383,33875,54.81,52.7275851899662,0.6989793816946884,0,25,6,100,58.26,57.3,49.57,52.17,52.28,59.25,0.0,0.0
384,33875,56.19,53.98947623120727,0.7154054017198641,0,25,6,100,58.86,53.15,55.59,52.67,61.62,55.23,0.0,0.0
385,34278,55.96,51.94718221389181,0.7143237197996037,0,24,6,100,53.37,58.99,52.27,59.94,60.12,51.06,0.0,0.0
386,36293,65.13,53.463305245773135,0.7959729533510254,0,19,6,100,61.3,67.02,59.99,64.75,68.92,68.81,0.0,0.0
387,33875,71.25,52.05776933119313,0.6911318773325181,0,25,6,100,78.75,79.85,58.49,69.77,68.74,71.9,0.0,0.0
388,33875,53.32,53.71992782413199,0.6023043735845905,0,25,6,100,49.83,51.6,54.1,63.65,46.4,54.31,0.0,0.0
389,33875,49.8,52.94029829273442,0.5921436490798406,0,25,6,100,53.33,56.24,45.54,48.53,48.1,47.04,0.0,0.0
390,35084,74.37,51.80958590027993,0.6038702772782281,0,22,6,100,80.12,77.99,64.59,62.78,83.89,76.85,0.0,0.0
391,35084,61.66,53.404653215554085,0.6709870253415621,0,22,6,100,64.4,64.72,56.51,54.92,66.81,62.63,0.0,0.0
392,38308,63.05,54.130352793471225,0.619358569531769,0,14,6,100,70.07,62.37,55.67,60.31,64.56,65.34,0.0,0.0
393,35890,55.14,51.75334453950395,0.6610358458840707,0,20,6,100,54.8,53.42,51.72,58.45,50.73,61.7,0.0,0.0
394,33875,71.73,53.094355994493455,0.6793432228048378,0,25,6,100,77.97,69.81,78.35,58.58,66.41,79.26,0.0,0.0
395,33875,54.42,52.76120624132378,0.6127574153335551,0,25,6,100,48.0,61.36,59.87,53.83,48.55,54.91,0.0,0.0
396,34681,59.79,53.58306031819696,0.6695193002508112,0,23,6,100,51.74,64.38,58.78,63.54,55.55,64.77,0.0,0.0
397,33875,73.8,53.97484883753369,0.6594778865229669,0,25,6,100,64.36,67.32,82.53,74.01,73.91,80.68,0.0,0.0
398,34681,82.71,53.60242308015748,0.6909885238055613,0,23,6,100,90.74,72.52,90.75,72.55,87.42,82.26,0.0,0.0
399,35890,64.41,54.33075720519111,0.6486651853331702,0,20,6,100,63.0,63.54,70.65,61.95,61.1,66.2,0.0,0.0
400,34278,68.67,54.16735610947436,0.6921668274023486,0,24,6,100,63.46,69.52,61.73,74.71,67.33,75.28,0.0,0.0
401,33875,74.05,53.28251783447856,0.6670511608543382,0,25,6,100,65.77,74.47,74.73,74.77,75.72,78.82,0.0,0.0
402,33875,56.41,52.69400502233535,0.6653077877230001,0,25,6,100,62.49,59.92,51.73,52.07,52.7,59.53,0.0,0.0
403,33875,62.77,55.01931801452631,0.673442197427416,0,25,6,100,57.38,63.15,66.84,72.13,59.57,57.54,0.0,0.0
404,33875,72.53,53.244660958242655,0.6193978985601544,0,25,6,100,83.13,73.5,60.96,78.7,65.2,73.7,0.0,0.0
405,33875,61.67,55.12383543818674,0.6564871327820736,0,25,6,100,62.35,57.6,59.02,56.99,69.15,64.89,0.0,0.0
406,33875,75.87,55.04259202409289,0.6326934369055696,0,25,6,100,67.78,84.73,68.52,73.15,85.21,75.83,0.0,0.0
407,35487,58.36,53.91465702792743,0.6606789276460738,0,21,6,100,52.55,62.05,63.49,59.75,56.73,55.58,0.0,0.0
408,35487,66.14,54.201559292210405,0.6426801645083917,0,21,6,100,70.68,57.59,65.58,69.96,60.12,72.92,0.0,0.0
409,33875,57.94,53.14023158697215,0.6147624020085576,0,25,6,100,59.33,53.34,54.11,63.23,55.55,62.05,0.0,0.0
410,37502,64.01,52.00006310474105,0.6566305996321363,0,16,6,100,58.87,54.28,73.4,63.5,67.63,66.36,0.0,0.0
411,33875,64.03,51.44885395867358,0.654137403972092,0,25,6,100,66.07,72.41,62.12,57.08,61.62,64.88,0.0,0.0
412,33875,57.98,53.34841159538485,0.6935759932473535,0,25,6,100,60.15,53.75,62.9,57.53,49.97,63.56,0.0,0.0
413,33875,60.16,51.77954372648254,0.6957215257671223,0,25,6,100,52.12,61.28,62.99,59.86,69.36,55.34,0.0,0.0
414,33875,67.85,51.64694231556248,0.6502011601297384,0,25,6,100,59.94,72.58,73.22,63.83,71.5,66.02,0.0,0.0
415,34681,67.05,53.43594577165834,0.6272743939774588,0,23,6,100,72.96,65.21,61.68,69.06,73.35,60.07,0.0,0.0
416,34681,55.29,53.65204596164883,0.7396927852205847,0,23,6,100,52.48,64.34,47.49,61.93,56.75,48.73,0.0,0.0
417,34681,51.36,55.47548376425616,0.6243606815152613,0,23,6,100,48.36,48.16,48.73,51.68,58.42,52.79,0.0,0.0
418,33875,67.32,52.27629687011576,0.6494716059213972,0,25,6,100,80.61,72.17,65.01,60.91,56.76,68.46,0.0,0.0
419,34681,50.32,53.18635442687306,0.6738802367488529,0,23,6,100,47.37,54.21,54.0,48.54,49.17,48.62,0.0,0.0
420,34681,69.82,52.21411062061657,0.6021192436439906,0,23,6,100,79.32,71.7,66.21,63.89,65.9,71.93,0.0,0.0
421,35487,70.8,54.03256158791245,0.6320307760345495,0,21,6,100,76.32,72.35,76.46,61.07,71.4,67.19,0.0,0.0
422,34278,63.24,56.1865301149636,0.6883285013991001,0,24,6,100,66.08,66.63,70.17,58.82,57.74,60.02,0.0,0.0
423,33875,65.29,52.46622364080768,0.6911378859771977,0,25,6,100,67.51,61.1,59.95,65.29,70.54,67.35,0.0,0.0
424,35084,60.43,52.15642830085977,0.718533231932051,0,22,6,100,54.79,71.48,59.75,57.82,55.51,63.21,0.0,0.0
425,35890,63.27,53.736930605643465,0.682776680206782,0,20,6,100,56.2,60.84,67.16,67.99,65.68,61.74,0.0,0.0
426,34681,61.66,53.609850092872975,0.5902678275206437,0,23,6,100,70.96,58.24,65.43,60.12,59.36,55.82,0.0,0.0
427,33875,64.26,54.08022188225888,0.6291054062489095,0,25,6,100,69.27,55.01,72.77,70.12,64.3,54.12,0.0,0.0
428,34278,55.81,52.84769198887449,0.5889154490672658,0,24,6,100,57.42,64.3,49.48,56.91,55.84,50.92,0.0,0.0
429,33875,67.75,53.44066128112418,0.686268722921542,0,25,6,100,69.55,61.96,76.22,70.33,67.44,61.01,0.0,0.0
430,35890,76.31,54.581935007562606,0.6645089410800188,0,20,6,100,68.94,77.9,78.43,84.69,77.12,70.77,0.0,0.0
431,34278,58.14,52.98036445696936,0.5803170013248231,0,24,6,100,67.53,50.94,62.32,66.11,47.92,54.03,0.0,0.0
432,35084,72.65,53.10813876423401,0.680121089534867,0,22,6,100,70.39,64.13,77.87,65.3,81.25,76.96,0.0,0.0
433,33875,61.61,53.31089168641629,0.643280838474617,0,25,6,100,60.16,70.51,55.59,60.72,59.63,63.06,0.0,0.0
434,33875,77.2,53.27649050264394,0.740896477965646,0,25,6,100,65.14,81.3,86.39,79.31,75.66,75.42,0.0,0.0
435,33875,73.7,53.74410280975746,0.6710897990726751,0,25,6,100,62.52,83.64,67.39,73.17,77.96,77.5,0.0,0.0
436,36293,61.43,55.28213167207234,0.5832899396018554,0,19,6,100,67.04,59.97,67.09,63.81,54.28,56.41,0.0,0.0
437,36293,61.75,53.39531805318205,0.6836113327637295,0,19,6,100,69.97,66.72,62.28,60.37,53.31,57.83,0.0,0.0
438,33875,60.4,53.24504331644022,0.5929500700155393,0,25,6,100,65.2,58.78,56.33,60.36,62.85,58.88,0.0,0.0
439,33875,69.97,53.511368019747806,0.6299302623975112,0,25,6,100,78.34,69.76,80.27,70.52,60.21,60.72,0.0,0.0
440,33875,69.9,54.65547107500176,0.6328824981125531,0,25,6,100,72.73,60.74,70.19,74.44,69.4,71.91,0.0,0.0
441,35890,61.34,54.12417181339537,0.6882985580620647,0,20,6,100,69.18,63.29,54.46,59.42,66.36,55.3,0.0,0.0
442,33875,64.42,53.81937692476485,0.6865958744979102,0,25,6,100,73.27,69.18,61.72,59.03,60.45,62.84,0.0,0.0
443,33875,57.79,53.632253537713154,0.5888669178466143,0,25,6,100,53.78,53.91,57.3,64.05,55.59,62.13,0.0,0.0
444,34278,74.4,54.17108739934103,0.7263688768867308,0,24,6,100,78.24,80.96,74.55,64.43,70.21,77.98,0.0,0.0
445,35487,45.68,54.27754175185102,0.678742354854413,0,21,6,100,50.7,42.93,40.84,48.24,48.27,43.11,0.0,0.0
446,35487,61.23,53.75952467782747,0.670027299480148,0,21,6,100,56.89,69.05,57.39,53.89,66.79,63.35,0.0,0.0
447,33875,57.18,54.03440721679439,0.6486756469493599,0,25,6,100,59.63,49.63,48.78,60.34,56.33,68.35,0.0,0.0
448,34278,61.48,52.47179234217694,0.729333984225569,0,24,6,100,67.23,59.36,53.76,60.79,61.76,65.99,0.0,0.0
449,35084,67.74,54.516741409473696,0.6655684134949233,0,22,6,100,66.59,67.5,66.98,66.77,74.68,63.95,0.0,0.0
450,34681,61.16,54.57120302619787,0.6653876089082992,0,23,6,100,59.48,58.08,62.8,59.38,60.86,66.33,0.0,0.0
451,33875,51.43,52.5506064982504,0.681137206573967,0,25,6,100,53.0,55.08,56.57,47.86,48.52,47.54,0.0,0.0
452,35084,60.47,53.55981702339192,0.5768479350340083,0,22,6,100,55.32,57.35,58.08,62.0,66.06,63.99,0.0,0.0
453,33875,41.02,53.44722597431892,0.694523299932693,0,25,6,100,46.35,45.7,33.5,39.2,39.8,41.55,0.0,0.0
454,35084,64.04,53.15600210217072,0.5439488256431243,0,22,6,100,72.1,68.68,69.88,56.77,51.88,64.9,0.0,0.0
455,35084,66.72,53.031307381268725,0.6324222627597632,0,22,6,100,63.5,73.33,63.78,73.22,66.41,60.1,0.0,0.0
456,33875,53.85,55.50123084954192,0.7572999166138061,0,25,6,100,52.17,51.1,51.9,54.55,51.89,61.49,0.0,0.0
457,33875,73.1,54.376757517101325,0.5924780570778678,0,25,6,100,72.32,66.74,71.91,71.1,81.61,74.94,0.0,0.0
458,35487,65.24,52.748294431486855,0.6671854769453851,0,21,6,100,58.95,64.83,66.94,62.8,66.34,71.56,0.0,0.0
459,34681,55.64,52.563022936781664,0.7265943051365749,0,23,6,100,56.51,56.38,49.7,53.19,58.88,59.16,0.0,0.0
460,33875,69.7,52.97647939893564,0.7107125849742247,0,25,6,100,69.53,70.57,75.16,58.11,74.37,70.49,0.0,0.0
461,33875,58.15,53.98725380480966,0.6069608159512117,0,25,6,100,67.23,56.54,52.22,60.84,59.21,52.84,0.0,0.0
462,35890,65.59,54.74488493816574,0.7667361933504054,0,20,6,100,66.9,68.34,58.48,65.29,70.02,64.49,0.0,0.0
463,33875,74.22,53.46147028138334,0.6684257677393379,0,25,6,100,62.85,85.65,71.05,72.47,72.62,80.7,0.0,0.0
464,35890,58.15,52.18256246569768,0.6256817812482488,0,20,6,100,56.22,65.54,54.21,57.18,58.55,57.21,0.0,0.0
465,33875,60.98,53.1844592039971,0.5845477022264772,0,25,6,100,60.18,63.01,62.83,61.55,62.01,56.3,0.0,0.0
466,33875,63.53,53.92338571822289,0.6962922934214413,0,25,6,100,73.07,71.15,59.75,56.8,65.64,54.76,0.0,0.0
467,33875,59.82,52.76316582153839,0.6144966145502536,0,25,6,100,55.9,58.39,64.2,54.92,56.38,69.12,0.0,0.0
468,33875,71.32,54.48184510806455,0.5533674370252828,0,25,6,100,69.9,64.02,67.66,73.35,77.84,75.16,0.0,0.0
469,33875,62.69,53.15156504037025,0.6226995856641646,0,25,6,100,65.57,64.06,63.51,65.97,61.1,55.92,0.0,0.0
470,33875,54.03,53.47959265562032,0.6823756763238623,0,25,6,100,57.6,52.38,50.62,47.48,60.37,55.74,0.0,0.0
471,33875,65.36,53.271387479035965,0.5758664529793315,0,25,6,100,69.51,59.29,65.63,61.12,59.78,76.81,0.0,0.0
472,35084,59.29,54.24361999943338,0.7585402145060862,0,22,6,100,62.29,51.54,58.97,62.81,60.28,59.87,0.0,0.0
473,33875,55.73,54.41355796262277,0.6353399176387813,0,25,6,100,48.49,58.93,60.05,55.84,48.9,62.18,0.0,0.0
474,35084,59.18,53.73407554834613,0.653972905700448,0,22,6,100,59.35,56.06,63.83,61.79,60.74,53.31,0.0,0.0
475,33875,70.85,53.3240205861809,0.7377276072174689,0,25,6,100,64.76,66.43,75.1,69.18,80.84,68.76,0.0,0.0
476,33875,71.22,52.960534659484274,0.7060327890821742,0,25,6,100,81.51,74.16,72.32,62.22,79.07,58.01,0.0,0.0
477,33875,69.72,52.84280234656473,0.617816647218441,0,25,6,100,69.19,62.96,76.52,73.15,68.64,67.88,0.0,0.0
478,35890,62.24,53.62750706193619,0.6195819730418834,0,20,6,100,58.9,61.17,58.59,57.0,70.81,66.95,0.0,0.0
479,34681,62.03,55.45135545312127,0.6807566055496361,0,23,6,100,69.11,60.09,53.11,66.03,55.24,68.61,0.0,0.0
480,33875,56.28,53.22379540227391,0.6067638547690947,0,25,6,100,62.69,57.53,55.56,55.57,52.2,54.13,0.0,0.0
481,35487,62.51,53.31004048692681,0.6509034739226591,0,21,6,100,62.47,60.17,66.37,63.96,53.04,69.03,0.0,0.0
482,35890,59.71,51.80153787527857,0.5237270003915909,0,20,6,100,60.95,57.98,53.39,60.6,66.66,58.67,0.0,0.0
483,33875,75.2,54.09026357550384,0.6678758691063951,0,25,6,100,85.35,67.18,69.04,76.45,70.38,82.82,0.0,0.0
484,37099,59.99,52.869380329978966,0.5843294188119563,0,17,6,100,64.38,50.95,57.86,58.19,63.7,64.86,0.0,0.0
485,33875,39.68,53.90142381770775,0.6720240541446711,0,25,6,100,33.96,42.05,40.22,37.39,42.01,42.47,0.0,0.0
486,33875,43.6,55.03121435551768,0.6832316522232399,0,25,6,100,43.48,45.82,40.7,40.83,48.09,42.67,0.0,0.0
487,33875,55.56,53.89993914082612,0.5753749303817607,0,25,6,100,62.22,53.47,54.9,61.89,51.5,49.4,0.0,0.0
488,33875,57.31,53.536414919233046,0.6361380847914693,0,25,6,100,62.88,58.21,51.77,56.58,57.85,56.57,0.0,0.0
489,37502,61.12,53.65625399248146,0.6917750226801432,0,16,6,100,57.35,67.6,54.53,67.93,57.77,61.57,0.0,0.0
490,33875,61.29,52.96204967223558,0.6555723808334535,0,25,6,100,60.34,54.26,64.38,60.97,53.63,74.17,0.0,0.0
491,34681,60.95,53.20853160878365,0.5500151320967062,0,23,6,100,68.46,63.4,58.48,54.99,57.39,63.0,0.0,0.0
492,38308,59.99,54.59166776101311,0.6062515544702981,0,14,6,100,58.71,63.01,57.57,64.09,56.6,59.93,0.0,0.0
493,33875,76.28,52.46433289721725,0.5549098197930089,0,25,6,100,79.06,62.51,82.35,82.02,69.8,81.92,0.0,0.0
494,35084,64.03,55.82968648016774,0.5962898104937999,0,22,6,100,64.49,63.37,62.68,61.94,72.84,58.85,0.0,0.0
495,33875,48.64,53.68914321792073,0.719344491113133,0,25,6,100,47.66,49.78,47.3,55.55,51.37,40.18,0.0,0.0
496,34278,63.01,54.53508347312529,0.746891537634041,0,24,6,100,64.16,58.03,59.11,63.34,58.89,74.55,0.0,0.0
497,37099,60.32,52.34342710430088,0.6397831677394019,0,17,6,100,60.94,57.29,58.98,58.59,66.46,59.66,0.0,0.0
498,33875,63.7,53.799436677961495,0.7266778600632525,0,25,6,100,59.53,60.98,60.63,61.91,60.75,78.39,0.0,0.0
499,33875,69.15,55.16628852974499,0.5688689908466373,0,25,6,100,62.8,67.49,62.8,79.5,74.46,67.86,0.0,0.0
500,33875,70.16,51.87157771390649,0.6816822094128938,0,25,6,100,80.48,65.03,65.54,69.31,69.03,71.59,0.0,0.0
501,33875,63.84,51.625225887284834,0.729163228496048,0,25,6,100,65.37,58.44,71.01,60.5,62.42,65.29,0.0,0.0
502,34278,63.7,53.16146940595416,0.6557571495234227,0,24,6,100,73.03,53.86,65.82,65.11,66.23,58.12,0.0,0.0
503,37099,76.88,52.97315249938721,0.6829615457284993,0,17,6,100,77.9,80.33,83.58,82.46,66.03,70.98,0.0,0.0
504,33875,64.0,53.10428460810524,0.6699766575762703,0,25,6,100,68.87,56.16,61.26,66.46,65.67,65.58,0.0,0.0
505,34278,59.17,53.897655241537954,0.6692168667703418,0,24,6,100,59.03,56.26,50.48,63.89,62.34,63.02,0.0,0.0
506,33875,55.06,54.20939401046395,0.6946052902944996,0,25,6,100,53.76,53.8,57.84,56.65,49.25,59.08,0.0,0.0
507,34681,59.28,53.44760475258501,0.6348185233786067,0,23,6,100,55.34,63.55,62.84,62.69,61.63,49.64,0.0,0.0
508,33875,77.21,53.776534450372885,0.6855727797304375,0,25,6,100,82.2,76.83,73.94,72.34,84.71,73.25,0.0,0.0
509,36696,65.64,53.8919982727634,0.658946842043494,0,18,6,100,64.6,73.48,57.38,62.83,62.21,73.33,0.0,0.0
510,34278,62.5,53.75710646855407,0.7105062609200249,0,24,6,100,65.48,63.43,52.34,74.24,62.91,56.63,0.0,0.0
511,34278,70.36,55.19264692672963,0.7947028281918362,0,24,6,100,68.13,66.07,66.43,78.6,72.09,70.86,0.0,0.0
512,33875,78.23,55.084870599285054,0.7045343352658407,0,25,6,100,84.83,71.42,75.55,86.93,64.78,85.89,0.0,0.0
513,33875,66.22,51.57101765527584,0.5393509679486564,0,25,6,100,60.48,72.66,73.06,64.99,57.96,68.16,0.0,0.0
514,33875,48.59,53.16630800432654,0.6309037250266119,0,25,6,100,49.46,41.84,54.78,40.89,50.6,53.97,0.0,0.0
515,34681,64.91,55.11456567548863,0.6455645489072924,0,23,6,100,72.77,57.51,75.91,61.64,56.16,65.46,0.0,0.0
516,33875,74.04,54.44235842897988,0.5737392431279107,0,25,6,100,76.79,79.82,78.29,79.49,64.68,65.18,0.0,0.0
517,34681,65.99,54.3002935569916,0.685414921482799,0,23,6,100,62.65,55.19,74.48,65.1,66.23,72.32,0.0,0.0
518,36696,67.39,55.83250033341058,0.6764019917452015,0,18,6,100,71.36,57.93,60.0,62.72,76.8,75.54,0.0,0.0
519,34681,63.4,55.059814253488646,0.6137191325398068,0,23,6,100,62.67,62.98,59.47,62.32,55.95,77.04,0.0,0.0
520,34278,75.2,54.242735066826654,0.5769585466603049,0,24,6,100,78.56,72.16,76.91,76.74,68.75,78.11,0.0,0.0
521,33875,63.79,53.17368541604352,0.6915533505449916,0,25,6,100,59.05,56.55,64.74,65.92,70.28,66.18,0.0,0.0
522,34278,61.94,53.17573756848167,0.7150581900695986,0,24,6,100,69.74,56.49,53.17,63.84,64.11,64.31,0.0,0.0
523,35890,60.76,54.18181940731172,0.6720654293487497,0,20,6,100,61.4,60.22,56.47,61.92,66.4,58.18,0.0,0.0
524,33875,53.59,53.51937049309672,0.7479278882746525,0,25,6,100,50.85,56.85,47.6,55.53,57.99,52.7,0.0,0.0
525,36293,61.39,55.14708965988786,0.6230672379365257,0,19,6,100,56.17,65.93,61.02,64.88,62.36,57.96,0.0,0.0
526,35890,61.56,52.4876672722669,0.6762329112810828,0,20,6,100,61.95,54.31,62.5,62.24,59.38,69.01,0.0,0.0
527,33875,62.12,52.7957671040208,0.6135342477940108,0,25,6,100,63.27,67.85,68.67,56.35,59.47,57.11,0.0,0.0
528,39114,63.23,52.42611801047241,0.6926434294126096,0,12,6,100,66.65,70.68,65.08,54.15,65.35,57.5,0.0,0.0
529,36293,68.31,52.52260751296,0.6364735819596683,0,19,6,100,69.87,59.66,63.07,66.17,73.62,77.47,0.0,0.0
530,34681,61.65,51.9664318667793,0.709452956091011,0,23,6,100,63.48,66.0,59.4,59.21,63.51,58.3,0.0,0.0
531,36293,52.19,54.60583934421578,0.6318315962083739,0,19,6,100,48.69,49.71,54.47,56.78,49.46,54.02,0.0,0.0
532,36696,79.44,54.0003120176817,0.7138686119960956,0,18,6,100,82.94,79.88,89.51,79.56,73.95,70.83,0.0,0.0
533,34681,68.0,53.217029364067166,0.6747554305079695,0,23,6,100,62.25,58.78,76.63,59.08,74.39,76.86,0.0,0.0
534,34278,65.71,53.748527946583366,0.5883061376341634,0,24,6,100,63.15,63.29,65.4,69.96,59.33,73.15,0.0,0.0
535,36696,67.81,54.2006932380596,0.6715597077934128,0,18,6,100,64.98,63.75,71.32,70.83,73.34,62.63,0.0,0.0
536,34278,61.85,51.01329291858152,0.7037515099501181,0,24,6,100,70.02,53.76,71.27,56.86,59.07,60.12,0.0,0.0
537,33875,61.42,54.69950854026138,0.7032086182481564,0,25,6,100,54.74,70.29,70.69,52.21,61.39,59.18,0.0,0.0
538,34681,73.08,54.28830025226793,0.6466513290340664,0,23,6,100,63.87,78.54,70.27,78.34,77.01,70.42,0.0,0.0
539,34681,61.13,53.64595183306759,0.684850078530034,0,23,6,100,61.8,65.68,64.98,55.79,66.53,52.02,0.0,0.0
540,33875,55.08,52.895732467515344,0.6821526771015074,0,25,6,100,56.1,63.42,51.25,53.86,50.42,55.41,0.0,0.0
541,35084,69.33,53.3564737607951,0.6454235881095141,0,22,6,100,74.74,73.45,65.33,62.79,70.53,69.14,0.0,0.0
542,35084,63.38,54.75417859776879,0.5955213952079309,0,22,6,100,72.06,57.99,67.29,57.93,63.22,61.78,0.0,0.0
543,33875,54.79,53.7898512520607,0.6515872056734194,0,25,6,100,60.22,56.12,60.85,54.13,51.1,46.3,0.0,0.0
544,34278,60.4,54.81755184051936,0.6995055339240951,0,24,6,100,70.16,63.49,54.23,59.7,57.8,57.02,0.0,0.0
545,33875,58.5,52.949685383680944,0.6434225932973792,0,25,6,100,52.23,67.02,62.26,56.65,60.8,52.07,0.0,0.0
546,33875,49.21,54.10881290659314,0.6519838238742915,0,25,6,100,50.41,53.76,47.99,52.76,42.88,47.44,0.0,0.0
547,34681,65.95,51.9216703566526,0.690273998292059,0,23,6,100,66.85,71.97,64.7,70.75,62.71,58.74,0.0,0.0
548,36696,66.93,53.41913041677769,0.6558258094272554,0,18,6,100,72.22,57.62,69.73,68.79,62.37,70.85,0.0,0.0
549,33875,58.26,51.8131330767386,0.6468541944853818,0,25,6,100,54.26,54.93,55.3,63.4,57.77,63.9,0.0,0.0
550,33875,68.9,54.22648814088228,0.7085529327627942,0,25,6,100,78.35,74.32,73.77,61.59,61.06,64.31,0.0,0.0
551,35487,63.58,53.41156782682469,0.636021984128097,0,21,6,100,64.98,55.6,57.18,74.23,66.26,63.24,0.0,0.0
552,33875,67.34,55.80218858279679,0.6646492303829022,0,25,6,100,70.38,68.92,69.67,64.78,59.27,71.03,0.0,0.0
553,35487,64.69,53.21826816999345,0.6786683324505999,0,21,6,100,60.64,70.81,60.1,64.61,65.05,66.94,0.0,0.0
554,35084,66.24,55.67507782443983,0.6878019214693439,0,22,6,100,72.35,64.13,55.72,66.41,66.17,72.67,0.0,0.0
555,35084,78.23,55.01795487096285,0.6150408426645178,0,22,6,100,82.2,65.84,84.86,82.14,77.29,77.04,0.0,0.0
556,34278,53.95,52.91732759048247,0.6504835623940852,0,24,6,100,53.39,54.47,50.72,48.9,60.81,55.42,0.0,0.0
557,33875,66.63,53.18239778198888,0.7262692140920153,0,25,6,100,69.96,68.56,56.54,70.83,61.6,72.31,0.0,0.0
558,33875,58.6,55.26652642677984,0.5975312797474347,0,25,6,100,62.9,60.95,48.78,60.02,61.66,57.27,0.0,0.0
559,35084,60.42,50.845445869251776,0.6269164635947535,0,22,6,100,61.15,60.41,60.45,60.74,58.95,60.83,0.0,0.0
560,36696,60.25,52.04831725082947,0.6791224881505311,0,18,6,100,64.79,59.11,59.8,53.39,65.66,58.74,0.0,0.0
561,35084,46.81,52.937143778313455,0.6268498722112208,0,22,6,100,43.54,48.5,49.02,45.67,51.58,42.54,0.0,0.0
562,36696,54.6,54.276517329369206,0.5886633963262982,0,18,6,100,48.32,57.54,51.07,49.86,63.83,56.96,0.0,0.0
563,33875,65.13,53.53510697683007,0.6383920648856211,0,25,6,100,58.26,55.8,63.93,70.0,71.31,71.48,0.0,0.0
564,34681,76.32,52.45945818728414,0.6254533580694445,0,23,6,100,76.62,62.47,77.47,72.93,87.05,81.38,0.0,0.0
565,33875,76.88,53.50104798835233,0.604212474280224,0,25,6,100,73.82,79.92,81.77,84.03,66.98,74.77,0.0,0.0
566,34681,58.63,55.40941841809752,0.6560274150611392,0,23,6,100,62.04,53.9,54.77,64.65,60.47,55.95,0.0,0.0
567,36293,60.88,54.88869804204371,0.6114659107910798,0,19,6,100,55.19,62.95,71.37,57.61,57.23,60.92,0.0,0.0
568,33875,54.0,53.60057719338273,0.5093020472873254,0,25,6,100,60.06,61.23,56.63,49.3,48.43,48.38,0.0,0.0
569,33875,62.21,51.08124664187042,0.6529176560149781,0,25,6,100,62.77,61.45,56.79,71.27,70.14,50.85,0.0,0.0
570,34681,65.61,52.81071550636899,0.6425655571880453,0,23,6,100,69.99,72.96,57.54,65.74,67.83,59.62,0.0,0.0
571,33875,60.79,53.58251936951809,0.5310730361262992,0,25,6,100,67.11,62.4,59.77,58.07,56.77,60.64,0.0,0.0
572,35487,61.2,52.69220089378212,0.5347573994160921,0,21,6,100,53.77,66.24,53.66,68.89,59.33,65.3,0.0,0.0
573,33875,67.15,54.42539834776626,0.6928730259007922,0,25,6,100,73.44,72.83,57.48,75.44,62.76,60.98,0.0,0.0
574,36293,57.92,53.09485217322104,0.6795774173861179,0,19,6,100,63.1,56.74,51.51,62.88,56.39,56.89,0.0,0.0
575,35084,66.49,55.37051291623852,0.557727435039386,0,22,6,100,67.63,58.38,65.27,67.0,68.96,71.72,0.0,0.0
576,34681,60.82,53.45703482001622,0.672696862826726,0,23,6,100,63.56,56.91,62.18,57.42,63.53,61.29,0.0,0.0
577,33875,61.04,53.72125123947427,0.6681388629046504,0,25,6,100,53.25,60.98,69.44,63.64,63.47,55.48,0.0,0.0
578,35084,78.41,53.49038856828717,0.6704189181509943,0,22,6,100,72.36,84.33,77.97,74.32,76.74,84.73,0.0,0.0
579,36696,73.99,54.81873601946631,0.6355414345735247,0,18,6,100,70.2,69.23,72.64,79.15,72.55,80.19,0.0,0.0
580,38711,58.61,55.08621423430797,0.5817899421255488,0,13,6,100,51.23,56.7,57.26,58.88,65.88,61.71,0.0,0.0
581,33875,67.13,53.38577058401645,0.6628438121303426,0,25,6,100,65.68,58.94,76.49,68.12,64.15,69.4,0.0,0.0
582,37099,63.68,53.32625756744561,0.6455292134138984,0,17,6,100,61.86,66.6,67.01,55.22,70.19,61.2,0.0,0.0
583,33875,82.07,55.33240790781777,0.6555360990058129,0,25,6,100,92.32,70.59,73.25,84.77,77.81,93.67,0.0,0.0
584,35890,71.67,55.17722087443321,0.6033959071222733,0,20,6,100,64.26,82.25,68.44,71.39,67.07,76.63,0.0,0.0
585,33875,64.08,53.00672555048039,0.5688629919683027,0,25,6,100,57.48,66.34,70.82,61.05,65.71,63.11,0.0,0.0
586,33875,51.21,52.4531720502819,0.6450075975869421,0,25,6,100,50.67,46.99,52.32,56.52,53.32,47.43,0.0,0.0
587,38711,59.4,54.30902929637966,0.7156009396096326,0,13,6,100,50.02,60.75,64.86,64.52,54.64,61.6,0.0,0.0
588,35487,71.63,54.34170475047628,0.7179753963316418,0,21,6,100,64.13,82.32,79.02,74.99,65.84,63.47,0.0,0.0
589,33875,52.58,52.69719077120838,0.6138400233940408,0,25,6,100,52.13,57.31,51.78,59.73,47.52,47.01,0.0,0.0
590,36293,65.66,56.68556542479794,0.6004365845489731,0,19,6,100,69.44,75.93,59.09,61.84,63.54,64.09,0.0,0.0
591,37099,63.13,55.818873374041175,0.6699057989772728,0,17,6,100,68.67,62.46,57.76,71.38,54.85,63.68,0.0,0.0
592,36696,74.79,55.64713856842557,0.5903237482016556,0,18,6,100,82.74,71.9,81.55,64.72,70.93,76.91,0.0,0.0
593,33875,59.67,52.8895417766398,0.5576267366574357,0,25,6,100,55.21,51.51,65.58,58.28,64.47,62.96,0.0,0.0
594,33875,72.09,53.31625013550927,0.6349244643314602,0,25,6,100,76.87,77.64,77.75,64.81,62.94,72.51,0.0,0.0
595,34278,59.44,53.2539216300463,0.6235160692211625,0,24,6,100,67.11,50.76,64.1,49.63,57.29,67.77,0.0,0.0
596,35487,64.21,55.16668434571712,0.6426041880464742,0,21,6,100,73.18,64.5,67.08,71.56,58.06,50.88,0.0,0.0
597,36293,52.51,55.43325016658225,0.6812955619863875,0,19,6,100,53.67,52.28,64.32,51.6,45.57,47.65,0.0,0.0
598,34681,59.26,52.97887590835511,0.6642321189928609,0,23,6,100,54.64,57.51,67.63,55.4,53.65,66.75,0.0,0.0
599,35084,59.75,55.73372293991929,0.6694845647280993,0,22,6,100,55.63,56.23,67.22,53.59,59.09,66.73,0.0,0.0
600,34681,48.73,54.10654667863217,0.8737056204835725,0,23,6,100,45.34,59.42,43.95,48.58,48.03,47.06,0.0,0.0
601,34681,66.85,53.6659801700376,0.6731613064430726,0,23,6,100,65.29,74.29,59.55,60.7,72.86,68.39,0.0,0.0
602,34278,61.54,53.16552305242401,0.580154677795826,0,24,6,100,52.82,67.45,66.5,66.9,60.15,55.44,0.0,0.0
603,34681,63.74,53.11713507960921,0.7097705690196553,0,23,6,100,53.83,70.18,62.7,67.77,72.03,55.95,0.0,0.0
604,35487,47.06,52.906718429963,0.6539330029414908,0,21,6,100,44.34,42.16,51.99,54.49,42.05,47.31,0.0,0.0
605,34681,63.22,53.59927343851263,0.6034953591616096,0,23,6,100,61.76,72.49,62.61,65.87,60.96,55.65,0.0,0.0
606,33875,61.45,54.69121042116007,0.6168887345507911,0,25,6,100,64.18,58.88,65.85,57.29,66.94,55.58,0.0,0.0
607,33875,61.85,53.954281978995965,0.5891181946571086,0,25,6,100,55.1,63.42,66.88,56.33,68.73,60.63,0.0,0.0
608,33875,56.29,53.421845164429214,0.6586821609177417,0,25,6,100,59.92,48.33,57.92,56.92,59.53,55.1,0.0,0.0
609,33875,63.96,55.93956617147189,0.6577598274239804,0,25,6,100,55.77,63.37,66.17,67.78,68.51,62.19,0.0,0.0
610,35084,71.29,53.49449727480054,0.7208207220619556,0,22,6,100,63.24,72.32,72.29,75.39,78.28,66.24,0.0,0.0
611,35487,72.73,53.71676405940208,0.6105260997954787,0,21,6,100,73.36,77.4,69.1,67.24,69.64,79.65,0.0,0.0
612,33875,62.56,53.48344712778479,0.6101361528875745,0,25,6,100,62.32,59.15,68.48,61.64,53.68,70.1,0.0,0.0
613,38308,62.03,54.37765508317565,0.7198701586224469,0,14,6,100,61.72,64.94,63.34,58.11,63.7,60.36,0.0,0.0
614,35890,61.59,54.52823100493847,0.5970198365847214,0,20,6,100,65.82,48.28,57.56,63.29,67.8,66.8,0.0,0.0
615,33875,67.87,53.99794421505684,0.5380941165837588,0,25,6,100,70.66,78.1,72.58,55.32,57.39,73.2,0.0,0.0
616,36293,62.96,53.29103130208901,0.6447454165886002,0,19,6,100,68.04,67.3,60.62,52.93,56.68,72.2,0.0,0.0
617,35890,61.75,54.28672862210918,0.7251381063517706,0,20,6,100,62.05,50.39,61.27,60.26,68.42,68.09,0.0,0.0
618,33875,65.08,52.51770518515386,0.5918487484002674,0,25,6,100,74.16,59.72,69.01,66.86,60.61,60.09,0.0,0.0
619,34278,64.3,53.19900737248671,0.7003701808876251,0,24,6,100,56.91,71.18,59.66,68.75,68.17,61.12,0.0,0.0
620,35487,67.08,52.5033867348316,0.6846366392157671,0,21,6,100,73.39,68.12,62.12,64.71,63.36,70.77,0.0,0.0
621,36293,82.61,53.59095738444193,0.6352449165668974,0,19,6,100,88.0,82.56,88.2,72.4,84.61,79.88,0.0,0.0
622,37099,61.91,54.63512701634515,0.5794350382134401,0,17,6,100,58.23,62.13,57.84,59.58,67.44,66.23,0.0,0.0
623,33875,58.1,55.17995383205583,0.6411866281122092,0,25,6,100,62.36,49.62,63.3,60.65,56.88,55.8,0.0,0.0
624,34681,74.66,53.9895145282506,0.6238958693656111,0,23,6,100,71.4,63.57,80.58,77.81,80.77,73.82,0.0,0.0
625,35890,53.72,52.76054367517525,0.6338234283190268,0,20,6,100,60.51,50.71,53.22,52.35,53.5,52.0,0.0,0.0
626,33875,68.05,55.05044659687993,0.7263494270580889,0,25,6,100,62.46,68.76,66.74,73.12,61.1,76.14,0.0,0.0
627,33875,59.56,53.95671629639059,0.6956537225555534,0,25,6,100,56.19,54.59,61.73,66.91,60.43,57.48,0.0,0.0
628,33875,64.8,54.20526416598597,0.6231565370036573,0,25,6,100,73.66,55.17,53.64,67.01,71.4,67.9,0.0,0.0
629,33875,67.69,55.22351210947152,0.6866572113939553,0,25,6,100,65.22,72.2,69.51,65.2,61.03,73.0,0.0,0.0
630,33875,72.16,54.25637869821182,0.6331164289114434,0,25,6,100,75.86,69.92,63.72,62.61,79.02,81.81,0.0,0.0
631,37905,58.57,54.61622089963039,0.6227392471252577,0,15,6,100,56.25,62.77,63.22,59.77,53.76,55.62,0.0,0.0
632,33875,56.2,53.42399757022984,0.5967544262239037,0,25,6,100,48.33,54.26,56.99,60.61,58.86,58.12,0.0,0.0
633,33875,73.07,54.20044229910279,0.6763605424157821,0,25,6,100,78.47,80.12,67.89,65.92,78.58,67.46,0.0,0.0
634,35487,71.42,54.332525441579705,0.5592044931495421,0,21,6,100,72.8,77.65,68.1,71.65,66.8,71.5,0.0,0.0
635,34681,56.09,54.235350035311136,0.6400647550083496,0,23,6,100,57.56,57.94,51.67,55.69,59.33,54.37,0.0,0.0
636,37905,59.04,54.56508003992112,0.6906784238093641,0,15,6,100,56.99,50.35,53.83,62.07,71.87,59.15,0.0,0.0
637,38711,64.06,53.654772770062806,0.5732436493537536,0,13,6,100,59.47,68.7,52.82,68.26,69.55,65.57,0.0,0.0
638,36696,73.25,54.9047277691675,0.6732133237864388,0,18,6,100,67.53,73.89,80.01,78.56,78.85,60.64,0.0,0.0
639,34681,62.98,54.07345017265508,0.5547286381884006,0,23,6,100,57.1,60.2,75.04,60.27,67.67,57.59,0.0,0.0
640,34278,60.86,55.34855567682428,0.7150034584479588,0,24,6,100,59.59,56.88,58.95,62.76,71.56,55.45,0.0,0.0
641,34681,75.75,53.17801488517016,0.5947606035623672,0,23,6,100,83.66,76.36,77.02,78.31,73.81,65.34,0.0,0.0
642,35084,65.04,53.67543308558177,0.7009862236066746,0,22,6,100,65.43,64.31,59.55,64.64,71.36,64.96,0.0,0.0
643,35890,57.23,54.63718710304567,0.6870158958796447,0,20,6,100,52.86,58.96,53.93,59.13,53.87,64.64,0.0,0.0
644,33875,68.72,55.34754286286476,0.7393876084263454,0,25,6,100,76.14,67.03,67.23,61.57,63.03,77.33,0.0,0.0
645,33875,65.25,51.180017598336526,0.7027207620153936,0,25,6,100,62.69,65.82,62.59,70.75,64.81,64.86,0.0,0.0
646,35487,70.23,54.09040911410442,0.5933762649433899,0,21,6,100,73.02,61.35,62.69,76.43,77.25,70.65,0.0,0.0
647,36293,68.02,54.38320642967898,0.6167688051260757,0,19,6,100,64.99,56.49,76.55,79.05,74.34,56.7,0.0,0.0
648,35084,65.07,55.27963985989003,0.6525196933510858,0,22,6,100,67.77,73.18,61.96,70.12,57.74,59.63,0.0,0.0
649,35084,57.82,53.57714476721661,0.6489872965720005,0,22,6,100,50.53,56.09,56.54,67.43,54.48,61.82,0.0,0.0
650,33875,59.83,54.76807686722723,0.6364398374795176,0,25,6,100,68.92,51.62,61.25,56.76,67.58,52.87,0.0,0.0
651,36293,49.01,53.67185347533773,0.6749506424219696,0,19,6,100,51.19,51.55,49.41,48.94,49.66,43.3,0.0,0.0
652,33875,48.77,53.78488854497274,0.6671454165578733,0,25,6,100,46.39,49.42,45.03,50.55,46.76,54.48,0.0,0.0
653,36293,60.5,55.38536840919006,0.5545501281419544,0,19,6,100,58.36,54.92,64.74,67.64,59.11,58.22,0.0,0.0
654,33875,64.09,54.40820685334931,0.5507734431032035,0,25,6,100,67.23,71.07,63.88,58.48,63.82,60.06,0.0,0.0
655,36293,54.3,52.788711070490486,0.570274494969603,0,19,6,100,49.86,62.95,58.62,51.39,55.96,47.03,0.0,0.0
656,37905,71.6,53.7613228786285,0.6291292488796938,0,15,6,100,65.8,81.76,79.89,77.5,65.02,59.64,0.0,0.0
657,35084,60.44,52.204646137140784,0.6113844414953232,0,22,6,100,63.64,56.88,54.41,62.06,60.05,65.57,0.0,0.0
658,34278,61.28,54.861539067212576,0.6348090726356692,0,24,6,100,68.3,53.81,67.45,61.13,59.37,57.59,0.0,0.0
659,38308,56.57,52.70735082677727,0.5308611712314147,0,14,6,100,54.8,48.54,55.7,64.36,54.2,61.8,0.0,0.0
660,34278,55.45,54.58512462278129,0.5509460775362675,0,24,6,100,51.9,56.77,52.79,47.97,57.18,66.11,0.0,0.0
661,37099,78.35,54.19253246567451,0.5599417973739537,0,17,6,100,82.07,78.75,80.07,82.66,80.38,66.18,0.0,0.0
662,36696,64.18,55.46705572810057,0.6084049885571783,0,18,6,100,65.22,58.28,60.73,74.13,64.31,62.38,0.0,0.0
663,35084,52.8,55.877428298933125,0.5429239130923569,0,22,6,100,48.81,49.73,57.64,49.08,59.35,52.2,0.0,0.0
664,38308,65.58,52.63156015385167,0.6769239462419447,0,14,6,100,61.73,68.51,62.28,55.06,74.8,71.08,0.0,0.0
665,37099,69.67,52.91642549295667,0.7625288683246516,0,17,6,100,68.18,75.11,70.42,70.87,66.28,67.16,0.0,0.0
666,36696,72.93,55.022446590450734,0.58102671484286,0,18,6,100,67.91,80.77,68.65,69.19,66.52,84.57,0.0,0.0
667,37099,66.88,55.07023222479153,0.6557806402375126,0,17,6,100,58.97,75.93,57.29,74.36,67.75,66.96,0.0,0.0
668,33875,66.69,55.09676595890797,0.6259317102206579,0,25,6,100,74.22,62.68,65.69,74.98,65.41,57.18,0.0,0.0
669,35890,63.92,55.948705447934174,0.6577044084530204,0,20,6,100,70.42,66.59,60.47,59.2,64.56,62.28,0.0,0.0
670,36696,55.06,55.17896934630137,0.6038998197534368,0,18,6,100,51.83,55.62,55.36,50.63,58.99,57.92,0.0,0.0
671,36293,59.88,53.32735812060452,0.5814715805826142,0,19,6,100,63.95,58.95,61.62,61.3,56.13,57.31,0.0,0.0
672,34681,72.13,54.11204726565622,0.5327607487409373,0,23,6,100,67.61,63.93,78.93,80.74,75.26,66.3,0.0,0.0
673,35487,67.98,53.24173703982428,0.5767699363427485,0,21,6,100,75.21,72.53,60.21,66.35,73.56,60.05,0.0,0.0
674,35487,54.3,54.39381892569294,0.5881786940363779,0,21,6,100,59.37,54.14,49.0,51.58,54.62,57.11,0.0,0.0
675,35890,58.26,55.3701350667268,0.6826111045203481,0,20,6,100,50.1,61.02,63.82,53.02,63.17,58.42,0.0,0.0
676,35487,71.9,52.06331514022193,0.6197974931558896,0,21,6,100,61.13,63.02,83.41,65.26,76.41,82.19,0.0,0.0
677,35890,56.68,53.64398724028443,0.7031019311663185,0,20,6,100,62.62,51.57,58.04,48.46,62.08,57.34,0.0,0.0
678,34681,64.8,53.66488181324216,0.7476301445235586,0,23,6,100,68.73,62.77,60.09,69.15,67.24,60.81,0.0,0.0
679,34681,63.11,54.86786300895913,0.6595619475861941,0,23,6,100,57.39,59.66,62.72,71.13,60.32,67.46,0.0,0.0
680,36293,56.46,52.25536790390005,0.7067941279583795,0,19,6,100,53.98,57.73,50.81,55.17,61.79,59.26,0.0,0.0
681,36696,63.27,53.28686891677286,0.6677064938913062,0,18,6,100,59.92,59.54,65.11,68.09,66.89,60.07,0.0,0.0
682,34278,64.61,54.19283114412624,0.6090161905929399,0,24,6,100,53.75,64.34,66.97,65.67,65.65,71.31,0.0,0.0
683,36696,62.63,54.85427849645148,0.6742866929210928,0,18,6,100,62.71,54.81,64.93,56.78,69.48,67.07,0.0,0.0
684,35487,66.91,52.69058234193983,0.6472501613962247,0,21,6,100,71.28,66.31,58.1,63.03,72.91,69.82,0.0,0.0
685,36293,66.53,54.214528646813726,0.6548970788773322,0,19,6,100,58.45,64.49,66.88,64.8,72.05,72.53,0.0,0.0
686,33875,61.24,54.734460256350346,0.7102861543540021,0,25,6,100,64.85,65.53,51.27,62.94,57.44,65.43,0.0,0.0
687,33875,71.54,54.10502639603819,0.6423168680411308,0,25,6,100,71.51,70.98,68.6,71.35,79.95,66.88,0.0,0.0
688,34681,57.58,52.86868820483984,0.6157230303226657,0,23,6,100,55.89,62.23,50.94,67.19,55.99,53.24,0.0,0.0
689,37905,69.01,55.00008909304455,0.5710469086962057,0,15,6,100,71.48,76.48,75.62,62.54,67.97,59.96,0.0,0.0
690,34278,65.88,54.17234311025224,0.5272985907610992,0,24,6,100,58.08,68.79,68.88,59.07,69.22,71.27,0.0,0.0
691,34681,69.96,52.35793558025618,0.6290807242545123,0,23,6,100,77.36,66.04,70.26,73.57,58.34,74.16,0.0,0.0
692,34681,68.35,51.89795459442341,0.5886587270220338,0,23,6,100,62.25,60.56,71.85,69.89,77.35,68.21,0.0,0.0
693,36696,54.34,54.3549513484794,0.6513860444123539,0,18,6,100,52.6,60.97,65.65,48.38,50.48,47.98,0.0,0.0
694,36293,63.51,53.87484690102633,0.6314894702026189,0,19,6,100,59.13,66.56,56.98,62.81,74.97,60.61,0.0,0.0
695,34681,62.59,54.65978940754028,0.5940782777926509,0,23,6,100,58.04,62.12,60.14,58.42,69.37,67.44,0.0,0.0
696,35084,54.98,54.90629300905471,0.6329106115397976,0,22,6,100,50.3,56.46,49.83,54.78,57.7,60.8,0.0,0.0
697,33875,67.26,52.826488291845806,0.5943975976083179,0,25,6,100,59.86,67.51,73.33,71.73,67.13,64.01,0.0,0.0
698,37099,74.06,54.20967684395963,0.5618023205916314,0,17,6,100,65.84,65.68,77.42,78.09,75.44,81.87,0.0,0.0
699,35487,60.46,53.701010285468,0.6344818712308824,0,21,6,100,60.28,59.28,63.05,53.9,56.75,69.53,0.0,0.0
700,36293,64.52,54.4007737578271,0.5771398698919312,0,19,6,100,57.36,73.92,60.57,61.17,65.42,68.65,0.0,0.0
701,37099,58.14,54.39010174950418,0.5525995772207227,0,17,6,100,54.75,56.95,65.54,54.52,65.71,51.35,0.0,0.0
702,33875,50.15,54.92736813682169,0.6133772736935612,0,25,6,100,54.62,42.85,45.82,55.96,48.03,53.61,0.0,0.0
703,33875,69.0,53.43237639632566,0.5893718137294509,0,25,6,100,80.37,61.66,74.8,58.52,79.27,59.41,0.0,0.0
704,35487,72.94,54.13177698635792,0.7113950849587026,0,21,6,100,69.05,84.06,81.31,62.06,72.51,68.65,0.0,0.0
705,37502,54.84,54.32837275148373,0.5409400170941128,0,16,6,100,52.99,60.79,55.73,52.35,51.38,55.8,0.0,0.0
706,36696,67.38,54.474456000466354,0.5904289784663814,0,18,6,100,72.77,69.53,61.94,78.72,57.84,63.45,0.0,0.0
707,36696,68.86,53.93677687479309,0.7399269492560235,0,18,6,100,75.74,68.16,64.77,75.33,66.18,63.01,0.0,0.0
708,34681,49.34,53.39269530683858,0.5777065950898872,0,23,6,100,46.62,52.87,53.05,47.8,47.73,47.95,0.0,0.0
709,36293,70.96,52.57553988614097,0.5901580306620828,0,19,6,100,72.03,73.25,66.26,79.68,60.85,73.66,0.0,0.0
710,35890,48.31,53.549930775117375,0.5871373191259766,0,20,6,100,42.55,44.85,51.63,43.95,52.57,54.33,0.0,0.0
711,37905,76.55,54.62608781494818,0.5395386304390224,0,15,6,100,74.89,78.23,70.76,76.77,84.36,74.28,0.0,0.0
712,35487,55.21,53.60048837863545,0.6668532671062564,0,21,6,100,60.8,51.99,60.97,47.97,56.64,52.89,0.0,0.0
713,37905,48.64,54.17237418871248,0.5538494251785498,0,15,6,100,51.88,44.18,52.04,44.79,43.54,55.44,0.0,0.0
714,35487,57.26,53.01023628010746,0.7074825692585163,0,21,6,100,56.2,56.25,63.92,57.86,58.44,50.9,0.0,0.0
715,33875,64.22,52.09861421608374,0.7121170345394294,0,25,6,100,69.78,59.99,68.01,60.68,66.89,59.94,0.0,0.0
716,33875,58.37,54.64192460648129,0.617673419164958,0,25,6,100,56.02,54.16,60.91,57.96,57.28,63.91,0.0,0.0
717,33875,68.76,53.73315929533248,0.6826439652750502,0,25,6,100,71.35,77.34,70.17,61.09,64.43,68.16,0.0,0.0
718,34278,68.4,53.7665709540324,0.6413848693365888,0,24,6,100,67.18,71.48,68.73,65.43,65.41,72.19,0.0,0.0
719,38711,82.25,55.218713380300606,0.6041988233266485,0,13,6,100,81.51,85.0,78.46,85.0,82.68,80.85,0.0,0.0
720,35487,63.71,54.011170052254506,0.7103439763194421,0,21,6,100,77.0,56.68,65.33,57.82,60.52,64.91,0.0,0.0
721,35084,72.59,55.15822434573456,0.7368272836174643,0,22,6,100,69.7,70.97,63.34,78.58,77.9,75.04,0.0,0.0
722,33875,58.4,51.54056533730705,0.664157657568041,0,25,6,100,58.36,67.43,49.78,61.16,60.93,52.77,0.0,0.0
723,34278,67.87,55.22593259181394,0.6699408544097041,0,24,6,100,64.55,73.94,63.42,66.55,75.08,63.7,0.0,0.0
724,37099,67.29,54.27020005056948,0.598437392328295,0,17,6,100,63.21,60.51,57.78,74.74,74.57,72.95,0.0,0.0
725,35890,60.68,53.683219466549176,0.6178441359036068,0,20,6,100,57.51,51.89,64.74,58.58,71.26,60.13,0.0,0.0
726,34278,50.68,55.3765333682478,0.58015085932863,0,24,6,100,54.59,51.69,47.51,57.19,49.51,43.58,0.0,0.0
727,34278,59.75,56.02490157567235,0.7390021875728907,0,24,6,100,65.08,60.2,53.44,67.45,60.62,51.71,0.0,0.0
728,36293,57.37,53.162849504784525,0.5666919954642535,0,19,6,100,51.08,60.53,57.05,55.18,58.51,61.89,0.0,0.0
729,35084,68.62,53.32979527244617,0.6180063500101524,0,22,6,100,64.25,73.79,56.92,75.77,67.69,73.33,0.0,0.0
730,33875,59.72,56.27334676091227,0.6545004563942644,0,25,6,100,48.09,64.08,64.27,62.28,58.7,60.92,0.0,0.0
731,35487,70.05,53.7197194192359,0.5929716353744126,0,21,6,100,65.08,67.04,71.29,77.08,72.83,67.0,0.0,0.0
732,33875,64.02,54.02267848312699,0.63312459404137,0,25,6,100,75.9,57.82,72.88,57.8,61.45,58.27,0.0,0.0
733,35890,68.7,55.23383270548761,0.6617267706832616,0,20,6,100,77.07,71.13,65.7,65.65,58.85,73.79,0.0,0.0
734,37099,59.81,51.98648774531896,0.6133680846800303,0,17,6,100,56.65,54.53,70.41,62.71,59.06,55.5,0.0,0.0
735,37099,79.18,55.14786566837156,0.6820873613114109,0,17,6,100,84.0,79.97,76.15,72.53,81.11,81.29,0.0,0.0
736,33875,58.06,53.73913951650436,0.722799116079681,0,25,6,100,55.21,53.69,56.49,62.02,53.88,67.07,0.0,0.0
737,35084,56.21,51.48866024251492,0.584130460187557,0,22,6,100,51.2,62.08,52.53,54.97,55.87,60.61,0.0,0.0
738,33875,63.92,53.20341030504896,0.5853021198958283,0,25,6,100,62.96,64.97,60.34,63.55,71.81,59.87,0.0,0.0
739,34278,57.03,54.69768702477717,0.7200531480632588,0,24,6,100,60.19,57.12,52.55,52.0,60.91,59.39,0.0,0.0
740,33875,74.89,53.91442928130965,0.6348300553401588,0,25,6,100,72.19,75.36,75.17,78.36,80.97,67.26,0.0,0.0
741,36696,60.33,52.72480771290613,0.6544060785220884,0,18,6,100,56.31,55.78,58.15,69.07,57.96,64.72,0.0,0.0
742,36293,57.82,55.75186491896353,0.7129731941781444,0,19,6,100,60.57,62.07,47.26,58.8,57.01,61.24,0.0,0.0
743,37905,67.72,54.60362380103485,0.6116714464297872,0,15,6,100,60.39,74.26,72.92,70.84,64.33,63.58,0.0,0.0
744,35890,57.84,55.09270751025606,0.5955201471662844,0,20,6,100,63.7,59.48,56.45,54.6,53.89,58.93,0.0,0.0
745,35084,71.14,55.63564454964811,0.601420015571189,0,22,6,100,74.71,72.84,69.51,62.6,83.51,63.65,0.0,0.0
746,36293,77.9,53.444007906567926,0.5831120881948367,0,19,6,100,74.51,79.64,74.34,78.78,79.12,81.02,0.0,0.0
747,37502,49.18,56.38573638031418,0.5654866997218604,0,16,6,100,51.42,53.06,44.63,50.26,42.99,52.69,0.0,0.0
748,33875,60.57,51.57341353877081,0.5988644305961319,0,25,6,100,64.83,58.84,59.62,54.89,65.19,60.06,0.0,0.0
749,36293,72.22,54.04785520758672,0.5496222457352941,0,19,6,100,72.14,83.44,65.54,64.83,65.46,81.94,0.0,0.0
750,33875,66.98,53.48408591011113,0.6202341441005361,0,25,6,100,76.96,57.49,66.59,73.2,68.28,59.38,0.0,0.0
751,36293,71.52,52.30781274006866,0.5780892273348266,0,19,6,100,67.95,70.85,60.5,82.44,72.06,75.35,0.0,0.0
752,38711,63.78,52.75993613839956,0.5739159787157561,0,13,6,100,66.95,54.1,60.91,71.74,58.92,70.08,0.0,0.0
753,35890,76.81,54.41288593386899,0.5785748400717288,0,20,6,100,79.19,80.97,73.1,79.56,77.41,70.62,0.0,0.0
754,37905,53.21,53.89189617353234,0.6585215165445971,0,15,6,100,42.24,54.75,53.44,58.82,50.84,59.17,0.0,0.0
755,33875,70.2,52.99448677028818,0.6300784339583636,0,25,6,100,66.66,77.04,72.72,62.36,73.25,69.19,0.0,0.0
756,37502,56.03,52.57624214717022,0.5943680183739909,0,16,6,100,61.23,55.82,60.25,50.31,51.38,57.19,0.0,0.0
757,35084,70.55,55.30658580934163,0.6153131477129653,0,22,6,100,64.6,65.55,60.52,79.85,79.09,73.7,0.0,0.0
758,39114,62.61,54.529625384398805,0.5612282192426382,0,12,6,100,55.96,64.93,70.24,61.45,62.01,61.09,0.0,0.0
759,33875,65.13,52.26573810683743,0.5391834294359006,0,25,6,100,58.69,66.62,71.32,65.68,64.35,64.14,0.0,0.0
760,35890,63.28,53.127790167114696,0.6230760228276513,0,20,6,100,57.62,62.36,65.5,61.64,67.91,64.65,0.0,0.0
761,38308,78.67,53.91643299154396,0.6233954304119822,0,14,6,100,83.52,75.68,70.87,81.15,83.62,77.19,0.0,0.0
762,34681,59.81,53.30976886931048,0.5702570473688332,0,23,6,100,62.28,61.37,61.56,52.91,61.8,58.92,0.0,0.0
763,33875,55.81,54.4586543453869,0.663296313303895,0,25,6,100,63.56,48.05,50.69,57.96,61.75,52.83,0.0,0.0
764,35084,66.59,53.66405911809592,0.6227508603606748,0,22,6,100,79.42,65.32,62.19,60.89,75.42,56.28,0.0,0.0
765,35084,56.1,52.99132075768454,0.6335964047452698,0,22,6,100,60.58,62.21,54.76,51.04,54.01,53.98,0.0,0.0
766,36696,67.86,54.51800201837459,0.5959927543518929,0,18,6,100,67.5,75.64,61.27,62.37,72.02,68.34,0.0,0.0
767,38308,57.85,53.38660163667439,0.5581453946497754,0,14,6,100,62.84,65.09,59.86,49.25,59.68,50.35,0.0,0.0
768,36696,69.61,54.44312065494824,0.6128437669548759,0,18,6,100,74.69,69.7,73.11,69.73,74.43,55.99,0.0,0.0
769,33875,56.09,55.42356720579281,0.5812779150971349,0,25,6,100,62.8,60.21,52.88,59.31,50.35,50.99,0.0,0.0
770,34278,58.04,56.96256590028083,0.6141777149099391,0,24,6,100,55.96,50.39,59.42,62.11,63.36,56.99,0.0,0.0
771,33875,55.67,55.24711294561536,0.5143645240819653,0,25,6,100,53.64,56.21,56.23,59.75,53.97,54.24,0.0,0.0
772,33875,65.63,54.48480686348104,0.6537286078062846,0,25,6,100,68.51,60.87,70.64,62.07,61.46,70.24,0.0,0.0
773,37099,68.49,53.37003327661654,0.5815065519556103,0,17,6,100,70.78,65.88,72.41,73.84,70.43,57.63,0.0,0.0
774,35084,62.2,52.99364227405451,0.5962907810402794,0,22,6,100,62.88,63.57,63.72,60.93,57.82,64.27,0.0,0.0
775,37099,60.17,53.31098907361865,0.6569930871050672,0,17,6,100,65.31,61.22,54.21,59.99,59.75,60.53,0.0,0.0
776,35890,66.37,53.57363397825499,0.5902152984901667,0,20,6,100,70.4,64.92,69.07,69.86,65.65,58.31,0.0,0.0
777,37905,67.58,54.04159280505231,0.6044581295077095,0,15,6,100,75.8,64.45,64.39,61.2,67.31,72.32,0.0,0.0
778,36293,70.4,52.890799202787065,0.6657569746319649,0,19,6,100,65.79,75.15,72.16,70.31,72.39,66.63,0.0,0.0
779,33875,61.95,53.71317000919648,0.6346512132051456,0,25,6,100,62.89,66.47,59.96,69.06,50.71,62.59,0.0,0.0
780,35487,61.64,54.97384423595095,0.542975755412277,0,21,6,100,59.17,57.13,71.69,57.97,60.2,63.67,0.0,0.0
781,35487,77.01,55.38687808163403,0.6904114614201107,0,21,6,100,82.65,85.27,79.99,67.31,76.02,70.83,0.0,0.0
782,35084,46.33,54.92517040231586,0.669597959050637,0,22,6,100,42.15,45.96,46.28,48.13,50.03,45.41,0.0,0.0
783,35084,66.11,53.82320171641094,0.6096655631182915,0,22,6,100,61.42,66.98,65.3,75.94,65.53,61.5,0.0,0.0
784,37502,64.94,54.36175574984578,0.6305795964244266,0,16,6,100,59.73,62.34,68.9,63.11,69.42,66.12,0.0,0.0
785,37099,68.21,54.69974727900495,0.6599250055952114,0,17,6,100,65.2,65.02,56.84,75.99,70.22,76.02,0.0,0.0
786,35487,66.05,53.3756301531778,0.5754417854672517,0,21,6,100,54.42,71.97,67.26,65.73,68.15,68.75,0.0,0.0
787,33875,66.66,51.84982809089355,0.6185423136959339,0,25,6,100,60.4,65.37,67.22,69.9,71.76,65.31,0.0,0.0
788,36293,75.53,55.516605796710266,0.5782705766146093,0,19,6,100,83.09,79.02,73.87,75.64,76.67,64.9,0.0,0.0
789,33875,59.93,53.18316280051976,0.5295441445422999,0,25,6,100,64.4,53.63,66.21,62.3,57.36,55.69,0.0,0.0
790,33875,66.62,55.30352405861525,0.6323021540866255,0,25,6,100,69.07,58.23,70.05,66.67,67.43,68.3,0.0,0.0
791,33875,64.45,53.45405810466604,0.5760871109848467,0,25,6,100,75.99,58.09,59.71,66.01,67.21,59.69,0.0,0.0
792,35487,50.38,52.96454187243023,0.5701719193204563,0,21,6,100,49.69,51.29,43.95,57.07,50.03,50.22,0.0,0.0
793,35890,58.69,54.93710804078034,0.6275766819887564,0,20,6,100,56.72,72.23,56.42,51.6,62.88,52.28,0.0,0.0
794,33875,75.91,52.95468908656749,0.5626681831028392,0,25,6,100,79.24,77.78,70.48,72.69,74.35,80.92,0.0,0.0
795,35084,70.27,54.01235611877191,0.5844949033905196,0,22,6,100,63.99,79.57,65.84,62.54,77.34,72.34,0.0,0.0
796,34681,58.89,52.51785423464444,0.5577339583532395,0,23,6,100,61.66,58.99,56.72,58.92,64.92,52.12,0.0,0.0
797,35890,58.46,54.04126199442951,0.5873214654955785,0,20,6,100,61.9,54.19,57.76,55.69,57.27,63.94,0.0,0.0
798,34278,50.16,53.97953545267253,0.6250460114790564,0,24,6,100,56.85,47.65,50.83,47.37,43.18,55.06,0.0,0.0
799,36696,58.16,52.36398950824227,0.583113433062299,0,18,6,100,64.58,58.09,52.43,53.97,68.09,51.79,0.0,0.0
800,36293,55.53,53.97652767576415,0.5730471864720422,0,19,6,100,62.46,51.79,46.33,55.98,58.18,58.45,0.0,0.0
801,35487,64.2,54.40501029054021,0.4832886139241711,0,21,6,100,55.54,56.82,75.7,66.82,67.9,62.45,0.0,0.0
802,34681,63.26,53.44774969611351,0.6132154946913038,0,23,6,100,73.55,57.11,70.97,56.38,62.93,58.6,0.0,0.0
803,35084,75.95,52.951673747676026,0.5990046363767213,0,22,6,100,80.84,66.09,68.96,84.0,74.59,81.24,0.0,0.0
804,34278,78.23,54.77757386871504,0.5673163648083743,0,24,6,100,76.36,81.98,85.57,71.15,84.61,69.7,0.0,0.0
805,33875,56.53,55.34772224303463,0.6328341087283453,0,25,6,100,59.81,55.17,58.99,58.89,55.92,50.38,0.0,0.0
806,37905,69.23,54.789061881232925,0.6407121637527282,0,15,6,100,62.92,75.66,68.97,60.73,77.33,69.76,0.0,0.0
807,35890,79.44,56.72026048370788,0.5694238051661406,0,20,6,100,73.77,81.5,89.82,73.46,84.91,73.18,0.0,0.0
808,37905,52.65,54.98875056448208,0.6007085049605217,0,15,6,100,56.33,48.15,50.36,62.66,46.35,52.03,0.0,0.0
809,35890,62.61,53.21444663787376,0.5939554385925817,0,20,6,100,64.47,61.04,58.53,55.46,74.26,61.92,0.0,0.0
810,35487,67.04,53.79317845195149,0.6742282109927851,0,21,6,100,63.24,66.25,77.55,70.68,64.23,60.26,0.0,0.0
811,34681,69.12,54.40246153749254,0.5916601740236785,0,23,6,100,65.85,66.94,68.54,71.12,78.29,64.01,0.0,0.0
812,33875,63.29,53.49036972815558,0.6235886582076725,0,25,6,100,59.87,63.13,60.0,70.41,67.01,59.32,0.0,0.0
813,36293,48.55,53.294600505593394,0.6119463530533257,0,19,6,100,52.13,51.4,41.82,48.46,44.32,53.15,0.0,0.0
814,35890,67.88,54.61798717945108,0.501791597923907,0,20,6,100,64.14,65.68,66.99,70.38,63.66,76.41,0.0,0.0
815,36696,65.94,53.85422072267794,0.5810545848658895,0,18,6,100,65.92,56.96,62.84,73.43,65.85,70.64,0.0,0.0
816,37905,71.64,54.493343104210126,0.6753634058023975,0,15,6,100,80.04,78.31,59.27,58.8,73.51,79.9,0.0,0.0
817,35487,69.32,53.62810987120328,0.5562212710556291,0,21,6,100,64.05,78.85,65.06,71.25,60.75,75.96,0.0,0.0
818,33875,68.72,54.74622736970559,0.6034369500174184,0,25,6,100,60.28,70.7,68.68,64.75,67.46,80.47,0.0,0.0
819,36696,67.12,52.95232487568902,0.6624366601054805,0,18,6,100,74.48,58.88,71.81,67.11,61.39,69.06,0.0,0.0
820,37099,64.87,52.61392994213359,0.6364480928976219,0,17,6,100,56.99,66.41,69.18,69.0,68.13,59.48,0.0,0.0
821,35084,62.27,54.4090370304836,0.5959224585818986,0,22,6,100,53.24,56.23,73.99,62.48,60.98,66.68,0.0,0.0
822,35890,62.11,54.29572143699762,0.6157031319073216,0,20,6,100,65.25,66.84,68.42,56.02,54.58,61.56,0.0,0.0
823,36293,73.22,53.37380614660943,0.5820250728305929,0,19,6,100,79.54,65.91,76.27,65.88,76.7,75.0,0.0,0.0
824,36293,57.7,55.68574514432707,0.6107947597943854,0,19,6,100,51.78,58.32,58.08,61.14,58.94,57.96,0.0,0.0
825,36293,70.28,52.9645978205779,0.5573675480518959,0,19,6,100,73.33,67.1,79.65,63.06,75.01,63.51,0.0,0.0
826,34278,65.5,54.646138078852736,0.6169278903001347,0,24,6,100,53.85,69.03,71.35,68.71,61.62,68.44,0.0,0.0
827,35890,60.6,53.68108497275044,0.5912501819937923,0,20,6,100,55.67,56.66,63.92,53.46,72.85,61.03,0.0,0.0
828,35890,78.53,52.51911736271682,0.6923408419343218,0,20,6,100,76.36,80.97,71.17,70.94,87.1,84.62,0.0,0.0
829,34681,52.6,52.39880766434631,0.5829061153392557,0,23,6,100,54.7,51.78,48.94,55.07,46.45,58.64,0.0,0.0
830,33875,62.18,54.06997201414284,0.7108263210156279,0,25,6,100,65.74,63.66,67.56,66.21,50.93,59.0,0.0,0.0
831,35487,66.37,54.24850290281382,0.5950435547972006,0,21,6,100,69.65,63.45,61.92,65.42,71.02,66.78,0.0,0.0
832,35084,69.99,53.77799337931416,0.5800312369654426,0,22,6,100,63.71,72.77,71.16,75.55,67.5,69.26,0.0,0.0
833,34681,43.72,54.88479942456974,0.5333768700357245,0,23,6,100,39.83,38.46,44.5,49.17,41.89,48.47,0.0,0.0
834,36293,59.99,53.86783185151393,0.6412906174753883,0,19,6,100,52.44,62.79,60.22,69.01,58.83,56.63,0.0,0.0
835,34681,58.05,54.31513304154621,0.5945720736398876,0,23,6,100,59.85,59.04,51.95,58.08,66.13,53.27,0.0,0.0
836,37905,59.46,53.47305084696422,0.6300020578390156,0,15,6,100,61.32,65.87,59.48,64.27,54.69,51.11,0.0,0.0
837,36293,62.57,52.88409350072325,0.5791852732746761,0,19,6,100,57.01,60.9,60.04,73.01,61.84,62.65,0.0,0.0
838,36293,65.54,54.82165450302279,0.6910375972361797,0,19,6,100,70.95,55.65,59.86,65.19,72.26,69.31,0.0,0.0
839,36293,47.85,54.40944134245546,0.5481083397832549,0,19,6,100,44.65,45.21,50.72,51.68,49.95,44.87,0.0,0.0
840,35084,60.27,53.20294538121067,0.5310180238809226,0,22,6,100,59.31,68.06,62.1,55.77,58.66,57.73,0.0,0.0
841,37905,82.09,53.159524309008205,0.5888526294447854,0,15,6,100,87.84,79.64,91.58,78.73,73.47,81.29,0.0,0.0
842,37502,70.06,54.3579456166158,0.6046982360519119,0,16,6,100,66.26,73.99,78.06,62.16,77.9,62.01,0.0,0.0
843,37099,64.82,54.29065438768427,0.5718723548433732,0,17,6,100,74.43,68.22,64.27,59.13,69.56,53.28,0.0,0.0
844,38711,70.48,54.953716773979785,0.6516660782123409,0,13,6,100,74.26,66.33,72.2,73.37,65.42,71.31,0.0,0.0
845,34278,63.27,52.927514634273656,0.6359358305560989,0,24,6,100,72.38,52.96,56.64,63.4,69.29,64.93,0.0,0.0
846,34278,61.81,55.69753812948087,0.5303041792260228,0,24,6,100,66.88,58.7,66.88,62.23,57.26,58.93,0.0,0.0
847,37099,63.49,53.23698139749747,0.5294503396174624,0,17,6,100,61.27,65.91,61.76,70.83,52.21,68.98,0.0,0.0
848,35084,59.19,55.383235820034784,0.622743090704071,0,22,6,100,65.18,60.6,52.81,51.91,60.14,64.52,0.0,0.0
849,34681,69.01,54.29856016201912,0.6438528630595295,0,23,6,100,76.3,69.83,61.67,71.36,73.54,61.34,0.0,0.0
850,33875,65.55,53.64135123752277,0.6263532445958682,0,25,6,100,71.94,70.29,66.12,59.64,58.78,66.53,0.0,0.0
851,35890,69.76,51.79337316052954,0.5110524516951427,0,20,6,100,64.99,69.61,66.17,77.84,77.04,62.92,0.0,0.0
852,34681,56.84,55.28324698172087,0.7430236239453412,0,23,6,100,60.15,57.2,54.2,50.05,58.87,60.54,0.0,0.0
853,37905,60.82,53.43036019533632,0.6580893146664277,0,15,6,100,61.07,58.34,61.73,62.7,67.28,53.81,0.0,0.0
854,35487,67.81,54.95246485672853,0.5995468833074166,0,21,6,100,66.57,77.56,69.59,57.19,59.7,76.26,0.0,0.0
855,33875,72.22,53.10692421242937,0.6628207974519732,0,25,6,100,74.35,74.91,77.8,66.35,67.52,72.4,0.0,0.0
856,35890,70.03,55.81072148628813,0.4987709594867343,0,20,6,100,64.98,75.26,59.09,73.54,78.23,69.1,0.0,0.0
857,36293,54.23,52.33791792933203,0.613684294327909,0,19,6,100,51.63,52.38,58.12,54.33,58.09,50.84,0.0,0.0
858,35084,78.28,55.072996051419125,0.5571597820039851,0,22,6,100,72.07,77.86,79.34,73.11,83.86,83.44,0.0,0.0
859,36293,69.27,54.67497863418333,0.6064550779090718,0,19,6,100,67.33,72.27,65.9,72.96,75.79,61.38,0.0,0.0
860,35890,69.83,56.23585550418368,0.6025414274133941,0,20,6,100,79.27,65.79,78.19,68.46,63.73,63.53,0.0,0.0
861,35487,58.3,53.41584979381891,0.559423026893422,0,21,6,100,61.37,52.0,62.27,51.42,62.66,60.05,0.0,0.0
862,39114,52.88,54.32598530190494,0.7275925934150816,0,12,6,100,59.02,61.78,51.1,45.11,52.84,47.44,0.0,0.0
863,37502,62.38,54.60548148382467,0.5411406577976517,0,16,6,100,65.42,63.88,60.52,60.94,61.41,62.1,0.0,0.0
864,37905,85.78,52.132609043527225,0.61964162389206,0,15,6,100,80.27,98.65,78.56,88.95,87.88,80.36,0.0,0.0
865,35084,72.12,55.1635692857575,0.567202739459339,0,22,6,100,74.68,73.34,62.13,69.78,74.66,78.1,0.0,0.0
866,37905,69.9,55.81965902944804,0.5848935447558538,0,15,6,100,75.97,73.91,74.39,71.54,61.06,62.56,0.0,0.0
867,39114,66.27,54.33734072508354,0.5844244740466227,0,12,6,100,60.47,64.96,66.32,70.04,63.23,72.59,0.0,0.0
868,36293,61.85,54.83678404684165,0.632834625803491,0,19,6,100,61.81,57.76,74.97,55.2,63.27,58.11,0.0,0.0
869,34681,63.16,54.01852051341243,0.6368166180342043,0,23,6,100,56.35,53.34,70.6,67.88,61.89,68.89,0.0,0.0
870,37502,68.07,54.12565054118435,0.6768555296725273,0,16,6,100,71.63,70.07,61.32,63.05,69.43,72.9,0.0,0.0
871,33875,57.79,53.35055325968951,0.5027100772697877,0,25,6,100,68.19,59.33,49.74,61.39,54.28,53.81,0.0,0.0
872,36696,62.21,55.61624328061481,0.5592395313538081,0,18,6,100,64.17,66.32,53.21,64.88,64.59,60.07,0.0,0.0
873,38308,66.75,55.78175989826648,0.58937468722753,0,14,6,100,58.78,62.82,67.46,65.56,70.19,75.69,0.0,0.0
874,37099,60.59,54.38488926495061,0.5145600857338057,0,17,6,100,68.39,57.98,73.78,52.26,56.35,54.8,0.0,0.0
875,34681,67.28,54.59452876961789,0.5735652502850177,0,23,6,100,63.28,73.99,69.36,62.08,65.68,69.3,0.0,0.0
876,33875,80.26,54.40069124153213,0.6264866151415845,0,25,6,100,66.31,77.64,84.22,81.28,85.49,86.61,0.0,0.0
877,36696,58.31,55.53095312564376,0.5911723301602125,0,18,6,100,59.59,52.8,49.94,61.99,61.72,63.81,0.0,0.0
878,38308,65.96,54.81486850255365,0.613879417477658,0,14,6,100,54.71,71.31,69.88,71.51,58.3,70.02,0.0,0.0
879,35084,68.12,53.522079859186825,0.4748878625491581,0,22,6,100,71.62,56.69,66.13,73.54,68.63,72.14,0.0,0.0
880,39517,60.13,53.304791767283874,0.5227991075460285,0,11,6,100,65.37,63.15,55.22,55.56,66.02,55.44,0.0,0.0
881,35084,62.17,55.38557597996264,0.4792980178112892,0,22,6,100,54.91,70.9,60.92,59.16,59.24,67.89,0.0,0.0
882,37099,66.49,54.50507700946324,0.6502704186973709,0,17,6,100,66.92,57.93,65.46,72.23,67.98,68.4,0.0,0.0
883,37099,57.7,54.7725951737312,0.5746688655364175,0,17,6,100,60.58,53.57,65.16,55.98,59.73,51.17,0.0,0.0
884,35487,47.54,53.98085475773995,0.5850079334488281,0,21,6,100,40.62,50.36,51.94,55.12,45.34,41.88,0.0,0.0
885,34278,61.74,54.665133474813686,0.6389489958670774,0,24,6,100,51.48,67.26,62.01,65.79,55.98,67.95,0.0,0.0
886,36696,55.51,54.29058773493869,0.512461761761604,0,18,6,100,51.04,55.46,58.94,63.06,50.31,54.27,0.0,0.0
887,35890,77.79,53.07950897966078,0.577338824815848,0,20,6,100,85.7,80.53,73.13,79.58,73.89,73.91,0.0,0.0
888,37905,67.62,53.11802864331146,0.5218854471489098,0,15,6,100,72.69,62.85,60.4,73.63,62.84,73.32,0.0,0.0
889,36293,59.69,52.66928430301823,0.6631962630083439,0,19,6,100,60.89,62.06,64.9,60.14,57.05,53.12,0.0,0.0
890,35890,78.8,52.9163597187849,0.6732119004850279,0,20,6,100,71.4,77.29,82.08,84.07,90.41,67.52,0.0,0.0
891,39920,58.08,53.696403514974,0.5894032724141228,0,10,6,100,62.49,55.52,55.07,68.79,53.99,52.65,0.0,0.0
892,35084,73.34,51.36143487230286,0.537150058210791,0,22,6,100,80.42,75.16,63.77,71.79,75.02,73.91,0.0,0.0
893,37905,67.94,53.21141051889247,0.5067015049030246,0,15,6,100,69.03,69.8,65.53,74.4,62.07,66.82,0.0,0.0
894,38308,63.28,52.570212525686735,0.6605100555933227,0,14,6,100,58.24,72.03,54.43,67.01,60.36,67.62,0.0,0.0
895,33875,64.52,54.64741298833922,0.5384182970100457,0,25,6,100,57.56,69.98,69.5,62.94,62.82,64.32,0.0,0.0
896,36293,50.87,54.22785241696459,0.5503803995232065,0,19,6,100,56.05,53.32,50.55,45.32,55.23,44.77,0.0,0.0
897,36696,70.37,52.47262433047891,0.605548870734679,0,18,6,100,66.08,74.07,76.81,71.8,68.75,64.72,0.0,0.0
898,33875,64.56,53.80228296394375,0.5888922679421076,0,25,6,100,65.45,66.21,59.33,62.51,60.61,73.23,0.0,0.0
899,35084,69.98,55.27454767819116,0.5995936080843693,0,22,6,100,78.73,61.73,68.75,74.33,70.51,65.85,0.0,0.0
900,35890,60.22,54.46155691977707,0.5492047097370331,0,20,6,100,55.24,62.94,57.22,69.09,57.4,59.44,0.0,0.0
901,34278,56.75,53.81955394147039,0.6144541516870489,0,24,6,100,55.21,57.87,57.6,50.99,57.15,61.68,0.0,0.0
902,36293,71.53,53.9906279784766,0.5508389392610201,0,19,6,100,80.26,69.22,79.43,71.46,70.4,58.4,0.0,0.0
903,36696,60.32,54.32810495025701,0.5512535652953976,0,18,6,100,54.21,62.81,64.76,64.43,62.7,53.0,0.0,0.0
904,37502,61.88,56.9966991931606,0.7020717295654251,0,16,6,100,62.91,60.07,56.98,66.18,59.38,65.78,0.0,0.0
905,37905,65.3,55.36660964647859,0.5035978943406074,0,15,6,100,63.66,69.98,59.21,67.65,64.57,66.73,0.0,0.0
906,37502,62.33,54.317596085561526,0.6346139191879094,0,16,6,100,57.2,53.05,65.32,64.52,60.16,73.74,0.0,0.0
907,36293,56.47,51.939449422380605,0.6096028760326279,0,19,6,100,63.94,53.42,62.12,56.41,51.76,51.2,0.0,0.0
908,33875,57.86,55.31484424552058,0.54516641336654,0,25,6,100,52.51,60.31,62.57,63.13,55.02,53.6,0.0,0.0
909,35890,58.79,55.268244733393104,0.667933723314016,0,20,6,100,49.4,55.35,55.7,63.94,65.06,63.27,0.0,0.0
910,36293,62.29,53.89039385787381,0.6135612215015992,0,19,6,100,60.69,58.1,67.83,64.61,55.94,66.6,0.0,0.0
911,34278,57.65,53.16508107379591,0.6154451058455285,0,24,6,100,57.78,49.08,60.04,60.96,62.08,55.94,0.0,0.0
912,38308,64.23,53.392069350123904,0.4855614114693163,0,14,6,100,68.68,59.41,56.69,70.52,64.14,65.95,0.0,0.0
913,38308,65.6,53.76581063382242,0.5118200160415566,0,14,6,100,69.6,57.84,61.53,71.94,72.83,59.85,0.0,0.0
914,37502,61.79,54.15373455058656,0.4775943873059044,0,16,6,100,56.08,73.18,56.32,66.84,51.18,67.17,0.0,0.0
915,33875,61.03,54.13706715413678,0.5756206165287262,0,25,6,100,65.87,58.03,53.7,65.95,66.62,56.0,0.0,0.0
916,35890,61.05,54.81728128766464,0.5942860321876727,0,20,6,100,56.74,60.0,58.97,57.49,66.52,66.6,0.0,0.0
917,35890,60.72,53.491834609795205,0.61563358179239,0,20,6,100,66.1,53.32,55.89,62.66,55.43,70.91,0.0,0.0
918,35084,72.49,55.38784962479333,0.5929855935453764,0,22,6,100,72.02,70.37,79.45,77.33,63.27,72.5,0.0,0.0
919,36696,69.64,53.52495797341367,0.6394808023922639,0,18,6,100,65.34,64.88,71.2,74.04,65.95,76.4,0.0,0.0
920,35084,72.58,53.88707987205186,0.6599168759768759,0,22,6,100,71.82,74.59,66.86,65.6,81.57,75.06,0.0,0.0
921,35890,58.49,53.52274680049173,0.5614086058744515,0,20,6,100,63.79,52.07,69.63,54.26,57.11,54.07,0.0,0.0
922,38308,55.31,55.2451882104033,0.5609186028601322,0,14,6,100,62.56,57.45,46.98,56.08,59.97,48.82,0.0,0.0
923,38308,59.83,51.853330790006666,0.5253133596109398,0,14,6,100,55.28,56.45,65.25,65.97,59.85,56.2,0.0,0.0
924,35890,49.21,56.735075522581525,0.6262633811067555,0,20,6,100,45.35,48.25,43.49,55.74,49.72,52.69,0.0,0.0
925,34278,58.75,55.27809978256212,0.6422743933351139,0,24,6,100,67.47,54.43,59.84,56.02,63.37,51.35,0.0,0.0
926,35084,65.37,53.51573474609975,0.6166772723733235,0,22,6,100,61.8,64.42,63.16,58.16,74.84,69.83,0.0,0.0
927,35890,73.55,54.92708094901207,0.5541264874449153,0,20,6,100,78.38,74.23,67.31,68.43,74.53,78.44,0.0,0.0
928,36696,61.77,54.19568955523135,0.6333931952372427,0,18,6,100,64.08,55.89,57.4,58.51,68.48,66.28,0.0,0.0
929,34681,57.4,55.79760934993637,0.5516314349355492,0,23,6,100,57.24,50.42,62.89,56.21,62.24,55.43,0.0,0.0
930,37905,69.79,53.095943122609214,0.6054175832073796,0,15,6,100,68.95,71.27,77.44,69.4,71.95,59.75,0.0,0.0
931,35084,59.24,53.36526885498101,0.5640066840179527,0,22,6,100,55.81,58.51,59.09,53.39,68.84,59.83,0.0,0.0
932,37099,58.09,56.31749767504365,0.5592756665206049,0,17,6,100,58.08,68.0,49.17,60.08,58.75,54.48,0.0,0.0
933,37099,66.45,53.44467208478059,0.6056786177881321,0,17,6,100,56.16,61.37,73.46,75.14,70.74,61.82,0.0,0.0
934,37502,56.15,54.86103544266194,0.6486020446063642,0,16,6,100,48.33,57.59,60.36,62.94,55.86,51.83,0.0,0.0
935,37502,62.96,55.577531257776975,0.5858875859415215,0,16,6,100,56.55,66.91,59.05,62.52,68.32,64.43,0.0,0.0
936,36696,60.07,53.77883490899664,0.5493199441507887,0,18,6,100,61.19,55.65,54.43,62.81,56.14,70.2,0.0,0.0
937,38308,70.16,53.649343991120354,0.5332282987411356,0,14,6,100,60.48,73.91,73.04,70.43,76.37,66.72,0.0,0.0
938,35890,67.08,55.23875850592769,0.5031069243566921,0,20,6,100,63.94,70.17,68.17,68.56,69.26,62.35,0.0,0.0
939,38308,80.88,53.49575295740877,0.6233194421722394,0,14,6,100,83.24,88.54,73.63,72.66,79.35,87.87,0.0,0.0
940,34681,66.34,52.564942209628526,0.6638530082688335,0,23,6,100,61.18,63.37,70.61,55.09,74.76,73.06,0.0,0.0
941,35084,61.01,55.76414409524529,0.5678956767475867,0,22,6,100,54.13,65.78,69.3,59.18,64.56,53.09,0.0,0.0
942,35890,64.86,54.77383829047943,0.6249354256391747,0,20,6,100,73.73,70.63,55.39,68.46,64.56,56.4,0.0,0.0
943,37502,57.96,53.36396001987262,0.6028906232558329,0,16,6,100,62.55,60.06,65.27,49.12,61.06,49.71,0.0,0.0
944,37905,65.14,53.74747243664595,0.5937564719194083,0,15,6,100,54.82,58.36,69.3,67.02,66.54,74.83,0.0,0.0
945,34278,58.92,54.992425091758285,0.5498634839885778,0,24,6,100,48.62,62.1,62.29,58.21,58.15,64.14,0.0,0.0
946,40323,71.47,54.671893996430974,0.6909884592371769,0,9,6,100,83.29,63.26,72.83,65.56,71.35,72.56,0.0,0.0
947,37502,54.42,53.16608452597273,0.5771645290739911,0,16,6,100,57.39,53.57,61.6,45.9,43.12,64.94,0.0,0.0
948,36293,70.07,52.94917837640288,0.6288630885149578,0,19,6,100,73.45,64.42,71.13,76.22,72.85,62.32,0.0,0.0
949,39114,53.97,54.08032051925663,0.6295351377078167,0,12,6,100,48.4,59.25,60.95,47.58,49.2,58.42,0.0,0.0
950,35487,60.16,53.63215724345196,0.52180477852957,0,21,6,100,62.76,60.2,58.92,64.34,57.9,56.82,0.0,0.0
951,35890,55.13,51.64713573934242,0.6076458319857055,0,20,6,100,64.93,53.39,59.44,48.73,53.31,50.97,0.0,0.0
952,37099,66.73,53.598402839318986,0.5391007404955195,0,17,6,100,69.0,67.8,63.29,67.86,62.56,69.84,0.0,0.0
953,37099,59.43,53.55141112892903,0.5473913772412565,0,17,6,100,60.43,55.13,59.62,62.52,52.33,66.53,0.0,0.0
954,37502,82.13,54.642161237657554,0.6299233636905525,0,16,6,100,75.01,86.56,77.08,81.09,83.17,89.89,0.0,0.0
955,34681,60.8,55.54726369284559,0.5619247834542741,0,23,6,100,63.81,62.91,58.6,56.29,60.03,63.15,0.0,0.0
956,35487,59.72,54.96538699825791,0.5436250119440229,0,21,6,100,56.62,61.27,56.23,52.27,64.98,66.97,0.0,0.0
957,37905,80.48,52.99975948610536,0.5876774909952652,0,15,6,100,76.58,75.55,85.73,69.85,87.85,87.31,0.0,0.0
958,33875,58.0,54.61392511027822,0.4411244895725755,0,25,6,100,63.29,63.32,55.68,50.69,60.75,54.27,0.0,0.0
959,39114,66.54,54.24815506859496,0.5999595869557129,0,12,6,100,57.98,70.97,70.61,72.68,65.45,61.57,0.0,0.0
960,37905,66.59,53.65901895650583,0.6299724017477488,0,15,6,100,68.39,70.29,66.6,61.17,74.68,58.43,0.0,0.0
961,36293,55.47,54.00830411833997,0.48698354932556,0,19,6,100,55.94,66.79,53.98,55.22,49.49,51.42,0.0,0.0
962,37099,56.7,54.578166629167306,0.5531446468813285,0,17,6,100,61.67,52.02,57.59,61.79,50.38,56.74,0.0,0.0
963,37502,56.41,53.63917103464015,0.5688644574240492,0,16,6,100,51.99,53.76,55.69,55.84,59.81,61.34,0.0,0.0
964,37502,65.87,55.44185575660657,0.5328048448777265,0,16,6,100,63.32,72.41,64.7,58.38,69.29,67.1,0.0,0.0
965,37905,62.06,53.02257111883622,0.6207455763903326,0,15,6,100,67.75,55.69,70.3,65.98,54.12,58.49,0.0,0.0
966,40323,51.03,53.535363786215946,0.5876708743447364,0,9,6,100,50.03,47.04,49.63,50.4,55.46,53.61,0.0,0.0
967,37099,65.1,52.38153076952534,0.6021674662621311,0,17,6,100,62.65,67.07,71.98,72.48,58.31,58.09,0.0,0.0
968,34681,58.46,54.08024659316441,0.6545745616697193,0,23,6,100,61.28,65.56,60.86,50.26,57.17,55.6,0.0,0.0
969,38308,57.08,54.20549172344741,0.6164226289359228,0,14,6,100,59.33,53.79,53.22,58.73,54.6,62.79,0.0,0.0
970,35487,60.75,55.34375585389249,0.5875002733483932,0,21,6,100,68.95,60.43,65.86,53.4,62.21,53.65,0.0,0.0
971,39114,49.04,54.69799829061174,0.556857260191963,0,12,6,100,46.93,43.22,43.77,47.33,59.18,53.79,0.0,0.0
972,40360,73.03,55.26661907942913,0.5796066164555208,1,15,6,100,76.96,75.88,68.45,70.96,65.52,80.41,0.0,0.0
973,38711,63.88,52.2533063724963,0.593155684353231,0,13,6,100,68.82,70.88,57.46,68.41,55.47,62.24,0.0,0.0
974,36696,63.55,53.92759548559566,0.6105779959210884,0,18,6,100,57.31,58.29,69.76,62.11,69.55,64.27,0.0,0.0
975,35487,63.87,53.85376106363661,0.5682796794074747,0,21,6,100,62.94,61.86,67.47,69.64,61.48,59.82,0.0,0.0
976,35487,69.38,53.49728351903161,0.4757949974069304,0,21,6,100,74.76,68.56,65.69,75.23,73.12,58.89,0.0,0.0
977,35084,60.04,54.30616691569743,0.5946716881046539,0,22,6,100,54.42,54.89,64.13,59.49,59.11,68.2,0.0,0.0
978,35487,64.63,54.19763493374825,0.6478688382791351,0,21,6,100,59.59,74.71,59.85,56.06,66.37,71.18,0.0,0.0
979,33875,60.44,52.25806334583628,0.5563666170731891,0,25,6,100,64.82,53.13,52.87,66.08,63.86,61.86,0.0,0.0
980,38308,69.91,54.4266575876224,0.595837689924329,0,14,6,100,76.77,72.37,65.15,63.59,76.23,65.33,0.0,0.0
981,35084,48.27,54.56465527409784,0.6351979935343547,0,22,6,100,54.3,43.92,45.49,44.78,48.4,52.7,0.0,0.0
982,36696,64.58,54.1560613724343,0.5747286134990075,0,18,6,100,61.69,56.69,71.07,62.1,75.24,60.69,0.0,0.0
983,36696,57.31,53.71339325187718,0.5826723582559974,0,18,6,100,64.27,57.42,56.05,59.09,54.09,52.96,0.0,0.0
984,39517,64.75,55.34398289002803,0.5701497877864772,0,11,6,100,62.83,68.21,66.01,67.41,65.64,58.42,0.0,0.0
985,36696,80.06,55.11362456950146,0.5394005077104598,0,18,6,100,73.85,77.55,83.29,75.01,88.94,81.71,0.0,0.0
986,35084,55.66,53.9417062931539,0.5712338079816528,0,22,6,100,60.1,47.81,48.97,53.48,61.68,61.9,0.0,0.0
987,33875,71.64,56.24009513159452,0.6401019714223968,0,25,6,100,68.82,62.78,81.38,71.5,66.07,79.3,0.0,0.0
988,37502,72.97,54.570349471720256,0.5117463742840067,0,16,6,100,70.59,73.17,87.78,63.12,79.56,63.6,0.0,0.0
989,37502,65.63,55.60104475376847,0.5931074972457671,0,16,6,100,60.75,64.98,62.67,65.76,69.9,69.72,0.0,0.0
990,37502,77.59,55.00789504956728,0.5269791541436096,0,16,6,100,83.92,83.14,85.45,59.35,82.41,71.28,0.0,0.0
991,35487,68.52,54.591527590759576,0.5513495959240037,0,21,6,100,68.34,71.52,68.21,62.69,64.42,75.94,0.0,0.0
992,39114,61.41,52.99059903258496,0.630201398895636,0,12,6,100,55.04,52.98,62.76,66.4,70.65,60.65,0.0,0.0
993,35487,58.39,55.09537251287628,0.520723482512718,0,21,6,100,63.32,57.52,66.96,54.58,55.21,52.76,0.0,0.0
994,35487,68.78,54.42059434458093,0.4935089865575761,0,21,6,100,71.8,68.4,76.42,57.85,64.7,73.49,0.0,0.0
995,33875,60.19,55.58834596595313,0.5356089323733144,0,25,6,100,67.62,58.22,63.72,64.74,50.97,55.85,0.0,0.0
996,36696,65.31,53.104655302555386,0.5498432246619039,0,18,6,100,67.55,56.55,71.39,58.26,64.98,73.11,0.0,0.0
997,36293,72.64,54.754488705700034,0.5641702208389475,0,19,6,100,78.09,67.54,75.15,71.61,69.54,73.88,0.0,0.0
998,34278,71.12,54.11509359783901,0.6017259051704711,0,24,6,100,73.98,65.6,67.56,76.55,77.23,65.81,0.0,0.0
999,37099,62.83,53.45203430753526,0.5291521262159782,0,17,6,100,52.77,66.31,67.8,62.63,66.07,61.4,0.0,0.0
1000,37099,60.0,53.97632050399879,0.5967713585752784,0,17,6,100,64.6,59.63,63.95,56.44,57.17,58.21,0.0,0.0
1001,38711,60.33,56.10656191071048,0.5495705933943636,0,13,6,100,57.84,59.18,61.99,67.1,61.94,53.91,0.0,0.0
1002,38711,67.65,53.97949633214553,0.5943359902600783,0,13,6,100,70.17,65.89,67.53,77.03,63.76,61.5,0.0,0.0
1003,39114,62.41,53.25653781137669,0.671215158880014,0,12,6,100,61.45,56.98,62.42,61.2,66.85,65.57,0.0,0.0
1004,37099,61.63,54.90371474618499,0.4966005767223022,0,17,6,100,64.1,52.39,59.95,62.47,62.73,68.16,0.0,0.0
1005,35487,62.31,54.62435039324431,0.5752692939444187,0,21,6,100,54.21,67.84,59.08,66.23,68.59,57.93,0.0,0.0
1006,33875,63.58,52.97980254793335,0.6185622359858746,0,25,6,100,60.94,63.06,64.39,64.5,66.66,61.95,0.0,0.0
1007,37905,45.01,53.74139193628068,0.5210186558025847,0,15,6,100,49.04,48.44,42.52,38.71,51.19,40.18,0.0,0.0
1008,35890,63.29,54.9418867000478,0.5165856134316302,0,20,6,100,56.86,74.12,58.05,66.86,56.73,67.1,0.0,0.0
1009,38308,57.69,55.15323015626499,0.5449897717679064,0,14,6,100,63.9,56.65,58.74,54.52,58.14,54.21,0.0,0.0
1010,36293,54.74,55.10621168497068,0.5269267523215561,0,19,6,100,51.36,52.73,56.13,55.09,57.13,56.0,0.0,0.0
1011,35487,49.79,55.228388291045015,0.5158815280847469,0,21,6,100,46.22,57.26,45.82,52.57,40.48,56.4,0.0,0.0
1012,37099,50.45,54.19404135790337,0.52917719712531,0,17,6,100,47.8,46.85,54.9,50.22,54.5,48.42,0.0,0.0
1013,36293,76.18,53.45655443863333,0.4633903705233466,0,19,6,100,67.66,79.55,82.74,77.32,74.87,74.91,0.0,0.0
1014,34681,65.8,53.71184283767725,0.6182270686118932,0,23,6,100,57.94,71.93,56.29,66.62,70.66,71.35,0.0,0.0
1015,35890,63.98,53.64437998844228,0.6404498921049298,0,20,6,100,69.59,59.04,59.31,64.43,65.13,66.37,0.0,0.0
1016,35890,58.39,53.71644797863318,0.5316857693043602,0,20,6,100,63.17,55.23,51.83,63.36,53.58,63.16,0.0,0.0
1017,37099,64.47,55.269948429089176,0.5910575739055186,0,17,6,100,68.13,71.15,58.73,63.77,60.46,64.56,0.0,0.0
1018,33875,58.92,55.5349932938003,0.5919925102343054,0,25,6,100,53.33,57.9,55.35,57.13,69.44,60.35,0.0,0.0
1019,35890,58.45,54.99048354180745,0.5549917095888159,0,20,6,100,60.96,56.38,55.79,58.94,60.93,57.7,0.0,0.0
1020,35084,58.63,54.846289795421725,0.558331959700674,0,22,6,100,51.99,56.14,65.29,64.8,59.29,54.27,0.0,0.0
1021,34278,59.52,54.08709914795073,0.6012073812699732,0,24,6,100,66.29,57.67,54.43,55.47,63.03,60.24,0.0,0.0
1022,36293,77.56,55.42378798861997,0.5453626389998788,0,19,6,100,84.74,87.05,70.03,74.2,67.82,81.53,0.0,0.0
1023,34681,73.86,54.07830000678295,0.5325531726505296,0,23,6,100,76.76,76.63,80.12,58.65,77.26,73.74,0.0,0.0
1024,37905,70.19,55.29839053448456,0.6064273994221391,0,15,6,100,71.25,67.51,67.38,65.98,69.46,79.56,0.0,0.0
1025,35890,65.28,54.8564476653758,0.4470566766865751,0,20,6,100,70.24,64.14,66.28,68.1,62.72,60.17,0.0,0.0
1026,33875,68.1,53.663297659553976,0.6149527602800638,0,25,6,100,62.46,70.35,68.04,70.8,67.67,69.31,0.0,0.0
1027,37099,64.55,54.14114373309547,0.5234899160336761,0,17,6,100,69.77,56.39,60.29,63.39,66.79,70.65,0.0,0.0
1028,36696,77.01,56.5017674723318,0.5165291072473952,0,18,6,100,73.05,79.95,64.89,72.07,84.9,87.22,0.0,0.0
1029,35890,71.59,56.69232746597974,0.5164570830845526,0,20,6,100,64.77,68.63,81.14,77.42,65.98,71.6,0.0,0.0
1030,39517,50.92,52.64138433329065,0.4986826740696531,0,11,6,100,51.66,53.91,43.91,44.52,52.73,58.8,0.0,0.0
1031,36696,56.72,54.69359194972327,0.5956719356814806,0,18,6,100,52.72,54.97,65.68,63.37,50.57,53.03,0.0,0.0
1032,35084,53.05,54.208342482989664,0.5231757664211254,0,22,6,100,54.6,65.1,44.72,47.8,55.65,50.41,0.0,0.0
1033,37502,65.68,53.53189483427293,0.4976385265655457,0,16,6,100,56.99,70.64,69.1,68.08,68.65,60.64,0.0,0.0
1034,36293,51.53,52.14015566418824,0.686569222530604,0,19,6,100,49.92,57.98,47.29,47.75,45.73,60.5,0.0,0.0
1035,37905,61.56,53.87094470247234,0.5805532569640243,0,15,6,100,59.8,61.62,70.52,56.84,56.99,63.6,0.0,0.0
1036,36293,81.16,54.878913267497104,0.5495462849076574,0,19,6,100,91.94,83.3,72.19,90.53,77.42,71.6,0.0,0.0
1037,35890,57.95,55.14087264963992,0.549961720453719,0,20,6,100,60.87,52.07,63.09,52.92,63.4,55.36,0.0,0.0
1038,38308,65.22,54.727350662541646,0.5356292916416465,0,14,6,100,60.81,64.77,61.47,56.99,76.59,70.71,0.0,0.0
1039,35890,48.23,54.53260325437375,0.5158611163227547,0,20,6,100,52.17,48.24,47.17,48.18,46.78,46.85,0.0,0.0
1040,39114,49.2,53.70400453798302,0.5382438376048728,0,12,6,100,47.96,49.17,46.07,52.13,48.22,51.66,0.0,0.0
1041,37099,68.2,54.49686133911988,0.5765004429735104,0,17,6,100,66.95,67.06,71.96,67.79,62.71,72.71,0.0,0.0
1042,35890,64.49,53.13144099632349,0.6103588100959089,0,20,6,100,77.67,55.36,75.74,55.55,61.28,61.35,0.0,0.0
1043,37905,58.28,54.47165548760584,0.5268096118644461,0,15,6,100,64.27,52.83,50.04,64.68,55.87,62.0,0.0,0.0
1044,39114,68.6,54.91205074157025,0.5118784805878942,0,12,6,100,70.61,75.15,77.01,61.26,68.29,59.31,0.0,0.0
1045,37099,61.52,55.73318612579688,0.5281912511005733,0,17,6,100,57.89,67.83,68.16,61.76,60.09,53.4,0.0,0.0
1046,36696,67.9,52.17683873621499,0.6478486816630828,0,18,6,100,68.93,75.75,69.95,59.42,67.24,66.11,0.0,0.0
1047,38308,77.52,55.697794145656815,0.6042120036086472,0,14,6,100,78.41,87.96,73.38,71.53,81.64,72.19,0.0,0.0
1048,37099,68.72,55.95564146664469,0.6333708781876579,0,17,6,100,67.33,66.81,58.98,68.29,75.82,75.12,0.0,0.0
1049,33875,69.99,53.02227233640838,0.6513321632202145,0,25,6,100,63.16,74.93,61.68,71.6,68.61,79.98,0.0,0.0
1050,37502,56.79,54.2167226132801,0.5677642544455932,0,16,6,100,57.1,53.48,50.92,57.56,58.65,63.03,0.0,0.0
1051,39114,73.29,52.52044085429616,0.5363125929187863,0,12,6,100,73.01,76.41,81.7,63.36,76.09,69.18,0.0,0.0
1052,35084,62.72,54.529298447731,0.5264076460304725,0,22,6,100,65.21,64.97,64.15,69.76,56.43,55.81,0.0,0.0
1053,38308,49.05,53.5593361301214,0.5832862099069511,0,14,6,100,51.66,45.91,43.36,44.66,53.44,55.26,0.0,0.0
1054,42435,61.57,55.04231402341779,0.5445798801259967,0,5,6,100,62.41,63.64,71.63,59.54,54.23,57.95,0.0,0.0
1055,38308,55.72,54.99665025933636,0.4804752828715863,0,14,6,100,54.98,62.51,59.8,51.69,54.87,50.46,0.0,0.0
1056,36293,56.95,54.00123987274716,0.4776464659208503,0,19,6,100,56.8,55.28,64.64,51.8,51.57,61.63,0.0,0.0
1057,37502,67.27,53.72910513984781,0.6309957696307743,0,16,6,100,70.06,58.74,75.39,67.36,56.21,75.89,0.0,0.0
1058,35084,65.24,54.78203924173268,0.5920797111112929,0,22,6,100,54.5,63.17,75.89,68.66,67.33,61.91,0.0,0.0
1059,39517,72.67,55.18896345691154,0.5287835589260738,0,11,6,100,64.42,69.71,71.71,75.18,78.55,76.47,0.0,0.0
1060,37905,54.41,53.7344088384341,0.5389951338697541,0,15,6,100,51.37,58.19,63.54,52.21,47.64,53.52,0.0,0.0
1061,35890,67.57,53.281186319489336,0.6934137928401134,0,20,6,100,67.03,62.71,71.52,66.74,67.07,70.33,0.0,0.0
1062,38308,61.22,52.43937644793573,0.5473969664708933,0,14,6,100,56.56,56.29,54.59,68.24,63.54,68.13,0.0,0.0
1063,34681,62.6,54.52645925874327,0.5307523547602249,0,23,6,100,61.01,67.89,60.06,68.33,63.11,55.2,0.0,0.0
1064,37099,72.64,53.48400032332641,0.6153324948455992,0,17,6,100,59.87,74.94,78.17,69.39,76.87,76.57,0.0,0.0
1065,37905,63.01,56.22950048419887,0.5950010640482085,0,15,6,100,62.16,62.74,67.99,53.96,71.97,59.22,0.0,0.0
1066,38308,48.18,54.06487032496946,0.565033502289204,0,14,6,100,54.12,42.37,45.79,48.75,51.12,46.96,0.0,0.0
1067,36293,61.51,53.77863950557855,0.6339865804466304,0,19,6,100,53.38,68.51,64.13,63.47,70.04,49.54,0.0,0.0
1068,37099,66.85,53.9050364910348,0.5955198255432689,0,17,6,100,68.51,66.8,68.45,69.93,58.9,68.5,0.0,0.0
1069,37905,71.2,55.13061896146726,0.586798395845624,0,15,6,100,77.45,58.6,72.39,69.31,77.99,71.47,0.0,0.0
1070,38711,69.56,55.93238458224008,0.4923376172310308,0,13,6,100,79.96,69.71,59.64,59.92,76.12,71.98,0.0,0.0
1071,38308,48.18,53.30741872257443,0.5536094955952143,0,14,6,100,47.94,50.12,49.85,42.83,56.33,41.98,0.0,0.0
1072,40323,73.01,54.50494493890159,0.5610370116817178,0,9,6,100,68.18,65.96,74.39,71.15,77.59,80.77,0.0,0.0
1073,39114,76.4,53.80776827683216,0.6041205477872413,0,12,6,100,82.3,69.9,80.64,69.01,79.17,77.39,0.0,0.0
1074,37502,59.58,53.92482160151979,0.4323475061085948,0,16,6,100,62.56,63.46,59.91,48.39,61.66,61.51,0.0,0.0
1075,38308,65.43,54.395428992874905,0.500026037443813,0,14,6,100,75.48,76.4,60.57,57.8,60.63,61.7,0.0,0.0
1076,35084,60.25,55.44433948571019,0.6098795082841569,0,22,6,100,60.3,52.36,59.71,60.25,71.75,57.15,0.0,0.0
1077,38711,70.16,54.7778888225323,0.504506792202681,0,13,6,100,72.49,72.7,57.43,76.4,71.84,70.09,0.0,0.0
1078,38308,55.05,55.97832245950013,0.625522718545756,0,14,6,100,58.78,60.63,58.54,53.78,49.72,48.84,0.0,0.0
1079,37905,62.65,54.35655318701452,0.5617384330506672,0,15,6,100,56.28,65.95,63.45,58.18,70.63,61.42,0.0,0.0
1080,37502,53.0,55.20468590403887,0.5140981965314876,0,16,6,100,47.21,59.99,56.32,56.75,42.93,54.81,0.0,0.0
1081,35487,55.3,55.017166459644415,0.5808858911689349,0,21,6,100,51.78,63.07,55.32,50.32,53.88,57.46,0.0,0.0
1082,36696,67.71,54.122954190869855,0.5111500190471986,0,18,6,100,73.45,59.26,57.31,75.65,66.32,74.29,0.0,0.0
1083,37502,74.42,52.7339600043771,0.5333122088062624,0,16,6,100,74.78,76.31,71.01,73.17,70.63,80.64,0.0,0.0
1084,37905,60.43,53.87645012366792,0.5544194456209628,0,15,6,100,52.54,61.14,61.04,63.98,64.21,59.69,0.0,0.0
1085,38308,77.71,53.94273967084815,0.5231214522020755,0,14,6,100,82.66,84.51,72.27,78.31,62.36,86.15,0.0,0.0
1086,35487,66.96,54.287434393693424,0.6195396773122299,0,21,6,100,60.43,66.48,67.67,70.59,70.27,66.32,0.0,0.0
1087,37905,59.95,55.47050995400513,0.5639845145517052,0,15,6,100,66.76,65.08,64.5,52.47,56.35,54.52,0.0,0.0
1088,35487,66.14,54.42123476676355,0.6484645208251911,0,21,6,100,70.32,73.72,65.32,70.19,66.58,50.7,0.0,0.0
1089,35084,62.92,52.8627895935456,0.5959368124272556,0,22,6,100,66.1,61.08,73.48,60.09,63.33,53.44,0.0,0.0
1090,35890,64.3,52.77738689771432,0.5999171975366739,0,20,6,100,57.97,68.06,69.23,57.85,70.38,62.32,0.0,0.0
1091,37502,45.37,53.976118363545154,0.5743311490978162,0,16,6,100,49.39,43.89,42.98,45.42,48.05,42.48,0.0,0.0
1092,35084,66.14,54.72086423764155,0.5420313572397225,0,22,6,100,69.49,60.75,61.37,76.12,58.12,71.01,0.0,0.0
1093,39114,65.57,53.15224723373159,0.4321334038191948,0,12,6,100,64.99,58.34,70.36,60.54,71.48,67.69,0.0,0.0
1094,37502,49.57,54.36911053423635,0.5874931788126585,0,16,6,100,51.35,45.46,45.12,52.21,46.18,57.11,0.0,0.0
1095,38308,55.04,53.71601562592736,0.5824773263131056,0,14,6,100,57.74,54.44,56.63,58.51,54.3,48.59,0.0,0.0
1096,36293,70.62,54.36370964225728,0.5416600816051693,0,19,6,100,63.91,71.95,75.68,67.02,73.45,71.74,0.0,0.0
1097,37502,67.76,54.44387204494946,0.5806376526672513,0,16,6,100,58.44,72.14,73.32,70.8,71.25,60.59,0.0,0.0
1098,37099,50.28,55.43781754786032,0.556669560531781,0,17,6,100,52.96,53.83,43.5,47.16,52.32,51.91,0.0,0.0
1099,36696,63.66,54.52208096373406,0.5061419295261457,0,18,6,100,61.35,54.41,66.41,73.2,67.11,59.5,0.0,0.0
1100,37502,60.27,54.32595100629787,0.5482505703521773,0,16,6,100,53.01,62.61,57.1,63.28,73.9,51.74,0.0,0.0
1101,37099,58.98,54.86537455536141,0.5538623459855668,0,17,6,100,57.95,64.31,51.29,57.06,64.18,59.08,0.0,0.0
1102,38711,56.4,54.47921057888123,0.5221055525049084,0,13,6,100,55.79,63.26,51.29,49.79,55.88,62.42,0.0,0.0
1103,37502,59.4,54.65830531306208,0.5663609336961106,0,16,6,100,61.73,55.37,52.05,66.42,65.79,55.02,0.0,0.0
1104,34278,66.77,52.95261169166462,0.5354043324936713,0,24,6,100,64.82,67.26,64.44,76.52,60.49,67.07,0.0,0.0
1105,35890,66.49,53.68910374051297,0.6436192483505663,0,20,6,100,70.31,67.87,56.12,75.56,70.38,58.69,0.0,0.0
1106,39114,54.09,53.45362995612791,0.5473487810483364,0,12,6,100,50.13,56.22,56.31,62.11,48.39,51.36,0.0,0.0
1107,38308,70.2,53.58152837630258,0.6416459305566324,0,14,6,100,65.37,79.58,68.1,73.71,61.61,72.82,0.0,0.0
1108,36293,66.38,54.2565731005524,0.4781593771326619,0,19,6,100,59.83,71.49,58.62,73.4,70.65,64.27,0.0,0.0
1109,35890,52.95,54.149708658986185,0.5608232753917747,0,20,6,100,53.89,49.87,49.65,55.21,61.1,47.97,0.0,0.0
1110,37502,58.17,55.13204894514168,0.5740664596779421,0,16,6,100,54.4,55.59,52.56,64.57,56.78,65.15,0.0,0.0
1111,35084,66.13,53.74012722793879,0.4738571081330258,0,22,6,100,74.59,68.1,59.19,63.07,59.71,72.14,0.0,0.0
1112,34278,59.22,54.54489824599652,0.5337897643262994,0,24,6,100,54.47,51.5,56.9,65.43,65.54,61.49,0.0,0.0
1113,39114,68.08,55.01458917064069,0.5504496393434235,0,12,6,100,67.74,78.39,59.14,77.87,59.97,65.38,0.0,0.0
1114,37502,78.31,54.522417688012425,0.6145764729568044,0,16,6,100,84.69,75.8,76.88,67.02,83.53,81.93,0.0,0.0
1115,35084,61.72,53.09937426371444,0.5008685796727416,0,22,6,100,56.89,54.6,66.5,65.7,68.59,58.03,0.0,0.0
1116,35084,57.2,54.24903420567081,0.6046921617405521,0,22,6,100,55.43,66.75,59.4,50.57,50.66,60.36,0.0,0.0
1117,38308,77.21,55.14097177667058,0.5554702003238902,0,14,6,100,81.04,66.56,73.94,79.57,82.17,79.98,0.0,0.0
1118,35084,70.05,54.32226882919515,0.7005826867201117,0,22,6,100,72.85,75.97,76.52,66.13,66.58,62.23,0.0,0.0
1119,39920,63.53,53.53456332788128,0.5230288606021118,0,10,6,100,58.34,67.85,64.26,68.87,63.16,58.71,0.0,0.0
1120,37502,53.05,55.08640349366322,0.5997949223738309,0,16,6,100,54.66,59.3,51.86,51.72,51.81,48.94,0.0,0.0
1121,36696,58.73,53.2900599006934,0.5814850704732696,0,18,6,100,51.73,58.44,55.32,69.39,61.2,56.32,0.0,0.0
1122,37905,49.06,54.77007764301219,0.6039501792902907,0,15,6,100,42.43,42.7,55.19,55.21,53.4,45.41,0.0,0.0
1123,35084,59.74,54.14074600968893,0.5559688182591395,0,22,6,100,56.5,65.45,59.65,62.47,60.45,53.92,0.0,0.0
1124,35487,58.39,54.644084055244136,0.5178822389652381,0,21,6,100,66.0,57.4,59.85,48.84,57.44,60.82,0.0,0.0
1125,37502,64.82,54.8657934642364,0.5218443605556705,0,16,6,100,69.24,68.35,67.26,69.97,59.73,54.4,0.0,0.0
1126,36293,68.56,55.04656068907232,0.5433144459951008,0,19,6,100,66.85,64.15,60.21,78.18,71.24,70.74,0.0,0.0
1127,37099,69.51,55.10437155629938,0.4891974753637996,0,17,6,100,70.2,62.03,70.59,69.07,81.02,64.15,0.0,0.0
1128,37099,61.11,54.92864047968139,0.4990910012412137,0,17,6,100,66.73,54.11,69.32,56.32,61.03,59.15,0.0,0.0
1129,33875,60.9,53.59351265261127,0.5328059950634241,0,25,6,100,57.2,67.47,60.92,51.03,68.44,60.32,0.0,0.0
1130,37502,76.06,53.50597148410795,0.479237071799589,0,16,6,100,83.25,70.95,75.0,69.68,79.35,78.16,0.0,0.0
1131,37099,58.47,55.69068619820902,0.5705540536990615,0,17,6,100,61.34,61.9,54.0,52.05,60.53,60.97,0.0,0.0
1132,37099,73.68,53.24826074325251,0.5565843730803737,0,17,6,100,68.12,78.67,76.27,67.32,73.49,78.21,0.0,0.0
1133,33875,54.88,54.21861800485769,0.4972335830918043,0,25,6,100,53.13,56.67,58.65,58.69,50.64,51.48,0.0,0.0
1134,43836,55.15,53.09142593708855,0.6214076668917408,2,8,6,100,47.97,53.25,63.75,50.85,55.5,59.57,0.0,0.0
1135,35890,66.5,55.44641629613085,0.5560548225380317,0,20,6,100,71.62,63.95,60.41,73.17,58.6,71.26,0.0,0.0
1136,36293,62.88,55.63677667170617,0.5549586626247905,0,19,6,100,55.58,55.1,64.85,56.53,73.07,72.13,0.0,0.0
1137,37502,75.52,53.14039692058432,0.56289267088749,0,16,6,100,66.47,85.21,74.56,82.48,81.2,63.21,0.0,0.0
1138,39920,63.5,54.771866597381575,0.5271031467125871,0,10,6,100,67.84,60.94,65.52,65.84,57.09,63.77,0.0,0.0
1139,37905,63.89,54.12236985311154,0.5669686673183116,0,15,6,100,67.96,61.79,57.02,69.23,56.53,70.8,0.0,0.0
1140,34681,66.41,53.78189004691602,0.4759402640054861,0,23,6,100,67.12,58.46,69.98,69.28,70.24,63.37,0.0,0.0
1141,43685,64.03,53.71852958640866,0.5014484800583475,3,10,6,100,63.93,63.32,60.83,56.65,67.4,72.07,0.0,0.0
1142,36696,75.0,53.32660105156526,0.6041011401732789,0,18,6,100,70.68,83.96,86.75,66.58,63.7,78.34,0.0,0.0
1143,36696,57.72,55.56713824462364,0.5523300884885061,0,18,6,100,60.67,61.01,49.22,58.9,58.29,58.22,0.0,0.0
1144,36696,62.41,54.36167172124601,0.5998389666609644,0,18,6,100,67.02,57.73,66.15,62.07,64.72,56.75,0.0,0.0
1145,37099,54.98,54.644437530488894,0.5604562677347661,0,17,6,100,50.44,45.49,61.41,57.64,57.92,56.95,0.0,0.0
1146,37502,52.67,54.85974753814741,0.5523257504605372,0,16,6,100,52.74,53.6,57.04,50.36,48.37,53.92,0.0,0.0
1147,39114,63.46,55.535500071314665,0.5980344074105365,0,12,6,100,69.75,68.54,54.53,58.14,62.51,67.3,0.0,0.0
1148,37502,67.57,53.20954567197199,0.5360018356729688,0,16,6,100,72.34,70.68,72.44,61.05,59.68,69.23,0.0,0.0
1149,37502,56.52,54.120168375581954,0.6534133213368349,0,16,6,100,64.54,57.21,59.99,51.92,54.52,50.96,0.0,0.0
1150,35890,60.01,55.858736257419935,0.5920041952577696,0,20,6,100,61.93,59.97,59.19,57.3,55.12,66.56,0.0,0.0
1151,37905,71.18,55.42843150545658,0.5754771991084315,0,15,6,100,62.42,71.15,73.95,79.67,68.39,71.48,0.0,0.0
1152,35084,69.08,55.2263774246475,0.5426809771937906,0,22,6,100,68.1,61.03,75.5,59.63,79.97,70.25,0.0,0.0
1153,37502,64.61,52.77313079983983,0.4640059818680453,0,16,6,100,59.86,68.52,63.57,59.65,75.0,61.04,0.0,0.0
1154,36293,55.16,55.57048530458643,0.5736909727093702,0,19,6,100,57.02,53.04,50.99,60.07,46.67,63.14,0.0,0.0
1155,42778,65.78,55.45171322660154,0.5652396925362261,1,9,6,100,62.14,75.44,64.09,56.17,70.98,65.84,0.0,0.0
1156,35890,55.99,54.1243260447036,0.6491616156055192,0,20,6,100,60.34,51.01,57.0,59.13,63.44,45.0,0.0,0.0
1157,37099,65.87,55.11419322223984,0.621439615392446,0,17,6,100,67.9,65.62,66.37,68.51,62.07,64.76,0.0,0.0
1158,36696,47.18,54.15451460856324,0.5862213529542876,0,18,6,100,53.97,45.12,42.7,45.2,52.48,43.63,0.0,0.0
1159,40323,66.27,53.85610135925708,0.5054009441924368,0,9,6,100,59.86,61.8,68.9,72.18,61.88,72.98,0.0,0.0
1160,33875,62.84,55.03212820846281,0.4703187084426768,0,25,6,100,61.16,65.21,57.45,66.0,68.68,58.55,0.0,0.0
1161,35487,61.25,55.8611588807251,0.579308572615141,0,21,6,100,55.99,56.09,70.2,60.68,59.58,64.96,0.0,0.0
1162,35890,67.06,55.079894898347376,0.5373031800441173,0,20,6,100,74.02,59.35,72.23,60.94,75.01,60.79,0.0,0.0
1163,40726,63.73,54.18230586829026,0.531907196528962,0,8,6,100,66.8,68.26,58.34,65.47,68.59,54.92,0.0,0.0
1164,34681,72.62,54.75124974136715,0.4899811169597418,0,23,6,100,80.14,72.53,66.31,68.44,80.43,67.85,0.0,0.0
1165,38308,61.3,54.34791009819931,0.5569015848295238,0,14,6,100,61.26,59.85,63.17,61.28,61.38,60.86,0.0,0.0
1166,37099,65.88,52.76847909078294,0.5473791393373413,0,17,6,100,64.69,74.44,65.33,64.21,59.65,66.96,0.0,0.0
1167,40323,70.52,54.55025586990984,0.5873579174256893,0,9,6,100,64.48,66.6,66.62,73.69,78.55,73.17,0.0,0.0
1168,37502,73.55,54.17658650918251,0.5578632872272644,0,16,6,100,80.16,65.78,74.2,73.91,70.35,76.91,0.0,0.0
1169,40323,52.22,53.938956374800114,0.5089939751695759,0,9,6,100,48.25,49.41,58.32,55.55,50.35,51.44,0.0,0.0
1170,37502,55.21,54.674427180256025,0.5188969532817405,0,16,6,100,59.52,45.39,61.66,47.61,56.23,60.86,0.0,0.0
1171,37099,68.67,54.22158821174518,0.5547665514821586,0,17,6,100,73.88,68.64,66.41,63.44,69.09,70.53,0.0,0.0
1172,36293,53.32,53.478702541287085,0.6757478875440062,0,19,6,100,50.47,55.62,46.41,53.55,57.0,56.87,0.0,0.0
1173,44890,57.1,55.30447289877078,0.5735168379706915,1,5,6,100,57.38,53.99,55.19,64.01,53.75,58.27,0.0,0.0
1174,37905,73.44,55.02382069742631,0.6171114881681615,0,15,6,100,81.95,68.77,66.98,77.21,65.25,80.47,0.0,0.0
1175,39114,69.61,54.16919316114914,0.6033257152228453,0,12,6,100,74.46,72.0,61.27,77.18,69.43,63.3,0.0,0.0
1176,36696,55.59,52.54943667923739,0.5722856441575642,0,18,6,100,53.7,52.83,62.32,51.07,58.28,55.34,0.0,0.0
1177,43584,73.45,53.39578320749951,0.5665649024768743,1,7,6,100,74.83,71.48,78.0,72.15,78.96,65.26,0.0,0.0
1178,42375,59.88,54.181485745902016,0.5332277200111954,1,10,6,100,60.14,60.19,66.84,57.39,55.34,59.41,0.0,0.0
1179,42435,56.61,55.52559545460348,0.5104710386003212,0,5,6,100,55.59,63.94,55.82,63.05,53.16,48.08,0.0,0.0
1180,35890,77.41,56.181695105019365,0.5888466735595446,0,20,6,100,81.51,70.57,85.65,74.7,81.51,70.53,0.0,0.0
1181,39114,45.76,54.98629432749917,0.5692264995040668,0,12,6,100,47.11,43.69,42.27,45.77,45.89,49.85,0.0,0.0
1182,38308,64.2,55.346006493060194,0.5657916475954788,0,14,6,100,63.2,61.88,61.02,67.6,65.46,66.07,0.0,0.0
1183,35084,66.39,56.21809090656786,0.5225957152881648,0,22,6,100,64.25,63.25,62.92,74.5,71.39,62.0,0.0,0.0
1184,36293,65.48,55.401211645186336,0.5191479862357228,0,19,6,100,68.35,62.9,63.3,67.79,74.4,56.11,0.0,0.0
1185,35084,66.05,54.18433502396534,0.562381341368126,0,22,6,100,63.21,67.96,54.98,73.11,65.54,71.48,0.0,0.0
1186,35890,62.64,54.03893932554703,0.5242660152614775,0,20,6,100,56.42,54.8,70.63,67.6,61.34,65.06,0.0,0.0
1187,40323,77.79,54.14519417290436,0.4767587942900547,0,9,6,100,78.08,77.69,76.77,74.88,90.02,69.3,0.0,0.0
1188,39517,59.36,55.65692405973456,0.536900282438301,0,11,6,100,51.9,69.14,62.65,59.35,58.44,54.7,0.0,0.0
1189,37502,49.44,54.43267567186435,0.5536870793831721,0,16,6,100,53.16,54.12,51.16,40.59,52.72,44.89,0.0,0.0
1190,37502,67.24,53.73691482426988,0.5309781316420282,0,16,6,100,70.29,68.65,60.74,70.58,69.01,64.15,0.0,0.0
1191,37905,60.48,54.25864564763114,0.5316605569361519,0,15,6,100,50.94,67.16,65.8,54.48,63.68,60.84,0.0,0.0
1192,37099,80.4,53.94860796387593,0.5776124965668787,0,17,6,100,88.23,71.43,79.08,79.53,74.36,89.76,0.0,0.0
1193,37502,66.62,55.306690037662015,0.5277886888449355,0,16,6,100,59.72,72.13,62.5,66.65,71.1,67.63,0.0,0.0
1194,39517,57.17,54.817216121826846,0.516620652184848,0,11,6,100,50.7,61.63,58.85,64.21,47.26,60.35,0.0,0.0
1195,36293,56.44,55.26176346505336,0.5524248781839926,0,19,6,100,54.52,58.2,58.14,51.7,61.23,54.84,0.0,0.0
1196,35487,75.03,53.56234408861667,0.473948138925378,0,21,6,100,69.39,72.88,84.13,69.85,71.98,81.93,0.0,0.0
1197,34278,65.75,53.604869463868624,0.5456271136053078,0,24,6,100,68.5,63.55,60.21,76.25,66.04,59.94,0.0,0.0
1198,35084,48.38,55.03984894347544,0.5758392259555587,0,22,6,100,45.97,50.32,44.37,54.05,50.06,45.53,0.0,0.0
1199,38711,78.76,54.9112379263532,0.5647267220785778,0,13,6,100,72.56,77.43,84.57,73.58,77.74,86.7,0.0,0.0
1200,37905,64.16,53.510589339469085,0.5857165827114856,0,15,6,100,64.22,59.72,60.14,74.11,67.18,59.59,0.0,0.0
1201,39517,59.11,56.20041185097901,0.5147422921584504,0,11,6,100,51.16,62.4,69.68,48.97,53.3,69.14,0.0,0.0
1202,39114,66.0,54.88441784064486,0.5032163852348099,0,12,6,100,58.46,73.47,69.32,74.32,61.7,58.75,0.0,0.0
1203,35487,60.8,55.27417882425732,0.5253365149204343,0,21,6,100,60.78,66.74,58.65,62.45,65.6,50.55,0.0,0.0
1204,35487,68.24,53.130169078140966,0.4796243325239898,0,21,6,100,55.44,76.01,72.17,58.76,71.67,75.42,0.0,0.0
1205,38711,71.35,54.77304343577237,0.5602710034444031,0,13,6,100,63.76,77.73,62.5,75.82,75.03,73.25,0.0,0.0
1206,36696,67.06,54.04397182093631,0.5563595707764668,0,18,6,100,63.33,70.15,69.7,60.41,73.39,65.37,0.0,0.0
1207,40726,63.57,55.14845361711372,0.4663292373784097,0,8,6,100,69.42,53.79,54.2,66.22,65.04,72.75,0.0,0.0
1208,42627,78.87,54.47577738184978,0.5723225904699583,2,11,6,100,83.39,71.76,83.67,76.47,83.01,74.95,0.0,0.0
1209,37502,63.24,54.55620015832689,0.503531769792086,0,16,6,100,72.17,62.72,61.08,59.16,67.02,57.29,0.0,0.0
1210,35084,58.86,55.26691741922879,0.4839930879382688,0,22,6,100,58.05,54.15,64.68,57.53,54.97,63.77,0.0,0.0
1211,37502,60.72,54.46674956955776,0.4975282159086495,0,16,6,100,66.22,61.03,57.19,56.58,55.3,68.02,0.0,0.0
1212,38711,61.07,54.400960056695226,0.5235880635626375,0,13,6,100,57.76,61.84,61.04,69.26,54.9,61.64,0.0,0.0
1213,36696,68.48,54.15434621401548,0.5301487157247514,0,18,6,100,70.06,75.25,69.97,67.18,64.88,63.54,0.0,0.0
1214,36293,55.19,54.61158140928661,0.5469202865247632,0,19,6,100,60.54,50.28,61.81,49.35,48.82,60.36,0.0,0.0
1215,39114,61.7,54.19516930348272,0.5221576435970301,0,12,6,100,59.22,70.68,54.25,59.95,56.68,69.42,0.0,0.0
1216,35084,75.47,52.70428543329644,0.4869190253934347,0,22,6,100,72.36,78.35,77.12,79.34,82.32,63.32,0.0,0.0
1217,37502,63.61,56.4381310987831,0.5013951930723329,0,16,6,100,62.21,63.18,66.4,62.63,65.63,61.63,0.0,0.0
1218,37099,66.48,54.85536541761856,0.5942762731911027,0,17,6,100,60.85,59.81,59.15,74.23,66.99,77.87,0.0,0.0
1219,36696,64.38,53.72502966006368,0.4743732654188042,0,18,6,100,74.87,67.21,69.97,57.12,57.59,59.54,0.0,0.0
1220,38711,63.38,54.86643169855944,0.4523812869174851,0,13,6,100,58.88,69.49,56.79,73.52,68.05,53.57,0.0,0.0
1221,35890,76.38,53.910430141674446,0.6032072891440303,0,20,6,100,74.64,83.47,66.62,78.61,78.09,76.86,0.0,0.0
1222,36696,72.16,54.24017039797759,0.6185821848632963,0,18,6,100,75.7,62.9,59.74,84.8,68.5,81.32,0.0,0.0
1223,38711,78.08,54.23644753425915,0.5037022266096266,0,13,6,100,71.48,85.58,81.77,79.72,84.74,65.21,0.0,0.0
1224,37099,62.26,56.34870980633288,0.5520493165470369,0,17,6,100,59.51,73.33,56.51,68.09,56.21,59.9,0.0,0.0
1225,36293,59.84,54.74896493348202,0.5998468502032301,0,19,6,100,61.41,60.32,64.74,54.57,63.02,55.01,0.0,0.0
1226,37099,62.12,55.3453218767913,0.5131374559874512,0,17,6,100,66.89,56.75,54.5,53.05,71.14,70.42,0.0,0.0
1227,39114,58.74,52.63119361974352,0.6192084419086413,0,12,6,100,56.92,54.56,64.33,54.48,65.33,56.84,0.0,0.0
1228,38308,43.22,53.41974129319495,0.5090398247691615,0,14,6,100,47.2,39.26,46.45,49.09,39.85,37.48,0.0,0.0
1229,34681,77.81,52.96232579117409,0.5219308363876987,0,23,6,100,76.74,82.86,78.22,72.58,77.53,78.94,0.0,0.0
1230,38711,60.06,54.804426880916026,0.5682139817959238,0,13,6,100,58.01,63.88,56.99,53.7,64.33,63.45,0.0,0.0
1231,36293,66.85,55.81764652435447,0.4919634611629055,0,19,6,100,72.08,74.01,65.91,63.17,62.5,63.43,0.0,0.0
1232,37905,66.77,53.23480995898302,0.5336752994394304,0,15,6,100,60.42,63.5,72.23,69.23,58.29,76.95,0.0,0.0
1233,37502,62.27,54.36938593922585,0.5451091533128918,0,16,6,100,68.15,62.86,58.34,55.36,62.79,66.12,0.0,0.0
1234,43181,55.21,54.09641751569141,0.4934331166598577,1,8,6,100,54.2,63.33,56.78,57.23,50.58,49.14,0.0,0.0
1235,42224,74.64,53.74119736535238,0.4875384331968527,2,12,6,100,83.2,88.3,63.54,67.16,76.56,69.11,0.0,0.0
1236,37502,69.74,55.7970935590864,0.4763563297757202,0,16,6,100,71.27,74.89,71.93,64.0,74.06,62.29,0.0,0.0
1237,39517,64.28,54.40346357285668,0.6235078651445369,0,11,6,100,73.69,57.26,71.02,61.1,63.39,59.22,0.0,0.0
1238,33875,54.0,54.49647945177852,0.4419275504459931,0,25,6,100,50.74,58.32,51.88,49.04,52.32,61.72,0.0,0.0
1239,37905,73.06,54.05677188071143,0.5511925565601496,0,15,6,100,82.49,72.75,61.71,72.75,75.31,73.37,0.0,0.0
1240,38711,62.22,53.17633920237229,0.5097300957070466,0,13,6,100,62.49,62.62,71.48,64.7,56.69,55.32,0.0,0.0
1241,37099,80.95,54.48024192486902,0.4621058323754988,0,17,6,100,81.39,80.26,82.66,90.01,69.58,81.82,0.0,0.0
1242,37099,61.46,54.6760658074636,0.4872810046515834,0,17,6,100,55.25,66.12,64.65,56.47,68.26,57.99,0.0,0.0
1243,34278,68.45,55.5610111229097,0.4549591361662565,0,24,6,100,79.37,70.52,60.32,78.89,62.16,59.43,0.0,0.0
1244,36696,70.41,54.82489055747815,0.5920987762375937,0,18,6,100,62.85,74.64,67.0,64.43,75.42,78.13,0.0,0.0
1245,35890,66.09,53.4201297670786,0.5144915323046128,0,20,6,100,61.55,62.5,68.73,68.82,62.69,72.23,0.0,0.0
1246,37905,56.26,53.61042608932199,0.4835005204326622,0,15,6,100,52.29,52.99,55.47,60.48,62.17,54.16,0.0,0.0
1247,37905,67.34,53.78747183213647,0.602160136886517,0,15,6,100,56.31,73.44,68.26,65.85,75.47,64.68,0.0,0.0
1248,37502,56.78,55.15948018510659,0.5646922609102579,0,16,6,100,52.99,63.33,52.82,59.84,59.11,52.6,0.0,0.0
1249,37099,62.59,56.95882699869698,0.6048146270051049,0,17,6,100,65.88,51.39,65.09,69.11,68.15,55.91,0.0,0.0
1250,38308,69.43,54.209411296267376,0.4883697044496248,0,14,6,100,64.83,73.58,71.36,65.29,76.2,65.34,0.0,0.0
1251,37099,69.62,54.64628391171647,0.5915486012631885,0,17,6,100,68.9,65.44,65.58,67.04,73.01,77.77,0.0,0.0
1252,35487,79.77,55.176994992954405,0.4215926719699596,0,21,6,100,72.04,78.48,72.1,84.01,87.96,84.05,0.0,0.0
1253,37502,65.54,55.12275787305178,0.4673918357471071,0,16,6,100,55.62,64.45,70.15,72.12,65.47,65.44,0.0,0.0
1254,42375,91.31,54.46080167466245,0.5453013577130599,1,10,6,100,90.95,77.34,93.38,94.36,92.37,99.46,0.0,0.0
1255,35084,59.14,54.04317025377169,0.484745436465171,0,22,6,100,64.44,62.21,55.68,57.41,62.05,53.03,0.0,0.0
1256,37905,55.12,54.59872308915212,0.5711813404644019,0,15,6,100,55.21,62.91,60.36,47.81,49.2,55.22,0.0,0.0
1257,38308,58.45,52.06157115985251,0.5464278497234557,0,14,6,100,56.96,59.7,62.42,50.17,63.27,58.17,0.0,0.0
1258,37099,58.9,52.580000924407415,0.5054601972737172,0,17,6,100,57.83,58.46,64.78,65.34,61.79,45.18,0.0,0.0
1259,38308,78.35,54.76329952619096,0.5406332707261772,0,14,6,100,84.37,80.58,70.33,85.3,78.01,71.52,0.0,0.0
1260,39114,67.36,54.7241899197446,0.4481401844618534,0,12,6,100,62.76,76.63,58.46,71.46,62.71,72.12,0.0,0.0
1261,36293,61.68,54.94723374555124,0.5332361026112346,0,19,6,100,62.59,54.23,72.22,57.16,58.18,65.68,0.0,0.0
1262,36696,68.05,54.79192979774018,0.5113212114933251,0,18,6,100,64.16,59.22,75.69,76.13,77.06,56.03,0.0,0.0
1263,37502,64.52,56.38494710716306,0.4947320956806815,0,16,6,100,69.75,68.7,68.02,59.98,64.61,56.09,0.0,0.0
1264,40726,59.63,53.26446313337304,0.5510103019656263,0,8,6,100,57.4,54.79,68.49,55.89,60.75,60.47,0.0,0.0
1265,36696,63.97,53.284588145210186,0.5467268592754707,0,18,6,100,67.38,61.16,69.23,55.98,62.16,67.93,0.0,0.0
1266,37502,49.92,55.311434305738494,0.4734246604735517,0,16,6,100,51.7,44.07,55.88,48.5,45.99,53.36,0.0,0.0
1267,35084,48.82,55.355803698352375,0.4977624777464992,0,22,6,100,41.49,50.44,51.72,52.99,49.37,46.93,0.0,0.0
1268,36696,74.5,53.015773449393706,0.496770333853495,0,18,6,100,73.88,72.49,79.5,75.97,68.86,76.3,0.0,0.0
1269,38308,63.7,55.29892685970124,0.4995347892345342,0,14,6,100,63.02,69.56,56.44,64.21,61.92,67.07,0.0,0.0
1270,38308,62.06,53.69700930114208,0.4417930138648778,0,14,6,100,61.19,70.75,57.95,65.91,63.56,53.01,0.0,0.0
1271,38711,58.28,55.40458709152251,0.4611562980382637,0,13,6,100,63.64,49.06,60.22,61.0,55.3,60.46,0.0,0.0
1272,37502,75.28,53.92271106559136,0.5507718302079743,0,16,6,100,79.15,78.96,70.49,78.34,76.88,67.88,0.0,0.0
1273,36696,72.22,55.94113055856022,0.5183078550928075,0,18,6,100,73.87,74.08,64.5,68.85,78.01,74.03,0.0,0.0
1274,38308,57.15,53.73736267461195,0.5020762006300362,0,14,6,100,58.14,53.13,62.98,64.09,55.18,49.36,0.0,0.0
1275,35890,60.54,55.23954322008216,0.5070978972735627,0,20,6,100,69.21,51.85,57.33,66.84,53.82,64.17,0.0,0.0
1276,37905,62.7,55.11127721885671,0.4712478752332106,0,15,6,100,69.42,66.0,57.54,71.18,50.44,61.61,0.0,0.0
1277,37905,70.56,53.3146761635969,0.5105268359207862,0,15,6,100,67.74,78.46,66.32,71.51,65.14,74.21,0.0,0.0
1278,36696,70.49,54.34025133900598,0.5790217451860754,0,18,6,100,76.03,67.29,63.24,66.28,72.59,77.53,0.0,0.0
1279,36293,71.75,56.18898656342901,0.4796799360126983,0,19,6,100,77.14,79.02,68.76,68.87,72.22,64.47,0.0,0.0
1280,39114,71.58,54.46405513851273,0.4815730862320837,0,12,6,100,72.63,72.04,72.63,69.46,68.3,74.45,0.0,0.0
1281,34278,74.16,54.110285103354535,0.5546843234299922,0,24,6,100,68.22,75.0,77.3,80.55,63.09,80.83,0.0,0.0
1282,37502,56.71,55.34092130450605,0.5649368294785028,0,16,6,100,52.4,57.74,56.84,54.74,51.48,67.03,0.0,0.0
1283,37502,70.37,54.46511988163776,0.5297729570579449,0,16,6,100,67.0,65.91,74.6,79.55,60.61,74.57,0.0,0.0
1284,37099,56.18,56.663020545268445,0.5027476641284239,0,17,6,100,59.8,53.48,51.06,58.43,64.89,49.41,0.0,0.0
1285,42588,55.92,55.29336025009493,0.5546776540643051,0,4,6,100,52.72,60.94,62.04,53.45,58.3,48.1,0.0,0.0
1286,36696,57.71,54.45195936821227,0.5408978469131763,0,18,6,100,54.67,66.86,55.6,54.03,61.67,53.45,0.0,0.0
1287,37502,68.07,53.7792879812609,0.5502092156404916,0,16,6,100,65.1,72.91,72.04,69.61,62.46,66.29,0.0,0.0
1288,38711,54.73,56.42106078290731,0.5221834454633116,0,13,6,100,54.67,59.51,54.67,52.54,47.3,59.72,0.0,0.0
1289,42627,67.05,53.73094775908408,0.451957309598156,2,11,6,100,63.36,75.43,69.88,62.29,66.89,64.47,0.0,0.0
1290,37905,58.87,53.752622573052186,0.5368572957193741,0,15,6,100,62.45,57.72,52.34,50.06,70.03,60.61,0.0,0.0
1291,38711,69.67,53.87679242430294,0.5133635957838949,0,13,6,100,77.64,58.61,74.1,69.26,77.77,60.62,0.0,0.0
1292,40726,58.36,55.49921892795411,0.5994433846668615,0,8,6,100,55.94,57.68,59.66,60.41,53.53,62.93,0.0,0.0
1293,37905,68.03,54.39370508502279,0.4537489612897212,0,15,6,100,58.65,71.09,69.97,66.75,76.18,65.53,0.0,0.0
1294,38308,63.1,52.945740087530005,0.505558128491868,0,14,6,100,59.05,56.19,64.2,58.44,74.92,65.79,0.0,0.0
1295,39114,68.73,56.09239194045932,0.4538532940290308,0,12,6,100,58.7,67.06,61.97,78.66,74.17,71.81,0.0,0.0
1296,39114,63.81,55.02708929748257,0.5308539581950136,0,12,6,100,62.78,71.01,63.29,62.38,58.72,64.69,0.0,0.0
1297,39517,62.92,53.94589264360501,0.5311353746643528,0,11,6,100,73.02,56.39,56.89,71.96,57.83,61.41,0.0,0.0
1298,36293,64.74,55.27509353998884,0.5638178692909,0,19,6,100,60.85,72.31,60.3,64.81,65.96,64.24,0.0,0.0
1299,43282,70.2,53.03683858545222,0.45394150014406,3,11,6,100,70.46,74.99,75.68,69.24,69.92,60.91,0.0,0.0
1300,35890,68.36,54.4778134847583,0.5849520591298553,0,20,6,100,72.41,62.11,71.62,61.12,70.74,72.17,0.0,0.0
1301,38711,59.64,54.95894941087583,0.6143156141840782,0,13,6,100,60.64,65.01,48.98,53.89,67.98,61.37,0.0,0.0
1302,37905,55.68,54.69890381426392,0.5119846392537097,0,15,6,100,56.02,55.57,51.46,63.2,55.03,52.79,0.0,0.0
1303,37905,62.39,55.24654856333369,0.6193664275501491,0,15,6,100,61.61,60.7,68.96,58.12,64.38,60.56,0.0,0.0
1304,38711,65.48,54.95628965480535,0.5987599404739143,0,13,6,100,60.92,66.75,69.01,59.86,72.38,63.98,0.0,0.0
1305,39517,65.39,54.69266815499731,0.5605253650903748,0,11,6,100,77.88,68.97,68.68,58.39,57.17,61.23,0.0,0.0
1306,41129,60.54,54.98064166924155,0.5232453119021554,0,7,6,100,56.73,66.31,63.99,61.62,54.11,60.46,0.0,0.0
1307,37502,62.87,52.82480086434288,0.4992168612413756,0,16,6,100,72.22,56.01,67.93,64.17,59.44,57.44,0.0,0.0
1308,35084,67.65,55.6616395021485,0.5258378631423464,0,22,6,100,66.42,78.09,67.12,59.48,74.64,60.17,0.0,0.0
1309,38308,58.16,54.70239736342478,0.5346351866322522,0,14,6,100,64.31,54.82,59.25,56.4,63.68,50.52,0.0,0.0
1310,39517,72.6,58.67006588369426,0.3948986757517473,0,11,6,100,80.6,77.09,68.49,69.58,76.78,63.06,0.0,0.0
1311,36696,59.06,57.28433775156159,0.5636287020286403,0,18,6,100,56.86,54.84,65.67,65.86,58.92,52.22,0.0,0.0
1312,38308,81.7,54.28672425232301,0.5222947906518682,0,14,6,100,74.47,84.41,86.14,82.85,85.73,76.59,0.0,0.0
1313,39517,64.41,54.72060878476277,0.5039032433287252,0,11,6,100,64.9,62.84,56.28,68.38,68.56,65.48,0.0,0.0
1314,37905,66.32,55.30021854705728,0.577078723718507,0,15,6,100,67.16,70.76,60.52,63.17,70.54,65.75,0.0,0.0
1315,37905,69.39,52.75640439365443,0.5071712894909562,0,15,6,100,73.32,75.85,60.83,70.57,75.06,60.73,0.0,0.0
1316,37502,61.26,53.38913251444716,0.5722232540972687,0,16,6,100,57.98,73.82,56.97,57.0,63.2,58.59,0.0,0.0
1317,40323,72.7,55.26632698148625,0.490502556152751,0,9,6,100,74.4,86.48,71.48,65.95,70.03,67.88,0.0,0.0
1318,37099,51.38,54.25473199127404,0.502530883964867,0,17,6,100,45.84,60.83,59.24,51.82,43.24,47.3,0.0,0.0
1319,37502,63.98,54.390087373968,0.5103928092424291,0,16,6,100,57.23,69.44,70.64,58.3,64.2,64.06,0.0,0.0
1320,37099,58.57,54.19987037877722,0.5500878336207631,0,17,6,100,57.57,55.19,50.93,66.06,59.4,62.27,0.0,0.0
1321,42375,64.67,53.76487002250023,0.5583203870963749,1,10,6,100,54.7,69.67,62.5,69.63,62.47,69.05,0.0,0.0
1322,37502,59.99,55.15741998934115,0.5713079082879607,0,16,6,100,55.44,53.81,65.73,68.4,61.99,54.55,0.0,0.0
1323,37905,64.21,55.914533176662815,0.5012421055133516,0,15,6,100,65.5,73.98,69.14,57.64,58.59,60.41,0.0,0.0
1324,37905,69.97,55.0071253150382,0.6021087624442689,0,15,6,100,76.12,73.74,58.11,73.32,65.63,72.91,0.0,0.0
1325,38711,57.89,55.3354693879673,0.5482960232365373,0,13,6,100,64.39,55.1,52.8,59.0,60.19,55.84,0.0,0.0
1326,36696,66.11,55.68560450699415,0.4973412740337096,0,18,6,100,72.57,57.52,67.0,71.71,61.76,66.11,0.0,0.0
1327,39517,65.57,54.45558664369428,0.4811832749816806,0,11,6,100,69.5,65.02,64.94,59.55,68.09,66.3,0.0,0.0
1328,41166,66.0,55.68716108841623,0.5381951831026246,1,13,6,100,70.03,65.63,69.27,66.34,69.89,54.86,0.0,0.0
1329,39920,65.74,54.70232850388096,0.5118796814880007,0,10,6,100,65.3,68.64,57.79,64.05,69.48,69.18,0.0,0.0
1330,39517,61.69,52.37189507252721,0.4960222382316419,0,11,6,100,58.05,68.78,56.45,59.61,72.7,54.54,0.0,0.0
1331,39114,56.53,55.153049078426186,0.4497530895425658,0,12,6,100,59.84,58.62,60.7,54.63,53.27,52.13,0.0,0.0
1332,38308,70.67,55.12923677297953,0.5323554894134096,0,14,6,100,74.07,70.58,75.17,62.79,74.72,66.69,0.0,0.0
1333,40726,60.18,54.37935350746088,0.6333326631957915,0,8,6,100,55.7,69.97,52.84,54.75,65.08,62.74,0.0,0.0
1334,36293,61.1,54.11177150631045,0.4732189532119872,0,19,6,100,60.07,59.54,64.12,61.85,58.1,62.92,0.0,0.0
1335,39114,51.07,55.65900303706641,0.5793950378761099,0,12,6,100,53.36,44.24,50.53,57.13,53.17,48.0,0.0,0.0
1336,37099,62.21,55.88915043683738,0.5234824703069852,0,17,6,100,61.76,56.38,64.43,65.47,63.3,61.93,0.0,0.0
1337,44890,65.02,55.28512140545949,0.5068931585963535,1,5,6,100,65.24,57.77,71.56,60.27,58.26,77.03,0.0,0.0
1338,35890,64.42,54.49330178771898,0.4176925536044692,0,20,6,100,67.45,61.69,66.58,55.96,66.99,67.85,0.0,0.0
1339,37502,64.12,52.85011407724786,0.5293120860555799,0,16,6,100,61.06,60.04,65.78,71.89,71.08,54.9,0.0,0.0
1340,36293,73.0,54.03214711579494,0.5490884870201386,0,19,6,100,77.78,69.42,70.52,72.29,64.89,83.09,0.0,0.0
1341,43181,57.94,53.7233229728684,0.5179199917066982,1,8,6,100,64.16,62.69,56.33,56.25,54.45,53.79,0.0,0.0
1342,37905,54.92,54.39442853431641,0.5504891999474592,0,15,6,100,63.18,52.78,47.28,52.76,59.05,54.46,0.0,0.0
1343,37502,59.71,54.638871083645945,0.526993634295126,0,16,6,100,67.07,54.13,48.27,67.38,58.76,62.66,0.0,0.0
1344,40323,58.46,54.031407468874505,0.5011138855498369,0,9,6,100,56.23,66.18,60.35,59.63,52.27,56.1,0.0,0.0
1345,38308,56.66,55.70189083870978,0.5321336193842894,0,14,6,100,60.34,68.04,52.69,53.01,56.16,49.75,0.0,0.0
1346,39114,74.31,54.26988482453857,0.5690596064719434,0,12,6,100,74.0,77.5,76.11,76.78,66.43,75.04,0.0,0.0
1347,35487,55.08,55.81665719173528,0.5574356718061251,0,21,6,100,59.22,53.94,62.13,50.55,51.07,53.55,0.0,0.0
1348,39114,65.96,54.70751007370336,0.5167979784928636,0,12,6,100,70.02,63.02,73.96,72.61,58.28,57.87,0.0,0.0
1349,37905,65.47,54.76900107827614,0.4926283357600806,0,15,6,100,64.88,58.9,59.8,73.99,70.21,65.05,0.0,0.0
1350,39517,66.13,54.22109774568965,0.5305614111448825,0,11,6,100,59.96,75.47,58.45,63.11,63.64,76.13,0.0,0.0
1351,36293,58.62,55.192120475063305,0.5115579606675421,0,19,6,100,56.66,65.37,49.48,58.87,58.82,62.55,0.0,0.0
1352,41569,81.21,53.8924699793642,0.5281703126528996,1,12,6,100,82.5,81.28,84.41,70.87,82.26,85.95,0.0,0.0
1353,37905,72.74,54.07196652800558,0.5696148783311791,0,15,6,100,64.96,66.5,63.51,78.06,82.25,81.17,0.0,0.0
1354,38711,62.5,55.77487430004862,0.4658420118465596,0,13,6,100,65.21,60.92,50.51,66.46,65.36,66.51,0.0,0.0
1355,38308,65.44,55.80500624489336,0.6235035412974966,0,14,6,100,70.24,70.35,60.16,57.8,62.84,71.28,0.0,0.0
1356,39114,59.42,54.88101202609592,0.506110135857583,0,12,6,100,68.39,55.52,67.47,52.02,60.98,52.11,0.0,0.0
1357,39114,58.84,53.56710399465497,0.4902385319206515,0,12,6,100,57.82,57.68,56.18,52.64,69.88,58.87,0.0,0.0
1358,40323,63.23,54.77009999623232,0.5061283328062985,0,9,6,100,56.51,69.56,70.5,55.98,69.22,57.59,0.0,0.0
1359,39114,73.21,54.13333174689012,0.4820759302679805,0,12,6,100,63.55,72.13,73.74,77.91,71.15,80.76,0.0,0.0
1360,40323,75.25,54.20595908619358,0.5647927927767776,0,9,6,100,76.88,63.36,73.33,82.42,73.8,81.7,0.0,0.0
1361,40726,65.24,52.6033832581582,0.5282123334645501,0,8,6,100,61.75,67.38,69.4,59.08,69.45,64.37,0.0,0.0
1362,35890,66.39,53.75276900985655,0.4951498909669439,0,20,6,100,57.35,68.27,73.12,69.15,59.26,71.2,0.0,0.0
1363,37502,62.13,54.75776181072602,0.4721978935737922,0,16,6,100,60.34,60.18,59.64,53.35,68.35,70.9,0.0,0.0
1364,39114,59.28,53.33878860343021,0.4605212289456998,0,12,6,100,69.33,52.46,56.89,63.17,59.44,54.38,0.0,0.0
1365,38711,74.23,56.95737479597656,0.4467101715311969,0,13,6,100,64.31,73.79,68.08,71.54,83.73,83.94,0.0,0.0
1366,37502,54.21,54.78376654958095,0.6079285655168747,0,16,6,100,61.56,58.1,46.39,53.06,52.01,54.14,0.0,0.0
1367,40360,66.43,55.84444877347858,0.501046643366206,1,15,6,100,71.72,59.92,71.12,67.75,55.3,72.78,0.0,0.0
1368,38308,61.78,56.32090886575633,0.5169126221658239,0,14,6,100,56.0,70.43,58.93,61.66,62.17,61.47,0.0,0.0
1369,37502,68.97,57.37334801840928,0.5140834062501375,0,16,6,100,60.61,71.82,65.36,72.81,77.04,66.19,0.0,0.0
1370,37502,47.48,54.944554506695575,0.5814980366878371,0,16,6,100,44.08,53.45,43.78,51.42,53.11,39.02,0.0,0.0
1371,37502,64.71,54.10437296823108,0.4381278606157071,0,16,6,100,65.58,63.62,60.59,66.35,66.46,65.68,0.0,0.0
1372,37502,54.47,56.42072971473701,0.5282060765538584,0,16,6,100,50.46,51.65,64.93,50.1,54.22,55.44,0.0,0.0
1373,38711,59.84,54.135415162281305,0.5337687385792703,0,13,6,100,51.3,58.52,65.69,59.16,55.47,68.87,0.0,0.0
1374,35487,59.02,55.35357394648595,0.5275449136200884,0,21,6,100,60.25,55.84,59.13,56.89,67.98,54.04,0.0,0.0
1375,41418,57.38,55.05031675791438,0.4513277249165464,2,14,6,100,61.57,54.22,61.23,52.67,62.34,52.24,0.0,0.0
1376,34681,69.87,53.04273456929151,0.4532973912361953,0,23,6,100,66.02,74.51,67.24,62.19,72.24,77.04,0.0,0.0
1377,39517,69.71,55.23136238471995,0.5102759756645083,0,11,6,100,62.73,71.07,75.46,71.68,66.44,70.9,0.0,0.0
1378,39517,64.17,55.76709001796523,0.5478037488652416,0,11,6,100,69.78,74.68,60.12,61.35,60.45,58.66,0.0,0.0
1379,36696,82.22,55.79827620237898,0.615580166380348,0,18,6,100,80.1,81.15,86.62,83.24,80.33,81.9,0.0,0.0
1380,38711,64.8,53.286327711089896,0.4365629139084469,0,13,6,100,64.83,56.45,66.53,64.93,59.82,76.22,0.0,0.0
1381,35084,78.37,54.852689377693785,0.504021667765544,0,22,6,100,87.77,74.46,76.27,72.92,78.0,80.81,0.0,0.0
1382,37099,69.1,55.94550849284674,0.4610769312398723,0,17,6,100,71.97,60.45,70.66,66.56,72.53,72.44,0.0,0.0
1383,38711,65.65,52.32289604067855,0.4648602063599359,0,13,6,100,65.47,60.18,71.36,65.37,69.15,62.36,0.0,0.0
1384,39920,63.42,54.75009409520722,0.5100626514793671,0,10,6,100,60.63,65.62,64.1,59.25,68.99,61.95,0.0,0.0
1385,40726,74.97,53.9450500205451,0.4628303382188369,0,8,6,100,71.53,80.26,66.98,67.3,85.43,78.33,0.0,0.0
1386,37502,58.77,54.12282295258692,0.4522835710704184,0,16,6,100,60.72,62.57,60.71,50.79,57.57,60.25,0.0,0.0
1387,36293,55.46,56.49753836602924,0.5170267052639164,0,19,6,100,53.49,58.18,52.25,47.2,65.5,56.12,0.0,0.0
1388,39517,57.13,54.8049314488546,0.4439836958155981,0,11,6,100,55.81,58.9,63.22,53.79,55.84,55.21,0.0,0.0
1389,38711,54.41,54.56433670460472,0.5437878152219383,0,13,6,100,59.81,51.59,54.52,53.71,51.04,55.8,0.0,0.0
1390,41129,61.43,56.46844204069545,0.4819656932074221,0,7,6,100,57.83,69.94,62.9,53.37,55.4,69.15,0.0,0.0
1391,37905,61.46,54.87698728723173,0.5451884478077353,0,15,6,100,53.71,65.42,53.67,66.98,65.02,63.95,0.0,0.0
1392,41129,64.99,53.43246256056509,0.6367796583526811,0,7,6,100,69.24,69.93,72.97,65.76,55.12,56.91,0.0,0.0
1393,35890,62.46,57.14488188287419,0.5399332746080421,0,20,6,100,54.52,64.91,60.09,66.36,69.01,59.87,0.0,0.0
1394,39517,50.13,55.85897379980936,0.5053877107492136,0,11,6,100,48.9,49.07,53.05,48.04,54.57,47.17,0.0,0.0
1395,39920,68.57,55.88947289893831,0.5283881584320078,0,10,6,100,70.31,58.15,68.02,75.09,66.23,73.63,0.0,0.0
1396,41532,70.16,55.80120119968209,0.4680947253427761,0,6,6,100,61.06,68.67,74.39,71.62,73.45,71.78,0.0,0.0
1397,36696,64.62,54.06186815804449,0.4807341818470074,0,18,6,100,73.48,56.47,70.88,63.28,65.54,58.08,0.0,0.0
1398,37502,75.96,54.56981965580095,0.5360871496785401,0,16,6,100,72.93,80.58,82.36,73.65,78.21,68.0,0.0,0.0
1399,36696,76.53,54.3002660393881,0.4758643487054159,0,18,6,100,74.73,61.86,73.29,81.42,80.23,87.62,0.0,0.0
1400,39114,53.7,54.49033953333874,0.4800922354503987,0,12,6,100,64.9,51.88,51.91,50.79,44.62,58.12,0.0,0.0
1401,39517,59.96,53.21669625538204,0.6091372928872654,0,11,6,100,60.46,62.98,62.24,61.72,50.18,62.19,0.0,0.0
1402,35890,64.11,53.60371388542023,0.4874617667263423,0,20,6,100,61.37,61.14,53.35,67.45,70.61,70.75,0.0,0.0
1403,40726,70.5,55.7175153771303,0.545661356209063,0,8,6,100,80.96,75.6,69.65,74.17,60.49,62.15,0.0,0.0
1404,38711,58.59,54.90090922354174,0.5855209018845867,0,13,6,100,71.08,53.78,52.55,58.58,61.3,54.26,0.0,0.0
1405,38308,55.34,54.609242375411405,0.4657736478638556,0,14,6,100,59.91,52.71,54.31,60.57,55.42,49.13,0.0,0.0
1406,39114,56.92,53.95650699963428,0.401727452215024,0,12,6,100,57.1,53.49,55.74,59.19,50.01,65.98,0.0,0.0
1407,44890,66.02,54.82836188715044,0.5008405567966878,1,5,6,100,69.81,70.35,64.26,72.51,65.73,53.46,0.0,0.0
1408,40323,63.9,54.6264433956397,0.4916866027956417,0,9,6,100,68.94,74.45,69.45,52.58,60.72,57.24,0.0,0.0
1409,36696,69.76,54.189045578450525,0.5168453126671397,0,18,6,100,73.49,66.59,76.78,72.36,65.2,64.17,0.0,0.0
1410,37099,74.51,55.305160121530434,0.5798544038816061,0,17,6,100,69.85,78.83,73.66,71.63,80.19,72.92,0.0,0.0
1411,37099,66.1,54.39443798405785,0.460112901454863,0,17,6,100,58.85,71.69,65.84,74.45,61.12,64.66,0.0,0.0
1412,34681,68.24,53.74861089568383,0.4974153651860857,0,23,6,100,68.72,70.44,68.15,66.47,67.7,67.96,0.0,0.0
1413,40323,73.16,56.942094516592974,0.4255426663083091,0,9,6,100,75.33,76.79,71.9,76.45,62.62,75.88,0.0,0.0
1414,38711,72.78,55.39695380518329,0.5051578896194853,0,13,6,100,81.41,76.58,61.52,62.92,80.77,73.51,0.0,0.0
1415,40726,58.9,53.76833568119999,0.4867584912863367,0,8,6,100,67.39,57.24,58.46,58.39,57.13,54.8,0.0,0.0
1416,39517,55.22,53.99707573570184,0.4555547713362105,0,11,6,100,62.62,49.48,53.97,50.27,55.54,59.47,0.0,0.0
1417,38711,58.88,54.025468067488745,0.5385633044587412,0,13,6,100,56.3,54.49,60.09,64.64,55.39,62.36,0.0,0.0
1418,38308,57.33,54.14969557159935,0.534092560619954,0,14,6,100,56.6,51.99,51.91,58.42,64.62,60.43,0.0,0.0
1419,37099,68.6,54.07052062968734,0.5252946248484314,0,17,6,100,66.48,69.9,77.42,61.25,67.77,68.79,0.0,0.0
1420,39517,72.47,55.48672825732053,0.5162390109865503,0,11,6,100,85.24,80.71,62.25,79.88,58.75,68.01,0.0,0.0
1421,39920,55.92,54.88057853359651,0.4212225210274505,0,10,6,100,49.85,63.59,48.53,58.16,57.44,57.94,0.0,0.0
1422,38711,61.0,51.829949581391936,0.4705379555384008,0,13,6,100,57.36,67.04,60.6,64.33,58.33,58.31,0.0,0.0
1423,39517,70.86,55.134230004755885,0.5094875761497665,0,11,6,100,69.37,66.1,80.36,73.34,70.68,65.32,0.0,0.0
1424,37905,60.02,55.4455371974412,0.52158120770124,0,15,6,100,54.68,64.77,54.95,60.51,61.36,63.83,0.0,0.0
1425,36696,62.26,54.55109936922676,0.501323670110054,0,18,6,100,69.72,51.16,57.87,66.42,58.89,69.49,0.0,0.0
1426,37905,79.86,56.37923281889064,0.5319685788501165,0,15,6,100,74.07,88.69,79.31,74.7,89.64,72.77,0.0,0.0
1427,39517,61.42,53.97317720281818,0.5169671402763576,0,11,6,100,64.44,57.1,56.89,60.76,58.3,71.03,0.0,0.0
1428,37099,59.07,54.88406010682819,0.5097675415713568,0,17,6,100,63.64,54.57,70.29,55.3,54.84,55.78,0.0,0.0
1429,36696,63.13,56.41727351038975,0.4756616331202986,0,18,6,100,59.39,59.29,61.39,63.67,68.15,66.88,0.0,0.0
1430,37905,66.44,56.53505191356713,0.4566836496752753,0,15,6,100,61.42,67.64,63.24,65.82,70.62,69.88,0.0,0.0
1431,37502,70.19,54.92610268779014,0.4297979996405404,0,16,6,100,67.79,68.22,66.5,73.39,74.62,70.63,0.0,0.0
1432,35890,44.38,54.10939098799836,0.5033915333412381,0,20,6,100,46.54,51.74,39.39,46.61,43.86,38.15,0.0,0.0
1433,41532,75.89,53.82137575944964,0.4628959498242651,0,6,6,100,67.87,64.75,91.17,69.68,78.1,83.77,0.0,0.0
1434,37905,72.97,53.7009151315543,0.4765051632986654,0,15,6,100,69.42,65.57,78.96,70.27,70.22,83.37,0.0,0.0
1435,40726,64.26,54.75873349937627,0.5067108170572975,0,8,6,100,66.91,59.83,60.12,72.97,60.72,65.02,0.0,0.0
1436,37905,59.05,54.159277162905255,0.4990790025103725,0,15,6,100,60.08,62.42,63.14,54.05,62.27,52.36,0.0,0.0
1437,37905,82.58,56.21330547226274,0.4448571213116749,0,15,6,100,87.22,77.03,83.24,74.38,87.57,86.04,0.0,0.0
1438,38711,72.73,55.06656023238574,0.4873783279193407,0,13,6,100,69.58,70.42,65.87,83.61,68.11,78.8,0.0,0.0
1439,37905,71.37,55.52983541858706,0.5943333689426981,0,15,6,100,76.86,59.0,73.14,74.01,78.12,67.07,0.0,0.0
1440,37905,59.0,53.26881149486375,0.4614834630879418,0,15,6,100,51.86,59.54,58.0,55.62,68.78,60.17,0.0,0.0
1441,38711,61.8,56.448769249750896,0.4979471438362412,0,13,6,100,59.25,70.03,58.99,61.79,55.67,65.09,0.0,0.0
1442,38711,53.93,54.37093757823855,0.5065512191921716,0,13,6,100,52.16,58.94,50.63,51.89,55.65,54.31,0.0,0.0
1443,36696,64.2,55.67626603303784,0.5013055666322812,0,18,6,100,63.48,62.71,61.37,56.14,72.07,69.46,0.0,0.0
1444,37905,69.64,54.463317471869686,0.456417483668475,0,15,6,100,61.42,75.0,76.55,63.64,60.58,80.66,0.0,0.0
1445,35487,55.57,54.14930752856041,0.4492295042645107,0,21,6,100,56.5,51.41,54.9,48.96,60.64,60.98,0.0,0.0
1446,36696,66.38,56.02877001613081,0.4371045692914894,0,18,6,100,63.36,67.07,64.12,68.07,74.62,61.06,0.0,0.0
1447,37905,68.77,55.43423140344059,0.5266082842764451,0,15,6,100,73.13,69.42,70.29,65.35,67.47,66.96,0.0,0.0
1448,37905,61.49,55.59586205386801,0.3989593836912919,0,15,6,100,64.33,55.52,56.17,72.29,62.04,58.58,0.0,0.0
1449,38308,63.04,55.47333411382513,0.6031913935359802,0,14,6,100,62.89,61.96,61.5,59.58,65.11,67.22,0.0,0.0
1450,40323,57.08,54.37027590049362,0.5281250175852452,0,9,6,100,53.33,57.07,61.57,62.22,49.17,59.09,0.0,0.0
1451,41821,74.57,53.87694271414615,0.4377187460990255,2,13,6,100,63.87,77.53,81.15,80.61,79.3,64.94,0.0,0.0
1452,37905,72.15,53.76978487405298,0.5232924503970383,0,15,6,100,73.58,80.06,62.33,65.1,71.35,80.49,0.0,0.0
1453,37905,62.44,53.928231702362055,0.4838398335117859,0,15,6,100,53.86,72.6,59.3,52.86,64.3,71.73,0.0,0.0
1454,45545,56.26,54.83437860527816,0.5636696188968575,2,5,6,100,54.82,50.23,61.32,60.38,50.01,60.78,0.0,0.0
1455,38711,70.47,56.259900229026265,0.4424401787367226,0,13,6,100,81.16,68.04,68.9,64.64,72.44,67.65,0.0,0.0
1456,40726,55.98,52.2272797282714,0.5272787237480997,0,8,6,100,57.96,56.9,61.74,51.55,52.18,55.57,0.0,0.0
1457,38711,62.44,53.78957815209654,0.4020339804036918,0,13,6,100,61.7,67.16,63.15,62.21,59.82,60.59,0.0,0.0
1458,43181,63.23,54.82226882618269,0.4794684970930095,1,8,6,100,59.2,58.8,54.87,77.2,71.59,57.75,0.0,0.0
1459,39517,58.08,53.65779679992934,0.5335592996141795,0,11,6,100,58.55,66.68,54.89,59.73,53.78,54.82,0.0,0.0
1460,39920,65.91,55.65386012149114,0.4227986496243681,0,10,6,100,70.66,75.65,58.4,65.19,64.68,60.86,0.0,0.0
1461,37099,58.64,54.15533606462978,0.5006257755157844,0,17,6,100,60.64,62.83,56.62,53.08,60.31,58.39,0.0,0.0
1462,39517,54.59,53.55814501872317,0.4840216934858599,0,11,6,100,46.97,54.44,47.52,53.85,61.16,63.6,0.0,0.0
1463,38308,60.82,55.19298371139303,0.5072697196166153,0,14,6,100,69.76,60.22,51.54,67.21,59.14,57.08,0.0,0.0
1464,39114,79.6,55.37588730630974,0.4451274158071011,0,12,6,100,73.74,74.84,83.46,70.81,83.53,91.23,0.0,0.0
1465,39517,73.27,54.22170996677088,0.4519218563902887,0,11,6,100,81.42,79.89,63.36,62.62,73.99,78.36,0.0,0.0
1466,42476,63.34,55.25848286809631,0.4783445978731811,3,13,6,100,59.04,70.02,64.52,56.76,60.94,68.74,0.0,0.0
1467,38711,66.93,54.60779122028123,0.430421589030194,0,13,6,100,67.54,63.09,65.57,69.75,67.86,67.76,0.0,0.0
1468,39517,71.44,54.76835229533859,0.5497086116188619,0,11,6,100,74.23,72.8,81.33,76.97,58.82,64.47,0.0,0.0
1469,37905,64.02,53.531955738421615,0.4590723247699788,0,15,6,100,61.81,69.83,57.49,76.45,58.94,59.62,0.0,0.0
1470,37502,63.49,54.57418770631761,0.4749619580042843,0,16,6,100,62.45,63.88,63.84,60.76,68.42,61.58,0.0,0.0
1471,39114,62.68,57.474609326242536,0.5281967815445889,0,12,6,100,59.19,60.96,72.88,70.36,58.51,54.19,0.0,0.0
1472,39114,58.82,54.17169166116717,0.4449670878336699,0,12,6,100,64.96,52.58,58.48,58.92,59.8,58.18,0.0,0.0
1473,37502,62.31,54.51758205725203,0.4657353744315644,0,16,6,100,76.36,62.5,60.61,58.19,57.46,58.75,0.0,0.0
1474,37099,73.62,55.21706217011194,0.5583807066740931,0,17,6,100,74.0,82.64,71.08,69.89,69.94,74.15,0.0,0.0
1475,37905,72.78,53.49695314355919,0.4953540220842257,0,15,6,100,76.31,76.08,71.51,64.32,72.07,76.37,0.0,0.0
1476,38308,58.48,55.251812852667065,0.5032385750806285,0,14,6,100,55.96,53.5,55.78,59.31,65.14,61.2,0.0,0.0
1477,38308,54.68,56.7788332641984,0.4073070202786401,0,14,6,100,54.44,50.32,48.52,57.2,60.25,57.38,0.0,0.0
1478,38711,69.52,55.67052642281487,0.4826697330030108,0,13,6,100,78.39,72.34,62.68,72.59,63.75,67.4,0.0,0.0
1479,36696,66.08,55.11213838008299,0.5555337829675655,0,18,6,100,59.28,65.25,64.22,74.5,66.12,67.1,0.0,0.0
1480,41129,78.46,54.690251764352745,0.4845534580476823,0,7,6,100,73.63,78.07,82.56,76.89,76.52,83.07,0.0,0.0
1481,37905,60.18,57.18796515852438,0.5390548836255972,0,15,6,100,52.96,62.98,57.94,66.37,57.13,63.72,0.0,0.0
1482,37502,65.18,53.38616576982135,0.4783302811707365,0,16,6,100,67.61,52.38,70.04,66.72,65.47,68.87,0.0,0.0
1483,37099,53.76,55.8209622409182,0.4626038998519147,0,17,6,100,56.96,56.83,51.06,52.4,54.49,50.79,0.0,0.0
1484,39517,52.7,56.23695408886856,0.493229443612316,0,11,6,100,52.32,61.16,51.18,51.33,51.55,48.68,0.0,0.0
1485,39517,66.14,53.27765337370018,0.4818408950577526,0,11,6,100,58.59,71.94,64.96,72.04,63.22,66.06,0.0,0.0
1486,39920,72.93,55.666092813316205,0.5497844912969069,0,10,6,100,78.39,66.32,68.87,73.85,78.56,71.6,0.0,0.0
1487,37905,67.9,55.04803059763723,0.5542617538910294,0,15,6,100,60.04,64.17,70.39,72.04,65.08,75.69,0.0,0.0
1488,41972,64.42,54.38618667948998,0.4726974110721058,1,11,6,100,56.02,68.11,64.42,60.72,63.17,74.06,0.0,0.0
1489,37905,76.64,54.87185874703472,0.4461171949765045,0,15,6,100,72.39,70.35,72.75,88.2,80.22,75.91,0.0,0.0
1490,36696,63.51,55.64227073118765,0.4391935078851187,0,18,6,100,55.62,58.45,71.33,62.33,65.9,67.45,0.0,0.0
1491,36696,52.49,55.146096557315815,0.4898380643276422,0,18,6,100,57.05,47.42,49.45,53.04,56.44,51.54,0.0,0.0
1492,36696,62.9,54.68700327292704,0.493727584543779,0,18,6,100,59.1,64.27,64.24,64.1,65.44,60.22,0.0,0.0
1493,35084,66.55,54.79478788845639,0.5318124887941712,0,22,6,100,67.42,73.44,64.25,58.54,71.08,64.58,0.0,0.0
1494,38711,54.97,57.09152269850767,0.4708552818878457,0,13,6,100,51.51,61.32,58.88,57.5,52.92,47.71,0.0,0.0
1495,38711,82.11,53.90622654879344,0.4900616729162968,0,13,6,100,84.79,78.02,91.37,69.82,82.32,86.35,0.0,0.0
1496,38711,63.51,52.55820294971047,0.5141200496867593,0,13,6,100,63.58,56.07,66.89,71.35,63.89,59.3,0.0,0.0
1497,40323,58.06,55.49374865910983,0.492032959379707,0,9,6,100,59.81,57.75,64.78,56.08,57.39,52.58,0.0,0.0
1498,39114,61.99,53.91301298311706,0.5379823017909259,0,12,6,100,57.13,68.59,66.65,55.46,56.75,67.34,0.0,0.0
1499,44239,48.67,54.72799130971237,0.4773395760174261,2,7,6,100,52.42,44.03,48.7,55.56,44.53,46.78,0.0,0.0
1500,39114,69.62,55.3339801862361,0.4397516379472443,0,12,6,100,81.75,62.06,62.35,69.58,73.74,68.27,0.0,0.0
1501,40323,74.1,55.28357550844658,0.5634601029511209,0,9,6,100,71.59,65.33,72.86,82.88,73.3,78.65,0.0,0.0
1502,37502,74.63,53.76610215414159,0.4956907936879642,0,16,6,100,73.88,75.93,76.97,80.22,70.4,70.36,0.0,0.0
1503,41972,64.99,54.534512311787545,0.5361168485866918,1,11,6,100,67.28,64.54,55.87,72.88,65.32,64.05,0.0,0.0
1504,43836,68.71,54.93312288262996,0.4891916662329705,2,8,6,100,70.64,64.0,67.51,66.68,76.86,66.56,0.0,0.0
1505,40726,71.94,54.20380298180404,0.5679513718688858,0,8,6,100,61.97,64.82,74.11,82.92,74.76,73.05,0.0,0.0
1506,41821,55.07,54.614115083680005,0.4506868108337178,2,13,6,100,54.79,57.02,53.75,54.19,59.62,51.05,0.0,0.0
1507,38308,65.4,55.68647939179608,0.5883372390423772,0,14,6,100,67.39,67.11,65.16,66.56,60.29,65.89,0.0,0.0
1508,40323,59.06,54.38975118623308,0.5467616282402555,0,9,6,100,65.46,63.32,64.52,51.68,54.64,54.77,0.0,0.0
1509,37502,55.92,55.6386932934345,0.5385749991560252,0,16,6,100,54.53,56.88,55.95,59.13,51.11,57.92,0.0,0.0
1510,39114,69.48,54.7948158940875,0.3627665519042031,0,12,6,100,72.28,66.72,73.58,74.04,68.79,61.48,0.0,0.0
1511,37099,58.28,55.8146971004909,0.5445475438207018,0,17,6,100,56.31,67.18,54.52,49.36,59.44,62.84,0.0,0.0
1512,39920,62.04,53.75338824894135,0.5708394351080772,0,10,6,100,67.64,67.4,55.65,58.39,60.4,62.73,0.0,0.0
1513,39920,78.36,55.93086728655397,0.4491177284912635,0,10,6,100,70.12,71.82,69.66,88.84,86.17,83.52,0.0,0.0
1514,39517,56.74,54.41904401232127,0.4706288354700242,0,11,6,100,47.56,63.51,60.26,48.13,59.87,61.14,0.0,0.0
1515,38711,61.43,54.16937855740266,0.4379666685640718,0,13,6,100,58.74,56.05,61.28,67.52,59.98,65.01,0.0,0.0
1516,37502,68.02,55.72236960765861,0.4861509748664038,0,16,6,100,70.02,64.92,60.31,78.36,71.61,62.92,0.0,0.0
1517,39114,61.88,56.25021944225409,0.5047377058419903,0,12,6,100,62.63,64.93,62.39,57.62,62.47,61.25,0.0,0.0
1518,43433,61.97,55.59253731730057,0.4196030164868388,2,9,6,100,58.04,67.6,59.91,57.83,58.45,70.02,0.0,0.0
1519,37502,62.9,53.982887402118735,0.4439974380004202,0,16,6,100,58.19,60.41,62.68,63.23,64.09,68.82,0.0,0.0
1520,37099,58.43,55.831741419907104,0.5158656995370309,0,17,6,100,61.08,51.29,52.96,63.39,66.24,55.59,0.0,0.0
1521,38711,77.13,54.93605018819028,0.3660133709651329,0,13,6,100,67.0,70.07,82.48,79.93,80.89,82.43,0.0,0.0
1522,38711,52.0,53.765486811764006,0.4471416554405244,0,13,6,100,55.46,52.83,57.72,48.5,45.46,52.05,0.0,0.0
1523,38711,66.04,54.82573137056886,0.5015291702786132,0,13,6,100,76.52,63.35,57.96,70.07,58.06,70.26,0.0,0.0
1524,36696,52.19,55.25804843659059,0.555079245859337,0,18,6,100,51.22,54.89,49.34,46.48,56.87,54.36,0.0,0.0
1525,41532,55.95,55.03561807951866,0.5130522760786156,0,6,6,100,55.24,53.63,55.15,49.85,61.89,59.96,0.0,0.0
1526,39920,52.79,53.47625304613143,0.4382310091968469,0,10,6,100,49.61,56.02,58.1,52.42,49.41,51.2,0.0,0.0
1527,39114,57.81,56.265292528126665,0.4665093062128729,0,12,6,100,54.77,53.97,65.8,53.87,54.04,64.38,0.0,0.0
1528,39114,56.65,54.38598332091111,0.5208400743332506,0,12,6,100,56.8,52.43,60.5,49.32,55.87,64.98,0.0,0.0
1529,39920,65.13,54.49318105195652,0.4983173638578327,0,10,6,100,56.72,62.65,72.24,69.04,72.84,57.29,0.0,0.0
1530,38711,60.38,55.28484980079553,0.548469228733362,0,13,6,100,56.89,65.71,56.88,61.37,56.65,64.79,0.0,0.0
1531,39114,75.7,54.490036066749845,0.5036023251819381,0,12,6,100,77.31,77.28,60.1,79.64,77.56,82.32,0.0,0.0
1532,40726,55.9,53.97982909261682,0.5514411485241865,0,8,6,100,61.34,54.74,57.23,60.04,53.64,48.39,0.0,0.0
1533,36696,62.62,55.06252953863163,0.5486172070920323,0,18,6,100,65.64,67.99,52.02,62.6,67.65,59.83,0.0,0.0
1534,44491,70.99,55.27244784196147,0.4517354804845669,3,8,6,100,79.68,67.94,63.64,81.9,68.15,64.62,0.0,0.0
1535,38711,72.37,53.87840123096114,0.4888164964207827,0,13,6,100,71.46,73.87,62.12,66.96,81.33,78.5,0.0,0.0
1536,41532,68.44,53.53019255264631,0.5291622730019435,0,6,6,100,71.04,62.66,81.03,64.01,67.62,64.25,0.0,0.0
1537,39114,66.41,56.60432911733178,0.5026422165449124,0,12,6,100,69.75,70.9,70.9,60.72,55.3,70.88,0.0,0.0
1538,38308,67.22,53.07531176585036,0.4738623076296325,0,14,6,100,58.39,72.81,77.02,60.39,68.68,66.04,0.0,0.0
1539,40323,65.12,52.95931859844315,0.5143609260360752,0,9,6,100,64.85,58.61,74.44,65.96,54.88,72.01,0.0,0.0
1540,40726,62.03,53.5226303625225,0.4643129359134325,0,8,6,100,63.88,68.76,69.99,61.13,54.0,54.41,0.0,0.0
1541,39920,64.46,55.3708087213501,0.468916865184731,0,10,6,100,69.3,71.06,60.39,57.36,62.69,65.96,0.0,0.0
1542,37905,73.63,55.22161234416747,0.4674383015027865,0,15,6,100,70.74,82.47,77.12,80.61,59.81,71.02,0.0,0.0
1543,42435,63.06,55.55628642592716,0.4529543945925569,0,5,6,100,67.77,65.43,60.05,55.67,59.31,70.14,0.0,0.0
1544,43987,53.57,54.82377399682078,0.4293967743901873,1,6,6,100,53.65,56.61,48.13,56.78,50.05,56.21,0.0,0.0
1545,37905,59.82,55.64067523858691,0.5084706254053635,0,15,6,100,72.5,66.94,55.04,51.38,56.12,56.95,0.0,0.0
1546,37502,61.58,56.061132728986,0.4836384601966629,0,16,6,100,67.22,63.33,64.38,58.87,59.0,56.7,0.0,0.0
1547,38308,73.22,56.96916423106075,0.4447459666850417,0,14,6,100,71.61,73.2,72.27,79.87,66.97,75.43,0.0,0.0
1548,39920,63.09,54.90376326650815,0.4850879509834646,0,10,6,100,55.07,56.92,64.94,72.03,70.35,59.22,0.0,0.0
1549,39114,71.58,56.36388945103969,0.5532753228267402,0,12,6,100,72.69,67.06,69.9,73.99,71.47,74.4,0.0,0.0
1550,37502,63.46,56.04208310321136,0.4159963396859759,0,16,6,100,56.49,68.39,61.42,71.35,55.79,67.29,0.0,0.0
1551,39920,70.77,57.01546191440133,0.4465811120397623,0,10,6,100,73.77,70.25,79.51,67.3,59.91,73.91,0.0,0.0
1552,37905,57.63,54.87565340057376,0.5190662607270298,0,15,6,100,50.78,63.61,62.02,53.7,55.36,60.29,0.0,0.0
1553,39114,64.6,55.1973223593748,0.5654469670411293,0,12,6,100,71.01,58.01,65.98,61.78,68.89,61.94,0.0,0.0
1554,38711,56.39,55.267900042150174,0.3827833509395577,0,13,6,100,57.76,61.01,53.89,62.01,50.49,53.2,0.0,0.0
1555,37502,65.46,55.261761294500175,0.6353969225399976,0,16,6,100,66.37,72.63,66.55,61.18,59.75,66.31,0.0,0.0
1556,38711,73.31,53.92797452288313,0.510227770626365,0,13,6,100,76.85,79.53,69.15,72.32,74.78,67.24,0.0,0.0
1557,37502,67.19,54.66309388843223,0.5256394670078308,0,16,6,100,55.51,63.47,70.37,65.18,74.86,73.76,0.0,0.0
1558,42375,75.16,55.71927197556535,0.5349084227166504,1,10,6,100,84.67,80.14,70.17,64.18,82.32,69.46,0.0,0.0
1559,39517,64.29,56.392390548965466,0.419733986757928,0,11,6,100,64.75,69.31,74.2,58.65,63.98,54.85,0.0,0.0
1560,39920,73.73,54.536072984894105,0.5061208669192199,0,10,6,100,76.66,81.03,69.65,67.22,72.31,75.52,0.0,0.0
1561,39114,71.11,54.5650547378631,0.4300093547884831,0,12,6,100,68.96,80.5,74.11,77.2,64.44,61.46,0.0,0.0
1562,45549,68.19,55.103171872080026,0.4537920217788231,4,7,6,100,73.1,55.08,69.73,68.28,72.31,70.64,0.0,0.0
1563,43282,59.81,55.559795340363,0.5306252327618193,3,11,6,100,59.92,57.11,66.58,59.37,56.16,59.74,0.0,0.0
1564,37099,67.51,56.0223011404228,0.4425711618808629,0,17,6,100,61.06,74.79,58.03,67.04,76.82,67.3,0.0,0.0
1565,38308,57.66,53.62109095275205,0.534897348458483,0,14,6,100,68.24,59.29,57.65,56.36,52.24,52.21,0.0,0.0
1566,39114,56.97,54.25167946506649,0.4560590522898891,0,12,6,100,61.26,59.68,63.72,46.88,59.81,50.48,0.0,0.0
1567,37905,68.78,54.46355380390675,0.4287527838322328,0,15,6,100,69.66,74.02,75.58,67.17,59.16,67.06,0.0,0.0
1568,38308,61.32,54.034225083230176,0.4684938058358531,0,14,6,100,56.47,55.72,65.63,60.1,69.15,60.84,0.0,0.0
1569,37502,62.52,54.50815406208176,0.4598384556634059,0,16,6,100,63.32,65.64,66.41,58.67,61.68,59.41,0.0,0.0
1570,41821,70.07,55.13260125834223,0.4760308280852106,2,13,6,100,67.17,74.58,78.62,68.0,67.7,64.35,0.0,0.0
1571,40323,62.44,56.81090379968738,0.4525476199882312,0,9,6,100,67.21,57.21,53.19,71.27,58.85,66.94,0.0,0.0
1572,42627,59.49,56.09468387998993,0.530656518943422,2,11,6,100,57.89,60.86,59.3,66.13,59.63,53.1,0.0,0.0
1573,42627,62.4,54.5675854118509,0.4156665978782011,2,11,6,100,59.64,62.93,62.54,66.87,52.59,69.84,0.0,0.0
1574,40323,70.0,54.54024213284496,0.5068513944394342,0,9,6,100,68.87,70.88,74.51,71.04,70.8,63.92,0.0,0.0
1575,40323,68.9,56.086825816511386,0.5213127285217217,0,9,6,100,64.86,66.85,70.87,70.83,66.43,73.55,0.0,0.0
1576,42435,65.39,55.355686686884034,0.5188689927678939,0,5,6,100,69.76,60.16,70.21,65.81,61.63,64.74,0.0,0.0
1577,37099,72.15,54.57558599757052,0.4061156942037728,0,17,6,100,62.29,70.59,76.75,78.36,75.15,69.76,0.0,0.0
1578,38308,68.13,55.760489963975054,0.5664195841540804,0,14,6,100,65.55,74.94,61.48,64.31,69.15,73.38,0.0,0.0
1579,37905,53.82,56.19219160384133,0.5353667280418426,0,15,6,100,56.68,47.96,55.04,63.78,46.21,53.26,0.0,0.0
1580,37905,67.71,55.36992070407791,0.5103500602499118,0,15,6,100,75.18,74.0,61.85,70.3,59.54,65.4,0.0,0.0
1581,39114,56.72,53.66209628311276,0.4556048199365153,0,12,6,100,64.34,54.21,52.2,60.79,52.33,56.45,0.0,0.0
1582,38711,67.9,54.77752379175854,0.410032636034057,0,13,6,100,62.33,69.33,61.8,68.19,78.53,67.21,0.0,0.0
1583,40323,78.19,52.99294106361116,0.4199828077179153,0,9,6,100,80.63,66.67,70.78,86.78,81.98,82.29,0.0,0.0
1584,36696,61.18,56.23160446911119,0.4241416165660653,0,18,6,100,58.36,66.33,57.02,64.37,65.35,55.64,0.0,0.0
1585,37905,55.27,53.53626697626478,0.4365495617035219,0,15,6,100,59.58,46.88,56.73,57.93,54.16,56.33,0.0,0.0
1586,38308,64.55,54.80523062182323,0.4196225833084148,0,14,6,100,66.94,62.82,62.0,53.97,69.31,72.25,0.0,0.0
1587,45698,78.16,53.65957799263536,0.4839926836099014,2,4,6,100,73.55,83.64,74.24,68.01,86.47,83.04,0.0,0.0
1588,40323,62.84,53.276957031581794,0.5161336715075441,0,9,6,100,65.3,64.23,68.81,60.14,60.47,58.06,0.0,0.0
1589,37099,59.1,57.080168801463294,0.5582108204023021,0,17,6,100,57.86,55.86,67.47,60.74,54.21,58.49,0.0,0.0
1590,42778,58.84,53.46046634068884,0.4603922944332418,1,9,6,100,56.03,48.32,61.53,61.86,65.12,60.2,0.0,0.0
1591,38711,73.71,54.61237683568624,0.5299715654794336,0,13,6,100,69.21,80.37,73.38,67.04,81.21,71.06,0.0,0.0
1592,37502,77.62,54.84374670869603,0.4841915092827545,0,16,6,100,82.57,75.94,68.18,83.58,80.45,75.0,0.0,0.0
1593,40726,55.52,54.90194622190917,0.4312479387532594,0,8,6,100,59.46,53.9,49.64,56.14,53.5,60.5,0.0,0.0
1594,44642,65.3,56.19744941583088,0.4803022391419073,2,6,6,100,64.47,61.16,66.86,65.57,68.39,65.37,0.0,0.0
1595,36696,67.74,54.21951900429724,0.4469466116173681,0,18,6,100,66.18,74.03,73.3,70.05,62.74,60.17,0.0,0.0
1596,37502,58.99,57.020087389946895,0.4303130222071417,0,16,6,100,60.49,56.84,67.66,49.27,49.21,70.47,0.0,0.0
1597,37099,63.56,55.45853214381882,0.502724861517629,0,17,6,100,65.35,66.23,57.3,64.81,65.03,62.63,0.0,0.0
1598,43836,54.93,56.60042054433457,0.4773738020844711,2,8,6,100,58.12,53.21,60.06,58.7,45.21,54.28,0.0,0.0
1599,40726,68.02,55.51217562622622,0.4494037702081092,0,8,6,100,70.7,68.21,68.49,63.94,75.35,61.41,0.0,0.0
1600,38308,60.67,55.00978980636854,0.4970239030408137,0,14,6,100,50.28,56.26,70.2,67.58,59.43,60.28,0.0,0.0
1601,38711,58.51,55.30851768956937,0.5559559375336905,0,13,6,100,57.93,53.64,67.09,52.74,58.62,61.03,0.0,0.0
1602,39517,62.7,53.62676819927125,0.5136935397087338,0,11,6,100,59.68,60.2,58.16,71.51,70.21,56.46,0.0,0.0
1603,40323,66.92,55.392425533576606,0.4578982519694916,0,9,6,100,65.7,65.64,60.49,74.55,64.79,70.36,0.0,0.0
1604,38308,71.88,54.24734637158272,0.4574488183722143,0,14,6,100,65.04,69.36,80.41,71.35,68.83,76.27,0.0,0.0
1605,37502,74.91,55.21777570921181,0.4199162917401884,0,16,6,100,76.07,80.58,83.67,68.23,73.66,67.24,0.0,0.0
1606,38308,59.71,55.01478932709078,0.4896671881089346,0,14,6,100,59.59,56.14,62.1,65.63,49.89,64.9,0.0,0.0
1607,43584,65.47,55.66111582963011,0.5286785420800668,1,7,6,100,65.36,64.62,68.3,62.6,66.12,65.82,0.0,0.0
1608,37099,73.61,55.68321020608714,0.5150578672455225,0,17,6,100,76.86,79.66,68.26,72.51,69.1,75.27,0.0,0.0
1609,40726,69.88,54.84192169829254,0.4113731421993528,0,8,6,100,71.92,69.08,64.23,61.01,73.56,79.48,0.0,0.0
1610,36696,58.32,56.10867627247353,0.3811367899729876,0,18,6,100,54.53,62.62,62.33,60.4,58.81,51.25,0.0,0.0
1611,40726,64.24,54.55408749965886,0.4714215767595222,0,8,6,100,73.11,56.3,70.21,55.99,62.08,67.77,0.0,0.0
1612,38711,67.64,55.59269822530944,0.4733748813152045,0,13,6,100,61.3,72.51,69.41,71.37,62.44,68.82,0.0,0.0
1613,37099,67.62,54.46671316720251,0.4653257326467983,0,17,6,100,69.63,63.06,67.45,63.32,66.86,75.4,0.0,0.0
1614,35890,78.98,56.70516612275403,0.5596349531689411,0,20,6,100,76.65,85.67,74.64,68.06,86.43,82.4,0.0,0.0
1615,45146,54.39,54.505392017304494,0.4813869613626128,4,8,6,100,57.84,57.85,50.34,61.03,52.67,46.62,0.0,0.0
1616,46053,58.6,56.47461147129277,0.3854096170372618,6,9,6,100,64.35,56.7,63.06,51.33,52.29,63.86,0.0,0.0
1617,40323,64.11,55.9859472540527,0.4074286909784153,0,9,6,100,53.4,70.84,62.04,72.3,64.48,61.59,0.0,0.0
1618,44491,67.16,56.1064460589313,0.5342278791730721,3,8,6,100,66.6,73.57,58.23,67.19,69.98,67.39,0.0,0.0
1619,37502,77.79,54.57656327554464,0.4723655385568927,0,16,6,100,73.63,85.16,89.39,76.9,73.78,67.88,0.0,0.0
1620,38711,57.76,55.11808675717754,0.5137914587347953,0,13,6,100,54.15,60.74,60.86,55.1,51.65,64.06,0.0,0.0
1621,39517,66.69,54.884221126555936,0.4858974191395164,0,11,6,100,71.76,64.87,71.64,57.34,68.39,66.12,0.0,0.0
1622,43836,73.57,55.5709242391121,0.4068484821639482,2,8,6,100,61.31,78.05,74.92,73.81,74.86,78.46,0.0,0.0
1623,39114,54.88,54.47453134310832,0.5578607182707681,0,12,6,100,58.33,51.66,68.13,52.48,47.53,51.15,0.0,0.0
1624,40323,62.96,53.50694749688029,0.4906292546822177,0,9,6,100,61.82,55.81,64.6,68.05,68.0,59.48,0.0,0.0
1625,40726,66.49,55.78374996782792,0.4501129922917127,0,8,6,100,71.83,69.26,68.06,61.42,62.71,65.65,0.0,0.0
1626,40323,68.93,54.94121923230208,0.3597548705856693,0,9,6,100,76.03,69.17,62.12,66.15,67.23,72.86,0.0,0.0
1627,39517,55.56,54.80392209090539,0.5546841135821892,0,11,6,100,48.5,48.83,66.82,61.16,58.67,49.4,0.0,0.0
1628,39920,53.26,54.65956751554215,0.4058505637556546,0,10,6,100,49.9,52.11,56.33,49.57,57.54,54.1,0.0,0.0
1629,40612,69.08,53.97043413511439,0.4191019325350139,2,16,6,100,65.62,71.18,65.9,71.83,64.13,75.83,0.0,0.0
1630,41569,64.44,55.4081431867405,0.4665443864024764,1,12,6,100,60.7,72.92,58.78,65.71,55.9,72.61,0.0,0.0
1631,40323,70.07,56.53945519933916,0.5398735332161063,0,9,6,100,63.5,63.75,77.88,74.27,73.56,67.45,0.0,0.0
1632,38711,71.96,52.86447370453177,0.4591663167907278,0,13,6,100,72.9,78.06,72.73,73.82,73.69,60.57,0.0,0.0
1633,39114,63.37,55.562893456944266,0.4593430939552395,0,12,6,100,72.84,61.22,52.29,69.33,52.2,72.32,0.0,0.0
1634,42627,66.12,54.72069091811274,0.4464344181227572,2,11,6,100,72.55,62.02,61.22,65.59,69.37,65.97,0.0,0.0
1635,40726,71.62,54.83984628541136,0.5342030002826363,0,8,6,100,59.73,78.08,73.12,77.84,70.7,70.26,0.0,0.0
1636,39920,71.3,55.28130832067734,0.4735640600642569,0,10,6,100,71.01,78.03,74.74,64.12,71.4,68.51,0.0,0.0
1637,42778,59.13,55.390473108418405,0.4202238254343743,1,9,6,100,55.78,74.23,54.64,54.55,61.39,54.2,0.0,0.0
1638,35890,63.77,54.8360266327472,0.510543604118768,0,20,6,100,61.69,64.72,59.02,63.11,68.02,66.08,0.0,0.0
1639,40323,62.34,54.885598986548615,0.4889451045704143,0,9,6,100,67.45,58.19,67.57,65.88,64.88,50.05,0.0,0.0
1640,38308,69.14,55.23843118983625,0.5548234701954942,0,14,6,100,70.42,67.45,60.0,71.52,68.97,76.46,0.0,0.0
1641,41532,61.63,53.026868217292126,0.419313424046715,0,6,6,100,63.46,61.01,60.95,54.41,67.99,61.94,0.0,0.0
1642,39920,69.72,55.7035474984392,0.4465463523275037,0,10,6,100,62.63,62.22,79.29,67.5,73.69,72.97,0.0,0.0
1643,39517,63.4,54.1638254294477,0.4396718093281736,0,11,6,100,63.38,60.86,61.13,65.67,74.46,54.88,0.0,0.0
1644,43030,82.81,55.82937137899607,0.5009213229686714,2,10,6,100,90.46,92.93,80.55,73.34,86.55,73.05,0.0,0.0
1645,41166,76.47,55.45440101260576,0.4155422365745231,1,13,6,100,75.48,75.96,76.87,76.69,74.91,78.9,0.0,0.0
1646,38711,62.91,55.16736506503925,0.3675019656796446,0,13,6,100,55.58,66.32,60.74,61.47,74.05,59.28,0.0,0.0
1647,37905,50.59,55.16142596395492,0.4992675794800449,0,15,6,100,54.4,51.89,53.8,45.8,47.77,49.89,0.0,0.0
1648,39920,63.53,53.57571872243831,0.4825865228553003,0,10,6,100,61.55,63.01,58.92,71.3,71.01,55.36,0.0,0.0
1649,42588,66.4,55.85766968332867,0.457639404313961,0,4,6,100,64.59,58.07,70.12,65.62,65.82,74.18,0.0,0.0
1650,36696,54.65,55.79010509551854,0.4776500322060977,0,18,6,100,55.96,51.86,54.52,51.42,62.19,51.94,0.0,0.0
1651,37905,71.78,53.38339036269837,0.4566926600647888,0,15,6,100,77.92,71.24,70.19,69.53,68.51,73.3,0.0,0.0
1652,38308,82.28,55.68335294408249,0.4126233209208649,0,14,6,100,87.71,81.71,82.62,81.99,70.07,89.57,0.0,0.0
1653,43030,67.4,55.97666085667104,0.5204669669969972,2,10,6,100,75.22,64.82,71.6,59.73,57.08,75.92,0.0,0.0
1654,41166,61.92,54.21582479986386,0.5154854888200358,1,13,6,100,68.52,64.86,66.06,53.59,54.59,63.87,0.0,0.0
1655,45549,64.89,55.820401243715246,0.4690382513873815,4,7,6,100,63.17,65.71,61.81,59.62,74.35,64.68,0.0,0.0
1656,43836,69.13,55.47348573021759,0.5343614423115349,2,8,6,100,59.98,82.81,66.39,61.89,71.67,72.04,0.0,0.0
1657,39517,54.56,55.2381766072107,0.4194972276383061,0,11,6,100,57.77,48.22,57.1,57.26,47.98,59.05,0.0,0.0
1658,38711,67.18,53.0223919530342,0.4702871735521313,0,13,6,100,62.77,63.49,72.31,77.88,60.83,65.81,0.0,0.0
1659,42476,79.76,54.61768633329172,0.5777247017555707,3,13,6,100,79.98,86.24,71.15,78.95,78.75,83.5,0.0,0.0
1660,39920,57.27,54.79305362724087,0.4577083532705426,0,10,6,100,57.26,62.76,53.48,52.28,54.35,63.5,0.0,0.0
1661,39114,65.52,55.91852574580214,0.4516167755254214,0,12,6,100,68.71,59.16,62.35,68.15,59.42,75.35,0.0,0.0
1662,38711,60.68,54.5522304519519,0.529435447844677,0,13,6,100,56.74,63.16,54.18,58.07,67.95,63.98,0.0,0.0
1663,39517,75.73,54.73300909983092,0.4921585060428965,0,11,6,100,80.83,80.12,75.78,77.43,63.98,76.25,0.0,0.0
1664,43433,59.8,56.25087132973809,0.4510738101644822,2,9,6,100,64.71,66.77,58.46,61.02,53.23,54.59,0.0,0.0
1665,41129,72.19,55.80989113522357,0.4827084852130436,0,7,6,100,63.96,66.21,81.41,66.12,78.7,76.73,0.0,0.0
1666,40763,66.3,53.68816229746771,0.3359990848190912,1,14,6,100,59.81,59.37,70.14,70.71,73.3,64.47,0.0,0.0
1667,41418,61.77,54.93842895915072,0.4533054353663192,2,14,6,100,66.45,61.82,55.74,62.01,64.48,60.1,0.0,0.0
1668,43030,57.62,53.7796713073024,0.476268484629034,2,10,6,100,51.67,49.78,62.05,57.96,60.25,63.98,0.0,0.0
1669,38711,56.67,55.194129866059086,0.4338455529888499,0,13,6,100,57.09,48.71,49.89,56.44,68.2,59.69,0.0,0.0
1670,39114,66.05,54.54551303776668,0.400520559107253,0,12,6,100,60.08,73.82,56.1,69.88,72.59,63.82,0.0,0.0
1671,40726,64.78,55.14933276546418,0.4604640546271249,0,8,6,100,69.36,54.54,64.78,69.99,61.93,68.05,0.0,0.0
1672,41532,65.44,56.73237883344537,0.4488189954262382,0,6,6,100,70.6,72.18,62.38,60.8,62.58,64.13,0.0,0.0
1673,43685,53.23,56.03628085501365,0.3885441080869992,3,10,6,100,47.49,53.14,59.44,50.16,58.16,50.99,0.0,0.0
1674,42435,51.8,54.79316945130315,0.4217770001943999,0,5,6,100,57.97,51.86,57.45,48.06,43.95,51.51,0.0,0.0
1675,37905,68.65,55.6409309972732,0.3603920305962497,0,15,6,100,75.42,73.92,65.65,63.9,61.71,71.3,0.0,0.0
1676,45801,48.65,55.66723368199164,0.4879015483708728,5,8,6,100,45.11,45.26,51.3,52.07,52.74,45.4,0.0,0.0
1677,40323,68.77,54.90070701678734,0.4599271862733553,0,9,6,100,73.05,75.32,68.89,60.89,74.55,59.9,0.0,0.0
1678,39920,56.89,55.81257615408626,0.4065352942910359,0,10,6,100,55.08,48.2,64.77,60.64,59.66,53.0,0.0,0.0
1679,43433,55.89,56.26469966377472,0.4673835228492873,2,9,6,100,54.2,59.61,53.94,54.54,53.42,59.65,0.0,0.0
1680,39920,71.61,55.02426495290593,0.5101307844255639,0,10,6,100,75.09,74.87,79.32,64.35,72.18,63.83,0.0,0.0
1681,39114,63.04,54.38230983281481,0.4898667222954159,0,12,6,100,54.13,58.6,75.83,69.54,60.57,59.55,0.0,0.0
1682,43030,58.06,54.75463622219151,0.5084292554573981,2,10,6,100,68.63,49.41,52.38,58.56,64.57,54.84,0.0,0.0
1683,39114,66.44,56.83155297098705,0.4525580862909156,0,12,6,100,64.28,64.02,71.1,69.04,73.88,56.31,0.0,0.0
1684,39114,79.39,55.01156044876373,0.4921347612101991,0,12,6,100,85.65,81.98,68.89,71.49,81.63,86.72,0.0,0.0
1685,42778,60.9,55.74552160587715,0.4707319300462423,1,9,6,100,61.14,61.39,58.93,62.9,57.82,63.2,0.0,0.0
1686,42588,65.44,54.55246664121944,0.5194108482827859,0,4,6,100,62.49,70.53,68.98,67.26,67.06,56.29,0.0,0.0
1687,43534,49.82,55.183383898554354,0.41341927173872,4,12,6,100,58.26,49.31,45.3,52.38,40.67,52.98,0.0,0.0
1688,39920,65.38,55.22826159147266,0.4245396774919844,0,10,6,100,66.79,69.93,66.62,66.34,59.75,62.82,0.0,0.0
1689,43836,62.76,55.48645981906981,0.4583788902570613,2,8,6,100,64.98,59.54,63.42,65.98,56.13,66.48,0.0,0.0
1690,42627,71.71,54.13291492225586,0.4110838232241853,2,11,6,100,70.63,66.26,77.6,72.15,63.49,80.15,0.0,0.0
1691,38711,50.46,54.94392845009956,0.5089958717069453,0,13,6,100,44.73,49.69,50.45,58.61,44.1,55.2,0.0,0.0
1692,45851,69.42,55.74144318361565,0.5252952351865104,2,3,6,100,68.7,60.29,76.97,61.17,76.89,72.53,0.0,0.0
1693,40323,72.52,55.64268887058584,0.4150903674689251,0,9,6,100,65.04,76.78,67.39,80.92,69.8,75.22,0.0,0.0
1694,39920,56.18,55.15020970406903,0.4188640053898295,0,10,6,100,48.37,55.23,56.75,54.75,59.05,62.92,0.0,0.0
1695,37905,66.99,55.0787171134802,0.3829242751021952,0,15,6,100,70.66,59.61,66.39,62.74,73.68,68.89,0.0,0.0
1696,46855,76.23,53.00011801971306,0.4862404919618688,4,5,6,100,85.11,70.18,83.98,73.59,70.06,74.47,0.0,0.0
1697,38308,80.96,54.989965741032094,0.4455796850808005,0,14,6,100,82.3,82.15,84.58,87.27,67.68,81.81,0.0,0.0
1698,39114,74.86,55.1378846166027,0.3877593322469577,0,12,6,100,68.55,71.96,75.33,81.62,69.26,82.47,0.0,0.0
1699,44894,67.16,54.70266256122119,0.467496465516666,3,7,6,100,64.57,70.85,76.33,60.58,61.78,68.84,0.0,0.0
1700,40726,65.42,56.96941191827055,0.4249016459647138,0,8,6,100,63.35,61.37,70.61,67.13,69.24,60.83,0.0,0.0
1701,39920,73.45,54.17889482825433,0.4212002672036531,0,10,6,100,79.13,72.41,79.42,74.08,76.7,58.96,0.0,0.0
1702,39920,73.69,56.669245975061926,0.4129100614778395,0,10,6,100,84.83,78.75,75.2,58.59,75.01,69.75,0.0,0.0
1703,41129,79.96,54.81667720239648,0.4392236533987311,0,7,6,100,83.77,85.61,77.42,85.38,76.37,71.18,0.0,0.0
1704,37502,67.39,55.21888555426533,0.5089742411867079,0,16,6,100,74.64,73.16,68.08,66.3,59.87,62.29,0.0,0.0
1705,39114,62.4,53.82257649831759,0.4677637987560831,0,12,6,100,69.41,59.22,66.75,58.27,64.5,56.22,0.0,0.0
1706,44340,62.79,57.32972695861535,0.46558585244718,4,10,6,100,63.93,56.88,58.37,66.46,68.43,62.68,0.0,0.0
1707,40323,64.17,55.17746317562988,0.467560822222112,0,9,6,100,58.39,56.29,66.4,69.39,61.63,72.94,0.0,0.0
1708,45146,68.43,54.595671471285,0.3782945371484447,4,8,6,100,63.04,57.59,72.32,76.28,71.38,69.99,0.0,0.0
1709,44743,60.98,56.29266273177803,0.4087660905537674,4,9,6,100,59.28,68.17,59.37,61.66,54.01,63.39,0.0,0.0
1710,37905,56.48,56.23796855399885,0.4157686427036576,0,15,6,100,62.65,59.9,60.24,52.66,52.79,50.62,0.0,0.0
1711,42375,54.28,54.29876110281727,0.5098578568896683,1,10,6,100,51.0,56.63,51.93,49.05,61.46,55.58,0.0,0.0
1712,37099,55.93,55.068444312427374,0.4518492211708704,0,17,6,100,50.14,68.11,52.68,52.77,61.93,49.97,0.0,0.0
1713,36696,62.98,57.31032865173943,0.4699926591813689,0,18,6,100,70.36,62.8,65.84,64.04,60.94,53.91,0.0,0.0
1714,38308,74.68,53.75722291092025,0.504752154166979,0,14,6,100,73.6,81.53,88.55,70.51,67.89,66.0,0.0,0.0
1715,39920,65.04,56.18040003637424,0.4413662005539385,0,10,6,100,56.2,68.84,70.94,58.69,60.46,75.11,0.0,0.0
1716,39114,60.04,56.49031711457634,0.3980532852051361,0,12,6,100,59.99,61.18,62.07,59.84,62.57,54.59,0.0,0.0
1717,38711,80.01,55.46291782381753,0.3886669719947591,0,13,6,100,81.35,70.24,83.1,82.08,85.06,78.23,0.0,0.0
1718,40726,73.81,54.74819543854338,0.512597374909754,0,8,6,100,81.83,65.59,68.22,86.15,80.88,60.21,0.0,0.0
1719,40726,67.26,56.19133777501324,0.4632349556840882,0,8,6,100,68.11,60.86,57.29,75.3,64.27,77.76,0.0,0.0
1720,38308,67.86,56.37915618729185,0.3789783997355663,0,14,6,100,60.82,65.87,73.67,69.14,64.66,72.98,0.0,0.0
1721,44088,77.68,55.62768267532223,0.3748052501261657,3,9,6,100,73.1,83.56,76.15,77.03,81.65,74.6,0.0,0.0
1722,41532,64.62,55.36564450898228,0.4746954142271224,0,6,6,100,60.89,56.9,61.86,72.13,65.57,70.39,0.0,0.0
1723,38308,59.55,54.81926000362865,0.558463290389874,0,14,6,100,56.25,52.4,64.37,68.71,58.2,57.39,0.0,0.0
1724,39517,65.95,55.71494580688666,0.5412608728524703,0,11,6,100,62.4,67.83,59.35,72.38,73.8,59.93,0.0,0.0
1725,39517,65.39,54.85813177357931,0.5373028751138448,0,11,6,100,63.03,70.61,61.04,67.29,64.27,66.11,0.0,0.0
1726,44340,69.02,55.71633800551192,0.5451002456965761,4,10,6,100,65.91,68.65,71.14,69.28,70.49,68.63,0.0,0.0
1727,44642,67.44,55.92659925939952,0.3858954981020559,2,6,6,100,77.72,62.69,64.82,72.79,62.96,63.68,0.0,0.0
1728,42627,74.46,54.96305170916987,0.5431727678303069,2,11,6,100,78.89,62.15,79.61,80.9,68.62,76.57,0.0,0.0
1729,39114,76.81,55.298342538854826,0.516274298728945,0,12,6,100,70.19,81.09,80.78,76.24,77.56,75.0,0.0,0.0
1730,43030,59.86,55.46776889221112,0.3758912461043716,2,10,6,100,54.75,64.82,72.37,51.19,52.17,63.83,0.0,0.0
1731,38711,67.6,56.04301344509535,0.4480479237555089,0,13,6,100,67.61,72.68,57.89,72.73,62.69,72.02,0.0,0.0
1732,45545,67.99,54.80778871837291,0.4299423107182675,2,5,6,100,72.78,68.46,70.97,69.92,58.5,67.29,0.0,0.0
1733,41532,58.87,55.89401424437324,0.5051549274265574,0,6,6,100,72.44,63.26,57.07,52.25,54.91,53.32,0.0,0.0
1734,45545,79.23,54.74883298701181,0.3531609901805981,2,5,6,100,76.09,85.38,76.2,66.67,88.37,82.66,0.0,0.0
1735,38711,54.2,54.5387080017446,0.5036352358440312,0,13,6,100,64.32,50.28,58.53,50.03,52.87,49.17,0.0,0.0
1736,39920,56.98,55.15375674311582,0.4570700600275224,0,10,6,100,52.9,59.92,62.82,61.84,54.92,49.48,0.0,0.0
1737,38308,60.49,55.887870188929526,0.4511582228086727,0,14,6,100,55.15,63.12,58.86,65.41,55.02,65.36,0.0,0.0
1738,40612,62.27,54.76620791229187,0.4911943711070308,2,16,6,100,64.66,62.32,51.58,66.14,59.94,68.97,0.0,0.0
1739,54272,65.65,55.02817175231189,0.4668546529220574,8,6,6,100,68.68,63.23,60.65,76.09,58.95,66.33,0.0,0.0
1740,38308,70.25,54.29806913652125,0.4214063761868299,0,14,6,100,83.04,65.12,67.31,63.22,80.86,61.92,0.0,0.0
1741,41129,69.77,54.58697974589399,0.4662410105901907,0,7,6,100,68.27,78.47,60.74,69.14,69.5,72.53,0.0,0.0
1742,38711,70.91,55.16816915469724,0.4990968631286233,0,13,6,100,74.05,66.4,78.93,65.66,62.29,78.13,0.0,0.0
1743,39517,66.74,57.373572577530986,0.4746246901018512,0,11,6,100,61.76,69.3,66.85,67.18,67.58,67.79,0.0,0.0
1744,43584,64.21,53.5732570805974,0.4213098758687382,1,7,6,100,57.99,58.39,61.0,71.41,65.5,70.95,0.0,0.0
1745,40323,66.9,56.951920731201376,0.5104097202921807,0,9,6,100,69.75,72.29,61.35,59.73,75.86,62.45,0.0,0.0
1746,40726,78.27,55.32275194764054,0.4096343889901319,0,8,6,100,81.26,80.15,72.82,76.62,78.8,79.95,0.0,0.0
1747,40726,65.29,56.1043224545251,0.4392046463510078,0,8,6,100,61.31,70.44,58.98,74.88,59.71,66.41,0.0,0.0
1748,39920,54.54,54.50494267426141,0.3635341125850852,0,10,6,100,55.52,56.45,58.39,47.24,58.15,51.52,0.0,0.0
1749,39920,75.52,54.61678136322067,0.402641222198868,0,10,6,100,81.16,72.27,72.53,72.26,75.48,79.4,0.0,0.0
1750,42435,52.05,55.05177686684638,0.4689243804447408,0,5,6,100,44.73,54.45,53.57,44.94,58.97,55.64,0.0,0.0
1751,37905,59.34,57.11965516777484,0.3218730340334057,0,15,6,100,56.53,63.16,55.65,55.1,56.63,68.96,0.0,0.0
1752,44491,66.25,58.24040992085168,0.4894778999328126,3,8,6,100,69.59,64.47,60.35,66.42,62.18,74.47,0.0,0.0
1753,44340,80.63,55.44598948696657,0.5487689177118069,4,10,6,100,76.03,73.74,79.33,90.5,82.18,81.99,0.0,0.0
1754,41166,54.29,56.43945227031482,0.4559720011738902,1,13,6,100,50.41,51.06,55.95,46.42,58.98,62.94,0.0,0.0
1755,39517,64.13,54.34219122357705,0.397578416343885,0,11,6,100,57.73,59.98,66.33,68.28,70.76,61.72,0.0,0.0
1756,39114,56.84,54.3042408600348,0.4109566919294706,0,12,6,100,54.52,56.95,54.43,61.22,52.76,61.19,0.0,0.0
1757,39920,56.63,55.05458442144153,0.4262480511277159,0,10,6,100,63.3,48.63,62.03,49.89,52.35,63.55,0.0,0.0
1758,44088,66.49,55.39072026152992,0.420477019540933,3,9,6,100,64.54,75.83,68.42,64.38,58.82,66.94,0.0,0.0
1759,39114,69.99,55.26982195569497,0.36167272326428,0,12,6,100,60.19,70.54,75.57,66.04,75.39,72.2,0.0,0.0
1760,41821,66.13,54.52211691894196,0.4438463905993794,2,13,6,100,64.46,61.9,70.31,64.43,65.74,69.93,0.0,0.0
1761,40323,57.53,55.66259515474094,0.3501620826156923,0,9,6,100,59.14,62.91,62.3,53.19,60.05,47.6,0.0,0.0
1762,39114,61.18,55.99188105973943,0.355912565536793,0,12,6,100,62.83,53.4,53.08,70.29,66.21,61.3,0.0,0.0
1763,39114,64.26,54.54022362071704,0.5711977524052341,0,12,6,100,57.45,64.14,72.68,62.65,65.38,63.24,0.0,0.0
1764,39517,63.84,56.73637533784393,0.4223504179974408,0,11,6,100,61.63,63.56,63.42,68.21,64.72,61.49,0.0,0.0
1765,39517,73.81,55.13440431930043,0.3928721881187935,0,11,6,100,78.0,74.8,64.6,72.63,78.57,74.26,0.0,0.0
1766,39517,60.19,55.6011122932482,0.3427280272324057,0,11,6,100,70.09,56.02,51.6,53.88,59.21,70.35,0.0,0.0
1767,39920,52.88,54.44826461895093,0.4572006578155683,0,10,6,100,57.72,53.99,44.41,55.07,48.6,57.49,0.0,0.0
1768,44890,47.97,55.75570679379222,0.4788259829124165,1,5,6,100,43.95,50.53,45.44,46.51,53.59,47.82,0.0,0.0
1769,39517,64.33,55.6971168005232,0.4869147514798476,0,11,6,100,65.65,61.76,68.93,68.04,57.42,64.17,0.0,0.0
1770,40323,80.37,56.65427336391744,0.4797989671520665,0,9,6,100,84.35,68.74,73.58,88.88,86.2,80.48,0.0,0.0
1771,39920,69.28,55.45623233371632,0.5009521515063454,0,10,6,100,76.51,74.87,62.22,70.09,64.0,68.02,0.0,0.0
1772,43584,64.88,55.95178656047394,0.5263468308324808,1,7,6,100,60.78,62.65,64.37,59.99,67.87,73.63,0.0,0.0
1773,39920,63.64,55.014010626749375,0.4770694240899163,0,10,6,100,62.28,62.67,59.31,73.51,53.97,70.1,0.0,0.0
1774,42627,78.86,55.21631857695458,0.4260542737118618,2,11,6,100,86.7,83.55,78.07,87.4,70.36,67.1,0.0,0.0
1775,38308,68.21,54.87845623659421,0.480762179329917,0,14,6,100,69.52,64.61,71.92,73.79,66.14,63.29,0.0,0.0
1776,39114,73.27,53.32994823920048,0.4433445439066829,0,12,6,100,72.44,65.58,69.41,79.11,79.2,73.88,0.0,0.0
1777,37502,68.51,55.487433138228205,0.4290693347064918,0,16,6,100,59.7,61.79,73.81,73.82,73.98,67.93,0.0,0.0
1778,36696,66.86,55.14952158139903,0.5462384437760692,0,18,6,100,63.73,68.54,71.05,77.35,63.0,57.52,0.0,0.0
1779,39114,67.25,55.82501251711023,0.3684964000230837,0,12,6,100,67.67,67.89,63.9,66.06,63.6,74.4,0.0,0.0
1780,40323,59.71,54.6449487234204,0.4926041425262404,0,9,6,100,64.18,55.73,59.62,51.18,64.42,63.12,0.0,0.0
1781,40323,57.12,56.65336702703173,0.4265237365467242,0,9,6,100,50.09,64.33,59.15,63.54,49.85,55.75,0.0,0.0
1782,44239,58.62,55.335610302182914,0.4532719938933162,2,7,6,100,61.69,63.05,58.39,61.97,56.76,49.84,0.0,0.0
1783,43433,73.77,55.096951041413305,0.4778570496649281,2,9,6,100,69.3,68.43,79.22,74.83,73.8,77.04,0.0,0.0
1784,39114,76.77,55.34453897351668,0.4783317332762339,0,12,6,100,73.66,91.54,84.14,67.12,69.3,74.84,0.0,0.0
1785,38711,79.74,56.210985967723886,0.4579155722155707,0,13,6,100,76.1,83.88,77.28,72.79,82.38,85.99,0.0,0.0
1786,43937,86.47,53.05434223658511,0.3561964032774225,4,11,6,100,92.55,81.12,84.41,90.02,78.6,92.13,0.0,0.0
1787,41532,67.8,54.60493742280907,0.571753856036068,0,6,6,100,71.81,69.46,67.97,55.67,68.06,73.8,0.0,0.0
1788,39114,53.51,55.9452283761316,0.3994035778802203,0,12,6,100,61.95,54.1,50.03,57.42,50.06,47.48,0.0,0.0
1789,38711,59.67,55.05186281886118,0.5184829581972508,0,13,6,100,56.07,57.12,70.68,49.07,65.34,59.75,0.0,0.0
1790,44890,62.47,55.752203462990686,0.5554776540419684,1,5,6,100,70.39,52.81,60.09,69.74,59.53,62.26,0.0,0.0
1791,40726,71.98,56.13516950260411,0.3724450472543517,0,8,6,100,66.07,74.6,79.73,66.97,69.94,74.58,0.0,0.0
1792,41569,86.25,56.85723803936092,0.4514947995136636,1,12,6,100,93.74,82.4,92.27,81.73,83.91,83.44,0.0,0.0
1793,41569,66.9,54.21070593668503,0.4921994635040764,1,12,6,100,67.61,59.99,68.34,61.57,71.64,72.26,0.0,0.0
1794,44088,68.38,56.93203602836093,0.4091429233199309,3,9,6,100,70.12,61.55,68.08,63.91,73.32,73.33,0.0,0.0
1795,43433,60.09,53.1019483427152,0.3866609674177843,2,9,6,100,56.58,63.13,66.6,49.42,65.81,59.0,0.0,0.0
1796,40726,57.22,57.13766239586135,0.4154044448941851,0,8,6,100,52.17,56.84,67.2,52.24,59.16,55.74,0.0,0.0
1797,41532,55.2,54.73145464096811,0.4154929941602153,0,6,6,100,65.01,55.1,53.56,53.01,51.5,53.01,0.0,0.0
1798,41821,70.52,54.56570269895106,0.4799252290511449,2,13,6,100,74.0,67.41,79.86,60.42,77.63,63.81,0.0,0.0
1799,43433,68.87,55.82558487018331,0.3954043180426475,2,9,6,100,62.86,80.2,75.81,64.61,67.9,61.84,0.0,0.0
1800,46200,62.32,55.68898731489245,0.419063491075957,3,5,6,100,64.26,57.19,62.49,57.43,69.55,63.02,0.0,0.0
1801,45698,63.23,54.41194462859835,0.3978196469209102,2,4,6,100,66.73,57.44,58.55,68.4,64.46,63.82,0.0,0.0
1802,41532,75.88,55.27668286224549,0.4352473282070719,0,6,6,100,83.15,76.02,69.03,77.64,66.54,82.88,0.0,0.0
1803,46053,56.69,54.12505869141192,0.4459990959392085,6,9,6,100,55.58,52.94,58.49,65.75,55.44,51.94,0.0,0.0
1804,40323,67.57,55.954116069541335,0.404401740786328,0,9,6,100,71.8,68.35,66.42,65.23,67.62,66.0,0.0,0.0
1805,44743,57.73,54.91354255540109,0.4800572275857835,4,9,6,100,52.25,49.43,61.82,59.03,57.74,66.1,0.0,0.0
1806,39920,47.3,54.14039208682005,0.3853747255047616,0,10,6,100,45.4,48.91,48.05,40.26,52.58,48.63,0.0,0.0
1807,43534,74.26,55.117676853499134,0.4244936605105702,4,12,6,100,71.02,76.64,68.02,72.82,75.01,82.03,0.0,0.0
1808,39114,61.7,56.92165100117644,0.5037285538646469,0,12,6,100,64.6,57.79,69.54,63.88,53.61,60.75,0.0,0.0
1809,43433,61.19,56.57255329749719,0.4892839855031831,2,9,6,100,55.92,68.67,65.57,54.08,67.91,54.98,0.0,0.0
1810,45545,65.45,55.65214061459508,0.4028692333510715,2,5,6,100,64.14,69.11,58.73,65.71,76.37,58.63,0.0,0.0
1811,40726,78.43,55.84104552046375,0.4379760603050067,0,8,6,100,80.56,87.26,72.88,67.89,68.11,93.9,0.0,0.0
1812,44239,58.55,54.98377798298551,0.4460027952979726,2,7,6,100,72.18,58.87,48.09,67.0,51.49,53.69,0.0,0.0
1813,39517,67.69,56.50246093844405,0.4375128154667111,0,11,6,100,62.32,63.72,67.93,61.18,75.44,75.54,0.0,0.0
1814,41129,73.78,53.5736575641,0.4576471163354507,0,7,6,100,65.89,67.12,70.3,78.72,84.84,75.8,0.0,0.0
1815,40323,69.72,54.55486521835112,0.4761936213342052,0,9,6,100,74.88,76.66,61.59,72.51,72.1,60.6,0.0,0.0
1816,38711,77.2,53.829025638069496,0.3577293043797717,0,13,6,100,73.24,77.55,79.43,77.66,79.96,75.38,0.0,0.0
1817,53516,71.88,54.69829615455195,0.4407255654125701,5,3,6,100,79.82,66.56,64.65,65.74,75.5,79.01,0.0,0.0
1818,42627,72.72,55.30156815670635,0.4598127177462814,2,11,6,100,77.45,74.24,71.01,66.54,64.4,82.71,0.0,0.0
1819,43584,70.99,56.61767427339625,0.4320843041271572,1,7,6,100,70.74,72.38,75.05,63.15,79.02,65.59,0.0,0.0
1820,44239,61.41,55.3897146923686,0.4753610153363286,2,7,6,100,61.67,58.94,58.27,63.0,61.93,64.67,0.0,0.0
1821,45698,62.63,55.14103712415389,0.4456728007723053,2,4,6,100,61.74,59.64,63.14,65.55,64.66,61.06,0.0,0.0
1822,39517,73.45,56.36316197455359,0.3881273214830152,0,11,6,100,84.85,77.73,79.81,63.67,70.49,64.17,0.0,0.0
1823,49267,50.82,55.79194713614719,0.4575783332708562,7,6,6,100,43.82,44.12,46.65,58.18,56.16,55.96,0.0,0.0
1824,39517,52.8,55.82746770153107,0.3528105299002697,0,11,6,100,51.89,49.26,56.39,57.2,47.61,54.45,0.0,0.0
1825,41129,56.67,54.86767998133881,0.4981376590235413,0,7,6,100,54.65,48.44,61.94,50.95,60.16,63.86,0.0,0.0
1826,42778,64.32,55.78101139165244,0.4866391120108674,1,9,6,100,56.44,65.73,67.08,55.58,69.94,71.13,0.0,0.0
1827,38711,68.27,56.60021122257967,0.4802295478686101,0,13,6,100,58.8,75.74,62.26,62.91,76.91,72.98,0.0,0.0
1828,40323,63.7,55.00816820300398,0.4123799285344159,0,9,6,100,57.0,60.3,55.4,75.17,71.17,63.16,0.0,0.0
1829,43836,63.54,57.513031951066765,0.4307908608750068,2,8,6,100,61.38,68.71,67.94,59.63,57.18,66.41,0.0,0.0
1830,44894,56.43,54.00479578494603,0.3898290262021014,3,7,6,100,53.98,50.96,61.29,53.19,59.02,60.14,0.0,0.0
1831,40726,73.29,55.7817582247397,0.4526330501152625,0,8,6,100,81.57,78.82,68.52,75.89,64.28,70.69,0.0,0.0
1832,40323,70.12,57.35162628521459,0.4584382800859078,0,9,6,100,63.07,73.77,61.97,77.17,73.47,71.26,0.0,0.0
1833,46053,66.47,54.864258718424495,0.4156705064617469,6,9,6,100,65.81,60.14,67.24,63.07,67.31,75.24,0.0,0.0
1834,44642,65.95,54.96169535569208,0.4693644636615923,2,6,6,100,68.28,69.1,66.68,67.82,60.34,63.46,0.0,0.0
1835,36293,66.88,55.29341180460497,0.4507550026285411,0,19,6,100,67.2,68.71,71.12,65.37,63.75,65.15,0.0,0.0
1836,43534,54.22,54.80283223987127,0.3990210033756749,4,12,6,100,50.78,53.74,63.93,47.49,59.74,49.62,0.0,0.0
1837,40726,58.56,56.32179804883011,0.387837518244994,0,8,6,100,58.87,51.6,66.47,58.11,65.29,51.02,0.0,0.0
1838,41129,68.52,54.4777715694424,0.4112023275426181,0,7,6,100,71.07,62.29,70.5,73.55,62.19,71.52,0.0,0.0
1839,45398,68.51,55.98822579451076,0.4057094169924342,5,9,6,100,67.56,62.51,63.42,77.81,74.98,64.76,0.0,0.0
1840,44239,65.01,55.049804798763326,0.4103167234597683,2,7,6,100,58.45,70.51,67.03,54.35,72.26,67.46,0.0,0.0
1841,39114,68.4,56.47315096276666,0.4126204350993559,0,12,6,100,67.4,65.97,74.66,61.1,77.2,64.09,0.0,0.0
1842,45952,66.68,54.98760855821064,0.4542305723666854,4,6,6,100,59.14,65.88,58.66,73.51,72.47,70.41,0.0,0.0
1843,43030,74.44,54.623472963931896,0.3756887693691754,2,10,6,100,79.41,80.7,75.85,77.1,64.68,68.87,0.0,0.0
1844,43433,55.34,55.481460343614174,0.4600373915401746,2,9,6,100,54.63,52.91,58.16,58.6,55.85,51.92,0.0,0.0
1845,44995,57.91,53.95265045586406,0.4916617916953015,5,10,6,100,57.04,66.94,54.99,57.55,56.09,54.84,0.0,0.0
1846,38711,58.15,55.72658098906731,0.4784636008651324,0,13,6,100,62.23,58.97,63.43,54.43,57.26,52.58,0.0,0.0
1847,43030,72.25,56.25483700144742,0.3317352909286736,2,10,6,100,80.22,68.5,70.25,61.1,73.59,79.85,0.0,0.0
1848,41129,65.49,55.58726907257933,0.3430691633381118,0,7,6,100,56.45,63.3,72.08,66.74,72.88,61.5,0.0,0.0
1849,43433,66.28,55.48269526030985,0.4314889955451328,2,9,6,100,67.49,58.2,69.96,66.85,68.79,66.39,0.0,0.0
1850,44239,65.64,55.50705511422616,0.5101071244753251,2,7,6,100,68.08,60.09,67.31,66.22,65.95,66.21,0.0,0.0
1851,37502,70.92,56.41968011102282,0.3845230007229746,0,16,6,100,65.32,73.95,79.46,69.4,67.02,70.38,0.0,0.0
1852,40323,64.17,55.304165887274486,0.2749933167323337,0,9,6,100,65.52,56.8,74.76,53.65,69.73,64.53,0.0,0.0
1853,45146,53.12,55.669438763222885,0.4722254732578755,4,8,6,100,45.02,46.62,58.04,62.23,58.72,48.08,0.0,0.0
1854,37905,68.39,57.39727828086133,0.4107310519995615,0,15,6,100,77.94,62.66,62.33,66.88,65.37,75.18,0.0,0.0
1855,43836,75.31,54.269569321947685,0.4424293802070353,2,8,6,100,79.76,71.82,80.96,76.65,65.45,77.23,0.0,0.0
1856,41129,61.16,55.12561705392915,0.3117794161165923,0,7,6,100,64.13,65.91,66.02,61.86,57.72,51.32,0.0,0.0
1857,41821,56.29,56.11798843167301,0.4048282066643502,2,13,6,100,62.08,59.69,47.66,49.37,63.17,55.77,0.0,0.0
1858,40726,69.02,55.01589653928351,0.3595919053352381,0,8,6,100,67.51,62.11,79.05,71.04,67.47,66.94,0.0,0.0
1859,39920,64.74,56.14391749476043,0.4616205513801189,0,10,6,100,62.62,58.31,60.64,79.18,60.17,67.5,0.0,0.0
1860,39517,64.48,56.79455952202832,0.4702155749932868,0,11,6,100,59.84,57.59,72.8,76.68,57.7,62.26,0.0,0.0
1861,40726,75.26,55.66122842691387,0.4713325642605954,0,8,6,100,71.05,80.62,69.86,72.19,81.51,76.31,0.0,0.0
1862,37502,64.33,55.45890602151957,0.4326280915244822,0,16,6,100,66.06,62.26,69.86,58.07,72.19,57.53,0.0,0.0
1863,42741,69.77,55.21269020682923,0.3812906102341666,0,3,6,100,69.67,60.74,67.49,75.44,71.67,73.6,0.0,0.0
1864,41129,64.08,56.37243696320189,0.4418964729849336,0,7,6,100,67.52,63.14,65.48,66.3,58.69,63.38,0.0,0.0
1865,42627,61.86,57.619200378402994,0.4453207144130829,2,11,6,100,58.39,61.0,61.91,59.13,69.98,60.72,0.0,0.0
1866,44441,63.85,55.9333531966704,0.3782919336175694,6,13,6,100,58.23,68.22,64.47,76.54,55.46,60.19,0.0,0.0
1867,41129,57.97,55.88882806219456,0.4087876518213141,0,7,6,100,51.16,63.9,53.92,59.36,50.34,69.15,0.0,0.0
1868,41129,51.94,56.2149537816364,0.4070764165141732,0,7,6,100,47.58,53.9,58.83,56.35,41.56,53.39,0.0,0.0
1869,44239,64.88,53.94858018882492,0.4447851215961877,2,7,6,100,72.57,62.15,60.53,61.81,65.69,66.52,0.0,0.0
1870,40726,53.69,54.39552840464872,0.4001736351636502,0,8,6,100,61.22,52.99,46.1,58.38,46.15,57.28,0.0,0.0
1871,40323,73.82,55.07996272190052,0.4355644309801306,0,9,6,100,68.22,75.62,84.65,69.06,69.52,75.86,0.0,0.0
1872,43836,63.89,55.5942597475707,0.4455803862478844,2,8,6,100,67.01,70.85,65.0,53.48,52.96,74.04,0.0,0.0
1873,40323,65.28,55.80982532563124,0.3419041652932477,0,9,6,100,64.27,69.0,57.96,65.44,62.44,72.58,0.0,0.0
1874,45549,72.14,53.77113391788553,0.4447737366632476,4,7,6,100,78.01,63.87,59.08,73.58,83.83,74.48,0.0,0.0
1875,39920,75.6,55.26150003208129,0.4407889346103934,0,10,6,100,69.46,71.29,76.77,82.74,71.16,82.17,0.0,0.0
1876,44894,78.11,55.7131287708588,0.4472641822299764,3,7,6,100,66.12,83.93,72.42,84.12,81.96,80.1,0.0,0.0
1877,44239,63.88,54.96193254219905,0.4436776565801664,2,7,6,100,73.96,66.5,60.51,54.45,62.58,65.31,0.0,0.0
1878,46855,66.76,54.70807568635883,0.3390551834021723,4,5,6,100,63.53,56.92,68.85,69.43,70.26,71.6,0.0,0.0
1879,49515,61.14,54.45148676920518,0.3692325171320663,6,5,6,100,67.91,53.38,56.22,60.64,66.57,62.12,0.0,0.0
1880,44239,66.2,55.61851800296704,0.3716339067220964,2,7,6,100,74.58,64.7,72.24,65.47,60.47,59.72,0.0,0.0
1881,39517,70.22,54.15545739089688,0.3642219697794416,0,11,6,100,67.73,67.25,77.04,67.91,67.45,73.96,0.0,0.0
1882,46456,66.67,56.4208517614207,0.3778229202938005,6,8,6,100,76.48,69.14,59.76,56.29,66.76,71.61,0.0,0.0
1883,44743,74.32,55.477279624419054,0.4842258000797791,4,9,6,100,82.58,66.18,70.26,64.25,81.73,80.94,0.0,0.0
1884,40726,65.54,54.2609505198239,0.4077932474091427,0,8,6,100,68.33,71.53,60.51,67.67,57.86,67.32,0.0,0.0
1885,45698,51.57,54.69550716761241,0.4772736789110532,2,4,6,100,41.62,54.9,51.42,59.28,50.57,51.63,0.0,0.0
1886,43433,50.97,53.66803538678943,0.4074594219555242,2,9,6,100,44.15,48.78,49.57,57.74,54.96,50.64,0.0,0.0
1887,44491,62.93,55.92817356866929,0.4859248105717766,3,8,6,100,74.97,60.19,54.18,65.82,54.22,68.21,0.0,0.0
1888,39920,66.05,53.87132813390651,0.4874267191273287,0,10,6,100,64.16,63.86,72.72,70.75,57.7,67.12,0.0,0.0
1889,44340,52.39,55.6987631771156,0.4612486043698585,4,10,6,100,49.76,47.44,55.5,59.02,58.88,43.75,0.0,0.0
1890,43836,69.27,55.86144934431195,0.3773678626529436,2,8,6,100,64.15,72.23,67.2,78.7,71.78,61.57,0.0,0.0
1891,45698,67.17,57.379048400857855,0.4632795255315868,2,4,6,100,65.13,69.24,75.15,67.17,64.25,62.07,0.0,0.0
1892,43836,68.69,55.828929673761536,0.3242547617955228,2,8,6,100,54.91,74.93,61.37,74.42,74.72,71.81,0.0,0.0
1893,39114,73.6,56.11517007619757,0.3877947036201307,0,12,6,100,66.77,76.58,74.42,80.84,73.39,69.62,0.0,0.0
1894,40726,64.2,55.65169252404042,0.4455308534298885,0,8,6,100,56.87,67.5,62.92,65.36,67.55,65.01,0.0,0.0
1895,46855,66.09,53.95059328873052,0.4134739109489461,4,5,6,100,56.22,71.31,67.2,61.25,65.1,75.44,0.0,0.0
1896,44743,63.22,53.48663302330765,0.5319794760442409,4,9,6,100,59.68,53.75,64.98,68.07,66.9,65.96,0.0,0.0
1897,40726,58.33,55.43538725474404,0.3903667172691734,0,8,6,100,55.17,53.09,70.21,55.94,62.34,53.25,0.0,0.0
1898,41129,65.46,56.07798821657301,0.4184998013957921,0,7,6,100,61.78,70.69,62.08,71.52,56.17,70.51,0.0,0.0
1899,40323,72.96,55.81790685889416,0.4857736201616526,0,9,6,100,81.47,67.19,68.45,70.2,75.32,75.13,0.0,0.0
1900,37905,62.01,54.821307290795765,0.3811746956268159,0,15,6,100,62.93,57.96,63.61,61.24,60.86,65.47,0.0,0.0
1901,42435,60.76,54.12554814816456,0.4345020002620524,0,5,6,100,57.93,62.16,62.67,57.93,57.42,66.42,0.0,0.0
1902,40323,59.42,55.97922404993753,0.4600273358025019,0,9,6,100,66.0,55.11,56.74,64.58,59.26,54.86,0.0,0.0
1903,40323,64.39,54.468342529485135,0.415954308681171,0,9,6,100,66.09,70.44,69.76,62.58,51.5,65.98,0.0,0.0
1904,44491,62.7,55.54863915013686,0.4014344229930948,3,8,6,100,73.08,61.07,54.85,66.63,62.03,58.56,0.0,0.0
1905,39920,54.92,55.96743445523559,0.3981798199083564,0,10,6,100,51.95,51.38,53.3,56.54,62.65,53.7,0.0,0.0
1906,44743,66.02,53.52538343533457,0.3885501829530189,4,9,6,100,67.23,66.4,65.77,73.88,64.31,58.53,0.0,0.0
1907,41129,61.54,55.96910347832812,0.469661333871946,0,7,6,100,66.56,53.64,58.89,61.69,73.12,55.36,0.0,0.0
1908,45952,73.5,53.43597063836242,0.4517260803128802,4,6,6,100,76.09,82.66,73.94,64.6,62.37,81.32,0.0,0.0
1909,46204,67.48,55.94608562110218,0.409123342187863,5,7,6,100,67.67,66.99,64.49,69.37,64.62,71.76,0.0,0.0
1910,44642,67.22,55.54456318131992,0.3686539602462739,2,6,6,100,72.07,77.68,62.49,62.15,70.05,58.86,0.0,0.0
1911,40726,62.84,54.95414370329455,0.4731794607266579,0,8,6,100,68.6,64.05,61.58,60.37,65.14,57.31,0.0,0.0
1912,43836,75.86,55.41540793817829,0.3551984589689999,2,8,6,100,76.86,71.43,70.07,81.46,68.2,87.12,0.0,0.0
1913,41129,63.12,55.88295947811015,0.4651255726323214,0,7,6,100,63.84,49.95,65.55,67.31,66.65,65.41,0.0,0.0
1914,38308,77.54,54.85367875212814,0.3638285287467313,0,14,6,100,77.19,66.23,83.05,82.38,79.34,77.03,0.0,0.0
1915,45146,54.71,56.48875206722336,0.4833798692933348,4,8,6,100,58.33,56.08,59.98,53.56,48.69,51.61,0.0,0.0
1916,38308,57.36,55.9672581109548,0.4828223413625478,0,14,6,100,49.39,63.36,53.94,54.98,60.31,62.16,0.0,0.0
1917,44894,64.08,56.26231156755205,0.4352954552140426,3,7,6,100,57.82,71.72,54.81,68.42,74.71,57.0,0.0,0.0
1918,42627,68.32,57.31072318850093,0.4407066930470491,2,11,6,100,73.17,65.7,75.72,69.45,67.49,58.42,0.0,0.0
1919,39517,72.52,54.32138408264844,0.3517639117076523,0,11,6,100,76.66,68.01,72.68,67.8,75.45,74.53,0.0,0.0
1920,46859,68.87,57.76538566065067,0.4012804293117178,6,7,6,100,66.98,63.39,69.14,75.5,63.11,75.09,0.0,0.0
1921,39517,68.1,56.20997978509787,0.370024662015043,0,11,6,100,61.58,68.44,78.82,68.12,65.62,66.0,0.0,0.0
1922,40726,62.38,57.878148904816015,0.3469571115704938,0,8,6,100,71.01,60.0,56.14,57.26,69.18,60.72,0.0,0.0
1923,46855,66.52,54.52151353113881,0.4172199536893919,4,5,6,100,61.86,70.84,62.65,59.27,71.31,73.19,0.0,0.0
1924,43433,66.47,55.24493672199664,0.4345308747412489,2,9,6,100,71.64,57.16,64.7,68.66,67.7,68.99,0.0,0.0
1925,39920,54.03,54.42450220712428,0.3798567882656048,0,10,6,100,51.44,60.35,52.49,46.65,56.55,56.72,0.0,0.0
1926,43433,64.04,55.07982400096415,0.3640326365710188,2,9,6,100,59.17,59.96,61.62,61.38,66.85,75.24,0.0,0.0
1927,44642,70.66,55.39835473509227,0.4350400723377959,2,6,6,100,65.65,63.64,71.16,70.38,73.02,80.12,0.0,0.0
1928,41821,55.34,54.6648116125427,0.2947362997485232,2,13,6,100,53.79,54.6,56.33,54.79,47.88,64.67,0.0,0.0
1929,49267,74.33,56.264659932773135,0.4325469466334422,7,6,6,100,69.8,83.08,85.54,81.59,61.48,64.48,0.0,0.0
1930,39517,67.74,54.7472700576607,0.3695082008897337,0,11,6,100,72.85,62.4,70.03,63.16,74.61,63.39,0.0,0.0
1931,39920,82.98,55.19280316101403,0.5013363169363824,0,10,6,100,79.46,89.98,90.5,80.04,71.32,86.56,0.0,0.0
1932,44239,74.36,54.95532087985604,0.5068264587465583,2,7,6,100,71.7,66.28,84.58,64.64,85.55,73.4,0.0,0.0
1933,43836,57.81,55.45070305857261,0.3842079390093196,2,8,6,100,56.25,59.96,54.44,50.35,66.2,59.66,0.0,0.0
1934,44642,61.58,54.23455391421963,0.3695845196002129,2,6,6,100,54.82,73.25,55.68,64.76,54.13,66.85,0.0,0.0
1935,43433,65.93,56.86207521937617,0.4364661877999557,2,9,6,100,56.17,70.55,71.02,67.57,74.08,56.19,0.0,0.0
1936,46456,53.98,55.54497145346925,0.4424157612565242,6,8,6,100,49.92,50.81,51.63,53.45,57.59,60.46,0.0,0.0
1937,44894,73.04,56.47220103412731,0.4772263666112424,3,7,6,100,77.45,81.21,64.03,81.47,69.84,64.22,0.0,0.0
1938,54018,58.58,56.96806004602294,0.3498092932077118,6,4,6,100,67.31,52.66,61.64,54.95,61.92,52.98,0.0,0.0
1939,44642,70.82,52.627013339585325,0.3559254331004906,2,6,6,100,69.01,61.46,73.85,85.4,67.13,68.06,0.0,0.0
1940,46204,56.77,56.71400679331902,0.426465128280506,5,7,6,100,56.57,62.01,56.39,50.93,65.53,49.19,0.0,0.0
1941,43836,75.16,54.95523794238123,0.4177150275243527,2,8,6,100,65.31,79.55,70.51,81.53,77.4,76.66,0.0,0.0
1942,43030,40.54,56.03801250920885,0.4183371073602652,2,10,6,100,41.01,36.67,38.42,46.2,42.21,38.72,0.0,0.0
1943,46607,66.15,55.28661393737431,0.4562013174181482,5,6,6,100,63.77,69.37,63.02,63.92,73.48,63.32,0.0,0.0
1944,39114,76.74,57.9119156629495,0.4145017170941006,0,12,6,100,79.53,88.89,66.86,72.23,77.29,75.61,0.0,0.0
1945,44642,67.58,55.80580593085856,0.4156212647645792,2,6,6,100,55.79,70.82,72.73,66.01,75.62,64.48,0.0,0.0
1946,44239,58.61,56.45643022946229,0.4448778624941892,2,7,6,100,52.64,60.53,61.0,62.62,55.0,59.87,0.0,0.0
1947,45549,54.5,55.69238838779902,0.4073620609927561,4,7,6,100,49.24,61.04,50.08,54.33,60.37,51.92,0.0,0.0
1948,37502,68.72,55.30669665036114,0.4168753532008192,0,16,6,100,61.27,61.92,75.5,76.74,74.31,62.55,0.0,0.0
1949,45545,83.12,54.90648351462133,0.5109387585757353,2,5,6,100,87.44,82.49,93.61,73.61,79.63,81.96,0.0,0.0
1950,46200,70.3,54.68118372943245,0.4190451899829646,3,5,6,100,65.52,68.99,68.49,73.58,76.7,68.49,0.0,0.0
1951,46855,73.97,54.77686458960468,0.3410229320560917,4,5,6,100,71.51,70.51,68.77,78.39,76.47,78.16,0.0,0.0
1952,49267,52.0,55.89570013154959,0.4509705815166395,7,6,6,100,52.6,52.78,53.86,54.48,43.78,54.5,0.0,0.0
1953,41532,56.7,54.56716867805788,0.4297081999845393,0,6,6,100,60.1,55.14,54.76,66.11,52.23,51.83,0.0,0.0
1954,47462,69.85,54.43114061303909,0.4583294974411631,6,6,6,100,67.28,80.56,64.03,68.04,71.6,67.61,0.0,0.0
1955,40323,67.98,55.5467659544786,0.443251447370552,0,9,6,100,61.57,61.49,69.81,75.17,67.69,72.16,0.0,0.0
1956,43282,54.7,54.99071178095279,0.4147774273326639,3,11,6,100,46.48,52.14,60.68,57.21,57.4,54.3,0.0,0.0
1957,46200,76.64,55.21548576791509,0.4154142296605128,3,5,6,100,68.5,80.56,73.39,85.9,84.98,66.5,0.0,0.0
1958,40726,70.94,54.61644633865577,0.4027091723623271,0,8,6,100,78.35,65.85,65.5,70.86,63.55,81.55,0.0,0.0
1959,44239,71.17,54.43597520575692,0.4873700278138242,2,7,6,100,60.4,73.22,79.51,70.36,71.9,71.64,0.0,0.0
1960,61521,62.11,56.20468887958933,0.4268801204521354,6,3,6,100,55.34,57.97,60.29,68.19,66.23,64.65,0.0,0.0
1961,43534,70.64,53.30082542331926,0.4197055198614514,4,12,6,100,63.11,68.0,70.29,78.72,73.39,70.33,0.0,0.0
1962,40726,65.67,54.06941259877572,0.3485653465331635,0,8,6,100,65.79,63.8,71.58,71.38,60.32,61.12,0.0,0.0
1963,40726,65.31,54.81757034795708,0.3468637372352444,0,8,6,100,59.33,64.59,58.5,63.07,77.82,68.54,0.0,0.0
1964,42778,69.2,52.79299378571063,0.4173621059675159,1,9,6,100,82.43,65.36,67.08,63.2,72.08,65.05,0.0,0.0
1965,44239,65.05,55.525420891923474,0.4297396717598651,2,7,6,100,62.7,76.88,61.44,58.58,68.44,62.26,0.0,0.0
1966,39114,57.38,56.58629291233595,0.376191495596727,0,12,6,100,54.9,58.44,60.38,56.18,53.14,61.22,0.0,0.0
1967,44239,49.22,54.90562142161614,0.4311414243496047,2,7,6,100,51.62,51.56,44.12,45.34,50.45,52.23,0.0,0.0
1968,44491,67.88,52.95218933324886,0.3740387078991612,3,8,6,100,68.71,60.64,68.43,74.32,73.12,62.05,0.0,0.0
1969,39920,81.37,55.54499405535209,0.422255132950825,0,10,6,100,87.31,81.66,81.43,84.69,78.23,74.87,0.0,0.0
1970,46200,70.75,53.40239002577102,0.4900104020220754,3,5,6,100,76.15,65.87,78.72,65.66,78.19,59.93,0.0,0.0
1971,47208,62.22,57.44461796755081,0.4690247929525299,4,4,6,100,61.29,70.81,65.81,58.89,59.18,57.34,0.0,0.0
1972,54018,59.9,54.178581340757226,0.4307549523665514,6,4,6,100,60.14,56.4,59.09,68.42,64.71,50.64,0.0,0.0
1973,40323,72.06,54.88402514347307,0.4652368500781427,0,9,6,100,69.06,62.51,72.69,70.97,78.74,78.39,0.0,0.0
1974,44844,80.21,53.46161956981605,0.3893452357524836,6,12,6,100,82.04,71.05,73.37,83.62,85.24,85.95,0.0,0.0
1975,45297,59.72,57.02628561266488,0.3744778587472964,3,6,6,100,57.04,61.46,57.09,56.9,57.66,68.16,0.0,0.0
1976,40323,58.28,54.34672770781316,0.4158216950551761,0,9,6,100,56.57,55.29,57.93,53.3,65.29,61.3,0.0,0.0
1977,42778,53.51,57.156394053411965,0.3586621260342163,1,9,6,100,48.15,57.88,57.62,51.84,57.55,48.0,0.0,0.0
1978,45698,60.6,56.42139693294281,0.5008209083115405,2,4,6,100,66.76,57.93,56.67,64.68,64.16,53.39,0.0,0.0
1979,54520,58.82,54.029170738013846,0.4732244977372591,7,5,6,100,55.57,65.84,64.52,51.28,54.78,60.9,0.0,0.0
1980,39920,62.7,54.290304181616506,0.4398369614080843,0,10,6,100,74.15,57.13,71.01,62.56,54.84,56.49,0.0,0.0
1981,44743,70.04,55.32829084202283,0.4500630758545911,4,9,6,100,63.75,72.95,71.58,71.45,75.17,65.31,0.0,0.0
1982,39920,71.44,55.52262168387103,0.3857541877512365,0,10,6,100,67.44,63.06,80.55,67.44,73.04,77.08,0.0,0.0
1983,44340,77.6,56.91498044417649,0.4180604099696576,4,10,6,100,66.21,73.32,83.96,85.95,76.21,79.95,0.0,0.0
1984,37099,64.94,53.55987689744889,0.4488576222960931,0,17,6,100,69.27,69.09,57.65,66.68,59.25,67.72,0.0,0.0
1985,46855,57.84,56.02218497597204,0.4300851349666847,4,5,6,100,48.91,58.96,54.91,62.89,67.3,54.08,0.0,0.0
1986,44642,78.86,56.47323217505989,0.4649987111102233,2,6,6,100,85.29,75.77,80.28,72.68,83.13,76.01,0.0,0.0
1987,40323,75.85,55.66887214220956,0.3547742560134909,0,9,6,100,79.0,78.0,76.89,73.23,72.63,75.36,0.0,0.0
1988,39114,59.83,55.32877807971772,0.4630287576221363,0,12,6,100,52.72,67.7,61.4,56.51,56.54,64.09,0.0,0.0
1989,47710,71.73,55.54582250925525,0.4349793529032557,5,5,6,100,72.91,75.22,82.44,65.81,67.04,66.98,0.0,0.0
1990,44592,70.3,54.24853313464379,0.4227473588704885,5,11,6,100,73.95,71.08,72.28,61.68,72.32,70.5,0.0,0.0
1991,39920,89.06,56.46264371748252,0.537893670012758,0,10,6,100,87.63,77.12,95.4,93.62,95.83,84.73,0.0,0.0
1992,41972,64.9,55.67262148571129,0.370595781042786,1,11,6,100,60.97,70.69,59.06,57.64,71.98,69.07,0.0,0.0
1993,40726,75.14,55.89742639162596,0.4625756844422418,0,8,6,100,65.14,84.19,70.75,76.86,71.02,82.86,0.0,0.0
1994,43685,72.85,55.710418956887295,0.3999426405708407,3,10,6,100,82.06,81.21,68.59,64.91,70.49,69.84,0.0,0.0
1995,40323,79.52,55.93387814446543,0.4120355466487501,0,9,6,100,85.16,69.32,87.09,73.01,83.34,79.22,0.0,0.0
1996,41129,82.1,55.73696619146858,0.3384022579381351,0,7,6,100,85.15,69.84,90.33,96.35,77.48,73.48,0.0,0.0
1997,40323,69.14,58.73463823734714,0.4151310449256958,0,9,6,100,70.19,59.5,68.99,72.13,71.08,72.93,0.0,0.0
1998,41532,65.11,55.72710175187697,0.2837825160569351,0,6,6,100,70.78,56.99,62.08,60.47,68.84,71.49,0.0,0.0
1999,42224,52.33,55.07941101086075,0.4762574111031342,2,12,6,100,55.91,56.95,46.28,50.71,47.64,56.51,0.0,0.0
2000,39920,69.83,56.36932492376388,0.3827985043159028,0,10,6,100,78.23,62.54,73.29,76.95,63.42,64.56,0.0,0.0
2001,39114,50.16,54.447802580577935,0.4560201569632252,0,12,6,100,47.37,46.98,52.34,47.66,55.4,51.22,0.0,0.0
2002,39114,79.08,54.47569717854147,0.4199628120660093,0,12,6,100,81.43,77.78,72.24,80.01,80.17,82.85,0.0,0.0
2003,45146,71.39,55.24432503535702,0.3789205003221517,4,8,6,100,68.63,72.67,79.17,63.79,76.3,67.77,0.0,0.0
2004,54018,74.55,55.5804183024994,0.3931191161966346,6,4,6,100,74.98,88.82,80.19,63.39,68.18,71.76,0.0,0.0
2005,45698,55.89,55.77315614492223,0.4220171888419056,2,4,6,100,69.59,51.6,55.57,53.79,50.66,54.11,0.0,0.0
2006,53014,79.5,57.202457377129065,0.2832431632086444,4,2,6,100,70.27,70.88,84.47,90.45,83.9,77.04,0.0,0.0
2007,43181,62.71,56.37106176908346,0.3938984410424337,1,8,6,100,67.57,55.55,61.1,67.55,59.98,64.52,0.0,0.0
2008,45549,66.57,55.49166427694789,0.3632448967266155,4,7,6,100,62.69,63.45,66.4,68.96,64.04,73.9,0.0,0.0
2009,44340,72.72,55.581270800494586,0.3391580731807184,4,10,6,100,80.89,62.73,76.78,68.92,76.3,70.69,0.0,0.0
2010,46859,67.16,54.53836782765102,0.3931506877633026,6,7,6,100,68.32,67.38,63.12,66.8,64.39,72.94,0.0,0.0
2011,45549,58.5,54.7906909640911,0.4139237503236274,4,7,6,100,58.33,55.58,69.27,62.15,53.61,52.05,0.0,0.0
2012,41129,78.02,54.93724238144816,0.44238656639649,0,7,6,100,74.91,78.5,84.76,70.3,85.52,74.15,0.0,0.0
2013,41129,73.02,56.074798846709776,0.4521941830260326,0,7,6,100,74.55,68.61,75.31,66.76,75.42,77.44,0.0,0.0
2014,45952,59.56,54.76231867940691,0.393705964641901,4,6,6,100,70.25,54.26,56.47,60.57,54.76,61.02,0.0,0.0
2015,39114,52.88,56.08931761141565,0.4742641488037779,0,12,6,100,56.53,53.98,50.86,56.49,56.29,43.13,0.0,0.0
2016,39920,74.11,56.160330523604046,0.3932598394096742,0,10,6,100,71.23,74.71,71.63,76.88,81.37,68.87,0.0,0.0
2017,44642,82.93,57.51312432232599,0.3723201750008251,2,6,6,100,89.52,89.24,76.4,91.01,78.09,73.34,0.0,0.0
2018,40323,61.08,53.16762380337055,0.4679782630864365,0,9,6,100,67.75,59.76,55.06,60.89,56.11,66.89,0.0,0.0
2019,44340,72.54,54.71473762713908,0.3849770071046559,4,10,6,100,65.64,75.97,70.43,72.74,83.18,67.29,0.0,0.0
2020,41129,61.64,55.12269025074404,0.4391232135491413,0,7,6,100,56.29,66.21,68.7,65.22,57.87,55.57,0.0,0.0
2021,48009,67.68,55.3623725761886,0.3826885844567762,3,2,6,100,75.26,71.38,59.57,63.88,75.61,60.39,0.0,0.0
2022,46053,68.64,54.52162909485153,0.4064381222795089,6,9,6,100,68.13,66.02,66.43,69.61,69.39,72.26,0.0,0.0
2023,44642,65.93,55.04327103762724,0.4714963096194314,2,6,6,100,63.83,71.38,62.22,61.07,77.33,59.75,0.0,0.0
2024,45549,66.2,55.72756199482585,0.3050822350529142,4,7,6,100,61.91,62.08,67.56,69.87,61.55,74.2,0.0,0.0
2025,45545,65.04,54.289885352909,0.3660618296160484,2,5,6,100,71.08,64.46,66.18,67.18,61.18,60.19,0.0,0.0
2026,45952,60.58,54.5253466712145,0.3394070409473054,4,6,6,100,51.12,57.67,66.47,62.82,61.84,63.58,0.0,0.0
2027,41129,61.86,57.02233961586788,0.3830486656418572,0,7,6,100,62.29,62.93,66.13,54.34,65.62,59.85,0.0,0.0
2028,45545,57.7,56.15908692386788,0.4151752993070842,2,5,6,100,52.0,62.49,56.91,63.45,48.08,63.25,0.0,0.0
2029,40323,65.75,55.370771223382576,0.4312493989019514,0,9,6,100,56.11,58.6,69.86,64.89,68.87,76.15,0.0,0.0
2030,45851,62.78,55.322828089178046,0.438456139247939,2,3,6,100,69.03,62.85,70.24,58.07,56.26,60.24,0.0,0.0
2031,42627,74.24,54.16994174834782,0.4163687897390191,2,11,6,100,80.75,79.64,78.66,63.18,65.42,77.78,0.0,0.0
2032,44642,67.55,54.396280771962935,0.4111141895106014,2,6,6,100,70.07,64.22,68.59,72.3,67.01,63.1,0.0,0.0
2033,43181,72.35,55.275687697806205,0.3419175209133328,1,8,6,100,73.84,67.31,67.85,74.56,75.79,74.74,0.0,0.0
2034,45297,62.16,55.3028826666795,0.4432985147858724,3,6,6,100,69.16,70.57,57.97,62.85,54.89,57.54,0.0,0.0
2035,39517,59.82,57.44811197415046,0.3744586590258034,0,11,6,100,52.69,63.2,55.91,68.04,58.87,60.18,0.0,0.0
2036,46353,63.58,53.81516325491599,0.4228107092802077,3,4,6,100,55.74,69.98,53.44,66.11,66.72,69.51,0.0,0.0
2037,43937,65.57,57.25058087873607,0.3896208402631935,4,11,6,100,71.3,58.82,60.39,70.33,73.65,58.92,0.0,0.0
2038,60517,75.2,56.07273182075254,0.3180868298346679,4,1,6,100,80.78,68.26,73.47,74.94,76.2,77.58,0.0,0.0
2039,45146,63.71,58.49276099465328,0.3545214288827601,4,8,6,100,67.6,61.72,67.45,65.37,58.53,61.61,0.0,0.0
2040,44743,65.94,55.995159773495686,0.4034746669609106,4,9,6,100,57.66,70.26,59.52,75.8,62.83,69.54,0.0,0.0
2041,46855,67.98,55.81487574209165,0.4204670044139987,4,5,6,100,72.55,62.89,76.08,63.89,73.32,59.18,0.0,0.0
2042,45545,62.59,55.51895518716536,0.4724276363131429,2,5,6,100,57.08,69.17,56.56,67.11,57.53,68.07,0.0,0.0
2043,39920,72.73,55.53407188670545,0.4310548366944753,0,10,6,100,76.65,62.86,63.26,73.16,82.76,77.67,0.0,0.0
2044,42224,55.07,54.59839529069391,0.3942297023091298,2,12,6,100,47.8,58.88,62.76,61.28,50.84,48.88,0.0,0.0
2045,45952,65.14,55.46161812464947,0.3153431830374229,4,6,6,100,59.75,65.67,62.76,62.08,68.5,72.1,0.0,0.0
2046,45549,70.69,57.77578757200091,0.4331016131592643,4,7,6,100,74.24,63.17,65.71,82.37,78.24,60.43,0.0,0.0
2047,44894,58.36,55.744167970786776,0.2900009818273137,3,7,6,100,56.39,51.59,64.01,58.39,57.33,62.45,0.0,0.0
2048,38711,54.42,55.818848624430174,0.5092664750817365,0,13,6,100,58.43,52.6,54.34,50.0,60.3,50.82,0.0,0.0
2049,39517,61.61,55.8603850202204,0.4379296475340712,0,11,6,100,55.57,62.71,56.02,54.92,68.33,72.12,0.0,0.0
2050,53014,61.55,55.78498691964918,0.4760367671476013,4,2,6,100,63.82,53.09,64.56,67.78,56.49,63.56,0.0,0.0
2051,73028,65.78,56.16641092827162,0.3793046912086356,8,4,6,100,63.82,61.96,58.73,68.19,74.01,68.0,0.0,0.0
2052,45545,72.11,53.44878506602007,0.3081736825122849,2,5,6,100,73.98,78.2,72.01,76.52,64.08,67.89,0.0,0.0
2053,44340,75.87,53.20389667751629,0.3728123197264391,4,10,6,100,80.77,68.08,75.9,75.47,73.48,81.5,0.0,0.0
2054,44894,62.89,55.632079892913794,0.3091221569161634,3,7,6,100,59.78,63.01,58.94,64.1,60.6,70.93,0.0,0.0
2055,42778,66.72,55.687863801945085,0.344416355868374,1,9,6,100,71.98,63.45,76.22,62.13,63.43,63.12,0.0,0.0
2056,43030,64.14,55.89904697014386,0.4046332047314835,2,10,6,100,68.1,68.57,63.69,69.86,52.99,61.63,0.0,0.0
2057,48511,63.34,56.00252879076162,0.5084912169724526,4,3,6,100,70.84,59.76,59.95,61.58,68.65,59.29,0.0,0.0
2058,39517,68.11,55.80857964170245,0.4485701120416456,0,11,6,100,69.14,67.31,74.22,65.78,59.57,72.62,0.0,0.0
2059,72024,61.01,56.51517130393176,0.4083637164738256,6,2,6,100,64.31,59.7,67.84,63.06,62.1,49.07,0.0,0.0
2060,43534,80.8,55.087631281898936,0.3463781626137745,4,12,6,100,82.95,71.46,92.02,84.13,77.77,76.45,0.0,0.0
2061,47710,70.61,55.568735484603394,0.390659882055791,5,5,6,100,67.57,70.33,70.1,76.65,64.81,74.23,0.0,0.0
2062,47208,75.24,57.11802948835459,0.4273639397339508,4,4,6,100,70.09,74.56,79.54,71.31,77.22,78.75,0.0,0.0
2063,46855,72.37,56.30427570308374,0.4443832116882128,4,5,6,100,72.42,82.66,71.19,62.24,66.07,79.64,0.0,0.0
2064,43987,65.48,56.818456823519874,0.4217063782250393,1,6,6,100,74.55,74.03,58.31,61.62,57.17,67.2,0.0,0.0
2065,41532,63.38,57.0875934486135,0.4097247444474807,0,6,6,100,62.05,60.27,63.79,59.2,73.5,61.44,0.0,0.0
2066,45698,67.45,55.79389899768667,0.3856836124910797,2,4,6,100,71.5,62.94,64.04,71.87,77.14,57.23,0.0,0.0
2067,44743,61.75,54.588990420986086,0.474632645263116,4,9,6,100,61.44,68.31,60.56,57.24,60.6,62.37,0.0,0.0
2068,43836,63.72,56.289977456281726,0.38080259558795,2,8,6,100,55.4,52.84,65.06,67.63,71.64,69.78,0.0,0.0
2069,45698,74.82,55.10711076364003,0.3793208980598528,2,4,6,100,68.61,79.53,79.5,66.07,82.81,72.37,0.0,0.0
2070,44642,64.38,56.24375536427731,0.3948995464915624,2,6,6,100,66.19,58.76,56.55,69.26,67.0,68.54,0.0,0.0
2071,37905,74.98,54.91187535906225,0.3467258214064159,0,15,6,100,74.02,68.72,75.15,71.4,79.39,81.21,0.0,0.0
2072,40726,58.7,58.6695959710193,0.3426628130119304,0,8,6,100,52.68,56.03,60.71,64.97,63.12,54.68,0.0,0.0
2073,44894,69.96,56.53142174866046,0.4139275542217022,3,7,6,100,69.04,73.27,75.74,76.59,64.68,60.45,0.0,0.0
2074,43987,71.65,55.92146407547509,0.4359237131523443,1,6,6,100,75.36,71.98,71.73,73.04,67.06,70.73,0.0,0.0
2075,44239,63.52,54.78396383852667,0.4588032637297481,2,7,6,100,54.28,60.9,75.25,66.51,60.63,63.53,0.0,0.0
2076,45549,53.58,56.54655113484134,0.4699968088238545,4,7,6,100,52.7,47.71,59.11,56.25,51.23,54.5,0.0,0.0
2077,49515,73.94,55.68436176384158,0.4377368725756153,6,5,6,100,79.7,74.56,66.48,78.0,61.97,82.95,0.0,0.0
2078,45146,76.81,56.74350138163236,0.4237506064360617,4,8,6,100,86.04,69.97,68.94,70.6,81.97,83.32,0.0,0.0
2079,45952,54.79,55.851665822150494,0.4019303025483384,4,6,6,100,52.36,53.49,51.79,54.46,63.67,52.98,0.0,0.0
2080,62525,60.71,56.68826127662732,0.354094916487121,8,5,6,100,66.69,60.69,56.3,57.22,57.87,65.49,0.0,0.0
2081,39920,75.23,56.09601398481764,0.3466535273144653,0,10,6,100,63.99,81.3,78.84,78.88,81.29,67.07,0.0,0.0
2082,45545,72.93,55.12413896844171,0.4161563814004642,2,5,6,100,67.31,78.24,67.0,68.6,77.11,79.34,0.0,0.0
2083,42741,65.59,55.18004975754912,0.3697519958346346,0,3,6,100,64.94,69.43,68.07,60.04,63.65,67.39,0.0,0.0
2084,42778,67.07,56.1661562128179,0.3449117761185603,1,9,6,100,63.77,67.7,72.98,70.84,65.13,62.0,0.0,0.0
2085,49519,76.47,54.99434923504961,0.4604543424223287,8,7,6,100,66.92,83.2,77.88,77.21,74.43,79.16,0.0,0.0
2086,46607,86.7,55.64586052664482,0.3517858927761665,5,6,6,100,81.14,95.41,89.06,90.76,76.6,87.26,0.0,0.0
2087,49515,62.01,56.31665748359069,0.3976411399806643,6,5,6,100,53.17,69.21,51.67,68.82,67.82,61.35,0.0,0.0
2088,41129,60.74,55.585213457491264,0.3705520089405329,0,7,6,100,52.6,55.31,67.35,52.27,66.43,70.49,0.0,0.0
2089,42224,70.46,54.4188271591562,0.4349891297701209,2,12,6,100,76.68,68.09,79.64,70.25,63.71,64.42,0.0,0.0
2090,39920,61.85,57.47583593201173,0.3324431329832387,0,10,6,100,62.49,64.09,57.31,61.52,67.42,58.27,0.0,0.0
2091,39920,64.46,56.04370631574689,0.4349767509604988,0,10,6,100,72.17,61.38,60.36,62.08,63.3,67.44,0.0,0.0
2092,43987,64.91,57.62768070605591,0.3820505157175673,1,6,6,100,59.61,63.21,62.92,66.77,76.64,60.29,0.0,0.0
2093,45297,58.49,54.68644652741942,0.4106937515995027,3,6,6,100,54.93,54.2,69.01,64.94,54.28,53.59,0.0,0.0
2094,47208,64.88,56.26078393334127,0.4414441027181024,4,4,6,100,54.22,65.35,58.77,72.58,64.47,73.87,0.0,0.0
2095,44088,65.11,53.8604840224477,0.3927809092918974,3,9,6,100,63.54,60.3,73.46,58.76,70.11,64.48,0.0,0.0
2096,44743,66.91,55.87994979808328,0.4083731732026868,4,9,6,100,70.66,63.0,64.55,68.13,76.0,59.11,0.0,0.0
2097,47710,56.29,54.57293917285766,0.3843206547119323,5,5,6,100,58.65,52.28,49.52,51.9,59.3,66.08,0.0,0.0
2098,45297,67.58,55.08297993876604,0.3740940434194626,3,6,6,100,60.45,65.09,60.87,71.52,72.81,74.73,0.0,0.0
2099,41532,66.99,56.299376122424256,0.4040515742594791,0,6,6,100,66.26,64.71,70.02,61.05,75.98,63.94,0.0,0.0
2100,41972,63.67,55.1306053197056,0.4920537603812031,1,11,6,100,58.95,55.98,65.35,68.19,69.24,64.31,0.0,0.0
2101,43433,61.42,56.30647316740692,0.3931579679101746,2,9,6,100,56.74,65.84,66.26,56.78,60.87,62.03,0.0,0.0
2102,38308,67.64,56.64536140267262,0.4476869785239765,0,14,6,100,66.85,66.7,59.84,76.08,69.07,67.3,0.0,0.0
2103,43937,63.57,56.90438819953724,0.3746751566817685,4,11,6,100,63.86,61.02,62.7,57.75,73.65,62.42,0.0,0.0
2104,45545,81.5,54.591043670705446,0.4028351657191021,2,5,6,100,81.52,85.03,76.98,76.42,87.12,81.9,0.0,0.0
2105,49013,72.1,54.85590033998813,0.3159451911521825,5,4,6,100,78.69,62.33,82.65,64.43,80.0,64.53,0.0,0.0
2106,43584,57.52,54.07329023963758,0.3212446114297433,1,7,6,100,56.41,54.63,64.57,55.98,50.85,62.7,0.0,0.0
2107,43987,55.67,55.71207449261095,0.3669826041445584,1,6,6,100,60.06,59.84,61.57,50.63,54.69,47.26,0.0,0.0
2108,44642,69.32,55.01252975653401,0.2972988348000668,2,6,6,100,72.41,60.45,73.46,67.91,74.07,67.61,0.0,0.0
2109,43836,60.59,54.26124705156352,0.4160961040818512,2,8,6,100,51.47,61.82,67.69,65.1,50.09,67.4,0.0,0.0
2110,44340,71.58,55.084277203737486,0.465200212396235,4,10,6,100,78.55,73.93,75.88,66.77,68.92,65.46,0.0,0.0
2111,39114,70.57,57.28752513942519,0.3841190778048435,0,12,6,100,68.94,66.11,78.24,69.38,67.39,73.37,0.0,0.0
2112,39920,66.14,55.54730587877593,0.3848891495557663,0,10,6,100,70.75,61.95,63.69,74.89,59.7,65.84,0.0,0.0
2113,45146,73.62,55.93570658737079,0.4335099636489267,4,8,6,100,71.23,79.45,77.1,72.18,68.45,73.3,0.0,0.0
2114,46855,71.18,55.2768476994705,0.3771110955641359,4,5,6,100,73.25,68.31,75.02,66.53,66.68,77.28,0.0,0.0
2115,44239,71.58,55.44245123608656,0.4648916326715119,2,7,6,100,66.33,78.01,75.49,69.65,62.14,77.84,0.0,0.0
2116,40323,73.16,56.73213055040233,0.3331151140528828,0,9,6,100,73.29,72.8,79.64,78.52,63.35,71.36,0.0,0.0
2117,42435,62.2,56.36705772029276,0.4293442278632064,0,5,6,100,67.97,60.9,64.96,65.19,62.35,51.83,0.0,0.0
2118,43937,66.02,53.52466856523326,0.3579452750027214,4,11,6,100,68.78,73.15,64.49,56.13,64.27,69.28,0.0,0.0
2119,45545,75.51,56.59275831481849,0.4237814515522962,2,5,6,100,81.32,76.08,69.94,67.46,78.86,79.41,0.0,0.0
2120,45952,75.89,56.5284732943716,0.481205936543866,4,6,6,100,70.8,69.27,78.28,81.27,79.79,75.91,0.0,0.0
2121,47710,60.67,54.53254308415418,0.4330657545977643,5,5,6,100,53.36,61.44,68.59,65.26,60.45,54.92,0.0,0.0
2122,45952,66.14,54.792285854764735,0.4342671008720786,4,6,6,100,62.67,72.22,66.48,66.2,72.26,56.99,0.0,0.0
2123,43030,70.99,56.45991401815236,0.4400141304325696,2,10,6,100,69.2,82.53,59.51,62.3,74.6,77.82,0.0,0.0
2124,42627,66.86,55.94237276902568,0.3670862782784442,2,11,6,100,70.99,61.73,69.07,67.45,62.01,69.94,0.0,0.0
2125,42627,57.49,54.960695594874,0.3988607253910616,2,11,6,100,57.28,57.28,55.75,49.35,64.02,61.28,0.0,0.0
2126,46200,69.27,54.42262822786845,0.3718184059862836,3,5,6,100,76.54,65.01,66.09,67.96,74.95,65.08,0.0,0.0
2127,43282,62.68,55.51979733103738,0.4358477653708819,3,11,6,100,63.02,58.97,58.44,71.57,65.95,58.15,0.0,0.0
2128,46855,72.26,56.99578199114202,0.3713487758781926,4,5,6,100,68.39,70.03,81.8,73.16,64.38,75.8,0.0,0.0
2129,46855,69.09,56.090988365040566,0.301042144969788,4,5,6,100,62.49,61.2,79.67,57.96,77.1,76.12,0.0,0.0
2130,45952,59.73,56.180014052047056,0.4212889587486595,4,6,6,100,62.23,52.68,60.06,62.94,55.1,65.35,0.0,0.0
2131,47462,68.31,58.05932758652429,0.4507053508824906,6,6,6,100,74.95,59.87,64.92,74.02,66.58,69.5,0.0,0.0
2132,45549,64.59,57.087228707808045,0.5062751410620856,4,7,6,100,60.09,69.61,70.37,61.45,63.72,62.29,0.0,0.0
2133,46204,61.45,55.90991849049288,0.3849670086468904,5,7,6,100,67.99,54.46,59.81,67.22,60.32,58.92,0.0,0.0
2134,40323,72.38,56.24589545995015,0.3390234935240745,0,9,6,100,79.22,71.23,71.5,72.16,66.7,73.44,0.0,0.0
2135,39114,70.8,56.929732110753385,0.3701364331364692,0,12,6,100,60.32,71.31,81.69,73.63,68.17,69.67,0.0,0.0
2136,46204,63.37,57.11074095841891,0.4192573087913683,5,7,6,100,70.59,67.26,56.45,63.67,57.65,64.59,0.0,0.0
2137,43836,68.76,56.17832031125756,0.3782495884908075,2,8,6,100,69.51,70.7,74.8,72.23,56.11,69.19,0.0,0.0
2138,43282,66.17,56.58028437041332,0.3485269293536595,3,11,6,100,62.89,67.44,66.22,74.07,54.33,72.07,0.0,0.0
2139,41129,64.69,55.91814616103229,0.3747958969447649,0,7,6,100,57.5,66.92,68.95,66.63,64.9,63.25,0.0,0.0
2140,43433,76.1,55.73047475887578,0.4106339134015809,2,9,6,100,71.14,91.61,77.0,75.93,66.81,74.08,0.0,0.0
2141,45545,70.46,55.71512349460399,0.428410436607148,2,5,6,100,70.85,59.76,71.82,71.48,75.11,73.76,0.0,0.0
2142,42375,61.36,55.15381911882997,0.3694020384595677,1,10,6,100,68.94,57.28,58.9,63.49,58.62,60.94,0.0,0.0
2143,42435,70.57,57.08795809121363,0.3341742245600805,0,5,6,100,72.22,71.59,63.07,68.13,71.15,77.28,0.0,0.0
2144,47462,63.0,56.69306444036892,0.4181718040231686,6,6,6,100,61.61,61.5,58.93,66.11,72.91,56.92,0.0,0.0
2145,60517,57.3,55.84260313643531,0.3906933925238198,4,1,6,100,52.81,52.33,59.66,59.25,57.86,61.91,0.0,0.0
2146,53516,60.8,55.88905599395571,0.3785330984055414,5,3,6,100,61.06,59.93,61.1,66.7,57.35,58.67,0.0,0.0
2147,43534,68.94,56.337156755715895,0.4171699203832645,4,12,6,100,69.8,57.41,75.81,75.8,68.3,66.51,0.0,0.0
2148,39114,77.44,57.18351333299257,0.2833275719756449,0,12,6,100,71.96,79.27,80.27,82.64,79.98,70.53,0.0,0.0
2149,39920,63.25,57.64464522763087,0.4445355407163604,0,10,6,100,68.09,58.2,58.43,58.5,64.25,72.01,0.0,0.0
2150,42435,62.27,56.43552874702467,0.4091672346504453,0,5,6,100,52.13,64.66,69.86,64.75,54.54,67.7,0.0,0.0
2151,44642,49.33,56.50706450846765,0.3764655533411805,2,6,6,100,45.67,56.5,49.93,49.5,46.83,47.53,0.0,0.0
2152,47966,66.78,55.51909970133274,0.3185337948359776,8,8,6,100,73.32,57.86,60.93,71.87,68.72,67.97,0.0,0.0
2153,53516,66.86,53.50844991730061,0.4066058454686596,5,3,6,100,59.64,67.76,73.02,60.28,72.78,67.65,0.0,0.0
2154,45698,68.64,55.37150095783674,0.359781249433397,2,4,6,100,61.53,60.39,78.68,76.25,67.84,67.14,0.0,0.0
2155,45698,59.87,55.19655171754871,0.3880028449429721,2,4,6,100,65.52,55.41,53.22,71.08,59.73,54.26,0.0,0.0
2156,49515,76.43,54.79650975862324,0.4075609357481285,6,5,6,100,69.89,77.04,72.16,83.07,78.63,77.81,0.0,0.0
2157,45698,70.24,56.76138422610305,0.3403181923384498,2,4,6,100,71.59,67.14,71.56,68.95,75.34,66.84,0.0,0.0
2158,48511,71.27,54.71199649626526,0.3075243689537508,4,3,6,100,72.18,74.31,69.29,76.09,67.42,68.35,0.0,0.0
2159,40323,62.71,55.73188869806094,0.4076346892476481,0,9,6,100,61.93,54.47,63.98,56.19,71.3,68.39,0.0,0.0
2160,45549,75.7,54.29071058282511,0.351573393324458,4,7,6,100,81.91,72.13,71.39,69.33,78.62,80.85,0.0,0.0
2161,41129,59.32,56.41601838405298,0.4039009124068378,0,7,6,100,65.11,61.66,49.39,62.3,50.3,67.18,0.0,0.0
2162,41569,69.71,56.783788165138745,0.3647953921129279,1,12,6,100,72.37,61.7,71.2,76.13,76.53,60.34,0.0,0.0
2163,46053,67.48,56.10135736019383,0.284593956338854,6,9,6,100,68.12,69.62,73.34,69.04,63.07,61.72,0.0,0.0
2164,39920,69.74,54.80273680580773,0.4235419444119331,0,10,6,100,64.7,75.24,72.92,71.31,71.01,63.28,0.0,0.0
2165,39114,61.9,54.782624973482335,0.3929020393714127,0,12,6,100,69.21,59.74,60.75,59.09,62.02,60.58,0.0,0.0
2166,43836,62.12,54.151786359084895,0.3115920219569184,2,8,6,100,57.62,59.57,57.35,68.94,66.06,63.16,0.0,0.0
2167,45851,63.1,54.27658912620682,0.3211383431890777,2,3,6,100,61.01,66.78,68.68,59.48,67.56,55.07,0.0,0.0
2168,44491,77.4,55.20241817334702,0.429571926083048,3,8,6,100,79.23,71.76,81.95,84.12,70.84,76.48,0.0,0.0
2169,49515,66.97,56.621622032618205,0.3342978886465572,6,5,6,100,74.64,66.77,73.43,66.26,60.52,60.2,0.0,0.0
2170,44642,71.7,57.032742492209245,0.3247570607157836,2,6,6,100,67.04,65.38,79.58,72.26,71.49,74.45,0.0,0.0
2171,41532,69.94,54.277062467653984,0.4205623953086096,0,6,6,100,69.41,66.86,63.07,76.41,73.5,70.38,0.0,0.0
2172,44743,66.75,54.2435495085221,0.4203846359478991,4,9,6,100,75.46,70.63,68.53,58.45,66.72,60.7,0.0,0.0
2173,44642,77.01,54.91721807852647,0.2741673083975502,2,6,6,100,73.33,63.57,85.08,73.54,83.74,82.82,0.0,0.0
2174,43937,71.58,55.58736106349657,0.3884206780213042,4,11,6,100,74.26,70.75,74.92,68.18,78.27,63.11,0.0,0.0
2175,44239,67.99,55.86331180079865,0.3603772904045145,2,7,6,100,65.88,71.19,60.53,73.88,68.18,68.27,0.0,0.0
2176,54018,69.67,55.962145268072,0.2970562766250582,6,4,6,100,69.71,62.54,72.38,76.21,67.3,69.88,0.0,0.0
2177,41129,65.81,56.24721290182831,0.3018135885251038,0,7,6,100,64.42,60.68,74.57,67.43,59.88,67.88,0.0,0.0
2178,44239,62.08,56.196387219445455,0.4368276039989345,2,7,6,100,59.52,61.85,69.4,55.88,65.68,60.15,0.0,0.0
2179,41129,58.44,57.57123976151672,0.3367122941157908,0,7,6,100,56.42,50.9,59.33,64.71,54.87,64.44,0.0,0.0
2180,44340,60.85,54.589112252258246,0.3462749708754526,4,10,6,100,62.84,62.99,56.72,66.1,54.09,62.37,0.0,0.0
2181,44894,69.07,57.21809024503691,0.3815439731475202,3,7,6,100,70.52,68.76,75.57,60.75,63.17,75.66,0.0,0.0
2182,47462,73.62,53.60927349197836,0.3560469360811814,6,6,6,100,67.34,73.19,65.52,76.48,84.5,74.67,0.0,0.0
2183,62023,75.9,54.94931693637585,0.4522361802377797,7,4,6,100,86.52,82.81,65.03,78.34,72.94,69.78,0.0,0.0
2184,47363,74.69,54.15068850804055,0.4027897662529404,8,9,6,100,78.07,63.42,73.59,68.09,82.31,82.68,0.0,0.0
2185,49515,68.31,55.41608089254336,0.3317313648655309,6,5,6,100,71.83,68.85,71.65,55.86,75.3,66.34,0.0,0.0
2186,42778,68.09,56.52510213889413,0.4251010715351715,1,9,6,100,65.99,61.22,67.72,73.61,69.1,70.9,0.0,0.0
2187,43030,57.15,54.97178843807692,0.3942348304835206,2,10,6,100,52.91,48.17,64.24,60.51,64.48,52.61,0.0,0.0
2188,40323,65.34,56.17784280696773,0.385723881780444,0,9,6,100,57.7,66.9,70.05,64.14,67.6,65.64,0.0,0.0
2189,86531,66.51,56.384015568089,0.3193996979209015,8,3,6,100,60.37,59.41,83.15,58.74,62.1,75.26,0.0,0.0
2190,45549,54.85,54.97677131655971,0.3748562193443813,4,7,6,100,54.89,57.52,60.78,52.71,55.06,48.16,0.0,0.0
2191,43433,79.5,55.26281930661938,0.4256742306501302,2,9,6,100,91.54,76.97,74.5,88.84,73.0,72.15,0.0,0.0
2192,42435,67.37,54.56624149697698,0.3434928655012494,0,5,6,100,75.09,63.94,57.93,79.33,64.89,63.05,0.0,0.0
2193,39517,79.37,55.88829137575313,0.4031517670647714,0,11,6,100,76.56,79.19,84.73,84.52,67.02,84.18,0.0,0.0
2194,45297,60.13,55.59721044798228,0.4497418509293329,3,6,6,100,54.1,54.44,55.31,62.68,70.91,63.32,0.0,0.0
2195,46557,65.36,55.916626975737046,0.3472719886787775,8,11,6,100,63.88,70.44,69.98,52.66,64.54,70.68,0.0,0.0
2196,44890,78.92,55.99194885831535,0.4285270582749126,1,5,6,100,69.71,84.84,81.96,79.1,74.98,82.96,0.0,0.0
2197,62525,57.41,55.25287583610525,0.3197375301887541,8,5,6,100,59.06,49.36,60.74,58.38,63.12,53.79,0.0,0.0
2198,45146,66.44,56.74198202221248,0.4175539062961471,4,8,6,100,62.79,64.01,71.68,64.4,65.88,69.89,0.0,0.0
2199,44239,65.01,55.6462334244742,0.3504673478533466,2,7,6,100,61.83,63.75,73.62,66.7,65.12,59.06,0.0,0.0
2200,40726,61.69,56.08555540249503,0.4776613763574677,0,8,6,100,61.27,57.28,59.16,66.19,65.12,61.12,0.0,0.0
2201,46607,63.86,57.484970720999016,0.3773572500214236,5,6,6,100,62.5,63.96,67.86,57.32,70.93,60.6,0.0,0.0
2202,54018,62.92,54.29541243230425,0.4119200061652747,6,4,6,100,68.07,56.9,61.45,59.43,59.14,72.55,0.0,0.0
2203,45549,61.77,55.48277281918876,0.2980420204096492,4,7,6,100,58.61,61.79,68.3,59.14,64.33,58.44,0.0,0.0
2204,48511,77.11,55.23819508157891,0.3548290419373778,4,3,6,100,70.96,83.18,75.12,82.18,72.96,78.27,0.0,0.0
2205,44890,51.52,55.34234840288955,0.3447666342231811,1,5,6,100,49.6,44.86,50.6,53.74,56.52,53.81,0.0,0.0
2206,49515,68.39,56.45041031966503,0.4874110542310722,6,5,6,100,58.24,71.04,69.36,63.84,76.86,70.98,0.0,0.0
2207,49013,66.71,55.978736816380646,0.4056019924424177,5,4,6,100,70.75,63.18,55.44,62.29,74.72,73.89,0.0,0.0
2208,103034,64.01,54.649920343632544,0.4228738496200589,8,2,6,100,64.56,58.07,71.94,63.11,68.94,57.45,0.0,0.0
2209,42778,61.98,55.172944511189854,0.4374552635630983,1,9,6,100,60.28,62.9,60.51,64.28,60.89,63.01,0.0,0.0
2210,43836,65.9,55.490975954947466,0.4166502260586916,2,8,6,100,61.16,70.16,71.95,62.86,70.37,58.87,0.0,0.0
2211,42627,65.35,56.38629653179647,0.3861341186120686,2,11,6,100,65.66,62.45,55.78,63.18,69.21,75.8,0.0,0.0
2212,43433,60.96,55.74496307200295,0.3349367464226826,2,9,6,100,70.28,59.14,57.72,60.6,59.97,58.05,0.0,0.0
2213,44340,67.57,54.54581053012512,0.3477639889476577,4,10,6,100,63.09,64.8,65.62,77.45,58.93,75.54,0.0,0.0
2214,46855,57.96,55.16304241615229,0.2703232711933681,4,5,6,100,50.22,57.6,59.13,57.12,60.72,62.98,0.0,0.0
2215,47208,66.13,56.67583970265726,0.3327751055363245,4,4,6,100,55.03,71.59,70.86,68.23,59.85,71.19,0.0,0.0
2216,40323,73.63,54.99564189766151,0.3552815121823394,0,9,6,100,79.27,76.41,78.51,69.28,71.7,66.62,0.0,0.0
2217,44642,66.26,54.08319921110044,0.3344606621335987,2,6,6,100,73.27,66.07,63.1,62.0,74.06,59.09,0.0,0.0
2218,45545,74.02,55.36472462569498,0.3188361656878744,2,5,6,100,69.37,73.72,64.86,83.25,73.47,79.42,0.0,0.0
2219,45952,73.79,55.123614965296426,0.3193207994103018,4,6,6,100,78.05,62.77,75.37,73.76,73.87,78.94,0.0,0.0
2220,44743,66.64,56.4140200266287,0.3377754596610245,4,9,6,100,73.99,55.4,69.1,61.22,68.39,71.72,0.0,0.0
2221,45146,68.95,53.08774479538496,0.3977990018186093,4,8,6,100,79.28,57.5,64.55,67.18,69.78,75.4,0.0,0.0
2222,46353,58.06,56.195288304656,0.2983544182456816,3,4,6,100,53.97,60.92,58.26,59.78,53.4,62.03,0.0,0.0
2223,44642,69.98,55.15164610328775,0.3680308787621251,2,6,6,100,66.52,75.94,68.98,70.5,73.87,64.06,0.0,0.0
2224,44642,59.38,55.78012999821325,0.3748832385524866,2,6,6,100,58.11,59.28,64.94,59.74,62.86,51.35,0.0,0.0
2225,45952,70.93,56.54356685984799,0.3822013381673206,4,6,6,100,72.61,71.37,73.98,65.26,65.02,77.33,0.0,0.0
2226,43282,77.52,56.05202189295177,0.4028856901589006,3,11,6,100,79.51,82.86,81.38,76.58,62.15,82.63,0.0,0.0
2227,104038,81.36,56.72471842718684,0.3710566264250799,10,4,6,100,81.18,72.63,94.69,80.31,82.08,77.24,0.0,0.0
2228,43433,68.51,56.43336249380133,0.4032165444279617,2,9,6,100,62.17,74.82,72.46,61.75,68.73,71.13,0.0,0.0
2229,45698,63.13,55.03303384242293,0.4506386023869079,2,4,6,100,60.46,62.65,65.23,58.2,67.25,64.99,0.0,0.0
2230,46859,65.34,55.46975089550619,0.4101857819305767,6,7,6,100,70.94,68.07,63.27,59.83,67.02,62.93,0.0,0.0
2231,42224,54.21,56.21248436542344,0.3781901587491489,2,12,6,100,56.95,50.68,54.12,61.38,51.36,50.74,0.0,0.0
2232,43433,70.96,55.85834230388153,0.3141395636633789,2,9,6,100,76.16,69.82,63.06,69.4,74.74,72.58,0.0,0.0
2233,45146,74.47,56.78238836479272,0.4047573966549705,4,8,6,100,75.06,70.27,75.72,79.49,66.45,79.81,0.0,0.0
2234,44239,70.66,56.43322434418148,0.3300456997931847,2,7,6,100,78.32,81.95,58.95,61.5,70.03,73.19,0.0,0.0
2235,46200,63.72,57.040697140950655,0.3204514569501803,3,5,6,100,64.8,60.47,56.22,67.66,67.08,66.12,0.0,0.0
2236,43433,83.36,55.61637719284981,0.2928331378623009,2,9,6,100,74.44,91.52,80.05,89.25,82.44,82.49,0.0,0.0
2237,73282,63.45,55.406910311343466,0.442183247304631,10,6,6,100,56.49,73.56,65.19,62.14,62.0,61.31,0.0,0.0
2238,122537,58.04,56.24272482244343,0.4047813249759738,8,1,6,100,59.03,50.97,66.6,61.55,54.75,55.32,0.0,0.0
2239,43836,71.25,54.40423638243625,0.3289664830375339,2,8,6,100,63.26,75.56,71.24,76.99,69.2,71.26,0.0,0.0
2240,61521,65.14,55.29272227785211,0.3922491423561717,6,3,6,100,58.88,74.36,60.1,70.99,69.87,56.64,0.0,0.0
2241,39517,63.45,55.18955326469326,0.4116285301413183,0,11,6,100,57.18,58.94,65.58,64.18,63.18,71.64,0.0,0.0
2242,47208,68.0,55.227373973248646,0.4165940811200551,4,4,6,100,76.91,67.23,71.04,64.81,65.9,62.11,0.0,0.0
2243,54520,75.3,55.04500466540897,0.2908194334785424,7,5,6,100,68.43,67.55,80.51,77.66,76.52,81.12,0.0,0.0
2244,54520,72.81,55.26074106938089,0.3618206473961856,7,5,6,100,74.81,74.45,68.68,66.58,74.24,78.12,0.0,0.0
2245,48009,59.53,55.2917997193739,0.4588956425243754,3,2,6,100,59.48,58.49,68.05,58.45,56.08,56.63,0.0,0.0
2246,44340,83.17,55.3621532233684,0.363058195155261,4,10,6,100,82.95,70.28,89.55,86.88,80.11,89.25,0.0,0.0
2247,49519,73.43,55.34557836755521,0.3677699374211399,8,7,6,100,76.1,64.09,75.9,76.85,83.53,64.1,0.0,0.0
2248,46200,68.74,55.25327006573003,0.369178804770723,3,5,6,100,62.04,73.07,68.87,76.22,64.56,67.66,0.0,0.0
2249,43584,66.4,56.205199948362754,0.4605144784315171,1,7,6,100,64.42,61.16,74.38,65.09,57.77,75.55,0.0,0.0
2250,45297,72.88,55.33387020529385,0.3471912308297168,3,6,6,100,72.3,70.71,72.25,76.28,71.09,74.64,0.0,0.0
2251,40726,62.31,57.92673799608593,0.3249195195100207,0,8,6,100,69.89,57.05,67.13,58.78,65.59,55.4,0.0,0.0
2252,39920,69.84,55.97570141026725,0.3504813031837385,0,10,6,100,69.26,71.28,76.03,63.24,65.98,73.24,0.0,0.0
2253,44894,64.85,56.48702610171552,0.3896702915921293,3,7,6,100,62.72,62.45,67.61,60.08,66.52,69.72,0.0,0.0
2254,41129,67.56,55.76841450751117,0.3584227058222926,0,7,6,100,66.84,66.67,61.39,69.95,70.91,69.61,0.0,0.0
2255,39114,66.35,56.25621477907709,0.404469835215112,0,12,6,100,59.26,73.47,59.91,64.11,69.09,72.27,0.0,0.0
2256,46855,67.52,55.753978640936666,0.2671954694866817,4,5,6,100,63.8,70.65,64.08,71.94,70.63,64.02,0.0,0.0
2257,54272,74.06,56.500224372336,0.3935888668448102,8,6,6,100,67.23,65.55,81.5,75.5,76.51,78.09,0.0,0.0
2258,44340,66.98,56.81389915358586,0.387332262370299,4,10,6,100,69.44,57.22,74.33,66.96,70.55,63.35,0.0,0.0
2259,45545,63.7,55.46600246506435,0.3263720360773253,2,5,6,100,60.78,62.94,63.81,69.41,66.65,58.59,0.0,0.0
2260,45650,72.09,56.89038793487111,0.397350870317777,6,10,6,100,76.24,67.97,75.02,58.85,77.13,77.33,0.0,0.0
2261,39554,57.72,54.19939936465555,0.4268210518958316,1,17,6,100,65.88,54.01,64.32,49.81,60.31,51.96,0.0,0.0
2262,49515,62.59,55.884231392894414,0.3949455129076437,6,5,6,100,70.7,57.53,58.3,60.76,72.07,56.2,0.0,0.0
2263,45297,60.37,57.763710750336486,0.472831221840074,3,6,6,100,66.3,56.26,55.78,56.56,61.53,65.78,0.0,0.0
2264,45549,69.59,57.13004522360185,0.3808624385324201,4,7,6,100,74.76,63.17,71.86,67.84,71.5,68.4,0.0,0.0
2265,46557,77.78,57.97392224189463,0.3650627259706743,8,11,6,100,73.63,83.25,83.86,85.66,73.44,66.85,0.0,0.0
2266,49519,70.64,54.81058015137034,0.3249718301794775,8,7,6,100,58.89,75.31,75.72,76.07,65.67,72.2,0.0,0.0
2267,86531,74.43,54.69940363013247,0.3190140949043693,8,3,6,100,76.73,62.9,79.07,81.28,81.25,65.37,0.0,0.0
2268,45545,40.1,55.401353697825584,0.3978473962199935,2,5,6,100,42.45,37.69,40.11,41.22,37.2,41.95,0.0,0.0
2269,43836,70.53,56.850637129753295,0.3125453910467445,2,8,6,100,66.14,69.8,73.07,66.33,74.42,73.44,0.0,0.0
2270,45549,62.68,57.23867336225491,0.3849824584969225,4,7,6,100,54.46,58.36,74.93,60.69,66.72,60.92,0.0,0.0
2271,54520,49.89,55.81801692435688,0.3162881103809173,7,5,6,100,46.85,47.85,50.56,49.19,51.23,53.68,0.0,0.0
2272,45698,64.17,55.770315015412905,0.348396248702718,2,4,6,100,74.78,62.61,61.46,59.13,57.9,69.15,0.0,0.0
2273,45549,59.3,57.71067955782983,0.3749946550836409,4,7,6,100,55.3,67.64,62.23,55.65,57.57,57.43,0.0,0.0
2274,47208,60.32,56.74256931257082,0.339015773634358,4,4,6,100,62.69,53.3,67.08,65.22,59.09,54.52,0.0,0.0
2275,45146,69.23,55.08654333146243,0.3632024822735582,4,8,6,100,57.73,70.96,75.43,73.83,61.88,75.53,0.0,0.0
2276,61521,76.16,55.707848210886034,0.3213301543993755,6,3,6,100,76.41,71.65,76.55,81.63,76.12,74.6,0.0,0.0
2277,46456,72.87,56.29951658899397,0.3215552382112996,6,8,6,100,73.65,81.73,70.06,80.1,70.31,61.38,0.0,0.0
2278,42894,61.86,56.79347648928743,0.3282755922783367,0,2,6,100,58.34,56.1,62.37,64.28,69.75,60.34,0.0,0.0
2279,61521,77.32,56.61792831200047,0.3541953265557771,6,3,6,100,79.48,75.43,76.34,82.66,64.16,85.82,0.0,0.0
2280,61521,68.73,56.82207805656935,0.4222218163513977,6,3,6,100,77.63,80.45,75.93,58.2,59.9,60.28,0.0,0.0
2281,62525,74.64,54.96892287502506,0.4403482937250456,8,5,6,100,71.08,76.67,83.66,71.01,83.05,62.4,0.0,0.0
2282,44239,79.31,56.72053723573861,0.3729730883491798,2,7,6,100,82.92,69.84,80.53,77.47,79.75,85.37,0.0,0.0
2283,45952,73.74,54.40903530499847,0.4009091599925003,4,6,6,100,69.42,85.42,72.34,68.7,69.67,76.87,0.0,0.0
2284,44239,66.77,57.22000301684737,0.2992872615178001,2,7,6,100,57.98,74.29,72.24,65.53,60.34,70.26,0.0,0.0
2285,44642,63.74,56.46150886802458,0.3669321113651953,2,6,6,100,68.65,61.24,64.37,62.5,58.84,66.85,0.0,0.0
2286,45297,63.9,55.5675097152488,0.2803966199482285,3,6,6,100,64.43,58.7,67.9,69.9,63.82,58.64,0.0,0.0
2287,54272,72.25,56.27491969544376,0.2802146660905199,8,6,6,100,70.53,77.08,74.77,77.06,68.6,65.48,0.0,0.0
2288,54018,59.09,55.54311876998944,0.389370246432228,6,4,6,100,62.49,52.39,58.04,63.51,63.71,54.38,0.0,0.0
2289,40726,66.08,56.1164457608573,0.3144078130933694,0,8,6,100,70.43,63.04,69.07,59.08,69.59,65.24,0.0,0.0
2290,45545,73.82,56.45338376372014,0.3822091436284235,2,5,6,100,83.36,72.1,77.55,72.46,69.45,68.02,0.0,0.0
2291,46053,76.35,55.83499545858767,0.4245749261547407,6,9,6,100,67.72,68.84,83.37,64.12,87.75,86.31,0.0,0.0
2292,47208,55.24,56.01460664145186,0.3223159002476048,4,4,6,100,57.39,51.4,48.26,62.99,49.4,62.0,0.0,0.0
2293,45549,61.96,56.710427497340426,0.3676815076124151,4,7,6,100,68.85,58.05,55.41,55.96,63.66,69.81,0.0,0.0
2294,39517,63.61,55.71394080908399,0.428884780022524,0,11,6,100,75.31,59.85,53.6,65.38,67.22,60.29,0.0,0.0
2295,60517,80.07,54.907086585414,0.382705017163285,4,1,6,100,81.54,85.42,77.17,79.29,81.6,75.39,0.0,0.0
2296,45698,49.31,56.14870708774128,0.4156015210572836,2,4,6,100,44.23,47.86,41.9,56.84,49.93,55.1,0.0,0.0
2297,39517,68.04,56.1327910749464,0.4141691851844751,0,11,6,100,67.76,69.94,73.12,57.02,69.51,70.91,0.0,0.0
2298,45549,60.94,56.16492500591583,0.293698262785711,4,7,6,100,68.04,60.13,64.46,59.04,53.52,60.43,0.0,0.0
2299,45549,65.65,56.32118612202419,0.3273009794291626,4,7,6,100,66.08,62.78,60.22,74.2,73.81,56.83,0.0,0.0
2300,49013,72.29,55.0505866139134,0.3885818471478883,5,4,6,100,71.38,73.65,76.05,75.01,76.57,61.09,0.0,0.0
2301,46855,69.94,57.062293969234375,0.3807268165834206,4,5,6,100,78.65,67.58,64.46,70.83,72.47,65.65,0.0,0.0
2302,44743,49.16,54.67720752418702,0.3619190228507024,4,9,6,100,49.66,57.54,43.35,41.61,58.52,44.28,0.0,0.0
2303,44642,62.27,57.62421649703435,0.3804391901223622,2,6,6,100,61.71,66.09,55.36,64.02,62.94,63.51,0.0,0.0
2304,44088,74.38,56.87866724907581,0.3086331705880696,3,9,6,100,68.78,68.74,67.86,87.01,73.46,80.43,0.0,0.0
2305,47208,59.76,56.0298007407408,0.3111272922300113,4,4,6,100,52.68,62.5,53.69,68.84,67.25,53.57,0.0,0.0
2306,103034,71.49,57.15112094666208,0.3611371187514655,8,2,6,100,67.25,68.95,73.5,75.44,77.55,66.25,0.0,0.0
2307,61521,56.87,56.14937856160914,0.3509064292489212,6,3,6,100,51.16,63.11,52.35,47.32,62.42,64.86,0.0,0.0
2308,43030,65.86,55.09928689867647,0.3736741616391115,2,10,6,100,72.23,62.03,66.44,66.4,59.17,68.9,0.0,0.0
2309,44743,62.45,56.78728374165135,0.4418587152357747,4,9,6,100,71.04,64.99,52.33,66.33,55.74,64.28,0.0,0.0
2310,62023,72.82,56.65208250717863,0.3080928233951216,7,4,6,100,79.53,72.55,79.32,67.3,66.21,72.04,0.0,0.0
2311,45146,85.8,56.07557065146932,0.3328534760752648,4,8,6,100,85.91,89.84,93.9,81.87,76.57,86.7,0.0,0.0
2312,42627,58.73,55.89508643453822,0.3723986148555449,2,11,6,100,60.42,60.52,53.45,60.53,56.9,60.57,0.0,0.0
2313,47462,59.91,55.09376608355566,0.3257134925497125,6,6,6,100,52.56,61.68,64.7,66.44,51.39,62.69,0.0,0.0
2314,43786,71.88,55.51880765604828,0.3541074675037088,5,13,6,100,78.75,64.15,68.75,70.22,67.53,81.86,0.0,0.0
2315,46859,79.83,57.401315031089695,0.2955322594981614,6,7,6,100,81.08,69.4,83.69,79.79,82.4,82.63,0.0,0.0
2316,45549,68.54,54.990779868250186,0.3444299466117404,4,7,6,100,70.64,66.11,72.18,60.76,77.75,63.78,0.0,0.0
2317,47462,79.61,56.1905163406159,0.346966446792942,6,6,6,100,82.87,73.37,72.1,86.75,89.42,73.17,0.0,0.0
2318,43685,69.31,55.5986863344957,0.3463217572429485,3,10,6,100,60.05,64.66,72.78,81.39,76.2,60.8,0.0,0.0
2319,47462,74.87,58.90606287366729,0.3394204545812697,6,6,6,100,65.14,68.15,82.57,80.38,81.06,71.9,0.0,0.0
2320,42588,58.65,54.38769300994934,0.4400760021021039,0,4,6,100,65.03,59.81,63.77,54.42,56.78,52.07,0.0,0.0
2321,43030,65.82,57.90630032709907,0.4121306719116854,2,10,6,100,70.17,63.64,61.81,62.11,68.39,68.81,0.0,0.0
2322,45247,62.3,57.91723287627644,0.2777203235131614,6,11,6,100,73.0,67.64,57.88,60.96,61.56,52.78,0.0,0.0
2323,45545,79.48,55.608892144005445,0.2793946531007052,2,5,6,100,76.33,86.83,77.59,75.02,87.64,73.5,0.0,0.0
2324,43836,62.36,55.78115910548713,0.3088364643123478,2,8,6,100,55.03,54.44,66.75,70.25,64.12,63.54,0.0,0.0
2325,42375,55.18,57.96478557135365,0.3714768473986967,1,10,6,100,58.01,55.68,45.61,60.0,61.73,50.08,0.0,0.0
2326,43030,69.98,55.4773234372413,0.3405288650654586,2,10,6,100,58.51,64.58,70.2,75.05,77.73,73.79,0.0,0.0
2327,45146,72.07,56.30023663644237,0.3299556999895963,4,8,6,100,67.18,67.01,74.31,63.93,82.53,77.45,0.0,0.0
2328,39920,73.55,58.27543405842997,0.3364324703021045,0,10,6,100,68.88,67.21,76.75,65.06,81.96,81.46,0.0,0.0
2329,47462,69.9,56.594977448629656,0.3572944353872707,6,6,6,100,72.96,64.54,74.1,65.88,77.91,64.03,0.0,0.0
2330,44642,81.03,54.7608188469454,0.3581030576518543,2,6,6,100,78.34,72.63,91.1,88.06,77.89,78.17,0.0,0.0
2331,46859,59.22,57.92767998649322,0.4118913057134296,6,7,6,100,60.95,54.13,54.96,67.88,62.96,54.41,0.0,0.0
2332,46855,66.2,55.62610016427181,0.3317330844993283,4,5,6,100,68.73,61.91,64.75,59.8,74.46,67.56,0.0,0.0
2333,45851,80.62,55.57426947263036,0.3697227910903723,2,3,6,100,88.9,66.69,87.96,74.74,82.53,82.9,0.0,0.0
2334,46200,61.41,57.9701090574386,0.2666448306365407,3,5,6,100,66.21,65.56,54.89,64.02,56.79,61.02,0.0,0.0
2335,45952,67.86,55.04741510634666,0.3642537456358267,4,6,6,100,64.6,64.57,67.04,73.76,64.25,72.96,0.0,0.0
2336,49267,74.75,57.86998165438804,0.3484481173241409,7,6,6,100,75.32,81.52,74.8,76.62,67.94,72.31,0.0,0.0
2337,42627,73.17,55.44088784215673,0.3645402191192453,2,11,6,100,77.67,74.79,74.7,65.43,76.04,70.39,0.0,0.0
2338,45952,58.12,54.77495656869828,0.374246732306092,4,6,6,100,59.48,59.91,58.09,59.95,55.51,55.8,0.0,0.0
2339,42476,61.74,56.707033944506485,0.3235525812506154,3,13,6,100,56.32,61.02,67.78,62.96,64.6,57.76,0.0,0.0
2340,45952,64.54,55.49739362768896,0.4282700439143555,4,6,6,100,65.88,67.66,67.68,60.31,68.08,57.65,0.0,0.0
2341,53014,72.53,56.64855798163615,0.2442631789976467,4,2,6,100,70.65,67.61,78.75,79.6,70.35,68.2,0.0,0.0
2342,47867,67.03,54.89872169724085,0.3958100330923529,10,11,6,100,60.7,69.07,70.06,63.71,72.84,65.78,0.0,0.0
2343,41532,60.81,56.723653862849865,0.3468585615670915,0,6,6,100,58.2,57.99,53.24,66.99,71.79,56.65,0.0,0.0
2344,45146,61.11,56.8043397841805,0.3357899214612832,4,8,6,100,57.73,60.31,51.99,66.29,66.1,64.22,0.0,0.0
2345,45952,73.91,55.50519411154202,0.384962777634162,4,6,6,100,73.84,66.23,70.28,81.54,68.78,82.79,0.0,0.0
2346,46855,68.05,56.13738533069371,0.3498268444467079,4,5,6,100,69.77,74.31,65.78,66.32,68.5,63.65,0.0,0.0
2347,49515,74.77,56.40078131506828,0.304883469777233,6,5,6,100,62.4,79.45,76.85,80.5,80.77,68.68,0.0,0.0
2348,45146,67.93,55.70607386562273,0.3854780184407259,4,8,6,100,59.38,74.21,70.12,63.94,74.14,65.82,0.0,0.0
2349,45698,82.76,56.81128700865169,0.4409775533644011,2,4,6,100,77.67,73.45,94.05,86.43,81.7,83.26,0.0,0.0
2350,44340,69.56,55.90325115246634,0.3363868744165108,4,10,6,100,79.83,57.96,73.15,71.51,67.18,67.76,0.0,0.0
2351,46053,70.64,55.818565143641926,0.3461514486456805,6,9,6,100,70.96,67.91,61.9,66.98,79.19,76.91,0.0,0.0
2352,40323,75.76,56.845503925356525,0.412882171601677,0,9,6,100,73.06,83.62,68.04,71.04,74.62,84.2,0.0,0.0
2353,54018,71.67,56.09276160367134,0.3835750963006673,6,4,6,100,82.32,70.93,77.19,69.96,59.81,69.78,0.0,0.0
2354,150000,66.99,57.84948574216678,0.3343408742790241,10,1,6,100,57.85,69.52,73.28,70.21,65.0,66.08,0.0,0.0
2355,103536,75.75,57.26961307328413,0.2768326680443552,9,3,6,100,80.76,69.37,73.66,78.0,77.81,74.89,0.0,0.0
2356,47462,57.65,55.80644514649431,0.4012718862127828,6,6,6,100,53.6,57.94,56.24,56.97,61.23,59.9,0.0,0.0
2357,46859,72.59,53.706410065246445,0.4330445404993977,6,7,6,100,77.78,76.2,80.86,70.02,64.85,65.85,0.0,0.0
2358,46855,63.17,57.92023317347629,0.3368568247745904,4,5,6,100,59.37,68.73,66.02,69.33,58.26,57.34,0.0,0.0
2359,42627,64.76,54.649408903210144,0.4059302656840859,2,11,6,100,75.01,57.31,70.9,55.62,66.25,63.44,0.0,0.0
2360,49515,72.92,57.27285734742776,0.3274276733948151,6,5,6,100,68.35,77.86,71.5,66.0,75.05,78.73,0.0,0.0
2361,46855,84.48,56.28009947024816,0.3065008046320774,4,5,6,100,75.37,75.33,89.28,92.09,90.76,84.06,0.0,0.0
2362,45545,66.59,55.40622750137653,0.3157949008573779,2,5,6,100,64.67,63.4,64.65,69.08,61.34,76.41,0.0,0.0
2363,46855,76.35,55.77350394051778,0.3720808133965449,4,5,6,100,74.25,69.9,90.39,71.29,68.52,83.73,0.0,0.0
2364,43181,76.78,56.40719865375696,0.3397612719212373,1,8,6,100,74.12,75.8,83.67,69.12,87.76,70.2,0.0,0.0
2365,73282,48.46,55.93630538761014,0.373875686636899,10,6,6,100,37.91,53.33,45.61,48.7,49.32,55.91,0.0,0.0
2366,48511,62.0,56.45670259155643,0.2437816888345466,4,3,6,100,56.11,55.81,65.0,63.44,61.23,70.42,0.0,0.0
2367,45545,59.09,55.63207402024109,0.3274695835101232,2,5,6,100,58.33,63.49,51.44,65.65,52.29,63.32,0.0,0.0
2368,48511,74.46,56.07140709696616,0.3295851480315158,4,3,6,100,63.09,80.0,71.48,82.81,80.48,68.89,0.0,0.0
2369,43836,63.49,56.45760826992887,0.3189582553779491,2,8,6,100,62.5,69.17,61.07,62.47,54.71,71.01,0.0,0.0
2370,150000,62.48,55.55837444424787,0.3533725806529331,10,1,6,100,57.67,68.75,58.4,67.1,58.26,64.69,0.0,0.0
2371,44642,63.64,54.904203177772935,0.3966923512081727,2,6,6,100,63.14,59.26,71.45,64.15,58.22,65.62,0.0,0.0
2372,47966,60.18,55.99719522525368,0.3495764273689202,8,8,6,100,67.61,62.73,60.64,49.84,61.48,58.76,0.0,0.0
2373,45952,65.3,55.11796483691837,0.2931104347192453,4,6,6,100,70.39,52.18,73.61,62.69,73.24,59.69,0.0,0.0
2374,62525,73.58,56.27682813479791,0.4184039558436651,8,5,6,100,71.47,82.69,80.83,66.02,63.83,76.64,0.0,0.0
2375,54272,60.33,55.151323058561,0.3227570584473225,8,6,6,100,62.26,53.39,59.39,65.03,65.7,56.2,0.0,0.0
2376,43030,65.5,54.90343138024759,0.327753336690455,2,10,6,100,73.96,66.58,62.4,64.33,61.61,64.14,0.0,0.0
2377,146044,76.39,55.345599374540846,0.3351827267401452,10,2,6,100,86.71,81.08,76.53,71.4,75.5,67.11,0.0,0.0
2378,44642,70.6,56.33950314535532,0.361709661686711,2,6,6,100,77.29,69.26,61.71,63.7,71.63,80.01,0.0,0.0
2379,44743,74.68,56.69984668219435,0.39428626533009,4,9,6,100,69.96,70.85,70.77,81.29,78.5,76.69,0.0,0.0
2380,45698,81.96,55.92113540399943,0.387413565488355,2,4,6,100,81.21,86.26,81.39,89.77,74.49,78.61,0.0,0.0
2381,43836,65.93,56.99353613799367,0.331093755300984,2,8,6,100,61.26,64.32,71.96,67.26,68.94,61.84,0.0,0.0
2382,45297,70.84,55.48108874792256,0.3337721795143191,3,6,6,100,75.74,80.84,65.03,60.52,66.08,76.85,0.0,0.0
2383,54018,64.06,57.34800301204024,0.3632915158476474,6,4,6,100,67.09,57.62,60.47,65.67,60.31,73.17,0.0,0.0
2384,44491,70.4,57.194626935841264,0.3474730983574524,3,8,6,100,80.8,73.83,63.28,69.63,68.56,66.31,0.0,0.0
2385,62781,66.3,56.36687325329365,0.4193076079639635,11,8,6,100,63.48,63.89,74.38,69.61,59.96,66.5,0.0,0.0
2386,45549,55.58,54.05472002205685,0.3229750923750341,4,7,6,100,56.78,54.4,61.49,55.02,57.36,48.41,0.0,0.0
2387,49519,69.39,56.91450363092299,0.3192185308975442,8,7,6,100,66.97,70.8,67.66,67.02,68.08,75.79,0.0,0.0
2388,46154,64.39,58.47359635384853,0.3169211878557999,8,12,6,100,63.12,69.41,58.9,70.12,63.89,60.9,0.0,0.0
2389,48511,70.54,56.0469434556724,0.2649432236173424,4,3,6,100,65.11,66.74,68.23,76.81,68.85,77.51,0.0,0.0
2390,47966,68.61,55.66207171517888,0.3853981475624399,8,8,6,100,70.31,65.3,65.95,72.98,69.61,67.49,0.0,0.0
2391,49519,57.01,54.36854454644664,0.3297282436645701,8,7,6,100,56.54,62.83,67.3,52.35,52.55,50.52,0.0,0.0
2392,45297,59.36,55.23618884965877,0.3944559707642567,3,6,6,100,59.61,60.28,51.36,64.7,56.74,63.47,0.0,0.0
2393,46859,61.53,56.28007647354771,0.4114213302164626,6,7,6,100,59.05,69.83,58.12,57.71,68.29,56.19,0.0,0.0
2394,48511,59.12,55.1470719771665,0.3865247313497848,4,3,6,100,64.44,54.13,58.26,59.7,57.9,60.27,0.0,0.0
2395,45545,57.06,56.90733455290585,0.4019924119788574,2,5,6,100,62.05,51.45,58.22,52.8,66.22,51.61,0.0,0.0
2396,48511,78.2,56.36046762780129,0.3794711155427055,4,3,6,100,87.7,71.2,72.72,80.47,86.55,70.54,0.0,0.0
2397,44995,73.14,54.8800537477504,0.3543453734943197,5,10,6,100,68.2,82.57,64.04,81.63,62.16,80.21,0.0,0.0
2398,53014,62.98,57.5646467933959,0.2562468579391099,4,2,6,100,66.58,61.28,57.82,56.94,60.81,74.47,0.0,0.0
2399,62525,63.65,56.25378494441277,0.3461153952549076,8,5,6,100,66.21,64.26,68.81,63.59,56.7,62.33,0.0,0.0
2400,45549,74.74,55.60123366510292,0.386012492770236,4,7,6,100,82.17,64.11,71.09,72.18,73.26,85.6,0.0,0.0
2401,46855,61.1,55.34314805488735,0.3186287244671173,4,5,6,100,59.09,68.28,55.1,63.24,59.42,61.46,0.0,0.0
2402,49013,63.72,56.92939131371677,0.3311934261792285,5,4,6,100,74.38,61.42,66.79,59.97,63.47,56.29,0.0,0.0
2403,62529,72.56,56.05599680102041,0.4373664369259646,10,7,6,100,68.66,76.22,81.54,69.84,75.16,63.94,0.0,0.0
2404,41532,76.57,56.23746992024054,0.4078735320326049,0,6,6,100,81.51,75.59,88.32,67.38,70.49,76.14,0.0,0.0
2405,44239,69.85,55.8046587091853,0.3412096691369,2,7,6,100,66.84,74.42,75.98,72.89,67.53,61.42,0.0,0.0
2406,54272,72.86,56.5082062442364,0.3953804352719382,8,6,6,100,81.07,74.79,64.67,70.86,69.04,76.75,0.0,0.0
2407,54018,62.62,55.42030336537015,0.2903823823245654,6,4,6,100,63.75,57.67,67.79,60.73,56.82,68.94,0.0,0.0
2408,45146,46.96,56.56628564652078,0.2635526302639176,4,8,6,100,52.28,50.4,44.87,40.48,41.17,52.59,0.0,0.0
2409,86531,70.09,54.520286582379015,0.3042951722109432,8,3,6,100,72.05,58.09,69.39,71.64,73.83,75.53,0.0,0.0
2410,45801,75.93,57.48480642024384,0.3933380414209758,5,8,6,100,75.47,72.74,73.91,64.18,81.58,87.69,0.0,0.0
2411,44088,44.62,56.288187658834445,0.2851658928240536,3,9,6,100,38.78,47.72,49.93,41.8,47.0,42.5,0.0,0.0
2412,46859,67.45,57.877603137261545,0.3237412713091889,6,7,6,100,67.64,71.53,70.17,68.1,65.22,62.03,0.0,0.0
2413,46204,58.09,55.88167624588311,0.3189524830399834,5,7,6,100,56.22,63.89,55.57,60.13,47.61,65.12,0.0,0.0
2414,53516,61.22,55.2042638656038,0.3361971535820026,5,3,6,100,55.63,66.84,56.91,70.99,55.56,61.39,0.0,0.0
2415,47710,73.72,54.27514513337835,0.3847533202121,5,5,6,100,62.9,74.73,74.1,76.03,77.29,77.24,0.0,0.0
2416,49515,58.24,56.19430665382761,0.3712872658511027,6,5,6,100,64.09,53.47,56.43,62.63,56.64,56.21,0.0,0.0
2417,87535,61.22,55.64837679024548,0.3069484527653298,10,5,6,100,72.62,51.38,59.77,58.75,66.08,58.69,0.0,0.0
2418,46855,67.61,55.50246974255968,0.2781479782705154,4,5,6,100,72.97,55.95,67.78,59.51,71.01,78.42,0.0,0.0
2419,44894,66.01,56.82610229690348,0.3582889687394864,3,7,6,100,56.47,60.54,74.08,56.95,73.52,74.49,0.0,0.0
2420,46960,63.02,55.40041175128266,0.3698575651739321,8,10,6,100,64.11,65.91,57.04,68.64,65.87,56.55,0.0,0.0
2421,46855,85.26,57.26454308124367,0.3526192686097998,4,5,6,100,82.91,84.81,84.72,82.34,97.7,79.1,0.0,0.0
2422,47710,76.74,56.23904164992741,0.3360929065338389,5,5,6,100,77.94,70.1,89.39,75.97,70.69,76.38,0.0,0.0
2423,45650,76.59,57.23131869533079,0.404357614699033,6,10,6,100,74.82,78.95,83.58,72.72,70.88,78.57,0.0,0.0
2424,44894,70.08,54.30252454245427,0.4022032039331933,3,7,6,100,65.31,74.25,67.75,82.69,65.14,65.33,0.0,0.0
2425,44642,69.88,54.47763410240318,0.3434750175796271,2,6,6,100,66.81,74.87,76.63,58.07,79.21,63.69,0.0,0.0
2426,47363,74.18,57.78159140268643,0.295685411006601,8,9,6,100,77.56,69.64,66.02,79.63,79.57,72.68,0.0,0.0
2427,43030,67.09,54.78616049210263,0.3544833800314575,2,10,6,100,67.83,72.45,70.44,68.97,59.61,63.25,0.0,0.0
2428,122537,82.36,56.72179956319821,0.2563336339286642,8,1,6,100,80.94,89.88,80.73,86.7,78.3,77.58,0.0,0.0
2429,104038,67.55,56.16247014072476,0.3164137419816913,10,4,6,100,77.41,68.34,60.76,76.85,62.91,59.04,0.0,0.0
2430,61521,72.6,56.33437214614651,0.3606009917752661,6,3,6,100,67.44,74.53,74.51,67.53,78.66,72.96,0.0,0.0
2431,44340,59.99,55.74750737801028,0.3627986591168579,4,10,6,100,58.28,63.79,59.58,59.57,61.61,57.1,0.0,0.0
2432,103034,48.2,55.113846537158494,0.2794692252452722,8,2,6,100,52.96,44.9,50.48,43.13,50.15,47.6,0.0,0.0
2433,47710,65.19,55.73671274233,0.3210533094147185,5,5,6,100,54.0,63.48,70.73,68.99,66.12,67.85,0.0,0.0
2434,85527,63.38,56.05814581447877,0.3931216186687712,6,1,6,100,58.27,55.02,62.81,71.92,77.41,54.82,0.0,0.0
2435,45545,67.01,54.72292996037015,0.374970185571426,2,5,6,100,72.1,63.12,67.77,68.81,64.2,66.08,0.0,0.0
2436,45698,62.12,55.7418058639244,0.2655317603020591,2,4,6,100,63.62,62.52,61.26,62.32,64.12,58.87,0.0,0.0
2437,45549,65.1,56.47510115850671,0.3505006191295518,4,7,6,100,55.97,62.62,74.35,67.86,66.5,63.29,0.0,0.0
2438,49519,79.5,54.875105927254445,0.3112417651533703,8,7,6,100,81.22,69.6,76.05,88.58,74.59,86.98,0.0,0.0
2439,103034,88.84,56.275189650437945,0.3167509254754638,8,2,6,100,91.11,92.0,83.14,83.86,88.51,94.44,0.0,0.0
2440,43937,74.78,55.2803452358109,0.314331363442921,4,11,6,100,68.98,73.88,79.23,78.67,72.74,75.18,0.0,0.0
2441,45549,71.9,56.832997318688506,0.308809793695122,4,7,6,100,60.51,74.03,79.5,78.35,72.36,66.68,0.0,0.0
2442,53014,72.97,56.32112344110387,0.2337501414852497,4,2,6,100,78.95,73.92,72.26,78.72,65.58,68.37,0.0,0.0
2443,44894,60.26,53.08128755273134,0.2700510539725205,3,7,6,100,58.8,57.45,58.6,57.63,63.11,65.99,0.0,0.0
2444,54272,66.26,54.38666431159197,0.3460932460054001,8,6,6,100,72.42,56.2,73.47,58.4,70.69,66.41,0.0,0.0
2445,46204,65.7,56.56276722696488,0.3139302571886775,5,7,6,100,55.95,66.35,66.42,72.44,67.49,65.57,0.0,0.0
2446,47208,56.49,55.7611085519936,0.3545001377509592,4,4,6,100,53.59,62.94,60.87,55.89,52.18,53.46,0.0,0.0
2447,44340,68.1,56.722780604155645,0.318904047457373,4,10,6,100,64.98,73.66,66.26,69.29,61.3,73.1,0.0,0.0
2448,45952,60.13,55.99822216225077,0.2832672003969215,4,6,6,100,66.2,51.95,60.12,69.7,60.57,52.23,0.0,0.0
2449,49515,60.06,57.76580049410451,0.323710262922264,6,5,6,100,62.65,51.38,70.53,67.09,54.72,54.02,0.0,0.0
2450,46855,64.55,55.51312846940501,0.3590109754881049,4,5,6,100,56.06,61.24,71.28,62.86,63.91,71.95,0.0,0.0
2451,49013,59.19,56.1160986819439,0.4156253364451601,5,4,6,100,57.72,59.08,69.56,56.87,55.17,56.74,0.0,0.0
2452,45952,60.7,55.515755792028976,0.2915690030541216,4,6,6,100,64.23,73.9,59.54,57.96,55.82,52.77,0.0,0.0
2453,49515,56.15,54.507764028756505,0.3814096645300016,6,5,6,100,59.82,58.2,56.75,54.93,50.05,57.17,0.0,0.0
2454,47462,65.18,54.74084346927537,0.3732166160887384,6,6,6,100,57.02,66.97,61.19,72.88,63.91,69.11,0.0,0.0
2455,72024,62.6,57.4998809973376,0.3445166067769283,6,2,6,100,61.8,67.45,51.4,72.31,66.64,55.97,0.0,0.0
2456,45146,67.32,55.01389860921883,0.2726119440709503,4,8,6,100,68.29,64.59,65.32,73.47,69.49,62.77,0.0,0.0
2457,73028,62.86,56.510092613685934,0.324925128588136,8,4,6,100,67.36,64.05,58.49,53.36,61.2,72.69,0.0,0.0
2458,54018,55.22,54.19642851146489,0.3151004880788446,6,4,6,100,53.64,57.96,58.3,45.94,62.35,53.13,0.0,0.0
2459,45146,68.93,57.63512351963518,0.4249805712893398,4,8,6,100,69.01,72.85,61.59,72.6,77.2,60.35,0.0,0.0
2460,47462,71.28,56.68413584635781,0.3123060087918926,6,6,6,100,66.59,78.33,60.25,75.83,73.57,73.13,0.0,0.0
2461,61521,80.32,56.10587203324756,0.3014973211161193,6,3,6,100,70.32,91.05,74.93,85.33,86.42,73.88,0.0,0.0
2462,44491,64.51,55.85747440255631,0.3950375058166895,3,8,6,100,68.83,60.54,67.76,57.51,56.43,75.99,0.0,0.0
2463,73530,78.27,56.07256213403316,0.2594987122395211,9,5,6,100,66.09,84.92,77.36,80.42,77.81,83.04,0.0,0.0
2464,73028,62.97,56.512366660473305,0.3840186839745499,8,4,6,100,65.92,68.76,73.26,56.74,56.88,56.25,0.0,0.0
2465,53516,74.86,57.00066016505086,0.3309776535304028,5,3,6,100,66.35,78.31,83.46,86.17,66.78,68.11,0.0,0.0
2466,46960,78.58,55.538731717714114,0.2997098499626003,8,10,6,100,71.56,71.95,83.75,81.09,80.54,82.6,0.0,0.0
2467,49519,63.92,55.56782706353875,0.3070739024738863,8,7,6,100,71.63,62.41,58.23,69.6,62.98,58.7,0.0,0.0
2468,45146,72.23,57.2380325347392,0.3106908645967191,4,8,6,100,66.39,78.05,66.67,80.73,71.94,69.61,0.0,0.0
2469,45146,45.46,53.8866736398354,0.3429527893028671,4,8,6,100,46.67,51.33,46.49,41.89,41.46,44.94,0.0,0.0
2470,45952,57.07,56.74009509515047,0.2720904715389756,4,6,6,100,54.76,69.33,52.78,54.64,58.77,52.13,0.0,0.0
2471,47966,60.16,55.86070991034147,0.4085304841814651,8,8,6,100,63.06,68.34,55.31,51.74,56.73,65.76,0.0,0.0
2472,43584,72.87,55.58646550963761,0.2271919774061159,1,7,6,100,64.46,62.06,75.56,73.67,79.17,82.31,0.0,0.0
2473,44441,80.02,55.797229398278624,0.3951004907487793,6,13,6,100,78.67,84.32,82.35,81.03,76.66,77.09,0.0,0.0
2474,72024,58.9,55.4266077162153,0.3454108461285389,6,2,6,100,62.58,54.93,60.87,53.83,57.93,63.27,0.0,0.0
2475,39517,59.32,58.44064164315969,0.2698954584032253,0,11,6,100,57.08,58.1,65.02,51.89,56.21,67.62,0.0,0.0
2476,46855,69.96,54.924172361232905,0.2795266975205417,4,5,6,100,77.26,67.98,64.56,67.66,62.32,79.98,0.0,0.0
2477,44189,74.38,55.26920645116831,0.3548834464881913,5,12,6,100,67.85,79.35,67.74,84.33,82.68,64.3,0.0,0.0
2478,46204,61.03,56.74013091384456,0.3668448068473306,5,7,6,100,63.38,65.18,54.11,58.16,68.17,57.2,0.0,0.0
2479,54018,75.04,57.71306544262929,0.3283760830474573,6,4,6,100,73.29,76.34,82.47,68.86,84.25,65.0,0.0,0.0
2480,54018,73.7,55.942477546547615,0.3851321244200836,6,4,6,100,64.68,81.9,77.92,73.73,67.57,76.4,0.0,0.0
2481,45952,79.45,57.76498474549995,0.249351272086172,4,6,6,100,66.77,80.19,93.12,91.87,72.81,71.96,0.0,0.0
2482,53516,67.11,57.59020847465513,0.2431140004939868,5,3,6,100,72.01,68.45,66.72,64.97,57.79,72.74,0.0,0.0
2483,45499,71.16,57.231499919473066,0.3133277760911979,7,12,6,100,72.61,80.53,66.41,66.56,60.81,80.03,0.0,0.0
2484,48009,66.84,54.63053252412022,0.3045631017571946,3,2,6,100,55.4,63.45,69.65,64.94,73.6,74.02,0.0,0.0
2485,46200,68.59,56.31067729502686,0.2906179724046051,3,5,6,100,63.33,75.71,70.39,72.84,65.24,64.04,0.0,0.0
2486,45146,64.74,58.02664616783032,0.3607806361291433,4,8,6,100,60.26,59.54,70.9,72.57,57.83,67.34,0.0,0.0
2487,72024,59.76,56.88553165400835,0.3851529156442896,6,2,6,100,65.74,51.25,60.64,63.78,64.49,52.66,0.0,0.0
2488,44340,72.36,56.662566830758,0.2709490460622663,4,10,6,100,74.81,79.18,68.34,74.89,70.5,66.42,0.0,0.0
2489,44642,64.67,56.91386803488928,0.2995623141478459,2,6,6,100,67.63,70.77,60.05,57.82,71.38,60.36,0.0,0.0
2490,47710,61.98,55.71090847481051,0.3337948549747258,5,5,6,100,63.01,68.1,62.13,55.85,65.86,56.96,0.0,0.0
2491,87033,69.98,55.822171613586114,0.3981058270313114,9,4,6,100,74.37,74.23,64.27,63.18,74.05,69.8,0.0,0.0
2492,146044,70.71,55.94029879868769,0.4433307495354927,10,2,6,100,61.35,75.28,65.27,70.82,71.33,80.24,0.0,0.0
2493,62525,64.8,54.64392051180224,0.2336336408203115,8,5,6,100,71.96,66.36,62.57,64.15,61.15,62.6,0.0,0.0
2494,45146,86.81,55.65292657607493,0.3282053426389135,4,8,6,100,93.58,71.92,89.94,84.54,93.02,87.84,0.0,0.0
2495,43937,53.88,56.750433356795625,0.437636896457552,4,11,6,100,51.89,52.58,63.51,51.95,53.43,49.91,0.0,0.0
2496,46353,73.63,57.119237186269935,0.2360252752560493,3,4,6,100,66.94,68.99,73.96,79.41,81.95,70.52,0.0,0.0
2497,47208,74.82,55.46284747547449,0.3793078200340082,4,4,6,100,81.11,70.06,69.15,84.38,66.87,77.37,0.0,0.0
2498,72024,70.27,55.59326131472356,0.3749313771658404,6,2,6,100,63.7,76.63,74.71,66.52,73.15,66.92,0.0,0.0
2499,49519,65.08,56.63716382909078,0.3037199557000296,8,7,6,100,64.8,70.62,68.5,65.77,57.39,63.38,0.0,0.0
2500,86531,77.63,56.22774061506462,0.3417941440452429,8,3,6,100,84.71,74.92,75.49,90.05,69.88,70.74,0.0,0.0
2501,47462,74.85,58.665669698980096,0.2903004053599477,6,6,6,100,85.51,81.97,68.49,68.79,66.24,78.08,0.0,0.0
2502,45549,72.34,56.94900582702914,0.2795124592431384,4,7,6,100,76.2,62.22,74.02,70.87,80.48,70.24,0.0,0.0
2503,44894,76.36,56.89621462841162,0.320871226463608,3,7,6,100,81.78,65.63,74.11,78.32,81.55,76.76,0.0,0.0
2504,45952,66.95,57.0387334674191,0.4400730151266321,4,6,6,100,67.46,68.04,67.13,78.22,59.39,61.44,0.0,0.0
2505,47462,56.25,54.90390323847491,0.3703275587332535,6,6,6,100,55.53,59.25,50.88,55.12,59.32,57.41,0.0,0.0
2506,46960,68.55,56.78739106896373,0.3697916155333111,8,10,6,100,72.06,72.12,58.92,75.02,57.8,75.36,0.0,0.0
2507,45549,67.74,56.209865430807184,0.4906461346538421,4,7,6,100,70.18,62.55,59.83,60.2,75.99,77.7,0.0,0.0
2508,49013,59.94,55.33812010803928,0.3201275948523985,5,4,6,100,57.11,60.13,69.92,54.82,60.16,57.5,0.0,0.0
2509,46855,88.41,56.23633387354599,0.2933009377789621,4,5,6,100,84.13,85.74,90.39,86.75,92.32,91.14,0.0,0.0
2510,86531,65.12,57.10233950912158,0.2574948930852113,8,3,6,100,66.75,58.15,67.17,64.75,63.78,70.09,0.0,0.0
2511,123541,60.79,56.90845493446186,0.3129337784273645,10,3,6,100,64.92,69.55,61.56,61.04,57.19,50.5,0.0,0.0
2512,43584,75.66,56.42205575687463,0.3399533001198941,1,7,6,100,77.66,66.42,66.98,85.55,84.65,72.7,0.0,0.0
2513,62023,68.2,56.00523643922002,0.3889503996014418,7,4,6,100,64.35,64.16,68.97,58.7,73.69,79.32,0.0,0.0
2514,45952,51.97,55.99205038703337,0.3286391822259516,4,6,6,100,55.9,54.19,55.39,46.1,53.58,46.64,0.0,0.0
2515,54018,63.33,55.21977714221132,0.275295438785393,6,4,6,100,62.14,67.98,69.17,52.09,59.84,68.73,0.0,0.0
2516,44743,68.73,56.779377544322834,0.2617869496166037,4,9,6,100,64.48,67.66,71.26,75.59,74.95,58.43,0.0,0.0
2517,49515,72.3,55.32525856552816,0.44049237452921,6,5,6,100,69.93,70.97,73.36,72.82,69.2,77.55,0.0,0.0
2518,45545,62.54,54.84872539289626,0.4126246700771397,2,5,6,100,59.53,57.46,71.57,61.2,70.12,55.37,0.0,0.0
2519,62525,72.2,57.72040721841252,0.180938419547837,8,5,6,100,61.12,76.03,75.7,66.47,77.2,76.69,0.0,0.0
2520,46353,66.5,55.88517103713782,0.2775213612381534,3,4,6,100,69.6,60.67,68.33,65.22,66.08,69.09,0.0,0.0
2521,73028,66.87,55.47736004536552,0.2470119650668116,8,4,6,100,60.61,65.04,67.01,64.78,77.28,66.48,0.0,0.0
2522,41821,71.06,55.69070456221056,0.3066835363360413,2,13,6,100,67.8,74.78,70.17,72.66,63.89,77.06,0.0,0.0
2523,46204,79.04,54.51932900166224,0.343066408547474,5,7,6,100,83.89,71.02,87.62,72.7,70.26,88.72,0.0,0.0
2524,47208,61.4,56.46734485038339,0.2922401291913264,4,4,6,100,66.14,64.92,55.19,68.19,57.76,56.19,0.0,0.0
2525,45751,64.6,55.96147896232727,0.3383571073091904,8,13,6,100,73.4,58.8,61.31,73.26,60.98,59.86,0.0,0.0
2526,62525,58.68,55.19837600733437,0.2961361255074851,8,5,6,100,58.37,54.19,53.83,70.59,60.2,54.88,0.0,0.0
2527,72526,79.72,55.60222403398669,0.3824961918585315,7,3,6,100,83.1,89.01,69.59,78.76,71.07,86.78,0.0,0.0
2528,45545,71.46,55.56625618529482,0.2663035176238119,2,5,6,100,71.26,63.11,62.48,76.22,77.73,77.97,0.0,0.0
2529,53516,65.56,57.94370440287167,0.2379548004234743,5,3,6,100,69.9,56.25,76.04,62.52,65.08,63.58,0.0,0.0
2530,49519,66.09,55.48053711168135,0.2327504470662025,8,7,6,100,59.28,73.0,57.13,70.04,62.72,74.37,0.0,0.0
2531,47363,68.83,55.76469735288957,0.2602819079496624,8,9,6,100,77.63,64.83,63.18,78.31,65.7,63.36,0.0,0.0
2532,54272,54.3,56.104472015010735,0.3525476352394738,8,6,6,100,51.58,53.27,61.68,58.03,47.2,54.05,0.0,0.0
2533,45146,53.15,56.18154075826743,0.3875056423236193,4,8,6,100,55.43,50.67,59.53,51.1,50.26,51.9,0.0,0.0
2534,73282,70.8,57.32749747376948,0.3504188871143948,10,6,6,100,80.07,64.83,67.36,82.08,67.28,63.15,0.0,0.0
2535,46200,75.2,57.08186657283962,0.3639392344306327,3,5,6,100,82.8,62.85,81.05,77.5,76.56,70.43,0.0,0.0
2536,104030,68.05,55.20823697558713,0.4680771761113269,6,0,6,100,73.35,65.05,73.4,57.28,74.13,65.12,0.0,0.0
2537,47208,73.65,55.62953499637463,0.3218608491004033,4,4,6,100,70.12,62.95,66.3,84.49,78.91,79.12,0.0,0.0
2538,47208,76.13,56.18361863116553,0.3152729356790264,4,4,6,100,73.57,80.16,73.98,68.19,73.39,87.51,0.0,0.0
2539,49515,70.37,55.65979969954687,0.3396661810819468,6,5,6,100,67.38,67.64,67.83,70.35,73.4,75.62,0.0,0.0
2540,124545,63.12,55.002527798326085,0.3259977311659305,12,5,6,100,57.46,69.19,52.8,61.05,68.08,70.11,0.0,0.0
2541,44894,68.61,55.98335678906579,0.2688750072059562,3,7,6,100,71.98,63.59,68.33,66.57,72.91,68.31,0.0,0.0
2542,62525,68.17,55.51987196465267,0.358404800186743,8,5,6,100,76.71,74.98,67.98,64.4,56.18,68.74,0.0,0.0
2543,54018,73.82,56.4824665189181,0.3517694162503095,6,4,6,100,73.13,68.64,78.52,73.76,71.94,76.9,0.0,0.0
2544,45146,67.51,56.32716838394076,0.3297637157238172,4,8,6,100,64.52,74.97,74.61,70.04,59.28,61.64,0.0,0.0
2545,45650,72.38,56.77250298817928,0.283492061703104,6,10,6,100,74.58,67.23,80.43,67.18,68.96,75.88,0.0,0.0
2546,45801,56.74,55.57957887559534,0.3622560434998564,5,8,6,100,55.42,55.52,68.54,61.01,50.26,49.68,0.0,0.0
2547,62525,52.63,55.14787443151147,0.3392640067135541,8,5,6,100,46.74,52.04,54.88,58.56,49.62,53.97,0.0,0.0
2548,45698,75.08,56.88880958418908,0.3378229712999733,2,4,6,100,80.28,73.28,70.3,73.92,71.62,81.06,0.0,0.0
2549,46200,68.06,57.24084742822927,0.3536946255100687,3,5,6,100,73.0,63.73,62.81,77.72,67.24,63.84,0.0,0.0
2550,49515,56.55,56.24491624121033,0.1901406991823731,6,5,6,100,64.87,50.58,51.58,51.6,55.25,65.43,0.0,0.0
2551,54776,70.28,57.37054957910308,0.3932046310317618,10,8,6,100,79.38,71.39,64.26,62.28,68.82,75.56,0.0,0.0
2552,39517,75.37,56.78968255028051,0.3281103556651192,0,11,6,100,74.37,70.41,78.82,69.34,76.79,82.47,0.0,0.0
2553,44340,69.35,56.36005281084298,0.3499852251852779,4,10,6,100,68.46,79.1,72.03,61.25,72.63,62.63,0.0,0.0
2554,47714,69.32,55.52639614630922,0.2663738753974874,7,7,6,100,64.93,68.68,76.14,64.23,68.49,73.45,0.0,0.0
2555,41532,78.34,56.36170522033299,0.3596900043015543,0,6,6,100,68.92,83.37,73.71,80.81,92.11,71.14,0.0,0.0
2556,49771,56.0,54.69355303782119,0.2455996252725991,9,8,6,100,50.1,50.75,57.66,63.91,66.94,46.65,0.0,0.0
2557,49515,62.65,54.65566970703184,0.2482448519088068,6,5,6,100,63.9,67.64,55.36,60.91,61.03,67.04,0.0,0.0
2558,45146,72.43,54.91228084938602,0.2883681078442286,4,8,6,100,80.39,78.89,67.39,78.84,65.59,63.5,0.0,0.0
2559,124043,64.59,56.343397693809536,0.2614049359905962,11,4,6,100,62.48,61.59,60.18,66.34,59.24,77.72,0.0,0.0
2560,73282,71.29,55.33563023666433,0.292776069789273,10,6,6,100,72.97,67.57,78.18,74.86,69.62,64.54,0.0,0.0
2561,43030,80.64,57.91059485711617,0.3441494705795355,2,10,6,100,89.72,76.44,78.42,69.2,81.66,88.41,0.0,0.0
2562,46456,80.26,56.37974364886314,0.3060625336436059,6,8,6,100,72.88,77.39,78.36,84.82,85.18,82.96,0.0,0.0
2563,54018,75.62,57.21285277462128,0.2542484389082444,6,4,6,100,78.89,66.6,80.2,65.75,77.28,84.98,0.0,0.0
2564,72526,70.78,56.8180510364294,0.3189309068881689,7,3,6,100,74.65,64.35,75.38,74.45,76.6,59.24,0.0,0.0
2565,61521,74.83,55.5765196705112,0.2371665586327274,6,3,6,100,78.34,78.1,75.43,73.67,75.69,67.77,0.0,0.0
2566,49519,58.9,57.07311859006744,0.3902296810205671,8,7,6,100,63.32,61.23,60.2,53.47,54.4,60.75,0.0,0.0
2567,47208,69.3,58.972166573630325,0.3793991954863607,4,4,6,100,71.04,69.43,69.63,72.75,71.27,61.68,0.0,0.0
2568,49519,57.1,55.0358577142503,0.3216356918409514,8,7,6,100,65.78,54.46,52.43,55.15,59.15,55.65,0.0,0.0
2569,62525,51.81,55.63704630337489,0.3647519893347724,8,5,6,100,51.39,51.95,44.63,46.53,60.31,56.07,0.0,0.0
2570,47363,75.8,55.99226878360445,0.3769902125029659,8,9,6,100,66.69,85.42,83.35,70.51,73.19,75.61,0.0,0.0
2571,45043,75.37,57.09071805271534,0.2679850740922077,1,4,6,100,79.97,69.22,72.73,69.81,68.21,92.3,0.0,0.0
2572,46607,63.22,55.48335380905071,0.375170910655649,5,6,6,100,60.71,57.01,52.1,70.57,70.16,68.78,0.0,0.0
2573,54018,70.55,57.80660338066944,0.2723862182250959,6,4,6,100,63.59,66.42,68.67,75.54,75.16,73.92,0.0,0.0
2574,44340,72.58,54.828247535061735,0.2965431191166722,4,10,6,100,77.33,63.9,73.26,76.91,66.42,77.63,0.0,0.0
2575,41129,91.04,58.08912885299054,0.2763798796187184,0,7,6,100,84.16,91.97,98.07,92.15,84.0,95.88,0.0,0.0
2576,45851,55.48,57.29386669482997,0.2992030467113156,2,3,6,100,49.2,51.77,51.99,63.66,58.41,57.85,0.0,0.0
2577,47462,76.3,56.40251761352005,0.3126672836531321,6,6,6,100,83.35,70.33,69.09,83.8,73.3,77.92,0.0,0.0
2578,147040,71.93,57.05354905418611,0.2918751881622112,8,0,6,100,76.28,67.53,62.89,80.98,77.96,65.92,0.0,0.0
2579,46859,64.12,55.365949071114265,0.2323662714105788,6,7,6,100,53.17,56.5,61.86,67.39,74.33,71.49,0.0,0.0
2580,102532,71.7,55.31118671344775,0.2640101743199055,7,1,6,100,64.33,69.4,71.45,68.66,78.76,77.57,0.0,0.0
2581,45549,70.62,55.50743891377221,0.4071380433928055,4,7,6,100,63.86,70.7,66.13,84.38,65.04,73.63,0.0,0.0
2582,46859,75.48,57.6696402721019,0.2858098681718364,6,7,6,100,81.38,83.86,70.77,73.19,76.42,67.23,0.0,0.0
2583,48511,72.63,56.852975996295406,0.1855615162031645,4,3,6,100,75.71,66.76,76.76,83.89,71.35,61.3,0.0,0.0
2584,86531,77.89,55.15412034016385,0.2629633543455481,8,3,6,100,74.15,86.98,76.76,76.16,76.83,76.44,0.0,0.0
2585,45545,76.17,56.24886362232973,0.3999084645376606,2,5,6,100,65.77,82.44,81.42,84.23,72.56,70.58,0.0,0.0
2586,72024,69.72,56.42687376539105,0.323680055701082,6,2,6,100,73.79,74.01,62.32,65.78,60.69,81.75,0.0,0.0
2587,103034,68.61,56.7178402363735,0.3678830166821841,8,2,6,100,64.76,73.24,75.31,65.9,66.9,65.58,0.0,0.0
2588,45952,77.4,55.411235772075806,0.2874758314949708,4,6,6,100,69.14,82.18,87.56,70.78,70.05,84.72,0.0,0.0
2589,104038,72.76,55.78197388289375,0.3994001141212063,10,4,6,100,64.57,65.03,81.53,76.83,79.86,68.77,0.0,0.0
2590,49519,73.53,57.69311994108696,0.4026318799780661,8,7,6,100,71.78,65.57,76.41,74.18,73.88,79.38,0.0,0.0
2591,123541,67.86,57.81591838660119,0.2832373387662343,10,3,6,100,70.06,70.4,61.85,66.26,75.9,62.67,0.0,0.0
2592,46557,61.69,55.670820248125686,0.4509552643063254,8,11,6,100,61.25,65.12,60.95,56.12,67.75,58.95,0.0,0.0
2593,150000,65.18,54.98198150193536,0.2723464234718922,12,2,6,100,59.5,63.36,68.02,68.35,60.47,71.36,0.0,0.0
2594,47363,58.72,54.2106916311834,0.2572673825417422,8,9,6,100,62.41,52.5,61.16,56.98,59.92,59.36,0.0,0.0
2595,47462,71.61,56.18014288577941,0.2164614604399765,6,6,6,100,74.08,75.36,70.95,82.85,64.92,61.48,0.0,0.0
2596,49267,69.42,55.75498639520142,0.29488713516439,7,6,6,100,81.09,60.85,65.46,77.0,63.77,68.37,0.0,0.0
2597,46607,73.67,57.5611555680577,0.2674404792152209,5,6,6,100,70.88,81.15,75.01,67.88,82.26,64.85,0.0,0.0
2598,46960,56.64,56.2351181910534,0.3810572675401903,8,10,6,100,56.78,54.02,59.68,50.83,65.5,53.03,0.0,0.0
2599,46859,69.52,56.05261466265716,0.3166276271765897,6,7,6,100,68.89,64.22,69.78,61.42,69.42,83.36,0.0,0.0
2600,49515,65.4,55.14935943145547,0.3204943973145012,6,5,6,100,68.52,58.93,60.46,70.74,73.74,60.03,0.0,0.0
2601,146546,61.18,56.722605330762455,0.2340684373263153,11,3,6,100,53.7,56.41,67.96,61.34,61.66,65.98,0.0,0.0
2602,102532,55.63,55.81540630905426,0.353840298089288,7,1,6,100,50.4,56.06,53.87,51.91,60.0,61.55,0.0,0.0
2603,124035,55.93,53.89049872863515,0.2440046918337206,7,0,6,100,60.73,50.17,62.98,53.33,55.19,53.17,0.0,0.0
2604,46855,70.96,57.94333699261156,0.2306398021590619,4,5,6,100,79.87,84.03,68.82,70.39,63.03,59.64,0.0,0.0
2605,49515,57.88,56.754877370191565,0.2823271857058012,6,5,6,100,57.76,65.27,51.14,53.81,62.03,57.24,0.0,0.0
2606,45545,80.45,57.28546900593727,0.3055155264500526,2,5,6,100,86.03,86.08,87.12,70.35,74.66,78.45,0.0,0.0
2607,150000,64.54,55.30512539317295,0.2747922405889719,14,0,6,100,69.19,54.91,70.82,72.19,54.86,65.27,0.0,0.0
2608,48009,60.28,56.65553179980057,0.3482254069754712,3,2,6,100,58.95,67.22,60.96,62.94,50.5,61.08,0.0,0.0
2609,46204,54.41,56.72280084931425,0.3016816151334126,5,7,6,100,50.92,52.39,55.1,57.29,58.42,52.33,0.0,0.0
2610,45698,71.33,56.37104756482459,0.3134015025926621,2,4,6,100,79.09,64.52,78.68,75.59,65.75,64.36,0.0,0.0
2611,47462,65.01,56.682612594512186,0.3265637068969538,6,6,6,100,60.1,67.56,69.65,59.99,63.18,69.56,0.0,0.0
2612,103034,73.54,56.98362313212888,0.3181491461984979,8,2,6,100,69.56,80.09,76.54,77.95,73.07,64.01,0.0,0.0
2613,45952,60.57,55.55943159091462,0.3455100807798605,4,6,6,100,65.99,62.7,52.64,60.21,66.94,54.95,0.0,0.0
2614,44743,69.84,55.372922882731245,0.3864310026129222,4,9,6,100,67.3,80.16,61.39,80.65,65.77,63.78,0.0,0.0
2615,44743,66.27,56.92949674137489,0.3424848982273076,4,9,6,100,72.32,67.1,69.2,71.74,55.4,61.85,0.0,0.0
2616,87287,74.69,58.5047099604622,0.2972385127588414,11,6,6,100,66.51,80.96,67.32,80.05,68.57,84.73,0.0,0.0
2617,54272,70.16,59.36540824738478,0.2621805014281194,8,6,6,100,72.68,66.08,71.17,75.09,76.3,59.65,0.0,0.0
2618,62277,75.89,55.71183852838225,0.3201705460985033,9,6,6,100,73.85,69.96,74.61,81.31,75.16,80.47,0.0,0.0
2619,47710,60.91,55.58252869594816,0.3223970991194498,5,5,6,100,57.84,57.95,65.44,57.71,57.89,68.63,0.0,0.0
2620,45549,74.84,56.24029589762657,0.4073451076906742,4,7,6,100,70.85,68.61,71.08,82.28,73.18,83.02,0.0,0.0
2621,61521,66.92,56.919108157795776,0.3582258116892497,6,3,6,100,70.38,59.09,73.67,60.13,72.75,65.52,0.0,0.0
2622,45146,79.57,56.45763759165769,0.2785694179459956,4,8,6,100,87.33,70.82,72.03,74.11,86.0,87.11,0.0,0.0
2623,147040,67.62,57.03334348660744,0.3044246042779074,8,0,6,100,65.63,72.4,75.5,63.91,62.45,65.81,0.0,0.0
2624,54018,64.94,56.26837268892783,0.3095061862861443,6,4,6,100,61.59,73.74,66.08,64.27,61.89,62.07,0.0,0.0
2625,46204,71.2,56.27414076960672,0.2957725940973184,2,2,6,100,73.99,67.01,61.13,81.83,67.42,75.82,0.0,0.0
2626,146546,75.88,55.87914375375967,0.3362586953245645,11,3,6,100,68.1,79.95,88.22,69.12,80.42,69.49,0.0,0.0
2627,150000,55.47,57.715712533965736,0.3488025577150194,11,0,6,100,56.14,64.76,52.14,54.15,57.44,48.17,0.0,0.0
2628,49515,54.09,55.62081161032859,0.2515185645409248,6,5,6,100,49.56,48.69,55.97,49.76,60.41,60.16,0.0,0.0
2629,54018,69.94,56.55407847023868,0.2668349700708699,6,4,6,100,77.03,66.33,71.38,73.51,69.67,61.69,0.0,0.0
2630,150000,66.13,58.33235643558742,0.2572189680520424,15,0,6,100,71.76,68.51,65.74,69.03,64.32,57.4,0.0,0.0
2631,46859,72.73,57.21969067250926,0.2473564550384721,6,7,6,100,76.12,77.39,66.88,75.28,63.83,76.9,0.0,0.0
2632,47208,60.61,56.726728047704746,0.3142093065063773,4,4,6,100,64.05,57.28,61.83,60.98,65.45,54.08,0.0,0.0
2633,48009,68.47,57.74176207723691,0.2509412660232355,3,2,6,100,57.11,78.44,66.22,59.32,78.17,71.58,0.0,0.0
2634,46859,61.15,57.16764415300828,0.3571462032174431,6,7,6,100,60.25,55.87,52.95,64.09,62.4,71.32,0.0,0.0
2635,47966,62.47,56.18444913207136,0.2047285347241769,8,8,6,100,59.69,67.53,56.85,59.4,56.73,74.64,0.0,0.0
2636,46855,86.1,56.0746526325657,0.4040237436336773,4,5,6,100,90.23,74.6,86.55,88.82,92.85,83.56,0.0,0.0
2637,147040,73.45,56.22472198779866,0.3854183327714643,8,0,6,100,88.22,70.35,64.68,70.61,66.89,79.95,0.0,0.0
2638,62023,72.01,56.86851363223641,0.3114022351587998,7,4,6,100,83.18,66.95,65.91,69.68,73.39,72.95,0.0,0.0
2639,54018,58.06,54.25406848704332,0.3716935730382494,6,4,6,100,62.85,59.74,54.67,50.95,66.47,53.71,0.0,0.0
2640,54272,60.0,55.9121566462576,0.3087060786125287,8,6,6,100,53.56,56.78,63.76,61.02,70.53,54.35,0.0,0.0
2641,150000,74.61,55.73638387163415,0.2135498238533739,12,2,6,100,64.62,69.3,81.74,75.33,77.21,79.45,0.0,0.0
2642,62525,70.83,55.32838251763338,0.3019186712432101,8,5,6,100,80.96,67.89,70.48,71.54,66.63,67.49,0.0,0.0
2643,46204,71.9,56.32748011935512,0.2988009412570391,5,7,6,100,75.7,76.03,71.43,78.43,68.07,61.76,0.0,0.0
2644,47966,71.22,57.72436282895879,0.2818787953383189,8,8,6,100,72.84,75.04,73.28,66.69,68.33,71.13,0.0,0.0
2645,47966,84.88,55.30194756001625,0.29523723014489,8,8,6,100,85.81,84.34,89.68,70.14,91.59,87.7,0.0,0.0
2646,72024,75.09,56.041989038772506,0.2454087178030907,6,2,6,100,77.1,66.11,75.15,70.22,78.47,83.47,0.0,0.0
2647,46859,71.0,58.60731316952523,0.2750178401430765,6,7,6,100,74.87,69.0,64.26,70.32,70.86,76.67,0.0,0.0
2648,44743,63.79,55.16761013604073,0.3002066520871458,4,9,6,100,70.1,62.71,59.57,67.99,61.2,61.15,0.0,0.0
2649,45952,66.98,57.16839433839656,0.3046614317028623,4,6,6,100,66.69,69.64,59.09,68.04,63.59,74.81,0.0,0.0
2650,62525,75.87,57.47776937245648,0.304639948541687,8,5,6,100,62.56,77.57,82.6,78.14,82.14,72.2,0.0,0.0
2651,60517,73.0,58.996209738976894,0.2775694797938164,4,1,6,100,79.4,74.21,69.89,63.05,73.57,77.86,0.0,0.0
2652,104038,70.22,56.34713711015539,0.288882065301977,10,4,6,100,65.33,82.52,64.46,71.61,71.96,65.42,0.0,0.0
2653,72024,61.28,57.1151753720568,0.3041518878699442,6,2,6,100,64.45,65.23,66.73,55.35,52.21,63.71,0.0,0.0
2654,45952,66.4,57.82898167791715,0.3137669140415757,4,6,6,100,57.48,72.58,69.05,66.07,70.94,62.25,0.0,0.0
2655,86531,75.8,56.80908890756182,0.2608154790484133,8,3,6,100,71.86,87.51,70.22,68.99,70.51,85.73,0.0,0.0
2656,49515,73.62,56.10814616947669,0.3035448816492342,6,5,6,100,64.26,77.8,73.18,79.27,72.49,74.72,0.0,0.0
2657,46353,67.6,55.90892409905401,0.2783509371399591,3,4,6,100,60.27,68.61,63.95,74.77,71.2,66.79,0.0,0.0
2658,73028,79.48,56.81191375370402,0.2129154701050938,8,4,6,100,81.55,79.34,72.6,83.24,83.86,76.32,0.0,0.0
2659,73028,58.73,57.69339802587261,0.2342939200503265,8,4,6,100,56.32,65.84,59.87,54.81,59.46,56.1,0.0,0.0
2660,46859,67.47,56.67763898499144,0.2685422302624832,6,7,6,100,64.14,64.58,69.95,69.54,75.78,60.83,0.0,0.0
2661,44491,71.51,53.83012439332275,0.2891999849639028,3,8,6,100,62.73,82.13,70.94,78.56,74.02,60.68,0.0,0.0
2662,46855,69.8,57.77544831902712,0.2953547651821842,4,5,6,100,69.36,77.18,63.21,73.57,66.18,69.28,0.0,0.0
2663,122537,81.07,56.49825850713097,0.2343556864837863,8,1,6,100,69.43,78.99,93.42,89.75,70.82,84.01,0.0,0.0
2664,49515,75.41,57.1611395027865,0.2906146873133616,6,5,6,100,71.46,81.91,67.38,77.6,67.4,86.72,0.0,0.0
2665,54520,65.5,57.539372372715526,0.3474934906349582,7,5,6,100,61.32,75.82,68.32,60.38,62.49,64.65,0.0,0.0
2666,45952,71.52,56.61655210663503,0.3076643771695182,4,6,6,100,72.77,75.21,80.26,67.5,75.0,58.36,0.0,0.0
2667,73028,64.53,55.75177619666128,0.2771343439665134,8,4,6,100,57.62,64.35,55.58,71.05,66.47,72.09,0.0,0.0
2668,45247,66.44,55.51217028205839,0.3402411808339884,6,11,6,100,64.3,68.93,73.66,68.08,58.06,65.63,0.0,0.0
2669,49515,64.59,54.88405054073056,0.3168386267574785,6,5,6,100,64.78,67.08,69.26,59.19,55.17,72.05,0.0,0.0
2670,145542,71.76,57.521287440410816,0.3567028888575725,9,1,6,100,71.63,74.05,66.97,81.55,71.69,64.64,0.0,0.0
2671,46456,65.94,56.79440653159919,0.339397875017596,6,8,6,100,60.83,68.64,56.7,69.98,65.02,74.49,0.0,0.0
2672,44491,70.52,57.160259696023125,0.2291322096624548,3,8,6,100,71.9,59.8,78.61,76.14,67.7,68.97,0.0,0.0
2673,61019,74.9,56.47841395498811,0.2945988476675746,5,2,6,100,83.47,72.26,72.09,63.99,77.28,80.3,0.0,0.0
2674,54272,77.66,56.28225705854176,0.3077668707223261,8,6,6,100,79.24,77.97,70.15,86.35,72.03,80.21,0.0,0.0
2675,147048,62.36,56.43023053017813,0.3248433229835842,12,4,6,100,66.96,64.46,53.93,69.96,56.65,62.17,0.0,0.0
2676,62529,75.5,54.87108553483056,0.2083445144321756,10,7,6,100,68.46,79.98,83.52,79.35,73.39,68.31,0.0,0.0
2677,46706,74.8,55.225104967941775,0.3287506323672039,3,3,6,100,63.71,76.79,67.51,72.04,84.52,84.22,0.0,0.0
2678,49515,63.8,55.96319335703589,0.260967739971535,6,5,6,100,64.7,65.33,51.7,60.45,67.28,73.33,0.0,0.0
2679,123541,65.06,57.19847188922751,0.2713955335460384,10,3,6,100,73.71,63.81,59.41,60.63,74.24,58.54,0.0,0.0
2680,49013,75.82,58.54122817926493,0.2882631528664637,5,4,6,100,75.23,85.35,80.66,67.45,74.69,71.56,0.0,0.0
2681,62277,72.92,55.55000011939397,0.3295901734395099,9,6,6,100,77.89,74.7,68.17,68.9,73.05,74.83,0.0,0.0
2682,87535,69.32,58.42780114905352,0.2633860403687871,10,5,6,100,57.79,75.9,70.87,73.04,60.71,77.64,0.0,0.0
2683,73530,73.72,56.72235242227507,0.3284091518519952,9,5,6,100,75.36,67.63,74.14,71.53,76.65,77.01,0.0,0.0
2684,72024,68.69,56.819225865964896,0.3290249230668675,6,2,6,100,68.54,63.22,75.9,60.84,64.24,79.4,0.0,0.0
2685,54520,58.08,56.07869479054112,0.3055902651767074,7,5,6,100,56.18,62.74,55.12,56.66,58.73,59.02,0.0,0.0
2686,46855,70.7,56.67168111287303,0.3651978779208692,4,5,6,100,60.12,63.57,78.11,78.21,68.09,76.11,0.0,0.0
2687,150000,68.35,55.943434470854605,0.3182128958313099,9,0,6,100,63.66,74.04,58.6,75.59,65.84,72.36,0.0,0.0
2688,49267,57.46,58.5817473311883,0.3119315032245997,7,6,6,100,60.75,46.99,57.07,60.45,58.74,60.73,0.0,0.0
2689,49515,53.87,57.89025744459129,0.271187972696927,6,5,6,100,58.38,59.27,56.57,44.68,45.52,58.8,0.0,0.0
2690,85527,71.11,56.02424319939635,0.2811488157575935,6,1,6,100,61.9,71.02,80.72,78.3,65.64,69.06,0.0,0.0
2691,45549,60.06,57.87876388006436,0.2066274842820061,4,7,6,100,63.55,58.59,54.36,70.25,57.77,55.84,0.0,0.0
2692,104038,71.9,56.77389467772591,0.3145568698328332,10,4,6,100,75.64,76.78,74.28,76.32,62.45,65.95,0.0,0.0
2693,103034,76.42,55.94933644327245,0.2736044693895905,8,2,6,100,78.75,81.52,71.29,71.83,83.52,71.62,0.0,0.0
2694,146044,68.39,55.97959002550896,0.3076194998594687,10,2,6,100,79.46,71.26,59.22,64.15,72.61,63.65,0.0,0.0
2695,150000,72.69,57.66485931880741,0.2999132218355462,12,2,6,100,82.25,67.26,67.83,66.48,80.75,71.58,0.0,0.0
2696,86531,65.26,56.3572602696237,0.3265096061523152,8,3,6,100,60.64,73.81,71.23,61.05,65.43,59.37,0.0,0.0
2697,45952,55.16,57.302168943835554,0.2922428113105295,4,6,6,100,62.46,59.19,51.44,48.48,51.91,57.49,0.0,0.0
2698,45801,71.83,56.90487919043778,0.357526062699933,5,8,6,100,73.58,73.96,72.16,70.61,71.49,69.2,0.0,0.0
2699,47966,63.15,56.54130293638732,0.3546036519761362,8,8,6,100,60.84,61.35,54.7,73.94,72.4,55.69,0.0,0.0
2700,49515,62.56,55.90445342328024,0.3598666862788679,6,5,6,100,66.88,64.56,50.47,62.74,61.99,68.7,0.0,0.0
2701,72024,66.39,55.30594398722571,0.3015010229791035,6,2,6,100,65.05,69.43,59.5,65.13,77.22,62.03,0.0,0.0
2702,104030,64.08,57.41447002065157,0.3786550204833366,6,0,6,100,61.9,66.66,71.38,56.8,63.28,64.45,0.0,0.0
2703,50023,60.71,57.273993819079166,0.2766213806202612,10,9,6,100,55.79,67.97,54.95,72.8,57.22,55.54,0.0,0.0
2704,46456,78.44,56.93006859026057,0.3936276106003471,6,8,6,100,77.4,82.41,82.62,79.62,73.4,75.2,0.0,0.0
2705,46607,71.1,57.09954407989444,0.2803853517931393,5,6,6,100,63.36,80.53,64.31,61.95,71.68,84.8,0.0,0.0
2706,150000,75.74,55.46056525690736,0.2366429228335102,11,0,6,100,79.7,76.56,68.39,69.76,78.43,81.62,0.0,0.0
2707,73282,60.95,56.56815895674444,0.3678937924401537,10,6,6,100,50.08,61.19,59.84,65.5,65.44,63.65,0.0,0.0
2708,103034,63.63,57.71649192216704,0.351357592998347,8,2,6,100,71.39,64.03,60.3,67.22,63.59,55.24,0.0,0.0
2709,86531,81.15,57.109196479458255,0.2000159640058859,8,3,6,100,87.51,80.65,78.53,75.74,80.45,84.02,0.0,0.0
2710,54018,68.79,56.76068819736966,0.2296715553927658,6,4,6,100,73.65,65.9,67.09,75.5,60.04,70.55,0.0,0.0
2711,73282,75.56,56.84549534776703,0.325086826889603,10,6,6,100,79.08,75.25,75.09,73.07,74.2,76.66,0.0,0.0
2712,73530,50.36,56.86714161054813,0.1382554033127843,9,5,6,100,43.32,44.4,50.93,58.14,49.06,56.28,0.0,0.0
2713,54776,75.52,56.22091918461304,0.3248290252043813,10,8,6,100,67.28,80.97,76.48,78.32,72.2,77.88,0.0,0.0
2714,45146,72.82,57.67307028177791,0.2309824968460118,4,8,6,100,71.79,79.74,77.58,71.53,66.85,69.43,0.0,0.0
2715,54018,65.26,57.55088516016029,0.2953869998036175,6,4,6,100,72.57,60.96,55.64,59.43,77.95,65.0,0.0,0.0
2716,47462,76.77,57.63424392857701,0.3900555844860531,6,6,6,100,81.44,68.17,75.32,68.5,86.86,80.33,0.0,0.0
2717,54520,71.19,56.51620736439693,0.281675455125312,7,5,6,100,75.08,83.3,62.06,64.77,70.17,71.74,0.0,0.0
2718,62529,70.11,55.60189554613977,0.3606892240878678,10,7,6,100,70.3,62.79,64.43,74.65,72.36,76.14,0.0,0.0
2719,146044,67.37,56.082440526613375,0.3744932135187015,10,2,6,100,66.4,69.2,60.05,66.45,70.53,71.61,0.0,0.0
2720,60517,64.61,58.78619847359279,0.2590108567878705,4,1,6,100,70.12,59.13,60.39,61.57,71.9,64.57,0.0,0.0
2721,49515,64.82,56.35332157428034,0.2563392195589393,6,5,6,100,57.63,69.14,71.09,61.64,70.57,58.82,0.0,0.0
2722,47462,67.1,55.55640927156315,0.2825569583037461,6,6,6,100,59.78,67.19,70.18,56.14,75.55,73.78,0.0,0.0
2723,62525,80.5,53.26421490711747,0.4030780691858989,8,5,6,100,85.71,72.31,78.11,87.47,91.38,67.99,0.0,0.0
2724,147048,64.29,55.90051946874927,0.3757458781287017,12,4,6,100,61.95,62.12,72.06,65.87,62.78,60.95,0.0,0.0
2725,62529,59.61,56.43459495372699,0.2826587711183485,10,7,6,100,50.28,64.09,58.12,59.5,60.68,65.0,0.0,0.0
2726,49519,78.68,54.8546161076565,0.3076067757621848,8,7,6,100,79.56,72.59,83.81,71.21,85.28,79.63,0.0,0.0
2727,72526,70.96,55.98049292089988,0.274798370789808,7,3,6,100,68.73,73.27,67.72,64.38,79.37,72.27,0.0,0.0
2728,150000,49.83,56.22096901994168,0.2162252436414762,10,0,6,100,52.1,54.42,40.45,51.85,48.71,51.47,0.0,0.0
2729,54018,60.28,56.98885598198889,0.3347542356784283,6,4,6,100,64.45,62.35,65.18,55.7,59.66,54.35,0.0,0.0
2730,61521,69.91,57.35599101423264,0.2763222866567985,6,3,6,100,77.43,71.92,69.44,62.69,66.54,71.46,0.0,0.0
2731,150000,77.41,54.65044507547091,0.3970380872365383,11,1,6,100,76.83,68.22,82.5,86.39,74.18,76.36,0.0,0.0
2732,45549,82.5,56.72198704855863,0.3518795032611181,4,7,6,100,83.6,78.34,85.33,81.37,81.25,85.14,0.0,0.0
2733,46607,61.46,57.44945746790838,0.2831787570423867,5,6,6,100,58.89,66.51,62.89,59.69,60.45,60.35,0.0,0.0
2734,54018,67.54,56.25142980659452,0.3651471046799518,6,4,6,100,71.63,60.22,67.47,69.74,64.76,71.4,0.0,0.0
2735,39920,67.53,56.11945955740804,0.2691976787194819,0,10,6,100,66.73,67.0,63.89,65.2,67.7,74.65,0.0,0.0
2736,54272,67.99,57.08675578307083,0.3286189636467904,8,6,6,100,65.89,70.43,75.8,60.19,69.74,65.91,0.0,0.0
2737,46859,80.12,56.2922371902492,0.2804359592189874,6,7,6,100,88.98,70.78,80.6,77.94,85.68,76.76,0.0,0.0
2738,150000,70.68,56.69326890216235,0.2433880097494521,14,0,6,100,63.53,61.08,63.42,78.97,79.71,77.34,0.0,0.0
2739,104038,76.99,56.71569522882792,0.3387242556346249,10,4,6,100,66.35,75.92,84.16,83.94,69.9,81.68,0.0,0.0
2740,147302,67.96,56.81519878334803,0.3101203516284197,14,6,6,100,63.51,67.1,70.04,76.37,70.36,60.38,0.0,0.0
2741,122537,51.04,54.60818939304774,0.2755673272170049,8,1,6,100,55.7,47.97,48.91,51.79,49.07,52.83,0.0,0.0
2742,47462,60.33,56.72095952072095,0.2251085424348037,6,6,6,100,64.17,61.76,54.27,66.2,61.55,54.03,0.0,0.0
2743,54018,68.85,55.45417723216042,0.2654975041963575,6,4,6,100,69.39,78.0,74.74,56.82,65.37,68.79,0.0,0.0
2744,73028,71.54,56.79869478709335,0.3222647836384624,8,4,6,100,60.96,82.92,65.9,72.0,68.89,78.56,0.0,0.0
2745,86531,65.21,56.18899083211604,0.2597527573730284,8,3,6,100,66.99,63.0,63.29,70.6,65.38,62.03,0.0,0.0
2746,150000,66.91,57.89278482876144,0.3603256521421695,12,2,6,100,65.47,64.36,64.59,73.32,74.86,58.84,0.0,0.0
2747,54018,69.44,57.92055672012592,0.2785599377188684,6,4,6,100,57.77,60.0,77.21,71.02,75.08,75.54,0.0,0.0
2748,150000,79.07,56.7084475974435,0.335949786288929,11,2,6,100,73.74,90.78,69.37,86.56,74.33,79.62,0.0,0.0
2749,46204,60.64,57.71929582147032,0.2955560305664962,5,7,6,100,65.75,58.2,63.89,61.36,51.94,62.67,0.0,0.0
2750,104030,82.45,55.83107994147316,0.2960156550983587,6,0,6,100,81.78,88.94,86.34,74.6,74.15,88.91,0.0,0.0
2751,62525,67.16,56.464819865673526,0.2766017448772258,8,5,6,100,66.07,75.78,70.35,66.02,59.63,65.09,0.0,0.0
2752,103034,78.7,56.72669071480782,0.2411014568023874,8,2,6,100,82.83,88.25,80.27,75.54,76.44,68.88,0.0,0.0
2753,73020,54.52,55.52955417930339,0.2963486871435684,4,0,6,100,59.53,55.56,56.79,49.3,50.88,55.07,0.0,0.0
2754,150000,57.92,57.45192161461651,0.2926524068487995,10,1,6,100,54.56,52.82,61.82,62.0,51.93,64.37,0.0,0.0
2755,73282,67.54,54.20357528668897,0.3043569033992055,10,6,6,100,60.78,64.71,68.28,76.42,71.57,63.5,0.0,0.0
2756,49267,60.63,56.49178197464949,0.3065935937371957,7,6,6,100,64.81,60.2,56.32,64.67,59.22,58.54,0.0,0.0
2757,47462,59.0,57.21862610743343,0.27022946747107,6,6,6,100,49.98,60.31,59.44,57.8,61.24,65.26,0.0,0.0
2758,103034,56.6,57.90400472852994,0.226727881036859,8,2,6,100,66.69,57.66,52.59,56.31,55.67,50.7,0.0,0.0
2759,47966,60.8,55.84570880710963,0.2752745642018823,8,8,6,100,68.78,59.66,54.34,60.89,56.32,64.8,0.0,0.0
2760,124549,70.8,57.66529074796273,0.1644843233268957,14,7,6,100,64.15,64.43,75.03,73.98,69.55,77.64,0.0,0.0
2761,45549,56.84,57.41983365178339,0.3496503031113142,4,7,6,100,54.54,59.54,48.59,60.84,62.34,55.18,0.0,0.0
2762,86531,65.99,56.741162431834816,0.2587821601543002,8,3,6,100,66.25,73.72,63.7,59.9,67.2,65.18,0.0,0.0
2763,49267,73.14,56.799716778964815,0.2800760491276586,7,6,6,100,66.31,84.63,78.57,70.49,62.59,76.26,0.0,0.0
2764,124043,66.09,59.152264691813045,0.3220652854004909,11,4,6,100,72.96,58.15,73.62,74.8,58.21,58.83,0.0,0.0
2765,45146,64.04,55.94338468940724,0.2653940584753144,4,8,6,100,72.46,62.73,60.81,61.78,63.27,63.22,0.0,0.0
2766,62525,69.28,57.562626280635854,0.176704057407691,8,5,6,100,61.72,77.65,75.5,69.87,65.04,65.92,0.0,0.0
2767,147040,73.39,57.46223576381266,0.2864516751607652,8,0,6,100,72.61,76.24,70.04,68.9,82.98,69.55,0.0,0.0
2768,46859,67.68,58.44542168388372,0.3450044556792672,6,7,6,100,67.25,69.78,72.45,66.36,67.95,62.3,0.0,0.0
2769,123541,72.46,56.950715299349305,0.2629809142019696,10,3,6,100,72.2,75.05,69.81,65.6,79.06,73.06,0.0,0.0
2770,73028,63.0,54.73212196057096,0.271753517243599,8,4,6,100,63.78,67.04,61.09,56.38,64.06,65.67,0.0,0.0
2771,87033,51.76,56.05452100163783,0.3347542677777181,9,4,6,100,56.13,45.42,52.26,51.76,48.51,56.5,0.0,0.0
2772,49515,69.58,56.399288116438925,0.2747773188062754,6,5,6,100,68.71,76.53,75.48,62.57,71.73,62.44,0.0,0.0
2773,47710,76.18,55.23754722981023,0.2945961027470773,5,5,6,100,69.51,81.99,69.07,82.12,81.64,72.72,0.0,0.0
2774,54272,60.61,56.52793802745645,0.2066004342137945,8,6,6,100,63.76,65.32,57.13,64.59,62.56,50.28,0.0,0.0
2775,48511,63.75,57.75227148341311,0.3389583030282401,4,3,6,100,70.14,67.64,56.83,68.15,57.59,62.13,0.0,0.0
2776,54018,73.51,55.92678712712374,0.300999524461373,6,4,6,100,68.31,74.42,77.9,83.0,70.4,67.01,0.0,0.0
2777,47462,65.92,55.78311976706438,0.2908966529206707,6,6,6,100,73.29,58.72,60.68,76.01,65.54,61.28,0.0,0.0
2778,62023,74.97,55.4386284796917,0.2590044462783594,7,4,6,100,75.47,63.56,83.14,85.51,62.65,79.48,0.0,0.0
2779,54018,70.44,55.95068611601881,0.2909028362186797,6,4,6,100,74.78,71.49,70.5,63.4,73.59,68.89,0.0,0.0
2780,44491,76.3,57.68120915207741,0.3165908017840743,3,8,6,100,81.61,72.45,79.76,73.37,72.72,77.89,0.0,0.0
2781,46706,67.42,57.99032180436858,0.2388974984241613,3,3,6,100,61.23,67.01,75.31,64.76,71.25,64.93,0.0,0.0
2782,47462,71.52,57.30319581277882,0.3371071122679069,6,6,6,100,65.9,77.67,75.54,77.13,58.8,74.07,0.0,0.0
2783,150000,70.11,55.98987902064833,0.2001939223263245,10,0,6,100,63.32,77.17,74.33,63.88,66.4,75.57,0.0,0.0
2784,45801,71.81,55.71805851020367,0.2365149128555865,5,8,6,100,70.87,75.28,69.72,68.46,63.29,83.26,0.0,0.0
2785,47710,91.5,57.07946021913058,0.2562827037565997,5,5,6,100,97.31,82.2,89.19,99.26,100.0,81.04,0.0,0.0
2786,146044,66.68,55.38047933382491,0.2601930134454343,10,2,6,100,65.15,60.49,67.1,62.73,68.56,76.03,0.0,0.0
2787,73282,70.06,56.56914144459661,0.2016262682027277,10,6,6,100,65.12,62.03,73.27,69.5,76.16,74.29,0.0,0.0
2788,123541,61.0,58.36345075727664,0.3037561417641408,10,3,6,100,57.01,57.53,62.44,65.46,62.0,61.58,0.0,0.0
2789,122537,52.96,56.782795653374,0.2929385582072203,8,1,6,100,55.18,54.55,56.6,52.89,54.84,43.71,0.0,0.0
2790,73028,64.99,58.41585158274575,0.2243549215143881,8,4,6,100,67.75,61.49,60.46,62.13,67.45,70.65,0.0,0.0
2791,73028,58.06,56.09441071696429,0.3035854791019629,8,4,6,100,64.21,59.39,53.77,63.6,55.54,51.84,0.0,0.0
2792,46859,54.09,56.46226453762902,0.2970681224207777,6,7,6,100,56.51,51.76,50.45,56.49,56.21,53.11,0.0,0.0
2793,49515,71.13,56.08193192090213,0.2046736929948664,6,5,6,100,74.44,76.2,77.88,70.19,62.45,65.63,0.0,0.0
2794,86531,69.54,57.4082178882006,0.3222992299940563,8,3,6,100,64.45,73.35,67.32,73.2,68.62,70.29,0.0,0.0
2795,43836,63.82,56.70055363044642,0.2927564687116579,2,8,6,100,66.29,61.37,67.72,67.31,55.37,64.85,0.0,0.0
2796,62525,80.69,55.71374896400809,0.2830076240960579,8,5,6,100,74.7,89.9,88.92,78.88,84.91,66.82,0.0,0.0
2797,73530,67.38,57.3607853814756,0.2412587059326973,9,5,6,100,64.23,61.12,78.4,70.26,67.62,62.62,0.0,0.0
2798,49519,66.6,57.08860568710201,0.2833476149560725,8,7,6,100,69.11,61.49,71.63,67.86,66.35,63.15,0.0,0.0
2799,124043,80.17,57.141372186641874,0.3393743732976186,11,4,6,100,87.82,93.78,80.31,69.22,71.12,78.77,0.0,0.0
2800,54018,63.38,54.40889556357084,0.3843842791217707,6,4,6,100,60.87,67.28,69.9,67.62,53.8,60.82,0.0,0.0
2801,54272,56.1,57.2075543119001,0.2448230201745493,8,6,6,100,51.23,60.21,59.52,52.25,52.66,60.75,0.0,0.0
2802,122537,71.8,56.09721385656103,0.2546262961693663,8,1,6,100,72.71,64.66,78.2,67.53,68.21,79.51,0.0,0.0
2803,54524,71.13,56.56997490456409,0.2300409457606714,9,7,6,100,76.33,67.91,72.26,62.57,71.36,76.36,0.0,0.0
2804,150000,58.6,55.16402134226378,0.2927234191881535,11,2,6,100,60.04,54.31,61.88,53.27,56.94,65.15,0.0,0.0
2805,104038,71.52,57.744097582065685,0.3573897419327321,10,4,6,100,68.49,67.96,71.37,75.53,75.32,70.43,0.0,0.0
2806,54520,73.96,56.47472880125735,0.3521587517775257,7,5,6,100,75.02,67.16,64.7,77.58,74.47,84.81,0.0,0.0
2807,54272,71.34,57.24621284732513,0.3365714256464754,8,6,6,100,75.89,78.72,62.65,61.51,72.37,76.89,0.0,0.0
2808,62023,80.65,56.53368132494733,0.2109307546929282,7,4,6,100,74.67,79.29,73.6,78.51,95.91,81.91,0.0,0.0
2809,49519,74.7,57.27623966448388,0.297442961105935,8,7,6,100,69.07,64.77,76.55,70.7,83.69,83.44,0.0,0.0
2810,86531,53.0,54.92240160532157,0.2844201836862932,8,3,6,100,53.82,51.08,52.43,56.41,58.1,46.13,0.0,0.0
2811,147040,74.72,56.40383489164625,0.2073050196962556,8,0,6,100,69.39,84.14,66.63,81.24,68.99,77.96,0.0,0.0
2812,73282,51.98,56.621920053660894,0.2710066810191556,10,6,6,100,58.76,52.24,57.74,45.85,47.6,49.7,0.0,0.0
2813,150000,62.49,57.1002755909624,0.2711692348937846,14,0,6,100,56.28,63.87,55.72,75.76,67.64,55.67,0.0,0.0
2814,72024,60.66,58.21333118759081,0.2666891351028397,6,2,6,100,53.44,58.69,62.07,66.36,61.42,61.96,0.0,0.0
2815,54018,58.64,57.16817029756538,0.3251847956115931,6,4,6,100,65.04,60.93,60.65,46.96,56.45,61.79,0.0,0.0
2816,48511,92.04,56.82135578027578,0.18703105402802,4,3,6,100,81.75,94.77,88.28,94.82,99.57,93.06,0.0,0.0
2817,150000,71.01,56.1566374633254,0.2647855406921505,11,2,6,100,59.86,78.61,62.05,69.48,77.74,78.34,0.0,0.0
2818,103536,59.11,54.14923333515088,0.3552872537982155,9,3,6,100,64.83,61.55,64.22,54.31,58.86,50.91,0.0,0.0
2819,47710,65.49,57.41595333570517,0.2237764233983248,5,5,6,100,62.27,57.8,73.98,70.18,58.08,70.61,0.0,0.0
2820,49515,70.44,57.202272074110326,0.2577673091083199,6,5,6,100,76.19,61.3,73.29,69.85,71.21,70.78,0.0,0.0
2821,73028,64.81,54.855446064917,0.2844966574039625,8,4,6,100,69.4,70.87,67.85,59.2,61.2,60.35,0.0,0.0
2822,150000,57.18,57.03210903930128,0.2225749191036733,12,3,6,100,61.4,55.96,54.62,56.43,60.42,54.24,0.0,0.0
2823,45952,70.88,56.140057385345536,0.3289550184888223,4,6,6,100,75.46,62.98,67.3,79.43,66.46,73.62,0.0,0.0
2824,48470,64.0,57.114524364111865,0.251256976453114,10,10,6,100,57.94,66.18,64.6,75.62,59.5,60.16,0.0,0.0
2825,62277,65.0,56.00622099759493,0.2004238066300989,9,6,6,100,67.17,56.84,68.79,63.04,63.01,71.13,0.0,0.0
2826,48511,52.39,56.39274504502797,0.2664117127395533,4,3,6,100,47.26,48.75,57.64,54.66,48.18,57.86,0.0,0.0
2827,86531,68.56,58.569381751090575,0.277043950578234,8,3,6,100,67.19,67.5,80.99,63.37,70.39,61.91,0.0,0.0
2828,87025,70.11,55.6297089335488,0.334875300258141,5,0,6,100,74.9,72.69,62.73,72.7,62.34,75.32,0.0,0.0
2829,150000,65.18,57.60868868769011,0.3061763842494768,15,0,6,100,68.96,59.61,62.66,62.61,65.16,72.06,0.0,0.0
2830,62525,50.17,56.70954896690052,0.3577496060162582,8,5,6,100,43.8,47.55,57.6,55.46,55.17,41.44,0.0,0.0
2831,49771,81.41,56.07682670614733,0.3087295907141322,9,8,6,100,75.11,82.43,85.7,88.56,80.41,76.25,0.0,0.0
2832,46708,68.7,54.464795637138245,0.2987023107879895,7,9,6,100,68.44,69.16,72.4,66.2,60.45,75.53,0.0,0.0
2833,44239,75.78,55.99654859206013,0.3510901207382912,2,7,6,100,76.24,77.5,69.43,83.42,67.69,80.39,0.0,0.0
2834,73282,65.83,56.547476101404406,0.3053621246361215,10,6,6,100,70.31,62.32,70.48,61.48,70.3,60.1,0.0,0.0
2835,73028,63.88,56.56909258067861,0.33610470732984,8,4,6,100,67.88,56.54,58.6,71.4,59.8,69.07,0.0,0.0
2836,104540,77.72,56.68616768323327,0.1947819573165772,11,5,6,100,87.19,79.75,69.9,78.87,76.99,73.61,0.0,0.0
2837,150000,69.05,57.86759215708637,0.2070440904723961,11,2,6,100,63.62,69.89,80.11,60.41,60.95,79.32,0.0,0.0
2838,122537,88.81,57.3423018158453,0.2693141705548866,8,1,6,100,79.89,86.49,85.94,86.34,94.34,99.86,0.0,0.0
2839,150000,64.66,57.80474813410846,0.1884255658513006,9,0,6,100,65.3,68.32,70.11,71.85,56.13,56.23,0.0,0.0
2840,87033,66.06,56.09314756468154,0.2403801159611451,9,4,6,100,61.07,74.46,70.25,73.27,57.38,59.93,0.0,0.0
2841,86531,91.62,56.854568418087,0.3127774957248844,8,3,6,100,100.0,97.43,94.78,76.05,98.42,83.02,0.0,0.0
2842,102532,68.52,58.374420306205415,0.3700106449976897,7,1,6,100,68.99,67.66,66.43,61.32,76.96,69.76,0.0,0.0
2843,45146,63.98,56.9156276246777,0.3259539535252594,4,8,6,100,71.83,62.52,66.9,58.65,68.1,55.89,0.0,0.0
2844,46859,63.4,58.03114259278525,0.3599524446660953,6,7,6,100,69.86,62.58,63.17,65.62,56.18,63.01,0.0,0.0
2845,86531,65.37,56.51769913068563,0.2379190601558185,8,3,6,100,64.7,58.69,73.55,69.55,70.92,54.82,0.0,0.0
2846,150000,73.39,56.05117850180704,0.2521582699337307,10,0,6,100,58.55,79.05,79.24,68.83,81.22,73.45,0.0,0.0
2847,124035,62.46,57.969453541871154,0.2608015627702632,7,0,6,100,63.05,61.52,64.71,64.47,64.0,56.99,0.0,0.0
2848,45549,64.69,55.05334110786816,0.2707152952218934,4,7,6,100,64.85,68.4,62.16,62.76,68.93,61.03,0.0,0.0
2849,47462,67.2,57.75621649096451,0.2705683217355325,6,6,6,100,65.77,72.84,69.54,64.45,73.52,57.09,0.0,0.0
2850,150000,56.66,55.972738125771976,0.2841743069370241,12,2,6,100,56.53,61.46,54.25,52.48,62.44,52.79,0.0,0.0
2851,150000,75.45,57.22256147811764,0.2517171243091842,10,1,6,100,68.77,78.2,69.73,80.39,80.04,75.56,0.0,0.0
2852,123541,92.79,57.39758673615456,0.2298439180240123,10,3,6,100,81.19,98.82,98.94,89.45,92.85,95.5,0.0,0.0
2853,49267,62.67,56.62361987747833,0.337364630496103,7,6,6,100,65.54,63.57,58.26,65.41,65.33,57.92,0.0,0.0
2854,73282,64.28,54.86780683732336,0.2269783182702638,10,6,6,100,61.92,56.0,70.85,69.24,69.18,58.5,0.0,0.0
2855,123541,82.73,57.44293123404963,0.3011158910189243,10,3,6,100,80.09,82.61,78.86,87.28,84.07,83.46,0.0,0.0
2856,122537,70.43,56.24779763473212,0.2917695067168369,8,1,6,100,70.85,60.34,66.09,72.31,75.81,77.18,0.0,0.0
2857,45952,55.41,55.46933236054,0.3634945449397036,4,6,6,100,54.27,54.32,55.85,50.96,65.19,51.84,0.0,0.0
2858,45398,59.77,55.09530547057194,0.3606354660076898,5,9,6,100,57.95,61.57,67.75,54.13,55.29,61.94,0.0,0.0
2859,146044,60.69,56.60045028705914,0.2771409445724843,10,2,6,100,59.04,65.29,57.82,54.38,67.46,60.15,0.0,0.0
2860,122537,74.37,56.6724478146882,0.2643451081448358,8,1,6,100,62.98,82.57,72.73,78.74,64.39,84.82,0.0,0.0
2861,62525,68.0,56.901547415468826,0.2565603401148876,8,5,6,100,67.33,75.89,65.86,57.29,65.99,75.62,0.0,0.0
2862,150000,56.93,55.56608265161897,0.3065817987368453,12,0,6,100,59.46,57.28,52.84,49.3,54.58,68.1,0.0,0.0
2863,62023,65.76,56.855405498846416,0.3244053826451628,7,4,6,100,65.89,66.78,62.37,64.98,74.38,60.14,0.0,0.0
2864,147040,62.68,55.80357345447545,0.2686898807105993,8,0,6,100,60.75,60.7,61.78,65.55,69.2,58.12,0.0,0.0
2865,46855,71.66,55.25289759559121,0.2316825710004351,4,5,6,100,74.02,70.22,77.91,71.42,68.67,67.73,0.0,0.0
2866,45146,65.53,56.99614234296694,0.2135005134847362,4,8,6,100,60.89,59.49,71.62,58.43,66.37,76.38,0.0,0.0
2867,124545,76.57,55.50556792506203,0.1553594197606449,12,5,6,100,79.9,82.26,67.72,80.38,79.87,69.27,0.0,0.0
2868,73028,54.66,56.950276555818384,0.3108308192502769,8,4,6,100,53.94,52.77,51.85,55.19,58.29,55.9,0.0,0.0
2869,86531,64.6,55.77987423841615,0.1992596160530021,8,3,6,100,69.48,67.88,54.33,63.83,69.95,62.16,0.0,0.0
2870,62525,71.14,56.51768879084002,0.3264123108617496,8,5,6,100,62.92,66.36,81.87,78.68,74.39,62.6,0.0,0.0
2871,53516,70.73,58.95108766324959,0.2397286189434959,5,3,6,100,73.56,73.81,73.66,70.81,75.71,56.85,0.0,0.0
2872,49515,63.59,57.09913856453497,0.2625947291710657,6,5,6,100,60.53,66.47,69.36,67.97,51.7,65.49,0.0,0.0
2873,49519,71.34,57.68369553048844,0.2828561212492532,8,7,6,100,79.67,70.52,66.13,74.25,66.14,71.31,0.0,0.0
2874,87287,78.09,57.58806928567007,0.2879919707798776,11,6,6,100,84.34,84.05,79.74,69.28,73.52,77.63,0.0,0.0
2875,73282,59.92,57.00013395754024,0.2542140938831965,10,6,6,100,56.95,63.35,63.72,53.26,54.88,67.35,0.0,0.0
2876,62525,61.58,56.64103830683862,0.1831868807057223,8,5,6,100,57.38,58.6,58.03,57.29,72.03,66.15,0.0,0.0
2877,54524,61.28,57.28855198920517,0.3424489032176537,9,7,6,100,69.14,68.89,64.62,53.09,58.64,53.3,0.0,0.0
2878,86531,78.01,55.498560932862894,0.1946021469992229,8,3,6,100,72.68,67.0,80.9,82.14,80.71,84.62,0.0,0.0
2879,103034,70.39,58.03027680115414,0.206539023246803,8,2,6,100,61.49,68.59,73.72,74.64,69.67,74.2,0.0,0.0
2880,54018,79.94,56.10908138750982,0.2663483363905633,6,4,6,100,83.92,88.79,70.64,86.48,74.22,75.57,0.0,0.0
2881,44894,72.57,57.55740684456325,0.2114543237380952,3,7,6,100,71.48,65.24,72.86,77.86,69.75,78.23,0.0,0.0
2882,150000,71.44,56.87740329264896,0.1903344184114768,12,2,6,100,65.67,62.89,79.0,66.57,78.47,76.02,0.0,0.0
2883,103536,69.61,56.09388071981938,0.314628530922391,9,3,6,100,67.72,65.69,73.41,67.22,70.25,73.4,0.0,0.0
2884,86531,64.64,57.75880972943552,0.3012897853423015,8,3,6,100,65.11,70.72,57.89,71.69,57.38,65.06,0.0,0.0
2885,49267,83.1,57.1917086725742,0.2851057580887473,7,6,6,100,71.39,89.8,74.2,87.09,90.34,85.77,0.0,0.0
2886,150000,68.3,58.07993955613279,0.2481087609814611,12,3,6,100,63.37,68.73,78.11,65.09,64.26,70.27,0.0,0.0
2887,103536,69.68,56.52256837851018,0.2871353974755114,9,3,6,100,76.4,60.31,71.13,57.66,77.44,75.17,0.0,0.0
2888,45247,56.71,56.85275527318129,0.349121169343338,6,11,6,100,58.43,58.32,52.64,57.16,61.69,52.0,0.0,0.0
2889,150000,64.09,57.553384960163314,0.2290795243932737,12,1,6,100,68.29,58.4,64.86,56.3,73.23,63.44,0.0,0.0
2890,62023,67.23,56.72773439223244,0.2992872279794755,7,4,6,100,63.98,71.95,67.96,60.82,66.06,72.6,0.0,0.0
2891,47111,73.18,56.3912644572796,0.2402925093925032,7,8,6,100,78.97,83.07,67.2,66.1,74.62,69.1,0.0,0.0
2892,124545,77.88,55.82385317481559,0.162124772000194,12,5,6,100,79.45,68.49,81.22,85.39,70.24,82.5,0.0,0.0
2893,61521,65.35,57.57071946802075,0.261850324130472,6,3,6,100,59.36,55.91,70.61,63.2,73.06,69.95,0.0,0.0
2894,86531,68.53,57.25973035569003,0.3077953094580414,8,3,6,100,70.21,74.23,64.39,67.94,71.61,62.79,0.0,0.0
2895,150000,70.22,56.228309556381866,0.2139618822673732,11,0,6,100,65.02,69.83,78.48,72.7,70.04,65.26,0.0,0.0
2896,73282,73.14,57.45935185512026,0.1999975753963432,10,6,6,100,82.24,64.7,82.02,68.51,68.52,72.85,0.0,0.0
2897,45801,65.71,56.38876217967462,0.2385544424699187,5,8,6,100,58.96,68.78,72.23,71.47,53.08,69.74,0.0,0.0
2898,45952,58.14,56.7321514631005,0.2799219213495728,4,6,6,100,62.0,53.22,53.3,57.05,57.2,66.1,0.0,0.0
2899,47966,69.94,55.92492632236216,0.273643531535916,8,8,6,100,68.33,65.55,65.26,73.35,81.8,65.35,0.0,0.0
2900,49013,70.67,56.65340234471766,0.3286617592314149,5,4,6,100,73.63,62.15,63.84,70.92,79.87,73.58,0.0,0.0
2901,53014,76.57,56.470079383289054,0.1409781679055519,4,2,6,100,76.4,85.02,68.29,79.71,73.85,76.15,0.0,0.0
2902,47111,72.57,56.65763727374533,0.2450461491616264,7,8,6,100,76.45,83.14,60.64,71.64,78.23,65.33,0.0,0.0
2903,62525,68.38,56.55164076067288,0.2297711002409249,8,5,6,100,69.44,75.03,66.68,57.7,68.19,73.25,0.0,0.0
2904,72024,56.27,57.87304295899999,0.228945188875847,6,2,6,100,50.82,54.74,53.97,61.32,65.82,50.95,0.0,0.0
2905,145542,68.04,55.89223460862868,0.2060633868632196,9,1,6,100,76.99,62.47,58.77,78.62,67.83,63.59,0.0,0.0
2906,44239,73.33,57.185876401397465,0.2384594842994087,2,7,6,100,85.71,77.04,76.65,66.17,67.07,67.32,0.0,0.0
2907,53516,76.88,57.49720523405878,0.2342621728553967,5,3,6,100,84.26,80.39,65.88,84.39,80.5,65.84,0.0,0.0
2908,150000,71.47,57.89220842471766,0.2032640526565021,10,1,6,100,73.47,84.06,63.36,72.44,72.12,63.39,0.0,0.0
2909,104038,68.45,58.18190867991553,0.2391855199557038,10,4,6,100,78.12,80.67,63.78,64.92,63.62,59.59,0.0,0.0
2910,72526,89.15,55.59594857377248,0.2668642887742372,7,3,6,100,89.11,85.78,91.53,94.59,94.5,79.37,0.0,0.0
2911,47710,61.72,56.290202460721495,0.200652167966594,5,5,6,100,67.24,58.1,58.69,59.68,70.71,55.92,0.0,0.0
2912,49519,65.29,56.502284745886165,0.1813668880293139,8,7,6,100,65.56,68.18,70.5,56.21,68.94,62.35,0.0,0.0
2913,150000,70.03,56.45663013537613,0.2886438889149955,11,2,6,100,75.38,71.45,66.39,79.66,66.2,61.08,0.0,0.0
2914,122537,60.38,57.10113393152506,0.2398756077543349,8,1,6,100,59.97,62.55,57.7,60.27,69.12,52.69,0.0,0.0
2915,62525,62.32,57.21313007918987,0.2549764287583564,8,5,6,100,59.21,73.37,58.45,61.03,66.69,55.17,0.0,0.0
2916,47111,62.46,58.31494866639534,0.2056775487185896,7,8,6,100,55.51,63.53,61.86,68.43,62.29,63.12,0.0,0.0
2917,146546,72.36,57.384682111180105,0.353410637142068,11,3,6,100,64.33,69.65,81.92,66.98,80.19,71.07,0.0,0.0
2918,87033,56.87,56.9119029448599,0.2736333905692137,9,4,6,100,65.57,49.96,53.53,52.29,58.82,61.04,0.0,0.0
2919,150000,57.78,56.98509715339642,0.2062122361048397,14,1,6,100,47.94,66.54,59.35,53.78,54.71,64.37,0.0,0.0
2920,47363,72.01,58.18754034564776,0.2799197863498787,8,9,6,100,80.44,64.44,76.88,73.07,69.53,67.68,0.0,0.0
2921,146044,56.38,56.77989047258584,0.3027311441223916,10,2,6,100,54.05,50.63,50.78,67.94,60.6,54.31,0.0,0.0
2922,104038,68.78,56.83604650065182,0.2856383507686258,10,4,6,100,75.28,66.79,75.15,69.93,66.94,58.62,0.0,0.0
2923,53014,66.89,58.13370578390763,0.2636739069869174,4,2,6,100,75.3,60.78,59.98,74.17,58.1,73.0,0.0,0.0
2924,62525,82.79,57.08771953770937,0.2531733065742666,8,5,6,100,89.4,86.39,88.53,73.18,70.62,88.59,0.0,0.0
2925,86531,63.13,56.465659798961646,0.1833219586924512,8,3,6,100,62.25,65.56,63.02,64.23,61.58,62.16,0.0,0.0
2926,123541,65.15,58.624708766772926,0.2532399053392231,10,3,6,100,63.95,66.1,67.22,65.24,61.05,67.34,0.0,0.0
2927,43937,68.75,56.294161988285154,0.3141172339136746,4,11,6,100,60.48,66.48,73.74,75.26,65.24,71.3,0.0,0.0
2928,86029,66.19,56.16041416478822,0.3109330358493603,7,2,6,100,73.29,65.95,71.35,70.42,63.18,52.93,0.0,0.0
2929,62525,57.19,57.83628389441639,0.2459344456566642,8,5,6,100,53.81,57.92,53.58,55.92,55.99,65.9,0.0,0.0
2930,103536,70.45,54.31549480961392,0.220656277198302,9,3,6,100,66.24,71.04,82.5,58.87,65.04,78.99,0.0,0.0
2931,150000,67.33,57.07107673959936,0.2929672244067446,10,0,6,100,62.14,62.54,59.17,76.59,72.68,70.88,0.0,0.0
2932,147048,68.98,57.60787283846455,0.1939597678446199,12,4,6,100,68.15,67.75,68.74,62.47,71.18,75.59,0.0,0.0
2933,150000,74.72,55.458297445154855,0.238120674752735,12,3,6,100,80.4,64.24,85.56,81.69,74.68,61.74,0.0,0.0
2934,150000,65.93,57.74422445485549,0.303772732367555,10,0,6,100,65.62,68.76,64.03,70.14,59.64,67.4,0.0,0.0
2935,104540,70.68,57.01919531612892,0.1705185283604171,11,5,6,100,64.33,80.47,66.92,71.45,76.25,64.66,0.0,0.0
2936,150000,64.6,56.21215981999052,0.2231392396466905,14,2,6,100,67.38,72.6,59.49,69.36,56.61,62.18,0.0,0.0
2937,54272,70.02,57.43080760041767,0.2149435116475701,8,6,6,100,62.84,69.65,79.19,69.66,59.04,79.71,0.0,0.0
2938,123541,60.72,54.71952264361083,0.3329124238968732,10,3,6,100,60.89,68.12,58.08,57.45,61.2,58.58,0.0,0.0
2939,103536,66.23,57.1840909495135,0.269494353692332,9,3,6,100,73.81,60.61,61.52,76.66,65.63,59.16,0.0,0.0
2940,86531,61.67,55.83511685435245,0.264429288745214,8,3,6,100,69.73,66.52,59.43,55.9,62.48,55.96,0.0,0.0
2941,150000,61.57,57.85410599045174,0.1950033708840744,10,1,6,100,58.85,52.15,67.46,59.88,69.44,61.62,0.0,0.0
2942,146044,63.23,57.59734541199136,0.2454768398657378,10,2,6,100,62.86,66.58,56.3,66.2,62.61,64.83,0.0,0.0
2943,150000,73.76,57.84929199278251,0.3079788306188628,12,2,6,100,78.33,71.15,72.69,67.38,70.39,82.6,0.0,0.0
2944,150000,45.59,57.177038412238026,0.1960985737449223,10,1,6,100,45.73,45.7,45.98,47.42,37.03,51.66,0.0,0.0
2945,54272,65.5,56.38704212588979,0.2606327988931805,8,6,6,100,66.87,66.51,68.61,57.32,63.83,69.88,0.0,0.0
2946,146044,54.87,55.225352476184185,0.236241009446659,10,2,6,100,67.94,56.43,51.03,49.52,52.81,51.51,0.0,0.0
2947,150000,71.71,55.17693875276673,0.2390730638313622,10,0,6,100,79.5,73.59,69.66,64.31,68.7,74.49,0.0,0.0
2948,44088,49.29,56.92007920016392,0.2026349256837795,3,9,6,100,49.02,55.33,54.18,42.58,47.03,47.58,0.0,0.0
2949,146044,66.75,56.87842662710044,0.205278011021511,10,2,6,100,73.91,60.71,58.21,60.83,69.84,77.02,0.0,0.0
2950,61521,51.98,55.86494151430966,0.148317953042204,6,3,6,100,56.33,45.46,48.97,49.14,55.57,56.39,0.0,0.0
2951,146044,66.52,57.65693934103022,0.3067878948041186,10,2,6,100,66.84,63.07,75.25,64.23,57.9,71.85,0.0,0.0
2952,103034,71.08,56.73994218358399,0.2924549264721575,8,2,6,100,69.42,67.06,63.43,83.78,65.16,77.66,0.0,0.0
2953,73028,53.08,59.43746450055287,0.3011796035568055,8,4,6,100,51.48,60.7,58.74,47.76,48.83,50.94,0.0,0.0
2954,146044,70.77,58.205322979543055,0.2824329266244659,10,2,6,100,78.29,71.64,76.79,76.0,59.77,62.13,0.0,0.0
2955,150000,66.69,55.03554762410134,0.2522558647285922,12,1,6,100,72.44,65.56,57.54,68.29,66.12,70.19,0.0,0.0
2956,146044,71.99,56.09511180175374,0.2753060227566467,10,2,6,100,72.1,71.63,74.94,68.45,78.46,66.35,0.0,0.0
2957,123039,69.14,57.3605812834476,0.1979709900908126,9,2,6,100,61.74,64.57,68.87,77.32,72.5,69.86,0.0,0.0
2958,103034,77.99,56.23654660928959,0.2177408783679461,8,2,6,100,82.75,77.5,86.58,65.93,86.31,68.85,0.0,0.0
2959,122537,73.35,57.86984662645456,0.2464858342862058,8,1,6,100,80.45,65.06,62.24,75.57,78.98,77.78,0.0,0.0
2960,54272,81.94,56.7939698195809,0.3605911852012516,8,6,6,100,80.99,78.76,87.94,83.94,73.51,86.47,0.0,0.0
2961,62529,82.74,57.00296944998688,0.2919192644563109,10,7,6,100,66.87,90.98,93.01,73.15,85.83,86.62,0.0,0.0
2962,62529,60.17,56.82274858644357,0.2542689656040989,10,7,6,100,61.37,66.06,55.41,65.56,53.7,58.9,0.0,0.0
2963,123541,67.79,57.49868435734116,0.2068770513954171,10,3,6,100,71.4,62.07,66.19,70.48,74.33,62.29,0.0,0.0
2964,146044,61.58,55.91480330967533,0.2479831030112481,10,2,6,100,51.85,62.14,66.21,66.06,61.09,62.11,0.0,0.0
2965,150000,74.54,56.21912717780219,0.3091702633739616,13,0,6,100,73.02,75.87,68.82,73.18,76.32,80.03,0.0,0.0
2966,87535,67.73,57.27586173521668,0.2976329767423348,10,5,6,100,62.84,73.35,70.51,72.57,67.13,60.0,0.0,0.0
2967,60517,77.66,56.61383957760295,0.2631974452320772,4,1,6,100,71.41,90.56,73.38,94.08,68.41,68.12,0.0,0.0
2968,49515,73.76,54.861286018086616,0.2394615077707108,6,5,6,100,81.69,67.49,76.92,78.62,66.07,71.79,0.0,0.0
2969,150000,65.04,57.242953631926994,0.2669602197627422,12,2,6,100,70.46,59.54,64.82,70.83,61.89,62.69,0.0,0.0
2970,150000,55.9,57.95932886745483,0.214004353556695,12,1,6,100,58.04,52.23,54.13,53.49,63.28,54.26,0.0,0.0
2971,150000,79.36,56.21526675619986,0.2695918109543287,16,1,6,100,87.32,83.36,84.72,68.86,73.96,77.97,0.0,0.0
2972,45146,71.16,59.33333152077361,0.2003730033992843,4,8,6,100,74.8,76.25,68.02,62.6,72.36,72.91,0.0,0.0
2973,62525,81.24,57.20373344055037,0.2562550375877064,8,5,6,100,71.62,82.66,91.18,91.37,76.36,74.23,0.0,0.0
2974,124545,79.0,55.077273301017385,0.2043635778955728,12,5,6,100,73.45,69.32,83.52,87.75,78.99,80.96,0.0,0.0
2975,49519,72.26,55.99471255674535,0.2606061855298083,8,7,6,100,72.5,72.13,63.48,74.97,71.41,79.06,0.0,0.0
2976,150000,65.2,56.69947879889643,0.1038344077617655,11,0,6,100,70.88,67.1,55.77,56.63,72.07,68.75,0.0,0.0
2977,62525,72.41,56.79711692921436,0.2474342023767126,8,5,6,100,75.98,82.43,79.02,59.26,61.23,76.52,0.0,0.0
2978,123039,65.47,58.02556677805446,0.2435056192460512,9,2,6,100,79.04,57.83,57.34,63.02,64.79,70.82,0.0,0.0
2979,123541,72.92,56.368197251471486,0.2685933450057668,10,3,6,100,71.14,77.64,76.19,67.42,66.58,78.54,0.0,0.0
2980,44592,80.3,57.92751479600477,0.1669416981331882,5,11,6,100,72.8,78.99,89.46,71.02,82.87,86.68,0.0,0.0
2981,73282,66.24,56.7255366560678,0.2685471936198593,10,6,6,100,64.42,61.94,71.84,72.35,60.91,66.01,0.0,0.0
2982,54520,67.16,57.04762811291543,0.2842399772104941,7,5,6,100,73.15,61.86,59.26,69.94,71.85,66.91,0.0,0.0
2983,150000,53.93,55.12696625935728,0.2998321617295076,11,0,6,100,55.57,51.02,62.37,55.32,50.12,49.18,0.0,0.0
2984,54272,74.63,56.35169095146631,0.2535356219495912,8,6,6,100,69.64,69.09,77.09,70.36,73.78,87.81,0.0,0.0
2985,45952,72.28,55.40729807232406,0.2708941644073608,4,6,6,100,79.85,74.6,63.24,70.48,71.15,74.34,0.0,0.0
2986,104038,65.22,54.74758374264146,0.260524909227147,10,4,6,100,62.82,74.69,52.44,64.81,70.39,66.2,0.0,0.0
2987,103034,73.68,56.49799100061317,0.3318070408010742,8,2,6,100,78.29,66.82,69.51,78.36,82.49,66.58,0.0,0.0
2988,61521,60.11,55.50868133474589,0.1968808972351823,6,3,6,100,65.27,53.42,65.44,57.46,57.63,61.42,0.0,0.0
2989,150000,65.16,55.69497938103018,0.2463378698979016,10,0,6,100,61.92,61.26,56.86,73.26,75.71,61.96,0.0,0.0
2990,49515,67.14,57.84761954899417,0.2462028509117403,6,5,6,100,80.76,68.66,67.7,67.69,58.26,59.8,0.0,0.0
2991,150000,59.75,57.1212454378054,0.2727901384023624,10,1,6,100,56.36,52.36,52.0,69.32,61.02,67.45,0.0,0.0
2992,73530,73.56,57.0869772930438,0.2631257414610346,9,5,6,100,78.83,78.77,70.97,72.6,72.18,67.99,0.0,0.0
2993,62525,65.24,57.10253218250067,0.3133431973617817,8,5,6,100,68.93,50.55,62.5,71.29,65.36,72.84,0.0,0.0
2994,150000,53.8,56.94606025080634,0.2912564515992204,12,2,6,100,52.71,52.14,60.14,51.23,58.39,48.19,0.0,0.0
2995,147048,58.69,56.01630900272781,0.318399912353036,12,4,6,100,61.2,61.23,55.84,58.08,62.95,52.84,0.0,0.0
2996,146044,64.05,57.74406212972071,0.2176767292006459,10,2,6,100,66.69,69.56,56.3,64.24,67.69,59.8,0.0,0.0
2997,150000,71.92,56.76897847543441,0.3179047901396085,9,0,6,100,67.43,71.8,82.62,74.69,61.18,73.81,0.0,0.0
2998,150000,69.75,57.32061223160353,0.2690719920672765,10,1,6,100,73.04,65.74,83.41,65.59,68.05,62.67,0.0,0.0
2999,146044,76.24,55.33761741225123,0.272339971807464,10,2,6,100,80.54,73.44,88.31,66.07,67.88,81.21,0.0,0.0
3000,54018,68.96,57.859400489464285,0.3182324452533401,6,4,6,100,65.26,74.31,64.65,58.22,75.11,76.23,0.0,0.0
