Generación,Fitness Global,CPU (%),Memoria (%),Tiempo (s),Goles Favor,Goles Contra,CPUs (configurados),Population Size,Core0 (%),Core1 (%),Core2 (%),Core3 (%),Core4 (%),Core5 (%),Core6 (%),Core7 (%)
1,34278,97.32,60.70000905105903,1.2985651651727228,0,24,6,500,100.0,100.0,97.49,93.34,100.0,93.11,0.0,0.0
2,35084,99.94,61.63645735682653,1.2518259476171716,0,22,6,500,100.0,100.0,100.0,100.0,100.0,99.65,0.0,0.0
3,33875,99.5,63.434478250308246,1.306936458060685,0,25,6,500,100.0,100.0,100.0,100.0,96.97,100.0,0.0,0.0
4,36293,99.58,63.428359494620544,1.2272784740914109,0,19,6,500,100.0,98.27,99.19,100.0,100.0,100.0,0.0,0.0
5,33875,93.93,63.716303723615646,1.2266420791324184,0,25,6,500,88.85,84.27,100.0,100.0,99.29,91.16,0.0,0.0
6,33875,94.35,63.89220174634544,1.303889621229951,0,25,6,500,100.0,95.04,99.14,84.93,100.0,87.01,0.0,0.0
7,33875,96.27,60.61704598296943,1.2493792648249684,0,25,6,500,100.0,100.0,100.0,89.43,100.0,88.17,0.0,0.0
8,33875,100.0,63.400561597406416,1.3435049221286974,0,25,6,500,100.0,100.0,100.0,100.0,100.0,100.0,0.0,0.0
9,35084,100.0,62.84071039734701,1.3311611328071036,0,22,6,500,100.0,100.0,100.0,100.0,100.0,100.0,0.0,0.0
10,37502,99.93,61.05091583093082,1.4136858269023258,0,16,6,500,99.57,100.0,100.0,100.0,100.0,100.0,0.0,0.0
11,33875,99.89,60.98812460053776,1.3609612287929067,0,25,6,500,100.0,100.0,100.0,99.32,100.0,100.0,0.0,0.0
12,33875,100.0,63.45448223172684,1.2509947137424111,0,25,6,500,100.0,100.0,100.0,100.0,100.0,100.0,0.0,0.0
13,36696,99.85,61.43758710639545,1.2997384727779646,0,18,6,500,100.0,100.0,100.0,100.0,99.1,100.0,0.0,0.0
14,35084,99.82,62.35118290595808,1.225350134932424,0,22,6,500,98.89,100.0,100.0,100.0,100.0,100.0,0.0,0.0
15,33875,99.43,62.22049459422559,1.3450491721451945,0,25,6,500,96.58,100.0,100.0,100.0,100.0,100.0,0.0,0.0
16,35084,99.99,63.47770907912764,1.3307252658865074,0,22,6,500,100.0,100.0,99.94,100.0,100.0,100.0,0.0,0.0
17,35084,97.62,60.1398278656352,1.276615479179228,0,22,6,500,98.48,92.95,100.0,94.29,100.0,100.0,0.0,0.0
18,33875,92.75,61.69607502340877,1.3258542775389115,0,25,6,500,100.0,88.72,95.71,92.74,90.87,88.48,0.0,0.0
19,33875,96.79,64.62257210339656,1.3080390385210263,0,25,6,500,100.0,96.26,100.0,93.81,100.0,90.66,0.0,0.0
20,35084,95.74,62.20516375636111,1.303614313830427,0,22,6,500,100.0,100.0,92.44,96.34,85.68,100.0,0.0,0.0
21,33875,99.65,61.67160991630469,1.2788989131797774,0,25,6,500,97.9,100.0,100.0,100.0,100.0,100.0,0.0,0.0
22,34278,100.0,63.05179018153688,1.2361639946484675,0,24,6,500,100.0,100.0,100.0,100.0,100.0,100.0,0.0,0.0
23,33875,97.68,62.13988310887322,1.289447692248528,0,25,6,500,100.0,100.0,88.05,98.03,100.0,100.0,0.0,0.0
24,33875,99.94,60.9640848150065,1.2218902320633775,0,25,6,500,100.0,100.0,99.63,100.0,100.0,100.0,0.0,0.0
25,33875,100.0,62.66300073164054,1.258311046703535,0,25,6,500,100.0,100.0,100.0,100.0,100.0,100.0,0.0,0.0
26,35487,99.73,62.110323836235295,1.3190855105443415,0,21,6,500,100.0,98.36,100.0,100.0,100.0,100.0,0.0,0.0
27,33875,100.0,63.79097661421024,1.3647638204646375,0,25,6,500,100.0,100.0,100.0,100.0,100.0,100.0,0.0,0.0
28,33875,98.94,62.763323466247535,1.3149635448956485,0,25,6,500,100.0,100.0,93.64,100.0,100.0,100.0,0.0,0.0
29,35487,100.0,63.073089170523325,1.2741451887692556,0,21,6,500,100.0,100.0,100.0,100.0,100.0,100.0,0.0,0.0
30,33875,100.0,61.50575439977616,1.289290105373563,0,25,6,500,100.0,100.0,100.0,100.0,100.0,100.0,0.0,0.0
31,33875,91.85,60.97152006901849,1.331963574968333,0,25,6,500,89.65,79.24,98.11,97.37,95.69,91.01,0.0,0.0
32,33875,100.0,61.77078418737905,1.2330270147769578,0,25,6,500,100.0,100.0,100.0,100.0,100.0,100.0,0.0,0.0
33,34278,99.33,63.45478095488841,1.298686891288467,0,24,6,500,100.0,100.0,100.0,95.99,100.0,100.0,0.0,0.0
34,33875,100.0,62.575679551553215,1.2485789673258931,0,25,6,500,100.0,100.0,100.0,100.0,100.0,100.0,0.0,0.0
35,33875,99.52,61.053152036231616,1.3069215409020278,0,25,6,500,97.15,100.0,100.0,100.0,100.0,100.0,0.0,0.0
36,36293,100.0,61.40006421061215,1.25310915248864,0,19,6,500,100.0,100.0,100.0,100.0,100.0,100.0,0.0,0.0
37,33875,97.06,62.26076027706151,1.2546980030180377,0,25,6,500,95.58,100.0,100.0,95.65,91.16,100.0,0.0,0.0
38,35084,96.73,62.82010622202901,1.308002953529961,0,22,6,500,100.0,89.7,100.0,100.0,100.0,90.7,0.0,0.0
39,33875,97.47,61.34659603480836,1.343427318369103,0,25,6,500,89.96,94.86,100.0,100.0,100.0,100.0,0.0,0.0
40,33875,99.36,62.55346766997885,1.3524335966061138,0,25,6,500,100.0,100.0,96.14,100.0,100.0,100.0,0.0,0.0
41,33875,100.0,61.35941695730246,1.4004647002085169,0,25,6,500,100.0,100.0,100.0,100.0,100.0,100.0,0.0,0.0
42,33875,99.26,61.18880447962543,1.3087307073265368,0,25,6,500,100.0,100.0,100.0,95.59,100.0,100.0,0.0,0.0
43,33875,99.14,62.6824249547579,1.3285982193165276,0,25,6,500,100.0,98.44,100.0,100.0,97.16,99.22,0.0,0.0
44,33875,99.37,62.22790490375489,1.285067322642216,0,25,6,500,100.0,100.0,100.0,99.57,96.67,100.0,0.0,0.0
45,33875,100.0,62.93216450157341,1.3072044935986438,0,25,6,500,100.0,100.0,100.0,100.0,100.0,100.0,0.0,0.0
46,33875,100.0,61.712567103882485,1.3511970545593386,0,25,6,500,100.0,100.0,100.0,100.0,100.0,100.0,0.0,0.0
47,34681,100.0,64.78180770616984,1.2525270094026766,0,23,6,500,100.0,100.0,100.0,100.0,100.0,100.0,0.0,0.0
48,33875,100.0,60.47561656201899,1.3119847118769756,0,25,6,500,100.0,100.0,100.0,100.0,100.0,100.0,0.0,0.0
49,34681,99.71,60.607329769713886,1.295629212369232,0,23,6,500,100.0,98.28,100.0,100.0,100.0,100.0,0.0,0.0
50,35890,98.15,62.97869475296438,1.370813975262948,0,20,6,500,100.0,100.0,95.03,93.85,100.0,100.0,0.0,0.0
51,34681,100.0,63.86352338610271,1.2494149843272957,0,23,6,500,100.0,100.0,100.0,100.0,100.0,100.0,0.0,0.0
52,33875,98.35,62.59358130098725,1.3341661090098482,0,25,6,500,100.0,100.0,100.0,90.09,100.0,100.0,0.0,0.0
53,34278,99.2,62.14867684072094,1.3308915042586056,0,24,6,500,100.0,100.0,95.21,100.0,100.0,100.0,0.0,0.0
54,35890,96.42,61.38479015650465,1.2169928304658195,0,20,6,500,92.64,98.38,100.0,87.93,99.55,100.0,0.0,0.0
55,33875,100.0,61.32799100335463,1.3129540082670133,0,25,6,500,100.0,100.0,100.0,100.0,100.0,100.0,0.0,0.0
56,33875,99.45,64.86082556927194,1.2833813394812312,0,25,6,500,100.0,96.69,100.0,100.0,100.0,100.0,0.0,0.0
57,33875,99.19,61.37092823940166,1.2631621348670226,0,25,6,500,100.0,100.0,95.85,100.0,100.0,99.28,0.0,0.0
58,33875,99.65,63.649679031947095,1.2672485451929163,0,25,6,500,100.0,100.0,100.0,100.0,97.88,100.0,0.0,0.0
59,35084,100.0,61.37334836014742,1.2944020485473864,0,22,6,500,100.0,100.0,100.0,100.0,100.0,100.0,0.0,0.0
60,33875,100.0,60.584931590856485,1.324565042209941,0,25,6,500,100.0,100.0,100.0,100.0,100.0,100.0,0.0,0.0
61,35084,99.74,61.3890229472978,1.3097887759118183,0,22,6,500,100.0,100.0,100.0,98.44,100.0,100.0,0.0,0.0
62,35487,98.13,61.77742953040273,1.3539100548386305,0,21,6,500,100.0,94.33,100.0,97.64,100.0,96.8,0.0,0.0
63,33875,100.0,60.76378406485424,1.1976948966616945,0,25,6,500,100.0,100.0,100.0,100.0,100.0,100.0,0.0,0.0
64,33875,100.0,62.54983326339132,1.3273410585133256,0,25,6,500,100.0,100.0,100.0,100.0,100.0,100.0,0.0,0.0
65,33875,100.0,63.03020019252827,1.3559164977559113,0,25,6,500,100.0,100.0,100.0,100.0,100.0,100.0,0.0,0.0
66,35084,100.0,62.78702421499921,1.29865876210786,0,22,6,500,100.0,100.0,100.0,100.0,100.0,100.0,0.0,0.0
67,36696,99.68,62.57532276740263,1.296551865003127,0,18,6,500,100.0,98.08,100.0,100.0,100.0,100.0,0.0,0.0
68,33875,99.28,62.97244943984024,1.3253508666691012,0,25,6,500,100.0,100.0,100.0,100.0,100.0,95.69,0.0,0.0
69,33875,99.72,62.974098136765285,1.3692697735485635,0,25,6,500,100.0,100.0,100.0,98.33,100.0,100.0,0.0,0.0
70,33875,99.58,62.03144528379976,1.223197998905467,0,25,6,500,100.0,100.0,100.0,100.0,100.0,97.5,0.0,0.0
71,33875,100.0,63.48735811721216,1.310596860467097,0,25,6,500,100.0,100.0,100.0,100.0,100.0,100.0,0.0,0.0
72,34278,99.7,61.32398737641636,1.2117480783995564,0,24,6,500,98.23,100.0,100.0,100.0,100.0,100.0,0.0,0.0
73,33875,100.0,63.39935680208274,1.340555007687437,0,25,6,500,100.0,100.0,100.0,100.0,100.0,100.0,0.0,0.0
74,33875,94.55,61.9173377723014,1.371904378228905,0,25,6,500,88.76,89.39,93.83,100.0,96.04,99.28,0.0,0.0
75,33875,92.59,62.1692492217633,1.2894968259921094,0,25,6,500,100.0,86.53,93.66,98.96,83.29,93.09,0.0,0.0
76,33875,93.55,62.66899510891319,1.3065368522919147,0,25,6,500,83.23,100.0,99.7,80.28,100.0,98.1,0.0,0.0
77,35890,100.0,63.682361446424025,1.3511710725887478,0,20,6,500,100.0,100.0,100.0,100.0,100.0,100.0,0.0,0.0
78,35890,100.0,62.698151154804656,1.2896303298290417,0,20,6,500,100.0,100.0,100.0,100.0,100.0,100.0,0.0,0.0
79,33875,100.0,62.99094100292324,1.3082650448837496,0,25,6,500,100.0,100.0,100.0,100.0,100.0,100.0,0.0,0.0
80,33875,100.0,62.39581104161665,1.2110157794519214,0,25,6,500,100.0,100.0,100.0,100.0,100.0,100.0,0.0,0.0
81,37099,93.33,60.61185146260845,1.345794727663574,0,17,6,500,89.84,100.0,100.0,85.92,95.54,88.66,0.0,0.0
82,33875,100.0,61.89233695955657,1.2109954810488928,0,25,6,500,100.0,100.0,100.0,100.0,100.0,100.0,0.0,0.0
83,33875,99.24,62.96553156088405,1.251842240258349,0,25,6,500,99.55,100.0,100.0,100.0,95.88,100.0,0.0,0.0
84,35487,100.0,62.35970147203184,1.2794667012826022,0,21,6,500,100.0,100.0,100.0,100.0,100.0,100.0,0.0,0.0
85,34681,100.0,63.02739506445758,1.3162131764845886,0,23,6,500,100.0,100.0,100.0,100.0,100.0,100.0,0.0,0.0
86,33875,100.0,61.29829990497798,1.2943512668953112,0,25,6,500,100.0,100.0,100.0,100.0,100.0,100.0,0.0,0.0
87,33875,99.01,61.57684894322831,1.2845786778783743,0,25,6,500,100.0,98.2,100.0,99.42,98.9,97.54,0.0,0.0
88,37502,99.74,61.81511554301533,1.315025756081007,0,16,6,500,100.0,100.0,98.46,100.0,100.0,100.0,0.0,0.0
89,33875,100.0,63.84803173281714,1.3708432901330938,0,25,6,500,100.0,100.0,100.0,100.0,100.0,100.0,0.0,0.0
90,36293,99.62,61.36914609446832,1.3516118523766936,0,19,6,500,97.7,100.0,100.0,100.0,100.0,100.0,0.0,0.0
91,35487,99.62,62.91255402205582,1.2938626322809328,0,21,6,500,100.0,100.0,100.0,100.0,97.7,100.0,0.0,0.0
92,34278,99.23,64.01591342120365,1.3055480394581662,0,24,6,500,100.0,100.0,100.0,100.0,100.0,95.39,0.0,0.0
93,33875,99.44,61.64628258067942,1.3175082641284337,0,25,6,500,100.0,100.0,100.0,100.0,100.0,96.64,0.0,0.0
94,33875,100.0,61.8897849097024,1.298288904613524,0,25,6,500,100.0,100.0,100.0,100.0,100.0,100.0,0.0,0.0
95,33875,100.0,62.67589154171863,1.406240039146943,0,25,6,500,100.0,100.0,100.0,100.0,100.0,100.0,0.0,0.0
96,37099,100.0,63.24458071474857,1.2380093098481109,0,17,6,500,100.0,100.0,100.0,100.0,100.0,100.0,0.0,0.0
97,34278,100.0,61.19724218612051,1.3175834852691355,0,24,6,500,100.0,100.0,100.0,100.0,100.0,100.0,0.0,0.0
98,33875,99.64,64.39192189208507,1.2881143155649688,0,25,6,500,97.85,100.0,100.0,100.0,100.0,100.0,0.0,0.0
99,34681,99.28,61.21788660456938,1.321048100884046,0,23,6,500,95.76,100.0,99.94,100.0,100.0,100.0,0.0,0.0
100,33875,98.77,61.85230505926253,1.3503353349174108,0,25,6,500,100.0,100.0,100.0,95.78,100.0,96.86,0.0,0.0
101,34278,98.34,61.76482489500345,1.255313574545152,0,24,6,500,100.0,95.54,100.0,100.0,96.47,98.03,0.0,0.0
102,36293,98.64,61.72204493576282,1.263110319235579,0,19,6,500,100.0,100.0,100.0,100.0,91.83,100.0,0.0,0.0
103,33875,100.0,63.24856196364861,1.3267256507394534,0,25,6,500,100.0,100.0,100.0,100.0,100.0,100.0,0.0,0.0
104,33875,100.0,62.840967167490135,1.190049525533317,0,25,6,500,100.0,100.0,100.0,100.0,100.0,100.0,0.0,0.0
105,33875,99.82,63.0167954429693,1.2242284556565828,0,25,6,500,100.0,100.0,98.92,100.0,100.0,100.0,0.0,0.0
106,33875,100.0,63.60172567263335,1.337198030781918,0,25,6,500,100.0,100.0,100.0,100.0,100.0,100.0,0.0,0.0
107,35487,98.74,64.14401064978497,1.2914972475047093,0,21,6,500,98.19,100.0,100.0,100.0,100.0,94.26,0.0,0.0
108,33875,98.44,62.90464824925728,1.27324893877529,0,25,6,500,100.0,100.0,100.0,93.73,96.88,100.0,0.0,0.0
109,35890,99.76,61.30799036881968,1.3998137684266898,0,20,6,500,100.0,98.53,100.0,100.0,100.0,100.0,0.0,0.0
110,33875,99.42,62.19440120715949,1.3244756222179177,0,25,6,500,100.0,100.0,100.0,100.0,96.5,100.0,0.0,0.0
111,33875,99.64,62.247038274603376,1.3258250952712989,0,25,6,500,100.0,97.86,100.0,100.0,100.0,100.0,0.0,0.0
112,36696,99.5,62.48871059280985,1.2756989911200032,0,18,6,500,100.0,100.0,97.32,100.0,99.7,100.0,0.0,0.0
113,33875,88.35,63.694989240293,1.293656459311043,0,25,6,500,80.55,84.66,78.05,91.08,100.0,95.74,0.0,0.0
114,33875,100.0,62.29648096578779,1.329704841288656,0,25,6,500,100.0,100.0,100.0,100.0,100.0,100.0,0.0,0.0
115,35487,99.76,62.887824532093695,1.2866400186453455,0,21,6,500,100.0,100.0,100.0,100.0,98.54,100.0,0.0,0.0
116,35084,96.06,63.96935192546704,1.2988384415322491,0,22,6,500,100.0,100.0,99.67,89.65,100.0,87.04,0.0,0.0
117,33875,100.0,62.715846161212056,1.2432375952107966,0,25,6,500,100.0,100.0,100.0,100.0,100.0,100.0,0.0,0.0
118,35890,100.0,62.15952715395287,1.3226490499051278,0,20,6,500,100.0,100.0,100.0,100.0,100.0,100.0,0.0,0.0
119,33875,95.15,63.5951786829724,1.378731455298288,0,25,6,500,93.89,100.0,89.13,89.48,98.4,100.0,0.0,0.0
120,33875,99.68,63.09156175418411,1.1896933681038364,0,25,6,500,100.0,100.0,100.0,100.0,98.06,100.0,0.0,0.0
121,33875,99.49,61.4037847597908,1.3102601548277808,0,25,6,500,98.22,98.71,100.0,100.0,100.0,100.0,0.0,0.0
122,35487,100.0,61.49183287213607,1.2501392421591493,0,21,6,500,100.0,100.0,100.0,100.0,100.0,100.0,0.0,0.0
123,34278,100.0,62.21651041948503,1.2549268280197372,0,24,6,500,100.0,100.0,100.0,100.0,100.0,100.0,0.0,0.0
124,33875,99.08,61.54805864720288,1.251465652675434,0,25,6,500,97.81,100.0,96.69,100.0,100.0,100.0,0.0,0.0
125,33875,99.2,61.28707200961577,1.19825743982221,0,25,6,500,100.0,98.72,100.0,96.45,100.0,100.0,0.0,0.0
126,36293,99.21,63.37374595177266,1.2956499764079674,0,19,6,500,100.0,100.0,97.67,97.58,100.0,100.0,0.0,0.0
127,33875,98.3,61.56595996785606,1.21023044444979,0,25,6,500,100.0,94.6,96.55,100.0,98.66,100.0,0.0,0.0
128,35487,99.01,61.40734482535269,1.3758058423764457,0,21,6,500,94.06,100.0,100.0,100.0,100.0,100.0,0.0,0.0
129,33875,100.0,62.122300053265015,1.3168118452224205,0,25,6,500,100.0,100.0,100.0,100.0,100.0,100.0,0.0,0.0
130,34278,100.0,63.71066553783304,1.2244852443431635,0,24,6,500,100.0,100.0,100.0,100.0,100.0,100.0,0.0,0.0
131,34681,97.15,61.72541964761282,1.2353842782758897,0,23,6,500,100.0,100.0,94.6,96.55,95.62,96.15,0.0,0.0
132,33875,99.16,64.73962807369857,1.2617834160124652,0,25,6,500,100.0,100.0,100.0,100.0,94.99,100.0,0.0,0.0
133,33875,99.5,63.408243737395935,1.2548209155799832,0,25,6,500,100.0,100.0,100.0,100.0,100.0,96.98,0.0,0.0
134,35487,96.02,61.69862913306484,1.3358358921988214,0,21,6,500,95.13,100.0,94.63,96.24,90.14,100.0,0.0,0.0
135,34278,93.99,60.476854104072885,1.382732527072878,0,24,6,500,100.0,81.51,94.99,100.0,97.3,90.14,0.0,0.0
136,36293,100.0,62.84553709637859,1.2897262242261345,0,19,6,500,100.0,100.0,100.0,100.0,100.0,100.0,0.0,0.0
137,36696,99.89,61.01616849082963,1.23127029086247,0,18,6,500,100.0,100.0,100.0,100.0,99.35,100.0,0.0,0.0
138,33875,99.72,61.69690714327668,1.345419375785653,0,25,6,500,100.0,100.0,98.31,100.0,100.0,100.0,0.0,0.0
139,33875,100.0,61.79885693982688,1.2226633347721736,0,25,6,500,100.0,100.0,100.0,100.0,100.0,100.0,0.0,0.0
140,33875,100.0,63.6494379546348,1.2600658570557866,0,25,6,500,100.0,100.0,100.0,100.0,100.0,100.0,0.0,0.0
141,38308,99.11,62.25863024632882,1.339810233265359,0,14,6,500,100.0,100.0,94.65,100.0,100.0,100.0,0.0,0.0
142,34278,99.98,62.880097542574624,1.3552444222275322,0,24,6,500,99.88,100.0,100.0,100.0,100.0,100.0,0.0,0.0
143,35487,100.0,60.69898058137186,1.3141581690825126,0,21,6,500,100.0,100.0,100.0,100.0,100.0,100.0,0.0,0.0
144,35890,99.44,62.4354066187487,1.3339997331222548,0,20,6,500,100.0,100.0,100.0,96.64,100.0,100.0,0.0,0.0
145,35890,100.0,63.081698703394615,1.2931694948655734,0,20,6,500,100.0,100.0,100.0,100.0,100.0,100.0,0.0,0.0
146,33875,100.0,62.65611440894816,1.265514868623645,0,25,6,500,100.0,100.0,100.0,100.0,100.0,100.0,0.0,0.0
147,33875,100.0,62.618285920131015,1.4371516897861822,0,25,6,500,100.0,100.0,100.0,100.0,100.0,100.0,0.0,0.0
148,37905,100.0,62.93730057190347,1.320454263044568,0,15,6,500,100.0,100.0,100.0,100.0,100.0,100.0,0.0,0.0
149,34278,100.0,62.63234163496004,1.3631269044336174,0,24,6,500,100.0,100.0,100.0,100.0,100.0,100.0,0.0,0.0
150,33875,99.78,64.14595368359919,1.360349988138309,0,25,6,500,98.67,100.0,100.0,100.0,100.0,100.0,0.0,0.0
151,33875,100.0,60.66312384720521,1.3154008518848608,0,25,6,500,100.0,100.0,100.0,100.0,100.0,100.0,0.0,0.0
152,37099,99.25,59.74108542885993,1.3282626944862663,0,17,6,500,100.0,100.0,95.52,100.0,100.0,100.0,0.0,0.0
153,33875,99.99,62.4903777935606,1.301083835066578,0,25,6,500,100.0,100.0,100.0,100.0,99.93,100.0,0.0,0.0
154,34278,98.92,62.1431056400422,1.3190448227632692,0,24,6,500,100.0,100.0,100.0,100.0,93.55,100.0,0.0,0.0
155,33875,99.71,61.29653345412012,1.3114432478210858,0,25,6,500,100.0,98.7,100.0,99.54,100.0,100.0,0.0,0.0
156,33875,100.0,61.82427204464269,1.2702423651941823,0,25,6,500,100.0,100.0,100.0,100.0,100.0,100.0,0.0,0.0
157,33875,98.0,61.28958970783837,1.2582339073994282,0,25,6,500,100.0,100.0,100.0,94.24,100.0,93.76,0.0,0.0
158,36293,100.0,63.14259311068832,1.3116749621799346,0,19,6,500,100.0,100.0,100.0,100.0,100.0,100.0,0.0,0.0
159,34681,99.4,62.3346169076718,1.3179745731814407,0,23,6,500,100.0,100.0,100.0,100.0,100.0,96.38,0.0,0.0
160,34681,99.1,61.78791852982902,1.2913546763176451,0,23,6,500,99.33,100.0,100.0,100.0,95.29,100.0,0.0,0.0
161,33875,100.0,61.0478376482479,1.3048164313595774,0,25,6,500,100.0,100.0,100.0,100.0,100.0,100.0,0.0,0.0
162,35487,99.6,61.552066131492,1.261334991639864,0,21,6,500,100.0,100.0,100.0,100.0,100.0,97.58,0.0,0.0
163,38711,100.0,61.75926335595601,1.185793019056784,0,13,6,500,100.0,100.0,100.0,100.0,100.0,100.0,0.0,0.0
164,33875,99.79,61.89742027531678,1.265547959114354,0,25,6,500,100.0,98.75,100.0,100.0,100.0,100.0,0.0,0.0
165,33875,97.43,61.42987815703991,1.38880736739134,0,25,6,500,96.25,95.65,92.7,100.0,100.0,100.0,0.0,0.0
166,35890,100.0,61.72165633461915,1.324115908891044,0,20,6,500,100.0,100.0,100.0,100.0,100.0,100.0,0.0,0.0
167,33875,99.8,63.14840696126995,1.269067517798642,0,25,6,500,99.72,100.0,100.0,99.11,100.0,100.0,0.0,0.0
168,33875,99.17,64.73166810104362,1.2638156918836654,0,25,6,500,100.0,99.94,100.0,100.0,95.07,100.0,0.0,0.0
169,35084,100.0,63.255498373184345,1.1884432337604514,0,22,6,500,100.0,100.0,100.0,100.0,100.0,100.0,0.0,0.0
170,33875,96.4,64.02904877101388,1.275769857568873,0,25,6,500,97.16,89.23,96.9,95.11,100.0,100.0,0.0,0.0
171,33875,99.16,62.21466696987736,1.348522666049536,0,25,6,500,100.0,100.0,94.94,100.0,100.0,100.0,0.0,0.0
172,33875,100.0,65.48485717202634,1.3009646004980044,0,25,6,500,100.0,100.0,100.0,100.0,100.0,100.0,0.0,0.0
173,33875,99.94,63.09091705659013,1.3156738793498788,0,25,6,500,100.0,100.0,100.0,99.61,100.0,100.0,0.0,0.0
174,34681,100.0,62.39281015737968,1.3683818567069386,0,23,6,500,100.0,100.0,100.0,100.0,100.0,100.0,0.0,0.0
175,35487,100.0,62.12866894319441,1.2246717007764911,0,21,6,500,100.0,100.0,100.0,100.0,100.0,100.0,0.0,0.0
176,36696,100.0,61.8206570762674,1.2872824908805196,0,18,6,500,100.0,100.0,100.0,100.0,100.0,100.0,0.0,0.0
177,34681,99.77,63.2866885505524,1.2978528930013793,0,23,6,500,100.0,100.0,98.6,100.0,100.0,100.0,0.0,0.0
178,37099,100.0,63.7035796598663,1.2734198144706212,0,17,6,500,100.0,100.0,100.0,100.0,100.0,100.0,0.0,0.0
179,35084,100.0,62.52912297200261,1.284638385586241,0,22,6,500,100.0,100.0,100.0,100.0,100.0,100.0,0.0,0.0
180,35487,95.93,62.93265555293034,1.292360504392359,0,21,6,500,89.62,100.0,100.0,92.12,93.82,100.0,0.0,0.0
181,34681,99.51,61.46780961511249,1.2424616906662251,0,23,6,500,100.0,100.0,100.0,100.0,97.05,100.0,0.0,0.0
182,36696,99.51,62.55899038724557,1.3447844872184247,0,18,6,500,98.02,100.0,100.0,99.07,100.0,100.0,0.0,0.0
183,33875,100.0,62.13956638925799,1.321628329064708,0,25,6,500,100.0,100.0,100.0,100.0,100.0,100.0,0.0,0.0
184,33875,99.61,61.84909582243669,1.190925755229494,0,25,6,500,100.0,100.0,100.0,100.0,97.66,100.0,0.0,0.0
185,36696,100.0,62.83627384761749,1.2556819668942634,0,18,6,500,100.0,100.0,100.0,100.0,100.0,100.0,0.0,0.0
186,33875,96.48,62.56066134318728,1.2171794243036864,0,25,6,500,98.06,93.56,92.0,95.25,100.0,100.0,0.0,0.0
187,33875,100.0,60.71649153944768,1.250621789970237,0,25,6,500,100.0,100.0,100.0,100.0,100.0,100.0,0.0,0.0
188,35487,100.0,63.68434807051884,1.23125135092187,0,21,6,500,100.0,100.0,100.0,100.0,100.0,100.0,0.0,0.0
189,35084,100.0,61.806663694916665,1.3258858109796368,0,22,6,500,100.0,100.0,100.0,100.0,100.0,100.0,0.0,0.0
190,33875,99.67,63.66599636375056,1.3479059128068371,0,25,6,500,98.01,100.0,100.0,100.0,100.0,100.0,0.0,0.0
191,37099,98.27,63.469813331682765,1.2735793002715794,0,17,6,500,100.0,97.44,100.0,100.0,92.2,100.0,0.0,0.0
192,37905,100.0,62.58366582645526,1.264035516803043,0,15,6,500,100.0,100.0,100.0,100.0,100.0,100.0,0.0,0.0
193,33875,97.35,62.17658811043991,1.3115225785268414,0,25,6,500,94.18,99.63,100.0,93.95,96.33,100.0,0.0,0.0
194,34278,100.0,62.97836314370143,1.4247901562950789,0,24,6,500,100.0,100.0,100.0,100.0,100.0,100.0,0.0,0.0
195,34278,100.0,62.854521276402565,1.2620283098161929,0,24,6,500,100.0,100.0,100.0,100.0,100.0,100.0,0.0,0.0
196,34681,99.02,62.36503941714729,1.2148914278961331,0,23,6,500,100.0,100.0,100.0,100.0,95.41,98.74,0.0,0.0
197,33875,99.65,62.369842023643486,1.326970942188711,0,25,6,500,100.0,100.0,100.0,100.0,100.0,97.92,0.0,0.0
198,35487,98.69,62.98673549320048,1.181569429995593,0,21,6,500,100.0,100.0,100.0,95.59,96.55,100.0,0.0,0.0
199,33875,100.0,64.33006844202961,1.2394331680666388,0,25,6,500,100.0,100.0,100.0,100.0,100.0,100.0,0.0,0.0
200,35487,100.0,61.94185772048013,1.2876857691540795,0,21,6,500,100.0,100.0,100.0,100.0,100.0,100.0,0.0,0.0
201,33875,98.72,63.00282847680749,1.3360396790326226,0,25,6,500,97.38,100.0,100.0,100.0,94.93,100.0,0.0,0.0
202,35890,97.14,62.01019550106564,1.2653010490800864,0,20,6,500,92.34,100.0,100.0,99.87,90.64,100.0,0.0,0.0
203,34681,99.74,62.88644049529904,1.303929924150488,0,23,6,500,100.0,100.0,100.0,100.0,100.0,98.42,0.0,0.0
204,33875,100.0,62.19351267265411,1.2900653114192313,0,25,6,500,100.0,100.0,100.0,100.0,100.0,100.0,0.0,0.0
205,34278,96.54,65.11175714707375,1.2941957153731132,0,24,6,500,92.14,100.0,100.0,87.11,100.0,100.0,0.0,0.0
206,33875,99.32,60.55765441103263,1.2779805783655582,0,25,6,500,100.0,100.0,100.0,100.0,95.93,100.0,0.0,0.0
207,33875,100.0,59.97933061601102,1.2996687344786548,0,25,6,500,100.0,100.0,100.0,100.0,100.0,100.0,0.0,0.0
208,36696,99.6,63.78093089816197,1.3132555486007456,0,18,6,500,97.59,100.0,100.0,100.0,100.0,100.0,0.0,0.0
209,33875,100.0,63.61486063939866,1.2200038473694172,0,25,6,500,100.0,100.0,100.0,100.0,100.0,100.0,0.0,0.0
210,36293,99.26,64.57671285547593,1.2451521017100298,0,19,6,500,95.58,100.0,100.0,100.0,100.0,100.0,0.0,0.0
211,35084,99.32,63.86205482371794,1.3043295581130805,0,22,6,500,100.0,100.0,100.0,100.0,100.0,95.91,0.0,0.0
212,34278,99.94,61.82151696897072,1.2514481979150287,0,24,6,500,99.61,100.0,100.0,100.0,100.0,100.0,0.0,0.0
213,33875,100.0,63.257925245034826,1.2802370670950958,0,25,6,500,100.0,100.0,100.0,100.0,100.0,100.0,0.0,0.0
214,35084,100.0,63.76332166389172,1.2096375493532283,0,22,6,500,100.0,100.0,100.0,100.0,100.0,100.0,0.0,0.0
215,33875,99.79,61.865618063915925,1.3081207980848242,0,25,6,500,100.0,100.0,98.71,100.0,100.0,100.0,0.0,0.0
216,36293,100.0,63.77110058969635,1.4117812377526264,0,19,6,500,100.0,100.0,100.0,100.0,100.0,100.0,0.0,0.0
217,33875,99.37,61.488038357790906,1.2632696329209157,0,25,6,500,100.0,100.0,100.0,98.44,97.76,100.0,0.0,0.0
218,35084,97.86,61.99844279026351,1.4162993138890183,0,22,6,500,90.94,96.19,100.0,100.0,100.0,100.0,0.0,0.0
219,34278,100.0,62.88902258686336,1.336091215059851,0,24,6,500,100.0,100.0,100.0,100.0,100.0,100.0,0.0,0.0
220,34278,93.41,62.74148511060024,1.255321013437206,0,24,6,500,85.03,90.6,98.74,91.08,100.0,95.03,0.0,0.0
221,33875,99.27,62.64927280474293,1.2994973457712575,0,25,6,500,100.0,100.0,100.0,100.0,100.0,95.6,0.0,0.0
222,33875,100.0,63.15009295815007,1.2817150385489164,0,25,6,500,100.0,100.0,100.0,100.0,100.0,100.0,0.0,0.0
223,33875,100.0,63.72921768807189,1.2111948381580506,0,25,6,500,100.0,100.0,100.0,100.0,100.0,100.0,0.0,0.0
224,35487,95.92,63.69175232601986,1.1934616215497846,0,21,6,500,100.0,97.86,91.18,97.86,88.6,100.0,0.0,0.0
225,33875,98.37,62.03101546414186,1.2849822591254865,0,25,6,500,100.0,100.0,100.0,90.23,100.0,100.0,0.0,0.0
226,33875,100.0,64.22664406856158,1.3561964758792358,0,25,6,500,100.0,100.0,100.0,100.0,100.0,100.0,0.0,0.0
227,34681,100.0,63.84045304952702,1.2797359118821248,0,23,6,500,100.0,100.0,100.0,100.0,100.0,100.0,0.0,0.0
228,37905,100.0,63.005113095974046,1.2401967904224558,0,15,6,500,100.0,100.0,100.0,100.0,100.0,100.0,0.0,0.0
229,33875,99.6,63.30652010089091,1.2555148794919693,0,25,6,500,97.6,100.0,100.0,100.0,100.0,100.0,0.0,0.0
230,36696,95.01,61.31011346185858,1.2276234799557264,0,18,6,500,100.0,85.76,95.78,95.17,100.0,93.37,0.0,0.0
231,33875,99.51,65.36027017234677,1.2375788616470356,0,25,6,500,97.07,100.0,100.0,100.0,100.0,100.0,0.0,0.0
232,33875,100.0,63.87721417641977,1.267283897525326,0,25,6,500,100.0,100.0,100.0,100.0,100.0,100.0,0.0,0.0
233,34278,100.0,64.65992678161932,1.2676181091382348,0,24,6,500,100.0,100.0,100.0,100.0,100.0,100.0,0.0,0.0
234,35084,99.97,62.28529735686424,1.2541818166183434,0,22,6,500,99.8,100.0,100.0,100.0,100.0,100.0,0.0,0.0
235,33875,100.0,61.83329741401085,1.2256614876893248,0,25,6,500,100.0,100.0,100.0,100.0,100.0,100.0,0.0,0.0
236,35084,99.02,62.11899382256388,1.3569923181662822,0,22,6,500,100.0,94.11,100.0,100.0,100.0,100.0,0.0,0.0
237,33875,100.0,63.855377070456726,1.165956040769029,0,25,6,500,100.0,100.0,100.0,100.0,100.0,100.0,0.0,0.0
238,33875,100.0,62.6656283061623,1.3461143269190607,0,25,6,500,100.0,100.0,100.0,100.0,100.0,100.0,0.0,0.0
239,35084,100.0,63.05035829025467,1.2149732572871772,0,22,6,500,100.0,100.0,100.0,100.0,100.0,100.0,0.0,0.0
240,34278,100.0,60.88093479036395,1.318511036644886,0,24,6,500,100.0,100.0,100.0,100.0,100.0,100.0,0.0,0.0
241,37099,100.0,61.503819606485415,1.2761208091113485,0,17,6,500,100.0,100.0,100.0,100.0,100.0,100.0,0.0,0.0
242,33875,98.9,61.87014140132089,1.363604126948914,0,25,6,500,100.0,100.0,93.37,100.0,100.0,100.0,0.0,0.0
243,35487,98.99,62.30010168313168,1.2375967153855922,0,21,6,500,93.94,100.0,100.0,100.0,100.0,100.0,0.0,0.0
244,36696,96.72,61.62124235633158,1.3619621936429531,0,18,6,500,100.0,99.54,96.24,96.71,94.12,93.7,0.0,0.0
245,33875,96.28,64.09100376800858,1.2870478921521171,0,25,6,500,100.0,100.0,100.0,82.93,94.72,100.0,0.0,0.0
246,33875,96.89,65.59548563733631,1.2052653159782802,0,25,6,500,100.0,94.77,100.0,100.0,100.0,86.57,0.0,0.0
247,33875,100.0,64.00832087966982,1.1762975324846288,0,25,6,500,100.0,100.0,100.0,100.0,100.0,100.0,0.0,0.0
248,33875,95.19,60.70068521289015,1.249277275274183,0,25,6,500,97.96,100.0,98.97,89.96,84.25,100.0,0.0,0.0
249,35084,100.0,64.20495020037886,1.2222993352036076,0,22,6,500,100.0,100.0,100.0,100.0,100.0,100.0,0.0,0.0
250,37099,99.28,62.26190344549411,1.3793386485544847,0,17,6,500,100.0,100.0,95.65,100.0,100.0,100.0,0.0,0.0
251,34681,99.0,63.19548082434607,1.2531169508010984,0,23,6,500,100.0,100.0,100.0,94.0,100.0,100.0,0.0,0.0
252,34278,98.94,61.56753280452955,1.2981791206005824,0,24,6,500,100.0,97.51,100.0,96.16,100.0,100.0,0.0,0.0
253,35487,100.0,62.66937269911232,1.2873525404320625,0,21,6,500,100.0,100.0,100.0,100.0,100.0,100.0,0.0,0.0
254,35487,100.0,62.86425591382151,1.2509050595363571,0,21,6,500,100.0,100.0,100.0,100.0,100.0,100.0,0.0,0.0
255,36293,93.53,62.03051609462111,1.2601332224350554,0,19,6,500,81.22,100.0,100.0,97.72,85.05,97.16,0.0,0.0
256,35487,99.59,62.199134643249536,1.269649382822097,0,21,6,500,100.0,100.0,100.0,100.0,97.53,100.0,0.0,0.0
257,33875,96.33,61.62962216108847,1.30566025186039,0,25,6,500,100.0,100.0,90.82,96.9,100.0,90.25,0.0,0.0
258,34278,99.88,63.78733697088027,1.3380775875460724,0,24,6,500,100.0,99.29,100.0,100.0,100.0,100.0,0.0,0.0
259,36293,99.93,61.57613175152243,1.2275183437678934,0,19,6,500,100.0,100.0,100.0,100.0,99.58,100.0,0.0,0.0
260,33875,96.48,62.62245960622816,1.2200828966750703,0,25,6,500,100.0,98.72,88.93,100.0,100.0,91.23,0.0,0.0
261,35084,100.0,63.29244818971558,1.2920675766843304,0,22,6,500,100.0,100.0,100.0,100.0,100.0,100.0,0.0,0.0
262,35084,100.0,63.456493794204974,1.275631224114835,0,22,6,500,100.0,100.0,100.0,100.0,100.0,100.0,0.0,0.0
263,34681,100.0,64.40268393882562,1.264547205553313,0,23,6,500,100.0,100.0,100.0,100.0,100.0,100.0,0.0,0.0
264,33875,100.0,61.36953034807726,1.2666522160055476,0,25,6,500,100.0,100.0,100.0,100.0,100.0,100.0,0.0,0.0
265,33875,99.74,64.22359182036901,1.2892702496030568,0,25,6,500,100.0,98.41,100.0,100.0,100.0,100.0,0.0,0.0
266,33875,95.06,62.30143060567092,1.1953897876452682,0,25,6,500,95.51,100.0,85.11,100.0,100.0,89.74,0.0,0.0
267,33875,98.34,62.17154411378661,1.1994789495963667,0,25,6,500,95.8,96.94,97.33,100.0,100.0,100.0,0.0,0.0
268,37502,100.0,62.87498946712779,1.2366023152753294,0,16,6,500,100.0,100.0,100.0,100.0,100.0,100.0,0.0,0.0
269,34278,99.83,62.74816960786962,1.2945894270865637,0,24,6,500,100.0,99.0,100.0,100.0,100.0,100.0,0.0,0.0
270,33875,99.76,62.12859852899881,1.3005245769078666,0,25,6,500,100.0,100.0,100.0,100.0,100.0,98.58,0.0,0.0
271,33875,100.0,62.31201472455495,1.239096940130456,0,25,6,500,100.0,100.0,100.0,100.0,100.0,100.0,0.0,0.0
272,34278,99.56,63.93053876300692,1.300467037560953,0,24,6,500,100.0,97.36,100.0,100.0,100.0,100.0,0.0,0.0
273,34278,100.0,61.727610358622194,1.3134259997032265,0,24,6,500,100.0,100.0,100.0,100.0,100.0,100.0,0.0,0.0
274,35487,99.07,62.21174539357207,1.3503249343031198,0,21,6,500,100.0,100.0,94.41,100.0,100.0,100.0,0.0,0.0
275,33875,100.0,63.60895673911295,1.234469124136358,0,25,6,500,100.0,100.0,100.0,100.0,100.0,100.0,0.0,0.0
276,33875,99.64,62.25798752379941,1.2852185735039678,0,25,6,500,100.0,100.0,99.5,98.81,100.0,99.53,0.0,0.0
277,33875,100.0,62.21757290220396,1.3300638218232934,0,25,6,500,100.0,100.0,100.0,100.0,100.0,100.0,0.0,0.0
278,33875,99.85,64.85745631884369,1.3299805294870977,0,25,6,500,99.1,100.0,100.0,100.0,100.0,100.0,0.0,0.0
279,35890,100.0,61.87033554711251,1.2986079383067393,0,20,6,500,100.0,100.0,100.0,100.0,100.0,100.0,0.0,0.0
280,33875,100.0,64.51317295662591,1.3259732465073697,0,25,6,500,100.0,100.0,100.0,100.0,100.0,100.0,0.0,0.0
281,34681,99.8,61.75737527044,1.277375053387535,0,23,6,500,100.0,98.8,100.0,100.0,100.0,100.0,0.0,0.0
282,36293,100.0,61.85979430138304,1.2471740219405434,0,19,6,500,100.0,100.0,100.0,100.0,100.0,100.0,0.0,0.0
283,33875,98.52,61.68791968769445,1.2173830189571162,0,25,6,500,95.56,100.0,100.0,100.0,97.56,97.97,0.0,0.0
284,34278,100.0,62.8097518827654,1.309938459909244,0,24,6,500,100.0,100.0,100.0,100.0,100.0,100.0,0.0,0.0
285,35890,100.0,61.35638683610535,1.2400902078768286,0,20,6,500,100.0,100.0,100.0,100.0,100.0,100.0,0.0,0.0
286,37905,99.24,62.1251023053478,1.2101387420473482,0,15,6,500,95.43,100.0,100.0,100.0,100.0,100.0,0.0,0.0
287,33875,98.13,63.56804838741154,1.2965801894876396,0,25,6,500,95.49,93.31,100.0,100.0,100.0,100.0,0.0,0.0
288,34278,98.95,62.772661083478845,1.1745763401633298,0,24,6,500,100.0,93.72,100.0,100.0,100.0,100.0,0.0,0.0
289,36293,100.0,62.53208361073035,1.2548040048421083,0,19,6,500,100.0,100.0,100.0,100.0,100.0,100.0,0.0,0.0
290,35487,97.73,61.66694052274197,1.2133829108695091,0,21,6,500,97.71,95.11,93.54,100.0,100.0,100.0,0.0,0.0
291,37905,100.0,62.03134711719924,1.2663511886504628,0,15,6,500,100.0,100.0,100.0,100.0,100.0,100.0,0.0,0.0
292,34278,100.0,63.21867879231102,1.2398839542276323,0,24,6,500,100.0,100.0,100.0,100.0,100.0,100.0,0.0,0.0
293,36293,100.0,63.0387021584484,1.247843333429273,0,19,6,500,100.0,100.0,100.0,100.0,100.0,100.0,0.0,0.0
294,33875,99.44,65.25991256844921,1.2267333241029437,0,25,6,500,100.0,100.0,100.0,100.0,100.0,96.67,0.0,0.0
295,33875,99.58,62.24251214776881,1.2767028016172797,0,25,6,500,100.0,100.0,99.1,100.0,100.0,98.37,0.0,0.0
296,35084,100.0,61.33391552148453,1.254977111308839,0,22,6,500,100.0,100.0,100.0,100.0,100.0,100.0,0.0,0.0
297,35487,100.0,60.99064338425985,1.2580478364430774,0,21,6,500,100.0,100.0,100.0,100.0,100.0,100.0,0.0,0.0
298,36293,99.94,61.59488930701146,1.3333582886115671,0,19,6,500,100.0,100.0,100.0,99.65,100.0,100.0,0.0,0.0
299,34278,98.68,61.51172428905307,1.140578708925618,0,24,6,500,100.0,92.96,100.0,99.1,100.0,100.0,0.0,0.0
300,39920,99.29,61.20556076908724,1.2215023566587528,0,10,6,500,100.0,98.92,96.86,99.94,100.0,100.0,0.0,0.0
301,33875,98.85,63.09993733061521,1.257109517917954,0,25,6,500,100.0,93.08,100.0,100.0,100.0,100.0,0.0,0.0
302,35487,99.62,62.48705229529904,1.312968702225852,0,21,6,500,100.0,97.71,100.0,100.0,100.0,100.0,0.0,0.0
303,36293,100.0,61.04437230317251,1.248310850833435,0,19,6,500,100.0,100.0,100.0,100.0,100.0,100.0,0.0,0.0
304,35084,100.0,63.45041190021772,1.2169157910077013,0,22,6,500,100.0,100.0,100.0,100.0,100.0,100.0,0.0,0.0
305,34681,99.52,63.395843974755664,1.1515496195824049,0,23,6,500,100.0,100.0,100.0,100.0,97.11,100.0,0.0,0.0
306,34681,100.0,63.27792964835856,1.306105987291822,0,23,6,500,100.0,100.0,100.0,100.0,100.0,100.0,0.0,0.0
307,35890,100.0,62.66125271030567,1.3536757318986945,0,20,6,500,100.0,100.0,100.0,100.0,100.0,100.0,0.0,0.0
308,33875,100.0,64.12907532772734,1.2403238721418273,0,25,6,500,100.0,100.0,100.0,100.0,100.0,100.0,0.0,0.0
309,34278,99.66,63.77368319687945,1.246623502832608,0,24,6,500,100.0,100.0,97.93,100.0,100.0,100.0,0.0,0.0
310,34278,100.0,62.80414245871268,1.240988665890902,0,24,6,500,100.0,100.0,100.0,100.0,100.0,100.0,0.0,0.0
311,34278,98.06,62.25160481665374,1.1709747543424722,0,24,6,500,100.0,100.0,92.94,100.0,95.39,100.0,0.0,0.0
312,36696,99.12,64.0558134011991,1.3391575583245556,0,18,6,500,100.0,98.31,100.0,99.97,96.46,100.0,0.0,0.0
313,33875,100.0,62.235194620677085,1.322839621439875,0,25,6,500,100.0,100.0,100.0,100.0,100.0,100.0,0.0,0.0
314,33875,98.94,63.17084582787527,1.2198449409432506,0,25,6,500,100.0,93.66,100.0,100.0,100.0,100.0,0.0,0.0
315,34681,100.0,63.10339053455057,1.2330388322862027,0,23,6,500,100.0,100.0,100.0,100.0,100.0,100.0,0.0,0.0
316,35890,98.72,64.81276962794755,1.25720194929649,0,20,6,500,99.68,100.0,92.62,100.0,100.0,100.0,0.0,0.0
317,33875,100.0,62.16526236496152,1.2579973082457545,0,25,6,500,100.0,100.0,100.0,100.0,100.0,100.0,0.0,0.0
318,36293,99.2,63.259058457335705,1.1709792764718407,0,19,6,500,100.0,95.21,100.0,100.0,100.0,100.0,0.0,0.0
319,33875,100.0,62.15483457711856,1.274727652491294,0,25,6,500,100.0,100.0,100.0,100.0,100.0,100.0,0.0,0.0
320,33875,99.68,62.9429816647533,1.282880242224737,0,25,6,500,98.06,100.0,100.0,100.0,100.0,100.0,0.0,0.0
321,33875,100.0,63.407814653612256,1.1933033361171732,0,25,6,500,100.0,100.0,100.0,100.0,100.0,100.0,0.0,0.0
322,33875,95.79,63.806173803853234,1.2279357675699714,0,25,6,500,100.0,93.91,92.25,88.56,100.0,100.0,0.0,0.0
323,34278,99.46,62.9733919383461,1.2738145991623009,0,24,6,500,100.0,100.0,100.0,100.0,96.77,100.0,0.0,0.0
324,35084,100.0,60.57847642037772,1.2527679350612937,0,22,6,500,100.0,100.0,100.0,100.0,100.0,100.0,0.0,0.0
325,34681,100.0,63.13713790864738,1.316916700650795,0,23,6,500,100.0,100.0,100.0,100.0,100.0,100.0,0.0,0.0
326,37502,99.81,62.587106627563,1.2401837901935984,0,16,6,500,100.0,100.0,100.0,100.0,100.0,98.85,0.0,0.0
327,34681,98.82,60.713043796800896,1.1909363764337442,0,23,6,500,100.0,100.0,100.0,100.0,92.92,100.0,0.0,0.0
328,35084,100.0,62.175187892223725,1.2541131391750386,0,22,6,500,100.0,100.0,100.0,100.0,100.0,100.0,0.0,0.0
329,35487,100.0,61.59119132830029,1.2586396106532736,0,21,6,500,100.0,100.0,100.0,100.0,100.0,100.0,0.0,0.0
330,34681,100.0,62.51307696255032,1.3398112081397326,0,23,6,500,100.0,100.0,100.0,100.0,100.0,100.0,0.0,0.0
331,35084,100.0,62.341622887624055,1.154247140446499,0,22,6,500,100.0,100.0,100.0,100.0,100.0,100.0,0.0,0.0
332,34681,100.0,62.539924365445366,1.2572100469336975,0,23,6,500,100.0,100.0,100.0,100.0,100.0,100.0,0.0,0.0
333,36696,100.0,63.36321551279556,1.23507101434516,0,18,6,500,100.0,100.0,100.0,100.0,100.0,100.0,0.0,0.0
334,35084,99.42,62.69617000625031,1.243660605603332,0,22,6,500,100.0,100.0,96.55,100.0,100.0,100.0,0.0,0.0
335,36293,100.0,60.92088809745475,1.1877690044145104,0,19,6,500,100.0,100.0,100.0,100.0,100.0,100.0,0.0,0.0
336,33875,99.41,62.66126932042684,1.2763657698793405,0,25,6,500,100.0,100.0,100.0,100.0,100.0,96.43,0.0,0.0
337,41166,100.0,63.251688331493256,1.2858198101194556,1,13,6,500,100.0,100.0,100.0,100.0,100.0,100.0,0.0,0.0
338,35487,100.0,61.58828640340464,1.254896995584768,0,21,6,500,100.0,100.0,100.0,100.0,100.0,100.0,0.0,0.0
339,33875,99.01,62.44026908743347,1.2224155894558555,0,25,6,500,100.0,100.0,100.0,100.0,100.0,94.06,0.0,0.0
340,34278,100.0,62.0053486840985,1.2967678215397118,0,24,6,500,100.0,100.0,100.0,100.0,100.0,100.0,0.0,0.0
341,35084,95.42,63.43709507837009,1.2406720904407362,0,22,6,500,100.0,87.98,100.0,91.17,93.37,100.0,0.0,0.0
342,36696,98.83,63.83549164583189,1.2532683277888952,0,18,6,500,100.0,100.0,92.96,100.0,100.0,100.0,0.0,0.0
343,37099,100.0,62.87721813132965,1.2424621853270772,0,17,6,500,100.0,100.0,100.0,100.0,100.0,100.0,0.0,0.0
344,35084,99.14,63.10170876842902,1.217389439741266,0,22,6,500,99.45,100.0,100.0,95.38,100.0,100.0,0.0,0.0
345,35890,100.0,62.37924670593981,1.310150617469458,0,20,6,500,100.0,100.0,100.0,100.0,100.0,100.0,0.0,0.0
346,36696,99.92,61.41704497155507,1.2831361835073718,0,18,6,500,100.0,99.52,100.0,100.0,100.0,100.0,0.0,0.0
347,34278,100.0,63.626254304651496,1.3332078266711442,0,24,6,500,100.0,100.0,100.0,100.0,100.0,100.0,0.0,0.0
348,34681,99.89,63.08430359274111,1.3183947332598172,0,23,6,500,100.0,100.0,99.35,100.0,100.0,100.0,0.0,0.0
349,35890,100.0,61.89293380182055,1.2337706977272216,0,20,6,500,100.0,100.0,100.0,100.0,100.0,100.0,0.0,0.0
350,37905,100.0,62.89104663475607,1.1876924639521036,0,15,6,500,100.0,100.0,100.0,100.0,100.0,100.0,0.0,0.0
351,33875,100.0,62.54227687267612,1.2531275134696522,0,25,6,500,100.0,100.0,100.0,100.0,100.0,100.0,0.0,0.0
352,35487,100.0,62.74203599834031,1.205104064640215,0,21,6,500,100.0,100.0,100.0,100.0,100.0,100.0,0.0,0.0
353,37099,100.0,64.00483444342804,1.2257140621033786,0,17,6,500,100.0,100.0,100.0,100.0,100.0,100.0,0.0,0.0
354,33875,95.08,63.55993174277411,1.1942723870622676,0,25,6,500,92.2,100.0,85.93,100.0,97.75,94.6,0.0,0.0
355,34278,100.0,62.75413121980503,1.3179233776868822,0,24,6,500,100.0,100.0,100.0,100.0,100.0,100.0,0.0,0.0
356,36696,99.85,63.24670456863031,1.241595471433899,0,18,6,500,100.0,100.0,100.0,100.0,100.0,99.11,0.0,0.0
357,35487,100.0,63.30824454363624,1.2599990874241669,0,21,6,500,100.0,100.0,100.0,100.0,100.0,100.0,0.0,0.0
358,33875,100.0,61.92226864213249,1.2019980885446666,0,25,6,500,100.0,100.0,100.0,100.0,100.0,100.0,0.0,0.0
359,35890,99.41,61.58876606117079,1.2845579900915125,0,20,6,500,100.0,96.47,100.0,100.0,100.0,100.0,0.0,0.0
360,36696,99.7,63.22252615288525,1.158548094883486,0,18,6,500,100.0,100.0,98.23,100.0,100.0,100.0,0.0,0.0
361,35084,98.42,62.46965806672205,1.2240590179628985,0,22,6,500,100.0,90.55,100.0,100.0,100.0,100.0,0.0,0.0
362,37502,100.0,62.788048822615615,1.2706000127632686,0,16,6,500,100.0,100.0,100.0,100.0,100.0,100.0,0.0,0.0
363,34681,100.0,60.67128070566383,1.165299835890118,0,23,6,500,100.0,100.0,100.0,100.0,100.0,100.0,0.0,0.0
364,33875,99.16,61.49213484808243,1.2699241706449953,0,25,6,500,94.99,100.0,100.0,100.0,100.0,100.0,0.0,0.0
365,34681,100.0,61.99987194203201,1.276192320368804,0,23,6,500,100.0,100.0,100.0,100.0,100.0,100.0,0.0,0.0
366,33875,100.0,63.66084330583952,1.280859220191398,0,25,6,500,100.0,100.0,100.0,100.0,100.0,100.0,0.0,0.0
367,39920,85.03,63.29229995871962,1.1153873248358814,0,10,6,500,89.12,90.56,83.32,76.39,92.65,78.13,0.0,0.0
368,36293,100.0,62.2126655538054,1.315459201471508,0,19,6,500,100.0,100.0,100.0,100.0,100.0,100.0,0.0,0.0
369,34681,99.07,63.16020089493375,1.2145969217097567,0,23,6,500,95.85,100.0,100.0,99.33,100.0,99.23,0.0,0.0
370,35084,100.0,63.625260692906096,1.2612675040287384,0,22,6,500,100.0,100.0,100.0,100.0,100.0,100.0,0.0,0.0
371,37099,99.92,62.47309869628731,1.3022773916377357,0,17,6,500,100.0,100.0,100.0,100.0,99.52,100.0,0.0,0.0
372,34278,99.24,62.84742592135007,1.205511075118489,0,24,6,500,95.45,100.0,100.0,100.0,100.0,100.0,0.0,0.0
373,35890,99.81,60.92762859525576,1.2759513582181814,0,20,6,500,100.0,100.0,100.0,100.0,100.0,98.86,0.0,0.0
374,34278,100.0,62.69901999395109,1.326130853923189,0,24,6,500,100.0,100.0,100.0,100.0,100.0,100.0,0.0,0.0
375,36293,100.0,62.612449063000426,1.2145375973825243,0,19,6,500,100.0,100.0,100.0,100.0,100.0,100.0,0.0,0.0
376,34681,100.0,61.18863558818851,1.2171934883209097,0,23,6,500,100.0,100.0,100.0,100.0,100.0,100.0,0.0,0.0
377,33875,100.0,61.24619035051143,1.2034538634241072,0,25,6,500,100.0,100.0,100.0,100.0,100.0,100.0,0.0,0.0
378,37099,100.0,62.27276527940055,1.2941542259276355,0,17,6,500,100.0,100.0,100.0,100.0,100.0,100.0,0.0,0.0
379,35890,100.0,63.4225143997181,1.170860728330841,0,20,6,500,100.0,100.0,100.0,100.0,100.0,100.0,0.0,0.0
380,33875,100.0,60.96524793844555,1.2993339582697567,0,25,6,500,100.0,100.0,100.0,100.0,100.0,100.0,0.0,0.0
381,34278,100.0,62.53589269712363,1.3112376059779431,0,24,6,500,100.0,100.0,100.0,100.0,100.0,100.0,0.0,0.0
382,34278,98.42,62.77919855907979,1.2418263131946388,0,24,6,500,100.0,100.0,100.0,100.0,90.55,100.0,0.0,0.0
383,34278,95.5,63.182585298029984,1.3058172964404755,0,24,6,500,100.0,90.86,83.71,100.0,98.45,100.0,0.0,0.0
384,37099,96.81,62.2505201496538,1.2714480415264702,0,17,6,500,97.72,95.03,100.0,89.49,100.0,98.6,0.0,0.0
385,36293,100.0,64.53336468152781,1.2368800154904482,0,19,6,500,100.0,100.0,100.0,100.0,100.0,100.0,0.0,0.0
386,34278,100.0,61.979123084034434,1.1656818868384842,0,24,6,500,100.0,100.0,100.0,100.0,100.0,100.0,0.0,0.0
387,33875,99.45,63.4221286861633,1.165862871280112,0,25,6,500,100.0,100.0,96.71,100.0,100.0,100.0,0.0,0.0
388,33875,96.24,62.70987908371692,1.2722449516007297,0,25,6,500,100.0,100.0,100.0,100.0,92.77,84.66,0.0,0.0
389,34278,99.52,61.6798785442707,1.2686746036838166,0,24,6,500,100.0,100.0,100.0,100.0,100.0,97.15,0.0,0.0
390,36293,99.16,61.40371864457365,1.255087164349561,0,19,6,500,94.98,100.0,100.0,100.0,100.0,100.0,0.0,0.0
391,36293,100.0,62.7605731889127,1.2540988683198135,0,19,6,500,100.0,100.0,100.0,100.0,100.0,100.0,0.0,0.0
392,36696,99.41,62.678981689437016,1.3052730427123609,0,18,6,500,100.0,96.47,100.0,100.0,100.0,100.0,0.0,0.0
393,35487,100.0,63.26113231205523,1.3467352071193872,0,21,6,500,100.0,100.0,100.0,100.0,100.0,100.0,0.0,0.0
394,33875,99.3,63.18802308833804,1.2738171653009445,0,25,6,500,100.0,100.0,100.0,100.0,100.0,95.78,0.0,0.0
395,36293,100.0,63.605697263213465,1.1773007093602237,0,19,6,500,100.0,100.0,100.0,100.0,100.0,100.0,0.0,0.0
396,35890,100.0,61.51796264734395,1.2084191226430565,0,20,6,500,100.0,100.0,100.0,100.0,100.0,100.0,0.0,0.0
397,34681,96.62,63.51722954155417,1.2572316298108068,0,23,6,500,93.05,94.91,100.0,100.0,100.0,91.75,0.0,0.0
398,36293,98.66,63.76419081809363,1.2272006750163296,0,19,6,500,100.0,100.0,100.0,100.0,91.96,100.0,0.0,0.0
399,34681,100.0,62.40839998428421,1.2390223731311163,0,23,6,500,100.0,100.0,100.0,100.0,100.0,100.0,0.0,0.0
400,34278,100.0,61.72712842046702,1.2360068214739846,0,24,6,500,100.0,100.0,100.0,100.0,100.0,100.0,0.0,0.0
401,35084,100.0,64.12886934658003,1.241006518903496,0,22,6,500,100.0,100.0,100.0,100.0,100.0,100.0,0.0,0.0
402,35084,99.11,64.96740434350855,1.214331308199244,0,22,6,500,100.0,100.0,100.0,100.0,100.0,94.67,0.0,0.0
403,33875,99.61,61.80433275772275,1.2446739771944055,0,25,6,500,100.0,100.0,100.0,100.0,100.0,97.68,0.0,0.0
404,36293,100.0,61.47859370471421,1.1847375185391846,0,19,6,500,100.0,100.0,100.0,100.0,100.0,100.0,0.0,0.0
405,34681,99.65,62.60084058032484,1.2416678373613763,0,23,6,500,100.0,100.0,100.0,100.0,97.89,100.0,0.0,0.0
406,35487,100.0,61.00744958054052,1.1117510893152227,0,21,6,500,100.0,100.0,100.0,100.0,100.0,100.0,0.0,0.0
407,37905,100.0,61.72855541717853,1.2044736073713689,0,15,6,500,100.0,100.0,100.0,100.0,100.0,100.0,0.0,0.0
408,34278,100.0,62.34029511723741,1.2637504915062625,0,24,6,500,100.0,100.0,100.0,100.0,100.0,100.0,0.0,0.0
409,33875,98.16,62.707095427970266,1.2566693576609274,0,25,6,500,98.85,100.0,94.74,100.0,95.52,99.83,0.0,0.0
410,34278,96.54,61.46936006849322,1.2416895708852251,0,24,6,500,100.0,89.87,96.73,99.89,100.0,92.76,0.0,0.0
411,35084,100.0,62.694298809936896,1.2969454982232562,0,22,6,500,100.0,100.0,100.0,100.0,100.0,99.98,0.0,0.0
412,33875,99.22,63.68933538904943,1.244518770218097,0,25,6,500,100.0,100.0,100.0,95.67,100.0,99.67,0.0,0.0
413,38308,100.0,63.52313252383424,1.2684993372260127,0,14,6,500,100.0,100.0,100.0,100.0,100.0,100.0,0.0,0.0
414,37905,99.63,61.36444792634845,1.2059973713866807,0,15,6,500,100.0,100.0,100.0,100.0,100.0,97.77,0.0,0.0
415,33875,100.0,62.62044991594845,1.2345540535424095,0,25,6,500,100.0,100.0,100.0,100.0,100.0,100.0,0.0,0.0
416,35487,100.0,64.16028796783586,1.2319515689431644,0,21,6,500,100.0,100.0,100.0,100.0,100.0,100.0,0.0,0.0
417,35487,100.0,62.27133451389264,1.2610720190055398,0,21,6,500,100.0,100.0,100.0,100.0,100.0,100.0,0.0,0.0
418,37502,99.67,61.684755087168185,1.339458875198838,0,16,6,500,98.01,100.0,100.0,100.0,100.0,100.0,0.0,0.0
419,34278,97.84,64.85623591709512,1.206020591838486,0,24,6,500,100.0,100.0,100.0,100.0,100.0,87.05,0.0,0.0
420,36293,100.0,62.0657886027372,1.2898561145412328,0,19,6,500,100.0,100.0,100.0,100.0,100.0,100.0,0.0,0.0
421,35890,99.43,63.33795178142662,1.2665266299936917,0,20,6,500,100.0,100.0,100.0,100.0,96.59,100.0,0.0,0.0
422,35890,99.6,62.8139916077742,1.3345220714846255,0,20,6,500,100.0,100.0,100.0,100.0,97.63,100.0,0.0,0.0
423,35890,100.0,61.250719058669496,1.1881156757722418,0,20,6,500,100.0,100.0,100.0,100.0,100.0,100.0,0.0,0.0
424,37099,100.0,61.85885118715261,1.3009724283993886,0,17,6,500,100.0,100.0,100.0,100.0,100.0,100.0,0.0,0.0
425,36293,96.55,62.15529854408897,1.3139859071095794,0,19,6,500,100.0,91.99,95.84,100.0,91.47,100.0,0.0,0.0
426,37905,97.22,62.38440346543456,1.1502490897893516,0,15,6,500,100.0,100.0,95.95,100.0,95.51,91.86,0.0,0.0
427,34681,99.05,62.35084718678719,1.1812515805115982,0,23,6,500,100.0,100.0,100.0,94.3,100.0,100.0,0.0,0.0
428,36293,100.0,63.469228268485736,1.100469363717412,0,19,6,500,100.0,100.0,100.0,100.0,100.0,100.0,0.0,0.0
429,36293,99.82,61.65215838643535,1.1948154115130516,0,19,6,500,100.0,98.93,100.0,100.0,100.0,100.0,0.0,0.0
430,39517,88.96,60.90082689206978,1.1468734939352003,0,11,6,500,92.36,89.83,79.81,93.05,78.68,100.0,0.0,0.0
431,34681,99.05,61.69336887480905,1.1911268095111698,0,23,6,500,100.0,100.0,100.0,94.32,100.0,100.0,0.0,0.0
432,37502,100.0,62.25286941673865,1.2404295605193638,0,16,6,500,100.0,100.0,100.0,100.0,100.0,100.0,0.0,0.0
433,35487,100.0,62.48468416999085,1.3176123478133672,0,21,6,500,100.0,100.0,100.0,100.0,100.0,100.0,0.0,0.0
434,35487,99.04,62.31982938868709,1.215423924844803,0,21,6,500,100.0,98.7,99.5,100.0,96.03,100.0,0.0,0.0
435,34278,100.0,60.1561307462993,1.289701635708837,0,24,6,500,100.0,100.0,100.0,100.0,100.0,100.0,0.0,0.0
436,37099,100.0,61.96371928089281,1.204699460943706,0,17,6,500,100.0,100.0,100.0,100.0,100.0,100.0,0.0,0.0
437,36696,99.68,61.72688950996878,1.207474085770735,0,18,6,500,100.0,98.06,100.0,100.0,100.0,100.0,0.0,0.0
438,33875,99.66,62.5405833164268,1.1949813899032256,0,25,6,500,100.0,100.0,100.0,100.0,100.0,97.93,0.0,0.0
439,33875,99.46,63.208527173314586,1.2262298293066696,0,25,6,500,100.0,100.0,96.77,100.0,100.0,100.0,0.0,0.0
440,36293,98.48,61.11482408946448,1.241318988214851,0,19,6,500,100.0,95.0,100.0,95.9,100.0,100.0,0.0,0.0
441,34681,100.0,64.76857545923517,1.225117065377382,0,23,6,500,100.0,100.0,100.0,100.0,100.0,100.0,0.0,0.0
442,35890,99.62,62.610179015197815,1.2899485010870728,0,20,6,500,100.0,100.0,100.0,97.75,100.0,100.0,0.0,0.0
443,36696,99.68,61.18028620994737,1.2045196952107815,0,18,6,500,98.07,100.0,100.0,100.0,100.0,100.0,0.0,0.0
444,37099,98.57,62.72991874887085,1.2282698571001542,0,17,6,500,100.0,100.0,100.0,100.0,91.43,100.0,0.0,0.0
445,35487,100.0,63.05662008596104,1.2353098905862991,0,21,6,500,100.0,100.0,100.0,100.0,100.0,100.0,0.0,0.0
446,34278,98.53,61.53308367226879,1.3308521398502378,0,24,6,500,100.0,100.0,95.56,97.82,100.0,97.79,0.0,0.0
447,33875,97.64,63.484110212775214,1.3117018869979309,0,25,6,500,97.9,100.0,90.27,100.0,97.67,100.0,0.0,0.0
448,36293,100.0,65.22195707516488,1.129097995753884,0,19,6,500,100.0,100.0,100.0,100.0,100.0,100.0,0.0,0.0
449,36696,100.0,62.15529182546349,1.2716054280240443,0,18,6,500,100.0,100.0,100.0,100.0,100.0,100.0,0.0,0.0
450,35890,100.0,63.14486648484749,1.212409619558756,0,20,6,500,100.0,100.0,100.0,100.0,100.0,100.0,0.0,0.0
451,36696,99.78,62.55022630405869,1.23932057658119,0,18,6,500,100.0,100.0,100.0,100.0,100.0,98.67,0.0,0.0
452,37502,100.0,63.07177612581228,1.2594023665073586,0,16,6,500,100.0,100.0,100.0,100.0,100.0,100.0,0.0,0.0
453,37099,100.0,62.10870263071235,1.2365178600124496,0,17,6,500,100.0,100.0,100.0,100.0,100.0,100.0,0.0,0.0
454,36696,98.55,63.92894022407767,1.2384165605458672,0,18,6,500,94.06,98.49,100.0,100.0,100.0,98.76,0.0,0.0
455,34681,100.0,62.69771228298565,1.2813297564188393,0,23,6,500,100.0,100.0,100.0,100.0,100.0,100.0,0.0,0.0
456,37905,98.52,62.722941531443375,1.2386157685629426,0,15,6,500,97.54,100.0,100.0,100.0,93.59,100.0,0.0,0.0
457,33875,100.0,62.22841799311278,1.2012691906860802,0,25,6,500,100.0,100.0,100.0,100.0,100.0,100.0,0.0,0.0
458,36696,98.73,62.754195546393646,1.2454232019409504,0,18,6,500,100.0,100.0,100.0,100.0,100.0,92.36,0.0,0.0
459,38308,98.64,64.19016603634236,1.2545060403493795,0,14,6,500,95.73,96.14,100.0,100.0,100.0,100.0,0.0,0.0
460,35084,93.78,64.30065253604745,1.2697570529322786,0,22,6,500,87.63,100.0,98.64,88.67,95.03,92.7,0.0,0.0
461,37905,100.0,63.77717071650183,1.195031860664682,0,15,6,500,100.0,100.0,100.0,100.0,100.0,100.0,0.0,0.0
462,37905,96.92,62.48012902535372,1.2275957874699763,0,15,6,500,100.0,96.43,93.37,91.73,100.0,100.0,0.0,0.0
463,34681,100.0,61.37376830432769,1.311787432088337,0,23,6,500,100.0,100.0,100.0,100.0,100.0,100.0,0.0,0.0
464,35487,99.59,63.05967911067016,1.1659872994698122,0,21,6,500,100.0,100.0,100.0,97.55,100.0,100.0,0.0,0.0
465,35890,100.0,63.08679690430798,1.2122192491707766,0,20,6,500,100.0,100.0,100.0,100.0,100.0,100.0,0.0,0.0
466,35084,100.0,62.66873957592245,1.2899491611934206,0,22,6,500,100.0,100.0,100.0,100.0,100.0,100.0,0.0,0.0
467,40323,100.0,63.301096640334414,1.3014613825879957,0,9,6,500,100.0,100.0,100.0,100.0,100.0,100.0,0.0,0.0
468,33875,100.0,62.3516560735626,1.216477393485789,0,25,6,500,100.0,100.0,100.0,100.0,100.0,100.0,0.0,0.0
469,36293,100.0,63.46611136089829,1.2234923726884774,0,19,6,500,100.0,100.0,100.0,100.0,100.0,100.0,0.0,0.0
470,37502,99.42,64.34743966060236,1.2168999339539328,0,16,6,500,96.54,100.0,100.0,100.0,100.0,100.0,0.0,0.0
471,33875,100.0,62.56839800586525,1.2311856136263015,0,25,6,500,100.0,100.0,100.0,100.0,100.0,100.0,0.0,0.0
472,35084,99.29,62.60863267399152,1.2487990117704506,0,22,6,500,100.0,100.0,100.0,95.71,100.0,100.0,0.0,0.0
473,39517,100.0,62.9955791481153,1.1942618042769857,0,11,6,500,100.0,100.0,100.0,100.0,100.0,99.97,0.0,0.0
474,34278,100.0,63.94117939736065,1.262994264487907,0,24,6,500,100.0,100.0,100.0,100.0,100.0,100.0,0.0,0.0
475,37905,100.0,61.76212294093659,1.2162542482511025,0,15,6,500,100.0,100.0,100.0,100.0,100.0,100.0,0.0,0.0
476,37905,100.0,62.04463327945141,1.2189377913188448,0,15,6,500,100.0,100.0,100.0,100.0,100.0,100.0,0.0,0.0
477,36696,100.0,62.73567220381092,1.2324709228080692,0,18,6,500,100.0,100.0,100.0,100.0,100.0,100.0,0.0,0.0
478,37099,100.0,62.56278555836109,1.2306913413709886,0,17,6,500,100.0,100.0,100.0,100.0,100.0,100.0,0.0,0.0
479,33875,97.26,63.094437724476265,1.216480041346624,0,25,6,500,92.31,96.08,96.06,100.0,99.09,100.0,0.0,0.0
480,34278,99.62,64.81551709029532,1.2404012205186432,0,24,6,500,100.0,100.0,100.0,100.0,100.0,97.75,0.0,0.0
481,36696,100.0,64.25391861270728,1.1727217620215182,0,18,6,500,100.0,100.0,100.0,100.0,100.0,100.0,0.0,0.0
482,34681,100.0,61.82152184523577,1.2145421688278475,0,23,6,500,100.0,100.0,100.0,100.0,100.0,100.0,0.0,0.0
483,37099,100.0,63.34159230793874,1.244323822155866,0,17,6,500,100.0,100.0,100.0,100.0,100.0,100.0,0.0,0.0
484,37905,100.0,63.708120275466136,1.311584583538469,0,15,6,500,100.0,100.0,100.0,100.0,100.0,100.0,0.0,0.0
485,36696,99.15,62.2781991108225,1.2738695999981966,0,18,6,500,100.0,100.0,100.0,100.0,98.36,96.55,0.0,0.0
486,34681,100.0,62.71995275334296,1.2729118730996265,0,23,6,500,100.0,100.0,100.0,100.0,100.0,100.0,0.0,0.0
487,33875,98.08,60.53299146698889,1.2104971767731234,0,25,6,500,100.0,100.0,100.0,92.94,100.0,95.55,0.0,0.0
488,33875,99.76,63.0175211797682,1.2856873108494038,0,25,6,500,100.0,100.0,100.0,100.0,98.54,100.0,0.0,0.0
489,36696,99.8,64.39177683333509,1.1481631244602104,0,18,6,500,100.0,100.0,100.0,100.0,100.0,98.79,0.0,0.0
490,37502,99.6,63.85411894113765,1.24600834690735,0,16,6,500,100.0,97.59,100.0,100.0,100.0,100.0,0.0,0.0
491,36293,100.0,63.056834493675645,1.2200964541157229,0,19,6,500,100.0,100.0,100.0,100.0,100.0,100.0,0.0,0.0
492,35084,95.8,63.46833844594175,1.2637001144720903,0,22,6,500,90.52,96.59,100.0,100.0,87.71,100.0,0.0,0.0
493,37905,100.0,61.71585894627896,1.1950738094469813,0,15,6,500,100.0,100.0,100.0,100.0,100.0,100.0,0.0,0.0
494,35084,99.58,61.05300374260751,1.2450402110852297,0,22,6,500,100.0,100.0,97.5,100.0,100.0,100.0,0.0,0.0
495,36696,98.26,63.00727004705939,1.219519851639831,0,18,6,500,92.87,100.0,99.0,100.0,97.66,100.0,0.0,0.0
496,34681,100.0,61.53213817426766,1.160601275114329,0,23,6,500,100.0,100.0,100.0,100.0,100.0,100.0,0.0,0.0
497,34278,99.7,62.909220015841385,1.226733833640571,0,24,6,500,100.0,100.0,100.0,100.0,100.0,98.23,0.0,0.0
498,35890,100.0,63.05102292990696,1.2612535596716306,0,20,6,500,100.0,100.0,100.0,100.0,100.0,100.0,0.0,0.0
499,35084,99.6,61.983445142031954,1.191205897424079,0,22,6,500,97.62,100.0,100.0,100.0,100.0,100.0,0.0,0.0
500,36293,98.9,62.86337757841677,1.2751731678100449,0,19,6,500,100.0,100.0,100.0,100.0,100.0,93.37,0.0,0.0
501,36293,100.0,62.65946117928666,1.103607148867967,0,19,6,500,100.0,100.0,100.0,100.0,100.0,100.0,0.0,0.0
502,35487,100.0,64.14375241746636,1.2718300241702991,0,21,6,500,100.0,100.0,100.0,100.0,100.0,100.0,0.0,0.0
503,35084,100.0,61.79900884318569,1.2047568463626577,0,22,6,500,100.0,100.0,100.0,100.0,100.0,100.0,0.0,0.0
504,33875,100.0,63.92247145281448,1.2672312535248087,0,25,6,500,100.0,100.0,100.0,100.0,100.0,100.0,0.0,0.0
505,38711,100.0,62.36180361742354,1.198757791843282,0,13,6,500,100.0,100.0,100.0,100.0,100.0,100.0,0.0,0.0
506,33875,100.0,62.38941764508768,1.3153898112110567,0,25,6,500,100.0,100.0,100.0,100.0,100.0,100.0,0.0,0.0
507,33875,100.0,62.14997632728826,1.241512743836399,0,25,6,500,100.0,100.0,100.0,100.0,100.0,100.0,0.0,0.0
508,37099,99.7,62.91776142482689,1.1842819046884256,0,17,6,500,98.22,100.0,100.0,100.0,100.0,100.0,0.0,0.0
509,35890,100.0,63.94491960317818,1.1744910189509217,0,20,6,500,100.0,100.0,100.0,100.0,100.0,100.0,0.0,0.0
510,37905,99.77,63.79093971807967,1.2463934657479154,0,15,6,500,100.0,100.0,100.0,100.0,100.0,98.62,0.0,0.0
511,36293,100.0,63.00283781679609,1.2132309279637707,0,19,6,500,100.0,100.0,100.0,100.0,100.0,100.0,0.0,0.0
512,37099,95.96,62.958386032082906,1.2069544012976985,0,17,6,500,87.8,99.45,100.0,100.0,88.52,100.0,0.0,0.0
513,38711,98.64,62.00237556766461,1.2189652586791266,0,13,6,500,100.0,100.0,98.35,100.0,100.0,93.48,0.0,0.0
514,34681,100.0,62.3732596568656,1.2483622242555596,0,23,6,500,100.0,100.0,100.0,100.0,100.0,100.0,0.0,0.0
515,34278,97.17,62.14359629237673,1.1897950503755823,0,24,6,500,100.0,100.0,89.61,93.42,100.0,99.97,0.0,0.0
516,36293,97.64,63.46025389683322,1.1924074638226831,0,19,6,500,88.27,100.0,100.0,97.55,100.0,100.0,0.0,0.0
517,36293,99.96,62.324345744036776,1.120603344871892,0,19,6,500,100.0,100.0,100.0,99.75,100.0,100.0,0.0,0.0
518,35890,99.18,60.67126241231734,1.3133854143472927,0,20,6,500,100.0,100.0,95.1,100.0,100.0,100.0,0.0,0.0
519,37905,100.0,63.48255894255298,1.2296198490436308,0,15,6,500,100.0,100.0,100.0,100.0,100.0,100.0,0.0,0.0
520,35890,96.06,62.89231859593461,1.2479107978203274,0,20,6,500,100.0,92.59,96.14,100.0,87.62,100.0,0.0,0.0
521,36696,99.76,63.8967382699074,1.1762820295157337,0,18,6,500,98.57,100.0,100.0,100.0,100.0,100.0,0.0,0.0
522,38711,96.67,64.39076184621157,1.2903611311529382,0,13,6,500,86.15,100.0,95.55,98.32,100.0,100.0,0.0,0.0
523,35890,99.69,64.31985754817408,1.2572015761275142,0,20,6,500,98.16,100.0,100.0,100.0,100.0,100.0,0.0,0.0
524,37502,100.0,62.53701287922874,1.2922511678679571,0,16,6,500,100.0,100.0,100.0,100.0,100.0,100.0,0.0,0.0
525,34681,99.67,61.24961871445809,1.219113801406476,0,23,6,500,100.0,100.0,100.0,100.0,98.03,100.0,0.0,0.0
526,35487,100.0,64.23700684614994,1.2586344759028438,0,21,6,500,100.0,100.0,100.0,100.0,100.0,100.0,0.0,0.0
527,35890,99.08,62.81512783775396,1.246818547068672,0,20,6,500,100.0,94.51,100.0,100.0,100.0,100.0,0.0,0.0
528,34681,99.08,63.926248233675615,1.236129822461253,0,23,6,500,100.0,100.0,97.2,100.0,97.29,100.0,0.0,0.0
529,36293,99.6,62.570068228073,1.2710967006178095,0,19,6,500,100.0,100.0,100.0,100.0,100.0,97.63,0.0,0.0
530,37099,99.83,62.7726279913416,1.188669922527289,0,17,6,500,100.0,100.0,100.0,100.0,100.0,98.96,0.0,0.0
531,36696,99.7,63.382792689640034,1.258869442761317,0,18,6,500,98.18,100.0,100.0,100.0,100.0,100.0,0.0,0.0
532,37905,93.11,63.38490927832662,1.2533347262989871,0,15,6,500,100.0,100.0,85.84,88.11,84.72,100.0,0.0,0.0
533,35084,99.91,62.298230580690806,1.2128345424098848,0,22,6,500,100.0,100.0,99.48,100.0,100.0,100.0,0.0,0.0
534,36293,99.93,64.6891356341969,1.1979231422560732,0,19,6,500,100.0,99.58,100.0,100.0,100.0,100.0,0.0,0.0
535,35084,100.0,62.83624726520864,1.214523276740457,0,22,6,500,100.0,100.0,100.0,100.0,100.0,100.0,0.0,0.0
536,36293,96.54,64.24234291459786,1.2955272607915145,0,19,6,500,92.99,97.41,95.07,93.76,100.0,100.0,0.0,0.0
537,35890,100.0,62.383968548886735,1.2849520744995608,0,20,6,500,100.0,100.0,100.0,100.0,100.0,100.0,0.0,0.0
538,35487,100.0,60.89787381049891,1.2650776807463031,0,21,6,500,100.0,100.0,100.0,100.0,100.0,100.0,0.0,0.0
539,35890,100.0,62.81421617802889,1.2688445765796843,0,20,6,500,100.0,100.0,100.0,100.0,100.0,100.0,0.0,0.0
540,37905,99.64,64.37199945574106,1.2147542425672109,0,15,6,500,100.0,100.0,97.82,100.0,100.0,100.0,0.0,0.0
541,38308,99.66,63.05983344918009,1.3350399510921065,0,14,6,500,100.0,97.94,100.0,100.0,100.0,100.0,0.0,0.0
542,37502,99.81,62.55447483077482,1.2607591010355108,0,16,6,500,100.0,98.86,100.0,100.0,100.0,100.0,0.0,0.0
543,34278,100.0,63.644505537671456,1.253133030733964,0,24,6,500,100.0,100.0,100.0,100.0,100.0,100.0,0.0,0.0
544,36293,100.0,64.45707838905156,1.2456472593677068,0,19,6,500,100.0,100.0,100.0,100.0,100.0,100.0,0.0,0.0
545,37502,99.69,60.08384814492208,1.3375756755269177,0,16,6,500,100.0,98.28,100.0,100.0,99.87,100.0,0.0,0.0
546,33875,98.28,61.41574554011104,1.2338920107699591,0,25,6,500,100.0,89.67,100.0,100.0,100.0,100.0,0.0,0.0
547,37099,100.0,62.095216251004224,1.2946161378419638,0,17,6,500,100.0,100.0,100.0,100.0,100.0,100.0,0.0,0.0
548,35890,99.92,63.69877300822074,1.1959680792678555,0,20,6,500,100.0,100.0,99.54,100.0,100.0,100.0,0.0,0.0
549,37905,99.94,62.55723879795257,1.2320221514856022,0,15,6,500,99.65,100.0,100.0,100.0,100.0,100.0,0.0,0.0
550,36293,99.36,62.13760754911278,1.2602578965347704,0,19,6,500,100.0,100.0,96.15,100.0,100.0,100.0,0.0,0.0
551,39517,99.62,63.565136293838535,1.244271264111333,0,11,6,500,100.0,100.0,100.0,97.7,100.0,100.0,0.0,0.0
552,36696,98.8,63.03627021074784,1.073198202545846,0,18,6,500,100.0,100.0,97.37,95.41,100.0,100.0,0.0,0.0
553,34681,98.95,64.2832276548058,1.2666814461230838,0,23,6,500,100.0,100.0,100.0,100.0,100.0,93.69,0.0,0.0
554,37502,100.0,63.456887732705226,1.2354891610267542,0,16,6,500,100.0,100.0,100.0,100.0,100.0,100.0,0.0,0.0
555,37502,99.69,62.48608632058345,1.2288907680155474,0,16,6,500,100.0,98.15,100.0,100.0,100.0,100.0,0.0,0.0
556,37905,99.49,62.24042639742658,1.205844321345142,0,15,6,500,100.0,96.93,100.0,100.0,100.0,100.0,0.0,0.0
557,36293,99.8,63.908383062452245,1.271690124973338,0,19,6,500,100.0,100.0,100.0,100.0,98.79,100.0,0.0,0.0
558,38711,99.74,63.11788885413679,1.2664203004715775,0,13,6,500,100.0,98.45,100.0,100.0,100.0,100.0,0.0,0.0
559,35890,99.98,64.14689649829528,1.230134016406798,0,20,6,500,100.0,100.0,100.0,100.0,99.88,100.0,0.0,0.0
560,33875,99.56,61.38721061277171,1.165621689756512,0,25,6,500,100.0,97.34,100.0,100.0,100.0,100.0,0.0,0.0
561,36293,99.84,64.96819750491527,1.2984417740615015,0,19,6,500,100.0,100.0,100.0,99.06,100.0,100.0,0.0,0.0
562,38308,99.19,64.17947131194403,1.2234740034412517,0,14,6,500,100.0,100.0,100.0,95.15,100.0,100.0,0.0,0.0
563,37099,100.0,61.88402617616234,1.2829422746098256,0,17,6,500,100.0,100.0,100.0,100.0,100.0,100.0,0.0,0.0
564,36293,99.77,64.0991785835758,1.1965368562667418,0,19,6,500,100.0,100.0,100.0,100.0,98.63,100.0,0.0,0.0
565,35487,97.56,63.47391704858277,1.224819405095169,0,21,6,500,95.85,97.96,100.0,91.52,100.0,100.0,0.0,0.0
566,35084,99.53,63.52239174355382,1.2631360387386403,0,22,6,500,100.0,100.0,100.0,97.2,100.0,100.0,0.0,0.0
567,35084,99.77,62.67749722484286,1.2507196925922188,0,22,6,500,100.0,98.6,100.0,100.0,100.0,100.0,0.0,0.0
568,33875,99.85,62.95908532781747,1.2374241215045432,0,25,6,500,100.0,100.0,100.0,99.09,100.0,100.0,0.0,0.0
569,36696,100.0,63.77445192484928,1.2184881300369583,0,18,6,500,100.0,100.0,100.0,100.0,100.0,100.0,0.0,0.0
570,37905,95.05,62.396062391703175,1.2306700873682996,0,15,6,500,89.21,90.09,91.0,100.0,100.0,100.0,0.0,0.0
571,35890,98.71,63.85647671791637,1.139265288324178,0,20,6,500,100.0,100.0,100.0,100.0,97.56,94.68,0.0,0.0
572,37502,100.0,62.45168110703186,1.33086553794043,0,16,6,500,100.0,100.0,100.0,100.0,100.0,100.0,0.0,0.0
573,37502,100.0,61.86873855215734,1.2416553707271565,0,16,6,500,100.0,100.0,100.0,100.0,100.0,100.0,0.0,0.0
574,33875,98.75,63.495625096885206,1.1671620730408243,0,25,6,500,100.0,97.01,100.0,100.0,95.49,100.0,0.0,0.0
575,35084,100.0,60.98913803303917,1.164567881420379,0,22,6,500,100.0,100.0,100.0,100.0,100.0,100.0,0.0,0.0
576,36293,99.94,63.569671452542586,1.2659456890178429,0,19,6,500,100.0,100.0,100.0,100.0,99.65,100.0,0.0,0.0
577,37502,100.0,64.58821376782001,1.234145429922226,0,16,6,500,100.0,100.0,100.0,100.0,100.0,100.0,0.0,0.0
578,37099,99.58,63.035726072562525,1.2732318710245183,0,17,6,500,100.0,100.0,100.0,99.87,97.63,100.0,0.0,0.0
579,37905,99.43,63.84122935355851,1.2278687596129003,0,15,6,500,100.0,100.0,100.0,100.0,96.56,100.0,0.0,0.0
580,36696,92.65,63.781965888901965,1.273796350524592,0,18,6,500,100.0,81.76,100.0,85.75,100.0,88.37,0.0,0.0
581,33875,100.0,64.47908471052095,1.1797418258682126,0,25,6,500,100.0,100.0,100.0,100.0,100.0,100.0,0.0,0.0
582,36293,100.0,64.18589730184978,1.2275673746844509,0,19,6,500,100.0,100.0,100.0,100.0,100.0,100.0,0.0,0.0
583,35890,100.0,62.83743758316386,1.250311450333257,0,20,6,500,100.0,100.0,100.0,100.0,100.0,100.0,0.0,0.0
584,34278,97.77,64.46339947909514,1.1575409035613935,0,24,6,500,100.0,100.0,100.0,96.68,89.95,100.0,0.0,0.0
585,39920,100.0,62.284898192018,1.1312919874804566,0,10,6,500,100.0,100.0,100.0,100.0,100.0,100.0,0.0,0.0
586,33875,99.37,61.97925709723118,1.249263004044702,0,25,6,500,100.0,100.0,100.0,100.0,96.24,100.0,0.0,0.0
587,35084,97.51,61.73317703452109,1.280031966120763,0,22,6,500,100.0,94.51,100.0,90.56,100.0,100.0,0.0,0.0
588,35487,100.0,63.01581183772568,1.212482436826348,0,21,6,500,100.0,100.0,100.0,100.0,100.0,100.0,0.0,0.0
589,36696,98.92,63.42931063667656,1.1401457596966127,0,18,6,500,100.0,93.5,100.0,100.0,100.0,100.0,0.0,0.0
590,35487,97.69,63.30902161952441,1.2906278830793685,0,21,6,500,100.0,95.77,100.0,100.0,96.58,93.77,0.0,0.0
591,37905,98.04,63.35098438433376,1.1822725184477128,0,15,6,500,100.0,94.85,96.98,96.4,100.0,100.0,0.0,0.0
592,35890,100.0,61.75127286447451,1.219367805746664,0,20,6,500,100.0,100.0,100.0,100.0,100.0,100.0,0.0,0.0
593,35084,99.4,63.71472447470613,1.1129750425882257,0,22,6,500,100.0,100.0,100.0,98.7,100.0,97.68,0.0,0.0
594,37502,98.77,63.481255022595015,1.1660807501764516,0,16,6,500,100.0,100.0,100.0,92.64,100.0,100.0,0.0,0.0
595,39517,100.0,63.92218668366831,1.1944962062234827,0,11,6,500,100.0,100.0,100.0,100.0,100.0,100.0,0.0,0.0
596,35890,100.0,63.05474467638578,1.2919182930671378,0,20,6,500,100.0,100.0,100.0,100.0,100.0,100.0,0.0,0.0
597,36696,100.0,63.73947540951598,1.2563504685433782,0,18,6,500,100.0,100.0,100.0,100.0,100.0,100.0,0.0,0.0
598,37502,100.0,63.75776705605969,1.2716958595110224,0,16,6,500,100.0,100.0,100.0,100.0,100.0,100.0,0.0,0.0
599,36696,90.15,62.26334887778168,1.2244626258828744,0,18,6,500,77.32,85.33,95.17,99.92,88.32,94.82,0.0,0.0
600,35084,97.96,61.925642251614455,1.1692321416286435,0,22,6,500,94.9,100.0,98.38,94.46,100.0,100.0,0.0,0.0
601,37502,95.73,65.00875346374123,1.1498275916176623,0,16,6,500,99.75,100.0,84.29,92.77,100.0,97.58,0.0,0.0
602,36696,97.69,64.28901864377067,1.2573475309275453,0,18,6,500,100.0,100.0,93.73,100.0,92.42,100.0,0.0,0.0
603,35890,100.0,63.17013075666934,1.1795956594997676,0,20,6,500,100.0,100.0,100.0,100.0,100.0,100.0,0.0,0.0
604,33875,96.1,63.66810424331966,1.226081308172587,0,25,6,500,100.0,100.0,88.05,100.0,88.57,100.0,0.0,0.0
605,34681,99.08,62.7823967037769,1.1289618077952497,0,23,6,500,100.0,100.0,100.0,100.0,94.51,100.0,0.0,0.0
606,37502,100.0,63.78763079298115,1.1895619523611702,0,16,6,500,100.0,100.0,100.0,100.0,100.0,100.0,0.0,0.0
607,37502,100.0,61.75960590410163,1.182645633391778,0,16,6,500,100.0,100.0,100.0,100.0,100.0,100.0,0.0,0.0
608,33875,97.16,63.83535914229882,1.2111868383306357,0,25,6,500,100.0,100.0,87.82,95.15,100.0,100.0,0.0,0.0
609,36293,98.48,62.307548141799394,1.220611322259742,0,19,6,500,100.0,100.0,90.87,100.0,100.0,100.0,0.0,0.0
610,35890,99.87,63.96809200712072,1.1999214597352683,0,20,6,500,100.0,100.0,99.2,100.0,100.0,100.0,0.0,0.0
611,37502,97.97,63.21534406711303,1.170527006156261,0,16,6,500,100.0,100.0,93.47,100.0,97.72,96.62,0.0,0.0
612,37099,98.96,63.61748269379129,1.1568879151658735,0,17,6,500,100.0,100.0,100.0,100.0,100.0,93.76,0.0,0.0
613,36293,99.5,64.00861356152195,1.2731308691275474,0,19,6,500,97.03,100.0,100.0,100.0,100.0,100.0,0.0,0.0
614,35084,99.42,63.02589739722807,1.2472798671749137,0,22,6,500,100.0,97.77,100.0,100.0,100.0,98.74,0.0,0.0
615,36293,97.87,63.31288108239856,1.2911930365194777,0,19,6,500,100.0,97.06,100.0,100.0,100.0,90.16,0.0,0.0
616,39920,100.0,62.996922101016445,1.185093548120102,0,10,6,500,100.0,100.0,100.0,100.0,100.0,100.0,0.0,0.0
617,38308,100.0,63.96583838277925,1.135790277903419,0,14,6,500,100.0,100.0,100.0,100.0,100.0,100.0,0.0,0.0
618,37905,99.71,62.52356381564838,1.1853636380832298,0,15,6,500,100.0,100.0,100.0,100.0,98.28,100.0,0.0,0.0
619,38711,99.97,62.18931007231473,1.2039977832678206,0,13,6,500,100.0,100.0,99.8,100.0,100.0,100.0,0.0,0.0
620,35487,100.0,60.647744801227816,1.2027165904122317,0,21,6,500,100.0,100.0,100.0,100.0,100.0,100.0,0.0,0.0
621,38308,100.0,62.018699671590014,1.2600661215501898,0,14,6,500,100.0,100.0,100.0,100.0,100.0,100.0,0.0,0.0
622,39517,99.66,62.93628666793605,1.1208252060234605,0,11,6,500,97.94,100.0,100.0,100.0,100.0,100.0,0.0,0.0
623,35890,92.34,64.81365004910809,1.104420285434409,0,20,6,500,100.0,85.83,100.0,99.76,86.67,81.78,0.0,0.0
624,39920,96.02,62.65181618564448,1.2106856824805072,0,10,6,500,100.0,91.51,100.0,96.59,100.0,88.02,0.0,0.0
625,38711,99.34,64.45847604390279,1.129642880745391,0,13,6,500,100.0,100.0,96.02,100.0,100.0,100.0,0.0,0.0
626,36696,99.63,61.48706573851939,1.165399281123395,0,18,6,500,100.0,97.77,100.0,100.0,100.0,100.0,0.0,0.0
627,39517,99.01,62.76605606009251,1.1272309762431076,0,11,6,500,100.0,100.0,100.0,100.0,94.07,100.0,0.0,0.0
628,36696,95.05,64.28498010604218,1.1934707256821049,0,18,6,500,100.0,84.41,88.82,97.06,100.0,100.0,0.0,0.0
629,36293,100.0,63.47492099893664,1.1924196916721508,0,19,6,500,100.0,100.0,100.0,100.0,100.0,100.0,0.0,0.0
630,34681,99.54,63.65620030749113,1.284169980671633,0,23,6,500,97.21,100.0,100.0,100.0,100.0,100.0,0.0,0.0
631,37099,100.0,62.67273175419868,1.1862734748742052,0,17,6,500,100.0,100.0,100.0,100.0,100.0,100.0,0.0,0.0
632,34681,100.0,61.62388818324861,1.1197412326750125,0,23,6,500,100.0,100.0,100.0,100.0,100.0,100.0,0.0,0.0
633,35084,100.0,64.65701213994451,1.1763051873106067,0,22,6,500,100.0,100.0,100.0,100.0,100.0,100.0,0.0,0.0
634,38308,100.0,65.9698397695315,1.267363543341578,0,14,6,500,100.0,100.0,100.0,100.0,100.0,100.0,0.0,0.0
635,34278,99.96,62.89850248423751,1.1730053405097245,0,24,6,500,99.75,100.0,100.0,100.0,100.0,100.0,0.0,0.0
636,39517,100.0,62.35305690971971,1.2526213733156442,0,11,6,500,100.0,100.0,100.0,100.0,100.0,100.0,0.0,0.0
637,36293,99.69,64.33440467153439,1.1800743031408043,0,19,6,500,100.0,100.0,98.55,100.0,99.58,100.0,0.0,0.0
638,38308,100.0,63.222023327343656,1.180455645002824,0,14,6,500,100.0,100.0,100.0,100.0,100.0,100.0,0.0,0.0
639,33875,99.97,63.673058021388165,1.184683082379183,0,25,6,500,100.0,100.0,100.0,99.8,100.0,100.0,0.0,0.0
640,35890,98.13,63.16149756011793,1.2141923878439898,0,20,6,500,100.0,100.0,100.0,96.33,100.0,92.43,0.0,0.0
641,37905,99.18,62.44617180179136,1.1979388601773449,0,15,6,500,100.0,100.0,100.0,100.0,95.08,100.0,0.0,0.0
642,39114,100.0,63.83987134316712,1.2574750838374449,0,12,6,500,100.0,100.0,100.0,100.0,100.0,100.0,0.0,0.0
643,33875,93.42,63.99193942250697,1.2067889570896062,0,25,6,500,98.41,100.0,92.03,100.0,84.77,85.28,0.0,0.0
644,38308,99.68,62.4002925635684,1.2548553224024328,0,14,6,500,100.0,100.0,100.0,100.0,98.08,100.0,0.0,0.0
645,39517,100.0,64.87760730031356,1.2727451481652692,0,11,6,500,100.0,100.0,100.0,100.0,100.0,100.0,0.0,0.0
646,36696,99.91,61.40698377652225,1.263760330085271,0,18,6,500,100.0,100.0,100.0,99.46,100.0,100.0,0.0,0.0
647,35890,99.48,64.13336951208181,1.1994954172655377,0,20,6,500,100.0,96.85,100.0,100.0,100.0,100.0,0.0,0.0
648,36696,99.77,63.17344912774784,1.2055473131190368,0,18,6,500,100.0,99.53,100.0,99.11,100.0,100.0,0.0,0.0
649,41129,100.0,63.13218064688037,1.2650099250450328,0,7,6,500,100.0,100.0,100.0,100.0,100.0,100.0,0.0,0.0
650,36696,99.72,64.03657594576043,1.1925690656130508,0,18,6,500,100.0,98.35,100.0,100.0,100.0,100.0,0.0,0.0
651,34681,99.66,63.81452665106701,1.2326227539738237,0,23,6,500,100.0,100.0,99.75,100.0,100.0,98.19,0.0,0.0
652,35487,97.25,65.0948099689045,1.1151305876072797,0,21,6,500,100.0,96.42,93.29,100.0,94.24,99.55,0.0,0.0
653,34278,100.0,63.18374069832621,1.2549536208632297,0,24,6,500,100.0,100.0,100.0,100.0,100.0,100.0,0.0,0.0
654,35890,100.0,64.42558354994674,1.2083369800123047,0,20,6,500,100.0,100.0,100.0,100.0,100.0,100.0,0.0,0.0
655,37905,99.84,63.70267104681263,1.2748834331176668,0,15,6,500,100.0,100.0,100.0,100.0,100.0,99.02,0.0,0.0
656,34681,100.0,62.5800989877042,1.2462596616131216,0,23,6,500,100.0,100.0,100.0,100.0,100.0,100.0,0.0,0.0
657,39517,100.0,64.95094665706812,1.2074833142086725,0,11,6,500,100.0,100.0,100.0,100.0,100.0,100.0,0.0,0.0
658,36696,94.8,62.52401110285981,1.197116014816536,0,18,6,500,94.54,95.03,95.91,90.12,95.07,98.11,0.0,0.0
659,36293,100.0,62.03540432733409,1.1838380693346118,0,19,6,500,100.0,100.0,100.0,100.0,100.0,100.0,0.0,0.0
660,38711,100.0,62.22153890371323,1.199325371302633,0,13,6,500,100.0,100.0,100.0,100.0,100.0,100.0,0.0,0.0
661,35890,98.96,63.58473625679726,1.1509950709455077,0,20,6,500,100.0,100.0,100.0,99.4,100.0,94.37,0.0,0.0
662,36293,97.2,63.95156419595324,1.2093311066280523,0,19,6,500,100.0,100.0,100.0,100.0,88.04,95.15,0.0,0.0
663,34681,99.46,62.785918795276224,1.1654705507702885,0,23,6,500,98.38,100.0,100.0,98.37,100.0,100.0,0.0,0.0
664,38308,100.0,60.55864214059383,1.214753346097991,0,14,6,500,100.0,100.0,100.0,100.0,100.0,100.0,0.0,0.0
665,37099,100.0,64.27518369958605,1.1754940269189953,0,17,6,500,100.0,100.0,100.0,100.0,100.0,100.0,0.0,0.0
666,35890,99.64,64.11419175347983,1.178170395365843,0,20,6,500,100.0,100.0,100.0,97.85,100.0,100.0,0.0,0.0
667,38308,99.4,63.62397860694948,1.1780381130189903,0,14,6,500,100.0,100.0,100.0,100.0,96.38,100.0,0.0,0.0
668,37502,98.35,63.26897859426517,1.1836530274995,0,16,6,500,96.21,100.0,100.0,100.0,100.0,93.89,0.0,0.0
669,39517,100.0,63.17140293805628,1.0879901141891375,0,11,6,500,100.0,100.0,100.0,100.0,100.0,100.0,0.0,0.0
670,38711,99.68,64.4798653699463,1.130861362955414,0,13,6,500,100.0,100.0,100.0,98.06,100.0,100.0,0.0,0.0
671,36696,100.0,63.76187685039301,1.1957756847417285,0,18,6,500,100.0,100.0,100.0,100.0,100.0,100.0,0.0,0.0
672,38711,94.73,63.55310296761637,1.1706133887380563,0,13,6,500,89.74,96.3,100.0,95.28,94.67,92.38,0.0,0.0
673,39920,95.38,62.51168218797218,1.1639559595006574,0,10,6,500,100.0,99.98,100.0,93.0,88.65,90.66,0.0,0.0
674,37502,100.0,64.3218627534773,1.1515898664643534,0,16,6,500,100.0,100.0,100.0,100.0,100.0,100.0,0.0,0.0
675,33875,100.0,63.4520639921934,1.1785620016963114,0,25,6,500,100.0,100.0,100.0,100.0,100.0,100.0,0.0,0.0
676,35487,99.71,62.97558435718932,1.0581368264915016,0,21,6,500,100.0,100.0,100.0,98.25,100.0,100.0,0.0,0.0
677,35487,100.0,63.31129338883665,1.2212459908675262,0,21,6,500,100.0,100.0,100.0,100.0,100.0,100.0,0.0,0.0
678,39114,100.0,61.99500398790022,1.238373573717968,0,12,6,500,100.0,100.0,100.0,100.0,100.0,100.0,0.0,0.0
679,36293,100.0,64.51186583545852,1.243308225387472,0,19,6,500,100.0,100.0,100.0,100.0,100.0,100.0,0.0,0.0
680,38711,97.75,62.50434460520361,1.2260366255117536,0,13,6,500,96.41,100.0,100.0,100.0,100.0,90.09,0.0,0.0
681,37099,97.8,62.51896386947734,1.252671203413222,0,17,6,500,100.0,100.0,100.0,100.0,95.32,91.47,0.0,0.0
682,37502,90.7,64.36509346962103,1.2118942524619718,0,16,6,500,93.48,85.62,91.83,100.0,82.2,91.05,0.0,0.0
683,35890,100.0,62.494600181242106,1.1884052506233242,0,20,6,500,100.0,100.0,100.0,100.0,100.0,100.0,0.0,0.0
684,35084,100.0,63.55241403962047,1.1662073174466718,0,22,6,500,100.0,100.0,100.0,100.0,100.0,100.0,0.0,0.0
685,36293,100.0,63.70659186783605,1.2300944942643235,0,19,6,500,100.0,100.0,100.0,100.0,100.0,100.0,0.0,0.0
686,37905,99.5,65.58173570970034,1.3279315897901725,0,15,6,500,100.0,100.0,100.0,100.0,100.0,97.02,0.0,0.0
687,37099,100.0,62.94977896835752,1.262507277092522,0,17,6,500,100.0,100.0,100.0,100.0,100.0,100.0,0.0,0.0
688,34278,100.0,61.8010994772477,1.154362464562763,0,24,6,500,100.0,100.0,100.0,100.0,100.0,100.0,0.0,0.0
689,37905,100.0,64.1995990605914,1.1233410286730183,0,15,6,500,100.0,100.0,100.0,100.0,100.0,100.0,0.0,0.0
690,37905,100.0,62.14852737865964,1.2257928643614475,0,15,6,500,100.0,100.0,100.0,100.0,100.0,100.0,0.0,0.0
691,38308,100.0,62.36831000492993,1.2328749648100203,0,14,6,500,100.0,100.0,100.0,100.0,100.0,100.0,0.0,0.0
692,33875,99.91,64.39528435865782,1.2900150289047798,0,25,6,500,100.0,99.46,100.0,100.0,100.0,100.0,0.0,0.0
693,39920,99.74,65.58193780854432,1.2156614976625535,0,10,6,500,98.45,100.0,100.0,100.0,100.0,100.0,0.0,0.0
694,37099,100.0,62.81015150210854,1.249094537103982,0,17,6,500,100.0,100.0,100.0,100.0,100.0,100.0,0.0,0.0
695,35890,98.27,63.98706127652412,1.2076662130230569,0,20,6,500,97.02,94.16,100.0,100.0,98.42,100.0,0.0,0.0
696,38711,99.7,61.357857348626034,1.2878284124753991,0,13,6,500,100.0,98.2,100.0,100.0,100.0,100.0,0.0,0.0
697,37905,100.0,63.912031114306295,1.0282626313035197,0,15,6,500,100.0,100.0,100.0,100.0,100.0,100.0,0.0,0.0
698,37905,99.89,64.17919125341689,1.1891141774743272,0,15,6,500,100.0,100.0,99.35,100.0,100.0,100.0,0.0,0.0
699,36293,99.62,62.796261755960025,1.1297460395776642,0,19,6,500,97.71,100.0,100.0,100.0,100.0,100.0,0.0,0.0
700,37502,100.0,62.37139367767259,1.3234247770550869,0,16,6,500,100.0,100.0,100.0,100.0,100.0,100.0,0.0,0.0
701,35890,100.0,64.58089898735129,1.1777116886956502,0,20,6,500,100.0,100.0,100.0,100.0,100.0,100.0,0.0,0.0
702,37905,98.93,62.92017199191447,1.1869868835950743,0,15,6,500,100.0,100.0,100.0,100.0,93.6,100.0,0.0,0.0
703,39114,100.0,63.95114260361144,1.1708918878814762,0,12,6,500,100.0,100.0,100.0,100.0,100.0,100.0,0.0,0.0
704,36293,99.67,64.4427117242357,1.2232253407881606,0,19,6,500,98.01,100.0,100.0,100.0,100.0,100.0,0.0,0.0
705,38308,99.72,63.00064438385422,1.198458327152459,0,14,6,500,100.0,100.0,100.0,99.57,98.76,100.0,0.0,0.0
706,37905,100.0,61.69559766004331,1.1710126619828205,0,15,6,500,100.0,100.0,100.0,100.0,100.0,100.0,0.0,0.0
707,38308,100.0,63.58525227784248,1.26686959637574,0,14,6,500,100.0,100.0,100.0,100.0,100.0,100.0,0.0,0.0
708,36696,100.0,63.24791849313272,1.1909792266152726,0,18,6,500,100.0,100.0,100.0,100.0,100.0,100.0,0.0,0.0
709,38308,100.0,64.24516364063193,1.2108673606917462,0,14,6,500,100.0,100.0,100.0,100.0,100.0,100.0,0.0,0.0
710,37502,99.74,63.78428735045559,1.1564683053423144,0,16,6,500,100.0,100.0,100.0,100.0,98.42,100.0,0.0,0.0
711,38308,99.74,62.958234097789145,1.1886115029722937,0,14,6,500,100.0,100.0,100.0,100.0,98.42,100.0,0.0,0.0
712,37905,100.0,63.13170722181727,1.181670873576118,0,15,6,500,100.0,100.0,100.0,100.0,100.0,100.0,0.0,0.0
713,37905,100.0,63.63154494011712,1.1490728968915276,0,15,6,500,100.0,100.0,100.0,100.0,100.0,100.0,0.0,0.0
714,39114,100.0,63.858203938123744,1.229260468749703,0,12,6,500,100.0,100.0,100.0,100.0,100.0,100.0,0.0,0.0
715,43030,100.0,63.99396655429155,1.240582856378878,2,10,6,500,100.0,100.0,100.0,100.0,100.0,100.0,0.0,0.0
716,36293,100.0,62.03751292259836,1.2379144806604068,0,19,6,500,100.0,100.0,100.0,100.0,100.0,100.0,0.0,0.0
717,36293,100.0,64.18332745778218,1.166018650141844,0,19,6,500,100.0,100.0,100.0,100.0,100.0,100.0,0.0,0.0
718,37905,95.65,64.25765237943449,1.1913101287175052,0,15,6,500,100.0,100.0,90.14,100.0,89.5,94.28,0.0,0.0
719,45698,100.0,60.87488610849485,1.2196973297940883,2,4,6,500,100.0,100.0,100.0,100.0,100.0,100.0,0.0,0.0
720,37099,100.0,62.5572946284685,1.144661552534632,0,17,6,500,100.0,100.0,100.0,100.0,100.0,100.0,0.0,0.0
721,37502,96.09,63.81701799979711,1.1147124348966104,0,16,6,500,96.58,92.36,100.0,100.0,87.62,100.0,0.0,0.0
722,37099,100.0,63.23322886313665,1.1424413767530968,0,17,6,500,100.0,100.0,100.0,100.0,100.0,100.0,0.0,0.0
723,38308,98.84,62.652279041210754,1.2418695580258206,0,14,6,500,100.0,100.0,100.0,100.0,97.79,95.22,0.0,0.0
724,38308,99.97,63.276294328433984,1.0881804923753116,0,14,6,500,100.0,100.0,99.8,100.0,100.0,100.0,0.0,0.0
725,34278,96.62,64.78377209932556,1.2221704327260183,0,24,6,500,100.0,100.0,100.0,86.72,100.0,93.0,0.0,0.0
726,37905,100.0,63.34550454749663,1.1909746997583222,0,15,6,500,100.0,100.0,100.0,100.0,100.0,100.0,0.0,0.0
727,33875,99.39,63.52757252736424,1.2146672971982908,0,25,6,500,100.0,100.0,100.0,100.0,100.0,96.33,0.0,0.0
728,35487,99.72,63.63807780380616,1.1361036758508458,0,21,6,500,100.0,100.0,98.33,100.0,100.0,100.0,0.0,0.0
729,39517,99.41,65.15160673397804,1.1495920055840612,0,11,6,500,100.0,100.0,96.59,99.84,100.0,100.0,0.0,0.0
730,38711,92.53,63.32713389302748,1.2125517364667615,0,13,6,500,100.0,93.59,87.07,88.61,100.0,85.9,0.0,0.0
731,37905,100.0,64.95506162332667,1.1246900906754127,0,15,6,500,100.0,100.0,100.0,100.0,100.0,100.0,0.0,0.0
732,36293,100.0,63.43498863223003,1.1362716386564309,0,19,6,500,100.0,100.0,100.0,100.0,100.0,100.0,0.0,0.0
733,38308,100.0,63.478737274663935,1.2324654926100242,0,14,6,500,100.0,100.0,100.0,100.0,100.0,100.0,0.0,0.0
734,35890,99.85,62.37965314733344,1.1323387914774383,0,20,6,500,100.0,100.0,100.0,99.12,100.0,100.0,0.0,0.0
735,39920,93.47,63.19940514853123,1.1784452896965776,0,10,6,500,88.3,96.1,98.2,93.28,95.64,89.3,0.0,0.0
736,36293,100.0,64.37491002281682,1.179309032513355,0,19,6,500,100.0,100.0,100.0,100.0,100.0,100.0,0.0,0.0
737,38711,99.95,61.92886593974845,1.2191745148297957,0,13,6,500,100.0,99.72,100.0,100.0,100.0,100.0,0.0,0.0
738,37502,100.0,63.52106800157286,1.2022120305804045,0,16,6,500,100.0,100.0,100.0,100.0,100.0,100.0,0.0,0.0
739,38308,99.79,63.47479772962746,1.1549665204457198,0,14,6,500,100.0,98.76,100.0,100.0,100.0,100.0,0.0,0.0
740,37099,99.32,63.142950177862815,1.2497164594067645,0,17,6,500,95.89,100.0,100.0,100.0,100.0,100.0,0.0,0.0
741,39114,98.21,65.12904208040118,1.1700547458053354,0,12,6,500,94.03,95.26,100.0,100.0,100.0,100.0,0.0,0.0
742,38308,99.64,63.31507262501748,1.234550404642401,0,14,6,500,100.0,97.86,100.0,100.0,100.0,100.0,0.0,0.0
743,38308,99.05,62.56187475142693,1.1684034836263133,0,14,6,500,99.35,100.0,96.77,100.0,98.18,100.0,0.0,0.0
744,37099,100.0,64.04213966905121,1.2078356156949388,0,17,6,500,100.0,100.0,100.0,100.0,100.0,100.0,0.0,0.0
745,41972,99.08,62.247797907156354,1.1821700070070735,1,11,6,500,100.0,100.0,94.51,100.0,100.0,100.0,0.0,0.0
746,37502,92.93,62.07499479599449,1.0855626650729524,0,16,6,500,100.0,88.99,93.48,93.98,85.33,95.78,0.0,0.0
747,35487,98.53,63.69705145262359,1.1689165677672264,0,21,6,500,100.0,100.0,91.18,100.0,100.0,100.0,0.0,0.0
748,37502,99.31,62.60081740583227,1.1832269723851714,0,16,6,500,100.0,100.0,100.0,95.86,100.0,100.0,0.0,0.0
749,39920,100.0,63.0018183938882,1.176441984363856,0,10,6,500,100.0,100.0,100.0,100.0,100.0,100.0,0.0,0.0
750,35084,96.24,64.53594624068818,1.1779791405781168,0,22,6,500,100.0,92.14,100.0,85.28,100.0,100.0,0.0,0.0
751,37099,100.0,62.763990159106015,1.2366071523504232,0,17,6,500,100.0,100.0,100.0,100.0,100.0,100.0,0.0,0.0
752,37905,100.0,64.7299028933643,1.2163158411824404,0,15,6,500,100.0,100.0,100.0,100.0,100.0,100.0,0.0,0.0
753,34278,99.34,62.58603831360992,1.114743281761878,0,24,6,500,100.0,100.0,100.0,96.06,100.0,100.0,0.0,0.0
754,39114,100.0,62.50634824278949,1.121603128682192,0,12,6,500,100.0,100.0,100.0,100.0,100.0,100.0,0.0,0.0
755,40726,99.86,64.02940467763047,1.1522306859023983,0,8,6,500,99.14,100.0,100.0,100.0,100.0,100.0,0.0,0.0
756,37905,99.98,65.26998204911641,1.172404404232352,0,15,6,500,100.0,100.0,100.0,99.89,100.0,100.0,0.0,0.0
757,38308,100.0,63.14926665228492,1.148694970765421,0,14,6,500,100.0,100.0,100.0,100.0,100.0,100.0,0.0,0.0
758,39114,100.0,64.81682114381238,1.2152143033484122,0,12,6,500,100.0,100.0,100.0,100.0,100.0,100.0,0.0,0.0
759,39517,99.28,62.989713203979335,1.2429653518442485,0,11,6,500,95.69,100.0,100.0,100.0,100.0,100.0,0.0,0.0
760,39114,100.0,61.70575494615604,1.1639866087241644,0,12,6,500,100.0,100.0,100.0,100.0,100.0,100.0,0.0,0.0
761,38308,99.18,62.82610558065908,1.2157007106579258,0,14,6,500,95.08,100.0,100.0,100.0,100.0,100.0,0.0,0.0
762,33875,98.62,64.34764993633812,1.1652198403439653,0,25,6,500,91.7,100.0,100.0,100.0,100.0,100.0,0.0,0.0
763,37502,100.0,63.92710648330527,1.2801306592554238,0,16,6,500,100.0,100.0,100.0,100.0,100.0,100.0,0.0,0.0
764,37099,100.0,61.845650144870014,1.1348016099900944,0,17,6,500,100.0,100.0,100.0,100.0,100.0,100.0,0.0,0.0
765,38308,99.4,62.59901612291498,1.14524377193835,0,14,6,500,100.0,100.0,100.0,100.0,100.0,96.41,0.0,0.0
766,37502,98.99,63.28515137919336,1.1760935732371824,0,16,6,500,98.24,100.0,100.0,95.68,100.0,100.0,0.0,0.0
767,38308,100.0,63.22766363528922,1.1503739411811915,0,14,6,500,100.0,100.0,100.0,100.0,100.0,100.0,0.0,0.0
768,35487,99.83,64.45064697404945,1.1832754102556224,0,21,6,500,100.0,100.0,100.0,100.0,98.96,100.0,0.0,0.0
769,40323,99.71,63.85072326683735,1.0666399177474408,0,9,6,500,100.0,100.0,100.0,100.0,98.27,100.0,0.0,0.0
770,39517,100.0,61.89949741629681,1.149056349359897,0,11,6,500,100.0,100.0,100.0,100.0,100.0,100.0,0.0,0.0
771,38711,98.47,63.21031290131568,1.116185741131155,0,13,6,500,100.0,100.0,100.0,100.0,96.82,94.0,0.0,0.0
772,36696,98.96,63.75331629839575,1.2052984725071618,0,18,6,500,100.0,100.0,100.0,100.0,100.0,93.74,0.0,0.0
773,39114,100.0,65.32554663507153,1.1664551770779417,0,12,6,500,100.0,100.0,100.0,100.0,100.0,100.0,0.0,0.0
774,37099,95.16,63.99881512973503,1.1902027114951998,0,17,6,500,90.53,99.32,100.0,84.55,96.56,100.0,0.0,0.0
775,35890,99.75,63.944364241610174,1.1185389275280233,0,20,6,500,98.49,100.0,100.0,100.0,100.0,100.0,0.0,0.0
776,35890,97.86,65.08086995078618,1.233404051649858,0,20,6,500,100.0,94.89,100.0,92.24,100.0,100.0,0.0,0.0
777,39114,97.88,62.70577282967464,1.230493876858198,0,12,6,500,100.0,100.0,95.58,95.34,96.36,100.0,0.0,0.0
778,37099,100.0,61.93230380029407,1.2173065117631845,0,17,6,500,100.0,100.0,100.0,100.0,100.0,100.0,0.0,0.0
779,37905,99.54,62.874729387638375,1.173300620487198,0,15,6,500,100.0,97.25,100.0,100.0,100.0,100.0,0.0,0.0
780,39517,97.88,64.38779173632314,1.1977892307060682,0,11,6,500,93.08,94.2,100.0,100.0,100.0,100.0,0.0,0.0
781,37905,100.0,64.59040099884322,1.198906503393827,0,15,6,500,100.0,100.0,100.0,100.0,100.0,100.0,0.0,0.0
782,38711,99.63,63.66789896697736,1.1830663750805763,0,13,6,500,97.76,100.0,100.0,100.0,100.0,100.0,0.0,0.0
783,33875,100.0,64.74525937252288,1.3128465877170727,0,25,6,500,100.0,100.0,100.0,100.0,100.0,100.0,0.0,0.0
784,37502,99.65,65.15972701048813,1.2514616723635008,0,16,6,500,98.63,100.0,100.0,99.29,100.0,100.0,0.0,0.0
785,39517,100.0,62.938156585446286,1.183662334879657,0,11,6,500,100.0,100.0,100.0,100.0,100.0,100.0,0.0,0.0
786,37502,96.24,62.583684920123765,1.1861539587388183,0,16,6,500,87.37,100.0,100.0,100.0,91.03,99.05,0.0,0.0
787,33875,100.0,63.504633887812005,1.1680232364147405,0,25,6,500,100.0,100.0,100.0,100.0,100.0,100.0,0.0,0.0
788,39517,99.02,65.06770248991302,1.2103265902825595,0,11,6,500,100.0,98.37,95.76,100.0,100.0,100.0,0.0,0.0
789,38308,94.21,61.69045482514508,1.147349925291918,0,14,6,500,91.96,100.0,97.05,87.0,100.0,89.27,0.0,0.0
790,38711,99.69,64.54781634578768,1.1306874589837488,0,13,6,500,98.14,100.0,100.0,100.0,100.0,100.0,0.0,0.0
791,36696,99.56,63.65240707702326,1.207447071691249,0,18,6,500,100.0,100.0,100.0,97.38,100.0,100.0,0.0,0.0
792,37905,95.01,64.29552711379942,1.103763569903391,0,15,6,500,90.39,93.37,91.9,94.43,100.0,100.0,0.0,0.0
793,35487,100.0,61.7120727265877,1.151918041698595,0,21,6,500,100.0,100.0,100.0,100.0,100.0,100.0,0.0,0.0
794,38308,94.9,63.494419450648685,1.1694710519156162,0,14,6,500,94.47,100.0,89.84,89.6,100.0,95.47,0.0,0.0
795,37502,98.46,64.90332830306453,1.149815798686326,0,16,6,500,100.0,100.0,91.13,99.65,100.0,100.0,0.0,0.0
796,37099,98.29,64.55335655620945,1.2214324667334522,0,17,6,500,91.12,100.0,98.62,100.0,100.0,100.0,0.0,0.0
797,35487,100.0,63.65817638808066,1.1797764681506255,0,21,6,500,100.0,100.0,100.0,100.0,100.0,100.0,0.0,0.0
798,36696,99.59,64.29180214326206,1.1805305224371248,0,18,6,500,100.0,100.0,97.84,100.0,99.68,100.0,0.0,0.0
799,36293,98.98,63.399166096211296,1.182683334074728,0,19,6,500,100.0,100.0,100.0,99.66,100.0,94.21,0.0,0.0
800,34681,100.0,62.611887993363545,1.1930328131760606,0,23,6,500,100.0,100.0,100.0,100.0,100.0,100.0,0.0,0.0
801,37905,100.0,62.67247168755928,1.2115682885910986,0,15,6,500,100.0,100.0,100.0,100.0,100.0,100.0,0.0,0.0
802,39114,93.57,62.10081447915084,1.1244077550878977,0,12,6,500,85.94,87.96,95.58,91.94,100.0,100.0,0.0,0.0
803,35084,100.0,62.12578578452015,1.168841671420356,0,22,6,500,100.0,100.0,100.0,100.0,100.0,100.0,0.0,0.0
804,37905,97.64,63.75092885921765,1.199228716965072,0,15,6,500,98.64,95.03,100.0,100.0,100.0,92.17,0.0,0.0
805,38711,99.48,62.62337830746861,1.126281200194253,0,13,6,500,100.0,100.0,96.85,100.0,100.0,100.0,0.0,0.0
806,37099,100.0,61.58464006973963,1.2340532875000485,0,17,6,500,100.0,100.0,100.0,100.0,100.0,100.0,0.0,0.0
807,39517,99.66,64.70192678901333,1.2106189018623148,0,11,6,500,99.07,100.0,100.0,98.86,100.0,100.0,0.0,0.0
808,37905,97.05,62.83267446204316,1.2430467155791445,0,15,6,500,90.74,100.0,100.0,96.26,100.0,95.28,0.0,0.0
809,36293,100.0,62.90563697247774,1.1756302519930235,0,19,6,500,100.0,100.0,100.0,100.0,100.0,100.0,0.0,0.0
810,35890,100.0,64.98863032456936,1.1285027967668635,0,20,6,500,100.0,100.0,100.0,100.0,100.0,100.0,0.0,0.0
811,39114,99.79,63.57736396001855,1.1635633048414151,0,12,6,500,100.0,100.0,100.0,100.0,100.0,98.76,0.0,0.0
812,37099,100.0,62.62198616047531,1.1830699043223716,0,17,6,500,100.0,100.0,100.0,100.0,100.0,100.0,0.0,0.0
813,37502,100.0,63.039841241069055,1.145247554563197,0,16,6,500,100.0,100.0,100.0,100.0,100.0,100.0,0.0,0.0
814,38308,100.0,62.07827525763144,1.1671020931815732,0,14,6,500,100.0,100.0,100.0,100.0,100.0,100.0,0.0,0.0
815,39920,87.64,62.668763835688445,1.1404702489332346,0,10,6,500,92.56,87.27,80.61,84.92,99.92,80.54,0.0,0.0
816,41129,100.0,62.838600887427575,1.1883242539577905,0,7,6,500,100.0,100.0,100.0,100.0,100.0,100.0,0.0,0.0
817,36696,96.64,62.53769496604888,1.2229548830551928,0,18,6,500,91.08,100.0,100.0,99.63,100.0,89.14,0.0,0.0
818,37099,99.51,63.881115516878886,1.1991073685903253,0,17,6,500,100.0,100.0,100.0,100.0,97.07,100.0,0.0,0.0
819,37905,100.0,63.89433299986509,1.1748960800776227,0,15,6,500,100.0,100.0,100.0,100.0,100.0,100.0,0.0,0.0
820,39114,99.7,63.34394070987658,1.1404652709353995,0,12,6,500,99.62,100.0,100.0,100.0,98.59,100.0,0.0,0.0
821,37099,100.0,62.80572613961354,1.2289515611223163,0,17,6,500,100.0,100.0,100.0,100.0,100.0,100.0,0.0,0.0
822,37905,100.0,64.50833257608211,1.1652036888679578,0,15,6,500,100.0,100.0,100.0,100.0,100.0,100.0,0.0,0.0
823,37502,98.48,63.715547174490354,1.165218045119312,0,16,6,500,100.0,95.9,100.0,100.0,97.63,97.37,0.0,0.0
824,34681,99.86,64.75306819672876,1.1672642787550231,0,23,6,500,99.18,100.0,100.0,100.0,100.0,100.0,0.0,0.0
825,36696,100.0,62.63763229305839,1.168310815591434,0,18,6,500,100.0,100.0,100.0,100.0,100.0,100.0,0.0,0.0
826,39114,100.0,62.601286085320005,1.152975944044142,0,12,6,500,100.0,100.0,100.0,100.0,100.0,100.0,0.0,0.0
827,37905,97.35,63.60824744098578,1.2110505779607157,0,15,6,500,100.0,100.0,98.6,100.0,90.61,94.91,0.0,0.0
828,41166,100.0,62.46074868418126,1.1785716665240886,1,13,6,500,100.0,100.0,100.0,100.0,100.0,100.0,0.0,0.0
829,39114,98.71,63.8873166597967,1.0940010876281088,0,12,6,500,100.0,100.0,92.25,100.0,100.0,100.0,0.0,0.0
830,36293,100.0,63.567960959269655,1.2069959716363994,0,19,6,500,100.0,100.0,100.0,100.0,100.0,100.0,0.0,0.0
831,42435,99.44,63.01066852169963,1.1935688004338545,0,5,6,500,100.0,100.0,100.0,100.0,96.62,100.0,0.0,0.0
832,34681,99.87,64.99371427577253,1.1607378818693386,0,23,6,500,100.0,99.24,100.0,100.0,100.0,100.0,0.0,0.0
833,39517,100.0,64.56639918931407,1.2438046751327585,0,11,6,500,100.0,100.0,100.0,100.0,100.0,100.0,0.0,0.0
834,36696,100.0,61.54553569913445,1.143185258149803,0,18,6,500,100.0,100.0,100.0,100.0,100.0,100.0,0.0,0.0
835,39920,99.66,62.885991744301634,1.2222570096703902,0,10,6,500,100.0,100.0,100.0,100.0,97.97,100.0,0.0,0.0
836,38308,99.42,63.575561780376496,1.1892629707194005,0,14,6,500,100.0,96.51,100.0,100.0,100.0,100.0,0.0,0.0
837,38308,98.98,63.52444583009191,1.1738174092891351,0,14,6,500,100.0,100.0,100.0,93.86,100.0,100.0,0.0,0.0
838,39517,99.53,63.68600492396118,1.1032545367074795,0,11,6,500,100.0,100.0,100.0,100.0,100.0,97.18,0.0,0.0
839,37905,89.05,63.530705725684186,1.145399421698444,0,15,6,500,84.84,98.25,80.46,96.55,96.4,77.82,0.0,0.0
840,39517,100.0,63.40945692784193,1.147984773490351,0,11,6,500,100.0,100.0,100.0,100.0,100.0,100.0,0.0,0.0
841,36293,100.0,63.12692559311771,1.1515705023388976,0,19,6,500,100.0,100.0,100.0,100.0,100.0,100.0,0.0,0.0
842,37905,100.0,63.41620604832884,1.1211868886341074,0,15,6,500,100.0,100.0,100.0,100.0,100.0,100.0,0.0,0.0
843,40323,99.26,63.25972784704866,1.1308626038659468,0,9,6,500,100.0,100.0,100.0,95.58,100.0,100.0,0.0,0.0
844,39920,98.41,64.7992465947329,1.2270339775024843,0,10,6,500,93.64,100.0,100.0,96.84,100.0,100.0,0.0,0.0
845,38308,100.0,64.28749592469737,1.1502868360239633,0,14,6,500,100.0,100.0,100.0,100.0,100.0,100.0,0.0,0.0
846,40726,100.0,64.55821415306397,1.1317413909182197,0,8,6,500,100.0,100.0,100.0,100.0,100.0,100.0,0.0,0.0
847,36696,100.0,63.14962288648282,1.053171742164564,0,18,6,500,100.0,100.0,100.0,100.0,100.0,100.0,0.0,0.0
848,39114,95.91,62.6769249029205,1.1633984314052968,0,12,6,500,94.07,98.33,93.22,100.0,100.0,89.86,0.0,0.0
849,38308,100.0,63.8688891158404,1.1228481798198415,0,14,6,500,100.0,100.0,100.0,100.0,100.0,100.0,0.0,0.0
850,39517,99.55,61.527037884136384,1.1331049581691806,0,11,6,500,100.0,100.0,100.0,100.0,97.29,100.0,0.0,0.0
851,38711,99.9,63.54565236647399,1.1004335397684846,0,13,6,500,100.0,100.0,100.0,100.0,100.0,99.37,0.0,0.0
852,37099,99.36,61.992943831993415,1.1993694873154814,0,17,6,500,100.0,100.0,100.0,96.19,100.0,100.0,0.0,0.0
853,36293,99.9,63.53128970667753,1.1546078705124734,0,19,6,500,100.0,100.0,100.0,100.0,99.38,100.0,0.0,0.0
854,36293,99.44,61.50946706065536,1.2393238206709267,0,19,6,500,100.0,100.0,100.0,100.0,96.62,100.0,0.0,0.0
855,42435,99.18,62.66166987827607,1.0985563341312363,0,5,6,500,100.0,100.0,100.0,100.0,95.76,99.29,0.0,0.0
856,38308,100.0,62.987412721333776,1.2002755881301064,0,14,6,500,100.0,100.0,100.0,100.0,100.0,100.0,0.0,0.0
857,38308,98.92,63.0752816323661,1.1166783180185094,0,14,6,500,100.0,100.0,97.42,96.08,100.0,100.0,0.0,0.0
858,35487,100.0,64.83404429549425,1.1823917826768526,0,21,6,500,100.0,100.0,100.0,100.0,100.0,100.0,0.0,0.0
859,37099,100.0,65.1332443466163,1.1593643848714266,0,17,6,500,100.0,100.0,100.0,100.0,100.0,100.0,0.0,0.0
860,37905,98.18,62.94140527382282,1.110373638022789,0,15,6,500,92.98,100.0,100.0,100.0,96.07,100.0,0.0,0.0
861,36696,99.08,63.30153838644479,1.1542404450418642,0,18,6,500,100.0,100.0,100.0,100.0,94.5,100.0,0.0,0.0
862,35890,99.32,64.02975825486237,1.1253970864031289,0,20,6,500,100.0,100.0,100.0,98.71,100.0,97.21,0.0,0.0
863,39114,99.56,62.14763781209742,1.1558250715820937,0,12,6,500,100.0,99.7,100.0,97.64,100.0,100.0,0.0,0.0
864,39114,100.0,62.50186052182899,1.1417229642349296,0,12,6,500,100.0,100.0,100.0,100.0,100.0,100.0,0.0,0.0
865,37099,99.32,64.55504179992612,1.2277744862488809,0,17,6,500,95.89,100.0,100.0,100.0,100.0,100.0,0.0,0.0
866,36696,99.97,62.42761811811874,1.087892596206095,0,18,6,500,100.0,100.0,100.0,100.0,99.8,100.0,0.0,0.0
867,37099,100.0,62.179521047950566,1.2437786517795266,0,17,6,500,100.0,100.0,100.0,100.0,100.0,100.0,0.0,0.0
868,39114,95.24,63.16572937471019,1.2166428376333045,0,12,6,500,100.0,94.85,91.1,100.0,89.8,95.72,0.0,0.0
869,36293,100.0,62.06705101995582,1.1864756771460148,0,19,6,500,100.0,100.0,100.0,100.0,100.0,100.0,0.0,0.0
870,38308,99.51,62.54863891413897,1.1077259641217654,0,14,6,500,100.0,98.05,100.0,100.0,99.01,100.0,0.0,0.0
871,37905,100.0,65.19314754246092,1.1703496908593576,0,15,6,500,100.0,100.0,100.0,100.0,100.0,100.0,0.0,0.0
872,37502,98.92,62.79176736920327,1.0894404637950663,0,16,6,500,100.0,100.0,100.0,100.0,93.5,100.0,0.0,0.0
873,35487,100.0,65.33024229912127,1.1299061768031728,0,21,6,500,100.0,100.0,100.0,100.0,100.0,100.0,0.0,0.0
874,37099,99.67,62.66657127159922,1.0565605853979143,0,17,6,500,100.0,100.0,100.0,100.0,98.02,100.0,0.0,0.0
875,40726,98.94,63.4814881355812,1.217896371445757,0,8,6,500,93.76,100.0,100.0,100.0,100.0,99.88,0.0,0.0
876,38308,97.14,62.84878883245659,1.108776229569183,0,14,6,500,100.0,96.33,98.54,100.0,100.0,87.98,0.0,0.0
877,38711,99.77,62.74406912550137,1.1723583200157943,0,13,6,500,98.6,100.0,100.0,100.0,100.0,100.0,0.0,0.0
878,35890,100.0,62.966947387517,1.098027587178773,0,20,6,500,100.0,100.0,100.0,100.0,100.0,100.0,0.0,0.0
879,36293,100.0,62.16641452409487,1.1366102454212736,0,19,6,500,100.0,100.0,100.0,100.0,100.0,100.0,0.0,0.0
880,42375,99.94,64.55481205659356,1.234420410798981,1,10,6,500,100.0,100.0,99.67,100.0,100.0,100.0,0.0,0.0
881,37905,98.65,62.58792832389887,1.2190011393982187,0,15,6,500,100.0,100.0,93.09,98.8,100.0,100.0,0.0,0.0
882,37502,100.0,64.47259673068596,1.1353905533460602,0,16,6,500,100.0,100.0,100.0,100.0,100.0,100.0,0.0,0.0
883,36293,100.0,65.42489076482535,1.135381743360143,0,19,6,500,100.0,100.0,100.0,100.0,100.0,100.0,0.0,0.0
884,38308,99.03,63.64786891563941,1.1943746275891112,0,14,6,500,100.0,99.11,95.07,100.0,100.0,100.0,0.0,0.0
885,37905,100.0,61.7321974025596,1.1313714598984566,0,15,6,500,100.0,100.0,100.0,100.0,100.0,100.0,0.0,0.0
886,35084,97.27,62.08473278715313,1.13449226778736,0,22,6,500,94.21,100.0,98.38,91.01,100.0,100.0,0.0,0.0
887,36293,100.0,63.74420785061088,1.149849211487636,0,19,6,500,100.0,100.0,100.0,100.0,100.0,100.0,0.0,0.0
888,39920,100.0,64.20929826619891,1.156844802547618,0,10,6,500,100.0,100.0,100.0,100.0,100.0,100.0,0.0,0.0
889,36696,100.0,64.16650949535135,1.1364517581904685,0,18,6,500,100.0,100.0,100.0,100.0,100.0,100.0,0.0,0.0
890,43584,100.0,64.82601563104484,1.2306504179758555,1,7,6,500,100.0,100.0,100.0,100.0,100.0,100.0,0.0,0.0
891,39517,100.0,63.43058283932436,1.1609464558979885,0,11,6,500,100.0,100.0,100.0,100.0,100.0,100.0,0.0,0.0
892,37905,100.0,63.57218946965016,1.1501306748116884,0,15,6,500,100.0,100.0,100.0,100.0,100.0,100.0,0.0,0.0
893,39114,99.7,62.58193122921744,1.144430619001492,0,12,6,500,100.0,100.0,100.0,98.22,100.0,100.0,0.0,0.0
894,35487,98.69,63.52468519494104,1.163480365736327,0,21,6,500,96.6,97.62,97.92,100.0,100.0,100.0,0.0,0.0
895,39114,99.76,63.314683184867214,1.1171177553749967,0,12,6,500,100.0,100.0,100.0,98.58,100.0,100.0,0.0,0.0
896,36293,99.63,63.49294089995024,1.132014600877804,0,19,6,500,100.0,99.49,99.05,100.0,99.26,100.0,0.0,0.0
897,42627,100.0,65.47784726794907,1.1723097718047633,2,11,6,500,100.0,100.0,100.0,100.0,100.0,100.0,0.0,0.0
898,37905,99.8,62.54161141182016,1.1670322012886685,0,15,6,500,100.0,100.0,100.0,100.0,100.0,98.77,0.0,0.0
899,37905,100.0,64.7667249685633,1.1768553635200858,0,15,6,500,100.0,100.0,100.0,100.0,100.0,100.0,0.0,0.0
900,37502,96.38,63.33985842018994,1.1533407331630332,0,16,6,500,97.66,84.71,100.0,100.0,95.91,100.0,0.0,0.0
901,36293,99.48,64.233619473602,1.178757897175014,0,19,6,500,100.0,100.0,100.0,99.8,100.0,97.05,0.0,0.0
902,40323,95.84,61.61405328814831,1.2031478887767153,0,9,6,500,97.64,100.0,100.0,100.0,87.33,90.06,0.0,0.0
903,38308,100.0,65.1437776530473,1.1760764013513472,0,14,6,500,100.0,100.0,100.0,100.0,100.0,100.0,0.0,0.0
904,37905,100.0,64.00613612634865,1.1512814109851892,0,15,6,500,100.0,100.0,100.0,100.0,100.0,100.0,0.0,0.0
905,38308,99.38,65.39022999293677,1.134462633582118,0,14,6,500,99.98,100.0,99.93,100.0,100.0,96.37,0.0,0.0
906,34681,100.0,62.14357931466521,1.148826277846899,0,23,6,500,100.0,100.0,100.0,100.0,100.0,100.0,0.0,0.0
907,40323,99.97,63.02469889534004,1.2174397328491886,0,9,6,500,100.0,100.0,100.0,99.83,100.0,100.0,0.0,0.0
908,36696,99.49,64.53390105107208,1.2361773224435284,0,18,6,500,96.95,100.0,100.0,100.0,100.0,100.0,0.0,0.0
909,41532,99.73,63.40046517339844,1.101114664925929,0,6,6,500,100.0,100.0,98.37,100.0,100.0,100.0,0.0,0.0
910,35487,99.81,62.84573005535657,1.1556209457872904,0,21,6,500,100.0,100.0,100.0,100.0,98.84,100.0,0.0,0.0
911,37099,99.46,62.957514151284016,1.190226599211462,0,17,6,500,100.0,96.75,100.0,100.0,100.0,100.0,0.0,0.0
912,37502,99.0,63.77936510030248,1.1143955341392986,0,16,6,500,95.68,100.0,98.33,100.0,100.0,100.0,0.0,0.0
913,37099,100.0,63.4532443680573,1.056401903347946,0,17,6,500,100.0,100.0,100.0,100.0,100.0,100.0,0.0,0.0
914,38711,100.0,63.19540286800851,1.091008453372263,0,13,6,500,100.0,100.0,100.0,100.0,100.0,100.0,0.0,0.0
915,37099,100.0,63.88213893108165,1.177947545518462,0,17,6,500,100.0,100.0,100.0,100.0,100.0,100.0,0.0,0.0
916,37905,99.58,63.99473719883816,1.1248925611730909,0,15,6,500,97.46,100.0,100.0,100.0,100.0,100.0,0.0,0.0
917,35487,93.26,65.78878045013141,1.1898422951383605,0,21,6,500,100.0,100.0,92.34,89.82,92.99,84.44,0.0,0.0
918,37502,100.0,64.26245012634189,1.104432604139153,0,16,6,500,100.0,100.0,100.0,100.0,100.0,100.0,0.0,0.0
919,37502,100.0,62.877890181290255,1.189103405404805,0,16,6,500,100.0,100.0,100.0,100.0,100.0,100.0,0.0,0.0
920,39114,96.5,62.99077240614073,1.1256536357707514,0,12,6,500,93.44,95.62,95.02,100.0,96.24,98.66,0.0,0.0
921,39114,100.0,63.32911247475924,1.1362796275135454,0,12,6,500,100.0,100.0,100.0,100.0,100.0,100.0,0.0,0.0
922,38308,100.0,62.86906470833371,1.1278784360671164,0,14,6,500,100.0,100.0,100.0,100.0,100.0,100.0,0.0,0.0
923,39920,99.88,63.93636400239644,1.1610329230941856,0,10,6,500,100.0,100.0,100.0,100.0,100.0,99.28,0.0,0.0
924,39517,99.48,62.766673728244136,1.1040943843619622,0,11,6,500,99.85,100.0,100.0,100.0,97.01,100.0,0.0,0.0
925,37502,100.0,61.282421715670736,1.1907939604791271,0,16,6,500,100.0,100.0,100.0,100.0,100.0,100.0,0.0,0.0
926,38711,100.0,64.8420426794803,1.1680240781679436,0,13,6,500,100.0,100.0,100.0,100.0,100.0,100.0,0.0,0.0
927,38308,95.53,63.86445653748711,1.091249293423861,0,14,6,500,87.91,100.0,95.37,93.54,100.0,96.37,0.0,0.0
928,37905,99.43,62.471536483333686,1.1148370095509803,0,15,6,500,100.0,96.93,99.67,100.0,100.0,100.0,0.0,0.0
929,38308,100.0,63.4730174631252,1.1614226566626218,0,14,6,500,100.0,100.0,100.0,100.0,100.0,100.0,0.0,0.0
930,35890,95.63,64.01829636642101,1.2168468490502338,0,20,6,500,93.98,100.0,100.0,100.0,88.71,91.08,0.0,0.0
931,39517,100.0,64.58794663989566,1.144775146634268,0,11,6,500,100.0,100.0,100.0,100.0,100.0,100.0,0.0,0.0
932,40726,98.64,63.3905828776866,1.087322742825573,0,8,6,500,100.0,100.0,100.0,100.0,91.87,100.0,0.0,0.0
933,38711,100.0,64.19746470744039,1.115270513113194,0,13,6,500,100.0,100.0,100.0,100.0,100.0,100.0,0.0,0.0
934,38711,98.77,64.14849469374951,1.1465278732986808,0,13,6,500,92.6,100.0,100.0,100.0,100.0,100.0,0.0,0.0
935,36696,99.37,63.29095404833405,1.2086423343368329,0,18,6,500,96.21,100.0,100.0,100.0,100.0,100.0,0.0,0.0
936,43836,99.65,61.725630915089695,1.0976635417042797,2,8,6,500,100.0,100.0,100.0,100.0,97.9,100.0,0.0,0.0
937,38711,98.23,63.4045465779852,1.1685348660144377,0,13,6,500,100.0,100.0,93.78,95.58,100.0,100.0,0.0,0.0
938,38308,100.0,63.66388736782048,1.1305289602343704,0,14,6,500,100.0,100.0,100.0,100.0,100.0,100.0,0.0,0.0
939,38308,98.72,65.23170254385471,1.1081841380253348,0,14,6,500,97.2,100.0,95.12,100.0,100.0,100.0,0.0,0.0
940,39517,88.95,62.745176476490855,1.1957983720214276,0,11,6,500,99.03,95.69,76.84,94.76,86.63,80.77,0.0,0.0
941,39114,100.0,62.28309627126367,1.1847741682858144,0,12,6,500,100.0,100.0,100.0,100.0,100.0,100.0,0.0,0.0
942,41129,100.0,65.90225865411085,1.128246153272447,0,7,6,500,100.0,100.0,100.0,100.0,100.0,100.0,0.0,0.0
943,35487,96.08,63.66042951470381,1.1730369335239468,0,21,6,500,88.31,94.37,100.0,93.81,100.0,100.0,0.0,0.0
944,43836,99.08,63.03489947156308,1.146948929614946,2,8,6,500,97.77,100.0,100.0,100.0,100.0,96.68,0.0,0.0
945,39920,99.91,62.84113963253015,1.0913687036176027,0,10,6,500,100.0,100.0,99.46,100.0,100.0,100.0,0.0,0.0
946,37502,100.0,63.663078031928166,1.142799099136309,0,16,6,500,100.0,100.0,100.0,100.0,100.0,100.0,0.0,0.0
947,37905,99.91,62.96666168893352,1.1453895117313255,0,15,6,500,100.0,99.46,100.0,100.0,100.0,100.0,0.0,0.0
948,37099,97.66,64.79997104953837,1.0913494616758437,0,17,6,500,100.0,92.9,100.0,100.0,93.09,100.0,0.0,0.0
949,38308,99.25,63.91171978004967,1.14483626669645,0,14,6,500,100.0,100.0,100.0,100.0,100.0,95.5,0.0,0.0
950,37502,99.77,62.50016628725654,1.1189715424537272,0,16,6,500,100.0,100.0,98.64,100.0,100.0,100.0,0.0,0.0
951,38308,98.06,64.6671928321742,1.1936588988610155,0,14,6,500,96.51,100.0,100.0,100.0,100.0,91.85,0.0,0.0
952,38308,100.0,63.87037782245308,1.150684315716517,0,14,6,500,100.0,100.0,100.0,100.0,100.0,100.0,0.0,0.0
953,37502,100.0,63.80068888045506,1.155799477472071,0,16,6,500,100.0,100.0,100.0,100.0,100.0,100.0,0.0,0.0
954,37502,100.0,64.00383661348364,1.059834078971479,0,16,6,500,100.0,100.0,100.0,100.0,100.0,100.0,0.0,0.0
955,37502,100.0,64.27282232216699,1.0792026940354582,0,16,6,500,100.0,100.0,100.0,100.0,100.0,100.0,0.0,0.0
956,39517,99.52,62.74743650367629,1.030131979562963,0,11,6,500,100.0,97.12,100.0,100.0,100.0,100.0,0.0,0.0
957,40726,99.34,64.43019044704026,1.2095047209269532,0,8,6,500,100.0,96.02,100.0,100.0,100.0,100.0,0.0,0.0
958,41532,99.96,63.0010160647469,1.1057361428417918,0,6,6,500,100.0,100.0,100.0,100.0,100.0,99.75,0.0,0.0
959,37099,100.0,61.98653443304772,1.190580998378432,0,17,6,500,100.0,100.0,100.0,100.0,100.0,100.0,0.0,0.0
960,36696,99.96,62.24639912428297,1.072695068161414,0,18,6,500,100.0,100.0,99.76,100.0,100.0,100.0,0.0,0.0
961,39920,100.0,64.67423522138608,1.0910562187592787,0,10,6,500,100.0,100.0,100.0,100.0,100.0,100.0,0.0,0.0
962,38308,100.0,65.0736454706226,1.1743107645163031,0,14,6,500,100.0,100.0,100.0,100.0,100.0,100.0,0.0,0.0
963,38711,98.74,63.02264847314528,1.085697358023959,0,13,6,500,95.25,100.0,97.21,100.0,100.0,100.0,0.0,0.0
964,40323,100.0,64.6004609617922,1.2378592004164768,0,9,6,500,100.0,100.0,100.0,100.0,100.0,100.0,0.0,0.0
965,43433,99.33,64.9717333938851,1.165732144867535,2,9,6,500,100.0,100.0,100.0,100.0,100.0,96.0,0.0,0.0
966,36293,100.0,64.17679102375132,1.0803279112668287,0,19,6,500,100.0,100.0,100.0,100.0,100.0,100.0,0.0,0.0
967,40726,98.78,65.10246113122452,1.1486101485977789,0,8,6,500,100.0,93.24,100.0,99.44,100.0,100.0,0.0,0.0
968,39517,99.12,63.45699561709621,1.1131105992014707,0,11,6,500,100.0,100.0,100.0,97.01,100.0,97.73,0.0,0.0
969,39517,100.0,61.81522636729376,1.1267993293871983,0,11,6,500,100.0,100.0,100.0,100.0,100.0,100.0,0.0,0.0
970,37905,100.0,63.17453436940176,1.1819787777906297,0,15,6,500,100.0,100.0,100.0,100.0,100.0,100.0,0.0,0.0
971,38711,98.89,64.52929606721652,1.190165225246207,0,13,6,500,98.32,100.0,100.0,95.02,100.0,100.0,0.0,0.0
972,37905,99.58,63.7487101169416,1.1722481802171527,0,15,6,500,100.0,100.0,100.0,100.0,97.5,100.0,0.0,0.0
973,38308,99.77,62.412440259215074,1.1943432082864087,0,14,6,500,100.0,100.0,100.0,100.0,98.64,100.0,0.0,0.0
974,39517,97.12,62.97235248491644,1.2685732995402053,0,11,6,500,100.0,93.25,100.0,89.48,100.0,100.0,0.0,0.0
975,39920,100.0,62.947824639875606,1.1460706431798413,0,10,6,500,100.0,100.0,100.0,100.0,100.0,100.0,0.0,0.0
976,38308,100.0,63.02891003113271,1.179182903880229,0,14,6,500,100.0,100.0,100.0,100.0,100.0,100.0,0.0,0.0
977,46607,99.47,64.09402324998403,1.1558559296022546,5,6,6,500,100.0,96.81,100.0,100.0,100.0,100.0,0.0,0.0
978,38308,100.0,62.59232737494487,1.1009788301432766,0,14,6,500,100.0,100.0,100.0,100.0,100.0,100.0,0.0,0.0
979,37099,100.0,62.60762184574549,1.1522558385817998,0,17,6,500,100.0,100.0,100.0,100.0,100.0,100.0,0.0,0.0
980,38711,100.0,62.89015911773152,1.181761917971536,0,13,6,500,100.0,100.0,100.0,100.0,100.0,100.0,0.0,0.0
981,39920,100.0,61.481230340405006,1.2224212189220158,0,10,6,500,100.0,100.0,100.0,100.0,100.0,100.0,0.0,0.0
982,43584,100.0,63.97166059300244,1.1492723802114069,1,7,6,500,100.0,100.0,100.0,100.0,100.0,100.0,0.0,0.0
983,38711,99.93,64.4403877821608,1.070076855870795,0,13,6,500,100.0,100.0,100.0,100.0,100.0,99.59,0.0,0.0
984,39920,100.0,63.821379795032186,1.2014258336679555,0,10,6,500,100.0,100.0,100.0,100.0,100.0,100.0,0.0,0.0
985,39920,99.6,63.5844368523936,1.1515544187111146,0,10,6,500,100.0,100.0,100.0,100.0,97.63,100.0,0.0,0.0
986,38308,100.0,64.43831687562093,1.0888414131521014,0,14,6,500,100.0,100.0,100.0,100.0,100.0,100.0,0.0,0.0
987,40726,98.91,63.429226127806906,1.1548305590819152,0,8,6,500,98.36,97.12,97.97,100.0,100.0,100.0,0.0,0.0
988,39920,99.84,64.11158575040442,1.211401420657077,0,10,6,500,100.0,100.0,99.07,100.0,100.0,100.0,0.0,0.0
989,35890,97.48,63.06904205571229,1.1016689213370645,0,20,6,500,100.0,90.53,100.0,100.0,94.35,100.0,0.0,0.0
990,39517,100.0,63.73264432075774,1.157284917929011,0,11,6,500,100.0,100.0,100.0,100.0,100.0,100.0,0.0,0.0
991,39517,100.0,62.87207058527493,1.2104932051855328,0,11,6,500,100.0,100.0,100.0,100.0,100.0,100.0,0.0,0.0
992,37502,99.45,63.54776343550641,1.1331465480528196,0,16,6,500,96.72,100.0,100.0,100.0,100.0,100.0,0.0,0.0
993,39517,99.12,63.619711116094784,1.1935103770504254,0,11,6,500,98.15,100.0,100.0,100.0,96.6,100.0,0.0,0.0
994,38308,99.96,62.48094543820233,1.0674088415996343,0,14,6,500,100.0,100.0,99.79,100.0,100.0,100.0,0.0,0.0
995,37905,100.0,62.92890072829867,1.109862991013341,0,15,6,500,100.0,100.0,100.0,100.0,100.0,100.0,0.0,0.0
996,38711,100.0,63.78217498842935,1.2391423109629227,0,13,6,500,100.0,100.0,100.0,100.0,100.0,100.0,0.0,0.0
997,36293,100.0,66.15542392923095,1.1401592652622887,0,19,6,500,100.0,100.0,100.0,100.0,100.0,100.0,0.0,0.0
998,40726,99.58,63.55185757976587,1.1484060393027749,0,8,6,500,97.5,100.0,100.0,100.0,100.0,100.0,0.0,0.0
999,39517,99.39,65.45803854094545,1.0890997481430231,0,11,6,500,100.0,100.0,100.0,99.02,97.32,100.0,0.0,0.0
1000,39114,99.37,63.91569185096833,1.1514594045959274,0,12,6,500,96.24,100.0,100.0,100.0,100.0,100.0,0.0,0.0
1001,37905,99.8,62.25223229619826,1.1524058689963397,0,15,6,500,100.0,100.0,100.0,100.0,100.0,98.81,0.0,0.0
1002,39517,97.22,65.11057032794848,1.0914914195639815,0,11,6,500,92.24,100.0,100.0,95.26,95.81,100.0,0.0,0.0
1003,38711,99.53,64.50449260557703,1.1277613248171476,0,13,6,500,100.0,99.03,100.0,100.0,98.15,100.0,0.0,0.0
1004,42435,97.88,64.45926644156336,1.125100690947603,0,5,6,500,100.0,100.0,100.0,98.71,99.52,89.02,0.0,0.0
1005,37099,99.56,64.43596192724829,1.1715665470024648,0,17,6,500,100.0,100.0,100.0,100.0,100.0,97.37,0.0,0.0
1006,42435,99.07,65.08725751590238,1.115684518034392,0,5,6,500,100.0,100.0,100.0,94.42,100.0,100.0,0.0,0.0
1007,37099,100.0,63.46401965076512,1.0582508075042554,0,17,6,500,100.0,100.0,100.0,100.0,100.0,100.0,0.0,0.0
1008,38711,85.93,63.0097436656895,1.156080872040232,0,13,6,500,91.08,99.75,94.39,77.27,75.37,77.74,0.0,0.0
1009,43030,98.2,64.22534438909827,1.122505662244188,2,10,6,500,100.0,100.0,100.0,92.69,100.0,96.52,0.0,0.0
1010,37502,99.78,64.91811775421857,1.17529610199125,0,16,6,500,100.0,100.0,100.0,100.0,100.0,98.67,0.0,0.0
1011,37502,99.37,64.48000505958495,1.223423974064573,0,16,6,500,100.0,100.0,98.98,97.23,100.0,100.0,0.0,0.0
1012,36696,100.0,64.90111546947745,1.031635394809156,0,18,6,500,100.0,100.0,100.0,100.0,100.0,100.0,0.0,0.0
1013,40323,97.37,64.1872951305501,1.158405302523114,0,9,6,500,95.2,100.0,98.41,100.0,90.62,100.0,0.0,0.0
1014,36696,98.1,62.814579642252205,1.0973121517983648,0,18,6,500,99.0,97.88,94.29,97.46,100.0,100.0,0.0,0.0
1015,40323,100.0,64.18931594565896,1.1844352334291075,0,9,6,500,100.0,100.0,100.0,100.0,100.0,100.0,0.0,0.0
1016,37905,99.81,63.44324703435827,1.1984327651206756,0,15,6,500,100.0,100.0,100.0,100.0,100.0,98.85,0.0,0.0
1017,38711,100.0,63.929036305783946,1.1019411421090552,0,13,6,500,100.0,100.0,100.0,100.0,100.0,100.0,0.0,0.0
1018,37502,99.02,65.27394640532357,1.2353254747403648,0,16,6,500,100.0,98.63,100.0,100.0,100.0,95.51,0.0,0.0
1019,42778,100.0,62.83807800169226,1.181462886310107,1,9,6,500,100.0,100.0,100.0,100.0,100.0,100.0,0.0,0.0
1020,39114,99.75,64.26649640403267,1.1362792674128424,0,12,6,500,100.0,100.0,100.0,98.51,100.0,100.0,0.0,0.0
1021,37502,100.0,63.44701254644628,1.153342377756531,0,16,6,500,100.0,100.0,100.0,100.0,100.0,100.0,0.0,0.0
1022,37905,99.88,64.3568113870393,1.1486324951175448,0,15,6,500,100.0,100.0,100.0,100.0,100.0,99.29,0.0,0.0
1023,37502,92.85,64.08143816616204,1.1440590988588688,0,16,6,500,85.84,100.0,100.0,90.74,93.21,87.28,0.0,0.0
1024,39517,100.0,62.89393297463768,1.1140986923974727,0,11,6,500,100.0,100.0,100.0,100.0,100.0,100.0,0.0,0.0
1025,38308,100.0,64.49689745140877,1.1444560798892005,0,14,6,500,100.0,100.0,100.0,100.0,100.0,100.0,0.0,0.0
1026,34278,98.97,62.5332895577526,1.2755546903083173,0,24,6,500,100.0,100.0,100.0,100.0,93.83,100.0,0.0,0.0
1027,39114,99.16,64.39273541003584,1.1121428529817632,0,12,6,500,94.94,100.0,100.0,100.0,100.0,100.0,0.0,0.0
1028,37099,100.0,64.22172664581655,1.2040710321248924,0,17,6,500,100.0,100.0,100.0,100.0,100.0,100.0,0.0,0.0
1029,37905,99.67,63.12179452877335,1.1581393109208908,0,15,6,500,100.0,100.0,100.0,100.0,98.02,100.0,0.0,0.0
1030,37905,96.54,63.46950699743408,1.1267205060633494,0,15,6,500,100.0,94.69,92.2,100.0,100.0,92.38,0.0,0.0
1031,37099,100.0,66.44698558851354,1.1544557347389663,0,17,6,500,100.0,100.0,100.0,100.0,100.0,100.0,0.0,0.0
1032,37502,100.0,62.889820825152725,1.1184229788819204,0,16,6,500,100.0,100.0,100.0,100.0,100.0,100.0,0.0,0.0
1033,41532,100.0,64.43043077690449,1.1507263942741746,0,6,6,500,100.0,100.0,100.0,100.0,100.0,100.0,0.0,0.0
1034,36696,99.38,63.60335535380616,1.0471245331753685,0,18,6,500,100.0,100.0,100.0,100.0,96.26,100.0,0.0,0.0
1035,45146,100.0,64.48477426539158,1.1181519549107948,4,8,6,500,100.0,100.0,100.0,100.0,100.0,100.0,0.0,0.0
1036,39517,100.0,64.03366319043899,1.100292750861414,0,11,6,500,100.0,100.0,100.0,100.0,100.0,100.0,0.0,0.0
1037,35890,99.66,62.74969754544705,1.082062472252266,0,20,6,500,97.94,100.0,100.0,100.0,100.0,100.0,0.0,0.0
1038,45545,99.94,64.28927281978575,1.1597673228601335,2,5,6,500,100.0,100.0,100.0,100.0,99.61,100.0,0.0,0.0
1039,39517,99.47,64.39189736724111,1.1906905428110095,0,11,6,500,96.81,100.0,100.0,100.0,100.0,100.0,0.0,0.0
1040,37099,100.0,62.80354004928333,1.1538173112418424,0,17,6,500,100.0,100.0,100.0,100.0,100.0,100.0,0.0,0.0
1041,40323,100.0,64.11062141618963,1.0983783856710576,0,9,6,500,100.0,100.0,100.0,100.0,100.0,100.0,0.0,0.0
1042,35890,100.0,63.23835095340219,1.1507036244915585,0,20,6,500,100.0,100.0,100.0,100.0,100.0,100.0,0.0,0.0
1043,37905,94.92,64.26165018791632,1.1776827085210886,0,15,6,500,90.55,100.0,92.09,100.0,89.74,97.15,0.0,0.0
1044,38308,100.0,64.42370673017415,1.139276102324688,0,14,6,500,100.0,100.0,100.0,100.0,100.0,100.0,0.0,0.0
1045,42588,100.0,61.8755662720172,1.1975115966306884,0,4,6,500,100.0,100.0,100.0,100.0,100.0,100.0,0.0,0.0
1046,37502,99.82,63.78089467890815,1.1322512779759637,0,16,6,500,100.0,100.0,100.0,100.0,98.93,100.0,0.0,0.0
1047,37099,100.0,63.368781011498,1.089044491231024,0,17,6,500,100.0,100.0,100.0,100.0,100.0,100.0,0.0,0.0
1048,34681,99.24,63.74456309075547,1.1627808989819166,0,23,6,500,100.0,100.0,100.0,100.0,95.47,100.0,0.0,0.0
1049,37905,99.74,62.84023314157592,1.152567452763411,0,15,6,500,100.0,100.0,100.0,100.0,100.0,98.46,0.0,0.0
1050,39920,100.0,64.50489171949835,1.084716616926257,0,10,6,500,100.0,100.0,100.0,100.0,100.0,100.0,0.0,0.0
1051,39114,100.0,61.125231313858926,1.1193667649902663,0,12,6,500,100.0,100.0,100.0,100.0,100.0,100.0,0.0,0.0
1052,37099,98.79,62.00012448606515,1.2346752606096425,0,17,6,500,94.02,100.0,98.7,100.0,100.0,100.0,0.0,0.0
1053,38711,97.75,63.46283693059316,1.1773978222779555,0,13,6,500,100.0,90.91,100.0,95.59,100.0,100.0,0.0,0.0
1054,39114,100.0,65.19708655205179,1.0796379223342372,0,12,6,500,100.0,100.0,100.0,100.0,100.0,100.0,0.0,0.0
1055,38711,97.14,61.88033045059088,1.1612040803557186,0,13,6,500,99.96,100.0,96.37,100.0,86.53,100.0,0.0,0.0
1056,40323,100.0,63.16812206476676,1.1384949020117772,0,9,6,500,100.0,100.0,100.0,100.0,100.0,100.0,0.0,0.0
1057,40323,100.0,63.73473177904437,1.1288382818127287,0,9,6,500,100.0,100.0,100.0,100.0,100.0,100.0,0.0,0.0
1058,37502,99.53,62.72044739929726,1.1198355839115652,0,16,6,500,97.18,100.0,100.0,100.0,100.0,100.0,0.0,0.0
1059,43836,99.77,64.49578879829903,1.2446428001894845,2,8,6,500,100.0,98.62,100.0,100.0,100.0,100.0,0.0,0.0
1060,38711,97.3,61.447360171626734,1.0334966742651797,0,13,6,500,100.0,100.0,100.0,100.0,83.81,100.0,0.0,0.0
1061,36293,100.0,64.6786595009132,1.189594416234616,0,19,6,500,100.0,100.0,100.0,100.0,100.0,100.0,0.0,0.0
1062,39920,97.44,64.19611455138697,1.088577059794945,0,10,6,500,100.0,100.0,100.0,100.0,100.0,84.67,0.0,0.0
1063,40323,99.78,62.84929667207399,1.0597804898811345,0,9,6,500,100.0,98.67,100.0,100.0,100.0,100.0,0.0,0.0
1064,39114,99.61,63.45771636765961,1.1774132209868928,0,12,6,500,100.0,100.0,100.0,100.0,97.66,100.0,0.0,0.0
1065,43584,99.73,63.103217216065936,1.0915514086855531,1,7,6,500,98.37,100.0,100.0,100.0,100.0,100.0,0.0,0.0
1066,38308,99.41,65.3655255337061,1.1948865747756416,0,14,6,500,100.0,100.0,100.0,100.0,96.47,100.0,0.0,0.0
1067,38711,99.53,64.77513191557851,1.0960845168642936,0,13,6,500,100.0,97.19,100.0,100.0,100.0,100.0,0.0,0.0
1068,43987,100.0,65.29005820015328,1.1569031251484436,1,6,6,500,100.0,100.0,100.0,100.0,100.0,100.0,0.0,0.0
1069,37502,100.0,62.90282019766968,0.9869170736662716,0,16,6,500,100.0,100.0,100.0,100.0,100.0,100.0,0.0,0.0
1070,39920,100.0,63.02800406967246,1.0689833944884874,0,10,6,500,100.0,100.0,100.0,100.0,100.0,100.0,0.0,0.0
1071,39517,98.7,64.49079513483419,1.0994216803834391,0,11,6,500,98.88,100.0,100.0,96.76,100.0,96.56,0.0,0.0
1072,45698,100.0,63.96951947985003,1.084550504203155,2,4,6,500,100.0,100.0,100.0,100.0,100.0,100.0,0.0,0.0
1073,38308,98.89,65.37291527252324,1.1498602380415517,0,14,6,500,100.0,93.33,100.0,100.0,100.0,100.0,0.0,0.0
1074,37502,100.0,63.16530049782777,1.1610888285654368,0,16,6,500,100.0,100.0,100.0,100.0,100.0,100.0,0.0,0.0
1075,37905,99.56,63.2283088614521,1.1705937269486624,0,15,6,500,97.33,100.0,100.0,100.0,100.0,100.0,0.0,0.0
1076,36293,99.38,65.10150374619231,1.1517326622613908,0,19,6,500,96.3,100.0,100.0,100.0,100.0,100.0,0.0,0.0
1077,42588,100.0,62.90803523105224,1.1119131338030848,0,4,6,500,100.0,100.0,100.0,100.0,100.0,100.0,0.0,0.0
1078,40323,100.0,63.774408107406025,1.063257622151872,0,9,6,500,100.0,100.0,100.0,100.0,100.0,100.0,0.0,0.0
1079,44340,100.0,66.61647190934448,1.140889508737771,4,10,6,500,100.0,100.0,100.0,100.0,100.0,100.0,0.0,0.0
1080,42627,99.2,64.11152726426704,1.1020726627163222,2,11,6,500,100.0,100.0,97.55,100.0,100.0,97.66,0.0,0.0
1081,38308,100.0,63.04668438772468,1.0899065998125723,0,14,6,500,100.0,100.0,100.0,100.0,100.0,100.0,0.0,0.0
1082,39114,100.0,63.56213217272087,1.1534180157458491,0,12,6,500,100.0,100.0,100.0,100.0,100.0,100.0,0.0,0.0
1083,39920,100.0,62.40983690809424,1.1594436786356628,0,10,6,500,100.0,100.0,100.0,100.0,100.0,100.0,0.0,0.0
1084,39114,98.53,63.0459811108603,1.0501033495552083,0,12,6,500,100.0,96.71,95.28,100.0,99.2,100.0,0.0,0.0
1085,43836,99.12,66.40447013376902,1.1791005228673357,2,8,6,500,100.0,95.72,100.0,99.01,100.0,100.0,0.0,0.0
1086,40323,98.14,64.56090842065643,1.0533503208171933,0,9,6,500,98.64,100.0,97.4,100.0,94.22,98.58,0.0,0.0
1087,40323,99.89,63.51630565725044,1.162707677758636,0,9,6,500,100.0,100.0,99.35,100.0,100.0,100.0,0.0,0.0
1088,39920,99.51,63.784376360744815,1.133313066636548,0,10,6,500,100.0,100.0,97.08,100.0,100.0,100.0,0.0,0.0
1089,38711,100.0,62.93371583755941,1.1517370870916426,0,13,6,500,100.0,100.0,100.0,100.0,100.0,100.0,0.0,0.0
1090,38711,100.0,64.15011245389121,1.041685254030566,0,13,6,500,100.0,100.0,100.0,100.0,100.0,100.0,0.0,0.0
1091,37905,100.0,64.01602062688791,1.0641634165419351,0,15,6,500,100.0,100.0,100.0,100.0,100.0,100.0,0.0,0.0
1092,38308,100.0,61.93964277438088,1.0988975874746516,0,14,6,500,100.0,100.0,100.0,100.0,100.0,100.0,0.0,0.0
1093,41532,99.5,62.53470097017816,1.2430540769507163,0,6,6,500,100.0,96.97,100.0,100.0,100.0,100.0,0.0,0.0
1094,43836,99.26,62.43779537900849,1.0905969911698783,2,8,6,500,100.0,100.0,100.0,100.0,95.58,100.0,0.0,0.0
1095,37905,100.0,61.92183652648143,1.1065821837102916,0,15,6,500,100.0,100.0,100.0,100.0,100.0,100.0,0.0,0.0
1096,36696,99.44,63.2884430328003,1.141776894340596,0,18,6,500,100.0,100.0,100.0,100.0,100.0,96.67,0.0,0.0
1097,39114,100.0,63.2622592308072,1.0895680632696594,0,12,6,500,100.0,100.0,100.0,100.0,100.0,100.0,0.0,0.0
1098,37905,98.93,65.83662504850626,1.2039535354706177,0,15,6,500,100.0,100.0,97.51,96.07,100.0,100.0,0.0,0.0
1099,40323,98.21,63.03375334267958,1.135378511845623,0,9,6,500,93.55,100.0,100.0,100.0,100.0,95.73,0.0,0.0
1100,36696,100.0,62.65705901488875,1.0954535283728788,0,18,6,500,100.0,100.0,100.0,100.0,100.0,100.0,0.0,0.0
1101,38308,100.0,62.21708067063938,1.1165923603123658,0,14,6,500,100.0,100.0,100.0,100.0,100.0,100.0,0.0,0.0
1102,40726,100.0,63.8104348344684,1.187983035645445,0,8,6,500,100.0,100.0,100.0,100.0,100.0,100.0,0.0,0.0
1103,38711,100.0,64.20326080866954,1.109581127934596,0,13,6,500,100.0,100.0,100.0,100.0,100.0,100.0,0.0,0.0
1104,38711,98.93,63.30599584733438,1.0865644464724211,0,13,6,500,100.0,100.0,99.05,96.82,97.73,100.0,0.0,0.0
1105,43433,98.21,63.52636093568681,1.2107481098543582,2,9,6,500,100.0,94.38,100.0,100.0,100.0,94.9,0.0,0.0
1106,37099,100.0,63.75215526776344,1.0768559864552882,0,17,6,500,100.0,100.0,100.0,100.0,100.0,100.0,0.0,0.0
1107,39114,99.95,63.35471315661802,1.0654435464315508,0,12,6,500,100.0,100.0,99.7,100.0,100.0,100.0,0.0,0.0
1108,40323,96.25,64.16514934036816,1.12411525651939,0,9,6,500,100.0,91.04,92.17,100.0,100.0,94.3,0.0,0.0
1109,37905,97.42,65.81440227992563,1.0731964490322412,0,15,6,500,100.0,100.0,100.0,91.2,93.34,100.0,0.0,0.0
1110,38711,98.94,63.26410853437041,1.1370165231343017,0,13,6,500,93.65,100.0,100.0,100.0,100.0,100.0,0.0,0.0
1111,40726,100.0,63.494679036463324,1.1934713594255115,0,8,6,500,100.0,100.0,100.0,100.0,100.0,100.0,0.0,0.0
1112,39920,100.0,62.68533529722389,1.2289103140869224,0,10,6,500,100.0,100.0,100.0,100.0,100.0,100.0,0.0,0.0
1113,37905,100.0,63.63152063144205,0.9690505414756077,0,15,6,500,100.0,100.0,100.0,100.0,100.0,100.0,0.0,0.0
1114,40726,93.6,62.58529398202744,1.1848329874528063,0,8,6,500,91.31,88.24,100.0,91.27,100.0,90.78,0.0,0.0
1115,40726,100.0,64.73498003743669,1.140254307283893,0,8,6,500,100.0,100.0,100.0,100.0,100.0,100.0,0.0,0.0
1116,35487,100.0,64.33260013079746,1.1108567261105196,0,21,6,500,100.0,100.0,100.0,100.0,100.0,100.0,0.0,0.0
1117,37099,98.62,64.45919739574465,1.143788415145347,0,17,6,500,100.0,100.0,100.0,93.74,97.98,100.0,0.0,0.0
1118,37502,100.0,63.23609077525124,1.13318495232284,0,16,6,500,100.0,100.0,99.98,100.0,100.0,100.0,0.0,0.0
1119,39920,98.06,64.36619911754448,1.111492286956164,0,10,6,500,96.6,100.0,100.0,91.77,100.0,100.0,0.0,0.0
1120,39114,100.0,63.550901035753874,1.058317902670034,0,12,6,500,100.0,100.0,100.0,100.0,100.0,100.0,0.0,0.0
1121,40323,100.0,64.9003797845977,1.1111377664578117,0,9,6,500,100.0,100.0,100.0,100.0,100.0,100.0,0.0,0.0
1122,40323,100.0,61.64175130443935,1.153915621047979,0,9,6,500,100.0,100.0,100.0,100.0,100.0,100.0,0.0,0.0
1123,39114,96.08,64.75862313390861,1.0139935056489808,0,12,6,500,100.0,100.0,91.66,90.94,93.86,100.0,0.0,0.0
1124,41129,100.0,65.12189648737512,1.0968360705473144,0,7,6,500,100.0,100.0,100.0,100.0,100.0,100.0,0.0,0.0
1125,39920,100.0,61.339664381777226,1.0916741035841804,0,10,6,500,100.0,100.0,100.0,100.0,100.0,100.0,0.0,0.0
1126,39114,100.0,63.09595384386407,1.1139514096502297,0,12,6,500,100.0,100.0,100.0,100.0,100.0,100.0,0.0,0.0
1127,41129,99.35,63.47596267496058,1.0954822951380914,0,7,6,500,100.0,100.0,100.0,96.08,100.0,100.0,0.0,0.0
1128,38711,100.0,64.11076578198409,1.183527967440281,0,13,6,500,100.0,100.0,100.0,100.0,100.0,100.0,0.0,0.0
1129,45952,99.96,65.3154870985469,1.1647016611030827,4,6,6,500,99.75,100.0,100.0,100.0,100.0,100.0,0.0,0.0
1130,43836,100.0,63.70497515615734,1.1674565263575782,2,8,6,500,100.0,100.0,100.0,100.0,100.0,100.0,0.0,0.0
1131,41532,100.0,63.49920115012745,1.071483450864509,0,6,6,500,100.0,100.0,100.0,100.0,100.0,100.0,0.0,0.0
1132,38711,99.86,62.8503321855146,1.0823339193880952,0,13,6,500,100.0,100.0,100.0,100.0,100.0,99.19,0.0,0.0
1133,38308,100.0,63.29101344857387,1.0397116984545751,0,14,6,500,100.0,100.0,100.0,100.0,100.0,100.0,0.0,0.0
1134,37905,99.11,64.50779749402106,1.135969550708399,0,15,6,500,100.0,100.0,94.65,100.0,100.0,100.0,0.0,0.0
1135,38711,99.82,62.83710019596498,1.182225119635961,0,13,6,500,100.0,100.0,100.0,100.0,100.0,98.9,0.0,0.0
1136,39920,99.8,62.92259375925271,1.1702273100183738,0,10,6,500,100.0,100.0,100.0,98.8,100.0,100.0,0.0,0.0
1137,44239,99.05,63.35852129258807,1.0693194389797178,2,7,6,500,100.0,100.0,100.0,100.0,94.3,100.0,0.0,0.0
1138,40323,99.01,63.51262644274156,1.205100703169838,0,9,6,500,100.0,100.0,100.0,94.04,100.0,100.0,0.0,0.0
1139,38711,96.21,62.50089921613239,1.1207705027410433,0,13,6,500,100.0,100.0,100.0,90.42,90.23,96.59,0.0,0.0
1140,39920,100.0,64.77229662917583,1.0273058927707892,0,10,6,500,100.0,100.0,100.0,100.0,100.0,100.0,0.0,0.0
1141,43937,99.83,64.73046035241715,1.1726646465184396,4,11,6,500,100.0,100.0,100.0,100.0,100.0,98.98,0.0,0.0
1142,37502,99.37,63.234502676491694,1.112536817056082,0,16,6,500,100.0,100.0,100.0,100.0,99.63,96.59,0.0,0.0
1143,38711,99.68,63.846468624035296,1.1092104615857497,0,13,6,500,100.0,98.08,100.0,100.0,100.0,100.0,0.0,0.0
1144,37905,100.0,62.29268816914978,1.1548362271029071,0,15,6,500,100.0,100.0,100.0,100.0,100.0,100.0,0.0,0.0
1145,40323,99.58,64.34736273355354,1.1019307254796609,0,9,6,500,98.19,100.0,100.0,100.0,100.0,99.27,0.0,0.0
1146,39114,99.71,63.76434473986048,1.1722281558489576,0,12,6,500,100.0,98.27,100.0,100.0,100.0,100.0,0.0,0.0
1147,34681,99.86,64.62881304068077,1.003409879554691,0,23,6,500,99.14,100.0,100.0,100.0,100.0,100.0,0.0,0.0
1148,42224,99.25,63.520717697065294,1.0969063594768431,2,12,6,500,100.0,95.69,100.0,100.0,100.0,99.81,0.0,0.0
1149,41129,100.0,64.17542560475037,1.2228245322811455,0,7,6,500,100.0,100.0,100.0,100.0,100.0,100.0,0.0,0.0
1150,45398,100.0,64.76044377570716,1.2433300415071664,5,9,6,500,100.0,100.0,100.0,100.0,100.0,100.0,0.0,0.0
1151,37099,98.49,65.00203156741004,1.098189330659824,0,17,6,500,100.0,90.92,100.0,100.0,100.0,100.0,0.0,0.0
1152,38711,99.4,65.12267580348636,1.1558721654432011,0,13,6,500,98.75,100.0,100.0,97.64,100.0,100.0,0.0,0.0
1153,37905,99.35,62.35474624839801,1.0504135133237646,0,15,6,500,100.0,100.0,100.0,100.0,96.08,100.0,0.0,0.0
1154,40323,100.0,63.44092371258454,1.079315165196034,0,9,6,500,100.0,100.0,100.0,100.0,100.0,100.0,0.0,0.0
1155,39517,99.82,62.92502289934095,1.1341968201159058,0,11,6,500,98.92,100.0,100.0,100.0,100.0,100.0,0.0,0.0
1156,38711,99.77,62.59353150169659,1.135778644630829,0,13,6,500,100.0,100.0,98.63,100.0,100.0,100.0,0.0,0.0
1157,37099,95.74,63.49874482703558,1.0918395025256566,0,17,6,500,90.77,100.0,100.0,100.0,89.35,94.3,0.0,0.0
1158,39517,100.0,64.66953617692371,1.1261095079321604,0,11,6,500,100.0,100.0,100.0,100.0,100.0,100.0,0.0,0.0
1159,37905,100.0,64.6306697530662,1.0735831946097447,0,15,6,500,100.0,100.0,100.0,100.0,100.0,100.0,0.0,0.0
1160,39920,99.95,64.34736867065281,1.1526457340245573,0,10,6,500,100.0,100.0,100.0,100.0,100.0,99.72,0.0,0.0
1161,41532,99.98,62.42556882032245,1.103845579967882,0,6,6,500,100.0,100.0,100.0,100.0,100.0,99.89,0.0,0.0
1162,39920,99.73,64.13434696501736,1.1101678641923185,0,10,6,500,100.0,100.0,100.0,100.0,98.38,100.0,0.0,0.0
1163,40726,100.0,64.71238595287755,1.0789082127567216,0,8,6,500,100.0,100.0,100.0,100.0,100.0,100.0,0.0,0.0
1164,37099,100.0,64.30761072426402,1.0459978401383487,0,17,6,500,100.0,100.0,100.0,100.0,100.0,100.0,0.0,0.0
1165,42627,97.94,63.16916623991772,1.1131259533171722,2,11,6,500,96.45,100.0,100.0,96.69,100.0,94.47,0.0,0.0
1166,39114,99.44,64.03790649678295,1.090601068444451,0,12,6,500,100.0,100.0,100.0,100.0,100.0,96.67,0.0,0.0
1167,38308,98.39,62.27026378496828,1.040476579215592,0,14,6,500,100.0,100.0,100.0,90.34,100.0,100.0,0.0,0.0
1168,43836,100.0,64.79227077357972,1.1083990092581846,2,8,6,500,100.0,100.0,100.0,100.0,100.0,100.0,0.0,0.0
1169,39114,100.0,63.35824577983991,1.0507380523351122,0,12,6,500,100.0,100.0,100.0,100.0,100.0,100.0,0.0,0.0
1170,36293,100.0,63.69147125316074,1.1082751765322338,0,19,6,500,100.0,100.0,100.0,100.0,100.0,100.0,0.0,0.0
1171,36696,99.72,66.23360528015849,1.1458433360356914,0,18,6,500,100.0,98.31,100.0,100.0,100.0,100.0,0.0,0.0
1172,38711,100.0,64.1106192086184,1.032212026873542,0,13,6,500,100.0,100.0,100.0,100.0,100.0,100.0,0.0,0.0
1173,38711,100.0,62.75516936538058,1.1649254263607112,0,13,6,500,100.0,100.0,100.0,100.0,100.0,100.0,0.0,0.0
1174,43030,100.0,63.8025213523205,1.1248404462810146,2,10,6,500,100.0,100.0,100.0,100.0,100.0,100.0,0.0,0.0
1175,39517,99.73,63.850791704968096,1.0782716845454006,0,11,6,500,100.0,100.0,98.4,100.0,100.0,100.0,0.0,0.0
1176,37905,100.0,62.45448751905279,1.0841297401909815,0,15,6,500,100.0,100.0,100.0,100.0,100.0,100.0,0.0,0.0
1177,40726,99.81,62.71015700647716,1.1337100460474163,0,8,6,500,98.88,100.0,100.0,100.0,100.0,100.0,0.0,0.0
1178,37905,97.26,63.691440558487606,1.0847498872658377,0,15,6,500,100.0,87.42,99.1,100.0,97.02,100.0,0.0,0.0
1179,44491,100.0,64.61203085063255,1.0410237038272314,3,8,6,500,100.0,100.0,100.0,100.0,100.0,100.0,0.0,0.0
1180,37502,100.0,64.76828733797184,1.1676122383338994,0,16,6,500,100.0,100.0,100.0,100.0,100.0,100.0,0.0,0.0
1181,44642,94.8,62.775888048616,1.056961781197365,2,6,6,500,92.53,100.0,87.52,94.21,94.51,100.0,0.0,0.0
1182,39920,99.31,63.787627274785805,1.1672642634706598,0,10,6,500,100.0,100.0,100.0,95.86,100.0,100.0,0.0,0.0
1183,39114,100.0,64.26945509418685,1.1299707787287947,0,12,6,500,100.0,100.0,100.0,100.0,100.0,100.0,0.0,0.0
1184,43433,100.0,63.51058735995184,1.0912104956158877,2,9,6,500,100.0,100.0,100.0,100.0,100.0,100.0,0.0,0.0
1185,38308,100.0,64.10515230367496,1.1137739711950128,0,14,6,500,100.0,100.0,100.0,100.0,100.0,100.0,0.0,0.0
1186,38308,99.32,61.36310089174525,1.1283374453715227,0,14,6,500,100.0,100.0,100.0,95.9,100.0,100.0,0.0,0.0
1187,45851,100.0,62.414779841636935,1.0758060728694328,2,3,6,500,100.0,100.0,100.0,100.0,100.0,100.0,0.0,0.0
1188,37905,100.0,64.6604111690255,1.0317182985112676,0,15,6,500,100.0,100.0,100.0,100.0,100.0,100.0,0.0,0.0
1189,39517,99.36,65.06134058500582,1.1302877411054777,0,11,6,500,100.0,100.0,100.0,100.0,96.15,100.0,0.0,0.0
1190,43584,100.0,61.50205730489304,1.225477643493911,1,7,6,500,100.0,100.0,100.0,100.0,100.0,100.0,0.0,0.0
1191,39920,100.0,64.97238154015504,1.08900525739966,0,10,6,500,100.0,100.0,100.0,100.0,100.0,100.0,0.0,0.0
1192,38711,99.27,64.43993665180517,1.154158526322483,0,13,6,500,100.0,100.0,100.0,95.63,100.0,100.0,0.0,0.0
1193,37905,99.86,64.5333883000134,1.089879856466386,0,15,6,500,100.0,100.0,100.0,100.0,99.18,100.0,0.0,0.0
1194,38711,100.0,64.1088711414775,1.1274099387565577,0,13,6,500,100.0,100.0,100.0,100.0,100.0,100.0,0.0,0.0
1195,39114,100.0,63.19382239076405,1.1271591171697275,0,12,6,500,100.0,100.0,100.0,100.0,100.0,100.0,0.0,0.0
1196,42627,100.0,64.60357578862133,1.0301551160027338,2,11,6,500,100.0,100.0,100.0,100.0,100.0,100.0,0.0,0.0
1197,38308,100.0,63.77992627214952,1.1147976892343054,0,14,6,500,100.0,100.0,100.0,100.0,100.0,100.0,0.0,0.0
1198,43030,99.42,63.18495589893645,1.093834439386822,2,10,6,500,100.0,100.0,100.0,100.0,96.54,100.0,0.0,0.0
1199,43030,99.58,62.32130562948179,1.0735444107387149,2,10,6,500,100.0,100.0,100.0,100.0,100.0,97.5,0.0,0.0
1200,38711,100.0,63.0091242097658,1.16083816116104,0,13,6,500,100.0,100.0,100.0,100.0,100.0,100.0,0.0,0.0
1201,42435,99.85,64.30777691417043,1.0860573956117632,0,5,6,500,100.0,100.0,100.0,100.0,99.11,100.0,0.0,0.0
1202,37905,99.06,62.990840660222105,1.153049114785064,0,15,6,500,100.0,94.34,100.0,100.0,100.0,100.0,0.0,0.0
1203,37905,99.69,63.455691870629465,1.1231833172325925,0,15,6,500,100.0,100.0,100.0,98.14,100.0,100.0,0.0,0.0
1204,39517,99.82,63.30021045377526,1.0976877819686284,0,11,6,500,100.0,99.98,100.0,100.0,98.96,100.0,0.0,0.0
1205,38308,100.0,64.47253866025076,1.0886527401553736,0,14,6,500,100.0,100.0,100.0,100.0,100.0,100.0,0.0,0.0
1206,37905,100.0,63.48414643466885,1.1085563903001876,0,15,6,500,100.0,100.0,100.0,100.0,100.0,100.0,0.0,0.0
1207,38711,100.0,63.25026259272579,1.1308539893291931,0,13,6,500,100.0,100.0,100.0,100.0,100.0,100.0,0.0,0.0
1208,39517,99.46,65.07148366936487,1.0450537026688804,0,11,6,500,100.0,100.0,100.0,100.0,96.76,100.0,0.0,0.0
1209,39517,95.06,62.78242088584921,1.133476058117446,0,11,6,500,100.0,87.46,100.0,98.15,84.73,100.0,0.0,0.0
1210,38308,99.69,64.0147382409262,1.102450560678177,0,14,6,500,100.0,100.0,100.0,98.14,100.0,100.0,0.0,0.0
1211,38711,99.98,63.7714626472315,1.0506835040380924,0,13,6,500,100.0,100.0,100.0,100.0,99.88,100.0,0.0,0.0
1212,39517,99.5,63.554746299213576,1.156734869476054,0,11,6,500,96.98,100.0,100.0,100.0,100.0,100.0,0.0,0.0
1213,39920,100.0,62.78178293957255,1.1545532379189287,0,10,6,500,100.0,100.0,100.0,100.0,100.0,100.0,0.0,0.0
1214,40323,100.0,64.76010949494894,1.0734081763404724,0,9,6,500,100.0,100.0,100.0,100.0,100.0,100.0,0.0,0.0
1215,40323,100.0,64.60239538216872,1.1238515645333849,0,9,6,500,100.0,100.0,100.0,100.0,100.0,100.0,0.0,0.0
1216,40323,94.08,64.14818609825414,1.1702417713209845,0,9,6,500,97.02,93.09,91.47,92.0,90.9,100.0,0.0,0.0
1217,41532,99.15,64.0654380346191,1.0565760344658892,0,6,6,500,100.0,100.0,100.0,99.72,95.19,100.0,0.0,0.0
1218,40323,99.49,65.15208840794075,1.1539150900031316,0,9,6,500,96.93,100.0,100.0,100.0,100.0,100.0,0.0,0.0
1219,43584,99.08,63.45994101846434,1.0487572531874132,1,7,6,500,99.02,100.0,100.0,95.47,100.0,100.0,0.0,0.0
1220,40323,99.43,64.97395614518817,1.104468090693423,0,9,6,500,100.0,97.28,100.0,99.49,99.79,100.0,0.0,0.0
1221,40726,100.0,65.5721408935145,1.127115084879997,0,8,6,500,100.0,100.0,100.0,100.0,100.0,100.0,0.0,0.0
1222,39517,100.0,64.22506415941382,1.174745235278771,0,11,6,500,100.0,100.0,100.0,100.0,100.0,100.0,0.0,0.0
1223,37905,100.0,63.38223423929707,1.1409438044276186,0,15,6,500,100.0,100.0,100.0,100.0,100.0,100.0,0.0,0.0
1224,36696,97.06,62.6492893360218,1.098162767007078,0,18,6,500,90.42,100.0,100.0,91.96,100.0,100.0,0.0,0.0
1225,43836,99.51,63.94821701521169,1.1043830423210044,2,8,6,500,100.0,100.0,100.0,97.06,100.0,100.0,0.0,0.0
1226,43584,98.8,62.86407225283486,1.1591022425486546,1,7,6,500,96.72,98.19,98.33,100.0,99.53,100.0,0.0,0.0
1227,43181,100.0,63.908050286744704,1.0890859876224797,1,8,6,500,100.0,100.0,100.0,100.0,100.0,100.0,0.0,0.0
1228,39920,100.0,64.07262686177938,1.1049493847243617,0,10,6,500,100.0,100.0,100.0,100.0,100.0,100.0,0.0,0.0
1229,43433,99.81,64.45876216602926,1.0640882302676138,2,9,6,500,100.0,98.84,100.0,100.0,100.0,100.0,0.0,0.0
1230,38711,99.3,63.009514728710776,0.9787455232310234,0,13,6,500,100.0,100.0,99.19,100.0,96.59,100.0,0.0,0.0
1231,38308,99.35,64.11949959298838,1.0988566458086615,0,14,6,500,100.0,100.0,100.0,100.0,96.1,100.0,0.0,0.0
1232,37502,100.0,65.91546558610096,1.074756897279445,0,16,6,500,100.0,100.0,100.0,100.0,100.0,100.0,0.0,0.0
1233,40323,100.0,64.70180666573799,1.1169162568313709,0,9,6,500,100.0,100.0,100.0,100.0,100.0,100.0,0.0,0.0
1234,39920,99.61,63.94771503862757,1.1311060609894583,0,10,6,500,100.0,100.0,100.0,97.64,100.0,100.0,0.0,0.0
1235,38711,100.0,63.72754449261998,1.1023355680793407,0,13,6,500,100.0,100.0,100.0,100.0,100.0,100.0,0.0,0.0
1236,39517,97.7,63.74232237587808,1.164173097953303,0,11,6,500,100.0,100.0,100.0,94.46,91.85,99.87,0.0,0.0
1237,38308,100.0,64.27200157806091,1.0745949266762458,0,14,6,500,100.0,100.0,100.0,100.0,100.0,100.0,0.0,0.0
1238,38308,100.0,63.45770367406601,1.0782274693503038,0,14,6,500,100.0,100.0,100.0,100.0,100.0,100.0,0.0,0.0
1239,43836,99.88,64.25983010342833,1.041921398860527,2,8,6,500,100.0,100.0,100.0,99.29,100.0,100.0,0.0,0.0
1240,40323,99.3,63.0656367497433,1.1252279113386896,0,9,6,500,100.0,97.14,100.0,100.0,100.0,98.68,0.0,0.0
1241,45297,100.0,63.94086420654184,1.103747830970071,3,6,6,500,100.0,100.0,100.0,100.0,100.0,100.0,0.0,0.0
1242,39114,99.96,62.24164020600299,1.0267492053145195,0,12,6,500,99.78,100.0,100.0,100.0,100.0,100.0,0.0,0.0
1243,38711,100.0,62.8221568460339,1.1213684518260367,0,13,6,500,100.0,100.0,100.0,100.0,100.0,100.0,0.0,0.0
1244,45545,100.0,63.5162826181808,1.1180062139484577,2,5,6,500,100.0,100.0,100.0,100.0,100.0,100.0,0.0,0.0
1245,40726,98.7,63.79791678639144,1.1489534261568035,0,8,6,500,100.0,100.0,100.0,100.0,100.0,92.18,0.0,0.0
1246,36696,100.0,65.84415689728712,1.0643969838237612,0,18,6,500,100.0,100.0,100.0,100.0,100.0,100.0,0.0,0.0
1247,44239,99.5,62.86274622072133,1.121019756014097,2,7,6,500,96.98,100.0,100.0,100.0,100.0,100.0,0.0,0.0
1248,39517,100.0,64.85688260164635,1.0806238951514315,0,11,6,500,100.0,100.0,100.0,100.0,100.0,100.0,0.0,0.0
1249,42741,100.0,63.416693963804,1.204202347284473,0,3,6,500,100.0,100.0,100.0,100.0,100.0,100.0,0.0,0.0
1250,37905,98.22,62.72710111193452,1.009199157759317,0,15,6,500,98.32,100.0,100.0,95.91,100.0,95.1,0.0,0.0
1251,38711,100.0,62.337753938557896,1.1472324863070515,0,13,6,500,100.0,100.0,100.0,100.0,100.0,100.0,0.0,0.0
1252,40323,99.76,63.25916483210418,1.164813693349097,0,9,6,500,100.0,100.0,98.55,100.0,100.0,100.0,0.0,0.0
1253,38711,99.51,63.4366519913159,1.1221297600054028,0,13,6,500,100.0,100.0,97.08,100.0,100.0,100.0,0.0,0.0
1254,38308,100.0,63.82894303876593,1.1035304840165592,0,14,6,500,100.0,100.0,100.0,100.0,100.0,100.0,0.0,0.0
1255,37905,100.0,63.42433886954184,1.151814276486716,0,15,6,500,100.0,100.0,100.0,100.0,100.0,100.0,0.0,0.0
1256,38711,98.59,65.3542161392841,1.0911635632617251,0,13,6,500,100.0,91.57,100.0,100.0,100.0,100.0,0.0,0.0
1257,37099,100.0,62.677463166994364,1.1307735747913608,0,17,6,500,100.0,100.0,100.0,100.0,100.0,100.0,0.0,0.0
1258,40726,100.0,63.22477973483674,0.9882683850588728,0,8,6,500,100.0,100.0,100.0,100.0,100.0,100.0,0.0,0.0
1259,39517,100.0,63.91601579755361,1.133009670285897,0,11,6,500,100.0,100.0,100.0,100.0,100.0,100.0,0.0,0.0
1260,46855,99.91,62.707697817400216,1.148455123997137,4,5,6,500,99.45,100.0,100.0,100.0,100.0,100.0,0.0,0.0
1261,44642,100.0,64.67652277599373,1.0569503683756287,2,6,6,500,100.0,100.0,100.0,100.0,100.0,100.0,0.0,0.0
1262,43534,98.49,65.1003696037758,1.138064265651287,4,12,6,500,93.78,99.68,100.0,100.0,97.47,100.0,0.0,0.0
1263,39114,100.0,63.80538830085796,1.0551226367999007,0,12,6,500,100.0,100.0,100.0,100.0,100.0,100.0,0.0,0.0
1264,37905,98.83,63.986162074664094,1.0327515108596177,0,15,6,500,96.75,100.0,100.0,96.23,100.0,100.0,0.0,0.0
1265,45146,98.14,64.6547079916927,1.0235940441906903,4,8,6,500,100.0,100.0,99.74,100.0,89.09,100.0,0.0,0.0
1266,42224,99.63,65.40056876692431,1.053653275003546,2,12,6,500,100.0,98.8,99.03,100.0,100.0,99.97,0.0,0.0
1267,40323,99.53,63.61445968612735,1.0701712166006023,0,9,6,500,100.0,100.0,100.0,100.0,100.0,97.2,0.0,0.0
1268,38711,100.0,64.11343013722013,1.093969749055725,0,13,6,500,100.0,100.0,100.0,100.0,100.0,100.0,0.0,0.0
1269,38711,99.89,63.39429245777286,1.1440769953297247,0,13,6,500,100.0,100.0,99.35,100.0,100.0,100.0,0.0,0.0
1270,42375,99.57,65.24553452125444,1.0264263450584568,1,10,6,500,100.0,97.44,100.0,100.0,100.0,100.0,0.0,0.0
1271,40726,100.0,63.89301634413941,1.0473441035431046,0,8,6,500,100.0,100.0,100.0,100.0,100.0,100.0,0.0,0.0
1272,39517,99.74,64.51566988246756,1.0393804230179162,0,11,6,500,100.0,100.0,100.0,100.0,100.0,98.46,0.0,0.0
1273,45545,100.0,66.521415165646,1.197981381670981,2,5,6,500,100.0,100.0,100.0,100.0,100.0,100.0,0.0,0.0
1274,39920,98.82,64.93571727649642,1.088054426939386,0,10,6,500,100.0,96.66,96.25,100.0,100.0,100.0,0.0,0.0
1275,39517,100.0,64.57423374852263,1.1933110687816668,0,11,6,500,100.0,100.0,100.0,100.0,100.0,100.0,0.0,0.0
1276,38308,99.57,64.31335413512394,1.0911338183955963,0,14,6,500,100.0,100.0,100.0,97.41,100.0,100.0,0.0,0.0
1277,38308,99.72,64.64944288945928,1.0957878303163704,0,14,6,500,100.0,100.0,98.33,100.0,100.0,100.0,0.0,0.0
1278,40323,99.46,64.82660873542433,1.0692921330147764,0,9,6,500,100.0,100.0,98.27,100.0,100.0,98.49,0.0,0.0
1279,39920,100.0,64.24333761777334,1.1241953744534423,0,10,6,500,100.0,100.0,100.0,100.0,100.0,100.0,0.0,0.0
1280,43584,99.79,63.15621544252882,1.113063241762401,1,7,6,500,100.0,100.0,100.0,100.0,100.0,98.75,0.0,0.0
1281,47462,100.0,63.33962030188104,1.151190997912556,6,6,6,500,100.0,100.0,100.0,100.0,100.0,100.0,0.0,0.0
1282,38308,100.0,63.73851582249898,1.0527563230441284,0,14,6,500,100.0,100.0,100.0,100.0,100.0,100.0,0.0,0.0
1283,39114,92.35,65.64905614184825,1.0482636137412922,0,12,6,500,93.34,82.97,94.07,100.0,100.0,83.71,0.0,0.0
1284,39114,98.46,64.75749223244777,1.1118588538566292,0,12,6,500,100.0,99.0,100.0,97.98,93.78,100.0,0.0,0.0
1285,43534,100.0,61.95304047992079,1.0160560888470405,4,12,6,500,100.0,100.0,100.0,100.0,100.0,100.0,0.0,0.0
1286,43987,99.35,62.85378056464703,1.1274814579650776,1,6,6,500,100.0,100.0,96.08,100.0,100.0,100.0,0.0,0.0
1287,38711,100.0,64.30314427373425,1.1275479068220169,0,13,6,500,100.0,100.0,100.0,100.0,100.0,100.0,0.0,0.0
1288,46456,97.67,63.52402829865989,1.1174973783442308,6,8,6,500,94.24,100.0,91.79,100.0,100.0,100.0,0.0,0.0
1289,39114,100.0,63.331318195900266,0.9956314762242628,0,12,6,500,100.0,100.0,100.0,100.0,100.0,100.0,0.0,0.0
1290,41129,100.0,64.79938173557778,1.1502837821011804,0,7,6,500,100.0,100.0,100.0,100.0,100.0,100.0,0.0,0.0
1291,48511,100.0,64.79492707833631,1.1445019273733557,4,3,6,500,100.0,100.0,100.0,100.0,100.0,100.0,0.0,0.0
1292,39114,99.85,64.32004697881253,1.0413862176896391,0,12,6,500,100.0,99.11,100.0,100.0,100.0,100.0,0.0,0.0
1293,37905,99.91,64.6828869782658,1.1060770743203605,0,15,6,500,100.0,100.0,100.0,100.0,99.44,100.0,0.0,0.0
1294,38711,95.83,62.42233357020736,1.0860735303580138,0,13,6,500,95.45,93.11,100.0,87.79,98.63,100.0,0.0,0.0
1295,40323,100.0,62.65196207101971,1.1294747833806191,0,9,6,500,100.0,100.0,100.0,100.0,100.0,100.0,0.0,0.0
1296,44491,100.0,63.78277307498304,1.152297497340687,3,8,6,500,100.0,100.0,100.0,100.0,100.0,100.0,0.0,0.0
1297,46204,95.06,64.9840853413542,1.0637663881686803,5,7,6,500,92.96,100.0,88.79,100.0,89.21,99.4,0.0,0.0
1298,43030,97.32,64.25083219176362,1.1467364923584713,2,10,6,500,100.0,93.16,100.0,93.94,100.0,96.85,0.0,0.0
1299,40726,100.0,62.45686778851627,1.056676619394035,0,8,6,500,100.0,100.0,100.0,100.0,100.0,100.0,0.0,0.0
1300,45549,100.0,64.53175003165815,1.1178120762138652,4,7,6,500,100.0,100.0,100.0,100.0,100.0,100.0,0.0,0.0
1301,39920,100.0,63.923105322651146,1.1229925642725735,0,10,6,500,100.0,100.0,100.0,100.0,100.0,100.0,0.0,0.0
1302,37905,100.0,64.20990349738811,1.060431291218415,0,15,6,500,100.0,100.0,100.0,100.0,100.0,100.0,0.0,0.0
1303,44642,100.0,62.20052693130576,1.0750275188631375,2,6,6,500,100.0,100.0,100.0,100.0,100.0,100.0,0.0,0.0
1304,39517,100.0,65.34007868312821,1.0946978046871223,0,11,6,500,100.0,100.0,100.0,100.0,100.0,100.0,0.0,0.0
1305,37502,100.0,63.6728089310645,1.1280010360814603,0,16,6,500,100.0,100.0,100.0,100.0,100.0,100.0,0.0,0.0
1306,41129,99.29,65.46069746608713,1.1565700749288077,0,7,6,500,95.74,100.0,100.0,100.0,100.0,100.0,0.0,0.0
1307,46456,99.58,62.75249385678698,1.0924812127149153,6,8,6,500,100.0,100.0,100.0,100.0,100.0,97.45,0.0,0.0
1308,42778,98.46,63.25098173879799,1.0153653881251534,1,9,6,500,99.63,100.0,94.37,96.76,100.0,100.0,0.0,0.0
1309,45545,100.0,62.68477950491231,1.0943704817784636,2,5,6,500,100.0,100.0,100.0,100.0,100.0,100.0,0.0,0.0
1310,44239,99.75,63.162403440843846,1.0997826521547056,2,7,6,500,100.0,98.5,100.0,100.0,100.0,100.0,0.0,0.0
1311,45952,100.0,65.95179413551722,0.992971252380624,4,6,6,500,100.0,100.0,100.0,100.0,100.0,100.0,0.0,0.0
1312,46706,97.73,64.32179004408223,1.023772713478899,3,3,6,500,100.0,100.0,100.0,94.7,91.69,100.0,0.0,0.0
1313,42627,100.0,65.28526991636453,1.1659785506106806,2,11,6,500,100.0,100.0,100.0,100.0,100.0,100.0,0.0,0.0
1314,39920,99.82,63.54259846475582,1.068921135432815,0,10,6,500,100.0,100.0,100.0,100.0,100.0,98.94,0.0,0.0
1315,43836,100.0,64.01582103110103,1.0587905741962902,2,8,6,500,100.0,100.0,100.0,100.0,100.0,100.0,0.0,0.0
1316,39114,100.0,65.87170816510225,1.1358171480259962,0,12,6,500,100.0,100.0,100.0,100.0,100.0,100.0,0.0,0.0
1317,41129,99.04,63.9172864986333,1.0884934168525229,0,7,6,500,97.01,100.0,97.2,100.0,100.0,100.0,0.0,0.0
1318,39114,100.0,63.8525393985547,1.0457214533659158,0,12,6,500,100.0,100.0,100.0,100.0,100.0,100.0,0.0,0.0
1319,39517,100.0,62.1389345752622,1.0943412823546748,0,11,6,500,100.0,100.0,100.0,100.0,100.0,100.0,0.0,0.0
1320,41129,100.0,63.94337196280776,1.1528299417632168,0,7,6,500,100.0,100.0,100.0,100.0,100.0,100.0,0.0,0.0
1321,38308,99.61,64.48826558548137,1.0725913346977625,0,14,6,500,98.49,99.18,100.0,100.0,100.0,100.0,0.0,0.0
1322,38711,100.0,64.90335438862904,1.0056371711326952,0,13,6,500,100.0,100.0,100.0,100.0,100.0,100.0,0.0,0.0
1323,42588,100.0,64.9809643620348,1.072331096639232,0,4,6,500,100.0,100.0,100.0,100.0,100.0,100.0,0.0,0.0
1324,38308,100.0,65.66799651567105,1.0705739736349358,0,14,6,500,100.0,100.0,100.0,100.0,100.0,100.0,0.0,0.0
1325,40323,100.0,65.09272731888764,1.0795493467721586,0,9,6,500,100.0,100.0,100.0,100.0,100.0,100.0,0.0,0.0
1326,41129,99.26,63.515738702582894,1.0055366228014124,0,7,6,500,100.0,100.0,100.0,95.54,100.0,100.0,0.0,0.0
1327,37502,99.43,63.84469373634513,1.0380222857522885,0,16,6,500,100.0,98.01,100.0,98.57,100.0,100.0,0.0,0.0
1328,49013,100.0,63.84048414492863,1.0314851031557568,5,4,6,500,100.0,100.0,100.0,100.0,100.0,100.0,0.0,0.0
1329,37905,99.39,63.32592942883499,1.1203703395591444,0,15,6,500,100.0,100.0,100.0,100.0,100.0,96.36,0.0,0.0
1330,45549,100.0,63.25964714699335,1.0983120817819494,4,7,6,500,100.0,100.0,100.0,100.0,100.0,100.0,0.0,0.0
1331,40726,99.15,65.02616618307607,1.0555011537712171,0,8,6,500,100.0,97.85,100.0,100.0,97.03,100.0,0.0,0.0
1332,37502,99.5,64.1847598630285,1.1117245218113192,0,16,6,500,100.0,100.0,100.0,100.0,100.0,96.99,0.0,0.0
1333,39114,100.0,64.3768138518266,1.0297831942530964,0,12,6,500,100.0,100.0,100.0,100.0,100.0,100.0,0.0,0.0
1334,39517,99.62,65.31076048953199,1.0628975320750034,0,11,6,500,100.0,100.0,100.0,97.75,100.0,100.0,0.0,0.0
1335,43030,100.0,62.812379599151285,1.1581892065425554,2,10,6,500,100.0,100.0,100.0,100.0,100.0,100.0,0.0,0.0
1336,42627,99.38,64.79469434741887,1.157004206990729,2,11,6,500,100.0,100.0,100.0,100.0,96.28,100.0,0.0,0.0
1337,40360,100.0,63.62121017091897,1.0686465209351923,1,15,6,500,100.0,100.0,100.0,100.0,100.0,100.0,0.0,0.0
1338,39920,99.35,63.55489481281808,1.0981935100283502,0,10,6,500,100.0,100.0,100.0,100.0,100.0,96.08,0.0,0.0
1339,44642,100.0,65.18469294053347,1.1409868375133032,2,6,6,500,100.0,100.0,100.0,100.0,100.0,100.0,0.0,0.0
1340,41129,100.0,64.30018009623127,1.0060654027623963,0,7,6,500,100.0,100.0,100.0,100.0,100.0,100.0,0.0,0.0
1341,39114,100.0,64.73406910613288,1.0460654936925988,0,12,6,500,100.0,100.0,100.0,100.0,100.0,100.0,0.0,0.0
1342,38711,100.0,63.90280825589287,0.9401003989929118,0,13,6,500,100.0,100.0,100.0,100.0,100.0,100.0,0.0,0.0
1343,38308,100.0,63.399339881156095,1.0864194119101092,0,14,6,500,100.0,100.0,100.0,100.0,100.0,100.0,0.0,0.0
1344,39517,100.0,65.03299903480656,1.120804989119165,0,11,6,500,100.0,100.0,100.0,100.0,100.0,100.0,0.0,0.0
1345,39114,100.0,64.03041374463051,1.120753406556172,0,12,6,500,100.0,100.0,100.0,100.0,100.0,100.0,0.0,0.0
1346,39920,100.0,62.92222078439965,1.1412750036877566,0,10,6,500,100.0,100.0,100.0,100.0,100.0,100.0,0.0,0.0
1347,39114,100.0,62.81248317160945,1.0572330614751224,0,12,6,500,100.0,100.0,100.0,100.0,100.0,100.0,0.0,0.0
1348,42224,98.89,63.6169613103116,1.0068834261556392,2,12,6,500,100.0,100.0,93.33,100.0,100.0,100.0,0.0,0.0
1349,43433,100.0,63.38515051715557,1.0343791546414418,2,9,6,500,100.0,100.0,100.0,100.0,100.0,100.0,0.0,0.0
1350,41532,100.0,63.74287076391075,1.0295667388436551,0,6,6,500,100.0,100.0,100.0,100.0,100.0,100.0,0.0,0.0
1351,40323,100.0,63.25848827923568,1.071679960830353,0,9,6,500,100.0,100.0,100.0,100.0,100.0,100.0,0.0,0.0
1352,39517,93.73,64.16755698119213,1.0403566333785508,0,11,6,500,94.76,96.47,96.6,88.48,99.81,86.27,0.0,0.0
1353,40323,99.93,62.75723386288269,1.1049634602754217,0,9,6,500,100.0,100.0,100.0,100.0,99.59,100.0,0.0,0.0
1354,44340,100.0,62.34237009469791,1.0835150559207984,4,10,6,500,100.0,100.0,100.0,100.0,100.0,100.0,0.0,0.0
1355,37905,100.0,64.73046278255912,1.120187810828717,0,15,6,500,100.0,100.0,100.0,100.0,100.0,100.0,0.0,0.0
1356,39517,100.0,62.59202014829993,1.0904276942419946,0,11,6,500,100.0,100.0,100.0,100.0,100.0,100.0,0.0,0.0
1357,38711,100.0,63.7947913405382,1.1114522288182496,0,13,6,500,100.0,100.0,100.0,100.0,100.0,100.0,0.0,0.0
1358,41532,99.39,65.00004988378001,1.0765795942760197,0,6,6,500,100.0,100.0,100.0,96.36,100.0,100.0,0.0,0.0
1359,40323,100.0,64.65373544840236,1.0411927962820655,0,9,6,500,100.0,100.0,100.0,100.0,100.0,100.0,0.0,0.0
1360,40726,100.0,65.14249714473932,1.0647704476177948,0,8,6,500,100.0,100.0,100.0,100.0,100.0,100.0,0.0,0.0
1361,37502,99.66,64.7907621448627,1.1084165757271174,0,16,6,500,100.0,100.0,97.97,100.0,100.0,100.0,0.0,0.0
1362,41972,100.0,65.57382753953809,1.0238730458401757,1,11,6,500,100.0,100.0,100.0,100.0,100.0,100.0,0.0,0.0
1363,37099,98.86,64.1699853066366,1.0500086105461472,0,17,6,500,100.0,100.0,100.0,100.0,93.15,100.0,0.0,0.0
1364,45043,100.0,64.36440050266518,1.0490803362286336,1,4,6,500,100.0,100.0,100.0,100.0,100.0,100.0,0.0,0.0
1365,42435,100.0,62.28729111626552,1.0250453656746097,0,5,6,500,100.0,100.0,100.0,100.0,100.0,100.0,0.0,0.0
1366,48511,100.0,63.42481286541265,1.0169040724567322,4,3,6,500,100.0,100.0,100.0,100.0,100.0,100.0,0.0,0.0
1367,42435,100.0,62.38454399059385,1.1009086069085576,0,5,6,500,100.0,100.0,100.0,100.0,100.0,100.0,0.0,0.0
1368,37905,100.0,63.93988509693845,1.10305824355822,0,15,6,500,100.0,100.0,100.0,100.0,100.0,100.0,0.0,0.0
1369,41972,100.0,65.80614415325569,1.0794524187741898,1,11,6,500,100.0,100.0,100.0,100.0,100.0,100.0,0.0,0.0
1370,41532,100.0,63.613725358900425,1.1301137333156446,0,6,6,500,100.0,100.0,100.0,100.0,100.0,100.0,0.0,0.0
1371,44995,100.0,64.61016738871471,1.0195547673269554,5,10,6,500,100.0,100.0,100.0,100.0,100.0,100.0,0.0,0.0
1372,36696,100.0,64.239582688137,1.034443838802584,0,18,6,500,100.0,100.0,100.0,100.0,100.0,100.0,0.0,0.0
1373,45146,100.0,65.16170605707755,1.036984818512657,4,8,6,500,100.0,100.0,100.0,100.0,100.0,100.0,0.0,0.0
1374,49515,99.89,65.21156623123548,1.0465267387194204,6,5,6,500,100.0,99.36,100.0,100.0,100.0,100.0,0.0,0.0
1375,39920,100.0,65.00023054810558,1.1207946826982875,0,10,6,500,100.0,100.0,100.0,100.0,100.0,100.0,0.0,0.0
1376,44239,99.78,63.051401247336806,1.1083689949922175,2,7,6,500,100.0,100.0,100.0,98.7,100.0,100.0,0.0,0.0
1377,45650,100.0,63.52441789627385,1.0697201213483751,6,10,6,500,100.0,100.0,100.0,100.0,100.0,100.0,0.0,0.0
1378,39517,100.0,64.616046118923,1.0176215627109082,0,11,6,500,100.0,100.0,100.0,100.0,100.0,100.0,0.0,0.0
1379,44239,99.43,63.86567594110819,1.079948787236083,2,7,6,500,96.56,100.0,100.0,100.0,100.0,100.0,0.0,0.0
1380,35487,100.0,64.11053416716193,1.0974893043114835,0,21,6,500,100.0,100.0,100.0,100.0,100.0,100.0,0.0,0.0
1381,45146,98.86,62.77758853021983,1.0619044508243478,4,8,6,500,100.0,100.0,100.0,100.0,96.11,97.02,0.0,0.0
1382,43836,97.87,62.93109967141644,1.0755491013419496,2,8,6,500,100.0,100.0,100.0,94.34,94.03,98.83,0.0,0.0
1383,40323,99.25,63.43274763619272,1.0992926230754922,0,9,6,500,100.0,100.0,100.0,95.51,100.0,100.0,0.0,0.0
1384,45952,100.0,63.367822886519214,1.073866562009011,4,6,6,500,100.0,100.0,100.0,100.0,100.0,100.0,0.0,0.0
1385,41129,100.0,64.96891501295673,1.0263724681551123,0,7,6,500,100.0,100.0,100.0,100.0,100.0,100.0,0.0,0.0
1386,43282,99.34,65.43504272859109,1.128598592857854,3,11,6,500,100.0,96.03,100.0,100.0,100.0,100.0,0.0,0.0
1387,40323,100.0,64.98627093831765,1.0562192723381283,0,9,6,500,100.0,100.0,100.0,100.0,100.0,100.0,0.0,0.0
1388,45549,99.53,65.47192871211142,1.077055491466762,4,7,6,500,100.0,100.0,100.0,97.16,100.0,100.0,0.0,0.0
1389,39517,99.42,64.45373651397104,1.1533762432740258,0,11,6,500,100.0,100.0,98.55,99.07,98.9,100.0,0.0,0.0
1390,41129,99.49,62.3261877691676,1.1655481795121556,0,7,6,500,100.0,100.0,100.0,100.0,96.92,100.0,0.0,0.0
1391,41129,100.0,64.31340657154114,1.0663596264705892,0,7,6,500,100.0,100.0,100.0,100.0,100.0,100.0,0.0,0.0
1392,41129,99.52,62.08451903955418,1.0093015139405332,0,7,6,500,100.0,100.0,100.0,97.12,100.0,100.0,0.0,0.0
1393,43836,99.9,63.9688799555641,0.9929484322762868,2,8,6,500,100.0,99.38,100.0,100.0,100.0,100.0,0.0,0.0
1394,38308,100.0,64.17963929814528,1.0728908752980455,0,14,6,500,100.0,100.0,100.0,100.0,100.0,100.0,0.0,0.0
1395,44890,99.5,63.5112993143049,1.083453559805202,1,5,6,500,97.01,100.0,100.0,100.0,100.0,100.0,0.0,0.0
1396,38711,99.44,65.56525700345816,1.0739593268714391,0,13,6,500,96.63,100.0,100.0,100.0,100.0,100.0,0.0,0.0
1397,43836,100.0,64.06309891288755,1.1070695250170937,2,8,6,500,100.0,100.0,100.0,100.0,100.0,100.0,0.0,0.0
1398,39114,99.44,65.25338081733993,1.0358612736967878,0,12,6,500,100.0,98.48,100.0,100.0,100.0,98.19,0.0,0.0
1399,43987,98.2,64.42333273797495,1.150101630211499,1,6,6,500,100.0,94.43,100.0,100.0,100.0,94.77,0.0,0.0
1400,45549,100.0,63.452898333439606,1.084306811495956,4,7,6,500,100.0,100.0,100.0,100.0,100.0,100.0,0.0,0.0
1401,40323,100.0,62.21568082368051,1.0121111604714836,0,9,6,500,100.0,100.0,100.0,100.0,100.0,100.0,0.0,0.0
1402,38711,99.14,66.90843895509487,1.0669644240635856,0,13,6,500,100.0,100.0,98.29,100.0,100.0,96.55,0.0,0.0
1403,46859,95.94,62.9102113200964,1.0995455753014258,6,7,6,500,100.0,92.4,90.0,100.0,94.81,98.4,0.0,0.0
1404,38711,97.59,65.02572012339792,1.1056715829358266,0,13,6,500,100.0,98.11,92.83,94.59,100.0,100.0,0.0,0.0
1405,44743,99.78,63.41305901409374,1.1233064148706997,4,9,6,500,100.0,100.0,100.0,100.0,98.68,100.0,0.0,0.0
1406,45545,100.0,63.57828327359561,1.1179543140016197,2,5,6,500,100.0,100.0,100.0,100.0,100.0,100.0,0.0,0.0
1407,38711,100.0,62.02632902406302,1.0633514222198708,0,13,6,500,100.0,100.0,100.0,100.0,100.0,100.0,0.0,0.0
1408,86531,99.64,63.60260763775463,1.0419103653254993,8,3,6,500,100.0,100.0,100.0,100.0,97.85,100.0,0.0,0.0
1409,43584,99.56,64.47646104320955,1.1215553996818386,1,7,6,500,100.0,100.0,100.0,97.36,100.0,100.0,0.0,0.0
1410,37905,100.0,64.23381098066125,1.023920172208135,0,15,6,500,100.0,100.0,100.0,100.0,100.0,100.0,0.0,0.0
1411,39920,100.0,63.19428162938285,1.0350468359299247,0,10,6,500,100.0,100.0,100.0,100.0,100.0,100.0,0.0,0.0
1412,39920,100.0,63.22606310950405,1.042372119055117,0,10,6,500,100.0,100.0,100.0,100.0,100.0,100.0,0.0,0.0
1413,45297,100.0,63.54994388589289,1.1329203481168633,3,6,6,500,100.0,100.0,100.0,100.0,100.0,100.0,0.0,0.0
1414,43937,100.0,63.98765335646647,0.9704910348589436,4,11,6,500,100.0,100.0,100.0,100.0,100.0,100.0,0.0,0.0
1415,45698,100.0,62.80101555323534,1.136468845255656,2,4,6,500,100.0,100.0,100.0,100.0,100.0,100.0,0.0,0.0
1416,39517,99.62,65.34173307236705,1.0971860238060378,0,11,6,500,97.73,100.0,100.0,100.0,100.0,100.0,0.0,0.0
1417,38711,100.0,65.13584095272235,1.065584207088231,0,13,6,500,100.0,100.0,100.0,100.0,100.0,100.0,0.0,0.0
1418,41532,100.0,63.17661887666499,1.0873935651936812,0,6,6,500,100.0,100.0,100.0,100.0,100.0,100.0,0.0,0.0
1419,39920,99.47,63.96318718263659,0.9627079116339324,0,10,6,500,100.0,100.0,100.0,100.0,100.0,96.81,0.0,0.0
1420,39517,99.92,63.24991248644367,1.0076243011889738,0,11,6,500,100.0,100.0,100.0,100.0,99.49,100.0,0.0,0.0
1421,40323,100.0,62.439641806116434,1.086256033810141,0,9,6,500,100.0,100.0,100.0,100.0,100.0,100.0,0.0,0.0
1422,40323,99.92,63.49113288972002,1.0749073003972405,0,9,6,500,100.0,100.0,100.0,100.0,99.61,99.88,0.0,0.0
1423,39920,100.0,64.79084517704099,1.079612683172942,0,10,6,500,100.0,100.0,100.0,100.0,100.0,100.0,0.0,0.0
1424,40323,99.98,65.41797221991953,1.0534919497962163,0,9,6,500,99.88,100.0,100.0,100.0,100.0,100.0,0.0,0.0
1425,40323,100.0,62.65506079969906,1.1202692897080078,0,9,6,500,100.0,100.0,100.0,100.0,100.0,100.0,0.0,0.0
1426,42588,95.41,63.577129008636135,0.999061850476671,0,4,6,500,94.09,100.0,94.26,100.0,84.11,100.0,0.0,0.0
1427,38308,100.0,63.407536767900375,1.1829578918100725,0,14,6,500,100.0,100.0,100.0,100.0,100.0,100.0,0.0,0.0
1428,38711,100.0,63.81049611344763,1.1165489449030774,0,13,6,500,100.0,100.0,100.0,100.0,100.0,100.0,0.0,0.0
1429,41532,100.0,63.940726159552064,1.0276406330345256,0,6,6,500,100.0,100.0,100.0,100.0,100.0,100.0,0.0,0.0
1430,40726,89.87,64.67191810025639,1.1381995010255967,0,8,6,500,100.0,94.84,81.72,84.25,84.29,94.12,0.0,0.0
1431,39517,97.64,63.879683056237454,1.0219515519445843,0,11,6,500,100.0,100.0,100.0,94.89,100.0,90.96,0.0,0.0
1432,45545,100.0,65.54004741593165,1.032840973092889,2,5,6,500,100.0,100.0,100.0,100.0,100.0,100.0,0.0,0.0
1433,44890,99.76,64.6922614519956,1.1273644379728849,1,5,6,500,100.0,100.0,100.0,100.0,98.55,100.0,0.0,0.0
1434,38308,100.0,62.88273949112434,1.097694401950991,0,14,6,500,100.0,100.0,100.0,100.0,100.0,100.0,0.0,0.0
1435,41532,100.0,62.91257013677635,1.095643551165537,0,6,6,500,100.0,100.0,100.0,100.0,100.0,100.0,0.0,0.0
1436,49013,99.96,63.2177210841362,1.0537996950044073,5,4,6,500,99.78,100.0,100.0,100.0,100.0,100.0,0.0,0.0
1437,42224,100.0,64.08834421661223,1.016310190481083,2,12,6,500,100.0,100.0,100.0,100.0,100.0,100.0,0.0,0.0
1438,39920,99.48,64.78020650962112,1.0366878039953895,0,10,6,500,100.0,100.0,100.0,96.9,100.0,100.0,0.0,0.0
1439,40323,100.0,63.300000044520935,1.065957759689825,0,9,6,500,100.0,100.0,100.0,100.0,100.0,100.0,0.0,0.0
1440,37905,100.0,66.01619837395721,1.1318057429692967,0,15,6,500,100.0,100.0,100.0,100.0,100.0,100.0,0.0,0.0
1441,43433,99.97,63.57933640053397,1.197302768085514,2,9,6,500,99.8,100.0,100.0,100.0,100.0,100.0,0.0,0.0
1442,39517,99.79,64.15688296874315,1.0933898794804715,0,11,6,500,100.0,100.0,98.75,100.0,100.0,100.0,0.0,0.0
1443,45549,99.66,62.26550986866976,1.0170758732033105,4,7,6,500,100.0,100.0,97.93,100.0,100.0,100.0,0.0,0.0
1444,43836,100.0,63.02347484697329,1.0495727537268795,2,8,6,500,100.0,100.0,100.0,100.0,100.0,100.0,0.0,0.0
1445,37905,100.0,62.363818807806666,1.1045589727879184,0,15,6,500,100.0,100.0,100.0,100.0,100.0,100.0,0.0,0.0
1446,39114,100.0,64.50114321646225,0.9954685665881572,0,12,6,500,100.0,100.0,100.0,100.0,100.0,100.0,0.0,0.0
1447,39517,100.0,66.6687379867212,1.1196608409666382,0,11,6,500,100.0,100.0,100.0,100.0,100.0,100.0,0.0,0.0
1448,43987,100.0,64.30432323593182,1.091371328697382,1,6,6,500,100.0,100.0,100.0,100.0,100.0,100.0,0.0,0.0
1449,38711,99.96,64.34372414859598,1.1088511346574004,0,13,6,500,100.0,100.0,100.0,99.76,100.0,100.0,0.0,0.0
1450,40726,100.0,65.04430859806156,1.096580326254571,0,8,6,500,100.0,100.0,100.0,100.0,100.0,100.0,0.0,0.0
1451,85527,100.0,61.723902454755326,0.9374190237765184,6,1,6,500,100.0,100.0,100.0,100.0,100.0,100.0,0.0,0.0
1452,43584,100.0,62.83869026149016,1.078004702182357,1,7,6,500,100.0,100.0,100.0,100.0,100.0,100.0,0.0,0.0
1453,40726,99.83,63.35431322858124,1.062959964183188,0,8,6,500,100.0,99.0,100.0,100.0,100.0,100.0,0.0,0.0
1454,41569,100.0,64.21979163222623,1.0681528555973432,1,12,6,500,100.0,100.0,100.0,100.0,100.0,100.0,0.0,0.0
1455,39920,100.0,63.834493882799705,0.950185593877066,0,10,6,500,100.0,100.0,100.0,100.0,100.0,100.0,0.0,0.0
1456,41532,100.0,64.22340509095608,1.1366767436079543,0,6,6,500,100.0,100.0,100.0,100.0,100.0,100.0,0.0,0.0
1457,47507,100.0,63.43738606946817,1.0916423940907147,2,1,6,500,100.0,100.0,100.0,100.0,100.0,100.0,0.0,0.0
1458,46855,99.76,63.63955337991968,1.048449194613561,4,5,6,500,100.0,100.0,98.55,100.0,100.0,100.0,0.0,0.0
1459,45545,100.0,65.69529822209081,1.041944990633221,2,5,6,500,100.0,100.0,100.0,100.0,100.0,100.0,0.0,0.0
1460,41532,99.62,65.2422125473646,1.061255827190292,0,6,6,500,100.0,100.0,97.73,100.0,100.0,100.0,0.0,0.0
1461,41129,100.0,63.91841936695879,1.039235065768233,0,7,6,500,100.0,100.0,100.0,100.0,100.0,100.0,0.0,0.0
1462,38711,99.68,65.63922536862671,1.1008395622077618,0,13,6,500,100.0,98.1,100.0,100.0,100.0,100.0,0.0,0.0
1463,45549,100.0,64.98630681027979,1.0663591105455554,4,7,6,500,100.0,100.0,100.0,100.0,100.0,100.0,0.0,0.0
1464,44340,100.0,65.94762979199878,1.076169959862142,4,10,6,500,100.0,100.0,100.0,100.0,100.0,100.0,0.0,0.0
1465,45952,96.42,63.871307004916034,1.1297034028673896,4,6,6,500,86.65,100.0,100.0,100.0,91.94,99.92,0.0,0.0
1466,40323,99.85,65.01535106963888,1.0884909623505985,0,9,6,500,100.0,99.09,100.0,100.0,100.0,100.0,0.0,0.0
1467,40323,98.94,62.75300271782788,1.053663724596124,0,9,6,500,97.56,100.0,98.5,100.0,100.0,97.59,0.0,0.0
1468,40726,100.0,66.04434718618029,1.0468039443185675,0,8,6,500,100.0,100.0,100.0,100.0,100.0,100.0,0.0,0.0
1469,44743,100.0,62.62492621857368,1.033227297538637,4,9,6,500,100.0,100.0,100.0,100.0,100.0,100.0,0.0,0.0
1470,45952,99.68,63.13259853841952,1.0290075652219752,4,6,6,500,100.0,100.0,100.0,100.0,98.08,100.0,0.0,0.0
1471,43433,99.3,64.0715502400808,0.975321660791378,2,9,6,500,100.0,100.0,95.78,100.0,100.0,100.0,0.0,0.0
1472,39517,99.48,63.2658644963972,1.0658377075574998,0,11,6,500,100.0,98.4,100.0,100.0,100.0,98.46,0.0,0.0
1473,37502,99.64,64.39170289932434,1.0305535428791486,0,16,6,500,100.0,100.0,100.0,100.0,100.0,97.82,0.0,0.0
1474,38711,100.0,65.01604053757623,1.1103988947695105,0,13,6,500,100.0,100.0,100.0,100.0,100.0,100.0,0.0,0.0
1475,44642,100.0,65.89044381434712,1.0993990389878137,2,6,6,500,100.0,100.0,100.0,100.0,100.0,100.0,0.0,0.0
1476,40726,98.72,65.92462222889075,0.952734954319514,0,8,6,500,98.72,93.61,100.0,100.0,100.0,100.0,0.0,0.0
1477,45146,100.0,65.67093507447004,1.029774518811282,4,8,6,500,100.0,100.0,100.0,100.0,100.0,100.0,0.0,0.0
1478,41129,99.84,64.80062233406888,0.9680151411492314,0,7,6,500,100.0,100.0,100.0,99.01,100.0,100.0,0.0,0.0
1479,39517,100.0,65.36381484811766,1.031506577460087,0,11,6,500,100.0,100.0,100.0,100.0,100.0,100.0,0.0,0.0
1480,39920,99.86,64.71958490948816,1.1086156343643028,0,10,6,500,99.14,100.0,100.0,100.0,100.0,100.0,0.0,0.0
1481,43836,99.98,64.74444335492223,1.008913450429155,2,8,6,500,100.0,100.0,100.0,100.0,100.0,99.87,0.0,0.0
1482,41532,99.56,64.75929572038098,0.98047695496829,0,6,6,500,100.0,100.0,100.0,100.0,97.56,99.78,0.0,0.0
1483,45952,100.0,64.78332537187907,1.0541215294552535,4,6,6,500,100.0,100.0,100.0,100.0,100.0,100.0,0.0,0.0
1484,47462,100.0,64.45799199895153,1.0403607793480405,6,6,6,500,100.0,100.0,100.0,100.0,100.0,100.0,0.0,0.0
1485,39114,100.0,63.25601836549262,1.0913203356041756,0,12,6,500,100.0,100.0,100.0,100.0,100.0,100.0,0.0,0.0
1486,41532,99.38,63.679826159789606,1.057166061287422,0,6,6,500,100.0,100.0,98.79,97.51,100.0,100.0,0.0,0.0
1487,43181,100.0,63.86547604846083,1.0196934429595428,1,8,6,500,100.0,100.0,100.0,100.0,100.0,100.0,0.0,0.0
1488,40323,100.0,64.1235483694692,1.0703953285988463,0,9,6,500,100.0,100.0,100.0,100.0,100.0,100.0,0.0,0.0
1489,40726,100.0,64.4886603134681,1.045464960211628,0,8,6,500,100.0,100.0,100.0,100.0,100.0,100.0,0.0,0.0
1490,43987,99.66,63.90309431925365,1.121491551116171,1,6,6,500,97.96,100.0,100.0,100.0,100.0,100.0,0.0,0.0
1491,42435,99.3,63.82889036243108,1.124125604141601,0,5,6,500,100.0,95.81,100.0,100.0,100.0,100.0,0.0,0.0
1492,42435,99.8,63.49175605749012,1.1238998248177947,0,5,6,500,100.0,98.77,100.0,100.0,100.0,100.0,0.0,0.0
1493,45952,98.83,63.573373516125024,1.12459954021365,4,6,6,500,100.0,100.0,93.0,100.0,100.0,100.0,0.0,0.0
1494,39517,99.86,64.18357233897997,0.9812587499220136,0,11,6,500,99.16,100.0,100.0,100.0,100.0,100.0,0.0,0.0
1495,43836,99.2,64.3004028882294,1.0951792702068623,2,8,6,500,100.0,100.0,100.0,97.62,100.0,97.59,0.0,0.0
1496,43433,100.0,63.6134183320524,1.051333582109932,2,9,6,500,100.0,100.0,100.0,100.0,100.0,100.0,0.0,0.0
1497,38711,100.0,65.61287921834247,1.0516995535434002,0,13,6,500,100.0,100.0,100.0,100.0,100.0,100.0,0.0,0.0
1498,46456,100.0,62.78422846034881,1.032827396435711,6,8,6,500,100.0,100.0,100.0,100.0,100.0,100.0,0.0,0.0
1499,40323,100.0,64.12075569161043,0.9834456557805208,0,9,6,500,100.0,100.0,100.0,100.0,100.0,100.0,0.0,0.0
1500,39114,100.0,63.99907173219821,1.134707739169345,0,12,6,500,100.0,100.0,100.0,100.0,100.0,100.0,0.0,0.0
1501,60517,100.0,64.23443791073741,1.071492320064562,4,1,6,500,100.0,100.0,100.0,100.0,100.0,100.0,0.0,0.0
1502,43836,100.0,62.920933540621455,1.0944223769818713,2,8,6,500,100.0,100.0,100.0,100.0,100.0,100.0,0.0,0.0
1503,45549,100.0,63.59157906157056,1.031615451275617,4,7,6,500,100.0,100.0,100.0,100.0,100.0,100.0,0.0,0.0
1504,40726,99.1,64.86437766821393,1.0467332221092338,0,8,6,500,100.0,100.0,94.58,100.0,100.0,100.0,0.0,0.0
1505,54018,100.0,64.8971731488618,0.9909303409240956,6,4,6,500,100.0,100.0,100.0,100.0,100.0,100.0,0.0,0.0
1506,38711,99.45,64.93875649287546,1.1018251181517391,0,13,6,500,100.0,98.48,100.0,98.23,100.0,100.0,0.0,0.0
1507,39920,100.0,64.43211611478102,1.0468851829700956,0,10,6,500,100.0,100.0,100.0,100.0,100.0,100.0,0.0,0.0
1508,42224,100.0,64.99116614571646,1.1185027034322723,2,12,6,500,100.0,100.0,100.0,100.0,100.0,100.0,0.0,0.0
1509,38711,99.59,63.21603477030142,1.0540311218038094,0,13,6,500,100.0,100.0,100.0,97.55,100.0,100.0,0.0,0.0
1510,44642,100.0,63.873737270413095,1.0247228020576171,2,6,6,500,100.0,100.0,100.0,100.0,100.0,100.0,0.0,0.0
1511,42435,100.0,64.71092903517491,1.086622597552374,0,5,6,500,100.0,100.0,100.0,100.0,100.0,100.0,0.0,0.0
1512,43433,99.7,62.79943329728013,1.0399926808792612,2,9,6,500,100.0,98.93,100.0,100.0,100.0,99.26,0.0,0.0
1513,61521,99.62,64.07089447243406,1.0292460314776213,6,3,6,500,100.0,100.0,100.0,97.73,100.0,100.0,0.0,0.0
1514,45349,100.0,63.46939925882707,1.043753462962543,1,2,6,500,100.0,100.0,100.0,100.0,100.0,100.0,0.0,0.0
1515,41972,100.0,65.67615666708959,1.1014602708400072,1,11,6,500,100.0,100.0,100.0,100.0,100.0,100.0,0.0,0.0
1516,37099,100.0,64.3205439819734,1.0345937123617863,0,17,6,500,100.0,100.0,100.0,100.0,100.0,100.0,0.0,0.0
1517,42627,99.05,65.24069327289378,0.9553996806564912,2,11,6,500,100.0,94.32,100.0,100.0,100.0,100.0,0.0,0.0
1518,42375,100.0,64.84520430441066,1.018022390180308,1,10,6,500,100.0,100.0,100.0,100.0,100.0,100.0,0.0,0.0
1519,44743,100.0,64.17852687397487,1.1856328641948477,4,9,6,500,100.0,100.0,100.0,100.0,100.0,100.0,0.0,0.0
1520,40323,95.93,67.3596239977403,1.0428541935636293,0,9,6,500,93.96,96.6,100.0,100.0,90.68,94.34,0.0,0.0
1521,39920,99.49,62.68387883894614,1.0281677019719218,0,10,6,500,100.0,100.0,100.0,100.0,97.79,99.12,0.0,0.0
1522,43181,100.0,64.60007194432268,1.08618573511755,1,8,6,500,100.0,100.0,100.0,100.0,100.0,100.0,0.0,0.0
1523,39920,100.0,63.25643880672163,0.9789679747097058,0,10,6,500,100.0,100.0,100.0,100.0,100.0,100.0,0.0,0.0
1524,43836,100.0,63.629665427992094,1.0531410594042754,2,8,6,500,100.0,100.0,100.0,100.0,100.0,100.0,0.0,0.0
1525,42588,97.88,64.32503517463797,1.0703312920323602,0,4,6,500,94.09,100.0,93.72,99.44,100.0,100.0,0.0,0.0
1526,86029,99.53,64.48504938700539,0.9798016150409664,7,2,6,500,100.0,100.0,100.0,100.0,100.0,97.2,0.0,0.0
1527,45549,100.0,63.44220153165143,0.9948436407857444,4,7,6,500,100.0,100.0,100.0,100.0,100.0,100.0,0.0,0.0
1528,39920,100.0,65.07937269045398,1.0395812351664766,0,10,6,500,100.0,100.0,100.0,100.0,100.0,100.0,0.0,0.0
1529,42435,99.61,64.31336250255335,1.051685149966126,0,5,6,500,100.0,99.41,100.0,100.0,100.0,98.25,0.0,0.0
1530,39114,100.0,64.31780048282282,1.036885545696377,0,12,6,500,100.0,100.0,100.0,100.0,100.0,100.0,0.0,0.0
1531,39517,98.48,63.2655975242386,0.9883402324358264,0,11,6,500,100.0,94.74,100.0,100.0,100.0,96.17,0.0,0.0
1532,39114,98.8,62.16732748048662,1.1098797838410468,0,12,6,500,100.0,100.0,100.0,92.82,100.0,100.0,0.0,0.0
1533,43987,100.0,64.15745500693379,1.006460494447858,1,6,6,500,100.0,100.0,100.0,100.0,100.0,100.0,0.0,0.0
1534,47462,99.84,63.79801857459,1.076090018266643,6,6,6,500,100.0,100.0,100.0,99.05,100.0,100.0,0.0,0.0
1535,46859,100.0,63.9710301124221,1.1176273759774624,6,7,6,500,100.0,100.0,100.0,100.0,100.0,100.0,0.0,0.0
1536,43534,100.0,62.96963107266019,1.1534053521985244,4,12,6,500,100.0,100.0,100.0,100.0,100.0,100.0,0.0,0.0
1537,43685,100.0,64.01732946129069,1.065228574762042,3,10,6,500,100.0,100.0,100.0,100.0,100.0,100.0,0.0,0.0
1538,40726,98.12,64.2832927612891,1.104256508711562,0,8,6,500,100.0,100.0,100.0,100.0,100.0,88.74,0.0,0.0
1539,43181,100.0,65.59526653480137,1.0227627130231824,1,8,6,500,100.0,100.0,100.0,100.0,100.0,100.0,0.0,0.0
1540,45297,100.0,63.328381479927344,1.0503892167709572,3,6,6,500,100.0,100.0,100.0,100.0,100.0,100.0,0.0,0.0
1541,47208,99.33,64.78770000822459,1.0283176987768332,4,4,6,500,97.86,100.0,100.0,98.14,100.0,100.0,0.0,0.0
1542,45952,100.0,64.27620118331652,1.1188381775475351,4,6,6,500,100.0,100.0,100.0,100.0,100.0,100.0,0.0,0.0
1543,54018,99.39,65.51823474096533,1.022872218627629,6,4,6,500,100.0,100.0,100.0,96.33,100.0,100.0,0.0,0.0
1544,46353,100.0,63.566055674886734,1.101640959946652,3,4,6,500,100.0,100.0,100.0,100.0,100.0,100.0,0.0,0.0
1545,40323,100.0,64.64276119575146,1.040778935134041,0,9,6,500,100.0,100.0,100.0,100.0,100.0,100.0,0.0,0.0
1546,41129,100.0,64.86692626722369,0.9897431969178736,0,7,6,500,100.0,100.0,100.0,100.0,100.0,100.0,0.0,0.0
1547,41532,100.0,64.20967875273047,0.9770691159037856,0,6,6,500,100.0,100.0,100.0,100.0,100.0,100.0,0.0,0.0
1548,44239,99.73,64.20126185114297,0.9962908623933264,2,7,6,500,100.0,100.0,100.0,98.36,100.0,100.0,0.0,0.0
1549,46855,98.93,62.64819750311699,1.002001687902543,4,5,6,500,100.0,96.45,100.0,97.14,100.0,100.0,0.0,0.0
1550,38711,100.0,63.20751524134989,1.06404404716741,0,13,6,500,100.0,100.0,100.0,100.0,100.0,100.0,0.0,0.0
1551,37905,100.0,66.25387068637124,1.0066384132558417,0,15,6,500,100.0,100.0,100.0,100.0,100.0,100.0,0.0,0.0
1552,44642,100.0,65.3404084808965,1.0986146504703898,2,6,6,500,100.0,100.0,100.0,100.0,100.0,100.0,0.0,0.0
1553,41532,99.79,64.80466813678724,1.023899172649703,0,6,6,500,100.0,100.0,98.74,100.0,100.0,100.0,0.0,0.0
1554,43433,100.0,62.584405669899766,1.0986683304390474,2,9,6,500,100.0,100.0,100.0,100.0,100.0,100.0,0.0,0.0
1555,46855,98.75,65.25421172818534,1.0610022388370883,4,5,6,500,100.0,100.0,100.0,92.48,100.0,100.0,0.0,0.0
1556,47462,100.0,64.16695048506992,1.0502726222464127,6,6,6,500,100.0,100.0,100.0,100.0,100.0,100.0,0.0,0.0
1557,40323,100.0,65.10752176198777,0.989418827610289,0,9,6,500,100.0,100.0,100.0,100.0,100.0,100.0,0.0,0.0
1558,44239,98.41,64.91728973625968,1.18845954576197,2,7,6,500,100.0,91.98,100.0,98.5,100.0,100.0,0.0,0.0
1559,42778,97.81,64.76666245964297,1.0766748853987,1,9,6,500,92.55,100.0,94.33,100.0,100.0,100.0,0.0,0.0
1560,39114,100.0,64.1182426048091,1.0414316548901004,0,12,6,500,100.0,100.0,100.0,100.0,100.0,100.0,0.0,0.0
1561,44894,100.0,63.54291535238565,1.0290516146452324,3,7,6,500,100.0,100.0,100.0,100.0,100.0,100.0,0.0,0.0
1562,46200,100.0,65.37500662947463,1.0981885314174766,3,5,6,500,100.0,100.0,100.0,100.0,100.0,100.0,0.0,0.0
1563,41670,100.0,65.25763738380995,1.0014675947819385,3,15,6,500,100.0,100.0,100.0,100.0,100.0,100.0,0.0,0.0
1564,45549,100.0,66.02345133210218,1.0363131473784812,4,7,6,500,100.0,100.0,100.0,100.0,100.0,100.0,0.0,0.0
1565,41972,97.29,64.07828719187827,1.0629312041240098,1,11,6,500,99.18,92.25,100.0,99.58,100.0,92.74,0.0,0.0
1566,54272,99.51,63.035056914900544,0.96233535462751,8,6,6,500,100.0,100.0,100.0,100.0,100.0,97.05,0.0,0.0
1567,45545,98.38,65.99174153738086,1.17815901233875,2,5,6,500,90.27,100.0,100.0,100.0,100.0,100.0,0.0,0.0
1568,40323,100.0,65.52374664366044,1.1110070168698598,0,9,6,500,100.0,100.0,100.0,100.0,100.0,100.0,0.0,0.0
1569,41532,100.0,63.2061940423236,1.0359390192166198,0,6,6,500,100.0,100.0,100.0,100.0,100.0,100.0,0.0,0.0
1570,42435,99.37,62.47390436528783,0.9937362504486364,0,5,6,500,100.0,100.0,100.0,96.23,100.0,100.0,0.0,0.0
1571,45650,100.0,64.3129571789196,1.1062019122133837,6,10,6,500,100.0,100.0,100.0,100.0,100.0,100.0,0.0,0.0
1572,38711,98.63,65.22656994073093,1.0894446079108997,0,13,6,500,91.78,100.0,100.0,100.0,100.0,100.0,0.0,0.0
1573,41532,100.0,64.40017012394361,1.0818363646073244,0,6,6,500,100.0,100.0,100.0,100.0,100.0,100.0,0.0,0.0
1574,45650,98.63,64.96542926768528,1.0421212589562814,6,10,6,500,100.0,95.22,96.56,100.0,100.0,100.0,0.0,0.0
1575,41129,100.0,63.90499727615831,0.9997575828065668,0,7,6,500,100.0,100.0,100.0,100.0,100.0,100.0,0.0,0.0
1576,42375,99.68,63.40317471623226,1.0895316777015578,1,10,6,500,98.08,100.0,100.0,100.0,100.0,100.0,0.0,0.0
1577,39920,99.26,64.74116068591435,1.1035182143035718,0,10,6,500,95.59,100.0,100.0,100.0,100.0,100.0,0.0,0.0
1578,39517,97.56,63.45633564707853,1.0073286173525258,0,11,6,500,97.85,100.0,99.49,98.54,95.94,93.54,0.0,0.0
1579,43836,100.0,64.39828940130643,1.04367126316268,2,8,6,500,100.0,100.0,100.0,100.0,100.0,100.0,0.0,0.0
1580,41129,99.05,63.03072484371258,1.09252666348434,0,7,6,500,100.0,100.0,97.56,96.72,100.0,100.0,0.0,0.0
1581,39517,99.65,64.38734586300335,1.062439189971817,0,11,6,500,99.87,98.02,100.0,100.0,100.0,100.0,0.0,0.0
1582,44642,100.0,66.42474973187299,1.0811883160929998,2,6,6,500,100.0,100.0,100.0,100.0,100.0,100.0,0.0,0.0
1583,45650,98.65,65.59416707046647,1.060101735017854,6,10,6,500,100.0,100.0,99.26,92.64,100.0,100.0,0.0,0.0
1584,43433,100.0,63.44011951237105,1.1265157140326325,2,9,6,500,100.0,100.0,100.0,100.0,100.0,100.0,0.0,0.0
1585,41532,95.83,63.10757167324712,1.0663075321742352,0,6,6,500,91.96,100.0,100.0,100.0,83.03,100.0,0.0,0.0
1586,45549,100.0,63.9329213956029,1.0369802060919595,4,7,6,500,100.0,100.0,100.0,100.0,100.0,100.0,0.0,0.0
1587,43433,100.0,63.53455045432527,1.0252179853883825,2,9,6,500,100.0,100.0,100.0,100.0,100.0,100.0,0.0,0.0
1588,41532,100.0,64.11350295390588,1.0581268408437925,0,6,6,500,100.0,100.0,100.0,100.0,100.0,100.0,0.0,0.0
1589,41129,99.77,63.29626930148994,0.9810418462519928,0,7,6,500,100.0,100.0,98.63,100.0,100.0,100.0,0.0,0.0
1590,47208,100.0,64.164840715437,1.096819661657183,4,4,6,500,100.0,100.0,100.0,100.0,100.0,100.0,0.0,0.0
1591,39920,100.0,63.594428760220914,1.1131090349073185,0,10,6,500,100.0,100.0,100.0,100.0,100.0,100.0,0.0,0.0
1592,40323,100.0,63.79330724259293,1.0862422880666516,0,9,6,500,100.0,100.0,100.0,100.0,100.0,100.0,0.0,0.0
1593,40726,100.0,65.3086590957516,1.0556960136497031,0,8,6,500,100.0,100.0,100.0,100.0,100.0,100.0,0.0,0.0
1594,47462,100.0,63.626234398416166,1.0036878380790626,6,6,6,500,100.0,100.0,100.0,100.0,100.0,100.0,0.0,0.0
1595,41129,100.0,65.90992332334918,1.0601531980769452,0,7,6,500,100.0,100.0,100.0,100.0,100.0,100.0,0.0,0.0
1596,45043,100.0,64.5994052261933,1.0202479118016274,1,4,6,500,100.0,100.0,100.0,100.0,100.0,100.0,0.0,0.0
1597,39517,100.0,63.70331414512212,1.0316736950941827,0,11,6,500,100.0,100.0,100.0,100.0,100.0,100.0,0.0,0.0
1598,45549,100.0,61.87857872714525,1.0433180722895103,4,7,6,500,100.0,100.0,100.0,100.0,100.0,100.0,0.0,0.0
1599,45549,100.0,65.09474313543703,1.0119228968556686,4,7,6,500,100.0,100.0,100.0,100.0,100.0,100.0,0.0,0.0
1600,38711,99.42,64.22123265943691,1.0965849073545757,0,13,6,500,100.0,100.0,96.52,100.0,100.0,100.0,0.0,0.0
1601,44894,99.34,63.54147709058351,0.9931272411392998,3,7,6,500,96.06,100.0,100.0,100.0,100.0,100.0,0.0,0.0
1602,45549,98.61,64.38295316523882,0.9084760315957898,4,7,6,500,100.0,100.0,99.66,96.23,95.77,100.0,0.0,0.0
1603,44743,99.36,63.1124350921491,1.0607006649156263,4,9,6,500,100.0,100.0,100.0,97.55,100.0,98.64,0.0,0.0
1604,40323,99.8,65.49365550149815,1.1197107231524648,0,9,6,500,98.77,100.0,100.0,100.0,100.0,100.0,0.0,0.0
1605,39920,99.91,63.46379934364714,0.9969335632220904,0,10,6,500,100.0,100.0,99.48,100.0,100.0,100.0,0.0,0.0
1606,40323,98.35,64.14816713099124,1.1202096056059567,0,9,6,500,100.0,94.0,100.0,99.97,96.15,100.0,0.0,0.0
1607,44642,99.92,62.699717611518864,0.9957640609050188,2,6,6,500,100.0,100.0,99.53,100.0,100.0,100.0,0.0,0.0
1608,41532,98.1,64.37164252557616,1.027335261825694,0,6,6,500,100.0,89.05,100.0,100.0,99.58,100.0,0.0,0.0
1609,44894,98.4,63.12415389826049,1.012559490977173,3,7,6,500,100.0,90.4,100.0,100.0,100.0,100.0,0.0,0.0
1610,45549,100.0,62.345479059384026,1.020297982530066,4,7,6,500,100.0,100.0,100.0,100.0,100.0,100.0,0.0,0.0
1611,38711,99.63,63.47531499950973,1.063024602196202,0,13,6,500,100.0,100.0,100.0,100.0,100.0,97.79,0.0,0.0
1612,41532,97.66,62.4420614625098,1.1163646371256937,0,6,6,500,96.42,100.0,96.34,100.0,100.0,93.22,0.0,0.0
1613,41532,99.73,64.2551674979797,0.9892235320144008,0,6,6,500,100.0,100.0,100.0,98.4,100.0,100.0,0.0,0.0
1614,43836,98.86,64.95252997877583,1.0321983411779296,2,8,6,500,100.0,100.0,100.0,100.0,98.42,94.72,0.0,0.0
1615,72024,99.04,64.36871875089199,0.9486688930073426,6,2,6,500,100.0,100.0,100.0,100.0,97.07,97.16,0.0,0.0
1616,42588,98.17,62.86897682905051,1.0887320480564044,0,4,6,500,91.36,98.86,100.0,100.0,98.81,100.0,0.0,0.0
1617,39920,100.0,64.82274393996458,0.9405801597415416,0,10,6,500,100.0,100.0,100.0,100.0,100.0,100.0,0.0,0.0
1618,40726,98.1,64.12654838299261,0.9758554099116896,0,8,6,500,94.82,100.0,93.78,100.0,100.0,100.0,0.0,0.0
1619,39114,99.79,66.05526145298421,1.0865276085016378,0,12,6,500,100.0,100.0,98.71,100.0,100.0,100.0,0.0,0.0
1620,40323,100.0,63.224918611859096,0.9761808771259518,0,9,6,500,100.0,100.0,100.0,100.0,100.0,100.0,0.0,0.0
1621,43836,100.0,65.36764456894238,0.977706489008918,2,8,6,500,100.0,100.0,100.0,100.0,100.0,100.0,0.0,0.0
1622,43030,99.16,64.99801082634376,1.0781582380398835,2,10,6,500,100.0,95.88,100.0,99.1,100.0,100.0,0.0,0.0
1623,43584,100.0,65.92461866433595,1.0741784726880077,1,7,6,500,100.0,100.0,100.0,100.0,100.0,100.0,0.0,0.0
1624,41532,99.3,65.42697690786216,1.0094585309523665,0,6,6,500,100.0,100.0,100.0,100.0,95.78,100.0,0.0,0.0
1625,43433,96.08,65.38318397568759,1.0420710610392383,2,9,6,500,100.0,100.0,100.0,100.0,84.38,92.07,0.0,0.0
1626,44239,100.0,64.08208420420918,1.0862572591067818,2,7,6,500,100.0,100.0,100.0,100.0,100.0,100.0,0.0,0.0
1627,43836,99.82,64.81289319125277,0.9565592445766572,2,8,6,500,100.0,100.0,100.0,100.0,100.0,98.93,0.0,0.0
1628,40726,99.1,64.91569699374782,0.9850362493349608,0,8,6,500,100.0,100.0,100.0,94.6,100.0,100.0,0.0,0.0
1629,41532,100.0,66.45927537746537,1.095422052985015,0,6,6,500,100.0,100.0,100.0,100.0,100.0,100.0,0.0,0.0
1630,46200,100.0,65.14489371619698,1.0549361294505468,3,5,6,500,100.0,100.0,100.0,100.0,100.0,100.0,0.0,0.0
1631,48511,99.39,63.418134096523154,1.0709870923568423,4,3,6,500,100.0,100.0,100.0,100.0,96.34,100.0,0.0,0.0
1632,40726,100.0,64.68921546089419,1.0544428140607789,0,8,6,500,100.0,100.0,100.0,100.0,100.0,100.0,0.0,0.0
1633,38308,99.7,62.40335516907911,1.0725624609696909,0,14,6,500,100.0,98.2,100.0,100.0,100.0,100.0,0.0,0.0
1634,44239,100.0,63.14817926727372,1.0636119055843958,2,7,6,500,100.0,100.0,100.0,100.0,100.0,100.0,0.0,0.0
1635,41129,100.0,63.57359964024683,0.9998586995649772,0,7,6,500,100.0,100.0,100.0,100.0,100.0,100.0,0.0,0.0
1636,43433,99.92,65.05456008395385,1.068289841674995,2,9,6,500,100.0,100.0,99.55,100.0,100.0,100.0,0.0,0.0
1637,45698,99.94,65.5191996696472,1.0101689673167762,2,4,6,500,100.0,100.0,100.0,100.0,100.0,99.61,0.0,0.0
1638,42627,98.26,62.46335795284675,1.0096056387992909,2,11,6,500,96.02,100.0,100.0,100.0,100.0,93.57,0.0,0.0
1639,45952,99.68,62.9779951841788,1.0808383203469845,4,6,6,500,98.05,100.0,100.0,100.0,100.0,100.0,0.0,0.0
1640,44239,99.85,63.92168761694693,1.0550938963496357,2,7,6,500,100.0,100.0,100.0,99.12,100.0,100.0,0.0,0.0
1641,46053,100.0,64.07832407196565,1.0760632449216674,6,9,6,500,100.0,100.0,100.0,100.0,100.0,100.0,0.0,0.0
1642,43181,100.0,63.45388332321484,1.0458378195550309,1,8,6,500,100.0,100.0,100.0,100.0,100.0,100.0,0.0,0.0
1643,40726,99.58,65.43459240686873,1.013568511742443,0,8,6,500,100.0,100.0,100.0,100.0,97.46,100.0,0.0,0.0
1644,45545,100.0,63.66918020335197,1.1156570320613608,2,5,6,500,100.0,100.0,100.0,100.0,100.0,100.0,0.0,0.0
1645,39920,100.0,65.08879321339539,1.1109253611056276,0,10,6,500,100.0,100.0,100.0,100.0,100.0,100.0,0.0,0.0
1646,44894,100.0,64.98917198654996,1.1053777123374922,3,7,6,500,100.0,100.0,100.0,100.0,100.0,100.0,0.0,0.0
1647,45549,100.0,63.29316831248972,1.0748502349291882,4,7,6,500,100.0,100.0,100.0,100.0,100.0,100.0,0.0,0.0
1648,42435,99.84,65.71942637517509,0.961728991440146,0,5,6,500,100.0,100.0,100.0,100.0,99.02,100.0,0.0,0.0
1649,44743,93.18,65.55302388416126,1.027906629564288,4,9,6,500,100.0,92.78,87.91,86.55,100.0,91.86,0.0,0.0
1650,43433,100.0,64.0560246173192,0.9204720229730216,2,9,6,500,100.0,100.0,100.0,100.0,100.0,100.0,0.0,0.0
1651,103536,93.36,63.84442431407441,1.057538642389633,9,3,6,500,100.0,84.62,89.66,94.65,91.22,100.0,0.0,0.0
1652,45698,99.32,65.33666915221214,1.0707043974539705,2,4,6,500,100.0,100.0,95.95,100.0,100.0,100.0,0.0,0.0
1653,46855,100.0,64.66587406969963,1.0364494589909268,4,5,6,500,100.0,100.0,100.0,100.0,100.0,100.0,0.0,0.0
1654,44239,88.38,64.93603415481272,1.02697284610198,2,7,6,500,87.24,99.44,92.07,89.95,83.45,78.12,0.0,0.0
1655,38308,98.41,64.79190314146491,1.0103831991295502,0,14,6,500,100.0,91.3,100.0,99.19,99.96,100.0,0.0,0.0
1656,44239,100.0,64.3112101699508,0.9820150094704942,2,7,6,500,100.0,100.0,100.0,100.0,100.0,100.0,0.0,0.0
1657,45545,99.25,63.58591292253523,0.9534702658844352,2,5,6,500,100.0,95.49,100.0,100.0,100.0,100.0,0.0,0.0
1658,44239,99.62,65.13964815997745,1.0315727219215574,2,7,6,500,100.0,100.0,100.0,100.0,97.75,100.0,0.0,0.0
1659,41129,100.0,65.06558474070222,0.9736479483166766,0,7,6,500,100.0,100.0,100.0,100.0,100.0,100.0,0.0,0.0
1660,43987,99.18,64.37570303471144,1.011088388288665,1,6,6,500,100.0,100.0,100.0,95.1,100.0,100.0,0.0,0.0
1661,43433,100.0,63.00790339292077,0.9891343125727016,2,9,6,500,100.0,100.0,100.0,100.0,100.0,100.0,0.0,0.0
1662,41129,99.83,65.26331918773475,0.9447650935404696,0,7,6,500,100.0,100.0,99.0,100.0,100.0,100.0,0.0,0.0
1663,41532,99.2,63.88072766811264,1.0022955038610548,0,6,6,500,97.01,100.0,98.24,99.92,100.0,100.0,0.0,0.0
1664,43987,99.66,64.86503293174577,0.9811622417684528,1,6,6,500,100.0,100.0,100.0,100.0,100.0,97.93,0.0,0.0
1665,45698,99.86,63.87027424919741,1.06034867117434,2,4,6,500,100.0,100.0,99.15,100.0,100.0,100.0,0.0,0.0
1666,44894,99.94,64.6557361785541,1.0343720625136437,3,7,6,500,100.0,100.0,100.0,100.0,99.63,100.0,0.0,0.0
1667,49013,98.91,65.5183332153386,1.0172638395311542,5,4,6,500,100.0,100.0,100.0,97.77,100.0,95.67,0.0,0.0
1668,45549,100.0,62.89707840979335,1.02939118428534,4,7,6,500,100.0,100.0,100.0,100.0,100.0,100.0,0.0,0.0
1669,39517,99.33,63.94621271883796,1.0175419236180665,0,11,6,500,100.0,100.0,100.0,95.97,100.0,100.0,0.0,0.0
1670,45851,99.9,66.79141545765158,1.090312120326154,2,3,6,500,100.0,100.0,100.0,99.42,100.0,100.0,0.0,0.0
1671,39517,92.69,64.12048738343718,1.0510967290899549,0,11,6,500,85.32,87.3,100.0,100.0,100.0,83.52,0.0,0.0
1672,45349,99.7,64.933853004043,0.9914905487937028,1,2,6,500,100.0,100.0,100.0,98.23,100.0,100.0,0.0,0.0
1673,44743,100.0,64.85687113766004,1.0105115918915468,4,9,6,500,100.0,100.0,100.0,100.0,100.0,100.0,0.0,0.0
1674,41129,99.4,66.85434766036741,1.0123370348457847,0,7,6,500,100.0,100.0,100.0,100.0,100.0,96.37,0.0,0.0
1675,44491,99.46,62.30575951435432,1.102176871806964,3,8,6,500,100.0,96.79,100.0,100.0,100.0,100.0,0.0,0.0
1676,43836,99.72,64.0517893151652,0.9912788821200345,2,8,6,500,98.33,100.0,100.0,100.0,100.0,100.0,0.0,0.0
1677,45146,100.0,66.50791281881247,1.003233968904886,4,8,6,500,100.0,100.0,100.0,100.0,100.0,100.0,0.0,0.0
1678,44642,99.28,65.34781535675177,1.0637055318608255,2,6,6,500,100.0,100.0,100.0,100.0,95.68,100.0,0.0,0.0
1679,41129,99.9,64.05368550944638,1.035844673015053,0,7,6,500,100.0,100.0,100.0,100.0,100.0,99.38,0.0,0.0
1680,45952,99.09,62.80457397852429,1.0716228860243888,4,6,6,500,100.0,100.0,100.0,100.0,100.0,94.56,0.0,0.0
1681,44642,100.0,62.82289171263918,0.9723535543111452,2,6,6,500,100.0,100.0,100.0,100.0,100.0,100.0,0.0,0.0
1682,45952,99.41,63.37766034495567,1.0067406140507735,4,6,6,500,100.0,96.46,100.0,100.0,100.0,100.0,0.0,0.0
1683,46353,100.0,65.03157068858474,1.0721433793694186,3,4,6,500,100.0,100.0,100.0,100.0,100.0,100.0,0.0,0.0
1684,45952,98.91,66.00503140537921,0.9415849093540956,4,6,6,500,100.0,94.96,100.0,99.85,98.63,100.0,0.0,0.0
1685,38711,100.0,66.49150820635634,0.9638295611503964,0,13,6,500,100.0,100.0,100.0,100.0,100.0,100.0,0.0,0.0
1686,39920,99.94,66.25273263961753,1.0279286796774707,0,10,6,500,100.0,100.0,100.0,100.0,100.0,99.62,0.0,0.0
1687,44642,99.44,63.28811560803901,1.0119945039210692,2,6,6,500,100.0,100.0,100.0,96.62,100.0,100.0,0.0,0.0
1688,41129,98.16,63.58847222157936,0.9903120476621008,0,7,6,500,94.09,100.0,100.0,100.0,100.0,94.87,0.0,0.0
1689,45952,96.83,63.88880324553452,1.0559580733680018,4,6,6,500,91.35,91.1,98.51,100.0,100.0,100.0,0.0,0.0
1690,44642,100.0,64.5221581374203,1.1305044614702364,2,6,6,500,100.0,100.0,100.0,100.0,100.0,100.0,0.0,0.0
1691,45698,100.0,65.68436359629041,0.9816836452362246,2,4,6,500,100.0,100.0,100.0,100.0,100.0,100.0,0.0,0.0
1692,44239,98.64,65.06326357073522,1.0203585216455373,2,7,6,500,100.0,100.0,95.38,96.49,100.0,100.0,0.0,0.0
1693,48511,99.65,65.56514368088364,0.9719622030381756,4,3,6,500,100.0,97.88,100.0,100.0,100.0,100.0,0.0,0.0
1694,41129,96.73,64.98721638047446,1.0448209248318996,0,7,6,500,90.69,100.0,100.0,100.0,89.71,100.0,0.0,0.0
1695,44491,100.0,65.71810973372283,0.9628975015899732,3,8,6,500,100.0,100.0,100.0,100.0,100.0,100.0,0.0,0.0
1696,49515,100.0,65.63638030647395,1.0822903870788874,6,5,6,500,100.0,100.0,100.0,100.0,100.0,100.0,0.0,0.0
1697,87535,99.79,63.54410771824134,1.124111124149145,10,5,6,500,100.0,100.0,100.0,100.0,100.0,98.76,0.0,0.0
1698,46200,100.0,65.01952995182151,1.0124610960033609,3,5,6,500,100.0,100.0,100.0,100.0,100.0,100.0,0.0,0.0
1699,43937,96.1,65.85182388689563,1.0745448419470618,4,11,6,500,86.22,97.19,93.21,100.0,100.0,100.0,0.0,0.0
1700,43987,100.0,64.3572550795698,1.0315546203751853,1,6,6,500,100.0,100.0,100.0,100.0,100.0,100.0,0.0,0.0
1701,45952,99.85,63.96600091242699,1.0190660556151692,4,6,6,500,100.0,99.11,100.0,100.0,100.0,100.0,0.0,0.0
1702,41129,96.06,63.41559422386889,0.9974224892472512,0,7,6,500,100.0,100.0,96.51,91.21,88.63,100.0,0.0,0.0
1703,45297,98.02,64.90287965314675,1.111794445108803,3,6,6,500,100.0,100.0,100.0,100.0,88.3,99.83,0.0,0.0
1704,43685,100.0,65.87064796076385,0.9809894942354022,3,10,6,500,100.0,100.0,100.0,100.0,100.0,100.0,0.0,0.0
1705,40323,99.04,65.23673305423776,1.0591498286475138,0,9,6,500,99.42,95.76,100.0,100.0,100.0,99.09,0.0,0.0
1706,46456,99.58,66.87935408920298,1.0097906416363305,6,8,6,500,100.0,100.0,97.5,100.0,100.0,100.0,0.0,0.0
1707,40726,100.0,65.6822120154335,0.9904929248898304,0,8,6,500,100.0,100.0,100.0,100.0,100.0,100.0,0.0,0.0
1708,48511,99.56,64.0969519912308,0.9615868737129724,4,3,6,500,100.0,97.37,100.0,100.0,100.0,100.0,0.0,0.0
1709,39920,100.0,64.82356720109267,1.0084236010763146,0,10,6,500,100.0,100.0,100.0,100.0,100.0,100.0,0.0,0.0
1710,44239,94.81,64.1751061469101,0.948109223127098,2,7,6,500,91.82,100.0,89.21,99.29,88.53,100.0,0.0,0.0
1711,43534,100.0,63.11918857570947,1.000788564081962,4,12,6,500,100.0,100.0,100.0,100.0,100.0,100.0,0.0,0.0
1712,41532,100.0,63.79673256302721,1.0385232958410258,0,6,6,500,100.0,100.0,100.0,100.0,100.0,100.0,0.0,0.0
1713,45851,99.86,66.0999500249202,0.9316831049602434,2,3,6,500,100.0,100.0,100.0,100.0,99.16,100.0,0.0,0.0
1714,41129,99.81,64.09200616425666,0.964038455014794,0,7,6,500,100.0,98.86,100.0,100.0,100.0,100.0,0.0,0.0
1715,40726,100.0,64.03651788868642,1.009920004308009,0,8,6,500,100.0,100.0,100.0,100.0,100.0,100.0,0.0,0.0
1716,39517,100.0,64.57763401544376,1.0514781764430443,0,11,6,500,100.0,100.0,100.0,100.0,100.0,100.0,0.0,0.0
1717,44642,100.0,63.09207782598991,1.0390916294883097,2,6,6,500,100.0,100.0,100.0,100.0,100.0,100.0,0.0,0.0
1718,40726,97.23,64.98133190742273,1.0627092693003597,0,8,6,500,100.0,91.85,100.0,98.07,93.44,100.0,0.0,0.0
1719,46353,99.71,64.62893060027933,1.0813611589329395,3,4,6,500,100.0,100.0,100.0,100.0,100.0,98.28,0.0,0.0
1720,123039,100.0,64.44196726720625,1.0921514841267956,9,2,6,500,100.0,100.0,100.0,100.0,100.0,100.0,0.0,0.0
1721,43584,100.0,64.18059072961447,0.9435400383473752,1,7,6,500,100.0,100.0,100.0,100.0,100.0,100.0,0.0,0.0
1722,40726,98.3,65.54414467135716,0.9912184764515176,0,8,6,500,93.22,100.0,100.0,96.56,100.0,100.0,0.0,0.0
1723,46855,99.7,64.12105967517572,1.0826569424038903,4,5,6,500,98.23,100.0,100.0,100.0,100.0,100.0,0.0,0.0
1724,46053,100.0,63.98223925481356,0.969313637504677,6,9,6,500,100.0,100.0,100.0,100.0,100.0,100.0,0.0,0.0
1725,47208,100.0,64.04074098389692,1.0480970111527466,4,4,6,500,100.0,100.0,100.0,100.0,100.0,100.0,0.0,0.0
1726,62525,100.0,64.3426929522954,0.9920594416221684,8,5,6,500,100.0,100.0,100.0,100.0,100.0,100.0,0.0,0.0
1727,45549,99.53,64.8354873410287,1.0659104412693825,4,7,6,500,100.0,98.2,98.98,100.0,100.0,100.0,0.0,0.0
1728,53516,99.9,63.52032698960058,0.9888994117908348,5,3,6,500,100.0,100.0,100.0,100.0,99.42,100.0,0.0,0.0
1729,46855,99.31,65.8096538888503,1.0439813119347967,4,5,6,500,95.88,100.0,100.0,100.0,100.0,100.0,0.0,0.0
1730,85527,99.41,64.0486258223665,1.0108376332280462,6,1,6,500,100.0,100.0,100.0,96.45,100.0,100.0,0.0,0.0
1731,41129,99.58,63.56032793427072,1.0099038885012572,0,7,6,500,100.0,100.0,100.0,98.35,100.0,99.1,0.0,0.0
1732,45650,99.37,64.18930353637168,1.024919512115018,6,10,6,500,100.0,96.21,100.0,100.0,100.0,100.0,0.0,0.0
1733,54018,100.0,64.07150303392031,0.9789538658661842,6,4,6,500,100.0,100.0,100.0,100.0,100.0,100.0,0.0,0.0
1734,41129,100.0,65.08716760152544,1.0164679580334617,0,7,6,500,100.0,100.0,100.0,100.0,100.0,100.0,0.0,0.0
1735,45952,99.55,64.14175309432791,1.0297802037127712,4,6,6,500,100.0,100.0,97.8,99.48,100.0,100.0,0.0,0.0
1736,44491,100.0,67.03337331001873,1.027843866430033,3,8,6,500,100.0,100.0,100.0,100.0,100.0,100.0,0.0,0.0
1737,46200,100.0,63.25591804803276,1.0992229766571395,3,5,6,500,100.0,100.0,100.0,100.0,100.0,100.0,0.0,0.0
1738,45851,100.0,64.73218540646592,1.098107177451327,2,3,6,500,100.0,100.0,100.0,100.0,100.0,100.0,0.0,0.0
1739,42588,98.5,62.371325894225855,0.9646670407545924,0,4,6,500,100.0,100.0,100.0,98.55,100.0,92.48,0.0,0.0
1740,43836,99.97,65.50352509770518,1.029658253389679,2,8,6,500,99.8,100.0,100.0,100.0,100.0,100.0,0.0,0.0
1741,44642,99.96,62.43305814827685,0.950543787133934,2,6,6,500,99.78,100.0,100.0,100.0,100.0,100.0,0.0,0.0
1742,47462,99.87,66.39605931695215,1.097080993666443,6,6,6,500,100.0,100.0,99.24,100.0,100.0,100.0,0.0,0.0
1743,44340,99.25,64.36936744062803,1.046939890020924,4,10,6,500,99.75,100.0,100.0,100.0,95.74,100.0,0.0,0.0
1744,45952,100.0,65.05475362331728,0.9503068361033848,4,6,6,500,100.0,100.0,100.0,100.0,100.0,100.0,0.0,0.0
1745,43433,100.0,64.69818933850009,1.0226056014150682,2,9,6,500,100.0,100.0,100.0,100.0,100.0,100.0,0.0,0.0
1746,44491,99.81,65.21593832176906,1.0686162298738229,3,8,6,500,100.0,98.84,100.0,100.0,100.0,100.0,0.0,0.0
1747,45549,99.62,63.35590096930494,1.0117520671618123,4,7,6,500,100.0,100.0,100.0,100.0,100.0,97.75,0.0,0.0
1748,43433,98.62,65.93888127824688,0.980334766824598,2,9,6,500,93.33,100.0,100.0,100.0,100.0,98.36,0.0,0.0
1749,61521,100.0,64.81181966384217,1.0546312775005144,6,3,6,500,100.0,100.0,100.0,100.0,100.0,100.0,0.0,0.0
1750,42435,100.0,64.9552378074485,1.0321064674058462,0,5,6,500,100.0,100.0,100.0,100.0,100.0,100.0,0.0,0.0
1751,45952,100.0,66.18292132205177,0.9505612595971572,4,6,6,500,100.0,100.0,100.0,100.0,100.0,100.0,0.0,0.0
1752,62525,99.14,64.97650044787093,1.0074337090948298,8,5,6,500,98.45,99.05,100.0,100.0,97.33,100.0,0.0,0.0
1753,45146,99.24,66.73421080839697,0.9997190526571472,4,8,6,500,100.0,100.0,100.0,99.61,100.0,95.86,0.0,0.0
1754,45146,100.0,65.17278361464543,1.068421937679206,4,8,6,500,100.0,100.0,100.0,100.0,100.0,100.0,0.0,0.0
1755,46204,100.0,64.73689508927667,1.0655098173531554,5,7,6,500,100.0,100.0,100.0,100.0,100.0,100.0,0.0,0.0
1756,45247,99.94,65.31771827224573,1.009829406717664,6,11,6,500,100.0,99.63,100.0,100.0,100.0,100.0,0.0,0.0
1757,45698,99.25,66.22662162654875,1.0034045941114824,2,4,6,500,97.02,100.0,100.0,100.0,98.49,100.0,0.0,0.0
1758,41532,100.0,63.69283346613386,1.012438589197182,0,6,6,500,100.0,100.0,100.0,100.0,100.0,100.0,0.0,0.0
1759,44239,100.0,64.81653763402353,1.0710357073976369,2,7,6,500,100.0,100.0,100.0,100.0,100.0,100.0,0.0,0.0
1760,40726,99.71,66.10700463146675,1.0366438119892245,0,8,6,500,100.0,98.24,100.0,100.0,100.0,100.0,0.0,0.0
1761,40726,100.0,64.4930416637833,1.0707145556873914,0,8,6,500,100.0,100.0,100.0,100.0,100.0,100.0,0.0,0.0
1762,47462,100.0,62.66912371247331,1.0392254404305268,6,6,6,500,100.0,100.0,100.0,100.0,100.0,100.0,0.0,0.0
1763,46607,99.8,63.411082811375245,0.9825682773919268,5,6,6,500,100.0,98.83,100.0,100.0,100.0,100.0,0.0,0.0
1764,45801,100.0,64.49474155785012,1.075052143299855,5,8,6,500,100.0,100.0,100.0,100.0,100.0,100.0,0.0,0.0
1765,45297,99.99,65.29926404134338,0.9915243669784174,3,6,6,500,100.0,100.0,100.0,100.0,99.92,100.0,0.0,0.0
1766,44239,100.0,63.97862362850252,0.9936791403822276,2,7,6,500,100.0,100.0,100.0,100.0,100.0,100.0,0.0,0.0
1767,43030,100.0,66.64482053262306,0.9599110837406252,2,10,6,500,100.0,100.0,100.0,100.0,100.0,100.0,0.0,0.0
1768,40323,100.0,65.76693567576973,0.9840343427500466,0,9,6,500,100.0,100.0,100.0,100.0,100.0,100.0,0.0,0.0
1769,150000,99.49,64.39674917880005,0.9645253293935068,10,1,6,500,100.0,100.0,100.0,100.0,96.95,100.0,0.0,0.0
1770,44239,99.82,64.56812883554757,1.111830616298331,2,7,6,500,98.94,100.0,100.0,100.0,100.0,100.0,0.0,0.0
1771,73028,100.0,66.24735113480614,1.0919464771915808,8,4,6,500,100.0,100.0,100.0,100.0,100.0,100.0,0.0,0.0
1772,45297,100.0,65.36405373085691,1.0625629943229362,3,6,6,500,100.0,100.0,100.0,100.0,100.0,100.0,0.0,0.0
1773,41129,99.46,65.38707926582383,1.032312537293011,0,7,6,500,100.0,100.0,100.0,100.0,100.0,96.76,0.0,0.0
1774,40323,99.14,66.19109598240422,1.0233211722717737,0,9,6,500,100.0,100.0,94.81,100.0,100.0,100.0,0.0,0.0
1775,44642,98.43,65.14423979282306,1.022048155247285,2,6,6,500,91.78,100.0,99.5,100.0,100.0,99.32,0.0,0.0
1776,85527,99.72,64.33075670055771,1.087294709273584,6,1,6,500,100.0,98.33,100.0,100.0,100.0,100.0,0.0,0.0
1777,47462,99.33,63.6131886927884,1.0539922670647823,6,6,6,500,100.0,100.0,100.0,95.98,100.0,100.0,0.0,0.0
1778,46855,100.0,65.24138696697455,0.9354401818971482,4,5,6,500,100.0,100.0,100.0,100.0,100.0,100.0,0.0,0.0
1779,45698,99.96,64.30672462690653,0.9308278450284572,2,4,6,500,100.0,100.0,100.0,100.0,99.78,100.0,0.0,0.0
1780,42741,100.0,64.15574800766116,1.014116692377317,0,3,6,500,100.0,100.0,100.0,100.0,100.0,100.0,0.0,0.0
1781,45549,100.0,64.45686159511813,1.0533426155232206,4,7,6,500,100.0,100.0,100.0,100.0,100.0,100.0,0.0,0.0
1782,43836,100.0,64.98157663748681,0.9755124288258707,2,8,6,500,100.0,100.0,100.0,100.0,100.0,100.0,0.0,0.0
1783,45851,99.6,65.38374457027126,0.9624488354542878,2,3,6,500,100.0,97.6,100.0,100.0,100.0,100.0,0.0,0.0
1784,41532,99.96,63.1341967053198,0.9299045206742635,0,6,6,500,100.0,100.0,99.74,100.0,100.0,100.0,0.0,0.0
1785,46855,95.05,65.45157266506446,1.070850156791763,4,5,6,500,100.0,95.95,89.96,93.15,91.22,100.0,0.0,0.0
1786,44239,100.0,63.31080564482222,1.1378118921276863,2,7,6,500,100.0,100.0,100.0,100.0,100.0,100.0,0.0,0.0
1787,41129,100.0,64.67968173264485,0.9987799654285768,0,7,6,500,100.0,100.0,100.0,100.0,100.0,100.0,0.0,0.0
1788,44239,100.0,65.14199612567458,1.0190612400554626,2,7,6,500,100.0,100.0,100.0,100.0,100.0,100.0,0.0,0.0
1789,49005,99.58,62.58765536991217,0.9875097792815942,1,0,6,500,97.51,100.0,100.0,100.0,100.0,100.0,0.0,0.0
1790,40323,100.0,64.48142711504006,1.0251494849466305,0,9,6,500,100.0,100.0,100.0,100.0,100.0,100.0,0.0,0.0
1791,49515,97.4,64.91649392551847,1.0408671764660586,6,5,6,500,100.0,100.0,95.81,96.62,91.94,100.0,0.0,0.0
1792,46456,100.0,63.30338311832622,1.0321841353359422,6,8,6,500,100.0,100.0,100.0,100.0,100.0,100.0,0.0,0.0
1793,41129,100.0,63.8037058825383,0.9119757516196728,0,7,6,500,100.0,100.0,100.0,100.0,100.0,100.0,0.0,0.0
1794,44088,99.96,64.72889531576536,0.9921315981053512,3,9,6,500,99.79,100.0,100.0,100.0,100.0,100.0,0.0,0.0
1795,44239,99.96,64.16735071489924,1.0155128543253278,2,7,6,500,99.79,100.0,100.0,100.0,100.0,100.0,0.0,0.0
1796,43282,100.0,63.130494037059954,0.9470748493255396,3,11,6,500,100.0,100.0,100.0,100.0,100.0,100.0,0.0,0.0
1797,42375,100.0,65.18320721926868,1.0333317406088345,1,10,6,500,100.0,100.0,100.0,100.0,100.0,100.0,0.0,0.0
1798,43937,100.0,64.12900615633693,1.088553842470418,4,11,6,500,100.0,100.0,100.0,100.0,100.0,100.0,0.0,0.0
1799,47208,99.21,65.27638559196416,0.9892799078644374,4,4,6,500,100.0,96.24,100.0,100.0,99.02,100.0,0.0,0.0
1800,42778,99.75,63.712223861884375,1.0117152582974085,1,9,6,500,100.0,100.0,100.0,98.48,100.0,100.0,0.0,0.0
1801,45851,100.0,64.86832833733342,1.0093941815831726,2,3,6,500,100.0,100.0,100.0,100.0,100.0,100.0,0.0,0.0
1802,43433,100.0,66.19443441282485,0.9597569815239996,2,9,6,500,100.0,100.0,100.0,100.0,100.0,100.0,0.0,0.0
1803,45297,100.0,65.52344931123893,0.9634068943713892,3,6,6,500,100.0,100.0,100.0,100.0,100.0,100.0,0.0,0.0
1804,40726,96.15,64.83120742500932,1.0129278880586303,0,8,6,500,100.0,92.96,95.84,88.11,100.0,100.0,0.0,0.0
1805,42588,100.0,62.6029747056305,1.0468172715361546,0,4,6,500,100.0,100.0,100.0,100.0,100.0,100.0,0.0,0.0
1806,61521,100.0,64.58546859257886,0.9669546766439994,6,3,6,500,100.0,100.0,100.0,100.0,100.0,100.0,0.0,0.0
1807,44642,100.0,64.97762050431672,0.9330036422596112,2,6,6,500,100.0,100.0,100.0,100.0,100.0,100.0,0.0,0.0
1808,49515,100.0,66.3029243716285,1.0162065385580197,6,5,6,500,100.0,100.0,100.0,100.0,100.0,100.0,0.0,0.0
1809,44239,100.0,63.84960319275911,1.05811199919774,2,7,6,500,100.0,100.0,100.0,100.0,100.0,100.0,0.0,0.0
1810,39920,99.98,65.13003155104042,0.9751474936003114,0,10,6,500,100.0,100.0,99.89,100.0,100.0,100.0,0.0,0.0
1811,54272,99.67,66.03975503150245,0.9311463908922992,8,6,6,500,98.01,100.0,100.0,100.0,100.0,100.0,0.0,0.0
1812,73282,100.0,64.6763754132826,1.0121600213587958,10,6,6,500,100.0,100.0,100.0,100.0,100.0,100.0,0.0,0.0
1813,46859,100.0,66.60991847101546,1.052384477898564,6,7,6,500,100.0,100.0,100.0,100.0,100.0,100.0,0.0,0.0
1814,44239,100.0,64.42265439644027,0.9630733446441156,2,7,6,500,100.0,100.0,100.0,100.0,100.0,100.0,0.0,0.0
1815,41129,100.0,63.85825079987812,1.1183445951720477,0,7,6,500,100.0,100.0,100.0,100.0,100.0,100.0,0.0,0.0
1816,44642,100.0,65.15682203670362,0.9336130457380416,2,6,6,500,100.0,100.0,100.0,100.0,100.0,100.0,0.0,0.0
1817,45545,99.51,64.96649868611003,1.016213167130685,2,5,6,500,100.0,100.0,100.0,97.05,100.0,100.0,0.0,0.0
1818,47462,100.0,62.986776381335766,1.0524872166832937,6,6,6,500,100.0,100.0,100.0,100.0,100.0,100.0,0.0,0.0
1819,45952,99.31,62.63753903380357,0.9864751322447092,4,6,6,500,100.0,100.0,95.88,100.0,100.0,100.0,0.0,0.0
1820,86029,100.0,65.24878026369494,1.0079855828830655,7,2,6,500,100.0,100.0,100.0,100.0,100.0,100.0,0.0,0.0
1821,45146,100.0,64.72065727642257,1.067834676289417,4,8,6,500,100.0,100.0,100.0,100.0,100.0,100.0,0.0,0.0
1822,39920,99.57,63.263514949915006,1.105495036163041,0,10,6,500,98.92,100.0,100.0,100.0,98.5,100.0,0.0,0.0
1823,45297,99.41,63.28758799120544,0.9324661273617884,3,6,6,500,100.0,96.45,100.0,100.0,100.0,100.0,0.0,0.0
1824,46053,99.5,64.38771790009879,1.0619992392680304,6,9,6,500,100.0,100.0,100.0,96.99,100.0,100.0,0.0,0.0
1825,73282,99.96,63.44236655188895,0.9642582365557412,10,6,6,500,100.0,100.0,99.74,100.0,100.0,100.0,0.0,0.0
1826,40323,100.0,64.86335753274187,1.025231210735332,0,9,6,500,100.0,100.0,100.0,100.0,100.0,100.0,0.0,0.0
1827,45146,98.34,65.19506388766412,0.9824564202974404,4,8,6,500,100.0,97.93,97.71,100.0,94.43,100.0,0.0,0.0
1828,44743,100.0,64.12288841750787,0.944517469598374,4,9,6,500,100.0,100.0,100.0,100.0,100.0,100.0,0.0,0.0
1829,44491,100.0,64.01073758008685,1.011851283484712,3,8,6,500,100.0,100.0,100.0,100.0,100.0,100.0,0.0,0.0
1830,54018,100.0,63.68372100188461,0.9977928219359944,6,4,6,500,100.0,100.0,100.0,100.0,100.0,100.0,0.0,0.0
1831,49013,98.93,63.28257798798455,0.976810387146262,5,4,6,500,100.0,100.0,100.0,93.59,100.0,100.0,0.0,0.0
1832,44642,99.54,63.63686798579053,0.9899077595414606,2,6,6,500,99.32,100.0,97.89,100.0,100.0,100.0,0.0,0.0
1833,39517,100.0,65.4268819668232,1.0646644030224852,0,11,6,500,100.0,100.0,100.0,100.0,100.0,100.0,0.0,0.0
1834,86531,100.0,62.92285490740411,0.931284740879922,8,3,6,500,100.0,100.0,100.0,100.0,100.0,100.0,0.0,0.0
1835,61521,98.53,63.94604411198756,1.0046218830944742,6,3,6,500,100.0,100.0,100.0,100.0,100.0,91.18,0.0,0.0
1836,46053,100.0,65.55842899373141,0.942518043178214,6,9,6,500,100.0,100.0,100.0,100.0,100.0,100.0,0.0,0.0
1837,45297,100.0,65.28640501987577,1.0132188636942951,3,6,6,500,100.0,100.0,100.0,100.0,100.0,100.0,0.0,0.0
1838,44743,97.56,64.982810123804,0.9877075835254122,4,9,6,500,100.0,100.0,87.0,100.0,100.0,98.35,0.0,0.0
1839,44743,99.89,65.4303799817684,0.9216275080794284,4,9,6,500,99.36,100.0,100.0,100.0,100.0,100.0,0.0,0.0
1840,47714,100.0,63.60868209828287,0.9935596484036446,7,7,6,500,100.0,100.0,100.0,100.0,100.0,100.0,0.0,0.0
1841,43030,95.7,65.43040908542275,0.9848164337680444,2,10,6,500,94.56,100.0,89.91,100.0,100.0,89.73,0.0,0.0
1842,44239,100.0,65.96016574795719,1.0902163326331604,2,7,6,500,100.0,100.0,100.0,100.0,100.0,100.0,0.0,0.0
1843,53014,100.0,65.29597905007451,0.973726043277957,4,2,6,500,100.0,100.0,100.0,100.0,100.0,100.0,0.0,0.0
1844,47507,100.0,65.70998804933778,1.0016905231943642,2,1,6,500,100.0,100.0,100.0,100.0,100.0,100.0,0.0,0.0
1845,42741,99.6,65.03774813522055,0.9835183533463936,0,3,6,500,100.0,100.0,100.0,100.0,97.63,100.0,0.0,0.0
1846,72024,99.29,67.16380839734695,0.9962447274682592,6,2,6,500,100.0,100.0,100.0,100.0,100.0,95.72,0.0,0.0
1847,42435,100.0,62.96698148497675,1.122531533855271,0,5,6,500,100.0,100.0,100.0,100.0,100.0,100.0,0.0,0.0
1848,43030,100.0,66.18287645541648,0.969441581890126,2,10,6,500,100.0,100.0,100.0,100.0,100.0,100.0,0.0,0.0
1849,40323,100.0,63.96910220589513,1.0087454826938334,0,9,6,500,100.0,100.0,100.0,100.0,100.0,100.0,0.0,0.0
1850,48511,99.64,63.38593093915858,1.0305508187022157,4,3,6,500,97.84,100.0,100.0,100.0,100.0,100.0,0.0,0.0
1851,54776,99.75,67.94507658606335,1.0614657021862424,10,8,6,500,100.0,100.0,100.0,98.48,100.0,100.0,0.0,0.0
1852,46456,100.0,66.01329992821148,1.0524299043703158,6,8,6,500,100.0,100.0,100.0,100.0,100.0,100.0,0.0,0.0
1853,45698,99.05,64.37578304126122,0.9790231458489256,2,4,6,500,100.0,100.0,100.0,94.28,100.0,100.0,0.0,0.0
1854,45297,100.0,64.78917026350311,1.05004646742062,3,6,6,500,100.0,100.0,100.0,100.0,100.0,100.0,0.0,0.0
1855,48511,100.0,64.87205846529572,0.901117532541471,4,3,6,500,100.0,100.0,100.0,100.0,100.0,100.0,0.0,0.0
1856,44642,100.0,65.04299655392587,1.0115955740580715,2,6,6,500,100.0,100.0,100.0,100.0,100.0,100.0,0.0,0.0
1857,47462,95.8,64.43119099133926,1.0090936534184944,6,6,6,500,100.0,96.75,100.0,90.49,87.57,100.0,0.0,0.0
1858,54018,99.9,65.00396156412118,0.9910961968766696,6,4,6,500,100.0,99.42,100.0,100.0,100.0,100.0,0.0,0.0
1859,41129,100.0,63.96653946091518,0.959609960290988,0,7,6,500,100.0,100.0,100.0,100.0,100.0,100.0,0.0,0.0
1860,44743,100.0,65.71978791385516,1.0005438971415803,4,9,6,500,100.0,100.0,100.0,100.0,100.0,100.0,0.0,0.0
1861,41129,100.0,64.19988995151783,1.004984255469516,0,7,6,500,100.0,100.0,100.0,100.0,100.0,100.0,0.0,0.0
1862,46855,99.92,65.9786111351285,1.0223550422126162,4,5,6,500,100.0,100.0,100.0,99.62,100.0,99.87,0.0,0.0
1863,46607,100.0,65.33318206053461,1.050390392182655,5,6,6,500,100.0,100.0,100.0,100.0,100.0,100.0,0.0,0.0
1864,62525,99.55,65.98214492621696,1.0300458357492737,8,5,6,500,100.0,100.0,100.0,100.0,97.29,100.0,0.0,0.0
1865,44491,98.62,65.2028884139105,1.018193121655133,3,8,6,500,100.0,100.0,93.37,100.0,100.0,98.38,0.0,0.0
1866,53014,100.0,64.93643645582905,1.0287914816406454,4,2,6,500,100.0,100.0,100.0,100.0,100.0,100.0,0.0,0.0
1867,43534,100.0,64.95430351102468,0.9939218686648882,4,12,6,500,100.0,100.0,100.0,100.0,100.0,100.0,0.0,0.0
1868,54018,100.0,66.15359301033189,1.0002623284972945,6,4,6,500,100.0,100.0,100.0,100.0,100.0,100.0,0.0,0.0
1869,43987,99.82,63.866374502951054,1.000280273276396,1,6,6,500,99.52,99.4,100.0,100.0,100.0,100.0,0.0,0.0
1870,47208,100.0,65.76546840526008,1.0348545164641096,4,4,6,500,100.0,100.0,100.0,100.0,100.0,100.0,0.0,0.0
1871,39920,97.52,66.85796963853953,0.9979728760032052,0,10,6,500,88.0,100.0,97.1,100.0,100.0,100.0,0.0,0.0
1872,47966,99.96,64.09600258726411,0.979233125516111,8,8,6,500,99.74,100.0,100.0,100.0,100.0,100.0,0.0,0.0
1873,44239,100.0,65.95618865479166,0.9810651033304736,2,7,6,500,100.0,100.0,100.0,100.0,100.0,100.0,0.0,0.0
1874,44642,100.0,64.67622219929345,0.9500497182249268,2,6,6,500,100.0,100.0,100.0,100.0,100.0,100.0,0.0,0.0
1875,49515,99.81,65.09306127552411,1.0401683499221526,6,5,6,500,100.0,100.0,100.0,100.0,100.0,98.85,0.0,0.0
1876,45952,99.74,64.26983220647568,1.010004068140885,4,6,6,500,100.0,100.0,100.0,100.0,98.45,100.0,0.0,0.0
1877,40726,99.66,65.77419804761206,0.9775179665732816,0,8,6,500,100.0,100.0,100.0,100.0,97.93,100.0,0.0,0.0
1878,46855,100.0,62.6524198905442,1.0092731470714027,4,5,6,500,100.0,100.0,100.0,100.0,100.0,100.0,0.0,0.0
1879,47714,100.0,65.90613721602745,0.9804102359037672,7,7,6,500,100.0,100.0,100.0,100.0,100.0,100.0,0.0,0.0
1880,54272,99.04,62.82043059534716,1.0037293891577843,8,6,6,500,100.0,96.67,97.58,100.0,100.0,100.0,0.0,0.0
1881,47710,100.0,63.84678936054316,0.9390107931655916,5,5,6,500,100.0,100.0,100.0,100.0,100.0,100.0,0.0,0.0
1882,53014,100.0,65.96083812936759,1.0511924749747388,4,2,6,500,100.0,100.0,100.0,100.0,100.0,100.0,0.0,0.0
1883,86531,100.0,65.52901005479386,0.9632314399171202,8,3,6,500,100.0,100.0,100.0,100.0,100.0,100.0,0.0,0.0
1884,48511,100.0,65.08194977401884,1.0301230525230216,4,3,6,500,100.0,100.0,100.0,100.0,100.0,100.0,0.0,0.0
1885,45952,100.0,64.23286268235071,1.0059892710156588,4,6,6,500,100.0,100.0,100.0,100.0,100.0,100.0,0.0,0.0
1886,43433,100.0,65.47122089459774,0.8806532890995424,2,9,6,500,100.0,100.0,100.0,100.0,100.0,100.0,0.0,0.0
1887,45851,99.25,64.37830834069061,1.08983943463378,2,3,6,500,100.0,100.0,96.43,100.0,99.07,100.0,0.0,0.0
1888,45146,100.0,65.76822553554986,0.980349812493787,4,8,6,500,100.0,100.0,100.0,100.0,100.0,100.0,0.0,0.0
1889,45698,100.0,65.27219230215638,0.9314756145121296,2,4,6,500,100.0,100.0,100.0,100.0,100.0,100.0,0.0,0.0
1890,45801,99.94,63.73531173610742,1.0969587343386784,5,8,6,500,100.0,99.65,100.0,100.0,100.0,100.0,0.0,0.0
1891,45146,95.09,65.71916573774077,0.9683449716575656,4,8,6,500,96.97,92.51,89.49,99.96,97.53,94.07,0.0,0.0
1892,124035,100.0,63.73417036040232,0.9472445679897494,7,0,6,500,100.0,100.0,100.0,100.0,100.0,100.0,0.0,0.0
1893,43584,97.86,65.20451607710214,1.0224796591745418,1,7,6,500,100.0,100.0,87.16,100.0,100.0,100.0,0.0,0.0
1894,46607,99.09,63.30457739017276,0.9908441507493424,5,6,6,500,94.55,100.0,100.0,100.0,100.0,100.0,0.0,0.0
1895,43181,98.36,64.62062797020928,0.9107422961083216,1,8,6,500,96.49,100.0,100.0,100.0,100.0,93.7,0.0,0.0
1896,49013,100.0,65.48039134221524,1.032242240357735,5,4,6,500,100.0,100.0,100.0,100.0,100.0,100.0,0.0,0.0
1897,44088,99.48,65.21140256376142,0.967567697565516,3,9,6,500,98.4,98.45,100.0,100.0,100.0,100.0,0.0,0.0
1898,47462,100.0,66.81691898328538,0.960891633046448,6,6,6,500,100.0,100.0,100.0,100.0,100.0,100.0,0.0,0.0
1899,42435,97.95,64.84725004390093,1.034218406146426,0,5,6,500,100.0,94.3,100.0,100.0,100.0,93.38,0.0,0.0
1900,44491,97.25,64.2363748979751,0.9929406894259302,3,8,6,500,100.0,100.0,87.48,100.0,96.04,100.0,0.0,0.0
1901,40323,99.67,63.425788092942746,1.0496181829524671,0,9,6,500,100.0,99.54,100.0,100.0,100.0,98.48,0.0,0.0
1902,45146,99.65,64.58053217014663,0.9518021945888352,4,8,6,500,100.0,100.0,100.0,100.0,100.0,97.88,0.0,0.0
1903,41129,100.0,64.6965137534305,0.9639416106420212,0,7,6,500,100.0,100.0,100.0,100.0,100.0,100.0,0.0,0.0
1904,46607,99.06,64.81866754865003,0.966663586721823,5,6,6,500,96.9,97.46,100.0,100.0,100.0,100.0,0.0,0.0
1905,73028,99.22,64.8653520500492,0.999277665124559,8,4,6,500,100.0,99.44,98.18,100.0,97.7,100.0,0.0,0.0
1906,40726,100.0,63.70844988610905,0.9232856012577778,0,8,6,500,100.0,100.0,100.0,100.0,100.0,100.0,0.0,0.0
1907,45952,100.0,65.06482216316057,0.9973642919524338,4,6,6,500,100.0,100.0,100.0,100.0,100.0,100.0,0.0,0.0
1908,39920,100.0,64.33028280955345,0.9358203731228556,0,10,6,500,100.0,100.0,100.0,100.0,100.0,100.0,0.0,0.0
1909,73028,100.0,63.03997597187666,0.9435229288468904,8,4,6,500,100.0,100.0,100.0,100.0,100.0,100.0,0.0,0.0
1910,71522,98.28,64.57869037826819,0.975367905217187,5,1,6,500,100.0,94.04,100.0,100.0,100.0,95.65,0.0,0.0
1911,45549,100.0,65.2670190352444,0.9213334915043676,4,7,6,500,100.0,100.0,100.0,100.0,100.0,100.0,0.0,0.0
1912,48009,99.21,64.17221285247172,0.9702683080370188,3,2,6,500,100.0,100.0,96.79,98.45,100.0,100.0,0.0,0.0
1913,104030,98.79,64.61665685726595,1.0045333542220418,6,0,6,500,100.0,100.0,100.0,92.86,100.0,99.9,0.0,0.0
1914,46200,100.0,66.08514473104833,0.9447906197386536,3,5,6,500,100.0,100.0,100.0,100.0,100.0,100.0,0.0,0.0
1915,54520,100.0,64.77558574280674,0.9994485359416648,7,5,6,500,100.0,100.0,100.0,100.0,100.0,100.0,0.0,0.0
1916,72024,100.0,63.13853570265011,0.972068132925538,6,2,6,500,100.0,100.0,100.0,100.0,100.0,100.0,0.0,0.0
1917,45650,100.0,63.86127111884309,0.9713571321275792,6,10,6,500,100.0,100.0,100.0,100.0,100.0,100.0,0.0,0.0
1918,62023,100.0,63.92302625382202,0.9811853515639338,7,4,6,500,100.0,100.0,100.0,100.0,100.0,100.0,0.0,0.0
1919,103536,100.0,65.288274031104,0.9342292781222484,9,3,6,500,100.0,100.0,100.0,100.0,100.0,100.0,0.0,0.0
1920,46456,99.24,63.785804744934936,0.9574784292768088,6,8,6,500,96.24,100.0,100.0,100.0,99.19,100.0,0.0,0.0
1921,45146,99.55,64.56132799777838,0.9649582133190684,4,8,6,500,100.0,100.0,100.0,97.32,100.0,100.0,0.0,0.0
1922,43836,99.77,63.15875665712049,0.9708637417277296,2,8,6,500,100.0,100.0,100.0,98.63,100.0,100.0,0.0,0.0
1923,44088,99.81,65.21696701651732,0.988723595089853,3,9,6,500,98.84,100.0,100.0,100.0,100.0,100.0,0.0,0.0
1924,46200,99.37,63.84258280193698,0.9646289977302982,3,5,6,500,96.21,100.0,100.0,100.0,100.0,100.0,0.0,0.0
1925,47462,99.39,65.08517842024976,1.0679281772903169,6,6,6,500,100.0,96.34,100.0,100.0,100.0,100.0,0.0,0.0
1926,54520,99.7,66.75639491615526,1.002154063556893,7,5,6,500,100.0,100.0,100.0,98.2,100.0,100.0,0.0,0.0
1927,45952,100.0,66.12538664193289,1.0582353126619617,4,6,6,500,100.0,100.0,100.0,100.0,100.0,100.0,0.0,0.0
1928,45549,100.0,65.03612425923981,1.0195861866483558,4,7,6,500,100.0,100.0,100.0,100.0,100.0,100.0,0.0,0.0
1929,72024,99.44,64.55719232809834,0.9267875013663992,6,2,6,500,100.0,96.66,100.0,100.0,100.0,100.0,0.0,0.0
1930,104038,100.0,64.1687416167978,1.0021372823352626,10,4,6,500,100.0,100.0,100.0,100.0,100.0,100.0,0.0,0.0
1931,44491,99.75,65.75118535714198,0.9196643716950929,3,8,6,500,100.0,100.0,100.0,98.49,100.0,100.0,0.0,0.0
1932,103034,100.0,63.41310285102135,1.031957389206172,8,2,6,500,100.0,100.0,100.0,100.0,100.0,100.0,0.0,0.0
1933,46200,99.38,65.25946238510926,1.019363869088648,3,5,6,500,100.0,100.0,96.28,100.0,100.0,100.0,0.0,0.0
1934,47710,99.78,63.83780915424706,0.9647921801001966,5,5,6,500,100.0,98.9,99.78,100.0,100.0,100.0,0.0,0.0
1935,49515,98.14,64.23145975314516,0.9693278226109592,6,5,6,500,100.0,94.76,100.0,96.88,100.0,97.23,0.0,0.0
1936,47462,100.0,66.27943469029506,1.028334214242937,6,6,6,500,100.0,100.0,100.0,100.0,100.0,100.0,0.0,0.0
1937,47208,99.84,64.34883493619112,1.0288438469867318,4,4,6,500,100.0,100.0,100.0,100.0,100.0,99.02,0.0,0.0
1938,54018,100.0,64.85731811175339,1.0054625601628313,6,4,6,500,100.0,100.0,100.0,100.0,100.0,100.0,0.0,0.0
1939,72024,100.0,67.19031865852237,1.0303466221576816,6,2,6,500,100.0,100.0,100.0,100.0,100.0,100.0,0.0,0.0
1940,49519,100.0,65.62584831059851,0.879439391128156,8,7,6,500,100.0,100.0,100.0,100.0,100.0,100.0,0.0,0.0
1941,54018,99.61,66.3507237376503,1.099956750829099,6,4,6,500,100.0,100.0,100.0,100.0,97.67,100.0,0.0,0.0
1942,62525,99.96,64.47209341626993,1.0132595943327842,8,5,6,500,100.0,100.0,99.75,100.0,100.0,100.0,0.0,0.0
1943,43987,99.38,65.05308075142096,1.099238109227854,1,6,6,500,100.0,100.0,100.0,100.0,96.26,100.0,0.0,0.0
1944,46607,100.0,64.90548668915451,1.0122987739915004,5,6,6,500,100.0,100.0,100.0,100.0,100.0,100.0,0.0,0.0
1945,49515,100.0,64.5094673984226,1.0797333697906255,6,5,6,500,100.0,100.0,100.0,100.0,100.0,100.0,0.0,0.0
1946,49515,99.83,65.76466949962382,0.9141352884846584,6,5,6,500,100.0,98.97,100.0,100.0,100.0,100.0,0.0,0.0
1947,46855,99.79,65.22746821905247,1.000400280331745,4,5,6,500,100.0,98.71,100.0,100.0,100.0,100.0,0.0,0.0
1948,46706,100.0,64.27093931953198,1.016175767618344,3,3,6,500,100.0,100.0,100.0,100.0,100.0,100.0,0.0,0.0
1949,46200,99.71,63.808008762471104,1.037407148707725,3,5,6,500,100.0,98.28,100.0,100.0,100.0,100.0,0.0,0.0
1950,103536,99.66,66.82517446650685,0.9775861640926048,9,3,6,500,100.0,100.0,100.0,100.0,97.99,100.0,0.0,0.0
1951,45146,99.97,64.84657911833925,1.0102054430934766,4,8,6,500,100.0,100.0,100.0,100.0,100.0,99.83,0.0,0.0
1952,146044,99.33,65.24535450865721,1.0506879797613349,10,2,6,500,100.0,100.0,100.0,100.0,96.0,100.0,0.0,0.0
1953,46200,100.0,64.74495463651374,0.9269161307290608,3,5,6,500,100.0,100.0,100.0,100.0,100.0,100.0,0.0,0.0
1954,45851,99.74,63.55168749773824,1.011064416022841,2,3,6,500,98.46,100.0,100.0,100.0,100.0,100.0,0.0,0.0
1955,45851,100.0,64.68759771850777,1.0415480025861203,2,3,6,500,100.0,100.0,100.0,100.0,100.0,100.0,0.0,0.0
1956,47710,100.0,66.12583451682151,0.9829811952886314,5,5,6,500,100.0,100.0,100.0,100.0,100.0,100.0,0.0,0.0
1957,73028,100.0,64.86352921646964,1.020879945488793,8,4,6,500,100.0,100.0,100.0,100.0,100.0,100.0,0.0,0.0
1958,104038,99.64,65.1953339170699,1.082544908305782,10,4,6,500,100.0,100.0,100.0,100.0,97.86,100.0,0.0,0.0
1959,46353,99.61,64.04406790623975,1.0264068758440497,3,4,6,500,97.64,100.0,100.0,100.0,100.0,100.0,0.0,0.0
1960,54018,100.0,63.89071285670272,1.0696273724542145,6,4,6,500,100.0,100.0,100.0,100.0,100.0,100.0,0.0,0.0
1961,45952,100.0,65.1800524553416,0.9602619878203704,4,6,6,500,100.0,100.0,100.0,100.0,100.0,100.0,0.0,0.0
1962,40726,99.76,64.65464314880212,1.010317835209656,0,8,6,500,98.57,100.0,100.0,100.0,100.0,100.0,0.0,0.0
1963,61521,100.0,65.91597803423984,0.9020603838435796,6,3,6,500,100.0,100.0,100.0,100.0,100.0,100.0,0.0,0.0
1964,45146,99.85,63.79569931084817,0.8732221153884621,4,8,6,500,100.0,100.0,100.0,99.11,100.0,100.0,0.0,0.0
1965,72526,100.0,64.40946094980923,1.066059632660782,7,3,6,500,100.0,100.0,100.0,100.0,100.0,100.0,0.0,0.0
1966,45297,100.0,65.03252266515253,1.0023039880716942,3,6,6,500,100.0,100.0,100.0,100.0,100.0,100.0,0.0,0.0
1967,46200,98.97,65.66910617805036,0.9458613927320716,3,5,6,500,100.0,100.0,100.0,99.4,98.02,96.4,0.0,0.0
1968,43433,100.0,65.90865955579059,1.0018757721234457,2,9,6,500,100.0,100.0,100.0,100.0,100.0,100.0,0.0,0.0
1969,40726,99.94,67.0829004594193,0.9611499706377048,0,8,6,500,100.0,99.62,100.0,100.0,100.0,100.0,0.0,0.0
1970,72024,100.0,65.05277091160329,0.9583244783807372,6,2,6,500,100.0,100.0,100.0,100.0,100.0,100.0,0.0,0.0
1971,61521,100.0,65.56307680263811,0.9680748070084928,6,3,6,500,100.0,100.0,100.0,100.0,100.0,100.0,0.0,0.0
1972,47462,100.0,64.76189443521206,0.9588337116280752,6,6,6,500,100.0,100.0,100.0,100.0,100.0,100.0,0.0,0.0
1973,43836,100.0,64.95546002929811,1.0261503873739264,2,8,6,500,100.0,100.0,100.0,100.0,100.0,100.0,0.0,0.0
1974,61521,99.84,65.76228124133412,0.9004981448046554,6,3,6,500,100.0,100.0,99.06,100.0,100.0,100.0,0.0,0.0
1975,72526,100.0,63.73527757768703,0.9695971293047057,7,3,6,500,100.0,100.0,100.0,100.0,100.0,100.0,0.0,0.0
1976,45698,100.0,65.13963083339956,0.9808830858536504,2,4,6,500,100.0,100.0,100.0,100.0,100.0,100.0,0.0,0.0
1977,43030,100.0,66.17684469412247,0.9376351723935284,2,10,6,500,100.0,100.0,100.0,100.0,100.0,100.0,0.0,0.0
1978,46204,98.86,65.56936245866866,0.888702793404464,5,7,6,500,100.0,96.36,96.81,100.0,100.0,100.0,0.0,0.0
1979,45146,100.0,64.60792118230476,0.92575278988969,4,8,6,500,100.0,100.0,100.0,100.0,100.0,100.0,0.0,0.0
1980,54272,98.55,64.52980029749264,0.9634773402582356,8,6,6,500,99.31,100.0,100.0,100.0,92.0,100.0,0.0,0.0
1981,46859,99.28,64.19092868360279,0.9461745765327856,6,7,6,500,100.0,96.82,98.83,100.0,100.0,100.0,0.0,0.0
1982,103536,100.0,65.51014629464733,1.0208744847108502,9,3,6,500,100.0,100.0,100.0,100.0,100.0,100.0,0.0,0.0
1983,47208,100.0,65.56221324620071,0.9602884060393464,4,4,6,500,100.0,100.0,100.0,100.0,100.0,100.0,0.0,0.0
1984,47462,99.92,65.39942013962674,0.9621502144536248,6,6,6,500,99.53,100.0,100.0,100.0,100.0,100.0,0.0,0.0
1985,43584,100.0,63.72096339836165,0.9115676697595406,1,7,6,500,100.0,100.0,100.0,100.0,100.0,100.0,0.0,0.0
1986,47208,99.66,64.62430415999751,0.9719672075113788,4,4,6,500,100.0,100.0,100.0,97.99,100.0,100.0,0.0,0.0
1987,47710,98.86,64.88528813322908,1.0103525402971187,5,5,6,500,96.36,100.0,100.0,100.0,96.82,100.0,0.0,0.0
1988,43433,100.0,64.95808408409748,0.9643280847588837,2,9,6,500,100.0,100.0,100.0,100.0,100.0,100.0,0.0,0.0
1989,43433,100.0,67.16333013820177,0.9885564727139012,2,9,6,500,100.0,100.0,100.0,100.0,100.0,100.0,0.0,0.0
1990,49515,99.1,65.07034955648028,0.976216427241307,6,5,6,500,94.6,100.0,100.0,100.0,100.0,100.0,0.0,0.0
1991,54272,100.0,65.34115105646394,0.940708814278016,8,6,6,500,100.0,100.0,100.0,100.0,100.0,100.0,0.0,0.0
1992,46859,99.41,65.08422856554606,0.9030484586639096,6,7,6,500,100.0,100.0,100.0,100.0,100.0,96.43,0.0,0.0
1993,44642,100.0,66.01710046402424,0.917539895304324,2,6,6,500,100.0,100.0,100.0,100.0,100.0,100.0,0.0,0.0
1994,43030,99.98,65.96731709452501,0.8820706407703847,2,10,6,500,100.0,100.0,100.0,100.0,99.9,100.0,0.0,0.0
1995,48511,99.95,62.07059911615968,1.0645546961661796,4,3,6,500,100.0,100.0,100.0,100.0,99.7,100.0,0.0,0.0
1996,40726,99.83,64.98358824303045,0.9469412867177688,0,8,6,500,100.0,100.0,100.0,100.0,98.96,100.0,0.0,0.0
1997,44743,100.0,63.77940099769532,0.9447730126878509,4,9,6,500,100.0,100.0,100.0,100.0,100.0,100.0,0.0,0.0
1998,53516,99.82,65.10312874312237,1.0028770618097531,5,3,6,500,100.0,98.94,100.0,100.0,100.0,100.0,0.0,0.0
1999,49515,100.0,63.74141474779817,1.0545251793668136,6,5,6,500,100.0,100.0,100.0,100.0,100.0,99.97,0.0,0.0
2000,46607,100.0,64.36509794279249,0.9218666954380524,5,6,6,500,100.0,100.0,100.0,100.0,100.0,100.0,0.0,0.0
2001,45952,100.0,63.95669600821735,0.9711257060332422,4,6,6,500,100.0,100.0,100.0,100.0,100.0,100.0,0.0,0.0
2002,46855,98.22,64.97033478184281,1.0094338261365146,4,5,6,500,89.31,100.0,100.0,100.0,100.0,100.0,0.0,0.0
2003,73028,97.99,65.4369638030838,1.052457037347072,8,4,6,500,100.0,100.0,95.65,100.0,100.0,92.31,0.0,0.0
2004,45549,100.0,65.14378650426276,1.0237588390253656,4,7,6,500,100.0,100.0,100.0,100.0,100.0,100.0,0.0,0.0
2005,47208,100.0,63.55518339027332,1.0017421662321315,4,4,6,500,100.0,100.0,100.0,100.0,100.0,100.0,0.0,0.0
2006,47714,100.0,65.44899706021485,0.9989894178731988,7,7,6,500,100.0,100.0,100.0,100.0,100.0,100.0,0.0,0.0
2007,43433,99.8,65.22263112795054,1.0001130027547611,2,9,6,500,98.8,100.0,100.0,100.0,100.0,100.0,0.0,0.0
2008,45952,100.0,65.29929318332232,0.9623149013518528,4,6,6,500,100.0,100.0,100.0,100.0,100.0,100.0,0.0,0.0
2009,47208,100.0,64.01187780886714,0.9186422012189664,4,4,6,500,100.0,100.0,100.0,100.0,100.0,100.0,0.0,0.0
2010,45545,100.0,64.80562870674488,0.986481086918066,2,5,6,500,100.0,100.0,100.0,100.0,100.0,100.0,0.0,0.0
2011,43937,100.0,66.722610299359,1.008126730842524,4,11,6,500,100.0,100.0,100.0,100.0,100.0,100.0,0.0,0.0
2012,45952,99.74,64.84515135812639,0.9893131020784994,4,6,6,500,100.0,100.0,98.44,100.0,100.0,100.0,0.0,0.0
2013,45801,99.6,64.80223604828993,0.9543788918626652,5,8,6,500,97.63,100.0,100.0,100.0,100.0,100.0,0.0,0.0
2014,54018,99.65,64.99271102481138,0.9608630633179908,6,4,6,500,97.89,100.0,100.0,100.0,100.0,100.0,0.0,0.0
2015,73282,99.24,65.2134555821973,0.9551295795520558,10,6,6,500,100.0,100.0,99.52,100.0,95.94,100.0,0.0,0.0
2016,60517,99.35,64.4435927438512,0.9611066332757028,4,1,6,500,100.0,96.11,100.0,100.0,100.0,100.0,0.0,0.0
2017,43030,99.41,65.30799746553006,0.9595738348722744,2,10,6,500,100.0,99.28,100.0,97.18,100.0,100.0,0.0,0.0
2018,49771,100.0,65.39717956870773,0.9905227569084052,9,8,6,500,100.0,100.0,100.0,100.0,100.0,100.0,0.0,0.0
2019,72024,100.0,66.31936177628994,0.896179239921706,6,2,6,500,100.0,100.0,100.0,100.0,100.0,100.0,0.0,0.0
2020,123039,100.0,65.87802191439398,0.9545936457972668,9,2,6,500,100.0,100.0,100.0,100.0,100.0,100.0,0.0,0.0
2021,45297,100.0,64.9193730581135,0.983563822785893,3,6,6,500,100.0,100.0,100.0,100.0,100.0,100.0,0.0,0.0
2022,45146,99.32,65.71686954058899,0.9702469901383804,4,8,6,500,100.0,100.0,100.0,95.94,100.0,100.0,0.0,0.0
2023,73028,100.0,64.80853182193977,0.9599816877821796,8,4,6,500,100.0,100.0,100.0,100.0,100.0,100.0,0.0,0.0
2024,150000,99.41,65.94287251932559,0.9752790281347888,9,0,6,500,100.0,100.0,96.46,100.0,100.0,100.0,0.0,0.0
2025,41129,100.0,64.35705521705654,0.9614705143317972,0,7,6,500,100.0,100.0,100.0,100.0,100.0,100.0,0.0,0.0
2026,86531,99.68,63.51684323828805,0.862648190608685,8,3,6,500,100.0,100.0,98.88,100.0,100.0,99.19,0.0,0.0
2027,41129,100.0,64.43887239995964,0.951610928878344,0,7,6,500,100.0,100.0,100.0,100.0,100.0,100.0,0.0,0.0
2028,45297,100.0,66.00288131436551,0.989522527097019,3,6,6,500,100.0,100.0,100.0,100.0,100.0,100.0,0.0,0.0
2029,72024,100.0,63.214628899473,0.9771424059207152,6,2,6,500,100.0,100.0,100.0,100.0,100.0,100.0,0.0,0.0
2030,104038,100.0,64.42601825780213,1.0484800687826037,10,4,6,500,100.0,100.0,100.0,100.0,100.0,100.0,0.0,0.0
2031,54524,100.0,64.28307547363497,0.946481080932272,9,7,6,500,100.0,100.0,100.0,100.0,100.0,100.0,0.0,0.0
2032,46456,100.0,64.16444432469517,0.985695088212349,6,8,6,500,100.0,100.0,100.0,100.0,100.0,100.0,0.0,0.0
2033,45545,99.76,65.84817808418877,0.925777597636278,2,5,6,500,100.0,98.53,100.0,100.0,100.0,100.0,0.0,0.0
2034,45545,99.88,65.30932962409518,0.9821904480462776,2,5,6,500,100.0,100.0,99.28,100.0,100.0,100.0,0.0,0.0
2035,49515,100.0,65.82815924770695,1.030548391270642,6,5,6,500,100.0,100.0,100.0,100.0,100.0,100.0,0.0,0.0
2036,44894,97.36,66.70225960110149,0.8475050733660177,3,7,6,500,98.77,99.85,100.0,100.0,100.0,85.53,0.0,0.0
2037,46855,99.75,64.89992069365002,0.9799988161609604,4,5,6,500,100.0,100.0,100.0,98.51,100.0,100.0,0.0,0.0
2038,124545,100.0,64.18292163381768,0.934725262603576,12,5,6,500,100.0,100.0,100.0,100.0,100.0,100.0,0.0,0.0
2039,45398,100.0,66.3844216203838,0.9340028973985948,5,9,6,500,100.0,100.0,100.0,100.0,100.0,100.0,0.0,0.0
2040,45952,100.0,66.3213577985277,0.9735890508886892,4,6,6,500,100.0,100.0,100.0,100.0,100.0,100.0,0.0,0.0
2041,42375,100.0,64.78486923095937,0.9952707436210082,1,10,6,500,100.0,100.0,100.0,100.0,100.0,100.0,0.0,0.0
2042,46204,99.54,64.07370949544655,1.0698198223344273,2,2,6,500,100.0,100.0,97.24,100.0,100.0,100.0,0.0,0.0
2043,42588,99.72,64.22142985065554,1.0248327612872512,0,4,6,500,100.0,100.0,100.0,100.0,100.0,98.31,0.0,0.0
2044,49515,99.68,65.96671150657082,0.9493287182643324,6,5,6,500,100.0,100.0,100.0,100.0,98.06,100.0,0.0,0.0
2045,45952,99.64,64.71870704568707,0.9297337300854688,4,6,6,500,97.84,100.0,100.0,100.0,100.0,100.0,0.0,0.0
2046,54018,99.53,65.82606979111466,0.9999336565342744,6,4,6,500,100.0,100.0,100.0,100.0,100.0,97.19,0.0,0.0
2047,44995,100.0,65.0225901066461,0.9294394987412398,5,10,6,500,100.0,100.0,100.0,100.0,100.0,100.0,0.0,0.0
2048,54018,100.0,64.45885685367372,1.06885954892054,6,4,6,500,100.0,100.0,100.0,100.0,100.0,100.0,0.0,0.0
2049,53516,100.0,64.58925362963446,1.006570547083569,5,3,6,500,100.0,100.0,100.0,100.0,100.0,100.0,0.0,0.0
2050,45545,100.0,64.17743747723077,1.032066612790828,2,5,6,500,100.0,100.0,100.0,100.0,100.0,100.0,0.0,0.0
2051,46855,98.74,67.19611228782652,0.959391807833334,4,5,6,500,100.0,92.46,100.0,100.0,100.0,100.0,0.0,0.0
2052,47966,99.94,64.90566772571836,1.01966023682614,8,8,6,500,99.65,100.0,100.0,100.0,100.0,100.0,0.0,0.0
2053,47462,96.26,63.097159547969305,0.9216772708006506,6,6,6,500,91.14,99.02,89.66,97.77,100.0,100.0,0.0,0.0
2054,46204,100.0,64.86158693910713,0.991549261887414,5,7,6,500,100.0,100.0,100.0,100.0,100.0,100.0,0.0,0.0
2055,54018,100.0,65.79244690345857,0.9208161626278544,6,4,6,500,100.0,100.0,100.0,100.0,100.0,100.0,0.0,0.0
2056,49515,99.66,63.18420958882332,0.9353714169292588,6,5,6,500,100.0,100.0,100.0,97.98,100.0,100.0,0.0,0.0
2057,44642,97.2,63.964901776867606,0.9686264791323984,2,6,6,500,100.0,100.0,92.38,100.0,93.83,97.02,0.0,0.0
2058,39920,100.0,64.34290108559618,0.9719892896248824,0,10,6,500,100.0,100.0,100.0,100.0,100.0,100.0,0.0,0.0
2059,47462,99.58,65.16365714723167,0.9866531450540444,6,6,6,500,100.0,100.0,100.0,100.0,100.0,97.51,0.0,0.0
2060,150000,99.9,65.2888791901463,1.009235165990495,12,3,6,500,100.0,100.0,100.0,100.0,100.0,99.42,0.0,0.0
2061,147040,100.0,64.73136728937354,0.9350361717840469,8,0,6,500,100.0,100.0,100.0,100.0,100.0,100.0,0.0,0.0
2062,47714,100.0,64.78943018434639,0.9383392062333166,7,7,6,500,100.0,100.0,100.0,100.0,100.0,100.0,0.0,0.0
2063,43836,99.11,65.63138748239439,0.958261032380622,2,8,6,500,100.0,99.44,100.0,95.21,100.0,100.0,0.0,0.0
2064,86531,97.56,65.13883490524957,0.9767382315570852,8,3,6,500,92.76,100.0,92.59,100.0,100.0,100.0,0.0,0.0
2065,87535,100.0,63.330564474989245,0.942525698910136,10,5,6,500,100.0,100.0,100.0,100.0,100.0,100.0,0.0,0.0
2066,49515,100.0,65.75612035605049,0.9758253023523404,6,5,6,500,100.0,100.0,100.0,100.0,100.0,100.0,0.0,0.0
2067,42894,97.77,64.77215519173335,1.0372915324027174,0,2,6,500,98.36,93.24,96.36,100.0,98.67,100.0,0.0,0.0
2068,85527,100.0,64.07480609677924,0.9708321419625856,6,1,6,500,100.0,100.0,100.0,100.0,100.0,100.0,0.0,0.0
2069,43030,99.4,61.91413491706201,0.973727600003222,2,10,6,500,100.0,100.0,97.66,100.0,98.77,100.0,0.0,0.0
2070,46855,99.42,65.66530172985959,0.9662268482497088,4,5,6,500,100.0,100.0,96.55,100.0,100.0,100.0,0.0,0.0
2071,53014,100.0,65.29533743426234,0.9488652610937296,4,2,6,500,100.0,100.0,100.0,100.0,100.0,100.0,0.0,0.0
2072,45146,99.94,65.98493749602615,0.9332115875249632,4,8,6,500,100.0,100.0,99.66,100.0,100.0,100.0,0.0,0.0
2073,46855,99.82,65.3005524399148,0.9638366755617735,4,5,6,500,100.0,98.92,100.0,100.0,100.0,100.0,0.0,0.0
2074,62525,100.0,65.73105282627853,0.9786962646028372,8,5,6,500,100.0,100.0,100.0,100.0,100.0,100.0,0.0,0.0
2075,46855,99.08,66.0315123188535,0.9422430274286234,4,5,6,500,100.0,100.0,99.32,100.0,100.0,95.13,0.0,0.0
2076,102532,99.52,64.30238183635731,1.0220599038476683,7,1,6,500,98.32,100.0,98.83,100.0,100.0,100.0,0.0,0.0
2077,40323,100.0,65.31086231798722,1.008764108697985,0,9,6,500,100.0,100.0,100.0,100.0,100.0,100.0,0.0,0.0
2078,45952,100.0,62.913883641271056,0.987017075045263,4,6,6,500,100.0,100.0,100.0,100.0,100.0,100.0,0.0,0.0
2079,46855,100.0,65.27203513529265,0.9852850855417306,4,5,6,500,100.0,100.0,100.0,100.0,100.0,100.0,0.0,0.0
2080,46855,99.98,65.57448534187273,0.8350215088270799,4,5,6,500,100.0,100.0,100.0,100.0,100.0,99.85,0.0,0.0
2081,45698,99.52,67.50894262176494,1.0106555235340744,2,4,6,500,100.0,100.0,100.0,99.07,98.03,100.0,0.0,0.0
2082,43987,99.8,64.90890482704684,0.907256710090272,1,6,6,500,100.0,98.8,100.0,100.0,100.0,100.0,0.0,0.0
2083,54520,100.0,64.39781599298472,0.9346991989807796,7,5,6,500,100.0,100.0,100.0,100.0,100.0,100.0,0.0,0.0
2084,46859,100.0,64.25547818707527,0.9844121944214675,6,7,6,500,100.0,100.0,100.0,100.0,100.0,100.0,0.0,0.0
2085,62525,99.74,63.60482830152384,1.0428974710960557,8,5,6,500,100.0,100.0,100.0,98.42,100.0,100.0,0.0,0.0
2086,48470,100.0,64.44807459298971,0.954011514331338,10,10,6,500,100.0,100.0,100.0,100.0,100.0,100.0,0.0,0.0
2087,45952,100.0,65.33948071435667,1.0247589659687784,4,6,6,500,100.0,100.0,100.0,100.0,100.0,100.0,0.0,0.0
2088,45952,100.0,66.19066746019294,0.8639423608532235,4,6,6,500,100.0,100.0,100.0,100.0,100.0,100.0,0.0,0.0
2089,86531,100.0,65.31852902534783,1.022854664417941,8,3,6,500,100.0,100.0,100.0,100.0,100.0,100.0,0.0,0.0
2090,46456,99.83,64.91307212046245,0.9535848921488532,6,8,6,500,100.0,100.0,98.98,100.0,100.0,100.0,0.0,0.0
2091,47462,100.0,65.30079193782313,0.9625510673033314,6,6,6,500,100.0,100.0,100.0,100.0,100.0,100.0,0.0,0.0
2092,86531,100.0,65.35969677002652,0.8882584401126563,8,3,6,500,100.0,100.0,100.0,100.0,100.0,100.0,0.0,0.0
2093,49515,99.65,65.0258038539721,0.9078728558363476,6,5,6,500,100.0,100.0,100.0,100.0,100.0,97.89,0.0,0.0
2094,45851,99.78,66.66661117087149,1.043712519611695,2,3,6,500,100.0,100.0,98.7,100.0,100.0,100.0,0.0,0.0
2095,45650,100.0,65.0931945767861,0.9294479184010774,6,10,6,500,100.0,100.0,100.0,100.0,100.0,100.0,0.0,0.0
2096,47208,99.19,64.74287889977155,0.891511325683167,4,4,6,500,98.22,100.0,100.0,98.22,100.0,98.7,0.0,0.0
2097,61521,98.72,65.02352389645087,0.9311157831906856,6,3,6,500,96.45,100.0,98.72,100.0,100.0,97.18,0.0,0.0
2098,46859,100.0,66.02828914275054,0.9191754751443516,6,7,6,500,100.0,100.0,100.0,100.0,100.0,100.0,0.0,0.0
2099,104038,100.0,66.4981762355894,1.0292037413483115,10,4,6,500,100.0,100.0,100.0,100.0,100.0,100.0,0.0,0.0
2100,122537,100.0,65.91827310394517,0.9199007133631074,8,1,6,500,100.0,100.0,100.0,100.0,100.0,100.0,0.0,0.0
2101,104030,99.38,64.3686208509508,0.9664187654535497,6,0,6,500,100.0,100.0,100.0,100.0,100.0,96.29,0.0,0.0
2102,45297,100.0,67.41139490638166,0.9669266071186584,3,6,6,500,100.0,100.0,100.0,100.0,100.0,100.0,0.0,0.0
2103,53516,100.0,66.44782578261368,0.94447684544334,5,3,6,500,100.0,100.0,100.0,100.0,100.0,100.0,0.0,0.0
2104,87535,99.96,66.55114371339205,0.895464214951613,10,5,6,500,99.78,100.0,100.0,100.0,100.0,100.0,0.0,0.0
2105,43987,100.0,64.69688163163647,0.9785526542598384,1,6,6,500,100.0,100.0,100.0,100.0,100.0,100.0,0.0,0.0
2106,150000,100.0,64.68055952490278,0.8273501642871222,11,0,6,500,100.0,100.0,100.0,100.0,100.0,100.0,0.0,0.0
2107,60517,100.0,63.35123791993447,1.0258366964041998,4,1,6,500,100.0,100.0,100.0,100.0,100.0,100.0,0.0,0.0
2108,62023,100.0,65.53830238354352,0.991935543981112,7,4,6,500,100.0,100.0,100.0,100.0,100.0,100.0,0.0,0.0
2109,86531,99.47,66.38165794508487,0.9260971216172188,8,3,6,500,100.0,96.81,100.0,100.0,100.0,100.0,0.0,0.0
2110,53014,100.0,65.1164836779717,1.0079325030506254,4,2,6,500,100.0,100.0,100.0,100.0,100.0,100.0,0.0,0.0
2111,103034,100.0,65.22715134755947,1.011819551825204,8,2,6,500,100.0,100.0,100.0,100.0,100.0,100.0,0.0,0.0
2112,60517,99.44,65.49532494602819,0.8380396413920752,4,1,6,500,99.75,100.0,100.0,96.9,100.0,100.0,0.0,0.0
2113,45545,98.84,65.46163748070828,0.9645723697256692,2,5,6,500,100.0,100.0,100.0,93.03,100.0,100.0,0.0,0.0
2114,47208,98.8,65.0932064740729,0.9447975131367696,4,4,6,500,94.58,100.0,100.0,98.24,100.0,100.0,0.0,0.0
2115,45801,99.79,63.85764628664084,0.9321520753842948,5,8,6,500,100.0,100.0,100.0,100.0,98.76,100.0,0.0,0.0
2116,54018,99.28,65.71629516361828,0.920702440508417,6,4,6,500,95.65,100.0,100.0,100.0,100.0,100.0,0.0,0.0
2117,46200,98.12,67.06374845321788,1.01641067188557,3,5,6,500,100.0,99.36,100.0,93.64,100.0,95.71,0.0,0.0
2118,52512,99.62,65.17652785465961,0.8869145247398325,3,1,6,500,100.0,100.0,100.0,100.0,100.0,97.72,0.0,0.0
2119,54272,100.0,64.99028294542968,0.928305689741326,8,6,6,500,100.0,100.0,100.0,100.0,100.0,100.0,0.0,0.0
2120,122537,98.33,66.46997459964463,0.9795252410047012,8,1,6,500,100.0,100.0,91.92,98.05,100.0,100.0,0.0,0.0
2121,62023,99.84,64.94010719501367,1.0253495784939546,7,4,6,500,99.06,100.0,100.0,100.0,100.0,100.0,0.0,0.0
2122,73786,99.78,64.62205306640081,0.963353190499974,12,8,6,500,100.0,100.0,100.0,100.0,98.7,100.0,0.0,0.0
2123,62525,100.0,65.04832796678812,0.9662686086144692,8,5,6,500,100.0,100.0,100.0,100.0,100.0,100.0,0.0,0.0
2124,61521,99.99,65.60683476254233,0.8815430015782849,6,3,6,500,99.93,100.0,100.0,100.0,100.0,100.0,0.0,0.0
2125,87025,99.34,65.11921542958446,0.9976193523392604,5,0,6,500,100.0,100.0,96.04,100.0,100.0,100.0,0.0,0.0
2126,49267,100.0,63.43746863992698,1.0188274460788498,7,6,6,500,100.0,100.0,100.0,100.0,100.0,100.0,0.0,0.0
2127,46607,99.11,66.68975170111273,0.920538125369558,5,6,6,500,100.0,100.0,100.0,94.67,100.0,100.0,0.0,0.0
2128,102532,99.81,64.88554606473011,0.9715779551915492,7,1,6,500,100.0,100.0,100.0,100.0,100.0,98.88,0.0,0.0
2129,54018,100.0,63.38353248873769,0.9894590791871154,6,4,6,500,100.0,100.0,100.0,100.0,100.0,100.0,0.0,0.0
2130,150000,100.0,65.86282010816326,0.9677290404328877,9,0,6,500,100.0,100.0,100.0,100.0,100.0,100.0,0.0,0.0
2131,46855,100.0,64.91534787310215,0.9821900394573088,4,5,6,500,100.0,100.0,100.0,100.0,100.0,100.0,0.0,0.0
2132,62525,99.93,66.43785685133268,0.9862391502685186,8,5,6,500,100.0,99.57,100.0,100.0,100.0,100.0,0.0,0.0
2133,49515,99.83,65.19028838076335,0.8753885818449735,6,5,6,500,100.0,100.0,100.0,100.0,98.97,100.0,0.0,0.0
2134,103034,100.0,64.21229472500303,1.0406403942651674,8,2,6,500,100.0,100.0,100.0,100.0,100.0,100.0,0.0,0.0
2135,103034,100.0,64.40527511698782,0.9803763297640056,8,2,6,500,100.0,100.0,100.0,100.0,100.0,100.0,0.0,0.0
2136,44743,100.0,64.35764766496126,0.9199378478270548,4,9,6,500,100.0,100.0,100.0,100.0,100.0,100.0,0.0,0.0
2137,46855,99.46,64.74261840993326,0.9513602854187504,4,5,6,500,100.0,96.79,100.0,100.0,100.0,100.0,0.0,0.0
2138,86029,100.0,66.44667760658503,0.8757741282523226,7,2,6,500,100.0,100.0,100.0,100.0,100.0,100.0,0.0,0.0
2139,41129,99.79,65.85026775534776,0.9947394846686214,0,7,6,500,100.0,100.0,100.0,100.0,100.0,98.71,0.0,0.0
2140,49515,99.83,64.40592209822927,0.964731452524532,6,5,6,500,100.0,100.0,100.0,98.98,100.0,100.0,0.0,0.0
2141,46859,100.0,64.51547887642843,0.9715256624410262,6,7,6,500,100.0,100.0,100.0,100.0,100.0,100.0,0.0,0.0
2142,72024,100.0,64.32559694722386,0.9498468710401544,6,2,6,500,100.0,100.0,100.0,100.0,100.0,100.0,0.0,0.0
2143,48511,99.8,66.87816683769894,0.9303669566670952,4,3,6,500,100.0,100.0,100.0,100.0,98.81,100.0,0.0,0.0
2144,46855,99.02,65.49121812330881,0.9647417383447092,4,5,6,500,94.15,100.0,100.0,100.0,100.0,100.0,0.0,0.0
2145,53014,99.79,67.21007353274109,0.9405150451059704,4,2,6,500,100.0,100.0,98.75,100.0,100.0,100.0,0.0,0.0
2146,54018,99.84,66.1121405233453,0.950614071700324,6,4,6,500,100.0,100.0,100.0,99.05,100.0,100.0,0.0,0.0
2147,43836,100.0,64.75098998950175,0.997805686695421,2,8,6,500,100.0,100.0,100.0,100.0,100.0,100.0,0.0,0.0
2148,53014,100.0,64.57272098672922,0.9765920084714128,4,2,6,500,100.0,100.0,100.0,100.0,100.0,100.0,0.0,0.0
2149,71522,99.64,65.13549413521446,0.933931014800232,5,1,6,500,99.58,98.28,100.0,100.0,100.0,100.0,0.0,0.0
2150,54018,97.42,65.858292654487,0.9283300312327996,6,4,6,500,94.56,93.12,99.23,97.58,100.0,100.0,0.0,0.0
2151,47208,98.67,64.82961494245683,0.9525572674277492,4,4,6,500,100.0,100.0,95.78,96.23,100.0,100.0,0.0,0.0
2152,46855,99.79,64.8904319788786,0.9241180346868968,4,5,6,500,98.75,100.0,100.0,100.0,100.0,100.0,0.0,0.0
2153,41129,99.5,65.51601648651474,1.002903960094704,0,7,6,500,97.72,100.0,100.0,100.0,100.0,99.29,0.0,0.0
2154,62525,100.0,65.98761888158289,0.9680881602121636,8,5,6,500,100.0,100.0,100.0,100.0,100.0,100.0,0.0,0.0
2155,44642,99.14,67.04175832463442,1.0028142715190622,2,6,6,500,100.0,94.84,100.0,100.0,100.0,100.0,0.0,0.0
2156,45549,99.88,67.0735749149529,0.9046481479533957,4,7,6,500,100.0,100.0,100.0,99.27,100.0,100.0,0.0,0.0
2157,47208,99.7,64.02941321738939,0.9556139057006524,4,4,6,500,98.23,100.0,100.0,100.0,100.0,100.0,0.0,0.0
2158,45549,100.0,65.4310001415323,0.9260862763000878,4,7,6,500,100.0,100.0,100.0,100.0,100.0,100.0,0.0,0.0
2159,49515,100.0,65.75011118955379,0.932524629024658,6,5,6,500,100.0,100.0,100.0,100.0,100.0,100.0,0.0,0.0
2160,41129,100.0,64.20393134201115,0.9387266102577474,0,7,6,500,100.0,100.0,100.0,100.0,100.0,100.0,0.0,0.0
2161,45297,100.0,65.55140380769298,0.9288130250386726,3,6,6,500,100.0,100.0,100.0,100.0,100.0,100.0,0.0,0.0
2162,47208,98.93,65.42398244497917,0.8549874339461558,4,4,6,500,100.0,100.0,95.97,97.59,100.0,100.0,0.0,0.0
2163,73028,99.85,65.11839734738007,0.8838006131908279,8,4,6,500,100.0,100.0,100.0,100.0,100.0,99.12,0.0,0.0
2164,122537,100.0,65.16148188850447,0.937826587764238,8,1,6,500,100.0,100.0,100.0,100.0,100.0,100.0,0.0,0.0
2165,52512,99.65,67.08124787430816,0.933776981052098,3,1,6,500,100.0,100.0,97.89,100.0,100.0,100.0,0.0,0.0
2166,47462,99.82,64.57859445402181,0.9437357771555608,6,6,6,500,100.0,100.0,98.92,100.0,100.0,100.0,0.0,0.0
2167,86029,100.0,65.82923513537823,1.0287543192445447,7,2,6,500,100.0,100.0,100.0,100.0,100.0,100.0,0.0,0.0
2168,61019,100.0,66.09588618986176,0.9572248399943318,5,2,6,500,100.0,100.0,100.0,100.0,100.0,100.0,0.0,0.0
2169,73028,98.97,64.18467379882514,0.9036699692382966,8,4,6,500,98.79,100.0,99.78,95.25,100.0,100.0,0.0,0.0
2170,53516,100.0,65.38699125442884,1.003275418712568,5,3,6,500,100.0,100.0,100.0,100.0,100.0,100.0,0.0,0.0
2171,46204,99.88,64.4525994811488,0.8500159646116302,5,7,6,500,100.0,99.98,100.0,100.0,99.27,100.0,0.0,0.0
2172,103034,99.5,64.87301320302004,0.970367646376557,8,2,6,500,97.71,100.0,99.32,100.0,100.0,100.0,0.0,0.0
2173,61521,100.0,64.84039368872823,0.9981656385935198,6,3,6,500,100.0,100.0,100.0,100.0,100.0,100.0,0.0,0.0
2174,45952,99.7,65.80861424463312,0.9532963501195482,4,6,6,500,100.0,98.22,100.0,100.0,100.0,100.0,0.0,0.0
2175,54018,99.68,66.53133655151926,0.9773577159250684,6,4,6,500,100.0,100.0,98.05,100.0,100.0,100.0,0.0,0.0
2176,72526,100.0,64.27787923405413,0.9858490008361231,7,3,6,500,100.0,100.0,100.0,100.0,100.0,100.0,0.0,0.0
2177,150000,100.0,66.76913724456534,0.8897945350252933,9,0,6,500,100.0,100.0,99.98,100.0,100.0,100.0,0.0,0.0
2178,46053,99.8,65.77402542570951,0.9169936636117402,6,9,6,500,100.0,100.0,100.0,100.0,98.81,100.0,0.0,0.0
2179,72526,99.53,66.5882241063854,0.9401753982002968,7,3,6,500,100.0,100.0,100.0,100.0,100.0,97.19,0.0,0.0
2180,103536,100.0,65.78791600304996,0.8915164089751499,9,3,6,500,100.0,100.0,100.0,100.0,100.0,100.0,0.0,0.0
2181,45549,99.41,64.86663599140985,0.9127722758463732,4,7,6,500,100.0,100.0,100.0,100.0,100.0,96.46,0.0,0.0
2182,46855,99.72,65.84144508183759,0.9746670349652504,4,5,6,500,100.0,98.32,100.0,100.0,100.0,100.0,0.0,0.0
2183,46859,99.8,65.6146415713705,1.0554076137740598,6,7,6,500,100.0,100.0,100.0,100.0,98.81,100.0,0.0,0.0
2184,48511,100.0,63.23913401516545,0.9804741802829656,4,3,6,500,100.0,100.0,100.0,100.0,100.0,100.0,0.0,0.0
2185,49515,100.0,65.18827829652186,0.8841903817130898,6,5,6,500,100.0,100.0,100.0,100.0,100.0,100.0,0.0,0.0
2186,54018,100.0,65.30862659657502,0.9896529489276636,6,4,6,500,100.0,100.0,100.0,100.0,100.0,100.0,0.0,0.0
2187,45698,100.0,66.0987611108427,0.9422433042969836,2,4,6,500,100.0,100.0,100.0,100.0,100.0,100.0,0.0,0.0
2188,46855,97.01,65.59148680781718,0.8770015384667033,4,5,6,500,98.14,100.0,95.06,100.0,92.59,96.26,0.0,0.0
2189,73028,100.0,65.14825372487665,1.0133949325296934,8,4,6,500,100.0,100.0,100.0,100.0,100.0,100.0,0.0,0.0
2190,49013,100.0,64.97565006008197,0.9554062579642776,5,4,6,500,100.0,100.0,100.0,100.0,100.0,100.0,0.0,0.0
2191,62023,100.0,64.25930022293115,0.92600454048537,7,4,6,500,100.0,100.0,100.0,100.0,100.0,100.0,0.0,0.0
2192,54018,100.0,65.23600685040978,0.8780396210333805,6,4,6,500,100.0,100.0,100.0,100.0,100.0,100.0,0.0,0.0
2193,103536,100.0,63.85603287700866,0.95003480163975,9,3,6,500,100.0,100.0,100.0,100.0,100.0,100.0,0.0,0.0
2194,49267,99.24,66.07641541481303,0.9236356237702844,7,6,6,500,95.45,100.0,100.0,100.0,100.0,100.0,0.0,0.0
2195,39920,99.01,65.26525987014901,0.9032455128609485,0,10,6,500,95.72,98.32,100.0,100.0,100.0,100.0,0.0,0.0
2196,47208,100.0,65.26632453283273,0.9582864190116538,4,4,6,500,100.0,100.0,100.0,100.0,100.0,100.0,0.0,0.0
2197,104038,99.17,64.46788512417747,0.8482029194292429,10,4,6,500,100.0,100.0,100.0,100.0,100.0,95.0,0.0,0.0
2198,87025,99.9,66.60910491710904,0.9431273124265264,5,0,6,500,100.0,99.42,100.0,100.0,100.0,100.0,0.0,0.0
2199,73530,99.66,65.26372844283908,0.9378553809513738,9,5,6,500,100.0,97.96,100.0,100.0,100.0,100.0,0.0,0.0
2200,54018,99.84,64.79038705900126,0.9223289000818632,6,4,6,500,100.0,100.0,99.02,100.0,100.0,100.0,0.0,0.0
2201,54524,100.0,63.521998138391176,1.015184729080263,9,7,6,500,100.0,100.0,100.0,100.0,100.0,100.0,0.0,0.0
2202,46855,100.0,63.49593100601589,0.9525501695344896,4,5,6,500,100.0,100.0,100.0,100.0,100.0,100.0,0.0,0.0
2203,60517,100.0,67.11118099000362,0.9380116838877802,4,1,6,500,100.0,100.0,100.0,100.0,100.0,100.0,0.0,0.0
2204,49515,99.94,64.32510081068658,0.9636452955993424,6,5,6,500,100.0,100.0,100.0,100.0,99.62,100.0,0.0,0.0
2205,45549,100.0,65.50712255807463,0.9535486055701348,4,7,6,500,100.0,100.0,100.0,100.0,100.0,100.0,0.0,0.0
2206,45146,100.0,65.59465875869294,0.9425004418737768,4,8,6,500,100.0,100.0,100.0,100.0,100.0,100.0,0.0,0.0
2207,47462,99.65,67.13330080099867,0.8943605690457307,6,6,6,500,100.0,99.67,100.0,100.0,100.0,98.24,0.0,0.0
2208,73282,100.0,64.16293691943159,0.9875260965510274,10,6,6,500,100.0,100.0,100.0,100.0,100.0,100.0,0.0,0.0
2209,73028,100.0,64.83276277590298,0.9918398639184904,8,4,6,500,100.0,100.0,100.0,100.0,100.0,100.0,0.0,0.0
2210,45851,99.78,64.2448823311633,0.9104194551776854,2,3,6,500,100.0,100.0,98.66,100.0,100.0,100.0,0.0,0.0
2211,73028,94.7,65.50785487321312,0.9530099221582624,8,4,6,500,100.0,100.0,85.85,97.88,100.0,84.46,0.0,0.0
2212,49013,100.0,64.37172290114346,0.911913411355218,5,4,6,500,100.0,100.0,100.0,100.0,100.0,100.0,0.0,0.0
2213,47111,100.0,63.943495374764495,0.9855399043817406,7,8,6,500,100.0,100.0,100.0,100.0,100.0,100.0,0.0,0.0
2214,49267,98.58,64.56971056859932,0.8948380677245951,7,6,6,500,100.0,93.54,100.0,100.0,97.96,100.0,0.0,0.0
2215,47208,99.87,63.92250648607495,0.8716673233069673,4,4,6,500,100.0,100.0,100.0,100.0,100.0,99.2,0.0,0.0
2216,85527,100.0,67.61165673374255,0.897015402109172,6,1,6,500,100.0,100.0,100.0,100.0,100.0,100.0,0.0,0.0
2217,47208,100.0,64.887434590278,0.9133451857098268,4,4,6,500,100.0,100.0,100.0,100.0,100.0,100.0,0.0,0.0
2218,104038,100.0,64.33028073533399,0.948062521568064,10,4,6,500,100.0,100.0,100.0,100.0,100.0,100.0,0.0,0.0
2219,60517,99.68,67.66428385887271,0.9196783066766416,4,1,6,500,98.05,100.0,100.0,100.0,100.0,100.0,0.0,0.0
2220,48511,99.96,64.54500024161526,0.9720982638768846,4,3,6,500,99.75,100.0,100.0,100.0,100.0,100.0,0.0,0.0
2221,49515,100.0,65.69103365282962,0.9313568240707516,6,5,6,500,100.0,100.0,100.0,100.0,100.0,100.0,0.0,0.0
2222,150000,99.71,65.23894816523702,0.9702362598149156,9,0,6,500,100.0,100.0,98.28,100.0,100.0,100.0,0.0,0.0
2223,62529,98.53,66.42384582354687,0.9208014587993432,10,7,6,500,97.58,100.0,99.63,93.98,100.0,100.0,0.0,0.0
2224,47966,100.0,65.94365389051444,0.8693069419323084,8,8,6,500,100.0,100.0,100.0,100.0,100.0,100.0,0.0,0.0
2225,46859,98.72,66.63460188492358,0.8967711090651761,6,7,6,500,100.0,100.0,96.17,97.67,98.49,100.0,0.0,0.0
2226,150000,100.0,67.13143856768266,0.908838425831162,10,0,6,500,100.0,100.0,100.0,100.0,100.0,100.0,0.0,0.0
2227,86531,99.48,66.31601728287914,0.9725787564801542,8,3,6,500,100.0,100.0,100.0,100.0,100.0,96.86,0.0,0.0
2228,61521,100.0,64.67933235404982,0.8771657843640077,6,3,6,500,100.0,100.0,100.0,100.0,100.0,100.0,0.0,0.0
2229,73530,99.75,64.9451794662163,0.978993174823232,9,5,6,500,100.0,100.0,100.0,100.0,100.0,98.48,0.0,0.0
2230,103034,99.22,64.5708492187569,0.9320936644633568,8,2,6,500,95.35,100.0,100.0,100.0,100.0,100.0,0.0,0.0
2231,85527,100.0,65.02063483945133,0.8905053749082543,6,1,6,500,100.0,100.0,100.0,100.0,100.0,100.0,0.0,0.0
2232,122537,99.16,65.2728693885113,0.9772985974313668,8,1,6,500,100.0,98.22,96.72,100.0,100.0,100.0,0.0,0.0
2233,49771,99.58,66.62487489906337,0.9488720601219144,9,8,6,500,100.0,100.0,100.0,97.47,100.0,100.0,0.0,0.0
2234,87033,100.0,65.44249678829179,0.9098385649865264,9,4,6,500,100.0,100.0,100.0,100.0,100.0,100.0,0.0,0.0
2235,47462,99.6,66.39365528081427,0.917033271575394,6,6,6,500,100.0,100.0,100.0,97.6,100.0,100.0,0.0,0.0
2236,45247,99.82,66.01072260776102,0.9113585900444312,6,11,6,500,100.0,100.0,100.0,100.0,98.89,100.0,0.0,0.0
2237,53516,99.26,65.70154159007717,0.8658918379393432,5,3,6,500,100.0,100.0,100.0,100.0,99.72,95.86,0.0,0.0
2238,72526,100.0,64.80760585667242,0.9535809613546724,7,3,6,500,100.0,100.0,100.0,100.0,100.0,100.0,0.0,0.0
2239,147040,99.88,63.76192631304161,0.8999084349223535,8,0,6,500,100.0,100.0,100.0,100.0,100.0,99.29,0.0,0.0
2240,72024,99.7,64.82048867585571,0.9667163494787218,6,2,6,500,98.22,100.0,100.0,100.0,100.0,100.0,0.0,0.0
2241,86531,100.0,66.39980114310907,0.9164448290497192,8,3,6,500,100.0,100.0,100.0,100.0,100.0,100.0,0.0,0.0
2242,49267,100.0,63.64317124566783,0.9760621142549908,7,6,6,500,100.0,100.0,100.0,100.0,100.0,100.0,0.0,0.0
2243,122537,99.37,65.2789644955217,0.927350322351686,8,1,6,500,99.29,100.0,100.0,100.0,96.94,100.0,0.0,0.0
2244,124545,99.18,65.02756655242251,0.9714446728211404,12,5,6,500,99.89,100.0,95.16,100.0,100.0,100.0,0.0,0.0
2245,150000,100.0,64.41951881860317,0.9557123205092448,10,1,6,500,100.0,100.0,100.0,100.0,100.0,100.0,0.0,0.0
2246,123039,100.0,63.9567869535624,0.994114082726526,9,2,6,500,100.0,100.0,100.0,100.0,100.0,100.0,0.0,0.0
2247,61521,99.2,64.88460484770583,0.9339706954631858,6,3,6,500,95.2,100.0,100.0,100.0,100.0,100.0,0.0,0.0
2248,54018,100.0,63.17156983761701,1.0513218294857265,6,4,6,500,100.0,100.0,100.0,100.0,100.0,100.0,0.0,0.0
2249,61521,100.0,64.01045346849135,0.8732851953884119,6,3,6,500,100.0,100.0,100.0,100.0,100.0,100.0,0.0,0.0
2250,49013,99.13,64.50814145290173,0.896166968578678,5,4,6,500,100.0,100.0,100.0,100.0,100.0,94.77,0.0,0.0
2251,54018,100.0,64.89447694331142,0.9509479279479808,6,4,6,500,100.0,100.0,100.0,100.0,100.0,100.0,0.0,0.0
2252,45698,99.45,65.56109976453527,0.9615364570723612,2,4,6,500,100.0,100.0,96.71,100.0,100.0,100.0,0.0,0.0
2253,45297,99.59,64.8756581275696,0.8558194856435848,3,6,6,500,100.0,100.0,100.0,100.0,97.56,100.0,0.0,0.0
2254,46456,99.3,63.8828650943997,0.8730227405281759,6,8,6,500,100.0,100.0,96.24,99.59,100.0,100.0,0.0,0.0
2255,73530,100.0,64.63757315998501,0.8772170176486447,9,5,6,500,100.0,100.0,100.0,100.0,100.0,100.0,0.0,0.0
2256,147048,99.77,64.32699445489438,0.989246714987225,12,4,6,500,100.0,100.0,98.6,100.0,100.0,100.0,0.0,0.0
2257,104038,99.58,65.02546834198945,0.8964712017323022,10,4,6,500,100.0,100.0,97.46,100.0,100.0,100.0,0.0,0.0
2258,123541,100.0,64.50878782511144,0.9281325009408816,10,3,6,500,100.0,100.0,100.0,100.0,100.0,100.0,0.0,0.0
2259,87539,100.0,64.62898687317404,0.8962790396403038,12,7,6,500,100.0,100.0,100.0,100.0,100.0,100.0,0.0,0.0
2260,104030,100.0,64.95922095771934,0.8852941723702163,6,0,6,500,100.0,100.0,100.0,100.0,100.0,100.0,0.0,0.0
2261,73020,99.96,64.83576202169309,0.9453851345008156,4,0,6,500,100.0,100.0,100.0,100.0,99.75,100.0,0.0,0.0
2262,54018,97.94,66.29803155033896,1.008778879987274,6,4,6,500,97.58,97.06,100.0,94.63,100.0,98.36,0.0,0.0
2263,73028,99.63,64.95374818166768,0.9601665854721406,8,4,6,500,100.0,97.8,100.0,100.0,100.0,100.0,0.0,0.0
2264,54520,96.54,65.76131615850059,0.8646857692944925,7,5,6,500,85.32,100.0,94.44,100.0,100.0,99.46,0.0,0.0
2265,150000,99.02,65.3228589796668,0.8711088770687387,11,2,6,500,100.0,100.0,100.0,100.0,98.19,95.94,0.0,0.0
2266,54018,100.0,63.30579343071284,0.9212825239409848,6,4,6,500,100.0,100.0,100.0,100.0,100.0,100.0,0.0,0.0
2267,73530,100.0,65.6805764588577,0.8987439442498901,9,5,6,500,100.0,100.0,100.0,100.0,100.0,100.0,0.0,0.0
2268,54018,100.0,63.33651316534594,0.9472104716095422,6,4,6,500,100.0,100.0,100.0,100.0,100.0,100.0,0.0,0.0
2269,61019,99.89,67.04817909922632,0.9226163911962976,5,2,6,500,100.0,99.35,100.0,100.0,100.0,100.0,0.0,0.0
2270,46855,100.0,65.02947344979123,0.9256647898704038,4,5,6,500,100.0,100.0,100.0,100.0,100.0,100.0,0.0,0.0
2271,42741,99.32,66.33132135423645,0.8575932758382483,0,3,6,500,100.0,100.0,100.0,95.93,100.0,100.0,0.0,0.0
2272,104038,92.22,65.71736325677557,0.9570348851873636,10,4,6,500,100.0,78.77,100.0,86.83,89.38,98.37,0.0,0.0
2273,73028,99.93,64.55068934063512,0.8994055979843245,8,4,6,500,100.0,100.0,100.0,100.0,99.57,100.0,0.0,0.0
2274,103034,100.0,64.61727986483214,0.9093118718694528,8,2,6,500,100.0,100.0,100.0,100.0,100.0,100.0,0.0,0.0
2275,62015,99.46,64.48187849560463,0.8848604834876994,3,0,6,500,97.2,99.53,100.0,100.0,100.0,100.0,0.0,0.0
2276,123541,98.33,65.88699721913787,0.8365517676192815,10,3,6,500,95.0,97.62,100.0,97.37,100.0,100.0,0.0,0.0
2277,54018,100.0,66.51913134004113,0.9865830983879322,6,4,6,500,100.0,100.0,100.0,100.0,100.0,100.0,0.0,0.0
2278,48511,99.85,64.82029230098708,0.9877688299333696,4,3,6,500,100.0,100.0,100.0,100.0,100.0,99.1,0.0,0.0
2279,49515,100.0,65.65455773897534,0.8538555159322317,6,5,6,500,100.0,100.0,100.0,100.0,100.0,100.0,0.0,0.0
2280,86531,94.7,64.86370683847395,0.8602162236331872,8,3,6,500,84.98,91.85,91.4,100.0,100.0,100.0,0.0,0.0
2281,47208,100.0,64.71973078845103,0.9586566753210894,4,4,6,500,100.0,100.0,100.0,100.0,100.0,100.0,0.0,0.0
2282,61521,100.0,65.29497267836054,0.9090979389075206,6,3,6,500,100.0,100.0,100.0,100.0,100.0,100.0,0.0,0.0
2283,150000,100.0,65.62307406439808,0.8445935413270975,10,0,6,500,100.0,100.0,100.0,100.0,100.0,100.0,0.0,0.0
2284,103536,100.0,63.723774463363775,0.9067433745218412,9,3,6,500,100.0,100.0,100.0,100.0,100.0,100.0,0.0,0.0
2285,45851,99.34,65.72063202901114,0.9416514761717024,2,3,6,500,100.0,100.0,96.07,100.0,100.0,100.0,0.0,0.0
2286,62525,99.73,65.83272496341216,0.8624430573711352,8,5,6,500,100.0,100.0,100.0,100.0,98.37,100.0,0.0,0.0
2287,45549,99.61,67.1977790341402,0.9197238783964238,4,7,6,500,100.0,100.0,100.0,100.0,100.0,97.67,0.0,0.0
2288,150000,99.71,64.49959585916076,0.972078471999115,12,0,6,500,100.0,100.0,100.0,98.29,100.0,100.0,0.0,0.0
2289,150000,100.0,66.2580874524536,0.95500850916821,10,0,6,500,100.0,100.0,100.0,100.0,100.0,100.0,0.0,0.0
2290,42435,97.88,63.980583501543634,0.8518210940921392,0,5,6,500,96.56,90.74,100.0,100.0,100.0,100.0,0.0,0.0
2291,85527,98.21,65.31197413955395,0.887729238172104,6,1,6,500,100.0,100.0,100.0,96.51,94.15,98.58,0.0,0.0
2292,73028,100.0,65.37115629937027,0.9938544433991088,8,4,6,500,100.0,100.0,100.0,100.0,100.0,100.0,0.0,0.0
2293,47714,100.0,65.21338097244762,0.9490776896493904,7,7,6,500,100.0,100.0,100.0,100.0,100.0,100.0,0.0,0.0
2294,54018,99.72,65.79127202334935,0.8580964050062961,6,4,6,500,100.0,100.0,99.81,100.0,98.5,100.0,0.0,0.0
2295,45952,100.0,65.25560795804198,0.9428869112557128,4,6,6,500,100.0,100.0,100.0,100.0,100.0,100.0,0.0,0.0
2296,85527,100.0,65.37596034126837,0.9906766523078252,6,1,6,500,100.0,100.0,100.0,100.0,100.0,100.0,0.0,0.0
2297,44894,100.0,63.243684589339466,0.843278726180225,3,7,6,500,100.0,100.0,100.0,100.0,100.0,100.0,0.0,0.0
2298,47462,100.0,67.15912057189159,0.9929309569225514,6,6,6,500,100.0,100.0,100.0,100.0,100.0,100.0,0.0,0.0
2299,73282,100.0,66.2846755867809,0.9909322646674475,10,6,6,500,100.0,100.0,100.0,100.0,100.0,100.0,0.0,0.0
2300,60517,93.13,65.97964455389392,0.969011685981798,4,1,6,500,100.0,96.47,85.01,89.52,87.78,100.0,0.0,0.0
2301,122537,99.6,65.03349074720634,0.8932081474233314,8,1,6,500,97.63,100.0,100.0,100.0,100.0,100.0,0.0,0.0
2302,150000,99.65,64.7548332559323,0.9306644974416296,10,1,6,500,100.0,98.63,100.0,99.27,100.0,100.0,0.0,0.0
2303,62023,99.18,65.45782271535249,0.936329144286358,7,4,6,500,100.0,95.11,100.0,100.0,100.0,100.0,0.0,0.0
2304,145542,100.0,62.75149498212701,0.911431141102612,9,1,6,500,100.0,100.0,100.0,100.0,100.0,100.0,0.0,0.0
2305,150000,100.0,64.71361612411886,0.94788201944417,10,0,6,500,100.0,100.0,100.0,100.0,100.0,100.0,0.0,0.0
2306,46456,100.0,66.21165062148428,0.8859409495708775,6,8,6,500,100.0,100.0,100.0,100.0,100.0,100.0,0.0,0.0
2307,122537,96.4,64.81947968433663,0.9136242600088024,8,1,6,500,99.49,95.71,100.0,83.17,100.0,100.0,0.0,0.0
2308,44239,99.64,65.14036054703539,0.939587522230055,2,7,6,500,97.86,100.0,100.0,100.0,100.0,100.0,0.0,0.0
2309,150000,100.0,64.92985976326904,0.9671496973900156,9,0,6,500,100.0,100.0,100.0,100.0,100.0,100.0,0.0,0.0
2310,103034,100.0,64.38436297210596,0.9299995615461764,8,2,6,500,100.0,100.0,100.0,100.0,100.0,100.0,0.0,0.0
2311,86029,100.0,64.84084898466027,0.9990369442510216,7,2,6,500,100.0,100.0,100.0,100.0,100.0,100.0,0.0,0.0
2312,54272,100.0,66.36080165817455,0.9119104522688926,8,6,6,500,100.0,100.0,100.0,100.0,100.0,100.0,0.0,0.0
2313,87535,99.83,65.35850092459846,0.90210207105053,10,5,6,500,98.96,100.0,100.0,100.0,100.0,100.0,0.0,0.0
2314,54018,99.95,66.07383967712057,0.924608755619124,6,4,6,500,100.0,100.0,99.71,100.0,100.0,100.0,0.0,0.0
2315,62277,99.48,68.10991145477598,0.9596425154758144,9,6,6,500,100.0,100.0,98.32,100.0,98.55,100.0,0.0,0.0
2316,150000,99.8,64.72703647074182,0.9915769599330896,10,1,6,500,100.0,100.0,100.0,98.79,100.0,100.0,0.0,0.0
2317,150000,100.0,64.2631732876521,0.9179926631790618,10,0,6,500,100.0,100.0,100.0,100.0,100.0,100.0,0.0,0.0
2318,123541,100.0,66.18729031735742,0.9288756000072234,10,3,6,500,100.0,100.0,100.0,100.0,100.0,100.0,0.0,0.0
2319,60517,96.86,65.33784068674717,0.840490432412997,4,1,6,500,100.0,100.0,100.0,91.31,92.33,97.5,0.0,0.0
2320,45549,99.6,65.68668985339738,0.8952335260681755,4,7,6,500,100.0,100.0,100.0,97.58,100.0,100.0,0.0,0.0
2321,103034,100.0,63.92930378756359,0.8524316980657255,8,2,6,500,100.0,100.0,100.0,100.0,100.0,100.0,0.0,0.0
2322,150000,99.89,66.22909315965235,0.962692243646616,11,0,6,500,100.0,100.0,100.0,100.0,100.0,99.33,0.0,0.0
2323,146546,99.2,67.12626461159559,0.9227785531347562,11,3,6,500,100.0,100.0,100.0,100.0,95.2,100.0,0.0,0.0
2324,122537,100.0,64.251853789237,0.8475446236071529,8,1,6,500,100.0,100.0,100.0,100.0,100.0,100.0,0.0,0.0
2325,54018,99.94,65.58946998433429,0.8946825391459412,6,4,6,500,100.0,100.0,100.0,100.0,100.0,99.66,0.0,0.0
2326,44642,100.0,65.3578553873644,0.8679936649703853,2,6,6,500,100.0,100.0,100.0,100.0,100.0,100.0,0.0,0.0
2327,85527,100.0,68.4292503374507,0.859649243343212,6,1,6,500,100.0,100.0,100.0,100.0,100.0,100.0,0.0,0.0
2328,123541,100.0,63.75215792549603,0.8496159016218451,10,3,6,500,100.0,100.0,100.0,100.0,100.0,100.0,0.0,0.0
2329,72024,99.54,64.88147472605185,0.9349560402540652,6,2,6,500,100.0,98.41,98.81,100.0,100.0,100.0,0.0,0.0
2330,123541,100.0,63.514556882091824,0.8465260440349935,10,3,6,500,100.0,100.0,100.0,100.0,100.0,100.0,0.0,0.0
2331,73786,100.0,68.49545367758073,0.9082294002390492,12,8,6,500,100.0,100.0,100.0,100.0,100.0,100.0,0.0,0.0
2332,73028,99.77,64.78301566147275,0.8483603592711536,8,4,6,500,100.0,100.0,98.62,100.0,100.0,100.0,0.0,0.0
2333,124035,100.0,65.33887196673926,0.8882452411885551,7,0,6,500,100.0,100.0,100.0,100.0,100.0,100.0,0.0,0.0
2334,86531,99.83,66.03954975650673,0.9174277610599508,8,3,6,500,100.0,100.0,100.0,98.96,100.0,100.0,0.0,0.0
2335,46204,100.0,64.5093923761221,0.8986089083347477,5,7,6,500,100.0,100.0,100.0,100.0,100.0,100.0,0.0,0.0
2336,54272,100.0,65.30560953534847,1.0160340836512507,8,6,6,500,100.0,100.0,100.0,100.0,100.0,100.0,0.0,0.0
2337,47462,100.0,64.31782078225393,0.8945647159723918,6,6,6,500,100.0,100.0,100.0,100.0,100.0,100.0,0.0,0.0
2338,73028,100.0,64.66872042971193,1.0079110565529124,8,4,6,500,100.0,100.0,100.0,100.0,100.0,100.0,0.0,0.0
2339,122537,99.82,66.07290360903283,0.8034799650995189,8,1,6,500,98.92,100.0,100.0,100.0,100.0,100.0,0.0,0.0
2340,62525,99.87,66.11260138884161,1.0201090227348195,8,5,6,500,100.0,99.22,100.0,100.0,100.0,100.0,0.0,0.0
2341,48511,100.0,67.22674367892033,0.8428227052465048,4,3,6,500,100.0,100.0,100.0,100.0,100.0,100.0,0.0,0.0
2342,85527,100.0,65.73213649298806,0.9361233254584068,6,1,6,500,100.0,100.0,100.0,100.0,100.0,100.0,0.0,0.0
2343,150000,99.86,66.07980290368384,0.8767335769921866,11,1,6,500,99.19,100.0,100.0,100.0,100.0,100.0,0.0,0.0
2344,150000,100.0,65.88759904016499,0.8686943803485634,10,0,6,500,100.0,100.0,100.0,100.0,100.0,100.0,0.0,0.0
2345,46607,99.55,65.08683248662699,1.0014624804925143,5,6,6,500,100.0,100.0,99.49,100.0,100.0,97.79,0.0,0.0
2346,150000,99.3,65.30064109089238,0.9563004704265022,9,0,6,500,100.0,100.0,100.0,100.0,100.0,95.8,0.0,0.0
2347,49515,100.0,66.27128506765318,0.9043728018524304,6,5,6,500,100.0,100.0,100.0,100.0,100.0,100.0,0.0,0.0
2348,147040,100.0,65.96500731641761,0.8428472590102618,8,0,6,500,100.0,100.0,100.0,100.0,100.0,100.0,0.0,0.0
2349,150000,99.76,65.7317123170601,0.9062687668755433,10,1,6,500,100.0,100.0,100.0,100.0,98.55,100.0,0.0,0.0
2350,146546,98.81,66.20246538741561,0.916481050195028,11,3,6,500,99.52,100.0,100.0,100.0,99.1,94.26,0.0,0.0
2351,54010,99.15,66.20291030443148,0.9989810142280526,2,0,6,500,100.0,94.9,100.0,100.0,100.0,100.0,0.0,0.0
2352,123039,99.79,65.623022685111,0.976066291560464,9,2,6,500,100.0,98.76,100.0,100.0,100.0,100.0,0.0,0.0
2353,49771,100.0,65.78663859948959,0.9049304014099392,9,8,6,500,100.0,100.0,100.0,100.0,100.0,100.0,0.0,0.0
2354,43433,99.95,66.49759869796056,0.8853780081444378,2,9,6,500,99.72,100.0,100.0,100.0,100.0,100.0,0.0,0.0
2355,85527,100.0,63.993297978885785,0.843125170639468,6,1,6,500,100.0,100.0,100.0,100.0,100.0,100.0,0.0,0.0
2356,72526,99.99,64.44715637916549,0.892912917973295,7,3,6,500,100.0,100.0,100.0,99.96,100.0,100.0,0.0,0.0
2357,104030,100.0,65.27601850172678,0.9110487606073072,6,0,6,500,100.0,100.0,100.0,100.0,100.0,100.0,0.0,0.0
2358,104540,99.11,65.24166065616689,0.8341810453952901,11,5,6,500,94.68,100.0,100.0,100.0,100.0,100.0,0.0,0.0
2359,87539,99.38,64.9594489522963,0.8990759313321184,12,7,6,500,100.0,100.0,100.0,96.29,100.0,100.0,0.0,0.0
2360,103034,100.0,66.07288455901777,0.9860859373048536,8,2,6,500,100.0,100.0,100.0,100.0,100.0,100.0,0.0,0.0
2361,54520,99.77,66.99087302158313,0.97068772846776,7,5,6,500,100.0,100.0,98.62,100.0,100.0,100.0,0.0,0.0
2362,86029,99.86,64.41723015700711,0.9283958810146686,7,2,6,500,100.0,100.0,100.0,100.0,100.0,99.15,0.0,0.0
2363,72024,99.59,66.17334876978904,0.8784848006498005,6,2,6,500,100.0,97.96,100.0,100.0,99.59,100.0,0.0,0.0
2364,150000,100.0,67.58758867956176,0.9056657269035177,9,0,6,500,100.0,100.0,100.0,100.0,100.0,100.0,0.0,0.0
2365,72526,98.56,64.91817049781021,1.031118714546812,7,3,6,500,100.0,98.55,100.0,100.0,92.79,100.0,0.0,0.0
2366,85527,100.0,66.33456741020439,0.9841512560576228,6,1,6,500,100.0,100.0,100.0,100.0,100.0,100.0,0.0,0.0
2367,44894,99.92,65.48603457018503,0.9048929536484626,3,7,6,500,100.0,100.0,100.0,100.0,100.0,99.52,0.0,0.0
2368,147040,98.69,67.26038185992468,0.969370295314392,8,0,6,500,95.95,98.19,100.0,100.0,98.01,100.0,0.0,0.0
2369,85527,100.0,66.03800619923325,0.8198599167548369,6,1,6,500,100.0,100.0,100.0,100.0,100.0,100.0,0.0,0.0
2370,53014,99.6,65.63371239319721,0.8437185106573597,4,2,6,500,100.0,100.0,100.0,100.0,100.0,97.58,0.0,0.0
2371,146044,98.65,65.1952990296521,0.963176626526071,10,2,6,500,100.0,100.0,100.0,96.29,95.6,100.0,0.0,0.0
2372,103536,97.46,65.70580688141742,0.9407160417142232,9,3,6,500,100.0,99.42,92.55,92.77,100.0,100.0,0.0,0.0
2373,45545,100.0,66.23933402917869,0.8991353466423977,2,5,6,500,100.0,100.0,100.0,100.0,100.0,100.0,0.0,0.0
2374,62023,99.35,65.33843033491213,0.8293561681351974,7,4,6,500,100.0,100.0,97.94,98.16,100.0,100.0,0.0,0.0
2375,45545,99.27,64.89403917689147,0.8969063810640047,2,5,6,500,100.0,100.0,100.0,100.0,100.0,95.6,0.0,0.0
2376,87535,100.0,65.4871364529886,0.911004922888837,10,5,6,500,100.0,100.0,100.0,100.0,100.0,100.0,0.0,0.0
2377,46706,100.0,64.98899447352781,0.9100682340537988,3,3,6,500,100.0,100.0,100.0,100.0,100.0,100.0,0.0,0.0
2378,46456,100.0,65.61844437774933,0.955118460350417,6,8,6,500,100.0,100.0,100.0,100.0,100.0,100.0,0.0,0.0
2379,86531,100.0,63.38422919674711,0.9357385334427352,8,3,6,500,100.0,100.0,100.0,100.0,100.0,100.0,0.0,0.0
2380,104038,99.7,64.69179291808325,0.973013784910364,10,4,6,500,100.0,100.0,100.0,100.0,98.19,100.0,0.0,0.0
2381,47462,100.0,65.10067074741508,0.9358552161826166,6,6,6,500,100.0,100.0,100.0,100.0,100.0,100.0,0.0,0.0
2382,54520,99.86,65.54642758082322,0.8776159667375166,7,5,6,500,100.0,100.0,100.0,100.0,100.0,99.19,0.0,0.0
2383,123039,99.02,66.8298088720541,0.9262962567482008,9,2,6,500,94.13,100.0,100.0,100.0,100.0,100.0,0.0,0.0
2384,146044,99.8,64.96718313805289,0.8755297692843023,10,2,6,500,98.79,100.0,100.0,100.0,100.0,100.0,0.0,0.0
2385,150000,100.0,66.32090997452359,0.9177293786123468,10,1,6,500,100.0,100.0,100.0,100.0,100.0,100.0,0.0,0.0
2386,73530,100.0,65.52993601289289,0.9336236624092936,9,5,6,500,100.0,100.0,100.0,100.0,100.0,100.0,0.0,0.0
2387,150000,99.62,68.06290649842259,0.86388842382877,11,1,6,500,100.0,100.0,100.0,97.72,100.0,100.0,0.0,0.0
2388,47507,98.59,65.2444556181026,0.920765404480126,2,1,6,500,100.0,100.0,100.0,91.55,100.0,100.0,0.0,0.0
2389,73020,100.0,64.42336745952075,0.9164139629700644,4,0,6,500,100.0,100.0,100.0,100.0,100.0,100.0,0.0,0.0
2390,103034,99.62,66.45759750745283,0.9006649677191216,8,2,6,500,100.0,100.0,100.0,97.71,100.0,100.0,0.0,0.0
2391,73028,100.0,65.35330819114981,0.8969486265036944,8,4,6,500,100.0,100.0,100.0,100.0,100.0,100.0,0.0,0.0
2392,62023,100.0,66.18722759671991,0.9341134552904748,7,4,6,500,100.0,100.0,100.0,100.0,100.0,100.0,0.0,0.0
2393,123541,100.0,66.54090851898303,0.8649667143792621,10,3,6,500,100.0,100.0,100.0,100.0,100.0,100.0,0.0,0.0
2394,147048,100.0,66.86938681603044,0.8684253183313323,12,4,6,500,100.0,100.0,100.0,100.0,100.0,100.0,0.0,0.0
2395,104038,99.3,65.38142316797133,0.8717420309476297,10,4,6,500,100.0,100.0,100.0,100.0,95.78,100.0,0.0,0.0
2396,73028,100.0,67.18408213783164,0.8792927146450894,8,4,6,500,100.0,100.0,100.0,100.0,100.0,100.0,0.0,0.0
2397,146044,100.0,66.45237427842007,0.9296624201203154,10,2,6,500,100.0,100.0,100.0,100.0,100.0,100.0,0.0,0.0
2398,150000,100.0,66.25954504957086,0.8267935104944031,10,1,6,500,100.0,100.0,100.0,100.0,100.0,100.0,0.0,0.0
2399,62525,99.81,66.82473946472486,0.8790853586917807,8,5,6,500,100.0,100.0,100.0,98.84,100.0,100.0,0.0,0.0
2400,86531,99.23,65.69187610945586,0.9254779587983956,8,3,6,500,100.0,95.37,100.0,100.0,100.0,100.0,0.0,0.0
2401,147048,100.0,65.40721455547859,0.9621903007722186,12,4,6,500,100.0,100.0,100.0,100.0,100.0,100.0,0.0,0.0
2402,150000,100.0,65.9717762479127,0.9029732597673557,13,0,6,500,100.0,100.0,100.0,100.0,100.0,100.0,0.0,0.0
2403,124043,100.0,66.28054576559416,0.8773466489412378,11,4,6,500,100.0,100.0,100.0,100.0,100.0,100.0,0.0,0.0
2404,103034,100.0,64.29306805656196,0.996837386881566,8,2,6,500,100.0,100.0,100.0,100.0,100.0,100.0,0.0,0.0
2405,53014,98.55,65.14543393732185,0.892017661550433,4,2,6,500,100.0,100.0,100.0,100.0,100.0,91.32,0.0,0.0
2406,147048,94.42,64.92203277732263,0.8458395478413525,12,4,6,500,87.98,89.82,88.72,100.0,100.0,100.0,0.0,0.0
2407,60517,98.96,66.19666034241015,0.9416504533687132,4,1,6,500,100.0,100.0,95.26,99.75,98.77,100.0,0.0,0.0
2408,61521,100.0,66.7855368054987,0.876663469984123,6,3,6,500,100.0,100.0,100.0,100.0,100.0,100.0,0.0,0.0
2409,150000,99.85,65.50278069730689,0.8363859992293436,9,0,6,500,100.0,100.0,99.09,100.0,100.0,100.0,0.0,0.0
2410,86531,99.86,65.866497511578,0.8620142324711402,8,3,6,500,100.0,100.0,100.0,100.0,100.0,99.14,0.0,0.0
2411,46053,99.55,64.68924356503213,0.9235350243427678,6,9,6,500,100.0,100.0,97.28,100.0,100.0,100.0,0.0,0.0
2412,87033,98.76,64.50707403943386,0.8502806387743342,9,4,6,500,100.0,100.0,97.23,100.0,100.0,95.3,0.0,0.0
2413,46204,100.0,65.5944087383694,0.9011113022755256,5,7,6,500,100.0,100.0,100.0,100.0,100.0,100.0,0.0,0.0
2414,102532,100.0,64.67012321507266,0.7671557267831755,7,1,6,500,100.0,100.0,100.0,100.0,100.0,100.0,0.0,0.0
2415,47462,100.0,64.525160474225,0.9526627955678076,6,6,6,500,100.0,100.0,100.0,100.0,100.0,100.0,0.0,0.0
2416,53516,99.62,64.53328996706826,1.001353261576415,5,3,6,500,97.75,100.0,100.0,100.0,100.0,100.0,0.0,0.0
2417,73028,98.96,64.58040981315854,0.8239101409886911,8,4,6,500,100.0,100.0,100.0,97.38,96.41,100.0,0.0,0.0
2418,147048,99.82,63.90788592745878,0.9272843474218572,12,4,6,500,100.0,100.0,98.9,100.0,100.0,100.0,0.0,0.0
2419,150000,100.0,64.53528208368856,0.9488874258085456,13,0,6,500,100.0,100.0,100.0,100.0,100.0,100.0,0.0,0.0
2420,47966,100.0,66.49658909654941,0.972751608390669,8,8,6,500,100.0,100.0,100.0,100.0,100.0,100.0,0.0,0.0
2421,62529,100.0,64.2735594194736,0.9631778485352196,10,7,6,500,100.0,100.0,100.0,100.0,100.0,100.0,0.0,0.0
2422,146044,100.0,65.99115342104534,0.9387622901003732,10,2,6,500,100.0,100.0,100.0,100.0,100.0,100.0,0.0,0.0
2423,54018,99.95,64.5836005448802,0.8941638254448252,6,4,6,500,100.0,100.0,100.0,100.0,100.0,99.71,0.0,0.0
2424,45851,99.28,65.13304114179127,0.831411772387862,2,3,6,500,100.0,100.0,100.0,99.32,100.0,96.37,0.0,0.0
2425,104030,100.0,67.69119333892512,0.817547724252614,6,0,6,500,100.0,100.0,100.0,100.0,100.0,100.0,0.0,0.0
2426,49515,99.44,64.66545002919285,0.810594881105431,6,5,6,500,96.62,100.0,100.0,100.0,100.0,100.0,0.0,0.0
2427,54776,100.0,65.97929782148634,0.8043008168717556,10,8,6,500,100.0,100.0,100.0,100.0,100.0,100.0,0.0,0.0
2428,104030,100.0,64.92198509592488,0.9929836955319288,6,0,6,500,100.0,100.0,100.0,100.0,100.0,100.0,0.0,0.0
2429,46855,100.0,66.68960229778442,1.0272213140818856,4,5,6,500,100.0,100.0,100.0,100.0,100.0,100.0,0.0,0.0
2430,54018,99.85,65.7539862370444,0.9435640964730992,6,4,6,500,100.0,99.12,100.0,100.0,100.0,100.0,0.0,0.0
2431,85527,100.0,65.36685741659672,0.8446650282456695,6,1,6,500,100.0,100.0,100.0,100.0,100.0,100.0,0.0,0.0
2432,85527,100.0,65.19617092360018,0.8974992717895152,6,1,6,500,100.0,100.0,100.0,100.0,100.0,100.0,0.0,0.0
2433,150000,100.0,65.84209862764708,0.939602880546455,15,0,6,500,100.0,100.0,100.0,100.0,100.0,100.0,0.0,0.0
2434,103034,99.76,64.94148007482681,0.9323308439216392,8,2,6,500,100.0,100.0,100.0,100.0,100.0,98.57,0.0,0.0
2435,103034,100.0,66.93387660810238,0.9030171033913836,8,2,6,500,100.0,100.0,100.0,100.0,100.0,100.0,0.0,0.0
2436,122537,100.0,65.16813532675376,0.8791292221825941,8,1,6,500,100.0,100.0,100.0,100.0,100.0,100.0,0.0,0.0
2437,104292,99.76,64.98830606596607,0.8313469556210945,12,6,6,500,100.0,100.0,100.0,100.0,98.59,100.0,0.0,0.0
2438,150000,99.14,65.38430091475733,0.822997398295144,10,0,6,500,100.0,97.08,97.76,100.0,100.0,100.0,0.0,0.0
2439,150000,100.0,64.38179109604702,0.8404874195531938,11,0,6,500,100.0,100.0,100.0,100.0,100.0,100.0,0.0,0.0
2440,124043,100.0,64.19248289129712,0.821255886214123,11,4,6,500,100.0,100.0,100.0,100.0,100.0,100.0,0.0,0.0
2441,150000,100.0,64.45416711750825,0.9652712631678706,11,2,6,500,100.0,100.0,100.0,100.0,100.0,100.0,0.0,0.0
2442,72526,99.59,66.47293626591707,0.8805728840842658,7,3,6,500,100.0,100.0,97.53,100.0,100.0,100.0,0.0,0.0
2443,122537,99.92,65.62317973900501,0.8913652820172003,8,1,6,500,100.0,100.0,100.0,100.0,99.49,100.0,0.0,0.0
2444,150000,99.64,66.7216600871563,0.8871697271682395,10,1,6,500,100.0,97.82,100.0,100.0,100.0,100.0,0.0,0.0
2445,61521,100.0,66.3068937471157,0.8700026898647937,6,3,6,500,100.0,100.0,100.0,100.0,100.0,100.0,0.0,0.0
2446,72024,100.0,66.54840425363672,0.9274113420708292,6,2,6,500,100.0,100.0,100.0,100.0,100.0,100.0,0.0,0.0
2447,146044,99.41,65.6712369331567,0.9164151455105196,10,2,6,500,100.0,100.0,100.0,100.0,100.0,96.46,0.0,0.0
2448,73530,100.0,65.03475422042467,0.9205587763993832,9,5,6,500,100.0,100.0,100.0,100.0,100.0,100.0,0.0,0.0
2449,61521,99.6,65.27679327506834,0.8482222750850353,6,3,6,500,97.73,100.0,100.0,99.9,100.0,100.0,0.0,0.0
2450,150000,100.0,63.61886916582424,0.8724349809322021,12,0,6,500,100.0,100.0,100.0,100.0,100.0,100.0,0.0,0.0
2451,150000,100.0,64.15816721179766,0.9772790472442492,13,0,6,500,100.0,100.0,100.0,100.0,100.0,100.0,0.0,0.0
2452,45801,97.0,66.08338357205643,0.9904753754228484,5,8,6,500,100.0,100.0,100.0,100.0,93.89,88.14,0.0,0.0
2453,60517,99.91,67.05218313995881,0.934563441940476,4,1,6,500,100.0,100.0,100.0,100.0,99.44,100.0,0.0,0.0
2454,62529,99.67,64.61665077503329,0.7972264931338756,10,7,6,500,100.0,100.0,98.01,100.0,100.0,100.0,0.0,0.0
2455,147040,100.0,64.73254636370584,0.9989252932992458,8,0,6,500,100.0,100.0,100.0,100.0,100.0,100.0,0.0,0.0
2456,46204,99.16,66.41956778372474,0.9259299245049586,5,7,6,500,94.98,100.0,100.0,100.0,100.0,100.0,0.0,0.0
2457,73028,99.5,66.21501970395775,0.8542023714004191,8,4,6,500,100.0,100.0,100.0,100.0,100.0,97.01,0.0,0.0
2458,150000,99.71,66.13753818270864,0.9433278826751732,10,0,6,500,100.0,100.0,100.0,98.29,100.0,100.0,0.0,0.0
2459,46859,99.95,64.94956584708754,0.9920366254376612,6,7,6,500,100.0,100.0,100.0,100.0,99.68,100.0,0.0,0.0
2460,86531,100.0,65.7858380326703,0.8542968370700212,8,3,6,500,100.0,100.0,100.0,100.0,100.0,100.0,0.0,0.0
2461,150000,100.0,65.29309821218762,0.8982885723347932,12,0,6,500,100.0,100.0,100.0,100.0,100.0,100.0,0.0,0.0
2462,146044,100.0,65.6965944990133,0.9753188963167604,10,2,6,500,100.0,100.0,100.0,100.0,100.0,100.0,0.0,0.0
2463,49013,100.0,66.42422504853597,0.9467752647312452,5,4,6,500,100.0,100.0,100.0,100.0,100.0,100.0,0.0,0.0
2464,123541,100.0,64.01172872323943,0.97799594400197,10,3,6,500,100.0,100.0,100.0,100.0,100.0,100.0,0.0,0.0
2465,150000,99.58,63.82034677938314,0.862704042906765,12,2,6,500,100.0,100.0,100.0,100.0,97.5,100.0,0.0,0.0
2466,62277,100.0,64.50572652633737,0.8871281575640093,9,6,6,500,100.0,100.0,100.0,100.0,100.0,100.0,0.0,0.0
2467,150000,100.0,64.86134715202496,0.9768119165340964,10,0,6,500,100.0,100.0,100.0,100.0,100.0,100.0,0.0,0.0
2468,103536,100.0,64.24132934485617,0.9400253414086216,9,3,6,500,100.0,100.0,100.0,100.0,100.0,100.0,0.0,0.0
2469,45549,96.75,64.77650403541489,0.8971872919070965,4,7,6,500,94.44,100.0,92.0,100.0,94.07,100.0,0.0,0.0
2470,73028,99.84,65.68908958739449,0.886849275548653,8,4,6,500,100.0,99.01,100.0,100.0,100.0,100.0,0.0,0.0
2471,150000,100.0,65.35573279655478,0.8867663238788577,12,2,6,500,100.0,100.0,100.0,100.0,100.0,100.0,0.0,0.0
2472,150000,100.0,65.67351903292754,0.8988484376582482,14,0,6,500,100.0,100.0,100.0,100.0,100.0,100.0,0.0,0.0
2473,150000,98.88,65.09389052522057,0.8851001873112704,13,0,6,500,100.0,96.26,97.02,100.0,100.0,100.0,0.0,0.0
2474,124545,100.0,64.97474538045847,0.8853007090329357,12,5,6,500,100.0,100.0,100.0,100.0,100.0,100.0,0.0,0.0
2475,150000,99.76,64.45692721198759,0.8403894012184729,12,0,6,500,98.59,100.0,100.0,100.0,100.0,100.0,0.0,0.0
2476,150000,99.09,65.6477673674572,0.8389828947758325,11,2,6,500,95.0,100.0,100.0,99.55,100.0,100.0,0.0,0.0
2477,146044,100.0,63.84644514548735,0.8413768025411916,10,2,6,500,100.0,100.0,100.0,100.0,100.0,100.0,0.0,0.0
2478,122537,99.5,64.1474914717762,0.8740858454821598,8,1,6,500,100.0,100.0,100.0,97.01,100.0,100.0,0.0,0.0
2479,71522,99.84,64.75840709513218,0.8855788414138073,5,1,6,500,100.0,100.0,100.0,100.0,99.02,100.0,0.0,0.0
2480,85527,100.0,66.95262847957716,0.8549281556677528,6,1,6,500,100.0,100.0,100.0,100.0,100.0,100.0,0.0,0.0
2481,123541,100.0,65.1634031273495,0.9192428334770304,10,3,6,500,100.0,100.0,100.0,100.0,100.0,100.0,0.0,0.0
2482,124035,99.76,66.87429258903977,0.9059983521072076,7,0,6,500,98.54,100.0,100.0,100.0,100.0,100.0,0.0,0.0
2483,147040,100.0,66.00180946470924,0.8884737734004933,8,0,6,500,100.0,100.0,100.0,100.0,100.0,100.0,0.0,0.0
2484,62023,98.63,64.88805113323521,0.9060744848997015,7,4,6,500,100.0,100.0,100.0,95.78,96.02,100.0,0.0,0.0
2485,45549,100.0,65.29366006974253,0.8956662183341352,4,7,6,500,100.0,100.0,100.0,100.0,100.0,100.0,0.0,0.0
2486,86531,100.0,64.53805854316208,0.9301069020939824,8,3,6,500,100.0,100.0,100.0,100.0,100.0,100.0,0.0,0.0
2487,150000,100.0,66.1454243016483,0.9303114550281262,12,0,6,500,100.0,100.0,100.0,100.0,100.0,100.0,0.0,0.0
2488,54272,99.98,65.71761380784284,0.9029077779958384,8,6,6,500,99.89,100.0,100.0,100.0,100.0,100.0,0.0,0.0
2489,146044,100.0,67.05977783108357,0.8523057987948954,10,2,6,500,100.0,100.0,100.0,100.0,100.0,100.0,0.0,0.0
2490,147048,99.39,65.87465288270256,0.927313434230706,12,4,6,500,98.67,100.0,100.0,100.0,97.67,100.0,0.0,0.0
2491,146044,97.04,64.72495603866182,0.8402712954369782,10,2,6,500,100.0,99.54,100.0,100.0,84.56,98.14,0.0,0.0
2492,103034,99.77,64.45337875083999,0.9657095423686416,8,2,6,500,100.0,98.63,100.0,100.0,100.0,100.0,0.0,0.0
2493,62529,97.32,67.43799964045705,0.9232799637331028,10,7,6,500,94.59,100.0,100.0,93.83,100.0,95.49,0.0,0.0
2494,54272,100.0,66.57630569013641,0.873776288757305,8,6,6,500,100.0,100.0,100.0,100.0,100.0,100.0,0.0,0.0
2495,150000,100.0,63.62569917413264,0.920575237245366,11,0,6,500,100.0,100.0,100.0,100.0,100.0,100.0,0.0,0.0
2496,86531,100.0,65.25118645281285,0.8556360061624309,8,3,6,500,100.0,100.0,100.0,100.0,100.0,100.0,0.0,0.0
2497,150000,99.71,65.60001316171105,0.8315811378421187,10,0,6,500,100.0,100.0,100.0,98.28,100.0,100.0,0.0,0.0
2498,61521,100.0,65.27328128484524,0.9262225706547396,6,3,6,500,100.0,100.0,100.0,100.0,100.0,100.0,0.0,0.0
2499,72526,100.0,65.8353769584388,0.930075182772802,7,3,6,500,100.0,100.0,100.0,100.0,100.0,100.0,0.0,0.0
2500,150000,99.58,65.4578941589225,0.8790982071293539,10,1,6,500,100.0,97.47,100.0,100.0,100.0,100.0,0.0,0.0
2501,123541,99.68,66.29122099170797,0.9190968665792106,10,3,6,500,100.0,100.0,100.0,100.0,98.11,100.0,0.0,0.0
2502,150000,98.97,64.92386060093826,0.977328348017775,10,0,6,500,100.0,100.0,93.82,100.0,100.0,100.0,0.0,0.0
2503,122537,99.42,65.22776611009371,0.906312476281482,8,1,6,500,100.0,96.49,100.0,100.0,100.0,100.0,0.0,0.0
2504,73282,100.0,65.61864364981122,0.898077948049658,10,6,6,500,100.0,100.0,100.0,100.0,100.0,100.0,0.0,0.0
2505,71522,99.62,65.5930787226154,1.036630974357027,5,1,6,500,97.7,100.0,100.0,100.0,100.0,100.0,0.0,0.0
2506,47462,100.0,66.83451269295227,0.9385441611963664,6,6,6,500,100.0,100.0,100.0,100.0,100.0,100.0,0.0,0.0
2507,146044,99.94,67.04095149629264,0.8647280464763499,10,2,6,500,100.0,100.0,100.0,99.63,100.0,100.0,0.0,0.0
2508,87535,100.0,64.4871690533365,0.9862272510438512,10,5,6,500,100.0,100.0,100.0,100.0,100.0,100.0,0.0,0.0
2509,103034,100.0,66.7414355821757,0.9456844628208566,8,2,6,500,100.0,100.0,100.0,100.0,100.0,100.0,0.0,0.0
2510,86029,100.0,67.46723019488718,0.9193855393409528,7,2,6,500,100.0,100.0,100.0,100.0,100.0,100.0,0.0,0.0
2511,61521,100.0,64.76866345750685,0.9243893063888444,6,3,6,500,100.0,100.0,100.0,100.0,100.0,100.0,0.0,0.0
2512,104038,100.0,66.53583558296059,0.8856772264609399,10,4,6,500,100.0,100.0,100.0,100.0,100.0,100.0,0.0,0.0
2513,150000,100.0,66.16455872754383,0.9792805277646957,12,2,6,500,100.0,100.0,100.0,100.0,100.0,100.0,0.0,0.0
2514,150000,95.14,65.27475801054352,0.9297336673005366,15,0,6,500,100.0,100.0,100.0,92.6,89.65,88.61,0.0,0.0
2515,46855,100.0,64.89417958401923,0.8537257029413872,4,5,6,500,100.0,100.0,100.0,100.0,100.0,100.0,0.0,0.0
2516,54524,99.59,64.9522012287711,0.9321900594573738,9,7,6,500,100.0,100.0,100.0,100.0,97.55,100.0,0.0,0.0
2517,61521,99.27,67.17780161585576,0.8976654927639559,6,3,6,500,95.62,100.0,100.0,100.0,100.0,100.0,0.0,0.0
2518,104292,99.19,65.35827823994931,0.9987130229605308,12,6,6,500,100.0,100.0,100.0,100.0,95.13,100.0,0.0,0.0
2519,150000,99.86,66.32846401758957,0.8805669620831941,14,2,6,500,100.0,100.0,100.0,100.0,100.0,99.14,0.0,0.0
2520,73028,99.93,64.52265090962803,0.832186853503884,8,4,6,500,100.0,100.0,100.0,100.0,100.0,99.59,0.0,0.0
2521,46859,99.5,66.32432326500513,0.9432116027223806,6,7,6,500,100.0,100.0,100.0,100.0,97.41,99.57,0.0,0.0
2522,54018,99.08,64.14498379740816,0.927536927560758,6,4,6,500,100.0,100.0,94.48,100.0,100.0,100.0,0.0,0.0
2523,150000,100.0,64.34272421237436,0.8465094285334573,15,2,6,500,100.0,100.0,100.0,100.0,100.0,100.0,0.0,0.0
2524,54524,100.0,66.51421754371437,0.922754902479774,9,7,6,500,100.0,100.0,100.0,100.0,100.0,100.0,0.0,0.0
2525,72024,100.0,65.99218062503778,0.8687406296009459,6,2,6,500,100.0,100.0,100.0,100.0,100.0,100.0,0.0,0.0
2526,146044,100.0,65.89589936972035,0.9138088376584456,10,2,6,500,100.0,100.0,100.0,100.0,100.0,100.0,0.0,0.0
2527,47208,99.99,65.08464656686837,0.9028304655677388,4,4,6,500,99.93,100.0,100.0,100.0,100.0,100.0,0.0,0.0
2528,147040,100.0,64.7976144227927,0.8761156951736574,8,0,6,500,100.0,100.0,100.0,100.0,100.0,100.0,0.0,0.0
2529,145542,100.0,65.56058873177342,0.8799087741573667,9,1,6,500,100.0,100.0,100.0,100.0,100.0,100.0,0.0,0.0
2530,54520,99.07,64.82689273709373,0.9418183602168596,7,5,6,500,97.03,97.38,100.0,100.0,100.0,100.0,0.0,0.0
2531,150000,99.93,64.88729649409642,0.8342584549414361,10,0,6,500,99.57,100.0,100.0,100.0,100.0,100.0,0.0,0.0
2532,61521,99.71,64.66366492491562,1.0019087876910482,6,3,6,500,100.0,100.0,100.0,98.27,100.0,100.0,0.0,0.0
2533,103536,98.83,65.82156208944882,0.8278032570277906,9,3,6,500,100.0,93.0,100.0,100.0,100.0,100.0,0.0,0.0
2534,72024,99.62,64.6538539079886,0.8196232630560926,6,2,6,500,100.0,100.0,100.0,98.72,100.0,98.98,0.0,0.0
2535,87033,99.84,65.26528943414257,0.9943865421582904,9,4,6,500,100.0,100.0,100.0,100.0,100.0,99.07,0.0,0.0
2536,104038,99.99,66.60907144377296,0.8279775166189524,10,4,6,500,100.0,100.0,100.0,100.0,99.92,100.0,0.0,0.0
2537,146044,100.0,64.79988644002867,0.8420987461317497,10,2,6,500,100.0,100.0,100.0,100.0,100.0,100.0,0.0,0.0
2538,61521,98.75,66.63305812351068,0.8711131047514729,6,3,6,500,100.0,100.0,100.0,100.0,95.16,97.36,0.0,0.0
2539,73028,99.72,64.92910699889859,0.9316827379416136,8,4,6,500,100.0,100.0,98.35,100.0,100.0,100.0,0.0,0.0
2540,150000,99.78,65.17285051055303,0.9303616342020724,10,0,6,500,98.67,100.0,100.0,100.0,100.0,100.0,0.0,0.0
2541,150000,99.0,66.20857373848251,0.8854128521366311,9,0,6,500,93.99,100.0,100.0,100.0,100.0,100.0,0.0,0.0
2542,54018,100.0,68.0904541780689,0.7917911860345306,6,4,6,500,100.0,100.0,100.0,100.0,100.0,100.0,0.0,0.0
2543,150000,100.0,66.24553259694929,0.8653266940586125,12,3,6,500,100.0,100.0,100.0,100.0,100.0,100.0,0.0,0.0
2544,72526,100.0,64.69885997448642,0.8941565517719626,7,3,6,500,100.0,100.0,100.0,100.0,100.0,100.0,0.0,0.0
2545,54018,99.14,65.09833022600705,0.9294473327233082,6,4,6,500,100.0,95.16,100.0,100.0,99.7,100.0,0.0,0.0
2546,123039,99.34,66.1041830767745,0.8308170953751648,9,2,6,500,99.26,98.98,100.0,100.0,100.0,97.82,0.0,0.0
2547,147048,97.67,66.71363333986623,0.8179283535716053,12,4,6,500,100.0,91.87,99.84,100.0,94.29,100.0,0.0,0.0
2548,150000,98.92,64.90500360797822,0.8599140193423516,14,3,6,500,100.0,100.0,100.0,93.55,100.0,100.0,0.0,0.0
2549,150000,99.5,64.48387113366142,0.7983817310258233,11,2,6,500,100.0,98.12,98.9,100.0,100.0,100.0,0.0,0.0
2550,73028,99.88,65.75532289346637,0.9299145338391884,8,4,6,500,100.0,100.0,100.0,100.0,99.29,100.0,0.0,0.0
2551,150000,99.79,65.3145527865539,0.8449232061590528,12,1,6,500,100.0,100.0,100.0,100.0,100.0,98.71,0.0,0.0
2552,122537,99.92,64.99145661295982,0.8377183509158707,8,1,6,500,100.0,100.0,99.5,100.0,100.0,100.0,0.0,0.0
2553,150000,100.0,65.25144653964131,0.8715120296163594,13,0,6,500,100.0,100.0,100.0,100.0,100.0,100.0,0.0,0.0
2554,46855,100.0,65.54992293430895,0.8027214851779853,4,5,6,500,100.0,100.0,99.98,100.0,100.0,100.0,0.0,0.0
2555,61521,100.0,64.86784445937049,0.9191382131395556,6,3,6,500,100.0,100.0,100.0,100.0,100.0,100.0,0.0,0.0
2556,150000,99.64,65.48921238286962,0.9234057477014056,14,0,6,500,100.0,98.41,100.0,100.0,99.4,100.0,0.0,0.0
2557,103034,100.0,66.26396699956162,0.8977366286427364,8,2,6,500,100.0,100.0,100.0,100.0,100.0,100.0,0.0,0.0
2558,62781,100.0,64.16928639190323,0.8573236781184552,11,8,6,500,100.0,100.0,100.0,100.0,100.0,100.0,0.0,0.0
2559,104038,95.4,64.6302573328396,0.895576451508296,10,4,6,500,94.68,89.19,93.22,95.3,100.0,100.0,0.0,0.0
2560,146044,98.23,64.48589096008757,0.8862688625059744,10,2,6,500,92.64,98.53,100.0,100.0,98.2,100.0,0.0,0.0
2561,87535,100.0,66.29287256530633,0.8996613714086759,10,5,6,500,100.0,100.0,100.0,100.0,100.0,100.0,0.0,0.0
2562,103034,100.0,66.20684223777198,0.870808189473183,8,2,6,500,100.0,100.0,100.0,100.0,100.0,100.0,0.0,0.0
2563,45545,99.22,66.73132032553654,0.8985564558112092,2,5,6,500,100.0,100.0,100.0,95.34,100.0,100.0,0.0,0.0
2564,146044,100.0,66.18807188912547,0.8251682316925805,10,2,6,500,100.0,100.0,100.0,100.0,100.0,100.0,0.0,0.0
2565,62525,100.0,63.59162300122741,0.9349780686264356,8,5,6,500,100.0,100.0,100.0,100.0,100.0,100.0,0.0,0.0
2566,150000,100.0,65.50469873606126,0.9231385035705388,11,0,6,500,100.0,100.0,100.0,100.0,100.0,100.0,0.0,0.0
2567,62525,99.81,64.69662149936889,0.9088339473199006,8,5,6,500,100.0,100.0,98.88,100.0,100.0,100.0,0.0,0.0
2568,124043,100.0,65.64944795036175,0.8280306482714301,11,4,6,500,100.0,100.0,100.0,100.0,100.0,100.0,0.0,0.0
2569,150000,99.94,66.3603067166591,0.9639655142147532,12,1,6,500,100.0,100.0,100.0,100.0,99.65,100.0,0.0,0.0
2570,103536,100.0,64.33410407207064,0.8489568772628067,9,3,6,500,100.0,100.0,100.0,100.0,100.0,100.0,0.0,0.0
2571,150000,100.0,65.00955220164884,0.9462015195032838,15,0,6,500,100.0,100.0,100.0,100.0,100.0,100.0,0.0,0.0
2572,145542,98.96,64.97678713816443,0.9240836098757454,9,1,6,500,100.0,100.0,100.0,100.0,93.77,100.0,0.0,0.0
2573,103034,100.0,65.4525870856671,0.8201584266523113,8,2,6,500,100.0,100.0,100.0,100.0,100.0,100.0,0.0,0.0
2574,87033,100.0,64.4599376177987,0.931872464875753,9,4,6,500,100.0,100.0,100.0,100.0,100.0,100.0,0.0,0.0
2575,62525,99.99,66.87738232902812,0.8715525820785865,8,5,6,500,100.0,100.0,100.0,100.0,100.0,99.96,0.0,0.0
2576,150000,99.72,66.42298177220742,0.8960057559914459,12,0,6,500,100.0,99.46,100.0,100.0,98.85,100.0,0.0,0.0
2577,150000,100.0,66.66833694276443,0.8698190364294326,12,0,6,500,100.0,100.0,100.0,100.0,100.0,100.0,0.0,0.0
2578,104038,99.5,66.63700359459148,0.914569877377704,10,4,6,500,97.01,100.0,100.0,100.0,100.0,100.0,0.0,0.0
2579,146044,98.59,65.88267100124267,0.8080518829973083,10,2,6,500,100.0,100.0,98.8,97.72,95.04,100.0,0.0,0.0
2580,150000,99.23,67.5449729645243,1.023843411156704,10,0,6,500,100.0,100.0,100.0,100.0,100.0,95.39,0.0,0.0
2581,61521,99.94,64.55921016117566,0.8173796048664622,6,3,6,500,99.65,100.0,100.0,100.0,100.0,100.0,0.0,0.0
2582,122537,100.0,67.48126855442526,0.8485681507548237,8,1,6,500,100.0,100.0,100.0,100.0,100.0,100.0,0.0,0.0
2583,150000,100.0,67.06989308488984,0.9311729992003716,12,1,6,500,100.0,100.0,100.0,100.0,100.0,100.0,0.0,0.0
2584,61521,99.98,64.7829392785665,0.902435469961994,6,3,6,500,100.0,99.9,100.0,100.0,100.0,100.0,0.0,0.0
2585,150000,99.84,63.71173341696606,0.909230462478417,11,0,6,500,100.0,100.0,100.0,100.0,100.0,99.05,0.0,0.0
2586,62529,100.0,65.31010223708726,0.8878305085334175,10,7,6,500,100.0,100.0,100.0,100.0,100.0,100.0,0.0,0.0
2587,54018,100.0,66.75779786239465,0.8850830838541945,6,4,6,500,100.0,100.0,100.0,100.0,100.0,100.0,0.0,0.0
2588,150000,100.0,66.93415311985494,0.8706744040369677,15,0,6,500,100.0,100.0,100.0,100.0,100.0,100.0,0.0,0.0
2589,150000,99.84,66.44586321006531,0.8332959234732233,9,0,6,500,100.0,100.0,100.0,99.07,100.0,100.0,0.0,0.0
2590,54272,100.0,65.64393069895448,0.928359917378286,8,6,6,500,100.0,100.0,100.0,100.0,100.0,100.0,0.0,0.0
2591,72526,99.94,66.12205410771996,0.9578558047739436,7,3,6,500,100.0,99.61,100.0,100.0,100.0,100.0,0.0,0.0
2592,150000,100.0,66.18860985778525,0.793752689507323,12,1,6,500,100.0,100.0,100.0,100.0,100.0,100.0,0.0,0.0
2593,122537,98.43,64.12357373901897,0.9404112785685216,8,1,6,500,100.0,100.0,100.0,100.0,97.63,92.94,0.0,0.0
2594,49267,99.24,65.74200953672619,0.9254557668089982,7,6,6,500,100.0,100.0,100.0,100.0,100.0,95.42,0.0,0.0
2595,103034,100.0,64.26193813544455,0.886158896953249,8,2,6,500,100.0,100.0,100.0,100.0,100.0,100.0,0.0,0.0
2596,150000,99.17,65.77151265602758,0.8218816975396687,12,3,6,500,100.0,100.0,100.0,100.0,95.0,100.0,0.0,0.0
2597,54520,99.57,66.25803430730568,0.7998631492443992,7,5,6,500,100.0,100.0,97.4,100.0,100.0,100.0,0.0,0.0
2598,87535,100.0,68.18602393400279,0.8572298163648437,10,5,6,500,100.0,100.0,100.0,100.0,100.0,100.0,0.0,0.0
2599,104038,100.0,64.06837722217038,0.8274803269119643,10,4,6,500,100.0,100.0,100.0,100.0,100.0,100.0,0.0,0.0
2600,123039,100.0,65.65004512735197,0.8762003485468086,9,2,6,500,100.0,100.0,100.0,100.0,100.0,100.0,0.0,0.0
2601,150000,99.64,65.85843262962862,0.8694033853140135,14,0,6,500,100.0,100.0,97.84,100.0,100.0,100.0,0.0,0.0
2602,150000,100.0,68.24400984410194,0.7757995015806001,9,0,6,500,100.0,100.0,100.0,100.0,100.0,100.0,0.0,0.0
2603,54018,99.84,66.21576914216682,0.8656572427952755,6,4,6,500,100.0,100.0,100.0,100.0,100.0,99.06,0.0,0.0
2604,150000,99.5,65.4752284663832,0.8863765218798155,12,3,6,500,100.0,100.0,96.98,100.0,100.0,100.0,0.0,0.0
2605,73530,100.0,65.22889226206833,0.8907761651054961,9,5,6,500,100.0,100.0,100.0,100.0,100.0,100.0,0.0,0.0
2606,124035,100.0,65.71782707447531,0.8441744979470301,7,0,6,500,100.0,100.0,100.0,100.0,100.0,100.0,0.0,0.0
2607,150000,100.0,65.26957232645779,0.8908620703525307,14,0,6,500,100.0,100.0,100.0,100.0,100.0,100.0,0.0,0.0
2608,103034,100.0,65.60979018318193,0.893939064904856,8,2,6,500,100.0,100.0,100.0,100.0,100.0,100.0,0.0,0.0
2609,150000,100.0,65.92975704096295,0.8984893849167024,10,1,6,500,100.0,100.0,100.0,100.0,100.0,100.0,0.0,0.0
2610,150000,100.0,65.35091162693247,0.902851406377704,9,0,6,500,100.0,100.0,100.0,100.0,100.0,100.0,0.0,0.0
2611,150000,100.0,66.6902407869058,0.8419260070078844,12,2,6,500,100.0,100.0,100.0,100.0,100.0,100.0,0.0,0.0
2612,150000,99.8,67.77966478227563,0.892495556611642,15,0,6,500,100.0,100.0,98.79,100.0,100.0,100.0,0.0,0.0
2613,54776,100.0,65.06874127258078,0.8288063583791361,10,8,6,500,100.0,100.0,100.0,100.0,100.0,100.0,0.0,0.0
2614,73028,100.0,64.19289186705895,0.8588435285472388,8,4,6,500,100.0,100.0,100.0,100.0,100.0,100.0,0.0,0.0
2615,150000,100.0,67.38023563636568,0.8993317556242761,11,0,6,500,100.0,100.0,100.0,100.0,100.0,100.0,0.0,0.0
2616,54018,99.95,66.22938790950994,0.8597022556896401,6,4,6,500,100.0,99.71,100.0,100.0,100.0,100.0,0.0,0.0
2617,145542,99.93,64.73829795122916,0.8525888447501766,9,1,6,500,100.0,100.0,100.0,100.0,99.57,100.0,0.0,0.0
2618,150000,99.18,68.472213194792,0.8677972591372507,12,0,6,500,100.0,100.0,100.0,100.0,100.0,95.06,0.0,0.0
2619,150000,100.0,66.85559179248594,1.0141498860966425,12,0,6,500,100.0,100.0,100.0,100.0,100.0,100.0,0.0,0.0
2620,123541,99.53,67.77918650914356,0.9037445594036716,10,3,6,500,100.0,97.19,100.0,100.0,100.0,100.0,0.0,0.0
2621,150000,98.78,65.81883507457718,0.8463989173306679,13,1,6,500,100.0,100.0,100.0,100.0,100.0,92.66,0.0,0.0
2622,147040,98.69,65.0871944702297,0.9303389908898624,8,0,6,500,100.0,100.0,96.55,100.0,100.0,95.59,0.0,0.0
2623,146044,100.0,67.13828424198817,0.8500010567244707,10,2,6,500,100.0,100.0,100.0,100.0,100.0,100.0,0.0,0.0
2624,150000,96.99,65.29185329838575,0.879702074140497,11,0,6,500,100.0,100.0,84.34,100.0,97.59,100.0,0.0,0.0
2625,87535,99.32,66.00662771796402,0.9789522273979444,10,5,6,500,100.0,100.0,95.9,100.0,100.0,100.0,0.0,0.0
2626,150000,100.0,65.76806285588988,0.87801204431221,10,1,6,500,100.0,100.0,100.0,100.0,100.0,100.0,0.0,0.0
2627,73282,100.0,65.28075015738398,0.8604573441410339,10,6,6,500,100.0,100.0,100.0,100.0,100.0,100.0,0.0,0.0
2628,62023,100.0,65.80526231353318,0.8896982562296759,7,4,6,500,100.0,100.0,100.0,100.0,100.0,100.0,0.0,0.0
2629,150000,99.25,63.59960111794916,0.8085714185839802,13,4,6,500,100.0,100.0,95.52,100.0,100.0,100.0,0.0,0.0
2630,146044,99.42,65.56529385646435,0.8325354995225944,10,2,6,500,100.0,96.5,100.0,100.0,100.0,100.0,0.0,0.0
2631,54018,97.63,66.68282097441421,0.8737700778396754,6,4,6,500,100.0,100.0,100.0,100.0,85.79,100.0,0.0,0.0
2632,87033,100.0,65.79950102578972,0.8404883015798602,9,4,6,500,100.0,100.0,100.0,100.0,100.0,100.0,0.0,0.0
2633,87535,99.9,64.44827802451505,0.8494504296756182,10,5,6,500,100.0,100.0,99.38,100.0,100.0,100.0,0.0,0.0
2634,150000,98.77,65.36664466878537,0.8162843569342147,14,3,6,500,100.0,100.0,100.0,100.0,100.0,92.64,0.0,0.0
2635,150000,94.14,64.76271399976869,0.8564557583422013,10,0,6,500,81.63,94.33,100.0,98.59,100.0,90.26,0.0,0.0
2636,150000,100.0,63.99346915652515,0.7799686217560373,15,0,6,500,100.0,100.0,100.0,100.0,100.0,100.0,0.0,0.0
2637,73530,100.0,66.29098561112225,0.9010837182943928,9,5,6,500,100.0,100.0,100.0,100.0,100.0,100.0,0.0,0.0
2638,150000,100.0,64.03862454356502,0.9252569508090362,12,3,6,500,100.0,100.0,100.0,100.0,100.0,100.0,0.0,0.0
2639,54272,99.07,66.3779425304952,0.9186706853358676,8,6,6,500,100.0,100.0,100.0,94.84,99.55,100.0,0.0,0.0
2640,150000,100.0,66.91406481341583,0.8224302658163675,13,1,6,500,100.0,100.0,100.0,100.0,100.0,100.0,0.0,0.0
2641,150000,99.11,66.10343486859384,0.9372275510898848,15,0,6,500,100.0,99.89,94.77,100.0,100.0,100.0,0.0,0.0
2642,146044,100.0,63.69996557640246,0.9123513214520064,10,2,6,500,100.0,100.0,100.0,100.0,100.0,100.0,0.0,0.0
2643,150000,99.99,65.1346062462813,0.8818093081684809,15,0,6,500,100.0,100.0,100.0,100.0,99.96,100.0,0.0,0.0
2644,122537,100.0,64.42726673475742,0.8484937402476843,8,1,6,500,100.0,100.0,100.0,100.0,100.0,100.0,0.0,0.0
2645,150000,99.52,63.93976861839791,0.8778475094880411,10,0,6,500,97.1,100.0,100.0,100.0,100.0,100.0,0.0,0.0
2646,150000,100.0,67.85266744983014,0.8813147842861497,14,0,6,500,100.0,100.0,100.0,100.0,100.0,100.0,0.0,0.0
2647,150000,99.58,66.05203422381048,0.8090020485471459,11,0,6,500,97.45,100.0,100.0,100.0,100.0,100.0,0.0,0.0
2648,104038,100.0,64.13080240639529,0.8561038147635225,10,4,6,500,100.0,100.0,100.0,100.0,100.0,100.0,0.0,0.0
2649,87025,99.03,65.39477944510692,0.8946333756587201,5,0,6,500,100.0,100.0,100.0,100.0,95.76,98.41,0.0,0.0
2650,47363,100.0,66.16510034719178,0.8991139159994301,8,9,6,500,100.0,100.0,100.0,100.0,100.0,100.0,0.0,0.0
2651,150000,100.0,66.50929299406702,0.8388757848596481,13,0,6,500,100.0,100.0,100.0,100.0,100.0,100.0,0.0,0.0
2652,147040,98.9,65.21110030373208,0.8903657335511094,8,0,6,500,97.55,100.0,100.0,100.0,100.0,95.82,0.0,0.0
2653,150000,100.0,67.57205919125335,0.8523014688555886,13,2,6,500,100.0,100.0,100.0,100.0,100.0,100.0,0.0,0.0
2654,147040,99.56,64.35998170544673,0.8361289195736425,8,0,6,500,100.0,97.38,100.0,100.0,100.0,100.0,0.0,0.0
2655,146044,100.0,66.268361909028,0.8760402029217839,10,2,6,500,100.0,100.0,100.0,100.0,100.0,100.0,0.0,0.0
2656,150000,100.0,63.99401405949818,0.9228985808016614,10,1,6,500,100.0,100.0,100.0,100.0,100.0,100.0,0.0,0.0
2657,150000,100.0,64.38828886032164,0.9035151348342424,10,1,6,500,100.0,100.0,100.0,100.0,100.0,100.0,0.0,0.0
2658,150000,100.0,66.52574717961372,0.79897904647319,11,0,6,500,100.0,100.0,100.0,100.0,100.0,100.0,0.0,0.0
2659,45398,100.0,66.19300532505908,0.8795010943690937,5,9,6,500,100.0,100.0,100.0,100.0,100.0,100.0,0.0,0.0
2660,150000,100.0,66.35339139472681,0.9275441816367528,10,0,6,500,100.0,100.0,100.0,100.0,100.0,100.0,0.0,0.0
2661,46204,99.08,67.59274961939775,0.8654341846636168,5,7,6,500,94.51,100.0,100.0,100.0,100.0,100.0,0.0,0.0
2662,73028,98.71,64.38292410444018,0.8307729568620833,8,4,6,500,100.0,100.0,100.0,92.29,100.0,100.0,0.0,0.0
2663,104038,99.39,66.59506203334868,0.9153031081307182,10,4,6,500,100.0,96.33,100.0,100.0,100.0,100.0,0.0,0.0
2664,150000,99.59,64.95252254037177,0.841347029456574,11,2,6,500,100.0,100.0,97.55,100.0,100.0,100.0,0.0,0.0
2665,145542,100.0,67.6694577563003,0.9412026045782028,9,1,6,500,100.0,100.0,100.0,100.0,100.0,100.0,0.0,0.0
2666,103034,100.0,66.52117304561841,0.8332367371402624,8,2,6,500,100.0,100.0,100.0,100.0,100.0,100.0,0.0,0.0
2667,72024,100.0,64.7966536974366,0.8178504413140283,6,2,6,500,100.0,100.0,100.0,100.0,100.0,100.0,0.0,0.0
2668,54520,100.0,66.60442557890597,0.9111548335785866,7,5,6,500,100.0,100.0,100.0,100.0,100.0,100.0,0.0,0.0
2669,150000,100.0,64.94464262656008,0.9303535584542972,12,1,6,500,100.0,100.0,100.0,100.0,100.0,100.0,0.0,0.0
2670,150000,100.0,65.16329784404867,0.744939873411526,11,0,6,500,100.0,100.0,100.0,100.0,100.0,100.0,0.0,0.0
2671,73530,100.0,66.11875943723098,0.928757256185026,9,5,6,500,100.0,100.0,100.0,100.0,100.0,100.0,0.0,0.0
2672,104038,99.21,64.41316580934787,0.8179112934316325,10,4,6,500,100.0,100.0,100.0,95.29,100.0,100.0,0.0,0.0
2673,73530,99.8,65.03204151919766,0.8244650203414409,9,5,6,500,98.81,100.0,100.0,100.0,100.0,100.0,0.0,0.0
2674,73028,99.98,66.56242872611503,0.8161499000787361,8,4,6,500,100.0,100.0,99.85,100.0,100.0,100.0,0.0,0.0
2675,49267,99.77,65.77762234895886,0.8617499735845815,7,6,6,500,100.0,98.64,100.0,100.0,100.0,100.0,0.0,0.0
2676,150000,99.78,66.7771884819373,0.8380094613091694,10,1,6,500,98.86,100.0,99.8,100.0,100.0,100.0,0.0,0.0
2677,150000,100.0,63.792012593317246,0.8793507081175296,12,2,6,500,100.0,100.0,100.0,100.0,100.0,100.0,0.0,0.0
2678,150000,100.0,65.37869367314894,0.7930234772302664,12,1,6,500,100.0,100.0,100.0,100.0,100.0,100.0,0.0,0.0
2679,122537,100.0,65.9240698584674,0.8750292071965013,8,1,6,500,100.0,100.0,100.0,100.0,100.0,100.0,0.0,0.0
2680,86531,99.86,65.28431036732498,0.8604659607572601,8,3,6,500,100.0,100.0,100.0,100.0,100.0,99.15,0.0,0.0
2681,150000,98.96,64.90817035001488,0.91283502298396,10,0,6,500,100.0,100.0,100.0,100.0,93.76,100.0,0.0,0.0
2682,61019,99.24,66.9872954482533,0.8186069891903294,5,2,6,500,100.0,100.0,95.97,99.49,100.0,100.0,0.0,0.0
2683,150000,99.81,66.08829387879915,0.7680089900493017,11,0,6,500,100.0,100.0,100.0,100.0,100.0,98.85,0.0,0.0
2684,104038,100.0,67.3465531317698,0.8710150020511201,10,4,6,500,100.0,100.0,100.0,100.0,100.0,100.0,0.0,0.0
2685,73530,100.0,67.38557639763972,0.8839359933861863,9,5,6,500,100.0,100.0,100.0,100.0,100.0,100.0,0.0,0.0
2686,147040,100.0,65.87158111406511,0.8625211650815165,8,0,6,500,100.0,100.0,100.0,100.0,100.0,100.0,0.0,0.0
2687,62023,99.94,65.11068270630702,0.9077733984415156,7,4,6,500,99.67,100.0,100.0,100.0,100.0,100.0,0.0,0.0
2688,150000,100.0,66.12651796520116,0.9192108962659388,15,3,6,500,100.0,100.0,100.0,100.0,100.0,100.0,0.0,0.0
2689,86531,99.3,65.32370606080275,0.8026889315298785,8,3,6,500,100.0,97.15,100.0,100.0,100.0,98.64,0.0,0.0
2690,150000,99.59,65.44491638212874,0.9165060907043846,10,0,6,500,100.0,100.0,100.0,97.55,100.0,100.0,0.0,0.0
2691,86029,100.0,64.45702111598453,0.7889205682697041,7,2,6,500,100.0,100.0,100.0,100.0,100.0,100.0,0.0,0.0
2692,104038,98.36,65.70703484460488,0.8458088286169926,10,4,6,500,100.0,97.02,97.01,100.0,100.0,96.11,0.0,0.0
2693,54018,100.0,66.65669572514129,0.8362391132371896,6,4,6,500,100.0,100.0,100.0,100.0,100.0,100.0,0.0,0.0
2694,150000,100.0,67.9591255076483,0.8209053875713407,15,0,6,500,100.0,100.0,100.0,100.0,100.0,100.0,0.0,0.0
2695,49519,100.0,64.62819682629674,0.8353141619204303,8,7,6,500,100.0,100.0,100.0,100.0,100.0,100.0,0.0,0.0
2696,104038,100.0,66.19027319171802,0.913631329948861,10,4,6,500,100.0,100.0,100.0,100.0,100.0,100.0,0.0,0.0
2697,146044,100.0,66.32292664699331,0.839126890595286,10,2,6,500,100.0,100.0,100.0,100.0,100.0,100.0,0.0,0.0
2698,150000,100.0,66.17850054121436,0.8878062909597342,14,2,6,500,100.0,100.0,100.0,100.0,100.0,100.0,0.0,0.0
2699,102532,100.0,65.31904593929467,0.7685111235735496,7,1,6,500,100.0,100.0,100.0,100.0,100.0,100.0,0.0,0.0
2700,150000,99.12,65.19955065684654,0.8503119287323219,15,0,6,500,100.0,100.0,95.99,100.0,100.0,98.74,0.0,0.0
2701,72526,99.55,65.29152357656233,0.8752914886996397,7,3,6,500,99.92,100.0,100.0,100.0,100.0,97.38,0.0,0.0
2702,150000,100.0,65.6780633845262,0.8279813732338578,12,2,6,500,100.0,100.0,100.0,100.0,100.0,100.0,0.0,0.0
2703,150000,100.0,66.32331782194385,0.8001410880380888,12,0,6,500,100.0,100.0,100.0,100.0,100.0,100.0,0.0,0.0
2704,146044,100.0,65.15385091854601,0.872038485968901,10,2,6,500,100.0,100.0,100.0,100.0,100.0,100.0,0.0,0.0
2705,150000,100.0,67.01114850041296,0.8593099692652652,9,0,6,500,100.0,100.0,100.0,100.0,100.0,100.0,0.0,0.0
2706,124545,99.41,66.37018121918409,0.8468015729911413,12,5,6,500,100.0,100.0,100.0,99.11,97.32,100.0,0.0,0.0
2707,150000,99.35,66.36724072608972,0.9141376338966966,15,0,6,500,100.0,96.08,100.0,100.0,100.0,100.0,0.0,0.0
2708,103034,100.0,66.63311492449672,0.8580384996845294,8,2,6,500,100.0,100.0,100.0,100.0,100.0,100.0,0.0,0.0
2709,147048,99.53,66.78336505191466,0.8450366668649457,12,4,6,500,97.18,100.0,100.0,100.0,100.0,100.0,0.0,0.0
2710,123039,99.27,64.54568951943672,0.933536243878952,9,2,6,500,100.0,96.46,99.18,100.0,100.0,100.0,0.0,0.0
2711,104540,100.0,64.85991614537254,0.8090229871871564,11,5,6,500,100.0,100.0,100.0,100.0,100.0,100.0,0.0,0.0
2712,150000,99.88,66.10492462860766,0.8786110668994633,11,1,6,500,100.0,100.0,100.0,99.26,100.0,100.0,0.0,0.0
2713,122537,100.0,66.35897001223555,0.8687737124312469,8,1,6,500,100.0,100.0,100.0,100.0,100.0,100.0,0.0,0.0
2714,73028,100.0,66.21811002117707,0.8235868314948227,8,4,6,500,100.0,100.0,100.0,100.0,100.0,100.0,0.0,0.0
2715,123039,100.0,66.4865957970977,0.8293639972180549,9,2,6,500,100.0,100.0,100.0,100.0,100.0,100.0,0.0,0.0
2716,150000,98.26,65.1777917174905,0.8441487748257973,11,0,6,500,100.0,94.24,100.0,100.0,100.0,95.35,0.0,0.0
2717,150000,100.0,66.85241390577707,0.8187856684358061,12,0,6,500,100.0,100.0,100.0,100.0,100.0,100.0,0.0,0.0
2718,150000,99.45,65.47841699621253,0.8854626132358027,12,2,6,500,100.0,100.0,100.0,96.68,100.0,100.0,0.0,0.0
2719,150000,100.0,64.58459476105656,0.9135648261102212,15,0,6,500,100.0,100.0,100.0,100.0,100.0,100.0,0.0,0.0
2720,150000,99.74,67.85414097325764,0.8888350920444207,12,0,6,500,98.46,100.0,100.0,100.0,100.0,100.0,0.0,0.0
2721,62023,100.0,66.74018199313525,0.9160599814288634,7,4,6,500,100.0,100.0,100.0,100.0,100.0,100.0,0.0,0.0
2722,123541,100.0,64.80840866122212,0.8712877698869883,10,3,6,500,100.0,100.0,100.0,100.0,100.0,100.0,0.0,0.0
2723,150000,99.33,65.68467364061398,0.7989024803310256,12,0,6,500,100.0,100.0,100.0,100.0,100.0,95.97,0.0,0.0
2724,86531,100.0,66.42869846283324,0.8560642981676714,8,3,6,500,100.0,100.0,100.0,100.0,99.98,100.0,0.0,0.0
2725,150000,100.0,67.50160216750221,0.8571798820813302,14,3,6,500,100.0,100.0,100.0,100.0,100.0,100.0,0.0,0.0
2726,104038,100.0,66.11215416049079,0.8339650054994361,10,4,6,500,100.0,100.0,100.0,100.0,100.0,100.0,0.0,0.0
2727,122537,100.0,66.68532648157925,0.7428614131857026,8,1,6,500,100.0,100.0,100.0,100.0,100.0,100.0,0.0,0.0
2728,150000,100.0,66.48256437340788,0.8785077853000605,12,2,6,500,100.0,100.0,100.0,100.0,100.0,100.0,0.0,0.0
2729,150000,100.0,66.60779816661925,0.8367677971777202,15,0,6,500,100.0,100.0,100.0,100.0,100.0,100.0,0.0,0.0
2730,123541,100.0,66.69772886352915,0.8772726757646091,10,3,6,500,100.0,100.0,100.0,100.0,100.0,100.0,0.0,0.0
2731,150000,99.34,66.4704905678294,0.8412549575989534,10,0,6,500,100.0,100.0,100.0,100.0,96.02,100.0,0.0,0.0
2732,150000,100.0,65.4600062613717,0.7978339666805069,15,0,6,500,100.0,100.0,100.0,100.0,100.0,100.0,0.0,0.0
2733,123541,98.95,65.18977053068748,0.906988711086934,10,3,6,500,100.0,100.0,93.68,100.0,100.0,100.0,0.0,0.0
2734,147040,100.0,65.0911465628976,0.8045709194578177,8,0,6,500,100.0,100.0,100.0,100.0,100.0,100.0,0.0,0.0
2735,104030,97.92,65.06065988741162,0.7393556207017319,6,0,6,500,91.92,95.99,99.62,100.0,100.0,100.0,0.0,0.0
2736,73530,99.06,66.1172757217287,0.8560836502370891,9,5,6,500,100.0,94.38,100.0,100.0,100.0,100.0,0.0,0.0
2737,150000,99.76,66.21429909922945,0.8960587045678996,15,0,6,500,100.0,100.0,98.59,100.0,100.0,100.0,0.0,0.0
2738,150000,100.0,65.55306157698537,0.8267089443022656,10,0,6,500,100.0,100.0,100.0,100.0,100.0,100.0,0.0,0.0
2739,73028,99.36,64.20404432392687,0.9034059406161836,8,4,6,500,96.15,100.0,100.0,100.0,100.0,100.0,0.0,0.0
2740,147040,100.0,65.7305824940375,0.7892185397870785,8,0,6,500,100.0,100.0,100.0,100.0,100.0,100.0,0.0,0.0
2741,54018,100.0,64.94728741209614,0.897101631625118,6,4,6,500,100.0,100.0,100.0,100.0,100.0,100.0,0.0,0.0
2742,150000,100.0,66.6485863894039,0.9257769872755476,10,0,6,500,100.0,100.0,100.0,100.0,100.0,100.0,0.0,0.0
2743,150000,100.0,65.65273813051104,0.9384035493519978,14,0,6,500,100.0,100.0,100.0,100.0,100.0,100.0,0.0,0.0
2744,49013,100.0,66.27905865460716,0.8173262506627788,5,4,6,500,100.0,100.0,100.0,100.0,100.0,100.0,0.0,0.0
2745,150000,98.92,66.46572764513604,0.8096917568060427,10,0,6,500,97.73,100.0,100.0,100.0,100.0,95.81,0.0,0.0
2746,150000,99.39,66.05295264090998,0.8665950935130886,13,0,6,500,96.33,100.0,100.0,100.0,100.0,100.0,0.0,0.0
2747,150000,100.0,65.05508351665539,0.8853419191307699,13,0,6,500,100.0,100.0,100.0,100.0,100.0,100.0,0.0,0.0
2748,150000,100.0,65.96809371195613,0.8633926868524705,12,0,6,500,100.0,100.0,100.0,100.0,100.0,100.0,0.0,0.0
2749,150000,99.24,65.96927640549211,0.7607488701014826,10,1,6,500,95.45,100.0,100.0,100.0,100.0,100.0,0.0,0.0
2750,150000,100.0,65.9788017629528,0.7578261165755389,13,0,6,500,100.0,100.0,100.0,100.0,100.0,100.0,0.0,0.0
2751,103536,100.0,64.7296504867129,0.8160041244475302,9,3,6,500,100.0,100.0,100.0,100.0,100.0,100.0,0.0,0.0
2752,150000,100.0,66.83419758652485,0.8396710912031612,12,1,6,500,100.0,100.0,100.0,100.0,100.0,100.0,0.0,0.0
2753,86531,100.0,66.15976166949508,0.8512105932111456,8,3,6,500,100.0,100.0,100.0,100.0,100.0,100.0,0.0,0.0
2754,150000,100.0,66.62422364891422,0.9259799821334972,10,1,6,500,100.0,100.0,100.0,100.0,100.0,100.0,0.0,0.0
2755,150000,99.94,66.58238633676856,0.7931314530505872,13,3,6,500,100.0,100.0,100.0,99.62,100.0,100.0,0.0,0.0
2756,62277,100.0,66.53801479369211,0.8866597437533618,9,6,6,500,100.0,100.0,100.0,100.0,100.0,100.0,0.0,0.0
2757,150000,99.86,64.6223994386489,0.8195086373797326,11,0,6,500,99.14,100.0,100.0,100.0,100.0,100.0,0.0,0.0
2758,62525,98.93,64.0291965023422,0.8348211539196511,8,5,6,500,100.0,100.0,93.59,100.0,100.0,100.0,0.0,0.0
2759,146546,100.0,65.00209060994796,0.7716581590403808,11,3,6,500,100.0,100.0,100.0,100.0,100.0,100.0,0.0,0.0
2760,150000,100.0,67.09708256275813,0.8793277433967224,14,4,6,500,100.0,100.0,100.0,100.0,100.0,100.0,0.0,0.0
2761,147040,99.58,65.11761069609156,0.8240513007059127,8,0,6,500,100.0,99.97,100.0,100.0,100.0,97.53,0.0,0.0
2762,150000,100.0,65.70334764984008,0.9399633514042702,10,1,6,500,100.0,100.0,100.0,100.0,100.0,100.0,0.0,0.0
2763,147302,100.0,65.04476097273636,0.7959894492938676,14,6,6,500,100.0,100.0,100.0,100.0,100.0,100.0,0.0,0.0
2764,150000,100.0,64.90679316084683,0.8527523250926867,12,3,6,500,100.0,100.0,100.0,100.0,100.0,100.0,0.0,0.0
2765,150000,99.13,67.86985779410689,0.8598523184300957,15,0,6,500,100.0,100.0,100.0,100.0,100.0,94.78,0.0,0.0
2766,150000,100.0,63.7467923811796,0.7762488955275628,11,2,6,500,100.0,100.0,100.0,100.0,100.0,100.0,0.0,0.0
2767,103034,99.28,65.42669630414672,0.8172454798955439,8,2,6,500,100.0,98.18,100.0,97.47,100.0,100.0,0.0,0.0
2768,124545,100.0,66.78471684734639,0.8715116962631919,12,5,6,500,100.0,100.0,100.0,100.0,100.0,100.0,0.0,0.0
2769,62023,99.78,65.4947224053228,0.8355362319508595,7,4,6,500,100.0,100.0,98.7,100.0,100.0,100.0,0.0,0.0
2770,150000,100.0,67.22636763151455,0.879486090004733,14,0,6,500,100.0,100.0,100.0,100.0,100.0,100.0,0.0,0.0
2771,150000,100.0,65.29767537793131,0.7840110587651064,11,1,6,500,100.0,100.0,100.0,100.0,100.0,100.0,0.0,0.0
2772,150000,100.0,65.43584294484047,0.7650461111921957,14,0,6,500,100.0,100.0,100.0,100.0,100.0,100.0,0.0,0.0
2773,150000,100.0,65.46733779249654,0.7930216584141145,15,0,6,500,100.0,100.0,100.0,100.0,100.0,100.0,0.0,0.0
2774,150000,100.0,66.32878787349988,0.9462135314497762,11,2,6,500,100.0,100.0,100.0,100.0,100.0,100.0,0.0,0.0
2775,150000,100.0,66.36066683783649,0.8763240956734467,10,0,6,500,100.0,100.0,100.0,100.0,100.0,100.0,0.0,0.0
2776,150000,100.0,65.6253700492816,0.7127156054603184,14,0,6,500,100.0,100.0,100.0,100.0,100.0,100.0,0.0,0.0
2777,150000,99.45,67.57417830814552,0.8582386348157693,12,0,6,500,96.72,100.0,100.0,100.0,100.0,100.0,0.0,0.0
2778,150000,100.0,65.99049913915056,0.8771324229150628,12,3,6,500,100.0,100.0,100.0,100.0,100.0,100.0,0.0,0.0
2779,150000,100.0,65.92107867622609,0.8452164956183029,12,0,6,500,100.0,100.0,100.0,100.0,100.0,100.0,0.0,0.0
2780,150000,100.0,66.50805912147787,0.8247656021627547,14,0,6,500,100.0,100.0,100.0,100.0,100.0,100.0,0.0,0.0
2781,46859,99.95,64.43924168464302,0.8823455407757416,6,7,6,500,99.68,100.0,100.0,100.0,100.0,100.0,0.0,0.0
2782,62525,100.0,65.40074933985301,0.9119030540834968,8,5,6,500,100.0,100.0,100.0,100.0,100.0,100.0,0.0,0.0
2783,104038,100.0,64.84221469749303,0.8832333406844504,10,4,6,500,100.0,100.0,100.0,100.0,100.0,100.0,0.0,0.0
2784,145542,99.33,65.21498147020675,0.855605367321346,9,1,6,500,100.0,95.98,100.0,100.0,100.0,100.0,0.0,0.0
2785,87287,99.59,66.8204375731356,0.7629050086780635,11,6,6,500,100.0,97.55,100.0,100.0,100.0,100.0,0.0,0.0
2786,87033,98.49,66.65423492718908,0.8524701268780354,9,4,6,500,100.0,95.37,100.0,100.0,95.59,100.0,0.0,0.0
2787,104038,100.0,66.38748251163237,0.9269151867527008,10,4,6,500,100.0,100.0,100.0,100.0,100.0,100.0,0.0,0.0
2788,62525,100.0,66.70396375695586,0.7154734769760065,8,5,6,500,100.0,100.0,100.0,100.0,100.0,100.0,0.0,0.0
2789,104544,100.0,65.41895082959495,0.8767970679685555,13,7,6,500,100.0,100.0,100.0,100.0,100.0,100.0,0.0,0.0
2790,86531,99.45,67.19129664094743,0.8882862708034182,8,3,6,500,100.0,100.0,96.68,100.0,100.0,100.0,0.0,0.0
2791,146044,100.0,65.85688972956767,0.8348482836719562,10,2,6,500,100.0,100.0,100.0,100.0,100.0,100.0,0.0,0.0
2792,150000,89.74,65.41236535979327,0.8496537291187727,14,3,6,500,75.89,91.38,100.0,81.35,100.0,89.84,0.0,0.0
2793,150000,100.0,65.2646449802543,0.8343450175854331,13,1,6,500,100.0,100.0,100.0,100.0,100.0,100.0,0.0,0.0
2794,73028,99.04,67.41604029822668,0.895928734047225,8,4,6,500,100.0,100.0,96.56,100.0,100.0,97.66,0.0,0.0
2795,150000,99.69,66.65335855106278,0.8569845594075026,12,1,6,500,100.0,100.0,100.0,98.16,100.0,100.0,0.0,0.0
2796,150000,99.2,65.51025038249458,0.8136123723668925,10,0,6,500,100.0,100.0,100.0,95.17,100.0,100.0,0.0,0.0
2797,87535,99.86,67.38906412647431,0.9641570963367136,10,5,6,500,100.0,100.0,100.0,100.0,99.19,100.0,0.0,0.0
2798,150000,100.0,66.92917494937495,0.8593790782179697,11,0,6,500,100.0,100.0,100.0,100.0,100.0,100.0,0.0,0.0
2799,146044,100.0,64.81771443691693,0.8710306033291925,10,2,6,500,100.0,100.0,100.0,100.0,100.0,100.0,0.0,0.0
2800,150000,99.91,66.13234332536888,0.8876994480372417,12,3,6,500,100.0,100.0,99.46,100.0,100.0,100.0,0.0,0.0
2801,150000,100.0,67.78112510336523,0.9095917815096908,12,0,6,500,100.0,100.0,100.0,100.0,100.0,100.0,0.0,0.0
2802,150000,100.0,65.63698098921452,0.8795673726995161,9,0,6,500,100.0,100.0,100.0,100.0,100.0,100.0,0.0,0.0
2803,147040,100.0,66.50770952215481,0.8466881705401713,8,0,6,500,100.0,100.0,100.0,100.0,100.0,100.0,0.0,0.0
2804,87033,100.0,64.67683162399005,0.8144141603625782,9,4,6,500,100.0,100.0,100.0,100.0,100.0,100.0,0.0,0.0
2805,146044,100.0,65.71427213601206,0.8182772504800566,10,2,6,500,100.0,100.0,100.0,100.0,100.0,100.0,0.0,0.0
2806,150000,99.34,66.61869906649957,0.8462283064427165,12,3,6,500,100.0,100.0,100.0,100.0,96.02,100.0,0.0,0.0
2807,150000,99.78,64.00175894929258,0.8321439594965829,12,2,6,500,100.0,98.68,100.0,100.0,100.0,100.0,0.0,0.0
2808,150000,99.66,65.85410336520897,0.8718827345623812,13,0,6,500,100.0,100.0,97.96,100.0,100.0,100.0,0.0,0.0
2809,150000,100.0,66.45293637154589,0.8349669055061056,10,0,6,500,100.0,100.0,100.0,100.0,100.0,100.0,0.0,0.0
2810,150000,100.0,65.16280605966107,0.824478614933372,13,0,6,500,100.0,100.0,100.0,100.0,100.0,100.0,0.0,0.0
2811,146546,100.0,68.85626581781816,0.7623236440263004,11,3,6,500,100.0,100.0,100.0,100.0,100.0,100.0,0.0,0.0
2812,73028,98.73,67.34384300838632,0.8884433198265337,8,4,6,500,100.0,100.0,100.0,95.2,100.0,97.18,0.0,0.0
2813,150000,100.0,65.00548994342992,0.8590240335664503,15,0,6,500,100.0,100.0,100.0,100.0,100.0,100.0,0.0,0.0
2814,145542,100.0,65.15429179907018,0.8673610245900483,9,1,6,500,100.0,100.0,100.0,100.0,100.0,100.0,0.0,0.0
2815,150000,98.68,66.23917945622028,0.9175138055077317,14,0,6,500,99.71,100.0,100.0,100.0,93.87,98.48,0.0,0.0
2816,47966,100.0,64.749910915616,0.8022296071034922,8,8,6,500,100.0,100.0,100.0,100.0,100.0,100.0,0.0,0.0
2817,146044,100.0,65.33277656288968,0.8853008630624833,10,2,6,500,100.0,100.0,100.0,100.0,100.0,100.0,0.0,0.0
2818,150000,100.0,65.91179448373713,0.9169329019379708,13,0,6,500,100.0,100.0,100.0,100.0,100.0,100.0,0.0,0.0
2819,73282,99.39,66.28337426788177,0.8914389713100678,10,6,6,500,100.0,100.0,100.0,100.0,96.36,100.0,0.0,0.0
2820,122537,100.0,65.37635434383631,0.808404490507249,8,1,6,500,100.0,100.0,100.0,100.0,100.0,100.0,0.0,0.0
2821,150000,100.0,65.11992040527875,0.7321333458094648,15,0,6,500,100.0,100.0,100.0,100.0,100.0,100.0,0.0,0.0
2822,150000,98.64,64.06637951754664,0.8692371697704829,13,0,6,500,98.28,100.0,100.0,100.0,100.0,93.54,0.0,0.0
2823,103034,99.52,66.72973981597985,0.8779459907030362,8,2,6,500,97.15,100.0,100.0,100.0,100.0,100.0,0.0,0.0
2824,73028,99.46,65.1981301081662,0.8242344941188182,8,4,6,500,98.36,100.0,100.0,100.0,98.42,100.0,0.0,0.0
2825,102532,99.34,64.71954839997986,0.8320776373452136,7,1,6,500,100.0,100.0,96.02,100.0,100.0,100.0,0.0,0.0
2826,150000,99.7,66.44637757263253,0.8046538690300178,10,0,6,500,100.0,100.0,100.0,98.22,100.0,100.0,0.0,0.0
2827,150000,99.38,65.89780708965417,0.9320107046561964,15,0,6,500,100.0,100.0,100.0,96.26,100.0,100.0,0.0,0.0
2828,150000,98.93,66.38317631976737,0.8421216275624847,15,0,6,500,100.0,96.59,97.2,99.81,100.0,100.0,0.0,0.0
2829,104030,100.0,67.73358364376794,0.938133135199478,6,0,6,500,100.0,100.0,100.0,100.0,100.0,100.0,0.0,0.0
2830,124545,100.0,65.386592696855,0.8349907521539255,12,5,6,500,100.0,100.0,100.0,100.0,100.0,100.0,0.0,0.0
2831,150000,99.77,65.21464069629097,0.753394648750244,14,0,6,500,100.0,98.63,100.0,100.0,100.0,100.0,0.0,0.0
2832,150000,99.97,65.07864233104507,0.8496098068914242,9,0,6,500,100.0,99.83,100.0,100.0,100.0,100.0,0.0,0.0
2833,146044,99.91,66.9535460447385,0.8724690152986244,10,2,6,500,100.0,100.0,100.0,100.0,99.44,100.0,0.0,0.0
2834,150000,99.75,66.14087052978914,0.9074155892715586,13,0,6,500,98.48,100.0,100.0,100.0,100.0,100.0,0.0,0.0
2835,150000,100.0,64.55977994788354,0.8525703228848456,11,2,6,500,100.0,100.0,100.0,100.0,100.0,100.0,0.0,0.0
2836,150000,100.0,66.43429945912006,0.8580003527767582,13,0,6,500,100.0,100.0,100.0,100.0,100.0,100.0,0.0,0.0
2837,150000,97.15,67.7423688486036,0.8513367240003289,10,0,6,500,100.0,100.0,100.0,100.0,88.91,93.98,0.0,0.0
2838,150000,100.0,65.66732720731702,0.8293542609346636,14,0,6,500,100.0,100.0,100.0,100.0,100.0,100.0,0.0,0.0
2839,147048,100.0,67.09079986427632,0.8767293021668849,12,4,6,500,100.0,100.0,100.0,100.0,100.0,100.0,0.0,0.0
2840,86531,100.0,67.1539393932224,0.7979911992688278,8,3,6,500,100.0,100.0,100.0,100.0,100.0,100.0,0.0,0.0
2841,87535,100.0,66.18947283296062,0.8519659990255698,10,5,6,500,100.0,100.0,100.0,100.0,100.0,100.0,0.0,0.0
2842,150000,99.53,64.91425088231074,0.7535888899445461,15,0,6,500,100.0,100.0,100.0,97.18,100.0,100.0,0.0,0.0
2843,150000,100.0,66.79484768802733,0.8263517522299028,14,0,6,500,100.0,100.0,100.0,100.0,100.0,100.0,0.0,0.0
2844,150000,100.0,67.48972298786406,0.8695790322989134,10,1,6,500,100.0,100.0,100.0,100.0,100.0,100.0,0.0,0.0
2845,150000,100.0,64.97012019040787,0.8313616900523667,14,0,6,500,100.0,100.0,100.0,100.0,100.0,100.0,0.0,0.0
2846,150000,100.0,66.01854212102576,0.7863688996231506,13,0,6,500,100.0,100.0,100.0,100.0,100.0,100.0,0.0,0.0
2847,150000,100.0,65.74481803958865,0.8809141111928336,15,0,6,500,100.0,100.0,100.0,100.0,100.0,100.0,0.0,0.0
2848,150000,99.76,64.40877280358748,0.8542004752678609,9,0,6,500,100.0,100.0,98.55,100.0,100.0,100.0,0.0,0.0
2849,73028,99.98,65.63531612317608,0.831607144706697,8,4,6,500,100.0,100.0,99.87,100.0,100.0,100.0,0.0,0.0
2850,147048,99.73,65.79706232298695,0.8797438968398099,12,4,6,500,100.0,100.0,100.0,98.36,100.0,100.0,0.0,0.0
2851,145542,100.0,64.96312778366645,0.8951776254716872,9,1,6,500,100.0,100.0,100.0,100.0,100.0,100.0,0.0,0.0
2852,150000,99.9,66.78006990555238,0.7810156095111938,12,1,6,500,100.0,100.0,99.41,100.0,100.0,100.0,0.0,0.0
2853,60517,100.0,66.35038800074429,0.7896903936952002,4,1,6,500,100.0,100.0,100.0,100.0,100.0,100.0,0.0,0.0
2854,150000,100.0,66.80041270909872,0.8822761982881016,11,0,6,500,100.0,100.0,100.0,100.0,100.0,100.0,0.0,0.0
2855,150000,100.0,68.22413402263508,0.8220864912951212,11,0,6,500,100.0,100.0,100.0,100.0,100.0,100.0,0.0,0.0
2856,122537,100.0,67.06345217889988,0.8682358902403166,8,1,6,500,100.0,100.0,100.0,100.0,100.0,100.0,0.0,0.0
2857,150000,99.84,66.26023577315163,0.797187832383186,14,4,6,500,100.0,100.0,99.26,99.76,100.0,100.0,0.0,0.0
2858,150000,100.0,66.03777729847316,0.8063249957984681,15,0,6,500,100.0,100.0,100.0,100.0,100.0,100.0,0.0,0.0
2859,150000,100.0,65.32489008643476,0.7877383962352595,12,0,6,500,100.0,100.0,100.0,100.0,100.0,100.0,0.0,0.0
2860,150000,99.79,66.10820459856821,0.8325152027675171,11,0,6,500,100.0,100.0,100.0,100.0,100.0,98.72,0.0,0.0
2861,150000,98.96,66.1065760413003,0.8181358149438404,15,0,6,500,100.0,97.8,100.0,100.0,95.98,100.0,0.0,0.0
2862,150000,100.0,66.11659010854441,0.8532652514348829,15,0,6,500,100.0,100.0,100.0,100.0,100.0,100.0,0.0,0.0
2863,147040,99.13,65.55297713315281,0.8551192708965154,8,0,6,500,100.0,100.0,100.0,100.0,100.0,94.8,0.0,0.0
2864,150000,100.0,65.49915922917116,0.8905175249021124,14,1,6,500,100.0,100.0,100.0,100.0,100.0,100.0,0.0,0.0
2865,150000,100.0,65.4065595544735,0.733607450361331,15,0,6,500,100.0,100.0,100.0,100.0,100.0,100.0,0.0,0.0
2866,123541,99.0,67.46368515801566,0.8768181963560321,10,3,6,500,100.0,100.0,95.33,100.0,98.68,100.0,0.0,0.0
2867,147048,99.84,66.42344347215302,0.8341687369641435,12,4,6,500,99.02,100.0,100.0,100.0,100.0,100.0,0.0,0.0
2868,150000,99.88,67.17426770480957,0.7880469679614666,10,1,6,500,100.0,100.0,99.28,100.0,100.0,100.0,0.0,0.0
2869,150000,100.0,65.14937361645302,0.6815523632499803,13,0,6,500,100.0,100.0,100.0,100.0,100.0,100.0,0.0,0.0
2870,150000,99.76,64.4988930215819,0.8261907658970106,15,0,6,500,98.58,100.0,100.0,100.0,100.0,100.0,0.0,0.0
2871,150000,99.52,66.61058826271791,0.8513130134222702,13,0,6,500,100.0,100.0,97.12,100.0,100.0,100.0,0.0,0.0
2872,72526,100.0,66.91070814808582,0.7428717924463831,7,3,6,500,100.0,100.0,100.0,100.0,100.0,100.0,0.0,0.0
2873,150000,99.94,66.42003786795445,0.7014546299893765,14,0,6,500,100.0,100.0,100.0,100.0,100.0,99.61,0.0,0.0
2874,150000,99.81,65.8952418680467,0.878037996182578,14,4,6,500,100.0,100.0,100.0,100.0,98.84,100.0,0.0,0.0
2875,150000,100.0,64.31077420397482,0.8413109980103928,15,0,6,500,100.0,100.0,100.0,100.0,100.0,100.0,0.0,0.0
2876,73530,99.43,67.81059311700925,0.8008464105215435,9,5,6,500,96.56,100.0,100.0,100.0,100.0,100.0,0.0,0.0
2877,150000,100.0,67.17140794569899,0.8163428733360453,12,0,6,500,100.0,100.0,100.0,100.0,100.0,100.0,0.0,0.0
2878,104030,100.0,67.14073533304177,0.8300840191468365,6,0,6,500,100.0,100.0,100.0,100.0,100.0,100.0,0.0,0.0
2879,87535,100.0,66.52076084097226,0.8758773405387121,10,5,6,500,100.0,100.0,100.0,100.0,100.0,100.0,0.0,0.0
2880,150000,100.0,65.35516438273956,0.8603547204002302,12,0,6,500,100.0,100.0,100.0,100.0,100.0,100.0,0.0,0.0
2881,147040,100.0,66.44754472200292,0.8544301636665117,8,0,6,500,100.0,100.0,100.0,100.0,100.0,100.0,0.0,0.0
2882,150000,100.0,66.19291022446859,0.8311989244338948,10,0,6,500,100.0,100.0,100.0,100.0,100.0,100.0,0.0,0.0
2883,147040,100.0,65.44054637450175,0.8586631497512327,8,0,6,500,100.0,100.0,100.0,100.0,100.0,100.0,0.0,0.0
2884,49515,97.58,67.14035445191774,0.7553003552540166,6,5,6,500,96.23,97.38,94.46,100.0,100.0,97.42,0.0,0.0
2885,150000,100.0,65.6146559567162,0.8998895041441958,12,1,6,500,100.0,100.0,100.0,100.0,100.0,100.0,0.0,0.0
2886,124545,100.0,66.23879256354019,0.8793666281904072,12,5,6,500,100.0,100.0,100.0,100.0,100.0,100.0,0.0,0.0
2887,150000,99.18,65.79814869377843,0.8261296871508234,12,3,6,500,100.0,100.0,100.0,100.0,95.08,100.0,0.0,0.0
2888,146044,100.0,66.65225745069776,0.8602314400466456,10,2,6,500,100.0,100.0,100.0,100.0,100.0,100.0,0.0,0.0
2889,150000,100.0,63.95406098449277,0.8856414468777211,14,0,6,500,100.0,100.0,100.0,100.0,100.0,100.0,0.0,0.0
2890,150000,99.27,65.74263862411202,0.8519483564661128,12,1,6,500,100.0,100.0,100.0,100.0,95.62,100.0,0.0,0.0
2891,150000,100.0,65.81627374700314,0.7184714498354658,15,0,6,500,100.0,100.0,100.0,100.0,100.0,100.0,0.0,0.0
2892,150000,99.03,65.4198258423036,0.7594020106632136,15,2,6,500,100.0,99.53,100.0,94.64,100.0,100.0,0.0,0.0
2893,150000,99.67,65.97291570742794,0.7718192917672547,14,3,6,500,100.0,100.0,100.0,100.0,100.0,98.01,0.0,0.0
2894,150000,100.0,68.54343802674008,0.7015621785059636,14,0,6,500,100.0,100.0,100.0,100.0,100.0,100.0,0.0,0.0
2895,150000,99.96,65.49856658407516,0.8333845799611092,12,1,6,500,100.0,100.0,100.0,100.0,100.0,99.79,0.0,0.0
2896,150000,99.92,66.95783476978224,0.8033677659469367,14,0,6,500,100.0,100.0,99.52,100.0,100.0,100.0,0.0,0.0
2897,150000,100.0,66.08151788734658,0.7902634431517103,11,0,6,500,100.0,100.0,100.0,100.0,100.0,100.0,0.0,0.0
2898,102532,100.0,65.64778214782967,0.7931045058436723,7,1,6,500,100.0,100.0,100.0,100.0,100.0,100.0,0.0,0.0
2899,150000,99.81,68.59760340073026,0.7780513291303746,11,2,6,500,100.0,100.0,98.84,100.0,100.0,100.0,0.0,0.0
2900,150000,100.0,65.86777987974546,0.8688234299601479,10,1,6,500,100.0,100.0,100.0,100.0,100.0,100.0,0.0,0.0
2901,150000,100.0,67.03076313978727,0.7613982841671241,10,1,6,500,100.0,100.0,100.0,100.0,100.0,100.0,0.0,0.0
2902,150000,100.0,64.91433563297383,0.8243460653101549,15,0,6,500,100.0,100.0,100.0,100.0,100.0,100.0,0.0,0.0
2903,150000,100.0,67.43622521564903,0.9399434044927528,15,0,6,500,100.0,100.0,100.0,100.0,100.0,100.0,0.0,0.0
2904,150000,100.0,66.0306061363042,0.7788700422883834,11,0,6,500,100.0,100.0,100.0,100.0,100.0,100.0,0.0,0.0
2905,122537,100.0,65.03825859218115,0.8857509291662622,8,1,6,500,100.0,100.0,100.0,100.0,100.0,100.0,0.0,0.0
2906,150000,100.0,66.23468391887235,0.8384119128480694,14,0,6,500,100.0,100.0,100.0,100.0,100.0,100.0,0.0,0.0
2907,150000,100.0,66.91005991536379,0.8320489978214882,13,0,6,500,100.0,100.0,100.0,100.0,100.0,100.0,0.0,0.0
2908,146044,100.0,65.38715562755178,0.8059874846531037,10,2,6,500,100.0,100.0,100.0,100.0,100.0,100.0,0.0,0.0
2909,150000,99.56,64.92597255320355,0.877060478089463,15,0,6,500,100.0,97.38,100.0,100.0,100.0,100.0,0.0,0.0
2910,123541,99.26,65.71130911650869,0.8315057983319543,10,3,6,500,100.0,100.0,100.0,100.0,100.0,95.54,0.0,0.0
2911,150000,100.0,67.13062457700134,0.9100660789516956,12,2,6,500,100.0,100.0,100.0,100.0,100.0,100.0,0.0,0.0
2912,150000,99.17,66.85443966215145,0.8364822781616288,15,1,6,500,100.0,99.15,97.7,100.0,98.18,100.0,0.0,0.0
2913,150000,100.0,66.1671867934278,0.9649410182020528,15,0,6,500,100.0,100.0,100.0,100.0,100.0,100.0,0.0,0.0
2914,150000,98.53,67.33849643615066,0.8728283257765129,14,0,6,500,93.68,100.0,100.0,97.49,100.0,100.0,0.0,0.0
2915,150000,100.0,66.18401210616764,0.8204459872056119,15,0,6,500,100.0,100.0,100.0,100.0,100.0,100.0,0.0,0.0
2916,150000,100.0,66.06229308818635,0.8567842450362373,12,0,6,500,100.0,100.0,100.0,100.0,100.0,100.0,0.0,0.0
2917,150000,100.0,67.40214165938819,0.8670652125965769,14,1,6,500,100.0,100.0,100.0,100.0,100.0,100.0,0.0,0.0
2918,150000,100.0,66.22127553859038,0.8772100429195178,11,0,6,500,100.0,100.0,100.0,100.0,100.0,100.0,0.0,0.0
2919,150000,99.29,65.1324567616046,0.7421664873376886,14,5,6,500,97.68,100.0,100.0,100.0,98.03,100.0,0.0,0.0
2920,87539,98.45,66.33653075562587,0.7467597288382347,12,7,6,500,100.0,98.35,97.34,100.0,100.0,95.02,0.0,0.0
2921,150000,100.0,65.1761961969557,0.7804970453855368,10,0,6,500,100.0,100.0,100.0,100.0,100.0,100.0,0.0,0.0
2922,123541,100.0,67.17021992090164,0.8231141325617465,10,3,6,500,100.0,100.0,100.0,100.0,100.0,100.0,0.0,0.0
2923,150000,100.0,64.71821158963898,0.8238450554597008,10,0,6,500,100.0,100.0,100.0,100.0,100.0,100.0,0.0,0.0
2924,150000,99.75,66.12759923140145,0.8200256961090772,15,0,6,500,100.0,100.0,98.51,100.0,100.0,100.0,0.0,0.0
2925,150000,99.67,64.1064068407863,0.7941397689021388,14,0,6,500,98.02,100.0,100.0,100.0,100.0,100.0,0.0,0.0
2926,104038,100.0,65.85254100094551,0.8123002808120975,10,4,6,500,100.0,100.0,100.0,100.0,100.0,100.0,0.0,0.0
2927,150000,99.74,64.1376164128957,0.842480201457573,14,5,6,500,100.0,100.0,100.0,100.0,98.42,100.0,0.0,0.0
2928,150000,100.0,65.34028075924131,0.8350993285687697,11,1,6,500,100.0,100.0,100.0,100.0,100.0,100.0,0.0,0.0
2929,150000,100.0,66.70197736094947,0.8396517058239756,10,0,6,500,100.0,100.0,100.0,100.0,100.0,100.0,0.0,0.0
2930,124545,99.75,67.69273003161528,0.8647653090589987,12,5,6,500,100.0,100.0,98.5,100.0,100.0,100.0,0.0,0.0
2931,150000,99.4,67.65840902570517,0.7955110670475736,15,0,6,500,100.0,100.0,100.0,100.0,100.0,96.38,0.0,0.0
2932,150000,98.42,64.85428839751432,0.7739964954468523,13,1,6,500,100.0,100.0,96.94,97.9,95.71,100.0,0.0,0.0
2933,150000,98.54,66.40851479628179,0.7549311182646687,15,0,6,500,100.0,100.0,100.0,96.26,100.0,94.98,0.0,0.0
2934,150000,99.62,66.63005696760443,0.8499107940192505,9,0,6,500,100.0,100.0,100.0,100.0,100.0,97.7,0.0,0.0
2935,49519,99.5,64.62052707043061,0.7503397666021279,8,7,6,500,100.0,100.0,100.0,100.0,96.99,100.0,0.0,0.0
2936,150000,100.0,68.40299688127355,0.8547970866606877,15,0,6,500,100.0,100.0,100.0,100.0,100.0,100.0,0.0,0.0
2937,145542,100.0,67.32332045391983,0.7829657493380872,9,1,6,500,100.0,100.0,100.0,100.0,100.0,100.0,0.0,0.0
2938,150000,100.0,63.61979831304717,0.8154289683291974,15,0,6,500,100.0,100.0,100.0,100.0,100.0,100.0,0.0,0.0
2939,150000,100.0,66.59174403236031,0.8321617540325584,14,0,6,500,100.0,100.0,100.0,100.0,100.0,100.0,0.0,0.0
2940,150000,99.89,64.00153747725571,0.805024855974043,14,1,6,500,100.0,100.0,100.0,100.0,100.0,99.32,0.0,0.0
2941,150000,100.0,64.58017888685933,0.7745490167150019,15,0,6,500,100.0,100.0,100.0,100.0,100.0,100.0,0.0,0.0
2942,150000,100.0,65.71529226756991,0.8533791280750141,12,2,6,500,100.0,100.0,100.0,100.0,100.0,100.0,0.0,0.0
2943,150000,99.58,64.7297383329741,0.7932833129109611,15,0,6,500,100.0,100.0,100.0,100.0,97.51,100.0,0.0,0.0
2944,104038,99.45,66.62612455464105,0.8660671181678796,10,4,6,500,100.0,100.0,100.0,100.0,100.0,96.69,0.0,0.0
2945,150000,99.88,67.71397428286123,0.8281888193902947,12,1,6,500,100.0,100.0,99.31,100.0,100.0,100.0,0.0,0.0
2946,150000,99.58,65.35307770347565,0.8263565307414139,14,2,6,500,100.0,100.0,100.0,100.0,100.0,97.47,0.0,0.0
2947,150000,100.0,66.50744041793824,0.8447120118613919,13,0,6,500,100.0,100.0,100.0,100.0,100.0,100.0,0.0,0.0
2948,150000,99.79,66.74595205485754,0.79128200339,12,1,6,500,100.0,100.0,100.0,100.0,98.71,100.0,0.0,0.0
2949,123541,100.0,65.95126381981363,0.7991785148361922,10,3,6,500,100.0,100.0,100.0,100.0,100.0,100.0,0.0,0.0
2950,150000,100.0,64.02006918431962,0.8233495928248236,10,0,6,500,100.0,100.0,100.0,100.0,100.0,100.0,0.0,0.0
2951,150000,100.0,68.2042806805271,0.7990565483868295,12,2,6,500,100.0,100.0,100.0,100.0,100.0,100.0,0.0,0.0
2952,150000,99.95,66.47699401434993,0.926089644321932,13,0,6,500,100.0,100.0,100.0,100.0,99.71,100.0,0.0,0.0
2953,150000,100.0,65.19210539900128,0.7846755483368411,15,0,6,500,100.0,100.0,100.0,100.0,100.0,100.0,0.0,0.0
2954,150000,100.0,66.25319403144157,0.8665944358192621,15,0,6,500,100.0,100.0,100.0,100.0,100.0,100.0,0.0,0.0
2955,150000,99.87,66.34315480453722,0.8962626503481468,15,0,6,500,100.0,100.0,100.0,100.0,100.0,99.2,0.0,0.0
2956,150000,98.73,64.91281105665526,0.7910524212932196,10,0,6,500,100.0,100.0,100.0,100.0,100.0,92.36,0.0,0.0
2957,150000,99.28,67.68785260852117,0.9450199208293883,14,0,6,500,100.0,100.0,100.0,95.69,100.0,100.0,0.0,0.0
2958,150000,99.7,64.43561176761698,0.8127764346286225,13,0,6,500,100.0,98.18,100.0,100.0,100.0,100.0,0.0,0.0
2959,150000,100.0,66.90380947001212,0.8197386974131621,16,3,6,500,100.0,100.0,100.0,100.0,100.0,100.0,0.0,0.0
2960,150000,100.0,66.2556592770293,0.8514152850591811,11,2,6,500,100.0,100.0,100.0,100.0,100.0,100.0,0.0,0.0
2961,150000,100.0,68.50594014568607,0.8528551375132031,14,5,6,500,100.0,100.0,100.0,100.0,100.0,100.0,0.0,0.0
2962,150000,100.0,65.71649100274459,0.7992028119008744,14,0,6,500,100.0,100.0,100.0,100.0,100.0,100.0,0.0,0.0
2963,150000,100.0,66.5066436343801,0.813361499518339,13,0,6,500,100.0,100.0,100.0,100.0,100.0,100.0,0.0,0.0
2964,150000,99.34,65.10057514192877,0.8547488842325236,15,0,6,500,100.0,100.0,100.0,96.06,100.0,100.0,0.0,0.0
2965,123541,100.0,66.41250423774957,0.8834657241815373,10,3,6,500,100.0,100.0,100.0,100.0,100.0,100.0,0.0,0.0
2966,146546,100.0,68.09035646698456,0.7591943280545973,11,3,6,500,100.0,100.0,100.0,100.0,100.0,100.0,0.0,0.0
2967,150000,100.0,65.4445212952615,0.7505123254241834,14,4,6,500,100.0,100.0,100.0,100.0,100.0,100.0,0.0,0.0
2968,150000,100.0,67.17847114882778,0.762674869199924,12,3,6,500,100.0,100.0,100.0,100.0,100.0,100.0,0.0,0.0
2969,147048,99.62,66.6977301411665,0.812682525207607,12,4,6,500,100.0,100.0,100.0,100.0,100.0,97.72,0.0,0.0
2970,150000,98.84,65.91489118390828,0.8013111461858294,12,1,6,500,100.0,100.0,94.51,98.53,100.0,100.0,0.0,0.0
2971,123039,100.0,67.09130809698159,0.7374364517161853,9,2,6,500,100.0,100.0,100.0,100.0,100.0,100.0,0.0,0.0
2972,150000,100.0,65.27119012528067,0.7884670477465038,15,0,6,500,100.0,100.0,100.0,100.0,100.0,100.0,0.0,0.0
2973,150000,100.0,66.80762364731088,0.8368129704900874,14,0,6,500,100.0,100.0,100.0,100.0,100.0,100.0,0.0,0.0
2974,150000,99.08,65.89909318436581,0.83506538481588,10,0,6,500,100.0,94.5,100.0,100.0,100.0,100.0,0.0,0.0
2975,150000,99.38,67.52163867591233,0.7600336642795081,14,0,6,500,100.0,100.0,100.0,96.29,100.0,100.0,0.0,0.0
2976,150000,100.0,66.01243176985818,0.8741321851232954,13,1,6,500,100.0,100.0,100.0,100.0,100.0,100.0,0.0,0.0
2977,147048,100.0,66.58101843341602,0.8050045614138674,12,4,6,500,100.0,100.0,100.0,100.0,100.0,100.0,0.0,0.0
2978,146044,99.73,67.22619354981896,0.8478966252020467,10,2,6,500,100.0,100.0,98.37,100.0,100.0,100.0,0.0,0.0
2979,150000,99.9,66.42497587916283,0.8156678466896918,14,5,6,500,100.0,100.0,100.0,100.0,100.0,99.38,0.0,0.0
2980,150000,100.0,66.79049345468583,0.757472164735603,11,1,6,500,100.0,100.0,100.0,100.0,100.0,100.0,0.0,0.0
2981,150000,100.0,66.11768037213162,0.8550663039179417,10,1,6,500,100.0,100.0,100.0,100.0,100.0,100.0,0.0,0.0
2982,150000,100.0,66.54715271227795,0.8583349705704272,12,3,6,500,100.0,100.0,100.0,100.0,100.0,100.0,0.0,0.0
2983,150000,100.0,66.64692966731367,0.849452659540651,12,3,6,500,100.0,100.0,100.0,100.0,100.0,100.0,0.0,0.0
2984,150000,98.01,66.6373571574026,0.7724381859185177,13,0,6,500,94.91,99.67,100.0,100.0,100.0,93.5,0.0,0.0
2985,150000,98.35,66.42682085207383,0.8503702317147537,12,1,6,500,93.24,98.36,100.0,100.0,98.48,100.0,0.0,0.0
2986,150000,100.0,67.72697989655005,0.7262398581205985,15,0,6,500,100.0,100.0,100.0,100.0,100.0,100.0,0.0,0.0
2987,150000,99.94,66.24981830206714,0.7517109285694976,11,0,6,500,99.67,100.0,100.0,100.0,100.0,100.0,0.0,0.0
2988,150000,99.53,65.0495066730473,0.913446464889866,15,1,6,500,100.0,97.16,100.0,100.0,100.0,100.0,0.0,0.0
2989,150000,99.49,68.43907793667029,0.7853160500220394,12,1,6,500,100.0,96.92,100.0,100.0,100.0,100.0,0.0,0.0
2990,87539,100.0,69.64506385610416,0.8153617196176242,12,7,6,500,100.0,100.0,100.0,100.0,100.0,100.0,0.0,0.0
2991,150000,99.76,66.30277384568043,0.8171374437548354,11,0,6,500,100.0,100.0,98.59,100.0,100.0,100.0,0.0,0.0
2992,150000,100.0,64.88133802817966,0.7551647899507368,15,0,6,500,100.0,100.0,100.0,100.0,100.0,100.0,0.0,0.0
2993,150000,100.0,64.28323599351287,0.8104009920506644,12,0,6,500,100.0,100.0,100.0,100.0,100.0,100.0,0.0,0.0
2994,150000,99.58,66.99758244648336,0.7972864753462902,15,0,6,500,100.0,100.0,100.0,100.0,97.5,100.0,0.0,0.0
2995,150000,99.7,66.32380288202097,0.8290960681143796,14,3,6,500,100.0,100.0,100.0,100.0,98.19,100.0,0.0,0.0
2996,87539,100.0,65.06351018808246,0.7848671966995238,12,7,6,500,100.0,100.0,100.0,100.0,100.0,100.0,0.0,0.0
2997,150000,100.0,66.29871640624006,0.8834077835595396,15,0,6,500,100.0,100.0,100.0,100.0,100.0,100.0,0.0,0.0
2998,150000,100.0,67.23652232597588,0.7985611472886909,9,0,6,500,100.0,100.0,100.0,100.0,100.0,100.0,0.0,0.0
2999,150000,99.71,64.16681476608399,0.8495185479235106,10,0,6,500,98.25,100.0,100.0,100.0,100.0,100.0,0.0,0.0
3000,150000,100.0,64.1492386804774,0.8586496101711012,15,0,6,500,100.0,100.0,100.0,100.0,100.0,100.0,0.0,0.0
