Generación,Fitness Global,CPU (%),Memoria (%),Tiempo (s),Goles Favor,Goles Contra,CPUs (configurados),Population Size,Core0 (%),Core1 (%),Core2 (%),Core3 (%),Core4 (%),Core5 (%),Core6 (%),Core7 (%)
1,33875,51.45,53.02497328157097,0.5202418162077973,0,25,8,100,41.45,49.36,49.27,47.42,62.52,59.55,57.5,44.54
2,33875,57.3,52.2453260916237,0.5667615741443076,0,25,8,100,58.62,51.3,56.52,63.77,69.4,50.89,50.12,57.74
3,33875,64.6,53.14868864122517,0.6427295690429012,0,25,8,100,60.65,64.89,64.74,62.79,72.58,67.58,62.02,61.57
4,33875,53.21,52.71568170204234,0.724768790894012,0,25,8,100,51.9,55.48,52.87,56.94,53.87,52.01,53.87,48.71
5,33875,65.98,51.70604951904296,0.5664635753829975,0,25,8,100,67.22,63.64,78.48,59.88,67.56,62.52,68.11,60.4
6,34278,57.38,52.93224190190796,0.6076600665830378,0,24,8,100,56.25,55.58,57.9,58.12,52.02,50.41,64.26,64.54
7,33875,50.48,52.42181250803975,0.6097550263863701,0,25,8,100,54.87,51.92,55.51,46.36,49.46,51.46,48.26,46.0
8,33875,62.98,52.84086639514527,0.6464751307860218,0,25,8,100,70.38,69.0,56.58,52.53,68.9,64.1,53.57,68.81
9,33875,46.63,52.46708288392744,0.652699644447017,0,25,8,100,46.71,45.39,48.6,40.99,52.15,46.1,48.74,44.35
10,33875,62.91,51.96376807656492,0.625231394178982,0,25,8,100,68.48,71.59,58.97,55.84,67.97,55.65,59.53,65.26
11,33875,57.99,51.74420759792259,0.5661342215650299,0,25,8,100,50.4,62.78,52.36,63.61,62.1,57.02,62.55,53.06
12,33875,62.69,54.11378631563939,0.5931123618611593,0,25,8,100,51.57,68.32,60.3,67.8,70.84,60.61,69.1,52.96
13,33875,61.93,54.46314531866299,0.6489810431354848,0,25,8,100,61.49,67.57,63.6,55.23,58.7,61.13,67.51,60.24
14,33875,63.02,53.4947093769124,0.5921186826182492,0,25,8,100,65.43,54.4,64.88,72.16,56.85,62.5,64.18,63.75
15,33875,77.9,52.35311056753508,0.7415317354080181,0,25,8,100,68.76,75.69,85.89,86.83,84.44,83.7,72.85,65.06
16,33875,57.6,53.18712216565777,0.6206393112103965,0,25,8,100,62.16,63.86,47.23,50.28,63.01,59.13,58.41,56.69
17,33875,66.82,53.2464104736942,0.5366967939827594,0,25,8,100,63.95,75.03,57.74,71.03,65.32,72.63,61.15,67.7
18,33875,67.96,52.74861622396392,0.607162130839015,0,25,8,100,58.04,75.28,60.15,71.06,66.31,71.59,78.62,62.61
19,33875,61.12,52.90343290485546,0.6511002096864947,0,25,8,100,61.48,69.44,70.53,54.49,64.91,50.81,55.59,61.7
20,33875,52.6,52.6917417608998,0.4659312756957622,0,25,8,100,48.61,57.22,60.37,53.98,42.94,52.46,60.13,45.1
21,35084,58.76,51.99254147726786,0.6414201757995878,0,22,8,100,69.39,59.08,56.65,60.35,52.74,49.84,64.13,57.94
22,33875,70.3,52.19643331227963,0.6324862316345062,0,25,8,100,75.66,75.48,61.49,75.53,77.56,72.53,60.17,63.98
23,33875,61.48,52.01079817387832,0.6172074192135213,0,25,8,100,54.98,62.74,63.6,55.12,62.12,70.42,61.13,61.69
24,33875,60.93,52.29653786030337,0.6079675316959023,0,25,8,100,55.47,69.4,68.66,49.5,65.53,53.47,59.09,66.32
25,33875,68.04,53.42540678340258,0.5455432220834325,0,25,8,100,78.22,58.7,71.62,73.34,66.21,63.04,69.38,63.8
26,33875,74.18,53.683388859516,0.6034383125804937,0,25,8,100,70.09,73.46,82.1,83.9,76.1,66.58,68.08,73.15
27,33875,64.68,53.25520523428136,0.5778553762989671,0,25,8,100,69.2,55.77,66.75,68.72,59.42,69.73,69.67,58.18
28,33875,57.23,51.66834436020918,0.6913699534393568,0,25,8,100,62.22,51.46,59.49,49.65,60.06,63.87,61.4,49.71
29,33875,69.45,52.941114355683226,0.6026880207776478,0,25,8,100,69.99,71.27,71.73,57.87,74.34,69.28,76.49,64.6
30,33875,62.17,52.21804915815704,0.6272718495985771,0,25,8,100,64.82,61.53,59.19,64.92,67.95,53.72,56.69,68.53
31,34278,61.88,52.98901585942947,0.6350773062869719,0,24,8,100,53.21,60.98,66.41,63.61,60.68,67.42,64.01,58.71
32,33875,64.18,53.34014624877906,0.4866090553898261,0,25,8,100,66.68,65.98,57.08,68.77,65.69,56.44,63.15,69.67
33,33875,61.22,53.3435771623338,0.5837296373627007,0,25,8,100,59.58,57.34,68.38,53.13,62.96,57.68,63.55,67.18
34,33875,56.9,54.386535696950105,0.6639165590044966,0,25,8,100,67.8,62.88,49.94,64.43,47.46,56.76,53.8,52.09
35,33875,76.79,53.41110426985655,0.660458792442131,0,25,8,100,70.33,83.95,78.66,77.24,86.97,74.53,73.41,69.21
36,33875,61.52,53.133381256142535,0.5999356001197971,0,25,8,100,66.34,62.74,63.14,58.84,62.92,63.6,63.38,51.22
37,33875,65.35,53.55627588647224,0.6261262538423873,0,25,8,100,60.68,71.28,55.43,66.76,65.0,73.26,66.63,63.77
38,33875,61.78,55.22448593461514,0.5462063344906318,0,25,8,100,64.26,55.88,56.54,57.71,61.44,69.43,59.75,69.22
39,33875,63.18,53.178397745713866,0.5991966077542358,0,25,8,100,65.53,59.27,64.62,65.04,61.92,56.33,62.67,70.1
40,33875,64.58,51.71705203150251,0.5999665917812427,0,25,8,100,61.19,58.45,65.6,67.9,69.7,65.13,59.96,68.67
41,33875,62.8,53.55769836019045,0.5360570621359836,0,25,8,100,64.8,57.09,71.67,67.31,59.57,58.19,59.13,64.61
42,33875,63.54,52.48579500181572,0.5827926875972396,0,25,8,100,55.5,68.66,60.28,71.79,69.42,55.51,66.45,60.68
43,33875,61.18,53.21781879923244,0.5075733529027305,0,25,8,100,59.43,67.1,53.48,66.64,50.92,65.64,53.63,72.62
44,33875,68.11,54.00603113118952,0.5872384858369112,0,25,8,100,67.79,65.01,74.13,73.72,72.58,62.1,61.57,68.0
45,33875,56.1,52.12847441776282,0.6250520052673432,0,25,8,100,61.89,57.86,56.1,63.86,46.38,49.7,58.5,54.52
46,36293,73.11,52.301058953845086,0.6108925548898351,0,19,8,100,66.2,82.19,73.19,66.89,66.69,82.13,68.84,78.74
47,34278,58.93,52.528500315244514,0.5185622056884496,0,24,8,100,49.51,58.82,57.65,55.67,61.9,57.26,68.6,62.05
48,33875,64.61,54.659987445953085,0.5387882238154852,0,25,8,100,66.23,70.61,66.2,53.47,64.91,64.72,56.47,74.25
49,34278,63.97,53.90538206356893,0.5630538314844071,0,24,8,100,58.54,70.59,65.49,64.99,57.04,68.82,67.25,59.03
50,33875,65.8,53.1082332142759,0.6373935880238233,0,25,8,100,56.99,56.85,59.39,64.94,71.8,70.98,75.26,70.19
51,35084,59.87,53.20741945046283,0.5822795281929641,0,22,8,100,59.41,59.28,56.44,62.58,69.34,52.38,54.91,64.61
52,33875,57.86,53.05857877673211,0.6690848388322577,0,25,8,100,64.57,54.07,51.44,61.25,63.43,59.26,54.81,54.01
53,33875,59.4,53.7305062264943,0.6650770611178723,0,25,8,100,56.78,64.98,55.44,64.35,57.88,54.38,56.62,64.79
54,33875,71.68,53.78812501201113,0.5986907758205599,0,25,8,100,74.79,79.32,71.09,65.79,76.07,68.66,71.04,66.65
55,33875,64.73,52.21604231874608,0.5236829928931978,0,25,8,100,63.56,61.51,64.81,68.28,68.33,63.35,62.41,65.59
56,33875,62.37,54.68214126898846,0.5740771412871718,0,25,8,100,54.67,69.53,53.94,68.3,66.89,52.26,66.56,66.8
57,33875,59.75,54.21708331223447,0.6146902762573245,0,25,8,100,64.14,67.1,67.66,51.41,56.01,56.14,58.6,56.97
58,36293,59.61,53.01631225774247,0.5957970220604698,0,19,8,100,56.41,63.76,63.8,54.45,55.03,65.08,52.78,65.55
59,33875,68.47,52.41701924865252,0.6495875726176278,0,25,8,100,56.1,69.17,73.83,64.2,75.14,67.62,72.4,69.33
60,33875,59.8,52.82869981182525,0.6430909713481551,0,25,8,100,54.67,52.02,63.26,62.72,65.19,66.33,60.78,53.45
61,33875,59.35,53.4897294883883,0.5442483285032258,0,25,8,100,50.45,53.98,57.32,54.22,66.31,65.64,57.79,69.08
62,33875,62.04,54.167236609557655,0.6113283845623395,0,25,8,100,67.55,66.29,58.93,69.08,62.92,53.04,64.57,53.94
63,34278,61.94,52.98848647767008,0.6178840575531563,0,24,8,100,66.97,60.8,68.3,51.56,52.12,66.06,64.57,65.11
64,35890,57.96,52.93493392016705,0.558054375880688,0,20,8,100,67.36,52.95,47.85,48.35,59.6,57.56,65.22,64.76
65,33875,55.51,53.6367086713764,0.7350325674981147,0,25,8,100,51.38,49.57,62.05,53.42,62.94,48.38,53.63,62.72
66,33875,59.93,52.7241380541489,0.5879908122287412,0,25,8,100,51.26,64.45,57.99,68.05,55.7,66.69,61.02,54.32
67,33875,54.65,53.275751346032365,0.5973953293086348,0,25,8,100,60.48,51.18,49.94,53.12,57.34,60.43,57.5,47.19
68,33875,66.32,52.37389377606091,0.60588248648451,0,25,8,100,70.39,61.32,66.24,61.08,61.4,69.1,71.84,69.21
69,33875,55.88,53.543089481817695,0.6117405349477565,0,25,8,100,54.86,53.82,57.18,48.77,60.59,62.19,55.07,54.58
70,33875,68.05,53.70903278340612,0.6263924391046626,0,25,8,100,71.74,64.33,60.6,72.84,61.57,70.7,69.7,72.9
71,35084,70.36,52.42458273826437,0.6953395698155699,0,22,8,100,67.95,63.54,62.3,73.98,73.03,73.17,75.46,73.43
72,33875,60.04,53.47277100120176,0.6996693007511035,0,25,8,100,59.25,50.89,63.53,53.3,70.26,58.96,70.07,54.05
73,33875,62.74,52.70145815412133,0.5941243825858962,0,25,8,100,64.1,60.91,58.85,70.93,65.93,53.16,71.17,56.91
74,33875,65.43,52.37053889655604,0.6099090139652049,0,25,8,100,67.82,66.77,74.46,65.77,52.72,63.9,68.66,63.38
75,33875,59.92,53.25405256806492,0.5675143575896578,0,25,8,100,63.44,52.29,61.76,54.58,63.24,58.14,58.59,67.34
76,33875,60.11,51.66917350449931,0.7003170922845402,0,25,8,100,58.94,52.99,52.24,65.14,67.9,53.59,68.57,61.52
77,33875,62.92,51.216718542257226,0.4994359689889807,0,25,8,100,66.13,55.32,64.79,55.15,73.3,64.58,63.48,60.57
78,33875,56.39,53.843528751566026,0.6174471399887669,0,25,8,100,53.83,48.76,52.88,56.98,62.57,55.66,56.09,64.38
79,33875,58.04,53.51218602139852,0.5798870183290938,0,25,8,100,60.98,53.33,60.2,56.16,53.01,53.3,62.01,65.31
80,33875,63.13,51.22217703157042,0.6217932264460238,0,25,8,100,66.47,63.67,67.52,66.5,68.75,61.14,51.16,59.86
81,33875,59.26,53.68901888727611,0.6480836448670151,0,25,8,100,50.95,59.82,65.05,55.66,64.96,54.97,63.46,59.25
82,33875,52.35,53.26076312347179,0.5979378793932859,0,25,8,100,50.51,52.48,54.66,52.74,52.44,48.22,53.65,54.09
83,33875,68.11,54.057414944261225,0.5822215290995529,0,25,8,100,74.08,69.83,66.41,69.01,77.84,67.18,60.5,60.05
84,33875,61.56,53.12197377350347,0.5770641336772145,0,25,8,100,61.28,55.59,55.29,66.32,67.02,61.28,69.19,56.54
85,33875,60.01,52.88082902067515,0.5900574448876637,0,25,8,100,60.87,59.91,55.54,64.75,57.3,59.59,66.79,55.32
86,34278,62.42,52.09657628279139,0.6721957908233066,0,24,8,100,68.12,54.8,59.83,58.49,62.49,66.54,68.99,60.08
87,33875,56.46,53.84489625213785,0.5229764994019592,0,25,8,100,55.9,57.71,60.22,53.86,59.2,57.86,51.36,55.6
88,33875,59.13,52.377269723372216,0.6217681075202034,0,25,8,100,54.33,67.22,65.52,53.74,67.99,51.49,56.79,55.94
89,33875,63.27,54.78285376798251,0.6255260802718722,0,25,8,100,57.53,63.49,65.81,55.97,59.25,61.04,72.72,70.33
90,33875,83.72,52.01249851087171,0.6083173519312566,0,25,8,100,93.9,90.12,75.77,85.08,71.62,76.27,87.42,89.58
91,33875,61.06,52.69145511100476,0.6604474184943033,0,25,8,100,57.75,58.16,65.88,54.43,63.07,63.98,64.21,61.02
92,33875,52.68,51.42351920361613,0.5356990070412182,0,25,8,100,43.8,46.6,55.3,57.24,47.26,55.3,53.46,62.44
93,34681,62.58,53.132302246351685,0.7416672324308315,0,23,8,100,63.68,61.63,60.02,60.53,69.7,58.73,63.14,63.24
94,33875,60.1,53.74260969792152,0.5732124564163515,0,25,8,100,69.45,61.36,68.49,54.01,53.67,59.43,57.18,57.2
95,33875,75.33,52.88358021655003,0.6170757059427433,0,25,8,100,75.15,90.86,75.38,70.07,71.39,69.53,80.88,69.41
96,34278,58.91,52.47522852759215,0.4963390789585494,0,24,8,100,55.88,61.25,48.74,59.02,68.83,58.11,65.57,53.91
97,33875,54.33,52.43959774973854,0.65939262160816,0,25,8,100,52.22,48.77,57.32,49.49,56.41,64.71,55.44,50.27
98,33875,59.56,52.93962958404296,0.6118901859479471,0,25,8,100,59.94,56.95,59.66,57.8,62.63,53.14,67.95,58.39
99,33875,63.25,53.27977564178219,0.5931632163723408,0,25,8,100,73.1,63.86,57.83,56.26,63.17,55.86,66.11,69.81
100,33875,55.36,52.06854470723033,0.621673969721902,0,25,8,100,51.4,60.28,52.56,58.32,50.14,55.96,51.04,63.14
101,33875,68.65,53.56449619118896,0.5782527244054199,0,25,8,100,63.71,65.48,65.73,76.27,75.96,68.33,71.85,61.91
102,33875,69.09,52.90272000774421,0.5150917766659426,0,25,8,100,75.37,68.62,72.22,69.99,65.56,68.08,76.13,56.72
103,34681,61.09,53.1970207129303,0.6455663825721585,0,23,8,100,64.92,60.97,65.11,57.72,56.68,65.66,58.82,58.85
104,33875,55.86,52.88761860545733,0.6032605304302601,0,25,8,100,58.15,60.08,60.06,51.13,64.71,56.95,46.05,49.76
105,33875,58.3,53.70243399617564,0.6561873829233952,0,25,8,100,51.39,60.97,65.0,52.94,63.84,56.07,66.22,50.0
106,33875,65.11,53.04868940674162,0.6561348839925515,0,25,8,100,71.2,70.94,63.59,55.59,74.08,57.85,62.3,65.32
107,33875,67.66,52.45054896260429,0.6848064147199484,0,25,8,100,58.11,72.37,65.85,56.62,75.05,77.18,62.89,73.18
108,36696,52.31,54.00624443972946,0.6016460576291226,0,18,8,100,59.31,49.34,52.33,56.94,53.68,50.69,45.21,51.0
109,33875,51.42,52.12533063115799,0.5406759956477506,0,25,8,100,45.06,55.63,51.8,50.84,53.13,46.41,55.85,52.64
110,34681,50.57,53.55525697096914,0.5601978708859037,0,23,8,100,49.34,50.75,48.39,48.82,49.13,52.07,48.68,57.41
111,33875,62.29,52.99278131377497,0.5985962344891953,0,25,8,100,67.73,67.84,56.42,65.33,62.7,58.37,62.95,56.98
112,33875,66.16,52.53318671146053,0.6035607955981305,0,25,8,100,65.97,61.37,69.51,73.45,65.48,71.14,61.5,60.87
113,33875,53.93,53.48171705051915,0.6022603117084235,0,25,8,100,58.59,44.59,60.29,45.96,48.66,60.09,53.49,59.78
114,33875,57.21,53.28037018464411,0.5850774718296826,0,25,8,100,55.57,54.96,53.8,57.74,57.61,54.55,63.02,60.41
115,33875,61.21,52.95430573249208,0.6366602143394415,0,25,8,100,65.76,61.45,61.57,64.82,62.5,56.52,55.73,61.34
116,34681,66.51,52.6865363451205,0.5931260525520398,0,23,8,100,68.87,70.02,58.6,68.76,73.76,59.69,71.7,60.65
117,35890,67.86,52.83449524240714,0.6482103930722231,0,20,8,100,76.2,66.88,57.39,70.33,71.03,62.52,66.08,72.45
118,33875,65.41,53.1426048292655,0.6261725043461903,0,25,8,100,71.13,71.56,60.26,66.17,54.31,60.34,69.66,69.83
119,33875,61.89,53.842918421485,0.5808784668905992,0,25,8,100,67.04,64.97,54.14,65.19,57.55,62.3,58.45,65.49
120,33875,61.5,52.79937128611942,0.5335414719163266,0,25,8,100,67.62,56.84,60.3,64.08,63.73,58.29,54.77,66.39
121,33875,58.74,52.40058328166919,0.6889528176176132,0,25,8,100,54.48,62.49,62.49,56.73,67.94,53.15,60.87,51.76
122,33875,65.92,53.732522288650536,0.602583575434064,0,25,8,100,57.95,67.54,63.32,64.05,75.81,67.61,73.5,57.55
123,33875,71.55,52.724855856153695,0.5368389749538622,0,25,8,100,76.86,63.1,70.96,63.99,81.38,76.88,79.51,59.74
124,36293,56.09,52.11895535081208,0.5571578402661623,0,19,8,100,46.93,55.36,62.5,48.5,61.62,64.15,47.94,61.72
125,33875,65.06,53.06508212651255,0.6159044860322969,0,25,8,100,70.47,71.35,66.24,63.12,68.57,55.67,55.07,70.0
126,33875,58.85,54.11320280988274,0.5984617317207637,0,25,8,100,57.68,60.93,62.96,58.95,52.34,58.97,58.31,60.64
127,33875,66.63,53.264305822786966,0.5557063877453238,0,25,8,100,74.91,58.73,65.88,73.65,66.58,58.54,61.0,73.72
128,33875,60.71,53.54211949367736,0.604222541197721,0,25,8,100,50.83,63.58,54.77,60.05,63.15,59.76,72.73,60.81
129,33875,61.47,53.19387176743091,0.5930120873351462,0,25,8,100,62.44,64.65,50.81,64.22,60.86,53.05,68.05,67.7
130,33875,62.63,53.050076524530574,0.5706307881527759,0,25,8,100,57.28,64.08,68.06,61.1,64.03,62.74,65.23,58.51
131,33875,64.55,51.55076615819692,0.575966278304704,0,25,8,100,66.44,67.13,63.93,70.68,62.11,56.91,60.18,69.0
132,33875,52.09,52.3375110230456,0.6013710917143605,0,25,8,100,51.25,47.4,53.12,46.5,57.42,60.63,50.13,50.29
133,33875,59.33,51.50607281750506,0.6419065943351744,0,25,8,100,58.78,64.14,48.7,54.49,67.4,53.21,64.75,63.15
134,33875,69.25,52.80755026556116,0.6293104927994754,0,25,8,100,76.42,65.53,64.21,69.86,65.26,70.27,72.42,70.0
135,33875,52.92,52.87801211088816,0.5859598223303796,0,25,8,100,47.28,56.39,47.33,50.37,59.84,56.38,61.14,44.59
136,33875,61.32,54.28364360410036,0.5928636748217512,0,25,8,100,54.57,53.31,58.2,68.15,61.55,72.56,60.74,61.48
137,34278,66.53,52.4489070761852,0.5517201555270824,0,24,8,100,66.62,62.66,67.11,62.84,71.91,61.53,70.39,69.15
138,33875,65.86,53.95390488090249,0.5464678262978642,0,25,8,100,56.31,71.74,76.67,57.2,56.88,69.66,69.06,69.38
139,33875,59.78,52.253743869706106,0.57516857401343,0,25,8,100,57.98,61.92,53.88,63.04,56.28,62.72,61.97,60.43
140,33875,59.18,53.73466926808719,0.5894324620079807,0,25,8,100,55.13,64.36,60.71,53.17,58.18,54.01,57.64,70.2
141,33875,68.56,51.5336109031519,0.5863148448138651,0,25,8,100,68.15,65.59,73.01,72.89,75.82,63.53,60.71,68.76
142,33875,69.54,53.13595151042797,0.6054344872195454,0,25,8,100,73.28,63.79,71.69,75.16,58.21,78.31,71.54,64.35
143,33875,56.58,53.11619221762436,0.5779747065852194,0,25,8,100,50.69,55.79,61.41,58.73,58.59,64.76,52.0,50.64
144,34681,57.05,53.7143297534096,0.6149621018161311,0,23,8,100,58.84,56.29,56.01,61.49,52.91,54.09,57.35,59.42
145,34681,54.84,54.211609432064144,0.5727454384778948,0,23,8,100,55.29,48.78,61.4,56.46,55.89,57.97,53.88,49.03
146,33875,56.5,52.87439020293301,0.5285344930367019,0,25,8,100,67.84,54.49,54.52,53.64,56.3,55.66,53.8,55.75
147,33875,75.52,53.13762301611279,0.7009014731532286,0,25,8,100,83.89,82.66,83.81,70.6,68.28,66.62,70.64,77.67
148,33875,62.5,53.60579064950134,0.6154626142717662,0,25,8,100,59.61,66.66,58.52,52.05,72.71,56.95,66.57,66.9
149,35084,62.85,52.62096238092329,0.5941316626271501,0,22,8,100,60.22,61.29,57.32,57.31,68.97,73.67,65.48,58.54
150,33875,55.1,52.80754107685437,0.6619775232059945,0,25,8,100,56.34,49.35,56.67,58.09,49.15,48.73,59.85,62.65
151,33875,67.3,53.30203287702753,0.49962107795423,0,25,8,100,66.74,64.34,60.36,60.57,63.01,74.03,69.27,80.09
152,33875,68.99,53.318353133069614,0.6281956645441684,0,25,8,100,71.24,55.88,73.19,73.65,73.0,66.37,61.57,77.04
153,33875,59.07,53.59460325911304,0.4925101256799719,0,25,8,100,55.97,61.25,62.02,59.73,55.9,55.02,59.11,63.56
154,33875,59.23,53.482162121727605,0.580022218527197,0,25,8,100,63.09,49.69,63.14,63.5,51.65,63.9,61.78,57.07
155,33875,60.87,52.26168155424429,0.6598647987820837,0,25,8,100,61.3,67.49,55.9,67.12,68.27,53.42,61.7,51.73
156,33875,56.82,52.33965359484839,0.5433370523811206,0,25,8,100,57.54,58.19,52.44,49.2,63.32,64.66,58.14,51.03
157,33875,56.25,52.97903271540444,0.6447369563888946,0,25,8,100,51.25,53.22,53.25,59.72,65.88,57.0,54.56,55.13
158,33875,53.77,54.132612388080666,0.6885891701578051,0,25,8,100,53.7,51.36,51.57,60.79,47.45,52.37,56.73,56.2
159,33875,62.63,53.59105987618304,0.6573339150616806,0,25,8,100,67.82,53.56,63.8,63.66,62.3,67.07,60.09,62.71
160,33875,63.75,52.71399784169676,0.6466121183505364,0,25,8,100,62.05,64.56,55.81,54.42,70.64,62.79,71.4,68.29
161,33875,66.98,53.52267894882614,0.5285732304086527,0,25,8,100,77.99,74.78,60.39,56.47,64.58,69.75,60.78,71.14
162,33875,61.89,54.986393928614994,0.5442144012193494,0,25,8,100,63.95,66.43,63.62,58.95,59.36,63.51,58.61,60.67
163,33875,56.9,52.95487225096743,0.6237743789798328,0,25,8,100,61.53,60.41,48.83,53.14,64.3,51.6,61.57,53.86
164,33875,56.61,52.964217579080426,0.5789154329905275,0,25,8,100,58.46,54.33,59.49,54.36,56.39,59.15,58.93,51.76
165,34278,65.45,52.46767206017668,0.486350082043456,0,24,8,100,65.71,71.03,58.96,54.84,70.03,67.09,66.23,69.74
166,33875,58.43,52.821003193181085,0.4964746834122174,0,25,8,100,56.76,55.23,58.01,67.41,60.8,59.6,52.62,56.99
167,33875,57.24,54.29642925675797,0.578967759564907,0,25,8,100,51.86,61.78,51.79,66.25,55.88,56.84,56.07,57.48
168,33875,57.93,53.56502361258413,0.6270342495990873,0,25,8,100,55.64,49.68,49.38,67.8,59.04,69.71,60.93,51.24
169,33875,62.85,54.4660695976624,0.6217875500851063,0,25,8,100,69.29,55.14,61.9,70.77,69.39,58.46,56.83,61.01
170,33875,59.1,53.4765481067879,0.5944649230814502,0,25,8,100,66.99,54.67,60.16,68.32,56.23,55.31,53.85,57.29
171,33875,72.14,52.67860343227959,0.5147500824472635,0,25,8,100,76.86,69.38,70.47,59.88,70.53,63.24,84.06,82.71
172,33875,65.5,53.54973061696443,0.624155826972885,0,25,8,100,59.47,72.29,60.93,60.02,70.5,71.61,55.67,73.49
173,33875,61.59,54.684746900680175,0.5952458842805165,0,25,8,100,65.7,54.07,52.79,68.18,65.95,62.99,64.72,58.29
174,33875,69.73,52.41965361600514,0.6109212402748416,0,25,8,100,57.27,70.81,79.92,74.01,67.18,64.62,80.27,63.75
175,33875,68.4,52.94604798594207,0.672427292939284,0,25,8,100,58.0,69.37,73.63,64.7,70.99,66.47,69.22,74.78
176,33875,67.19,51.80993373493222,0.5288779763262907,0,25,8,100,68.54,58.3,68.32,68.61,74.13,70.72,62.65,66.29
177,34278,55.74,53.56672886072778,0.6743657957545103,0,24,8,100,61.05,54.87,57.88,48.7,63.22,51.37,57.11,51.72
178,34681,56.3,53.43119996950018,0.6299700425488326,0,23,8,100,54.28,64.1,60.03,46.53,50.8,57.65,61.14,55.84
179,33875,56.52,54.0809461025311,0.5423833825012744,0,25,8,100,57.85,54.42,51.14,52.69,63.61,63.82,55.53,53.11
180,33875,55.8,53.80167205908231,0.6904003942455097,0,25,8,100,63.22,54.19,56.09,58.09,58.65,54.77,53.76,47.66
181,33875,66.47,53.44751621901313,0.5987581486062847,0,25,8,100,63.98,69.82,70.05,61.41,71.57,69.45,65.09,60.43
182,34681,56.77,53.46324266066997,0.625975710819016,0,23,8,100,59.96,61.89,62.37,55.76,54.34,52.11,58.81,48.93
183,33875,73.25,50.70002805128874,0.6480417138114865,0,25,8,100,76.87,61.72,71.52,62.72,85.83,85.79,63.28,78.24
184,33875,70.06,53.58436296007287,0.6237311675686931,0,25,8,100,63.37,65.11,72.32,80.68,66.12,68.7,68.43,75.78
185,33875,60.21,54.30413087700748,0.6578870221478483,0,25,8,100,61.06,57.41,66.15,51.52,60.15,59.08,66.21,60.08
186,33875,56.74,53.24735727730102,0.4990596580612941,0,25,8,100,53.21,59.35,62.78,45.32,50.7,59.42,57.83,65.35
187,34681,57.95,52.01424277332138,0.601029544391552,0,23,8,100,56.62,62.99,49.8,57.13,53.69,65.65,55.09,62.62
188,33875,50.52,52.393000124796416,0.6425576884210012,0,25,8,100,47.41,56.85,45.66,47.12,54.36,46.9,46.28,59.62
189,33875,69.52,52.16180825027977,0.5300689951401015,0,25,8,100,62.51,73.33,73.0,63.06,71.61,78.58,59.58,74.45
190,33875,65.72,53.17574459882513,0.5249667858336092,0,25,8,100,67.28,66.87,70.4,66.34,63.78,57.07,73.78,60.2
191,33875,49.76,54.43094389691693,0.64921774447613,0,25,8,100,51.6,45.35,50.95,50.41,45.22,53.98,50.03,50.55
192,33875,67.6,52.67643980474406,0.6101278047670494,0,25,8,100,74.99,66.7,67.98,62.61,73.18,71.81,64.96,58.55
193,33875,54.5,54.14773667525703,0.5767211562487704,0,25,8,100,60.21,46.19,60.83,51.34,63.29,57.8,48.66,47.67
194,36293,53.51,52.1795351386622,0.6235068401123569,0,19,8,100,51.69,53.15,55.41,59.49,51.37,50.83,51.5,54.65
195,33875,50.11,53.00720118259445,0.5849884976011089,0,25,8,100,43.02,51.1,50.18,57.83,55.75,43.23,43.59,56.17
196,33875,67.01,52.661776893520766,0.4935782529367079,0,25,8,100,59.77,71.71,56.43,74.86,61.91,68.85,73.57,69.0
197,33875,63.69,53.50876871771087,0.5316888809520766,0,25,8,100,56.94,57.92,71.39,68.63,66.21,49.63,71.33,67.45
198,33875,69.6,53.48353268707991,0.5715345166776942,0,25,8,100,68.53,65.64,72.08,73.32,60.72,77.51,61.29,77.75
199,34278,66.55,54.18557479435042,0.5827133174785305,0,24,8,100,65.63,67.89,60.82,69.75,72.13,61.69,64.24,70.25
200,33875,59.59,53.35020008925197,0.5337274553886857,0,25,8,100,65.15,57.41,61.7,62.7,52.9,49.42,62.9,64.56
201,33875,61.2,54.04346338148692,0.5840167093753902,0,25,8,100,68.05,63.73,54.42,56.01,59.78,68.0,52.78,66.85
202,33875,62.89,52.92731059709647,0.5684050441004214,0,25,8,100,65.03,52.29,69.52,65.75,67.58,58.63,62.16,62.16
203,35890,58.74,52.77783098180711,0.6229920441085713,0,20,8,100,64.7,49.95,59.66,48.4,66.11,65.03,64.38,51.65
204,34278,59.45,53.62844793128932,0.5719958023689916,0,24,8,100,65.63,57.93,50.95,66.5,58.53,56.55,58.96,60.57
205,33875,63.84,53.12952394751136,0.6595345738076671,0,25,8,100,57.27,68.86,63.82,56.13,70.94,66.8,69.61,57.31
206,33875,63.24,54.021147134227824,0.5391301859711992,0,25,8,100,56.95,65.92,64.17,54.11,60.59,69.82,69.32,65.02
207,33875,45.57,53.18231453391114,0.6563324333967482,0,25,8,100,43.59,50.42,45.38,41.32,48.73,38.89,41.83,54.38
208,33875,65.11,52.92883144529343,0.5859207772623796,0,25,8,100,55.08,64.48,74.94,60.31,67.58,72.6,63.24,62.63
209,33875,61.99,52.400863473497445,0.6015548989004795,0,25,8,100,53.0,64.38,55.04,61.88,55.69,65.22,70.24,70.5
210,33875,49.03,52.24935761729535,0.6245974916559583,0,25,8,100,44.58,50.02,50.36,49.15,47.53,47.83,55.85,46.9
211,33875,62.2,52.96980412829828,0.5411437354089625,0,25,8,100,66.79,71.63,61.45,56.05,58.89,68.24,57.43,57.09
212,33875,72.47,53.557617166702656,0.6246000048984203,0,25,8,100,69.61,71.46,67.85,81.38,74.27,68.93,75.66,70.59
213,33875,53.59,53.15434383044771,0.5884347492166726,0,25,8,100,57.72,53.43,55.08,50.96,45.44,46.92,64.64,54.55
214,33875,67.04,53.94801392064955,0.6389693930332901,0,25,8,100,70.03,57.27,65.66,72.52,60.4,70.15,69.23,71.05
215,33875,69.18,53.64508052231021,0.5586818225240533,0,25,8,100,71.97,67.88,71.16,76.71,66.92,76.52,56.84,65.4
216,33875,71.84,53.61397409506882,0.5893916535535115,0,25,8,100,77.46,64.64,76.77,65.48,74.23,61.99,76.91,77.26
217,33875,64.81,53.93597708838304,0.6270749736993873,0,25,8,100,59.73,63.01,66.96,73.83,67.68,55.42,60.84,71.02
218,33875,62.95,52.71434430201116,0.5472227101995987,0,25,8,100,62.84,62.24,58.95,70.59,65.57,56.42,64.27,62.69
219,33875,53.4,53.00054814235896,0.591434930121668,0,25,8,100,45.62,61.62,47.38,57.18,53.01,54.0,60.64,47.72
220,35084,76.38,52.41563374705972,0.5999460981993997,0,22,8,100,70.48,78.29,73.63,78.14,81.18,75.17,71.33,82.83
221,33875,60.72,51.84884662411736,0.6003088611660172,0,25,8,100,53.68,65.85,57.49,70.54,57.88,62.4,57.55,60.4
222,34278,58.68,52.10401888568197,0.5897993726376999,0,24,8,100,61.94,53.83,61.1,62.77,59.87,56.46,56.34,57.17
223,36696,59.62,53.35436469915983,0.5519950434545964,0,18,8,100,55.09,60.92,69.85,61.27,58.63,51.89,50.71,68.63
224,33875,70.3,52.3759189831468,0.5953248845256628,0,25,8,100,79.35,71.26,62.18,72.24,75.21,67.88,76.28,57.97
225,36293,55.89,52.63628241748766,0.5674387695863466,0,19,8,100,55.53,60.5,49.75,50.75,61.5,50.05,60.36,58.67
226,33875,65.05,55.07784221971651,0.5624388127711273,0,25,8,100,70.77,53.87,68.46,74.68,70.11,51.62,59.61,71.25
227,33875,64.49,53.03797099567435,0.662106107505671,0,25,8,100,66.48,61.23,59.76,65.8,66.66,53.37,67.44,75.18
228,33875,61.32,52.15564274132961,0.5697666792074125,0,25,8,100,66.25,65.18,65.48,66.9,57.32,60.06,55.9,53.43
229,33875,60.45,51.95871714840543,0.5878767642449318,0,25,8,100,55.88,68.11,52.22,57.49,61.88,71.19,60.26,56.6
230,33875,46.38,53.97825269648766,0.5273511902022092,0,25,8,100,50.1,44.84,40.54,43.78,48.28,45.2,51.67,46.65
231,33875,67.21,53.10507146949136,0.5427112696530735,0,25,8,100,72.57,78.76,76.15,54.97,76.16,58.19,61.56,59.35
232,33875,58.02,53.672408093377655,0.4973304786425103,0,25,8,100,59.33,54.96,50.15,59.32,60.49,59.39,66.26,54.26
233,33875,63.0,52.3527427097485,0.6263400601342869,0,25,8,100,56.65,66.62,53.42,58.31,68.85,71.8,54.16,74.16
234,34681,68.41,52.607999920814486,0.5675668474018181,0,23,8,100,72.38,59.75,66.36,55.91,74.43,74.18,72.31,71.94
235,33875,60.48,52.80441169752347,0.4948211377794466,0,25,8,100,67.45,52.22,65.41,55.96,56.79,68.15,53.75,64.12
236,33875,67.71,52.31149560338132,0.5895736325561282,0,25,8,100,72.02,62.83,64.82,58.62,74.66,72.08,70.08,66.59
237,35890,60.09,53.27435742422623,0.6135323363194628,0,20,8,100,54.66,62.3,64.09,67.14,57.33,58.08,54.79,62.33
238,33875,58.21,53.07513480881633,0.6137172451633662,0,25,8,100,51.62,50.16,64.85,66.43,60.5,59.85,54.57,57.67
239,33875,55.25,52.416902079882455,0.5731535150342691,0,25,8,100,52.07,56.32,56.0,62.51,50.07,55.69,55.35,53.98
240,35890,62.21,53.240110942182405,0.5429020088010269,0,20,8,100,58.15,55.32,68.01,66.24,59.1,67.74,57.12,65.96
241,34278,60.44,54.07591342772644,0.6198613529138931,0,24,8,100,69.06,63.29,62.56,52.42,64.4,55.25,63.68,52.88
242,34681,67.91,52.62480089915232,0.6206599128063939,0,23,8,100,59.66,73.67,68.73,67.51,67.77,68.05,69.5,68.37
243,34278,70.06,52.83943202023331,0.6828801647992877,0,24,8,100,75.32,74.8,70.61,67.12,67.16,70.53,75.27,59.64
244,33875,55.74,52.714675690804974,0.6038217776864009,0,25,8,100,57.21,49.08,53.25,50.31,62.57,54.7,59.83,58.98
245,34278,70.17,53.479297936821546,0.5111570812540989,0,24,8,100,82.19,69.38,64.21,64.67,74.43,75.96,63.27,67.24
246,33875,67.66,53.36916050185936,0.5015650212414892,0,25,8,100,65.48,61.39,68.59,74.55,67.88,63.81,64.31,75.26
247,33875,57.82,53.81276934999005,0.6246417101629806,0,25,8,100,59.24,54.93,58.49,59.85,61.08,63.71,52.68,52.56
248,34681,66.09,52.44127138266223,0.5920607279913985,0,23,8,100,73.98,59.33,70.38,74.62,63.91,58.08,58.09,70.36
249,33875,57.42,52.71695236173285,0.5722595516974118,0,25,8,100,59.86,53.37,56.26,53.7,53.99,61.16,68.12,52.87
250,35487,70.15,53.241429380742765,0.6425123938583277,0,21,8,100,80.09,61.41,64.92,62.44,71.09,81.85,72.29,67.11
251,33875,65.78,53.51627050049638,0.54199782126,0,25,8,100,67.74,55.73,73.84,55.73,64.75,68.06,71.42,68.94
252,33875,63.82,53.11828741094547,0.5955270600856336,0,25,8,100,58.41,63.32,70.0,65.87,64.77,60.05,68.28,59.83
253,35084,53.24,52.63882340428362,0.5741938608388267,0,22,8,100,50.85,52.45,47.62,54.46,50.81,57.8,55.78,56.12
254,33875,56.75,52.09136077506469,0.5726972951734071,0,25,8,100,61.9,52.58,53.89,60.39,52.2,59.24,50.88,62.93
255,34681,59.39,52.34845825147789,0.5319571287032452,0,23,8,100,61.28,58.83,60.74,54.27,68.02,55.94,54.27,61.76
256,34278,65.9,52.94689313036641,0.6136610553354953,0,24,8,100,62.85,67.79,68.79,56.33,72.27,69.87,60.24,69.09
257,33875,66.42,52.80161358346785,0.6361279170285952,0,25,8,100,56.74,72.68,59.15,71.24,73.03,54.46,70.72,73.37
258,35084,61.54,52.70402134740513,0.5363106767997717,0,22,8,100,68.96,54.91,60.67,53.93,53.76,66.48,69.39,64.18
259,33875,68.15,53.41886108393085,0.5260604659994054,0,25,8,100,61.06,76.83,68.93,65.02,74.36,75.89,68.22,54.88
260,33875,61.03,53.0568988662467,0.5810237507080822,0,25,8,100,64.42,60.13,58.94,59.55,63.55,57.68,67.85,56.1
261,34681,69.34,53.398904748715154,0.6036128814243465,0,23,8,100,62.5,66.2,74.01,63.92,75.72,73.41,67.6,71.37
262,33875,60.76,52.1361635386298,0.5075503954538697,0,25,8,100,60.05,67.08,65.37,60.09,56.92,67.44,52.49,56.65
263,33875,74.26,53.512321889292096,0.5084384607740083,0,25,8,100,62.61,78.0,79.22,74.89,71.62,81.64,65.95,80.14
264,33875,57.25,53.0489202594482,0.5298942453993687,0,25,8,100,61.03,56.92,53.21,59.72,57.13,57.57,58.94,53.5
265,33875,66.86,54.26414538539703,0.5666766072052143,0,25,8,100,77.91,59.75,66.03,69.06,71.7,60.32,63.84,66.23
266,33875,71.8,53.51652273197216,0.5698909729432167,0,25,8,100,76.35,76.9,80.61,74.77,62.33,70.08,67.36,66.01
267,33875,62.89,53.55840223440524,0.6384538948838427,0,25,8,100,59.76,73.61,60.41,55.94,63.32,72.41,53.58,64.12
268,35890,56.61,53.52503360409989,0.5579052053121916,0,20,8,100,60.6,50.24,57.19,64.72,51.66,61.79,59.96,46.76
269,33875,53.69,53.68050370597453,0.5068247292851075,0,25,8,100,49.2,52.22,58.09,55.31,57.43,48.21,50.02,59.07
270,33875,62.78,53.92978322502773,0.5709556316153916,0,25,8,100,59.78,60.37,75.17,62.77,58.37,59.64,61.55,64.62
271,33875,63.49,53.39884822661443,0.5545313413722383,0,25,8,100,69.1,52.6,68.94,67.66,77.06,58.81,58.36,55.37
272,33875,58.87,53.35237075492982,0.5714627673142472,0,25,8,100,63.14,64.97,67.54,61.26,61.24,50.82,53.27,48.71
273,33875,64.32,52.35370401409013,0.4909612365264373,0,25,8,100,63.83,58.17,64.09,53.34,71.73,66.99,66.64,69.8
274,35084,62.9,53.21609695010024,0.5612823535055113,0,22,8,100,74.78,58.86,64.79,60.68,54.22,62.83,69.56,57.5
275,33875,61.05,52.985840467688426,0.5881989722591046,0,25,8,100,62.66,56.14,64.75,61.5,67.04,59.52,65.74,51.05
276,33875,60.89,53.75846190201065,0.5644749219678662,0,25,8,100,58.46,56.35,58.21,53.61,66.66,64.36,61.09,68.35
277,33875,58.86,53.25071181540558,0.491881903113622,0,25,8,100,57.94,62.77,60.71,59.44,57.59,57.95,57.57,56.9
278,33875,76.18,52.187025898508,0.5832819183468624,0,25,8,100,85.45,81.14,82.85,63.73,73.72,69.8,74.31,78.47
279,34681,61.67,53.56602744106732,0.6054382914349553,0,23,8,100,55.03,58.21,58.34,76.81,60.81,60.26,65.91,58.0
280,33875,52.12,53.75180418687128,0.5272856664693396,0,25,8,100,51.1,49.36,54.07,61.22,47.37,51.17,47.67,54.98
281,33875,59.44,53.69060673006936,0.5562454142224343,0,25,8,100,58.36,60.85,56.86,60.97,63.5,57.89,52.51,64.61
282,33875,53.49,53.28178226971771,0.545553618986802,0,25,8,100,57.7,56.25,56.67,45.6,48.7,45.32,59.38,58.32
283,33875,57.36,52.15957978181402,0.655311820310372,0,25,8,100,55.41,65.48,59.66,54.08,57.51,52.43,65.89,48.39
284,34278,66.53,52.69061115992671,0.4720659524405718,0,24,8,100,73.23,71.68,74.92,61.3,63.92,59.7,57.71,69.78
285,33875,61.21,55.16143949359457,0.4524903322114831,0,25,8,100,67.25,57.07,56.77,59.76,61.35,62.38,67.75,57.36
286,34681,61.76,53.56391060426696,0.623514139277163,0,23,8,100,68.4,60.62,70.42,50.94,59.44,68.67,61.46,54.14
287,33875,52.01,54.55292317548604,0.586734615475889,0,25,8,100,55.42,51.41,46.08,51.47,49.49,54.68,55.94,51.57
288,35084,59.31,53.44302249565238,0.5392811347508114,0,22,8,100,64.62,61.58,50.44,52.83,68.52,63.32,58.06,55.12
289,36293,55.9,52.79196360069548,0.5379379356541163,0,19,8,100,58.78,63.27,63.9,47.01,51.26,50.51,60.09,52.38
290,33875,62.4,52.27069735461105,0.6205708703991341,0,25,8,100,53.05,66.84,59.63,70.31,64.36,65.27,53.61,66.09
291,33875,64.26,53.37317297214363,0.5721182220766518,0,25,8,100,54.75,66.76,67.32,66.04,57.31,69.34,60.87,71.73
292,36293,63.56,52.89427884325664,0.5976426229972008,0,19,8,100,69.39,58.64,58.44,54.78,62.82,75.06,68.92,60.42
293,33875,60.98,54.02353241840001,0.5814289274959086,0,25,8,100,65.12,64.77,59.31,66.34,60.57,59.27,55.5,56.92
294,33875,59.01,54.03734063520708,0.6248933272841412,0,25,8,100,63.14,56.77,55.09,64.53,66.52,53.74,55.43,56.88
295,33875,53.58,54.42013435054,0.6429713344797305,0,25,8,100,49.58,59.63,46.27,47.18,46.72,60.35,56.11,62.81
296,35487,65.02,52.93641058591091,0.4999347621744721,0,21,8,100,56.91,61.34,65.24,73.76,65.42,72.13,62.04,63.3
297,34278,54.64,52.17641223641843,0.5367837073623462,0,24,8,100,57.51,55.5,56.9,53.17,52.47,57.51,47.2,56.88
298,34278,60.99,53.467504387958215,0.5706803250722544,0,24,8,100,62.93,64.28,69.67,48.91,57.19,61.4,64.43,59.1
299,33875,57.82,52.14341883679148,0.5155934669255283,0,25,8,100,60.67,56.32,63.04,63.45,47.77,50.48,54.76,66.03
300,33875,69.5,52.83300330737048,0.5234087241148438,0,25,8,100,78.63,60.5,64.53,68.41,68.23,63.71,77.31,74.71
301,33875,59.08,52.85876398977328,0.5310206213295858,0,25,8,100,66.66,51.72,53.32,52.53,66.45,63.88,59.21,58.85
302,33875,73.3,53.11719477600086,0.5411474340507817,0,25,8,100,72.07,76.12,61.93,80.39,81.38,71.83,63.4,79.26
303,35487,67.97,51.92392145215528,0.5134349160733901,0,21,8,100,78.44,71.4,73.47,71.26,61.84,57.88,65.11,64.39
304,33875,58.11,53.58578108594536,0.6138773326409814,0,25,8,100,54.48,53.35,58.15,57.22,59.14,69.18,50.91,62.48
305,34278,59.85,53.59057730324847,0.6132354626030188,0,24,8,100,60.36,62.39,59.33,63.9,53.58,56.95,64.57,57.7
306,33875,55.77,52.707643353567015,0.5532908537872012,0,25,8,100,49.49,58.3,62.62,52.42,59.66,51.19,64.26,48.24
307,33875,66.95,52.71081673261602,0.5269909236924711,0,25,8,100,68.12,61.0,58.69,75.3,66.22,75.0,61.63,69.64
308,33875,61.03,53.9342599148389,0.5175077545478363,0,25,8,100,53.93,59.71,66.91,60.81,54.97,67.25,63.4,61.26
309,34278,53.79,52.97462364776876,0.5649413532626045,0,24,8,100,50.42,57.56,48.03,56.57,47.89,49.4,56.62,63.86
310,33875,71.32,53.446931954320405,0.5283218241789089,0,25,8,100,74.14,60.06,70.09,71.79,64.72,77.43,74.1,78.24
311,33875,53.88,52.74257302178544,0.5025860757239367,0,25,8,100,62.95,50.97,48.84,54.75,50.52,59.88,51.8,51.33
312,33875,65.8,53.29904582632148,0.612064819508271,0,25,8,100,57.63,65.91,68.22,66.35,72.9,60.58,75.36,59.43
313,33875,62.68,53.07500606250977,0.5800330727652719,0,25,8,100,59.5,59.0,62.19,61.4,53.63,67.91,70.25,67.58
314,33875,61.73,53.12167587798449,0.5836986556500741,0,25,8,100,54.19,61.62,62.14,59.49,70.84,62.84,68.65,54.05
315,33875,57.75,52.3704816742393,0.5680893764909213,0,25,8,100,59.98,54.69,60.38,59.18,49.58,65.32,66.14,46.73
316,33875,59.18,53.69833321184671,0.5540545234764417,0,25,8,100,62.05,63.26,63.56,60.36,64.42,49.07,61.4,49.28
317,34278,65.17,54.171763715909314,0.5439795663684606,0,24,8,100,73.12,63.91,63.37,68.09,58.03,60.15,68.27,66.41
318,33875,51.18,53.35165327946101,0.6962718937907035,0,25,8,100,50.51,52.09,44.75,60.13,51.83,55.55,47.22,47.32
319,33875,62.26,53.31060066377052,0.5464103332169002,0,25,8,100,61.52,71.08,70.37,55.28,66.11,58.37,62.54,52.8
320,35890,64.9,54.5423801275551,0.4881296511457006,0,20,8,100,65.0,71.56,63.91,54.79,65.59,70.47,58.65,69.22
321,33875,71.15,54.07453217931756,0.6365038168698598,0,25,8,100,81.4,70.93,66.35,69.67,64.25,76.86,77.88,61.85
322,33875,53.45,53.161867705251744,0.6089977379401733,0,25,8,100,48.86,49.62,55.19,56.13,53.55,59.92,48.5,55.85
323,34278,66.7,53.42685465644442,0.4933986390054121,0,24,8,100,65.77,57.33,80.44,57.87,67.08,70.99,75.13,58.96
324,33875,62.61,54.807578101383086,0.5184769380711883,0,25,8,100,69.72,59.17,68.71,54.31,60.15,60.14,60.96,67.74
325,33875,65.76,52.18874696405531,0.5576551381139183,0,25,8,100,67.62,74.6,73.69,65.49,56.55,70.2,57.61,60.34
326,33875,62.8,53.57392698762376,0.5719958369324605,0,25,8,100,56.26,62.49,66.28,68.59,59.33,63.67,61.26,64.54
327,33875,66.84,52.58457335585671,0.5791027432197027,0,25,8,100,65.8,77.84,68.45,62.33,70.81,61.31,59.85,68.34
328,33875,63.44,53.40238306455908,0.5774500354889002,0,25,8,100,70.84,70.85,63.89,63.73,61.3,69.71,53.87,53.34
329,33875,56.48,53.86064189799773,0.4384488013355146,0,25,8,100,62.28,57.76,51.89,58.9,54.16,55.2,58.77,52.89
330,34278,73.81,54.7066254557604,0.5951572360463713,0,24,8,100,75.44,68.3,76.26,75.03,75.14,76.62,64.94,78.76
331,33875,62.49,53.85009680010101,0.5148471354417481,0,25,8,100,62.29,60.49,62.35,63.09,57.2,63.2,71.02,60.31
332,34681,53.25,55.39401155691867,0.4974903570344384,0,23,8,100,56.87,56.56,45.99,52.89,60.65,49.81,48.81,54.44
333,33875,50.07,53.42820208768772,0.578167577088907,0,25,8,100,50.14,47.27,42.65,55.12,53.23,57.71,51.94,42.48
334,36293,57.52,53.15099812838703,0.610309499778101,0,19,8,100,66.37,58.27,61.04,48.09,62.98,54.07,60.89,48.43
335,36293,68.91,53.380198302775526,0.5850311944608175,0,19,8,100,73.03,74.74,72.55,69.48,62.89,69.48,64.52,64.62
336,33875,59.81,53.358691015462696,0.5994469699987208,0,25,8,100,51.3,57.67,67.42,62.69,61.17,59.84,58.09,60.3
337,34278,65.54,53.804793075156745,0.6207785751616586,0,24,8,100,67.8,68.35,64.1,60.76,55.51,76.62,61.13,70.04
338,35084,60.09,52.82803350138043,0.5019655499028649,0,22,8,100,53.59,54.04,70.15,62.24,59.9,57.15,63.01,60.67
339,33875,65.29,53.42957134646054,0.4991127401076392,0,25,8,100,67.53,65.2,70.04,68.92,63.36,60.13,58.32,68.85
340,33875,52.51,53.067844951732965,0.5413341136220303,0,25,8,100,50.9,52.46,58.46,48.2,55.62,52.78,50.42,51.25
341,36696,65.94,53.00842344392107,0.5958380703222056,0,18,8,100,71.15,72.07,66.99,62.34,75.56,64.91,58.07,56.42
342,33875,59.32,54.54518167386055,0.5826443894011942,0,25,8,100,68.3,50.8,54.85,60.8,61.46,54.14,62.11,62.1
343,33875,72.6,53.11566236051682,0.5806706392162958,0,25,8,100,77.84,74.9,71.41,74.72,72.12,72.73,68.6,68.52
344,35487,59.26,54.14351523198847,0.6040515387361304,0,21,8,100,54.22,56.86,55.77,67.68,60.63,55.94,58.69,64.28
345,33875,66.04,53.9773030811023,0.5782975352865743,0,25,8,100,67.36,70.49,59.53,62.84,74.47,65.25,60.07,68.31
346,33875,56.49,54.270785531933136,0.6458767007097479,0,25,8,100,65.38,62.7,62.82,47.66,48.78,53.4,55.65,55.56
347,33875,63.05,53.10986010720631,0.516700157001753,0,25,8,100,65.03,61.58,58.03,67.18,68.88,65.24,64.16,54.27
348,34681,68.64,52.443332797078725,0.4983124186216779,0,23,8,100,61.8,72.35,65.69,70.29,71.35,73.96,67.91,65.78
349,33875,49.86,53.26315025432899,0.5694542548607544,0,25,8,100,55.18,47.24,54.78,43.55,51.92,47.51,52.44,46.26
350,33875,61.95,52.938382278905685,0.6013625388114747,0,25,8,100,57.44,54.5,67.22,56.88,69.76,64.99,56.43,68.34
351,33875,57.87,53.95262211123514,0.6046256912498229,0,25,8,100,56.98,57.11,59.24,56.4,52.25,58.04,58.64,64.3
352,33875,70.31,52.21623482311549,0.5613405132982365,0,25,8,100,67.25,80.37,62.28,77.4,68.11,60.69,68.23,78.12
353,33875,70.82,52.79137464002615,0.5097768682269195,0,25,8,100,79.89,74.82,67.72,63.69,66.35,81.27,67.61,65.23
354,33875,66.9,53.97552866058557,0.628436115041208,0,25,8,100,61.31,53.4,75.79,63.59,68.96,69.16,71.03,71.95
355,36696,68.54,53.17271609183823,0.4588104750032833,0,18,8,100,68.63,62.39,73.28,68.94,71.38,73.59,73.32,56.83
356,33875,56.96,53.60279362305642,0.5491637312336227,0,25,8,100,60.34,50.63,61.81,50.88,58.6,53.4,61.69,58.32
357,35890,62.73,53.62992754436783,0.5546817499868808,0,20,8,100,65.6,53.66,63.48,54.2,64.93,63.83,70.41,65.76
358,33875,59.77,53.26417255254919,0.5534947912091945,0,25,8,100,51.66,66.39,62.73,55.44,65.57,64.76,59.41,52.21
359,33875,62.95,54.2438968464855,0.5004446300850954,0,25,8,100,71.32,60.43,66.77,61.89,61.03,63.07,60.69,58.43
360,35487,62.02,53.23854407315314,0.5619998167457234,0,21,8,100,59.06,68.11,54.26,70.77,50.79,62.57,70.98,59.6
361,34681,56.39,53.15675552754324,0.5746702737114112,0,23,8,100,52.73,49.93,61.13,58.93,54.3,53.98,56.38,63.75
362,33875,66.24,52.70175704534469,0.5415216483873937,0,25,8,100,73.19,74.61,60.62,71.86,66.63,58.28,63.11,61.63
363,34278,62.06,52.76454004513686,0.5657408579870117,0,24,8,100,53.64,66.42,64.36,60.47,65.2,59.19,59.04,68.16
364,34681,67.01,53.7962243856089,0.4517636144975587,0,23,8,100,70.3,75.43,58.69,67.24,64.0,70.02,65.82,64.55
365,33875,68.28,54.73125405890769,0.5954385473698346,0,25,8,100,58.19,75.55,56.05,64.28,77.19,76.92,62.63,75.47
366,33875,71.12,53.85497217356573,0.5794415320431987,0,25,8,100,74.36,62.74,77.67,67.14,63.51,75.01,72.8,75.76
367,33875,69.92,54.264333899778826,0.4321483810573422,0,25,8,100,69.37,60.43,78.17,81.6,76.51,67.09,60.75,65.43
368,34681,58.66,52.85672440716755,0.5282848895141533,0,23,8,100,67.25,58.56,57.87,63.29,59.14,54.72,51.92,56.56
369,33875,55.68,53.249143739529735,0.5389142554915481,0,25,8,100,65.25,54.65,61.03,47.45,58.8,55.08,54.8,48.36
370,33875,56.03,53.98104397033205,0.5307467670048751,0,25,8,100,54.6,58.61,54.41,47.34,62.28,58.88,59.0,53.1
371,35487,62.65,52.94052951496764,0.6100076201765022,0,21,8,100,61.72,68.78,64.94,62.04,61.3,64.98,62.85,54.59
372,33875,54.68,53.09583372729059,0.654736010506225,0,25,8,100,48.63,64.42,53.79,64.23,54.65,46.68,54.23,50.79
373,34278,67.68,52.381630916676,0.5281700122845264,0,24,8,100,62.82,75.45,60.72,74.94,58.15,69.09,72.02,68.27
374,33875,61.4,53.82624206451285,0.5533574403261172,0,25,8,100,61.94,59.78,58.06,61.95,51.74,64.66,65.5,67.6
375,33875,56.72,53.608806914038006,0.6155732236461932,0,25,8,100,50.93,49.49,64.21,63.43,50.92,65.27,48.85,60.68
376,34278,58.47,54.29166252941095,0.522045023334199,0,24,8,100,53.78,61.97,55.41,58.12,63.34,50.79,60.67,63.68
377,34681,58.45,53.76241385419771,0.6648934284194323,0,23,8,100,60.73,59.47,61.85,60.67,58.27,50.02,62.55,54.05
378,36696,75.4,52.627914532731005,0.4923041271858903,0,18,8,100,81.3,61.15,79.01,80.33,70.31,70.14,80.17,80.78
379,33875,43.75,52.9277104075465,0.6218827035005116,0,25,8,100,45.66,39.16,41.68,42.27,51.58,42.71,41.65,45.32
380,33875,49.73,53.0461063621911,0.5701450409409694,0,25,8,100,45.98,51.49,51.79,44.59,45.88,57.59,45.63,54.89
381,33875,63.78,54.27677398140028,0.4907117910949652,0,25,8,100,58.0,69.67,56.65,56.39,58.45,74.01,64.75,72.35
382,33875,52.47,54.1264462061318,0.5415650324687912,0,25,8,100,48.0,52.91,52.42,52.73,55.76,56.95,46.15,54.82
383,34681,62.7,53.92711147467608,0.5966422193313883,0,23,8,100,62.96,59.65,61.0,70.63,65.54,58.88,61.14,61.81
384,33875,61.42,53.29733941087278,0.5294804780516822,0,25,8,100,53.43,57.73,67.64,68.84,52.86,68.5,57.06,65.27
385,33875,68.43,54.24177518063938,0.5350589952769806,0,25,8,100,68.56,75.48,72.6,60.0,78.68,76.3,56.9,58.92
386,33875,62.7,53.96543137492037,0.5880324322435625,0,25,8,100,66.23,61.79,57.45,62.34,61.5,64.23,64.27,63.78
387,33875,59.76,53.457023045765965,0.5170904049636255,0,25,8,100,55.18,55.5,56.39,70.97,56.46,65.89,61.02,56.64
388,33875,59.62,53.6753945479189,0.5649650375308224,0,25,8,100,59.49,63.03,61.6,53.53,53.3,62.45,67.99,55.58
389,35890,69.3,54.54781483641857,0.5108707915865776,0,20,8,100,66.5,55.9,76.1,77.1,73.28,69.48,64.54,71.47
390,34278,65.85,53.86824515721603,0.6351841401248087,0,24,8,100,74.27,55.92,65.37,66.44,62.68,66.67,69.98,65.5
391,35084,68.25,53.854609521153705,0.580971168713146,0,22,8,100,57.85,76.95,64.21,71.3,67.77,64.02,76.26,67.62
392,33875,68.56,53.664422814060686,0.5574936625899091,0,25,8,100,68.06,70.58,72.01,66.01,72.05,70.24,62.92,66.59
393,34681,58.89,52.63804044863359,0.5955422268201848,0,23,8,100,50.29,53.43,64.33,58.39,54.31,67.99,65.25,57.1
394,33875,58.3,53.66475693351317,0.5681399069405545,0,25,8,100,56.39,61.97,60.79,55.08,60.3,57.08,60.48,54.33
395,33875,58.69,53.11741014066705,0.5309014210900764,0,25,8,100,64.79,66.12,49.69,57.18,53.2,54.79,63.79,59.95
396,33875,58.29,54.36400149334715,0.5365676141161002,0,25,8,100,65.34,61.96,57.07,55.09,54.6,55.04,66.64,50.57
397,36696,61.4,52.15598047441518,0.5035180883163094,0,18,8,100,72.1,62.76,61.63,62.88,64.14,57.21,53.26,57.23
398,34278,57.98,53.43577839683845,0.521978385488411,0,24,8,100,61.44,51.03,54.64,60.54,57.1,55.87,53.91,69.3
399,38308,63.74,53.94400637106229,0.5422025934627851,0,14,8,100,61.79,66.7,61.64,63.0,59.52,57.4,72.66,67.2
400,35084,67.62,53.14603333306813,0.5619698275572286,0,22,8,100,70.96,69.21,67.38,68.31,58.05,70.51,70.66,65.86
401,34681,58.73,52.78456986864968,0.4660987478012839,0,23,8,100,62.36,61.76,58.46,53.1,58.2,51.76,58.48,65.73
402,35084,60.5,53.57499119578321,0.5636617158675049,0,22,8,100,54.85,66.6,69.18,56.91,51.15,63.48,70.35,51.52
403,34681,57.05,54.47128301346492,0.4677775522019474,0,23,8,100,51.73,60.22,55.95,58.11,53.71,66.9,52.25,57.56
404,33875,58.54,53.9949905834963,0.5880669689995235,0,25,8,100,55.74,57.19,60.73,68.87,48.2,64.26,53.26,60.04
405,33875,65.28,53.14069383407973,0.5154602292692253,0,25,8,100,62.24,56.45,71.65,64.06,69.86,60.9,70.55,66.53
406,35487,75.52,52.82436210489094,0.553134696689731,0,21,8,100,64.54,82.25,82.98,66.99,82.92,74.03,80.34,70.09
407,33875,66.41,52.53755803784174,0.5433348829764512,0,25,8,100,60.79,66.42,78.3,63.36,63.2,62.11,69.58,67.51
408,35084,58.03,52.03503241708002,0.5564196807844431,0,22,8,100,58.44,51.66,62.21,57.42,61.68,57.93,58.06,56.83
409,33875,63.6,53.37964489331331,0.5100705259588757,0,25,8,100,56.36,67.57,70.58,69.8,57.32,58.07,68.29,60.78
410,35890,60.49,53.00880237989601,0.5528754563938127,0,20,8,100,62.96,54.37,58.78,62.3,58.7,55.77,66.1,64.96
411,33875,66.35,53.78056614088173,0.5570986695678307,0,25,8,100,69.67,66.87,57.84,58.76,69.15,56.76,75.26,76.48
412,34278,73.22,52.67604078680105,0.5736501725346834,0,24,8,100,77.59,72.2,71.51,80.0,64.45,77.81,72.14,70.03
413,33875,66.58,53.931395587520775,0.4886217057506345,0,25,8,100,63.0,76.24,68.85,69.15,55.73,63.6,73.38,62.67
414,33875,60.17,53.67378863174143,0.5789711271163208,0,25,8,100,55.5,60.26,56.99,70.85,58.05,69.03,55.12,55.55
415,34278,55.51,54.32800319110484,0.6238722513494578,0,24,8,100,57.05,53.39,58.27,61.26,49.1,61.09,56.26,47.68
416,33875,57.14,54.34479755443001,0.5050962014891923,0,25,8,100,53.5,51.96,53.34,61.07,53.44,63.46,64.52,55.81
417,34278,58.15,53.89883673839754,0.5002298254485792,0,24,8,100,54.58,58.1,59.49,68.33,54.6,58.56,55.42,56.13
418,33875,66.09,53.780286616461794,0.5059027705274768,0,25,8,100,65.52,63.88,65.74,62.48,71.27,70.77,66.87,62.17
419,34681,51.12,52.5835418277127,0.6903756309433775,0,23,8,100,48.33,53.8,58.49,48.38,53.92,51.33,49.26,45.44
420,33875,68.99,54.22692292673423,0.5460608791858608,0,25,8,100,75.02,68.9,70.77,57.55,74.59,58.12,75.36,71.64
421,34681,73.12,53.673560262179166,0.4881575063860121,0,23,8,100,60.37,75.71,76.91,77.36,75.52,73.83,77.63,67.63
422,33875,69.96,53.310007591983606,0.609530646865763,0,25,8,100,62.68,74.8,63.62,73.52,65.33,72.7,71.35,75.67
423,33875,62.73,52.76153793991148,0.5011673344528143,0,25,8,100,64.38,58.8,57.24,72.71,54.79,63.89,58.86,71.19
424,34278,62.75,53.95738928868945,0.6008174724380765,0,24,8,100,56.34,64.25,70.8,66.75,57.8,62.03,65.85,58.18
425,34278,64.88,52.20223367040589,0.5762372389540105,0,24,8,100,69.61,66.15,72.23,54.09,54.66,68.9,58.72,74.64
426,33875,56.44,53.517238632781634,0.5927538929024414,0,25,8,100,51.28,60.16,50.16,63.7,55.54,51.6,55.1,63.94
427,35487,60.51,54.238649631301,0.608410765382314,0,21,8,100,63.48,56.41,54.8,56.75,53.21,67.96,65.1,66.4
428,34278,55.18,53.12284701600976,0.5676371208289848,0,24,8,100,50.63,63.42,53.78,62.3,61.19,51.33,50.61,48.18
429,33875,48.03,52.4338686689291,0.5381431439674044,0,25,8,100,43.64,51.5,47.82,49.18,55.91,41.47,46.93,47.78
430,35890,58.16,54.00791787665808,0.5231796508396709,0,20,8,100,56.13,62.23,58.78,60.15,56.03,54.96,59.32,57.72
431,37502,52.38,53.67554646994716,0.5366080357053793,0,16,8,100,47.15,57.24,51.19,54.96,51.71,59.14,53.22,44.46
432,36293,51.85,54.31749903521379,0.6113766865754606,0,19,8,100,50.86,52.98,60.67,52.21,48.29,50.3,52.01,47.49
433,33875,65.92,52.59338316780584,0.6143999039307904,0,25,8,100,69.65,59.86,69.94,60.36,68.55,58.08,72.4,68.55
434,33875,71.37,52.7341934869378,0.575183750970908,0,25,8,100,67.25,71.56,68.2,76.25,67.8,72.14,80.54,67.22
435,33875,59.97,53.59588875310671,0.591946044616565,0,25,8,100,57.4,53.49,64.79,59.04,57.26,63.39,65.62,58.77
436,36696,71.79,53.88447617653205,0.5078376050373593,0,18,8,100,73.9,75.06,69.4,60.78,77.41,68.62,72.36,76.77
437,35084,65.87,55.23498348093334,0.5773607376843358,0,22,8,100,69.77,69.37,63.76,69.76,58.19,66.34,54.31,75.47
438,35084,62.82,53.57899818865869,0.5709213381482987,0,22,8,100,55.21,66.52,66.75,62.77,68.7,52.0,59.93,70.72
439,33875,54.09,53.25781409656855,0.569702975233616,0,25,8,100,49.92,57.53,55.54,50.19,49.65,55.23,56.56,58.09
440,33875,65.52,54.50662798086917,0.6111930709172708,0,25,8,100,68.17,72.38,71.24,73.49,59.54,57.9,56.12,65.34
441,33875,67.32,53.2715825972327,0.5534082090881753,0,25,8,100,66.69,71.27,67.29,59.8,67.34,75.2,60.47,70.46
442,34278,65.03,52.38421150191159,0.5570761186484237,0,24,8,100,67.45,58.16,65.03,64.04,66.58,68.27,54.71,76.0
443,34278,61.52,53.54340740168317,0.6140186697658279,0,24,8,100,67.08,57.85,66.46,65.03,64.65,64.23,54.19,52.65
444,33875,63.52,52.74102943133308,0.5032740346559131,0,25,8,100,67.72,65.32,69.98,59.73,66.55,64.75,59.38,54.75
445,35890,69.54,54.138219171111785,0.6124437049511904,0,20,8,100,74.1,66.86,70.74,70.54,74.7,66.86,73.26,59.28
446,35084,72.96,54.0621128920568,0.4934756696847853,0,22,8,100,61.06,71.65,78.06,76.77,67.97,79.37,66.72,82.06
447,33875,54.28,53.35608737013765,0.5347176393660784,0,25,8,100,49.81,57.0,56.51,51.94,61.06,52.87,46.89,58.18
448,33875,58.1,54.23518906108156,0.5913708961894582,0,25,8,100,68.55,57.51,58.18,54.22,63.42,58.96,55.89,48.08
449,33875,65.32,52.5313101254227,0.5901511101701293,0,25,8,100,60.56,61.88,62.42,65.89,58.27,72.03,70.2,71.27
450,33875,55.51,54.39727314988146,0.5140692153345122,0,25,8,100,57.87,50.66,51.05,60.48,61.79,53.83,61.32,47.05
451,33875,65.26,53.42819145074257,0.5202595252843893,0,25,8,100,64.13,73.19,55.84,73.03,66.04,69.95,59.83,60.1
452,33875,64.65,53.04767039063362,0.4960060646775035,0,25,8,100,60.7,54.92,65.31,56.49,72.55,68.83,69.46,68.96
453,37099,71.33,54.77252497535245,0.5323826219770167,0,17,8,100,69.95,76.77,64.45,67.82,68.65,75.98,70.1,76.89
454,35487,61.31,53.01484156804717,0.5891486096657925,0,21,8,100,63.42,58.32,59.15,66.67,61.29,57.63,64.56,59.42
455,34278,61.4,54.11600562304147,0.5109832956441981,0,24,8,100,53.38,65.71,61.29,55.57,61.79,67.25,65.01,61.22
456,33875,51.71,53.55755282862332,0.5030804781694364,0,25,8,100,41.92,46.76,57.34,52.55,53.34,56.9,49.68,55.21
457,33875,65.65,52.95628989403158,0.5966177454271779,0,25,8,100,65.67,72.32,70.36,59.81,60.03,54.43,76.37,66.17
458,37502,69.18,52.88684943091484,0.529242236950031,0,16,8,100,65.67,68.34,65.75,60.64,72.66,77.79,70.24,72.34
459,35084,58.16,52.94703578625753,0.5527711046791572,0,22,8,100,66.48,55.97,57.38,61.31,55.56,48.43,65.18,54.99
460,35487,58.85,54.25312076669278,0.6043095077542469,0,21,8,100,53.49,58.42,59.59,59.55,52.18,67.14,53.8,66.6
461,34681,64.87,52.88129463198664,0.5144841372327773,0,23,8,100,73.92,63.28,71.32,53.97,68.42,60.93,62.42,64.7
462,34278,69.56,54.51190511323264,0.5196572846880542,0,24,8,100,66.23,55.52,69.18,76.76,69.74,80.84,74.32,63.93
463,33875,58.99,53.60290966469849,0.5530717615660747,0,25,8,100,55.62,56.13,66.64,54.65,55.95,58.84,63.54,60.58
464,34681,60.24,53.56299191999715,0.6142497640840529,0,23,8,100,61.85,64.53,65.56,67.22,56.19,49.21,64.82,52.56
465,33875,60.15,53.19936133520568,0.5490797941622882,0,25,8,100,55.11,67.74,61.63,58.18,55.41,58.88,58.1,66.15
466,34278,66.19,54.221184174619154,0.4892721769626121,0,24,8,100,75.28,68.56,60.52,57.84,65.12,68.55,70.32,63.34
467,33875,53.86,51.455468704404765,0.5093224050964249,0,25,8,100,54.28,57.73,59.35,49.83,50.37,54.4,55.45,49.48
468,33875,66.52,53.47724479461494,0.5525170753290832,0,25,8,100,70.99,69.66,73.24,73.19,68.34,60.82,55.44,60.49
469,36293,61.82,54.13183878204315,0.5179383631651007,0,19,8,100,68.07,68.43,60.37,62.92,52.11,59.9,66.39,56.34
470,34278,58.01,52.901853832684246,0.5339336861273775,0,24,8,100,66.22,47.44,58.98,58.01,50.18,67.98,62.06,53.23
471,33875,69.56,52.093482957827135,0.5826085996820237,0,25,8,100,74.88,61.57,75.43,78.65,64.11,63.84,64.83,73.19
472,33875,64.31,52.42146886664186,0.5672393421971684,0,25,8,100,60.9,61.06,74.22,61.52,73.29,60.37,62.16,60.97
473,33875,71.36,53.89012557267899,0.5253703563600478,0,25,8,100,75.65,66.21,69.94,57.02,80.73,79.56,76.42,65.31
474,33875,64.79,53.84141047168805,0.4266455746040647,0,25,8,100,69.06,57.67,73.27,58.49,72.64,63.13,56.02,68.01
475,33875,62.43,53.35072425476523,0.59126325521798,0,25,8,100,57.76,60.05,60.53,65.54,70.42,57.2,63.3,64.61
476,33875,57.76,53.43656156152789,0.6208424523409359,0,25,8,100,59.02,51.86,58.18,57.79,50.97,51.57,66.7,65.96
477,33875,58.53,53.90567394445062,0.5682852530941507,0,25,8,100,58.8,55.51,57.75,63.94,63.35,57.18,55.66,56.07
478,33875,57.08,54.26375750483927,0.542117205191732,0,25,8,100,46.6,59.83,54.47,67.02,61.85,55.3,52.44,59.1
479,33875,57.84,53.22768595426617,0.5416608537717131,0,25,8,100,63.61,58.46,50.18,49.42,60.56,64.54,50.28,65.67
480,35084,66.82,53.96427539191222,0.5556664983276942,0,22,8,100,57.95,64.49,68.11,60.19,71.53,71.12,71.62,69.54
481,33875,69.59,53.46989857464095,0.5898158770517935,0,25,8,100,64.32,75.49,64.91,60.59,69.56,79.7,64.37,77.77
482,38308,58.78,51.65736179598685,0.5149649992890577,0,14,8,100,55.09,63.59,51.26,55.55,67.17,58.82,56.18,62.55
483,33875,64.26,53.226430649467154,0.6046904545842868,0,25,8,100,57.4,68.98,67.08,56.9,67.19,73.39,57.18,65.95
484,33875,67.98,52.65797492270634,0.487100171138738,0,25,8,100,61.81,66.46,68.17,64.59,61.51,76.07,63.73,81.48
485,33875,68.2,53.29643573279365,0.5594473871494172,0,25,8,100,75.16,72.91,63.58,65.15,67.69,79.28,62.39,59.43
486,34681,59.84,53.76829784544007,0.5100210328031791,0,23,8,100,64.64,65.04,65.91,56.29,53.94,56.66,54.69,61.53
487,33875,65.92,53.599855542197375,0.5619098850125173,0,25,8,100,69.89,71.09,64.46,61.62,59.27,61.95,76.28,62.81
488,33875,56.77,53.58374071486677,0.5341548984406288,0,25,8,100,61.69,61.95,59.92,62.22,54.13,49.98,51.95,52.33
489,33875,66.45,54.27957974683334,0.4836248320580136,0,25,8,100,66.99,64.21,65.64,70.18,67.76,69.17,67.85,59.81
490,33875,55.7,54.642211419607726,0.5686299466757305,0,25,8,100,59.82,59.3,64.08,45.44,54.96,51.2,53.59,57.2
491,33875,60.57,52.62413026144831,0.6179900621705368,0,25,8,100,65.92,59.36,60.82,68.74,66.73,55.13,56.61,51.28
492,33875,55.42,53.48306742543293,0.4999198515393135,0,25,8,100,48.73,57.13,51.39,65.04,61.31,57.36,49.28,53.09
493,37099,64.35,53.52448996985303,0.5998858338945294,0,17,8,100,68.68,58.98,73.85,68.24,53.83,66.37,58.28,66.58
494,33875,73.46,53.38256528518819,0.5611264580757839,0,25,8,100,67.13,80.96,77.12,68.02,63.47,69.09,83.81,78.11
495,33875,60.49,53.24395744947829,0.6689527233779153,0,25,8,100,60.51,55.33,69.2,62.67,58.33,59.65,56.38,61.88
496,34681,73.74,54.51403955420295,0.5289628225294736,0,23,8,100,69.88,82.44,68.59,78.56,70.02,77.45,69.17,73.8
497,35487,61.41,53.90770841926754,0.5101391753838493,0,21,8,100,72.14,56.94,63.96,54.69,63.33,51.58,60.57,68.06
498,35487,65.04,53.49417007793761,0.5423774962827035,0,21,8,100,59.72,62.55,66.51,77.32,57.92,57.5,67.09,71.71
499,35084,62.6,54.55005333282388,0.5274064639730459,0,22,8,100,64.55,67.46,60.54,65.12,64.12,65.43,62.58,51.04
500,35890,58.45,53.64917011944685,0.5238783816307835,0,20,8,100,62.85,55.96,53.67,65.7,50.06,62.48,51.68,65.23
501,33875,61.0,53.86819610885971,0.5594469327450238,0,25,8,100,58.96,52.05,63.68,63.91,67.11,56.82,65.9,59.55
502,36696,60.36,53.33864675680547,0.5816741568447009,0,18,8,100,53.91,66.76,63.1,65.33,54.57,60.31,51.81,67.08
503,33875,68.63,54.43268726977107,0.4706358581182609,0,25,8,100,72.22,65.75,74.62,72.91,67.62,58.4,73.57,63.94
504,33875,62.15,52.60166423759039,0.5806236219563139,0,25,8,100,61.84,61.09,72.32,54.03,57.09,69.23,64.82,56.8
505,34681,60.75,52.27777078324116,0.4524050253441903,0,23,8,100,54.62,58.81,57.02,51.18,65.54,67.66,71.39,59.78
506,33875,64.82,52.95031485369663,0.5770252757048046,0,25,8,100,61.26,59.61,59.54,65.85,64.99,63.38,65.6,78.33
507,36696,68.22,53.27585295150296,0.5246174113696976,0,18,8,100,66.51,69.95,65.13,76.07,75.5,63.78,59.84,68.96
508,35084,63.4,53.33689347429603,0.6280118707671362,0,22,8,100,73.02,67.13,69.04,61.26,64.49,57.15,58.55,56.58
509,35084,62.2,52.620302175082095,0.6108064995598173,0,22,8,100,60.15,58.86,63.54,70.49,54.81,66.3,59.91,63.56
510,35084,66.21,53.21983929236047,0.5776622812511978,0,22,8,100,67.5,67.5,78.01,63.48,74.25,60.79,60.24,57.94
511,37099,52.77,55.26627506203715,0.5884186234268597,0,17,8,100,49.79,61.12,57.67,52.36,54.74,50.44,47.52,48.55
512,34278,64.93,53.24575118081035,0.4340806583833861,0,24,8,100,70.75,59.03,74.26,57.87,70.81,70.63,60.96,55.14
513,34681,69.57,53.03426256877417,0.4862505311864443,0,23,8,100,74.06,69.03,67.74,62.12,75.36,72.62,61.01,74.64
514,35487,67.44,52.90738266969088,0.5004770143900098,0,21,8,100,75.57,73.49,61.01,56.99,64.56,67.75,72.96,67.22
515,35890,61.34,53.44777352792763,0.5607186799936394,0,20,8,100,58.23,58.09,66.28,51.76,66.46,56.78,62.35,70.78
516,35084,73.8,52.33467181417113,0.5160749460574436,0,22,8,100,66.99,64.3,79.41,85.18,70.12,76.22,74.81,73.38
517,35487,62.36,54.4716756267808,0.4742553987625265,0,21,8,100,54.22,71.12,62.06,64.98,61.45,66.35,60.36,58.34
518,35890,57.8,52.15153275596033,0.5790415703490639,0,20,8,100,52.89,67.74,62.19,51.08,49.54,65.8,54.07,59.1
519,35084,61.38,53.71563870986436,0.5280160342344998,0,22,8,100,59.19,67.89,68.78,59.25,60.29,52.84,55.87,66.96
520,35890,51.69,54.567035968126646,0.6054983765646492,0,20,8,100,49.89,46.49,54.84,51.14,51.18,49.89,56.56,53.52
521,33875,65.74,52.19840937251059,0.5842121748168294,0,25,8,100,69.37,67.18,61.9,66.31,64.74,55.94,66.02,74.44
522,33875,58.39,53.53886313014688,0.5915310233533752,0,25,8,100,63.39,53.09,55.28,64.54,56.31,54.41,66.29,53.8
523,34278,66.3,54.25416574749238,0.4312687571784216,0,24,8,100,72.17,60.86,60.78,66.68,61.06,71.73,68.48,68.66
524,33875,61.65,53.65776267372995,0.566112531339542,0,25,8,100,64.31,67.39,58.01,62.74,59.5,63.51,52.46,65.27
525,37502,66.06,53.938110046877725,0.5889231231748397,0,16,8,100,65.38,60.87,66.45,62.6,60.25,67.28,74.49,71.15
526,33875,48.29,52.87149926281063,0.4523769029214755,0,25,8,100,46.34,54.81,54.67,52.13,45.91,40.86,46.76,44.87
527,33875,54.14,52.57381539252569,0.4390403673742277,0,25,8,100,57.8,47.66,58.05,59.19,47.05,59.17,57.16,47.05
528,37099,64.41,53.99746636529197,0.4883476692446469,0,17,8,100,56.97,64.67,67.3,69.22,65.79,52.64,68.09,70.61
529,35487,58.94,54.584729655189214,0.6050764886527273,0,21,8,100,54.12,63.91,57.23,60.83,57.01,56.65,61.02,60.72
530,33875,59.23,53.50426409765335,0.4423050008364454,0,25,8,100,57.99,59.29,61.24,60.9,57.62,64.37,60.05,52.35
531,33875,62.26,55.12707219562444,0.4747159976504396,0,25,8,100,69.44,61.62,59.05,67.58,53.65,72.15,57.54,57.01
532,33875,51.53,54.31486353004711,0.4190776679910006,0,25,8,100,51.59,52.0,55.5,45.8,47.04,53.45,57.79,49.04
533,37099,60.18,52.93939229641178,0.4854085039519181,0,17,8,100,64.3,56.62,61.69,68.61,56.4,54.48,65.67,53.69
534,34681,59.37,52.40943105581569,0.5057659390764421,0,23,8,100,54.7,53.45,62.86,63.33,66.14,51.65,66.88,55.98
535,33875,64.74,54.86140208650677,0.4904408284397733,0,25,8,100,62.95,67.51,60.53,59.73,73.72,73.89,65.77,53.79
536,33875,61.52,53.57227164813032,0.4987311942856313,0,25,8,100,49.39,65.99,64.58,68.19,67.78,63.37,53.25,59.6
537,33875,62.98,53.61741254431227,0.4750820051575488,0,25,8,100,63.32,61.12,54.98,65.68,63.54,57.64,69.92,67.65
538,35487,72.68,53.97689245583128,0.5589005608835449,0,21,8,100,74.55,62.98,66.25,72.7,71.29,78.73,77.33,77.57
539,34278,57.94,53.56084875189479,0.523780846911339,0,24,8,100,66.72,60.5,59.06,60.2,55.65,53.99,51.14,56.28
540,35487,51.48,53.02708574528267,0.4162753629089298,0,21,8,100,48.93,55.34,52.04,45.54,58.23,44.97,58.84,47.99
541,35890,69.74,54.85505414681904,0.5151456478208699,0,20,8,100,73.25,64.22,67.38,70.92,72.39,65.87,70.32,73.61
542,37099,65.91,51.82878828708431,0.5942936556940344,0,17,8,100,68.74,60.18,59.82,70.71,66.4,65.95,68.89,66.63
543,36696,60.75,53.75013406930125,0.5127894606880082,0,18,8,100,62.68,54.86,66.19,54.84,63.72,64.85,60.59,58.27
544,33875,58.92,54.36949984713896,0.5115323002355583,0,25,8,100,62.0,56.64,62.74,52.73,54.82,51.39,65.6,65.44
545,34278,63.5,54.0387968713484,0.5552715303048869,0,24,8,100,71.31,59.48,54.32,65.53,67.99,61.78,59.65,67.97
546,33875,63.07,53.31358280901634,0.5824642253700915,0,25,8,100,57.17,67.97,61.7,64.98,64.91,66.48,59.28,62.1
547,34681,60.44,55.23285235898196,0.5282156933835064,0,23,8,100,59.02,55.92,60.12,66.79,54.88,68.93,60.25,57.61
548,33875,58.73,53.11321962730848,0.5104955958783247,0,25,8,100,58.34,58.73,53.21,59.77,52.65,64.31,63.42,59.41
549,35487,60.15,54.35106216253125,0.592065956748182,0,21,8,100,53.43,55.26,58.58,63.72,64.8,62.76,53.74,68.92
550,33875,61.63,53.1486848716116,0.5440489547903878,0,25,8,100,52.44,69.29,54.3,63.02,65.09,71.79,54.79,62.32
551,35084,69.71,54.06455237632478,0.5515380968068864,0,22,8,100,64.49,71.82,67.62,70.74,76.59,62.8,65.09,78.5
552,34278,62.18,53.14828662639382,0.5624988066592714,0,24,8,100,62.57,66.3,61.09,63.56,66.15,62.5,53.27,61.99
553,33875,60.31,54.38003231591495,0.6082028817197174,0,25,8,100,61.35,60.34,54.18,63.73,51.46,73.05,55.99,62.38
554,35084,67.78,51.74693526888645,0.557639361407333,0,22,8,100,66.8,63.47,72.18,64.47,76.03,63.92,67.6,67.75
555,35084,58.68,53.479813348475815,0.4644311813164404,0,22,8,100,57.04,50.37,58.74,61.86,65.19,55.47,69.04,51.7
556,35084,72.63,53.70511595095062,0.5769650732942673,0,22,8,100,62.08,72.62,78.03,77.34,70.93,66.75,71.78,81.54
557,33875,61.03,55.00522490879525,0.5248695956331652,0,25,8,100,53.49,62.12,70.04,68.37,58.53,49.4,59.31,66.98
558,33875,65.14,54.05633779742481,0.5090683967079452,0,25,8,100,57.32,70.17,67.54,69.52,65.56,57.09,61.93,71.95
559,35890,61.79,53.8817351560874,0.5362595647331987,0,20,8,100,62.36,61.27,56.44,59.39,74.82,54.56,63.56,61.92
560,33875,67.86,53.42134426240899,0.4766924126031641,0,25,8,100,67.23,73.41,72.3,71.87,58.72,54.7,69.76,74.86
561,35084,65.08,54.47679178828702,0.5717186924843287,0,22,8,100,70.31,62.45,70.11,57.6,66.08,65.62,56.54,71.89
562,35487,56.63,53.60489167031549,0.5288292038787924,0,21,8,100,66.77,62.49,57.43,51.18,58.53,50.41,53.66,52.56
563,33875,64.59,54.60944042497602,0.490921690618211,0,25,8,100,61.63,67.78,63.32,61.42,55.67,70.83,69.04,67.03
564,35487,63.89,53.15097171777947,0.4804846092131731,0,21,8,100,62.11,63.26,67.69,60.97,68.76,61.72,66.13,60.51
565,37905,71.08,54.45293217349949,0.4900414712987405,0,15,8,100,70.43,72.5,74.67,72.12,74.73,73.85,66.12,64.24
566,36293,68.33,53.72988332186472,0.5521704879893774,0,19,8,100,75.66,59.81,68.4,73.13,75.8,69.72,63.25,60.85
567,35890,61.97,53.42087482952864,0.4457667609305584,0,20,8,100,69.99,55.8,68.93,54.42,67.12,57.43,60.95,61.14
568,35487,59.2,53.79158976343019,0.5456616135654653,0,21,8,100,51.83,66.26,58.03,49.56,61.05,67.03,53.9,65.97
569,35890,56.06,53.7935921737425,0.4287282435123397,0,20,8,100,55.0,62.0,51.61,58.19,55.28,60.97,51.4,54.05
570,36293,54.57,53.45284901497597,0.5663417380072404,0,19,8,100,54.03,55.7,54.5,54.77,55.55,49.8,53.1,59.07
571,33875,60.44,53.25455094848369,0.5499366153888167,0,25,8,100,61.35,60.89,52.25,70.18,65.7,50.84,59.76,62.58
572,33875,52.83,52.48096174270947,0.4886811491331631,0,25,8,100,54.44,43.05,48.54,59.75,59.74,49.41,58.0,49.74
573,33875,53.23,53.604571605635165,0.6431841884721162,0,25,8,100,51.79,52.5,58.05,47.97,49.13,48.09,59.42,58.88
574,35084,57.69,54.32671349372579,0.5819158091160737,0,22,8,100,58.71,55.79,48.82,65.53,63.47,58.93,50.86,59.38
575,34278,57.64,52.62442040536965,0.5488546514734111,0,24,8,100,59.03,64.02,53.35,49.74,60.27,52.77,67.96,54.0
576,33875,55.27,53.59061548660843,0.4391152402135172,0,25,8,100,59.68,49.91,59.9,54.15,53.36,64.1,50.57,50.47
577,37099,58.77,54.18890002257849,0.5007818808433586,0,17,8,100,68.37,55.42,56.14,52.54,54.01,64.58,59.59,59.53
578,35890,49.7,53.168801219906086,0.5676653778543319,0,20,8,100,51.96,57.71,44.45,47.32,44.32,44.43,53.74,53.66
579,34278,67.08,53.47744929528096,0.612040805863247,0,24,8,100,77.67,64.16,57.33,70.81,67.74,73.94,70.31,54.69
580,35084,59.67,53.09328437178066,0.4709340662957336,0,22,8,100,67.98,51.5,52.59,61.3,53.24,64.7,63.37,62.66
581,35890,66.1,53.396121207160334,0.5024742789107978,0,20,8,100,61.02,68.0,61.99,73.7,66.63,64.42,65.3,67.78
582,35890,48.66,53.081396135232296,0.4719335939106693,0,20,8,100,58.29,53.11,46.54,46.29,48.39,45.14,44.09,47.44
583,34278,65.04,52.67172948275864,0.4280706776148241,0,24,8,100,73.25,61.69,58.41,68.31,67.68,67.22,67.3,56.45
584,33875,56.26,52.55056122024771,0.477825993048716,0,25,8,100,56.62,59.04,46.21,60.53,58.98,49.78,62.23,56.69
585,34681,71.14,54.13842085752916,0.512874047415252,0,23,8,100,68.41,73.28,73.82,64.37,64.74,63.22,80.54,80.7
586,37905,57.28,54.89886913638799,0.5451324663121393,0,15,8,100,55.56,53.3,63.05,50.83,57.76,58.3,65.62,53.86
587,35890,61.57,52.647477054414765,0.5123417430941188,0,20,8,100,58.28,60.83,66.06,63.98,64.72,68.6,57.97,52.1
588,37099,79.49,53.314954705323466,0.4440874714997349,0,17,8,100,81.09,82.94,77.29,75.93,92.41,72.82,71.84,81.62
589,34278,62.0,53.04573614768991,0.4971366184889872,0,24,8,100,74.15,54.93,63.92,64.4,58.76,51.33,57.72,70.83
590,33875,54.52,53.795558615160175,0.4699294972290047,0,25,8,100,52.91,51.63,56.18,52.32,46.75,51.89,63.42,61.04
591,33875,60.51,52.57929344531972,0.4817874238601719,0,25,8,100,61.67,71.2,56.97,62.39,61.06,55.53,58.14,57.09
592,33875,59.51,53.483078318603766,0.4942350689162086,0,25,8,100,64.21,66.08,58.1,53.32,56.78,55.04,58.44,64.14
593,35487,60.53,53.60279281687286,0.4770546367363045,0,21,8,100,71.24,51.62,67.63,54.58,60.22,55.55,62.26,61.12
594,34278,55.4,53.25563468628451,0.576734226867608,0,24,8,100,57.1,54.27,56.33,56.83,54.22,59.24,49.69,55.5
595,35084,66.28,53.89127725786346,0.6210099457465214,0,22,8,100,65.73,70.73,57.46,74.57,74.03,69.09,63.45,55.19
596,33875,64.2,53.89957035196138,0.4732142958062624,0,25,8,100,71.69,68.66,70.22,58.39,57.02,56.12,71.16,60.36
597,33875,61.69,55.20916989480396,0.4534127148449293,0,25,8,100,63.88,54.49,59.75,65.86,55.9,54.18,69.29,70.14
598,33875,60.62,53.56900238180255,0.4328922905298188,0,25,8,100,62.06,58.6,55.45,55.06,62.3,68.11,62.21,61.15
599,33875,64.93,54.11975006570067,0.5854191342544155,0,25,8,100,63.3,66.97,56.49,69.33,69.64,69.14,72.17,52.4
600,33875,51.69,52.79552640076714,0.5773510555002085,0,25,8,100,54.64,47.92,58.99,54.53,56.12,49.47,45.33,46.55
601,33875,83.38,52.23943729198884,0.5086558213864344,0,25,8,100,89.57,67.61,76.59,92.71,87.84,83.67,89.18,79.9
602,36293,54.29,53.49737445535653,0.5133533630768585,0,19,8,100,55.74,48.47,52.73,55.98,56.32,56.9,55.85,52.34
603,34681,68.66,53.21300769922895,0.5209634572232419,0,23,8,100,74.07,75.94,63.02,68.97,69.72,63.66,68.1,65.82
604,33875,65.25,54.72388259606312,0.4839287985465637,0,25,8,100,67.36,58.88,65.41,65.01,64.44,63.24,70.91,66.73
605,33875,58.11,54.03405990457907,0.5549426066938985,0,25,8,100,62.77,65.42,53.65,55.39,55.67,60.17,53.43,58.41
606,33875,74.25,53.644422763797486,0.6201116717997744,0,25,8,100,65.33,79.64,78.17,79.45,81.39,62.23,77.06,70.73
607,36696,55.8,53.03819405644224,0.4658397121416724,0,18,8,100,61.91,53.98,51.19,57.75,52.6,57.55,60.27,51.19
608,36293,64.31,53.43962506770946,0.561160013388697,0,19,8,100,74.7,64.24,59.15,60.06,61.88,61.01,70.02,63.42
609,34681,73.41,54.12207636513444,0.4589276493217133,0,23,8,100,68.84,83.89,60.98,68.96,82.5,73.45,66.51,82.16
610,36293,72.38,54.25582257340159,0.4904437106767514,0,19,8,100,65.23,78.69,68.09,82.57,64.5,84.71,69.96,65.27
611,35487,69.99,53.64625240731164,0.5330897222544427,0,21,8,100,79.13,66.35,69.45,63.6,77.47,70.72,57.18,76.05
612,33875,64.31,54.11299169809725,0.5458250908579028,0,25,8,100,73.54,71.36,56.09,58.17,62.25,61.9,67.02,64.13
613,35487,52.08,53.03867505217789,0.5789929194508693,0,21,8,100,54.9,56.31,47.98,50.88,50.36,52.47,55.75,47.95
614,33875,60.1,53.74140257186082,0.5138654621944855,0,25,8,100,66.35,58.36,63.15,57.73,68.44,56.46,54.5,55.79
615,35890,71.81,53.59989620242008,0.4793842993991789,0,20,8,100,67.3,74.08,74.26,67.74,82.03,75.05,67.35,66.64
616,33875,62.39,53.74252767661516,0.4837339094686006,0,25,8,100,64.68,63.93,58.89,66.09,64.09,61.05,59.37,61.05
617,35890,51.01,53.97252105381477,0.4798783313233443,0,20,8,100,55.89,56.36,49.43,44.41,55.92,47.85,54.1,44.11
618,33875,63.97,53.2965153142472,0.5867311454066244,0,25,8,100,74.44,54.99,59.09,66.39,69.26,65.26,58.32,64.0
619,36293,69.33,54.06690202156681,0.5144562377070617,0,19,8,100,67.53,59.52,77.39,69.49,73.13,69.74,65.71,72.17
620,35890,55.26,54.02547174600572,0.4947626548088715,0,20,8,100,57.52,51.69,46.89,48.32,55.39,61.28,61.48,59.54
621,36696,68.98,53.07092092081309,0.5665231442637979,0,18,8,100,72.45,67.88,60.13,77.42,59.21,73.44,73.26,68.02
622,34681,68.22,54.23762234577781,0.4917442389228024,0,23,8,100,66.2,69.8,68.09,64.31,74.37,57.92,73.03,72.02
623,34681,68.51,52.71783263767684,0.5197163770850369,0,23,8,100,72.89,73.93,69.7,70.4,71.38,60.81,72.27,56.69
624,35890,56.79,52.565733326581054,0.4405474748833183,0,20,8,100,55.58,55.95,50.53,66.35,53.11,65.75,56.31,50.72
625,35487,70.2,53.492360669822936,0.5055901041276291,0,21,8,100,72.15,59.51,67.0,75.66,71.42,73.91,69.95,71.97
626,35084,64.25,53.92083986873855,0.5965726916802501,0,22,8,100,60.46,53.05,72.05,65.64,55.66,70.25,67.91,68.97
627,35890,60.09,53.45385270678038,0.4477847748580075,0,20,8,100,57.89,60.1,65.91,60.94,59.55,57.59,56.11,62.62
628,33875,63.5,52.63600188845743,0.5225900997528857,0,25,8,100,55.39,66.72,68.1,63.75,64.11,69.22,61.01,59.72
629,34681,74.09,54.19870117965651,0.4332012019823865,0,23,8,100,83.92,67.89,78.23,72.15,67.97,66.75,76.65,79.15
630,37099,63.75,54.49175873974269,0.5974453090780809,0,17,8,100,62.37,68.64,61.18,57.61,61.76,63.7,68.12,66.65
631,34681,54.98,52.86138396459958,0.4475453277329812,0,23,8,100,65.09,53.15,50.31,46.27,63.94,54.6,52.9,53.55
632,36696,64.15,56.02071722121009,0.6025366047786332,0,18,8,100,71.21,69.04,58.54,69.27,62.29,54.75,55.31,72.77
633,37502,72.76,53.5863795867891,0.5672337230864379,0,16,8,100,73.24,75.78,80.66,76.28,66.08,71.51,72.5,65.99
634,35890,71.57,54.753755332462525,0.586072581147799,0,20,8,100,65.82,82.46,79.66,63.21,61.4,81.42,68.92,69.67
635,35890,56.42,53.94183053698829,0.3932142457700508,0,20,8,100,51.83,54.84,57.15,56.98,64.9,57.64,54.48,53.54
636,35487,72.17,53.40051842924848,0.5278130384994366,0,21,8,100,78.7,73.61,70.54,61.28,71.36,67.89,77.54,76.44
637,35084,62.42,53.46682849635314,0.5524054152597536,0,22,8,100,64.72,67.26,60.62,57.88,73.23,56.25,61.79,57.61
638,37099,66.85,53.72008915388068,0.4260580557083639,0,17,8,100,63.7,68.83,65.4,71.67,63.94,57.16,75.08,68.99
639,36696,53.66,54.11142575467914,0.5885183691047945,0,18,8,100,55.07,51.12,58.2,49.02,59.84,51.77,52.72,51.51
640,34681,53.36,52.42885909928385,0.554051656182435,0,23,8,100,45.95,49.31,56.41,54.96,57.95,55.31,57.78,49.17
641,37099,65.2,53.145002102258125,0.5541497273538822,0,17,8,100,58.56,63.27,66.98,57.16,66.91,74.04,63.46,71.2
642,35084,61.93,53.59724016564263,0.4778395622454993,0,22,8,100,65.08,60.49,57.68,66.79,70.48,51.65,60.94,62.34
643,39114,68.79,53.26555845592299,0.4884525563811088,0,12,8,100,55.56,75.24,69.43,64.87,74.91,69.53,64.6,76.16
644,35890,60.16,54.78489087217598,0.5290704958767648,0,20,8,100,58.18,65.73,53.66,61.64,64.78,47.23,62.18,67.87
645,34681,54.88,54.62261397455308,0.509876636941059,0,23,8,100,55.2,59.21,63.05,47.64,48.63,53.88,51.93,59.49
646,34681,54.97,53.670846096545176,0.5287279971229512,0,23,8,100,51.8,53.28,49.63,63.16,45.09,60.78,61.03,55.03
647,33875,64.01,53.79752837149983,0.5382657101767147,0,25,8,100,66.13,63.28,69.6,65.27,61.38,56.32,59.27,70.84
648,33875,63.43,55.240577668149626,0.5229492022920277,0,25,8,100,67.38,60.63,64.17,59.46,67.57,59.08,63.68,65.49
649,34278,58.38,53.214123727576286,0.4771011258357243,0,24,8,100,65.86,58.81,59.11,53.54,62.59,57.6,52.45,57.07
650,35890,60.96,55.182211497741605,0.4757576743163272,0,20,8,100,66.02,69.42,61.69,68.73,58.97,54.27,54.25,54.34
651,35890,54.31,54.23332810487983,0.521940434612178,0,20,8,100,67.2,49.83,50.12,47.71,56.85,58.45,52.16,52.16
652,33875,66.58,52.50114257375743,0.4718738770583339,0,25,8,100,60.36,55.62,75.93,59.85,72.26,72.02,73.39,63.25
653,37099,67.05,52.68825413996001,0.5090266828803011,0,17,8,100,75.49,64.0,62.89,59.9,70.78,71.53,63.36,68.49
654,34681,68.74,52.56371628377726,0.4326999208253896,0,23,8,100,59.27,70.99,67.54,73.1,62.46,69.42,73.49,73.69
655,35084,58.84,53.44241309061038,0.5503502575770695,0,22,8,100,54.69,64.33,58.65,57.83,60.94,53.1,62.02,59.17
656,34278,61.66,55.23909006271415,0.4018542466545968,0,24,8,100,57.68,68.09,51.13,56.61,56.63,69.07,66.57,67.53
657,34278,56.78,54.50070367594145,0.4855853445068298,0,24,8,100,62.77,58.29,60.42,51.22,64.57,49.32,52.6,55.08
658,33875,62.16,53.37585297927939,0.5489089343259592,0,25,8,100,57.86,60.14,61.37,66.42,71.68,59.16,61.53,59.1
659,34681,64.45,52.62595537710696,0.5755380227574788,0,23,8,100,63.82,65.82,74.83,75.0,52.47,63.01,66.47,54.2
660,36696,55.47,53.4666273963322,0.5460736810985595,0,18,8,100,58.04,59.39,63.67,48.5,48.27,59.38,57.36,49.12
661,34278,61.32,53.51097381596041,0.5963697284204693,0,24,8,100,59.21,65.7,67.38,68.34,53.69,66.65,53.14,56.43
662,36293,57.63,53.6215553818525,0.5605267930897593,0,19,8,100,61.28,52.44,56.89,54.99,58.39,53.58,62.71,60.76
663,33875,62.94,53.61992917776692,0.5728414458987101,0,25,8,100,67.09,62.23,59.29,53.45,61.24,69.9,68.31,62.01
664,33875,64.95,53.815358701566105,0.4230875866441421,0,25,8,100,69.44,66.25,63.15,52.84,55.98,72.22,71.53,68.17
665,35890,65.51,53.47813156412765,0.4886770404738735,0,20,8,100,69.88,61.24,65.89,72.77,68.08,67.58,58.34,60.29
666,35487,56.96,53.31621450113132,0.4725020200360524,0,21,8,100,54.53,58.62,62.79,58.64,63.88,52.76,50.01,54.41
667,35890,63.28,54.8834215431965,0.4970771374749068,0,20,8,100,51.8,63.96,64.67,63.13,69.23,64.11,68.61,60.69
668,33875,72.23,54.46528203935296,0.4611906428159757,0,25,8,100,78.07,74.1,60.14,82.24,62.49,79.55,69.44,71.83
669,34681,56.83,54.085052839677815,0.5029222239274069,0,23,8,100,61.47,57.96,54.33,54.3,53.81,56.98,59.55,56.26
670,39114,72.05,53.58049502521316,0.4947080455279619,0,12,8,100,77.0,67.12,79.54,62.24,72.2,72.51,80.99,64.77
671,34278,56.42,53.00594216137768,0.4050399085108508,0,24,8,100,62.46,63.0,55.78,53.16,55.01,57.57,51.0,53.36
672,35487,64.76,53.639389222306136,0.4895011434482563,0,21,8,100,56.79,70.57,61.85,68.83,65.52,57.41,67.8,69.3
673,33875,60.44,53.05741707655671,0.5346596141451456,0,25,8,100,60.03,70.55,67.39,54.76,66.04,52.79,57.73,54.2
674,34278,70.16,54.52159259480325,0.529388212003568,0,24,8,100,65.99,81.51,65.91,63.66,66.84,78.42,65.48,73.44
675,37502,56.2,53.03707331886692,0.5057681760962655,0,16,8,100,63.2,65.98,51.66,55.56,56.47,51.79,52.57,52.36
676,35084,65.7,53.34535155960744,0.5471413517934299,0,22,8,100,63.37,69.05,59.27,78.41,74.6,62.24,61.69,56.94
677,37502,57.19,53.248090183743095,0.4202083317207852,0,16,8,100,58.32,52.23,61.37,65.89,57.27,58.52,56.54,47.4
678,33875,62.04,54.34379069756766,0.5486057194160898,0,25,8,100,61.66,53.01,65.98,71.7,55.5,55.01,60.76,72.74
679,36696,64.63,54.2029807591297,0.4789381631258128,0,18,8,100,71.32,60.13,65.63,66.76,71.13,55.32,63.87,62.85
680,35487,53.21,54.14834740194779,0.5465116677957765,0,21,8,100,53.78,49.7,60.63,60.71,45.08,49.53,51.45,54.79
681,35890,49.73,54.32888852511714,0.4771881573288414,0,20,8,100,48.83,45.32,57.92,52.14,51.47,48.43,46.18,47.56
682,35084,63.79,52.41982061833857,0.4684889999132829,0,22,8,100,70.75,61.12,58.88,65.87,58.51,66.36,67.47,61.38
683,35487,57.58,53.81663467889372,0.3479588135109758,0,21,8,100,61.62,57.98,61.19,53.91,52.72,55.0,62.71,55.55
684,35084,67.78,53.073979192854665,0.5491466638865373,0,22,8,100,73.52,63.11,66.29,71.86,57.01,67.76,69.18,73.48
685,34278,61.59,53.25640813822207,0.5722023662387019,0,24,8,100,53.91,58.95,67.99,54.42,64.98,68.1,62.26,62.1
686,36293,65.29,53.11906096368117,0.5865572420730238,0,19,8,100,73.68,64.4,64.11,65.48,63.96,63.67,63.35,63.66
687,35890,67.74,54.2724645140899,0.479986691030131,0,20,8,100,62.91,60.17,62.52,78.14,72.27,61.35,80.11,64.46
688,34681,67.42,52.69205237284102,0.5057834879145829,0,23,8,100,71.68,58.37,63.0,82.74,66.44,61.4,70.5,65.24
689,34681,68.58,54.632582288489225,0.4812809769914145,0,23,8,100,70.35,75.39,71.64,64.53,55.2,71.91,64.8,74.78
690,34681,60.13,53.78525998969722,0.452889693441224,0,23,8,100,68.2,62.37,58.96,57.02,55.24,57.27,68.81,53.14
691,36696,71.47,52.25496695094383,0.4836193285328108,0,18,8,100,69.09,65.02,73.87,60.78,67.17,82.38,84.15,69.28
692,36293,61.16,52.85998606639365,0.5186941703733363,0,19,8,100,52.4,65.02,59.59,59.63,66.92,62.4,55.39,67.94
693,36293,66.63,53.54793158170198,0.4795375153649843,0,19,8,100,76.3,57.5,65.54,60.19,68.23,65.21,71.26,68.82
694,34681,65.18,54.10325048253068,0.506022749107917,0,23,8,100,69.07,69.85,72.42,55.78,69.26,57.09,73.58,54.43
695,36293,60.92,54.49561636784896,0.4417690038989469,0,19,8,100,65.58,55.45,61.7,54.52,67.5,55.1,61.16,66.35
696,34278,67.23,53.81554391673097,0.4595200188462888,0,24,8,100,67.01,70.93,60.05,64.01,60.75,78.0,70.36,66.74
697,34278,63.29,53.79997401532162,0.5362532273993675,0,24,8,100,62.02,59.96,60.59,74.95,58.27,61.53,65.08,63.95
698,38308,64.6,54.34829573024707,0.5514885721283689,0,14,8,100,66.9,63.58,67.73,67.62,55.91,70.31,60.32,64.39
699,35890,69.94,55.39816393848008,0.4111056652216118,0,20,8,100,63.4,67.13,72.3,75.42,73.03,67.42,75.96,64.85
700,35890,70.71,53.36204386475261,0.5119004776849022,0,20,8,100,61.84,71.93,72.12,79.75,75.91,67.5,62.71,73.92
701,36293,70.21,54.27283240709777,0.5861630017340367,0,19,8,100,74.18,78.47,68.49,72.14,62.71,61.57,71.4,72.73
702,35890,70.03,53.323766168271945,0.4341050933945635,0,20,8,100,71.35,68.61,67.9,76.08,67.78,78.32,71.43,58.77
703,36293,58.29,54.017756838814734,0.5108780650355067,0,19,8,100,51.56,53.23,66.51,62.14,65.96,51.32,66.29,49.31
704,35084,55.7,53.81037120680172,0.4967424871522229,0,22,8,100,62.33,49.93,51.38,54.16,55.02,60.6,60.17,52.03
705,36696,58.28,53.056766819191935,0.4422616376878835,0,18,8,100,60.39,55.75,68.81,57.48,56.06,56.31,49.73,61.68
706,35084,63.06,54.07702954453185,0.5332611782512313,0,22,8,100,64.16,58.31,64.97,63.28,62.63,71.71,54.07,65.38
707,37099,62.44,54.20548832738655,0.5526796722208326,0,17,8,100,58.99,62.29,67.18,64.1,59.16,66.17,57.29,64.34
708,33875,70.3,52.825435862980456,0.5446855498622212,0,25,8,100,69.12,69.49,66.99,74.35,78.17,64.05,76.96,63.26
709,35084,68.3,53.32822184014892,0.4766560516252232,0,22,8,100,61.88,62.7,65.22,69.56,66.68,79.19,71.2,69.98
710,34278,68.38,54.5032420749776,0.5561541563005861,0,24,8,100,75.0,63.4,68.89,65.67,65.18,69.21,68.52,71.14
711,37905,65.64,53.96768997517022,0.456761610645123,0,15,8,100,68.43,59.84,57.64,63.55,58.14,74.23,75.44,67.84
712,34681,59.27,53.81299623990476,0.5314287164750611,0,23,8,100,64.67,53.48,52.38,72.83,55.59,57.28,63.66,54.26
713,39114,69.48,54.04510149823136,0.4385987739348667,0,12,8,100,77.55,73.06,62.05,66.39,73.45,76.95,66.25,60.17
714,35084,67.58,53.28158389211683,0.5298988025177505,0,22,8,100,62.27,71.82,78.66,62.86,62.58,65.93,62.6,73.9
715,35487,64.22,54.70585243976842,0.4880408556177256,0,21,8,100,64.45,69.68,72.71,65.43,59.4,57.86,56.68,67.52
716,38308,65.61,53.75629917418353,0.4456379677003645,0,14,8,100,60.21,68.66,54.57,67.35,75.94,69.0,68.77,60.35
717,37502,63.13,54.57631696993607,0.5545738500914306,0,16,8,100,58.61,59.84,61.59,66.4,71.76,68.74,58.31,59.76
718,35084,63.02,54.0609383647957,0.5538397925356509,0,22,8,100,64.04,76.09,59.13,59.08,66.0,52.32,57.86,69.66
719,36293,57.06,54.08388577992103,0.5146197053113424,0,19,8,100,60.61,63.37,48.63,54.33,56.89,58.36,58.67,55.58
720,34278,66.79,54.25870515910009,0.551483354745292,0,24,8,100,61.49,68.88,60.35,64.71,56.56,73.55,76.08,72.67
721,35084,70.83,54.389113406536325,0.5674559892160032,0,22,8,100,67.69,73.6,75.57,81.77,71.68,63.34,69.05,63.95
722,35890,67.71,54.68925808491792,0.5157798356166527,0,20,8,100,63.26,66.26,60.58,80.48,65.75,69.93,75.79,59.59
723,35487,59.75,52.877768380299,0.4800948601216681,0,21,8,100,56.57,56.55,66.21,60.39,53.28,66.23,59.11,59.65
724,34681,63.02,53.17707876882104,0.4520163032598522,0,23,8,100,62.54,69.09,63.75,71.33,56.5,55.74,68.76,56.47
725,36293,68.35,53.56311110128532,0.5423023880725912,0,19,8,100,75.88,71.18,73.2,64.04,71.82,61.07,57.41,72.23
726,36293,61.48,54.0437695977307,0.5467458690416858,0,19,8,100,56.5,69.45,59.18,65.42,57.96,51.67,69.64,62.06
727,37502,68.88,54.89256593160333,0.5400122174855633,0,16,8,100,77.76,63.95,69.82,67.61,73.57,66.22,63.47,68.6
728,36293,63.58,52.97554204996434,0.5059901552282916,0,19,8,100,69.16,63.72,68.46,67.94,67.69,54.77,50.78,66.12
729,36293,57.09,53.90928389496763,0.5179314448464971,0,19,8,100,51.1,54.34,62.36,61.89,52.1,55.8,62.66,56.49
730,34681,60.98,53.38552568900505,0.5130884672922882,0,23,8,100,56.36,62.12,69.18,67.26,53.57,67.63,54.37,57.39
731,35084,60.12,54.62698541116504,0.5269773780812015,0,22,8,100,54.91,57.92,62.91,65.69,61.99,55.29,62.91,59.37
732,34278,63.91,53.99515659992775,0.4971601986283208,0,24,8,100,67.07,62.98,63.68,56.63,72.12,51.47,64.1,73.19
733,35890,68.97,53.52383141752512,0.4830528328321271,0,20,8,100,69.0,59.47,68.21,70.09,67.55,67.01,73.84,76.57
734,37099,62.51,54.50429041226785,0.4879905812946868,0,17,8,100,57.65,59.81,65.53,67.64,61.69,69.03,60.81,57.89
735,34278,72.27,53.44076626421915,0.5406122057866526,0,24,8,100,80.41,60.29,63.13,80.76,75.35,77.54,70.62,70.09
736,34278,61.89,54.259324202201775,0.4537651205870267,0,24,8,100,59.22,61.27,56.07,57.23,57.9,66.1,71.09,66.25
737,35890,69.54,53.55130961365825,0.4244048609656253,0,20,8,100,70.88,70.61,59.48,70.68,68.6,66.86,73.3,75.92
738,33875,65.52,53.87189513811722,0.4663103694505242,0,25,8,100,56.24,65.12,62.1,60.87,73.26,74.01,63.27,69.27
739,36696,60.43,53.898541638507496,0.5436122914402444,0,18,8,100,62.39,63.39,51.8,60.17,58.63,69.54,58.45,59.04
740,37502,62.31,53.8775277268656,0.4437399571718466,0,16,8,100,68.65,64.03,56.18,60.1,61.78,60.34,53.78,73.59
741,36293,59.14,53.89863138574316,0.5019880893785051,0,19,8,100,53.38,61.13,65.6,63.36,56.49,64.62,51.84,56.68
742,37099,63.25,52.9972184676977,0.5326365157314525,0,17,8,100,53.33,60.63,64.48,69.67,58.84,66.0,66.53,66.54
743,33875,64.34,54.26042408103063,0.5104137551602714,0,25,8,100,67.56,70.71,59.42,62.32,60.7,54.25,69.3,70.44
744,35487,65.08,53.86071594714267,0.5990061351950859,0,21,8,100,67.97,56.7,58.29,75.9,60.65,68.7,70.2,62.24
745,34681,56.54,53.90995468679132,0.5356137907934737,0,23,8,100,53.54,54.25,57.39,55.32,57.45,51.06,61.1,62.17
746,33875,67.12,53.53172893043864,0.4538254019278944,0,25,8,100,65.89,61.2,69.17,73.87,74.36,65.02,58.58,68.87
747,36293,56.27,54.10423326840377,0.4509764842764159,0,19,8,100,59.64,46.82,53.34,58.94,64.05,48.33,64.78,54.28
748,37502,64.74,54.64271607867783,0.4534960797050351,0,16,8,100,61.55,70.82,62.57,70.97,60.75,62.27,73.14,55.82
749,35890,65.68,53.58752137505644,0.507984194991463,0,20,8,100,65.12,70.18,56.54,66.81,71.32,62.41,74.94,58.15
750,34681,72.85,53.837111650409305,0.4937898923620697,0,23,8,100,76.56,70.41,71.78,67.56,79.95,76.01,65.18,75.35
751,35890,55.05,53.30656816247672,0.4901801281007005,0,20,8,100,57.62,54.26,61.83,46.53,54.02,58.52,53.63,53.99
752,36696,60.56,53.72602528522933,0.4638759793251861,0,18,8,100,65.99,54.75,54.52,61.3,66.82,65.77,58.82,56.55
753,35084,68.44,54.18078212776986,0.5501680069315569,0,22,8,100,59.4,65.11,77.01,60.71,79.99,69.19,64.4,71.75
754,35890,65.67,53.36832228456476,0.4495382760342206,0,20,8,100,64.91,55.62,62.16,74.39,68.93,75.46,63.27,60.6
755,35084,62.54,53.73647142744016,0.5480369980284691,0,22,8,100,73.11,66.45,56.57,57.66,73.66,55.88,55.34,61.62
756,35084,64.9,53.643568599535925,0.430440427161139,0,22,8,100,55.77,58.37,64.38,67.44,75.46,69.52,56.72,71.54
757,37099,53.87,54.080712452038526,0.5532904886765893,0,17,8,100,61.48,52.42,47.71,57.16,47.22,49.27,55.44,60.25
758,36293,59.43,52.649863493825904,0.4183348262656357,0,19,8,100,56.68,59.82,53.9,52.84,65.79,65.97,57.07,63.4
759,35890,60.96,52.586229010291056,0.4779304154148907,0,20,8,100,56.6,62.44,59.97,72.49,55.53,55.74,60.45,64.45
760,36293,57.45,54.32557287898965,0.5238252538912053,0,19,8,100,57.6,51.51,59.98,58.65,57.35,54.35,58.72,61.44
761,33875,60.68,53.3418759503921,0.5128607483430421,0,25,8,100,65.54,56.31,59.92,60.41,69.53,64.56,57.5,51.71
762,37905,69.0,54.73528324152733,0.4818581962823735,0,15,8,100,74.16,58.65,66.78,72.48,67.88,69.63,65.23,77.17
763,37099,64.18,54.854918021225984,0.456218578594092,0,17,8,100,61.12,60.62,64.13,74.02,56.58,62.79,72.86,61.36
764,33875,70.58,52.860121740889575,0.538802974697161,0,25,8,100,73.06,82.81,76.47,60.69,65.59,67.95,78.65,59.44
765,38711,66.21,55.200623357646165,0.4774518395590043,0,13,8,100,66.28,60.28,75.65,66.33,68.41,64.67,70.26,57.83
766,36696,62.96,53.83491931411538,0.5309916045740323,0,18,8,100,60.92,62.32,54.5,57.98,71.13,71.35,70.97,54.47
767,34681,65.47,54.94830324403705,0.6335791395334164,0,23,8,100,69.76,72.62,71.16,59.38,59.81,68.68,63.45,58.92
768,35487,66.35,53.58402172116402,0.5045219572745152,0,21,8,100,71.17,66.47,58.4,69.42,71.46,67.39,64.33,62.17
769,33875,69.05,53.20345747109232,0.4747692955978346,0,25,8,100,80.37,67.98,66.2,62.52,69.63,64.45,67.41,73.83
770,33875,70.87,54.55709142154519,0.5062743434563748,0,25,8,100,73.83,71.21,70.19,73.44,77.04,66.63,73.7,60.91
771,35890,56.36,53.4421759421384,0.4608102898812163,0,20,8,100,61.64,52.03,66.52,61.02,53.6,53.56,49.52,52.99
772,35890,62.31,53.57230606539481,0.5299006625406091,0,20,8,100,54.6,63.07,67.86,55.8,69.18,56.89,63.36,67.69
773,36293,65.91,54.383085002840254,0.4809691322761737,0,19,8,100,64.59,56.54,66.64,70.64,72.56,63.32,67.19,65.81
774,36293,67.16,54.96765516823816,0.4733825503915803,0,19,8,100,54.22,68.95,72.82,60.93,63.14,73.34,69.75,74.14
775,35890,68.7,54.01013232970156,0.4275429428122657,0,20,8,100,62.6,77.55,67.73,62.94,63.33,74.47,65.53,75.42
776,34278,60.94,52.56999537939951,0.4450932323092783,0,24,8,100,55.44,70.77,57.23,61.45,62.55,53.9,59.05,67.11
777,37502,62.87,54.36537066505744,0.4455039126813376,0,16,8,100,56.39,66.06,64.45,66.36,59.98,63.01,68.27,58.43
778,35890,58.7,53.95026332484207,0.5462109942742133,0,20,8,100,62.99,70.98,62.29,54.64,51.1,52.51,61.08,54.02
779,37905,56.21,55.41103491731134,0.4433215397360606,0,15,8,100,58.48,52.93,62.74,48.81,47.99,61.03,58.58,59.1
780,34681,63.06,55.37622868479584,0.4831732532274236,0,23,8,100,73.25,60.74,56.11,52.88,65.99,60.97,66.81,67.74
781,37905,68.75,53.96452172254234,0.5424297292027951,0,15,8,100,73.45,72.08,76.11,58.64,60.43,69.0,62.94,77.32
782,36696,62.18,53.29611476768277,0.4646780367847438,0,18,8,100,62.9,52.35,71.9,71.89,66.7,61.3,53.34,57.07
783,33875,58.83,53.89549432480699,0.5760750859075566,0,25,8,100,51.65,60.73,56.17,58.75,54.26,66.65,64.08,58.38
784,33875,73.76,54.09263762808831,0.4985363084439457,0,25,8,100,87.37,69.26,71.5,73.59,64.21,74.32,77.42,72.37
785,33875,67.87,54.583094395893546,0.5109742501345099,0,25,8,100,66.86,69.08,65.52,72.81,62.41,66.41,66.21,73.69
786,40323,61.24,54.85254048339728,0.38845427626077,0,9,8,100,63.9,56.22,64.83,56.41,62.24,64.97,61.86,59.48
787,39114,67.01,54.1977222613001,0.4136128794387432,0,12,8,100,72.88,68.65,69.78,70.24,65.53,54.21,71.43,63.37
788,37099,67.64,53.7388001513978,0.5130049436803904,0,17,8,100,65.43,70.27,76.03,64.67,73.92,62.91,62.94,64.97
789,37502,69.01,54.68513166098047,0.4276035654427244,0,16,8,100,66.96,71.48,69.96,61.81,69.0,75.31,70.8,66.79
790,35487,67.32,54.96429910214248,0.4239002968408446,0,21,8,100,74.28,66.39,61.8,72.31,69.77,68.52,66.1,59.43
791,36293,60.75,54.7821438685626,0.5481765477460957,0,19,8,100,58.55,48.83,70.06,56.24,66.43,59.95,68.32,57.63
792,36293,71.67,53.51569867995176,0.4957926637751005,0,19,8,100,68.18,76.05,81.41,61.28,70.78,62.78,79.66,73.2
793,36696,70.23,54.43119426538192,0.4888473655977268,0,18,8,100,62.41,73.85,72.97,69.97,64.45,66.72,82.39,69.08
794,33875,60.05,54.36153044355368,0.4920040616936584,0,25,8,100,58.66,57.54,56.74,57.83,58.22,70.31,65.24,55.84
795,35487,62.28,54.01743312661828,0.3511276684510216,0,21,8,100,63.47,57.05,58.52,62.44,64.3,58.32,62.57,71.54
796,33875,59.57,53.19098737933728,0.4640780071750862,0,25,8,100,65.19,59.19,59.7,62.07,63.34,59.25,51.61,56.22
797,35890,59.6,52.97199224276052,0.4794717809660079,0,20,8,100,59.2,58.77,64.94,57.34,55.21,58.8,68.1,54.44
798,35487,71.16,54.06449586688021,0.5561674885635606,0,21,8,100,63.25,80.26,72.96,65.42,68.59,72.26,81.74,64.76
799,34278,73.37,54.04026002376053,0.537128836259453,0,24,8,100,78.18,69.77,73.68,69.5,72.9,81.88,66.45,74.57
800,33875,67.73,53.3777689712165,0.4904922130278303,0,25,8,100,66.37,68.26,65.82,66.42,59.14,68.32,80.0,67.5
801,34681,60.56,54.76669926275398,0.5252667032239633,0,23,8,100,57.68,58.58,69.6,66.44,60.22,51.56,67.76,52.61
802,36293,61.8,53.94558668760677,0.4749961870189008,0,19,8,100,62.96,60.05,60.72,58.53,62.03,74.14,55.85,60.12
803,33875,58.44,52.76628755901813,0.4354983955759237,0,25,8,100,64.35,66.76,51.6,65.8,52.1,56.29,61.57,49.03
804,36293,55.51,53.99820909887588,0.4784484671649326,0,19,8,100,51.99,64.6,49.46,51.05,55.94,58.27,60.4,52.34
805,37099,60.23,54.29446879449491,0.5166868186727342,0,17,8,100,59.1,54.46,63.76,58.5,59.04,67.57,54.6,64.81
806,34278,65.27,54.84478959481709,0.5849046953521707,0,24,8,100,65.15,72.83,63.77,68.76,70.59,60.29,59.42,61.35
807,41129,61.6,53.1663674879207,0.4852343232438577,0,7,8,100,72.27,52.76,70.49,63.36,56.06,60.46,51.23,66.13
808,35890,65.43,53.38195328621119,0.4561502244740704,0,20,8,100,71.86,68.46,58.59,68.15,64.53,60.56,60.24,71.02
809,36293,66.51,55.789343114905975,0.4818904809961761,0,19,8,100,72.13,65.25,70.2,65.6,75.62,59.2,64.61,59.47
810,37502,55.67,53.08878020443007,0.5560584239001901,0,16,8,100,51.19,50.17,55.32,52.74,66.78,47.26,62.76,59.15
811,38308,61.32,54.60751064734573,0.4960095751230088,0,14,8,100,52.37,65.59,61.16,68.5,57.89,60.49,55.86,68.73
812,33875,68.23,54.32566130195857,0.4671255012305553,0,25,8,100,72.16,76.97,64.26,62.57,77.0,64.53,70.55,57.83
813,37905,66.32,54.475629466313706,0.4103985841840444,0,15,8,100,55.79,71.92,72.41,58.83,77.68,60.39,71.85,61.69
814,35487,62.45,54.32448530705809,0.4088309914806581,0,21,8,100,61.62,73.7,64.62,56.46,66.51,67.0,51.54,58.16
815,33875,63.98,55.14519764840031,0.4495030391686716,0,25,8,100,59.64,59.54,66.75,61.16,72.73,66.03,65.95,60.06
816,33875,73.61,53.77107955163376,0.4773658445163244,0,25,8,100,82.07,65.32,64.77,73.92,81.64,73.39,68.34,79.41
817,36293,64.84,55.18881892803651,0.4245221220953633,0,19,8,100,68.83,70.66,60.25,65.01,68.56,68.13,52.98,64.34
818,34681,62.23,53.4651942293496,0.5304769522140353,0,23,8,100,63.17,59.18,67.69,62.04,59.31,55.29,73.6,57.54
819,33875,50.1,54.09203424974704,0.4842881598653387,0,25,8,100,43.4,55.76,51.19,58.98,44.51,44.25,51.56,51.12
820,37099,67.1,53.4974008458984,0.5563504946983087,0,17,8,100,73.23,62.8,56.16,76.35,62.79,71.3,74.48,59.73
821,35084,59.19,53.50051894459534,0.4492522548180252,0,22,8,100,68.84,52.51,62.69,52.99,63.58,61.3,52.53,59.04
822,37099,60.33,54.18509656991153,0.4233145591732988,0,17,8,100,59.42,69.49,64.71,54.74,63.82,59.44,57.29,53.76
823,36696,70.46,53.26127075928457,0.4471300617907539,0,18,8,100,70.77,71.31,77.29,75.67,68.08,59.73,75.18,65.66
824,33875,66.26,54.18114415842047,0.376102142979187,0,25,8,100,75.14,55.8,72.53,66.56,56.77,66.75,68.41,68.11
825,34681,76.49,53.91269590529087,0.5096670752296132,0,23,8,100,73.29,80.58,85.37,79.45,78.32,76.59,71.29,67.01
826,37502,69.8,54.85009998904126,0.5194575452697184,0,16,8,100,76.0,69.27,62.79,71.47,70.76,66.52,65.81,75.76
827,34681,57.06,53.9432863719283,0.530834718685319,0,23,8,100,58.73,51.58,56.53,52.48,57.57,62.67,62.72,54.18
828,35487,56.24,54.713163980305694,0.4448409308222113,0,21,8,100,60.93,50.79,62.96,53.7,58.32,49.18,63.04,50.96
829,35890,67.37,53.46426752254112,0.5640229957158548,0,20,8,100,56.89,64.47,73.17,73.87,71.94,60.43,64.15,74.02
830,35084,64.58,52.98338531610019,0.585972564191921,0,22,8,100,71.69,65.75,59.35,62.59,67.04,59.5,67.47,63.25
831,35890,55.27,53.7555153674108,0.5067189507678083,0,20,8,100,58.7,53.68,56.19,58.76,57.52,53.38,52.69,51.24
832,33875,62.26,54.27430709218397,0.5364523895998422,0,25,8,100,68.68,58.56,65.46,56.42,62.29,59.19,55.45,72.02
833,36696,73.84,53.98319329097016,0.4409815193202693,0,18,8,100,70.42,81.06,78.35,83.72,75.38,73.01,61.5,67.29
834,36293,65.56,53.73699172649445,0.3842359775460764,0,19,8,100,72.62,63.57,58.24,70.16,68.71,59.61,64.46,67.08
835,36696,68.71,53.50747891510464,0.5510464573591976,0,18,8,100,77.74,77.24,71.18,63.73,59.19,75.4,69.44,55.79
836,34278,57.46,54.50320723583479,0.4391548374197819,0,24,8,100,60.79,59.51,52.2,55.43,59.06,54.25,60.2,58.27
837,34681,63.1,53.27284586066482,0.4744958875443963,0,23,8,100,53.57,67.51,69.04,55.31,67.83,57.16,69.52,64.83
838,35487,72.05,52.83812093085064,0.5410244677916772,0,21,8,100,74.51,72.59,68.88,74.23,65.11,75.03,67.42,78.66
839,36293,61.43,54.45179276404122,0.4038340721758434,0,19,8,100,57.13,65.32,56.76,60.41,56.31,72.82,62.88,59.8
840,35487,61.06,54.1353143767533,0.4718559109137084,0,21,8,100,53.79,61.14,62.35,56.98,61.3,59.21,72.36,61.38
841,39114,54.52,53.98153674708665,0.4347111029454841,0,12,8,100,46.55,57.79,59.07,47.28,50.72,51.56,59.25,63.93
842,35890,61.89,54.08882861054188,0.5132251259537015,0,20,8,100,66.67,67.7,60.19,57.57,57.22,54.31,66.04,65.42
843,34681,69.64,54.33630668851572,0.5074051983623722,0,23,8,100,73.79,74.51,75.28,61.12,63.56,73.52,63.89,71.48
844,36293,78.2,53.31241750186641,0.4894902709439968,0,19,8,100,64.99,75.06,65.68,82.93,81.54,86.64,84.33,84.45
845,34278,63.71,52.751048593104215,0.5603500188579461,0,24,8,100,63.71,69.66,67.89,71.95,62.16,54.37,59.37,60.56
846,35487,58.74,54.3001775203709,0.4540053493822364,0,21,8,100,58.11,68.62,54.5,65.11,59.24,54.41,57.55,52.35
847,36696,59.27,55.1070999402584,0.5006362310519237,0,18,8,100,61.12,61.1,57.19,55.24,54.84,66.88,59.46,58.3
848,34278,57.18,53.42314835905923,0.5291524791410419,0,24,8,100,55.79,57.49,62.12,63.91,59.38,51.9,55.33,51.54
849,34681,63.93,53.8658618711524,0.5664251004591037,0,23,8,100,62.65,51.08,65.81,60.76,65.38,63.12,65.44,77.21
850,36293,58.55,54.28779978842956,0.499027487825387,0,19,8,100,64.28,59.96,57.85,52.59,61.51,65.2,50.85,56.14
851,34278,71.85,53.69398012872131,0.4454726322881367,0,24,8,100,61.79,81.18,66.37,81.81,72.85,68.59,68.54,73.69
852,37099,59.28,52.51043228363938,0.4731136621171035,0,17,8,100,65.92,52.39,48.33,61.29,50.57,65.2,66.54,63.96
853,36696,65.33,53.99251534425549,0.3976401967776278,0,18,8,100,63.53,69.04,62.89,75.65,67.68,68.37,56.16,59.29
854,35890,56.75,52.08068664364324,0.4935897158190815,0,20,8,100,51.71,54.34,60.83,59.37,56.96,53.69,58.99,58.14
855,34278,70.04,53.93146151111243,0.5870954015622124,0,24,8,100,70.15,73.41,73.71,58.48,77.0,69.31,75.97,62.33
856,33875,66.82,54.79545889632786,0.4971212715485356,0,25,8,100,60.87,63.57,64.61,76.12,69.26,59.07,64.23,76.86
857,33875,71.67,53.86378710496625,0.4638377791965964,0,25,8,100,69.58,75.47,81.85,71.85,74.35,63.35,69.97,66.91
858,35487,60.28,53.38439774907297,0.4846594389816172,0,21,8,100,61.48,61.44,65.43,48.91,58.06,59.64,56.82,70.47
859,34681,64.76,53.70114472825144,0.5636026911327467,0,23,8,100,63.13,71.03,72.14,69.28,59.6,55.63,69.97,57.29
860,35084,66.63,53.80925897867009,0.4538380779234743,0,22,8,100,69.38,59.29,69.61,68.56,71.01,56.66,69.01,69.51
861,38308,64.04,54.18915653257517,0.5173056824049446,0,14,8,100,74.79,59.81,57.38,73.82,57.17,57.26,63.4,68.65
862,36293,61.37,55.58582484993117,0.4848475593030001,0,19,8,100,54.97,72.77,60.39,53.59,57.21,63.96,65.57,62.5
863,33875,60.04,53.59997071884042,0.4785555060214376,0,25,8,100,61.56,62.14,52.68,60.39,68.74,60.08,58.45,56.26
864,33875,56.96,53.99276233153227,0.4993786228267915,0,25,8,100,57.12,58.74,57.38,48.1,57.13,65.4,51.61,60.22
865,37905,75.72,53.45945987823175,0.5328326579624144,0,15,8,100,70.07,80.1,62.63,83.63,81.65,75.56,71.31,80.78
866,37099,61.54,53.93722471293155,0.476128112877436,0,17,8,100,62.74,66.94,65.66,66.43,51.22,59.3,58.52,61.51
867,34681,61.3,53.89552347482077,0.4369495645708587,0,23,8,100,63.02,52.23,66.9,59.88,64.55,63.67,62.4,57.78
868,36293,58.04,54.14218733964976,0.6063824285793615,0,19,8,100,64.45,51.34,54.09,62.67,55.52,55.57,60.6,60.07
869,35890,54.15,55.6494003281725,0.482069344131895,0,20,8,100,54.15,56.3,62.38,56.63,50.62,46.09,50.39,56.66
870,37502,63.71,53.539776958189975,0.4476016801488094,0,16,8,100,62.73,63.15,55.73,74.44,68.78,60.97,65.66,58.22
871,36293,59.97,52.95197060846825,0.5209739636038206,0,19,8,100,53.21,64.76,49.58,65.43,57.34,69.49,56.55,63.38
872,34278,64.38,55.63777467837294,0.4930858963200272,0,24,8,100,64.53,70.11,64.21,58.62,59.1,64.05,64.49,69.95
873,40323,51.24,55.05201658081018,0.4898634511551007,0,9,8,100,42.86,55.76,49.2,59.22,44.9,57.31,42.57,58.1
874,37502,56.54,53.30026556409834,0.4261186556307759,0,16,8,100,67.78,61.69,51.8,60.22,58.38,49.42,48.0,55.07
875,34681,61.22,52.88009172465461,0.4823810505537823,0,23,8,100,62.51,60.21,54.68,69.95,52.91,66.72,58.21,64.56
876,34681,58.92,54.12312083626592,0.5245863376756743,0,23,8,100,54.57,52.59,53.35,58.74,59.86,66.41,65.75,60.05
877,35084,63.39,54.552951775540826,0.452417033298904,0,22,8,100,68.07,58.93,61.06,51.6,67.86,68.83,65.35,65.45
878,35084,70.07,54.016757550582255,0.5197851150935735,0,22,8,100,72.01,72.06,64.78,62.23,68.1,71.69,80.06,69.61
879,35890,56.27,54.44111545822882,0.3935567295135207,0,20,8,100,53.9,55.96,52.62,61.67,60.51,52.58,51.01,61.94
880,37099,58.84,53.85709849245791,0.464228738751866,0,17,8,100,50.02,60.03,64.11,66.91,55.82,50.85,56.95,66.0
881,37099,64.22,54.01147593198178,0.4310202423501335,0,17,8,100,61.39,70.78,56.66,56.14,69.01,69.38,62.42,68.0
882,33875,64.22,53.61686197485132,0.5396029255545293,0,25,8,100,68.56,62.93,59.61,63.9,71.54,68.08,57.5,61.6
883,34278,68.01,54.42561753319278,0.4795229108246507,0,24,8,100,61.03,71.17,69.18,72.89,70.2,60.03,67.95,71.6
884,35487,64.05,52.290062222818456,0.4450951295042195,0,21,8,100,66.37,61.67,66.54,59.06,70.35,70.87,61.79,55.74
885,35487,64.49,53.00768418334162,0.459781450225434,0,21,8,100,53.65,67.3,57.86,68.97,58.6,67.8,69.21,72.56
886,37099,48.87,53.03626115747356,0.4937550430490289,0,17,8,100,46.85,55.08,43.4,49.22,49.35,49.24,57.04,40.79
887,37502,55.6,53.52902516077421,0.5006637878274667,0,16,8,100,53.27,49.79,52.84,51.94,57.75,51.93,63.77,63.47
888,34681,58.39,53.01397233845451,0.4725121524199996,0,23,8,100,54.3,51.6,56.87,58.29,68.88,61.16,58.05,57.98
889,38308,66.75,54.25865099787887,0.5202815862825463,0,14,8,100,75.34,63.98,64.3,68.0,55.56,65.67,74.16,67.0
890,35890,56.51,54.374458395890144,0.3918971299501522,0,20,8,100,58.29,50.03,53.77,53.0,56.08,56.61,62.63,61.67
891,39920,62.93,54.51161044847957,0.5281071419260437,0,10,8,100,69.29,65.62,58.53,56.36,62.67,63.04,69.51,58.42
892,35084,65.63,54.13845801072511,0.3706248326196193,0,22,8,100,68.42,63.48,74.89,75.47,54.05,65.71,62.02,61.04
893,37502,62.01,54.400955919341165,0.5050740508208784,0,16,8,100,65.01,52.92,64.94,70.82,60.84,67.28,55.21,59.06
894,35084,68.94,53.86430631178416,0.459111451912886,0,22,8,100,67.44,69.17,65.33,74.44,61.72,75.31,62.44,75.64
895,37099,67.41,53.02605886482472,0.4895132178639846,0,17,8,100,75.5,72.82,59.95,59.08,74.57,74.42,64.68,58.28
896,34278,66.91,53.81917181652884,0.5039318035724413,0,24,8,100,72.23,60.87,64.16,66.64,68.98,69.11,69.51,63.8
897,36293,66.92,52.36275243330281,0.3490667102402827,0,19,8,100,66.41,65.63,66.45,68.0,60.43,55.77,73.2,79.5
898,36696,65.63,55.07806078006272,0.4834125120350676,0,18,8,100,71.15,54.76,70.2,73.33,67.87,55.47,65.48,66.8
899,35890,65.31,52.72054674913685,0.582713016735574,0,20,8,100,64.71,68.49,72.31,61.18,59.82,59.96,63.76,72.24
900,34681,60.16,54.40484457288216,0.4325608004675473,0,23,8,100,48.8,61.94,53.83,65.1,56.06,58.95,66.81,69.76
901,35890,64.02,53.80740624836515,0.4417159422536171,0,20,8,100,58.6,59.0,69.78,65.77,68.43,68.63,65.89,56.08
902,36293,59.69,53.825646594513145,0.4354175057622292,0,19,8,100,56.03,62.45,60.8,55.03,66.86,58.27,57.52,60.59
903,34681,57.2,53.95760773640627,0.4875793268535027,0,23,8,100,51.19,54.43,53.31,45.83,64.53,61.17,67.49,59.61
904,38308,59.32,54.335059344034974,0.5724601805160445,0,14,8,100,60.67,54.74,57.11,64.52,60.7,59.14,60.16,57.5
905,33875,60.35,56.21449564162669,0.3737951511113065,0,25,8,100,54.0,59.54,57.6,60.92,61.03,63.95,67.85,57.9
906,34278,60.75,55.025814892272685,0.5461193207155761,0,24,8,100,61.94,69.14,66.36,54.85,60.94,56.89,59.57,56.28
907,33875,65.24,55.16554714869744,0.4434979339184647,0,25,8,100,57.0,70.61,62.4,72.77,58.72,61.48,69.01,69.93
908,35890,62.64,54.07731048777668,0.4442975606842904,0,20,8,100,66.5,61.42,54.74,65.54,59.9,65.7,55.89,71.47
909,37099,65.96,54.7912919650807,0.4573388075495394,0,17,8,100,70.31,60.05,67.73,70.62,59.62,62.44,73.11,63.8
910,35487,69.1,53.63569474037089,0.4867592352105571,0,21,8,100,77.23,61.72,66.98,78.38,69.72,60.12,64.62,74.03
911,37099,66.09,54.45738770797104,0.4643400817128548,0,17,8,100,59.24,67.07,63.66,61.38,75.49,60.2,68.7,72.97
912,33875,63.52,55.51096524216196,0.5666171588585598,0,25,8,100,67.42,69.43,60.65,57.48,69.71,60.43,55.26,67.74
913,37099,58.82,54.484927224742606,0.4393309394593884,0,17,8,100,58.29,52.42,58.69,50.53,69.31,64.61,54.64,62.1
914,36696,58.94,53.84009529931515,0.4531523153611929,0,18,8,100,63.11,55.86,61.41,50.18,56.83,55.91,68.27,59.95
915,39517,60.81,54.02033107181068,0.390898512371622,0,11,8,100,75.75,66.9,59.42,52.51,55.98,61.09,54.86,59.98
916,36696,61.08,54.14384194041842,0.4899230506129307,0,18,8,100,57.86,55.74,69.24,60.76,54.11,68.04,61.58,61.34
917,37502,56.16,54.14823616443903,0.443959074667098,0,16,8,100,58.1,51.39,50.22,55.84,65.7,52.69,64.57,50.75
918,34278,64.17,55.48433674944644,0.4665216585851511,0,24,8,100,66.67,73.98,59.66,65.01,70.43,59.59,55.79,62.19
919,35890,72.45,54.43762421562016,0.478327031376041,0,20,8,100,75.36,65.54,69.78,81.85,66.59,76.4,64.05,80.0
920,35084,69.03,53.27339537101448,0.4216311964315822,0,22,8,100,76.77,57.32,67.94,71.29,71.04,76.97,65.86,65.01
921,36696,69.87,52.776633506762174,0.5071868387095372,0,18,8,100,72.48,71.98,60.36,79.11,77.88,69.18,66.15,61.79
922,37502,58.71,54.497985779124406,0.4278839569772198,0,16,8,100,52.59,58.94,54.76,56.53,56.88,66.94,58.26,64.77
923,39114,60.6,53.55701815682234,0.4823821403673087,0,12,8,100,54.18,59.96,68.39,64.16,56.23,66.18,52.25,63.43
924,38308,59.4,54.21586791884108,0.5429108569078657,0,14,8,100,60.84,52.25,61.12,54.42,67.55,56.77,55.33,66.95
925,41166,54.05,55.38264894984253,0.4571540042122294,1,13,8,100,57.59,56.7,53.97,52.2,56.07,51.15,48.99,55.72
926,36293,55.82,53.90323739167472,0.423270461809425,0,19,8,100,50.26,58.18,50.45,55.39,59.14,54.23,55.48,63.45
927,36293,65.33,54.17037881762319,0.455895695292863,0,19,8,100,59.18,63.17,69.48,59.51,60.92,67.24,73.08,70.05
928,37099,53.22,53.95334659521889,0.5242664809498372,0,17,8,100,54.52,53.42,55.4,52.39,55.44,55.9,53.22,45.51
929,35084,58.77,53.466780731768615,0.4627196772138306,0,22,8,100,55.72,49.58,65.33,54.16,61.44,53.53,65.2,65.23
930,33875,60.63,54.34847442379798,0.5381270391175466,0,25,8,100,65.82,64.7,59.74,62.61,58.6,55.94,54.32,63.28
931,35084,63.38,53.44982642148311,0.5206292349023594,0,22,8,100,71.19,57.04,66.84,53.42,71.29,58.52,62.04,66.73
932,39114,65.37,54.10829378881428,0.4661132016179546,0,12,8,100,77.97,59.54,62.93,54.18,68.52,70.7,64.61,64.52
933,35487,62.41,54.856336419045086,0.457548559740311,0,21,8,100,64.27,52.46,52.54,70.2,66.52,60.85,74.27,58.14
934,38308,63.25,53.18695557474436,0.4362110994241587,0,14,8,100,62.95,71.87,62.56,70.51,56.12,68.17,58.63,55.22
935,33875,47.02,54.97172734282595,0.4083427971010014,0,25,8,100,45.46,42.49,46.48,51.78,45.31,44.76,48.04,51.86
936,38711,64.2,53.44707132845736,0.5253620611965981,0,13,8,100,65.21,65.67,61.44,58.05,57.74,66.11,71.05,68.3
937,38308,66.56,53.72134380164528,0.4615708391904822,0,14,8,100,61.03,69.5,71.09,68.93,58.65,63.39,62.5,77.43
938,33875,79.69,55.00254079205892,0.4805144536806537,0,25,8,100,85.17,82.35,89.46,69.76,84.93,70.7,81.75,73.38
939,36293,66.91,55.02162274080107,0.5124226449997518,0,19,8,100,72.98,71.18,70.64,70.47,70.07,57.09,52.7,70.17
940,34681,62.36,53.37634218969615,0.4713149591701894,0,23,8,100,59.4,61.25,53.03,69.93,70.22,56.92,67.75,60.36
941,35084,69.07,53.46682402372064,0.4441094695992929,0,22,8,100,66.33,61.85,69.3,78.69,71.29,66.52,74.01,64.54
942,37905,47.21,53.32941731227656,0.4392850786288447,0,15,8,100,42.48,46.62,40.63,54.42,46.71,51.27,52.96,42.61
943,37502,64.35,53.8181296203944,0.4604717218299667,0,16,8,100,61.67,69.17,61.28,55.11,70.73,68.61,66.66,61.59
944,35487,63.87,53.991557810682245,0.4451404656533392,0,21,8,100,71.8,62.8,66.66,57.31,54.53,69.23,70.99,57.64
945,35487,60.91,53.71761549783456,0.5052613645051344,0,21,8,100,58.77,58.74,65.43,65.15,61.39,58.95,59.81,59.06
946,35487,48.46,55.53749793706336,0.435583961775232,0,21,8,100,50.19,45.52,43.58,49.89,49.12,43.02,53.58,52.77
947,38308,60.71,54.69740311177715,0.4544700910631338,0,14,8,100,66.7,58.81,59.69,56.45,58.96,62.54,60.3,62.21
948,37905,60.12,53.01959334294804,0.4580107790477335,0,15,8,100,66.5,58.67,62.15,53.54,61.9,59.4,58.07,60.73
949,37905,69.09,53.68363291933827,0.4855804334880209,0,15,8,100,77.06,70.7,61.69,68.77,65.01,57.76,72.51,79.21
950,36293,71.24,54.55426591344305,0.4719956776681592,0,19,8,100,69.98,62.93,69.16,67.3,69.89,79.2,77.72,73.72
951,35890,70.65,53.363972312326815,0.396508682213102,0,20,8,100,77.87,63.4,61.76,77.42,76.22,66.78,71.12,70.63
952,37502,58.0,54.652873151234495,0.4526977769908245,0,16,8,100,61.07,62.65,52.18,64.85,50.41,57.92,63.62,51.33
953,38711,56.2,53.75622392859864,0.3796228343394243,0,13,8,100,49.63,51.2,63.7,52.81,61.4,63.57,54.14,53.15
954,35084,67.74,54.246521775356925,0.3739962230448466,0,22,8,100,79.57,61.97,60.62,67.11,60.34,62.92,74.38,74.99
955,36293,64.59,54.07449496324541,0.4784400062651698,0,19,8,100,64.58,59.35,67.91,61.53,59.95,70.26,71.81,61.35
956,35890,60.13,53.530633286558455,0.4750746664902014,0,20,8,100,54.22,55.65,61.8,68.51,64.26,56.22,57.23,63.13
957,35487,58.28,53.485264387584586,0.4626827520058788,0,21,8,100,64.28,67.19,60.07,50.16,57.44,61.74,53.03,52.33
958,35084,72.41,54.22258621460043,0.3670596587147183,0,22,8,100,63.2,64.28,69.12,78.88,70.76,81.05,79.49,72.47
959,35487,60.39,54.27915474065031,0.4945890075874062,0,21,8,100,61.39,65.0,58.5,60.96,57.18,61.23,55.88,62.96
960,36696,72.53,53.99753731550099,0.3606319145722806,0,18,8,100,75.59,63.45,69.87,78.0,75.9,71.96,65.06,80.43
961,37502,61.55,52.168912892978106,0.469838255987239,0,16,8,100,56.29,64.46,65.99,55.28,67.93,68.83,57.95,55.67
962,38711,58.03,53.794097780332855,0.4067323771663191,0,13,8,100,58.72,56.39,62.55,54.75,51.68,70.62,50.37,59.15
963,36696,56.85,54.222309152393926,0.4092932671140762,0,18,8,100,57.88,58.16,47.84,66.48,64.46,59.48,51.18,49.34
964,35487,68.33,53.77801252908975,0.5215494183422625,0,21,8,100,60.37,65.47,75.83,76.15,64.17,73.48,66.59,64.59
965,39517,60.12,53.860181668852015,0.4574642104628901,0,11,8,100,54.37,58.63,61.55,54.45,69.92,53.01,63.77,65.25
966,35487,55.12,54.13467108349238,0.4801643443803384,0,21,8,100,57.24,56.95,50.28,50.62,54.86,61.1,55.75,54.19
967,35084,53.29,54.44756569351981,0.5381016133733769,0,22,8,100,46.07,51.12,53.43,60.0,56.83,47.0,52.81,59.04
968,38711,56.97,53.95905972720914,0.4622235756070994,0,13,8,100,55.3,59.08,49.4,58.73,54.49,54.26,55.41,69.12
969,38711,68.07,52.814339523382216,0.4312598444553651,0,13,8,100,57.76,67.99,63.06,72.0,68.87,71.69,76.43,66.76
970,35890,55.5,53.22328606969278,0.3441988935771445,0,20,8,100,57.62,50.18,65.95,53.34,53.65,53.12,54.64,55.48
971,34278,70.42,54.15572348494495,0.5101601660167175,0,24,8,100,77.54,68.66,65.53,60.78,62.41,74.47,74.48,79.51
972,38308,68.03,54.43010023889194,0.5177423072900359,0,14,8,100,70.53,73.7,60.85,75.65,71.49,69.14,64.57,58.3
973,35084,61.62,52.90015448706262,0.5319215300848898,0,22,8,100,65.66,54.13,60.22,60.31,63.11,64.47,59.19,65.9
974,37905,68.16,53.41439781175126,0.4708339667439644,0,15,8,100,77.18,66.56,60.32,59.96,64.48,76.99,73.82,65.98
975,38308,59.74,53.7878565253646,0.4410082328114126,0,14,8,100,54.72,60.17,59.29,47.59,60.26,64.78,64.43,66.65
976,37502,64.75,53.30430806581803,0.595709283179112,0,16,8,100,63.3,58.69,67.18,60.68,63.79,63.33,67.54,73.5
977,37905,65.18,53.66356997393261,0.4090934499425697,0,15,8,100,60.6,56.06,65.33,67.43,66.66,72.48,60.25,72.67
978,36293,60.89,53.83137249292042,0.4827697508805412,0,19,8,100,52.53,60.96,66.1,57.79,67.13,52.95,66.02,63.65
979,38308,71.0,53.95395735322641,0.4738626996642417,0,14,8,100,74.74,69.98,74.25,60.9,70.97,71.46,78.93,66.79
980,38308,59.19,52.87283686492374,0.5662270125415367,0,14,8,100,60.62,54.14,56.4,55.63,61.63,65.08,59.78,60.24
981,37099,69.2,54.91686067448378,0.5708581803155988,0,17,8,100,57.97,60.49,68.77,70.97,68.23,73.9,79.28,74.02
982,35084,60.32,53.69067143176729,0.4735905684416065,0,22,8,100,62.56,61.55,59.88,51.93,63.43,56.75,64.25,62.22
983,33875,62.32,54.090382584506514,0.4692099867225897,0,25,8,100,65.8,56.33,71.14,58.12,60.59,62.52,64.59,59.49
984,35487,66.96,54.58399198730839,0.6008865714527083,0,21,8,100,69.61,60.21,71.17,64.14,64.94,71.43,72.34,61.82
985,37099,62.14,55.08308266306401,0.4108930574699131,0,17,8,100,60.04,59.09,63.96,59.44,63.62,72.55,52.7,65.76
986,36696,54.26,53.00756379698978,0.4526778712754727,0,18,8,100,55.31,55.12,55.46,49.79,58.82,53.16,48.4,58.01
987,36696,53.18,55.60632957188111,0.4313756230283871,0,18,8,100,55.45,52.68,55.0,52.93,49.9,51.13,53.3,55.04
988,35890,66.78,55.40917627656,0.4443308443686427,0,20,8,100,67.16,65.16,71.29,62.38,66.95,57.51,77.0,66.75
989,33875,71.63,53.9790210462098,0.4563348815805981,0,25,8,100,78.1,68.81,72.38,71.65,76.79,61.85,75.48,67.98
990,34681,61.8,55.39485164681634,0.5279835557691794,0,23,8,100,72.01,63.12,59.09,57.16,65.16,62.24,56.09,59.53
991,35487,61.29,53.949494469421,0.3695440271959681,0,21,8,100,63.89,68.29,61.0,67.68,50.47,68.9,54.97,55.14
992,36696,67.76,54.34010181812143,0.4624620811628952,0,18,8,100,71.08,64.94,74.45,61.38,63.49,70.22,65.84,70.66
993,35890,67.21,54.79276347793492,0.4085353822507547,0,20,8,100,76.83,68.49,58.69,67.02,73.95,75.2,58.05,59.49
994,35487,75.97,53.83999655908178,0.4857811338124762,0,21,8,100,80.24,77.96,67.07,73.87,79.26,76.48,78.52,74.39
995,36696,66.44,52.65363705417111,0.494495643499532,0,18,8,100,71.82,64.68,69.94,68.67,67.69,63.5,65.79,59.4
996,36696,60.37,53.00673573585943,0.4712270779128247,0,18,8,100,62.45,57.49,66.64,64.67,52.48,61.48,64.25,53.48
997,37502,60.79,55.303361233849465,0.4265028506470188,0,16,8,100,59.99,52.35,61.55,62.54,65.14,52.6,62.65,69.49
998,38308,69.29,52.791034398712725,0.5306437244585812,0,14,8,100,72.81,66.25,77.58,68.96,64.68,64.6,67.04,72.37
999,33875,78.71,53.80908952430882,0.4363931651782388,0,25,8,100,77.09,74.84,83.29,82.57,87.26,70.08,81.6,72.93
1000,35487,64.92,54.03217844258623,0.4056848898267755,0,21,8,100,60.7,69.37,68.3,60.52,58.89,66.35,65.82,69.44
1001,38711,70.92,53.72806477014535,0.4522848254438394,0,13,8,100,73.33,79.94,73.7,76.53,62.59,62.28,67.97,71.02
1002,35890,66.6,55.66422843199464,0.5001831383230473,0,20,8,100,73.19,77.09,61.3,64.25,62.26,63.18,63.25,68.29
1003,35890,61.13,55.57574894575881,0.4431292265575854,0,20,8,100,61.96,55.11,59.44,55.13,62.57,69.22,60.49,65.13
1004,37099,61.76,54.352952761690695,0.4069644085340923,0,17,8,100,64.61,56.97,57.01,68.75,60.5,67.01,56.07,63.13
1005,37905,72.69,54.52845606164193,0.4408944839943674,0,15,8,100,74.17,80.52,69.97,67.63,67.87,63.75,72.01,85.58
1006,35487,70.22,54.85778582965152,0.4469042054576277,0,21,8,100,62.82,72.85,72.95,77.06,64.91,77.34,65.04,68.81
1007,37905,61.12,54.05704645970451,0.4069334794497614,0,15,8,100,57.66,48.43,59.83,56.03,66.45,67.17,67.22,66.18
1008,39920,53.66,54.324824935251904,0.5153172032370973,0,10,8,100,47.46,54.76,52.27,54.22,51.4,55.25,61.15,52.74
1009,37099,61.64,53.74556029835497,0.3780734078838015,0,17,8,100,72.52,54.45,62.71,53.93,63.32,57.07,67.08,62.06
1010,36293,71.85,54.11534828623339,0.4387753909426937,0,19,8,100,63.17,65.2,80.73,81.14,66.2,72.62,70.15,75.59
1011,37099,57.41,54.95588493993724,0.4078264992025943,0,17,8,100,58.77,57.05,56.46,58.05,50.06,65.93,48.47,64.49
1012,38308,66.68,54.29205787172644,0.5630857879080627,0,14,8,100,58.39,72.84,68.94,63.59,64.64,70.64,75.32,59.06
1013,35890,58.91,53.779235827407696,0.3764447938661135,0,20,8,100,66.06,52.45,55.4,56.58,66.58,60.09,63.48,50.62
1014,36293,66.4,54.39734554107853,0.5452131489738429,0,19,8,100,56.63,71.61,68.74,58.85,72.14,71.27,64.78,67.14
1015,35487,49.9,54.07338972138916,0.4735599695187018,0,21,8,100,42.16,42.67,57.05,52.62,50.38,51.17,53.46,49.69
1016,37502,60.77,54.23945314106376,0.4534842288114289,0,16,8,100,65.6,63.35,57.73,65.29,61.19,57.17,58.1,57.75
1017,38711,59.23,54.44419898852566,0.4360760061773528,0,13,8,100,51.22,56.03,60.17,61.68,69.37,65.33,57.7,52.35
1018,37099,57.2,55.58669596435836,0.4255357561879834,0,17,8,100,53.68,58.31,49.51,56.84,60.89,64.92,61.19,52.26
1019,36696,63.9,54.77589871598543,0.4947262569417748,0,18,8,100,63.03,60.59,72.27,75.5,57.29,60.45,59.36,62.72
1020,36293,49.12,53.974033964500855,0.4372582046166101,0,19,8,100,42.99,49.54,47.59,51.6,50.81,47.09,51.65,51.69
1021,34681,60.24,53.46130685647034,0.4347721358543254,0,23,8,100,56.49,70.43,55.43,54.14,67.93,63.77,54.16,59.54
1022,35084,62.26,53.96285715843556,0.4170162206701455,0,22,8,100,60.52,61.41,64.01,59.95,52.13,65.79,65.26,68.98
1023,34681,66.65,53.13970778158913,0.4975488662798065,0,23,8,100,58.0,72.48,65.64,61.57,71.97,70.55,59.99,72.98
1024,35084,65.08,54.97716985081637,0.5053728036555747,0,22,8,100,71.7,61.4,61.23,73.05,67.03,65.43,61.25,59.59
1025,37905,57.71,54.47856194509876,0.5692805143308898,0,15,8,100,50.86,54.55,60.6,63.03,60.47,60.24,58.86,53.09
1026,36696,61.19,54.17598499844535,0.3646921995591055,0,18,8,100,54.97,62.35,66.62,61.74,58.18,66.3,54.21,65.12
1027,35487,57.42,53.46009814998238,0.4407821261674114,0,21,8,100,53.79,56.87,64.71,63.35,52.47,51.58,59.97,56.61
1028,37099,67.26,53.96092450665712,0.5170840485241026,0,17,8,100,61.45,68.92,70.09,63.44,67.88,56.76,76.92,72.66
1029,35487,65.84,54.48672082897261,0.4769209521394842,0,21,8,100,69.1,61.45,63.1,59.42,68.97,65.3,74.29,65.06
1030,37905,63.59,53.533261724437146,0.5182083067806798,0,15,8,100,71.05,57.72,61.18,70.52,67.03,52.7,58.98,69.51
1031,35487,56.23,54.686306533539614,0.4385422276505371,0,21,8,100,50.47,53.15,64.52,65.81,63.46,49.37,50.83,52.22
1032,34278,69.1,55.77997221689285,0.4721528952674659,0,24,8,100,65.42,73.16,72.59,57.82,70.93,67.6,70.33,74.95
1033,36293,62.44,55.580872471004696,0.4526166986489255,0,19,8,100,54.63,61.4,66.22,62.45,58.52,66.47,60.28,69.56
1034,35487,68.73,54.32992383375124,0.501382014523764,0,21,8,100,66.33,74.65,60.18,69.28,77.78,66.04,59.69,75.85
1035,36293,63.78,55.01065494351202,0.4167778171298217,0,19,8,100,55.18,65.21,66.89,57.84,69.87,56.21,73.68,65.32
1036,36696,60.88,55.01180213315735,0.4007816589109756,0,18,8,100,59.8,64.11,65.05,63.43,54.59,56.62,57.59,65.87
1037,37502,63.1,52.86504973901334,0.4606933991509389,0,16,8,100,64.05,67.74,62.27,64.91,64.57,64.25,62.77,54.27
1038,35487,69.41,54.93634316297245,0.4553873695563349,0,21,8,100,61.81,71.09,69.85,76.86,67.54,69.95,60.27,77.91
1039,38711,59.57,53.11138875797784,0.4433422532617142,0,13,8,100,53.33,58.73,53.01,59.97,61.97,66.91,58.07,64.59
1040,37905,69.73,53.95440712431408,0.4942339415624363,0,15,8,100,65.8,73.87,67.11,80.21,66.04,63.92,79.54,61.34
1041,34681,61.64,56.08266140370556,0.5208312167552758,0,23,8,100,63.15,53.21,55.91,67.39,53.23,65.55,69.0,65.67
1042,37502,69.38,54.57852250746807,0.4025108322580586,0,16,8,100,77.02,78.65,78.19,70.91,71.97,58.99,61.13,58.17
1043,36696,67.61,54.087435905151736,0.3824046827886073,0,18,8,100,75.42,59.55,67.01,71.83,60.76,64.1,69.72,72.52
1044,35487,66.22,54.32814408147984,0.4687841931663079,0,21,8,100,61.03,57.56,62.1,68.79,72.26,62.34,71.49,74.18
1045,36696,68.18,53.79996823841444,0.4217085437016111,0,18,8,100,74.51,73.06,71.2,70.97,56.5,57.38,72.01,69.82
1046,33875,59.88,54.78835232229106,0.3846780965792605,0,25,8,100,53.91,56.34,63.79,51.85,68.59,64.4,64.66,55.54
1047,33875,74.87,53.77806388121834,0.4289599291805291,0,25,8,100,74.32,80.27,81.1,78.7,76.42,70.25,63.81,74.12
1048,37905,58.86,54.38830120721216,0.3722110109132406,0,15,8,100,56.53,50.79,57.93,57.8,60.52,60.12,64.08,63.09
1049,36293,62.52,54.67906889046621,0.4919449019453403,0,19,8,100,53.86,51.3,59.44,68.29,68.38,68.97,68.51,61.39
1050,36293,61.66,54.45338682045655,0.442896569507347,0,19,8,100,74.13,60.73,58.1,51.94,63.26,59.07,54.54,71.51
1051,36696,69.18,54.16453489067915,0.4715305594128076,0,18,8,100,62.96,71.62,72.25,78.73,58.14,67.97,74.94,66.85
1052,40726,71.37,55.113656641669806,0.5054381598387312,0,8,8,100,74.13,65.5,75.74,69.48,67.69,73.43,74.82,70.15
1053,36696,67.06,52.977462572907214,0.4463092051473015,0,18,8,100,72.48,68.1,66.26,61.16,68.5,64.94,70.27,64.74
1054,36696,58.57,54.815229913028425,0.3976900606534502,0,18,8,100,63.95,52.37,61.16,56.1,67.51,56.53,53.97,56.99
1055,37502,73.17,54.43707848353547,0.4581396817051675,0,16,8,100,61.9,79.21,68.33,63.11,76.54,78.51,74.79,82.97
1056,36696,54.3,54.01027450555793,0.369700074926299,0,18,8,100,54.46,53.79,52.69,55.37,54.87,54.8,53.83,54.6
1057,35487,65.04,55.09437145390092,0.4511569456783942,0,21,8,100,72.4,68.96,63.54,66.44,63.68,62.37,58.85,64.08
1058,35890,63.26,54.58129903343141,0.3988879654221461,0,20,8,100,67.18,57.24,57.78,74.9,60.27,54.97,72.12,61.58
1059,36696,62.28,55.565877479235866,0.4821029098112079,0,18,8,100,58.44,69.56,69.49,72.9,54.92,58.95,52.27,61.7
1060,36696,59.04,54.84783834931197,0.3606998710284691,0,18,8,100,65.04,59.59,52.5,65.56,56.94,65.71,52.29,54.7
1061,33875,59.24,54.74225387059416,0.4538356305585202,0,25,8,100,56.96,59.39,49.24,69.26,61.7,60.46,53.37,63.58
1062,39114,68.84,55.69573715323636,0.4335833304124752,0,12,8,100,69.77,69.09,71.46,77.26,67.76,65.8,68.18,61.37
1063,36696,60.34,54.07577608819614,0.5325477622749257,0,18,8,100,68.28,64.05,62.37,62.38,50.52,57.79,55.79,61.57
1064,37099,47.8,54.58123400228588,0.4092158937818931,0,17,8,100,46.18,54.05,47.89,47.95,48.63,47.63,44.26,45.79
1065,36696,66.33,55.54772242412712,0.5281682131678278,0,18,8,100,66.98,72.66,62.05,62.11,64.91,80.38,61.66,59.88
1066,36293,47.97,53.96461947179039,0.4753514275069254,0,19,8,100,42.93,41.02,44.91,48.54,54.45,53.49,51.96,46.46
1067,37502,64.94,54.35339924644091,0.4306386740321959,0,16,8,100,76.91,69.74,64.16,58.08,73.69,58.38,57.44,61.13
1068,39920,66.95,54.42141188557252,0.4646495848793542,0,10,8,100,74.07,62.94,60.91,63.04,67.74,68.52,73.26,65.09
1069,35890,62.34,54.95304976891868,0.3835532840487323,0,20,8,100,66.54,70.21,64.98,60.56,58.73,56.13,54.11,67.49
1070,37099,68.14,54.55403310402154,0.4733656921305813,0,17,8,100,74.28,59.43,72.52,61.49,65.31,76.02,69.1,66.99
1071,38711,62.63,53.328525914152486,0.4316510977824846,0,13,8,100,57.5,61.57,64.71,54.5,64.82,71.67,59.07,67.23
1072,37502,65.82,53.94337471728746,0.433282862890235,0,16,8,100,57.72,60.69,68.95,70.7,75.49,66.09,65.18,61.72
1073,37099,68.11,54.55087669502813,0.3750750030529055,0,17,8,100,67.4,61.66,67.36,69.68,79.19,62.48,75.92,61.18
1074,37905,63.02,54.853873599960274,0.426560922405635,0,15,8,100,65.59,58.98,61.55,66.81,55.92,61.44,69.12,64.78
1075,35487,66.68,55.25780883185632,0.3373581770779642,0,21,8,100,77.75,59.28,66.52,58.11,63.25,71.98,71.27,65.3
1076,36696,69.38,54.476152009350834,0.4702707655400852,0,18,8,100,73.0,71.84,78.85,59.81,76.57,57.55,77.33,60.09
1077,37905,58.48,54.41219948160286,0.4710212173936876,0,15,8,100,55.94,56.61,57.33,65.76,58.93,54.87,53.81,64.58
1078,37502,66.91,55.038868484905805,0.4861264672963518,0,16,8,100,67.45,65.43,70.1,79.78,58.32,65.29,68.55,60.39
1079,37905,63.54,55.386085976306056,0.4866540858238323,0,15,8,100,59.69,64.65,66.82,59.51,55.09,67.18,67.35,68.01
1080,35890,60.9,54.51340224215656,0.4576473941236989,0,20,8,100,67.18,57.21,64.89,52.51,62.35,66.72,62.47,53.91
1081,37905,67.51,54.12042221981143,0.4621503851377311,0,15,8,100,68.85,74.64,56.12,57.1,63.78,70.21,72.18,77.23
1082,37099,61.14,55.7842403120879,0.4477771835635441,0,17,8,100,53.93,59.28,56.39,53.0,66.1,69.48,59.15,71.83
1083,37502,66.16,54.01331197861719,0.3532215778112222,0,16,8,100,60.97,57.67,73.56,69.49,60.73,66.63,69.14,71.12
1084,37099,57.01,55.38117883906271,0.3977127010147314,0,17,8,100,56.3,59.26,64.17,51.48,62.49,49.98,60.1,52.28
1085,37099,74.17,54.69800345451577,0.4282567590730118,0,17,8,100,58.94,71.5,80.76,78.79,72.07,80.33,78.14,72.85
1086,37502,64.03,54.48789889716704,0.4208164473978718,0,16,8,100,70.07,63.91,72.04,59.44,59.99,61.62,62.25,62.94
1087,38308,72.18,55.10563704635212,0.5025169763397824,0,14,8,100,78.44,76.86,70.0,65.25,79.44,70.09,78.31,59.03
1088,36696,50.81,55.12650898798798,0.3808219467327847,0,18,8,100,45.31,54.38,45.99,50.0,51.08,53.68,56.25,49.81
1089,35487,66.9,53.54736689002908,0.4636983224491695,0,21,8,100,64.64,67.89,67.18,61.1,62.12,75.26,69.1,67.88
1090,39114,59.73,54.288430877660176,0.5000532164401873,0,12,8,100,59.78,58.74,52.66,62.63,62.44,51.49,62.54,67.53
1091,36293,79.46,54.72011892709311,0.4133432254222232,0,19,8,100,68.53,76.44,76.01,88.06,80.71,75.77,84.81,85.35
1092,34278,63.2,55.00538772911904,0.373684600030117,0,24,8,100,63.67,57.72,66.64,68.87,63.26,56.16,64.35,64.97
1093,36696,70.76,55.26262299861044,0.4072180958171982,0,18,8,100,73.34,76.19,67.74,63.42,73.27,65.86,71.2,75.06
1094,39517,63.84,54.236497094823285,0.5047364892478063,0,11,8,100,71.58,69.87,72.1,65.35,61.7,62.82,52.78,54.49
1095,38711,64.66,53.59186249161765,0.3971232377140092,0,13,8,100,62.67,65.74,59.52,67.03,57.96,67.57,60.42,76.35
1096,36696,71.61,54.906946168322726,0.4687634739154402,0,18,8,100,73.4,69.56,64.86,77.13,72.63,75.75,77.4,62.18
1097,36293,66.67,53.56283834892015,0.394972394167616,0,19,8,100,67.99,74.93,66.04,63.21,71.91,64.31,62.32,62.68
1098,38308,63.12,54.0553945843044,0.5145520880300014,0,14,8,100,62.24,64.6,56.84,55.9,66.39,71.04,62.05,65.92
1099,38308,65.31,54.38313785543875,0.483481384272665,0,14,8,100,56.88,65.66,73.4,65.76,66.92,59.53,60.89,73.45
1100,35084,61.7,54.59906193158292,0.510662165284577,0,22,8,100,67.31,59.73,61.8,55.28,58.16,61.29,67.99,62.03
1101,39114,63.5,56.58805059986229,0.4765199842912888,0,12,8,100,58.65,55.76,74.37,65.16,61.96,70.55,59.06,62.48
1102,38711,62.57,53.93303226780173,0.4587796260436373,0,13,8,100,57.15,73.45,58.23,56.53,60.13,57.05,67.94,70.04
1103,34278,54.89,55.06712601152991,0.3743770743342161,0,24,8,100,54.52,61.05,50.91,57.89,56.32,60.3,53.48,44.68
1104,38711,71.94,53.9732243133543,0.4754263412879467,0,13,8,100,69.41,75.04,69.94,76.01,61.32,77.31,71.45,75.08
1105,35487,71.94,53.64258054722946,0.428084375573411,0,21,8,100,68.73,73.22,75.68,83.62,66.87,66.08,63.32,78.0
1106,37905,65.12,54.91990417807892,0.3615346243663735,0,15,8,100,63.12,58.37,59.15,67.6,71.02,76.14,63.13,62.44
1107,35890,67.26,53.647275675179976,0.4502197947428428,0,20,8,100,72.68,67.85,70.43,63.86,62.5,60.37,68.54,71.84
1108,38711,61.72,54.90651715390813,0.4153803936411462,0,13,8,100,58.31,65.85,64.32,56.02,71.28,59.9,65.89,52.2
1109,39114,66.23,53.27642797868889,0.5150114913542795,0,12,8,100,73.83,70.88,63.56,69.12,66.34,59.26,57.32,69.55
1110,38308,57.83,54.81618504193215,0.4560874647013972,0,14,8,100,61.35,52.87,58.8,59.48,53.76,54.42,59.4,62.57
1111,38308,67.24,54.865498219034514,0.4821854558015691,0,14,8,100,62.29,68.04,64.09,76.46,71.38,68.09,69.89,57.65
1112,36293,63.08,53.77101419033002,0.3795162834048519,0,19,8,100,66.25,69.83,56.52,55.56,62.07,58.54,70.54,65.33
1113,37502,56.4,55.53303045967163,0.4708071988542148,0,16,8,100,48.47,54.64,60.38,64.88,59.98,50.37,60.75,51.76
1114,38308,59.55,55.093770348439065,0.3593715374668007,0,14,8,100,54.1,62.28,53.93,63.15,53.21,66.06,70.26,53.4
1115,36696,70.2,53.67692140707989,0.3368885169477114,0,18,8,100,69.71,74.47,71.74,68.56,71.65,72.31,64.3,68.88
1116,36293,60.01,55.06447763505691,0.441435734723405,0,19,8,100,63.17,62.24,67.22,63.98,59.71,56.73,54.97,52.03
1117,36696,58.72,52.83278431371364,0.4459575410425359,0,18,8,100,64.78,52.23,58.86,54.14,56.3,53.56,64.4,65.5
1118,39114,75.07,55.1687070343131,0.4323884623066406,0,12,8,100,77.85,69.37,69.81,71.81,72.72,85.6,83.58,69.85
1119,37905,53.73,54.28040551413553,0.4489212052369267,0,15,8,100,49.26,50.97,62.71,56.86,53.82,48.58,48.1,59.53
1120,39517,66.09,57.06672343379436,0.4919916914750834,0,11,8,100,75.46,62.33,61.78,58.34,74.86,58.0,62.54,75.43
1121,37502,64.47,54.28494212230333,0.4352485637735211,0,16,8,100,58.46,65.95,74.35,62.6,67.66,57.42,58.92,70.43
1122,35084,64.67,54.48536050653939,0.4796115903666522,0,22,8,100,70.29,62.68,64.7,53.01,70.59,66.94,68.39,60.74
1123,36293,65.8,54.050886336365295,0.4871197956445635,0,19,8,100,55.86,69.2,61.04,70.84,70.94,73.16,69.98,55.36
1124,35084,54.51,54.74814144878427,0.5099338547625061,0,22,8,100,60.06,48.84,55.56,54.98,52.46,60.42,48.99,54.75
1125,36293,61.71,52.81874653425347,0.4298992058814277,0,19,8,100,53.67,65.12,61.6,53.23,63.96,59.33,68.46,68.35
1126,37905,67.16,54.53166575707511,0.4029454218141793,0,15,8,100,69.46,66.63,76.48,65.58,57.82,56.02,65.8,79.52
1127,39114,60.45,54.7175414028867,0.4512368851753608,0,12,8,100,59.7,66.37,59.27,68.4,57.24,58.17,61.94,52.5
1128,37099,59.13,53.843308447096845,0.401780239309473,0,17,8,100,67.78,51.54,55.29,57.7,59.24,59.07,65.27,57.13
1129,38308,73.2,54.79419394918041,0.3662820945386418,0,14,8,100,67.66,77.25,69.16,66.18,71.2,79.12,78.25,76.78
1130,40726,69.45,53.99207722604855,0.4211069798635708,0,8,8,100,63.9,67.63,71.7,82.42,71.35,64.58,66.17,67.85
1131,37905,69.84,55.13664037361983,0.2788938196527495,0,15,8,100,57.65,74.48,72.79,75.2,65.93,68.2,70.52,73.93
1132,39517,65.5,52.96611791281797,0.4400608455930546,0,11,8,100,70.02,75.55,68.65,62.13,59.59,63.4,65.4,59.24
1133,39517,70.24,54.73868305077292,0.4463288766440264,0,11,8,100,59.46,83.22,78.1,70.4,57.82,70.83,69.92,72.16
1134,36293,61.03,53.63188979884477,0.4470910536180318,0,19,8,100,62.91,64.08,54.14,65.99,62.28,52.96,72.07,53.81
1135,35890,60.16,54.51144715937684,0.4219288023969756,0,20,8,100,57.53,66.74,68.29,59.84,50.71,53.56,54.31,70.28
1136,39114,64.32,54.14309941649597,0.4898132355359663,0,12,8,100,62.49,76.46,59.16,68.31,59.5,62.11,63.61,62.95
1137,37502,71.33,55.175351421010575,0.5373985859855819,0,16,8,100,75.11,63.84,64.15,71.15,78.75,78.48,73.43,65.71
1138,39114,60.5,54.56430678724464,0.4672717686549515,0,12,8,100,64.42,61.76,64.66,60.45,54.22,60.73,57.2,60.56
1139,37905,61.02,54.135927596810006,0.3484260410661306,0,15,8,100,64.08,56.13,55.17,60.74,52.83,66.6,67.03,65.56
1140,37099,63.0,54.88233586294381,0.448916167834184,0,17,8,100,54.55,58.7,65.65,65.67,67.73,58.12,63.92,69.64
1141,43584,60.55,54.82121500428597,0.4118473162672024,1,7,8,100,56.49,62.55,53.34,67.82,57.29,66.67,54.81,65.4
1142,36293,70.52,54.52192434257409,0.3244412289174084,0,19,8,100,64.93,70.81,70.8,78.51,64.13,75.14,81.6,58.22
1143,38711,72.23,54.59137259691165,0.3944165657441473,0,13,8,100,63.47,82.59,67.78,63.75,65.13,69.55,79.01,86.56
1144,39517,65.26,54.6477586829275,0.3598237021955057,0,11,8,100,64.55,71.82,61.7,59.07,72.74,58.36,65.32,68.48
1145,38308,69.09,55.25858114858763,0.4016432298159936,0,14,8,100,77.01,72.06,74.92,67.12,76.7,55.25,65.57,64.06
1146,38308,64.2,54.279381517019424,0.4114501225702736,0,14,8,100,63.64,56.64,70.77,56.47,70.77,67.93,59.43,67.98
1147,37502,75.38,54.09924469824253,0.3725669154091388,0,16,8,100,73.92,85.17,77.14,80.31,66.4,63.94,73.49,82.66
1148,36696,70.24,53.809149137574224,0.4570050545749356,0,18,8,100,77.36,66.1,71.96,63.45,76.69,61.39,76.03,68.92
1149,38308,64.24,54.67365690754293,0.438719185632412,0,14,8,100,62.22,72.59,67.26,64.91,73.13,62.04,54.96,56.83
1150,42627,61.09,54.07513713666284,0.4135179598060212,2,11,8,100,56.82,71.26,55.97,64.22,57.29,63.43,65.3,54.44
1151,36293,67.04,53.628999308203845,0.4810372404277863,0,19,8,100,59.14,74.82,70.37,70.38,66.73,55.36,66.24,73.25
1152,35487,65.02,55.32389026969656,0.4095336967765843,0,21,8,100,64.42,64.97,59.7,75.76,61.22,68.5,57.59,67.97
1153,37099,75.02,54.50997201045834,0.4239617665054697,0,17,8,100,67.13,76.95,74.11,75.18,80.75,66.85,83.53,75.67
1154,39517,67.69,54.94574579659118,0.4596049049665515,0,11,8,100,73.65,59.65,57.31,61.72,73.37,73.68,75.24,66.92
1155,33875,66.01,54.49860592865411,0.4522935403667528,0,25,8,100,69.37,67.33,68.53,64.78,64.36,59.96,67.86,65.91
1156,35084,63.8,55.54747100183285,0.449190921825794,0,22,8,100,60.14,64.86,67.34,64.1,51.08,72.83,68.48,61.56
1157,39517,75.06,55.17713322238143,0.4298739686325635,0,11,8,100,67.22,78.96,75.21,80.62,81.64,65.43,73.18,78.22
1158,36293,62.5,53.612533438158245,0.412662688970271,0,19,8,100,67.22,67.6,57.15,61.39,61.26,53.96,63.96,67.5
1159,38711,70.25,55.02776334112775,0.3899905678352167,0,13,8,100,80.78,76.92,56.87,63.86,74.36,72.63,69.7,66.91
1160,39517,55.02,54.83804192781671,0.4326465771739287,0,11,8,100,57.82,51.84,53.85,43.4,59.35,64.16,57.27,52.48
1161,36293,62.18,54.793951885596336,0.4514341975438413,0,19,8,100,60.21,56.29,62.94,69.51,70.31,61.5,57.0,59.69
1162,41972,68.45,54.39280096194162,0.3866719105195703,1,11,8,100,69.24,67.55,57.49,72.6,73.83,78.12,62.79,66.01
1163,39517,58.44,54.025163986883925,0.4960040292975076,0,11,8,100,51.33,64.04,65.48,54.36,57.42,63.75,54.64,56.51
1164,36696,67.71,54.54578342812168,0.409603904055849,0,18,8,100,69.92,73.63,54.77,66.57,72.6,72.88,65.95,65.37
1165,37502,63.16,54.34682622658577,0.4903720523538213,0,16,8,100,54.78,69.22,67.85,64.32,58.78,60.21,63.14,67.01
1166,37099,60.86,55.344409954008974,0.4337526458986185,0,17,8,100,69.26,56.18,54.52,53.78,58.05,68.88,65.37,60.84
1167,37905,66.45,53.62207436804446,0.3408558291166,0,15,8,100,71.89,69.41,65.99,65.31,75.69,67.36,55.43,60.5
1168,37502,63.17,53.98747320706721,0.4093757197886932,0,16,8,100,58.8,59.39,72.23,58.7,68.41,58.63,68.88,60.3
1169,37502,54.22,53.87070045256316,0.431307441073503,0,16,8,100,58.71,57.0,49.61,57.01,49.19,60.54,53.42,48.26
1170,39920,60.43,54.87331762041648,0.3859040912994024,0,10,8,100,61.88,67.26,52.02,67.51,66.31,57.2,54.71,56.53
1171,39114,60.52,55.09676772123115,0.5069547830857312,0,12,8,100,61.17,62.42,62.12,58.6,61.51,69.09,56.56,52.72
1172,36696,62.9,54.42115050758501,0.4771081893018935,0,18,8,100,60.3,60.52,69.74,57.18,69.31,59.65,56.19,70.29
1173,36293,64.88,53.71277361368363,0.3649776182324946,0,19,8,100,68.73,63.68,59.73,59.37,65.09,57.99,67.07,77.41
1174,38308,60.46,52.8048193639449,0.3535044629772254,0,14,8,100,60.15,53.44,70.33,56.39,67.66,57.57,56.52,61.61
1175,37502,57.04,55.34383487657965,0.3899542070145984,0,16,8,100,53.28,56.73,62.19,55.18,50.86,60.86,57.44,59.82
1176,37502,65.64,54.8847883439348,0.4387282046372263,0,16,8,100,65.98,64.98,66.48,69.17,59.49,51.24,70.76,77.03
1177,38711,64.47,55.08891494103403,0.3975156362926635,0,13,8,100,63.53,67.24,68.1,65.82,71.2,58.55,64.92,56.39
1178,39114,55.39,55.22246381820146,0.4856269932142179,0,12,8,100,67.73,53.43,51.18,58.38,51.04,55.01,59.27,47.07
1179,35890,56.11,55.16294538878933,0.4669841639529928,0,20,8,100,55.39,63.54,58.84,61.05,53.15,58.96,48.63,49.3
1180,40323,64.82,55.01103640189576,0.3623841510471658,0,9,8,100,63.96,67.65,68.82,61.63,66.86,62.45,69.24,57.97
1181,37099,62.23,54.69718912992597,0.4939959326880067,0,17,8,100,69.48,60.81,52.91,53.93,63.12,68.01,63.13,66.48
1182,38308,59.56,55.15350710388388,0.4633761224023573,0,14,8,100,63.55,63.6,50.7,64.58,59.55,60.32,60.69,53.46
1183,37502,55.78,55.30394416215022,0.3976907489849117,0,16,8,100,51.94,58.6,59.29,59.09,50.35,58.24,62.65,46.06
1184,35084,66.67,55.44894757215972,0.4778569847970007,0,22,8,100,70.96,75.96,62.07,58.75,59.86,73.99,68.74,62.99
1185,34681,71.72,54.38737732478408,0.4197672257400527,0,23,8,100,66.96,81.42,70.16,65.03,79.87,72.97,71.42,65.97
1186,36293,60.52,54.39027404309635,0.422570413711052,0,19,8,100,57.89,64.0,58.14,67.2,66.11,50.4,62.14,58.26
1187,37905,69.17,53.36181723552875,0.447719314744477,0,15,8,100,59.37,74.14,70.26,71.75,75.0,75.21,64.65,62.95
1188,39114,67.81,52.760374944522674,0.4074826042617329,0,12,8,100,71.45,60.8,67.56,71.72,69.21,59.76,75.67,66.32
1189,36293,63.25,54.84634730406219,0.4469575956477693,0,19,8,100,68.73,65.52,66.66,56.85,63.12,59.74,69.88,55.5
1190,37099,68.86,53.88035403281594,0.3871157721393343,0,17,8,100,59.62,74.79,74.08,61.71,80.26,65.87,77.54,57.04
1191,36696,69.32,54.91508623881138,0.3933789432188403,0,18,8,100,69.14,74.54,64.69,76.79,68.42,76.33,58.1,66.51
1192,39920,60.06,53.68206200842625,0.3672268086124566,0,10,8,100,63.43,56.08,62.73,68.71,62.12,56.99,54.85,55.56
1193,36696,60.91,55.23054926803966,0.3935225928619662,0,18,8,100,65.79,56.53,67.12,54.31,61.79,60.17,64.99,56.55
1194,37502,58.96,54.22507254490951,0.4853297964783954,0,16,8,100,59.72,61.2,68.32,57.56,47.12,60.14,53.36,64.3
1195,36293,70.06,54.54767759281628,0.4225305795968052,0,19,8,100,79.52,67.13,71.27,68.57,65.98,61.22,73.82,72.98
1196,39920,59.34,53.589931423126366,0.347367620340673,0,10,8,100,58.72,64.42,66.63,56.53,63.71,49.83,49.66,65.18
1197,36293,67.21,55.45483748648723,0.3986153806049954,0,19,8,100,70.26,58.63,73.0,58.07,71.09,78.17,63.44,64.99
1198,43030,74.76,55.58551559709849,0.3406946167481521,2,10,8,100,71.36,72.95,74.54,72.15,79.86,83.25,65.02,78.96
1199,36293,64.05,55.32528506508607,0.4168457304883792,0,19,8,100,65.74,71.93,63.36,59.51,60.31,72.94,64.59,54.03
1200,35487,62.11,54.76220709366622,0.4157462419903548,0,21,8,100,62.68,59.22,59.91,65.2,58.12,65.9,65.64,60.24
1201,37905,65.95,55.495174950303735,0.5123928164243647,0,15,8,100,74.29,56.85,69.46,76.95,61.56,63.07,62.74,62.67
1202,35487,66.46,52.60187269711152,0.5158546086613661,0,21,8,100,68.51,70.7,60.8,72.01,68.42,63.29,70.04,57.87
1203,38308,77.12,53.64701758804943,0.3919962774687786,0,14,8,100,83.37,83.25,68.01,76.8,74.45,79.97,84.98,66.15
1204,37502,60.54,55.69080088415151,0.4104910804414357,0,16,8,100,57.45,55.35,57.2,57.05,66.35,71.1,60.41,59.38
1205,40726,70.79,55.21077394291056,0.4721414357939976,0,8,8,100,57.84,63.62,77.53,75.87,80.89,61.09,76.02,73.43
1206,42879,72.3,54.77003768195547,0.4436007099010416,3,12,8,100,76.33,69.43,76.69,70.69,76.59,74.35,74.17,60.16
1207,39114,67.61,54.929771402401975,0.4469329512858193,0,12,8,100,60.32,73.51,65.63,61.93,67.51,76.48,62.1,73.41
1208,33875,64.15,56.27693340115531,0.4248400812988448,0,25,8,100,64.61,71.28,67.93,67.97,59.4,63.07,64.38,54.57
1209,35084,68.67,54.18909704442433,0.4114147523956582,0,22,8,100,70.39,63.47,68.35,67.12,70.5,73.45,63.92,72.14
1210,39554,71.62,55.773330042224735,0.4494324943677577,1,17,8,100,72.89,70.22,70.12,73.04,80.78,65.05,67.22,73.66
1211,37099,49.75,53.76036188424267,0.4131222576781155,0,17,8,100,49.64,52.7,52.22,48.21,44.3,43.97,56.22,50.76
1212,45952,68.71,53.82432704864623,0.3888443351279753,4,6,8,100,60.87,76.6,64.98,75.44,65.26,72.57,70.44,63.5
1213,35487,62.47,55.69603377294438,0.3630501784251952,0,21,8,100,57.0,69.31,57.55,70.03,69.48,61.68,59.41,55.3
1214,37099,64.48,54.63921817760192,0.4288235271716509,0,17,8,100,63.46,60.41,63.56,58.74,70.65,74.84,63.36,60.83
1215,38308,69.81,53.59785220147033,0.3677714703662028,0,14,8,100,63.65,64.26,79.48,62.4,71.79,83.79,70.08,63.06
1216,38308,66.98,55.41346315907326,0.4051534113274497,0,14,8,100,70.44,68.12,69.71,73.32,72.02,57.5,58.9,65.86
1217,36696,62.12,54.63130149951889,0.438531355730317,0,18,8,100,63.14,71.42,57.17,63.56,59.38,58.56,54.22,69.51
1218,36696,64.7,53.55039885918194,0.3909262772409962,0,18,8,100,70.8,67.31,65.32,75.74,60.19,70.2,49.96,58.06
1219,39517,61.13,55.41653982142383,0.4291728903613008,0,11,8,100,54.7,58.3,67.95,55.6,64.7,63.5,58.52,65.74
1220,38308,62.7,55.13189362534387,0.3937415335277351,0,14,8,100,61.75,58.15,57.2,61.08,56.63,70.19,70.51,66.06
1221,37905,66.22,54.575642514573474,0.4181673722997618,0,15,8,100,72.73,56.49,72.39,63.03,62.81,65.96,73.49,62.82
1222,36293,57.68,54.04944778729078,0.3486833012818821,0,19,8,100,60.64,54.89,66.13,56.09,50.85,59.78,57.77,55.3
1223,35890,54.91,55.06733652368692,0.3619563465610252,0,20,8,100,56.86,48.18,55.94,59.28,48.16,50.81,63.71,56.31
1224,37099,59.41,53.32639562707349,0.3787721486137661,0,17,8,100,63.81,50.75,64.36,60.15,54.11,65.79,57.0,59.32
1225,37905,64.22,54.72047809940811,0.4262600383659306,0,15,8,100,71.21,69.39,63.46,55.45,63.32,66.88,64.24,59.83
1226,37905,65.49,54.77464992899312,0.4345349307393749,0,15,8,100,64.5,67.83,67.25,64.71,68.08,67.6,58.03,65.93
1227,35084,71.89,55.33678497845917,0.3521528292921428,0,22,8,100,74.32,65.89,71.7,78.65,70.98,70.12,64.69,78.75
1228,37905,62.43,53.003612112421294,0.4298445021400431,0,15,8,100,63.69,67.78,67.41,65.67,53.76,63.1,60.93,57.1
1229,35890,58.03,54.42820161066078,0.4358493552422877,0,20,8,100,56.61,68.7,53.4,56.58,64.74,56.21,52.98,55.0
1230,38711,69.35,55.39647531839389,0.374558896625968,0,13,8,100,80.26,56.47,69.75,78.34,68.96,60.65,72.29,68.07
1231,36696,68.2,54.00638715111923,0.4021646711498844,0,18,8,100,71.08,65.71,77.99,69.3,63.89,61.4,74.77,61.47
1232,36696,69.06,54.83731655067909,0.2783130358138607,0,18,8,100,75.1,71.56,66.77,75.33,59.86,75.9,65.48,62.44
1233,38711,54.01,55.43258366691168,0.4007636846890053,0,13,8,100,49.9,51.86,58.5,58.18,58.89,45.46,58.06,51.25
1234,37502,62.02,53.66901690595366,0.3411329854322318,0,16,8,100,58.37,75.44,61.91,59.15,58.74,63.69,61.56,57.26
1235,39114,59.37,53.94667453648968,0.347801704870153,0,12,8,100,62.57,67.3,52.4,59.18,55.34,51.88,59.5,66.78
1236,38308,62.38,54.64490079409931,0.4968755423272393,0,14,8,100,62.8,53.65,60.84,58.12,67.51,60.34,66.35,69.42
1237,36293,63.14,55.19237095382615,0.4384725376848067,0,19,8,100,57.41,67.16,62.01,62.05,60.71,68.51,57.79,69.45
1238,38308,70.12,54.83162853098268,0.2980992723134704,0,14,8,100,68.51,71.33,75.76,65.7,63.92,59.29,80.89,75.54
1239,36696,57.88,54.03187983251004,0.3768972211695904,0,18,8,100,66.43,52.81,59.08,58.78,53.94,58.24,61.49,52.23
1240,37099,62.41,55.78934153181078,0.4428680163375899,0,17,8,100,61.59,68.06,57.27,64.45,70.1,62.56,54.92,60.31
1241,39517,52.67,54.59093131837663,0.4316702605283105,0,11,8,100,46.51,54.25,48.77,62.29,59.69,46.92,50.55,52.35
1242,37502,65.63,55.30257013258751,0.3294129705542978,0,16,8,100,65.08,68.29,63.75,71.08,56.61,66.64,61.04,72.56
1243,37502,66.88,54.29755396575044,0.4145874933557547,0,16,8,100,75.25,61.26,69.39,68.12,56.68,61.78,73.59,68.94
1244,37099,68.14,55.00364956745651,0.4543430926274734,0,17,8,100,66.41,79.58,57.57,78.17,69.92,61.69,59.06,72.74
1245,38711,63.67,55.50134864578565,0.382820922618645,0,13,8,100,71.61,64.3,55.59,70.68,55.88,56.47,60.85,73.95
1246,37905,60.97,54.74706365134232,0.3489862406173598,0,15,8,100,64.03,57.43,67.97,57.97,63.69,54.82,63.99,57.87
1247,42627,71.02,55.15147579847622,0.4603413997979222,2,11,8,100,80.88,66.4,71.12,66.66,78.96,63.89,69.06,71.19
1248,38308,69.34,53.83406753494264,0.3746491616023172,0,14,8,100,69.27,62.98,75.27,61.6,57.39,76.11,75.71,76.42
1249,39920,55.75,53.881593988674375,0.3951577857695877,0,10,8,100,58.17,57.3,54.21,55.25,56.29,49.9,52.47,62.41
1250,43433,68.52,55.91292495831604,0.3693243048087606,2,9,8,100,64.62,60.87,72.7,75.12,75.55,60.03,71.74,67.54
1251,38711,64.36,55.278877773487466,0.3722315507851337,0,13,8,100,72.75,68.05,57.68,59.03,61.96,71.1,66.97,57.31
1252,38711,64.27,55.429836058818616,0.4102762693061355,0,13,8,100,68.51,68.44,65.32,67.26,56.44,58.81,63.4,65.96
1253,37099,68.31,53.50900302536749,0.4727455574608903,0,17,8,100,77.36,71.3,70.61,65.88,59.49,60.8,73.55,67.51
1254,38308,68.64,52.98956286648514,0.3819697215899933,0,14,8,100,61.61,64.24,63.14,64.52,73.55,75.75,74.67,71.65
1255,42375,74.96,53.66148814198571,0.4587352311575287,1,10,8,100,68.48,70.22,78.41,64.36,78.91,81.75,74.45,83.08
1256,36696,62.77,56.168984945272925,0.3314380169329477,0,18,8,100,61.38,59.82,59.85,57.71,73.25,60.51,67.88,61.79
1257,37905,62.84,55.56041997911561,0.4661902404633641,0,15,8,100,61.59,58.2,62.68,72.42,68.98,62.17,58.53,58.14
1258,35890,64.9,55.727539445650216,0.4101934122156675,0,20,8,100,65.67,69.64,62.96,53.61,66.98,64.64,68.33,67.39
1259,38711,71.05,55.78051458896779,0.4514861257308382,0,13,8,100,72.03,79.08,74.99,60.02,65.55,59.14,79.18,78.39
1260,36696,63.12,54.85638543680398,0.3483944689337861,0,18,8,100,69.17,69.45,65.79,52.25,64.67,55.12,69.53,58.99
1261,39114,66.68,55.16475683870733,0.5189982473920313,0,12,8,100,56.63,69.32,65.13,66.91,72.71,71.63,58.21,72.94
1262,39114,61.2,54.1942115261006,0.4296363334126004,0,12,8,100,66.25,62.49,61.2,57.57,55.32,72.08,57.79,56.87
1263,36293,72.42,54.70193035844454,0.41343776232133,0,19,8,100,66.54,68.97,78.78,72.88,65.6,73.28,73.24,80.06
1264,40726,63.22,54.94333074725824,0.4660869241870914,0,8,8,100,56.83,56.2,68.93,61.45,66.78,63.82,65.98,65.79
1265,38711,74.63,53.79100640850837,0.4317634264193765,0,13,8,100,71.74,75.43,61.32,73.73,74.29,79.44,81.19,79.87
1266,38711,69.85,54.88781636351324,0.3344821599269116,0,13,8,100,65.36,77.36,61.07,76.09,61.16,73.03,69.34,75.36
1267,38308,60.39,55.18688228693858,0.4702347295491368,0,14,8,100,55.06,61.73,66.09,52.61,66.15,59.7,57.96,63.8
1268,36293,73.25,55.68131812331041,0.3775286329208769,0,19,8,100,61.67,75.44,79.84,61.93,77.54,85.06,70.17,74.34
1269,34681,66.77,53.57347296646621,0.3627170470431272,0,23,8,100,63.16,67.36,74.18,56.97,58.94,73.99,75.24,64.33
1270,36696,71.95,54.5908860625081,0.4780565570166839,0,18,8,100,60.86,68.4,79.02,71.87,66.7,67.58,80.39,80.78
1271,36696,62.7,55.203743240704966,0.4029711806464525,0,18,8,100,70.14,63.1,68.29,55.24,60.87,65.06,63.28,55.58
1272,38308,73.55,54.39380176234854,0.4723455040962582,0,14,8,100,71.24,76.45,74.97,75.17,73.92,66.15,74.88,75.6
1273,39517,71.94,54.93602275659523,0.4447765673423815,0,11,8,100,77.06,75.3,72.39,78.9,65.49,73.79,72.29,60.32
1274,37099,65.03,54.65166992631725,0.5032005950395335,0,17,8,100,56.42,79.38,70.33,62.03,66.29,71.13,57.71,56.96
1275,37502,56.99,53.50008179944205,0.4619723666625927,0,16,8,100,60.31,49.05,64.26,49.75,50.88,60.75,60.2,60.72
1276,37099,67.19,54.482861625794776,0.3823985423271133,0,17,8,100,73.32,61.17,77.02,70.14,61.35,61.74,70.39,62.41
1277,38308,65.39,54.457250323531,0.3456615389669,0,14,8,100,62.3,68.41,67.08,61.99,67.9,61.8,67.51,66.13
1278,35487,57.69,54.22488784532269,0.3429863507362962,0,21,8,100,60.34,54.84,51.9,62.29,51.65,55.0,66.32,59.18
1279,37099,60.84,54.56405092287619,0.4028521561689385,0,17,8,100,59.63,57.38,60.39,69.98,61.85,63.69,56.74,57.02
1280,38711,71.04,55.37013532907124,0.4428598376192147,0,13,8,100,61.47,74.22,80.72,79.24,75.08,61.3,67.24,69.03
1281,39517,71.03,55.375585914229646,0.4574974724491544,0,11,8,100,75.18,64.68,61.19,73.59,79.84,68.92,75.97,68.88
1282,37099,57.45,54.79808854258732,0.4443442188853323,0,17,8,100,51.78,51.82,60.83,54.25,67.07,66.03,55.03,52.81
1283,37905,61.28,55.0064945481972,0.3690369087974306,0,15,8,100,65.34,53.42,61.93,70.63,48.53,56.28,63.79,70.28
1284,38308,52.36,54.75637616839539,0.4629494976674946,0,14,8,100,54.38,50.42,55.09,57.6,54.3,48.78,48.78,49.54
1285,39114,64.82,54.45487218829528,0.4690277969853412,0,12,8,100,64.99,70.4,57.53,62.41,63.66,72.38,62.63,64.54
1286,37099,63.19,54.572418726250135,0.3109158505100927,0,17,8,100,62.34,57.41,63.16,62.76,72.01,61.8,62.12,63.9
1287,38308,71.46,54.15470044871799,0.4247247080955232,0,14,8,100,73.56,76.53,73.82,62.91,76.73,66.5,65.33,76.27
1288,39920,57.82,54.18133659374264,0.4308144063378894,0,10,8,100,56.68,60.73,67.49,54.75,48.3,58.97,53.42,62.23
1289,40323,60.96,53.85902179085667,0.4342379503260956,0,9,8,100,54.44,66.3,54.38,56.18,69.82,65.4,59.04,62.15
1290,36293,54.55,54.75948368348852,0.3260361002805915,0,19,8,100,56.98,53.91,48.32,52.86,66.98,53.46,48.44,55.43
1291,38711,64.12,55.71266728148846,0.4102703999510902,0,13,8,100,65.81,61.86,61.08,69.77,66.74,61.51,59.59,66.59
1292,43836,62.38,53.42428894119082,0.4915819146179485,2,8,8,100,58.61,64.75,66.62,59.75,62.12,57.88,66.76,62.57
1293,35084,79.26,54.35263583644058,0.4219407186877836,0,22,8,100,71.54,78.5,91.43,84.22,76.64,84.69,72.05,75.05
1294,40323,62.91,55.06812926760372,0.4851209258413216,0,9,8,100,62.8,63.3,73.77,56.39,66.24,60.17,56.6,64.03
1295,39920,62.6,55.72619389805016,0.458245385812194,0,10,8,100,57.06,65.6,57.88,70.11,63.6,64.38,51.85,70.29
1296,37905,70.61,55.1674566195637,0.3758269173236654,0,15,8,100,75.99,61.74,61.58,71.43,71.23,76.07,79.85,67.01
1297,39517,63.48,54.09577340786498,0.3693896957427609,0,11,8,100,72.67,69.01,60.94,58.46,59.8,64.91,64.12,57.96
1298,39114,74.96,54.99763315761308,0.3934175714162265,0,12,8,100,66.34,73.06,87.7,63.38,73.18,75.9,75.14,85.01
1299,35487,70.59,53.914445871360506,0.41486807829279,0,21,8,100,61.26,57.71,76.31,76.96,69.06,77.41,73.26,72.72
1300,36696,62.42,54.63328908380373,0.3732268884877122,0,18,8,100,57.52,63.77,66.66,63.54,62.49,55.03,72.48,57.9
1301,37905,77.28,55.93728282105782,0.4158496561820742,0,15,8,100,85.83,74.71,83.81,73.04,79.12,78.6,71.32,71.81
1302,38711,70.31,55.97373265075524,0.3925886419111448,0,13,8,100,75.66,71.6,62.83,60.81,74.88,73.35,70.31,73.01
1303,38711,63.58,55.65432608290624,0.383806618585714,0,13,8,100,63.39,64.44,63.87,61.76,72.24,55.07,67.23,60.64
1304,41972,65.45,53.5315603200502,0.3678722905235103,1,11,8,100,58.99,61.76,58.94,55.31,71.35,73.16,68.43,75.67
1305,35890,67.99,55.03335215756464,0.3643550620808969,0,20,8,100,66.26,66.29,63.23,69.23,71.28,67.85,63.88,75.88
1306,39114,64.8,53.5691118074576,0.4020153440953257,0,12,8,100,61.19,67.01,63.78,62.81,61.79,68.51,67.39,65.9
1307,37905,69.14,53.86806136305879,0.3920567419074935,0,15,8,100,68.06,64.26,73.57,71.46,62.37,74.66,69.63,69.08
1308,38711,65.31,55.2274178864627,0.3974606991630974,0,13,8,100,59.95,72.07,64.3,60.8,70.92,68.84,58.16,67.46
1309,42741,73.24,54.00573774452864,0.4308750892311728,0,3,8,100,70.78,77.31,73.16,78.22,69.17,70.22,80.73,66.3
1310,36293,60.66,54.65187831523115,0.4249763391425123,0,19,8,100,53.14,67.29,71.14,61.22,56.6,57.34,59.19,59.35
1311,37502,66.04,55.11034051830677,0.4082965024636183,0,16,8,100,65.59,69.15,62.41,61.38,70.18,74.05,68.79,56.8
1312,38308,62.56,54.09824342631202,0.4471561972509557,0,14,8,100,55.43,63.65,65.37,73.52,52.57,59.98,62.73,67.22
1313,35890,59.49,55.820806312932,0.3421330014596012,0,20,8,100,65.47,64.48,64.13,64.14,54.14,53.12,56.83,53.64
1314,37502,67.25,55.64604047309055,0.4525302739347002,0,16,8,100,65.58,66.98,67.96,69.68,71.33,67.67,56.09,72.69
1315,39114,63.88,54.81604900459061,0.4146219081168517,0,12,8,100,55.56,68.32,69.66,57.99,58.55,60.52,69.76,70.7
1316,36293,58.25,54.335710377906814,0.365426351208929,0,19,8,100,67.12,49.94,54.77,62.95,68.71,61.8,49.47,51.22
1317,36293,60.37,54.232189026031485,0.3708654731049896,0,19,8,100,60.92,55.3,57.7,55.09,69.76,67.95,58.92,57.35
1318,38308,70.35,56.17158667783104,0.4185486068994026,0,14,8,100,74.95,77.67,69.24,67.61,68.83,67.26,63.96,73.29
1319,39114,59.47,54.52615623301956,0.4006234333584159,0,12,8,100,56.86,64.32,56.86,60.22,55.74,60.34,57.17,64.25
1320,38308,76.72,53.50174468724892,0.3182176524216599,0,14,8,100,73.58,77.13,70.18,81.53,83.39,81.99,83.09,62.91
1321,39114,69.06,54.19511893355887,0.3921436957396235,0,12,8,100,66.42,83.58,67.86,75.3,59.98,79.21,58.76,61.41
1322,37905,66.54,54.03213221742421,0.3779926164275995,0,15,8,100,67.64,76.05,56.21,63.03,76.22,76.02,59.25,57.87
1323,37905,62.4,54.82167151517968,0.4158060766087157,0,15,8,100,56.39,68.95,61.68,65.89,66.47,52.98,59.62,67.23
1324,38308,58.22,54.6099444263671,0.4391230451519789,0,14,8,100,55.57,57.04,56.14,55.8,59.1,60.56,55.32,66.25
1325,35084,61.75,54.513826667967216,0.3435001491566006,0,22,8,100,59.1,66.22,55.86,54.04,69.92,61.12,63.0,64.72
1326,43836,63.47,55.11141481158566,0.3941936627055415,2,8,8,100,66.76,56.13,62.11,57.13,71.05,69.06,58.11,67.4
1327,36293,66.65,54.65792744058256,0.4392076752916963,0,19,8,100,64.85,62.71,69.23,80.54,62.95,60.54,66.03,66.36
1328,38711,73.22,54.85703828925663,0.4057252215663366,0,13,8,100,80.95,82.87,64.32,69.53,71.6,71.01,68.39,77.09
1329,36293,69.67,56.08689276735445,0.3637703047391346,0,19,8,100,66.04,75.14,75.52,66.39,72.3,74.23,60.92,66.8
1330,39114,60.13,56.18786686174087,0.3231969453933757,0,12,8,100,57.1,58.15,68.42,64.0,61.19,53.68,49.89,68.6
1331,39517,59.96,54.84216008495712,0.371587470060669,0,11,8,100,68.27,53.05,58.58,62.81,57.1,53.26,66.92,59.73
1332,36293,68.73,55.262628638683736,0.4365840465418416,0,19,8,100,74.7,77.73,72.9,64.44,69.89,63.84,67.58,58.76
1333,37099,66.28,54.5786200868171,0.4242736112953,0,17,8,100,71.07,68.97,69.32,60.52,65.87,69.44,65.0,60.09
1334,38308,65.14,54.631458780365286,0.3534451238330742,0,14,8,100,70.16,60.04,62.44,70.48,59.84,61.53,70.9,65.76
1335,37502,68.03,54.26261219813703,0.3811544400270443,0,16,8,100,52.67,67.08,76.87,73.29,66.37,61.89,72.63,73.46
1336,36696,62.94,54.248183723688456,0.3351353063802489,0,18,8,100,68.15,63.87,68.84,63.95,60.95,57.85,53.53,66.36
1337,37502,62.16,54.293473814308896,0.3477577679694396,0,16,8,100,56.22,58.23,74.0,66.31,64.21,61.68,62.4,54.24
1338,39517,57.19,54.60105079861858,0.3756222438861762,0,11,8,100,53.89,59.14,62.78,54.14,58.05,53.83,64.47,51.24
1339,39920,68.42,53.64027525801099,0.2607660077423243,0,10,8,100,69.76,77.53,65.93,65.62,73.26,64.52,72.18,58.6
1340,38711,64.49,54.740963951968624,0.3166579122864046,0,13,8,100,63.15,56.82,69.85,74.66,69.93,59.63,56.45,65.46
1341,37502,70.9,54.16945393737633,0.3093683927776214,0,16,8,100,66.69,81.27,67.7,75.87,76.3,60.54,66.42,72.44
1342,36696,60.38,54.76494189454047,0.3892569104728542,0,18,8,100,61.83,62.57,56.54,64.55,65.82,56.64,56.77,58.29
1343,38711,73.18,55.76483624094528,0.411799724654679,0,13,8,100,84.56,74.8,80.74,68.16,61.56,69.19,82.86,63.61
1344,38711,76.69,55.56700285418773,0.3670115156288077,0,13,8,100,70.54,69.08,84.57,66.1,86.64,80.08,73.89,82.64
1345,39114,55.06,54.50900820182973,0.3282352606613337,0,12,8,100,50.6,56.65,54.87,57.45,49.04,56.21,58.52,57.13
1346,39517,60.5,54.62958128014145,0.3593005468331395,0,11,8,100,53.39,67.01,65.77,68.97,61.27,51.19,60.19,56.22
1347,44239,64.84,53.99858976367365,0.4331005144771539,2,7,8,100,66.08,60.2,64.12,58.46,59.93,60.14,70.18,79.6
1348,37905,77.46,54.0708195465273,0.4282089596947382,0,15,8,100,84.07,81.62,84.6,72.7,68.12,69.82,85.76,72.95
1349,39114,75.0,54.202870439474125,0.3275030862767708,0,12,8,100,78.73,67.3,76.97,86.82,78.39,68.27,67.53,75.98
1350,40323,71.92,54.88393005476397,0.3607962520582945,0,9,8,100,62.08,75.53,79.31,61.05,79.71,80.22,73.04,64.39
1351,35487,71.78,55.2179457775026,0.4599395218437905,0,21,8,100,78.05,66.18,80.36,63.88,71.89,68.3,75.55,70.07
1352,39517,57.86,54.34899795049437,0.3732405536866657,0,11,8,100,53.4,60.06,54.89,60.32,53.26,60.68,56.79,63.49
1353,42375,69.78,53.95298641876125,0.3637177990025365,1,10,8,100,67.67,72.02,78.5,74.1,60.43,69.85,65.91,69.76
1354,40726,63.33,54.31116759365598,0.4950609611945037,0,8,8,100,60.28,54.71,66.46,54.55,69.08,65.08,67.63,68.86
1355,38711,65.15,54.59510954756783,0.3826657143849762,0,13,8,100,55.91,70.17,62.79,65.49,62.74,72.1,65.59,66.43
1356,42627,55.46,54.8719902843943,0.4249145764231914,2,11,8,100,58.86,52.82,49.73,61.27,48.85,61.41,51.95,58.83
1357,39517,55.88,56.037157205324746,0.3968589203071685,0,11,8,100,62.28,58.74,59.39,56.74,50.23,59.0,46.62,54.0
1358,38711,59.87,54.72454334451658,0.4274483632535352,0,13,8,100,62.07,55.39,52.58,65.84,58.56,65.05,65.11,54.33
1359,39114,67.51,55.51848654944227,0.3532869356436857,0,12,8,100,64.97,63.15,67.49,68.98,71.94,64.09,73.27,66.21
1360,41129,64.25,54.51951463109902,0.3956649182000356,0,7,8,100,59.88,71.67,61.71,69.81,72.3,60.5,60.92,57.22
1361,36696,61.1,54.52062667038341,0.3257558060319593,0,18,8,100,56.35,62.01,63.61,68.26,54.32,56.33,57.44,70.52
1362,37905,60.89,54.36607666792196,0.4785566412362718,0,15,8,100,54.13,66.66,61.26,62.88,59.71,66.35,54.27,61.88
1363,39920,58.99,54.66571750157954,0.4700557054230593,0,10,8,100,57.64,52.17,60.76,58.93,58.28,61.85,65.22,57.04
1364,39114,55.78,54.6040569977221,0.356994767943348,0,12,8,100,61.28,62.42,47.38,50.79,56.96,58.39,54.1,54.93
1365,36696,66.17,55.0989700231886,0.3581183446347294,0,18,8,100,76.24,60.38,66.86,73.37,66.35,66.47,61.71,57.99
1366,38308,74.72,55.01316443271368,0.4206853744571835,0,14,8,100,65.52,74.74,71.54,80.85,67.85,82.19,85.98,69.11
1367,39114,61.36,55.782460445643785,0.4944168835108244,0,12,8,100,61.86,71.64,57.56,62.63,52.78,68.67,62.45,53.26
1368,37099,56.75,55.17748717641292,0.3517751346281066,0,17,8,100,63.28,50.85,66.8,58.09,61.04,51.36,53.64,48.94
1369,37502,62.69,53.86788377890672,0.3320216414728154,0,16,8,100,66.63,60.13,60.26,68.81,63.35,65.82,59.53,56.98
1370,39517,62.15,54.92607707435509,0.3734334038913943,0,11,8,100,67.07,57.38,64.79,57.36,61.68,61.9,63.0,64.0
1371,42375,68.44,54.11218519969447,0.4456495922209456,1,10,8,100,65.01,70.94,71.31,65.22,57.98,75.59,72.81,68.62
1372,40323,72.28,54.91785496406051,0.3942990263619965,0,9,8,100,62.14,82.41,69.27,74.45,79.61,63.61,77.59,69.19
1373,40323,65.03,54.71262135809011,0.4475596632367217,0,9,8,100,65.9,63.65,70.46,68.78,66.77,58.92,60.45,65.31
1374,39517,58.53,56.10731390776907,0.3916068833268318,0,11,8,100,60.26,56.64,61.25,58.7,55.73,56.12,50.34,69.19
1375,42224,67.98,56.48203278615553,0.4735828036706342,2,12,8,100,73.34,68.79,72.16,70.63,62.68,62.49,60.06,73.69
1376,37502,64.65,54.67862811046567,0.3042378640850103,0,16,8,100,66.77,58.55,66.54,60.26,62.7,76.07,66.23,60.06
1377,38308,55.05,54.11422144901268,0.391213205836908,0,14,8,100,54.52,61.13,54.54,44.32,60.86,49.95,51.23,63.88
1378,37099,63.22,55.032088855369615,0.3101651835028116,0,17,8,100,59.61,57.29,67.51,65.96,60.18,66.59,64.66,63.93
1379,38711,60.8,54.05617533745871,0.3948018651581222,0,13,8,100,60.92,61.09,63.81,66.11,62.08,61.19,57.23,53.97
1380,37905,57.19,53.2285888994421,0.376615168276935,0,15,8,100,57.56,62.37,58.3,63.59,50.07,57.79,54.01,53.82
1381,35487,73.62,54.00914081064,0.4244586568667405,0,21,8,100,73.25,70.84,74.99,66.15,67.73,75.31,78.89,81.8
1382,38308,62.68,55.86618958260737,0.3955075426239638,0,14,8,100,66.59,57.38,62.24,70.44,70.26,63.7,57.38,53.48
1383,37502,68.16,55.54438562004144,0.4767986953898062,0,16,8,100,64.66,70.48,72.3,64.03,75.4,69.07,59.48,69.82
1384,43836,64.23,55.69090565167032,0.3131707235977359,2,8,8,100,67.63,56.01,68.52,69.68,55.02,62.56,65.98,68.42
1385,39517,62.89,54.71740755231409,0.4063614277971389,0,11,8,100,68.65,76.09,59.84,59.42,55.43,57.26,70.14,56.26
1386,38308,64.27,55.09088969666342,0.43167691312315,0,14,8,100,54.87,68.45,69.93,59.1,65.64,64.94,63.46,67.77
1387,39517,66.16,54.861940558050655,0.4083911497644502,0,11,8,100,61.28,68.26,59.83,72.19,64.79,79.49,64.93,58.49
1388,37502,74.09,55.69197283414656,0.4008770188017319,0,16,8,100,82.13,69.21,79.49,68.98,72.61,70.54,72.09,77.7
1389,37502,62.71,55.101450913567255,0.3770864295039462,0,16,8,100,69.27,60.49,65.16,56.83,66.39,60.62,63.86,59.09
1390,37905,66.18,54.09658554797198,0.3864357669528913,0,15,8,100,65.29,62.36,65.91,62.89,76.89,58.42,64.98,72.71
1391,35890,59.37,54.57236211221204,0.4107845935308378,0,20,8,100,61.34,63.13,49.3,59.25,69.33,51.77,66.66,54.15
1392,37099,70.47,54.87838828616389,0.4101950056269449,0,17,8,100,63.82,66.42,75.04,77.43,68.66,77.02,75.34,60.0
1393,39920,62.25,55.48319614651881,0.4491229372932966,0,10,8,100,63.42,62.22,55.87,60.6,58.05,65.77,70.92,61.17
1394,38711,68.59,55.1856604851756,0.3902499002733174,0,13,8,100,65.31,73.35,78.35,75.87,60.65,60.36,59.11,75.7
1395,38711,67.56,55.02745802749534,0.395577336419104,0,13,8,100,75.4,74.6,67.56,65.79,62.68,60.62,72.46,61.34
1396,37905,56.95,54.88905077922096,0.3948766553064551,0,15,8,100,58.51,56.41,65.26,55.47,60.71,56.21,51.52,51.48
1397,39517,58.85,55.61824721722346,0.4162112483781536,0,11,8,100,60.42,62.76,61.29,52.37,65.76,60.85,49.75,57.56
1398,36696,61.01,54.4784890091704,0.3654809168502709,0,18,8,100,62.65,65.45,57.65,67.3,57.66,58.72,67.46,51.19
1399,41166,61.23,55.14228138448842,0.4141907234169131,1,13,8,100,65.91,58.74,72.32,55.6,60.67,62.03,53.92,60.65
1400,36696,62.38,55.59996961614668,0.3481125021879215,0,18,8,100,53.11,73.38,58.24,58.55,72.93,62.23,68.89,51.72
1401,36696,61.4,55.63853852731272,0.4270842694431576,0,18,8,100,55.88,61.95,66.29,55.45,64.98,64.04,64.31,58.33
1402,37905,72.88,54.4442911086825,0.383085630891032,0,15,8,100,74.82,79.95,61.44,74.33,80.28,65.34,65.26,81.62
1403,37502,64.12,55.37490200047323,0.3457371434186285,0,16,8,100,55.31,70.55,61.49,65.77,71.48,57.23,62.39,68.74
1404,41129,75.44,55.76311751378552,0.2629149545321751,0,7,8,100,79.52,60.82,79.42,78.19,76.55,72.1,74.77,82.12
1405,37099,74.53,54.70965789843859,0.2892151018139878,0,17,8,100,67.18,77.24,74.86,79.2,77.51,69.59,77.46,73.16
1406,40323,58.29,54.682417360891385,0.4948576814805226,0,9,8,100,51.62,58.14,59.42,59.99,62.89,67.64,52.21,54.43
1407,39920,63.36,54.67764757322281,0.3913727449714554,0,10,8,100,61.38,66.64,69.32,54.33,61.03,60.76,69.51,63.95
1408,37905,56.11,54.04996825202879,0.3737099580191939,0,15,8,100,58.93,57.4,51.38,61.2,61.15,55.17,52.35,51.33
1409,39920,70.16,54.16858608539019,0.4114262860427995,0,10,8,100,71.85,75.45,71.9,63.47,62.04,58.55,77.65,80.36
1410,38308,68.86,54.675871775197805,0.4000851547290334,0,14,8,100,64.08,80.4,63.55,78.01,74.36,65.85,63.47,61.13
1411,37502,66.09,53.75173958178306,0.3767543647779602,0,16,8,100,61.9,69.19,73.48,62.37,58.33,61.24,65.31,76.9
1412,37099,59.27,54.78672322479978,0.3164509556201538,0,17,8,100,61.12,66.24,67.72,55.62,52.11,58.21,55.11,58.0
1413,39517,65.3,54.933908520075,0.3629204458358123,0,11,8,100,61.15,65.16,71.97,66.34,57.21,65.63,77.62,57.34
1414,36696,57.3,55.82403316610916,0.3085026800314118,0,18,8,100,55.55,62.01,53.79,55.53,50.44,51.33,62.54,67.2
1415,37099,69.77,55.24053005434626,0.4385959380744231,0,17,8,100,70.83,76.27,70.35,64.6,63.13,65.32,68.99,78.64
1416,39920,55.75,53.66643017195477,0.4660618836851689,0,10,8,100,54.0,66.24,55.46,55.01,53.2,51.89,55.94,54.24
1417,37905,68.04,53.35579727611198,0.4544081369678496,0,15,8,100,73.32,57.54,70.65,69.85,73.22,72.58,70.08,57.12
1418,42728,68.22,55.92827927814601,0.432541979213987,4,14,8,100,68.29,73.25,71.78,73.03,58.85,65.27,57.87,77.41
1419,39517,74.97,55.567324753553,0.3962213231658894,0,11,8,100,67.73,71.82,67.84,67.33,84.5,67.41,86.93,86.23
1420,39114,59.38,54.028275301179285,0.4505139298287584,0,12,8,100,62.39,60.67,52.8,53.7,68.41,65.01,55.23,56.83
1421,39114,71.37,54.74736083316988,0.457726149472176,0,12,8,100,77.44,60.91,73.66,65.73,80.45,74.34,69.9,68.51
1422,38308,73.18,54.51887560007452,0.322305056419203,0,14,8,100,82.35,79.99,73.3,67.98,66.57,79.67,67.33,68.23
1423,37502,74.13,55.27196313802902,0.4115111950006785,0,16,8,100,78.05,68.11,84.96,67.29,76.43,66.19,75.17,76.83
1424,37099,65.75,54.78802145408312,0.3940376912401369,0,17,8,100,69.46,76.0,57.28,57.46,74.07,56.7,74.18,60.83
1425,38308,66.21,55.48167335996955,0.4032997961757439,0,14,8,100,69.46,68.19,63.59,58.06,62.67,69.99,65.49,72.23
1426,37905,68.97,55.42012214333961,0.4050425543863933,0,15,8,100,69.21,68.17,62.88,77.0,71.51,63.8,61.76,77.44
1427,37502,67.77,55.03471311566959,0.3109691928180308,0,16,8,100,60.97,65.18,71.89,64.94,75.76,76.83,59.84,66.72
1428,37502,50.67,55.22572402509842,0.3779774173690434,0,16,8,100,49.93,50.01,50.3,51.69,47.21,56.87,47.7,51.65
1429,37502,59.37,55.03617870509544,0.3427968994767707,0,16,8,100,64.39,50.94,59.94,54.62,63.57,60.68,68.41,52.44
1430,37099,69.57,54.63467805968701,0.444055028108785,0,17,8,100,68.93,74.22,63.91,70.73,77.58,57.83,65.01,78.35
1431,41972,66.42,54.732329329338896,0.4053664555163757,1,11,8,100,71.02,62.34,67.98,63.42,70.99,63.87,70.11,61.61
1432,38308,75.1,54.72952193890548,0.3534838618533534,0,14,8,100,69.28,82.21,70.36,70.07,69.54,74.29,83.58,81.46
1433,39517,78.24,54.46362655403798,0.3938391142430664,0,11,8,100,77.01,79.5,71.8,75.93,81.5,87.7,70.7,81.74
1434,37905,65.65,55.735436655133725,0.4028202439451739,0,15,8,100,64.79,62.66,68.11,64.18,64.05,61.61,69.11,70.7
1435,38711,56.86,54.46170951419388,0.3910202332934921,0,13,8,100,65.53,58.78,49.85,55.07,52.92,54.45,65.31,52.98
1436,39517,60.54,55.26826212883028,0.374101507019025,0,11,8,100,62.4,52.77,62.49,57.94,58.86,65.62,70.44,53.8
1437,38711,62.02,54.36953555066359,0.4101819941567549,0,13,8,100,65.36,66.98,57.53,61.15,56.49,56.84,69.49,62.29
1438,38308,63.9,54.70371281858961,0.3813154286351144,0,14,8,100,58.0,71.68,72.42,59.71,66.07,63.83,58.0,61.48
1439,39920,67.26,54.941416248061,0.4196109853678042,0,10,8,100,77.62,75.18,59.22,65.52,64.44,64.57,67.08,64.46
1440,37502,71.82,53.8999147616911,0.429675998751389,0,16,8,100,61.99,61.66,66.17,86.69,71.74,80.06,62.18,84.1
1441,43987,58.88,54.51271329222865,0.3381006387565797,1,6,8,100,55.6,72.13,60.59,56.21,58.54,52.61,62.82,52.51
1442,39920,65.2,55.71964329880638,0.2459796376291618,0,10,8,100,60.39,79.79,62.8,65.56,71.53,58.7,62.72,60.14
1443,38308,68.9,53.49383891967513,0.3629890082719336,0,14,8,100,59.97,78.77,75.47,63.12,75.4,70.17,63.54,64.74
1444,35487,60.4,53.89829654243265,0.4293849547220643,0,21,8,100,57.96,57.44,69.61,58.4,56.67,59.41,56.63,67.09
1445,37502,66.33,55.39108431101335,0.4688869277047269,0,16,8,100,77.63,65.71,59.31,64.11,58.31,77.06,59.61,68.93
1446,39920,74.92,54.66416060993584,0.4822814723565516,0,10,8,100,79.21,73.76,69.76,79.22,79.55,81.53,63.26,73.06
1447,39114,67.12,55.37968329241804,0.4141935016243083,0,12,8,100,75.96,62.8,69.32,63.92,72.53,59.62,69.26,63.53
1448,37502,63.47,54.79158730115772,0.3758837035449028,0,16,8,100,58.12,71.61,61.94,70.24,66.08,63.7,56.75,59.33
1449,39920,61.48,55.08206683854446,0.3692506174347368,0,10,8,100,68.5,62.9,54.14,64.33,63.37,66.84,57.36,54.37
1450,39114,56.86,54.26573368670384,0.3837729045575498,0,12,8,100,53.61,62.01,52.38,56.56,54.01,61.62,54.57,60.1
1451,38711,63.2,55.13687002993259,0.3589055855485856,0,13,8,100,55.69,68.86,69.18,59.04,57.04,61.24,70.83,63.73
1452,37905,65.92,54.82301732517672,0.3628261412203974,0,15,8,100,58.94,59.33,70.5,76.1,73.4,61.57,62.83,64.69
1453,35487,63.81,55.36788883103598,0.4881808890198026,0,21,8,100,60.4,60.53,66.96,67.44,72.42,60.71,61.61,60.39
1454,43030,57.09,54.94311337361907,0.4190851681210764,2,10,8,100,52.05,55.2,66.67,55.11,53.5,61.93,54.3,57.95
1455,44642,69.07,55.42686211962244,0.4243453023158494,2,6,8,100,62.57,60.07,76.56,61.76,68.35,72.32,75.14,75.78
1456,37502,57.53,54.34059816127576,0.386636970794485,0,16,8,100,50.25,62.06,51.83,56.65,62.9,66.14,60.19,50.19
1457,38308,68.28,55.60044504405498,0.3284212928728318,0,14,8,100,71.86,72.74,66.48,75.23,63.04,72.09,60.83,64.0
1458,40763,74.18,55.03963508888943,0.3173863147922805,1,14,8,100,80.43,80.74,67.41,65.42,69.03,86.09,81.08,63.2
1459,44491,71.94,54.15660204251822,0.3405700836301575,3,8,8,100,69.77,75.3,70.1,67.17,78.25,68.86,78.4,67.69
1460,39517,66.71,53.82625280247626,0.4329429288475898,0,11,8,100,69.2,65.13,70.76,65.44,66.11,63.81,57.9,75.34
1461,39517,58.34,55.44382726662064,0.5040208842329703,0,11,8,100,65.58,62.89,50.91,51.74,54.36,63.91,50.97,66.32
1462,37502,50.87,55.1969031251159,0.2935644080349309,0,16,8,100,45.35,46.78,43.54,58.0,49.24,56.89,50.28,56.9
1463,38711,62.2,54.43984329364991,0.4651122765916252,0,13,8,100,69.16,57.1,59.82,57.13,61.94,67.75,68.33,56.41
1464,43836,62.42,54.99299724493688,0.4166488570745219,2,8,8,100,64.66,55.94,59.83,62.59,62.03,62.83,66.44,65.05
1465,44340,60.73,55.33733057695257,0.3131776192680972,4,10,8,100,66.64,64.82,61.42,54.65,66.46,53.02,62.74,56.1
1466,40323,70.62,54.20778325951172,0.408139651244849,0,9,8,100,73.71,59.75,73.73,78.46,74.69,61.49,67.93,75.23
1467,37905,57.23,55.429987922867845,0.5317145973420229,0,15,8,100,58.18,50.96,56.12,57.35,54.23,60.61,58.27,62.1
1468,37905,52.82,54.28647261489269,0.2829340475544964,0,15,8,100,56.77,50.29,45.33,56.99,56.05,50.37,52.26,54.53
1469,36293,63.74,54.112390634740095,0.3412373362371199,0,19,8,100,61.0,61.47,63.71,69.01,53.77,66.11,66.89,67.99
1470,40323,69.01,55.09108974011628,0.3375725430827014,0,9,8,100,64.77,64.2,59.05,75.15,76.6,72.77,70.95,68.6
1471,37905,65.91,54.24459812221806,0.3852009625470863,0,15,8,100,58.86,59.92,74.05,58.69,56.7,76.1,68.65,74.32
1472,41821,55.58,54.52286630823516,0.3284010802753426,2,13,8,100,49.71,49.56,57.98,67.73,52.73,48.87,60.81,57.24
1473,38308,68.07,54.77806725914126,0.4132761811839475,0,14,8,100,59.66,71.16,74.58,72.68,72.71,76.7,57.18,59.91
1474,39920,62.7,55.06349440145057,0.3448222705276073,0,10,8,100,60.86,66.11,67.89,55.97,59.32,66.03,69.52,55.88
1475,38308,59.35,55.25496459202343,0.402002436012876,0,14,8,100,50.6,62.02,56.21,63.62,53.31,55.25,68.08,65.69
1476,38711,73.05,55.12027566936606,0.3694075891970899,0,13,8,100,77.41,60.41,80.08,67.75,65.71,75.34,78.28,79.4
1477,37502,62.58,53.82227413054453,0.3161578223889648,0,16,8,100,55.21,68.73,58.48,70.9,60.71,67.19,58.94,60.48
1478,37905,60.7,56.55750096730146,0.4039168457207637,0,15,8,100,55.1,59.76,54.66,60.58,56.85,65.56,67.16,65.96
1479,37905,70.64,53.94164271202131,0.3668921424318591,0,15,8,100,77.8,72.39,66.0,74.12,78.18,62.52,67.14,67.01
1480,41129,63.71,55.56691887111853,0.3264909813076945,0,7,8,100,56.94,58.07,73.15,65.6,68.2,58.41,57.84,71.43
1481,37905,68.48,56.48480424791148,0.3664966553817303,0,15,8,100,74.99,62.35,65.85,66.06,79.76,74.27,60.8,63.78
1482,39517,58.09,54.85414815120719,0.4052003265079027,0,11,8,100,61.0,57.07,51.06,65.15,56.5,59.31,64.42,50.22
1483,39920,68.07,54.37812454115906,0.3477481636442343,0,10,8,100,71.19,73.5,64.11,57.84,71.19,71.76,63.64,71.35
1484,39114,65.11,54.17496312964121,0.3685555801341127,0,12,8,100,64.58,64.31,69.93,71.07,69.14,57.98,62.8,61.1
1485,37502,67.01,55.545801764126,0.3288551929221467,0,16,8,100,65.53,62.44,58.05,74.25,71.36,71.61,59.1,73.72
1486,40726,71.63,55.09781853512916,0.3948149542136295,0,8,8,100,75.81,65.82,79.21,78.28,61.76,69.52,75.56,67.07
1487,37905,64.72,54.89582369658884,0.2827806112656374,0,15,8,100,59.05,72.13,61.49,68.51,67.83,62.13,56.21,70.37
1488,44642,65.36,54.86654873172897,0.3713343773156143,2,6,8,100,69.12,71.89,53.8,64.13,68.46,66.76,70.75,58.01
1489,39114,51.53,55.9531665550809,0.2820722119215726,0,12,8,100,51.86,49.42,53.59,57.89,49.18,44.76,55.57,50.0
1490,39517,61.46,55.72731049464718,0.4378236539327991,0,11,8,100,67.21,63.13,53.8,64.71,63.48,55.14,60.2,64.0
1491,41569,63.93,54.63051451883639,0.4227689269288763,1,12,8,100,67.4,69.32,59.66,64.31,66.66,59.62,64.45,60.02
1492,43534,61.01,55.31660786401886,0.3277593876348979,4,12,8,100,57.44,59.95,63.28,68.5,64.9,60.12,54.28,59.62
1493,39920,60.35,55.91709676540282,0.4072842244817191,0,10,8,100,57.61,53.92,69.94,56.77,62.46,54.38,56.55,71.16
1494,41821,66.41,54.30276719089319,0.4042061006304379,2,13,8,100,74.48,67.2,69.15,64.45,63.57,64.27,61.83,66.31
1495,39517,64.94,53.25625921318786,0.3573745847303946,0,11,8,100,55.06,74.27,64.37,63.12,66.25,65.21,58.49,72.73
1496,38711,64.2,54.62479825334791,0.3691265070572666,0,13,8,100,64.05,64.79,66.17,58.59,70.54,57.39,72.71,59.35
1497,38711,69.2,55.78053151850978,0.3984261916882874,0,13,8,100,63.7,70.74,57.55,69.36,75.23,74.43,69.98,72.58
1498,43836,64.08,54.88493241982587,0.2896087965299214,2,8,8,100,57.83,61.51,63.05,71.61,64.53,65.57,62.37,66.21
1499,38308,58.24,55.05432213789006,0.444759788567237,0,14,8,100,66.25,49.06,59.16,64.12,61.37,53.48,60.39,52.09
1500,37099,51.92,54.81833315260976,0.4520478873381378,0,17,8,100,45.47,53.28,51.02,51.58,45.14,51.84,60.92,56.13
1501,37502,59.64,54.47064734994668,0.3471562827746703,0,16,8,100,66.62,64.61,55.74,57.45,53.31,52.94,66.12,60.29
1502,39114,64.27,55.27029070926923,0.4191668610693726,0,12,8,100,58.0,61.3,72.73,67.96,70.62,62.36,54.45,66.77
1503,39920,60.15,54.35646991247656,0.3521871096985143,0,10,8,100,70.42,56.43,53.61,59.0,55.39,69.61,54.93,61.79
1504,43433,66.73,55.07933258014758,0.3971956815851297,2,9,8,100,59.24,61.72,61.34,71.76,77.81,60.72,78.64,62.57
1505,37502,72.6,53.02988991832259,0.3567852094529132,0,16,8,100,85.76,70.12,65.92,68.4,71.65,79.5,75.65,63.8
1506,43030,71.18,54.62274125595312,0.3277747089888057,2,10,8,100,62.54,73.54,62.3,76.58,75.34,63.67,76.23,79.28
1507,41972,61.97,54.433834932031104,0.3757289345527901,1,11,8,100,61.06,72.06,66.56,65.34,56.28,60.78,57.86,55.79
1508,38308,46.42,54.60291920892354,0.3664658168064068,0,14,8,100,45.28,46.31,51.17,41.11,40.48,46.3,46.68,54.0
1509,40323,67.89,54.389661922051545,0.4390443065744513,0,9,8,100,61.81,61.55,73.19,59.63,61.84,72.47,73.27,79.34
1510,37099,65.28,54.84075367547288,0.3673125288268562,0,17,8,100,67.88,64.97,65.38,65.95,58.48,61.73,69.65,68.19
1511,37099,57.32,55.37967657597717,0.2776783525276238,0,17,8,100,48.22,56.01,56.16,51.89,62.82,64.61,63.39,55.45
1512,43181,56.97,55.08473371342992,0.3729263733001189,1,8,8,100,47.75,62.1,60.35,56.66,65.49,53.39,56.19,53.83
1513,38711,61.32,54.15692214763328,0.4188204664598893,0,13,8,100,57.0,70.76,67.11,58.45,66.28,56.41,62.42,52.15
1514,44642,64.3,54.47668521337663,0.3891971501116579,2,6,8,100,64.91,62.1,68.53,70.77,61.24,62.72,62.83,61.31
1515,37905,64.39,54.93523921545778,0.4022667286814272,0,15,8,100,71.91,71.37,60.06,60.78,70.48,59.0,63.13,58.42
1516,40323,74.57,54.46947296708523,0.3834350130042492,0,9,8,100,82.42,77.53,76.9,76.9,72.02,64.5,63.66,82.6
1517,43836,69.3,55.08964209651191,0.3502385507136236,2,8,8,100,78.42,62.72,73.92,61.58,70.25,68.06,65.0,74.44
1518,39114,58.36,54.73878606789491,0.3572330954774691,0,12,8,100,55.4,57.82,56.58,55.47,59.26,59.62,56.61,66.08
1519,35890,63.6,54.82357954273353,0.3225201769173683,0,20,8,100,68.63,54.3,60.57,70.64,67.6,71.84,57.34,57.85
1520,42627,75.54,55.26554199342636,0.4861394424546319,2,11,8,100,74.97,76.57,79.78,82.07,66.45,68.95,73.06,82.5
1521,35890,68.53,54.36839112792752,0.3179250650633297,0,20,8,100,66.5,76.31,63.17,68.97,66.0,75.94,70.69,60.65
1522,38711,60.32,54.56084017361787,0.3549302075072709,0,13,8,100,70.66,62.29,56.61,53.34,64.06,69.11,53.38,53.12
1523,36696,72.32,54.479367990507306,0.3364268608929852,0,18,8,100,78.09,82.36,70.71,77.9,64.75,64.61,66.44,73.67
1524,43937,70.34,56.783732449285694,0.3653683429960424,4,11,8,100,78.11,72.62,69.65,70.11,62.29,59.33,77.35,73.28
1525,41129,64.02,54.06339823159013,0.3582942973230131,0,7,8,100,68.37,62.73,62.45,58.16,69.64,59.48,59.18,72.18
1526,38711,67.08,54.36782442657661,0.3755007370767243,0,13,8,100,63.81,70.4,63.86,66.45,66.5,75.76,59.96,69.9
1527,39920,58.73,54.78366130699328,0.3392056104529701,0,10,8,100,62.34,58.61,52.89,61.82,62.62,55.28,53.0,63.26
1528,39517,73.31,54.965563755264654,0.371107341169069,0,11,8,100,79.81,70.99,75.78,66.55,73.38,81.17,71.56,67.26
1529,35890,49.46,55.63165554846334,0.4607957921082706,0,20,8,100,48.48,48.59,52.93,60.02,48.3,49.58,44.5,43.28
1530,38711,63.85,55.38319035587735,0.2825098732394221,0,13,8,100,64.21,71.23,67.88,56.87,64.48,57.78,58.54,69.82
1531,38711,63.21,54.76655587240421,0.4236161694100098,0,13,8,100,53.69,66.67,64.9,60.68,74.97,58.83,59.7,66.28
1532,37099,68.76,53.9546507716744,0.3336598866133883,0,17,8,100,62.37,74.77,68.66,65.76,63.7,61.55,76.56,76.75
1533,39114,63.18,54.13220370041255,0.304160003758858,0,12,8,100,66.9,58.15,58.23,64.81,63.5,70.2,57.95,65.7
1534,39920,64.92,54.95282694288835,0.4068887065283617,0,10,8,100,74.05,72.41,62.05,58.29,63.93,67.28,55.11,66.26
1535,37099,64.98,56.2502656955984,0.4411330357729879,0,17,8,100,70.61,58.82,72.69,74.58,57.27,63.86,60.38,61.63
1536,43433,67.09,53.65936164534827,0.3531905812943817,2,9,8,100,65.7,63.13,64.99,72.12,73.23,66.58,57.72,73.26
1537,38711,54.28,54.37657376254557,0.2740214687222917,0,13,8,100,54.97,59.48,54.09,56.67,54.31,46.79,48.73,59.2
1538,38308,61.1,56.65610206253234,0.4132432222235385,0,14,8,100,51.05,69.75,66.58,57.41,69.45,60.36,53.75,60.47
1539,36696,66.79,54.743522439970135,0.4055167697419408,0,18,8,100,60.47,61.66,71.21,68.83,58.73,72.05,77.41,63.98
1540,37905,71.64,55.38806122601587,0.3347135292949944,0,15,8,100,64.78,72.53,71.28,79.74,68.81,74.03,76.07,65.85
1541,39114,68.68,54.5722096574947,0.3054736555311674,0,12,8,100,60.52,60.02,69.68,61.51,71.5,68.38,77.48,80.31
1542,44340,59.93,55.05953617838812,0.3611847426813442,4,10,8,100,59.24,66.51,56.32,64.2,55.53,61.47,58.83,57.31
1543,36293,56.86,54.48383998337057,0.3349613583125032,0,19,8,100,68.29,53.25,50.45,56.86,51.88,57.35,61.13,55.64
1544,39517,65.89,54.877542079733765,0.3774436352399599,0,11,8,100,67.06,69.0,67.41,67.33,65.5,60.76,63.91,66.18
1545,37905,69.07,54.58004837126066,0.4296935080571617,0,15,8,100,63.22,80.87,62.14,71.41,65.66,60.34,81.22,67.69
1546,42435,56.26,55.10847164662828,0.350947115341275,0,5,8,100,58.39,58.73,56.12,55.09,48.75,52.23,61.88,58.86
1547,37905,59.83,54.28293928195522,0.3715696950972694,0,15,8,100,65.65,64.71,57.76,70.58,47.66,55.85,58.52,57.92
1548,37905,70.03,55.04391269715236,0.4124872520225617,0,15,8,100,57.87,62.28,77.47,67.25,71.26,72.37,73.26,78.51
1549,39920,66.75,55.02182826220215,0.2897066946323744,0,10,8,100,65.71,58.42,66.01,65.06,67.09,76.66,61.55,73.47
1550,40726,67.76,55.23198498033533,0.3473394173188057,0,8,8,100,67.97,79.84,61.89,72.31,68.06,65.21,68.11,58.66
1551,36293,65.02,54.45995253250954,0.426119336581848,0,19,8,100,59.82,60.98,64.76,63.45,74.84,70.71,69.22,56.38
1552,45545,70.29,54.88683211671872,0.3037491032051559,2,5,8,100,68.1,69.62,71.65,64.06,77.7,78.6,63.35,69.22
1553,39114,68.52,55.43105673395236,0.3173424105634533,0,12,8,100,76.69,63.56,66.42,75.78,62.4,58.77,72.85,71.68
1554,38308,67.41,56.34341268226162,0.4211446041550473,0,14,8,100,62.25,68.34,64.77,70.08,76.19,59.69,61.0,76.99
1555,40726,69.74,55.3750986564186,0.2896333511326626,0,8,8,100,72.18,67.63,60.0,60.6,74.53,78.46,72.31,72.25
1556,36696,58.14,54.70549534059976,0.2960142637380961,0,18,8,100,53.11,58.92,54.95,67.62,51.96,65.41,57.77,55.35
1557,39920,62.9,54.74316033960815,0.4299157007869864,0,10,8,100,60.72,53.1,61.24,58.67,72.35,54.64,70.52,71.98
1558,42224,62.69,55.35021782276777,0.4231814205897124,2,12,8,100,72.17,62.35,62.15,61.57,55.07,58.48,57.7,72.0
1559,44088,68.27,54.18244950350986,0.3769111415631914,3,9,8,100,59.68,66.88,65.19,75.49,65.53,68.77,70.65,74.01
1560,36696,57.56,56.08995761092479,0.360127566631937,0,18,8,100,61.66,56.65,60.8,55.25,68.68,48.84,49.14,59.46
1561,37905,61.86,55.25288301941023,0.4505832803613114,0,15,8,100,70.07,58.43,64.9,56.4,57.33,63.28,60.05,64.38
1562,39114,66.22,55.03365278016699,0.3579893337501833,0,12,8,100,69.5,67.26,67.26,71.5,59.15,65.7,66.8,62.6
1563,41129,67.02,54.510100863896135,0.2785079034746434,0,7,8,100,69.74,66.81,73.01,72.4,70.58,64.69,62.15,56.79
1564,38308,58.36,56.064893906844205,0.3098450984061112,0,14,8,100,53.83,52.39,60.41,64.46,64.5,61.6,50.69,59.03
1565,39920,63.33,56.09533162020431,0.3622379759086803,0,10,8,100,51.88,70.98,72.04,68.52,64.1,52.21,59.92,67.01
1566,40323,63.29,55.43136954601079,0.3212420548995902,0,9,8,100,67.62,61.13,66.95,64.97,63.07,63.17,59.84,59.58
1567,37905,67.45,53.76662792873707,0.386257737626694,0,15,8,100,62.01,59.51,73.77,66.18,62.73,78.34,71.67,65.35
1568,38711,69.37,55.134405031644974,0.3273545778381256,0,13,8,100,62.94,73.02,66.99,66.76,72.26,67.54,70.64,74.79
1569,43181,72.53,55.47734042015456,0.3458724275863776,1,8,8,100,70.43,74.21,66.48,76.88,69.15,68.95,75.72,78.39
1570,40323,65.35,55.19542359026319,0.3164272585929367,0,9,8,100,59.44,67.0,63.81,58.83,65.26,69.84,75.03,63.61
1571,45549,64.23,56.086485551911125,0.3714325727723117,4,7,8,100,70.04,62.76,75.1,63.0,56.57,59.71,53.5,73.19
1572,38711,66.1,55.36532795699557,0.2514692507981382,0,13,8,100,72.27,63.81,64.39,67.62,61.58,63.86,67.45,67.86
1573,39920,66.12,54.2101347319605,0.3610353999560121,0,10,8,100,60.59,59.38,63.27,66.17,76.09,70.21,74.26,58.97
1574,39920,66.24,54.55878397368074,0.3046175284356441,0,10,8,100,64.57,73.88,66.01,72.71,58.76,65.66,57.4,70.92
1575,40323,70.63,54.41742063274713,0.2856362074854548,0,9,8,100,77.29,69.46,78.5,77.35,59.49,61.42,78.41,63.15
1576,37502,72.25,56.191350044989775,0.3960985231978025,0,16,8,100,73.94,64.09,68.74,79.89,67.47,69.66,79.43,74.8
1577,37905,62.32,54.354927715219326,0.3621109380035694,0,15,8,100,59.32,65.38,67.7,52.36,70.18,65.78,54.23,63.58
1578,44239,69.24,53.990307763737725,0.3321711630110947,2,7,8,100,70.54,71.45,75.0,73.47,69.01,67.34,66.1,61.02
1579,37099,77.89,54.76031449165711,0.3237254268658868,0,17,8,100,66.98,90.65,79.62,81.14,77.8,74.51,85.33,67.08
1580,39114,60.8,56.60675822225354,0.3680765393876417,0,12,8,100,62.08,56.43,57.45,58.32,62.39,60.86,57.63,71.23
1581,40726,65.84,55.72995391493266,0.3781112997352531,0,8,8,100,62.16,70.18,65.01,72.42,63.99,59.21,69.12,64.64
1582,40323,67.49,55.21137619831483,0.3390060889354961,0,9,8,100,63.79,70.0,59.77,67.62,75.12,73.37,65.67,64.6
1583,39517,69.89,54.04285527061702,0.2545123627335439,0,11,8,100,72.89,71.46,65.33,75.42,74.67,77.85,57.76,63.76
1584,37905,69.53,56.03261754104862,0.3869130626506907,0,15,8,100,74.03,79.16,67.72,70.98,64.26,70.62,67.35,62.08
1585,40726,74.23,54.659939316199456,0.3386678789556521,0,8,8,100,77.88,77.55,72.44,76.09,81.24,77.98,59.21,71.47
1586,39517,60.34,54.48248288999441,0.3734595421882958,0,11,8,100,55.59,61.51,58.29,56.85,68.74,61.72,60.8,59.25
1587,36696,59.55,55.28959511601032,0.4376112482273165,0,18,8,100,70.03,59.99,64.8,55.9,57.3,56.45,61.25,50.7
1588,36696,60.1,56.20225605809418,0.2758621815625051,0,18,8,100,67.02,65.26,54.93,58.27,57.3,59.18,60.35,58.5
1589,38308,68.24,55.79682669862523,0.3473541132662367,0,14,8,100,62.7,75.74,68.83,60.79,63.67,69.62,70.59,74.02
1590,37099,58.91,55.69945934579168,0.3437097557023423,0,17,8,100,67.17,52.16,51.79,62.89,61.93,58.76,54.38,62.17
1591,37905,68.11,55.198526927816765,0.3629500586831384,0,15,8,100,68.32,66.21,59.76,64.02,76.25,77.6,66.22,66.47
1592,39517,62.84,54.29489496966755,0.344701809677736,0,11,8,100,62.23,62.17,63.71,67.68,62.32,67.79,58.95,57.87
1593,40323,58.71,56.02314779052762,0.3236636290320031,0,9,8,100,66.33,71.12,56.2,53.85,52.73,57.4,55.75,56.31
1594,43836,65.53,55.5166901195272,0.2730638053310748,2,8,8,100,62.56,64.88,60.75,67.7,67.62,75.02,57.23,68.44
1595,39517,66.82,54.4648676742911,0.3923665455884645,0,11,8,100,61.67,72.1,56.53,61.58,63.99,79.66,60.47,78.58
1596,38711,66.98,54.3982654757389,0.2977927541833472,0,13,8,100,72.72,74.23,66.99,56.92,61.61,68.52,76.52,58.34
1597,39114,70.61,54.47423916696751,0.4338275079387115,0,12,8,100,67.62,63.89,75.91,77.66,65.08,77.52,67.0,70.21
1598,44642,57.64,55.541830179993184,0.3332586627653046,2,6,8,100,65.62,55.99,62.92,47.0,53.88,58.93,56.53,60.28
1599,39114,69.02,54.67845275413474,0.3849338818847863,0,12,8,100,68.34,69.72,64.74,79.55,74.32,63.86,60.86,70.73
1600,37502,62.8,54.6132341802496,0.3323060144993024,0,16,8,100,65.54,65.7,68.55,66.09,63.7,55.28,59.2,58.37
1601,43030,55.1,53.90836191704001,0.3565670539974975,2,10,8,100,56.67,62.96,51.57,50.76,51.38,47.84,60.36,59.3
1602,40323,73.21,55.16562303369245,0.3406295323834327,0,9,8,100,74.35,80.19,68.76,74.16,64.69,73.07,83.29,67.2
1603,39114,64.58,54.00349161585013,0.3199982446395656,0,12,8,100,62.4,64.61,66.84,76.15,61.08,56.82,63.1,65.66
1604,39920,53.33,54.6184441192029,0.3345957693863207,0,10,8,100,50.9,50.05,51.51,51.08,60.16,52.92,59.99,50.04
1605,41129,64.65,55.27052348689503,0.4006830478810795,0,7,8,100,69.72,61.07,72.4,72.66,55.23,59.51,59.14,67.45
1606,39920,63.06,55.09543079005512,0.3814831692190776,0,10,8,100,65.89,59.64,57.63,60.56,57.71,66.45,63.16,73.41
1607,39920,67.15,54.75170435419098,0.3480233668264038,0,10,8,100,73.26,66.47,67.99,68.88,65.44,66.36,64.11,64.66
1608,40323,56.63,56.12166633550305,0.4090594957526712,0,9,8,100,61.24,63.29,58.28,55.82,50.31,56.22,55.53,52.32
1609,41129,69.12,54.95977316529604,0.300173378300254,0,7,8,100,67.91,74.99,60.93,72.69,73.94,67.0,68.38,67.1
1610,40726,65.48,55.70803978856792,0.410412661983529,0,8,8,100,61.38,69.33,64.13,59.88,64.77,59.08,72.72,72.52
1611,43836,68.18,54.34906836391544,0.3910401642204933,2,8,8,100,64.39,76.34,69.54,62.39,77.09,62.84,69.24,63.65
1612,37502,66.35,55.246220244933625,0.3785453351114758,0,16,8,100,67.6,63.96,59.62,73.76,70.84,74.11,58.48,62.4
1613,44642,73.86,53.62086476470528,0.2985108523386347,2,6,8,100,80.26,64.32,80.06,78.16,65.3,72.98,77.73,72.09
1614,37905,65.24,54.08341668676498,0.3663756001180732,0,15,8,100,63.29,55.42,73.71,63.58,68.02,68.74,64.76,64.44
1615,44592,73.21,55.871473246632895,0.4030308368082226,5,11,8,100,76.45,72.14,76.13,67.58,78.75,64.8,69.87,79.99
1616,41129,66.63,55.20429962789409,0.327922846575024,0,7,8,100,67.23,64.25,68.13,59.07,77.42,69.97,61.47,65.5
1617,40323,63.05,56.65659791244729,0.3798373829301321,0,9,8,100,65.31,57.84,61.59,73.25,57.07,68.42,65.05,55.87
1618,38308,57.9,56.245771235217575,0.3081117467251371,0,14,8,100,55.32,49.07,62.95,57.86,56.47,60.59,59.33,61.6
1619,39114,51.63,54.82268094851904,0.3582731614558358,0,12,8,100,56.18,44.22,54.7,47.86,54.95,51.78,56.54,46.78
1620,45545,73.63,54.50292732230974,0.377752319204592,2,5,8,100,76.4,67.75,79.44,63.8,82.71,82.07,62.6,74.27
1621,39114,68.69,54.957640683845526,0.341328889760589,0,12,8,100,66.75,65.12,78.76,63.35,80.67,71.54,62.69,60.67
1622,38308,72.15,54.99910922978786,0.3752806486548167,0,14,8,100,61.36,72.01,67.66,78.05,73.93,78.66,71.71,73.83
1623,40360,70.94,55.16026272186405,0.3779406260280408,1,15,8,100,78.24,80.71,62.92,78.18,73.76,66.55,61.17,65.96
1624,44491,70.3,55.75027666038248,0.4086975286055424,3,8,8,100,66.88,64.42,77.85,64.82,82.12,71.86,66.26,68.16
1625,38711,62.85,54.97055362991024,0.3213816889026747,0,13,8,100,65.84,62.42,65.86,63.76,62.19,62.39,68.17,52.18
1626,41532,63.2,55.22489253156885,0.3203379126794562,0,6,8,100,58.43,62.66,71.13,68.43,59.96,57.29,63.98,63.72
1627,38711,71.06,53.52036199585803,0.3301173200237212,0,13,8,100,60.8,68.84,72.6,72.67,74.0,77.7,72.47,69.38
1628,37905,60.15,54.14984452247039,0.3272704439947662,0,15,8,100,65.38,60.52,53.87,53.27,58.76,58.99,70.29,60.14
1629,42778,64.54,53.9912579425091,0.3586591112998922,1,9,8,100,54.59,54.33,63.4,74.98,66.69,59.71,70.05,72.57
1630,36696,65.39,55.627851868197496,0.2813016364051846,0,18,8,100,61.06,71.87,63.37,70.02,64.86,66.37,61.83,63.77
1631,41532,60.34,56.28014971041317,0.2971353942341435,0,6,8,100,59.68,55.67,68.27,54.65,61.94,66.13,55.39,61.0
1632,43584,67.69,54.03089000739132,0.3280436409408966,1,7,8,100,67.99,61.09,77.01,55.54,70.74,69.67,73.66,65.82
1633,38711,65.5,55.03190374761766,0.3944535485309107,0,13,8,100,63.03,68.94,68.31,67.25,63.68,71.12,57.76,63.94
1634,37905,60.1,54.57127495577955,0.3784025547291653,0,15,8,100,58.45,61.62,67.03,54.74,63.22,50.82,63.06,61.9
1635,43433,65.6,55.40421983763639,0.3402873347429557,2,9,8,100,70.59,58.07,71.08,69.26,62.79,62.88,63.25,66.86
1636,42588,71.63,53.29313074274944,0.3005791218543847,0,4,8,100,74.99,78.06,75.74,65.52,62.5,74.88,77.57,63.79
1637,38711,62.82,55.4287461451547,0.4120727442993226,0,13,8,100,65.77,66.64,66.51,62.33,65.22,57.84,63.48,54.79
1638,37099,64.99,56.37507348803255,0.3907735254100621,0,17,8,100,68.99,61.61,64.18,60.58,65.35,62.65,60.13,76.43
1639,36293,56.48,55.39440072611661,0.3220131545741184,0,19,8,100,47.98,59.1,51.18,60.42,51.76,66.97,61.5,52.94
1640,35084,64.74,55.38020551557205,0.3839208414123313,0,22,8,100,69.04,68.81,67.18,56.51,62.19,60.49,63.77,69.97
1641,38308,69.41,54.71087915690994,0.3403711864273109,0,14,8,100,73.72,69.31,73.39,73.67,68.63,68.04,71.25,57.28
1642,42778,68.27,55.02005159337698,0.4099800699009635,1,9,8,100,76.09,59.9,61.95,63.39,71.09,74.14,60.06,79.53
1643,42375,59.65,56.12561671508375,0.3304557378444135,1,10,8,100,66.22,54.95,63.43,57.67,66.13,66.13,53.11,49.58
1644,39114,70.03,55.96447999247668,0.3301818233969332,0,12,8,100,61.34,68.17,78.13,73.6,69.67,77.1,72.17,60.08
1645,40323,71.21,55.19411648927623,0.352607544081658,0,9,8,100,82.79,71.97,65.36,64.77,68.39,74.78,73.81,67.8
1646,42778,65.32,55.17038237408122,0.3945054352438266,1,9,8,100,57.21,71.47,60.39,58.53,72.58,75.0,63.82,63.57
1647,39517,68.26,55.02888065602881,0.2799805823842139,0,11,8,100,69.99,67.68,71.38,65.48,67.99,63.72,66.88,72.94
1648,41821,68.11,53.80034327766683,0.3526274619359925,2,13,8,100,62.06,64.94,67.9,71.82,64.05,63.02,73.16,77.91
1649,39920,75.69,54.73535120770473,0.3211728300698551,0,10,8,100,78.9,70.69,69.4,65.57,75.71,94.0,78.54,72.69
1650,37502,71.96,55.77430515355841,0.3438235592712487,0,16,8,100,61.67,75.0,77.47,75.76,76.91,60.05,72.66,76.18
1651,42375,76.11,54.80409517342008,0.2493942058672318,1,10,8,100,64.71,76.63,80.81,77.19,69.34,83.4,85.17,71.64
1652,37905,65.15,54.849438493857576,0.346522344303646,0,15,8,100,75.15,69.27,62.93,56.88,70.85,70.21,60.42,55.47
1653,41821,63.14,55.15776856589395,0.3050460029540499,2,13,8,100,63.25,62.59,58.7,60.4,62.12,55.43,71.85,70.81
1654,40323,60.39,54.41512017063141,0.3465360210461815,0,9,8,100,64.78,51.73,67.07,66.56,64.38,61.23,59.58,47.82
1655,41532,76.73,55.41918999614597,0.3423103956592544,0,6,8,100,68.72,82.73,89.52,84.45,66.33,78.57,69.56,73.94
1656,44088,52.11,53.947163978428485,0.3884905599294495,3,9,8,100,62.73,45.0,61.41,50.88,51.72,46.63,48.88,49.65
1657,40726,60.17,56.830173766749645,0.3602633719343306,0,8,8,100,56.84,64.67,63.09,54.71,53.39,68.28,54.48,65.88
1658,40323,79.36,54.83941435295778,0.3656688267963737,0,9,8,100,73.79,91.15,78.76,78.09,77.74,84.29,69.52,81.52
1659,37502,61.16,55.662580793617785,0.411517800747077,0,16,8,100,67.94,67.11,69.14,51.77,65.5,50.32,62.06,55.45
1660,41532,49.23,55.79650687224463,0.391372871730373,0,6,8,100,45.92,46.74,54.46,44.1,57.46,48.86,47.45,48.86
1661,43181,68.05,56.20924309619527,0.3636943122241073,1,8,8,100,72.8,62.7,77.31,71.1,68.53,59.92,63.94,68.13
1662,39114,73.35,55.251881488877885,0.3227247591418719,0,12,8,100,78.77,66.94,79.97,65.33,81.06,74.91,65.19,74.64
1663,39517,69.06,55.1528276399689,0.3816450880097083,0,11,8,100,67.89,72.84,67.72,64.2,62.93,74.56,75.01,67.3
1664,44340,66.62,56.21098363830831,0.2612594761472044,4,10,8,100,60.63,74.9,69.99,70.46,66.3,63.6,59.51,67.54
1665,37502,64.97,55.16381027998183,0.302794772828621,0,16,8,100,62.05,57.88,70.72,57.21,68.55,65.16,70.88,67.29
1666,39114,57.97,53.67523309511223,0.3483685889069133,0,12,8,100,55.07,54.42,62.77,56.65,65.33,56.54,60.78,52.21
1667,42375,65.5,56.45728421976967,0.3441093302006878,1,10,8,100,70.24,60.28,66.19,68.62,63.92,63.16,72.42,59.13
1668,43433,74.99,55.56860297298503,0.3001812479431127,2,9,8,100,64.75,80.76,70.5,81.82,79.67,77.53,81.3,63.58
1669,43937,69.14,54.24193597951251,0.3750263485117794,4,11,8,100,71.6,66.74,74.98,61.88,79.26,69.06,66.13,63.49
1670,42778,66.85,55.48424634120835,0.3948065519675394,1,9,8,100,59.17,63.4,75.28,68.9,66.15,64.42,69.96,67.49
1671,38308,63.88,54.888541613097566,0.3727071369723088,0,14,8,100,66.19,56.05,68.0,63.43,68.67,64.23,70.95,53.52
1672,44642,50.64,55.321771189782346,0.3340143096615426,2,6,8,100,51.16,47.99,46.4,51.69,58.86,59.54,44.35,45.1
1673,40726,68.17,54.58708871106446,0.4155453428143416,0,8,8,100,72.89,74.14,63.18,64.3,68.29,76.51,61.04,65.04
1674,39517,69.38,57.75515245139616,0.2570372174955429,0,11,8,100,67.65,72.74,74.55,68.0,56.3,73.49,69.65,72.69
1675,38711,73.35,55.3175136049282,0.3225264932473088,0,13,8,100,64.75,71.47,83.51,70.43,78.7,71.78,71.02,75.11
1676,147048,72.28,55.25333256921578,0.3083664621601569,12,4,8,100,70.21,67.2,80.0,82.13,66.69,64.62,66.97,80.39
1677,42627,75.62,55.78108787727258,0.3446826653557204,2,11,8,100,85.42,66.32,66.7,72.96,82.5,71.98,73.81,85.24
1678,39920,67.09,54.53667628340838,0.3211256825706851,0,10,8,100,74.94,61.47,60.97,66.39,55.98,69.09,72.23,75.65
1679,38308,77.52,55.1260373766626,0.3336778953026513,0,14,8,100,81.51,68.44,67.63,88.79,85.54,69.45,76.15,82.66
1680,42588,76.42,54.94972776423162,0.4406311350807446,0,4,8,100,74.59,78.0,69.62,74.86,78.38,77.88,81.61,76.46
1681,43534,61.27,53.69263135931424,0.3350828489598423,4,12,8,100,63.5,64.99,64.36,53.55,53.75,65.65,58.66,65.7
1682,37502,64.53,54.79629327964279,0.3800926109027092,0,16,8,100,57.21,65.16,69.17,58.75,64.15,66.94,65.73,69.09
1683,43030,61.47,55.49268019814262,0.3576360812682528,2,10,8,100,72.0,60.05,54.23,71.86,52.95,67.16,59.15,54.33
1684,38308,58.05,55.35959657385319,0.3497882376410244,0,14,8,100,65.3,62.82,56.52,52.87,58.46,55.58,50.09,62.74
1685,39114,67.81,55.515784707856575,0.3266984334953468,0,12,8,100,74.46,71.61,77.19,73.88,57.34,68.88,59.85,59.25
1686,39920,70.44,54.1901800514409,0.4441333806098352,0,10,8,100,68.34,70.44,68.27,66.52,66.54,73.38,80.16,69.89
1687,40726,61.37,55.031381621861634,0.3427755548568509,0,8,8,100,64.69,66.14,52.36,60.35,69.36,64.23,52.82,60.98
1688,44239,68.9,55.0990894498605,0.3365408230046016,2,7,8,100,69.49,69.04,64.91,70.08,61.84,74.32,77.52,63.98
1689,39920,62.32,55.87748380528072,0.3600327881550651,0,10,8,100,68.28,60.49,58.04,60.35,59.65,67.21,57.05,67.53
1690,39517,66.44,56.33464522387594,0.3293819662020111,0,11,8,100,55.6,68.22,69.45,69.31,77.7,70.22,54.16,66.85
1691,45851,62.42,56.06916131991807,0.3311752066680208,2,3,8,100,60.38,69.8,63.58,72.07,55.53,61.22,59.76,57.06
1692,39517,50.38,53.85774325452884,0.3161378234798691,0,11,8,100,46.88,53.0,49.32,48.51,56.58,50.08,50.31,48.39
1693,37905,71.55,55.79771054347965,0.3842417342898191,0,15,8,100,77.19,72.94,72.55,67.93,77.42,73.95,68.59,61.81
1694,39920,71.03,54.20848978082636,0.3968894010795455,0,10,8,100,81.77,67.86,65.06,82.53,63.39,66.82,69.97,70.81
1695,37905,72.7,56.96906978077948,0.3173467783424583,0,15,8,100,75.33,78.16,64.25,66.53,76.24,65.71,79.24,76.12
1696,44239,64.79,55.39223214876486,0.3007485332185692,2,7,8,100,70.14,64.02,64.31,55.63,69.3,62.88,69.68,62.39
1697,44995,64.14,55.17838044889718,0.2836488985766079,5,10,8,100,59.21,59.88,70.0,73.24,66.78,69.17,54.62,60.19
1698,39114,60.47,55.5414677891639,0.3224318562656196,0,12,8,100,62.0,63.4,53.71,65.21,56.31,65.3,52.51,65.33
1699,41129,71.39,55.20270684401255,0.378195576396123,0,7,8,100,70.53,66.31,73.7,66.92,75.91,73.61,65.75,78.39
1700,39920,73.64,55.09594260921894,0.3341381529031758,0,10,8,100,68.45,68.44,81.72,67.57,70.27,79.06,80.36,73.27
1701,43937,78.7,55.05420094480395,0.4097527483907928,4,11,8,100,75.14,79.22,84.07,81.3,74.51,71.93,82.02,81.37
1702,40726,68.29,55.38023639944547,0.4372254799916312,0,8,8,100,81.75,69.29,68.57,61.56,65.18,70.37,66.48,63.15
1703,42627,65.96,55.06320503577447,0.3613416575941441,2,11,8,100,67.36,64.14,63.28,75.33,62.86,63.69,68.44,62.55
1704,39517,58.98,55.79694193288604,0.3452516370760944,0,11,8,100,59.54,51.92,66.34,61.75,60.22,59.22,52.99,59.86
1705,38711,72.75,53.24480462377157,0.2756922052200544,0,13,8,100,67.3,72.22,76.54,72.08,82.27,76.25,62.12,73.2
1706,43836,76.3,54.55857251543993,0.3661489318743238,2,8,8,100,79.09,80.28,75.18,64.92,83.79,74.15,77.45,75.52
1707,42627,68.48,56.07737428515407,0.2858303618896013,2,11,8,100,71.15,63.87,76.4,72.68,60.14,76.37,65.5,61.73
1708,37905,60.02,53.87227357111579,0.2907868924443246,0,15,8,100,71.05,60.74,52.78,62.81,59.95,60.39,53.54,58.9
1709,39517,64.93,55.934562958099065,0.3144571581589487,0,11,8,100,63.34,65.7,64.9,64.79,68.96,66.06,62.68,63.0
1710,39114,63.24,54.57990075922947,0.2569883140712783,0,12,8,100,57.31,68.51,57.82,58.37,60.48,70.2,61.7,71.54
1711,39517,63.82,54.86134326814386,0.32858358462908,0,11,8,100,56.57,65.18,65.29,61.25,65.41,58.44,70.06,68.33
1712,37905,63.51,55.2765188450662,0.3075733923705678,0,15,8,100,62.16,56.12,71.24,63.44,60.06,56.32,71.68,67.09
1713,42741,60.21,54.91870919391605,0.3344901966360422,0,3,8,100,65.5,59.37,54.68,63.98,52.55,55.77,71.29,58.52
1714,40323,64.06,55.28948694425272,0.3274266601459609,0,9,8,100,66.98,70.68,53.63,63.34,60.72,61.74,69.94,65.44
1715,38308,60.35,56.71710227836961,0.4043461757318795,0,14,8,100,68.46,58.16,63.55,57.31,66.77,52.65,59.53,56.34
1716,40323,50.34,55.695604862959215,0.2898243722987677,0,9,8,100,42.49,46.23,48.0,54.62,53.55,50.15,56.85,50.82
1717,45297,70.03,55.67674834900843,0.2735452762080729,3,6,8,100,69.83,74.67,63.26,66.06,63.96,70.39,72.49,79.58
1718,38711,68.42,55.21779592215043,0.275230759065778,0,13,8,100,62.41,76.92,73.16,67.55,70.64,59.72,61.96,74.99
1719,44239,71.97,56.16983059036032,0.3767450780820008,2,7,8,100,63.62,65.33,75.46,63.51,81.74,83.48,76.74,65.88
1720,45952,74.76,54.89022430367828,0.2919003155990526,4,6,8,100,73.15,72.95,74.43,77.11,78.06,71.17,74.2,77.04
1721,42224,60.86,55.903536545302565,0.2674586389465599,2,12,8,100,51.61,63.39,69.82,62.8,61.05,58.96,58.99,60.28
1722,43030,66.31,53.99626394660601,0.3978030539590322,2,10,8,100,69.4,77.55,68.6,58.53,60.38,70.61,68.41,57.0
1723,36696,59.34,55.00355774279285,0.3564683994545163,0,18,8,100,69.63,57.04,60.54,52.07,54.6,61.58,54.49,64.81
1724,38308,63.78,56.278212104011885,0.2851430665367205,0,14,8,100,66.79,52.54,57.06,69.98,69.83,59.74,60.42,73.85
1725,37099,61.45,56.540919558205545,0.3452641832780358,0,17,8,100,72.81,63.67,55.44,58.99,54.77,55.59,69.39,60.97
1726,37502,66.15,54.54155116733519,0.3734663312210549,0,16,8,100,62.11,69.68,61.44,68.37,70.44,60.76,68.53,67.89
1727,43584,67.81,53.19152282252791,0.380375472561099,1,7,8,100,71.6,75.33,70.91,60.62,70.15,60.38,54.72,78.76
1728,42728,76.42,55.24517837471252,0.328003690368504,4,14,8,100,77.56,83.2,76.49,72.5,79.29,79.65,79.54,63.15
1729,45952,62.94,55.04928970730915,0.3725056706131516,4,6,8,100,71.96,73.6,54.63,61.49,60.86,58.96,68.08,53.96
1730,45146,71.66,55.00695560804309,0.3960633492545227,4,8,8,100,74.71,71.89,78.31,70.11,62.96,80.1,66.21,68.99
1731,39114,66.43,53.84220926920763,0.3464835196290414,0,12,8,100,67.19,68.1,61.35,70.58,69.17,62.77,63.93,68.34
1732,41532,66.34,55.61540274468338,0.3630505434133321,0,6,8,100,72.35,68.07,68.67,55.77,72.4,66.28,60.47,66.7
1733,38711,62.68,54.82357921189845,0.336691557989036,0,13,8,100,61.07,71.8,70.32,60.29,63.65,56.54,55.8,61.93
1734,42224,62.87,54.092557812333325,0.3203040538023332,2,12,8,100,63.39,65.47,66.79,63.24,59.92,59.1,68.55,56.52
1735,39114,67.82,55.09467660696655,0.2777326248627785,0,12,8,100,77.43,59.2,65.16,68.45,63.56,72.81,67.39,68.55
1736,43534,72.32,55.035074238743455,0.3365140185508039,4,12,8,100,63.32,71.26,69.86,64.65,83.97,79.95,67.47,78.11
1737,41129,64.5,54.51099316510548,0.2860331962965363,0,7,8,100,72.64,57.07,56.32,57.48,61.72,75.69,66.69,68.37
1738,43534,69.73,53.91518594603655,0.3024410039558626,4,12,8,100,68.65,76.59,64.08,59.88,68.54,71.13,73.17,75.83
1739,43836,59.79,55.238019214947535,0.277006181947694,2,8,8,100,59.51,59.19,65.81,54.68,63.84,53.28,56.02,66.01
1740,39517,58.48,56.636592371935166,0.3767833531601682,0,11,8,100,55.47,53.48,61.09,62.82,52.3,65.77,59.02,57.93
1741,38308,67.66,54.967317828502935,0.388895739466821,0,14,8,100,71.39,70.71,68.32,62.27,73.29,65.43,70.9,59.0
1742,43836,66.71,55.688330074760735,0.3523636862831247,2,8,8,100,73.44,66.57,70.7,58.38,68.01,66.44,70.28,59.87
1743,42627,70.75,54.83908588514955,0.3829640095280275,2,11,8,100,73.28,75.66,73.08,63.01,79.85,73.08,70.6,57.45
1744,39920,65.72,55.403709947937415,0.3679409362581278,0,10,8,100,70.22,64.06,63.43,71.91,58.22,75.74,59.44,62.71
1745,39517,55.29,55.5745539141125,0.2817608254977604,0,11,8,100,62.49,61.86,51.67,53.68,50.07,53.59,49.79,59.16
1746,39920,59.9,55.16415673841146,0.3160766276753791,0,10,8,100,57.29,55.43,52.8,51.32,65.48,65.55,67.12,64.22
1747,37905,64.75,54.54451003213692,0.3253329425646802,0,15,8,100,59.69,64.83,65.55,70.39,59.62,63.82,71.31,62.78
1748,44743,55.93,55.06721544671122,0.4194300017694007,4,9,8,100,58.62,54.99,59.78,50.36,56.39,58.32,56.62,52.35
1749,43030,57.94,55.547997712466895,0.36202387897789,2,10,8,100,60.89,56.26,54.11,54.49,63.29,55.5,61.32,57.62
1750,43030,63.22,55.07103124197469,0.35259222648576,2,10,8,100,56.02,68.95,59.85,62.74,72.15,61.18,70.18,54.7
1751,44642,64.45,56.413024451590296,0.3612081122614237,2,6,8,100,62.85,61.67,72.69,76.03,72.35,51.42,58.24,60.32
1752,43937,62.04,56.50785608719672,0.2653245873117389,4,11,8,100,59.7,54.54,61.48,60.8,69.64,71.85,56.79,61.48
1753,41418,61.04,55.64193913284083,0.3158259348750041,2,14,8,100,61.6,59.77,67.4,55.99,54.1,70.38,53.09,65.96
1754,37905,64.2,55.328615194511634,0.4106448907486391,0,15,8,100,64.82,59.2,68.76,67.84,63.46,61.62,56.47,71.47
1755,39114,50.93,55.26190294074795,0.3653548283492527,0,12,8,100,56.07,45.6,53.08,53.52,44.95,48.29,49.63,56.28
1756,41532,68.46,55.04927165514994,0.378895690290074,0,6,8,100,74.92,73.04,63.67,76.67,62.71,61.94,67.04,67.67
1757,40726,65.66,55.44444423947054,0.4080807533703093,0,8,8,100,72.53,59.17,71.08,63.68,68.81,64.89,65.93,59.16
1758,38308,78.88,55.64154760054504,0.2639370388823804,0,14,8,100,73.61,86.72,67.6,86.77,70.84,79.08,88.06,78.34
1759,38308,69.77,56.24165578544735,0.3165854664689367,0,14,8,100,75.22,58.75,67.89,75.94,61.88,69.2,75.13,74.14
1760,39517,67.96,54.80338755132664,0.3147570189732152,0,11,8,100,68.53,72.1,56.79,71.83,64.92,65.37,73.95,70.18
1761,39920,63.03,54.7450763860202,0.2867534417307456,0,10,8,100,58.31,67.94,64.6,55.98,69.43,65.26,57.21,65.53
1762,42627,62.7,55.97254159026168,0.346323112305867,2,11,8,100,57.16,55.7,66.89,65.25,66.08,51.93,71.71,66.89
1763,39114,63.36,56.56522141948695,0.3560468482573472,0,12,8,100,67.69,64.85,65.46,56.12,64.57,54.98,62.28,70.96
1764,43433,67.95,55.96228097763351,0.3396481840612217,2,9,8,100,69.23,60.45,75.7,71.17,65.69,66.25,67.54,67.53
1765,46204,64.68,54.91793174768449,0.4331297558628919,5,7,8,100,70.19,58.06,65.12,68.43,56.56,57.28,70.8,70.98
1766,44239,67.32,54.892847394038704,0.2909866925256757,2,7,8,100,76.68,68.34,64.33,60.57,63.91,76.3,58.34,70.12
1767,42894,62.24,56.53275950150892,0.2895370061254875,0,2,8,100,67.5,65.8,63.16,57.65,55.62,66.78,63.49,57.94
1768,39114,68.59,56.48833107955311,0.3665292341109158,0,12,8,100,65.05,66.98,72.69,62.84,69.49,75.27,74.13,62.29
1769,39920,64.89,55.89534476483759,0.2438495386609681,0,10,8,100,70.69,70.38,60.78,62.25,69.17,62.99,61.26,61.57
1770,42627,60.52,55.5947300686868,0.328513673624328,2,11,8,100,70.2,53.67,60.89,57.22,53.43,59.06,65.5,64.18
1771,45549,66.45,54.6571090603442,0.3701291634493105,4,7,8,100,73.06,64.31,69.19,68.83,62.59,62.68,63.02,67.93
1772,39114,66.28,55.91345285626644,0.3642756089331391,0,12,8,100,63.13,64.34,57.27,70.3,68.4,75.25,69.53,62.02
1773,40726,74.58,56.43932176805459,0.3525117126786122,0,8,8,100,73.26,77.26,83.39,74.36,79.72,64.57,73.49,70.59
1774,42627,57.26,55.4625976098662,0.3417923763335689,2,11,8,100,46.98,64.44,63.25,55.28,60.98,63.14,50.3,53.75
1775,40726,65.91,55.69093046958943,0.2299235970069178,0,8,8,100,73.43,73.76,66.62,60.61,64.79,60.05,56.4,71.65
1776,38711,73.3,54.51598647642183,0.340423533308376,0,13,8,100,68.5,65.23,78.56,72.01,83.55,74.17,70.83,73.52
1777,43433,61.64,55.936289637644485,0.3624225660809153,2,9,8,100,59.95,59.83,59.42,56.91,65.2,57.11,68.32,66.34
1778,39920,59.8,55.39229212131186,0.3477181415659146,0,10,8,100,64.47,56.79,67.6,52.05,55.5,63.28,64.11,54.62
1779,39517,70.8,53.96191082230921,0.3570617569979475,0,11,8,100,75.56,68.09,60.73,70.29,68.6,65.14,78.27,79.73
1780,41532,69.36,56.27176375328491,0.311790110290571,0,6,8,100,74.66,62.23,60.27,64.83,66.08,77.17,72.42,77.21
1781,43181,72.25,53.92122002174232,0.2679858406170375,1,8,8,100,71.53,58.58,65.75,80.68,71.61,75.11,72.86,81.86
1782,44890,69.19,55.62380511902919,0.2987718567993709,1,5,8,100,60.92,72.38,68.99,66.74,76.42,76.24,67.82,63.99
1783,43131,62.98,54.730043424295815,0.3187190148612931,4,13,8,100,56.0,55.7,76.52,58.58,63.94,64.83,63.72,64.53
1784,39517,72.25,54.49765537693062,0.2793821647364461,0,11,8,100,79.32,69.96,62.16,72.7,80.97,73.01,74.65,65.2
1785,45043,67.21,55.19752572515178,0.3652548455298667,1,4,8,100,68.27,66.77,62.15,76.22,67.61,68.96,58.24,69.48
1786,39114,68.12,55.66688989547112,0.2192481868291025,0,12,8,100,62.38,69.07,66.75,77.4,58.03,77.39,72.52,61.42
1787,39517,66.66,54.54071887002557,0.3116516548676905,0,11,8,100,66.08,56.76,69.63,72.81,71.28,55.91,68.61,72.22
1788,46456,56.48,54.60094308076267,0.2950728343664324,6,8,8,100,48.39,63.9,63.49,63.78,56.97,50.18,50.75,54.37
1789,39517,65.58,56.04637294430291,0.2429375245921545,0,11,8,100,72.61,70.04,57.51,57.22,68.7,68.48,70.81,59.27
1790,41418,67.18,54.57616864677506,0.2380357263874798,2,14,8,100,73.85,60.6,65.59,63.44,70.37,74.48,67.86,61.27
1791,38711,74.79,55.0764888595997,0.3822756268185299,0,13,8,100,85.17,77.86,71.37,67.9,85.33,63.84,78.22,68.6
1792,39517,70.09,53.55527544409601,0.4335991914447151,0,11,8,100,70.8,72.74,64.78,80.8,58.17,67.04,76.77,69.58
1793,37099,62.49,55.07669094623001,0.3254436119237319,0,17,8,100,66.91,50.64,60.58,65.21,69.29,64.01,65.49,57.8
1794,44239,67.75,54.7005721874538,0.3965894866248822,2,7,8,100,70.97,70.44,59.62,66.23,68.95,71.73,62.28,71.81
1795,44239,65.44,55.76521608668147,0.4194248840182331,2,7,8,100,55.74,68.97,62.33,64.54,76.97,67.35,68.54,59.06
1796,45698,66.46,56.644312057124914,0.3888896679795435,2,4,8,100,68.23,69.82,75.09,68.9,66.53,61.06,57.44,64.6
1797,44189,65.98,54.29572594241546,0.3112659777674029,5,12,8,100,70.6,70.85,61.14,68.71,58.04,68.95,68.23,61.36
1798,41129,76.6,55.76673713688373,0.4393966643343134,0,7,8,100,75.68,81.1,87.97,74.47,74.55,69.86,72.95,76.19
1799,37905,65.14,54.82789221564956,0.2696760708879575,0,15,8,100,62.99,64.62,72.42,67.56,59.39,72.08,62.78,59.28
1800,39920,62.04,55.59833437069931,0.3004671889227386,0,10,8,100,65.86,52.64,60.25,60.65,69.41,62.32,65.34,59.86
1801,39114,62.16,55.8527679343134,0.3764383090608871,0,12,8,100,61.78,59.0,65.53,55.64,60.7,67.46,66.98,60.19
1802,38711,58.85,55.40653133784223,0.2669147096248129,0,13,8,100,52.67,59.86,53.3,56.95,66.28,59.27,54.31,68.15
1803,41129,66.3,54.42016559383417,0.3260699887409211,0,7,8,100,76.91,63.58,58.75,65.81,73.29,66.86,64.32,60.84
1804,46456,67.6,55.88314714130658,0.246563502274354,6,8,8,100,78.06,74.22,58.26,63.25,71.48,64.09,68.06,63.34
1805,43836,66.92,56.66372001947491,0.2779599815866899,2,8,8,100,61.27,73.13,66.78,71.48,62.74,55.53,70.55,73.88
1806,41129,65.32,56.28205346957874,0.3011271711010016,0,7,8,100,61.05,71.6,58.32,68.84,64.97,65.35,61.89,70.57
1807,44642,61.6,55.633127285213504,0.3923118749062999,2,6,8,100,70.71,57.97,69.63,56.63,57.34,59.2,67.06,54.26
1808,40323,70.18,54.39525270775832,0.3583847878253616,0,9,8,100,73.3,65.82,68.52,77.78,69.62,63.43,69.33,73.62
1809,45801,65.52,55.50865847696039,0.3064594442962524,5,8,8,100,70.22,66.04,60.57,68.07,63.86,69.58,56.18,69.62
1810,38711,62.39,56.28335755156693,0.2398512110927744,0,13,8,100,57.53,64.24,61.29,64.68,55.24,62.38,63.39,70.39
1811,39920,79.3,56.2616068096637,0.4103399024824031,0,10,8,100,73.84,79.05,76.26,83.41,72.59,87.26,79.63,82.38
1812,37905,61.54,54.8631128326024,0.3083971314107952,0,15,8,100,65.77,54.58,61.89,66.75,61.49,64.03,57.35,60.48
1813,45549,63.29,54.54673026058728,0.3983604715744663,4,7,8,100,58.49,70.3,61.46,62.41,60.18,73.65,66.52,53.3
1814,40323,77.5,53.76509995640478,0.2862255073369136,0,9,8,100,75.72,70.17,83.47,85.62,72.78,74.56,75.56,82.16
1815,39517,71.55,54.62254713334927,0.3020481571482956,0,11,8,100,73.65,67.0,72.51,72.86,75.04,70.7,68.57,72.04
1816,45952,80.56,56.36413708765014,0.3405328495231092,4,6,8,100,87.31,86.23,70.49,85.0,82.37,76.49,81.24,75.31
1817,42627,72.43,54.749908833912016,0.298707652178795,2,11,8,100,76.14,59.15,75.25,65.45,76.85,75.17,74.83,76.6
1818,39114,56.72,55.908635385000046,0.2744656025454016,0,12,8,100,64.7,62.92,51.92,63.2,49.68,62.35,49.78,49.22
1819,44340,73.09,55.62486930698388,0.3252456109304035,4,10,8,100,67.03,66.8,68.88,70.26,75.26,87.09,75.28,74.13
1820,39114,61.23,54.9054603791985,0.3046929608612018,0,12,8,100,70.26,63.98,58.71,54.19,61.23,60.4,60.71,60.36
1821,42375,59.13,55.87358735296358,0.3061493425104151,1,10,8,100,54.65,51.72,57.49,67.93,47.67,67.09,62.28,64.23
1822,38308,55.9,56.45488408475123,0.3188962655190973,0,14,8,100,53.25,51.14,55.04,63.21,56.56,64.75,50.28,52.96
1823,45549,60.48,54.685628824813946,0.253497349345112,4,7,8,100,55.28,62.56,61.39,57.95,64.17,52.95,65.68,63.84
1824,44239,52.42,54.171557793398186,0.3105190270546001,2,7,8,100,57.42,52.24,55.75,52.96,50.34,52.78,47.97,49.94
1825,40323,70.14,56.16031494779925,0.3296629093420982,0,9,8,100,77.87,59.73,68.33,74.97,69.04,68.11,76.71,66.37
1826,39114,71.98,55.1080418970681,0.2306376068054683,0,12,8,100,68.26,77.03,74.39,74.07,75.27,75.33,63.56,67.97
1827,42224,59.08,55.71289995932669,0.2638256727170144,2,12,8,100,52.38,57.2,60.59,59.91,65.68,60.49,54.87,61.53
1828,43030,71.14,56.63914531851938,0.2692547106284928,2,10,8,100,68.38,69.92,72.81,65.54,65.59,83.0,73.73,70.18
1829,46200,56.3,56.66492785482155,0.3186135287423589,3,5,8,100,53.53,48.24,61.56,66.37,47.22,61.05,54.67,57.73
1830,42435,67.4,54.98924817733828,0.2991619084497733,0,5,8,100,73.39,71.3,66.2,59.95,68.0,71.84,60.12,68.43
1831,45698,61.26,54.22897489782505,0.2765802489893297,2,4,8,100,58.98,56.92,70.58,57.13,56.58,58.8,68.41,62.67
1832,41532,68.66,54.29814328080309,0.3149167725407846,0,6,8,100,67.68,75.05,66.11,60.06,64.53,63.69,77.2,74.92
1833,40323,63.9,55.21574049099663,0.3301759130082359,0,9,8,100,69.27,74.24,53.86,57.43,73.56,63.1,59.14,60.61
1834,40323,68.63,54.672775938894034,0.2491237226663669,0,9,8,100,76.81,73.82,66.77,76.46,58.83,59.42,60.28,76.69
1835,41129,59.93,56.21691521496293,0.2786179760162625,0,7,8,100,66.99,65.02,55.72,60.17,61.29,51.08,61.06,58.08
1836,42375,70.72,56.14355800410723,0.3776100763201523,1,10,8,100,70.72,60.26,70.47,78.97,74.76,59.06,74.91,76.6
1837,45801,60.12,55.823964966013655,0.292506406646036,5,8,8,100,55.28,62.82,65.45,53.57,61.5,63.82,66.26,52.26
1838,38308,72.2,54.57049821505913,0.2980110880593448,0,14,8,100,75.16,77.98,76.86,77.03,58.11,68.1,71.72,72.67
1839,43534,78.62,55.79676667385206,0.3679421117792976,4,12,8,100,81.78,79.48,75.65,78.38,79.29,85.44,82.65,66.29
1840,43030,59.44,56.78719115067516,0.2998938889546026,2,10,8,100,66.48,60.35,59.44,64.54,49.46,64.48,48.21,62.58
1841,44340,65.92,55.47920957563056,0.3443862275590095,4,10,8,100,72.88,69.15,68.98,71.56,62.9,64.64,54.66,62.62
1842,37905,67.38,55.63774527219137,0.3120937823248267,0,15,8,100,62.4,76.47,57.46,57.05,71.51,74.73,69.68,69.71
1843,42476,59.41,55.1588897496584,0.3354112979906472,3,13,8,100,61.37,61.58,53.88,59.51,60.71,55.08,61.02,62.1
1844,46200,61.06,54.90082271487379,0.3229952713419165,3,5,8,100,66.54,57.82,63.99,65.59,52.55,55.4,66.03,60.57
1845,40726,69.05,54.6397890641878,0.3184714600679166,0,8,8,100,66.84,74.69,59.92,80.37,59.5,77.35,58.78,74.94
1846,43433,69.51,55.72863477497891,0.2919992114913081,2,9,8,100,80.65,66.0,55.95,60.03,70.51,65.49,78.82,78.66
1847,40323,68.31,54.82002222038083,0.4145036284941367,0,9,8,100,71.8,65.31,61.89,75.26,62.03,72.56,65.77,71.86
1848,40726,66.67,55.40521350411787,0.3237432053595689,0,8,8,100,61.09,73.67,71.24,63.45,58.31,73.77,64.62,67.23
1849,46200,68.65,57.06025044958137,0.2904356238495225,3,5,8,100,69.72,72.23,77.41,58.01,66.1,69.9,74.35,61.5
1850,44642,64.7,55.35457008469638,0.3670492448313738,2,6,8,100,57.41,62.63,73.57,68.88,65.09,65.47,70.7,53.82
1851,37905,77.25,54.53624424091958,0.3993986146684877,0,15,8,100,81.43,72.78,74.51,80.09,79.55,81.63,71.95,76.09
1852,41129,67.73,55.65933587909251,0.2634540476506026,0,7,8,100,67.98,65.71,72.68,57.96,65.34,73.24,75.98,62.93
1853,43584,70.88,53.7737744595076,0.2487749221138574,1,7,8,100,76.59,67.74,72.24,65.57,71.69,76.65,68.32,68.23
1854,41532,61.56,56.49966223820778,0.3391601102194747,0,6,8,100,59.52,64.75,56.14,64.12,62.76,58.11,70.35,56.75
1855,45545,69.32,55.0612615723023,0.3673712021445501,2,5,8,100,68.51,64.02,72.91,80.22,70.36,65.57,64.78,68.16
1856,37099,67.26,55.18839264366259,0.2764968735474881,0,17,8,100,62.54,61.83,77.19,73.98,67.01,64.52,66.68,64.36
1857,49515,57.52,55.78435501019078,0.2675780154768541,6,5,8,100,48.72,49.45,54.87,63.67,58.23,60.4,64.33,60.46
1858,38711,75.26,54.53822082307428,0.2665475909385685,0,13,8,100,82.84,77.85,81.57,67.36,70.93,75.64,65.92,80.01
1859,38308,58.49,54.78538980456124,0.2389723116480885,0,14,8,100,51.25,66.64,53.74,56.76,61.49,62.0,54.96,61.1
1860,39114,57.2,55.08748393667797,0.2883626231059931,0,12,8,100,53.89,54.78,54.62,57.84,49.38,54.14,66.85,66.07
1861,37099,56.43,54.06972665117229,0.3289637088984929,0,17,8,100,62.27,52.26,69.33,52.67,54.71,53.12,55.3,51.81
1862,49515,56.38,55.39059041082342,0.1962320771163413,6,5,8,100,60.03,60.58,50.05,50.01,61.68,63.25,53.27,52.14
1863,43685,61.77,55.00453715856791,0.3041296314228105,3,10,8,100,54.78,54.97,62.96,70.82,66.53,63.34,58.28,62.51
1864,43433,60.33,56.36576854686565,0.3956393283838895,2,9,8,100,65.22,57.36,61.05,64.68,60.59,55.86,64.17,53.74
1865,39114,61.37,56.28761227422702,0.3191532322253089,0,12,8,100,59.14,60.98,55.9,63.29,70.06,63.53,60.02,58.08
1866,45952,68.2,54.83215264833769,0.3467220777852085,4,6,8,100,69.76,68.24,70.19,72.5,65.59,66.39,71.57,61.39
1867,41532,67.89,53.56610604347032,0.2920095208566658,0,6,8,100,67.31,74.1,67.68,68.79,73.51,63.17,67.79,60.74
1868,41569,79.5,55.4439207514852,0.2875723285714536,1,12,8,100,89.05,81.24,87.33,69.82,72.6,76.05,77.57,82.37
1869,42224,68.67,56.03828297928658,0.206959747744037,2,12,8,100,70.5,66.24,73.26,78.06,71.92,62.57,61.1,65.69
1870,39920,60.06,56.07486099913576,0.3090608153223018,0,10,8,100,50.07,67.4,68.67,63.34,54.75,61.31,60.51,54.47
1871,43836,60.1,55.83494365212417,0.3651062588389412,2,8,8,100,54.81,59.07,57.2,68.74,55.75,70.17,63.54,51.49
1872,40323,64.65,54.99214795109393,0.3859548637729772,0,9,8,100,76.91,70.72,57.94,63.29,70.84,58.74,61.72,57.0
1873,42879,65.14,55.66413027892527,0.3061172721938989,3,12,8,100,70.03,69.29,62.36,65.06,69.09,68.97,59.54,56.74
1874,40323,68.36,53.86898985144743,0.3535120958671005,0,9,8,100,74.78,72.51,77.21,56.96,64.71,69.3,64.75,66.66
1875,44441,63.05,54.29440881014747,0.3147818280797141,6,13,8,100,57.78,67.26,60.36,68.39,53.14,67.44,65.36,64.66
1876,40726,52.58,54.64817230646219,0.2787326419415784,0,8,8,100,48.38,53.22,48.32,57.12,59.35,52.36,53.05,48.87
1877,42435,63.65,55.2716425804675,0.2412243795329933,0,5,8,100,56.52,59.25,68.89,71.63,63.67,62.74,58.23,68.24
1878,43937,73.64,55.34121063619644,0.3356100072693509,4,11,8,100,76.76,74.68,75.83,75.61,75.3,70.35,75.42,65.18
1879,44239,74.84,56.07604761796329,0.3092379397961151,2,7,8,100,68.26,82.52,73.5,80.37,72.3,71.92,79.76,70.12
1880,43685,63.3,54.54626245623588,0.3172246903176028,3,10,8,100,59.43,68.44,65.53,66.84,71.86,54.58,66.53,53.17
1881,42778,69.23,55.21783419703792,0.3013082275967758,1,9,8,100,72.49,70.65,61.1,71.06,69.84,66.7,78.09,63.88
1882,42224,67.72,55.0693982433322,0.3607587856548846,2,12,8,100,61.47,75.25,79.3,63.33,63.02,65.71,68.02,65.69
1883,40726,71.9,55.99311765811018,0.3633603758538923,0,8,8,100,74.45,60.75,79.27,71.01,75.11,65.37,73.13,76.07
1884,44743,67.56,55.96874599409364,0.3300721000775001,4,9,8,100,72.63,60.54,58.9,65.24,73.1,76.21,67.87,66.01
1885,41129,65.83,53.96183655345669,0.3675721880043538,0,7,8,100,68.0,58.24,60.58,60.79,75.8,59.57,71.86,71.8
1886,45545,66.96,55.45340353886452,0.34262358587859,2,5,8,100,66.89,74.58,62.77,63.01,68.49,63.17,62.3,74.51
1887,39920,72.28,54.908283500065245,0.2604090338499617,0,10,8,100,73.4,67.79,81.48,65.56,80.11,73.17,67.09,69.62
1888,46855,72.37,56.29236028649863,0.2770998122387036,4,5,8,100,78.11,76.75,66.82,73.48,67.04,67.83,76.54,72.35
1889,43836,56.32,53.81325264182122,0.2902480415636538,2,8,8,100,59.15,52.34,57.28,60.22,47.2,67.85,52.32,54.23
1890,39114,69.15,54.82965124803826,0.3166242815370633,0,12,8,100,75.61,62.04,76.65,79.15,74.83,62.51,59.99,62.42
1891,43433,56.72,54.41219156349191,0.2970868744638963,2,9,8,100,50.46,53.46,54.52,60.78,56.34,56.53,65.24,56.39
1892,39114,60.85,55.280689839792025,0.3050958900236165,0,12,8,100,53.44,61.74,55.01,70.92,58.55,62.28,56.79,68.09
1893,44642,62.78,55.7743743874447,0.2634578064693775,2,6,8,100,70.69,70.7,63.43,62.35,53.93,59.22,64.49,57.43
1894,44340,69.91,56.171913680556216,0.3243758321861822,4,10,8,100,70.35,69.7,63.32,61.89,71.58,77.63,68.52,76.31
1895,40323,63.34,53.57614372860551,0.3243739310987188,0,9,8,100,53.68,59.0,63.48,70.57,61.05,69.49,59.52,69.9
1896,44088,60.1,56.59977451661011,0.3214076481814935,3,9,8,100,52.22,64.42,56.72,62.07,56.89,65.24,66.9,56.35
1897,39517,67.41,55.63037228707352,0.3400022592359181,0,11,8,100,61.48,63.96,80.38,59.59,79.22,63.92,62.32,68.43
1898,40323,76.71,55.08897328039851,0.4062171187496253,0,9,8,100,87.79,79.73,83.8,71.85,77.58,68.9,78.88,65.16
1899,44642,61.38,55.34207690191603,0.3228208340751793,2,6,8,100,65.01,57.43,56.54,64.47,67.11,66.1,62.59,51.82
1900,42627,62.94,55.95190814664349,0.3193095071687132,2,11,8,100,63.03,59.05,58.93,68.2,65.24,60.57,60.71,67.78
1901,43433,67.31,55.36306311216954,0.2085818618998564,2,9,8,100,62.01,59.38,64.2,65.52,74.05,72.93,68.3,72.1
1902,40726,67.76,54.960605573957615,0.3206460502351023,0,8,8,100,63.42,65.13,64.79,71.45,58.69,73.0,68.6,77.0
1903,38308,61.01,56.17864457359249,0.3078655761922483,0,14,8,100,55.01,61.19,69.76,52.65,66.57,66.2,58.34,58.38
1904,39920,72.11,56.03666705268528,0.2913518305831023,0,10,8,100,75.28,67.67,62.25,73.57,78.65,73.58,72.74,73.13
1905,42627,63.43,56.36688759968505,0.3711685946594512,2,11,8,100,74.48,56.6,56.18,69.26,72.91,59.83,62.1,56.09
1906,41532,61.49,54.10347615952254,0.2919000665933201,0,6,8,100,71.25,60.36,65.44,64.21,58.16,59.38,55.13,57.96
1907,42627,65.21,56.20226686148872,0.3066559030946082,2,11,8,100,56.94,63.46,75.18,69.84,70.25,58.85,71.48,55.69
1908,44894,67.98,56.221880684182935,0.2578909578669984,3,7,8,100,66.88,70.16,77.03,66.07,81.05,61.24,63.66,57.73
1909,41166,60.6,55.69248883171328,0.2973786463734819,1,13,8,100,57.43,65.68,63.68,59.0,62.47,64.16,56.29,56.09
1910,42435,64.98,55.52067513370433,0.3359864221433409,0,5,8,100,70.42,66.25,63.76,70.38,62.91,58.61,69.96,57.54
1911,43836,75.8,55.04543631686534,0.2862685033621895,2,8,8,100,83.41,81.58,81.84,70.93,67.77,75.11,79.6,66.19
1912,43836,68.66,54.7756651699892,0.2644229137716193,2,8,8,100,63.47,62.61,78.33,71.73,65.42,68.21,71.79,67.7
1913,46204,63.43,55.97240264773676,0.2830185786550326,5,7,8,100,69.55,58.94,63.26,68.1,68.28,57.7,52.59,68.99
1914,39114,69.26,54.78205711976568,0.2932050008875077,0,12,8,100,61.53,76.38,73.79,73.95,61.23,67.08,69.77,70.39
1915,45146,72.9,55.39503733624843,0.3233128112083977,4,8,8,100,77.81,70.28,69.87,74.66,75.11,80.28,62.7,72.47
1916,43937,56.72,55.68371620877873,0.211203081452025,4,11,8,100,63.64,52.37,55.65,51.62,55.56,70.83,52.24,51.85
1917,36696,65.17,55.383837176160704,0.2668051852515245,0,18,8,100,70.47,70.99,57.36,61.92,61.85,63.64,65.68,69.44
1918,43433,64.93,55.59821227610832,0.2265751877641199,2,9,8,100,67.52,70.77,70.48,62.9,53.72,68.11,58.2,67.76
1919,44642,58.89,56.56968095171765,0.2899341148107045,2,6,8,100,50.94,57.64,62.23,54.25,62.79,60.21,60.36,62.72
1920,44894,67.17,55.24998617957084,0.2659464567937118,3,7,8,100,80.66,58.5,59.66,60.03,72.71,66.8,66.95,72.08
1921,41129,65.52,55.482558969707725,0.3230336445024862,0,7,8,100,70.68,56.07,70.16,65.26,68.07,60.61,62.0,71.32
1922,39114,68.26,56.38325485822797,0.3368415982033123,0,12,8,100,68.54,54.86,72.52,71.4,72.24,73.92,65.97,66.62
1923,73028,68.46,56.15676642106571,0.2770575453710343,8,4,8,100,64.57,74.06,68.28,66.9,61.14,72.83,63.88,76.02
1924,46706,65.09,57.03458429491108,0.2088915246690828,3,3,8,100,69.39,64.53,60.26,70.95,59.95,54.62,70.65,70.39
1925,39114,66.92,54.49708618360078,0.3559727641422368,0,12,8,100,64.37,65.99,68.77,71.03,61.36,68.85,71.97,63.03
1926,43987,76.47,54.48632992735637,0.4229375516180315,1,6,8,100,63.55,82.44,72.18,81.24,72.2,83.55,74.84,81.8
1927,49013,62.85,55.03636234612247,0.2794208080967119,5,4,8,100,59.66,55.72,56.18,63.48,56.61,70.37,72.67,68.13
1928,45146,64.43,56.093611132194106,0.2967315258261858,4,8,8,100,65.73,62.4,67.35,65.8,69.75,55.19,65.55,63.66
1929,39114,53.78,56.40764666502133,0.251202189254273,0,12,8,100,43.44,57.86,54.43,60.1,59.8,55.36,51.83,47.45
1930,39114,67.18,55.82509643838635,0.2825578975224868,0,12,8,100,72.7,72.5,58.32,64.32,66.14,73.19,75.23,55.03
1931,41532,72.22,54.15412860838889,0.2753686446292371,0,6,8,100,75.23,74.83,67.94,75.83,75.47,66.39,70.38,71.7
1932,41129,73.99,55.53414711943155,0.2965667905895144,0,7,8,100,73.45,69.23,74.73,77.04,76.0,73.57,68.9,79.02
1933,44894,71.96,56.02297218974245,0.2982948132621342,3,7,8,100,76.34,65.95,74.68,70.18,69.55,77.41,66.58,75.03
1934,42627,61.64,56.01444813778512,0.2729908823085051,2,11,8,100,66.84,56.41,55.64,58.51,66.75,58.82,65.69,64.43
1935,38308,62.35,56.35387444742782,0.3319933266475726,0,14,8,100,60.42,63.47,70.62,59.7,60.07,59.07,66.59,58.83
1936,40323,73.31,55.21260383481894,0.2867990473266635,0,9,8,100,79.78,74.58,79.62,79.86,61.52,77.34,65.64,68.17
1937,45545,64.48,56.151523343492606,0.2532546691701699,2,5,8,100,62.86,60.64,60.89,73.8,55.57,66.2,60.08,75.8
1938,42778,57.1,57.316941365878925,0.3614851875368126,1,9,8,100,62.51,61.82,50.04,55.47,63.73,52.58,54.3,56.33
1939,44088,65.81,55.25875643913505,0.3835644320586526,3,9,8,100,69.5,59.58,72.1,58.2,71.58,69.4,68.67,57.41
1940,39114,62.14,55.05839450296315,0.321641553099092,0,12,8,100,59.5,60.54,57.16,61.92,64.02,69.07,58.17,66.7
1941,39114,73.77,54.322816611860766,0.3812742745232697,0,12,8,100,73.45,80.09,65.78,83.3,65.7,72.72,74.94,74.18
1942,61019,71.53,55.85657478505589,0.3162211676839211,5,2,8,100,81.55,70.97,71.16,70.51,62.35,71.27,68.16,76.24
1943,45297,72.48,55.26404914087743,0.204024940589046,3,6,8,100,76.95,63.17,65.8,86.0,74.28,65.54,71.61,76.45
1944,54272,66.02,55.13613803113521,0.3373777119778958,8,6,8,100,64.06,65.91,75.39,59.42,70.1,61.27,64.35,67.69
1945,39114,67.72,54.70515151860317,0.3380151731667419,0,12,8,100,66.02,73.06,71.33,58.56,59.03,73.76,66.2,73.82
1946,43836,53.66,56.69535351053491,0.1841361798757253,2,8,8,100,58.29,58.12,45.72,47.09,47.51,58.97,50.2,63.4
1947,45545,83.52,55.71761785422569,0.2982788741987562,2,5,8,100,80.64,89.61,82.71,90.36,80.18,86.69,78.58,79.41
1948,43836,71.16,55.84472459490856,0.3225947037190846,2,8,8,100,73.11,84.45,66.32,72.32,77.4,64.06,64.58,67.02
1949,43030,61.76,55.109122871318576,0.3360532469299389,2,10,8,100,56.34,65.78,54.92,68.38,64.64,52.4,68.68,62.93
1950,44743,58.16,54.22737752482618,0.285862006539299,4,9,8,100,55.91,50.73,52.96,57.78,49.83,65.36,65.23,67.47
1951,45545,64.8,54.5104342789336,0.3017020641640872,2,5,8,100,67.03,59.92,78.64,55.25,66.32,70.05,61.58,59.57
1952,41532,56.2,56.37930642927954,0.2550099951518223,0,6,8,100,55.92,60.38,59.06,56.38,49.9,55.73,54.63,57.56
1953,44642,63.06,56.15215689754432,0.2859418973330011,2,6,8,100,54.66,67.62,60.05,67.33,67.75,62.0,61.17,63.94
1954,61521,63.94,55.88976285459993,0.3044209101794447,6,3,8,100,62.03,68.83,62.99,61.72,69.04,57.5,67.25,62.13
1955,41532,77.3,55.49986507992229,0.36094177961483,0,6,8,100,82.2,71.91,85.88,75.14,78.21,75.22,76.67,73.17
1956,39920,63.76,56.368861064852425,0.3127975405722855,0,10,8,100,56.86,69.85,64.37,56.96,72.63,68.15,61.79,59.48
1957,39517,65.41,56.499064833197295,0.2742446743879551,0,11,8,100,70.25,61.19,63.75,58.83,65.65,74.51,69.37,59.73
1958,42224,62.27,54.55834093965745,0.2726886277159784,2,12,8,100,62.12,60.22,65.5,72.89,57.56,56.41,59.07,64.36
1959,40323,68.73,56.38932376208193,0.2722235711588601,0,9,8,100,77.23,70.17,70.17,61.3,64.75,74.08,73.02,59.13
1960,44894,74.46,56.46021433848322,0.2805744873238078,3,7,8,100,68.85,83.28,74.36,77.87,80.23,65.46,78.48,67.16
1961,39920,79.78,54.772859655328574,0.2328865207500288,0,10,8,100,78.02,78.13,79.88,65.76,82.88,83.63,85.14,84.79
1962,44642,70.28,54.560749161135874,0.2504644953435874,2,6,8,100,82.01,67.31,63.45,78.01,78.44,62.42,66.97,63.61
1963,39114,73.17,54.48300342864327,0.3182361301422028,0,12,8,100,83.29,64.58,81.29,83.86,78.75,66.28,66.85,60.42
1964,42375,65.88,55.72784368053752,0.1490451147304219,1,10,8,100,60.19,72.01,57.29,68.79,68.6,68.52,68.23,63.4
1965,43433,58.3,55.99770526813587,0.3763072237058051,2,9,8,100,55.33,55.11,54.27,70.02,57.53,60.32,60.07,53.74
1966,43433,56.98,55.73111334871073,0.2650640300425396,2,9,8,100,63.68,49.38,57.06,51.72,60.51,52.69,57.5,63.29
1967,39114,68.79,55.86127306527912,0.29129877211401,0,12,8,100,74.26,61.45,62.57,72.41,76.53,67.69,66.77,68.67
1968,44642,55.17,57.01666937776346,0.2385208973972151,2,6,8,100,48.46,60.87,61.81,47.98,53.57,54.26,60.54,53.86
1969,39920,62.36,56.56840883487858,0.2791805241944008,0,10,8,100,69.64,58.12,67.55,68.73,58.61,67.44,53.93,54.89
1970,44743,57.82,55.91880026732525,0.1619836442804723,4,9,8,100,58.0,49.51,68.62,63.03,58.4,53.76,59.92,51.32
1971,45952,65.96,55.48735890358845,0.1639421542122504,4,6,8,100,63.17,56.67,72.95,73.0,64.22,69.81,70.42,57.41
1972,41821,70.03,55.303379431049024,0.2329624529060698,2,13,8,100,69.27,79.38,69.2,71.83,62.96,68.05,70.69,68.89
1973,38711,71.34,55.54090924156954,0.290046821124078,0,13,8,100,60.83,73.95,75.91,79.63,72.86,64.01,67.06,76.51
1974,43030,54.11,55.48937943974004,0.2578302783924307,2,10,8,100,48.61,52.01,63.84,51.45,51.0,53.9,58.31,53.77
1975,45545,54.48,54.75547840888952,0.2755142826954295,2,5,8,100,54.34,49.49,53.46,67.1,51.79,49.63,49.06,60.98
1976,40726,59.37,55.64145610809637,0.2232666025861337,0,8,8,100,64.37,56.56,57.55,61.09,60.78,58.83,56.83,58.96
1977,40726,62.7,56.325306422242754,0.3592988088297901,0,8,8,100,64.57,58.3,54.05,68.49,65.66,61.35,66.03,63.15
1978,44743,66.32,55.06952896849472,0.2489655456534142,4,9,8,100,66.64,63.28,74.54,71.21,55.54,69.03,64.47,65.82
1979,41129,67.63,55.49814228087285,0.2229377066758142,0,7,8,100,80.08,75.98,64.03,57.74,57.61,71.29,62.02,72.29
1980,45549,63.84,55.70276683743351,0.2510212223466075,4,7,8,100,71.81,73.22,61.24,58.24,66.58,60.04,58.49,61.08
1981,49515,64.97,55.32713859535068,0.2761196874593896,6,5,8,100,69.95,68.78,58.09,70.66,68.74,56.3,67.07,60.17
1982,43181,64.08,56.42077502185484,0.3042038654010696,1,8,8,100,69.22,72.97,61.75,65.64,58.87,57.38,68.38,58.46
1983,40726,56.48,56.45386605632121,0.246951422230476,0,8,8,100,56.95,50.35,54.27,60.24,50.64,64.36,58.2,56.84
1984,44491,66.07,55.73889789478065,0.2880526720296007,3,8,8,100,69.98,73.93,67.76,64.74,61.68,65.85,67.45,57.15
1985,43584,65.15,54.74179803902434,0.2208461431324194,1,7,8,100,60.29,61.85,68.46,70.86,63.28,59.85,69.12,67.47
1986,46855,59.27,56.51423026417547,0.3218868337072648,4,5,8,100,55.06,51.73,57.82,59.93,67.86,62.42,60.36,58.95
1987,40726,61.7,55.51615592510957,0.3156214928547419,0,8,8,100,54.03,64.93,66.99,62.8,61.14,62.98,61.08,59.63
1988,41129,68.2,56.53636617861889,0.2725219789954706,0,7,8,100,60.3,66.32,59.9,76.19,76.32,74.86,72.31,59.42
1989,54018,65.88,54.89284996269621,0.3015190244969102,6,4,8,100,55.94,68.5,57.51,75.25,67.72,56.91,69.49,75.7
1990,45545,67.88,55.92094445194663,0.1391510899417495,2,5,8,100,75.2,65.09,63.04,76.78,66.11,66.6,64.11,66.1
1991,42627,69.69,55.65725582233867,0.3073068971410845,2,11,8,100,67.44,71.53,79.9,72.98,65.22,75.3,61.04,64.13
1992,44642,69.62,54.94280594283909,0.3528149253202952,2,6,8,100,76.57,64.96,67.38,71.01,60.31,78.86,66.2,71.69
1993,39517,74.62,55.26522815044964,0.2791145305063531,0,11,8,100,72.18,83.9,64.15,68.45,77.17,81.33,71.75,78.0
1994,42778,72.22,55.6809205366529,0.3212598096749011,1,9,8,100,66.51,65.54,75.97,73.57,73.87,79.09,64.28,78.91
1995,41129,51.91,56.56512286629313,0.355311656265988,0,7,8,100,56.44,63.38,44.58,46.94,49.32,54.74,50.2,49.7
1996,40323,75.01,55.994740913844005,0.3243174117477955,0,9,8,100,75.12,68.05,63.59,78.11,77.01,84.35,80.39,73.45
1997,41821,60.63,55.54865209286377,0.3801073573016848,2,13,8,100,54.43,59.72,64.67,55.11,57.24,64.44,60.37,69.05
1998,39517,66.19,54.7084125711707,0.2961301319968413,0,11,8,100,63.33,70.22,63.9,71.64,72.49,57.42,56.09,74.43
1999,40323,76.13,55.814669639940576,0.286463223145199,0,9,8,100,83.02,85.37,80.62,80.71,68.85,66.11,69.5,74.87
2000,39517,67.75,56.34095786110889,0.3586487924316847,0,11,8,100,75.97,66.24,59.21,73.48,58.61,70.53,75.52,62.41
2001,42224,48.49,55.74756528149696,0.3152696585915939,2,12,8,100,51.5,47.19,51.88,50.28,44.52,48.29,49.47,44.76
2002,43937,67.05,55.81815523444647,0.2833888228112782,4,11,8,100,79.39,63.09,69.48,60.87,65.46,77.11,61.14,59.85
2003,45545,71.18,55.85235625309635,0.2875890585796957,2,5,8,100,73.14,75.37,59.76,76.05,60.67,79.18,75.34,69.96
2004,44239,74.41,56.4564344885728,0.2611766329666023,2,7,8,100,66.82,70.96,78.36,79.32,75.91,79.02,66.92,77.99
2005,40726,66.49,55.80197048679636,0.244806399354289,0,8,8,100,75.61,63.16,65.92,75.0,57.83,65.82,65.37,63.2
2006,42224,64.29,55.86925337981688,0.3557256673064587,2,12,8,100,64.92,69.11,68.52,63.64,70.54,55.37,65.85,56.38
2007,39920,65.05,57.075700246951655,0.2697442594961486,0,10,8,100,61.72,65.54,70.99,72.3,71.83,63.17,56.22,58.6
2008,45801,66.32,55.85163666664004,0.3685918519289913,5,8,8,100,64.53,59.63,64.06,75.33,64.91,62.45,71.46,68.2
2009,39114,67.35,56.27934963691673,0.2124082653851062,0,12,8,100,68.87,69.2,66.46,69.08,58.15,69.43,70.93,66.7
2010,87535,72.69,56.97331702401545,0.2187769864345413,10,5,8,100,64.82,77.41,74.6,66.94,71.71,71.96,87.75,66.3
2011,43181,70.22,55.05029404840373,0.2133062969394306,1,8,8,100,71.3,73.01,63.55,69.92,74.31,66.7,80.81,62.16
2012,39920,73.12,56.2912074036432,0.2869092574947535,0,10,8,100,65.43,64.05,68.18,77.21,78.91,79.46,76.14,75.58
2013,43282,68.74,56.31994351400162,0.2854585495372889,3,11,8,100,66.85,64.46,80.92,65.82,64.23,72.53,64.06,71.01
2014,43836,59.27,56.48779862190952,0.3985090820387227,2,8,8,100,56.56,61.59,52.46,64.86,62.9,57.89,53.02,64.85
2015,54272,76.31,55.18770123742575,0.2587041335753325,8,6,8,100,86.03,72.24,68.07,72.26,81.76,81.47,74.16,74.49
2016,43030,60.38,55.03347794510443,0.2535491573476135,2,10,8,100,65.58,70.6,50.97,64.0,56.51,68.56,55.88,50.9
2017,45545,71.31,56.25296215691972,0.2810805249602469,2,5,8,100,69.59,65.09,82.73,58.06,78.89,70.11,73.18,72.8
2018,43181,62.69,55.56591708889962,0.2928639171112548,1,8,8,100,65.47,69.04,62.14,61.78,63.16,63.69,58.64,57.61
2019,45545,73.62,55.86618929689577,0.3629923861780979,2,5,8,100,73.5,74.56,76.43,64.92,76.8,79.08,71.18,72.53
2020,47710,76.22,54.97037359027394,0.3382221183472143,5,5,8,100,81.25,77.65,79.86,70.68,75.48,63.37,76.16,85.3
2021,41532,51.4,55.03814359359432,0.2748696120515528,0,6,8,100,59.19,48.77,50.9,41.11,58.64,46.05,51.83,54.68
2022,41166,68.25,55.35442503954625,0.3155361327042099,1,13,8,100,71.23,72.47,70.92,73.58,55.64,69.77,61.15,71.24
2023,40323,71.48,55.06871625108517,0.3017753248552534,0,9,8,100,75.28,73.87,74.08,70.35,74.44,64.23,78.84,60.78
2024,40726,65.82,54.51164228836852,0.378648962172769,0,8,8,100,69.86,76.09,56.88,74.12,61.93,66.68,59.84,61.18
2025,47462,56.04,55.39219328290271,0.2619698487614642,6,6,8,100,52.21,53.08,58.85,54.48,58.85,57.4,54.9,58.52
2026,40323,68.4,57.07140274747461,0.3846829280970481,0,9,8,100,72.72,58.73,74.65,59.27,65.63,58.41,79.54,78.24
2027,40323,72.51,56.58193576184528,0.2205548275940025,0,9,8,100,75.87,74.23,67.3,82.97,62.79,76.81,71.57,68.55
2028,41129,63.99,54.23592767584168,0.2596770568064406,0,7,8,100,70.08,65.08,60.96,64.09,75.35,60.13,58.73,57.46
2029,40726,64.27,55.43840100665496,0.2383285485284454,0,8,8,100,73.45,64.83,61.34,57.7,55.86,75.11,68.26,57.61
2030,47462,59.64,56.43282849251751,0.2992554490969011,6,6,8,100,58.54,54.16,56.79,73.56,58.14,58.45,65.31,52.13
2031,46053,67.8,55.34034370554736,0.3018970181151614,6,9,8,100,71.29,70.12,71.51,66.64,68.86,56.98,61.83,75.2
2032,47208,75.01,55.96131137429576,0.2623158324290727,4,4,8,100,70.98,81.43,67.11,77.01,84.15,83.22,76.13,60.04
2033,44642,70.55,54.35895199023661,0.202416445839737,2,6,8,100,77.02,71.39,67.6,60.97,72.31,73.23,66.33,75.52
2034,39114,76.46,56.67813633558898,0.2622161678068551,0,12,8,100,85.65,83.22,75.86,74.04,65.71,78.54,82.84,65.81
2035,43030,64.55,55.61952901209513,0.3382096066461281,2,10,8,100,63.6,76.43,63.89,67.1,59.03,71.5,56.62,58.21
2036,45545,62.86,55.77722934762339,0.2635134180166879,2,5,8,100,63.87,71.79,61.5,62.74,63.47,52.05,70.1,57.4
2037,45146,69.44,55.50367954363964,0.3904081456751537,4,8,8,100,66.74,77.99,72.38,69.21,69.93,66.17,65.68,67.42
2038,41532,75.95,56.145041343246696,0.2953977470132007,0,6,8,100,70.68,87.0,82.01,73.51,70.9,83.47,70.49,69.54
2039,42224,51.36,56.20613074130398,0.1934152787001937,2,12,8,100,50.03,48.37,49.42,57.26,53.03,49.05,54.9,48.81
2040,39920,68.64,54.93759243422529,0.2163023107987826,0,10,8,100,68.11,61.36,75.26,60.9,74.49,68.37,64.72,75.94
2041,38711,71.42,55.36327791772786,0.3009584382380821,0,13,8,100,58.39,65.54,72.9,73.05,79.63,72.32,74.1,75.42
2042,42435,56.75,53.95337104017975,0.2904339397048637,0,5,8,100,65.15,49.79,57.29,54.78,53.52,54.86,59.13,59.49
2043,54018,65.47,55.54769440034049,0.2980068260416301,6,4,8,100,62.16,73.94,74.79,66.45,54.34,59.51,71.79,60.75
2044,45545,66.08,56.38991501746428,0.2280479287330264,2,5,8,100,61.86,73.6,69.56,59.47,55.58,67.63,76.56,64.42
2045,41166,67.79,54.665787212405554,0.2999311414234332,1,13,8,100,67.43,74.07,63.21,61.92,62.01,80.16,67.63,65.87
2046,49515,66.8,54.90484769061376,0.2597121655181851,6,5,8,100,59.29,75.09,60.89,73.87,65.31,63.71,72.23,63.99
2047,47462,57.35,55.39020490699131,0.3290810711814796,6,6,8,100,58.03,62.25,62.23,59.57,54.91,54.95,54.4,52.43
2048,43181,68.97,56.11130115809878,0.2720407762808355,1,8,8,100,69.7,66.54,69.62,74.05,59.08,72.81,71.96,67.99
2049,42435,68.91,56.170067276189165,0.2849415078038746,0,5,8,100,61.6,74.93,77.11,59.16,65.68,61.48,66.29,85.03
2050,45801,67.01,55.537820619530585,0.1838784617887499,5,8,8,100,73.08,59.95,69.73,60.12,76.91,63.96,73.7,58.6
2051,44890,72.87,53.75006211618113,0.2694352813815061,1,5,8,100,61.12,81.92,66.02,70.71,70.61,63.24,83.41,85.94
2052,42627,68.74,56.12285302062976,0.2789519023680552,2,11,8,100,76.18,61.99,60.1,77.14,58.0,71.2,74.62,70.65
2053,54018,66.74,55.19898312937834,0.2652284358011709,6,4,8,100,57.73,59.72,68.11,69.85,72.53,71.72,64.39,69.9
2054,40323,71.99,56.45364625430837,0.2463296700309375,0,9,8,100,71.69,70.59,75.67,71.48,70.19,63.18,78.23,74.91
2055,46855,62.16,55.24370388394906,0.2660617530390665,4,5,8,100,64.64,57.57,54.97,63.92,67.21,66.03,64.3,58.66
2056,41532,57.19,54.88063038453545,0.3200730594826225,0,6,8,100,50.1,61.83,60.34,62.72,52.5,58.33,55.24,56.43
2057,39114,72.47,54.43738417565153,0.2972118694679295,0,12,8,100,79.66,76.74,75.18,66.78,77.72,73.85,63.82,66.0
2058,46200,65.27,55.508515944432936,0.2604658065079272,3,5,8,100,64.72,60.53,59.74,62.94,67.01,67.46,63.24,76.52
2059,44642,73.03,56.44204549825783,0.2587347969397173,2,6,8,100,70.08,75.37,65.53,80.78,65.23,72.12,67.77,87.33
2060,42627,64.29,55.760775123259336,0.2538905208591591,2,11,8,100,68.54,56.79,54.04,73.9,65.92,66.07,57.66,71.4
2061,41129,60.91,55.37654088379672,0.2985585924773364,0,7,8,100,54.96,62.39,63.62,62.81,62.6,58.94,56.33,65.62
2062,62023,64.08,56.55869582994197,0.260233151375606,7,4,8,100,53.93,67.56,56.86,70.26,64.17,70.39,69.44,60.06
2063,45698,71.78,55.53827615281403,0.2716852034662988,2,4,8,100,73.36,66.88,68.51,75.24,63.43,79.68,75.82,71.32
2064,43433,79.81,55.52641369506491,0.2486296824209544,2,9,8,100,70.25,82.26,84.52,90.24,72.92,83.38,67.23,87.7
2065,49515,60.64,55.39737930406954,0.2350366074827482,6,5,8,100,64.3,55.4,57.36,52.66,54.1,65.67,72.24,63.43
2066,43836,69.82,55.55193473662076,0.2800215848950014,2,8,8,100,67.25,78.08,71.17,75.39,61.91,63.36,69.75,71.67
2067,49519,65.92,53.86417381913954,0.3690066260236841,8,7,8,100,51.47,72.29,70.32,56.05,67.03,68.89,71.46,69.85
2068,44239,60.76,56.19905648645536,0.4334051655144073,2,7,8,100,63.66,51.56,53.1,64.09,65.82,65.64,69.45,52.78
2069,49515,62.37,55.48740884886417,0.3163262535133357,6,5,8,100,65.41,58.88,62.37,65.49,58.7,65.95,63.04,59.13
2070,43433,53.72,54.584369293922165,0.2308959523737176,2,9,8,100,54.2,52.21,50.27,58.69,52.14,56.31,45.77,60.18
2071,46855,79.33,55.60405722768193,0.2475954648554182,4,5,8,100,73.59,71.62,79.98,84.71,75.92,75.55,88.66,84.65
2072,41129,74.86,55.61959174403038,0.271139180979569,0,7,8,100,76.52,72.79,78.28,81.84,73.6,79.63,75.15,61.06
2073,46353,64.66,55.85229940182421,0.3225590458508356,3,4,8,100,56.06,60.16,59.11,66.22,74.82,64.42,68.02,68.48
2074,47208,63.5,55.746324058843406,0.2820045095994031,4,4,8,100,67.68,52.44,64.94,73.18,70.66,64.68,56.95,57.49
2075,45146,58.41,54.93745650953499,0.270300557577347,4,8,8,100,51.25,63.67,56.58,52.28,62.52,57.19,64.94,58.84
2076,40323,66.02,54.7661686505443,0.2407582804749702,0,9,8,100,65.57,68.62,68.89,60.27,59.81,67.56,72.88,64.6
2077,41532,68.7,56.01037606637509,0.2767510079593865,0,6,8,100,74.8,67.8,71.33,69.28,64.04,72.39,58.01,71.95
2078,49267,64.75,55.82268445050465,0.324786331534144,7,6,8,100,57.42,57.9,59.58,60.3,65.14,70.51,72.28,74.86
2079,41532,64.77,54.73353220184203,0.2523781868794262,0,6,8,100,58.75,63.7,66.48,66.22,71.9,64.09,72.61,54.42
2080,38711,55.68,56.3161090212273,0.2539118211149835,0,13,8,100,51.6,59.61,59.51,59.96,52.1,64.75,44.78,53.15
2081,46859,83.52,55.58326759251112,0.1835497291174045,6,7,8,100,83.82,84.17,72.95,89.09,82.46,90.53,90.44,74.7
2082,40323,62.81,56.92832267799894,0.2668154410210959,0,9,8,100,62.23,61.29,68.56,62.95,68.51,66.91,58.08,53.99
2083,45851,71.15,55.18681561153147,0.1503603437865335,2,3,8,100,68.22,70.07,69.49,76.4,67.79,75.48,75.52,66.26
2084,45549,60.01,55.88202506845735,0.2480480600028578,4,7,8,100,60.95,57.09,58.81,57.0,66.96,58.64,62.11,58.49
2085,45545,63.91,56.01068707204308,0.2163807138929549,2,5,8,100,60.6,68.15,72.78,73.63,60.45,54.89,59.32,61.5
2086,53014,61.74,55.378955874711686,0.2610004929753204,4,2,8,100,54.11,60.45,60.82,61.96,68.46,66.88,56.24,65.0
2087,44491,62.3,55.64751182965739,0.3735860151148056,3,8,8,100,60.38,69.64,66.65,54.02,64.59,61.62,61.78,59.68
2088,44743,69.26,55.53557658739921,0.2181923450841401,4,9,8,100,75.01,69.15,73.41,68.6,77.04,61.68,72.58,56.63
2089,40726,70.84,55.39416129437502,0.2748508342314527,0,8,8,100,61.25,80.59,73.05,67.21,74.42,78.51,60.86,70.83
2090,40323,66.52,55.61647317340237,0.2750422915003322,0,9,8,100,72.0,64.44,56.32,70.0,70.98,64.9,56.45,77.04
2091,44239,59.32,55.888375684908965,0.339967745545519,2,7,8,100,59.17,56.45,50.27,66.9,62.42,64.72,54.91,59.69
2092,39114,60.56,55.88750615610234,0.2962242346026186,0,12,8,100,70.18,65.95,58.4,55.29,57.5,51.78,56.38,68.96
2093,43433,75.7,56.37337702573043,0.2751824752565175,2,9,8,100,78.2,75.75,69.51,81.3,75.45,68.94,81.33,75.13
2094,39114,76.74,55.72175771874819,0.2870373657637258,0,12,8,100,76.58,77.04,72.23,80.58,78.06,70.33,83.39,75.67
2095,43836,68.03,55.85181999319731,0.2653533546993562,2,8,8,100,70.7,61.81,61.16,54.9,72.56,71.08,75.14,76.87
2096,43836,69.42,56.3076177077413,0.2367710376484834,2,8,8,100,81.32,67.0,78.68,63.81,75.25,62.68,65.22,61.39
2097,43584,58.17,55.87766148345257,0.2995859758217585,1,7,8,100,63.66,57.2,62.74,58.63,52.22,53.92,59.95,57.04
2098,42435,73.45,55.993702182217824,0.2284668580584445,0,5,8,100,76.65,69.65,75.65,77.8,63.69,74.54,69.93,79.65
2099,45952,61.72,54.95078084611096,0.2187218533685211,4,6,8,100,61.5,69.65,69.28,49.52,66.33,57.38,62.51,57.61
2100,45952,64.88,55.96208247134926,0.2669080674861939,4,6,8,100,58.39,65.76,62.42,63.61,65.78,71.19,61.3,70.57
2101,43937,67.22,56.71085796886166,0.2397698497127155,4,11,8,100,65.53,62.21,74.58,68.97,65.46,64.96,76.58,59.51
2102,44743,62.66,55.63103341764869,0.264922577277385,4,9,8,100,58.76,69.19,62.47,67.6,62.82,59.39,53.8,67.26
2103,40323,69.98,54.36327034447954,0.3363764217668822,0,9,8,100,80.73,71.65,63.27,66.34,74.84,63.06,72.51,67.42
2104,46353,76.97,56.99382540778782,0.284476089052383,3,4,8,100,75.81,77.31,80.87,81.08,69.48,77.73,80.84,72.61
2105,43433,58.52,55.62466543764536,0.2457867445037377,2,9,8,100,61.48,54.76,63.67,58.42,56.22,58.24,64.15,51.19
2106,43836,68.79,55.78750052621752,0.2573012506350713,2,8,8,100,63.51,72.39,73.54,69.5,76.3,70.75,67.5,56.83
2107,42588,70.69,57.26006135733029,0.2749588256291576,0,4,8,100,63.86,68.66,66.68,77.48,78.4,76.69,69.55,64.23
2108,49013,71.28,58.5067263915193,0.2701648803071079,5,4,8,100,70.93,71.25,67.22,72.39,68.0,79.18,64.46,76.85
2109,43282,72.97,56.39641032293535,0.300640336450704,3,11,8,100,68.92,72.45,81.16,79.94,62.39,69.75,69.87,79.31
2110,54018,72.7,55.4859676322092,0.2441201297033892,6,4,8,100,66.74,58.52,66.36,81.1,68.05,76.47,83.48,80.84
2111,45297,64.95,54.89699725175158,0.2262110707974524,3,6,8,100,67.18,69.42,60.1,56.44,71.8,60.81,72.74,61.14
2112,44743,75.22,54.91152914912793,0.2276229633072304,4,9,8,100,69.53,70.33,88.28,85.43,68.0,75.97,67.67,76.53
2113,44642,78.13,55.44006107844304,0.2686158627389207,2,6,8,100,85.81,88.86,67.06,78.89,66.78,87.81,83.28,66.57
2114,41532,73.58,56.555306639599294,0.3014497005345786,0,6,8,100,71.96,68.52,80.45,72.86,79.05,74.77,66.86,74.17
2115,45043,75.73,55.82060490173999,0.2435733203373838,1,4,8,100,71.51,75.87,77.66,75.32,82.64,78.96,69.2,74.67
2116,61521,66.88,54.23092363175344,0.2426678713773164,6,3,8,100,70.37,75.2,62.95,62.57,72.78,65.82,62.28,63.09
2117,44642,75.52,56.42700910346716,0.2126491610319794,2,6,8,100,80.47,74.82,83.97,62.1,80.16,76.07,83.05,63.49
2118,42778,76.35,55.866399647323725,0.2234283226195272,1,9,8,100,63.09,89.75,77.66,70.57,84.35,70.85,73.58,80.92
2119,44743,68.14,56.32174169501136,0.3028173560711669,4,9,8,100,65.88,76.68,73.8,65.04,71.82,63.11,66.15,62.62
2120,45297,64.74,55.12606636989079,0.3091458755933429,3,6,8,100,66.4,63.76,60.26,57.29,70.94,67.32,62.98,68.94
2121,43282,68.66,55.72614331481741,0.3227421521389202,3,11,8,100,70.16,71.67,68.87,68.0,62.22,67.63,65.23,75.54
2122,40726,70.78,54.47501188440332,0.2838123674259508,0,8,8,100,77.99,62.73,61.68,74.66,79.61,69.23,63.44,76.9
2123,44642,66.59,55.24694779653365,0.2927926304924396,2,6,8,100,66.7,66.92,72.96,60.56,67.42,70.65,71.53,55.97
2124,45146,61.24,54.394325360797055,0.3125984456326937,4,8,8,100,66.17,52.16,67.26,63.99,54.02,60.58,57.61,68.09
2125,43836,77.02,55.79152838399507,0.2135687948228029,2,8,8,100,83.05,76.38,86.69,66.82,84.73,77.02,75.38,66.1
2126,43836,71.12,56.23602177732456,0.2581294915790493,2,8,8,100,68.35,66.77,72.66,70.85,69.1,78.8,74.61,67.79
2127,45146,69.93,54.39906111405799,0.3491007942723445,4,8,8,100,73.6,72.78,76.28,79.61,59.61,60.08,60.38,77.13
2128,48511,67.21,56.55799908036583,0.1743918578219521,4,3,8,100,68.54,59.31,62.23,65.48,64.61,70.25,69.76,77.51
2129,39517,51.58,55.17728762329836,0.2406942973419561,0,11,8,100,45.57,53.0,51.94,47.04,52.61,57.24,55.82,49.38
2130,40323,69.02,56.79649339139763,0.152069654402896,0,9,8,100,59.39,79.77,67.04,74.9,66.3,62.63,63.38,78.74
2131,43433,60.09,55.150896212709846,0.2249079333518355,2,9,8,100,58.43,69.67,55.25,60.07,61.16,55.39,65.21,55.54
2132,45146,68.37,56.41525316205568,0.2896283708955003,4,8,8,100,56.76,72.72,66.89,75.43,60.48,74.24,63.5,76.96
2133,44894,60.85,56.16375023590457,0.2349444451992593,3,7,8,100,66.96,71.85,66.06,58.09,59.22,56.67,54.98,52.96
2134,45952,61.59,56.399613642384566,0.2914132993728179,4,6,8,100,56.49,62.72,65.71,58.86,57.29,55.76,71.58,64.31
2135,38308,62.73,57.05322776948763,0.2946731565804592,0,14,8,100,66.15,56.53,65.87,58.99,57.46,63.91,70.06,62.89
2136,45545,66.12,55.72495742615588,0.3127546737695592,2,5,8,100,66.86,61.79,66.51,75.05,68.6,68.5,59.57,62.1
2137,39517,74.82,57.00741550000676,0.3072401750346079,0,11,8,100,63.78,83.63,67.43,74.1,74.45,65.41,87.03,82.71
2138,43433,52.6,55.36528724941667,0.2311258397354708,2,9,8,100,52.18,47.94,49.04,56.75,59.73,53.59,50.93,50.6
2139,41129,47.86,56.16593267233967,0.2604992867769744,0,7,8,100,52.68,48.44,50.5,44.69,50.78,41.42,47.66,46.71
2140,45545,74.76,56.77098439828884,0.2855004402935299,2,5,8,100,74.55,78.32,63.62,67.21,79.78,79.35,77.2,78.06
2141,45297,66.16,56.53001659443312,0.2395425328246403,3,6,8,100,63.67,74.28,65.77,64.94,57.66,67.13,65.57,70.26
2142,44642,68.25,55.55880791367556,0.2818951256460312,2,6,8,100,59.71,66.4,75.01,67.25,73.0,67.85,64.61,72.14
2143,44642,67.95,55.574620828076846,0.2589070011938385,2,6,8,100,74.14,68.48,62.77,71.16,66.8,78.65,63.36,58.27
2144,45297,64.26,56.26457884000632,0.3055434236333823,3,6,8,100,58.09,68.34,61.74,72.01,60.5,59.84,66.65,66.94
2145,45247,69.72,54.99796780405578,0.2955887973007677,6,11,8,100,63.3,73.0,72.28,63.65,70.59,67.45,77.41,70.07
2146,41821,65.51,54.70654780716813,0.2783478938845943,2,13,8,100,63.87,53.71,64.24,57.96,71.69,72.67,68.78,71.18
2147,72024,59.52,57.33263414484445,0.316828417293868,6,2,8,100,56.25,62.04,58.76,68.52,61.16,55.55,57.02,56.82
2148,44239,62.89,55.53406009490493,0.2664985715464938,2,7,8,100,62.91,64.15,63.04,65.99,63.98,64.13,56.13,62.79
2149,46859,64.17,56.35706426619403,0.2574759914137248,6,7,8,100,59.74,62.72,73.0,57.72,70.39,61.19,61.6,66.99
2150,45698,61.55,55.52271999450775,0.1969926652706782,2,4,8,100,59.53,65.79,63.06,57.44,61.2,61.74,61.9,61.75
2151,40323,63.58,55.02019070121944,0.3541952020588183,0,9,8,100,56.92,54.12,59.3,74.62,61.24,69.6,69.17,63.69
2152,43181,66.23,55.59180954859077,0.252754567609146,1,8,8,100,67.53,72.46,62.03,74.4,62.65,57.32,65.08,68.38
2153,41129,64.89,55.114729821922175,0.3650303623187177,0,7,8,100,72.71,65.43,58.62,67.45,68.53,63.61,63.72,59.05
2154,44743,54.26,55.20549439958624,0.2733563313445007,4,9,8,100,58.53,51.4,54.64,50.7,59.53,53.37,56.06,49.87
2155,46204,65.46,55.71414170609526,0.1846606820260612,5,7,8,100,58.96,74.16,62.55,59.16,68.43,66.91,60.39,73.14
2156,46353,62.41,56.47713928165788,0.213280748308755,3,4,8,100,56.62,62.88,63.78,60.5,67.83,68.08,61.79,57.82
2157,44642,67.0,57.233868880032645,0.208261485298445,2,6,8,100,61.06,67.45,66.99,61.52,70.31,61.17,73.35,74.11
2158,45650,65.14,55.67935407882142,0.2605732930367681,6,10,8,100,60.04,71.43,63.3,63.44,65.55,54.48,70.87,72.01
2159,54018,59.16,56.62293382401235,0.199754089553119,6,4,8,100,61.59,61.07,62.0,60.65,53.55,62.37,60.04,52.01
2160,43030,63.93,55.793439132113626,0.2730850640988487,2,10,8,100,69.28,67.5,53.55,70.04,64.8,61.99,55.39,68.89
2161,45146,70.49,54.28505021945097,0.3540044550379475,4,8,8,100,66.13,75.18,76.13,62.17,77.06,67.66,73.88,65.7
2162,46855,58.8,56.51231235842459,0.2556368614323765,4,5,8,100,62.78,60.72,61.86,67.58,64.6,55.1,50.15,47.59
2163,44491,69.48,56.01645525256188,0.2551121480274234,3,8,8,100,75.03,63.13,60.49,72.7,75.21,76.01,66.32,66.99
2164,44743,64.51,55.72376611532906,0.2842567054068226,4,9,8,100,58.98,67.65,63.06,56.5,61.26,68.55,69.34,70.74
2165,42224,68.42,56.13287103771999,0.2290668235917783,2,12,8,100,77.72,73.2,62.67,70.95,74.58,61.13,63.67,63.48
2166,42375,68.97,57.12410872780629,0.337871258795881,1,10,8,100,72.39,65.0,64.56,66.88,71.64,71.12,67.53,72.63
2167,45698,66.03,55.55825961581953,0.3360932168137948,2,4,8,100,68.99,58.33,64.48,63.16,71.32,69.86,57.49,74.61
2168,45549,66.15,55.39424409281569,0.2017074339272488,4,7,8,100,58.21,62.72,75.38,69.49,60.53,70.91,61.07,70.87
2169,48511,72.48,57.399169636503714,0.2234299065618385,4,3,8,100,67.77,79.23,84.79,77.44,68.02,69.92,67.13,65.57
2170,39517,69.24,55.6564650088316,0.2851954555981966,0,11,8,100,64.64,68.49,62.61,71.18,78.98,66.9,67.65,73.44
2171,44743,73.54,56.08688587260724,0.2475621863120011,4,9,8,100,81.9,66.5,64.1,72.36,67.52,80.7,78.95,76.31
2172,49515,71.64,57.31663794456635,0.2702390692327897,6,5,8,100,69.68,60.8,74.57,75.88,77.44,66.99,66.1,81.66
2173,45146,63.56,56.62653440449812,0.3508945190159322,4,8,8,100,68.62,65.35,59.69,61.27,59.72,57.85,72.07,63.91
2174,45146,75.68,55.22799692329023,0.2107663791583413,4,8,8,100,82.27,70.55,78.53,63.25,82.52,61.67,82.52,84.12
2175,46855,61.61,57.74799511733712,0.3173157134182013,4,5,8,100,59.48,59.86,65.2,57.06,72.3,61.39,60.08,57.54
2176,87535,73.13,56.16282085502347,0.2618203330328554,10,5,8,100,68.13,68.18,75.25,82.02,70.0,66.55,73.08,81.8
2177,54272,69.57,55.880681179731575,0.24398893386904,8,6,8,100,80.58,66.89,69.05,65.27,74.9,61.55,68.2,70.1
2178,42435,59.05,55.36227460568489,0.2689652708253827,0,5,8,100,57.16,58.76,51.08,59.93,68.72,59.53,53.56,63.64
2179,43433,61.71,55.86896248886319,0.2387660993849079,2,9,8,100,61.46,55.96,57.51,67.02,63.93,57.67,67.28,62.83
2180,45549,69.23,55.44111077243703,0.271158367774413,4,7,8,100,71.91,59.2,77.44,68.57,74.17,75.96,62.62,64.0
2181,39114,76.31,57.31523111885922,0.2628284063831687,0,12,8,100,70.64,68.83,63.54,70.46,85.95,86.38,80.11,84.58
2182,49519,70.42,56.45025244781063,0.2897474010993788,8,7,8,100,74.5,75.16,68.99,75.17,64.67,73.28,63.42,68.15
2183,43836,66.02,55.46926000793578,0.2158654834077417,2,8,8,100,80.33,60.1,61.36,64.99,69.11,59.44,72.01,60.79
2184,42879,72.48,57.02911987693125,0.2204597638736579,3,12,8,100,73.72,84.82,63.35,69.61,66.53,79.32,79.39,63.1
2185,45549,70.74,55.0230845543037,0.3081442282183366,4,7,8,100,62.66,78.42,74.81,79.68,57.46,70.62,64.43,77.81
2186,122537,52.67,55.991603234510166,0.2745704410725539,8,1,8,100,49.3,51.85,55.92,59.32,47.56,56.82,47.92,52.66
2187,44894,63.17,56.50913648855298,0.3376379707756353,3,7,8,100,62.02,64.37,56.68,63.64,61.64,66.95,60.78,69.24
2188,46456,64.09,54.81569259052705,0.202291602287558,6,8,8,100,70.83,61.88,63.81,69.23,67.01,57.73,65.01,57.2
2189,46456,68.72,54.47766686303871,0.2308402901515717,6,8,8,100,68.81,70.22,75.01,63.86,56.17,65.54,75.22,74.93
2190,46456,63.35,54.78884938376175,0.3168780692372347,6,8,8,100,66.73,62.42,63.95,62.99,65.75,59.33,65.41,60.18
2191,50023,62.84,56.0811656203248,0.2137235769576252,10,9,8,100,56.1,62.21,66.01,68.73,58.45,65.16,61.07,64.97
2192,53014,72.79,56.00343211483423,0.258197705220994,4,2,8,100,71.51,79.66,66.74,79.65,65.37,77.82,60.61,80.98
2193,47462,72.67,54.76101410524861,0.3066787957812698,6,6,8,100,64.33,74.17,75.91,72.68,76.65,73.65,65.44,78.52
2194,47462,79.37,55.18346374717456,0.2373207759533679,6,6,8,100,82.65,78.16,66.45,88.91,68.65,85.55,80.36,84.24
2195,46053,61.03,56.77563740814825,0.1611966054011048,6,9,8,100,67.02,55.86,56.97,56.46,62.71,66.7,60.17,62.34
2196,45952,69.37,55.359300987614894,0.2630572632756437,4,6,8,100,70.39,72.46,73.48,63.05,71.64,75.01,61.06,67.89
2197,43836,63.9,54.86398815415478,0.2616277891704175,2,8,8,100,66.69,65.71,60.87,65.91,68.26,55.99,61.88,65.92
2198,39517,74.86,57.607242914564274,0.2057780924809952,0,11,8,100,74.4,81.32,89.27,76.85,72.9,70.1,62.76,71.24
2199,40323,63.3,57.41871219925534,0.2991486595732031,0,9,8,100,63.23,70.31,71.43,60.12,58.52,53.36,66.74,62.69
2200,71522,69.75,56.8369232596384,0.272980061319598,5,1,8,100,66.1,65.18,66.44,73.74,72.2,80.8,71.64,61.9
2201,47363,70.83,56.05033618010472,0.2680835746899853,8,9,8,100,79.45,64.25,72.66,68.55,59.4,67.52,73.63,81.17
2202,62529,66.0,55.71119143563081,0.2122382561111508,10,7,8,100,58.61,68.86,74.74,67.86,74.77,57.19,60.37,65.63
2203,39114,58.58,54.74479015908649,0.2698342423932451,0,12,8,100,61.17,58.52,60.8,56.74,57.41,55.0,64.89,54.1
2204,46859,67.75,55.64078530480869,0.2818161756142986,6,7,8,100,62.13,57.23,68.94,73.2,69.42,69.62,74.11,67.36
2205,43282,56.02,55.49221294199384,0.2616977766137808,3,11,8,100,48.47,58.62,55.02,53.49,50.94,66.46,62.88,52.3
2206,39920,71.87,55.80351468146519,0.2825977652668087,0,10,8,100,62.92,67.75,72.08,77.19,69.2,76.57,72.93,76.32
2207,46456,66.51,56.050738645701074,0.2057513966823005,6,8,8,100,64.9,71.79,60.2,59.39,62.19,79.93,61.27,72.41
2208,46960,61.8,55.89874443029159,0.1674485885401046,8,10,8,100,69.87,54.54,63.7,57.71,52.29,66.06,60.45,69.76
2209,43433,69.34,56.28177909485302,0.2406960930159916,2,9,8,100,64.75,76.13,57.97,72.3,68.6,76.92,71.48,66.6
2210,61521,64.6,54.19335368790247,0.2361938296163868,6,3,8,100,65.2,61.9,75.62,58.85,68.52,67.91,55.0,63.78
2211,48511,74.76,56.055454270243054,0.295933369846269,4,3,8,100,70.63,71.68,67.61,78.14,84.99,76.31,74.35,74.34
2212,43181,74.45,57.83480718905469,0.2641325538102486,1,8,8,100,79.34,63.47,76.75,63.99,74.12,74.73,81.95,81.26
2213,39920,71.88,55.79250922362159,0.3254933120467067,0,10,8,100,64.97,66.4,81.88,64.47,71.69,76.78,73.12,75.74
2214,38711,66.86,53.69132285991286,0.3178865160694115,0,13,8,100,66.7,69.58,62.83,58.74,57.92,72.84,75.03,71.2
2215,41532,72.95,55.28173848137316,0.2253556243809185,0,6,8,100,70.24,74.45,77.36,71.37,65.58,82.04,61.91,80.63
2216,61521,71.3,55.565152596125145,0.2023416215256191,6,3,8,100,65.11,62.91,75.91,78.55,77.1,64.87,70.64,75.33
2217,43836,79.39,54.96379912568667,0.2435366547494042,2,8,8,100,81.99,77.82,73.24,81.9,82.7,79.09,87.23,71.14
2218,40726,70.65,56.19774060535293,0.209842837043169,0,8,8,100,74.54,71.69,74.76,66.26,62.15,66.18,73.38,76.24
2219,48511,74.81,53.98258499343706,0.1130013310375085,4,3,8,100,65.38,66.46,71.52,73.05,78.77,81.26,82.09,79.92
2220,45247,68.98,55.75401967528942,0.2759148994316979,6,11,8,100,77.33,77.3,63.28,61.16,67.83,61.86,73.17,69.95
2221,47710,67.76,56.069170724673874,0.2634162900748085,5,5,8,100,63.15,62.1,59.92,72.25,74.43,68.96,71.42,69.81
2222,47363,73.83,56.44861013633604,0.1747572128926686,8,9,8,100,76.02,73.79,78.29,65.29,70.07,74.58,73.98,78.62
2223,42588,65.03,55.91483118403786,0.2457649637981159,0,4,8,100,74.34,61.35,63.88,54.78,69.49,61.51,59.92,75.0
2224,45146,74.68,54.58262470385449,0.2612948176035627,4,8,8,100,74.42,76.36,73.08,75.28,78.89,76.19,69.98,73.22
2225,45146,76.93,55.887481706481886,0.2085614146216944,4,8,8,100,72.91,71.52,80.39,80.75,77.58,82.61,79.28,70.38
2226,43181,69.23,55.3573477824697,0.1978931511942937,1,8,8,100,77.25,67.87,67.18,77.72,60.08,73.26,62.42,68.06
2227,49267,62.34,55.21689618776602,0.3131789025662765,7,6,8,100,56.76,70.22,53.94,71.74,59.68,59.47,67.12,59.8
2228,45549,69.28,54.230722138101,0.284820100446427,4,7,8,100,63.17,70.9,75.97,64.5,65.68,74.78,78.36,60.85
2229,87033,73.96,55.03916957268619,0.2740668023872052,9,4,8,100,82.57,64.35,75.24,68.48,80.94,66.06,81.19,72.84
2230,39114,63.72,56.14087033459164,0.1756672316023894,0,12,8,100,62.61,60.22,65.41,68.86,71.15,65.18,52.23,64.11
2231,46204,70.8,55.73820254328389,0.231929601000648,5,7,8,100,61.67,78.34,73.45,76.47,76.3,66.21,64.4,69.58
2232,45698,70.43,56.32387883733374,0.2062935830951462,2,4,8,100,70.19,82.96,75.11,59.22,77.43,58.71,76.38,63.47
2233,72024,63.49,57.27023770804565,0.2711257328927237,6,2,8,100,56.53,66.08,65.93,58.19,65.16,71.33,67.11,57.56
2234,45952,64.86,55.05967957521176,0.1975669817997848,4,6,8,100,61.88,59.41,69.5,62.06,63.16,72.22,66.29,64.36
2235,41129,62.65,55.407652736772526,0.2892259576785921,0,7,8,100,71.29,59.87,62.81,54.74,62.19,65.23,56.9,68.21
2236,49515,75.59,55.08941278129696,0.2776889593505863,6,5,8,100,78.48,62.57,72.93,74.33,83.78,86.09,82.21,64.36
2237,46859,72.1,55.81148991783072,0.2871607529449068,6,7,8,100,64.82,63.53,74.25,73.46,70.06,72.44,77.3,80.98
2238,49519,63.48,55.96937466943506,0.305337217052751,8,7,8,100,72.03,61.41,70.51,59.83,63.03,60.53,62.71,57.83
2239,54018,64.48,55.47459338374005,0.1501573069959398,6,4,8,100,67.66,62.49,59.03,72.52,56.8,63.48,58.85,75.04
2240,45698,69.84,54.624005173146415,0.2370269197155755,2,4,8,100,70.9,70.58,72.77,63.04,67.35,65.78,75.79,72.55
2241,47710,77.67,55.73797356944619,0.2294892630685663,5,5,8,100,80.8,69.86,81.69,75.38,77.39,73.47,82.86,79.92
2242,43836,65.89,57.06222829583993,0.2603683298698464,2,8,8,100,58.22,70.66,71.51,60.1,60.72,64.97,68.93,72.02
2243,44894,55.49,55.97172606429305,0.1826715965412333,3,7,8,100,59.14,58.31,49.4,57.41,62.02,48.13,48.98,60.54
2244,39114,74.01,55.51499443573929,0.1410266826460997,0,12,8,100,63.82,62.44,80.16,76.8,75.92,82.42,75.62,74.92
2245,73530,74.43,55.62820871727538,0.1658601838701606,9,5,8,100,74.17,77.44,77.72,79.56,68.26,71.07,73.16,74.06
2246,43937,66.85,54.26659550238056,0.2278507462830084,4,11,8,100,70.02,69.55,71.27,60.57,58.38,70.6,72.16,62.27
2247,42778,66.19,55.476450907993474,0.2452955267386521,1,9,8,100,59.16,72.83,61.95,73.69,71.67,65.7,67.54,57.0
2248,147040,71.04,55.39128239299296,0.2346135113827812,8,0,8,100,67.46,70.37,82.86,64.45,81.99,61.03,62.44,77.7
2249,47462,61.37,55.97880795963242,0.2367383699300741,6,6,8,100,63.79,57.19,65.05,64.52,58.16,64.58,52.71,64.93
2250,104540,51.75,56.6725792922193,0.2724666528472152,11,5,8,100,58.52,42.53,53.01,58.41,50.17,51.94,50.84,48.6
2251,47208,73.72,54.45229684990386,0.2009749526073677,4,4,8,100,77.22,76.98,75.14,78.5,76.79,67.77,59.26,78.1
2252,44491,74.1,55.766397055831646,0.3196368131323613,3,8,8,100,69.42,71.98,78.27,76.9,77.64,63.27,68.16,87.15
2253,45650,68.0,56.43278196887942,0.257865326752438,6,10,8,100,63.61,72.4,74.54,57.53,70.38,70.09,67.67,67.75
2254,41519,66.04,56.627891031902685,0.2416147644411467,4,17,8,100,63.79,57.7,72.15,69.21,59.18,63.75,74.46,68.04
2255,43030,65.01,56.12227752792037,0.1901707875193688,2,10,8,100,69.7,67.62,71.73,57.15,63.1,66.51,58.6,65.66
2256,44894,76.34,54.8473989322272,0.2368807349695952,3,7,8,100,86.22,84.26,75.05,68.44,67.46,72.38,84.93,71.97
2257,54524,71.32,57.36277616139825,0.1479546149406388,9,7,8,100,70.95,74.47,68.68,66.25,75.87,69.23,76.66,68.42
2258,46204,65.21,56.39758792918049,0.2063361225300167,5,7,8,100,59.93,67.38,72.9,58.28,72.09,67.32,64.68,59.13
2259,45698,67.29,56.54023135526669,0.2775323101630265,2,4,8,100,66.31,63.95,72.67,63.39,71.96,61.83,75.6,62.61
2260,43433,78.99,55.91298148155698,0.3218346684956079,2,9,8,100,85.69,78.98,70.17,70.48,78.1,83.63,84.65,80.23
2261,44088,72.74,56.37773563640957,0.2957987600094415,3,9,8,100,85.13,65.26,65.6,80.03,65.18,71.47,68.44,80.77
2262,85527,76.31,55.50277704615406,0.2352251246743592,6,1,8,100,75.77,73.27,74.0,80.24,79.74,71.65,82.41,73.4
2263,45952,62.45,55.92025621818512,0.1833149862410779,4,6,8,100,68.44,60.7,57.6,64.09,66.25,55.0,54.8,72.74
2264,44743,69.64,56.65302902639601,0.2770002196697463,4,9,8,100,67.08,73.73,64.99,68.5,66.96,69.42,73.71,72.71
2265,46607,67.84,56.91298521493055,0.2563645370404071,5,6,8,100,64.98,79.41,67.9,61.12,76.36,70.69,61.68,60.61
2266,45146,71.73,56.34533331827792,0.169977583383154,4,8,8,100,78.99,64.37,66.36,78.18,76.99,81.26,63.67,64.03
2267,44642,63.38,56.49162544455989,0.257140659751787,2,6,8,100,68.78,56.54,53.89,71.92,54.78,61.8,72.28,67.04
2268,46607,61.7,54.86507946834364,0.2850986738364136,5,6,8,100,53.46,66.46,69.62,64.27,55.55,57.54,58.74,67.93
2269,46855,76.81,57.19180982853016,0.2746532661035781,4,5,8,100,69.83,68.6,85.8,81.4,83.03,63.65,75.75,86.43
2270,45952,71.06,54.67774405475861,0.2624193351159387,4,6,8,100,70.71,75.7,66.07,74.29,66.66,72.68,79.11,63.27
2271,47363,63.09,55.82216626042735,0.1924541524746169,8,9,8,100,59.68,60.07,59.97,69.67,71.7,57.42,68.95,57.28
2272,45545,70.96,56.33428587364351,0.298358448446401,2,5,8,100,79.23,67.97,80.53,71.21,62.76,76.93,56.28,72.8
2273,46855,64.39,56.22415615512125,0.2412848228461037,4,5,8,100,69.06,62.99,67.53,60.73,61.88,65.08,65.52,62.33
2274,43047,63.34,56.120017595602135,0.1640135140376322,0,1,8,100,59.57,54.12,66.12,66.67,66.19,70.7,58.89,64.44
2275,47710,57.59,56.21848035698692,0.2749443287398317,5,5,8,100,48.6,55.75,59.97,58.54,60.89,59.53,62.17,55.26
2276,45650,82.52,55.45743482462954,0.3368566728653778,6,10,8,100,77.6,87.13,84.92,88.73,80.36,80.04,71.14,90.2
2277,86531,74.0,55.32284006281783,0.2105148188923863,8,3,8,100,73.05,82.5,74.26,71.37,71.52,71.48,77.24,70.61
2278,62525,72.95,56.47707460925997,0.2089312321583139,8,5,8,100,77.12,67.33,70.82,73.8,76.76,79.72,65.55,72.47
2279,45650,59.23,55.77381015683557,0.2402215317562769,6,10,8,100,65.85,54.92,57.24,53.93,64.49,55.04,60.19,62.18
2280,39517,61.11,56.598954075023904,0.2723694548536829,0,11,8,100,51.59,69.86,51.84,64.69,55.67,69.06,66.07,60.08
2281,46204,73.49,54.78697083644612,0.2294119238045956,5,7,8,100,68.16,75.2,75.1,73.98,81.04,71.17,65.41,77.85
2282,46204,69.66,55.60448444602943,0.3313791038294758,5,7,8,100,61.89,71.25,69.8,70.65,70.14,78.35,68.73,66.43
2283,46353,74.11,56.145732332135886,0.2292926893474771,3,4,8,100,74.32,82.62,82.74,69.98,70.28,80.0,63.18,69.78
2284,46204,63.58,56.35210097736828,0.2004264354278177,5,7,8,100,63.36,58.46,57.66,60.27,65.54,60.26,74.48,68.6
2285,73020,64.17,55.53469463765054,0.222050919089703,4,0,8,100,59.93,61.3,64.28,58.38,71.03,75.27,56.74,66.45
2286,45146,65.2,55.33884914122852,0.1763282372323622,4,8,8,100,58.1,66.02,75.2,59.1,56.33,73.04,66.84,67.01
2287,49519,65.75,55.53873008616131,0.1981646381057845,8,7,8,100,62.24,68.61,71.24,66.14,63.51,70.8,61.01,62.44
2288,72024,66.77,55.64935186582112,0.2619898582454177,6,2,8,100,60.34,66.76,61.7,61.9,77.1,69.7,62.72,73.93
2289,47111,60.91,56.007686178136176,0.1421617685736954,7,8,8,100,62.19,54.75,67.82,64.23,52.23,58.54,64.27,63.22
2290,46859,57.67,53.644052559954346,0.2899166098038694,6,7,8,100,52.95,54.62,51.68,53.25,65.82,63.92,63.66,55.43
2291,47462,64.53,56.82630863043991,0.2558680160308207,6,6,8,100,66.52,62.41,68.83,66.06,61.06,63.01,60.61,67.74
2292,44743,68.53,56.0154022211255,0.2361051222247559,4,9,8,100,55.82,74.37,74.31,76.12,72.94,59.78,73.9,60.97
2293,43836,61.95,56.43606675875327,0.2386944581218216,2,8,8,100,67.93,55.28,52.16,66.12,67.52,67.03,56.33,63.21
2294,45297,67.78,55.24722036605768,0.1864564001207679,3,6,8,100,67.41,72.57,65.85,62.18,74.79,64.44,72.25,62.77
2295,43937,62.9,55.48376711977676,0.2522497585094575,4,11,8,100,61.25,73.1,53.65,69.8,60.38,67.29,58.19,59.58
2296,46859,67.32,55.00004329615357,0.2143969334182904,6,7,8,100,67.2,70.29,60.97,66.08,70.02,62.46,70.38,71.16
2297,45650,77.06,55.87961345094068,0.1395173144419055,6,10,8,100,81.74,66.46,83.0,78.03,79.81,77.72,67.98,81.77
2298,42224,79.66,55.04934122526248,0.3013973028711295,2,12,8,100,83.01,80.95,86.31,84.82,74.0,80.52,63.96,83.73
2299,45698,54.9,57.25561037158547,0.2369561756999633,2,4,8,100,52.32,48.88,53.67,59.86,50.64,64.47,57.62,51.76
2300,44491,59.62,55.357030122212,0.2783464902535927,3,8,8,100,65.23,60.35,54.54,54.72,63.53,58.9,61.09,58.62
2301,54272,58.62,56.09930665276117,0.2672048071350794,8,6,8,100,59.47,54.68,55.72,57.83,59.13,62.11,58.54,61.45
2302,45801,59.48,55.780142924493376,0.1931186956795736,5,8,8,100,58.72,58.05,61.01,58.98,65.8,57.04,49.12,67.11
2303,40323,61.9,56.62606733231525,0.1801747472897868,0,9,8,100,61.27,55.75,68.74,65.93,55.76,58.15,64.06,65.53
2304,46859,60.35,55.57351015331384,0.2917553408724078,6,7,8,100,61.82,65.87,56.19,56.02,66.69,61.18,59.46,55.57
2305,44340,69.0,56.209162610757886,0.3185333973236126,4,10,8,100,69.33,66.04,78.58,69.45,60.85,74.21,60.06,73.52
2306,47208,67.69,56.335772823781454,0.1127476093286049,4,4,8,100,65.84,64.96,60.06,65.05,80.33,62.13,77.43,65.7
2307,46855,62.22,56.29699574313217,0.2215798251140465,4,5,8,100,66.18,62.68,64.13,57.36,61.23,53.5,65.67,67.02
2308,73534,68.53,55.83037805668657,0.2648793735161019,11,7,8,100,69.82,72.45,67.62,66.24,69.34,65.52,66.04,71.17
2309,44088,67.38,56.389579857364026,0.2507644230385981,3,9,8,100,57.82,64.61,71.08,60.61,75.08,79.01,61.06,69.75
2310,43534,69.4,56.85284477248862,0.2244128760442076,4,12,8,100,72.89,72.12,72.1,62.04,62.73,79.88,61.96,71.45
2311,54524,75.9,55.912401885745815,0.2362215819557593,9,7,8,100,74.37,89.8,76.62,82.12,71.19,66.84,72.62,73.62
2312,45146,67.66,56.33455688385295,0.3191545721203679,4,8,8,100,73.29,66.64,75.45,68.54,73.98,59.09,59.92,64.39
2313,45398,67.28,55.85954154356708,0.2333948758303552,5,9,8,100,68.51,58.2,72.59,70.24,63.23,70.59,65.42,69.45
2314,86531,67.33,55.35881268734556,0.2677136841931715,8,3,8,100,63.49,65.7,62.6,75.26,69.97,64.91,75.74,60.94
2315,49515,68.32,54.516176672122896,0.1081731212387399,6,5,8,100,70.09,65.52,74.92,66.57,66.48,73.07,67.64,62.26
2316,46859,56.61,56.944668957212606,0.1928189600017552,6,7,8,100,63.26,67.32,55.66,54.36,50.23,58.86,53.99,49.2
2317,45297,67.53,55.46957314780098,0.3159240829267277,3,6,8,100,72.07,65.19,70.68,62.56,63.27,63.59,72.06,70.78
2318,62525,69.43,57.35275894456224,0.2208070866549436,8,5,8,100,71.08,73.01,69.14,72.57,69.46,63.36,72.66,64.17
2319,41166,69.5,56.2933523963894,0.1950271020436539,1,13,8,100,75.5,74.2,62.39,58.88,75.7,73.36,71.05,64.92
2320,47462,64.06,55.99335636764696,0.2051331641182447,6,6,8,100,59.81,65.8,70.03,51.41,64.45,69.14,65.84,66.0
2321,45549,58.72,56.39201653254293,0.2521438855520905,4,7,8,100,57.16,69.63,57.88,67.4,54.27,55.77,53.0,54.68
2322,46053,67.38,56.31972271435118,0.212203455171641,6,9,8,100,66.09,65.33,66.86,72.93,61.8,69.96,70.2,65.88
2323,40323,64.93,57.62739169795874,0.1559892136089801,0,9,8,100,73.34,60.45,66.99,57.34,65.63,62.82,73.34,59.52
2324,44642,77.12,56.91488428994829,0.208326746625956,2,6,8,100,70.5,82.42,79.86,68.3,86.57,74.42,66.59,88.32
2325,45297,68.91,55.22611717641579,0.3082885226546588,3,6,8,100,63.59,78.87,71.39,73.32,63.21,68.71,61.3,70.9
2326,53014,80.22,55.13877444921318,0.247534798343215,4,2,8,100,86.83,73.35,83.18,84.74,71.89,84.25,76.32,81.21
2327,40726,63.34,55.86833774675483,0.1635970696600246,0,8,8,100,61.5,69.3,56.99,53.87,62.18,69.19,71.1,62.61
2328,46204,68.94,55.0437476887386,0.1852875959602189,5,7,8,100,63.92,78.83,59.42,71.6,65.75,68.6,67.25,76.18
2329,49515,68.64,56.88377974533419,0.2373129150012101,6,5,8,100,81.75,70.19,65.65,64.92,67.45,58.15,71.95,69.04
2330,47208,72.97,56.66102543169826,0.18066314915617,4,4,8,100,73.79,80.22,64.66,80.7,65.65,83.29,69.74,65.69
2331,53516,59.98,55.03586394692586,0.2074876037232297,5,3,8,100,63.24,58.74,60.75,63.05,56.41,60.8,61.28,55.58
2332,46859,59.05,55.30251484632806,0.2995611427526727,6,7,8,100,60.04,65.96,57.83,57.12,61.28,53.26,54.45,62.48
2333,45851,79.22,55.68789763950021,0.1275711844380712,2,3,8,100,77.02,78.24,69.37,85.51,88.43,72.05,80.3,82.83
2334,49515,71.12,57.68897245045584,0.1982708645415247,6,5,8,100,71.78,71.92,64.5,75.24,62.94,75.8,75.55,71.2
2335,46855,69.11,54.60626169025381,0.3869802191204743,4,5,8,100,61.02,67.54,75.57,60.82,62.55,76.42,79.35,69.6
2336,46607,57.95,55.2934211511004,0.1578732373259315,5,6,8,100,51.38,63.79,63.26,52.21,54.12,52.29,66.0,60.57
2337,45952,62.42,56.17652595949689,0.2899946474287529,4,6,8,100,61.09,49.52,60.5,65.08,63.38,64.66,69.01,66.09
2338,44239,61.05,56.94779532338719,0.2031914573847736,2,7,8,100,70.51,62.38,57.43,56.41,53.69,53.82,61.5,72.63
2339,46706,66.95,55.55320289175196,0.2090279473368903,3,3,8,100,61.06,71.32,66.84,62.12,63.93,68.34,75.11,66.91
2340,44340,55.99,55.477680990782765,0.1599418476989919,4,10,8,100,53.28,57.19,57.72,55.82,56.45,49.37,55.55,62.57
2341,43433,70.86,55.48963826984454,0.2341513575597148,2,9,8,100,67.45,72.06,75.91,73.59,68.78,61.25,69.03,78.85
2342,44995,72.84,55.41865720047386,0.1717760820014199,5,10,8,100,86.04,76.16,59.93,78.66,65.75,64.98,71.26,79.96
2343,45146,68.92,56.0132449812392,0.2349115844596363,4,8,8,100,74.74,63.95,72.16,73.89,63.58,61.39,68.38,73.3
2344,39114,50.67,55.89624435802551,0.2277525443856322,0,12,8,100,56.41,54.46,52.1,51.4,47.89,54.56,43.77,44.74
2345,46859,63.29,56.03288842498122,0.215625090697514,6,7,8,100,75.72,72.9,62.84,58.44,55.99,60.85,54.08,65.49
2346,46456,59.96,56.137425278720464,0.1454524049177765,6,8,8,100,60.9,61.25,55.31,66.66,54.08,66.79,57.31,57.42
2347,44340,62.1,56.85876028812457,0.1715635793226667,4,10,8,100,73.41,60.13,53.44,55.7,59.58,62.52,65.19,66.79
2348,40726,65.9,56.36800602196396,0.3062887910253731,0,8,8,100,60.86,67.7,66.98,62.1,67.52,62.82,75.58,63.66
2349,45297,73.68,56.11942249087436,0.1263152665392757,3,6,8,100,72.78,75.22,64.32,66.79,84.08,76.97,63.64,85.6
2350,45146,74.19,56.5489058379833,0.226472936232196,4,8,8,100,82.17,60.9,66.92,82.63,82.43,67.06,78.82,72.58
2351,49519,70.32,57.77233328343424,0.1545779534461828,8,7,8,100,78.48,64.93,64.48,77.75,67.5,66.48,65.32,77.64
2352,86531,63.78,54.96992444074431,0.2137209473584496,8,3,8,100,60.89,72.04,65.25,58.36,56.01,69.03,71.26,57.43
2353,47208,72.1,56.4643370753261,0.2365537545210977,4,4,8,100,69.3,64.46,73.61,73.43,78.09,76.1,80.08,61.69
2354,40323,64.62,56.73060684924982,0.2120290777885032,0,9,8,100,62.76,59.19,64.97,60.37,74.11,65.5,56.31,73.77
2355,45398,63.58,55.5112435903287,0.1821865503160849,5,9,8,100,66.52,67.32,60.58,73.27,66.04,56.82,59.51,58.55
2356,43836,78.21,56.88675087857199,0.2340703983241357,2,8,8,100,86.21,73.6,86.69,75.12,76.11,75.58,68.2,84.15
2357,45545,68.88,57.11379096403358,0.2776198011178962,2,5,8,100,69.59,73.46,63.96,72.79,76.28,71.37,63.05,60.5
2358,48009,72.93,56.285929043590784,0.2187115323904292,3,2,8,100,76.41,67.91,83.77,67.88,71.94,62.46,68.64,84.44
2359,42627,71.92,57.21240538977978,0.1718997832653773,2,11,8,100,70.43,63.23,82.27,66.08,78.23,71.57,67.67,75.89
2360,71522,65.74,56.79001431380738,0.2031353857039645,5,1,8,100,69.53,70.87,62.15,70.75,75.9,63.12,55.06,58.52
2361,45146,68.38,56.55455814044241,0.1741173825638217,4,8,8,100,73.7,66.0,62.36,63.73,72.25,73.69,76.59,58.72
2362,46204,66.49,56.10152741640072,0.2482062860213194,5,7,8,100,58.45,63.94,68.21,71.76,65.73,68.05,72.08,63.67
2363,44491,69.6,54.89164933857788,0.1627604261997298,3,8,8,100,70.47,76.97,67.88,68.49,73.44,64.05,78.54,56.96
2364,103034,70.51,55.6012455172508,0.2688036933229459,8,2,8,100,76.99,72.0,69.15,63.99,74.45,78.12,68.01,61.39
2365,61521,73.94,57.058007598980886,0.2243820177829718,6,3,8,100,71.61,76.8,76.45,74.55,68.5,77.11,72.45,74.06
2366,46204,69.13,56.37691049544009,0.2592852385360311,2,2,8,100,82.87,60.58,66.04,69.08,73.32,70.88,67.26,62.99
2367,46204,68.86,54.39078807006389,0.2255522534991945,5,7,8,100,73.37,68.02,67.58,70.47,59.39,70.57,79.89,61.62
2368,60517,67.62,55.895921425359134,0.3033532430264767,4,1,8,100,66.8,70.48,69.37,55.82,58.96,70.44,71.14,77.98
2369,61521,65.13,56.12696505608513,0.2647361189957121,6,3,8,100,57.27,65.21,70.39,68.33,67.14,70.92,59.96,61.79
2370,61019,64.09,56.732391221031904,0.1804607323021667,5,2,8,100,63.9,67.9,67.95,60.45,58.54,60.45,73.32,60.18
2371,45549,62.49,55.15292640551692,0.1701927573284286,4,7,8,100,62.5,65.34,63.3,66.45,62.56,57.5,57.65,64.65
2372,45545,67.26,55.33718006929581,0.1493822318933721,2,5,8,100,60.57,63.5,70.63,76.81,66.72,61.92,75.0,62.95
2373,44239,83.07,55.54248874245056,0.1949892958177544,2,7,8,100,76.82,86.82,84.84,86.45,70.85,88.03,82.38,88.36
2374,49519,63.42,54.56668900269443,0.2694018264897504,8,7,8,100,59.29,67.88,72.41,58.83,55.99,73.74,64.86,54.32
2375,87535,67.9,56.31129579929825,0.2184570666218569,10,5,8,100,60.54,65.02,55.47,71.53,77.2,75.18,63.05,75.17
2376,45545,78.64,56.67195288285071,0.2641292406534192,2,5,8,100,86.81,85.33,80.81,84.84,83.92,72.45,67.78,67.18
2377,41129,63.24,55.83324538713173,0.2512949307111095,0,7,8,100,65.38,64.42,58.66,63.36,58.93,70.7,59.08,65.42
2378,53516,68.05,56.00519759750891,0.1651179406939465,5,3,8,100,77.07,56.46,65.42,62.44,63.0,74.54,71.13,74.33
2379,46859,69.7,55.851875600597296,0.1944965003228376,6,7,8,100,70.0,77.42,76.95,62.77,68.21,67.25,64.2,70.78
2380,45851,74.11,55.673972132034194,0.2204658172079513,2,3,8,100,65.12,65.76,78.48,74.47,78.24,69.93,80.65,80.23
2381,46204,62.92,55.25691124346709,0.2127135375963481,5,7,8,100,64.89,56.46,70.29,62.12,65.93,63.78,58.09,61.78
2382,46859,58.36,55.82437227789932,0.2653923426928264,6,7,8,100,52.03,55.7,48.72,60.29,57.66,67.06,66.45,58.98
2383,44894,77.07,56.47777773526774,0.1776634803651254,3,7,8,100,86.04,85.52,73.16,63.47,77.39,76.56,80.8,73.62
2384,73028,75.8,56.31464987311816,0.2229054337176419,8,4,8,100,71.38,70.64,81.04,67.85,70.16,82.15,78.57,84.59
2385,54018,72.06,54.99909909244308,0.1459993100932513,6,4,8,100,66.57,72.88,74.54,76.85,75.06,62.93,76.1,71.54
2386,47208,75.42,56.18617577517988,0.2042823069494467,4,4,8,100,69.55,74.12,68.61,81.35,68.82,79.45,88.0,73.44
2387,72526,62.64,55.91370111921283,0.2542996412549169,7,3,8,100,66.73,62.03,57.01,63.48,61.86,68.23,58.7,63.06
2388,43030,56.31,56.8533631955592,0.2077777497333201,2,10,8,100,60.97,57.44,59.51,54.25,49.36,59.27,56.31,53.35
2389,53014,60.84,54.174804942528944,0.2323860737673161,4,2,8,100,63.3,64.12,66.77,65.04,50.8,68.32,53.67,54.7
2390,47462,63.99,54.5206646152119,0.162907597812575,6,6,8,100,58.27,66.85,56.66,61.69,61.02,71.6,66.37,69.42
2391,44743,74.24,55.79805097966211,0.2553013911638623,4,9,8,100,75.62,77.06,64.02,63.17,77.69,78.07,82.46,75.86
2392,54018,65.47,55.9215331484992,0.1662322660995961,6,4,8,100,67.22,58.29,67.51,62.63,57.98,69.67,76.28,64.18
2393,46855,64.96,55.95344727720494,0.2536586658271813,4,5,8,100,57.63,71.51,71.95,68.62,54.13,63.01,57.82,74.97
2394,45545,66.65,56.14585457692577,0.20636547388636,2,5,8,100,63.51,73.55,69.86,59.86,66.85,71.1,74.48,54.02
2395,45043,61.23,56.07259776986986,0.2230865872274462,1,4,8,100,61.95,52.82,63.7,70.16,60.74,55.04,65.78,59.64
2396,46859,65.73,55.69907730083319,0.3195894276214912,6,7,8,100,71.42,73.95,73.83,60.7,62.92,67.03,58.99,57.01
2397,47462,82.81,56.31671714881461,0.2166937498913863,6,6,8,100,87.08,95.19,85.01,78.12,92.94,79.1,71.94,73.13
2398,46859,58.59,55.48340378957149,0.1976001817834915,6,7,8,100,60.53,53.13,63.56,54.53,56.19,57.49,64.86,58.43
2399,47363,62.77,56.215728832443695,0.2838801390799943,8,9,8,100,69.37,57.12,63.11,59.59,65.58,57.45,72.5,57.46
2400,62023,70.55,56.12404660965943,0.2751695916685996,7,4,8,100,65.76,78.18,62.78,78.9,68.7,66.6,75.11,68.35
2401,44239,75.19,56.283337879587215,0.2449349096268267,2,7,8,100,78.43,79.05,74.7,70.84,79.63,73.24,63.16,82.47
2402,45549,58.26,56.25848602696546,0.2254330498796252,4,7,8,100,62.25,58.84,56.57,58.9,55.67,64.76,57.35,51.72
2403,43030,71.57,58.14472542238899,0.1775119681536446,2,10,8,100,75.8,77.48,75.72,66.28,61.05,75.58,66.74,73.92
2404,46859,59.8,55.58383564438202,0.1786817329391046,6,7,8,100,56.1,64.3,55.59,50.8,64.45,66.8,57.13,63.26
2405,40726,56.0,55.26679338192201,0.2048432313532459,0,8,8,100,62.92,47.95,54.15,50.88,59.68,58.16,59.19,55.03
2406,48511,62.24,55.02011280901896,0.1505760105124539,4,3,8,100,61.12,61.5,74.6,59.52,59.9,58.94,56.82,65.54
2407,44088,69.07,55.22433835121421,0.1838763549656548,3,9,8,100,75.37,61.66,76.93,63.17,65.81,67.6,60.71,81.31
2408,44491,67.16,56.54324505199691,0.3010422580700767,3,8,8,100,56.97,65.1,56.98,70.59,71.74,73.67,74.22,68.0
2409,47462,65.52,56.93704040082524,0.1733844269185047,6,6,8,100,70.59,57.08,58.5,72.23,64.16,74.97,71.13,55.48
2410,86531,65.46,56.46017610105074,0.2148265082245578,8,3,8,100,76.49,59.1,61.49,64.8,61.94,69.9,68.95,61.01
2411,85527,73.0,55.687857561557806,0.1831368641996429,6,1,8,100,80.47,60.16,71.72,78.93,80.99,66.98,76.49,68.24
2412,45952,66.69,56.26367382667482,0.2565002114800239,4,6,8,100,65.15,62.03,74.56,55.15,71.78,71.92,59.22,73.68
2413,44239,70.03,56.47255762802593,0.1617866435287823,2,7,8,100,62.96,65.96,67.04,76.13,68.96,75.8,77.26,66.13
2414,54520,71.42,56.12392132585487,0.2436485936954696,7,5,8,100,68.95,72.09,70.82,70.59,71.74,69.66,70.42,77.09
2415,44743,74.44,55.355841656480855,0.2562189797266814,4,9,8,100,78.35,64.55,76.52,65.31,69.77,73.81,83.17,84.07
2416,47208,63.89,57.04946190510577,0.2044651266369645,4,4,8,100,58.76,61.04,63.6,61.31,64.05,72.41,66.75,63.21
2417,53516,65.5,56.25668307064175,0.1137985801303238,5,3,8,100,72.6,64.15,57.42,72.46,67.38,59.03,60.5,70.48
2418,46607,63.6,55.89039282881964,0.2561811274995651,5,6,8,100,58.48,60.52,57.5,73.38,53.78,68.56,70.15,66.41
2419,85527,61.63,55.44998748905252,0.2983351194214114,6,1,8,100,51.94,65.91,64.98,55.1,55.81,66.74,63.23,69.29
2420,46855,66.75,56.38501918415453,0.1641244386650894,4,5,8,100,74.79,61.04,59.36,60.46,74.25,68.92,68.83,66.32
2421,43030,66.28,56.22772844271243,0.2446442123856042,2,10,8,100,69.43,62.61,64.27,70.7,69.27,60.84,63.2,69.89
2422,104038,71.53,56.4738201655074,0.2243036412365424,10,4,8,100,77.18,71.43,62.29,70.91,74.22,69.43,76.8,70.0
2423,46855,62.01,54.655840435233806,0.2208070789006745,4,5,8,100,58.89,58.41,56.33,59.52,72.3,65.46,64.55,60.63
2424,73530,58.84,55.32042632112663,0.1741555710285501,9,5,8,100,60.14,52.07,66.54,56.01,57.61,57.66,56.44,64.22
2425,44894,67.54,55.79540275961649,0.2922674667068675,3,7,8,100,64.75,73.44,61.69,66.45,65.74,69.41,66.03,72.81
2426,86531,64.66,56.23202831409557,0.1867015859807803,8,3,8,100,66.13,59.87,71.97,70.1,54.12,68.72,70.75,55.58
2427,45650,76.78,56.32733354425184,0.1485455271165239,6,10,8,100,73.19,78.62,77.77,77.62,77.64,75.48,77.6,76.34
2428,146044,66.34,54.22948725257961,0.2193835891444447,10,2,8,100,59.87,75.34,73.5,77.75,59.87,61.38,58.96,64.06
2429,53014,68.07,56.72162953319487,0.2235082611241171,4,2,8,100,57.83,60.85,69.07,72.88,79.15,76.92,64.43,63.43
2430,104030,73.96,55.30489096629489,0.105202929326607,6,0,8,100,65.7,73.33,80.3,67.77,80.1,74.47,66.33,83.66
2431,46353,66.45,54.90490493648436,0.2837884895599265,3,4,8,100,62.96,73.25,72.47,71.08,58.64,62.55,60.96,69.66
2432,48511,73.5,56.379295443771895,0.2803306474240688,4,3,8,100,66.94,78.08,65.35,81.82,66.87,71.53,72.85,84.57
2433,87535,64.94,55.75697817246725,0.178424291520787,10,5,8,100,64.12,59.58,69.78,63.21,55.44,75.71,67.77,63.92
2434,61521,71.49,55.355011982516025,0.1177622010397009,6,3,8,100,66.41,78.75,71.33,78.27,68.06,64.03,81.37,63.71
2435,44491,72.69,55.95586631755229,0.3008084345417034,3,8,8,100,71.78,71.8,77.13,76.35,72.12,72.84,65.41,74.13
2436,104038,76.83,57.56002398911113,0.1995165481540426,10,4,8,100,85.66,73.55,65.06,68.5,78.13,81.6,82.39,79.72
2437,62525,70.51,55.21783942690904,0.3301103319622305,8,5,8,100,66.31,82.4,66.75,65.44,76.96,67.75,66.72,71.75
2438,87535,64.89,56.62899082866341,0.1690112095697903,10,5,8,100,58.63,71.05,64.79,66.89,52.89,74.18,69.12,61.53
2439,150000,63.96,56.4347526545242,0.1921596379639835,11,0,8,100,59.04,73.6,61.47,58.86,59.52,72.04,69.87,57.27
2440,47462,60.24,55.2477082499719,0.2704848264159446,6,6,8,100,67.56,58.75,59.76,58.94,65.41,64.17,51.1,56.23
2441,49515,66.25,57.4560212322427,0.1438392956065525,6,5,8,100,61.19,69.58,63.82,68.28,68.72,63.92,63.83,70.66
2442,54272,64.19,56.20002882934681,0.2630914932300973,8,6,8,100,66.81,58.09,70.39,63.56,58.27,58.29,70.41,67.7
2443,47507,64.79,54.9784952588614,0.2590500702148439,2,1,8,100,67.18,73.66,63.17,58.84,70.8,60.78,67.06,56.86
2444,122537,80.12,55.0560591272192,0.1667979660258031,8,1,8,100,87.26,87.93,71.08,85.42,85.52,81.25,73.0,69.52
2445,44491,68.86,55.99324309177821,0.2353961806803901,3,8,8,100,63.48,77.02,76.46,59.77,75.96,73.29,58.95,65.99
2446,45549,60.68,55.60521355163127,0.1753712966228609,4,7,8,100,62.04,62.62,55.64,65.3,57.49,58.14,65.27,58.9
2447,123541,58.97,55.26002352226394,0.1653958637485848,10,3,8,100,59.25,54.95,66.9,57.99,60.27,57.01,59.68,55.7
2448,103536,59.87,55.97532497216708,0.1658300721598739,9,3,8,100,60.32,55.57,61.03,66.3,58.5,58.08,56.5,62.67
2449,49013,59.41,55.31356420882236,0.3025615400614633,5,4,8,100,60.1,57.71,62.26,57.38,55.7,56.84,69.85,55.45
2450,46053,60.07,56.08573713384486,0.25813754997665,6,9,8,100,61.75,52.98,50.81,65.74,70.5,61.75,60.57,56.49
2451,45801,58.62,56.41025016474943,0.2076048020145642,5,8,8,100,56.64,59.46,60.92,48.14,48.96,65.29,64.56,64.96
2452,103034,61.71,58.11843073258596,0.1638989541570549,8,2,8,100,58.45,59.35,62.22,59.47,65.38,58.31,69.43,61.05
2453,54018,70.84,55.10886569756551,0.2618769498559057,6,4,8,100,71.01,76.13,75.45,63.89,67.23,76.03,71.32,65.69
2454,45698,62.62,56.89035094480501,0.1408599994783551,2,4,8,100,56.51,67.4,66.6,54.63,67.4,66.07,61.05,61.27
2455,44890,62.96,55.1190071988294,0.2421285662427603,1,5,8,100,53.56,71.94,61.89,56.29,69.26,66.12,66.04,58.58
2456,102532,74.69,56.14022348541032,0.2230257807918754,7,1,8,100,80.08,79.99,70.26,70.93,71.47,75.6,71.09,78.13
2457,47111,69.57,55.43319015753888,0.173689378627158,7,8,8,100,77.63,72.47,72.28,70.16,64.92,59.59,64.16,75.35
2458,46053,69.56,55.01413162032047,0.130452969298707,6,9,8,100,76.97,75.4,76.87,78.82,57.6,61.06,68.74,61.05
2459,45247,71.55,53.61808129036285,0.238999793438799,6,11,8,100,71.28,69.14,78.99,62.0,75.46,82.57,69.64,63.36
2460,44844,64.02,56.064898307272,0.200484415258832,6,12,8,100,60.39,66.84,73.91,57.96,56.13,67.02,63.81,66.08
2461,49267,72.45,56.52627325611491,0.1923561786766594,7,6,8,100,77.54,64.72,69.18,73.59,85.0,76.45,64.91,68.18
2462,47363,72.27,56.65228932347112,0.2432219100711829,8,9,8,100,75.26,63.95,83.82,82.57,61.13,68.74,70.14,72.58
2463,45549,65.56,56.37771297044216,0.1082829612701463,4,7,8,100,58.49,56.01,61.53,70.83,65.53,72.5,72.58,67.02
2464,46456,76.54,55.81385688309533,0.2497720440310413,6,8,8,100,72.84,82.06,76.92,70.48,77.25,80.06,69.87,82.88
2465,45545,72.66,55.93994063825965,0.0865700315367147,2,5,8,100,77.01,71.97,65.62,69.48,80.4,61.08,77.92,77.79
2466,46859,71.38,57.02579847339218,0.1872804235439958,6,7,8,100,72.03,78.23,59.75,75.16,71.52,70.6,68.46,75.3
2467,122537,64.56,56.51947650220251,0.1576604169986995,8,1,8,100,68.61,56.52,66.86,68.72,63.76,67.52,64.52,59.95
2468,54018,71.43,56.68299091061025,0.2351373885299902,6,4,8,100,65.97,81.27,64.58,74.95,69.38,72.23,74.34,68.71
2469,54272,64.43,55.76320016430806,0.1367180820711578,8,6,8,100,64.94,62.91,57.6,70.84,65.62,68.74,68.78,56.0
2470,45698,66.85,56.60085196913533,0.2012198914275283,2,4,8,100,75.89,65.18,75.42,66.53,57.96,63.61,66.5,63.69
2471,46607,70.46,56.91246310115247,0.2421224922574616,5,6,8,100,81.17,59.02,71.02,70.57,69.4,70.88,71.17,70.44
2472,62525,74.77,56.2047255874237,0.243221145940267,8,5,8,100,78.11,77.45,71.71,75.05,74.37,80.29,66.94,74.22
2473,43030,73.06,56.69866716765183,0.127421867922241,2,10,8,100,83.53,72.28,73.6,63.87,77.39,74.78,69.4,69.66
2474,48511,67.17,56.237706857214654,0.2158454005998467,4,3,8,100,57.27,70.57,67.63,72.19,72.05,74.61,61.69,61.34
2475,46305,58.46,56.40520567706497,0.1608003781156541,7,10,8,100,63.94,53.6,52.93,54.67,52.55,66.51,66.58,56.91
2476,62529,61.19,56.62636594937835,0.185748433010815,10,7,8,100,71.79,64.37,63.11,61.81,53.02,64.43,57.64,53.32
2477,44239,70.34,55.18703424077461,0.2348254156353114,2,7,8,100,61.63,66.34,67.84,71.4,70.74,78.83,71.97,73.99
2478,47462,69.13,55.98227630725031,0.1607671616958163,6,6,8,100,69.41,64.34,58.33,69.19,77.34,68.62,73.11,72.72
2479,122537,73.97,56.50503827823362,0.2244355690949004,8,1,8,100,63.95,74.22,77.84,82.26,74.39,66.6,84.73,67.76
2480,45952,63.34,56.24625071005204,0.2247171974333551,4,6,8,100,60.43,67.94,58.58,61.52,72.16,68.0,65.99,52.07
2481,45043,62.22,56.6905729215876,0.2323767909546024,1,4,8,100,60.05,53.37,58.32,59.09,65.15,71.95,65.04,64.79
2482,43937,69.97,54.99998319423495,0.2310558943199879,4,11,8,100,77.21,60.73,75.43,74.06,74.05,62.83,66.04,69.42
2483,47208,66.32,56.77447996960697,0.2274792226440277,4,4,8,100,68.77,62.62,71.83,72.77,63.27,58.6,62.3,70.42
2484,46607,70.74,56.46258874782455,0.2510535525332966,5,6,8,100,68.05,77.17,76.98,79.92,81.87,60.69,61.5,59.7
2485,73282,71.86,56.62979665950507,0.1967284527813664,10,6,8,100,69.46,77.32,75.48,75.7,60.13,64.26,71.68,80.82
2486,45297,63.17,56.55391558492506,0.1373814851654927,3,6,8,100,59.27,55.03,67.22,70.62,65.91,58.38,71.13,57.8
2487,42435,70.67,56.05457596944538,0.1913057094827643,0,5,8,100,79.29,66.66,61.81,79.45,75.15,68.33,62.98,71.69
2488,41129,73.55,55.848620171455615,0.2682735728445553,0,7,8,100,71.26,79.67,79.83,60.08,80.7,70.96,69.6,76.33
2489,45952,67.77,56.35501321446072,0.1606472867892925,4,6,8,100,62.48,77.37,72.26,63.64,54.75,76.21,58.98,76.44
2490,46855,67.8,55.64302439187804,0.2873927941431048,4,5,8,100,53.69,72.28,70.39,64.64,71.51,72.22,71.26,66.44
2491,43937,64.94,54.83343318502615,0.1801887520252738,4,11,8,100,70.02,62.54,64.0,67.55,59.75,54.2,67.43,74.04
2492,41129,58.99,56.74882050331963,0.1224925156531412,0,7,8,100,56.2,53.92,58.5,60.12,57.6,60.54,54.87,70.18
2493,150000,64.82,56.827701577676,0.1075677733797733,10,0,8,100,58.43,61.89,63.35,61.91,77.43,61.26,60.98,73.35
2494,43987,61.96,55.35140560151307,0.2318004835394062,1,6,8,100,50.47,58.64,60.28,60.52,68.61,66.78,58.64,71.74
2495,45851,65.17,55.46107559323116,0.1212299940175371,2,3,8,100,61.64,73.28,67.5,57.72,59.8,56.8,74.79,69.8
2496,46053,67.25,55.74165328962753,0.1935289590876178,6,9,8,100,59.41,63.84,73.8,74.98,73.1,70.37,60.51,61.96
2497,61521,80.91,57.003510941969616,0.1558946810591749,6,3,8,100,69.42,81.93,88.74,86.76,79.15,67.93,89.0,84.35
2498,53014,64.12,56.62857339477413,0.0930901960143965,4,2,8,100,61.25,53.86,61.09,68.85,63.9,69.65,67.14,67.23
2499,54520,64.28,54.72740640914073,0.2467974118640243,7,5,8,100,60.68,65.4,59.41,73.87,73.78,62.36,55.31,63.45
2500,54272,62.14,57.43205851963905,0.1894368921184746,8,6,8,100,67.5,64.45,55.52,60.5,66.68,54.4,63.64,64.44
2501,44239,73.69,56.42925594199229,0.120979582216814,2,7,8,100,71.67,81.9,75.6,74.54,69.77,72.56,70.5,73.02
2502,73282,67.96,56.06075396547588,0.2310910423286331,10,6,8,100,58.56,73.84,64.25,70.65,67.73,76.91,60.78,70.93
2503,45549,71.93,56.3074388956904,0.1866954953389434,4,7,8,100,84.7,67.36,72.83,77.36,71.79,70.29,67.41,63.73
2504,103034,58.11,55.24904838068733,0.2131137679808181,8,2,8,100,62.44,53.06,61.27,59.32,52.02,61.2,61.44,54.16
2505,53014,67.56,56.05272442140858,0.1920932386131937,4,2,8,100,66.22,59.48,63.96,72.53,69.55,69.59,71.75,67.39
2506,45549,65.8,56.61596618041473,0.2061686164289932,4,7,8,100,75.5,70.47,64.7,62.25,66.86,61.14,61.22,64.28
2507,47208,64.07,56.73821440354035,0.1708631756380343,4,4,8,100,62.71,66.07,68.5,56.67,57.6,71.28,72.31,57.45
2508,47111,83.66,56.55524035007196,0.2272665455191054,7,8,8,100,91.31,77.37,81.95,89.9,91.14,78.0,76.01,83.59
2509,46456,78.98,55.08350256614957,0.167958018482887,6,8,8,100,83.19,87.25,70.14,70.78,80.32,85.22,76.63,78.32
2510,73020,68.13,57.51743113903935,0.1636688318716959,4,0,8,100,75.65,63.95,62.14,61.0,63.07,73.88,70.85,74.54
2511,46855,67.89,56.886902891362894,0.1986965061007026,4,5,8,100,77.81,71.67,69.59,72.7,58.21,61.66,60.38,71.08
2512,47462,71.19,54.89567529476941,0.2843368682208727,6,6,8,100,64.38,67.06,79.07,74.28,66.64,66.62,74.61,76.86
2513,49515,68.02,57.58041867800004,0.1808382371403386,6,5,8,100,78.35,71.85,76.74,65.86,63.79,55.75,60.72,71.12
2514,103536,70.08,55.551148693217655,0.149727739008574,9,3,8,100,68.95,64.55,71.31,68.77,64.57,63.81,84.7,73.99
2515,54018,57.86,56.60102298878727,0.1762368052304364,6,4,8,100,56.31,52.42,60.64,64.16,60.67,58.6,58.99,51.08
2516,44340,75.23,56.11689420734756,0.2238854413027481,4,10,8,100,80.85,73.8,83.41,82.05,78.78,66.97,71.08,64.93
2517,72024,83.2,56.71797891187352,0.2310534349487556,6,2,8,100,81.77,75.7,89.83,88.8,93.19,75.57,92.78,67.98
2518,45247,61.02,56.637998465923886,0.2145528016327411,6,11,8,100,61.04,57.02,63.44,57.92,58.33,54.49,67.74,68.15
2519,44239,68.42,56.2351329330405,0.1866882404696706,2,7,8,100,71.86,75.81,68.44,68.43,65.5,62.26,70.96,64.13
2520,62023,68.53,57.29663189283747,0.2075021635266467,7,4,8,100,69.96,74.55,65.59,78.08,59.07,59.78,71.95,69.29
2521,73028,73.76,56.72616974183022,0.164556033823504,8,4,8,100,76.19,74.6,63.89,69.15,76.69,80.36,72.22,77.02
2522,103034,67.78,57.17322064822466,0.2280904180522879,8,2,8,100,67.34,57.78,70.18,68.4,69.39,70.63,67.58,70.94
2523,49519,67.71,56.61253302629396,0.1931901926562838,8,7,8,100,66.84,56.14,65.14,80.33,61.74,74.62,73.94,62.95
2524,45952,63.09,55.7188936441239,0.0405798644751829,4,6,8,100,63.87,67.21,67.3,64.48,67.5,60.38,58.29,55.66
2525,87535,67.75,55.85346445784188,0.266090212747998,10,5,8,100,77.82,62.98,74.9,61.47,57.02,69.82,71.48,66.52
2526,44239,71.03,56.1970408942224,0.2043901888841142,2,7,8,100,72.4,72.86,79.49,73.69,62.42,62.49,70.77,74.14
2527,45801,71.84,56.56525682756064,0.2448130510115659,5,8,8,100,67.97,80.14,77.95,68.59,71.96,78.09,72.2,57.86
2528,45549,68.71,55.178657457426645,0.1881425838528103,4,7,8,100,63.39,68.59,69.44,66.48,66.03,74.07,74.6,67.1
2529,44642,71.59,55.29365190958244,0.2206786044594867,2,6,8,100,61.97,81.12,76.34,63.79,81.85,71.16,73.47,62.98
2530,42435,69.4,55.70275745391544,0.1713497438620929,0,5,8,100,63.49,73.27,63.3,80.47,70.9,69.44,67.52,66.8
2531,145542,69.18,53.75514959151183,0.2027674299667955,9,1,8,100,66.04,59.08,76.21,77.17,74.24,56.85,67.12,76.75
2532,47462,73.54,56.06886663291527,0.1687880518490463,6,6,8,100,70.4,61.69,79.85,76.64,77.19,79.72,62.84,79.99
2533,62529,75.87,55.55617968768368,0.1078819731715663,10,7,8,100,67.57,75.3,79.71,73.34,75.16,83.29,74.8,77.8
2534,45146,60.04,55.8907811051421,0.1377540360965092,4,8,8,100,58.06,69.04,51.36,61.29,63.38,53.94,54.86,68.38
2535,49515,76.19,55.86067114524686,0.1870844524156634,6,5,8,100,85.56,86.59,63.3,72.48,70.0,84.17,68.35,79.05
2536,46053,67.84,56.43249046743622,0.1009850034697814,6,9,8,100,67.02,72.85,61.44,63.07,69.21,69.28,78.87,60.98
2537,54018,64.18,57.95231552338353,0.2300720487419523,6,4,8,100,64.45,58.6,62.5,57.9,68.13,68.06,72.42,61.38
2538,47462,64.11,55.521943320480446,0.1276106699057653,6,6,8,100,56.78,67.99,58.54,61.2,69.73,70.74,61.22,66.67
2539,72526,66.91,56.2856725854714,0.1868917384973822,7,3,8,100,70.24,57.83,78.2,54.43,72.79,55.48,73.2,73.1
2540,49515,76.14,56.65455713218527,0.2542546040150243,6,5,8,100,66.41,81.02,80.18,64.92,84.82,79.43,78.86,73.51
2541,46859,64.64,57.05732267650581,0.1444590601957483,6,7,8,100,65.82,60.52,63.44,62.56,69.67,58.67,64.69,71.76
2542,62525,55.78,56.80140162158227,0.1588776899566925,8,5,8,100,52.65,56.08,62.63,51.89,48.05,64.1,58.15,52.68
2543,47966,65.04,55.65078847644887,0.1426080433781357,8,8,8,100,58.04,60.49,70.58,66.14,59.55,70.73,69.63,65.2
2544,73530,64.7,55.40521549765589,0.1894980472317183,9,5,8,100,63.67,60.8,57.94,72.4,75.71,67.93,56.32,62.85
2545,124035,62.31,56.82558812097162,0.2524724031288531,7,0,8,100,63.1,65.98,67.4,61.45,62.45,52.94,63.84,61.29
2546,46456,74.5,55.33901209720259,0.1990046267923542,6,8,8,100,75.59,76.45,78.31,76.47,66.98,74.79,70.12,77.26
2547,62525,56.04,56.13887865407408,0.2347901318249501,8,5,8,100,60.93,50.88,59.11,49.42,59.5,50.99,61.15,56.31
2548,43584,66.49,57.11515282329359,0.1591729244816286,1,7,8,100,61.99,71.47,76.73,58.81,68.61,69.16,60.17,64.99
2549,46456,70.57,56.604513543990926,0.2661115458133239,6,8,8,100,72.42,72.81,66.59,76.73,62.01,76.56,65.4,72.07
2550,44340,63.43,56.29517404632893,0.1493992874645747,4,10,8,100,61.44,67.08,60.24,65.82,68.65,52.62,63.42,68.15
2551,48511,70.56,56.651617554329256,0.1264230645480922,4,3,8,100,66.64,71.91,81.68,65.5,69.6,68.43,64.97,75.75
2552,104038,59.69,56.14391189183351,0.1633680766176513,10,4,8,100,53.63,59.66,55.69,64.52,60.76,58.29,65.0,60.0
2553,104038,73.18,55.97269297963794,0.1989552872153408,10,4,8,100,78.31,69.3,80.08,79.75,69.61,74.25,73.87,60.29
2554,44239,71.41,56.995811049107786,0.1460568451764576,2,7,8,100,79.48,69.75,76.45,69.46,68.21,77.15,63.89,66.92
2555,104038,69.58,56.1491520036592,0.1389504634965749,10,4,8,100,68.45,70.22,62.44,66.17,72.78,76.26,71.9,68.4
2556,61521,73.06,57.707230911866695,0.152404307565511,6,3,8,100,74.04,68.74,68.55,80.06,67.11,78.3,74.65,73.02
2557,62023,78.91,56.5194448027113,0.1726966922446091,7,4,8,100,83.97,84.68,71.43,84.41,78.89,69.36,83.55,75.0
2558,46607,70.13,57.178014328548194,0.0936831116624888,5,6,8,100,61.1,72.09,70.61,71.07,80.38,76.56,65.16,64.1
2559,86531,63.43,57.35390375872517,0.1728116608131833,8,3,8,100,56.9,71.12,60.94,65.09,59.9,56.98,65.82,70.68
2560,46456,60.81,58.354964181992806,0.1234115600353245,6,8,8,100,70.87,57.13,63.37,56.16,62.39,54.54,58.17,63.82
2561,45549,78.28,56.56867033309878,0.1218998484812055,4,7,8,100,72.61,86.79,70.25,77.18,89.73,75.69,79.6,74.39
2562,49515,59.51,55.91936301830192,0.1751358726910359,6,5,8,100,66.2,54.11,46.61,57.85,62.23,62.16,65.08,61.84
2563,46855,60.82,55.409726508809584,0.061458521739661,4,5,8,100,61.97,64.74,59.16,54.92,59.71,69.14,61.37,55.56
2564,124035,65.76,57.94752661971292,0.1344191798203567,7,0,8,100,72.53,67.69,60.43,65.21,65.52,63.38,71.36,59.92
2565,104030,77.54,57.37355916070469,0.1941491345872107,6,0,8,100,74.29,67.5,81.24,69.89,79.05,84.14,85.05,79.16
2566,46204,62.88,56.4551743200209,0.0842986343330711,5,7,8,100,58.17,63.98,54.03,70.16,64.06,62.71,67.3,62.59
2567,47710,68.4,57.61720139697555,0.1340762344914837,5,5,8,100,73.51,63.01,70.39,70.69,64.43,67.38,73.57,64.18
2568,49519,64.63,56.229741541096864,0.1080333777428653,8,7,8,100,55.73,60.91,68.21,73.72,62.23,65.9,67.25,63.06
2569,46204,71.28,58.1520375346984,0.169829655238191,5,7,8,100,74.5,69.45,78.99,63.07,71.28,72.44,70.16,70.35
2570,43584,63.36,55.4699017348318,0.0834647313571101,1,7,8,100,67.76,58.36,63.65,74.77,56.06,64.93,63.91,57.4
2571,72024,67.5,56.89761847641487,0.2419463619147136,6,2,8,100,66.94,67.78,70.35,66.64,63.64,62.22,68.3,74.11
2572,62525,62.69,55.259105186998056,0.288737154408774,8,5,8,100,62.92,62.9,53.8,59.07,54.14,69.2,72.14,67.36
2573,124035,72.58,55.60651593820852,0.2864004677244699,7,0,8,100,71.97,67.11,65.76,75.39,75.93,70.1,73.56,80.85
2574,43937,68.62,55.862430184025726,0.1682710263895308,4,11,8,100,63.33,62.62,72.66,78.43,70.84,65.79,74.15,61.1
2575,62525,73.48,55.85349748582112,0.1885133017634696,8,5,8,100,71.68,64.69,73.37,76.62,66.63,79.84,73.01,82.01
2576,61019,56.87,56.12679866313604,0.1861483673965859,5,2,8,100,53.89,54.74,56.57,62.63,57.42,56.36,58.04,55.29
2577,61019,75.6,56.24314393694157,0.1988372346776761,5,2,8,100,80.05,74.53,76.64,80.85,81.49,67.02,76.69,67.5
2578,61521,63.78,57.34499892950616,0.2414004185398948,6,3,8,100,64.3,56.65,71.19,59.92,75.03,66.99,56.31,59.85
2579,62529,75.17,55.675348056197976,0.1458844759579619,10,7,8,100,84.24,70.2,62.8,81.21,82.78,68.29,76.8,75.03
2580,72024,63.47,55.99471410534845,0.1807595953315826,6,2,8,100,63.96,63.16,59.88,56.98,63.43,70.4,63.02,66.95
2581,54018,76.03,56.12404229207969,0.2012252711304946,6,4,8,100,84.01,62.22,80.94,79.0,65.16,84.71,83.58,68.65
2582,44491,68.53,54.99229161487758,0.1175789745701287,3,8,8,100,58.56,72.42,78.58,75.09,60.92,64.62,72.71,65.33
2583,73530,69.3,56.175636946538674,0.2263483106057576,9,5,8,100,70.81,71.73,58.45,71.59,67.62,76.05,71.01,67.14
2584,45952,67.23,55.23560858094751,0.1834165465924131,4,6,8,100,72.13,73.74,62.86,75.31,61.51,70.14,61.8,60.38
2585,49515,72.39,54.5920963258404,0.254981151820965,6,5,8,100,81.08,68.1,67.16,74.01,70.03,63.99,83.0,71.71
2586,44491,62.85,57.64886348180089,0.2137084498076053,3,8,8,100,56.12,65.36,54.41,60.5,57.15,71.78,70.04,67.47
2587,49519,66.23,56.227202753649976,0.2090590884510006,8,7,8,100,67.68,71.71,57.45,73.78,60.08,70.86,56.3,71.96
2588,45549,72.4,56.011762143059855,0.1505326936592433,4,7,8,100,66.94,70.85,74.14,82.39,72.72,62.81,81.7,67.63
2589,46053,74.27,55.39312376685989,0.0876628816124398,6,9,8,100,74.82,63.46,63.18,65.78,79.85,81.42,81.15,84.51
2590,86531,74.27,55.810833820425664,0.2648351365963977,8,3,8,100,76.59,64.09,81.09,64.1,81.9,76.48,70.1,79.78
2591,72024,69.18,56.15100683377565,0.2499480983737523,6,2,8,100,62.5,73.55,71.12,75.1,68.54,75.62,57.89,69.12
2592,46456,70.72,56.80102979905634,0.1787545605715513,6,8,8,100,63.29,80.24,63.11,80.59,75.76,59.03,64.79,78.99
2593,86029,76.17,56.14475543982131,0.205681882594694,7,2,8,100,77.04,71.1,70.62,69.2,84.9,69.06,88.07,79.4
2594,46855,73.63,56.46401821526419,0.1191867894671516,4,5,8,100,72.78,61.82,76.86,75.53,72.91,78.38,78.5,72.27
2595,72526,68.74,56.58663843041387,0.0964012207360748,7,3,8,100,73.98,61.1,62.93,77.54,76.73,63.12,67.22,67.29
2596,46859,61.76,56.01470554355807,0.1216968145033616,6,7,8,100,55.48,58.07,66.65,55.46,62.49,69.81,63.38,62.78
2597,46204,64.82,54.939561391668896,0.150752327338212,2,2,8,100,58.81,65.29,57.66,70.84,60.13,71.36,73.47,60.98
2598,54520,74.25,55.959735326601695,0.2750413363695803,7,5,8,100,72.1,87.9,75.77,69.81,87.54,64.56,69.23,67.06
2599,104038,71.19,56.28683955061373,0.1821840852408884,10,4,8,100,71.76,81.41,66.94,77.45,64.65,72.36,72.36,62.57
2600,47710,70.69,56.86547686180731,0.2594926592555038,5,5,8,100,67.99,71.95,66.59,59.69,76.58,81.94,77.44,63.33
2601,53014,69.61,56.07721175962285,0.2452200246383382,4,2,8,100,63.79,57.74,69.68,77.07,73.45,76.34,62.68,76.13
2602,46204,69.1,55.338303223334414,0.1616474268396863,5,7,8,100,63.38,75.23,58.1,75.52,73.03,71.92,62.91,72.67
2603,49267,76.71,56.45877829791218,0.1589622476542795,7,6,8,100,83.6,85.79,82.74,77.95,71.61,79.99,64.88,67.13
2604,48511,70.61,55.85658654742409,0.2137750464210975,4,3,8,100,60.79,74.21,70.15,73.02,62.79,72.92,76.26,74.77
2605,47208,68.36,56.98627994895024,0.1973368321505503,4,4,8,100,57.98,75.11,77.59,61.56,73.0,64.36,70.84,66.47
2606,45952,70.8,56.08365330380926,0.1712685760790396,4,6,8,100,79.22,60.2,70.69,62.35,74.51,71.94,77.18,70.33
2607,150000,55.0,55.39504676159219,0.2245193014798116,11,0,8,100,55.11,51.04,55.51,52.05,65.48,50.86,57.75,52.23
2608,46859,73.21,55.699726709884025,0.2165753934561677,6,7,8,100,86.6,72.39,68.65,70.11,64.72,78.97,71.7,72.56
2609,54018,67.69,56.20120178238984,0.2356661223307442,6,4,8,100,66.41,66.52,74.4,66.25,68.66,62.11,68.37,68.79
2610,47462,57.3,57.09169232888747,0.2753731817800193,6,6,8,100,49.69,61.63,50.31,64.11,62.14,50.55,71.85,48.09
2611,147040,64.62,56.229829224074926,0.3205827766366776,8,0,8,100,73.28,66.88,70.05,62.59,56.41,61.14,62.58,64.04
2612,123541,69.21,55.68113916941643,0.2149583652018415,10,3,8,100,66.36,68.79,54.11,70.95,72.38,76.55,71.93,72.61
2613,103034,70.17,56.048246280562886,0.167558846527675,8,2,8,100,68.3,76.9,60.21,76.77,57.45,79.35,71.6,70.77
2614,47507,69.99,55.171370920221,0.1531669206672933,2,1,8,100,65.11,62.76,76.93,77.5,73.83,70.62,67.72,65.48
2615,44239,69.04,57.047772067668944,0.2083386282043338,2,7,8,100,73.59,75.89,63.2,67.87,65.66,75.62,64.25,66.26
2616,73282,68.03,56.01838571830615,0.1724307299008314,10,6,8,100,66.67,64.97,67.22,68.75,63.0,71.93,72.36,69.3
2617,46859,71.09,55.16065231276745,0.1712879248452795,6,7,8,100,75.42,67.99,62.93,71.19,63.96,76.87,72.04,78.31
2618,72024,69.81,56.80274385795248,0.1841493407973135,6,2,8,100,67.21,73.56,60.72,73.68,60.61,76.44,71.08,75.21
2619,49515,47.84,56.95548893089408,0.1934429279326278,6,5,8,100,47.64,40.18,38.62,47.38,54.49,47.93,61.26,45.2
2620,54018,66.36,56.109845806966895,0.1187233199921565,6,4,8,100,58.08,66.74,73.47,58.15,67.93,76.07,60.0,70.43
2621,46053,76.37,55.39675927449471,0.1470151220780724,6,9,8,100,66.95,89.18,72.4,82.6,77.24,68.44,64.5,89.63
2622,47462,62.89,55.6446981042671,0.231244679307337,6,6,8,100,68.16,56.14,57.72,65.02,69.23,68.19,58.85,59.78
2623,54272,59.41,56.6215520698424,0.2327165032476755,8,6,8,100,66.0,63.76,58.89,64.0,55.17,57.98,51.89,57.56
2624,54018,64.17,56.282521523441936,0.2365997780266509,6,4,8,100,60.29,64.37,64.05,62.15,61.22,70.37,59.35,71.56
2625,46859,71.11,56.33399887051597,0.2833594952885209,6,7,8,100,69.7,84.92,72.98,64.65,68.1,68.52,70.65,69.4
2626,47208,72.1,56.74959543186294,0.1360442486178379,4,4,8,100,59.42,80.45,62.25,74.86,63.16,82.75,80.17,73.72
2627,54272,61.9,56.485516270239,0.1732264339298859,8,6,8,100,66.46,67.77,67.1,69.44,64.46,51.77,50.74,57.42
2628,47966,71.47,57.45530550879469,0.1239218541017394,8,8,8,100,72.6,61.52,63.94,77.97,73.6,68.86,73.34,79.95
2629,62525,62.22,56.980036008162685,0.2675325950489207,8,5,8,100,67.54,67.32,63.09,63.96,60.03,56.26,59.14,60.43
2630,47111,81.17,56.58168795008239,0.1511418364377762,7,8,8,100,87.52,80.4,81.88,74.54,79.29,78.06,80.94,86.74
2631,47966,78.29,56.966710926054446,0.1466889711101095,8,8,8,100,68.28,76.33,71.49,90.52,84.54,74.17,85.47,75.52
2632,86029,69.39,56.66268665924894,0.259360082416725,7,2,8,100,82.61,64.74,59.82,76.62,66.41,76.15,68.89,59.9
2633,47462,65.81,57.23413775763283,0.1549208497115526,6,6,8,100,71.13,65.56,65.45,65.95,67.78,61.69,60.62,68.28
2634,47363,78.55,56.49740603940608,0.1605935550498027,8,9,8,100,81.02,82.05,70.29,77.22,80.6,80.54,74.32,82.38
2635,46855,70.56,56.37230423414883,0.1083870141140979,4,5,8,100,79.74,79.06,65.9,67.73,75.34,65.45,68.31,62.99
2636,47208,64.78,56.7765152012886,0.1335734964641162,4,4,8,100,68.65,71.8,64.6,62.42,56.12,69.86,67.9,56.86
2637,43584,61.81,56.38967315181002,0.2094597104753727,1,7,8,100,62.11,65.8,62.05,57.85,76.79,54.0,58.06,57.82
2638,147040,64.05,56.22824555560197,0.2129447802683587,8,0,8,100,73.67,54.35,75.58,55.7,56.98,56.19,73.13,66.78
2639,48218,69.59,53.86181347959431,0.1747853952124383,9,9,8,100,78.56,60.27,57.74,74.93,71.84,69.74,79.43,64.2
2640,54018,70.28,55.09612967856418,0.2443280099992445,6,4,8,100,70.24,64.49,70.69,68.22,60.29,72.95,78.83,76.52
2641,45146,71.06,55.68468395665633,0.2140520821889923,4,8,8,100,62.82,74.29,62.79,66.77,67.26,72.92,83.73,77.9
2642,45146,72.48,55.61156761087325,0.2114005620375941,4,8,8,100,76.42,81.26,63.95,63.91,76.21,77.5,64.79,75.83
2643,54018,62.58,56.96642204033687,0.1593384255839469,6,4,8,100,64.24,63.64,65.42,71.65,61.52,54.23,56.58,63.37
2644,60517,77.19,56.38096992191241,0.1971657369870844,4,1,8,100,72.86,76.36,72.01,81.43,78.31,80.97,79.42,76.18
2645,45398,71.22,55.720845490850174,0.1551568406331615,5,9,8,100,67.22,78.58,70.25,65.85,68.85,76.52,73.39,69.07
2646,123541,62.47,56.5675535335802,0.1266211559800732,10,3,8,100,62.07,57.94,59.99,54.63,56.28,72.39,64.75,71.7
2647,87535,72.77,55.89018895493185,0.2173437754977509,10,5,8,100,70.04,68.59,68.81,78.48,80.6,79.27,68.11,68.27
2648,46855,64.9,57.39097415469018,0.1932478517020623,4,5,8,100,58.46,71.46,64.72,52.57,65.33,66.87,68.52,71.28
2649,47208,81.63,57.08293002159176,0.1965387174064733,4,4,8,100,74.34,80.06,83.67,85.77,83.79,72.26,81.83,91.3
2650,87535,76.58,56.856625273326685,0.1632888873283544,10,5,8,100,85.24,77.34,75.71,80.06,76.44,66.9,77.59,73.35
2651,47462,64.63,57.07181756073229,0.071906495911256,6,6,8,100,68.65,58.04,64.96,61.28,65.0,70.71,64.35,64.08
2652,62529,67.75,56.81301615505628,0.2259352015384557,10,7,8,100,74.91,73.35,61.72,69.16,61.4,63.47,62.83,75.15
2653,54018,72.87,54.66665531861531,0.218999311747839,6,4,8,100,64.81,69.83,73.2,82.69,74.22,59.8,81.74,76.63
2654,44239,66.95,56.47377299284623,0.1733146503525121,2,7,8,100,68.13,60.65,58.05,71.49,65.95,71.91,75.08,64.35
2655,54018,59.08,57.2244505775502,0.2035444261823638,6,4,8,100,64.46,58.67,55.35,61.4,48.94,63.34,63.42,57.1
2656,72024,68.09,55.92511054908998,0.1583932714210449,6,2,8,100,68.56,71.92,64.15,75.85,74.12,66.77,58.38,64.99
2657,45297,73.82,54.99466567281438,0.1788525768311607,3,6,8,100,80.58,65.76,65.01,79.95,69.73,83.9,72.06,73.57
2658,41129,70.66,56.82941013354986,0.1571844305476969,0,7,8,100,61.1,62.72,75.23,78.86,69.04,75.94,64.5,77.88
2659,40726,66.6,56.27262350025693,0.1286282140546499,0,8,8,100,77.1,62.77,61.67,60.29,73.91,61.14,71.57,64.34
2660,53516,63.87,56.41712047390162,0.1925388096394022,5,3,8,100,63.89,70.09,60.78,65.75,58.16,65.25,61.59,65.44
2661,46607,61.93,54.64853305708932,0.1020949595342619,5,6,8,100,72.0,59.68,63.07,68.32,61.84,54.15,57.33,59.06
2662,87033,64.32,57.9656187931255,0.0798756562617941,9,4,8,100,60.49,57.88,65.2,58.3,64.12,74.07,59.54,74.98
2663,47462,63.42,55.49059471680898,0.200878568913041,6,6,8,100,66.87,68.16,62.27,60.58,66.35,61.75,60.89,60.49
2664,54018,76.04,55.65133167081822,0.1284492960959794,6,4,8,100,71.95,71.82,82.49,83.34,83.06,72.63,74.72,68.35
2665,47363,70.08,55.98199909260235,0.110377376969789,8,9,8,100,68.66,72.47,75.43,62.55,61.32,77.42,69.55,73.25
2666,49013,60.11,54.95369906540705,0.1510754478650317,5,4,8,100,69.15,54.96,61.89,60.61,57.79,65.75,54.19,56.55
2667,73028,74.14,57.03755762371884,0.147346252732657,8,4,8,100,69.95,75.06,63.46,83.68,69.74,85.48,68.17,77.6
2668,54018,72.15,55.676387704367535,0.2565129861768876,6,4,8,100,71.33,63.57,81.95,69.37,80.1,79.0,63.44,68.46
2669,45952,58.98,56.34410129682817,0.2015563994324641,4,6,8,100,66.36,54.02,69.81,56.64,58.65,50.12,64.43,51.84
2670,47208,74.03,57.93163829844251,0.1407468524156552,4,4,8,100,67.32,76.21,71.05,76.85,76.4,63.3,81.69,79.39
2671,48511,65.32,56.97462641600688,0.1394405477521517,4,3,8,100,64.69,62.61,64.86,64.36,65.78,71.64,65.8,62.79
2672,47462,59.77,57.06644954006831,0.1263685892540466,6,6,8,100,54.42,63.71,60.3,55.5,67.1,59.85,53.44,63.84
2673,46353,63.07,56.08151344864707,0.1511358187309412,3,4,8,100,61.94,63.66,59.15,67.01,63.35,65.92,58.92,64.57
2674,43836,79.57,55.72772379360888,0.2282000064837547,2,8,8,100,65.24,72.52,77.75,73.23,90.36,85.33,87.44,84.72
2675,104038,73.67,56.588931259359846,0.2027894060763225,10,4,8,100,79.97,80.15,75.36,63.43,61.97,75.54,74.68,78.23
2676,46859,54.21,56.654244434177535,0.1420047400627082,6,7,8,100,48.7,51.13,62.98,54.71,50.25,54.57,55.46,55.91
2677,123541,67.44,57.37776213443812,0.1708555648015948,10,3,8,100,59.62,70.93,59.19,66.53,72.89,62.9,72.56,74.9
2678,104038,48.13,57.6928002999615,0.2250123779440498,10,4,8,100,48.25,53.15,42.01,54.42,43.3,51.39,45.77,46.73
2679,85527,66.18,56.2872163735281,0.1574502932305825,6,1,8,100,69.15,61.92,71.2,71.38,60.63,59.22,79.33,56.58
2680,45952,70.07,56.76802537506976,0.1894317209726884,4,6,8,100,67.49,67.86,73.07,65.75,75.0,71.65,78.87,60.86
2681,47710,62.42,55.97362406836458,0.1299561389979142,5,5,8,100,66.82,71.52,59.85,56.79,58.28,71.51,55.64,58.93
2682,49519,64.3,57.333416655393286,0.1766668305142347,8,7,8,100,73.45,66.88,63.29,66.08,66.52,57.74,58.63,61.78
2683,50023,66.15,55.30347719691569,0.1438499323916737,10,9,8,100,70.76,66.64,74.48,58.73,64.64,62.91,67.58,63.45
2684,54520,67.86,57.44954073610487,0.2206751654329609,7,5,8,100,75.89,64.54,62.45,63.82,60.0,76.01,75.24,64.94
2685,46200,69.92,56.74162338868618,0.2526609265849929,3,5,8,100,69.2,80.76,71.28,71.2,69.08,75.26,63.86,58.69
2686,85527,78.55,56.58668770774064,0.1040973846588354,6,1,8,100,69.07,82.74,82.76,69.71,81.28,88.54,78.29,76.05
2687,150000,66.84,56.161162794371336,0.1327858052841989,10,1,8,100,66.44,71.94,65.02,57.48,71.49,63.46,68.74,70.17
2688,46859,61.54,56.66045563440905,0.2044424474922037,6,7,8,100,55.69,69.15,53.77,59.27,69.11,68.97,54.77,61.55
2689,47710,65.92,57.09316655088776,0.179768047719401,5,5,8,100,57.73,58.55,58.5,70.08,73.91,71.72,62.33,74.58
2690,45398,71.47,58.11615977944458,0.1262726026836413,5,9,8,100,59.86,59.13,59.81,74.39,81.65,77.47,78.57,80.9
2691,72024,68.52,56.26289289371984,0.2810653250785644,6,2,8,100,64.12,57.73,76.12,72.63,72.56,69.63,66.35,68.99
2692,87033,68.78,55.124708923493216,0.2213261661675519,9,4,8,100,62.1,73.7,63.36,65.32,64.78,84.29,67.32,69.4
2693,47462,75.21,57.13426753339816,0.0994395726996435,6,6,8,100,79.1,66.13,66.63,82.16,83.18,76.89,76.48,71.15
2694,73530,75.06,55.72324506848219,0.1782863926043485,9,5,8,100,68.51,70.19,83.67,82.22,68.86,77.08,65.62,84.29
2695,150000,70.16,55.9653640290988,0.2370242133040106,9,0,8,100,64.49,69.3,73.96,77.99,64.08,66.95,67.6,76.89
2696,62277,70.29,56.0951581909168,0.1347182172426811,9,6,8,100,80.04,70.3,66.23,70.84,67.73,71.46,68.04,67.65
2697,123541,72.28,56.05523503733219,0.1647209083286855,10,3,8,100,81.4,67.89,74.39,69.05,82.64,64.64,68.33,69.9
2698,47111,82.29,56.09243174050865,0.1166108925396638,7,8,8,100,78.16,84.04,90.83,74.84,73.45,90.2,78.58,88.22
2699,72024,65.98,56.38667924837007,0.1665272479195598,6,2,8,100,69.64,60.67,63.1,64.85,66.63,72.64,58.27,72.06
2700,150000,65.13,57.636098304017466,0.1158296812259918,16,1,8,100,65.35,59.85,71.51,61.75,68.98,61.86,68.59,63.13
2701,104292,78.75,56.4701036956866,0.1230646461037605,12,6,8,100,85.65,74.44,77.96,71.43,85.02,79.89,75.76,79.85
2702,47966,61.46,57.4659212565468,0.1718711431014658,8,8,8,100,60.92,56.65,61.17,59.6,61.38,67.38,61.42,63.12
2703,123039,61.7,56.25956768548949,0.1631385198776069,9,2,8,100,54.35,63.29,53.64,57.19,58.32,68.21,69.08,69.52
2704,104038,61.46,56.6645715710448,0.292480257043171,10,4,8,100,58.41,49.98,65.5,67.94,66.91,59.65,60.31,63.01
2705,47710,73.61,57.32835019014121,0.1424478256623136,5,5,8,100,69.53,75.3,76.4,74.79,73.91,85.74,62.68,70.54
2706,46607,74.87,56.29701060639833,0.2198975833713582,5,6,8,100,68.17,73.17,77.82,84.84,74.04,69.55,79.67,71.72
2707,62525,63.97,57.59123979074507,0.1604004553481497,8,5,8,100,67.04,63.8,68.93,59.85,61.62,57.98,62.11,70.41
2708,123541,69.59,57.45611473589997,0.1132737660738819,10,3,8,100,62.16,64.97,82.08,71.1,71.86,68.95,73.34,62.3
2709,46859,62.81,56.69712996103445,0.1155382964518383,6,7,8,100,54.03,65.79,58.42,57.05,65.38,72.12,67.86,61.81
2710,72526,81.64,56.08753003938304,0.1527879054641569,7,3,8,100,81.65,83.97,80.97,75.65,76.13,74.84,93.65,86.3
2711,44844,75.62,56.42192695405106,0.1062868072596512,6,12,8,100,85.87,69.56,62.58,73.46,79.9,81.85,79.61,72.13
2712,44743,69.42,56.94445420811799,0.2087554409401574,4,9,8,100,71.15,61.03,69.73,70.41,74.22,70.71,61.39,76.68
2713,49515,67.58,57.45725994304342,0.1708242362923763,6,5,8,100,67.26,65.08,71.95,66.8,65.7,74.2,57.95,71.74
2714,73530,65.6,56.24749674010474,0.1252385724145976,9,5,8,100,66.08,68.94,59.96,65.02,61.24,67.33,75.74,60.49
2715,46353,75.98,56.55133934538191,0.1509723600692783,3,4,8,100,60.94,82.34,67.43,73.49,78.46,83.75,82.22,79.23
2716,73282,61.96,55.55752948164832,0.1752556341976571,10,6,8,100,53.5,60.32,70.47,63.18,56.34,62.16,64.02,65.73
2717,49771,57.41,55.5369618320668,0.1682445722585829,9,8,8,100,67.7,55.26,64.26,52.0,58.53,51.32,52.84,57.34
2718,47966,65.66,57.34626732406833,0.141361299545767,8,8,8,100,67.85,56.8,69.23,73.72,63.78,63.66,59.58,70.66
2719,54520,70.91,56.46435563895318,0.1935775827479143,7,5,8,100,64.9,68.21,72.48,72.58,65.82,72.03,75.03,76.27
2720,103034,68.74,56.90375248487272,0.1311611541033029,8,2,8,100,60.9,77.31,64.65,71.23,64.17,81.41,59.13,71.15
2721,54018,71.34,56.78766961128491,0.1502246096938185,6,4,8,100,65.05,65.8,82.12,65.91,78.77,75.7,72.36,65.0
2722,49515,62.06,57.110890700718144,0.1641889476600602,6,5,8,100,63.67,61.04,59.16,60.64,64.05,66.74,56.22,64.94
2723,46855,77.52,55.71106204938112,0.172509489667349,4,5,8,100,77.64,76.45,69.07,77.64,78.43,82.12,79.22,79.57
2724,45952,60.96,56.483977819112205,0.1266472658500228,4,6,8,100,62.42,62.1,62.56,55.41,56.1,71.79,61.88,55.46
2725,48511,72.13,56.8468204107154,0.1739500528284594,4,3,8,100,69.19,75.78,73.98,68.83,64.93,77.96,67.86,78.54
2726,47208,75.54,57.27397344554252,0.1576437045207072,4,4,8,100,86.71,67.01,73.16,67.18,69.97,87.34,67.23,85.7
2727,45952,77.78,54.72469154930392,0.1732583148671142,4,6,8,100,72.04,73.7,87.33,67.51,84.7,85.43,74.88,76.62
2728,47462,63.44,56.45246787507378,0.1813414338071691,6,6,8,100,69.38,57.82,77.62,60.82,57.05,57.22,69.33,58.28
2729,73028,65.37,55.17272245402736,0.0822274533291957,8,4,8,100,68.22,69.27,63.56,62.66,60.84,70.39,56.02,72.01
2730,46855,60.11,56.10423835281471,0.287387343144278,4,5,8,100,52.38,53.47,57.77,62.79,68.13,56.49,70.49,59.39
2731,49515,59.98,56.55868269198627,0.1179912610339893,6,5,8,100,57.85,60.9,51.23,67.01,63.66,58.03,56.49,64.65
2732,54272,66.63,56.819693935933,0.1333954251777074,8,6,8,100,70.21,60.18,75.34,63.04,61.44,74.15,57.86,70.83
2733,49515,67.95,56.82896472360572,0.2363677632482747,6,5,8,100,76.1,58.95,68.13,67.29,65.69,57.26,74.56,75.6
2734,53516,72.27,56.88733750741445,0.2191400403503779,5,3,8,100,63.47,68.54,76.36,61.89,77.37,82.98,77.17,70.37
2735,61521,69.97,55.5027025840071,0.1353065150427962,6,3,8,100,79.1,60.5,65.79,74.67,59.95,76.74,66.34,76.69
2736,146044,71.61,56.519719737469,0.2231252569509691,10,2,8,100,75.09,84.15,62.32,80.59,59.86,70.29,69.87,70.74
2737,48511,66.05,55.13817085947352,0.1472387100895045,4,3,8,100,64.76,59.73,72.22,64.8,58.49,68.98,69.46,69.94
2738,54272,62.37,57.55243085042174,0.2326413092450638,8,6,8,100,72.29,59.65,55.35,66.69,59.21,62.17,67.83,55.77
2739,47462,70.62,56.7729459382952,0.2238390840890893,6,6,8,100,64.92,64.86,75.1,75.85,67.26,78.0,62.45,76.49
2740,72024,75.9,56.10842910344501,0.2261110322283619,6,2,8,100,66.47,81.7,86.57,69.98,68.79,80.29,78.67,74.73
2741,48511,61.24,55.196558017547225,0.2234046575293471,4,3,8,100,58.63,72.18,65.67,51.35,55.11,67.02,52.54,67.4
2742,73028,66.86,55.98115461338908,0.1827588985184924,8,4,8,100,71.67,61.48,65.89,61.55,65.46,67.08,65.9,75.85
2743,85527,60.08,57.07409943724109,0.1418094433136371,6,1,8,100,64.72,65.62,63.34,64.06,55.15,53.6,62.65,51.54
2744,86531,60.61,57.30976046385657,0.1030595412826688,8,3,8,100,62.83,64.83,68.85,60.89,60.91,55.32,56.42,54.81
2745,61521,66.81,56.34613451956681,0.113334679320737,6,3,8,100,67.98,70.64,67.24,59.61,66.84,73.46,63.56,65.18
2746,49515,69.96,56.952682174472855,0.0672234694808509,6,5,8,100,61.06,75.36,62.12,73.68,64.47,74.34,77.04,71.62
2747,146546,66.4,56.32525752483401,0.1136538331284997,11,3,8,100,68.38,63.65,53.81,68.85,63.03,70.6,71.17,71.75
2748,104030,72.59,56.08181195390726,0.1580448692579258,6,0,8,100,67.76,76.35,75.97,82.02,65.77,63.36,80.1,69.42
2749,49515,76.32,57.81202530034543,0.2040435573284788,6,5,8,100,74.22,77.18,74.89,64.83,78.42,82.5,80.93,77.56
2750,47966,65.82,56.66242404911632,0.110813966210489,8,8,8,100,63.26,67.56,67.82,68.68,54.34,74.37,68.89,61.67
2751,72024,64.95,56.56001579055085,0.0896313402788425,6,2,8,100,59.53,58.59,63.33,75.49,66.18,69.42,59.03,68.04
2752,150000,69.87,56.25497853071054,0.1384829392629991,10,0,8,100,63.91,72.85,75.31,69.4,71.24,76.78,63.81,65.64
2753,72024,76.32,57.892508448503335,0.1904382539035838,6,2,8,100,87.51,71.4,87.32,69.0,70.72,69.38,72.3,82.91
2754,44642,68.75,55.07080416910145,0.1274501516801102,2,6,8,100,61.42,76.67,61.6,63.82,66.22,78.06,66.35,75.83
2755,47462,66.94,56.969654580356014,0.1303691434932043,6,6,8,100,67.17,58.01,71.8,66.0,69.46,72.29,63.4,67.38
2756,123541,62.94,55.916623860918186,0.1629118008097581,10,3,8,100,61.08,69.78,57.13,56.12,63.94,63.69,69.38,62.4
2757,104038,70.16,56.08785861303593,0.1856553258538105,10,4,8,100,69.43,63.76,77.8,60.35,67.73,77.73,64.37,80.08
2758,122537,74.23,56.69174752047649,0.2100890865885813,8,1,8,100,78.78,70.06,65.89,77.92,74.16,79.04,71.87,76.12
2759,49519,67.65,55.861295496921386,0.2073638173139566,8,7,8,100,76.62,57.06,70.43,61.8,70.04,64.39,69.63,71.26
2760,46855,61.49,56.13927309410551,0.2767310607408199,4,5,8,100,63.27,68.81,67.45,54.37,53.61,60.79,65.62,57.98
2761,45146,68.64,55.2090916123934,0.1953455619295461,4,8,8,100,72.12,64.17,79.16,68.63,74.02,63.1,58.31,69.58
2762,62529,65.24,56.03862938371226,0.2208044077932237,10,7,8,100,61.23,71.13,65.97,67.32,68.28,66.94,59.07,62.01
2763,46859,79.72,56.2929889196804,0.1489348722486769,6,7,8,100,77.45,83.97,74.38,75.21,76.82,73.78,90.36,85.81
2764,150000,68.15,56.950920645889376,0.2378009447105865,11,0,8,100,79.11,68.1,71.54,66.32,62.56,66.46,68.56,62.57
2765,73028,66.62,56.8832601414583,0.1633649760684877,8,4,8,100,78.99,65.37,60.25,65.84,78.38,61.99,63.27,58.86
2766,62023,64.48,57.43202636336176,0.1911486807116703,7,4,8,100,75.12,54.58,64.5,53.11,68.17,57.44,70.51,72.38
2767,73282,72.68,57.59128435650357,0.1815436260724043,10,6,8,100,81.61,68.24,61.36,77.73,79.82,66.63,74.91,71.16
2768,54018,69.94,57.25177572220531,0.1805383324091782,6,4,8,100,69.0,76.6,65.79,73.48,74.71,70.26,60.8,68.86
2769,45297,72.64,58.33372516832705,0.1541155174658659,3,6,8,100,84.06,69.64,68.93,71.17,70.61,82.34,66.26,68.1
2770,123039,79.16,57.03553688313104,0.1861538180832615,9,2,8,100,77.87,75.66,81.62,81.39,83.64,86.22,75.44,71.48
2771,46456,67.96,56.49676707741516,0.1988276266660267,6,8,8,100,70.18,64.32,70.94,63.58,55.28,72.52,75.39,71.45
2772,54524,76.58,56.36710736260296,0.2053810305449959,9,7,8,100,69.99,65.64,79.0,89.88,76.43,69.54,77.36,84.76
2773,54272,72.97,57.47017094928986,0.2118952864605144,8,6,8,100,85.95,78.33,76.44,67.35,66.34,66.77,67.77,74.82
2774,104038,65.34,55.72477533081493,0.1641120916866074,10,4,8,100,53.79,59.27,55.98,71.31,74.78,71.74,60.94,74.91
2775,150000,69.8,57.131713482230346,0.1628730832382327,13,0,8,100,73.78,59.41,78.7,74.27,69.2,73.01,59.73,70.28
2776,104544,73.51,56.51018873472627,0.1511937301837088,13,7,8,100,67.42,69.66,68.09,73.73,64.11,85.17,80.98,78.9
2777,54018,71.4,56.09129024492522,0.1680324379680616,6,4,8,100,76.99,78.22,69.88,64.26,77.54,77.67,62.96,63.65
2778,104038,69.52,56.07861368700485,0.2029250179425279,10,4,8,100,73.7,73.77,77.98,60.34,63.62,71.67,69.26,65.79
2779,49519,65.44,56.79502347800016,0.1134065323217594,8,7,8,100,71.68,60.97,56.52,56.58,60.15,71.86,74.74,70.99
2780,46859,71.56,55.36132252690208,0.1562922000671964,6,7,8,100,63.15,76.49,70.92,71.45,73.91,72.74,72.98,70.87
2781,124035,63.94,57.45444575931142,0.1292478609474713,7,0,8,100,58.36,57.99,64.26,72.13,66.65,65.02,61.57,65.54
2782,54272,55.22,56.25440461718851,0.1585167197316405,8,6,8,100,62.44,53.98,66.94,49.66,51.0,54.56,49.52,53.66
2783,86531,72.54,57.298948861681424,0.0978805820078514,8,3,8,100,75.52,77.86,78.82,79.37,66.07,67.69,72.09,62.89
2784,49519,66.41,56.10972200999551,0.1495474586997049,8,7,8,100,62.21,71.61,64.18,65.81,69.59,57.5,76.18,64.21
2785,47966,65.94,56.94362813842407,0.1327232913555249,8,8,8,100,64.79,77.92,55.48,74.35,60.34,66.74,57.22,70.66
2786,54018,67.33,56.50574113885416,0.041189943926503,6,4,8,100,66.03,71.65,66.11,61.47,69.04,73.03,71.21,60.09
2787,46859,70.76,55.355182013152,0.1651403701306543,6,7,8,100,75.15,64.87,76.95,69.3,74.86,62.06,79.88,62.98
2788,46053,73.76,57.51205666819242,0.1420973703166901,6,9,8,100,74.46,74.04,67.66,69.06,79.74,80.5,75.01,69.65
2789,45549,66.27,57.24960740403751,0.2161559274411931,4,7,8,100,66.78,58.93,76.43,62.5,55.75,76.78,60.34,72.64
2790,50023,78.83,55.87190081115624,0.1475542029039357,10,9,8,100,88.25,65.53,83.63,83.5,68.77,83.16,90.17,67.61
2791,123541,69.94,57.10293295272783,0.0803679625856475,10,3,8,100,74.49,61.07,72.64,78.65,61.14,68.04,63.04,80.45
2792,124545,60.07,57.00910089952284,0.1398385222547507,12,5,8,100,50.2,65.6,63.91,57.68,63.21,55.8,61.02,63.11
2793,47208,65.76,56.33456199718578,0.0833427129775223,4,4,8,100,62.99,73.3,63.69,65.9,69.9,66.54,58.67,65.12
2794,48511,68.96,56.07676434126124,0.1343618372988204,4,3,8,100,68.2,77.48,64.76,74.87,63.43,64.06,65.58,73.27
2795,54018,73.08,56.71045665110558,0.1052642436615682,6,4,8,100,76.32,85.27,72.15,66.3,67.69,78.7,72.8,65.42
2796,73028,72.6,56.49736092182436,0.0747372441067652,8,4,8,100,70.29,67.33,76.66,73.12,77.18,75.68,69.45,71.07
2797,49519,74.28,55.65949489884166,0.2042400121557715,8,7,8,100,80.01,78.86,69.2,68.37,83.05,78.25,73.44,63.04
2798,147040,62.62,56.83624495008913,0.1434883330441995,8,0,8,100,68.41,67.57,57.31,61.58,62.54,65.75,57.88,59.91
2799,52512,60.99,56.32097963573782,0.2423312111001674,3,1,8,100,54.71,65.62,61.6,66.08,58.42,54.76,73.89,52.87
2800,146044,68.92,57.8034516919615,0.1095606896697312,10,2,8,100,59.84,65.8,67.17,79.79,70.99,69.76,71.13,66.91
2801,49519,71.55,55.76087108371424,0.1841069934960029,8,7,8,100,66.81,64.11,73.69,67.62,70.33,82.65,80.2,67.02
2802,124545,67.88,55.68201875720668,0.0447448720256017,12,5,8,100,68.34,65.15,70.59,61.84,71.53,70.25,70.8,64.52
2803,146044,76.52,56.01726087283221,0.1815081293982342,10,2,8,100,75.06,78.64,82.42,75.15,81.84,74.87,71.96,72.25
2804,54520,58.4,57.00505555719906,0.2500300273507353,7,5,8,100,68.4,57.17,55.25,51.94,55.25,52.9,61.73,64.54
2805,73282,56.26,56.52974144204796,0.1027576811878023,10,6,8,100,46.19,56.84,59.77,65.41,57.22,52.17,60.57,51.88
2806,87535,58.09,57.30021642610876,0.164334861473871,10,5,8,100,52.59,55.15,52.73,55.64,67.77,54.54,67.01,59.32
2807,122537,69.54,56.52118765819103,0.0810013302143916,8,1,8,100,70.71,75.28,66.66,62.51,76.8,74.02,63.75,66.59
2808,62529,75.81,56.61072725362327,0.121343799005451,10,7,8,100,80.83,64.72,78.77,76.62,80.58,80.39,69.95,74.58
2809,150000,62.49,55.70998245273661,0.1951486397725487,12,2,8,100,58.45,62.23,65.89,61.89,50.07,70.21,71.12,60.05
2810,150000,67.13,56.08467289381365,0.1794489832972637,10,1,8,100,60.86,61.62,59.59,66.78,70.2,66.86,80.65,70.51
2811,87535,75.5,57.59368782345963,0.18542578054801,10,5,8,100,71.75,67.02,86.8,80.3,62.26,73.29,76.78,85.76
2812,150000,68.33,57.66433799956823,0.1730158053331179,12,3,8,100,64.05,76.57,60.21,58.26,68.72,74.26,73.06,71.51
2813,104038,69.6,56.24427841326851,0.2348212255040759,10,4,8,100,68.26,55.85,74.88,68.67,76.81,64.16,72.31,75.87
2814,48511,69.07,56.52587622335915,0.1871860862668086,4,3,8,100,69.04,64.62,73.9,62.7,66.6,66.22,75.6,73.9
2815,104292,60.69,56.57368761694782,0.0847588099502622,12,6,8,100,64.48,51.27,47.11,68.79,65.8,63.46,60.86,63.73
2816,62529,74.5,56.66846943224736,0.1414100761741271,10,7,8,100,75.72,70.17,71.85,69.26,78.52,77.3,81.05,72.09
2817,73282,73.67,55.91795540651854,0.2561256650872301,10,6,8,100,72.08,72.48,75.38,74.14,70.61,77.1,66.56,81.0
2818,46859,65.26,55.96035709410585,0.0691562946618786,6,7,8,100,68.6,63.65,55.59,71.75,64.22,65.91,61.07,71.29
2819,46706,68.17,56.14998311436506,0.0779093215326394,3,3,8,100,75.97,71.39,63.27,76.81,71.92,61.53,63.14,61.3
2820,46204,75.71,56.240160959249806,0.1251969331635233,5,7,8,100,82.93,66.51,80.54,80.77,79.15,71.2,66.97,77.64
2821,150000,71.0,56.94388907328643,0.1597773250977148,10,0,8,100,78.72,61.13,75.92,67.95,70.17,78.65,69.38,66.06
2822,103034,67.61,55.26727977176976,0.1266495580105668,8,2,8,100,73.22,61.17,58.01,63.93,74.64,67.01,68.23,74.69
2823,54018,61.5,55.78152334041789,0.1981349692442597,6,4,8,100,59.1,63.56,58.5,71.03,56.24,68.44,53.31,61.85
2824,46053,61.34,56.7373758398575,0.0557233575041174,6,9,8,100,64.2,67.19,49.93,59.77,65.9,69.58,57.44,56.68
2825,62023,69.26,56.050153011512926,0.163857653970757,7,4,8,100,60.76,68.77,70.02,73.1,62.93,73.98,75.18,69.32
2826,150000,72.86,56.51189680103703,0.1159629755184537,13,0,8,100,68.3,78.55,70.94,81.11,63.88,78.17,64.05,77.87
2827,45801,66.56,56.58986924252518,0.1896398593372374,5,8,8,100,60.46,61.73,59.21,62.32,76.6,75.93,62.88,73.35
2828,44743,63.94,56.43571826795317,0.1480413329003387,4,9,8,100,65.88,55.51,62.26,67.3,62.0,70.49,70.9,57.19
2829,47208,61.77,56.83609794936904,0.1707544435717444,4,4,8,100,59.95,57.09,54.4,62.25,64.99,60.19,67.35,67.94
2830,49515,63.54,57.38165365974746,0.1466638923070959,6,5,8,100,60.81,69.29,66.86,61.4,59.07,58.53,60.15,72.24
2831,122537,61.4,56.75747622014759,0.1634663267833636,8,1,8,100,58.34,60.82,62.13,70.61,51.27,72.86,54.08,61.06
2832,61521,65.29,56.917576162082014,0.1860505822437656,6,3,8,100,64.56,71.24,65.43,62.83,63.72,73.56,60.27,60.74
2833,122537,73.54,55.8407222291143,0.1083374787632917,8,1,8,100,63.23,71.25,79.67,66.52,81.86,83.92,76.21,65.64
2834,62023,74.55,55.84815234884376,0.1143539092897688,7,4,8,100,70.78,64.82,82.41,70.69,79.84,80.5,71.89,75.5
2835,62529,69.24,55.22524932461699,0.077008375265486,10,7,8,100,64.62,69.8,74.23,69.92,79.56,65.81,61.34,68.68
2836,44340,64.15,56.94692565374476,0.1291106488694579,4,10,8,100,69.34,68.57,65.35,57.76,62.07,65.27,60.06,64.77
2837,103034,71.53,56.02756935640639,0.148384594403437,8,2,8,100,65.9,66.68,67.91,66.48,76.89,79.05,72.44,76.89
2838,49013,68.13,56.033254744021335,0.1317917057915186,5,4,8,100,76.81,76.11,64.39,72.08,70.2,63.61,57.76,64.08
2839,150000,64.47,56.11361414561967,0.1427250032806803,10,1,8,100,73.52,61.26,59.81,56.86,59.63,60.65,70.99,73.05
2840,103034,64.26,57.1062309464815,0.0303181162531394,8,2,8,100,61.9,57.31,71.36,66.25,67.01,70.39,66.0,53.89
2841,87287,71.08,56.28651043600144,0.1064908824986026,11,6,8,100,78.82,73.12,66.15,64.39,81.14,74.58,73.45,57.02
2842,86531,60.62,57.08943075959533,0.2196833521145917,8,3,8,100,66.44,56.97,57.07,62.69,65.48,53.55,57.05,65.68
2843,45952,68.64,56.494512287323126,0.2352914900548289,4,6,8,100,62.82,65.69,73.03,74.59,73.78,69.17,62.8,67.2
2844,147040,69.24,57.47769552270743,0.1548530611734611,8,0,8,100,77.85,70.68,68.12,70.81,67.14,59.31,75.92,64.13
2845,150000,67.66,57.123993713341726,0.1376411903413203,12,0,8,100,75.68,72.75,69.2,70.04,63.39,64.76,65.79,59.64
2846,85527,63.55,55.59610739966271,0.0648148821861468,6,1,8,100,56.94,60.89,72.73,69.44,59.91,70.24,59.28,59.0
2847,146044,68.06,57.51579031137196,0.1021402943257292,10,2,8,100,67.69,71.68,64.81,75.71,72.7,72.8,58.0,61.07
2848,122537,66.28,56.16723326607245,0.0973926679463061,8,1,8,100,65.5,63.9,69.92,70.59,64.71,66.2,65.95,63.45
2849,49013,72.22,55.577548171795,0.170929248509529,5,4,8,100,72.12,85.3,84.39,65.18,62.28,77.9,63.75,66.85
2850,54520,68.44,57.25331442100523,0.0571017113328664,7,5,8,100,72.45,72.52,74.6,70.75,65.37,66.21,64.43,61.22
2851,123541,59.12,56.66008827085898,0.2372277375528215,10,3,8,100,51.72,63.25,62.42,57.73,66.45,57.51,57.89,56.01
2852,47363,73.78,56.657944603342685,0.1426159730766961,8,9,8,100,69.66,69.01,66.84,72.8,81.09,80.9,80.72,69.26
2853,123541,68.35,55.81686658666781,0.1108341666106927,10,3,8,100,69.09,60.3,58.52,75.25,63.92,67.61,75.88,76.25
2854,146044,62.93,57.83033237441228,0.0844438298689061,10,2,8,100,56.9,63.36,62.47,64.8,70.77,59.05,66.44,59.66
2855,87033,53.11,56.947417160801,0.0550046260692995,9,4,8,100,55.32,54.27,52.3,61.7,47.39,52.11,52.72,49.07
2856,73530,72.74,56.36868597234118,0.1043756276366014,9,5,8,100,63.95,71.28,74.05,82.54,78.46,72.41,76.95,62.3
2857,62015,63.37,56.30744924359517,0.1672847815887932,3,0,8,100,67.51,66.79,69.0,57.86,66.07,62.69,56.33,60.7
2858,62525,65.1,57.115049153231546,0.1728020203532045,8,5,8,100,70.33,70.84,72.1,56.33,59.8,64.21,66.65,60.51
2859,86531,75.59,57.07737981076316,0.1334661413283791,8,3,8,100,67.09,70.73,71.06,89.07,86.06,72.18,66.02,82.54
2860,124545,75.89,55.62084033206817,0.1195114354176618,12,5,8,100,80.38,84.41,71.92,75.71,80.03,68.94,77.43,68.32
2861,49515,64.5,57.25771464993353,0.200371805907884,6,5,8,100,57.44,64.13,57.24,66.89,57.94,67.8,69.82,74.7
2862,150000,71.38,55.12227672251512,0.104632267574935,12,2,8,100,72.08,84.3,70.78,70.4,69.81,72.32,63.75,67.62
2863,49013,68.98,56.89236038748594,0.1798180626138962,5,4,8,100,74.21,59.93,66.21,74.82,74.89,76.36,64.64,60.79
2864,86531,69.35,55.970971306943845,0.1550838946356222,8,3,8,100,63.83,72.05,80.93,75.12,66.82,60.48,63.73,71.82
2865,123541,67.42,55.941278526973534,0.135832462492628,10,3,8,100,69.66,56.88,75.27,66.65,69.82,75.28,60.97,64.85
2866,150000,68.83,56.71240197075285,0.2024004618388277,10,0,8,100,61.73,58.62,73.06,77.23,59.44,69.68,76.99,73.87
2867,45952,67.79,56.3563544200752,0.0885015900378071,4,6,8,100,67.14,70.02,71.26,73.81,59.24,76.34,57.2,67.3
2868,62525,74.33,56.52378415532439,0.2260812273770702,8,5,8,100,70.6,86.98,73.58,72.92,66.35,75.66,73.22,75.35
2869,86531,66.91,55.95376393015271,0.1103287945179464,8,3,8,100,75.86,60.14,74.25,61.15,67.3,68.71,69.2,58.64
2870,150000,65.23,56.228442634600704,0.137941968842817,10,1,8,100,62.42,63.49,69.3,59.1,67.72,72.95,63.61,63.27
2871,62525,68.84,56.98576138606681,0.190144330519219,8,5,8,100,63.78,62.05,81.47,74.65,67.69,66.79,71.85,62.45
2872,72024,63.86,57.737064561197016,0.1212157707871802,6,2,8,100,65.78,71.76,58.03,55.96,60.36,64.32,63.78,70.91
2873,54520,68.67,56.67252809054168,0.0501185299028134,7,5,8,100,62.24,66.89,74.02,62.44,74.17,74.42,72.93,62.26
2874,150000,68.62,56.47630164301497,0.2247543316127676,14,0,8,100,72.71,60.22,64.39,66.4,73.63,75.15,61.75,74.71
2875,104038,64.96,57.73598843158542,0.194895955188418,10,4,8,100,66.63,73.11,62.0,60.29,61.64,66.72,66.32,62.93
2876,54776,52.56,57.59337619074608,0.1357361486726969,10,8,8,100,54.12,52.82,56.75,53.17,45.18,53.83,46.74,57.89
2877,150000,77.27,56.79187311038593,0.0241487163137435,12,1,8,100,82.46,84.54,68.38,67.33,82.38,81.72,69.9,81.46
2878,123541,76.8,57.15126952634569,0.103673102948809,10,3,8,100,72.49,74.02,67.22,83.73,67.87,81.26,79.05,88.76
2879,73020,67.9,55.39554661597752,0.1681983592376674,4,0,8,100,66.86,74.03,64.1,75.39,54.74,76.47,64.66,66.98
2880,150000,59.03,56.47424016289798,0.1161605715206895,10,1,8,100,62.99,59.53,51.89,65.97,54.68,57.54,60.41,59.22
2881,61521,69.05,57.64899011267949,0.1429431129696139,6,3,8,100,80.43,77.11,66.4,68.18,66.65,63.94,64.83,64.89
2882,122537,66.91,56.22697631210803,0.1171091051559883,8,1,8,100,67.13,69.48,62.91,60.35,64.74,70.8,71.84,68.06
2883,150000,65.38,56.92618679716515,0.2233675925344221,9,0,8,100,70.26,58.6,61.38,65.32,70.94,58.59,73.36,64.57
2884,46557,68.37,58.792382192695264,0.150157019100029,8,11,8,100,63.72,64.83,66.28,78.53,76.42,70.18,58.42,68.59
2885,150000,70.04,57.85221897018506,0.1422708741787092,14,2,8,100,64.35,70.83,72.66,71.52,71.69,64.59,78.05,66.62
2886,86531,56.23,57.07911558038599,0.1877418270913166,8,3,8,100,56.13,51.85,50.78,66.39,60.65,53.74,49.74,60.57
2887,85527,76.09,56.40554985906222,0.1854111891076286,6,1,8,100,75.68,72.14,78.14,78.47,82.84,79.43,70.24,71.78
2888,103536,70.84,57.13072575031743,0.1711884579982729,9,3,8,100,76.69,72.02,60.2,77.62,79.45,59.58,64.0,77.18
2889,104030,70.97,56.8430603736618,0.1970883054794212,6,0,8,100,64.27,77.15,67.42,71.3,69.06,67.18,71.2,80.21
2890,63033,64.71,57.377598339404834,0.1719221304893563,12,9,8,100,63.72,68.28,60.38,70.36,71.92,61.16,63.21,58.62
2891,54272,61.67,57.958741445883575,0.078664974821129,8,6,8,100,69.76,54.31,62.96,70.55,59.2,55.23,67.98,53.36
2892,72526,66.1,56.56218167240037,0.0753974991232014,7,3,8,100,62.88,55.52,60.22,69.09,70.29,66.15,74.16,70.5
2893,87535,69.93,56.50512725971927,0.1438451154913268,10,5,8,100,71.5,63.57,76.22,77.45,59.18,69.82,67.41,74.27
2894,87033,69.52,56.479609633349256,0.1361000795122559,9,4,8,100,61.09,76.73,76.12,64.93,76.54,78.57,64.6,57.56
2895,62529,53.92,55.83019004346399,0.1471873240030944,10,7,8,100,59.04,43.35,48.9,51.86,57.75,54.16,61.14,55.15
2896,73282,72.96,57.55968208582964,0.1683107395738171,10,6,8,100,70.18,79.12,79.32,66.07,75.24,80.22,72.9,60.62
2897,62023,62.19,56.25570146272978,0.1393545120348839,7,4,8,100,61.68,56.84,61.83,61.13,60.07,66.1,62.86,67.04
2898,45146,72.48,57.27575059960833,0.1569892231861248,4,8,8,100,62.9,73.88,69.86,82.44,72.27,80.23,61.99,76.27
2899,145542,66.06,56.88623455770514,0.0748347663797178,9,1,8,100,58.77,76.45,69.41,69.27,59.94,63.83,58.62,72.17
2900,150000,64.82,56.4907564513918,0.0544828398734232,9,0,8,100,68.63,72.58,61.45,64.72,59.05,59.94,69.85,62.38
2901,103034,57.68,56.98388136086249,0.0029484861935004,8,2,8,100,55.52,57.42,54.2,56.74,59.27,54.22,60.49,63.59
2902,147040,75.77,56.15003981243542,0.1172205025977982,8,0,8,100,68.62,86.61,75.71,80.11,64.61,82.95,75.16,72.37
2903,73020,71.84,57.49316106720458,0.1367174830912082,4,0,8,100,76.87,67.16,63.59,69.23,80.55,81.18,72.49,63.65
2904,60517,71.65,57.67659106791306,0.2017128092089899,4,1,8,100,64.28,72.9,79.93,63.98,64.88,79.13,79.84,68.26
2905,62023,62.84,57.06600027278941,0.1423591410889087,7,4,8,100,70.21,62.68,64.74,66.04,68.15,53.34,56.55,61.0
2906,123541,60.86,55.94822281765072,0.064828113854097,10,3,8,100,51.52,64.2,60.22,64.67,53.32,63.4,63.77,65.77
2907,150000,62.81,56.40464115591031,0.040236763052663,14,4,8,100,71.08,67.23,55.45,56.65,68.52,67.29,56.12,60.15
2908,62525,75.0,56.52201781172999,0.2339410876055283,8,5,8,100,77.03,75.46,80.27,82.26,67.16,66.22,80.65,70.95
2909,60517,69.74,57.23982262327032,0.1650798479253564,4,1,8,100,69.04,63.49,78.6,74.71,60.57,68.38,66.85,76.24
2910,150000,61.9,55.81852136003944,0.1837995689360033,11,0,8,100,61.3,59.91,61.32,57.71,64.01,58.93,62.15,69.88
2911,150000,70.56,56.83058485958605,0.2077152880342235,12,1,8,100,72.06,68.08,66.36,70.42,68.72,70.57,69.63,78.64
2912,47462,73.67,57.532699463729415,0.1040287588772925,6,6,8,100,76.32,79.49,65.27,82.35,65.03,70.73,73.02,77.13
2913,87535,82.42,56.20982628570238,0.1174644185016947,10,5,8,100,89.42,79.55,72.88,88.35,88.29,84.81,71.12,84.9
2914,87033,69.33,56.48554695201911,0.1424774191265358,9,4,8,100,71.48,66.7,77.59,67.76,68.26,65.33,68.9,68.61
2915,150000,75.57,55.06383518381107,0.1159417024600201,11,0,8,100,75.35,65.23,85.94,70.85,74.05,83.24,69.59,80.3
2916,46855,68.71,56.59296613038576,0.1738384147552187,4,5,8,100,66.08,69.8,74.06,77.11,73.01,61.95,63.4,64.28
2917,54018,66.39,56.19277964444714,0.1754125578329233,6,4,8,100,70.1,74.68,56.08,60.94,65.6,70.93,62.16,70.59
2918,54018,69.05,56.52923793672157,0.169708499788107,6,4,8,100,70.96,68.67,61.62,76.3,72.51,73.33,70.35,58.64
2919,146546,68.84,55.88233511552149,0.02174294182619,11,3,8,100,75.82,60.21,62.6,77.52,68.12,75.76,63.91,66.78
2920,104038,77.29,57.57921387563257,0.1660541281445133,10,4,8,100,82.22,80.93,79.48,80.51,69.55,81.62,69.58,74.4
2921,73028,69.14,57.96358483881022,0.1105489757650733,8,4,8,100,59.78,61.35,74.48,73.8,63.9,74.92,76.69,68.24
2922,46053,70.54,55.48825512567313,0.1208022566607233,6,9,8,100,74.38,66.94,68.54,64.67,76.35,75.77,74.4,63.28
2923,46607,66.12,56.05169056374988,0.1744253867875611,5,6,8,100,66.77,70.9,59.72,55.73,74.91,58.59,67.1,75.25
2924,103034,56.0,57.49433434504813,0.122451353503164,8,2,8,100,52.95,63.13,62.96,49.54,51.02,64.59,54.72,49.09
2925,150000,74.24,56.96718097967925,0.1136172216137724,10,0,8,100,78.33,78.07,84.73,78.06,77.58,64.2,69.86,63.1
2926,104540,64.59,56.90646065047387,0.0874214025707098,11,5,8,100,64.28,61.37,64.4,67.49,62.93,59.04,60.42,76.76
2927,72024,65.9,55.53317429665766,0.1291459987376116,6,2,8,100,66.9,70.95,72.0,58.97,71.39,74.99,56.28,55.76
2928,150000,73.8,56.19779643087097,0.0595741313040671,14,2,8,100,76.19,79.89,84.91,61.82,60.68,83.91,78.38,64.65
2929,62525,72.05,57.133488031598965,0.0581728330777029,8,5,8,100,65.84,75.0,61.24,62.03,81.93,82.97,73.29,74.07
2930,49515,61.11,56.41437234354211,0.0238620702738392,6,5,8,100,63.61,71.07,64.5,61.74,52.02,54.6,62.82,58.54
2931,124545,67.0,56.27186377892425,0.1307824785469376,12,5,8,100,58.48,79.19,72.07,60.48,79.22,57.52,60.93,68.08
2932,150000,76.18,57.28590333534085,0.0543487773206562,10,0,8,100,65.08,83.8,65.82,88.06,78.32,78.07,69.44,80.86
2933,46859,70.62,57.97043473499177,0.2247399984111541,6,7,8,100,68.88,79.98,66.54,65.16,78.65,69.81,66.39,69.52
2934,46859,70.46,57.65586028094683,0.0724672834086773,6,7,8,100,66.78,64.74,74.65,80.39,61.89,74.8,71.85,68.56
2935,86029,61.33,56.64093952603755,0.0569781647226825,7,2,8,100,61.06,68.65,54.53,58.19,70.6,56.46,64.99,56.14
2936,123541,70.21,56.655193221048336,0.197844210315934,10,3,8,100,63.9,62.35,76.46,74.88,68.09,71.59,73.34,71.06
2937,54018,66.93,57.55695030634985,0.1089969387948654,6,4,8,100,69.87,70.7,68.79,67.89,65.81,63.62,65.91,62.86
2938,62525,74.6,55.88884886158773,0.0558431802064238,8,5,8,100,73.98,71.87,82.15,75.12,69.05,74.45,69.29,80.86
2939,87535,61.63,56.662728082006446,0.1335081662683415,10,5,8,100,60.02,55.97,57.99,67.24,65.12,67.28,63.12,56.31
2940,44592,65.2,57.85275625669652,0.1019776669922031,5,11,8,100,61.32,66.97,61.38,62.86,74.93,62.59,72.96,58.58
2941,87535,69.24,56.9683439173792,0.102371791101017,10,5,8,100,61.57,75.78,63.38,57.76,72.41,70.33,78.22,74.46
2942,86531,71.43,58.21464459997944,0.1515170485256216,8,3,8,100,70.09,77.69,64.58,77.53,68.97,62.82,69.68,80.05
2943,54018,68.27,57.39109536744817,0.092273092833426,6,4,8,100,75.17,67.66,65.59,64.64,67.62,73.91,67.68,63.92
2944,86531,55.34,56.39948089274848,0.1672323221320117,8,3,8,100,60.52,52.35,50.42,54.97,55.68,56.34,54.97,57.44
2945,150000,63.74,56.55788412356617,0.095601043053265,15,0,8,100,67.14,71.41,73.29,67.74,61.36,52.81,53.43,62.7
2946,46053,63.74,57.86262087742906,0.1119422234828038,6,9,8,100,64.82,64.17,57.4,67.21,70.21,63.23,62.4,60.51
2947,122537,62.02,57.8996845869536,0.1693320248484375,8,1,8,100,57.7,55.32,60.84,69.24,69.63,61.81,58.11,63.49
2948,49515,62.59,55.05145022376693,0.0592095003683398,6,5,8,100,54.34,68.88,66.89,55.29,68.29,61.06,55.12,70.83
2949,145542,71.08,56.98499154416308,0.0946013755278409,9,1,8,100,68.55,62.39,67.79,81.81,67.45,77.62,66.8,76.23
2950,48511,60.69,57.24518583981231,0.0224119219990058,4,3,8,100,63.17,69.18,55.62,56.05,62.41,59.97,54.79,64.36
2951,62529,66.94,56.75763913027732,0.1366675674778279,10,7,8,100,73.34,65.12,75.49,64.42,58.97,57.59,73.91,66.65
2952,54272,65.68,55.97533573073651,0.0449690752773553,8,6,8,100,69.19,60.25,63.1,57.3,63.89,73.46,62.01,76.26
2953,72024,66.23,58.38466298763821,0.1211932772601933,6,2,8,100,59.64,57.28,74.97,71.39,65.46,70.98,70.07,60.03
2954,150000,73.43,56.65705832694135,0.0854767204587021,12,0,8,100,74.45,69.0,75.99,65.49,73.66,71.78,77.18,79.88
2955,147048,72.51,55.74468350350647,0.089399676892329,12,4,8,100,67.43,73.32,75.54,71.96,73.32,74.92,73.99,69.62
2956,145542,74.95,56.438337912027706,0.10309686229087,9,1,8,100,82.29,75.39,64.38,76.2,87.32,74.7,74.24,65.1
2957,47462,73.45,56.89881261197099,0.1029103770766875,6,6,8,100,79.78,71.68,71.18,71.08,82.53,64.91,69.58,76.88
2958,124043,67.69,57.50908401642764,0.0843523317563227,11,4,8,100,73.69,58.76,62.99,68.86,64.22,76.12,61.18,75.67
2959,150000,73.34,57.2570032050694,0.134405299007379,12,0,8,100,73.57,72.52,69.03,82.08,66.2,76.04,68.72,78.6
2960,54272,58.84,56.7262598421632,0.1741455065529342,8,6,8,100,55.91,61.07,55.76,68.05,52.29,59.15,53.25,65.24
2961,145542,79.86,55.96616525673301,0.1769177568427965,9,1,8,100,81.63,79.63,82.8,80.12,62.08,85.13,83.02,84.48
2962,60517,68.54,56.03956766313598,0.1358616897705638,4,1,8,100,65.43,66.67,67.88,65.22,73.56,68.21,61.95,79.38
2963,146044,59.02,57.019234662185966,0.1011566809475633,10,2,8,100,57.24,61.41,59.31,61.5,55.68,59.26,52.02,65.71
2964,62023,71.14,57.20471781911107,0.0897253939171053,7,4,8,100,63.61,67.67,69.33,69.87,77.73,75.72,68.04,77.15
2965,150000,63.09,56.38943734356397,0.1121432390249157,10,1,8,100,63.38,56.21,75.96,65.66,56.72,66.53,64.02,56.22
2966,150000,60.95,56.66589165123542,0.0966546645608125,12,2,8,100,65.79,55.87,60.26,51.77,71.4,58.08,56.99,67.45
2967,104038,70.48,57.70020497031322,0.1250839616855862,10,4,8,100,62.04,71.4,66.33,74.95,78.88,75.11,74.15,60.98
2968,62277,72.58,56.2353907692886,0.0451107722114376,9,6,8,100,71.57,67.91,75.01,81.51,64.35,77.55,64.49,78.21
2969,123541,64.76,57.34875808912025,0.0475079928211613,10,3,8,100,63.39,66.88,70.46,64.92,70.18,55.82,59.13,67.26
2970,147048,73.19,58.09590595998362,0.1217722754520799,12,4,8,100,70.66,71.68,67.94,69.55,76.83,86.34,64.65,77.91
2971,102532,81.55,56.5670368361975,0.1113592319297407,7,1,8,100,90.84,73.99,78.45,74.32,77.51,84.88,84.55,87.85
2972,49519,52.96,57.36878261345705,0.1109757234475157,8,7,8,100,61.25,53.12,47.61,48.03,64.48,50.69,53.42,45.11
2973,46855,64.41,57.52103153265581,0.1042114292862526,4,5,8,100,68.37,63.64,54.18,61.46,64.38,75.04,71.63,56.56
2974,55028,63.97,57.02846987797204,0.0657049850819656,11,9,8,100,68.11,62.84,65.93,61.82,58.95,61.13,60.19,72.78
2975,61521,70.4,56.98117858497424,0.0728567530678966,6,3,8,100,66.21,67.43,67.56,70.95,68.95,66.85,80.4,74.88
2976,150000,59.43,56.63041623850305,0.1452676929292913,13,2,8,100,64.28,67.35,56.16,52.26,56.63,59.93,64.06,54.76
2977,150000,66.59,56.79818747572767,0.0877668522615937,16,4,8,100,65.29,73.56,68.28,70.61,69.14,63.09,61.41,61.31
2978,73028,71.86,56.72663221916029,0.1381313499678605,8,4,8,100,66.19,64.9,66.04,72.01,81.88,69.45,72.92,81.49
2979,61521,65.93,56.85284301018314,0.0837692055296099,6,3,8,100,57.85,67.53,65.63,69.14,72.58,70.96,58.19,65.53
2980,62525,78.22,56.354674147729725,0.0898440018051812,8,5,8,100,76.07,73.07,82.83,76.92,77.62,80.86,82.09,76.3
2981,46607,66.45,57.40062439143653,0.1141101566567653,5,6,8,100,74.01,71.14,65.73,64.35,54.5,64.22,71.97,65.66
2982,123541,68.84,57.61279523510778,0.0422102133699802,10,3,8,100,65.6,61.97,69.05,73.96,67.76,72.7,66.28,73.4
2983,123541,59.72,57.03816207842732,0.0862573645583074,10,3,8,100,58.28,55.8,71.65,51.71,57.32,62.92,60.57,59.5
2984,147048,69.58,56.66405599297716,0.0753836143395448,12,4,8,100,70.59,76.99,67.54,75.26,59.88,66.79,67.83,71.73
2985,122537,66.18,56.90648765710356,0.0839974808595721,8,1,8,100,72.32,59.74,70.59,63.55,75.26,62.26,57.74,67.95
2986,72526,63.47,56.61570565024408,0.1302910182778442,7,3,8,100,68.0,61.26,56.79,63.91,66.36,61.84,61.84,67.78
2987,150000,65.21,58.54776173614616,0.108585691353065,12,3,8,100,57.68,59.87,62.82,69.39,67.47,73.27,61.32,69.89
2988,49515,60.95,58.583500890934616,0.1926915584574053,6,5,8,100,61.34,70.7,54.26,55.23,63.49,67.25,56.79,58.51
2989,150000,69.79,55.90988039349918,0.1195710546658676,9,0,8,100,73.45,74.07,74.18,70.37,74.03,60.38,63.11,68.7
2990,49515,75.08,55.27837933182449,0.1660953499671065,6,5,8,100,76.23,77.33,81.03,79.53,69.51,71.37,80.75,64.9
2991,104030,68.71,56.30026830549672,0.2128038163231558,6,0,8,100,64.69,75.72,75.9,60.89,72.94,64.48,62.44,72.59
2992,124545,75.66,56.27998175559369,0.1360434554528732,12,5,8,100,65.29,78.79,80.55,74.51,76.95,66.89,78.53,83.73
2993,103034,62.39,56.98233788554485,0.2210121038277014,8,2,8,100,62.22,69.26,64.98,63.27,64.24,52.4,57.75,65.0
2994,123541,65.77,56.50598899503779,0.1638582537543285,10,3,8,100,65.73,65.02,56.6,66.85,71.36,73.7,58.22,68.71
2995,54272,64.98,57.32862240074644,0.1235930644369479,8,6,8,100,70.07,66.55,61.96,70.36,58.98,65.55,58.29,68.09
2996,49515,68.59,56.92370888656717,0.0864337191739352,6,5,8,100,66.58,58.98,63.17,80.11,78.32,75.92,60.78,64.87
2997,122537,71.71,57.49498031815431,0.1660831491555817,8,1,8,100,71.94,70.53,67.62,68.27,62.28,69.81,77.67,85.57
2998,123039,60.06,57.065060634676485,0.2217881990089296,9,2,8,100,61.56,51.9,67.35,68.54,62.3,51.5,55.59,61.73
2999,45146,70.07,55.49743780313384,0.121008229667323,4,8,8,100,64.86,64.83,72.55,73.87,72.84,64.71,72.37,74.54
3000,147550,70.11,57.67868990854176,0.1260827012769767,13,5,8,100,65.67,66.87,75.22,69.77,76.03,70.02,78.28,59.02
