Generación,Fitness Global,CPU (%),Memoria (%),Tiempo (s),Goles Favor,Goles Contra,CPUs (configurados),Population Size,Core0 (%),Core1 (%),Core2 (%),Core3 (%),Core4 (%),Core5 (%),Core6 (%),Core7 (%)
1,35487,51.01,50.09163725709865,0.656362432104469,0,21,6,50,52.58,45.12,46.69,55.13,50.62,55.94,0.0,0.0
2,33875,59.97,49.43481360754223,0.6865852535869357,0,25,6,50,69.76,52.23,53.79,57.11,66.41,60.54,0.0,0.0
3,36696,50.23,49.393431528388334,0.6051042440438168,0,18,6,50,46.73,50.48,54.79,52.68,43.71,53.0,0.0,0.0
4,35890,44.26,50.40038065475032,0.602592487692312,0,20,6,50,41.26,44.43,46.8,43.03,40.24,49.79,0.0,0.0
5,37905,51.82,49.60024594608069,0.6436738853719101,0,15,6,50,46.59,52.28,54.3,44.49,57.71,55.55,0.0,0.0
6,36293,38.08,49.32777614354318,0.6814177754541214,0,19,6,50,38.31,38.55,39.09,35.6,32.79,44.16,0.0,0.0
7,34681,50.16,49.6154468905097,0.6033617351287939,0,23,6,50,45.01,50.0,61.19,45.57,46.08,53.14,0.0,0.0
8,35890,51.44,49.40736678862411,0.6928274394579328,0,20,6,50,52.58,48.45,52.4,53.34,49.95,51.92,0.0,0.0
9,36696,47.67,49.17503203927407,0.6515021005124637,0,18,6,50,46.74,46.91,48.43,53.4,39.66,50.87,0.0,0.0
10,38308,54.33,49.18208364501343,0.6493750949747815,0,14,6,50,50.79,58.3,58.31,46.86,52.16,59.55,0.0,0.0
11,36696,49.84,49.570087183016426,0.7828969619352311,0,18,6,50,58.34,49.79,45.88,50.04,48.01,46.98,0.0,0.0
12,35890,50.25,50.006715610610776,0.616902669644562,0,20,6,50,45.55,51.95,45.27,48.62,51.66,58.47,0.0,0.0
13,41129,51.56,49.43806535991691,0.5654294835805698,0,7,6,50,54.11,52.22,45.03,50.77,50.05,57.16,0.0,0.0
14,36696,47.38,48.27968844572744,0.6923424530461784,0,18,6,50,43.9,56.58,51.23,43.16,43.75,45.67,0.0,0.0
15,38308,48.57,49.01413591769814,0.596753809503331,0,14,6,50,54.22,49.86,49.11,46.24,42.13,49.87,0.0,0.0
16,37099,55.42,52.14866967330865,0.5997423836967612,0,17,6,50,53.66,54.15,56.42,52.47,54.05,61.8,0.0,0.0
17,34278,63.89,50.55145673082574,0.7116182591974293,0,24,6,50,62.82,62.87,65.77,65.17,59.09,67.63,0.0,0.0
18,36293,67.36,49.93713579200263,0.7053391902551317,0,19,6,50,58.4,65.91,72.18,66.69,69.29,71.71,0.0,0.0
19,35084,40.7,51.72876625525087,0.6674207174786579,0,22,6,50,47.05,35.38,34.96,34.77,47.53,44.53,0.0,0.0
20,33875,53.42,49.17956616402234,0.7173952919946833,0,25,6,50,56.15,47.52,57.31,50.6,47.94,61.0,0.0,0.0
21,33875,48.42,49.95471362807794,0.5557205652342129,0,25,6,50,51.06,48.86,46.11,43.26,49.06,52.2,0.0,0.0
22,35084,58.93,51.50087382410534,0.6690606065988721,0,22,6,50,63.33,55.26,54.31,69.49,54.81,56.37,0.0,0.0
23,37905,50.38,49.30564283980156,0.6689218091552009,0,15,6,50,48.83,47.74,48.83,49.84,58.93,48.08,0.0,0.0
24,35487,39.02,48.51144468705256,0.6433377870115763,0,21,6,50,42.31,37.65,38.5,36.99,43.65,35.01,0.0,0.0
25,33875,55.48,50.066875027481125,0.6989744328146406,0,25,6,50,46.52,60.15,53.12,62.6,57.52,53.0,0.0,0.0
26,37099,61.21,49.29987886107808,0.6135438199192798,0,17,6,50,68.14,68.81,55.74,57.21,56.79,60.54,0.0,0.0
27,37502,57.7,48.71116361903179,0.6929177652769551,0,16,6,50,64.12,52.78,53.1,56.77,63.91,55.53,0.0,0.0
28,37099,51.89,49.031859043381736,0.7130284003181593,0,17,6,50,48.45,53.66,52.95,54.2,48.49,53.57,0.0,0.0
29,36696,65.53,49.58447869333131,0.6769769751886444,0,18,6,50,67.78,58.1,59.34,68.96,69.5,69.51,0.0,0.0
30,35084,42.34,49.38246205580767,0.6721308870845071,0,22,6,50,44.42,43.5,35.22,39.4,45.73,45.78,0.0,0.0
31,34681,56.63,51.08426972611184,0.6824974765275664,0,23,6,50,53.57,58.65,61.29,59.21,53.53,53.54,0.0,0.0
32,34278,40.97,50.774373233950826,0.6467548751408713,0,24,6,50,48.02,36.63,40.01,43.24,41.33,36.58,0.0,0.0
33,35084,63.79,50.0829388085287,0.6402678370797998,0,22,6,50,63.59,57.05,65.73,66.65,66.14,63.57,0.0,0.0
34,34681,40.2,48.61945411036966,0.6702301313029986,0,23,6,50,39.42,43.15,40.22,40.3,40.57,37.56,0.0,0.0
35,35890,51.12,50.41571664172359,0.6233776238877217,0,20,6,50,49.22,47.76,52.4,52.58,44.73,60.01,0.0,0.0
36,37905,58.12,49.74518435881376,0.6005394358828694,0,15,6,50,60.3,62.04,51.5,58.73,52.99,63.15,0.0,0.0
37,34681,48.68,51.97906881905679,0.6471710243155123,0,23,6,50,45.84,46.21,43.51,50.42,58.34,47.75,0.0,0.0
38,34681,51.84,48.53080955699346,0.6435570701659997,0,23,6,50,51.37,46.33,59.47,48.97,53.75,51.13,0.0,0.0
39,35487,51.75,50.15877696039838,0.6486462279784164,0,21,6,50,52.39,44.16,55.09,51.5,58.64,48.74,0.0,0.0
40,36696,59.32,50.05598063802034,0.5572629325220438,0,18,6,50,54.27,63.36,59.26,60.2,67.36,51.47,0.0,0.0
41,36696,81.36,49.8221462256157,0.6452308621967567,0,18,6,50,73.92,82.9,84.35,83.93,78.89,84.2,0.0,0.0
42,34278,51.04,49.81165516071628,0.6260905749140272,0,24,6,50,45.15,51.66,61.04,48.11,51.38,48.87,0.0,0.0
43,34278,57.56,49.420016808517154,0.6280065509907218,0,24,6,50,54.91,55.57,58.12,58.04,57.68,61.03,0.0,0.0
44,36293,47.19,49.802451811378816,0.6177669178140068,0,19,6,50,45.26,41.38,52.06,46.33,46.77,51.34,0.0,0.0
45,37099,49.82,50.0436836240197,0.6668525087613419,0,17,6,50,48.54,47.36,54.78,48.61,48.33,51.32,0.0,0.0
46,37502,52.48,49.77039418677983,0.6562518165864502,0,16,6,50,50.09,58.16,50.63,52.33,46.63,57.03,0.0,0.0
47,36293,54.36,50.95608089006688,0.4818483186335065,0,19,6,50,50.37,59.71,62.13,44.72,56.01,53.23,0.0,0.0
48,35890,41.9,49.827145730235536,0.6642240689559588,0,20,6,50,37.27,47.32,38.73,42.31,42.23,43.52,0.0,0.0
49,37905,40.88,48.06987689319323,0.621520716771068,0,15,6,50,47.22,34.31,37.73,39.74,43.93,42.34,0.0,0.0
50,33875,48.05,49.47144499123011,0.6517757459692004,0,25,6,50,44.93,44.73,49.31,51.18,45.57,52.57,0.0,0.0
51,34278,44.51,51.99871739308632,0.6931205819277275,0,24,6,50,44.52,43.69,49.06,43.43,41.24,45.12,0.0,0.0
52,37502,46.92,47.930327762805085,0.6344037341504094,0,16,6,50,44.73,49.65,44.24,53.89,37.07,51.94,0.0,0.0
53,35487,43.57,49.95033863708823,0.5839617035081418,0,21,6,50,53.48,41.91,38.47,42.02,40.48,45.08,0.0,0.0
54,37099,57.92,49.50107674165901,0.7229293758853316,0,17,6,50,62.49,59.27,48.98,64.85,62.18,49.75,0.0,0.0
55,36696,48.04,51.45605629079877,0.5560812002476897,0,18,6,50,53.64,45.34,42.31,46.3,54.82,45.83,0.0,0.0
56,35084,41.88,51.75360126194557,0.6581394289140388,0,22,6,50,40.57,40.76,36.52,37.82,46.77,48.85,0.0,0.0
57,33875,49.91,50.7750666953453,0.7124406590681533,0,25,6,50,50.61,49.13,51.16,51.19,51.69,45.68,0.0,0.0
58,36696,48.46,50.10865508322083,0.5922189700789149,0,18,6,50,51.57,45.89,47.49,44.66,53.62,47.51,0.0,0.0
59,36293,53.2,50.13007313554408,0.5762145452635498,0,19,6,50,50.2,56.15,51.63,53.34,59.1,48.8,0.0,0.0
60,36293,64.63,48.34477285899388,0.6305493014665728,0,19,6,50,70.1,58.04,72.81,59.19,68.2,59.44,0.0,0.0
61,37905,54.83,50.47002753285519,0.6103247801155872,0,15,6,50,49.72,53.81,61.13,54.89,60.77,48.65,0.0,0.0
62,37905,42.97,51.61359881008275,0.6304381684257229,0,15,6,50,47.56,43.7,45.27,41.93,43.82,35.56,0.0,0.0
63,36696,60.01,49.69300495587366,0.6350178913740215,0,18,6,50,64.84,54.85,64.31,63.25,60.26,52.57,0.0,0.0
64,35890,54.82,50.32748233622825,0.698112810677239,0,20,6,50,50.44,56.84,57.89,50.33,53.64,59.76,0.0,0.0
65,37502,54.08,49.49062142919205,0.6569115915410887,0,16,6,50,56.0,57.47,53.0,54.9,49.49,53.64,0.0,0.0
66,36293,50.33,50.24956509196403,0.6972684486811868,0,19,6,50,54.24,47.68,55.37,48.48,45.28,50.93,0.0,0.0
67,38308,43.74,48.74551744993519,0.6793646448086936,0,14,6,50,40.85,45.31,40.94,43.66,52.04,39.65,0.0,0.0
68,33875,43.99,50.34762982102232,0.6444874065864749,0,25,6,50,45.39,46.59,39.75,49.72,44.37,38.14,0.0,0.0
69,36293,55.64,50.29597129549915,0.5785888969153012,0,19,6,50,56.45,60.88,59.82,52.02,57.1,47.57,0.0,0.0
70,37099,45.55,48.97317257426772,0.6445240994053627,0,17,6,50,42.93,47.27,45.28,42.53,46.94,48.37,0.0,0.0
71,35084,36.1,50.28510331471142,0.7164547074749014,0,22,6,50,40.11,30.06,35.56,34.23,38.51,38.12,0.0,0.0
72,37099,44.42,50.16607670075348,0.6690152840651968,0,17,6,50,45.05,39.33,47.5,42.19,44.6,47.83,0.0,0.0
73,37099,46.05,50.57420355147176,0.6645219797206838,0,17,6,50,43.5,45.82,47.36,50.0,44.8,44.84,0.0,0.0
74,33875,63.52,48.79064323647093,0.6834302682344908,0,25,6,50,62.05,62.95,57.72,63.31,70.6,64.52,0.0,0.0
75,35487,47.96,49.77155267701063,0.5925879997919471,0,21,6,50,41.35,53.83,44.49,55.42,43.17,49.48,0.0,0.0
76,38711,55.22,52.049727229641775,0.6843848235308109,0,13,6,50,61.11,50.17,47.58,60.62,59.74,52.12,0.0,0.0
77,36696,65.36,49.781708533129695,0.6353917588152513,0,18,6,50,67.57,68.69,56.72,60.26,67.69,71.23,0.0,0.0
78,34278,60.46,48.784297700115175,0.6211832227415439,0,24,6,50,58.33,56.92,59.74,66.36,60.65,60.78,0.0,0.0
79,36696,49.94,51.28447436774508,0.666917458863913,0,18,6,50,48.86,52.62,52.08,54.14,48.49,43.43,0.0,0.0
80,37905,59.13,49.518422115283165,0.6254811376388415,0,15,6,50,62.8,53.5,52.15,61.11,69.49,55.74,0.0,0.0
81,37502,62.5,49.35653847911211,0.6934733236146089,0,16,6,50,56.49,62.13,71.71,69.25,59.76,55.63,0.0,0.0
82,34681,68.46,49.827493152821305,0.5886597465483848,0,23,6,50,69.88,70.14,66.68,66.17,70.1,67.81,0.0,0.0
83,35890,52.14,48.611151507871966,0.6183633406064738,0,20,6,50,46.66,53.1,58.35,48.22,57.92,48.62,0.0,0.0
84,37099,49.66,49.7297913579085,0.686520051394589,0,17,6,50,46.05,44.4,48.88,45.1,56.67,56.84,0.0,0.0
85,33875,43.14,49.00901342647596,0.6811021602560072,0,25,6,50,39.48,43.88,38.17,40.17,51.02,46.14,0.0,0.0
86,38308,44.78,49.81557040848119,0.6211749715591594,0,14,6,50,46.28,41.66,49.35,41.98,47.08,42.36,0.0,0.0
87,33875,51.51,50.288909970299606,0.5681773953609021,0,25,6,50,52.34,55.95,52.59,43.77,57.07,47.32,0.0,0.0
88,35890,53.69,50.02020605052269,0.6487736173755667,0,20,6,50,54.73,58.08,50.38,50.77,58.97,49.23,0.0,0.0
89,33875,53.15,50.20168065541773,0.6556512227924646,0,25,6,50,57.2,52.35,54.75,53.05,53.73,47.8,0.0,0.0
90,33875,56.17,48.8356416050872,0.589014767687499,0,25,6,50,53.39,56.93,57.36,55.59,61.43,52.34,0.0,0.0
91,37502,51.11,49.43719850057202,0.6406626381201076,0,16,6,50,42.21,52.58,47.62,57.41,47.42,59.4,0.0,0.0
92,35890,43.03,50.88167240358739,0.642346587661744,0,20,6,50,40.31,41.17,46.25,46.66,47.35,36.45,0.0,0.0
93,33875,53.44,49.71352608400554,0.6362660070755741,0,25,6,50,56.24,56.65,59.42,45.68,45.86,56.79,0.0,0.0
94,36696,40.96,50.88576016260719,0.7016534565946904,0,18,6,50,36.81,36.64,45.54,43.89,36.16,46.73,0.0,0.0
95,34681,70.52,50.249845782760296,0.7345339805495941,0,23,6,50,68.54,79.35,64.82,81.8,62.91,65.68,0.0,0.0
96,38308,46.85,50.63149915821376,0.7010549634596794,0,14,6,50,42.28,44.75,45.42,47.06,49.75,51.86,0.0,0.0
97,33875,50.91,51.0469711756852,0.7328596329031802,0,25,6,50,54.82,44.45,57.93,48.85,42.99,56.44,0.0,0.0
98,34681,48.71,50.07077854209359,0.6116130515964432,0,23,6,50,49.35,43.02,44.23,51.34,52.04,52.27,0.0,0.0
99,36293,43.93,50.04679518247389,0.5963493886662423,0,19,6,50,39.69,42.42,47.01,44.42,45.09,44.97,0.0,0.0
100,33875,46.34,49.98448810452869,0.5973677502843459,0,25,6,50,47.51,52.94,43.25,41.64,43.67,49.0,0.0,0.0
101,34278,57.32,49.688237210596114,0.6401798396874109,0,24,6,50,63.52,64.46,56.01,57.34,49.51,53.09,0.0,0.0
102,35487,61.45,49.07841346931315,0.6683262324503475,0,21,6,50,67.8,51.17,69.13,69.7,55.0,55.91,0.0,0.0
103,35890,59.87,50.86930806680043,0.6809941230988805,0,20,6,50,63.4,53.4,65.42,64.6,56.7,55.7,0.0,0.0
104,39114,44.22,48.44609295571372,0.6732145677185029,0,12,6,50,46.44,46.97,47.93,38.66,45.41,39.94,0.0,0.0
105,37502,52.23,50.4513114585706,0.6774280468360891,0,16,6,50,51.65,52.08,52.9,52.25,50.66,53.85,0.0,0.0
106,39114,57.03,50.66569139974745,0.7027878106744795,0,12,6,50,57.86,55.72,54.67,56.63,58.53,58.78,0.0,0.0
107,36696,51.5,50.19448674196812,0.666855918269511,0,18,6,50,58.01,50.52,45.33,56.96,42.68,55.53,0.0,0.0
108,34681,41.35,50.71505746429301,0.629275652938344,0,23,6,50,41.99,47.29,43.7,36.64,35.93,42.52,0.0,0.0
109,34278,53.51,52.22741199775876,0.6282478990894209,0,24,6,50,51.67,55.07,56.38,55.61,57.93,44.42,0.0,0.0
110,35890,54.84,49.29586537479069,0.6105966795367617,0,20,6,50,48.27,63.23,47.39,60.71,61.07,48.34,0.0,0.0
111,37099,42.81,49.021662638085175,0.6693447500089491,0,17,6,50,41.66,37.22,43.01,45.17,40.81,48.97,0.0,0.0
112,34278,67.85,49.76306641754875,0.6697185450973081,0,24,6,50,64.24,69.78,63.11,68.82,71.52,69.65,0.0,0.0
113,37099,41.8,50.6430807894798,0.6268367558365748,0,17,6,50,42.61,45.18,41.18,42.79,39.7,39.35,0.0,0.0
114,33875,69.41,50.25233580714931,0.6144099004481627,0,25,6,50,64.94,61.09,75.27,64.91,72.52,77.73,0.0,0.0
115,38308,57.78,51.989494568502096,0.630079887985892,0,14,6,50,65.94,64.47,50.73,50.8,54.8,59.95,0.0,0.0
116,36293,62.91,52.62548938176234,0.5987632621727239,0,19,6,50,62.39,61.84,56.73,69.29,69.33,57.9,0.0,0.0
117,36696,56.8,51.00250584161537,0.5978141841414616,0,18,6,50,60.02,60.9,60.59,52.13,47.94,59.21,0.0,0.0
118,35890,56.42,49.73064985600012,0.6664803240633569,0,20,6,50,52.36,59.21,59.22,48.7,61.36,57.67,0.0,0.0
119,34681,52.6,50.918373809888585,0.6711451992000501,0,23,6,50,49.96,56.73,42.41,57.22,60.83,48.44,0.0,0.0
120,34681,50.23,48.955437024133445,0.667198067543322,0,23,6,50,56.59,41.9,42.8,57.8,44.94,57.35,0.0,0.0
121,35890,53.12,51.1498032992724,0.7145706413348332,0,20,6,50,54.92,51.69,52.31,45.48,56.52,57.78,0.0,0.0
122,34681,54.16,48.74266014763849,0.6728369441338045,0,23,6,50,53.54,57.77,49.25,52.04,62.25,50.14,0.0,0.0
123,39517,54.6,50.76591177935462,0.6607552633856346,0,11,6,50,56.7,51.86,55.38,53.0,58.59,52.05,0.0,0.0
124,37502,53.22,50.59130400144757,0.5814371276187948,0,16,6,50,54.01,61.76,53.24,47.12,53.59,49.58,0.0,0.0
125,35487,64.41,50.68538508686979,0.6513720954624255,0,21,6,50,61.33,69.16,62.31,64.47,72.53,56.69,0.0,0.0
126,37099,52.76,48.70990739219802,0.7502182145450192,0,17,6,50,47.98,57.22,60.19,49.21,54.03,47.95,0.0,0.0
127,36293,52.93,51.47390212990875,0.6258810913681043,0,19,6,50,45.07,53.92,49.07,57.65,59.2,52.66,0.0,0.0
128,38308,42.89,51.15534949218258,0.7174440599050723,0,14,6,50,41.06,51.04,38.02,41.05,44.66,41.49,0.0,0.0
129,36293,54.42,49.05527252402837,0.6603602568237525,0,19,6,50,47.82,63.72,47.15,61.42,51.83,54.55,0.0,0.0
130,36696,44.34,47.95124193333555,0.5735184804219058,0,18,6,50,46.43,40.32,44.28,41.14,47.29,46.61,0.0,0.0
131,37502,50.26,49.40119659766741,0.7019790195473733,0,16,6,50,54.56,54.11,49.77,43.8,45.22,54.08,0.0,0.0
132,37502,62.06,52.05144193484493,0.663657071745799,0,16,6,50,61.67,64.44,52.34,65.35,67.78,60.81,0.0,0.0
133,36293,41.86,50.342187525542144,0.5943156721509613,0,19,6,50,43.37,43.98,36.48,40.67,37.99,48.68,0.0,0.0
134,38711,61.79,51.59976795360748,0.6613671659344931,0,13,6,50,71.29,54.82,63.99,65.37,60.77,54.49,0.0,0.0
135,35487,44.2,48.860008147122095,0.7500393996221341,0,21,6,50,47.57,46.4,39.13,45.21,40.04,46.87,0.0,0.0
136,36696,50.83,49.86685514018627,0.6512728169532468,0,18,6,50,47.87,54.31,48.11,49.19,47.97,57.52,0.0,0.0
137,36293,51.92,50.376417053209806,0.6744035572417757,0,19,6,50,43.21,50.41,51.35,54.81,52.92,58.82,0.0,0.0
138,33875,46.62,51.46173491327861,0.6241747105484828,0,25,6,50,46.36,44.68,48.35,49.87,49.23,41.22,0.0,0.0
139,35487,65.28,49.90539379042707,0.6245050306080836,0,21,6,50,62.69,70.95,67.76,67.02,56.42,66.85,0.0,0.0
140,34681,60.08,50.83007104096406,0.5382185852926659,0,23,6,50,52.69,63.53,64.35,67.85,55.98,56.11,0.0,0.0
141,36293,42.95,51.481043991671584,0.6311588036859697,0,19,6,50,45.55,39.38,45.81,37.71,42.73,46.51,0.0,0.0
142,34278,59.35,49.69261328982508,0.63792557320523,0,24,6,50,60.13,66.43,56.44,51.0,61.53,60.55,0.0,0.0
143,35890,66.37,50.54433426479095,0.7337058647237416,0,20,6,50,71.41,67.22,63.29,59.05,61.3,75.93,0.0,0.0
144,35487,55.94,49.98288642733942,0.5662218408618338,0,21,6,50,63.15,57.55,46.62,47.96,59.65,60.72,0.0,0.0
145,37905,49.19,50.42348996334079,0.584358257049114,0,15,6,50,54.61,43.77,52.05,46.43,43.28,55.02,0.0,0.0
146,38711,51.03,50.77733631256628,0.6975616717390808,0,13,6,50,45.65,54.08,48.76,55.07,46.37,56.24,0.0,0.0
147,36696,49.08,50.91127404408741,0.628193969176017,0,18,6,50,51.51,51.48,46.31,51.14,48.07,45.95,0.0,0.0
148,36293,49.34,52.4513350067065,0.6024741091838883,0,19,6,50,47.81,45.1,43.25,57.82,55.49,46.54,0.0,0.0
149,37099,59.4,50.54964075533925,0.6815252308180481,0,17,6,50,49.92,60.85,60.55,58.96,62.92,63.18,0.0,0.0
150,33875,65.14,50.28596417308179,0.6872300547977864,0,25,6,50,55.25,73.07,63.14,54.65,73.67,71.08,0.0,0.0
151,38711,52.63,48.95084829430508,0.6073883537117821,0,13,6,50,51.05,50.78,56.92,51.35,53.87,51.8,0.0,0.0
152,34278,50.21,52.74972014473151,0.5899008398685989,0,24,6,50,48.42,46.84,51.35,53.83,51.18,49.62,0.0,0.0
153,37099,57.29,50.14168365876628,0.5870625306767431,0,17,6,50,57.12,49.18,63.77,62.31,58.84,52.51,0.0,0.0
154,37905,40.4,50.66913089603207,0.5674358182279404,0,15,6,50,41.32,35.94,42.34,35.51,41.73,45.58,0.0,0.0
155,36696,48.14,49.46148743760784,0.6210126236249467,0,18,6,50,49.0,55.63,45.13,52.61,45.64,40.82,0.0,0.0
156,35890,72.83,49.91141863260663,0.6693473734843018,0,20,6,50,75.12,73.58,75.23,65.67,72.88,74.53,0.0,0.0
157,36293,55.17,50.62008002529039,0.5282410626046181,0,19,6,50,52.85,51.86,59.88,58.98,51.62,55.81,0.0,0.0
158,33875,46.64,49.18315610927588,0.6111800792057146,0,25,6,50,41.67,45.3,46.3,43.71,55.01,47.86,0.0,0.0
159,34681,54.23,51.95465298361525,0.6758476933453373,0,23,6,50,46.26,54.27,53.92,59.86,55.07,56.0,0.0,0.0
160,35084,44.86,51.56946143959686,0.6805859182383409,0,22,6,50,50.67,42.6,40.65,42.14,44.92,48.21,0.0,0.0
161,35890,46.72,51.36355768938238,0.7155318957959946,0,20,6,50,47.97,44.75,50.05,43.72,44.86,48.98,0.0,0.0
162,37099,42.96,50.80128116365631,0.6668828122620013,0,17,6,50,34.43,51.1,40.65,42.74,41.51,47.36,0.0,0.0
163,37905,58.31,51.3224196321812,0.699869144574625,0,15,6,50,56.55,54.14,57.06,61.62,60.53,59.98,0.0,0.0
164,36293,42.87,49.78709728490497,0.652321197502165,0,19,6,50,48.01,47.23,35.43,42.71,43.64,40.19,0.0,0.0
165,35487,55.58,49.74270587811898,0.5556170113627867,0,21,6,50,56.54,61.1,48.05,62.55,53.22,52.0,0.0,0.0
166,33875,47.58,48.80767474910491,0.5710180153047117,0,25,6,50,52.89,43.99,47.3,51.46,45.7,44.14,0.0,0.0
167,37099,51.79,50.22971401392545,0.5744709390213081,0,17,6,50,41.64,59.2,54.5,41.67,55.73,58.02,0.0,0.0
168,35890,53.15,51.75361639872168,0.6663252370639907,0,20,6,50,59.29,51.7,57.97,49.73,51.3,48.91,0.0,0.0
169,36293,45.29,48.21723989670203,0.6418806590341507,0,19,6,50,38.61,48.58,47.35,46.97,49.46,40.78,0.0,0.0
170,34278,41.1,50.28032608034248,0.5795748988419909,0,24,6,50,44.11,40.43,39.44,38.99,47.31,36.29,0.0,0.0
171,33875,53.33,52.39871518224653,0.613664155481688,0,25,6,50,53.17,56.05,59.17,48.43,51.28,51.86,0.0,0.0
172,35084,46.36,51.54559251299067,0.6245842184959212,0,22,6,50,46.57,46.51,44.95,44.82,53.34,42.0,0.0,0.0
173,35487,51.66,50.11952647624437,0.6629071029124138,0,21,6,50,49.51,53.9,54.91,54.29,48.72,48.65,0.0,0.0
174,37502,38.84,49.45075921751887,0.6103116345212555,0,16,6,50,34.59,40.68,36.59,40.17,42.38,38.63,0.0,0.0
175,36293,52.18,48.5655772848715,0.672402562008328,0,19,6,50,44.63,56.92,54.88,57.45,48.79,50.38,0.0,0.0
176,39114,55.5,50.73164471795393,0.6196104362091355,0,12,6,50,59.22,50.16,52.86,55.12,57.42,58.22,0.0,0.0
177,37099,49.86,50.47651926404579,0.6466176021456218,0,17,6,50,51.38,44.93,50.31,56.69,52.22,43.62,0.0,0.0
178,35487,61.87,49.58519455712287,0.6194334559703222,0,21,6,50,68.33,65.09,54.09,54.5,67.97,61.24,0.0,0.0
179,34278,41.08,51.0918530985181,0.5716875919813764,0,24,6,50,40.24,39.92,46.33,41.03,40.93,38.04,0.0,0.0
180,35487,49.94,51.76864499128604,0.648920503145696,0,21,6,50,50.53,48.73,42.19,51.65,52.09,54.42,0.0,0.0
181,37099,51.16,51.36849991994297,0.6532838922614143,0,17,6,50,53.38,57.49,45.18,50.7,43.83,56.36,0.0,0.0
182,34278,57.71,49.16491964713798,0.6506792094217678,0,24,6,50,50.74,57.73,60.07,55.19,65.26,57.24,0.0,0.0
183,40323,49.13,50.59021617768961,0.6043314064533872,0,9,6,50,49.16,48.91,53.84,41.91,53.07,47.89,0.0,0.0
184,38711,52.2,50.48242881871778,0.6118772397340734,0,13,6,50,53.48,53.22,46.25,51.6,53.81,54.86,0.0,0.0
185,35890,48.16,51.5580645249393,0.6461896494042384,0,20,6,50,38.64,55.26,47.84,51.42,48.54,47.23,0.0,0.0
186,35890,53.42,49.60373711913275,0.5908079700404586,0,20,6,50,53.46,57.13,57.95,45.05,55.24,51.68,0.0,0.0
187,37099,46.32,49.27324715299928,0.5657836227433654,0,17,6,50,49.78,49.29,41.64,44.82,44.14,48.26,0.0,0.0
188,35487,58.62,49.13946029715879,0.6624168017884627,0,21,6,50,60.45,55.38,54.37,56.83,61.48,63.18,0.0,0.0
189,35084,42.84,50.51409639439429,0.6629504156294254,0,22,6,50,43.99,38.12,39.97,39.8,44.24,50.89,0.0,0.0
190,33875,49.23,50.42038625840033,0.6830197195233711,0,25,6,50,54.23,50.0,53.25,50.27,43.23,44.39,0.0,0.0
191,35084,54.74,52.843865032071385,0.5072604598503963,0,22,6,50,55.41,51.76,56.05,54.72,53.93,56.56,0.0,0.0
192,37502,47.23,50.13277503104307,0.6531214598578547,0,16,6,50,48.26,52.74,48.85,42.47,48.84,42.21,0.0,0.0
193,33875,61.75,49.3671159872145,0.5919247347632759,0,25,6,50,54.48,66.8,57.31,67.85,67.0,57.05,0.0,0.0
194,35084,48.05,51.01076438705866,0.6624474337853422,0,22,6,50,43.14,50.39,57.44,43.27,46.48,47.56,0.0,0.0
195,36293,47.37,50.318093144866175,0.6654240080286689,0,19,6,50,44.17,39.24,50.45,51.37,46.43,52.56,0.0,0.0
196,35084,64.13,50.24987035629732,0.671683485769381,0,22,6,50,66.93,58.88,67.27,59.82,69.5,62.4,0.0,0.0
197,36696,57.15,50.48479454564556,0.6308909611281278,0,18,6,50,54.2,59.93,60.4,60.61,61.43,46.35,0.0,0.0
198,36293,53.33,50.39368386557955,0.6523611529663561,0,19,6,50,53.4,47.83,48.64,51.62,58.65,59.86,0.0,0.0
199,35084,42.55,49.43302596879938,0.6765486624647803,0,22,6,50,49.77,41.77,44.84,39.3,37.65,41.99,0.0,0.0
200,36696,58.06,49.9808053994874,0.5639359076839481,0,18,6,50,62.99,52.12,59.24,56.82,59.58,57.63,0.0,0.0
201,36293,60.51,49.85793758011873,0.6219321598809077,0,19,6,50,56.5,55.74,56.92,63.12,71.01,59.75,0.0,0.0
202,33875,42.44,51.73896769909533,0.5864319509448108,0,25,6,50,46.85,41.12,49.01,37.19,40.14,40.35,0.0,0.0
203,36696,45.54,51.872797941506754,0.6265116939231427,0,18,6,50,42.82,51.47,45.51,45.24,41.26,46.97,0.0,0.0
204,41129,45.77,49.06010598511487,0.6999000532554742,0,7,6,50,52.66,43.74,44.27,45.25,45.57,43.14,0.0,0.0
205,34681,57.08,48.840799929697575,0.6367951393079115,0,23,6,50,50.97,64.39,52.47,51.24,62.44,60.94,0.0,0.0
206,38308,44.25,48.70426883538137,0.6143735848455766,0,14,6,50,44.11,45.64,37.8,44.4,48.25,45.32,0.0,0.0
207,35084,55.49,49.71653798370903,0.5718537668944379,0,22,6,50,57.29,50.64,55.58,62.43,54.54,52.43,0.0,0.0
208,36293,63.97,49.68619763024381,0.7022048766996173,0,19,6,50,58.52,70.7,72.29,54.32,70.78,57.22,0.0,0.0
209,36293,50.46,51.38976168937417,0.680768856283869,0,19,6,50,49.43,52.63,53.83,48.27,45.65,52.98,0.0,0.0
210,37502,53.43,50.03133606021956,0.6911631783671742,0,16,6,50,54.62,45.36,49.6,56.74,50.68,63.59,0.0,0.0
211,38308,43.83,51.12788837893227,0.6838497884429022,0,14,6,50,46.58,50.47,37.09,42.28,47.39,39.16,0.0,0.0
212,37502,56.21,48.73288018169644,0.65468108326937,0,16,6,50,55.57,57.56,61.49,53.66,58.99,49.98,0.0,0.0
213,36293,64.82,50.47096917677416,0.6593868582608391,0,19,6,50,72.5,73.37,57.07,63.86,65.76,56.39,0.0,0.0
214,36696,47.26,51.72094939141556,0.6293502785635948,0,18,6,50,46.47,50.5,47.4,49.91,43.89,45.37,0.0,0.0
215,38308,49.07,48.09873288971209,0.6433608430111311,0,14,6,50,56.83,43.97,53.62,44.26,48.58,47.14,0.0,0.0
216,37099,59.31,50.75410146780649,0.6495217991812703,0,17,6,50,55.44,63.8,62.42,55.37,58.34,60.49,0.0,0.0
217,34681,55.5,50.79885807797755,0.6564713046241244,0,23,6,50,59.35,50.28,45.89,60.02,57.1,60.33,0.0,0.0
218,34278,42.59,49.60850818733756,0.6126750840496746,0,24,6,50,44.15,40.99,40.46,47.93,39.63,42.39,0.0,0.0
219,33875,42.19,50.04814208182998,0.5905737305057888,0,25,6,50,41.28,43.67,38.23,49.57,37.69,42.72,0.0,0.0
220,37502,38.61,50.11545841287688,0.5759547812845374,0,16,6,50,34.68,39.98,36.26,38.53,40.11,42.11,0.0,0.0
221,36696,47.15,50.44047897274819,0.6627369736410984,0,18,6,50,44.24,42.6,53.04,47.8,52.25,42.98,0.0,0.0
222,38308,51.01,51.119908781054136,0.5279877016716565,0,14,6,50,49.35,56.95,43.86,52.03,43.25,60.62,0.0,0.0
223,34681,41.03,50.54059867746752,0.5857487103675698,0,23,6,50,47.16,45.42,41.56,32.23,45.3,34.52,0.0,0.0
224,35084,52.21,48.72071973318055,0.6281956516570686,0,22,6,50,52.96,54.62,57.39,47.44,46.47,54.4,0.0,0.0
225,37905,55.88,50.1056817143658,0.6511308009681234,0,15,6,50,62.53,64.69,53.17,54.79,50.65,49.43,0.0,0.0
226,38308,41.2,49.505769475481216,0.6494383041807236,0,14,6,50,44.44,38.9,39.34,39.53,35.39,49.6,0.0,0.0
227,35487,61.64,49.30893833912682,0.6484132825687632,0,21,6,50,61.67,58.86,63.96,62.55,64.54,58.23,0.0,0.0
228,35084,55.84,49.54470656561775,0.6537451870111277,0,22,6,50,54.51,60.66,57.1,51.28,55.96,55.54,0.0,0.0
229,38308,48.57,50.65647492856624,0.620379717166984,0,14,6,50,50.12,51.37,46.95,46.31,49.05,47.62,0.0,0.0
230,33875,54.66,51.18791219884467,0.5464052707017851,0,25,6,50,52.19,50.42,61.48,55.26,53.81,54.82,0.0,0.0
231,36696,52.19,50.002300574847794,0.6539018892995555,0,18,6,50,54.71,50.89,53.27,42.38,54.72,57.16,0.0,0.0
232,37502,42.15,49.17761853917589,0.5790114734602375,0,16,6,50,47.94,41.15,42.39,39.84,44.65,36.92,0.0,0.0
233,37502,53.42,48.48451622538099,0.5746366131684779,0,16,6,50,56.02,48.24,54.16,49.31,61.16,51.64,0.0,0.0
234,37502,59.37,50.08335457845483,0.668058211644627,0,16,6,50,53.88,67.04,61.15,51.12,67.83,55.19,0.0,0.0
235,37099,62.84,51.46326313834424,0.6112053586898203,0,17,6,50,67.18,54.79,61.06,64.37,60.58,69.04,0.0,0.0
236,34278,65.47,49.401970591574965,0.6422622603599971,0,24,6,50,71.87,70.9,58.85,68.63,58.72,63.83,0.0,0.0
237,37502,49.97,51.75159292063356,0.5678449573531831,0,16,6,50,54.45,48.54,44.76,50.7,52.45,48.92,0.0,0.0
238,39517,51.75,50.20162014728515,0.5163444763344206,0,11,6,50,51.02,48.45,59.55,49.68,53.96,47.86,0.0,0.0
239,35487,49.92,49.88367986064018,0.5955811503526753,0,21,6,50,63.03,43.88,46.86,49.56,48.88,47.28,0.0,0.0
240,37905,60.12,50.171466543570446,0.6343494034310793,0,15,6,50,59.84,64.09,53.75,60.44,62.96,59.65,0.0,0.0
241,35487,40.52,50.25395884456255,0.5758273485953413,0,21,6,50,41.84,42.1,41.52,42.69,37.67,37.32,0.0,0.0
242,35084,53.93,49.50173294197575,0.5761909635655817,0,22,6,50,62.0,53.34,52.18,54.4,50.28,51.39,0.0,0.0
243,35890,45.35,50.23775889492387,0.6007112903231036,0,20,6,50,42.39,50.03,42.12,48.43,44.3,44.83,0.0,0.0
244,33875,57.71,49.433768277904896,0.6371075039203712,0,25,6,50,54.98,64.0,55.27,62.42,48.36,61.21,0.0,0.0
245,34278,57.04,50.2780832447678,0.6709811420091103,0,24,6,50,53.36,61.16,49.29,54.06,62.32,62.03,0.0,0.0
246,34681,47.84,49.58827844721287,0.59327488222977,0,23,6,50,49.74,42.13,48.35,53.8,46.99,46.04,0.0,0.0
247,35084,47.91,48.96268172309245,0.6399632315266347,0,22,6,50,49.24,52.3,42.01,39.42,51.22,53.26,0.0,0.0
248,37502,61.4,49.63131609377969,0.6958327062710179,0,16,6,50,62.82,49.28,66.32,65.42,64.63,59.91,0.0,0.0
249,39114,40.08,50.39358579310805,0.6811415361406759,0,12,6,50,42.61,36.88,40.83,45.22,37.89,37.02,0.0,0.0
250,36696,49.32,49.57577306893032,0.5887192634567724,0,18,6,50,51.65,43.41,57.1,44.6,49.98,49.16,0.0,0.0
251,43181,50.09,50.73326019495616,0.5843272310081912,1,8,6,50,53.76,45.13,52.52,60.85,39.9,48.4,0.0,0.0
252,35084,48.52,49.51339721117715,0.7349799110063809,0,22,6,50,43.15,55.03,50.95,44.41,47.35,50.22,0.0,0.0
253,36293,61.1,49.69666072010471,0.6413705258415747,0,19,6,50,66.11,70.27,47.41,65.73,55.33,61.76,0.0,0.0
254,37502,54.56,50.679804559760434,0.5920238730236022,0,16,6,50,59.99,48.01,60.16,49.49,51.67,58.03,0.0,0.0
255,37905,57.97,50.657892748344,0.6269579841272355,0,15,6,50,52.62,62.91,50.9,52.13,63.24,66.02,0.0,0.0
256,37099,40.82,51.8488110694137,0.7026904521046626,0,17,6,50,37.66,34.41,38.33,45.08,49.02,40.44,0.0,0.0
257,33875,44.59,50.32067381636995,0.667226539427253,0,25,6,50,44.63,41.58,46.33,50.79,43.48,40.74,0.0,0.0
258,35487,50.85,50.35170798759609,0.6516636728011951,0,21,6,50,55.35,56.31,46.19,46.27,52.55,48.42,0.0,0.0
259,36696,37.63,49.69682147788159,0.6687925958476789,0,18,6,50,34.12,41.56,37.94,37.98,35.62,38.55,0.0,0.0
260,35487,35.91,50.29508858081937,0.6734566585680468,0,21,6,50,31.01,34.25,41.76,34.2,36.1,38.12,0.0,0.0
261,36696,46.56,51.31346561894853,0.6007580374697777,0,18,6,50,49.37,48.87,44.67,43.12,46.26,47.05,0.0,0.0
262,34681,56.31,50.96476603977816,0.5870644789043736,0,23,6,50,57.69,50.75,61.11,52.06,61.05,55.22,0.0,0.0
263,34681,60.53,50.79920656665158,0.611054527001597,0,23,6,50,63.33,57.01,69.35,61.1,57.7,54.67,0.0,0.0
264,35084,52.46,50.5293022480563,0.6531128337190172,0,22,6,50,50.16,48.86,56.35,55.03,47.85,56.51,0.0,0.0
265,33875,57.48,50.29800960478554,0.6545746026067577,0,25,6,50,54.09,59.87,55.35,60.89,58.68,56.03,0.0,0.0
266,38308,46.68,49.99735236839439,0.5807778056849934,0,14,6,50,50.73,38.5,42.51,47.69,50.96,49.7,0.0,0.0
267,38308,48.86,51.05719560146039,0.6853661380479814,0,14,6,50,49.95,49.81,46.08,57.18,44.78,45.35,0.0,0.0
268,37099,52.1,49.303990149361866,0.608873291741309,0,17,6,50,51.1,54.68,55.14,48.8,53.41,49.46,0.0,0.0
269,40323,47.73,50.48288246577725,0.6519183124093963,0,9,6,50,49.05,48.81,46.79,43.03,45.6,53.1,0.0,0.0
270,37099,52.64,48.84462214989349,0.6650898010203411,0,17,6,50,47.56,58.29,58.01,51.94,54.19,45.84,0.0,0.0
271,37502,56.03,48.10482115660742,0.6442207143941455,0,16,6,50,47.5,48.48,61.19,58.26,66.65,54.08,0.0,0.0
272,38308,42.43,52.32134544327886,0.7643372935095556,0,14,6,50,38.59,38.32,47.17,37.72,43.79,49.01,0.0,0.0
273,35487,58.36,49.54181508984635,0.6739554293319799,0,21,6,50,57.69,63.04,61.8,63.22,53.86,50.58,0.0,0.0
274,37905,37.33,49.98691892101243,0.706681518771323,0,15,6,50,43.53,35.68,34.15,35.91,31.82,42.89,0.0,0.0
275,37502,50.98,50.3327088565942,0.632221191009721,0,16,6,50,50.08,52.08,47.38,53.8,48.03,54.49,0.0,0.0
276,38308,59.81,49.54734603192185,0.6841676337700845,0,14,6,50,66.26,66.21,55.83,58.96,55.16,56.46,0.0,0.0
277,38711,43.75,51.48812697874908,0.5880048594697093,0,13,6,50,43.6,43.44,42.85,47.49,44.61,40.51,0.0,0.0
278,38308,57.02,51.984871886881685,0.5709162490648244,0,14,6,50,58.35,53.02,63.77,57.57,61.25,48.13,0.0,0.0
279,39114,46.19,50.58241607684519,0.589699137447067,0,12,6,50,54.76,39.73,47.62,40.67,48.18,46.18,0.0,0.0
280,37502,57.83,48.92791490718943,0.6283449044865577,0,16,6,50,59.26,60.48,50.66,58.9,58.21,59.48,0.0,0.0
281,36293,57.27,48.2385522336874,0.7037655196718339,0,19,6,50,64.33,58.53,53.54,64.22,55.88,47.09,0.0,0.0
282,37905,51.38,47.85132329130524,0.6354447225252567,0,15,6,50,55.83,52.0,46.69,48.82,56.29,48.63,0.0,0.0
283,38308,50.64,48.90107671786832,0.6535110105990635,0,14,6,50,42.78,55.04,47.93,51.54,46.62,59.94,0.0,0.0
284,37099,57.35,49.58666592727,0.5911296967869717,0,17,6,50,60.64,50.01,52.92,52.9,65.47,62.18,0.0,0.0
285,36293,51.94,49.57971385769493,0.536213229832764,0,19,6,50,55.96,48.13,53.84,50.35,50.05,53.29,0.0,0.0
286,37502,61.72,50.0002669067159,0.7016695373245285,0,16,6,50,70.04,61.25,68.81,50.81,59.57,59.87,0.0,0.0
287,36696,57.96,48.940144800544665,0.6620139431907066,0,18,6,50,58.0,66.12,64.3,47.55,50.17,61.65,0.0,0.0
288,36293,69.56,50.70997460272012,0.6339216024727051,0,19,6,50,66.82,65.28,67.08,74.19,69.83,74.14,0.0,0.0
289,37905,52.96,49.8535647677049,0.5867331439389529,0,15,6,50,49.0,59.6,51.25,52.03,50.65,55.22,0.0,0.0
290,39114,55.68,49.62667869382593,0.6686138488475845,0,12,6,50,56.56,49.16,59.67,55.69,55.92,57.05,0.0,0.0
291,35084,52.46,49.88971556119046,0.5148966447126591,0,22,6,50,53.19,54.62,46.09,45.13,53.57,62.13,0.0,0.0
292,36696,43.27,50.69199248371231,0.6825283102129485,0,18,6,50,45.61,36.12,46.89,41.56,43.68,45.78,0.0,0.0
293,35084,56.64,50.31925536950074,0.6090500451866735,0,22,6,50,50.87,62.6,58.95,59.88,50.07,57.46,0.0,0.0
294,34681,36.2,50.24133999180782,0.7137233308180049,0,23,6,50,42.28,35.83,34.25,27.37,43.14,34.35,0.0,0.0
295,35084,57.24,50.301711515705165,0.5552532065812162,0,22,6,50,58.87,57.98,57.17,54.1,55.41,59.94,0.0,0.0
296,35890,54.61,50.349287749030886,0.744943759180394,0,20,6,50,54.45,44.92,59.54,49.83,64.42,54.48,0.0,0.0
297,36293,59.54,50.31406762240363,0.6598784068127196,0,19,6,50,58.38,57.3,54.42,63.98,68.46,54.7,0.0,0.0
298,34278,58.36,49.044099070393095,0.6567701290003202,0,24,6,50,62.11,61.1,50.62,63.91,53.1,59.29,0.0,0.0
299,35890,52.87,51.11812201108642,0.6869334128773013,0,20,6,50,53.75,51.13,55.89,45.07,56.17,55.19,0.0,0.0
300,38308,60.45,48.75154823862386,0.5930966661961139,0,14,6,50,57.96,64.06,50.05,73.71,54.19,62.73,0.0,0.0
301,37099,61.06,48.86782557585158,0.6968085780464066,0,17,6,50,52.97,63.28,58.98,65.94,65.52,59.7,0.0,0.0
302,35084,45.12,50.54869868868679,0.6196892876075213,0,22,6,50,47.73,46.08,47.68,45.98,41.39,41.86,0.0,0.0
303,38308,56.17,51.1309686099543,0.6148301267395041,0,14,6,50,64.82,52.1,52.85,54.68,61.79,50.79,0.0,0.0
304,39920,52.08,50.71184749454764,0.6082189307131282,0,10,6,50,51.27,54.43,59.72,48.29,47.08,51.69,0.0,0.0
305,37502,45.06,50.94060440422795,0.5626999664548753,0,16,6,50,45.0,42.52,48.9,41.99,48.36,43.6,0.0,0.0
306,37502,39.18,51.755762500958944,0.5205276561301166,0,16,6,50,42.05,42.52,43.32,37.17,32.04,37.98,0.0,0.0
307,39114,57.09,52.1468726890022,0.6830944301026681,0,12,6,50,61.4,57.98,57.03,56.53,51.85,57.77,0.0,0.0
308,38711,56.94,49.78827044622475,0.6140993313165144,0,13,6,50,51.45,55.82,61.65,50.67,58.56,63.5,0.0,0.0
309,35487,45.58,50.46866480671835,0.6089140578459569,0,21,6,50,49.28,47.72,38.9,45.66,47.64,44.25,0.0,0.0
310,36696,68.68,50.64329125089717,0.6629104401581477,0,18,6,50,80.18,67.92,64.81,63.87,62.27,73.01,0.0,0.0
311,37502,48.28,51.38594685636868,0.6474312190567081,0,16,6,50,55.77,46.94,45.29,45.44,47.91,48.36,0.0,0.0
312,38308,48.45,50.301365964453765,0.6166797607276412,0,14,6,50,40.02,53.47,55.27,42.64,47.61,51.66,0.0,0.0
313,36696,54.48,51.27223968623048,0.6821408331814962,0,18,6,50,62.02,53.63,50.43,54.48,55.72,50.62,0.0,0.0
314,33875,46.48,50.03699283573949,0.5238420955641427,0,25,6,50,53.28,45.82,51.37,43.24,44.95,40.21,0.0,0.0
315,36293,57.09,50.40421758664228,0.5729641734581321,0,19,6,50,57.62,62.85,49.44,63.13,61.86,47.63,0.0,0.0
316,39114,55.37,49.17287538774456,0.5818456003935126,0,12,6,50,51.52,56.78,50.7,67.79,56.97,48.48,0.0,0.0
317,37099,56.42,50.87155639843732,0.6102176007654417,0,17,6,50,59.74,57.89,49.76,65.4,57.32,48.38,0.0,0.0
318,35487,67.53,51.34021677163906,0.6980232278677582,0,21,6,50,60.5,59.69,67.05,69.54,72.2,76.21,0.0,0.0
319,40323,38.25,50.76397765494428,0.5625323442120114,0,9,6,50,34.68,38.18,40.58,37.41,40.02,38.65,0.0,0.0
320,39114,55.28,49.50407078689086,0.6522882863594761,0,12,6,50,61.04,51.11,48.24,49.67,65.66,55.98,0.0,0.0
321,36696,54.89,50.08469631216647,0.5925443287240684,0,18,6,50,52.24,47.36,52.52,58.74,63.5,54.99,0.0,0.0
322,37099,60.31,51.19608452791733,0.5603548893485324,0,17,6,50,62.1,57.99,63.32,64.06,61.58,52.83,0.0,0.0
323,37502,48.96,51.125848128779324,0.6430985245770895,0,16,6,50,42.82,49.38,53.23,46.92,54.4,47.02,0.0,0.0
324,37099,46.18,49.39493452029316,0.6422319862971052,0,17,6,50,42.09,49.93,47.27,45.16,49.76,42.9,0.0,0.0
325,36293,52.43,50.83200362282168,0.6348058364639015,0,19,6,50,53.96,57.17,49.17,52.91,50.35,51.0,0.0,0.0
326,37502,48.71,50.99225793415212,0.622345015458476,0,16,6,50,53.2,41.03,44.96,53.59,50.43,49.07,0.0,0.0
327,36293,56.45,50.82430369534639,0.6501976675156805,0,19,6,50,57.69,59.57,57.11,47.38,62.5,54.45,0.0,0.0
328,34681,46.88,50.10249497473198,0.6006468431571341,0,23,6,50,49.29,48.41,41.15,44.99,44.46,52.97,0.0,0.0
329,37502,42.16,52.05063735787563,0.5982648699313294,0,16,6,50,44.03,38.26,46.09,37.03,46.64,40.94,0.0,0.0
330,36696,54.38,49.87401004021312,0.6063103846881603,0,18,6,50,49.16,63.23,66.41,47.83,49.45,50.17,0.0,0.0
331,38308,53.93,51.21819030055908,0.5857770883645067,0,14,6,50,52.22,59.4,56.06,54.29,50.5,51.13,0.0,0.0
332,37099,44.26,51.02779691670359,0.6368661069871087,0,17,6,50,49.21,41.27,45.07,41.95,44.09,43.98,0.0,0.0
333,37502,47.95,50.57429896516711,0.5838599888608638,0,16,6,50,47.0,46.51,45.4,54.85,46.04,47.9,0.0,0.0
334,36293,50.32,51.3875929000355,0.5808361231932165,0,19,6,50,42.2,55.87,52.74,53.8,50.8,46.52,0.0,0.0
335,35487,52.37,51.42287413068998,0.6653289512015901,0,21,6,50,50.11,55.63,54.22,43.84,50.7,59.73,0.0,0.0
336,37905,52.04,50.46553154666289,0.6856101937483783,0,15,6,50,49.72,47.22,54.05,56.98,57.57,46.68,0.0,0.0
337,38308,57.5,50.000820793515246,0.5006292662567077,0,14,6,50,52.63,56.22,51.25,60.9,62.54,61.47,0.0,0.0
338,35890,60.77,50.54793822608537,0.5568897469998277,0,20,6,50,60.29,69.84,60.0,52.68,67.58,54.23,0.0,0.0
339,36696,50.59,50.68675865126151,0.5669264553057687,0,18,6,50,53.61,49.05,56.16,54.94,41.5,48.3,0.0,0.0
340,36696,44.8,49.526767651853696,0.6682590947787551,0,18,6,50,41.85,41.36,43.09,38.39,53.19,50.9,0.0,0.0
341,37905,51.32,49.04886662219648,0.6528428868281146,0,15,6,50,46.22,46.79,53.52,59.08,50.45,51.88,0.0,0.0
342,38308,53.36,49.7858158710674,0.6206802769961872,0,14,6,50,49.64,49.82,51.06,58.19,57.81,53.64,0.0,0.0
343,37099,56.76,49.5109393079403,0.6072302882452082,0,17,6,50,55.54,54.56,49.14,59.88,62.31,59.15,0.0,0.0
344,35890,49.67,49.37882023441229,0.5571433526579357,0,20,6,50,53.93,45.05,51.58,50.41,46.53,50.54,0.0,0.0
345,36293,45.71,49.20708561654333,0.5588110678717106,0,19,6,50,47.73,44.58,46.2,50.35,42.45,42.92,0.0,0.0
346,37099,63.4,50.99234083889361,0.5330836201937558,0,17,6,50,69.32,62.39,52.19,70.25,59.13,67.12,0.0,0.0
347,37905,43.73,51.18883836835074,0.5973765487882524,0,15,6,50,43.77,43.09,50.2,40.76,46.64,37.91,0.0,0.0
348,37905,55.42,51.84492844994151,0.643233377727644,0,15,6,50,56.55,56.64,54.66,49.49,55.85,59.32,0.0,0.0
349,36696,75.23,50.19436125576461,0.5818297105626352,0,18,6,50,73.6,79.1,78.23,72.48,69.12,78.84,0.0,0.0
350,33875,49.47,50.76919707442569,0.7318530545478573,0,25,6,50,47.59,51.3,50.1,44.88,52.99,49.96,0.0,0.0
351,34681,50.0,49.4416300198216,0.5643997324826437,0,23,6,50,43.83,51.67,55.22,48.43,49.38,51.49,0.0,0.0
352,35890,52.69,50.71080429832744,0.6056908815740022,0,20,6,50,53.48,50.24,58.25,55.96,47.97,50.27,0.0,0.0
353,36293,54.9,50.62001269835157,0.5839611480288668,0,19,6,50,50.46,48.24,60.41,56.87,62.22,51.18,0.0,0.0
354,37099,53.46,51.37483306875177,0.70022529468324,0,17,6,50,61.52,46.54,61.63,49.84,54.26,47.0,0.0,0.0
355,35487,64.51,50.86722865625078,0.5912166288881208,0,21,6,50,58.25,69.11,61.8,66.04,68.65,63.22,0.0,0.0
356,37099,52.3,50.24521097429623,0.6018171413665693,0,17,6,50,53.9,53.59,52.26,54.66,53.0,46.39,0.0,0.0
357,39114,43.24,50.44635294225871,0.6378922935309933,0,12,6,50,39.66,50.37,46.68,34.16,38.61,49.96,0.0,0.0
358,37502,48.72,49.12302680667669,0.5877125715964622,0,16,6,50,57.34,49.86,46.61,44.98,46.69,46.83,0.0,0.0
359,38711,51.42,51.4081788971645,0.6348133289611778,0,13,6,50,56.43,41.59,56.17,51.2,52.51,50.6,0.0,0.0
360,37905,62.08,51.73940088161878,0.6048684912800018,0,15,6,50,66.84,64.06,68.02,53.8,66.62,53.16,0.0,0.0
361,35084,48.43,51.73140316948665,0.6433231348324593,0,22,6,50,47.84,47.07,40.57,50.2,51.88,53.03,0.0,0.0
362,35890,47.96,49.710673540826505,0.6213357665523533,0,20,6,50,54.51,51.1,51.1,42.97,41.0,47.11,0.0,0.0
363,36293,53.15,50.6369804335915,0.6255507456087256,0,19,6,50,50.11,60.51,55.71,45.45,57.64,49.48,0.0,0.0
364,36293,37.76,50.15986329300881,0.577990205323754,0,19,6,50,38.54,35.73,40.78,34.0,36.0,41.49,0.0,0.0
365,33875,49.73,50.92786031612128,0.5703490068600165,0,25,6,50,55.02,47.1,48.05,53.43,46.39,48.37,0.0,0.0
366,37099,62.17,50.2017535629418,0.6266943344762198,0,17,6,50,67.05,60.38,59.39,63.78,56.85,65.6,0.0,0.0
367,40323,59.67,50.23867512206575,0.5857897229222221,0,9,6,50,67.2,54.38,51.96,59.04,62.83,62.62,0.0,0.0
368,35487,54.09,51.22833648528383,0.5463104371889485,0,21,6,50,53.12,57.14,51.89,49.69,58.21,54.47,0.0,0.0
369,35084,57.4,50.86251822027312,0.5927266555436627,0,22,6,50,56.08,61.56,54.28,57.98,61.75,52.76,0.0,0.0
370,34278,52.75,50.6208982340001,0.6775508079000426,0,24,6,50,59.9,52.12,43.36,59.69,50.97,50.46,0.0,0.0
371,36293,47.76,49.38056960039487,0.6402057603167836,0,19,6,50,49.08,50.29,45.68,44.47,46.72,50.32,0.0,0.0
372,36293,45.71,50.919865721175285,0.5976114427174953,0,19,6,50,44.32,46.15,43.26,42.54,50.85,47.16,0.0,0.0
373,38711,58.35,51.63083755662746,0.4788174291078939,0,13,6,50,62.64,51.04,60.76,64.3,58.44,52.91,0.0,0.0
374,39114,58.99,51.02018772309238,0.6684315158214074,0,12,6,50,56.89,58.22,61.53,60.09,57.49,59.72,0.0,0.0
375,35890,57.18,51.45902527303462,0.5586912739501464,0,20,6,50,55.55,62.01,48.32,63.31,57.75,56.11,0.0,0.0
376,37905,61.23,50.03432749394632,0.598680786868631,0,15,6,50,56.63,61.59,55.87,64.56,67.38,61.35,0.0,0.0
377,40323,51.29,50.677078344377456,0.5710954034285177,0,9,6,50,51.79,53.0,50.35,54.12,49.82,48.66,0.0,0.0
378,38308,54.77,48.681189256209024,0.5522909551546684,0,14,6,50,52.23,56.83,54.26,57.33,58.63,49.33,0.0,0.0
379,33875,46.89,50.1737942834423,0.5410861927293147,0,25,6,50,42.98,44.68,49.64,46.87,43.1,54.08,0.0,0.0
380,34681,45.54,51.42408319034455,0.5605902720251722,0,23,6,50,48.89,51.76,41.34,44.98,40.01,46.27,0.0,0.0
381,36293,64.69,50.41415867126053,0.5880752034372332,0,19,6,50,67.58,56.73,69.37,67.88,64.63,61.96,0.0,0.0
382,38711,71.85,52.08906435837645,0.564009136228531,0,13,6,50,66.14,74.19,71.36,74.59,68.04,76.8,0.0,0.0
383,37099,54.74,50.64383555121248,0.6322288117059821,0,17,6,50,51.27,48.49,56.81,57.32,58.54,55.99,0.0,0.0
384,34278,54.94,49.21587676223298,0.5916813809030849,0,24,6,50,60.11,50.53,47.0,62.02,58.93,51.08,0.0,0.0
385,33875,55.32,50.86816711513496,0.597340436499487,0,25,6,50,49.85,57.56,52.79,54.14,60.65,56.95,0.0,0.0
386,36696,60.55,48.533227386169095,0.6344552138465407,0,18,6,50,62.49,61.75,53.64,53.14,60.6,71.68,0.0,0.0
387,34681,57.7,49.776466980685655,0.5799320791513486,0,23,6,50,53.99,52.32,60.82,61.75,52.78,64.57,0.0,0.0
388,35487,43.7,50.743033762146695,0.5914114680070603,0,21,6,50,45.45,38.1,50.38,40.02,42.92,45.35,0.0,0.0
389,37099,51.4,52.74187747581446,0.6292136961587006,0,17,6,50,44.21,58.54,56.56,50.08,50.74,48.29,0.0,0.0
390,35890,56.46,50.063809001011066,0.6441082223823008,0,20,6,50,51.14,55.43,59.57,55.32,58.93,58.34,0.0,0.0
391,39114,55.68,52.4538362202421,0.6239067745406655,0,12,6,50,52.49,60.28,60.14,55.81,57.0,48.39,0.0,0.0
392,35890,46.84,50.54907056378735,0.5596337177371935,0,20,6,50,41.27,44.59,47.71,48.2,44.25,55.0,0.0,0.0
393,33875,52.54,51.37009953107113,0.5910121639803014,0,25,6,50,52.64,47.27,53.25,58.71,56.95,46.42,0.0,0.0
394,37502,52.47,51.2825477022647,0.6399839361333444,0,16,6,50,59.15,59.45,48.44,49.9,49.7,48.2,0.0,0.0
395,36696,55.68,50.67318121305379,0.7238424398812884,0,18,6,50,57.29,56.07,54.02,55.07,51.7,59.95,0.0,0.0
396,35487,55.99,50.33157939054092,0.5785243387325156,0,21,6,50,54.87,50.31,57.93,57.96,52.56,62.33,0.0,0.0
397,35487,39.88,50.880884682296696,0.6785898295468302,0,21,6,50,36.61,44.95,39.92,40.03,35.33,42.42,0.0,0.0
398,35084,52.06,50.79911614477414,0.5930086304436972,0,22,6,50,46.16,58.54,42.56,53.89,56.48,54.7,0.0,0.0
399,35487,47.01,50.88073652461804,0.5582508762870629,0,21,6,50,47.68,44.36,48.33,47.54,50.77,43.39,0.0,0.0
400,36293,36.9,50.55096090117839,0.6388566465602569,0,19,6,50,38.95,39.3,36.95,36.79,34.78,34.64,0.0,0.0
401,36293,46.63,50.72659383913559,0.611324094373656,0,19,6,50,52.63,42.15,48.47,41.68,48.93,45.9,0.0,0.0
402,40323,56.58,49.29636290651569,0.5853621450324873,0,9,6,50,50.17,59.69,65.93,48.83,59.44,55.41,0.0,0.0
403,38308,54.89,50.72430361653323,0.5872296256209464,0,14,6,50,48.47,59.98,49.59,62.25,56.81,52.23,0.0,0.0
404,38308,50.96,50.40891212096352,0.6596074699477951,0,14,6,50,51.81,48.78,51.82,54.56,47.56,51.24,0.0,0.0
405,36696,57.34,49.39730983846789,0.571506822811577,0,18,6,50,51.91,59.09,57.06,63.06,50.3,62.61,0.0,0.0
406,39920,63.31,48.48922067019516,0.6692416820051004,0,10,6,50,56.66,74.34,60.49,71.65,56.55,60.16,0.0,0.0
407,37502,51.82,50.775056452208446,0.6212275871674947,0,16,6,50,44.66,48.48,53.93,56.03,48.89,58.9,0.0,0.0
408,39517,61.73,48.966503898819845,0.5703416426489404,0,11,6,50,53.07,68.01,57.5,63.41,61.0,67.38,0.0,0.0
409,37905,56.37,50.25344378677367,0.665249443058491,0,15,6,50,57.78,53.29,52.92,59.19,59.46,55.56,0.0,0.0
410,34681,61.79,51.92930159299963,0.6905166870436561,0,23,6,50,64.85,63.43,63.15,50.93,65.09,63.3,0.0,0.0
411,35084,54.54,49.41744590144617,0.6088771748879298,0,22,6,50,56.55,52.96,60.57,52.82,56.71,47.63,0.0,0.0
412,38711,47.07,50.17485336125751,0.5317378884542318,0,13,6,50,46.92,49.12,48.97,44.79,46.9,45.74,0.0,0.0
413,35487,52.88,50.23383208907714,0.5816721724688522,0,21,6,50,52.79,55.9,55.95,49.55,54.48,48.62,0.0,0.0
414,39517,56.28,49.65018637190097,0.6168084706301771,0,11,6,50,60.26,53.76,56.64,57.42,54.71,54.87,0.0,0.0
415,35487,50.29,50.63268134918663,0.6041819131835278,0,21,6,50,48.45,47.05,50.42,56.04,55.33,44.47,0.0,0.0
416,37099,49.22,50.83757133530461,0.6269572034648844,0,17,6,50,52.81,51.95,42.9,51.0,41.57,55.12,0.0,0.0
417,36696,59.71,49.17984597143827,0.6324196883126068,0,18,6,50,58.17,64.83,59.38,56.96,55.58,63.31,0.0,0.0
418,35890,49.7,49.41648331986247,0.6757149538665814,0,20,6,50,45.82,54.77,46.32,53.55,46.81,50.92,0.0,0.0
419,35084,59.28,49.07421386374989,0.6079184080653716,0,22,6,50,65.76,64.53,52.73,66.48,54.61,51.56,0.0,0.0
420,39114,59.41,50.04981134074286,0.6129583229063867,0,12,6,50,55.82,55.34,55.12,64.75,63.25,62.21,0.0,0.0
421,35487,50.87,50.483587000252165,0.6191693546555155,0,21,6,50,47.26,50.16,55.13,44.85,52.06,55.74,0.0,0.0
422,38308,52.11,50.20489531694949,0.6220357193295741,0,14,6,50,56.89,45.29,50.11,48.12,55.69,56.54,0.0,0.0
423,37099,49.23,51.40488224848117,0.6624199587224789,0,17,6,50,55.35,47.64,46.19,48.85,50.3,47.05,0.0,0.0
424,36293,37.68,50.69093881456306,0.6815434785069079,0,19,6,50,35.1,42.34,43.7,31.22,41.02,32.73,0.0,0.0
425,38711,63.54,48.53618430468092,0.5460940722187551,0,13,6,50,61.41,57.47,65.31,65.89,66.9,64.24,0.0,0.0
426,39114,46.6,51.14514469675516,0.5821834292348128,0,12,6,50,43.77,41.03,45.17,52.66,44.46,52.49,0.0,0.0
427,36696,65.01,50.693570811472185,0.550117586828507,0,18,6,50,71.14,68.36,59.47,62.62,65.78,62.69,0.0,0.0
428,36293,50.88,49.9004434617277,0.5573689472124922,0,19,6,50,48.4,49.71,50.17,53.85,49.66,53.49,0.0,0.0
429,39517,59.24,51.03920591230196,0.5785099300057737,0,11,6,50,61.44,53.09,61.9,57.35,52.89,68.76,0.0,0.0
430,35487,49.8,50.35720220628582,0.5346143531664129,0,21,6,50,46.3,56.55,46.13,55.6,49.52,44.72,0.0,0.0
431,36696,49.46,50.24588634416194,0.6433947019662775,0,18,6,50,46.23,55.23,49.55,41.05,49.73,54.95,0.0,0.0
432,39517,60.47,50.846050292644826,0.5597774873066388,0,11,6,50,51.64,62.49,64.41,64.78,59.76,59.73,0.0,0.0
433,39920,60.55,49.15456977838298,0.6460241886569437,0,10,6,50,60.93,70.21,66.62,55.15,55.27,55.14,0.0,0.0
434,37905,51.38,51.27673114446743,0.5804409026173937,0,15,6,50,50.17,50.01,51.11,53.65,56.29,47.08,0.0,0.0
435,39517,56.73,51.98534691264198,0.5280768853523321,0,11,6,50,59.55,55.73,56.91,60.21,52.96,55.03,0.0,0.0
436,37502,52.41,51.82886639834075,0.5296326124435495,0,16,6,50,53.24,47.31,55.35,52.54,55.11,50.92,0.0,0.0
437,36696,46.25,51.58928601936003,0.4597749495169486,0,18,6,50,44.28,51.43,40.75,45.17,43.82,52.06,0.0,0.0
438,37099,56.54,49.056657950651726,0.5811488072757888,0,17,6,50,57.17,60.06,59.88,63.08,50.35,48.68,0.0,0.0
439,38308,49.16,52.39797482109777,0.5267536870176927,0,14,6,50,51.58,44.66,51.36,56.96,48.91,41.46,0.0,0.0
440,37905,49.1,50.28497308158497,0.5604403885626082,0,15,6,50,49.94,47.33,48.22,50.79,51.89,46.43,0.0,0.0
441,35084,54.03,49.75576591784079,0.6451918685094861,0,22,6,50,56.95,59.05,54.08,52.84,53.31,47.96,0.0,0.0
442,35890,50.1,50.318215852136206,0.5798501781073025,0,20,6,50,54.33,46.83,47.99,57.92,43.23,50.32,0.0,0.0
443,37502,63.18,49.73814253755834,0.6608961213864273,0,16,6,50,63.69,56.85,72.64,59.3,58.31,68.31,0.0,0.0
444,39517,46.62,50.04800318661411,0.5938225970505674,0,11,6,50,46.18,52.64,47.67,44.07,48.95,40.23,0.0,0.0
445,36696,57.55,51.56882268029332,0.6550455381162339,0,18,6,50,65.84,49.02,51.11,63.8,55.41,60.11,0.0,0.0
446,36293,49.76,50.88485108009207,0.6173202177884999,0,19,6,50,50.32,49.33,50.27,44.81,55.18,48.67,0.0,0.0
447,37099,47.1,50.34433953037596,0.5832214863739018,0,17,6,50,42.91,43.33,43.26,46.32,52.99,53.8,0.0,0.0
448,37502,40.56,49.7410540455296,0.688155621017551,0,16,6,50,40.87,43.05,38.9,42.38,41.59,36.54,0.0,0.0
449,38711,57.99,51.15008710615159,0.6879244513775236,0,13,6,50,52.78,51.17,54.7,69.43,53.99,65.88,0.0,0.0
450,36293,62.29,51.54131209847427,0.5707271305190589,0,19,6,50,65.2,68.6,60.38,56.01,70.12,53.43,0.0,0.0
451,39517,51.93,50.11938484943918,0.5939751747519143,0,11,6,50,56.23,46.74,59.73,54.8,49.61,44.47,0.0,0.0
452,37905,50.7,50.9984980111875,0.6094472055248763,0,15,6,50,45.35,59.61,50.29,51.82,46.04,51.11,0.0,0.0
453,36293,42.54,50.01528907193686,0.6191849534029071,0,19,6,50,44.62,42.54,41.71,44.5,41.08,40.79,0.0,0.0
454,35084,58.43,50.61860989833676,0.5633071324006509,0,22,6,50,62.11,56.79,62.57,62.94,52.73,53.42,0.0,0.0
455,38711,53.1,49.23667021305677,0.5870888461097842,0,13,6,50,56.22,54.83,49.25,62.81,46.69,48.81,0.0,0.0
456,36293,61.45,50.339804138058014,0.521641149458397,0,19,6,50,52.04,59.43,68.67,61.1,66.93,60.55,0.0,0.0
457,33875,57.34,52.255505072077845,0.6649253087985556,0,25,6,50,57.17,58.81,56.22,51.31,57.55,62.98,0.0,0.0
458,35890,57.23,48.949798211380894,0.5366207969364886,0,20,6,50,54.81,63.45,66.09,50.2,52.94,55.87,0.0,0.0
459,38308,56.83,49.5875896686433,0.6020042415090257,0,14,6,50,55.4,55.68,63.76,49.72,63.57,52.86,0.0,0.0
460,36293,60.64,50.16278603819477,0.6552787168710091,0,19,6,50,58.9,66.33,60.33,55.77,64.98,57.55,0.0,0.0
461,36696,65.06,51.77653237481499,0.6444279250973219,0,18,6,50,61.47,71.83,65.16,63.7,72.46,55.77,0.0,0.0
462,35890,46.39,50.14783978678764,0.7239390139003401,0,20,6,50,43.26,51.66,46.38,42.85,54.66,39.54,0.0,0.0
463,37502,48.53,49.9149411409138,0.5108215083397303,0,16,6,50,48.86,44.54,50.49,54.62,45.47,47.22,0.0,0.0
464,37099,40.78,50.43599612111373,0.5619633504372356,0,17,6,50,39.08,39.27,41.28,35.76,47.78,41.52,0.0,0.0
465,37905,59.1,51.33011379137282,0.5480066694908186,0,15,6,50,58.93,58.71,56.34,65.14,63.72,51.74,0.0,0.0
466,38308,54.86,50.5761985550448,0.5240991398211254,0,14,6,50,51.59,49.6,59.9,53.6,52.06,62.39,0.0,0.0
467,35487,46.76,50.39021902024744,0.6440836868083313,0,21,6,50,40.79,45.4,49.28,50.64,45.52,48.91,0.0,0.0
468,39517,43.99,49.749034383047245,0.5500002282423094,0,11,6,50,43.59,42.17,42.81,46.2,41.68,47.5,0.0,0.0
469,37502,57.3,48.78338374123213,0.5873236405382454,0,16,6,50,52.57,56.12,66.64,51.85,60.44,56.21,0.0,0.0
470,39517,52.2,52.15661259316271,0.6279387860592935,0,11,6,50,51.28,64.6,48.16,49.69,52.55,46.93,0.0,0.0
471,38308,38.69,51.33407994364074,0.5728745001803478,0,14,6,50,39.29,38.82,38.72,34.79,43.02,37.49,0.0,0.0
472,38711,57.07,51.43563138190283,0.5516216695965077,0,13,6,50,65.58,61.45,58.71,54.51,52.44,49.75,0.0,0.0
473,37905,60.25,50.09225944337859,0.6220697085230372,0,15,6,50,65.2,59.26,58.41,58.76,59.34,60.55,0.0,0.0
474,36696,53.77,51.394433520919954,0.5924588274499715,0,18,6,50,56.22,53.03,48.42,57.92,57.31,49.73,0.0,0.0
475,37502,46.72,50.67337531006172,0.700812081347114,0,16,6,50,46.31,44.54,47.56,47.9,45.37,48.62,0.0,0.0
476,35084,53.93,49.82580567650457,0.5668683612663753,0,22,6,50,53.08,53.47,57.24,50.01,52.86,56.95,0.0,0.0
477,33875,55.5,50.62986942535884,0.5786559189345993,0,25,6,50,52.22,57.04,55.5,53.63,64.13,50.45,0.0,0.0
478,34278,48.73,50.403342291410375,0.6927746116099026,0,24,6,50,50.41,41.64,43.71,51.32,57.55,47.73,0.0,0.0
479,35487,54.2,50.93668383923787,0.6344061418820278,0,21,6,50,57.01,56.62,56.61,54.66,50.59,49.72,0.0,0.0
480,38308,60.33,50.7767457629168,0.6136892444146659,0,14,6,50,58.91,55.58,66.63,63.57,53.58,63.7,0.0,0.0
481,38711,48.23,51.08063464605608,0.5020331511547511,0,13,6,50,44.71,50.12,42.86,48.95,51.75,51.01,0.0,0.0
482,36293,47.46,51.57744033807127,0.5300357227319532,0,19,6,50,45.22,48.18,44.37,40.72,50.08,56.2,0.0,0.0
483,40323,43.81,50.74141695249196,0.6341214842807684,0,9,6,50,46.25,48.36,43.49,38.31,41.84,44.6,0.0,0.0
484,37099,48.61,50.42496763139498,0.5274495128538417,0,17,6,50,51.42,57.18,47.72,46.22,40.43,48.7,0.0,0.0
485,36696,50.01,50.35978341796512,0.5781408367171661,0,18,6,50,55.21,49.79,56.29,44.92,43.38,50.49,0.0,0.0
486,37502,43.78,50.51601720332317,0.6636860639524402,0,16,6,50,38.53,39.79,47.86,49.29,43.11,44.11,0.0,0.0
487,39920,53.02,50.69625785818823,0.6854087348050858,0,10,6,50,64.3,46.98,58.8,51.09,49.52,47.41,0.0,0.0
488,40323,58.61,49.96529348062326,0.6113307821556244,0,9,6,50,60.29,52.47,54.82,57.22,62.82,64.04,0.0,0.0
489,35487,54.28,50.35164649720552,0.6390178102471022,0,21,6,50,56.93,57.36,54.82,58.14,48.08,50.34,0.0,0.0
490,36293,58.96,48.90087256885768,0.640345588309391,0,19,6,50,62.81,61.05,56.41,50.71,54.71,68.05,0.0,0.0
491,37502,47.16,50.83917807853342,0.6967875219637756,0,16,6,50,41.56,50.39,52.43,46.02,48.21,44.35,0.0,0.0
492,39114,50.18,49.2408066265429,0.5758756354620975,0,12,6,50,55.93,53.58,48.97,49.87,45.56,47.16,0.0,0.0
493,36696,42.3,49.90365267802377,0.6121634763622,0,18,6,50,35.0,45.78,45.46,38.03,43.74,45.76,0.0,0.0
494,36293,63.24,50.94839051313112,0.5870432822776801,0,19,6,50,58.37,65.05,64.59,60.08,59.85,71.52,0.0,0.0
495,37099,57.39,49.68512105449337,0.5999155050256983,0,17,6,50,48.69,64.82,65.47,50.07,49.24,66.06,0.0,0.0
496,37502,52.78,49.36097075333457,0.5505509730143784,0,16,6,50,51.61,55.37,44.5,49.87,53.7,61.6,0.0,0.0
497,36696,60.33,50.59363838447221,0.6271226559742648,0,18,6,50,69.43,63.1,58.16,58.26,55.26,57.77,0.0,0.0
498,37099,42.97,52.18557621873107,0.5936510754920972,0,17,6,50,46.85,45.23,43.76,43.02,34.2,44.76,0.0,0.0
499,39920,48.38,49.23619352066167,0.5538669353074871,0,10,6,50,52.45,49.5,45.82,52.17,44.22,46.1,0.0,0.0
500,36293,46.49,50.1296470624638,0.541320315743672,0,19,6,50,53.07,52.31,46.37,40.06,41.44,45.67,0.0,0.0
501,39114,52.0,49.74561812897984,0.5853515630142931,0,12,6,50,48.13,57.04,54.39,58.55,41.05,52.84,0.0,0.0
502,35487,38.68,49.81732219589287,0.506851684561194,0,21,6,50,33.46,41.58,38.48,35.88,34.4,48.29,0.0,0.0
503,39114,43.67,50.61869919685111,0.5162281848880141,0,12,6,50,43.76,46.46,44.05,38.63,46.16,42.99,0.0,0.0
504,37099,59.81,51.4328500009176,0.6004888744389579,0,17,6,50,56.32,54.85,56.26,68.0,61.75,61.67,0.0,0.0
505,33875,57.3,50.26102274220786,0.5779670146170721,0,25,6,50,52.56,60.48,53.11,66.45,62.91,48.29,0.0,0.0
506,36293,58.85,51.25939282800555,0.613958787750909,0,19,6,50,64.85,54.6,58.51,56.58,61.83,56.73,0.0,0.0
507,36293,61.42,52.15711413346244,0.5189862882200154,0,19,6,50,65.66,60.92,57.68,62.94,62.61,58.72,0.0,0.0
508,37905,60.77,51.0097114846222,0.5533215888031875,0,15,6,50,58.04,68.92,59.28,57.39,53.61,67.37,0.0,0.0
509,35890,53.42,50.2301814603971,0.5825981345672948,0,20,6,50,47.44,50.69,50.62,59.78,60.46,51.55,0.0,0.0
510,37099,56.49,50.705644392064855,0.6108831684099085,0,17,6,50,60.61,54.94,52.09,58.31,58.08,54.92,0.0,0.0
511,35890,57.92,51.24257183361168,0.6070034847103725,0,20,6,50,61.66,62.37,51.11,61.63,53.14,57.59,0.0,0.0
512,37905,47.86,49.38730397196943,0.560207181508135,0,15,6,50,43.85,52.43,47.19,49.3,48.57,45.81,0.0,0.0
513,39114,54.82,50.12769927740181,0.5978676933025874,0,12,6,50,60.74,48.54,53.02,54.21,48.6,63.82,0.0,0.0
514,38711,63.12,50.62405164817376,0.5896385259380599,0,13,6,50,61.66,63.71,62.71,68.88,59.23,62.52,0.0,0.0
515,37905,60.83,50.92788805443566,0.6037398936714277,0,15,6,50,57.52,66.37,60.95,67.31,50.67,62.18,0.0,0.0
516,37502,58.28,53.4932178864632,0.5393690262440124,0,16,6,50,62.74,52.07,61.82,57.7,54.39,60.99,0.0,0.0
517,39920,44.13,52.58014166485243,0.5327560838634621,0,10,6,50,50.14,48.27,45.94,40.05,37.96,42.42,0.0,0.0
518,37905,48.51,50.90162286836452,0.5657856580143761,0,15,6,50,50.6,50.66,45.13,49.49,52.0,43.2,0.0,0.0
519,35084,55.15,52.25348483288915,0.6277352554358693,0,22,6,50,61.82,53.6,57.84,51.26,52.59,53.8,0.0,0.0
520,35487,56.58,51.244529319282805,0.6235846691333253,0,21,6,50,52.73,67.09,55.44,56.88,53.19,54.13,0.0,0.0
521,36293,49.0,49.98560570872851,0.6159220971908542,0,19,6,50,46.44,55.32,49.99,41.82,45.32,55.09,0.0,0.0
522,39114,52.66,51.41096615818003,0.5508221699889666,0,12,6,50,55.0,60.67,47.01,56.21,50.49,46.61,0.0,0.0
523,37099,45.38,51.39544980867796,0.6681115728858658,0,17,6,50,39.39,55.17,44.95,43.62,46.63,42.52,0.0,0.0
524,38308,68.15,50.81868360511989,0.5489057820532244,0,14,6,50,71.16,59.54,63.57,63.98,74.78,75.87,0.0,0.0
525,37905,49.51,49.61027565539015,0.4524308482932242,0,15,6,50,56.33,49.19,45.67,46.18,47.76,51.95,0.0,0.0
526,36293,66.38,50.16210818513458,0.539188403106384,0,19,6,50,57.62,63.74,72.33,62.62,69.4,72.58,0.0,0.0
527,37099,60.56,49.478046612096335,0.545791808659841,0,17,6,50,60.45,69.51,56.24,57.49,60.15,59.5,0.0,0.0
528,39114,45.61,50.85372824370916,0.5804200449337086,0,12,6,50,46.88,43.32,39.24,42.4,47.75,54.08,0.0,0.0
529,37502,48.03,52.235251319317626,0.5809609597065061,0,16,6,50,53.08,46.09,45.27,45.13,43.03,55.57,0.0,0.0
530,37502,58.83,48.9323638420972,0.5162035526805957,0,16,6,50,65.88,59.73,49.6,63.07,59.8,54.9,0.0,0.0
531,37099,56.5,50.93005277543692,0.5642853823430852,0,17,6,50,65.47,50.71,59.33,57.97,54.12,51.39,0.0,0.0
532,35487,51.15,49.91178852530127,0.5586334497635808,0,21,6,50,45.56,56.7,57.18,54.13,51.31,42.04,0.0,0.0
533,39517,54.89,50.45903749682055,0.572255918253812,0,11,6,50,55.29,57.91,54.52,52.34,59.85,49.42,0.0,0.0
534,36696,43.38,50.53777850197539,0.5217682617980132,0,18,6,50,47.0,42.3,39.81,46.1,44.63,40.47,0.0,0.0
535,35487,55.64,50.720250223170765,0.5441068581881701,0,21,6,50,63.14,56.71,56.64,50.21,57.9,49.23,0.0,0.0
536,37099,54.34,51.38894923602528,0.5733761865354445,0,17,6,50,50.23,61.79,48.92,58.14,48.65,58.34,0.0,0.0
537,36293,60.03,50.756296303393405,0.5702882361532269,0,19,6,50,54.04,54.18,66.48,62.59,61.47,61.41,0.0,0.0
538,36293,51.72,51.31037156994128,0.5580612287897645,0,19,6,50,56.77,49.27,47.34,47.11,52.03,57.82,0.0,0.0
539,36696,56.45,51.56791872346035,0.5912762886818921,0,18,6,50,58.21,55.02,58.5,56.03,48.85,62.11,0.0,0.0
540,38308,51.3,50.48753671084616,0.540139557049591,0,14,6,50,53.11,48.99,56.1,53.28,49.22,47.13,0.0,0.0
541,37905,47.75,52.08569525806517,0.5399697789214946,0,15,6,50,40.44,51.28,48.85,50.26,52.95,42.71,0.0,0.0
542,36696,49.09,50.55182134888065,0.5252773309651428,0,18,6,50,48.64,44.98,52.05,42.05,49.97,56.86,0.0,0.0
543,36293,67.45,50.36390361976564,0.5880553495856989,0,19,6,50,75.17,66.93,60.25,60.48,74.03,67.82,0.0,0.0
544,38711,57.91,51.05149811617383,0.578823659142571,0,13,6,50,54.11,60.63,64.94,54.16,56.06,57.55,0.0,0.0
545,36293,56.84,52.033739292248,0.5384065746258775,0,19,6,50,59.49,52.82,61.0,54.55,58.37,54.83,0.0,0.0
546,36696,52.26,52.38073952466864,0.5862496420570541,0,18,6,50,53.02,45.82,57.86,54.14,52.26,50.49,0.0,0.0
547,38308,41.79,51.26705785333468,0.5451697307979301,0,14,6,50,43.7,41.8,48.87,36.33,35.78,44.26,0.0,0.0
548,36696,51.48,50.523262429106765,0.6107877377190465,0,18,6,50,56.51,44.65,50.22,48.19,57.37,51.91,0.0,0.0
549,39114,49.91,50.679584027919255,0.6059394919686331,0,12,6,50,51.3,50.3,48.62,48.78,51.19,49.26,0.0,0.0
550,39517,56.49,52.61511327450037,0.6025730221191558,0,11,6,50,59.72,60.12,46.26,56.7,60.06,56.09,0.0,0.0
551,36293,52.37,50.24572584107372,0.5061536980719459,0,19,6,50,45.34,52.69,43.69,63.83,57.35,51.31,0.0,0.0
552,34681,55.32,51.49344920550323,0.5185768559003805,0,23,6,50,58.14,56.97,48.99,60.59,59.64,47.6,0.0,0.0
553,37502,46.81,52.29606342286385,0.5766612982006702,0,16,6,50,43.53,45.85,42.08,41.6,55.73,52.08,0.0,0.0
554,36696,35.97,50.26909190836311,0.5539310451667672,0,18,6,50,42.84,30.46,34.68,36.72,31.7,39.4,0.0,0.0
555,34681,57.66,51.86728821179998,0.6218572327221961,0,23,6,50,53.15,55.16,61.95,52.32,66.85,56.54,0.0,0.0
556,37502,44.51,51.7013115858992,0.5349939301472948,0,16,6,50,42.92,43.94,49.34,37.68,44.54,48.62,0.0,0.0
557,37099,59.72,51.91590832596198,0.474063099902575,0,17,6,50,61.32,62.97,49.47,59.07,62.55,62.96,0.0,0.0
558,42778,49.94,49.13998953029183,0.647603920905547,1,9,6,50,57.8,52.82,54.17,44.11,45.15,45.58,0.0,0.0
559,37502,57.73,50.81858850029016,0.6108969599739147,0,16,6,50,60.78,53.59,55.45,59.25,53.3,63.99,0.0,0.0
560,38711,39.21,50.17128238221632,0.5565923161738862,0,13,6,50,39.07,44.12,38.62,43.24,39.75,30.44,0.0,0.0
561,35487,66.34,50.93011621654072,0.5576755723835172,0,21,6,50,65.17,64.6,65.65,67.03,77.34,58.28,0.0,0.0
562,40323,56.76,51.754709100508535,0.5135638140069932,0,9,6,50,56.83,57.58,52.19,57.65,57.08,59.2,0.0,0.0
563,35084,55.47,50.77846416752296,0.5713067465685544,0,22,6,50,61.73,58.37,50.05,53.02,51.36,58.27,0.0,0.0
564,36696,60.19,52.56989071975699,0.5814313752750097,0,18,6,50,62.04,67.3,66.15,55.68,51.89,58.07,0.0,0.0
565,34681,50.36,48.64917314110435,0.534064327698138,0,23,6,50,52.52,54.7,46.87,47.43,42.16,58.48,0.0,0.0
566,38711,56.35,50.68910400328286,0.5693156281564652,0,13,6,50,57.75,54.55,59.73,52.56,52.84,60.67,0.0,0.0
567,38308,59.67,50.19030030252583,0.5879836843717604,0,14,6,50,53.33,63.25,54.29,63.98,71.13,52.06,0.0,0.0
568,37905,42.55,50.45769382031797,0.5903223754469705,0,15,6,50,44.51,43.94,42.06,44.15,40.13,40.49,0.0,0.0
569,36696,55.03,52.86768637962314,0.4533056192782833,0,18,6,50,62.39,55.14,52.04,53.34,57.76,49.52,0.0,0.0
570,38711,57.18,50.56036524452941,0.5393345758964206,0,13,6,50,53.37,50.15,51.78,60.3,64.28,63.17,0.0,0.0
571,38711,58.16,50.44998293328445,0.4848079338813934,0,13,6,50,59.86,57.4,57.95,51.51,54.81,67.46,0.0,0.0
572,40323,53.66,51.49078026994487,0.4965647855516146,0,9,6,50,54.88,61.69,46.89,56.36,49.02,53.14,0.0,0.0
573,37099,52.61,51.1435895162363,0.549443377056772,0,17,6,50,53.0,57.23,53.33,52.19,50.23,49.69,0.0,0.0
574,38308,56.29,49.979804615597146,0.6261744332529471,0,14,6,50,60.64,53.36,49.46,62.25,51.41,60.61,0.0,0.0
575,35890,51.27,50.26266142211809,0.5355652870448239,0,20,6,50,53.73,55.42,52.66,46.99,48.66,50.17,0.0,0.0
576,35890,49.64,51.434709117660695,0.5481003541167085,0,20,6,50,40.25,44.66,52.42,46.33,56.84,57.34,0.0,0.0
577,35487,49.43,49.78327655825055,0.5636666580733376,0,21,6,50,47.21,57.59,44.59,44.13,51.03,52.01,0.0,0.0
578,36293,59.19,51.73505983750106,0.4822395784300746,0,19,6,50,54.09,56.94,65.19,58.99,59.07,60.85,0.0,0.0
579,35487,47.28,50.55005570926603,0.5773785430683559,0,21,6,50,46.91,44.83,52.45,52.01,42.95,44.5,0.0,0.0
580,35084,59.22,50.352755311486455,0.4832212057011252,0,22,6,50,57.84,51.6,63.03,64.21,59.43,59.22,0.0,0.0
581,35890,63.46,49.68886424029952,0.5310255850876247,0,20,6,50,57.93,67.15,59.89,56.72,71.09,67.98,0.0,0.0
582,41532,56.04,49.98828702738685,0.6441455430352836,0,6,6,50,59.85,59.09,55.84,59.48,47.06,54.93,0.0,0.0
583,36293,60.1,49.95732630763719,0.5156130193406969,0,19,6,50,64.35,53.29,64.75,49.44,57.96,70.8,0.0,0.0
584,36293,45.18,51.441169301715405,0.5603440917965695,0,19,6,50,49.43,40.16,44.87,40.9,43.69,52.06,0.0,0.0
585,40323,57.56,49.96740830403775,0.5201681334773169,0,9,6,50,53.71,50.02,64.51,59.63,61.74,55.74,0.0,0.0
586,36696,69.7,52.12288087121973,0.5454326088279936,0,18,6,50,64.26,65.7,74.16,76.03,61.11,76.96,0.0,0.0
587,36696,52.0,50.57996438807584,0.6404320522168615,0,18,6,50,49.48,51.17,58.86,48.26,54.5,49.74,0.0,0.0
588,38711,52.52,50.36335057834152,0.4904486202699255,0,13,6,50,47.82,52.37,57.31,54.76,48.36,54.47,0.0,0.0
589,36696,56.25,50.5201490455151,0.5942610313517601,0,18,6,50,60.85,53.55,62.68,49.26,59.24,51.91,0.0,0.0
590,37905,58.64,50.047968120330594,0.5715455910378172,0,15,6,50,51.05,56.55,63.05,59.34,64.78,57.09,0.0,0.0
591,35084,60.93,52.222058605005145,0.5935011952770243,0,22,6,50,59.28,67.4,51.46,64.26,55.06,68.1,0.0,0.0
592,38308,52.27,51.717000854049104,0.5750407295095613,0,14,6,50,54.02,42.62,53.67,53.93,53.85,55.54,0.0,0.0
593,38308,54.42,51.58631205186157,0.5899360160977207,0,14,6,50,56.27,60.93,53.48,55.39,51.25,49.19,0.0,0.0
594,39114,64.78,49.626745190181154,0.6276028889339221,0,12,6,50,65.16,62.68,66.33,66.09,61.31,67.14,0.0,0.0
595,37905,57.16,49.90390049440404,0.5729547696881676,0,15,6,50,52.37,47.77,60.57,58.64,56.7,66.94,0.0,0.0
596,35487,52.17,50.63913068756011,0.5205405341349649,0,21,6,50,50.83,47.14,53.67,46.4,60.16,54.8,0.0,0.0
597,37502,55.32,50.41127701546074,0.6358424490889353,0,16,6,50,49.34,57.06,57.89,57.74,49.93,59.96,0.0,0.0
598,36696,53.45,51.187980974298895,0.6071655696912719,0,18,6,50,54.62,60.01,50.66,48.02,51.17,56.2,0.0,0.0
599,35487,56.52,49.63211689609401,0.4598974114392716,0,21,6,50,55.44,52.24,61.44,48.58,63.18,58.25,0.0,0.0
600,37905,48.82,49.53530748629092,0.5096715072714865,0,15,6,50,45.87,44.61,49.29,52.05,53.84,47.27,0.0,0.0
601,39920,48.61,51.05872266402342,0.5021222931838383,0,10,6,50,46.67,46.0,57.05,49.51,43.03,49.42,0.0,0.0
602,38711,64.79,51.33906584230543,0.6008745365329033,0,13,6,50,69.24,68.14,59.17,56.28,58.26,77.63,0.0,0.0
603,36696,58.24,51.52400488987128,0.4569770470805542,0,18,6,50,54.77,63.68,54.0,67.71,53.82,55.48,0.0,0.0
604,38711,61.28,51.25355417404624,0.6284425470251018,0,13,6,50,63.15,61.0,63.53,58.16,65.72,56.12,0.0,0.0
605,39114,54.39,50.07573168459136,0.6042871630260486,0,12,6,50,59.43,49.24,57.65,48.32,59.16,52.52,0.0,0.0
606,36696,50.78,50.241218194860615,0.5128231813381907,0,18,6,50,51.33,53.17,48.05,52.53,52.58,47.01,0.0,0.0
607,40726,48.91,49.51751528859728,0.5850888765523492,0,8,6,50,44.91,53.45,53.97,39.93,54.85,46.37,0.0,0.0
608,37099,46.99,50.57144869645617,0.6263180238398436,0,17,6,50,44.13,47.18,49.42,49.02,43.15,49.05,0.0,0.0
609,38308,52.0,50.969262091455136,0.5346612308757686,0,14,6,50,51.53,49.66,49.29,63.92,45.29,52.29,0.0,0.0
610,37905,56.45,51.48109235245005,0.6360397175699926,0,15,6,50,52.46,59.28,57.31,52.74,50.75,66.15,0.0,0.0
611,38308,59.36,52.55350670635585,0.5411349395164681,0,14,6,50,59.0,62.51,51.33,62.11,61.83,59.39,0.0,0.0
612,35890,47.6,50.90576571350414,0.5564585170434135,0,20,6,50,41.95,55.25,51.36,46.46,46.08,44.52,0.0,0.0
613,37502,52.91,51.20294370709694,0.5761197973475443,0,16,6,50,48.44,55.64,50.55,59.77,45.46,57.6,0.0,0.0
614,49515,40.59,50.21380449594169,0.6605817504893003,6,5,6,50,42.08,42.2,39.88,35.78,41.35,42.23,0.0,0.0
615,37502,47.57,50.30781200009239,0.529038826571573,0,16,6,50,42.19,48.67,44.64,58.6,46.17,45.16,0.0,0.0
616,35487,52.36,50.81917607428548,0.588636936674581,0,21,6,50,51.39,51.75,51.82,52.55,52.63,54.05,0.0,0.0
617,37099,62.22,50.37859418690782,0.5651805558519392,0,17,6,50,59.23,68.12,68.38,58.51,62.9,56.2,0.0,0.0
618,37502,51.86,51.36785107826178,0.5069211755236895,0,16,6,50,50.96,50.8,50.59,52.8,59.07,46.93,0.0,0.0
619,37905,52.83,51.13551298086134,0.5466579803999699,0,15,6,50,47.4,58.82,45.29,55.97,58.15,51.35,0.0,0.0
620,36293,41.73,49.80509302512229,0.5251599769316282,0,19,6,50,42.13,40.67,46.04,45.38,35.61,40.53,0.0,0.0
621,39114,58.15,52.73854045612877,0.5815129770587034,0,12,6,50,60.83,60.1,55.87,57.34,57.62,57.14,0.0,0.0
622,39920,42.16,49.96037711475099,0.6186637663944232,0,10,6,50,45.41,39.62,49.01,37.22,37.74,43.99,0.0,0.0
623,39114,66.11,53.504274580812336,0.4978479308072792,0,12,6,50,74.5,69.79,61.27,65.33,65.5,60.26,0.0,0.0
624,35084,59.3,49.87697856018994,0.4592663673596257,0,22,6,50,59.55,61.27,59.77,63.47,50.76,61.01,0.0,0.0
625,37905,53.84,50.94801171751905,0.5904610447218245,0,15,6,50,58.49,55.66,53.39,48.96,52.62,53.89,0.0,0.0
626,35890,47.37,50.51687132223941,0.5690624223876924,0,20,6,50,41.09,51.8,50.55,46.09,47.96,46.75,0.0,0.0
627,41129,38.66,50.4198878356518,0.611927674873453,0,7,6,50,45.27,39.45,39.57,37.29,33.4,36.99,0.0,0.0
628,37905,49.56,52.04661352972732,0.5946655801854829,0,15,6,50,48.38,48.47,45.22,53.3,53.09,48.87,0.0,0.0
629,41532,40.4,51.69510284866018,0.5710668660814416,0,6,6,50,46.7,39.49,36.62,38.03,45.05,36.54,0.0,0.0
630,37905,50.51,52.46158981800609,0.5806588289429319,0,15,6,50,48.4,55.36,44.39,50.41,54.34,50.15,0.0,0.0
631,36293,42.88,51.25252944501389,0.4930227509250281,0,19,6,50,45.66,39.97,47.88,44.23,40.03,39.52,0.0,0.0
632,41129,69.37,49.682167896479136,0.59144667810956,0,7,6,50,62.19,70.29,75.5,70.53,70.92,66.8,0.0,0.0
633,40323,55.21,51.298230893750855,0.5734305623929998,0,9,6,50,60.51,59.06,56.24,50.07,48.66,56.7,0.0,0.0
634,37502,50.11,51.06463517994141,0.535509355881065,0,16,6,50,46.17,54.36,53.86,52.7,47.89,45.7,0.0,0.0
635,38308,56.94,51.0243468318549,0.5818947065648521,0,14,6,50,52.56,60.01,59.11,49.34,57.51,63.09,0.0,0.0
636,38308,62.53,50.68131620742244,0.5286950005073187,0,14,6,50,67.16,55.56,53.14,69.65,62.33,67.35,0.0,0.0
637,36293,52.25,49.20901514917812,0.6527751421479128,0,19,6,50,53.34,55.59,57.22,45.9,40.33,61.11,0.0,0.0
638,37099,63.46,50.729130394724834,0.5847597192994052,0,17,6,50,64.32,65.36,66.8,62.43,67.74,54.08,0.0,0.0
639,37099,51.29,49.72029231747467,0.5576502168359431,0,17,6,50,50.09,48.6,51.92,56.26,55.43,45.45,0.0,0.0
640,34278,42.15,50.3636416046046,0.5639585558279783,0,24,6,50,39.96,36.33,40.88,40.48,49.14,46.09,0.0,0.0
641,35890,52.36,49.71657283136935,0.4853497445100975,0,20,6,50,55.38,48.45,51.89,57.21,46.77,54.48,0.0,0.0
642,36293,62.21,52.50790241779417,0.5829189865349969,0,19,6,50,56.22,69.9,57.88,65.13,66.85,57.27,0.0,0.0
643,38711,47.77,51.5804711701261,0.5535116000754506,0,13,6,50,43.27,50.79,50.79,48.27,51.17,42.3,0.0,0.0
644,39114,53.2,51.44370132351068,0.6087692046346541,0,12,6,50,44.93,58.26,49.57,50.24,57.35,58.84,0.0,0.0
645,37502,45.6,49.4798050259226,0.5040244955264972,0,16,6,50,48.95,48.69,46.52,45.9,42.98,40.55,0.0,0.0
646,38308,44.7,52.07954286594171,0.5110265792237879,0,14,6,50,43.11,43.17,48.67,48.68,43.39,41.16,0.0,0.0
647,39517,56.5,50.90102239623639,0.4967275677948358,0,11,6,50,59.0,51.56,59.94,49.2,61.31,58.02,0.0,0.0
648,38308,51.97,51.28323924437306,0.5520927595179163,0,14,6,50,50.98,49.53,53.63,47.9,58.1,51.71,0.0,0.0
649,35487,57.2,51.25945210974743,0.5718739942891132,0,21,6,50,49.51,62.49,66.28,58.67,48.38,57.87,0.0,0.0
650,39114,37.93,50.7444697227937,0.5280296339704559,0,12,6,50,36.15,39.72,38.86,33.64,43.38,35.84,0.0,0.0
651,38308,49.95,51.650707806671086,0.5172833259433045,0,14,6,50,45.41,53.71,48.53,57.79,44.95,49.3,0.0,0.0
652,37502,57.8,51.45838450336099,0.632629661084249,0,16,6,50,61.89,46.6,59.85,60.76,63.61,54.12,0.0,0.0
653,38308,35.67,51.892719252797455,0.6098720329330941,0,14,6,50,40.72,41.77,31.6,33.3,28.43,38.22,0.0,0.0
654,40323,54.62,51.69248713273055,0.5077006166073452,0,9,6,50,60.79,48.09,56.38,59.86,49.74,52.89,0.0,0.0
655,34681,57.75,51.88053318228683,0.5614408638816403,0,23,6,50,64.04,47.75,48.93,63.43,68.01,54.36,0.0,0.0
656,35890,41.71,50.91410268543306,0.5394981287991898,0,20,6,50,41.09,40.29,36.36,44.88,51.37,36.25,0.0,0.0
657,37905,48.94,52.21268051532738,0.5021047941119873,0,15,6,50,52.15,44.54,50.12,55.72,43.07,48.05,0.0,0.0
658,38711,67.01,50.1547229626745,0.5418957884224914,0,13,6,50,74.24,61.03,64.53,66.6,67.62,68.02,0.0,0.0
659,39517,57.97,52.22976251496778,0.4956397090038827,0,11,6,50,60.77,54.6,56.84,64.46,51.98,59.16,0.0,0.0
660,39114,55.27,50.92211529926792,0.6477489298643517,0,12,6,50,56.11,57.43,57.45,52.86,60.99,46.8,0.0,0.0
661,40323,57.89,51.82825478878416,0.5866357792924867,0,9,6,50,59.43,60.57,64.03,52.73,47.99,62.58,0.0,0.0
662,35487,58.48,50.66943279223054,0.5671109972495897,0,21,6,50,61.46,71.9,51.8,50.38,52.24,63.11,0.0,0.0
663,39920,46.12,51.123451073573406,0.5234462442719725,0,10,6,50,47.09,48.29,41.51,41.54,53.63,44.66,0.0,0.0
664,41532,50.87,51.93301657091902,0.5209528145626512,0,6,6,50,51.3,52.07,50.98,52.73,48.64,49.49,0.0,0.0
665,41129,44.72,51.20690368799853,0.5566866642251331,0,7,6,50,42.52,40.15,50.99,43.52,50.63,40.53,0.0,0.0
666,35487,47.62,53.18951326357087,0.5696156150341686,0,21,6,50,41.21,46.67,55.79,55.58,42.98,43.52,0.0,0.0
667,39920,54.72,50.3526975153282,0.5658253930900523,0,10,6,50,58.18,59.52,50.04,49.27,56.19,55.11,0.0,0.0
668,41569,66.29,50.41531506240085,0.5452370673845343,1,12,6,50,68.87,62.91,63.31,56.26,66.57,79.82,0.0,0.0
669,37905,66.27,51.2742802133734,0.5633933804262403,0,15,6,50,62.9,62.24,66.66,77.89,63.71,64.22,0.0,0.0
670,38711,40.67,51.45983340979189,0.6050939758100091,0,13,6,50,48.46,41.4,39.01,36.55,43.95,34.64,0.0,0.0
671,39114,56.16,51.04200368396523,0.4967889074949254,0,12,6,50,48.26,65.12,62.8,50.58,58.73,51.5,0.0,0.0
672,39517,53.12,50.59370084207366,0.5604398516665878,0,11,6,50,53.97,53.36,58.1,56.95,48.88,47.48,0.0,0.0
673,42435,57.35,51.663595205606775,0.4661051023077642,0,5,6,50,56.4,59.03,49.44,65.96,57.43,55.82,0.0,0.0
674,39920,46.78,51.45789070315172,0.5822571570334185,0,10,6,50,38.63,52.57,49.53,46.52,42.29,51.13,0.0,0.0
675,37905,49.76,49.86330504103119,0.5404381243410428,0,15,6,50,51.11,55.53,52.76,43.8,49.28,46.06,0.0,0.0
676,35487,56.69,49.45626623066408,0.5955125382107612,0,21,6,50,57.31,60.59,60.11,50.5,62.28,49.35,0.0,0.0
677,36293,64.09,50.54629239174047,0.5487543030338714,0,19,6,50,68.92,55.98,63.48,65.61,64.61,65.92,0.0,0.0
678,39114,53.88,51.8258329540539,0.5575167828578936,0,12,6,50,45.64,54.24,59.83,54.08,56.12,53.39,0.0,0.0
679,43584,35.01,50.35941918624168,0.5831485814252423,1,7,6,50,28.0,30.96,38.3,38.72,40.42,33.69,0.0,0.0
680,36696,52.31,49.46759373289715,0.5095251664405817,0,18,6,50,49.23,53.56,54.95,50.46,53.73,51.94,0.0,0.0
681,37099,48.15,50.77896339809366,0.5474202640081062,0,17,6,50,45.29,57.83,47.48,46.33,49.0,42.97,0.0,0.0
682,36293,55.65,51.1528174097951,0.5922717791987105,0,19,6,50,47.4,60.8,60.07,48.31,55.96,61.39,0.0,0.0
683,35890,61.84,51.38414920243537,0.4441355295091043,0,20,6,50,58.98,63.76,59.0,65.98,62.37,60.96,0.0,0.0
684,37905,47.28,49.431648170694736,0.6046392962842021,0,15,6,50,49.21,40.45,45.24,42.86,50.01,55.93,0.0,0.0
685,33875,61.3,50.94306217594377,0.5431746128511046,0,25,6,50,57.62,56.08,56.68,58.62,70.41,68.42,0.0,0.0
686,40323,63.73,50.84280725889849,0.5883564276973402,0,9,6,50,67.56,55.53,65.29,62.34,65.58,66.07,0.0,0.0
687,37905,69.79,50.545625333216464,0.4801856513643899,0,15,6,50,74.83,74.82,77.25,66.24,57.15,68.47,0.0,0.0
688,37905,52.39,50.586580966430006,0.5375228692349272,0,15,6,50,54.44,62.15,47.86,55.21,48.08,46.58,0.0,0.0
689,35890,47.63,52.23298034499379,0.550561638026013,0,20,6,50,45.47,44.53,55.75,46.06,46.88,47.09,0.0,0.0
690,39517,50.01,51.57452197695009,0.5357999744463101,0,11,6,50,56.38,44.04,50.29,51.04,45.64,52.65,0.0,0.0
691,42435,49.03,50.971345927588665,0.5625143724930005,0,5,6,50,52.73,42.83,45.62,48.37,57.81,46.81,0.0,0.0
692,39114,45.61,50.11909383127184,0.5371106724369069,0,12,6,50,45.7,51.78,43.36,47.2,44.03,41.59,0.0,0.0
693,37905,59.16,50.53099024422672,0.5446943604805745,0,15,6,50,55.49,49.5,56.28,68.38,66.03,59.25,0.0,0.0
694,37502,41.25,50.754511114930914,0.5145577163572195,0,16,6,50,39.17,41.93,44.27,40.98,40.29,40.88,0.0,0.0
695,37502,54.75,50.86893208703485,0.5827717605892119,0,16,6,50,53.52,59.04,57.55,52.28,60.71,45.42,0.0,0.0
696,38711,57.24,50.4960283908059,0.4837817502794254,0,13,6,50,49.15,57.04,53.06,62.49,62.97,58.7,0.0,0.0
697,37905,48.19,52.08148230687641,0.6133899775304701,0,15,6,50,52.62,42.88,51.46,46.19,48.1,47.87,0.0,0.0
698,37099,59.88,51.48656828294501,0.5354052621413343,0,17,6,50,61.7,54.7,56.87,59.59,61.32,65.13,0.0,0.0
699,39920,56.44,50.34440273047807,0.5274167134971242,0,10,6,50,62.81,60.61,48.7,60.7,49.7,56.1,0.0,0.0
700,37905,53.45,51.38350586331335,0.5347220753699858,0,15,6,50,47.03,59.54,57.21,53.37,52.84,50.73,0.0,0.0
701,33875,51.18,51.34995396022921,0.544730305322463,0,25,6,50,47.82,45.98,54.19,60.03,52.66,46.37,0.0,0.0
702,37502,56.23,50.42832595354383,0.6028738895878841,0,16,6,50,50.87,53.31,61.74,53.89,66.05,51.51,0.0,0.0
703,39517,53.21,51.71998760334572,0.5660494847109205,0,11,6,50,49.09,53.93,56.95,46.57,56.89,55.82,0.0,0.0
704,37905,46.44,49.75883599127268,0.4991807735681395,0,15,6,50,51.76,48.1,43.35,41.56,48.73,45.11,0.0,0.0
705,37905,52.67,52.39159313457226,0.5061087490894242,0,15,6,50,55.14,49.52,56.88,44.91,50.81,58.74,0.0,0.0
706,35890,43.18,50.78937456664928,0.5263679142875289,0,20,6,50,38.39,46.5,39.85,44.8,42.14,47.4,0.0,0.0
707,39517,62.23,50.80816525616584,0.5143252169075757,0,11,6,50,54.96,68.31,66.57,58.03,59.83,65.68,0.0,0.0
708,37905,41.7,50.48357105639147,0.5862285823909522,0,15,6,50,43.22,40.01,36.95,46.87,41.02,42.14,0.0,0.0
709,38308,64.01,53.55658040513024,0.4785303839287298,0,14,6,50,70.3,69.25,62.33,58.62,69.58,53.98,0.0,0.0
710,40323,59.66,51.34619755600706,0.5571713619535492,0,9,6,50,63.97,62.88,57.6,48.83,58.4,66.3,0.0,0.0
711,35890,42.17,51.565892974753886,0.5974040183704583,0,20,6,50,46.19,43.97,40.75,41.96,43.92,36.25,0.0,0.0
712,38711,55.96,51.37394396283909,0.5442318764138557,0,13,6,50,61.38,51.61,48.81,57.15,55.53,61.31,0.0,0.0
713,38711,51.11,52.20869951128759,0.4767065078728859,0,13,6,50,44.0,53.39,52.38,51.54,53.96,51.4,0.0,0.0
714,37905,62.62,52.61225382164272,0.5596071556124168,0,15,6,50,58.18,67.07,65.7,62.32,68.26,54.17,0.0,0.0
715,35084,52.18,49.51559432173471,0.6400893434139473,0,22,6,50,53.89,55.53,54.29,46.4,46.96,55.99,0.0,0.0
716,38308,51.24,51.58451776506914,0.5310893116535992,0,14,6,50,48.34,44.9,51.43,54.11,53.96,54.72,0.0,0.0
717,36293,61.54,50.20545378627848,0.5918070205849842,0,19,6,50,57.27,58.84,59.89,63.42,67.83,61.96,0.0,0.0
718,35487,59.4,51.22680251113098,0.4844188593125521,0,21,6,50,66.69,54.23,50.63,61.72,66.47,56.68,0.0,0.0
719,36293,43.09,50.596145950600885,0.5532036717343743,0,19,6,50,39.77,47.11,35.25,46.82,45.05,44.54,0.0,0.0
720,37099,51.14,50.66646775375896,0.5027983618787886,0,17,6,50,44.45,50.37,54.46,50.1,58.55,48.92,0.0,0.0
721,38711,49.98,51.01211893429739,0.5592770347820927,0,13,6,50,45.09,53.63,47.95,47.63,55.38,50.17,0.0,0.0
722,37099,48.9,50.3077118000718,0.540519585413431,0,17,6,50,51.07,49.28,41.32,47.7,50.94,53.06,0.0,0.0
723,39517,46.04,51.07073881990482,0.5822120134922943,0,11,6,50,45.36,44.5,47.0,48.08,49.94,41.36,0.0,0.0
724,39114,55.55,50.47521207616449,0.55515607068671,0,12,6,50,51.76,53.83,52.01,56.23,60.26,59.23,0.0,0.0
725,40726,54.38,52.2612646088785,0.5349626428506571,0,8,6,50,55.26,49.75,51.33,56.27,58.0,55.68,0.0,0.0
726,37099,51.71,49.7390922779978,0.4815776084813405,0,17,6,50,47.6,54.39,50.76,57.61,52.5,47.4,0.0,0.0
727,37905,57.78,50.37982939997571,0.64121353489646,0,15,6,50,64.85,51.28,63.94,46.3,69.75,50.55,0.0,0.0
728,39517,58.2,50.97524093331853,0.5609098985692083,0,11,6,50,59.84,53.31,60.18,59.07,58.81,57.99,0.0,0.0
729,35890,50.36,51.72700448458031,0.4957326534832246,0,20,6,50,54.1,49.88,50.08,46.16,52.2,49.75,0.0,0.0
730,36696,58.84,51.0909403599388,0.5870049573242256,0,18,6,50,56.9,69.14,65.23,52.34,55.46,53.98,0.0,0.0
731,36696,44.64,47.79584259254844,0.514606686513235,0,18,6,50,42.56,46.35,44.84,41.19,44.12,48.78,0.0,0.0
732,37905,54.42,49.48330827860338,0.5345183280632382,0,15,6,50,60.29,48.94,55.81,44.65,55.04,61.79,0.0,0.0
733,39517,47.74,49.16149377445389,0.5680903023590248,0,11,6,50,44.53,54.69,44.81,46.45,43.85,52.14,0.0,0.0
734,38711,52.54,50.88835953262528,0.6123675339217834,0,13,6,50,55.01,52.5,55.81,43.86,54.49,53.56,0.0,0.0
735,40726,48.63,52.9637917176542,0.4773579298671381,0,8,6,50,52.94,44.53,47.23,44.08,52.77,50.21,0.0,0.0
736,35487,48.56,50.60082274797939,0.5967235030161234,0,21,6,50,55.5,43.25,48.02,43.99,52.19,48.39,0.0,0.0
737,37099,55.61,50.78514722593411,0.5720028233477823,0,17,6,50,60.79,62.53,53.56,53.55,52.07,51.17,0.0,0.0
738,38308,63.03,51.58647433170354,0.560880472226172,0,14,6,50,67.03,64.08,63.47,56.67,65.07,61.88,0.0,0.0
739,39920,55.9,52.95299586177372,0.4853839475090814,0,10,6,50,51.78,57.9,51.22,60.01,52.4,62.08,0.0,0.0
740,40323,44.05,51.41017288257432,0.6173517745010099,0,9,6,50,53.15,41.26,41.85,48.48,40.88,38.7,0.0,0.0
741,37502,49.42,51.69952291498495,0.5262670678714624,0,16,6,50,55.37,49.0,43.74,45.78,48.26,54.35,0.0,0.0
742,39114,51.61,51.5756292543042,0.5355527837791239,0,12,6,50,46.54,53.86,52.29,50.54,54.96,51.49,0.0,0.0
743,37099,45.29,51.17214944856512,0.5662353797710751,0,17,6,50,45.6,42.16,46.56,46.59,44.23,46.62,0.0,0.0
744,37099,57.48,51.70515508940792,0.527800761354382,0,17,6,50,61.26,62.39,49.57,49.9,61.47,60.3,0.0,0.0
745,40323,62.21,50.80451530411995,0.5151730759358905,0,9,6,50,70.56,63.08,62.5,65.45,55.46,56.19,0.0,0.0
746,37905,58.27,52.28182346809467,0.5415488991687237,0,15,6,50,66.11,55.31,67.45,53.51,53.9,53.34,0.0,0.0
747,35890,45.96,50.970939126659154,0.58829781944017,0,20,6,50,42.66,49.69,49.64,44.61,45.32,43.87,0.0,0.0
748,39114,57.44,51.96891838439446,0.5519020139436677,0,12,6,50,61.71,60.82,56.27,61.26,50.02,54.54,0.0,0.0
749,35487,43.74,51.13226089971528,0.5245900708106084,0,21,6,50,50.21,42.27,42.74,43.04,42.51,41.67,0.0,0.0
750,39517,51.08,51.290304344442255,0.5034763372823221,0,11,6,50,57.34,46.35,57.85,46.97,53.42,44.58,0.0,0.0
751,38711,50.7,51.58747960799992,0.5432497455625083,0,13,6,50,58.77,57.08,53.68,46.59,42.61,45.48,0.0,0.0
752,37099,52.18,49.81860784710776,0.4959024271801503,0,17,6,50,59.22,47.96,56.39,47.07,54.16,48.26,0.0,0.0
753,37905,53.24,52.3074160531698,0.5567561827072327,0,15,6,50,54.76,51.85,54.4,58.08,53.23,47.11,0.0,0.0
754,38308,45.38,51.36113604004261,0.5476316764539811,0,14,6,50,47.14,41.99,47.9,40.04,48.64,46.54,0.0,0.0
755,36696,49.51,50.11512257889002,0.5292999534760783,0,18,6,50,45.23,55.49,44.93,58.8,46.69,45.92,0.0,0.0
756,37905,51.33,51.235317942443146,0.5434881545430406,0,15,6,50,53.63,52.05,46.5,45.93,54.17,55.7,0.0,0.0
757,36696,56.64,51.48848250669678,0.535760704132872,0,18,6,50,56.11,61.57,57.15,59.47,50.05,55.49,0.0,0.0
758,34681,45.52,52.419133968993215,0.6119075768540996,0,23,6,50,51.59,44.0,47.4,47.14,41.36,41.62,0.0,0.0
759,41129,54.93,50.27217932805811,0.5304686454674411,0,7,6,50,55.33,52.26,58.02,63.13,50.08,50.78,0.0,0.0
760,37099,69.41,51.65752845133294,0.6053941529278323,0,17,6,50,68.7,77.29,66.98,67.22,73.07,63.22,0.0,0.0
761,37905,52.89,50.23202089697514,0.4890482970341502,0,15,6,50,49.95,45.21,56.89,45.52,61.14,58.61,0.0,0.0
762,39114,47.38,52.39454193176076,0.5475704201585718,0,12,6,50,46.37,44.58,46.49,43.8,50.63,52.4,0.0,0.0
763,38711,64.81,51.05297701106082,0.6141229681328347,0,13,6,50,56.39,73.28,57.77,68.69,67.1,65.63,0.0,0.0
764,40323,46.16,52.23407004118478,0.5424103945769814,0,9,6,50,48.25,46.53,40.32,50.66,48.15,43.07,0.0,0.0
765,36293,55.69,50.26927843017164,0.526720571482047,0,19,6,50,53.75,61.88,55.05,52.48,51.12,59.88,0.0,0.0
766,42627,65.45,49.20706144646245,0.5781889690095734,2,11,6,50,58.28,61.15,66.29,59.58,73.74,73.65,0.0,0.0
767,39517,54.08,50.49612595323666,0.4921441723076462,0,11,6,50,49.35,57.14,55.83,60.8,51.71,49.65,0.0,0.0
768,38308,55.49,51.04742590627736,0.3890304088999583,0,14,6,50,52.56,62.45,62.67,51.87,49.26,54.11,0.0,0.0
769,38711,56.17,50.46664662028332,0.5471622428084514,0,13,6,50,61.02,49.68,57.96,54.6,53.36,60.4,0.0,0.0
770,36696,43.43,51.70838006277327,0.5638412556243011,0,18,6,50,36.75,50.1,37.51,46.71,51.0,38.51,0.0,0.0
771,37905,54.5,50.9039900331253,0.5776428632393902,0,15,6,50,49.27,65.9,53.92,50.58,52.81,54.54,0.0,0.0
772,36293,64.65,51.223482696524535,0.5301321542769846,0,19,6,50,72.99,69.5,69.77,59.49,54.96,61.18,0.0,0.0
773,35890,53.88,52.50293569778964,0.5233156442375498,0,20,6,50,47.0,56.84,50.48,56.9,59.32,52.74,0.0,0.0
774,41129,61.13,50.30879737421128,0.4641071492542356,0,7,6,50,65.84,66.14,60.69,57.91,58.99,57.19,0.0,0.0
775,41129,55.09,51.3897185631705,0.5798362568647449,0,7,6,50,61.22,53.6,45.83,57.29,64.85,47.75,0.0,0.0
776,37905,26.88,51.12852198999163,0.4149099159719375,0,15,6,50,26.99,26.95,30.1,22.3,26.91,28.01,0.0,0.0
777,38711,65.01,50.49679516964342,0.5143385137302493,0,13,6,50,60.9,61.27,66.79,74.03,58.22,68.82,0.0,0.0
778,41532,58.57,51.649017175377445,0.502545979538936,0,6,6,50,61.81,58.65,59.46,56.56,63.84,51.07,0.0,0.0
779,37905,58.94,50.361161256035246,0.4571703241084194,0,15,6,50,59.99,62.4,62.84,58.23,51.16,59.05,0.0,0.0
780,38308,53.02,51.49543391004278,0.4455087360907146,0,14,6,50,52.81,53.35,43.06,58.14,55.06,55.72,0.0,0.0
781,39517,54.74,50.298095268272654,0.5187107188490303,0,11,6,50,56.11,54.66,62.38,49.55,55.78,49.97,0.0,0.0
782,40323,64.62,50.251862963331725,0.582386538899778,0,9,6,50,67.49,66.51,63.39,69.43,53.39,67.54,0.0,0.0
783,39517,54.24,52.26979021891283,0.6027932605974795,0,11,6,50,49.87,60.67,60.25,50.64,50.34,53.7,0.0,0.0
784,37905,59.54,51.22423878595479,0.6078020102398132,0,15,6,50,56.8,52.89,64.23,63.89,55.91,63.54,0.0,0.0
785,37099,56.02,50.44889107602029,0.5697571337662883,0,17,6,50,61.35,56.21,58.75,50.02,62.19,47.63,0.0,0.0
786,38711,52.61,51.117634946538764,0.5169576839404163,0,13,6,50,58.68,53.9,55.24,44.92,43.98,58.95,0.0,0.0
787,39920,64.41,50.31608960099992,0.5431255662660986,0,10,6,50,69.38,60.88,59.86,67.87,64.19,64.3,0.0,0.0
788,37905,62.17,50.72414326327996,0.443481999480019,0,15,6,50,64.88,59.76,64.97,56.27,63.22,63.92,0.0,0.0
789,40726,57.78,50.52153263711951,0.5603111764770051,0,8,6,50,52.05,62.33,58.44,59.02,52.62,62.21,0.0,0.0
790,38711,55.71,52.13065470813425,0.5747015743748037,0,13,6,50,50.27,50.24,61.67,57.61,64.73,49.73,0.0,0.0
791,36293,63.52,50.377252409785406,0.5173929967376257,0,19,6,50,63.13,69.71,69.43,54.39,63.06,61.38,0.0,0.0
792,36293,63.06,49.580038148138,0.566296797018066,0,19,6,50,53.3,66.99,61.21,68.28,66.55,62.03,0.0,0.0
793,39114,54.72,51.921847866578766,0.5292457817989895,0,12,6,50,57.9,50.28,58.49,51.31,57.02,53.29,0.0,0.0
794,40323,57.79,50.431455383866926,0.529998200739166,0,9,6,50,54.1,53.27,64.94,52.97,62.35,59.12,0.0,0.0
795,39517,52.58,51.11642075928305,0.4696125877731239,0,11,6,50,49.36,50.44,58.48,49.21,58.58,49.44,0.0,0.0
796,39920,52.15,49.83467390509489,0.5501855491545834,0,10,6,50,52.29,51.54,52.77,50.1,55.65,50.55,0.0,0.0
797,37905,67.21,52.80662362058702,0.553100476268047,0,15,6,50,63.18,63.49,71.96,56.0,75.2,73.44,0.0,0.0
798,39517,53.32,52.07757498445974,0.477862611117604,0,11,6,50,51.96,55.01,54.43,54.75,50.67,53.08,0.0,0.0
799,38308,51.88,51.23406219645367,0.571021259780148,0,14,6,50,57.0,51.94,57.99,54.11,43.75,46.49,0.0,0.0
800,43433,69.94,48.55772438581867,0.4266143186293614,2,9,6,50,65.49,67.7,70.25,70.3,76.83,69.09,0.0,0.0
801,37502,57.95,51.911310040973554,0.4091401210969128,0,16,6,50,52.04,53.63,64.66,51.51,63.32,62.52,0.0,0.0
802,40323,56.96,51.88893843417987,0.5545695760215795,0,9,6,50,58.94,58.03,52.31,62.74,54.5,55.25,0.0,0.0
803,39114,62.88,51.1228137829118,0.5475782920377272,0,12,6,50,54.01,68.45,72.87,55.81,70.3,55.84,0.0,0.0
804,38308,46.63,50.83899738128827,0.5213638517056078,0,14,6,50,44.09,49.78,45.13,49.69,47.77,43.33,0.0,0.0
805,37099,52.54,50.657239454378896,0.5079457245661294,0,17,6,50,52.66,50.43,56.08,57.03,50.21,48.85,0.0,0.0
806,37905,39.7,52.15040942177214,0.4959799903486166,0,15,6,50,39.15,39.52,39.29,43.85,43.18,33.21,0.0,0.0
807,39920,55.01,51.5491848467418,0.6649448637008588,0,10,6,50,53.28,64.72,59.98,54.32,48.82,48.92,0.0,0.0
808,37502,54.47,49.50860046160245,0.4581920121758692,0,16,6,50,54.42,62.59,49.56,60.65,48.61,51.01,0.0,0.0
809,37099,49.67,52.74208414896865,0.5315738823694738,0,17,6,50,47.28,51.75,50.0,49.03,49.06,50.92,0.0,0.0
810,37502,53.99,50.38834346777065,0.4811158839951944,0,16,6,50,54.63,49.63,49.55,57.03,56.89,56.2,0.0,0.0
811,38308,47.38,51.76737257585776,0.5099072666038155,0,14,6,50,46.29,45.54,43.83,43.73,48.1,56.81,0.0,0.0
812,35890,61.34,52.83497379441355,0.5673561326709577,0,20,6,50,65.6,57.18,55.3,68.39,61.79,59.78,0.0,0.0
813,40323,58.4,50.95791843144164,0.5797023707836418,0,9,6,50,61.66,51.66,59.3,66.71,57.28,53.82,0.0,0.0
814,37099,62.24,50.16980290029871,0.6064577053986389,0,17,6,50,68.56,62.13,59.64,55.46,62.44,65.19,0.0,0.0
815,40323,49.14,50.50956315156959,0.4734419749378327,0,9,6,50,46.78,49.58,47.29,53.67,42.38,55.13,0.0,0.0
816,40323,52.66,51.70269418763358,0.5014306384259979,0,9,6,50,58.23,49.37,49.58,54.4,43.6,60.8,0.0,0.0
817,39920,45.52,49.58914496937995,0.5282784752664661,0,10,6,50,45.05,47.62,42.2,47.72,48.43,42.08,0.0,0.0
818,37905,57.73,50.71085534121242,0.5036637402696932,0,15,6,50,52.01,60.62,55.54,61.0,64.48,52.74,0.0,0.0
819,37905,46.11,50.62868980099277,0.548961509328611,0,15,6,50,41.12,52.63,42.92,41.81,56.29,41.88,0.0,0.0
820,39517,56.28,49.661561527638526,0.5611829474858246,0,11,6,50,57.57,61.36,62.04,53.99,53.76,48.98,0.0,0.0
821,38711,60.13,49.516148198856406,0.5136101454995468,0,13,6,50,58.77,60.66,61.99,63.42,59.36,56.55,0.0,0.0
822,37502,63.11,50.74474827649974,0.5733587634459889,0,16,6,50,69.06,63.51,71.92,53.07,54.18,66.9,0.0,0.0
823,38308,52.37,48.87174146042448,0.588362286951172,0,14,6,50,58.62,53.64,54.78,49.7,53.56,43.92,0.0,0.0
824,35890,59.9,50.56509603564524,0.5548440013150348,0,20,6,50,66.59,54.1,59.38,61.02,59.13,59.17,0.0,0.0
825,38711,49.02,51.3467524493864,0.5459526855930471,0,13,6,50,46.32,48.08,53.82,57.3,40.01,48.6,0.0,0.0
826,37502,50.55,51.19873850997989,0.4259255877064534,0,16,6,50,52.32,45.22,57.15,43.72,55.29,49.6,0.0,0.0
827,38308,59.26,52.16951925857265,0.5400307784813787,0,14,6,50,53.79,60.6,62.28,54.75,63.16,60.99,0.0,0.0
828,36696,63.74,49.23677836490846,0.5273013932605739,0,18,6,50,67.65,65.21,55.85,68.12,63.23,62.35,0.0,0.0
829,37905,50.89,50.80321133588489,0.5951426829328527,0,15,6,50,48.87,53.42,48.56,51.27,47.17,56.04,0.0,0.0
830,39920,52.28,52.39629812251934,0.55615243267434,0,10,6,50,51.15,47.28,52.79,54.14,60.62,47.73,0.0,0.0
831,38308,49.99,53.63437735115042,0.4919764748791517,0,14,6,50,50.55,45.0,57.04,47.0,50.94,49.41,0.0,0.0
832,38711,51.22,52.11492744585829,0.5330792130553291,0,13,6,50,55.26,45.08,55.75,53.24,50.66,47.32,0.0,0.0
833,39114,41.61,49.836690848519325,0.4940670958868403,0,12,6,50,36.01,41.08,43.31,41.31,45.48,42.47,0.0,0.0
834,38711,59.32,52.016517697376166,0.5149757811778152,0,13,6,50,54.91,53.34,61.99,56.74,63.2,65.77,0.0,0.0
835,37905,43.87,51.90652591433346,0.5772823451050444,0,15,6,50,49.24,35.59,47.21,46.58,45.97,38.64,0.0,0.0
836,40323,64.16,49.979620714621575,0.5204003971632379,0,9,6,50,59.93,60.83,62.03,65.3,66.33,70.56,0.0,0.0
837,38711,40.4,52.112793883333424,0.4644176564622271,0,13,6,50,41.77,44.52,42.46,31.84,38.09,43.71,0.0,0.0
838,40726,55.35,51.57582420848012,0.5311430017460875,0,8,6,50,50.09,62.05,55.86,56.92,52.6,54.56,0.0,0.0
839,38711,55.73,51.06663009361744,0.4938432187674085,0,13,6,50,59.47,51.5,63.24,52.55,57.52,50.09,0.0,0.0
840,39920,53.25,50.90537096382801,0.524090386535493,0,10,6,50,54.58,54.26,58.56,53.08,54.76,44.24,0.0,0.0
841,39517,54.19,51.49582002922022,0.5122129712994359,0,11,6,50,50.9,51.67,57.72,49.89,54.41,60.57,0.0,0.0
842,39517,51.45,51.05932363674473,0.5531497495688363,0,11,6,50,44.15,43.72,53.25,55.63,51.5,60.44,0.0,0.0
843,37502,41.4,51.254493070708655,0.5172431785370758,0,16,6,50,44.23,45.38,39.69,39.24,36.84,42.99,0.0,0.0
844,38711,61.59,50.896644750426105,0.5577593574197461,0,13,6,50,61.1,59.68,65.59,67.42,58.04,57.69,0.0,0.0
845,39114,48.72,50.940777898298485,0.4909670655230099,0,12,6,50,51.23,50.73,54.06,47.1,46.56,42.61,0.0,0.0
846,37905,59.44,51.72836217887769,0.5944491678824719,0,15,6,50,61.25,63.81,61.03,52.98,61.94,55.62,0.0,0.0
847,37502,48.72,50.6258093299751,0.4517010409741903,0,16,6,50,41.83,49.84,58.67,48.83,42.34,50.84,0.0,0.0
848,37502,68.67,51.7419057205636,0.4895660590970475,0,16,6,50,72.02,62.75,73.17,67.91,73.35,62.8,0.0,0.0
849,38711,65.4,51.443430528137405,0.5265358113541211,0,13,6,50,69.91,64.25,66.01,66.55,52.54,73.15,0.0,0.0
850,39517,56.28,51.43387144083193,0.5328388906187171,0,11,6,50,64.56,55.12,54.31,54.2,56.38,53.08,0.0,0.0
851,37502,59.06,49.91333047581066,0.4994822360525039,0,16,6,50,60.92,53.65,64.56,65.62,53.44,56.2,0.0,0.0
852,37502,41.51,51.36046304969011,0.4997582870139828,0,16,6,50,36.0,41.84,40.04,43.46,49.76,37.98,0.0,0.0
853,39920,51.8,51.92278721246189,0.4821808113231074,0,10,6,50,46.88,58.24,54.15,49.8,49.43,52.31,0.0,0.0
854,38308,44.34,50.41197521396738,0.4661152211597157,0,14,6,50,42.26,44.4,44.71,41.29,46.27,47.13,0.0,0.0
855,37905,57.59,51.18491827718359,0.4847587153460637,0,15,6,50,54.38,54.78,63.51,57.28,58.64,56.97,0.0,0.0
856,37502,61.42,51.13204398639547,0.437447266644741,0,16,6,50,68.72,68.46,54.72,60.72,55.32,60.58,0.0,0.0
857,37502,51.33,51.778005766249954,0.5541042167548768,0,16,6,50,49.28,47.71,55.34,49.53,57.1,49.03,0.0,0.0
858,37502,67.15,52.14555102608161,0.4537909141233949,0,16,6,50,59.23,77.17,61.48,78.15,60.59,66.28,0.0,0.0
859,37502,53.03,50.05855266213558,0.572732291921668,0,16,6,50,49.48,52.62,56.9,56.02,54.3,48.87,0.0,0.0
860,38711,54.91,51.75126760609361,0.5182771447675867,0,13,6,50,63.44,58.57,61.66,48.19,48.5,49.1,0.0,0.0
861,37502,58.82,49.46315949652841,0.5088363830509935,0,16,6,50,64.36,56.23,63.53,50.97,54.46,63.35,0.0,0.0
862,35487,52.78,50.75308862693041,0.5340785577289189,0,21,6,50,48.2,58.16,45.68,57.15,48.03,59.46,0.0,0.0
863,37502,57.2,51.975748220166096,0.5125558736126453,0,16,6,50,57.12,52.69,63.72,49.64,54.47,65.56,0.0,0.0
864,39920,55.64,51.42769964024384,0.5387505315388554,0,10,6,50,56.73,52.38,63.68,51.96,60.81,48.3,0.0,0.0
865,38711,71.29,52.09483632332417,0.5303327367591291,0,13,6,50,62.72,78.26,70.04,77.39,67.47,71.85,0.0,0.0
866,34681,44.27,51.57594647247057,0.5704365718898423,0,23,6,50,53.54,38.08,43.74,38.4,46.22,45.63,0.0,0.0
867,39920,61.95,51.50578622981799,0.525060307708139,0,10,6,50,58.92,67.38,65.13,58.3,58.73,63.26,0.0,0.0
868,41129,59.96,50.24247275318858,0.4986676664403922,0,7,6,50,64.31,50.52,65.45,63.73,64.3,51.42,0.0,0.0
869,40726,49.7,51.4736304703932,0.4702875278120731,0,8,6,50,53.46,44.09,47.18,48.13,58.1,47.22,0.0,0.0
870,38308,49.87,50.72965759575776,0.5228325207125624,0,14,6,50,51.13,56.28,53.78,46.0,42.57,49.48,0.0,0.0
871,38711,50.19,50.051418200881145,0.5971730330422192,0,13,6,50,50.71,47.2,50.85,49.25,48.85,54.28,0.0,0.0
872,38711,57.78,53.266178242966255,0.5207420695656292,0,13,6,50,57.93,50.48,66.46,62.03,58.1,51.66,0.0,0.0
873,36293,46.5,51.117363464475794,0.5210548825333413,0,19,6,50,52.81,53.25,41.1,39.7,44.3,47.82,0.0,0.0
874,38711,52.11,50.54925443016379,0.4574576341462584,0,13,6,50,51.32,58.28,53.85,46.64,48.13,54.46,0.0,0.0
875,39517,54.74,50.35644446861172,0.5107785264685164,0,11,6,50,46.54,56.48,56.41,52.49,57.5,59.03,0.0,0.0
876,36696,56.22,52.33791274499722,0.5516327230239753,0,18,6,50,52.49,53.84,55.71,51.98,57.14,66.16,0.0,0.0
877,40726,74.46,52.14217854739863,0.5589866527992995,0,8,6,50,65.5,77.95,74.14,75.47,82.0,71.71,0.0,0.0
878,42778,46.02,50.10722428999495,0.5460908838854713,1,9,6,50,52.75,46.17,41.09,45.65,41.18,49.29,0.0,0.0
879,36293,58.38,50.02688048993132,0.6308661914010556,0,19,6,50,49.01,64.42,57.34,60.52,56.75,62.21,0.0,0.0
880,37905,40.4,50.34892767160256,0.5141053807876896,0,15,6,50,38.01,41.22,32.61,46.79,39.57,44.18,0.0,0.0
881,37099,59.51,49.54864372081803,0.5865612947874571,0,17,6,50,60.77,60.19,58.44,60.25,58.46,58.93,0.0,0.0
882,39517,50.56,52.03326125346711,0.7242787992933678,0,11,6,50,53.48,48.65,53.02,48.38,54.44,45.37,0.0,0.0
883,37905,47.87,50.4072776986856,0.5233814162312558,0,15,6,50,48.1,44.55,51.0,43.17,48.43,51.98,0.0,0.0
884,41129,60.54,51.85293519195664,0.5108728318988975,0,7,6,50,61.82,62.62,61.67,62.95,59.73,54.46,0.0,0.0
885,37502,57.22,51.13064085363179,0.4862769083609301,0,16,6,50,52.55,63.77,66.51,57.9,47.14,55.48,0.0,0.0
886,38308,55.68,51.10181230889014,0.5705185199096253,0,14,6,50,56.24,51.68,53.69,54.96,56.66,60.85,0.0,0.0
887,38711,53.5,50.28479328131198,0.4896382698095663,0,13,6,50,54.32,56.85,52.47,54.62,53.1,49.67,0.0,0.0
888,37502,56.07,51.4503344751041,0.6100090755498968,0,16,6,50,52.61,61.38,51.24,56.12,48.98,66.09,0.0,0.0
889,40323,49.79,49.306959123400816,0.6141242300101953,0,9,6,50,50.95,46.74,54.58,53.59,48.86,44.0,0.0,0.0
890,38308,43.77,51.727772756282064,0.5186752469904458,0,14,6,50,51.1,44.17,41.93,41.62,42.11,41.69,0.0,0.0
891,40323,45.33,53.25844107200286,0.4578469716539709,0,9,6,50,43.89,45.67,47.89,40.32,51.3,42.9,0.0,0.0
892,38308,49.91,52.46441988904598,0.4607597121302415,0,14,6,50,45.74,43.8,44.23,58.04,55.72,51.94,0.0,0.0
893,37099,49.32,53.31471855829972,0.4377082791715626,0,17,6,50,54.81,42.85,54.71,43.8,45.66,54.11,0.0,0.0
894,37502,62.49,50.18767642104784,0.4851859981118934,0,16,6,50,55.17,67.51,60.07,55.12,65.54,71.55,0.0,0.0
895,37099,53.1,50.49226121915003,0.5364953994018333,0,17,6,50,54.88,57.18,54.43,43.6,55.53,53.01,0.0,0.0
896,35487,45.69,51.02685770562806,0.4957754070130915,0,21,6,50,50.86,44.74,39.95,42.81,51.01,44.77,0.0,0.0
897,37905,49.39,50.79884003525336,0.6648742089384521,0,15,6,50,48.19,49.51,54.54,43.96,45.7,54.44,0.0,0.0
898,36696,55.29,51.96728586824188,0.5242464708342061,0,18,6,50,50.44,56.65,60.97,56.64,58.72,48.31,0.0,0.0
899,42778,49.7,50.87248007207307,0.418749246851166,1,9,6,50,48.28,42.3,49.38,50.97,54.75,52.52,0.0,0.0
900,36293,53.34,51.53450674294148,0.4586150859289346,0,19,6,50,50.63,59.79,49.87,51.31,49.56,58.85,0.0,0.0
901,37099,57.95,51.28857125822662,0.5035089626298503,0,17,6,50,58.36,50.17,61.4,61.41,62.77,53.57,0.0,0.0
902,40323,53.46,53.55264987304461,0.5241520729654378,0,9,6,50,54.55,49.61,50.31,58.72,53.95,53.64,0.0,0.0
903,37502,48.32,50.48483726795735,0.5998596569249953,0,16,6,50,52.58,49.84,44.27,46.93,41.51,54.78,0.0,0.0
904,41532,47.29,51.22570569213628,0.474979511101441,0,6,6,50,51.15,42.06,52.72,44.02,49.08,44.73,0.0,0.0
905,37502,55.57,50.623661427966894,0.5589283354319847,0,16,6,50,58.93,56.86,49.32,60.68,49.97,57.66,0.0,0.0
906,40726,51.8,52.091727921064766,0.4762700053116415,0,8,6,50,51.38,48.18,51.59,53.92,57.74,47.99,0.0,0.0
907,37905,48.34,51.39603278336104,0.4978009587522118,0,15,6,50,50.89,42.01,56.7,41.12,51.01,48.31,0.0,0.0
908,39114,49.1,50.12042114636398,0.5928857756260358,0,12,6,50,43.53,50.48,51.7,49.65,43.39,55.83,0.0,0.0
909,39920,62.85,50.805271667509096,0.5836837714120597,0,10,6,50,64.05,56.25,65.25,59.28,67.72,64.55,0.0,0.0
910,39517,55.12,50.57430206725079,0.5976483426137479,0,11,6,50,49.06,52.59,63.36,54.72,54.17,56.82,0.0,0.0
911,39920,41.36,50.296647872478296,0.4935543339594356,0,10,6,50,37.78,36.57,45.52,40.19,40.33,47.77,0.0,0.0
912,38308,50.17,50.62013504032229,0.4973718606750404,0,14,6,50,47.42,48.27,48.63,51.56,53.91,51.24,0.0,0.0
913,38711,61.06,49.681358712331566,0.4463635475395643,0,13,6,50,60.38,58.96,65.38,57.86,63.15,60.66,0.0,0.0
914,38711,48.25,52.11187577791061,0.4807023726140743,0,13,6,50,44.57,52.04,46.85,48.11,46.57,51.35,0.0,0.0
915,35487,37.98,52.03131391507921,0.541724741305347,0,21,6,50,40.63,32.94,38.2,37.45,39.63,39.03,0.0,0.0
916,39920,65.4,47.96606971878746,0.5137357121554696,0,10,6,50,68.92,67.19,64.38,53.4,67.99,70.51,0.0,0.0
917,39920,57.41,52.04110440199714,0.5782828448590168,0,10,6,50,65.47,48.98,62.41,56.44,57.93,53.25,0.0,0.0
918,36696,70.18,51.250892954563575,0.538053618245847,0,18,6,50,67.76,78.18,68.94,74.31,64.94,66.96,0.0,0.0
919,39114,50.44,51.83215902532584,0.535914980032475,0,12,6,50,51.54,46.19,45.69,51.54,58.12,49.59,0.0,0.0
920,39114,53.04,50.96248237893355,0.6085616344984244,0,12,6,50,54.95,49.43,60.41,45.58,43.72,64.13,0.0,0.0
921,35890,48.66,52.02067168214788,0.4737071550139261,0,20,6,50,45.57,42.89,54.5,50.24,51.36,47.4,0.0,0.0
922,43181,72.94,50.26284272236346,0.5320430804779217,1,8,6,50,79.27,76.5,65.82,69.47,72.12,74.45,0.0,0.0
923,38308,51.59,51.84578853484537,0.5281291540352663,0,14,6,50,54.49,54.57,47.67,47.66,61.32,43.83,0.0,0.0
924,37905,54.99,52.056273317642926,0.4889673314872414,0,15,6,50,53.37,51.64,51.09,48.8,66.54,58.51,0.0,0.0
925,39114,48.8,50.765336473145,0.5000907832069906,0,12,6,50,52.45,47.57,46.77,48.35,50.37,47.3,0.0,0.0
926,40323,52.9,50.67395719405938,0.4773706272606807,0,9,6,50,57.28,57.64,56.91,47.25,45.43,52.89,0.0,0.0
927,38308,52.78,50.89981736246817,0.535437518360426,0,14,6,50,57.92,56.62,53.98,50.1,53.67,44.36,0.0,0.0
928,39114,54.95,49.39604776819206,0.5317115623970896,0,12,6,50,55.99,47.02,56.45,60.28,50.38,59.59,0.0,0.0
929,36696,59.98,51.03738522702076,0.4664590508377821,0,18,6,50,60.62,56.43,57.11,57.84,58.97,68.9,0.0,0.0
930,38308,55.72,50.47047622811887,0.4683822617070495,0,14,6,50,56.52,57.62,56.62,53.03,61.15,49.38,0.0,0.0
931,42627,61.91,51.44351708407378,0.499514134939748,2,11,6,50,65.39,55.19,71.74,57.26,63.16,58.72,0.0,0.0
932,43534,61.59,50.66802092318416,0.5700749455524148,4,12,6,50,66.21,51.46,52.14,61.63,67.98,70.1,0.0,0.0
933,35890,60.03,50.485233126810094,0.5174044144632826,0,20,6,50,68.01,52.67,51.11,64.86,57.29,66.22,0.0,0.0
934,36696,67.34,50.449447859747686,0.6060101607761347,0,18,6,50,68.83,76.95,63.44,74.39,58.31,62.1,0.0,0.0
935,38711,63.19,50.83962149634545,0.5166863260489524,0,13,6,50,56.51,64.55,62.28,60.97,66.83,67.99,0.0,0.0
936,44239,53.86,51.09496275618004,0.5824497226479346,2,7,6,50,54.85,56.39,55.08,49.19,58.39,49.29,0.0,0.0
937,39920,57.36,50.08747245482263,0.5274808504881338,0,10,6,50,52.38,58.41,64.68,59.85,55.11,53.72,0.0,0.0
938,36696,61.74,51.202376478256106,0.4779271697330938,0,18,6,50,59.44,55.22,65.72,63.83,59.08,67.18,0.0,0.0
939,39517,47.96,50.43015696660059,0.5194102830453913,0,11,6,50,50.38,48.55,46.52,41.98,48.77,51.56,0.0,0.0
940,39517,71.92,51.89214919594073,0.4546682759685836,0,11,6,50,75.5,69.89,69.05,84.08,67.82,65.18,0.0,0.0
941,39114,44.03,49.9722103893065,0.5291542589430387,0,12,6,50,46.09,42.43,44.2,40.97,48.2,42.3,0.0,0.0
942,38308,44.46,52.027356071328526,0.5199430675741845,0,14,6,50,50.59,36.32,39.72,45.88,47.77,46.48,0.0,0.0
943,40726,49.71,51.10721535813748,0.4922394105354105,0,8,6,50,47.53,52.39,49.93,47.59,46.53,54.28,0.0,0.0
944,39517,68.2,50.654453927636425,0.5456039609628055,0,11,6,50,73.91,57.09,74.84,72.83,71.44,59.06,0.0,0.0
945,36696,63.08,49.68622120423321,0.5975958174033046,0,18,6,50,67.72,66.46,61.13,63.53,53.14,66.5,0.0,0.0
946,34681,44.18,51.75147034620696,0.527871140081083,0,23,6,50,38.43,42.31,45.52,37.3,48.0,53.52,0.0,0.0
947,40323,63.57,52.76063493199233,0.4999619080644913,0,9,6,50,64.88,66.04,61.28,67.65,53.06,68.48,0.0,0.0
948,39920,51.97,50.0393950992418,0.547652672301409,0,10,6,50,60.73,57.94,46.95,46.52,50.51,49.17,0.0,0.0
949,38711,53.08,50.95548516892912,0.5384301942153237,0,13,6,50,47.93,63.06,48.7,60.44,50.51,47.85,0.0,0.0
950,41129,50.38,52.238289567509,0.4863239636052152,0,7,6,50,60.04,48.13,53.63,47.69,47.28,45.52,0.0,0.0
951,38308,47.76,49.83836505028203,0.4362380284020409,0,14,6,50,58.48,41.17,50.29,46.76,45.76,44.1,0.0,0.0
952,38711,62.13,51.77804029648176,0.4592790168812984,0,13,6,50,66.12,64.33,65.0,64.72,54.92,57.7,0.0,0.0
953,38308,49.74,50.49682956824581,0.5683670353151731,0,14,6,50,46.03,47.99,47.32,55.95,48.12,53.0,0.0,0.0
954,38711,52.02,52.887589318186805,0.511976451912519,0,13,6,50,50.04,48.78,52.86,61.98,48.49,49.97,0.0,0.0
955,35890,66.76,52.161227843643125,0.6094197299669672,0,20,6,50,58.43,73.04,69.58,71.16,70.97,57.37,0.0,0.0
956,37905,63.21,50.84231230987451,0.4536757996525611,0,15,6,50,59.61,66.46,62.29,69.0,69.14,52.76,0.0,0.0
957,39114,51.11,51.38347550014429,0.5276692163842175,0,12,6,50,54.25,50.78,45.64,50.31,49.41,56.29,0.0,0.0
958,40323,58.81,52.05170882485016,0.5745573116950451,0,9,6,50,65.94,65.43,62.33,60.06,53.45,45.64,0.0,0.0
959,37099,53.68,50.35208740688179,0.5639616795094172,0,17,6,50,52.91,45.73,60.59,54.36,50.46,58.04,0.0,0.0
960,40323,48.28,52.377636170497375,0.4435246060302229,0,9,6,50,44.93,48.48,47.0,56.09,48.09,45.12,0.0,0.0
961,40726,46.83,52.37932635407946,0.5929925125181994,0,8,6,50,53.76,49.92,49.08,42.6,37.45,48.15,0.0,0.0
962,37502,38.35,51.46715876806491,0.5132665109973565,0,16,6,50,40.94,38.82,34.18,37.42,35.67,43.05,0.0,0.0
963,38308,56.88,51.88439602552596,0.5767303786934916,0,14,6,50,55.21,56.01,61.06,51.9,63.58,53.51,0.0,0.0
964,40323,42.72,50.43106785774376,0.4840509567830759,0,9,6,50,38.66,45.57,38.49,42.31,50.51,40.8,0.0,0.0
965,35890,58.84,51.639372523154655,0.5729196702650156,0,20,6,50,62.99,61.4,53.58,56.03,59.52,59.54,0.0,0.0
966,35487,45.55,51.67739455960904,0.5027218258414633,0,21,6,50,50.98,36.04,42.96,52.96,45.36,44.99,0.0,0.0
967,41532,48.11,53.4187566247517,0.598896491977285,0,6,6,50,52.66,55.59,43.71,44.38,43.13,49.2,0.0,0.0
968,38711,53.64,53.78845447703659,0.5000147803250229,0,13,6,50,47.06,60.46,57.3,51.92,46.79,58.32,0.0,0.0
969,43030,50.51,50.020267228204325,0.4793460793163916,2,10,6,50,51.38,42.88,54.17,46.93,48.15,59.54,0.0,0.0
970,38711,59.21,50.2167217490387,0.3778162455821564,0,13,6,50,65.11,54.25,53.49,63.04,50.45,68.92,0.0,0.0
971,39517,51.41,51.47420825333828,0.5759828965459756,0,11,6,50,53.19,53.37,50.72,44.44,55.85,50.9,0.0,0.0
972,44890,52.38,51.69244003122652,0.5411571062375977,1,5,6,50,57.56,54.05,45.91,52.14,48.22,56.4,0.0,0.0
973,40323,41.85,51.06234972754504,0.5123529335958055,0,9,6,50,44.3,35.13,44.65,42.02,41.45,43.56,0.0,0.0
974,35487,35.13,51.45304196417676,0.5998603423334706,0,21,6,50,38.44,31.46,34.84,28.39,36.59,41.06,0.0,0.0
975,39114,51.94,51.60885595288634,0.4587321128991611,0,12,6,50,49.28,53.68,43.81,56.99,61.2,46.71,0.0,0.0
976,36293,46.02,52.97848772241579,0.5095913108589509,0,19,6,50,50.2,40.08,46.8,41.24,50.62,47.18,0.0,0.0
977,40323,58.18,50.333108238497175,0.5273618993030057,0,9,6,50,54.4,51.12,69.41,56.39,57.44,60.33,0.0,0.0
978,36293,52.19,52.48222794823061,0.4861756446125254,0,19,6,50,57.86,56.86,48.0,46.65,51.94,51.83,0.0,0.0
979,40726,59.58,51.29281244852376,0.4827345704795474,0,8,6,50,52.15,65.29,56.07,67.35,52.4,64.25,0.0,0.0
980,37905,50.25,50.05254617290991,0.4965456209131668,0,15,6,50,47.3,46.41,59.88,49.91,54.46,43.54,0.0,0.0
981,39920,50.65,51.33816742944888,0.4430239284267198,0,10,6,50,50.29,47.41,45.05,61.46,46.37,53.3,0.0,0.0
982,37905,56.54,51.50041026553271,0.5159449022783351,0,15,6,50,51.72,55.92,55.18,53.54,55.96,66.95,0.0,0.0
983,38711,50.98,51.56796450910218,0.5366638770647146,0,13,6,50,42.94,55.55,50.95,52.07,54.01,50.36,0.0,0.0
984,37099,67.06,50.71860951529993,0.5122937094372575,0,17,6,50,65.54,71.57,76.48,67.35,61.4,59.99,0.0,0.0
985,40323,68.6,52.0262642508644,0.5238355033711618,0,9,6,50,58.69,61.91,75.54,75.31,76.07,64.11,0.0,0.0
986,39114,57.88,49.59220560962181,0.5099772439973158,0,12,6,50,60.77,61.31,55.73,52.27,53.15,64.05,0.0,0.0
987,39920,66.23,50.8363650926174,0.4595369270304282,0,10,6,50,67.18,67.28,67.88,57.96,70.88,66.17,0.0,0.0
988,37099,53.0,51.05846837127415,0.5218654730891804,0,17,6,50,57.69,52.19,43.7,56.15,56.52,51.76,0.0,0.0
989,36696,39.36,50.75723940497605,0.5618163615609149,0,18,6,50,42.73,33.46,45.2,37.24,38.08,39.45,0.0,0.0
990,40323,58.66,49.9985257147619,0.5211002769409503,0,9,6,50,54.31,55.5,55.85,63.38,60.97,61.92,0.0,0.0
991,38711,52.8,49.56920010522912,0.5412075220949376,0,13,6,50,43.45,51.05,57.61,61.7,44.75,58.27,0.0,0.0
992,40726,46.85,51.620673974752485,0.5783808493909626,0,8,6,50,54.82,47.75,39.13,46.83,40.25,52.33,0.0,0.0
993,37905,55.98,51.42163762429112,0.4286788465843999,0,15,6,50,58.77,60.45,52.63,50.81,57.14,56.1,0.0,0.0
994,38308,56.33,50.93179229497227,0.490041649708088,0,14,6,50,60.51,58.17,52.94,50.62,54.78,60.97,0.0,0.0
995,37502,54.18,51.43239584590141,0.5144480717075306,0,16,6,50,49.66,62.9,61.29,47.19,50.6,53.45,0.0,0.0
996,42778,53.99,52.75750360868145,0.5582271473269899,1,9,6,50,53.41,50.74,53.85,57.47,55.47,53.0,0.0,0.0
997,37905,55.62,51.31789277312846,0.5169997243822153,0,15,6,50,57.78,55.02,62.81,52.38,53.35,52.36,0.0,0.0
998,41129,64.89,49.38232403406713,0.3873041404288996,0,7,6,50,70.38,66.29,61.0,66.99,59.17,65.5,0.0,0.0
999,38711,57.95,50.97196487998251,0.5174223928167565,0,13,6,50,56.91,59.99,62.8,61.73,48.52,57.76,0.0,0.0
1000,39114,49.09,52.0957537056961,0.4575445856629061,0,12,6,50,46.99,49.5,43.99,51.88,53.18,48.99,0.0,0.0
1001,39114,67.19,52.32665723111,0.458068014378614,0,12,6,50,72.84,72.94,71.7,63.44,58.86,63.36,0.0,0.0
1002,36696,56.4,52.51378459382009,0.6071026034555581,0,18,6,50,66.82,57.55,51.02,51.72,54.65,56.66,0.0,0.0
1003,38711,57.76,51.61237948162964,0.5141957985825719,0,13,6,50,54.81,67.14,63.25,52.75,56.41,52.2,0.0,0.0
1004,38711,58.12,51.34305327529748,0.3628818451264676,0,13,6,50,49.45,55.68,58.17,60.76,65.46,59.23,0.0,0.0
1005,38711,62.51,51.98912754668535,0.4927084670857272,0,13,6,50,66.6,57.41,61.73,62.82,61.42,65.11,0.0,0.0
1006,40726,66.38,51.58785616921364,0.4760339055881308,0,8,6,50,74.28,67.09,68.83,65.81,59.14,63.1,0.0,0.0
1007,41129,48.41,51.69326867228576,0.513091659822147,0,7,6,50,49.23,51.28,46.39,50.71,40.83,52.0,0.0,0.0
1008,38711,49.67,51.313669255111655,0.4302190824267264,0,13,6,50,46.19,44.53,53.42,50.29,46.16,57.45,0.0,0.0
1009,37905,66.22,51.61938674501476,0.4367440939345214,0,15,6,50,71.6,69.43,56.22,62.26,71.71,66.1,0.0,0.0
1010,39920,58.57,52.30030747756476,0.4446344662093074,0,10,6,50,58.06,63.14,55.71,56.03,58.88,59.61,0.0,0.0
1011,35890,51.63,51.22007080893865,0.4625444926838001,0,20,6,50,51.5,56.41,51.51,54.48,43.15,52.72,0.0,0.0
1012,37905,69.87,50.34021341895267,0.5577534789830565,0,15,6,50,72.65,76.21,69.17,64.29,74.41,62.48,0.0,0.0
1013,45545,58.34,51.32072362466641,0.5093253211390085,2,5,6,50,66.56,52.91,59.57,55.07,61.0,54.92,0.0,0.0
1014,40323,50.03,50.91892606428566,0.4270105693758977,0,9,6,50,47.41,53.48,45.3,53.93,45.56,54.52,0.0,0.0
1015,41129,62.4,51.262246878854896,0.4534546884226392,0,7,6,50,63.23,65.36,58.12,68.79,63.58,55.33,0.0,0.0
1016,39114,52.58,49.622247538299575,0.4825808996541976,0,12,6,50,58.16,50.98,47.44,57.29,55.5,46.11,0.0,0.0
1017,42627,43.58,51.93919242812048,0.5024178039726452,2,11,6,50,44.77,40.04,44.88,39.34,45.09,47.35,0.0,0.0
1018,39517,56.88,51.33920086517976,0.486162251985195,0,11,6,50,55.08,58.0,58.47,65.19,58.27,46.28,0.0,0.0
1019,35890,62.2,50.52940926930047,0.5521516119341319,0,20,6,50,58.87,66.1,57.26,73.99,56.3,60.7,0.0,0.0
1020,43584,44.5,52.1388894407125,0.5423621737970872,1,7,6,50,40.75,44.99,45.13,42.75,49.83,43.53,0.0,0.0
1021,36293,33.37,50.63613863863429,0.4828238651290905,0,19,6,50,32.23,32.12,38.27,39.02,29.44,29.14,0.0,0.0
1022,38308,52.32,51.011642435207655,0.4932069487527331,0,14,6,50,48.54,59.89,49.69,58.47,48.74,48.57,0.0,0.0
1023,40323,52.02,51.51710811529178,0.5588081263039248,0,9,6,50,60.45,51.78,58.89,48.75,47.22,45.0,0.0,0.0
1024,43534,49.6,48.58703977124948,0.495916340504519,4,12,6,50,48.57,45.95,53.85,51.75,48.53,48.94,0.0,0.0
1025,36293,61.81,49.17654328397654,0.5664159003388879,0,19,6,50,58.08,63.95,70.75,57.12,62.21,58.73,0.0,0.0
1026,39517,63.57,52.34806862051834,0.5068067869744701,0,11,6,50,61.81,65.57,59.08,63.15,69.17,62.63,0.0,0.0
1027,40323,67.24,52.34071660538464,0.5320916096273477,0,9,6,50,72.53,70.57,72.4,66.38,56.13,65.46,0.0,0.0
1028,40726,55.16,53.47714206568459,0.4945666296758536,0,8,6,50,55.08,48.24,56.68,62.31,49.78,58.9,0.0,0.0
1029,39114,44.76,52.22302841937808,0.4828440790110561,0,12,6,50,44.39,40.53,45.5,44.76,48.51,44.89,0.0,0.0
1030,40323,45.82,51.29775201418682,0.5045702508026028,0,9,6,50,48.02,41.65,42.1,46.83,54.21,42.13,0.0,0.0
1031,38308,40.74,53.01678259876884,0.5578165924155452,0,14,6,50,38.16,38.44,33.73,45.19,43.23,45.67,0.0,0.0
1032,36696,45.1,51.26640065004778,0.5619488020362581,0,18,6,50,50.45,43.87,38.25,49.92,45.4,42.72,0.0,0.0
1033,38711,49.24,52.54559360699714,0.5434025384936236,0,13,6,50,43.38,51.46,58.34,44.82,41.62,55.82,0.0,0.0
1034,41129,53.59,51.26412339288802,0.503025120564179,0,7,6,50,52.56,45.93,49.17,57.43,52.85,63.58,0.0,0.0
1035,37905,46.28,51.77727165337354,0.5155205919142442,0,15,6,50,49.05,45.8,46.9,41.44,47.02,47.5,0.0,0.0
1036,39114,56.19,52.65223033770491,0.496170349651524,0,12,6,50,54.54,65.99,46.33,55.05,52.22,63.02,0.0,0.0
1037,37905,72.71,53.59693889661784,0.5052329869178583,0,15,6,50,70.79,66.97,77.11,59.97,80.05,81.36,0.0,0.0
1038,37905,46.97,52.59441269843251,0.4813414061199901,0,15,6,50,44.17,43.02,51.55,53.71,45.93,43.46,0.0,0.0
1039,41129,57.72,50.25109999629591,0.5085781422994671,0,7,6,50,59.31,66.0,52.89,54.5,60.51,53.08,0.0,0.0
1040,37099,49.58,52.20785295610613,0.5368139850028806,0,17,6,50,43.39,55.17,48.37,57.17,44.56,48.83,0.0,0.0
1041,40323,49.31,49.466556205389054,0.4648361250119198,0,9,6,50,50.62,46.26,47.23,47.28,53.15,51.31,0.0,0.0
1042,39114,53.99,51.15555382794706,0.6022068514792511,0,12,6,50,52.46,54.06,56.29,58.62,49.74,52.79,0.0,0.0
1043,44491,67.12,52.39718033795414,0.5106692564540513,3,8,6,50,68.38,69.92,65.06,69.38,65.65,64.33,0.0,0.0
1044,40726,56.32,50.59470148700669,0.4734027095189812,0,8,6,50,56.89,56.79,63.15,55.97,55.24,49.88,0.0,0.0
1045,39517,58.1,51.10466628065899,0.5031271930357173,0,11,6,50,56.98,67.07,65.95,55.92,54.45,48.22,0.0,0.0
1046,37502,56.04,51.30174367493124,0.442666799713785,0,16,6,50,62.68,57.41,57.19,50.31,63.48,45.19,0.0,0.0
1047,43181,48.21,51.93742186687874,0.5442439969090973,1,8,6,50,47.73,47.38,42.61,50.71,54.68,46.16,0.0,0.0
1048,40323,51.35,53.27624674055923,0.4233268626056922,0,9,6,50,49.31,53.77,50.17,49.51,51.42,53.92,0.0,0.0
1049,40726,60.7,53.033898926273125,0.5592758145968373,0,8,6,50,62.65,64.03,57.18,54.75,61.49,64.08,0.0,0.0
1050,37099,68.42,52.24718397477888,0.6177775918036347,0,17,6,50,62.62,72.5,75.91,65.34,64.6,69.55,0.0,0.0
1051,39114,57.77,51.23532617988023,0.5180981999524924,0,12,6,50,65.93,59.62,52.56,57.9,57.95,52.63,0.0,0.0
1052,39114,61.36,49.9005411674724,0.5443988655380212,0,12,6,50,55.6,62.44,62.42,55.31,62.58,69.79,0.0,0.0
1053,38308,62.32,50.10823472443093,0.5942720882314577,0,14,6,50,59.87,68.02,66.59,59.66,57.95,61.8,0.0,0.0
1054,37099,57.89,52.30056191909003,0.5643535897430813,0,17,6,50,60.8,57.23,60.95,54.96,51.51,61.88,0.0,0.0
1055,42778,71.22,53.10719133186101,0.509306374389548,1,9,6,50,66.68,75.35,74.83,76.76,74.36,59.31,0.0,0.0
1056,39114,57.9,49.90266931853047,0.4290951328416933,0,12,6,50,58.26,59.64,58.49,59.27,53.76,57.98,0.0,0.0
1057,36696,66.1,49.92638395418282,0.3982280926867059,0,18,6,50,57.12,62.32,72.28,62.87,75.42,66.56,0.0,0.0
1058,39114,50.3,50.70062537213701,0.4859735844534512,0,12,6,50,54.46,54.62,51.8,44.34,46.84,49.72,0.0,0.0
1059,38711,61.3,51.67776584489438,0.4792311994512205,0,13,6,50,61.2,63.26,52.36,56.28,69.22,65.48,0.0,0.0
1060,41532,51.67,49.04071791645208,0.4062528646917938,0,6,6,50,53.75,51.15,50.91,49.89,49.75,54.58,0.0,0.0
1061,38711,52.9,52.38043127561722,0.499703497464313,0,13,6,50,53.05,54.06,55.96,48.8,52.72,52.79,0.0,0.0
1062,38711,51.78,50.54055595810109,0.5394511788140008,0,13,6,50,55.49,49.57,51.84,47.42,50.61,55.74,0.0,0.0
1063,38711,56.98,50.73458472965658,0.4578443792986203,0,13,6,50,59.5,61.98,46.94,62.96,56.3,54.19,0.0,0.0
1064,43836,57.05,50.38059582543798,0.4396013766039828,2,8,6,50,57.24,52.38,57.87,53.68,65.06,56.05,0.0,0.0
1065,39114,43.85,53.24548582921791,0.4317599128245323,0,12,6,50,40.27,50.12,39.24,46.21,48.75,38.5,0.0,0.0
1066,39517,50.39,52.03624118921322,0.4866711081490362,0,11,6,50,50.54,54.12,50.22,49.9,57.25,40.32,0.0,0.0
1067,39920,62.84,52.50002965891334,0.4574327936812328,0,10,6,50,59.31,68.61,52.92,60.99,69.0,66.22,0.0,0.0
1068,38711,46.92,52.19561941940062,0.4482833943103295,0,13,6,50,52.51,45.54,45.36,53.65,42.58,41.9,0.0,0.0
1069,42894,59.59,51.86901827675167,0.5470415928807975,0,2,6,50,59.55,66.52,59.01,60.27,59.38,52.79,0.0,0.0
1070,40323,46.11,51.19920349801896,0.5002387579390134,0,9,6,50,48.91,51.52,44.46,45.0,40.83,45.93,0.0,0.0
1071,39920,52.55,53.30644202871592,0.447554286754636,0,10,6,50,48.02,56.65,54.82,48.41,57.83,49.57,0.0,0.0
1072,41129,65.85,52.58027041164222,0.5011683394682834,0,7,6,50,65.37,66.92,63.72,66.04,64.64,68.42,0.0,0.0
1073,42435,48.8,50.973391588235806,0.4124320276183461,0,5,6,50,48.32,45.38,55.13,49.73,43.21,51.03,0.0,0.0
1074,37099,54.43,50.172817485838046,0.4408441990194617,0,17,6,50,62.8,57.09,52.77,48.9,44.71,60.32,0.0,0.0
1075,43987,58.06,49.05115034529919,0.5105593763225227,1,6,6,50,54.64,55.46,51.36,60.21,58.72,68.0,0.0,0.0
1076,39517,44.9,51.921061297421865,0.4404522123077015,0,11,6,50,48.67,40.25,40.26,50.07,40.28,49.86,0.0,0.0
1077,40323,53.22,50.95856557552656,0.451297199976564,0,9,6,50,43.89,57.89,55.84,55.86,46.91,58.9,0.0,0.0
1078,40726,39.52,51.7537193695123,0.4069559858147772,0,8,6,50,38.31,43.71,38.55,40.21,35.81,40.54,0.0,0.0
1079,38711,66.33,53.70182733896345,0.5345217067538657,0,13,6,50,63.33,65.02,68.04,64.47,66.57,70.56,0.0,0.0
1080,36696,59.78,50.20660715285668,0.480959247233691,0,18,6,50,57.56,52.53,67.62,53.27,65.24,62.45,0.0,0.0
1081,35890,57.31,51.02046080159355,0.5492483230462264,0,20,6,50,56.29,49.03,58.76,64.44,63.78,51.54,0.0,0.0
1082,40323,59.93,51.760737671709286,0.4714553465879296,0,9,6,50,54.89,56.27,61.49,64.41,64.96,57.58,0.0,0.0
1083,38711,66.25,51.28361409158829,0.48593151793753,0,13,6,50,70.74,67.35,62.13,65.95,63.88,67.46,0.0,0.0
1084,39517,59.6,52.494418642827775,0.3821585011656426,0,11,6,50,65.6,63.51,53.59,61.73,56.68,56.51,0.0,0.0
1085,45952,49.46,52.01550419071657,0.4485072066054372,4,6,6,50,48.19,48.38,54.18,43.74,51.16,51.12,0.0,0.0
1086,37905,60.87,51.81479619549901,0.5069513285916358,0,15,6,50,55.5,68.75,55.75,54.55,60.62,70.07,0.0,0.0
1087,40323,50.58,50.65421308247237,0.3781446378274338,0,9,6,50,49.42,55.07,55.37,44.64,48.01,50.97,0.0,0.0
1088,38711,74.88,50.8395448617245,0.4715528475664402,0,13,6,50,75.87,74.96,79.88,71.61,80.12,66.84,0.0,0.0
1089,38711,53.33,51.77571081488583,0.5632714007636107,0,13,6,50,49.98,48.2,48.31,64.36,46.2,62.94,0.0,0.0
1090,37502,53.98,49.99810838135362,0.3933845984545293,0,16,6,50,57.8,56.38,50.38,47.76,52.16,59.4,0.0,0.0
1091,42375,48.66,51.58047012608729,0.5852188086914714,1,10,6,50,50.44,49.39,44.89,46.46,53.32,47.48,0.0,0.0
1092,39920,58.14,53.30731214123925,0.4588342475163742,0,10,6,50,63.07,53.76,50.58,67.69,56.52,57.25,0.0,0.0
1093,41015,60.36,51.40853937400485,0.4338901270643941,2,15,6,50,57.97,66.45,62.46,57.29,63.7,54.3,0.0,0.0
1094,40323,47.95,50.589113024642096,0.4765484559284531,0,9,6,50,48.32,54.58,41.33,51.2,39.73,52.54,0.0,0.0
1095,41129,64.8,51.69992700417788,0.4833405309437754,0,7,6,50,65.09,66.14,63.47,61.49,63.75,68.87,0.0,0.0
1096,40726,48.03,49.93702617217929,0.4201774070930953,0,8,6,50,47.77,40.24,49.64,43.86,52.72,53.96,0.0,0.0
1097,41129,48.4,50.25938715355002,0.5060114305003218,0,7,6,50,50.14,45.55,53.64,50.34,49.27,41.48,0.0,0.0
1098,41129,58.72,51.46406697277497,0.3985330929848516,0,7,6,50,62.57,56.57,58.05,48.56,64.91,61.68,0.0,0.0
1099,38711,58.34,51.66512822245093,0.5501691292207013,0,13,6,50,63.02,63.3,60.39,55.88,50.49,56.93,0.0,0.0
1100,43030,52.01,53.53718683867719,0.4479157065619804,2,10,6,50,55.39,51.72,51.24,54.72,53.77,45.21,0.0,0.0
1101,37502,46.4,51.62567869060277,0.5141818297991416,0,16,6,50,39.79,50.65,46.82,49.89,44.74,46.5,0.0,0.0
1102,43181,58.6,52.280067871110695,0.5194850977751185,1,8,6,50,57.65,55.86,63.32,57.71,61.21,55.84,0.0,0.0
1103,42435,44.89,49.37123590640333,0.4417716086429337,0,5,6,50,45.5,44.1,39.46,53.19,49.31,37.79,0.0,0.0
1104,37099,54.41,52.34766861728419,0.5962353212418294,0,17,6,50,55.39,46.33,55.65,57.05,53.58,58.47,0.0,0.0
1105,41532,48.94,52.11532329963355,0.4957446103381018,0,6,6,50,52.04,50.66,47.04,51.64,52.79,39.44,0.0,0.0
1106,40726,44.98,54.13342966931308,0.4425543069888817,0,8,6,50,43.83,48.18,42.25,46.07,43.68,45.85,0.0,0.0
1107,39114,53.97,50.20488377080114,0.5293248055971986,0,12,6,50,52.84,65.17,56.37,48.16,50.54,50.74,0.0,0.0
1108,38308,53.99,51.482822169023336,0.4663276479152277,0,14,6,50,54.61,61.08,57.09,52.4,52.44,46.32,0.0,0.0
1109,40726,44.17,54.280403228927256,0.505770679260717,0,8,6,50,49.76,46.43,39.54,42.33,47.12,39.82,0.0,0.0
1110,37905,41.62,51.50371422783324,0.5425383240134178,0,15,6,50,42.52,43.5,38.48,39.64,44.65,40.94,0.0,0.0
1111,36696,50.6,50.243588745033726,0.4346449616829895,0,18,6,50,55.62,43.48,54.05,56.46,43.57,50.41,0.0,0.0
1112,40726,49.46,51.62031173616143,0.4939688421729635,0,8,6,50,53.97,53.53,49.37,47.28,46.32,46.31,0.0,0.0
1113,44239,56.1,51.63939178884961,0.5129685305630514,2,7,6,50,54.14,66.0,51.22,55.04,48.79,61.44,0.0,0.0
1114,43181,44.45,52.58540810447799,0.4569709816221833,1,8,6,50,39.38,43.16,41.01,49.95,51.27,41.92,0.0,0.0
1115,39517,49.82,52.0855700687138,0.506492019754002,0,11,6,50,43.7,48.39,55.37,53.45,52.24,45.74,0.0,0.0
1116,42778,55.24,51.69891213136223,0.4755915057784891,1,9,6,50,55.89,60.43,54.86,52.86,53.27,54.12,0.0,0.0
1117,42375,43.81,51.70367212114646,0.4278508581729943,1,10,6,50,36.66,46.71,47.12,39.89,51.45,41.05,0.0,0.0
1118,41129,51.85,50.48175944537743,0.4929109414879012,0,7,6,50,47.17,49.56,55.75,48.82,58.48,51.3,0.0,0.0
1119,42588,60.32,52.3708024595037,0.5056138404287652,0,4,6,50,52.77,65.44,50.96,64.06,59.78,68.88,0.0,0.0
1120,39114,50.41,50.36134436745359,0.5050260353198267,0,12,6,50,55.65,46.29,44.95,56.14,44.03,55.4,0.0,0.0
1121,43282,47.18,49.99501314337949,0.4867467783527271,3,11,6,50,46.73,44.19,42.58,44.54,49.06,55.95,0.0,0.0
1122,41569,53.57,49.38772563598998,0.4853832741190653,1,12,6,50,57.8,58.17,54.55,46.07,57.09,47.76,0.0,0.0
1123,39920,48.13,51.30032008816916,0.5402853943476913,0,10,6,50,51.58,40.38,56.29,49.41,42.69,48.43,0.0,0.0
1124,39517,56.13,51.45749563288988,0.4821069102204485,0,11,6,50,59.77,57.18,49.86,59.17,58.05,52.77,0.0,0.0
1125,41129,48.61,53.036854622906574,0.5078600269573885,0,7,6,50,47.41,51.86,50.03,44.0,45.76,52.6,0.0,0.0
1126,39114,33.23,51.04781650204296,0.5380207445787463,0,12,6,50,34.46,34.52,30.23,34.75,29.64,35.79,0.0,0.0
1127,41532,62.31,53.02354561322304,0.5100774702848763,0,6,6,50,66.84,60.09,63.53,59.43,60.06,63.92,0.0,0.0
1128,35487,45.75,50.50515050588116,0.546289608748006,0,21,6,50,48.1,42.56,50.5,44.39,45.98,42.99,0.0,0.0
1129,38711,43.59,52.93084124955058,0.3789846347843464,0,13,6,50,40.53,44.67,38.63,47.27,44.04,46.42,0.0,0.0
1130,43584,52.36,50.66138694702754,0.489209642188709,1,7,6,50,57.28,55.68,54.61,45.92,54.54,46.12,0.0,0.0
1131,38711,53.58,51.17376910256896,0.4788851336800696,0,13,6,50,58.89,62.7,53.31,51.73,48.04,46.83,0.0,0.0
1132,36293,59.6,52.30634157900517,0.486380973465051,0,19,6,50,56.16,49.36,63.55,60.05,64.17,64.33,0.0,0.0
1133,39114,50.49,52.9909009613232,0.4192813467544702,0,12,6,50,52.7,45.29,55.33,53.26,42.31,54.07,0.0,0.0
1134,39114,52.56,52.05536363370261,0.5298536193470211,0,12,6,50,47.91,62.52,46.08,58.88,55.27,44.67,0.0,0.0
1135,38308,58.24,50.84682254989544,0.4615162260870617,0,14,6,50,61.88,54.16,58.9,61.84,62.97,49.72,0.0,0.0
1136,39517,57.38,49.373078877605415,0.5598496588362896,0,11,6,50,62.57,47.96,55.43,65.2,57.84,55.31,0.0,0.0
1137,36696,58.1,50.256820439582114,0.3937313328908878,0,18,6,50,54.94,53.81,59.13,67.98,58.78,53.93,0.0,0.0
1138,41821,59.88,51.30651749806201,0.5309391717247298,2,13,6,50,67.1,53.92,57.79,58.79,59.47,62.23,0.0,0.0
1139,38308,55.77,51.06882126853286,0.4717895447912311,0,14,6,50,56.73,56.66,64.2,52.87,53.46,50.71,0.0,0.0
1140,35487,46.45,51.91454166995384,0.4496685966282887,0,21,6,50,55.12,47.41,44.22,39.49,52.3,40.16,0.0,0.0
1141,39517,47.08,51.995338282099645,0.481528181884774,0,11,6,50,45.31,41.56,44.92,45.3,53.14,52.23,0.0,0.0
1142,37099,58.44,51.80045491236911,0.501332466367256,0,17,6,50,53.68,64.13,54.9,62.55,53.87,61.52,0.0,0.0
1143,40323,42.3,51.16842125715807,0.5307650775681094,0,9,6,50,43.16,39.75,38.46,40.71,47.41,44.31,0.0,0.0
1144,39517,58.12,51.30654407579502,0.4627432548013263,0,11,6,50,61.47,62.24,49.09,58.74,57.94,59.21,0.0,0.0
1145,45545,60.34,51.82493460337491,0.5811807419606433,2,5,6,50,65.32,57.2,63.77,56.38,60.78,58.62,0.0,0.0
1146,39114,53.99,51.56706530079632,0.5412425042793927,0,12,6,50,53.91,51.7,50.48,48.68,64.86,54.3,0.0,0.0
1147,39517,61.21,53.01596522991441,0.4612348606688501,0,11,6,50,52.96,65.87,67.7,54.15,63.14,63.44,0.0,0.0
1148,39517,62.18,51.75878306981656,0.4357287664266748,0,11,6,50,64.19,66.53,62.7,59.91,66.22,53.55,0.0,0.0
1149,40323,56.98,50.813005622652085,0.5111477505075,0,9,6,50,58.0,56.05,57.38,55.01,55.07,60.34,0.0,0.0
1150,43584,60.86,53.35935688498462,0.517885507444291,1,7,6,50,53.09,65.43,68.3,57.38,58.05,62.91,0.0,0.0
1151,41129,62.13,50.73950824673269,0.4200710065156056,0,7,6,50,60.97,54.63,70.85,64.08,57.95,64.3,0.0,0.0
1152,35487,54.31,52.14703322371841,0.4323937489065143,0,21,6,50,59.81,54.05,63.21,55.87,46.87,46.06,0.0,0.0
1153,39114,51.93,51.57203165600705,0.3978732110764441,0,12,6,50,47.61,51.7,59.06,50.57,52.56,50.1,0.0,0.0
1154,39920,66.34,50.24890055289111,0.4165491979668263,0,10,6,50,68.36,66.45,67.22,67.47,63.19,65.33,0.0,0.0
1155,38711,48.11,50.24535543883521,0.3774903635855093,0,13,6,50,41.42,53.16,42.87,47.98,47.04,56.2,0.0,0.0
1156,44743,57.97,52.279478855300255,0.5497902271189943,4,9,6,50,62.38,61.33,59.05,61.64,52.8,50.6,0.0,0.0
1157,39920,47.99,50.81117211280424,0.4422870411589392,0,10,6,50,43.99,50.72,48.39,46.92,51.53,46.36,0.0,0.0
1158,41129,41.64,52.88348999443341,0.4661001044123495,0,7,6,50,43.38,43.54,45.59,39.89,36.63,40.83,0.0,0.0
1159,39114,53.82,50.79239002627092,0.4696331323975662,0,12,6,50,52.39,55.36,51.28,60.33,55.08,48.46,0.0,0.0
1160,38308,62.14,50.76321232643402,0.4241538332724429,0,14,6,50,62.2,53.99,66.84,67.99,59.33,62.51,0.0,0.0
1161,39920,47.86,51.67606794517536,0.4464902483576409,0,10,6,50,54.34,40.38,50.35,52.7,39.99,49.38,0.0,0.0
1162,38711,46.13,50.958030031629,0.5033906835713304,0,13,6,50,42.72,47.9,44.38,54.0,44.63,43.17,0.0,0.0
1163,40323,48.37,53.102526981353456,0.4621753233100069,0,9,6,50,50.64,54.09,39.94,49.28,45.24,51.0,0.0,0.0
1164,39517,34.95,51.13195590034541,0.5264839916880846,0,11,6,50,37.58,32.84,29.81,38.69,34.5,36.29,0.0,0.0
1165,40726,53.01,50.93967022806425,0.4845235954951033,0,8,6,50,53.04,51.5,60.21,54.75,48.7,49.86,0.0,0.0
1166,40726,54.31,54.45928910821762,0.51288690930443,0,8,6,50,46.39,55.98,57.1,57.73,54.68,53.96,0.0,0.0
1167,39517,53.65,51.277887648900816,0.403093467407685,0,11,6,50,50.41,53.7,58.36,57.58,54.33,47.51,0.0,0.0
1168,39114,36.84,53.09907644034787,0.5039931613344069,0,12,6,50,35.98,42.61,34.19,33.1,38.51,36.65,0.0,0.0
1169,37905,59.98,50.67027581122103,0.493915232645826,0,15,6,50,55.65,52.68,56.98,65.29,64.56,64.69,0.0,0.0
1170,45146,63.26,50.3955581715125,0.3617943099489376,4,8,6,50,68.59,63.63,63.44,58.17,54.85,70.85,0.0,0.0
1171,38308,56.69,52.24389522822563,0.504239772007804,0,14,6,50,60.29,57.09,60.95,50.02,61.76,50.02,0.0,0.0
1172,39517,55.6,52.38580037749461,0.3898313597052402,0,11,6,50,58.21,61.11,52.24,56.13,46.33,59.59,0.0,0.0
1173,39920,59.08,50.05454313009394,0.5557336674417063,0,10,6,50,61.26,52.17,57.14,59.7,60.25,63.94,0.0,0.0
1174,39517,50.39,50.02291760434775,0.4790434743053832,0,11,6,50,47.62,53.61,49.24,52.45,57.41,42.03,0.0,0.0
1175,41129,57.34,50.77852101131285,0.4943897422633949,0,7,6,50,54.3,58.77,58.99,58.73,51.67,61.59,0.0,0.0
1176,39114,54.52,50.72579585439642,0.4008938708225534,0,12,6,50,54.68,53.65,48.09,60.48,57.21,53.03,0.0,0.0
1177,37905,53.28,51.134032232532114,0.5145428730997077,0,15,6,50,51.68,49.34,57.78,48.77,53.35,58.77,0.0,0.0
1178,45549,58.64,50.79534454500964,0.4404312527826403,4,7,6,50,50.35,60.22,60.22,57.39,67.28,56.37,0.0,0.0
1179,39920,57.24,51.65141136174381,0.4241160105505036,0,10,6,50,60.56,61.52,58.33,51.97,53.83,57.24,0.0,0.0
1180,38711,58.42,51.691474653120586,0.5157149072803602,0,13,6,50,46.97,62.98,59.76,61.16,60.38,59.29,0.0,0.0
1181,45146,49.87,51.64604687374359,0.4115392460767837,4,8,6,50,51.23,48.48,55.76,45.84,49.81,48.1,0.0,0.0
1182,38711,43.75,52.4086352985803,0.4484322844034151,0,13,6,50,39.79,52.77,47.24,42.49,34.27,45.92,0.0,0.0
1183,39517,54.78,49.88343394539099,0.5305750129153831,0,11,6,50,51.75,57.81,54.68,49.28,60.31,54.87,0.0,0.0
1184,37502,54.12,51.85313182811903,0.4349268972232569,0,16,6,50,48.96,51.98,56.24,53.6,59.14,54.77,0.0,0.0
1185,38308,43.92,51.33205223836578,0.3313439831866184,0,14,6,50,41.78,41.97,47.85,43.96,47.65,40.31,0.0,0.0
1186,45549,58.57,51.27950904599664,0.4609270936972928,4,7,6,50,60.04,63.96,57.21,62.96,58.27,49.0,0.0,0.0
1187,38711,52.74,53.380153821858286,0.4555263372772535,0,13,6,50,53.08,50.73,56.8,50.54,56.46,48.83,0.0,0.0
1188,37099,55.65,50.6200638369704,0.4836668718924883,0,17,6,50,56.44,47.51,58.18,55.88,55.29,60.6,0.0,0.0
1189,40323,41.82,50.45152062854389,0.4473709076808071,0,9,6,50,44.11,39.02,46.84,39.86,37.88,43.21,0.0,0.0
1190,43030,61.64,50.311233022331294,0.4016204611427248,2,10,6,50,62.44,68.46,59.61,66.53,57.8,54.99,0.0,0.0
1191,38308,41.83,50.49498503121615,0.5059241417115725,0,14,6,50,39.35,36.63,45.61,44.63,39.77,44.97,0.0,0.0
1192,39920,46.27,50.59038447985846,0.501702591059622,0,10,6,50,42.11,47.05,44.22,50.55,47.89,45.82,0.0,0.0
1193,40726,43.58,50.409153882206375,0.473282589971644,0,8,6,50,48.72,43.93,41.61,40.87,39.4,46.95,0.0,0.0
1194,35890,48.71,51.28408088396269,0.5107504394234662,0,20,6,50,43.85,44.54,44.62,46.7,56.54,56.03,0.0,0.0
1195,38308,61.33,51.86076268260635,0.4899167175181491,0,14,6,50,59.31,64.13,63.68,55.63,58.32,66.91,0.0,0.0
1196,42588,55.6,51.39239318599406,0.4559362737222431,0,4,6,50,58.91,45.97,52.39,59.7,54.39,62.22,0.0,0.0
1197,42375,59.1,50.07817124342183,0.4903530277205753,1,10,6,50,64.02,57.76,55.7,62.98,54.95,59.18,0.0,0.0
1198,36696,38.24,52.19024589230791,0.3678411611851209,0,18,6,50,36.46,39.53,38.22,42.1,35.64,37.52,0.0,0.0
1199,40323,63.65,52.26592396838605,0.5229132227243963,0,9,6,50,54.93,58.04,72.97,63.4,69.18,63.41,0.0,0.0
1200,37905,47.41,50.886034738517104,0.4544373677035032,0,15,6,50,40.92,42.77,51.65,53.64,51.79,43.67,0.0,0.0
1201,39517,57.0,52.73675130958827,0.420318464916908,0,11,6,50,55.4,56.97,62.54,56.63,51.52,58.95,0.0,0.0
1202,40323,65.82,51.316223017971375,0.4991666201929057,0,9,6,50,54.68,66.58,69.87,73.51,62.92,67.35,0.0,0.0
1203,39517,49.75,52.39926197321053,0.4433782258958932,0,11,6,50,45.43,54.55,48.25,53.32,48.29,48.66,0.0,0.0
1204,38711,40.84,51.568652769447205,0.4584913355099683,0,13,6,50,34.02,42.87,44.0,35.42,44.54,44.22,0.0,0.0
1205,39114,54.58,51.8991720876304,0.4150160669391819,0,12,6,50,60.5,56.9,46.23,56.07,50.45,57.36,0.0,0.0
1206,39517,49.88,51.539043730292455,0.4696576522712227,0,11,6,50,50.77,40.89,51.42,50.26,56.3,49.67,0.0,0.0
1207,38711,42.99,51.88743922961648,0.4025393217344511,0,13,6,50,36.63,34.29,45.74,47.63,45.67,47.97,0.0,0.0
1208,39517,60.69,50.70576485965384,0.5660602126671611,0,11,6,50,56.36,54.87,64.63,69.09,61.12,58.08,0.0,0.0
1209,37905,54.27,53.048877705706005,0.4756326660543625,0,15,6,50,46.12,53.45,58.07,55.71,58.11,54.14,0.0,0.0
1210,37905,42.08,52.19454080241778,0.3577844465750908,0,15,6,50,44.5,46.5,45.25,35.19,43.74,37.29,0.0,0.0
1211,47208,73.84,53.34417410689086,0.3916888605366516,4,4,6,50,77.68,77.99,66.82,70.82,73.34,76.41,0.0,0.0
1212,39517,55.32,52.29043807004508,0.5089682044601478,0,11,6,50,53.63,46.94,56.63,57.47,57.36,59.87,0.0,0.0
1213,39920,61.28,52.88823236504567,0.5215677369250716,0,10,6,50,55.6,62.35,67.47,63.48,60.17,58.64,0.0,0.0
1214,40323,50.64,51.96633900581763,0.5252447873620404,0,9,6,50,49.32,46.6,50.02,49.92,45.97,62.03,0.0,0.0
1215,37905,47.71,52.86605597681707,0.3703518232194376,0,15,6,50,43.35,41.49,52.26,50.9,49.11,49.16,0.0,0.0
1216,39517,60.25,52.50655532731692,0.4213178323380404,0,11,6,50,66.48,53.34,59.57,61.61,58.41,62.08,0.0,0.0
1217,39920,50.79,50.587588995039454,0.3785693351000725,0,10,6,50,49.08,55.84,51.06,46.16,50.01,52.57,0.0,0.0
1218,36696,56.11,51.97939523337923,0.4374470937170931,0,18,6,50,48.78,57.62,54.93,48.51,62.67,64.14,0.0,0.0
1219,40726,50.68,52.11923173900651,0.4335815922228789,0,8,6,50,48.81,46.81,44.02,55.66,48.45,60.36,0.0,0.0
1220,41129,50.14,51.61377328120205,0.5033924697724055,0,7,6,50,56.49,43.75,45.62,45.1,48.49,61.37,0.0,0.0
1221,37905,54.18,53.2620498543396,0.4457548013141813,0,15,6,50,52.01,53.71,48.89,62.02,46.42,62.04,0.0,0.0
1222,39114,52.02,52.6332721652896,0.52961134697436,0,12,6,50,55.88,46.26,49.09,57.2,55.55,48.11,0.0,0.0
1223,35890,58.82,54.266830087349724,0.5076153246442745,0,20,6,50,48.23,54.74,65.06,63.34,58.89,62.65,0.0,0.0
1224,42741,44.51,50.17975205438004,0.5498866586019286,0,3,6,50,38.96,44.92,43.12,44.47,46.31,49.26,0.0,0.0
1225,39920,57.96,51.73359906491733,0.4475092305112835,0,10,6,50,53.15,60.3,51.1,61.04,59.07,63.09,0.0,0.0
1226,41129,55.8,52.46771674608627,0.3936787179200126,0,7,6,50,63.71,49.4,55.93,50.16,64.08,51.51,0.0,0.0
1227,39114,52.92,51.18741100449862,0.4611851932153971,0,12,6,50,56.51,50.76,53.48,51.17,51.38,54.23,0.0,0.0
1228,36293,53.23,48.88018460308673,0.4275797957558243,0,19,6,50,56.29,48.67,50.78,56.38,59.33,47.92,0.0,0.0
1229,41129,62.02,51.22592080920514,0.4046751595924734,0,7,6,50,68.4,59.07,61.68,59.12,60.68,63.16,0.0,0.0
1230,40726,47.96,49.500182688881246,0.5180770910136725,0,8,6,50,53.01,48.82,49.06,47.49,45.63,43.75,0.0,0.0
1231,39517,49.24,52.98925657120078,0.417840341729748,0,11,6,50,42.95,52.31,48.01,46.34,59.46,46.4,0.0,0.0
1232,39920,58.2,50.71677429230917,0.4796979364235306,0,10,6,50,53.74,58.73,57.05,58.37,53.72,67.56,0.0,0.0
1233,43030,62.93,51.03875481622349,0.4425336258682798,2,10,6,50,60.78,63.64,56.33,61.25,65.45,70.12,0.0,0.0
1234,38711,52.24,52.30126185592812,0.5611821648727828,0,13,6,50,51.42,55.4,49.14,51.06,55.51,50.9,0.0,0.0
1235,38308,49.1,52.04234811197402,0.4294481113981298,0,14,6,50,49.92,49.52,47.53,43.23,54.42,49.96,0.0,0.0
1236,39517,73.89,51.31131437871554,0.3034409306793436,0,11,6,50,77.89,69.21,79.47,68.03,77.56,71.15,0.0,0.0
1237,40726,56.28,51.15548679745586,0.3529936945218416,0,8,6,50,62.06,53.17,61.73,54.15,55.09,51.5,0.0,0.0
1238,43181,53.04,50.46699116337952,0.5161296048548627,1,8,6,50,49.75,49.31,60.49,53.59,49.18,55.93,0.0,0.0
1239,35890,53.06,53.064016062652975,0.4042463823508472,0,20,6,50,47.57,60.18,60.76,49.65,49.49,50.74,0.0,0.0
1240,40323,51.61,54.52994383378911,0.4020511885578461,0,9,6,50,58.07,48.99,58.95,50.21,47.06,46.38,0.0,0.0
1241,37099,45.45,52.651857940010174,0.5157956114649536,0,17,6,50,50.33,43.62,38.95,39.27,51.12,49.4,0.0,0.0
1242,38308,65.96,52.87726117839775,0.5259827111867197,0,14,6,50,61.12,61.68,75.68,71.94,61.26,64.08,0.0,0.0
1243,38711,52.52,51.70812579516067,0.4698710470967615,0,13,6,50,45.41,60.2,51.45,52.08,57.74,48.27,0.0,0.0
1244,39920,48.0,50.98383126086876,0.3651919213472372,0,10,6,50,51.06,51.43,46.27,47.08,46.77,45.41,0.0,0.0
1245,39114,34.49,51.60346373272524,0.5147671701781035,0,12,6,50,39.17,32.38,35.89,31.77,34.59,33.12,0.0,0.0
1246,42435,52.96,50.54315523743222,0.3983846778440196,0,5,6,50,58.8,57.9,58.47,47.13,47.24,48.23,0.0,0.0
1247,38308,64.36,51.35714576897247,0.4388844209562113,0,14,6,50,62.88,68.75,56.78,61.55,64.15,72.05,0.0,0.0
1248,37502,54.67,51.03912925076152,0.4469474804452403,0,16,6,50,48.79,52.21,56.27,63.84,50.68,56.24,0.0,0.0
1249,40726,59.23,50.56927417033229,0.506376402755209,0,8,6,50,53.4,60.66,52.6,56.77,66.67,65.27,0.0,0.0
1250,45146,48.81,51.677036180433575,0.3856793798659985,4,8,6,50,47.08,55.57,48.95,46.38,52.65,42.22,0.0,0.0
1251,39920,49.08,53.565989904771406,0.3943983599662705,0,10,6,50,46.04,48.64,46.1,53.03,51.36,49.31,0.0,0.0
1252,39920,62.49,52.599366842051545,0.3866626602034056,0,10,6,50,67.15,58.67,63.38,68.28,55.8,61.67,0.0,0.0
1253,39517,49.59,51.92756072451662,0.4254218162640331,0,11,6,50,47.84,52.23,46.58,45.63,57.85,47.43,0.0,0.0
1254,44743,55.93,52.03264991200651,0.4411709562966189,4,9,6,50,60.84,63.51,55.57,50.99,49.76,54.89,0.0,0.0
1255,45297,47.68,49.99601913984824,0.4295509117968227,3,6,6,50,40.71,42.77,51.97,52.24,52.51,45.9,0.0,0.0
1256,39517,43.2,49.95791220158183,0.5182794697504784,0,11,6,50,43.36,45.95,42.68,39.4,44.25,43.53,0.0,0.0
1257,41129,47.54,50.77902010425567,0.4359723005649791,0,7,6,50,43.2,47.94,52.27,43.89,44.4,53.52,0.0,0.0
1258,39114,45.82,52.31210507979404,0.3925350696553797,0,12,6,50,40.9,39.8,45.99,47.51,51.02,49.73,0.0,0.0
1259,39517,51.23,51.92114963878453,0.4414548082353128,0,11,6,50,52.89,49.6,48.09,51.86,47.78,57.19,0.0,0.0
1260,40323,59.34,51.33798346092372,0.5379621772717007,0,9,6,50,57.65,51.04,68.73,60.9,63.19,54.52,0.0,0.0
1261,39114,46.25,52.951911676181865,0.4363892548692351,0,12,6,50,48.14,47.95,47.72,44.78,43.18,45.75,0.0,0.0
1262,38308,55.42,49.63718494633125,0.4281960597815955,0,14,6,50,57.76,61.21,54.69,52.1,50.93,55.82,0.0,0.0
1263,39920,61.99,52.522361004960864,0.4131193725593006,0,10,6,50,70.78,63.47,61.53,51.92,59.57,64.66,0.0,0.0
1264,39517,50.52,51.41653249421319,0.5055498468667201,0,11,6,50,52.78,47.31,53.21,56.48,50.76,42.56,0.0,0.0
1265,37905,42.06,51.13799243720042,0.4299455679023237,0,15,6,50,45.98,40.28,48.86,37.64,42.27,37.35,0.0,0.0
1266,39517,54.67,51.16328079795052,0.3827366579492274,0,11,6,50,45.87,51.58,54.9,63.6,53.03,59.04,0.0,0.0
1267,38308,64.22,51.75252702932821,0.5465340544175988,0,14,6,50,63.99,62.85,66.13,58.72,74.7,58.94,0.0,0.0
1268,40726,44.63,52.46008064757205,0.4126251132704203,0,8,6,50,41.96,40.72,46.67,51.37,50.1,36.96,0.0,0.0
1269,39920,53.72,51.54156152914205,0.4684122495916787,0,10,6,50,56.51,60.51,56.36,48.3,47.25,53.38,0.0,0.0
1270,39114,55.38,50.61653906688027,0.4165588058470204,0,12,6,50,50.49,46.27,61.27,60.04,60.36,53.87,0.0,0.0
1271,45698,54.19,50.364420710474384,0.382182029778907,2,4,6,50,59.45,43.72,60.05,51.95,52.56,57.43,0.0,0.0
1272,39517,64.04,50.79636696239015,0.3324104871179741,0,11,6,50,64.25,63.52,62.63,64.23,65.65,63.99,0.0,0.0
1273,43181,55.82,51.29006117102398,0.4926067464843326,1,8,6,50,64.6,61.64,52.48,50.52,53.1,52.55,0.0,0.0
1274,39114,50.04,51.43979108802438,0.5135059909947512,0,12,6,50,49.45,57.26,42.01,54.58,48.96,47.95,0.0,0.0
1275,39114,53.62,52.5429645013458,0.5268882642248921,0,12,6,50,56.71,47.85,49.03,60.14,60.9,47.07,0.0,0.0
1276,40323,61.9,50.294550771315706,0.4851327670521776,0,9,6,50,69.9,59.69,57.12,56.98,54.31,73.41,0.0,0.0
1277,39517,60.02,51.14635234340049,0.4644699098968348,0,11,6,50,50.51,56.69,64.56,58.18,64.06,66.11,0.0,0.0
1278,36696,48.97,52.33066641812788,0.4167471008896727,0,18,6,50,44.5,47.67,47.16,44.44,53.92,56.12,0.0,0.0
1279,35890,52.46,51.76186880526711,0.4602236308265486,0,20,6,50,56.32,52.77,53.17,50.19,56.63,45.68,0.0,0.0
1280,39920,55.09,52.31969450110698,0.5569097755426738,0,10,6,50,57.55,53.97,54.62,59.09,57.27,48.05,0.0,0.0
1281,43181,63.54,52.24175642125875,0.540206260937482,1,8,6,50,53.55,62.3,64.67,59.38,68.81,72.52,0.0,0.0
1282,42588,52.41,50.709051951917786,0.4851391524231322,0,4,6,50,55.2,46.15,58.33,56.82,44.41,53.53,0.0,0.0
1283,42375,55.46,52.11722712452372,0.4152529297864313,1,10,6,50,53.71,57.51,55.17,51.05,61.48,53.83,0.0,0.0
1284,37099,50.85,51.31987241306968,0.4791918585544086,0,17,6,50,46.73,50.57,53.81,53.5,45.2,55.3,0.0,0.0
1285,38711,61.97,51.681777184257086,0.379969240851415,0,13,6,50,67.14,58.78,55.21,67.53,53.58,69.59,0.0,0.0
1286,43433,50.78,51.90532462009884,0.4448852621451752,2,9,6,50,55.81,45.19,56.24,45.88,49.86,51.72,0.0,0.0
1287,42224,48.94,50.63542635065538,0.5179441914745879,2,12,6,50,50.23,50.47,50.35,44.18,50.18,48.2,0.0,0.0
1288,39920,53.9,52.43149017456896,0.4619536422738912,0,10,6,50,63.09,57.39,43.68,59.91,49.14,50.21,0.0,0.0
1289,37905,58.88,51.61499903975269,0.4552982647124316,0,15,6,50,49.27,55.03,66.59,59.65,62.49,60.26,0.0,0.0
1290,41532,56.63,53.35624759977817,0.4341784019955254,0,6,6,50,56.46,54.63,49.55,63.4,59.82,55.91,0.0,0.0
1291,36293,47.95,51.46165766323861,0.4459344141621508,0,19,6,50,49.37,51.7,45.51,50.64,45.99,44.5,0.0,0.0
1292,41129,70.2,53.09874809858012,0.3912524534797393,0,7,6,50,64.55,66.39,76.06,65.68,78.59,69.95,0.0,0.0
1293,37502,54.26,51.23246444436307,0.4592463457946237,0,16,6,50,56.27,54.32,49.1,56.03,48.07,61.77,0.0,0.0
1294,43433,64.03,53.04693065116978,0.393962899106592,2,9,6,50,62.82,67.9,63.81,53.82,69.42,66.43,0.0,0.0
1295,42778,47.19,51.82687484981592,0.4139746427761964,1,9,6,50,39.34,47.81,53.12,44.36,48.63,49.87,0.0,0.0
1296,39920,51.76,52.31882111203575,0.3860804691435797,0,10,6,50,52.29,52.45,50.2,57.79,49.08,48.73,0.0,0.0
1297,39517,53.05,51.43007804668009,0.4257005655306005,0,11,6,50,54.32,45.68,53.75,55.43,55.05,54.06,0.0,0.0
1298,43030,59.04,51.72199916154791,0.3993002155963454,2,10,6,50,61.63,65.66,54.91,50.15,63.57,58.3,0.0,0.0
1299,40323,62.93,51.17576836055423,0.5238543272191384,0,9,6,50,57.24,67.58,63.09,63.64,59.12,66.92,0.0,0.0
1300,40323,42.02,51.76010277417708,0.4523556861160471,0,9,6,50,42.48,41.23,47.6,39.53,44.34,36.94,0.0,0.0
1301,39517,34.68,51.52543529525254,0.4757152392330236,0,11,6,50,34.45,31.68,32.08,34.8,35.71,39.34,0.0,0.0
1302,45549,48.5,51.50002127725509,0.4387442436161372,4,7,6,50,43.54,53.86,48.98,53.72,49.05,41.82,0.0,0.0
1303,39517,61.16,51.74869032907249,0.4207311686356705,0,11,6,50,52.1,55.93,59.1,68.3,58.83,72.73,0.0,0.0
1304,38711,62.52,53.42096005871738,0.5140024895584312,0,13,6,50,54.09,65.38,59.73,60.16,65.02,70.73,0.0,0.0
1305,39920,61.8,50.68065868974444,0.3944797659666662,0,10,6,50,56.78,59.91,60.51,75.24,65.13,53.21,0.0,0.0
1306,41821,65.81,51.51979459737623,0.3882817068146212,2,13,6,50,63.03,72.07,70.16,55.14,62.48,71.98,0.0,0.0
1307,39517,62.47,51.36550302102357,0.4453055959722501,0,11,6,50,64.76,62.33,61.27,65.72,57.98,62.74,0.0,0.0
1308,39517,55.0,51.83412667430227,0.5530349119707554,0,11,6,50,66.82,48.34,57.47,47.58,48.01,61.79,0.0,0.0
1309,38308,49.14,52.84153599103175,0.4304878855826702,0,14,6,50,44.44,51.7,51.86,47.02,59.24,40.61,0.0,0.0
1310,39517,55.04,51.64556961171015,0.4441974649892341,0,11,6,50,56.03,58.32,55.66,51.08,49.65,59.51,0.0,0.0
1311,39920,55.93,51.27945530196449,0.4970156137240646,0,10,6,50,53.72,51.39,53.01,57.69,61.34,58.44,0.0,0.0
1312,37905,41.26,50.425005375179936,0.4616208289714553,0,15,6,50,45.14,39.0,42.02,40.35,38.26,42.79,0.0,0.0
1313,41129,58.02,51.077321278494175,0.4168434094461193,0,7,6,50,61.54,60.62,55.4,58.77,63.02,48.75,0.0,0.0
1314,43937,40.54,51.32000641184592,0.3973517454523398,4,11,6,50,39.68,43.05,34.95,36.71,44.14,44.7,0.0,0.0
1315,39114,47.58,51.42666739221544,0.4274926809775771,0,12,6,50,46.82,47.51,48.98,43.86,50.38,47.96,0.0,0.0
1316,43584,50.59,50.26781376120178,0.467448160610994,1,7,6,50,49.71,55.44,58.98,48.47,45.78,45.17,0.0,0.0
1317,43030,45.13,50.8505091858374,0.5145223965061179,2,10,6,50,47.42,50.1,42.91,44.64,44.13,41.58,0.0,0.0
1318,39114,53.04,53.09273895646543,0.4163259590158223,0,12,6,50,56.24,50.69,50.04,51.86,55.4,54.0,0.0,0.0
1319,43584,49.22,50.90363883924234,0.4183047797002638,1,7,6,50,47.22,52.33,45.04,53.52,48.6,48.61,0.0,0.0
1320,37905,52.34,52.62268161181064,0.375983216644843,0,15,6,50,51.91,50.81,53.05,61.76,47.95,48.59,0.0,0.0
1321,42375,54.87,51.61876307954893,0.4930078395643514,1,10,6,50,59.55,56.87,57.96,47.76,46.74,60.34,0.0,0.0
1322,42224,50.04,53.16460957884402,0.4736568566299597,2,12,6,50,47.15,50.36,48.69,48.23,53.48,52.32,0.0,0.0
1323,36696,62.12,51.13866418948558,0.4521864338265949,0,18,6,50,65.38,65.83,59.08,53.17,66.23,63.02,0.0,0.0
1324,42224,52.58,52.41556824231164,0.4066000399324067,2,12,6,50,58.35,43.45,50.71,54.63,53.58,54.77,0.0,0.0
1325,42375,42.94,48.58428762615397,0.4893259610449987,1,10,6,50,46.11,40.67,41.39,45.01,43.39,41.09,0.0,0.0
1326,37905,41.62,51.02509826210029,0.4306620924335606,0,15,6,50,38.32,38.91,47.22,44.43,42.39,38.44,0.0,0.0
1327,40323,59.92,51.87357023212456,0.4392436854580438,0,9,6,50,58.9,57.93,61.81,56.09,64.16,60.61,0.0,0.0
1328,42375,49.5,51.20386422824081,0.4187865979676812,1,10,6,50,49.11,51.16,50.28,49.33,45.45,51.7,0.0,0.0
1329,40323,58.98,50.47267910840226,0.4705236706559626,0,9,6,50,54.28,52.96,62.36,63.75,55.32,65.22,0.0,0.0
1330,40323,50.17,52.69531501275094,0.4614057151159295,0,9,6,50,52.3,48.96,50.61,49.4,50.62,49.12,0.0,0.0
1331,44239,64.7,51.36086250971268,0.4587121169939268,2,7,6,50,58.86,67.8,66.26,69.66,67.85,57.74,0.0,0.0
1332,38308,59.56,52.05425146383318,0.4726384561021343,0,14,6,50,51.51,66.01,66.28,51.17,61.02,61.36,0.0,0.0
1333,39517,54.88,52.3009819104977,0.5428019971697755,0,11,6,50,55.79,56.4,65.43,55.62,48.9,47.14,0.0,0.0
1334,39920,47.04,53.07894742208383,0.4228440554350171,0,10,6,50,44.86,51.05,36.65,51.33,46.58,51.78,0.0,0.0
1335,41532,51.86,50.91888834028419,0.368753072426928,0,6,6,50,50.44,57.82,45.7,56.04,50.52,50.62,0.0,0.0
1336,44743,57.16,50.7343270122197,0.4850816443988865,4,9,6,50,60.3,57.69,60.67,59.68,51.65,52.94,0.0,0.0
1337,38711,58.41,52.53799809090817,0.4614096409344618,0,13,6,50,55.15,57.39,61.12,55.22,56.63,64.95,0.0,0.0
1338,39517,50.48,53.50621205056511,0.4471806150603785,0,11,6,50,54.05,49.21,55.5,43.19,47.42,53.52,0.0,0.0
1339,41532,62.0,51.22773193530964,0.5160550553831625,0,6,6,50,62.16,69.92,65.25,64.76,57.9,52.04,0.0,0.0
1340,40323,49.99,52.54484582145485,0.3861647592174921,0,9,6,50,53.89,47.14,51.05,44.87,55.44,47.55,0.0,0.0
1341,36293,47.92,50.18293569521608,0.4870975647411002,0,19,6,50,44.76,47.52,50.37,48.92,39.88,56.04,0.0,0.0
1342,38308,52.41,52.18955959393286,0.4590486857321825,0,14,6,50,44.43,51.88,51.41,60.25,46.02,60.45,0.0,0.0
1343,39920,56.79,52.19560571655549,0.4440186554356721,0,10,6,50,57.21,53.06,68.85,50.45,54.8,56.37,0.0,0.0
1344,38711,51.43,51.34225749617961,0.5542146697695771,0,13,6,50,48.26,47.57,57.62,47.17,55.29,52.68,0.0,0.0
1345,39517,46.66,52.70192635712303,0.3953899301045671,0,11,6,50,49.89,46.28,38.97,47.29,47.62,49.94,0.0,0.0
1346,39920,46.46,50.21604286284267,0.4753741450787989,0,10,6,50,52.3,43.7,42.14,47.44,46.84,46.32,0.0,0.0
1347,39114,56.4,51.72437350005013,0.52323762730136,0,12,6,50,53.05,52.04,58.8,53.57,60.63,60.29,0.0,0.0
1348,39517,51.89,53.04784477929277,0.4624883039394429,0,11,6,50,52.83,53.09,46.62,50.97,51.94,55.87,0.0,0.0
1349,39114,60.44,51.73849463246312,0.4194463726472948,0,12,6,50,52.7,64.96,64.11,60.62,57.24,63.03,0.0,0.0
1350,41532,64.82,51.03622152198302,0.4386620810552997,0,6,6,50,66.91,70.88,62.68,63.85,65.97,58.6,0.0,0.0
1351,40323,54.04,50.5920942839467,0.5212322268633515,0,9,6,50,56.92,53.61,51.16,54.13,54.91,53.48,0.0,0.0
1352,43181,54.87,50.664447011150415,0.4205454337669054,1,8,6,50,59.03,57.01,53.52,55.34,57.66,46.64,0.0,0.0
1353,48511,49.95,51.25113038741331,0.4386246030927047,4,3,6,50,56.88,48.31,51.95,39.33,47.87,55.38,0.0,0.0
1354,39920,44.89,50.44912390905419,0.4601521805821542,0,10,6,50,45.13,41.83,48.04,47.3,38.22,48.84,0.0,0.0
1355,39920,57.88,50.925313637005125,0.4561347197806015,0,10,6,50,61.56,62.49,53.16,49.89,59.34,60.85,0.0,0.0
1356,39114,42.3,52.08484446962231,0.4862020787722627,0,12,6,50,40.65,42.56,43.39,47.01,38.49,41.73,0.0,0.0
1357,42224,50.32,51.23779512275626,0.5243594548057586,2,12,6,50,48.11,48.59,52.44,44.01,59.2,49.59,0.0,0.0
1358,44894,53.32,50.89743831105263,0.4258249846077887,3,7,6,50,50.98,53.62,48.8,50.39,57.01,59.14,0.0,0.0
1359,38711,47.86,52.54536204558512,0.4102346888080784,0,13,6,50,43.98,47.41,43.14,49.75,53.81,49.08,0.0,0.0
1360,37502,61.59,51.41794552877579,0.3728419465482407,0,16,6,50,64.59,58.53,65.85,59.29,57.44,63.82,0.0,0.0
1361,37502,53.72,50.97552307542403,0.4651068136950946,0,16,6,50,48.34,50.27,50.78,54.2,60.61,58.12,0.0,0.0
1362,41532,44.57,51.573801888513096,0.4128724629103685,0,6,6,50,44.01,40.45,42.95,49.43,47.06,43.51,0.0,0.0
1363,40323,37.03,50.44432860260602,0.4592577585062498,0,9,6,50,36.73,35.07,36.34,39.01,33.18,41.83,0.0,0.0
1364,37905,54.99,52.30308124737895,0.4355865425533773,0,15,6,50,55.15,59.89,57.78,50.98,51.19,54.92,0.0,0.0
1365,44239,57.3,52.36056329291324,0.3554712375819741,2,7,6,50,49.31,58.73,62.57,60.04,55.57,57.56,0.0,0.0
1366,45297,53.82,51.62099102531278,0.4344623620094548,3,6,6,50,52.49,54.07,59.08,52.56,50.54,54.15,0.0,0.0
1367,43433,49.32,53.56136980189146,0.4927084808462044,2,9,6,50,56.62,53.19,46.66,42.19,45.42,51.81,0.0,0.0
1368,40323,57.34,52.15390393529077,0.4302378381069056,0,9,6,50,64.88,58.05,54.01,55.66,57.12,54.3,0.0,0.0
1369,39114,54.22,50.58810758376276,0.396087217554081,0,12,6,50,57.51,55.74,53.69,49.65,50.39,58.34,0.0,0.0
1370,37502,58.22,52.32851933009531,0.3699605779769873,0,16,6,50,62.18,50.67,68.03,50.99,51.44,66.04,0.0,0.0
1371,38711,51.56,50.720848865288026,0.4125480542687877,0,13,6,50,53.35,50.13,50.02,53.54,51.44,50.85,0.0,0.0
1372,45545,56.51,50.821806433526,0.3844001638995997,2,5,6,50,58.63,62.36,46.21,51.7,64.29,55.84,0.0,0.0
1373,36293,60.79,53.71509752117414,0.4980503788277809,0,19,6,50,58.15,59.97,58.78,57.9,64.08,65.84,0.0,0.0
1374,39517,51.2,52.05823081700905,0.4162340704549854,0,11,6,50,57.69,55.44,46.78,46.45,52.4,48.43,0.0,0.0
1375,44894,59.24,51.275030200289706,0.3418705638413586,3,7,6,50,53.91,52.22,58.3,59.34,65.85,65.8,0.0,0.0
1376,39114,55.73,51.46823443513093,0.4115800181329834,0,12,6,50,58.75,50.32,64.05,54.51,48.04,58.71,0.0,0.0
1377,38711,33.66,50.75669070570695,0.4478464835248875,0,13,6,50,34.76,30.59,31.75,38.9,29.11,36.86,0.0,0.0
1378,38711,56.33,51.92192112909614,0.4688638257510447,0,13,6,50,62.95,57.9,49.57,53.73,55.67,58.15,0.0,0.0
1379,43181,58.84,50.86077018733668,0.4160023219825559,1,8,6,50,50.72,62.99,59.36,58.76,62.9,58.33,0.0,0.0
1380,43937,62.62,51.74769078096542,0.3524258502076655,4,11,6,50,66.15,68.75,59.38,60.13,59.56,61.76,0.0,0.0
1381,47208,57.88,50.85974041653453,0.3203323576860373,4,4,6,50,49.72,57.55,67.77,53.63,62.89,55.71,0.0,0.0
1382,45549,53.52,51.81291280546347,0.4397207749216907,4,7,6,50,46.35,54.78,55.19,57.37,56.18,51.26,0.0,0.0
1383,40726,65.28,52.28477947248359,0.4513706441221856,0,8,6,50,65.19,63.48,64.05,65.81,71.85,61.3,0.0,0.0
1384,45545,48.94,50.86914319270066,0.5043178618314278,2,5,6,50,49.5,51.79,46.11,51.77,44.3,50.16,0.0,0.0
1385,39517,69.09,49.9484154074502,0.4590608474981507,0,11,6,50,77.87,70.63,73.62,61.95,63.79,66.69,0.0,0.0
1386,43181,55.8,49.995467543158966,0.4214834893735413,1,8,6,50,61.26,59.77,50.7,51.01,57.5,54.57,0.0,0.0
1387,44743,48.9,51.49651632996997,0.433355046509249,4,9,6,50,45.64,46.54,47.26,54.96,42.92,56.05,0.0,0.0
1388,38308,59.78,51.69504709434083,0.3349722726550115,0,14,6,50,59.4,56.91,56.93,67.18,54.36,63.93,0.0,0.0
1389,39114,42.73,51.272711279162216,0.3940994876258692,0,12,6,50,37.38,46.72,46.91,46.44,37.65,41.26,0.0,0.0
1390,41821,63.9,51.163718990011,0.4606021755886962,2,13,6,50,63.59,57.58,69.96,62.13,63.61,66.5,0.0,0.0
1391,39517,57.26,51.34251713353076,0.4660537611049994,0,11,6,50,63.98,61.72,51.32,53.88,56.41,56.22,0.0,0.0
1392,43987,41.93,50.73645537248249,0.4330426977212812,1,6,6,50,38.67,38.99,38.47,52.47,37.52,45.45,0.0,0.0
1393,46859,48.75,51.45023200276257,0.4314495233222326,6,7,6,50,45.69,46.09,57.6,58.11,43.15,41.88,0.0,0.0
1394,38308,51.63,52.70484626177433,0.3905759189699837,0,14,6,50,50.41,50.57,57.04,49.05,58.76,43.96,0.0,0.0
1395,39114,60.62,52.460567573045935,0.5103281758026053,0,12,6,50,67.44,62.55,56.68,60.71,56.8,59.51,0.0,0.0
1396,38711,56.98,50.90236070131383,0.4416736131541059,0,13,6,50,53.6,55.87,57.99,65.18,53.22,56.04,0.0,0.0
1397,40726,64.24,53.25940622047647,0.5077232664297731,0,8,6,50,63.72,65.76,62.23,58.71,67.66,67.35,0.0,0.0
1398,39920,67.42,49.79166663354953,0.4332351829565406,0,10,6,50,60.19,74.22,71.48,61.51,72.21,64.94,0.0,0.0
1399,39114,46.34,53.07052014507094,0.4436136870206367,0,12,6,50,48.29,42.64,52.21,41.88,44.33,48.67,0.0,0.0
1400,38711,46.5,52.19534930193743,0.5237502432586202,0,13,6,50,47.23,41.81,48.44,46.05,48.74,46.75,0.0,0.0
1401,40323,47.45,52.21494526129056,0.4550182539635779,0,9,6,50,54.55,46.5,48.8,42.35,44.18,48.34,0.0,0.0
1402,40323,56.62,50.48063476269214,0.3931040374174397,0,9,6,50,53.61,52.04,64.73,51.7,60.78,56.89,0.0,0.0
1403,39114,53.42,52.76601395776089,0.4373246469550712,0,12,6,50,59.41,51.04,56.82,52.71,47.07,53.5,0.0,0.0
1404,37099,57.37,51.89832310011046,0.4336373031437983,0,17,6,50,65.26,57.12,56.34,62.87,51.56,51.08,0.0,0.0
1405,39517,58.74,51.47933799016781,0.4296847145812436,0,11,6,50,55.41,56.92,59.86,56.79,60.42,63.06,0.0,0.0
1406,44491,59.68,53.482132339684966,0.4609093745562257,3,8,6,50,60.51,54.89,54.79,57.82,73.33,56.72,0.0,0.0
1407,41532,63.44,51.392742567071984,0.3987130736961768,0,6,6,50,61.76,65.86,65.01,63.44,66.16,58.41,0.0,0.0
1408,39114,73.64,51.27009435351872,0.3544259416055627,0,12,6,50,76.57,81.59,72.16,67.11,69.19,75.24,0.0,0.0
1409,39517,54.26,52.611066181611584,0.3523866387574424,0,11,6,50,52.09,61.58,51.87,51.06,48.29,60.68,0.0,0.0
1410,39114,55.03,52.81362186919106,0.4418332722591395,0,12,6,50,56.68,59.34,49.69,56.16,54.69,53.62,0.0,0.0
1411,39920,30.99,50.48911993371258,0.4676120062828727,0,10,6,50,27.93,32.3,30.4,29.21,35.55,30.58,0.0,0.0
1412,43584,52.31,50.53703064320461,0.4068592081473833,1,7,6,50,51.4,50.17,54.56,51.52,50.07,56.11,0.0,0.0
1413,40323,56.99,52.40500914854764,0.4216178710055771,0,9,6,50,54.72,54.43,60.13,57.12,55.4,60.16,0.0,0.0
1414,43987,57.66,51.22163566817117,0.4708350082238626,1,6,6,50,62.28,63.75,53.34,56.37,60.98,49.23,0.0,0.0
1415,38308,54.35,50.906138008831775,0.3861290842685249,0,14,6,50,53.66,50.24,52.03,53.26,59.05,57.86,0.0,0.0
1416,39517,63.53,53.10164287613152,0.4789702890087776,0,11,6,50,63.47,59.5,57.24,66.6,69.05,65.34,0.0,0.0
1417,42728,57.73,50.939821543130456,0.4348973820104086,4,14,6,50,61.67,58.8,51.18,57.18,61.67,55.86,0.0,0.0
1418,39517,59.19,52.79851431107236,0.4928708302274642,0,11,6,50,62.0,61.61,63.53,61.19,56.59,50.23,0.0,0.0
1419,39517,45.8,52.614986174580686,0.4254984994616466,0,11,6,50,50.39,39.55,51.32,44.97,48.2,40.35,0.0,0.0
1420,39517,56.55,51.05936793024316,0.4243313043994151,0,11,6,50,61.37,56.42,56.79,49.28,57.44,57.99,0.0,0.0
1421,44239,52.93,51.67357494259553,0.4729067428136481,2,7,6,50,49.64,62.03,51.71,53.4,45.85,54.96,0.0,0.0
1422,37905,64.64,52.374784593715376,0.3895130716706398,0,15,6,50,58.93,66.35,67.68,68.83,57.72,68.36,0.0,0.0
1423,39517,49.23,51.66582460419499,0.4109315610407108,0,11,6,50,44.39,50.75,55.2,50.88,49.71,44.43,0.0,0.0
1424,37905,50.24,51.89628960470295,0.4570340222539099,0,15,6,50,43.81,56.4,44.84,60.58,48.1,47.7,0.0,0.0
1425,40726,59.64,52.75633353524075,0.4170010409953378,0,8,6,50,64.84,59.65,60.48,56.38,56.28,60.2,0.0,0.0
1426,39920,53.06,51.36705683177584,0.4389703799170741,0,10,6,50,51.87,45.45,56.86,56.02,55.41,52.74,0.0,0.0
1427,39114,60.75,51.824788497004846,0.4948597663476788,0,12,6,50,64.36,65.2,63.92,66.77,51.81,52.43,0.0,0.0
1428,39114,54.04,52.65934590706456,0.5379228286933828,0,12,6,50,52.08,56.7,54.48,56.84,47.44,56.73,0.0,0.0
1429,43584,58.52,51.53396797583211,0.4923907874079391,1,7,6,50,61.18,64.57,56.28,63.09,52.46,53.54,0.0,0.0
1430,40323,50.63,52.31251464513204,0.4410115180287846,0,9,6,50,48.53,59.5,47.26,48.27,54.24,45.97,0.0,0.0
1431,44890,49.77,53.033765445933085,0.4712684664892893,1,5,6,50,46.89,46.75,53.57,53.62,51.54,46.24,0.0,0.0
1432,43937,48.29,52.591024597974105,0.4372492438266392,4,11,6,50,46.81,46.45,47.17,50.02,49.96,49.33,0.0,0.0
1433,40726,60.34,51.32761471643549,0.4640402564201933,0,8,6,50,67.8,52.44,59.79,64.44,60.74,56.83,0.0,0.0
1434,38711,52.17,51.43858791087912,0.3418747963827297,0,13,6,50,56.07,49.77,46.46,49.78,54.2,56.74,0.0,0.0
1435,39517,60.13,51.31435838984652,0.4217647724761227,0,11,6,50,59.89,57.56,65.02,55.36,57.15,65.79,0.0,0.0
1436,40726,58.74,51.62465469411959,0.318753879063564,0,8,6,50,49.59,54.89,63.78,64.79,64.05,55.34,0.0,0.0
1437,38711,52.21,52.96958454409232,0.4225182386131948,0,13,6,50,49.83,47.49,53.37,61.67,52.74,48.15,0.0,0.0
1438,40323,49.87,51.37790484221165,0.4247593510994227,0,9,6,50,48.41,47.51,53.9,51.28,46.6,51.51,0.0,0.0
1439,43030,54.84,52.30800434657712,0.4269978745506115,2,10,6,50,57.59,54.62,49.56,53.64,56.47,57.15,0.0,0.0
1440,39517,47.06,51.3036785970718,0.4502338743371156,0,11,6,50,39.83,51.15,50.47,45.94,44.56,50.38,0.0,0.0
1441,39517,56.16,51.94180874091126,0.363928211226645,0,11,6,50,49.98,61.14,55.61,59.95,63.47,46.8,0.0,0.0
1442,39114,56.6,51.757660536688654,0.4778336729489202,0,12,6,50,60.66,63.03,52.97,48.17,61.52,53.28,0.0,0.0
1443,37905,49.72,51.25184565591308,0.364492436849217,0,15,6,50,45.62,49.66,55.98,52.43,48.78,45.86,0.0,0.0
1444,41129,61.45,52.94218121103825,0.4614796830678245,0,7,6,50,57.08,61.6,61.19,63.63,67.33,57.9,0.0,0.0
1445,40323,58.08,51.25401498855495,0.5107002328448006,0,9,6,50,53.06,54.4,60.91,62.03,61.1,57.01,0.0,0.0
1446,48511,57.94,52.507948556750925,0.3817508049676013,4,3,6,50,58.59,70.1,52.11,54.01,53.39,59.47,0.0,0.0
1447,39920,70.82,51.24117071489719,0.4277987444567668,0,10,6,50,66.4,72.66,60.87,75.52,80.76,68.71,0.0,0.0
1448,37502,59.99,52.31341146418424,0.4030609497443328,0,16,6,50,60.75,59.16,61.59,64.44,54.76,59.25,0.0,0.0
1449,41418,59.26,52.54254965933476,0.4161067542497711,2,14,6,50,56.46,62.74,62.54,53.35,61.51,58.97,0.0,0.0
1450,37905,60.05,51.02843332184288,0.463552113437106,0,15,6,50,53.2,54.11,61.39,64.31,62.84,64.44,0.0,0.0
1451,44642,54.3,51.65827728384251,0.3313434926863355,2,6,6,50,55.52,58.74,54.36,57.69,49.0,50.5,0.0,0.0
1452,45698,60.43,50.84638030402592,0.4546781891114836,2,4,6,50,54.84,70.77,56.49,56.81,60.42,63.23,0.0,0.0
1453,38711,54.01,51.06867707350796,0.5122601063884435,0,13,6,50,55.76,54.65,53.78,47.78,62.03,50.06,0.0,0.0
1454,39517,56.11,50.47383928575637,0.4501829321581101,0,11,6,50,51.39,59.11,65.09,53.87,53.34,53.84,0.0,0.0
1455,39517,53.56,51.95045528859974,0.3644558319702086,0,11,6,50,59.51,51.04,54.71,58.25,54.82,43.02,0.0,0.0
1456,39114,56.63,50.64120272607076,0.3929402705495325,0,12,6,50,59.03,51.19,49.73,55.1,58.5,66.26,0.0,0.0
1457,45952,74.08,51.54977884065831,0.3844104024708785,4,6,6,50,77.0,75.92,79.1,74.52,73.63,64.32,0.0,0.0
1458,40726,49.37,52.02685251662912,0.4308759023966856,0,8,6,50,52.64,55.09,41.26,45.66,51.67,49.92,0.0,0.0
1459,43030,60.14,52.60738745922385,0.4454736222859719,2,10,6,50,61.89,53.65,58.01,69.27,60.15,57.85,0.0,0.0
1460,44642,54.92,53.95939970856408,0.385231517844756,2,6,6,50,61.73,61.36,47.18,52.22,48.75,58.3,0.0,0.0
1461,39920,62.48,51.98480386167733,0.3940577918863098,0,10,6,50,56.42,50.07,69.17,65.61,60.68,72.91,0.0,0.0
1462,38711,41.23,50.80447896841656,0.3831750482041142,0,13,6,50,41.05,40.34,46.75,45.36,37.77,36.1,0.0,0.0
1463,40323,56.09,52.17121638925538,0.4206513164757712,0,9,6,50,44.23,61.35,58.37,57.24,56.86,58.5,0.0,0.0
1464,39517,62.34,52.49297403559147,0.4644692926312546,0,11,6,50,57.45,65.93,66.21,66.0,66.11,52.35,0.0,0.0
1465,49519,67.04,51.70840360720201,0.4279994228223369,8,7,6,50,62.38,64.69,74.13,71.44,66.7,62.87,0.0,0.0
1466,38308,55.27,52.301143552646685,0.4507497222253152,0,14,6,50,51.87,55.24,56.9,58.03,59.52,50.04,0.0,0.0
1467,39920,67.31,51.83339456457077,0.377178198643489,0,10,6,50,75.51,65.67,70.99,57.19,59.08,75.44,0.0,0.0
1468,40323,56.62,51.53080262864717,0.4788597333022025,0,9,6,50,66.5,49.07,50.7,58.74,62.53,52.17,0.0,0.0
1469,38711,48.19,51.19595946548222,0.4705873815666501,0,13,6,50,46.05,46.16,48.88,53.66,42.98,51.42,0.0,0.0
1470,39114,53.53,53.74325111705723,0.3858560679227313,0,12,6,50,46.67,56.2,53.06,53.15,59.1,52.99,0.0,0.0
1471,40726,43.83,51.70236017072265,0.434607704633914,0,8,6,50,52.24,42.24,40.0,40.89,42.41,45.19,0.0,0.0
1472,39517,56.02,54.45590786765061,0.3700677134053597,0,11,6,50,67.82,58.24,55.29,53.67,50.18,50.95,0.0,0.0
1473,39517,60.54,53.009283155437714,0.4370899504527761,0,11,6,50,62.1,58.54,59.98,65.65,53.46,63.53,0.0,0.0
1474,41129,41.03,51.264881256215546,0.4156854390770679,0,7,6,50,38.38,43.75,47.55,35.12,37.25,44.11,0.0,0.0
1475,43836,61.42,51.55153265312501,0.3655465345144798,2,8,6,50,58.43,62.67,61.4,66.23,54.48,65.31,0.0,0.0
1476,40726,51.68,51.09359048319375,0.3940872155504022,0,8,6,50,57.24,49.5,51.3,57.38,44.93,49.71,0.0,0.0
1477,39114,50.24,51.45520345161604,0.3440096948751796,0,12,6,50,43.67,55.26,48.3,50.54,47.82,55.82,0.0,0.0
1478,42894,52.88,51.264634700308896,0.4610996782753248,0,2,6,50,46.11,51.35,57.16,55.35,52.25,55.07,0.0,0.0
1479,43836,57.42,50.043664355665015,0.4641802644466831,2,8,6,50,60.88,55.08,56.05,55.17,52.21,65.15,0.0,0.0
1480,39517,61.66,51.93014180384561,0.3891116964089171,0,11,6,50,55.73,58.2,70.87,58.71,66.01,60.41,0.0,0.0
1481,40323,47.3,51.66108318054234,0.3494280463111713,0,9,6,50,50.23,44.45,46.43,47.28,48.42,46.97,0.0,0.0
1482,44491,55.76,51.83325697441827,0.4880078058478035,3,8,6,50,54.39,52.63,55.85,57.71,57.03,56.97,0.0,0.0
1483,38711,58.41,51.10584476465127,0.4582525141286739,0,13,6,50,61.37,56.42,57.02,58.65,61.19,55.83,0.0,0.0
1484,37099,65.54,51.48889648970198,0.4315900627565345,0,17,6,50,61.18,68.05,59.5,68.44,71.01,65.09,0.0,0.0
1485,39517,57.06,51.896320746545975,0.395956141402169,0,11,6,50,55.9,58.25,53.38,54.19,58.13,62.5,0.0,0.0
1486,38308,54.8,50.86130453331924,0.4141560509790215,0,14,6,50,48.87,53.55,55.0,60.74,50.54,60.1,0.0,0.0
1487,41532,59.49,51.76920369052779,0.4352329768435997,0,6,6,50,54.98,61.16,59.23,58.99,60.54,62.03,0.0,0.0
1488,42778,59.6,53.33917379192519,0.4550943100661465,1,9,6,50,54.35,63.04,61.75,55.35,67.49,55.63,0.0,0.0
1489,39114,53.52,52.97820525249983,0.40542337672494,0,12,6,50,58.29,50.36,48.52,61.88,53.55,48.53,0.0,0.0
1490,42627,62.98,51.64969090959314,0.4259224026497759,2,11,6,50,61.81,62.05,70.82,52.85,67.94,62.43,0.0,0.0
1491,44642,56.27,50.33813635778906,0.4395879880315745,2,6,6,50,54.01,49.94,49.92,62.98,57.52,63.24,0.0,0.0
1492,41129,43.38,52.459397647262286,0.4799290875589208,0,7,6,50,51.49,45.0,35.13,38.18,43.76,46.69,0.0,0.0
1493,39517,53.83,51.81537380054596,0.4222914040716592,0,11,6,50,52.64,48.62,65.98,48.92,57.16,49.65,0.0,0.0
1494,38308,46.55,51.44973401655166,0.4590534051953399,0,14,6,50,44.64,48.95,43.59,52.74,49.11,40.29,0.0,0.0
1495,41532,58.66,51.2062547089572,0.5155676481053081,0,6,6,50,51.08,61.77,59.73,69.28,57.0,53.08,0.0,0.0
1496,42375,53.51,51.62981142329727,0.381533271103099,1,10,6,50,48.64,50.97,50.96,62.06,49.67,58.76,0.0,0.0
1497,43836,58.16,51.1323349018781,0.3895042905140605,2,8,6,50,56.78,63.69,61.98,52.68,51.26,62.6,0.0,0.0
1498,46200,58.3,51.33540927172788,0.4669334230755702,3,5,6,50,64.39,52.28,58.19,59.58,58.63,56.73,0.0,0.0
1499,43836,53.25,52.28813410863764,0.3871799866715359,2,8,6,50,46.2,58.08,54.73,59.79,49.25,51.45,0.0,0.0
1500,41129,60.89,53.55653521510786,0.472331979612767,0,7,6,50,66.47,55.2,62.63,65.52,60.5,55.01,0.0,0.0
1501,46607,60.39,52.40828863833502,0.408085008577204,5,6,6,50,56.69,62.11,59.63,56.38,59.56,67.98,0.0,0.0
1502,42778,48.16,52.14659004868529,0.4276182036094572,1,9,6,50,49.54,42.65,51.12,44.01,45.36,56.31,0.0,0.0
1503,39920,57.78,49.549042432426894,0.4576280216750082,0,10,6,50,54.35,52.17,62.7,55.23,66.36,55.84,0.0,0.0
1504,45952,56.35,52.28759990129328,0.3844553771580019,4,6,6,50,59.73,52.99,60.7,47.68,57.93,59.07,0.0,0.0
1505,44491,69.48,51.53892061314239,0.4311961912101301,3,8,6,50,72.43,78.07,63.34,64.65,74.53,63.84,0.0,0.0
1506,39920,66.04,52.736792825640514,0.4426729220892092,0,10,6,50,68.25,65.5,60.5,55.07,72.86,74.05,0.0,0.0
1507,39114,59.37,50.90137186568574,0.3712914901927235,0,12,6,50,56.92,52.72,67.16,54.05,63.43,61.91,0.0,0.0
1508,43836,62.95,51.93531378994975,0.4560992741232145,2,8,6,50,64.57,67.05,63.65,51.75,69.02,61.65,0.0,0.0
1509,45146,48.72,51.54172165478145,0.395565992126253,4,8,6,50,45.5,54.85,45.99,47.01,49.39,49.58,0.0,0.0
1510,39920,52.9,52.05679542945011,0.4288131528423707,0,10,6,50,51.21,59.98,57.81,47.62,48.62,52.15,0.0,0.0
1511,40323,48.28,51.871029182894766,0.3926779058699896,0,9,6,50,44.57,48.86,43.4,46.18,56.06,50.58,0.0,0.0
1512,37905,56.86,52.4198701329618,0.4140335566486879,0,15,6,50,55.3,57.23,61.02,61.24,54.15,52.19,0.0,0.0
1513,44894,77.83,50.66840373451563,0.4313550470801914,3,7,6,50,83.46,74.59,74.83,86.72,74.91,72.49,0.0,0.0
1514,41129,45.65,53.0678806278797,0.4335333334203521,0,7,6,50,47.58,46.06,47.95,39.41,49.45,43.44,0.0,0.0
1515,45146,51.82,52.563577894208834,0.4761100906108343,4,8,6,50,50.11,47.79,51.95,48.07,56.72,56.28,0.0,0.0
1516,40726,59.14,53.26069551526669,0.3558552775796333,0,8,6,50,52.03,55.19,61.23,54.85,70.71,60.85,0.0,0.0
1517,41418,60.47,51.15468883463909,0.4542427782714175,2,14,6,50,64.73,57.97,58.68,66.85,52.5,62.11,0.0,0.0
1518,45545,55.48,52.10067807779445,0.4553937554881926,2,5,6,50,62.35,51.81,49.72,58.25,65.74,45.03,0.0,0.0
1519,43836,54.44,51.23096943507196,0.3605779132614595,2,8,6,50,59.35,58.24,47.94,55.17,50.46,55.48,0.0,0.0
1520,38711,50.65,52.50097771124071,0.4267905649753223,0,13,6,50,53.31,49.88,54.4,48.98,49.25,48.07,0.0,0.0
1521,39920,46.82,52.56421815778959,0.4330148041805113,0,10,6,50,47.3,43.98,48.69,47.7,46.49,46.73,0.0,0.0
1522,43181,63.4,52.79955309756184,0.3933538112618724,1,8,6,50,57.86,71.7,63.84,63.5,62.48,61.02,0.0,0.0
1523,42375,71.82,51.6780836476447,0.3624559736264423,1,10,6,50,69.85,80.17,66.25,76.98,72.86,64.84,0.0,0.0
1524,42778,61.36,53.48381309331685,0.4540668400595184,1,9,6,50,61.67,64.85,57.21,57.55,55.99,70.86,0.0,0.0
1525,46859,55.42,49.51198942012601,0.3015413383634798,6,7,6,50,51.13,48.37,64.78,53.96,55.81,58.46,0.0,0.0
1526,45297,57.22,50.84767624049916,0.3984644138548762,3,6,6,50,56.35,58.59,58.55,50.4,62.5,56.91,0.0,0.0
1527,40726,56.7,51.957872644412106,0.4028608919223966,0,8,6,50,55.26,54.9,55.76,57.48,58.15,58.67,0.0,0.0
1528,48511,53.62,52.21848998068048,0.2535357085726019,4,3,6,50,56.47,49.98,55.93,60.57,48.32,50.48,0.0,0.0
1529,40323,54.85,51.89195461283428,0.2807938938757882,0,9,6,50,52.56,46.98,53.49,52.44,60.16,63.47,0.0,0.0
1530,40323,51.44,53.306425192193,0.4518356670074722,0,9,6,50,47.0,54.84,51.8,51.59,52.16,51.26,0.0,0.0
1531,42588,62.16,51.49389192127807,0.4286248934728806,0,4,6,50,64.6,60.05,57.31,63.32,60.88,66.81,0.0,0.0
1532,41972,43.58,51.00087758268168,0.4205542505095333,1,11,6,50,39.18,47.22,44.33,47.4,44.15,39.18,0.0,0.0
1533,39114,59.81,51.60976370551331,0.4243910181849517,0,12,6,50,51.21,62.67,63.97,62.5,64.11,54.39,0.0,0.0
1534,39517,50.76,51.26066257262991,0.3924798899619514,0,11,6,50,55.71,53.16,53.67,52.6,39.86,49.55,0.0,0.0
1535,103536,47.28,52.7824454998807,0.4106867540699607,9,3,6,50,48.33,50.17,48.49,42.28,54.04,40.37,0.0,0.0
1536,39920,53.06,51.58588056826801,0.4586404131258087,0,10,6,50,58.11,55.66,47.07,59.79,49.92,47.79,0.0,0.0
1537,39517,50.74,52.34156202808277,0.4619150694078862,0,11,6,50,46.0,51.98,54.8,51.1,53.29,47.28,0.0,0.0
1538,39920,50.33,51.62680775411571,0.4212880591832654,0,10,6,50,54.7,47.91,50.38,52.75,49.12,47.12,0.0,0.0
1539,43433,62.31,52.545597855201066,0.4577716480651176,2,9,6,50,57.52,62.87,64.86,65.45,64.08,59.07,0.0,0.0
1540,41532,63.81,52.882889489353325,0.3829601114589692,0,6,6,50,68.83,64.46,69.12,61.8,62.07,56.58,0.0,0.0
1541,39517,71.7,51.60462888247113,0.4172462062121587,0,11,6,50,72.98,71.47,74.99,70.57,64.65,75.53,0.0,0.0
1542,45549,52.12,52.49403064338277,0.4296851836343489,4,7,6,50,57.39,46.37,45.26,56.78,47.61,59.34,0.0,0.0
1543,38308,60.04,51.91871509291033,0.3583689521103167,0,14,6,50,59.23,60.3,53.94,56.94,63.56,66.24,0.0,0.0
1544,39517,49.22,52.46508721759478,0.4084956949810622,0,11,6,50,48.35,47.61,45.6,46.36,52.01,55.42,0.0,0.0
1545,45952,57.08,50.05317476482888,0.4407880572583477,4,6,6,50,63.53,51.05,60.08,65.07,50.39,52.39,0.0,0.0
1546,44239,66.51,52.24869249875972,0.3760786290210247,2,7,6,50,63.46,66.01,63.83,62.21,75.69,67.84,0.0,0.0
1547,44642,63.29,52.6253986701622,0.4462049035482224,2,6,6,50,69.03,68.55,62.66,56.09,63.3,60.14,0.0,0.0
1548,43030,58.19,52.43150017048747,0.4096046127137415,2,10,6,50,51.39,63.35,56.44,58.52,59.29,60.15,0.0,0.0
1549,37502,43.44,50.392160828479405,0.4228937701815227,0,16,6,50,49.25,51.83,37.88,39.3,41.77,40.6,0.0,0.0
1550,38711,61.37,53.35759537106295,0.3889818634666611,0,13,6,50,59.89,58.08,58.41,57.0,65.84,68.99,0.0,0.0
1551,43685,46.68,54.84119728099191,0.3658478275828635,3,10,6,50,49.02,52.6,45.04,42.9,44.42,46.13,0.0,0.0
1552,40323,49.75,51.37841377687973,0.4782863568068165,0,9,6,50,47.65,56.27,43.42,50.26,47.06,53.82,0.0,0.0
1553,45545,56.88,51.38340769333959,0.3614576342663335,2,5,6,50,58.71,58.85,53.28,57.88,58.13,54.41,0.0,0.0
1554,46204,52.17,51.54714052108413,0.4044496202198647,5,7,6,50,58.33,47.19,46.18,51.77,52.46,57.08,0.0,0.0
1555,39517,56.9,53.27077365081744,0.3454852930987578,0,11,6,50,53.9,65.66,59.71,55.05,54.34,52.76,0.0,0.0
1556,44642,56.23,50.8614947016904,0.3869539456275049,2,6,6,50,57.69,60.81,58.41,53.1,50.5,56.9,0.0,0.0
1557,43433,54.18,50.21780250811451,0.4507543376648231,2,9,6,50,55.88,56.01,53.19,49.98,52.9,57.14,0.0,0.0
1558,41129,63.19,52.16441310887693,0.3595144969029137,0,7,6,50,66.71,59.4,67.88,66.35,61.94,56.87,0.0,0.0
1559,45698,54.65,51.62163395650674,0.3694279485926225,2,4,6,50,62.29,47.74,57.72,56.84,49.7,53.6,0.0,0.0
1560,39114,52.21,51.11160325101832,0.3509388147391062,0,12,6,50,54.36,49.07,55.45,42.81,52.68,58.89,0.0,0.0
1561,44642,58.99,51.031758140770975,0.3668857592025862,2,6,6,50,53.29,59.63,69.3,53.33,56.71,61.67,0.0,0.0
1562,46204,62.89,51.80486994846307,0.3820260626020302,5,7,6,50,66.85,58.02,62.08,66.97,66.67,56.73,0.0,0.0
1563,73530,49.9,53.54877302524941,0.4287547751901642,9,5,6,50,55.0,44.6,50.46,42.48,52.33,54.52,0.0,0.0
1564,38711,60.35,50.76914650082381,0.3575154830128541,0,13,6,50,60.88,61.63,51.88,62.26,64.94,60.5,0.0,0.0
1565,42224,64.56,52.53950986481455,0.3909353570771895,2,12,6,50,61.81,62.17,64.46,67.68,69.54,61.7,0.0,0.0
1566,43433,58.83,52.05930975502383,0.484222287247531,2,9,6,50,67.18,60.91,53.14,61.57,55.24,54.94,0.0,0.0
1567,49515,59.23,54.35908675866695,0.3234223826075899,6,5,6,50,62.77,61.15,61.21,62.95,52.62,54.66,0.0,0.0
1568,44239,50.72,51.5222402321488,0.3534589194292741,2,7,6,50,51.39,53.29,46.32,54.96,45.52,52.87,0.0,0.0
1569,42627,61.92,51.22600156586487,0.4823454725077504,2,11,6,50,64.69,59.15,62.97,67.7,60.81,56.17,0.0,0.0
1570,39517,62.55,51.53545177861019,0.3932178180485381,0,11,6,50,55.78,63.28,65.47,68.77,55.43,66.59,0.0,0.0
1571,38308,69.53,52.04121680578319,0.4189769515591152,0,14,6,50,63.06,74.01,69.61,73.85,70.27,66.37,0.0,0.0
1572,38711,71.24,51.43022816479397,0.4063891017994003,0,13,6,50,74.47,76.59,80.51,64.31,62.73,68.85,0.0,0.0
1573,39114,58.6,54.10811750917569,0.4286987859930105,0,12,6,50,57.04,58.79,63.48,62.73,53.89,55.65,0.0,0.0
1574,39114,53.03,51.24883290652173,0.4465946542082817,0,12,6,50,46.97,46.86,57.21,54.52,53.63,58.98,0.0,0.0
1575,41532,51.48,52.002427431026334,0.4558058609136253,0,6,6,50,53.45,51.77,53.26,51.94,47.35,51.09,0.0,0.0
1576,40726,47.5,53.5013649055432,0.4900154678325644,0,8,6,50,46.02,50.36,44.68,45.69,51.53,46.74,0.0,0.0
1577,47462,42.45,52.843573772414494,0.3515977763622203,6,6,6,50,42.64,39.02,47.02,42.09,43.73,40.2,0.0,0.0
1578,40726,62.82,51.99588129591596,0.3868695151097553,0,8,6,50,58.67,56.84,63.99,67.59,73.66,56.19,0.0,0.0
1579,44894,56.64,52.09615171131789,0.3991483873638946,3,7,6,50,59.9,56.31,57.2,56.62,47.57,62.26,0.0,0.0
1580,47208,75.1,52.73843698018239,0.3770232389398988,4,4,6,50,78.19,71.63,76.57,80.32,70.51,73.37,0.0,0.0
1581,39920,64.53,51.08094435479593,0.4816756286243638,0,10,6,50,57.57,60.3,67.78,60.72,65.85,74.97,0.0,0.0
1582,45545,54.43,52.48492976574952,0.3838421995372165,2,5,6,50,57.17,50.12,62.89,54.38,50.33,51.7,0.0,0.0
1583,42435,48.6,52.88290605426643,0.4006226547130482,0,5,6,50,47.14,51.28,44.29,44.9,55.94,48.07,0.0,0.0
1584,44642,62.36,51.8982567410705,0.4604106695185948,2,6,6,50,68.71,68.04,56.08,53.71,60.69,66.96,0.0,0.0
1585,47462,71.18,50.783586128415145,0.4370054960963946,6,6,6,50,65.12,65.12,76.52,84.2,63.37,72.75,0.0,0.0
1586,43836,53.33,52.581221890965466,0.4585039154576484,2,8,6,50,60.86,46.83,52.43,46.39,60.48,53.0,0.0,0.0
1587,40323,56.74,52.33591642768598,0.375819488284812,0,9,6,50,57.82,58.63,57.36,52.72,55.76,58.13,0.0,0.0
1588,43181,61.29,50.974342607470575,0.3628113458761444,1,8,6,50,57.15,53.45,65.88,55.67,66.95,68.66,0.0,0.0
1589,39920,58.88,52.21689562156427,0.3848639145986098,0,10,6,50,52.66,62.48,61.37,59.61,59.71,57.44,0.0,0.0
1590,44239,48.33,52.88050675723002,0.3795065921147389,2,7,6,50,41.79,48.77,46.91,49.14,47.71,55.63,0.0,0.0
1591,49267,55.73,51.7242797213033,0.355880474422206,7,6,6,50,56.12,63.76,50.58,64.46,52.46,47.03,0.0,0.0
1592,38711,48.42,51.08013968327511,0.374798472953971,0,13,6,50,55.0,49.32,50.11,44.45,41.54,50.11,0.0,0.0
1593,39517,52.81,50.19209830994531,0.3638531329169643,0,11,6,50,49.31,44.87,57.63,51.73,55.67,57.65,0.0,0.0
1594,43685,54.18,51.750260014135726,0.4208252878963575,3,10,6,50,54.16,53.22,58.91,54.16,55.96,48.7,0.0,0.0
1595,38308,54.0,52.59604601373133,0.4240803284248409,0,14,6,50,64.66,51.83,49.48,47.88,49.21,60.94,0.0,0.0
1596,40323,51.32,53.050688713902986,0.4964203461305148,0,9,6,50,48.75,49.85,45.97,51.99,57.7,53.67,0.0,0.0
1597,44642,46.66,51.745729459355296,0.3708365177258598,2,6,6,50,40.74,47.88,52.1,50.75,48.47,40.03,0.0,0.0
1598,44743,54.13,53.77663308043952,0.3354986209344623,4,9,6,50,48.74,53.67,56.56,59.82,57.17,48.84,0.0,0.0
1599,46204,45.13,51.42292242665156,0.3947774380883652,5,7,6,50,40.2,51.01,41.51,43.34,48.14,46.58,0.0,0.0
1600,44239,56.09,51.250725274500205,0.3818653094106501,2,7,6,50,60.86,51.32,52.68,53.17,61.0,57.53,0.0,0.0
1601,43433,50.84,52.06627348637164,0.4657481994060211,2,9,6,50,50.58,58.38,44.33,53.4,54.79,43.56,0.0,0.0
1602,54018,56.4,54.42711131239694,0.4278657186505809,6,4,6,50,55.48,61.16,48.2,54.07,61.31,58.18,0.0,0.0
1603,45549,48.77,51.760338568476925,0.3387898467285767,4,7,6,50,53.36,44.39,42.65,54.72,43.44,54.05,0.0,0.0
1604,41532,55.88,52.36044190853814,0.3542068639964654,0,6,6,50,57.53,55.92,53.22,58.17,60.37,50.08,0.0,0.0
1605,39517,72.85,49.50555680413927,0.4369602769532111,0,11,6,50,75.95,71.4,70.42,74.2,69.91,75.21,0.0,0.0
1606,41569,69.53,51.45613185623261,0.3681650958429579,1,12,6,50,70.58,68.48,75.92,66.89,71.51,63.8,0.0,0.0
1607,39920,53.29,52.61550562458668,0.4985936555107489,0,10,6,50,52.38,49.92,58.96,50.31,49.23,58.95,0.0,0.0
1608,39114,63.88,51.80206257731511,0.3717988887823416,0,12,6,50,67.61,57.33,71.18,73.43,54.69,59.07,0.0,0.0
1609,40323,57.02,53.77328969255141,0.304861684749072,0,9,6,50,55.27,64.65,53.2,64.69,52.22,52.08,0.0,0.0
1610,37099,58.29,51.73135883991994,0.3956947080172482,0,17,6,50,59.52,51.33,62.8,53.49,62.58,60.01,0.0,0.0
1611,45043,48.5,51.27525185991679,0.3342885760285267,1,4,6,50,42.9,41.65,50.63,55.3,48.57,51.92,0.0,0.0
1612,40726,47.58,52.61817322172214,0.4364056626302747,0,8,6,50,47.9,48.46,49.02,47.84,44.49,47.77,0.0,0.0
1613,38308,60.45,53.73588955102315,0.3023658039616701,0,14,6,50,58.8,53.69,60.91,60.08,70.18,59.02,0.0,0.0
1614,46456,60.87,51.38836479290103,0.4245937049935445,6,8,6,50,64.88,55.52,65.45,63.44,62.61,53.32,0.0,0.0
1615,41532,60.51,51.14097974824841,0.4846367677315848,0,6,6,50,54.45,52.62,64.8,68.09,69.68,53.42,0.0,0.0
1616,42588,50.03,52.65960389378574,0.3946172219032602,0,4,6,50,48.93,46.27,56.29,47.54,52.41,48.74,0.0,0.0
1617,39920,66.52,52.40350855326465,0.3910671498952244,0,10,6,50,60.24,77.25,66.82,72.9,58.18,63.7,0.0,0.0
1618,39114,55.53,55.1745514360097,0.3784106333641404,0,12,6,50,56.95,59.08,53.35,55.33,60.1,48.36,0.0,0.0
1619,44743,56.04,54.21038942359394,0.3995520739360208,4,9,6,50,60.85,57.75,61.68,46.56,53.72,55.66,0.0,0.0
1620,41532,48.71,51.63096214097591,0.3524785613079826,0,6,6,50,43.73,49.21,56.18,40.98,54.46,47.67,0.0,0.0
1621,40323,70.97,50.46028761744176,0.38325509727873,0,9,6,50,74.19,67.59,68.69,63.77,80.89,70.71,0.0,0.0
1622,47462,56.73,51.35416403136088,0.4129423522626748,6,6,6,50,52.56,64.16,52.57,52.63,54.31,64.15,0.0,0.0
1623,43685,51.65,52.68208128771896,0.425856929391264,3,10,6,50,45.75,48.37,54.4,54.43,48.08,58.87,0.0,0.0
1624,42435,51.19,52.06614836298605,0.4426212430461986,0,5,6,50,53.12,53.88,53.38,54.27,44.62,47.86,0.0,0.0
1625,38711,54.88,52.46301581385606,0.3351529826031963,0,13,6,50,51.71,55.54,61.73,53.89,52.62,53.76,0.0,0.0
1626,40323,51.56,51.76857332334856,0.4099565425328571,0,9,6,50,51.86,54.83,53.56,57.15,45.54,46.44,0.0,0.0
1627,44642,60.56,51.776114581064576,0.3486281068785558,2,6,6,50,59.74,61.5,66.43,61.22,56.94,57.5,0.0,0.0
1628,39920,57.93,51.8793530661172,0.4049397137129116,0,10,6,50,57.66,58.69,61.51,63.19,50.25,56.28,0.0,0.0
1629,43433,56.79,52.24370203750671,0.3987733379754642,2,9,6,50,55.42,57.59,60.94,48.49,58.35,59.96,0.0,0.0
1630,40323,73.14,52.69089563487053,0.3419196225216436,0,9,6,50,75.5,74.84,77.66,65.59,61.56,83.66,0.0,0.0
1631,40726,49.13,52.48199546589971,0.4322295990241659,0,8,6,50,53.29,48.08,43.72,57.31,46.01,46.39,0.0,0.0
1632,39920,54.1,51.87577273614548,0.3789180706228702,0,10,6,50,54.55,48.28,56.99,49.88,50.45,64.47,0.0,0.0
1633,41532,41.92,52.58683889437323,0.4171601478757401,0,6,6,50,40.37,42.26,39.18,37.36,45.37,46.95,0.0,0.0
1634,45650,53.69,52.764483314583394,0.3882008865019301,6,10,6,50,54.55,47.23,59.39,48.02,63.95,49.01,0.0,0.0
1635,41129,58.85,51.829961123009134,0.4618640021700198,0,7,6,50,59.57,58.64,57.44,62.16,59.21,56.07,0.0,0.0
1636,38711,64.36,50.99939914891909,0.3595824504754651,0,13,6,50,64.75,71.98,54.92,66.09,66.18,62.24,0.0,0.0
1637,38711,56.4,51.8652644576938,0.3843105622280115,0,13,6,50,50.32,48.18,66.08,59.96,57.45,56.43,0.0,0.0
1638,54018,58.18,52.35481135914015,0.3142016202265803,6,4,6,50,59.37,61.81,51.85,59.74,57.68,58.6,0.0,0.0
1639,39920,51.36,50.80725154430473,0.5219420587714834,0,10,6,50,52.55,58.93,48.76,51.54,49.01,47.38,0.0,0.0
1640,41972,61.51,52.66806773263127,0.5109313924140267,1,11,6,50,58.85,58.23,63.19,58.27,62.78,67.76,0.0,0.0
1641,41532,52.44,52.97263800324678,0.4570794444950332,0,6,6,50,47.92,53.14,63.29,51.36,49.96,48.96,0.0,0.0
1642,40726,56.64,51.20517355304158,0.3233963464939863,0,8,6,50,55.3,49.57,63.42,65.11,49.02,57.41,0.0,0.0
1643,45549,58.36,51.602029684487725,0.3519441960478258,4,7,6,50,52.89,63.47,53.47,59.36,58.08,62.89,0.0,0.0
1644,46855,48.74,50.68193900703453,0.354311308651887,4,5,6,50,59.29,47.24,52.76,46.04,43.19,43.95,0.0,0.0
1645,45297,47.82,50.9129022441347,0.4263114800258789,3,6,6,50,46.94,43.23,47.56,45.4,58.08,45.69,0.0,0.0
1646,40726,52.82,52.10078207837586,0.4186582915555938,0,8,6,50,52.01,56.1,51.82,53.04,55.35,48.62,0.0,0.0
1647,40323,56.65,52.99878871167264,0.3463976537753505,0,9,6,50,55.11,54.97,54.71,66.3,54.65,54.17,0.0,0.0
1648,42588,44.72,53.63776624632196,0.3830596083891998,0,4,6,50,47.31,39.6,47.57,40.45,46.36,47.0,0.0,0.0
1649,42224,52.94,51.333629175108015,0.4253298533666195,2,12,6,50,53.61,46.46,61.34,57.72,49.95,48.54,0.0,0.0
1650,46960,56.28,52.07580243603286,0.2974711256865487,8,10,6,50,62.11,62.18,60.91,49.53,46.84,56.14,0.0,0.0
1651,46855,60.79,53.48949913123341,0.3656181342300544,4,5,6,50,56.09,65.53,54.18,68.41,56.83,63.71,0.0,0.0
1652,41532,57.9,49.83338906321438,0.3815288546156637,0,6,6,50,57.92,62.1,54.23,53.64,58.61,60.92,0.0,0.0
1653,46204,63.19,51.34162257215154,0.4200568005840314,5,7,6,50,59.86,51.54,64.27,68.86,64.7,69.91,0.0,0.0
1654,47462,49.7,52.101002675345015,0.3619062917320133,6,6,6,50,55.22,47.93,53.77,52.53,44.39,44.37,0.0,0.0
1655,39517,55.02,50.83471454368101,0.3800003826470019,0,11,6,50,49.6,54.18,56.46,58.45,57.7,53.74,0.0,0.0
1656,42435,54.21,54.933860872943,0.419457888934348,0,5,6,50,59.06,52.98,46.58,56.9,56.58,53.14,0.0,0.0
1657,38308,50.44,52.11030438835489,0.3072795259889754,0,14,6,50,45.22,55.31,48.54,52.54,48.46,52.57,0.0,0.0
1658,46855,50.36,51.29982779176693,0.4038727247084179,4,5,6,50,45.16,46.98,58.34,56.39,43.98,51.29,0.0,0.0
1659,40726,53.31,52.59879559732913,0.3554058489471296,0,8,6,50,58.71,53.45,50.11,49.27,59.39,48.91,0.0,0.0
1660,47208,55.92,53.23370491573288,0.5109467210591667,4,4,6,50,57.22,60.55,58.73,44.02,57.55,57.44,0.0,0.0
1661,46855,51.54,51.45760935771952,0.4259407126774691,4,5,6,50,57.74,51.25,52.28,54.18,50.89,42.92,0.0,0.0
1662,40323,44.16,51.24026282539752,0.3523733295329957,0,9,6,50,44.04,40.26,43.96,45.53,51.97,39.17,0.0,0.0
1663,41129,52.34,53.29354146553694,0.4222894508076104,0,7,6,50,50.78,49.65,48.87,49.89,63.63,51.25,0.0,0.0
1664,42073,48.41,50.77716452205568,0.3476993907464509,3,14,6,50,53.94,53.39,46.45,44.34,48.14,44.19,0.0,0.0
1665,42588,57.15,53.424277591380175,0.4820497665971109,0,4,6,50,62.84,53.64,59.34,56.32,47.79,62.95,0.0,0.0
1666,41129,56.61,52.481078563802605,0.3978995125235948,0,7,6,50,53.43,50.97,59.14,66.95,54.49,54.69,0.0,0.0
1667,45698,54.49,52.76116504136218,0.335860638656664,2,4,6,50,56.07,55.77,53.67,59.68,55.49,46.27,0.0,0.0
1668,39517,43.99,51.76208748137512,0.4030873490369412,0,11,6,50,44.2,44.49,40.94,48.67,41.01,44.61,0.0,0.0
1669,45549,41.46,52.55475142024506,0.4069843732474572,4,7,6,50,39.03,39.37,46.13,44.79,38.33,41.14,0.0,0.0
1670,43433,42.21,51.31275735810113,0.4332950888435214,2,9,6,50,46.43,41.71,40.57,35.92,39.55,49.06,0.0,0.0
1671,39920,57.02,51.15256976102501,0.2893842017127845,0,10,6,50,60.42,66.67,49.15,57.59,52.15,56.14,0.0,0.0
1672,37502,79.95,52.58656258591526,0.4055280370538738,0,16,6,50,84.51,76.95,84.8,73.46,85.47,74.5,0.0,0.0
1673,53516,62.95,53.02238117874439,0.2777645457033286,5,3,6,50,56.66,62.7,69.89,59.27,63.39,65.8,0.0,0.0
1674,44441,37.58,51.48799594416776,0.3179604514010209,6,13,6,50,40.44,32.67,35.38,40.02,33.83,43.11,0.0,0.0
1675,45349,55.59,51.78922297282339,0.3759169987704771,1,2,6,50,57.6,54.95,57.46,54.57,51.59,57.38,0.0,0.0
1676,46855,67.11,54.23542662308283,0.3519246351287403,4,5,6,50,61.48,74.68,58.23,76.19,69.35,62.72,0.0,0.0
1677,44239,63.3,51.78452281386574,0.4012623254042893,2,7,6,50,66.98,59.31,57.14,61.36,64.24,70.79,0.0,0.0
1678,47208,60.07,53.70195876515021,0.3887436573909034,4,4,6,50,64.39,53.43,55.97,63.96,69.95,52.72,0.0,0.0
1679,40323,50.26,52.8243119068032,0.3754446888246212,0,9,6,50,56.1,46.67,47.9,50.84,55.3,44.73,0.0,0.0
1680,45146,54.72,51.67128154079447,0.3193875493612266,4,8,6,50,52.15,58.55,50.69,55.86,61.37,49.69,0.0,0.0
1681,41129,50.98,52.133486754074845,0.3824954999039884,0,7,6,50,48.25,59.32,49.28,48.41,50.29,50.35,0.0,0.0
1682,47208,51.64,51.30077083018408,0.3774574600372624,4,4,6,50,42.49,56.52,55.46,47.42,59.45,48.52,0.0,0.0
1683,45146,56.95,52.51086143971219,0.3406948198374037,4,8,6,50,55.63,49.79,53.43,54.58,66.48,61.77,0.0,0.0
1684,39517,75.74,51.90646969538905,0.3156251138262652,0,11,6,50,64.26,74.77,78.57,74.36,83.95,78.53,0.0,0.0
1685,40323,53.16,52.47889038347565,0.4735601282501023,0,9,6,50,61.54,52.19,46.68,60.21,54.94,43.4,0.0,0.0
1686,44743,51.49,51.30936819884785,0.4256882045327538,4,9,6,50,56.09,54.02,46.36,56.16,43.34,52.99,0.0,0.0
1687,41129,55.41,53.80990204601652,0.3633355429579267,0,7,6,50,53.4,60.27,54.63,46.8,61.11,56.23,0.0,0.0
1688,39920,56.72,53.77104498843161,0.3963641984914117,0,10,6,50,51.96,63.21,49.09,60.44,58.12,57.53,0.0,0.0
1689,39517,58.5,51.19656328850702,0.2964179502885476,0,11,6,50,58.29,63.04,61.49,55.82,51.94,60.41,0.0,0.0
1690,39517,54.53,51.02730834487164,0.3372452193103171,0,11,6,50,61.19,58.02,47.36,52.69,46.19,61.74,0.0,0.0
1691,39517,52.81,53.24988784547863,0.3584046035967757,0,11,6,50,54.79,51.34,52.93,51.69,56.73,49.37,0.0,0.0
1692,43534,55.44,51.0385488092148,0.360242858723373,4,12,6,50,61.23,58.17,47.88,54.47,51.08,59.81,0.0,0.0
1693,45801,66.04,51.84193689697728,0.3039577319000425,5,8,6,50,58.56,72.6,59.0,70.59,62.55,72.95,0.0,0.0
1694,39920,57.78,51.4232365662764,0.4152648848857996,0,10,6,50,61.22,59.86,51.96,55.29,50.88,67.5,0.0,0.0
1695,40726,61.84,54.66869177983837,0.3675166310779768,0,8,6,50,62.22,58.57,49.64,70.37,63.11,67.15,0.0,0.0
1696,44239,60.08,51.54600960185516,0.3002154945233358,2,7,6,50,64.11,53.53,53.78,59.59,65.05,64.42,0.0,0.0
1697,44239,58.5,52.21439647323111,0.3164460421087944,2,7,6,50,47.91,63.04,60.61,55.9,63.42,60.12,0.0,0.0
1698,45698,52.06,52.28623828139937,0.4237842148701748,2,4,6,50,46.72,57.97,49.56,50.73,58.22,49.19,0.0,0.0
1699,42588,59.4,51.852689095920056,0.3395621259694827,0,4,6,50,64.12,51.91,60.56,66.57,50.63,62.6,0.0,0.0
1700,46053,54.4,52.02488645089265,0.3917180876312393,6,9,6,50,53.32,62.4,53.33,58.01,50.21,49.14,0.0,0.0
1701,43685,66.71,51.73696210644688,0.3934571384716065,3,10,6,50,62.69,64.74,63.66,70.08,71.6,67.48,0.0,0.0
1702,39517,62.9,50.9146627182538,0.427575657832961,0,11,6,50,63.66,65.53,69.44,59.12,67.48,52.17,0.0,0.0
1703,42224,56.63,52.73391757577616,0.4373316195921549,2,12,6,50,61.33,61.48,49.07,60.08,58.1,49.74,0.0,0.0
1704,44642,62.7,52.32214625396596,0.3495508886658598,2,6,6,50,64.57,66.84,57.85,66.47,54.08,66.38,0.0,0.0
1705,45545,62.07,53.17218909932214,0.4112200225105236,2,5,6,50,58.52,65.94,61.5,66.9,67.85,51.71,0.0,0.0
1706,43433,61.91,50.93483136649298,0.4061082181858458,2,9,6,50,70.7,65.03,55.79,63.11,66.06,50.77,0.0,0.0
1707,38308,58.07,52.03905112416623,0.3622254981911218,0,14,6,50,60.86,52.19,59.98,58.07,58.78,58.56,0.0,0.0
1708,43937,56.37,52.227651663298495,0.4690487255973174,4,11,6,50,63.13,64.0,50.3,59.1,50.21,51.46,0.0,0.0
1709,39114,57.59,51.85331808128157,0.4462341994893981,0,12,6,50,61.34,61.37,60.84,48.39,64.11,49.5,0.0,0.0
1710,41129,47.71,52.221113548099865,0.3605912689300903,0,7,6,50,42.46,54.41,49.01,45.17,49.75,45.48,0.0,0.0
1711,49519,60.66,52.7662700749225,0.2879537572613713,8,7,6,50,62.37,56.51,64.3,50.5,64.72,65.59,0.0,0.0
1712,45146,57.9,51.94693642682144,0.3093882686489476,4,8,6,50,58.18,62.92,50.43,53.94,59.48,62.44,0.0,0.0
1713,44642,62.07,52.07517585986822,0.4212083191192374,2,6,6,50,60.63,60.37,64.22,57.82,63.18,66.19,0.0,0.0
1714,40726,49.5,52.7254959255375,0.4112339055444202,0,8,6,50,45.2,50.89,52.81,53.32,46.75,48.03,0.0,0.0
1715,41129,63.06,53.45239090563077,0.4641642756168515,0,7,6,50,63.0,62.59,65.47,61.16,63.89,62.26,0.0,0.0
1716,39517,56.43,52.82238296790745,0.3757358200135269,0,11,6,50,64.91,49.98,63.53,52.64,58.13,49.39,0.0,0.0
1717,43987,59.66,52.05147147948134,0.3617792074949447,1,6,6,50,65.89,56.21,64.8,58.36,50.89,61.8,0.0,0.0
1718,42224,59.48,52.760545395058685,0.3987299988127208,2,12,6,50,50.63,58.36,64.99,62.24,62.25,58.42,0.0,0.0
1719,41129,57.33,51.864720925240846,0.3419473900426967,0,7,6,50,65.88,55.47,46.76,60.14,56.51,59.2,0.0,0.0
1720,40323,59.14,54.14604737206862,0.3562145536095585,0,9,6,50,55.22,54.35,61.36,52.37,62.8,68.74,0.0,0.0
1721,45851,52.45,51.63648602441564,0.3524757577998452,2,3,6,50,59.4,54.55,48.58,50.04,57.89,44.23,0.0,0.0
1722,37502,56.54,52.11144771578988,0.3194592609464474,0,16,6,50,63.96,54.95,63.76,52.68,51.82,52.04,0.0,0.0
1723,54018,56.33,51.01346912927797,0.3600229781690484,6,4,6,50,53.86,55.09,52.12,65.99,59.09,51.85,0.0,0.0
1724,39114,51.56,53.23340421733341,0.3541649714539137,0,12,6,50,56.05,44.61,52.21,50.56,55.95,49.95,0.0,0.0
1725,47710,72.18,52.87157328174478,0.419000275372648,5,5,6,50,77.76,75.14,60.5,70.49,72.29,76.9,0.0,0.0
1726,61019,49.44,52.383251443040685,0.3888184412370545,5,2,6,50,44.97,53.34,46.29,51.31,54.42,46.34,0.0,0.0
1727,40323,61.44,52.71507011553169,0.3563029144320125,0,9,6,50,56.16,65.2,56.14,58.7,66.33,66.13,0.0,0.0
1728,45146,54.09,53.53356230568135,0.3283549126930232,4,8,6,50,54.38,55.08,53.4,47.52,63.26,50.87,0.0,0.0
1729,39114,43.75,52.25542343411275,0.3812645709833108,0,12,6,50,42.0,49.77,45.33,40.34,43.47,41.57,0.0,0.0
1730,43836,59.07,51.26519927493758,0.349351771417456,2,8,6,50,53.12,55.12,67.53,63.08,52.63,62.92,0.0,0.0
1731,40726,37.04,51.172419337359614,0.3172628388534026,0,8,6,50,38.35,34.99,34.58,41.72,33.86,38.72,0.0,0.0
1732,41532,49.11,52.38726842163673,0.3382686206913725,0,6,6,50,50.67,43.59,54.45,51.93,46.57,47.46,0.0,0.0
1733,42627,54.22,52.89385404478507,0.3114447127756604,2,11,6,50,49.45,55.87,53.11,56.78,52.63,57.48,0.0,0.0
1734,37905,52.17,50.2772482793224,0.3361376927566405,0,15,6,50,49.86,60.43,46.22,53.87,52.17,50.46,0.0,0.0
1735,39920,40.71,51.06364760685409,0.4078476817082725,0,10,6,50,36.95,44.75,42.56,37.12,42.12,40.74,0.0,0.0
1736,37905,53.84,51.46825295732822,0.3601880609688541,0,15,6,50,45.79,53.5,53.4,52.03,61.48,56.85,0.0,0.0
1737,39114,59.18,54.52508988290998,0.5024205000685651,0,12,6,50,51.32,64.11,63.54,60.5,49.58,66.04,0.0,0.0
1738,41972,61.45,53.43559404845493,0.4227577516786738,1,11,6,50,68.5,61.21,63.34,54.88,55.36,65.4,0.0,0.0
1739,38711,50.71,52.63338014144441,0.3412021582821437,0,13,6,50,56.91,52.03,49.14,53.79,51.3,41.11,0.0,0.0
1740,62525,61.97,52.430364300644165,0.4417502341902183,8,5,6,50,66.38,62.64,52.03,53.2,71.87,65.72,0.0,0.0
1741,43987,47.92,50.75457100465975,0.3818489770871789,1,6,6,50,44.86,55.04,49.45,46.03,47.54,44.62,0.0,0.0
1742,39114,40.47,51.80076362425245,0.4054081796422289,0,12,6,50,42.88,35.39,44.14,36.6,45.56,38.27,0.0,0.0
1743,45549,57.9,51.49229748433412,0.4072643282392677,4,7,6,50,63.39,54.07,63.38,65.33,52.17,49.03,0.0,0.0
1744,44088,55.61,51.49733179447344,0.351289773867106,3,9,6,50,55.27,51.8,58.63,58.75,60.95,48.24,0.0,0.0
1745,43836,66.6,50.59258521789812,0.3680052418275252,2,8,6,50,59.96,69.62,79.45,67.56,60.79,62.21,0.0,0.0
1746,40726,57.19,51.729468991931846,0.3635259938616287,0,8,6,50,49.93,62.06,58.15,60.36,53.34,59.3,0.0,0.0
1747,45545,35.64,52.82388556889025,0.3921905430865613,2,5,6,50,38.2,41.19,35.43,33.23,30.34,35.43,0.0,0.0
1748,39517,64.78,52.807397634890606,0.4452364816422227,0,11,6,50,59.92,74.42,60.67,61.71,63.29,68.7,0.0,0.0
1749,44239,60.83,53.15459320837256,0.3468102011032967,2,7,6,50,63.25,64.24,53.53,64.38,58.46,61.12,0.0,0.0
1750,45545,44.8,51.87264141313932,0.2436091760147694,2,5,6,50,45.17,47.99,39.1,47.03,51.69,37.83,0.0,0.0
1751,44239,53.07,51.6848691695751,0.2744622889102893,2,7,6,50,55.16,51.78,51.53,56.09,48.3,55.54,0.0,0.0
1752,43836,50.99,52.79448149055573,0.3862576391809696,2,8,6,50,55.2,41.86,47.82,54.28,52.89,53.89,0.0,0.0
1753,45549,54.81,51.965291625571545,0.3249991696283483,4,7,6,50,59.21,51.67,61.68,56.27,54.06,45.99,0.0,0.0
1754,43937,59.27,51.36736388777612,0.3878841359070145,4,11,6,50,51.3,57.99,58.0,59.52,60.94,67.86,0.0,0.0
1755,40323,63.57,54.77082538596719,0.2983660900542007,0,9,6,50,61.32,70.52,58.4,60.92,58.45,71.82,0.0,0.0
1756,46855,63.58,53.21598829466082,0.4808954225509684,4,5,6,50,65.06,57.53,68.95,60.58,64.54,64.81,0.0,0.0
1757,46855,52.71,52.1048688105104,0.322646391242988,4,5,6,50,47.96,46.15,58.21,57.45,47.1,59.38,0.0,0.0
1758,40323,63.51,54.15959032469687,0.3648513284478497,0,9,6,50,64.96,64.08,65.74,55.05,62.55,68.7,0.0,0.0
1759,46706,54.61,52.87261433380056,0.3401490964705461,3,3,6,50,53.53,56.76,49.5,57.48,56.68,53.69,0.0,0.0
1760,43584,67.85,53.35466033972415,0.459570884289279,1,7,6,50,65.83,73.34,67.24,77.49,62.59,60.59,0.0,0.0
1761,38711,54.58,51.39615351593644,0.3912634453558963,0,13,6,50,57.49,49.53,52.73,55.87,62.76,49.1,0.0,0.0
1762,40726,61.99,54.170859221203855,0.3612743597737033,0,8,6,50,69.78,65.08,68.76,54.32,57.48,56.49,0.0,0.0
1763,40726,53.22,53.10077946167803,0.3687406775113907,0,8,6,50,59.58,50.02,51.76,55.78,55.54,46.65,0.0,0.0
1764,39920,53.53,52.33865332410944,0.3197069252431121,0,10,6,50,46.18,52.42,55.47,49.18,60.59,57.31,0.0,0.0
1765,45698,49.27,50.68502459118086,0.3908347800973336,2,4,6,50,53.89,52.74,42.86,49.68,40.58,55.85,0.0,0.0
1766,43836,43.27,52.78870882990437,0.3615641544974165,2,8,6,50,39.81,42.08,41.22,50.13,39.0,47.35,0.0,0.0
1767,44239,50.05,54.561670020732734,0.4086865462035945,2,7,6,50,52.21,47.78,48.77,51.36,45.05,55.15,0.0,0.0
1768,43181,54.68,53.35015921907672,0.3368275123810246,1,8,6,50,60.03,46.62,48.53,58.47,55.67,58.73,0.0,0.0
1769,43030,58.57,54.45232110782506,0.4607858323406836,2,10,6,50,55.03,61.37,48.09,54.97,66.19,65.75,0.0,0.0
1770,43937,59.06,54.6787570716782,0.3177635249682056,4,11,6,50,54.28,60.19,64.07,54.16,57.88,63.77,0.0,0.0
1771,39114,54.78,52.41813687177876,0.3262935787058366,0,12,6,50,62.97,56.2,58.5,52.06,47.2,51.75,0.0,0.0
1772,38711,71.31,52.99165280245029,0.3407574295669477,0,13,6,50,77.24,63.16,76.96,74.55,76.54,59.43,0.0,0.0
1773,41532,64.94,52.81292281701189,0.3426591820041974,0,6,6,50,69.3,62.61,69.49,70.62,57.17,60.45,0.0,0.0
1774,42778,69.05,52.38447542791092,0.2819692639013151,1,9,6,50,56.63,63.69,79.48,75.26,68.12,71.14,0.0,0.0
1775,39517,60.8,53.01989140851581,0.3503621935130792,0,11,6,50,61.09,62.03,54.32,61.61,62.61,63.13,0.0,0.0
1776,43433,54.47,52.24683265295632,0.50191591898176,2,9,6,50,50.27,46.81,60.64,59.61,59.46,50.01,0.0,0.0
1777,43181,32.79,51.53951197027953,0.3006801563734821,1,8,6,50,31.16,33.84,38.11,31.85,33.51,28.28,0.0,0.0
1778,43433,57.41,50.942618940936185,0.388076692071047,2,9,6,50,67.85,56.88,52.85,57.7,55.13,54.04,0.0,0.0
1779,39114,51.71,51.229235379732735,0.4524125968828137,0,12,6,50,54.5,49.29,46.69,51.93,51.66,56.21,0.0,0.0
1780,40323,55.13,53.319330200970576,0.3331039168934331,0,9,6,50,60.28,55.03,52.57,50.92,63.71,48.25,0.0,0.0
1781,41129,56.26,54.85035815926123,0.3991952967388753,0,7,6,50,57.48,51.25,59.43,59.91,56.15,53.31,0.0,0.0
1782,44642,46.59,51.59751537999285,0.3443847558425859,2,6,6,50,42.66,46.37,51.01,45.51,48.31,45.68,0.0,0.0
1783,44894,50.89,52.33137472934249,0.3784544567364664,3,7,6,50,52.07,46.11,47.03,54.96,50.22,54.93,0.0,0.0
1784,45952,39.2,49.63562303517989,0.3712353878638949,4,6,6,50,37.74,35.56,39.54,39.38,37.51,45.46,0.0,0.0
1785,45146,42.08,54.101204975320144,0.3724255307686053,4,8,6,50,36.43,44.45,45.68,46.32,42.29,37.32,0.0,0.0
1786,45801,66.22,52.643347925275336,0.381696403991934,5,8,6,50,67.19,76.06,58.57,78.62,58.81,58.09,0.0,0.0
1787,44340,61.87,53.36020978169119,0.3593702394106928,4,10,6,50,66.18,46.15,66.31,63.21,66.43,62.91,0.0,0.0
1788,44491,63.5,50.54804724364229,0.3791772238978986,3,8,6,50,64.07,71.12,61.38,63.99,56.11,64.32,0.0,0.0
1789,46456,48.38,51.08401988690157,0.3691561801076285,6,8,6,50,53.7,45.6,52.36,48.87,45.0,44.74,0.0,0.0
1790,44038,48.9,52.12516373585265,0.3932026157277382,6,14,6,50,49.74,48.08,44.99,57.19,49.76,43.64,0.0,0.0
1791,43030,53.67,53.69570534113651,0.4010464848048657,2,10,6,50,47.39,58.8,53.61,48.49,63.86,49.89,0.0,0.0
1792,45549,68.51,53.63943507038171,0.3656891221011528,4,7,6,50,64.38,70.39,76.61,66.53,71.16,61.97,0.0,0.0
1793,38711,42.95,51.287526347142986,0.4291056824871082,0,13,6,50,40.39,48.29,42.98,46.7,38.36,40.97,0.0,0.0
1794,38308,60.07,53.98823083355979,0.4007388786100043,0,14,6,50,63.32,61.55,53.75,60.05,56.24,65.52,0.0,0.0
1795,45549,58.78,53.63395802203512,0.3794205988914845,4,7,6,50,56.07,64.19,57.49,57.76,58.65,58.49,0.0,0.0
1796,42778,50.4,51.63181632140326,0.4273269647880959,1,9,6,50,45.56,44.79,54.18,55.45,45.8,56.61,0.0,0.0
1797,45698,60.59,52.438825663792585,0.4031338494177962,2,4,6,50,58.96,53.69,65.11,63.48,60.34,61.97,0.0,0.0
1798,39114,54.66,51.40707942204386,0.4452290310540859,0,12,6,50,48.73,55.78,50.59,60.44,59.0,53.41,0.0,0.0
1799,39114,60.62,52.691800154683584,0.4249289068128169,0,12,6,50,52.08,65.05,56.06,64.51,61.03,65.01,0.0,0.0
1800,45297,60.58,52.806684214163845,0.3537990133007337,3,6,6,50,57.02,62.4,63.05,57.3,66.9,56.83,0.0,0.0
1801,45952,59.61,52.58678663658048,0.3134305430762042,4,6,6,50,62.18,53.48,58.74,60.4,54.83,68.05,0.0,0.0
1802,44239,41.52,52.11319074845946,0.4087533774918349,2,7,6,50,39.14,39.45,39.36,45.36,46.19,39.63,0.0,0.0
1803,44642,60.2,53.08578742926276,0.4106168930034615,2,6,6,50,57.93,55.01,62.7,56.87,64.51,64.18,0.0,0.0
1804,41972,60.73,53.13184134638724,0.274414122779725,1,11,6,50,59.32,55.3,70.87,56.46,57.52,64.92,0.0,0.0
1805,47208,51.07,51.214944071767725,0.4014703973445216,4,4,6,50,48.28,51.13,56.82,52.17,51.5,46.54,0.0,0.0
1806,43282,64.64,51.92858620441246,0.2917709242454215,3,11,6,50,60.4,60.47,71.06,69.57,63.46,62.89,0.0,0.0
1807,43433,57.76,51.22272674181742,0.2304074024199456,2,9,6,50,55.9,61.21,54.69,57.26,52.13,65.38,0.0,0.0
1808,42627,53.76,53.135522982172425,0.3209109730876056,2,11,6,50,53.28,50.06,52.98,57.45,48.83,59.94,0.0,0.0
1809,39920,55.86,52.62360127405077,0.3458503532223669,0,10,6,50,57.96,52.06,51.81,59.3,57.99,56.05,0.0,0.0
1810,39920,42.98,51.24669290261154,0.3416168939624059,0,10,6,50,36.95,43.56,44.8,43.73,41.49,47.34,0.0,0.0
1811,40726,57.33,53.35032008434978,0.3631216386264631,0,8,6,50,54.99,49.54,57.97,61.15,58.51,61.81,0.0,0.0
1812,40323,52.03,51.64857502451689,0.4191254197169506,0,9,6,50,44.01,44.7,52.81,61.58,54.54,54.55,0.0,0.0
1813,43836,64.02,51.33462244780039,0.3828442139471752,2,8,6,50,65.33,55.99,56.3,68.9,67.55,70.08,0.0,0.0
1814,42588,46.96,52.211224634267495,0.4779675220028624,0,4,6,50,44.93,54.19,47.61,49.88,44.62,40.51,0.0,0.0
1815,45952,57.76,52.27723231625585,0.4535696056166077,4,6,6,50,56.52,61.08,54.96,53.76,66.7,53.56,0.0,0.0
1816,39114,57.36,53.10613302301427,0.3790338116477111,0,12,6,50,62.46,58.9,54.43,55.18,58.63,54.53,0.0,0.0
1817,46859,53.58,53.642209982039,0.4297294014733078,6,7,6,50,58.51,48.46,58.24,48.04,53.28,54.93,0.0,0.0
1818,44743,42.27,52.60371894580091,0.4080167249613194,4,9,6,50,36.91,42.14,42.09,42.13,46.27,44.08,0.0,0.0
1819,45146,60.17,53.97824437641711,0.3720615884024928,4,8,6,50,55.37,57.81,58.64,66.01,67.47,55.74,0.0,0.0
1820,45146,63.69,51.65098961993692,0.4160896910764657,4,8,6,50,61.07,59.21,62.51,67.22,61.35,70.78,0.0,0.0
1821,45801,63.29,53.473175380942365,0.3133007332795302,5,8,6,50,59.11,63.19,58.49,60.62,65.09,73.25,0.0,0.0
1822,61521,60.95,50.59992852292336,0.3125495725889983,6,3,6,50,58.5,67.65,52.7,62.25,62.78,61.81,0.0,0.0
1823,42627,59.11,53.23232567098115,0.4152083133942081,2,11,6,50,53.71,65.1,59.5,59.06,58.88,58.41,0.0,0.0
1824,45146,56.84,52.6029743193259,0.3877436731534119,4,8,6,50,59.44,49.33,59.17,60.66,55.31,57.12,0.0,0.0
1825,40323,51.14,52.28133859359919,0.3536136859187284,0,9,6,50,56.07,50.24,45.38,46.94,54.79,53.41,0.0,0.0
1826,43030,59.74,50.62056109081224,0.3518983713820587,2,10,6,50,60.01,53.74,64.78,60.68,60.63,58.6,0.0,0.0
1827,47462,56.24,52.484537525708745,0.3461668271887322,6,6,6,50,56.54,56.66,58.63,52.13,51.03,62.44,0.0,0.0
1828,41129,49.42,52.84924590420036,0.4240337685045792,0,7,6,50,54.4,57.53,49.07,41.06,46.31,48.16,0.0,0.0
1829,38308,60.62,52.40850217564489,0.3788385490426751,0,14,6,50,58.88,65.57,60.18,64.51,61.74,52.82,0.0,0.0
1830,41532,50.41,54.14687934304845,0.3726937411723389,0,6,6,50,58.92,44.92,49.33,48.09,53.09,48.09,0.0,0.0
1831,43181,51.12,52.99972486657533,0.3354005991913787,1,8,6,50,50.12,48.65,46.08,48.44,57.27,56.14,0.0,0.0
1832,44894,64.45,51.46020745814521,0.4281864817748632,3,7,6,50,68.42,62.5,57.63,69.32,65.17,63.64,0.0,0.0
1833,43433,68.4,52.72200651683648,0.3996624556269957,2,9,6,50,66.31,71.04,65.19,62.89,71.94,73.03,0.0,0.0
1834,43030,62.85,49.13248598064769,0.3454461070277739,2,10,6,50,55.13,69.27,66.5,68.5,65.61,52.09,0.0,0.0
1835,42778,56.82,50.73503425083887,0.3097201009449158,1,9,6,50,59.22,59.27,48.54,55.74,59.96,58.17,0.0,0.0
1836,39517,67.24,53.37768666517478,0.4256383682297153,0,11,6,50,61.61,65.92,71.1,70.53,73.26,61.0,0.0,0.0
1837,39920,66.22,52.483970405063886,0.3955932041337306,0,10,6,50,71.95,55.48,67.41,70.48,60.4,71.59,0.0,0.0
1838,45902,47.22,51.91131134200391,0.3487872231470659,7,11,6,50,48.14,41.95,52.02,45.7,46.93,48.59,0.0,0.0
1839,43685,58.04,53.428148511198046,0.3849615566173273,3,10,6,50,54.24,50.66,64.2,62.56,61.74,54.84,0.0,0.0
1840,44239,51.61,53.34064145749788,0.3353792715908147,2,7,6,50,57.66,59.41,48.9,47.13,48.33,48.25,0.0,0.0
1841,45545,55.62,52.41085493153006,0.3398359119058683,2,5,6,50,50.23,57.01,54.93,58.97,57.08,55.49,0.0,0.0
1842,48511,46.18,54.59525735513923,0.3451778396910401,4,3,6,50,46.62,51.21,50.82,43.24,45.3,39.87,0.0,0.0
1843,39114,52.98,51.68370702297044,0.3744696306126912,0,12,6,50,52.77,52.9,55.27,57.93,48.41,50.63,0.0,0.0
1844,40726,56.46,53.34192573697902,0.3624580193246979,0,8,6,50,54.07,51.52,61.11,63.79,53.81,54.47,0.0,0.0
1845,43181,56.34,51.06086572115073,0.3354345001934565,1,8,6,50,57.33,63.12,53.1,47.39,57.9,59.23,0.0,0.0
1846,46706,49.32,52.29498461569988,0.2701924593512156,3,3,6,50,51.79,45.96,57.31,49.93,45.64,45.26,0.0,0.0
1847,44239,42.33,52.25014522607904,0.2190227344474696,2,7,6,50,42.76,34.57,39.77,47.98,47.71,41.17,0.0,0.0
1848,39114,54.48,50.45895447089469,0.3723043875821014,0,12,6,50,51.84,49.07,60.19,49.98,61.62,54.19,0.0,0.0
1849,42224,50.54,52.962127864521214,0.258209426192745,2,12,6,50,44.55,55.34,56.08,53.05,50.59,43.66,0.0,0.0
1850,48511,52.19,51.4353402902892,0.4231729272810856,4,3,6,50,60.76,55.16,47.51,45.86,54.01,49.86,0.0,0.0
1851,40726,60.24,50.31733749105935,0.3457702569468348,0,8,6,50,56.91,66.12,64.04,65.33,51.39,57.67,0.0,0.0
1852,44239,55.69,54.05343612187874,0.4182731133776076,2,7,6,50,49.0,58.59,60.16,48.98,57.61,59.83,0.0,0.0
1853,41532,54.31,52.39638271369812,0.2832746188832504,0,6,6,50,51.67,53.45,61.83,43.82,57.94,57.17,0.0,0.0
1854,42375,72.14,51.40011655782193,0.3724373305337846,1,10,6,50,69.6,71.34,72.14,77.78,65.75,76.2,0.0,0.0
1855,39517,47.86,52.58318156506842,0.3340554085655111,0,11,6,50,43.89,53.11,54.71,47.16,44.15,44.17,0.0,0.0
1856,44239,56.75,52.24254496631885,0.4304180556995574,2,7,6,50,49.67,61.96,60.19,55.61,56.36,56.69,0.0,0.0
1857,45146,49.3,53.20671881026328,0.3099294579090895,4,8,6,50,54.0,49.18,48.97,48.83,47.05,47.76,0.0,0.0
1858,39920,53.99,51.972651757470985,0.3427190427971662,0,10,6,50,57.81,48.36,58.57,49.88,54.33,54.97,0.0,0.0
1859,45952,59.46,51.25355012527969,0.3757016436103632,4,6,6,50,52.96,63.54,64.24,57.17,62.7,56.16,0.0,0.0
1860,43030,67.96,52.00528237033716,0.3253054060496856,2,10,6,50,71.0,68.45,67.9,67.2,71.23,61.97,0.0,0.0
1861,46859,56.86,53.16594363920059,0.3202401965309771,6,7,6,50,50.57,57.58,60.76,66.39,49.39,56.44,0.0,0.0
1862,42879,59.48,52.83317263040252,0.3995215188328139,3,12,6,50,53.63,65.28,52.67,64.19,60.69,60.45,0.0,0.0
1863,87535,50.55,52.48300993629546,0.3096605154483284,10,5,6,50,53.31,50.62,56.02,50.41,45.43,47.48,0.0,0.0
1864,46855,59.8,54.294250310872535,0.3508812375954803,4,5,6,50,60.61,53.06,63.78,59.03,66.59,55.72,0.0,0.0
1865,45545,70.7,51.93034624131892,0.3440878270689609,2,5,6,50,77.35,74.97,67.63,71.62,64.48,68.13,0.0,0.0
1866,39920,54.17,53.31344858055503,0.3020929925039115,0,10,6,50,50.74,61.44,58.55,48.74,57.77,47.8,0.0,0.0
1867,48511,52.58,53.27999100260513,0.4206651287199675,4,3,6,50,56.09,60.81,47.43,49.29,49.31,52.57,0.0,0.0
1868,45549,67.78,52.78226749665614,0.3685166265337783,4,7,6,50,74.79,63.57,69.15,69.09,73.14,56.96,0.0,0.0
1869,45297,58.9,50.96637327511877,0.3601580868693392,3,6,6,50,53.29,53.51,60.03,64.66,59.1,62.79,0.0,0.0
1870,45146,45.13,51.86690737263007,0.3337136546681915,4,8,6,50,44.64,44.21,43.9,48.39,47.73,41.9,0.0,0.0
1871,42627,53.94,53.8446637175447,0.4086594029699215,2,11,6,50,44.95,56.3,61.24,54.93,48.84,57.41,0.0,0.0
1872,44239,56.34,50.73606169895784,0.3519048377230289,2,7,6,50,48.96,64.23,56.42,56.43,53.53,58.49,0.0,0.0
1873,45545,66.28,51.54591233969696,0.4637146535567488,2,5,6,50,54.54,71.02,62.73,72.13,69.39,67.9,0.0,0.0
1874,39517,43.62,53.04868905986285,0.3233278724593508,0,11,6,50,47.37,37.91,46.03,41.2,48.31,40.87,0.0,0.0
1875,47462,55.44,53.19982899851241,0.3571954585789539,6,6,6,50,47.8,67.7,60.14,50.88,54.09,52.02,0.0,0.0
1876,39517,58.45,53.37600382509739,0.3183408034722678,0,11,6,50,59.6,46.3,58.72,59.64,63.08,63.39,0.0,0.0
1877,39517,60.94,52.032654615852856,0.4246778674366833,0,11,6,50,68.61,59.33,52.44,58.41,60.24,66.6,0.0,0.0
1878,103034,49.81,54.35367781226589,0.4434345392691723,8,2,6,50,46.01,47.1,50.61,48.35,56.01,50.77,0.0,0.0
1879,39920,71.64,52.43817484318569,0.4158302899011951,0,10,6,50,71.47,74.33,74.47,79.86,67.89,61.8,0.0,0.0
1880,44894,52.47,52.13707413621622,0.3574553904308243,3,7,6,50,49.27,46.79,62.6,50.36,44.83,60.96,0.0,0.0
1881,44995,51.98,53.78859710845614,0.3910222523415443,5,10,6,50,49.28,51.87,52.11,58.51,46.57,53.52,0.0,0.0
1882,39920,63.72,52.25658983393066,0.1896471091888202,0,10,6,50,61.52,65.54,58.1,58.98,68.21,69.95,0.0,0.0
1883,38711,44.2,50.678241235313486,0.335904418536783,0,13,6,50,46.86,42.87,41.72,42.86,42.77,48.1,0.0,0.0
1884,40323,54.11,52.45066307939704,0.3170821904575828,0,9,6,50,52.24,50.58,55.86,52.54,56.32,57.13,0.0,0.0
1885,39114,64.17,52.47537667845767,0.446365733461182,0,12,6,50,60.15,66.86,64.43,68.12,65.7,59.75,0.0,0.0
1886,40323,48.29,52.58137227198241,0.379510979892704,0,9,6,50,44.5,42.06,50.14,52.17,57.01,43.85,0.0,0.0
1887,48511,54.82,52.890921810557806,0.3422759164096511,4,3,6,50,55.8,57.95,49.83,52.62,61.61,51.11,0.0,0.0
1888,44743,49.18,53.16384071210623,0.2362372995231358,4,9,6,50,53.74,42.73,44.63,53.44,55.78,44.73,0.0,0.0
1889,39920,55.83,51.220099817532414,0.3904882918167957,0,10,6,50,65.1,48.74,51.11,57.8,62.7,49.54,0.0,0.0
1890,40323,61.25,52.63766907697417,0.3358591524787004,0,9,6,50,64.97,59.59,59.81,57.23,60.3,65.58,0.0,0.0
1891,45545,56.81,52.29734324023869,0.2290053952022517,2,5,6,50,57.11,55.66,57.72,57.99,52.54,59.81,0.0,0.0
1892,41129,54.25,53.98567127208906,0.4158470909550468,0,7,6,50,47.92,52.38,59.48,58.36,48.54,58.83,0.0,0.0
1893,39517,52.34,53.53506567261934,0.3702661545489774,0,11,6,50,51.74,43.85,42.92,57.42,62.94,55.18,0.0,0.0
1894,41972,56.48,51.99026253303241,0.3801019232226022,1,11,6,50,53.2,61.2,58.47,56.11,54.15,55.72,0.0,0.0
1895,39114,59.35,51.76654654308105,0.3793861303960446,0,12,6,50,64.74,59.91,53.51,61.66,58.26,58.02,0.0,0.0
1896,42588,63.85,52.6924153726285,0.3524880592319002,0,4,6,50,70.75,57.05,67.88,55.7,67.92,63.78,0.0,0.0
1897,39114,45.93,53.08480151785216,0.4063653002126141,0,12,6,50,43.86,41.88,48.42,45.64,46.04,49.75,0.0,0.0
1898,62525,61.71,53.94776694635652,0.3737945634847585,8,5,6,50,53.76,57.76,65.51,59.65,65.09,68.49,0.0,0.0
1899,39517,57.53,52.74568520578761,0.3571319730566183,0,11,6,50,55.23,62.31,59.44,52.02,58.97,57.21,0.0,0.0
1900,39920,49.88,52.94825106236419,0.3661888785186704,0,10,6,50,49.9,43.73,50.19,53.73,52.18,49.55,0.0,0.0
1901,43685,52.01,52.45608203267695,0.313609350631633,3,10,6,50,57.31,52.77,48.77,54.02,54.33,44.84,0.0,0.0
1902,39517,50.11,53.944660105365934,0.3762580299461336,0,11,6,50,49.31,51.44,53.67,51.92,45.92,48.37,0.0,0.0
1903,41532,69.48,54.15798224673831,0.4060491349261315,0,6,6,50,69.6,59.83,69.54,70.94,76.0,70.95,0.0,0.0
1904,43987,49.26,52.31565107345288,0.3517819675276463,1,6,6,50,48.97,51.42,45.94,52.87,50.71,45.63,0.0,0.0
1905,40726,57.49,53.12368801713671,0.3713398700447705,0,8,6,50,64.56,49.57,53.88,58.0,61.88,57.04,0.0,0.0
1906,44340,60.79,53.28212987052818,0.3079352469083004,4,10,6,50,64.43,69.46,56.74,59.87,53.95,60.28,0.0,0.0
1907,43937,53.34,52.62461953249391,0.2739239815480194,4,11,6,50,51.26,58.58,55.71,48.27,52.83,53.36,0.0,0.0
1908,46855,62.25,52.920626161034754,0.3034100326832626,4,5,6,50,64.92,60.31,54.36,62.5,71.29,60.1,0.0,0.0
1909,45297,63.57,53.570997352050426,0.3062174328909464,3,6,6,50,68.37,64.8,63.56,71.75,58.73,54.23,0.0,0.0
1910,42375,57.62,53.84689100788094,0.4797626371849744,1,10,6,50,63.37,54.63,53.17,59.92,55.37,59.28,0.0,0.0
1911,43987,52.01,51.89678141935175,0.2899580114028273,1,6,6,50,50.08,52.6,53.98,46.13,56.61,52.64,0.0,0.0
1912,41129,56.37,50.49548531816156,0.3794796995751672,0,7,6,50,58.23,54.78,51.06,57.51,59.82,56.83,0.0,0.0
1913,40323,54.94,50.968173359471024,0.3486781816289324,0,9,6,50,58.26,52.53,53.74,46.97,59.59,58.53,0.0,0.0
1914,39517,62.72,50.67245161897267,0.5156479374799454,0,11,6,50,51.31,64.16,67.63,61.88,69.86,61.51,0.0,0.0
1915,54018,48.73,52.54684631499238,0.3908290916808569,6,4,6,50,50.61,43.64,48.46,49.84,51.76,48.07,0.0,0.0
1916,44088,50.45,52.26715411099169,0.4758914662510019,3,9,6,50,51.46,49.61,53.53,56.45,50.04,41.59,0.0,0.0
1917,40726,64.84,52.95990785832122,0.3527006034307802,0,8,6,50,70.96,70.15,54.15,55.98,73.19,64.61,0.0,0.0
1918,46855,54.61,53.42044511544737,0.2669613352835872,4,5,6,50,59.69,49.88,60.74,50.49,59.09,47.78,0.0,0.0
1919,47208,59.88,52.79591624073283,0.3467859008432364,4,4,6,50,54.5,65.32,52.25,58.92,62.73,65.55,0.0,0.0
1920,45851,47.53,53.74610365477636,0.3753567573238388,2,3,6,50,46.25,51.25,50.38,42.63,50.37,44.3,0.0,0.0
1921,39517,60.22,51.895213702597054,0.352409342422801,0,11,6,50,53.86,62.9,64.16,55.0,65.96,59.44,0.0,0.0
1922,42741,66.02,53.97146642971581,0.2778847853840436,0,3,6,50,58.71,68.32,64.07,73.77,61.75,69.49,0.0,0.0
1923,42224,74.13,53.22901025074245,0.3536050832653967,2,12,6,50,78.11,69.68,76.58,73.29,68.11,79.0,0.0,0.0
1924,39114,59.62,51.88392413763861,0.3558578912804521,0,12,6,50,52.56,58.73,66.4,62.51,65.24,52.31,0.0,0.0
1925,46855,66.84,54.2995948117128,0.2641764750952272,4,5,6,50,56.77,74.57,57.17,70.11,74.37,68.04,0.0,0.0
1926,37905,54.74,52.76015869542098,0.4361098014574793,0,15,6,50,54.24,60.62,52.45,50.32,63.13,47.66,0.0,0.0
1927,40323,46.4,51.60549805363454,0.334530502988229,0,9,6,50,51.29,44.91,42.78,43.5,52.1,43.83,0.0,0.0
1928,36696,55.87,51.97101548192691,0.3365300774315122,0,18,6,50,48.76,57.92,51.02,53.66,62.84,61.0,0.0,0.0
1929,44743,63.98,51.18035058636295,0.3042816881869994,4,9,6,50,69.25,54.91,67.2,66.43,68.62,57.49,0.0,0.0
1930,54018,51.21,53.19294989546613,0.3615921040455397,6,4,6,50,45.71,65.97,44.12,46.51,54.85,50.07,0.0,0.0
1931,43836,55.73,51.17637722616738,0.3302348003724097,2,8,6,50,64.52,50.96,51.41,60.79,50.31,56.38,0.0,0.0
1932,39517,47.14,52.638356627758576,0.3537087196060421,0,11,6,50,52.84,41.07,43.93,46.63,45.97,52.43,0.0,0.0
1933,42741,52.64,50.403998687005696,0.4006760517832357,0,3,6,50,56.92,51.71,53.53,52.02,54.61,47.04,0.0,0.0
1934,40323,69.16,52.90589008617076,0.3307577638221246,0,9,6,50,57.76,63.24,71.39,73.97,73.97,74.65,0.0,0.0
1935,46353,51.13,52.67207509013421,0.4474491771063889,3,4,6,50,54.02,53.86,45.71,41.74,52.23,59.2,0.0,0.0
1936,45545,60.16,52.72100789812525,0.3822983616615277,2,5,6,50,59.2,64.28,64.92,54.79,64.32,53.47,0.0,0.0
1937,47710,55.12,52.173759185470594,0.3027144982166368,5,5,6,50,63.44,50.28,58.92,54.87,53.09,50.12,0.0,0.0
1938,39920,52.07,52.06153421291823,0.3408723386838235,0,10,6,50,55.47,59.25,46.88,48.85,49.49,52.48,0.0,0.0
1939,43433,43.58,52.59629958998429,0.369945307528617,2,9,6,50,35.25,41.97,41.75,49.24,51.38,41.91,0.0,0.0
1940,46053,52.92,53.07416138244889,0.3805250887492911,6,9,6,50,51.9,63.58,47.0,51.03,51.54,52.44,0.0,0.0
1941,42778,47.31,52.28141965074459,0.2456131110723307,1,9,6,50,49.06,48.83,43.71,46.64,48.77,46.85,0.0,0.0
1942,44743,54.57,51.30564801085116,0.4738816618804476,4,9,6,50,50.63,61.1,57.93,46.73,61.82,49.22,0.0,0.0
1943,39920,65.46,51.74628930771883,0.3896522621059338,0,10,6,50,67.9,71.04,63.04,60.48,63.72,66.61,0.0,0.0
1944,46204,69.15,53.62155852321192,0.2804019181000647,5,7,6,50,71.97,68.34,66.38,61.46,76.21,70.52,0.0,0.0
1945,43836,49.9,51.675412288545935,0.3943846862037987,2,8,6,50,51.74,52.9,53.54,45.51,44.4,51.32,0.0,0.0
1946,45146,54.83,53.123812465372765,0.3711577265348703,4,8,6,50,59.3,54.82,50.8,60.17,52.36,51.52,0.0,0.0
1947,45549,52.62,53.24908898962028,0.3758521794388257,4,7,6,50,54.39,54.32,55.18,52.27,48.56,51.01,0.0,0.0
1948,45698,56.4,52.95462539166244,0.274603883306473,2,4,6,50,61.8,56.24,50.91,53.09,55.44,60.93,0.0,0.0
1949,43836,67.79,53.85095645748461,0.3404659838240588,2,8,6,50,69.86,70.98,69.95,65.53,68.99,61.43,0.0,0.0
1950,44743,62.76,53.12268546059716,0.3863507016515655,4,9,6,50,56.3,62.73,65.89,64.33,65.33,61.97,0.0,0.0
1951,41129,55.56,51.9609266389111,0.3640721209177897,0,7,6,50,56.68,60.94,51.8,52.79,50.24,60.91,0.0,0.0
1952,44340,53.54,51.26428382494986,0.3348705881847275,4,10,6,50,54.03,56.04,52.11,46.71,52.52,59.8,0.0,0.0
1953,44340,56.89,53.96179510535173,0.3472043016849243,4,10,6,50,52.18,55.56,65.33,63.19,53.45,51.65,0.0,0.0
1954,47363,60.93,53.05484817928512,0.2967908363204377,8,9,6,50,67.29,67.77,54.02,58.63,62.87,55.02,0.0,0.0
1955,44743,68.05,52.89460753987271,0.3194218255724338,4,9,6,50,63.79,70.08,79.67,59.38,75.32,60.05,0.0,0.0
1956,46607,55.49,53.02231739169417,0.3390167168987153,5,6,6,50,59.97,46.19,59.06,62.21,59.52,46.01,0.0,0.0
1957,39517,55.44,52.898923823208506,0.4175257373366504,0,11,6,50,59.57,56.86,48.18,59.62,51.84,56.59,0.0,0.0
1958,39920,52.9,51.68883386085047,0.254898817721318,0,10,6,50,52.19,50.07,56.41,51.92,55.19,51.63,0.0,0.0
1959,44088,52.91,52.76023784623337,0.2914870288962461,3,9,6,50,49.21,61.72,52.02,54.4,47.17,52.96,0.0,0.0
1960,37502,42.34,54.92896865732023,0.3054710502033894,0,16,6,50,43.13,43.24,39.71,45.55,39.17,43.25,0.0,0.0
1961,45297,55.66,51.76343907566938,0.273777150704424,3,6,6,50,48.83,61.47,50.75,56.39,57.7,58.85,0.0,0.0
1962,45549,57.24,53.61549759873984,0.3247368037609023,4,7,6,50,57.97,62.49,57.6,51.31,60.71,53.39,0.0,0.0
1963,44743,61.48,52.22536489701602,0.4259394505990896,4,9,6,50,54.01,55.49,56.93,65.14,68.63,68.68,0.0,0.0
1964,45952,57.46,53.046599908754565,0.3391421089690694,4,6,6,50,56.88,62.84,54.85,64.43,47.67,58.11,0.0,0.0
1965,46855,59.97,51.88798074352751,0.2129556580148283,4,5,6,50,67.35,60.35,53.32,63.62,64.88,50.28,0.0,0.0
1966,44340,60.23,52.23097361625593,0.269242422640888,4,10,6,50,63.99,60.16,61.44,63.39,60.61,51.77,0.0,0.0
1967,42224,46.78,52.3312301298478,0.3096195636912636,2,12,6,50,45.75,46.35,49.53,51.37,37.93,49.75,0.0,0.0
1968,46859,56.6,52.03456659604355,0.3504941620631082,6,7,6,50,62.08,58.7,52.59,56.87,57.2,52.18,0.0,0.0
1969,47208,50.27,54.30381770788188,0.3665706146898936,4,4,6,50,54.83,46.45,46.85,55.01,51.22,47.26,0.0,0.0
1970,45297,54.04,51.59933583967515,0.4173801183444039,3,6,6,50,58.34,61.58,48.96,45.89,54.8,54.64,0.0,0.0
1971,40726,54.65,51.83241284730186,0.3510269606259489,0,8,6,50,53.19,58.0,57.5,48.11,57.38,53.71,0.0,0.0
1972,46855,54.88,53.42108092774334,0.2760592274454698,4,5,6,50,53.36,51.1,50.05,56.34,60.29,58.15,0.0,0.0
1973,54018,56.64,51.33847673239329,0.3693137193171461,6,4,6,50,46.57,57.96,60.67,57.33,55.7,61.64,0.0,0.0
1974,45549,51.88,51.62505452080137,0.3640348463947503,4,7,6,50,52.17,55.03,46.05,53.03,57.45,47.53,0.0,0.0
1975,48009,47.61,51.213988633364345,0.314147669654843,3,2,6,50,45.61,41.15,46.39,49.16,47.04,56.3,0.0,0.0
1976,40726,61.41,51.83575180029839,0.2998026974488131,0,8,6,50,62.4,59.91,68.46,64.59,54.93,58.18,0.0,0.0
1977,44239,66.48,53.40018488275729,0.3214370990404725,2,7,6,50,73.77,69.45,67.95,71.45,59.41,56.88,0.0,0.0
1978,43433,41.2,53.36195133645991,0.3225542590694972,2,9,6,50,36.29,41.44,46.83,44.02,41.88,36.75,0.0,0.0
1979,40726,69.51,52.540973327779625,0.3190480124476859,0,8,6,50,71.54,60.51,68.12,74.06,73.11,69.7,0.0,0.0
1980,40323,48.38,51.4782448832214,0.4231928484649604,0,9,6,50,48.56,46.13,52.67,45.69,49.95,47.25,0.0,0.0
1981,43433,51.13,53.89035632303559,0.3127780308577566,2,9,6,50,51.32,50.09,53.34,48.55,46.14,57.35,0.0,0.0
1982,47208,59.37,53.35491048843013,0.3101448458000534,4,4,6,50,51.53,57.73,67.31,63.91,56.93,58.8,0.0,0.0
1983,86531,48.65,53.87762013463231,0.3435408572715166,8,3,6,50,46.34,46.54,41.2,55.82,53.71,48.3,0.0,0.0
1984,45146,67.33,52.64651910774133,0.3081944932875979,4,8,6,50,71.87,74.67,62.8,72.13,65.9,56.62,0.0,0.0
1985,47710,56.15,53.78859667142716,0.3914339075818115,5,5,6,50,50.6,61.87,51.98,58.57,57.09,56.77,0.0,0.0
1986,44890,47.37,51.69500708105943,0.2279564359373903,1,5,6,50,55.6,40.87,51.58,50.74,43.43,42.02,0.0,0.0
1987,40323,64.44,52.2992416719982,0.3343058549096439,0,9,6,50,64.68,70.51,55.84,59.81,63.9,71.87,0.0,0.0
1988,45398,53.98,52.64954192934503,0.2648149137059418,5,9,6,50,60.96,60.81,50.32,54.85,49.95,46.99,0.0,0.0
1989,38711,58.84,50.81756346183269,0.3434894058809025,0,13,6,50,59.7,66.73,52.94,52.76,62.56,58.32,0.0,0.0
1990,46456,60.88,52.74307121835126,0.3231455280618045,6,8,6,50,63.7,61.87,61.39,58.67,64.53,55.09,0.0,0.0
1991,49515,54.18,52.76503599456452,0.380339244369075,6,5,6,50,49.55,53.23,53.96,49.8,58.34,60.22,0.0,0.0
1992,43836,45.11,53.08743336988098,0.380831273055139,2,8,6,50,43.18,40.97,41.74,46.88,50.55,47.32,0.0,0.0
1993,46456,60.57,51.20750897942912,0.3093630714302228,6,8,6,50,60.83,58.38,70.08,62.67,60.89,50.59,0.0,0.0
1994,44743,68.63,52.74792154170968,0.3468921193273142,4,9,6,50,72.01,70.77,63.64,69.3,62.75,73.31,0.0,0.0
1995,41129,54.43,52.86378881136601,0.3630329766613013,0,7,6,50,55.25,48.35,57.5,58.86,47.62,59.0,0.0,0.0
1996,46204,50.13,51.91115490422022,0.351750686165953,2,2,6,50,41.9,51.81,51.16,52.48,56.79,46.63,0.0,0.0
1997,38711,49.16,53.41582491133866,0.3064592491002763,0,13,6,50,45.48,54.39,46.31,55.08,42.92,50.8,0.0,0.0
1998,86531,58.24,53.034326485277454,0.3327263552366648,8,3,6,50,54.51,59.37,60.96,57.81,65.9,50.87,0.0,0.0
1999,45146,55.8,52.97383807637218,0.4050026761668676,4,8,6,50,50.04,48.1,62.27,61.43,63.74,49.25,0.0,0.0
2000,38308,52.41,52.04632776027596,0.2962058817500962,0,14,6,50,49.43,57.39,51.37,49.85,54.69,51.75,0.0,0.0
2001,41532,66.03,52.85396248993136,0.3439393776449875,0,6,6,50,67.11,55.0,68.37,69.44,69.96,66.31,0.0,0.0
2002,39920,55.17,54.253256056848926,0.2204662516363781,0,10,6,50,61.78,48.42,60.02,52.52,54.23,54.07,0.0,0.0
2003,38711,57.68,52.40836140647064,0.2621276443539598,0,13,6,50,67.25,58.28,57.04,50.26,50.24,63.02,0.0,0.0
2004,38711,54.08,52.51007741957648,0.2982536106406899,0,13,6,50,59.9,46.59,53.28,56.07,51.66,56.99,0.0,0.0
2005,46607,57.44,52.50490811023325,0.3445159607369695,5,6,6,50,53.87,60.79,51.05,55.77,62.18,60.96,0.0,0.0
2006,44894,54.59,52.27297888574063,0.3243627084922409,3,7,6,50,61.43,51.3,46.73,60.09,52.19,55.81,0.0,0.0
2007,46053,58.33,52.0700525389456,0.3282665277782237,6,9,6,50,62.69,51.84,65.82,57.15,49.06,63.43,0.0,0.0
2008,44743,51.94,53.00979055846529,0.3315762408195558,4,9,6,50,52.86,50.94,46.71,51.06,49.65,60.44,0.0,0.0
2009,39920,51.44,52.828769798560685,0.3133036080569223,0,10,6,50,53.91,48.53,46.73,52.59,55.25,51.63,0.0,0.0
2010,53014,61.59,53.20657845068842,0.3772968847600014,4,2,6,50,69.18,64.85,53.22,62.44,59.37,60.49,0.0,0.0
2011,42627,62.24,52.37761793333917,0.2638267765542471,2,11,6,50,59.99,65.06,66.82,58.38,53.3,69.89,0.0,0.0
2012,43181,52.73,52.68951304684842,0.4646871762589713,1,8,6,50,59.55,54.24,47.41,47.63,57.33,50.24,0.0,0.0
2013,45398,57.91,53.29598228079763,0.3028206809074373,5,9,6,50,65.13,54.12,55.12,53.59,60.33,59.18,0.0,0.0
2014,45650,73.1,52.140558358805,0.3303076962917297,6,10,6,50,73.83,75.97,62.46,69.41,84.59,72.36,0.0,0.0
2015,44642,42.1,54.03704490918467,0.219859209453413,2,6,6,50,49.87,38.72,38.26,37.6,46.92,41.22,0.0,0.0
2016,40323,65.65,52.1995872884778,0.3137078598517852,0,9,6,50,68.57,60.55,65.15,69.29,61.06,69.27,0.0,0.0
2017,42627,53.86,52.77949341645062,0.3370660144558557,2,11,6,50,59.93,55.45,52.6,55.79,50.66,48.73,0.0,0.0
2018,44894,48.92,52.29508027540021,0.3156623206072828,3,7,6,50,46.69,55.41,49.5,47.56,47.25,47.08,0.0,0.0
2019,44239,49.46,54.13902949746544,0.3296644365881055,2,7,6,50,48.56,50.58,47.43,50.18,48.57,51.45,0.0,0.0
2020,45952,56.69,53.84823238529376,0.2406224873407746,4,6,6,50,58.63,60.5,59.1,55.81,51.16,54.95,0.0,0.0
2021,41569,50.67,54.30309907939334,0.2557772570396421,1,12,6,50,48.08,51.01,58.61,52.83,44.14,49.33,0.0,0.0
2022,45297,53.22,52.10225137165454,0.3256925311384006,3,6,6,50,58.73,46.85,58.55,50.19,45.82,59.15,0.0,0.0
2023,45549,59.34,53.39130090976583,0.3370241526140193,4,7,6,50,63.06,62.64,61.87,58.86,53.99,55.65,0.0,0.0
2024,39517,51.48,52.242544745167294,0.2586591940015026,0,11,6,50,52.22,50.8,56.4,43.36,59.53,46.6,0.0,0.0
2025,46456,48.92,53.50078191489642,0.3493296188693051,6,8,6,50,42.53,51.21,52.74,45.16,57.11,44.77,0.0,0.0
2026,43937,61.19,54.40116946718313,0.3770858742930566,4,11,6,50,53.37,64.55,67.22,62.55,54.0,65.46,0.0,0.0
2027,43937,55.8,53.61498531013982,0.3612943022582693,4,11,6,50,60.15,50.37,53.17,62.18,46.94,61.99,0.0,0.0
2028,40323,46.86,52.60580450374943,0.3620860533497771,0,9,6,50,43.78,43.26,48.82,51.07,52.23,42.0,0.0,0.0
2029,46456,64.1,54.66612995512461,0.3966747908234743,6,8,6,50,65.09,60.52,64.7,65.08,58.96,70.26,0.0,0.0
2030,46204,52.06,53.70062840250319,0.3500345523839996,5,7,6,50,58.89,50.61,50.99,47.43,55.84,48.58,0.0,0.0
2031,46859,59.28,54.09871762309661,0.3209037754591312,6,7,6,50,62.43,57.26,59.76,55.97,59.05,61.24,0.0,0.0
2032,39517,49.78,51.077007891235176,0.2889164232093034,0,11,6,50,47.17,44.83,52.46,50.74,52.11,51.37,0.0,0.0
2033,42435,58.86,53.554675031764695,0.3270158372380152,0,5,6,50,54.43,63.88,65.43,53.89,59.57,55.94,0.0,0.0
2034,45952,55.7,54.23407056738759,0.3187607271667391,4,6,6,50,50.81,52.7,60.12,55.89,52.6,62.09,0.0,0.0
2035,49013,67.03,52.85587314383327,0.3498006584708688,5,4,6,50,70.83,53.57,67.95,66.33,72.41,71.08,0.0,0.0
2036,45952,58.99,54.55096227585686,0.3402224194731613,4,6,6,50,66.26,52.81,55.76,53.47,64.76,60.88,0.0,0.0
2037,43987,61.82,52.49986632974561,0.352215131391745,1,6,6,50,57.88,68.69,59.97,66.14,61.31,56.92,0.0,0.0
2038,43836,53.8,51.71615992175472,0.3008931353563556,2,8,6,50,56.87,57.26,53.82,52.2,48.87,53.78,0.0,0.0
2039,46855,71.35,52.2029007726194,0.3642239575154682,4,5,6,50,73.88,71.91,77.51,74.4,66.58,63.82,0.0,0.0
2040,49515,70.78,51.84498072057316,0.2797264836333967,6,5,6,50,69.15,81.98,62.48,68.0,65.35,77.73,0.0,0.0
2041,45851,66.26,53.06924978976028,0.3239835330255724,2,3,6,50,62.74,72.93,74.61,70.8,58.4,58.07,0.0,0.0
2042,40323,60.42,52.395722864773646,0.3242950743779438,0,9,6,50,58.7,65.33,65.31,63.44,54.11,55.63,0.0,0.0
2043,47208,55.88,51.983831356417376,0.3307497934324148,4,4,6,50,64.53,50.92,54.93,55.0,59.99,49.93,0.0,0.0
2044,44239,52.69,51.2403395965193,0.310061549819234,2,7,6,50,50.85,49.32,59.24,47.83,49.03,59.86,0.0,0.0
2045,45545,57.17,52.9460529449736,0.3412511007591982,2,5,6,50,52.38,64.26,48.71,60.29,59.34,58.06,0.0,0.0
2046,44088,49.94,51.859043063012514,0.2613908113601499,3,9,6,50,53.7,53.26,42.85,41.58,51.28,56.99,0.0,0.0
2047,39920,58.79,51.6295262010269,0.3580886176080279,0,10,6,50,55.06,60.68,57.99,62.71,58.96,57.36,0.0,0.0
2048,42375,57.43,52.943083494335866,0.2938144790740009,1,10,6,50,55.87,57.25,51.41,57.59,59.46,62.98,0.0,0.0
2049,44239,60.11,51.46218674199344,0.3649346817042728,2,7,6,50,69.99,63.94,63.15,56.0,52.24,55.36,0.0,0.0
2050,54018,63.9,51.57892402548266,0.2930727579186242,6,4,6,50,58.21,63.76,60.5,60.42,70.08,70.43,0.0,0.0
2051,40726,61.66,53.12744692375237,0.3088923826366079,0,8,6,50,69.41,58.4,63.06,54.78,67.06,57.28,0.0,0.0
2052,40323,67.46,52.04862089374824,0.154156174046399,0,9,6,50,63.3,74.32,67.37,63.01,71.18,65.57,0.0,0.0
2053,73020,52.23,51.45197912772552,0.396328983586473,4,0,6,50,51.49,53.44,51.53,55.84,46.27,54.83,0.0,0.0
2054,62525,52.27,53.33684861253703,0.303841507840999,8,5,6,50,47.65,55.01,50.9,53.72,46.71,59.63,0.0,0.0
2055,39920,57.13,53.19676948733025,0.2862342043199799,0,10,6,50,56.41,64.1,51.66,49.82,50.24,70.57,0.0,0.0
2056,45952,65.38,49.775361472582105,0.3289179600696387,4,6,6,50,69.52,67.79,70.98,69.86,61.54,52.56,0.0,0.0
2057,44340,59.01,51.95640756181814,0.3364004419306551,4,10,6,50,61.43,64.41,53.94,52.32,51.46,70.5,0.0,0.0
2058,49515,49.8,51.32554145167214,0.3682082629704669,6,5,6,50,47.99,49.05,53.65,44.08,49.56,54.5,0.0,0.0
2059,37502,51.66,53.54882934333209,0.3350890931503627,0,16,6,50,54.71,45.48,56.45,45.78,55.28,52.28,0.0,0.0
2060,48511,56.68,52.11817056237509,0.2891026340103171,4,3,6,50,58.49,58.69,52.63,53.91,60.16,56.17,0.0,0.0
2061,49515,57.92,53.821776494149965,0.2369193529996612,6,5,6,50,60.51,52.09,58.33,64.9,60.27,51.45,0.0,0.0
2062,43836,58.02,54.11049793250757,0.3714801155948468,2,8,6,50,54.38,62.67,66.23,50.28,56.17,58.37,0.0,0.0
2063,46855,49.06,53.65157688845496,0.2550439519351168,4,5,6,50,50.81,52.8,46.53,44.85,57.98,41.39,0.0,0.0
2064,45297,55.77,52.50900991694393,0.299978625456261,3,6,6,50,47.93,54.97,52.99,58.37,60.15,60.22,0.0,0.0
2065,42778,56.15,53.68442675836437,0.3535906524452382,1,9,6,50,62.55,58.39,58.74,49.93,56.82,50.47,0.0,0.0
2066,43937,47.38,54.99030434609435,0.3927566954762388,4,11,6,50,42.75,48.03,49.62,42.68,50.73,50.44,0.0,0.0
2067,43030,64.63,52.503297338815656,0.2944362603696007,2,10,6,50,53.28,67.48,74.19,62.26,58.49,72.08,0.0,0.0
2068,44642,64.86,52.69684848538871,0.2728208296351409,2,6,6,50,68.15,67.72,58.21,64.09,59.54,71.46,0.0,0.0
2069,45851,54.77,51.66716171208678,0.271683370146605,2,3,6,50,55.13,51.39,58.15,55.49,60.81,47.67,0.0,0.0
2070,40209,54.31,53.36984803989453,0.2943272673111134,2,17,6,50,51.25,58.12,56.32,56.66,49.48,54.03,0.0,0.0
2071,49013,59.58,52.49981786806474,0.2617821740514157,5,4,6,50,52.45,59.28,63.51,62.13,54.49,65.65,0.0,0.0
2072,44491,56.43,52.58471784614581,0.2925186897247534,3,8,6,50,58.22,50.12,61.89,52.13,57.61,58.59,0.0,0.0
2073,42375,75.49,52.52803669535844,0.3539244551916711,1,10,6,50,84.08,66.6,83.51,72.2,67.34,79.23,0.0,0.0
2074,53014,50.03,53.72567846879163,0.3452870593231522,4,2,6,50,44.36,40.88,47.63,58.07,57.25,52.01,0.0,0.0
2075,42741,50.84,52.16038717996543,0.3662612216016973,0,3,6,50,47.95,50.62,47.19,46.78,56.16,56.31,0.0,0.0
2076,47462,62.32,53.2944649132892,0.280587708275543,6,6,6,50,64.8,67.34,67.56,52.14,67.63,54.45,0.0,0.0
2077,45146,45.64,52.16156991162589,0.3043453488582897,4,8,6,50,52.04,48.95,44.66,39.4,39.06,49.72,0.0,0.0
2078,44239,68.22,50.37538435929032,0.2984521508189394,2,7,6,50,69.53,62.53,73.9,63.45,63.86,76.05,0.0,0.0
2079,44239,57.64,51.92930087597591,0.3178292693297209,2,7,6,50,61.71,55.39,48.85,52.79,64.16,62.92,0.0,0.0
2080,43836,56.39,52.88787625778607,0.3145615516457691,2,8,6,50,60.08,62.47,49.85,58.02,51.59,56.31,0.0,0.0
2081,40323,44.75,53.74729944779365,0.3636905156714858,0,9,6,50,41.67,47.57,51.25,43.18,42.73,42.08,0.0,0.0
2082,40323,44.11,53.11533104920594,0.4065216590576982,0,9,6,50,39.37,44.14,49.98,49.12,43.36,38.69,0.0,0.0
2083,54018,69.46,51.21508293527788,0.3073092031704325,6,4,6,50,70.73,63.74,70.05,68.3,71.98,71.94,0.0,0.0
2084,39920,61.7,53.79115839037426,0.3534547961806491,0,10,6,50,61.15,60.81,55.49,62.5,62.74,67.51,0.0,0.0
2085,45545,52.49,54.99481542163524,0.3097888988391224,2,5,6,50,51.12,47.5,46.61,60.97,51.39,57.34,0.0,0.0
2086,38711,50.66,52.18915971879164,0.316137024134072,0,13,6,50,55.75,45.27,51.68,48.21,45.08,57.99,0.0,0.0
2087,44491,45.64,52.84179403795344,0.3145209338406534,3,8,6,50,44.74,41.59,50.09,41.89,51.92,43.63,0.0,0.0
2088,43836,58.03,52.92081998997726,0.3915104321696441,2,8,6,50,56.29,62.84,61.76,61.79,49.55,55.93,0.0,0.0
2089,47208,47.98,51.50196920893319,0.354558961631532,4,4,6,50,50.57,49.64,49.58,51.72,41.13,45.22,0.0,0.0
2090,44743,54.75,53.13022463459751,0.2942953676787505,4,9,6,50,53.81,54.59,59.25,58.12,49.96,52.78,0.0,0.0
2091,46960,61.98,52.84348126668243,0.2154334603061782,8,10,6,50,61.55,72.42,57.07,57.58,68.62,54.65,0.0,0.0
2092,39920,66.24,53.944736750693046,0.2197845930717824,0,10,6,50,73.64,55.55,70.78,62.35,68.78,66.36,0.0,0.0
2093,40726,53.63,52.71805966812204,0.3583116809490674,0,8,6,50,60.31,56.96,46.8,44.83,53.7,59.19,0.0,0.0
2094,49519,52.42,51.74149395420596,0.3451470335090816,8,7,6,50,52.53,53.8,55.18,48.44,49.57,54.97,0.0,0.0
2095,42627,48.79,51.70512981094906,0.2544768471466733,2,11,6,50,52.15,51.21,48.34,41.69,46.1,53.23,0.0,0.0
2096,44491,46.18,50.96964695812018,0.3286804116362845,3,8,6,50,40.5,49.06,43.85,47.19,53.54,42.96,0.0,0.0
2097,62023,58.46,53.7409458560458,0.304431426284174,7,4,6,50,56.53,61.04,52.51,60.24,57.12,63.31,0.0,0.0
2098,45549,59.37,51.87492551608357,0.3465029151751703,4,7,6,50,66.3,53.29,59.77,60.92,53.18,62.77,0.0,0.0
2099,39517,47.62,52.72080532857736,0.3046356207050189,0,11,6,50,47.99,50.36,43.63,48.4,50.56,44.78,0.0,0.0
2100,39920,50.51,51.149577480466505,0.3686547655420429,0,10,6,50,47.99,53.41,47.0,49.67,56.22,48.78,0.0,0.0
2101,46855,67.18,55.26462218659829,0.3045183264898122,4,5,6,50,64.38,69.9,65.03,69.81,68.56,65.37,0.0,0.0
2102,44491,49.33,53.334474611118665,0.2828142836224471,3,8,6,50,54.37,43.53,48.78,46.95,46.32,56.03,0.0,0.0
2103,41129,56.37,52.86156335124413,0.338576718460636,0,7,6,50,52.84,62.41,55.33,53.49,62.75,51.38,0.0,0.0
2104,47714,58.07,52.06113808562947,0.294132506931872,7,7,6,50,54.34,54.99,56.43,61.78,60.26,60.63,0.0,0.0
2105,40726,47.42,54.12965230585576,0.2846590749215408,0,8,6,50,50.49,51.43,48.53,44.35,45.63,44.12,0.0,0.0
2106,44239,54.22,52.88264029969124,0.3092803297916969,2,7,6,50,56.47,55.3,47.39,53.83,58.23,54.1,0.0,0.0
2107,54018,63.01,52.58315847166249,0.246249782909124,6,4,6,50,56.26,58.91,68.0,71.7,61.6,61.57,0.0,0.0
2108,39920,49.58,53.34270472189016,0.3948200901722837,0,10,6,50,55.08,53.24,47.87,47.31,51.34,42.64,0.0,0.0
2109,43030,59.52,51.60772357144512,0.3630121403858554,2,10,6,50,66.42,54.93,55.85,68.55,55.46,55.9,0.0,0.0
2110,43836,45.61,51.63151173696408,0.2886728369377534,2,8,6,50,45.79,45.2,49.45,42.03,40.68,50.53,0.0,0.0
2111,39920,59.93,54.49778997108911,0.3698713342290193,0,10,6,50,57.89,65.63,53.59,56.35,57.65,68.47,0.0,0.0
2112,40323,65.02,52.87626134768076,0.3152728234755988,0,9,6,50,66.64,67.19,67.06,61.16,59.63,68.46,0.0,0.0
2113,40323,54.56,52.77647170650564,0.3376000962513676,0,9,6,50,47.63,49.85,56.46,58.2,57.75,57.44,0.0,0.0
2114,42627,58.74,52.02028441141504,0.2362187019823349,2,11,6,50,60.45,59.65,61.95,55.16,52.33,62.89,0.0,0.0
2115,44642,52.97,52.84086899485017,0.326886878505426,2,6,6,50,48.41,56.78,58.21,43.15,57.12,54.17,0.0,0.0
2116,43937,59.43,53.390046955687694,0.3008872914482569,4,11,6,50,61.99,58.89,52.07,63.78,54.2,65.64,0.0,0.0
2117,45549,63.28,51.99651371669917,0.3681710743928215,4,7,6,50,66.5,62.7,66.43,58.79,70.81,54.44,0.0,0.0
2118,41129,48.81,51.53233401388346,0.3082296600628024,0,7,6,50,44.56,50.71,54.49,45.57,46.67,50.88,0.0,0.0
2119,45545,55.65,53.10713909714453,0.2592351642542836,2,5,6,50,49.15,52.87,60.43,48.02,62.47,60.98,0.0,0.0
2120,44239,59.58,51.71039965808991,0.3117962202420673,2,7,6,50,59.12,54.84,65.79,51.42,58.46,67.83,0.0,0.0
2121,46607,52.2,52.81135561242707,0.2889049890945813,5,6,6,50,59.02,51.4,47.26,50.35,56.13,49.02,0.0,0.0
2122,43937,59.16,51.09466846984512,0.2848807996282225,4,11,6,50,65.2,61.67,53.04,65.37,57.22,52.43,0.0,0.0
2123,44239,69.0,53.04581205662559,0.4270047612961782,2,7,6,50,74.89,71.12,63.23,67.25,68.2,69.29,0.0,0.0
2124,45698,51.98,53.41007625983781,0.234963617101812,2,4,6,50,58.82,52.39,55.94,48.16,51.55,45.0,0.0,0.0
2125,42879,51.93,53.15560903352071,0.2604886333827406,3,12,6,50,61.86,56.42,50.23,47.75,49.28,46.03,0.0,0.0
2126,46855,54.2,53.86010687710161,0.3471438407322241,4,5,6,50,58.06,47.9,64.56,48.85,52.86,52.94,0.0,0.0
2127,124035,50.05,52.826437128298096,0.3616207696107203,7,0,6,50,45.95,54.25,47.04,54.57,52.13,46.34,0.0,0.0
2128,42741,53.93,51.96689349600565,0.2802821581806777,0,3,6,50,47.31,54.23,58.87,48.42,57.5,57.26,0.0,0.0
2129,45698,70.03,53.79387406705018,0.2320744108328954,2,4,6,50,66.71,65.25,80.9,68.06,69.0,70.24,0.0,0.0
2130,43030,61.96,54.024105646272446,0.3624258784134545,2,10,6,50,61.8,62.05,58.89,61.48,64.31,63.26,0.0,0.0
2131,45545,55.48,52.85480056189145,0.2868387323594575,2,5,6,50,47.65,53.67,56.04,60.76,59.77,55.02,0.0,0.0
2132,44491,77.09,52.443309094521695,0.3274322838895221,3,8,6,50,82.95,65.84,77.36,76.97,70.91,88.53,0.0,0.0
2133,44239,57.53,53.47720777837043,0.2905807881719423,2,7,6,50,64.96,50.74,54.43,60.59,55.5,58.98,0.0,0.0
2134,61019,62.99,50.902719259324925,0.3031037836601536,5,2,6,50,62.56,66.64,56.46,66.45,65.55,60.25,0.0,0.0
2135,44340,62.17,53.56575828241864,0.3525747518168092,4,10,6,50,68.22,66.73,59.09,65.17,54.27,59.54,0.0,0.0
2136,54272,51.18,52.18844180752392,0.2627239239253657,8,6,6,50,47.86,45.43,57.78,47.95,53.88,54.16,0.0,0.0
2137,44743,62.28,54.094479246834254,0.3537236055311331,4,9,6,50,59.35,58.1,64.0,54.71,68.95,68.59,0.0,0.0
2138,45698,59.09,53.776068923897135,0.3927105082862954,2,4,6,50,55.83,62.83,59.34,65.95,54.32,56.29,0.0,0.0
2139,41129,57.46,54.36340181032338,0.2771390083979951,0,7,6,50,55.22,53.72,57.72,62.8,59.12,56.16,0.0,0.0
2140,43433,60.44,53.65047238398896,0.3635680542601711,2,9,6,50,55.13,58.81,62.42,65.76,52.06,68.44,0.0,0.0
2141,44894,57.42,50.17912412714078,0.3578905142953094,3,7,6,50,60.95,58.31,50.0,47.23,61.93,66.11,0.0,0.0
2142,104038,61.68,53.37456721806098,0.4164125234641094,10,4,6,50,56.1,57.22,70.52,63.65,62.0,60.58,0.0,0.0
2143,45698,57.09,54.04229984041747,0.3438077814780235,2,4,6,50,65.56,53.96,56.83,60.23,49.82,56.13,0.0,0.0
2144,47966,54.6,53.13746324357678,0.3253937686230508,8,8,6,50,54.58,52.27,54.2,56.35,49.56,60.62,0.0,0.0
2145,41532,47.52,51.37846911916978,0.2668051189366591,0,6,6,50,40.05,49.42,54.71,43.06,48.52,49.34,0.0,0.0
2146,45146,58.84,52.75384651452247,0.3125393288932302,4,8,6,50,66.46,62.09,51.37,61.27,53.37,58.5,0.0,0.0
2147,41129,64.38,51.12711116893933,0.3694320872637252,0,7,6,50,61.73,70.32,71.8,59.15,67.88,55.4,0.0,0.0
2148,45549,52.84,52.591750359226445,0.3007242987685186,4,7,6,50,54.58,48.75,54.04,46.83,50.04,62.79,0.0,0.0
2149,45545,57.58,51.09246453779844,0.2472871800815492,2,5,6,50,62.48,60.14,60.07,50.54,52.92,59.31,0.0,0.0
2150,61521,59.03,52.18623971846642,0.2930457342686358,6,3,6,50,61.47,53.99,60.52,58.9,62.0,57.29,0.0,0.0
2151,62525,46.6,52.40163306048024,0.309415413730829,8,5,6,50,48.72,40.15,47.36,47.05,47.44,48.85,0.0,0.0
2152,87535,64.54,51.56109120204005,0.245596175101105,10,5,6,50,66.24,61.32,60.15,66.65,72.5,60.41,0.0,0.0
2153,48511,55.82,54.28236714182599,0.3806176179533322,4,3,6,50,55.44,47.28,64.56,56.66,53.97,57.02,0.0,0.0
2154,45851,66.48,51.14031607611515,0.2711593288677786,2,3,6,50,66.14,71.73,61.94,74.11,58.97,65.98,0.0,0.0
2155,46855,44.1,53.471211090009774,0.2903550641383624,4,5,6,50,43.56,47.32,46.58,40.96,44.66,41.54,0.0,0.0
2156,41129,61.54,52.58741603812901,0.3816526003957938,0,7,6,50,58.53,71.43,55.23,62.31,66.45,55.26,0.0,0.0
2157,40726,47.0,53.04244927483665,0.3324523106023752,0,8,6,50,46.83,40.55,40.83,49.38,53.03,51.41,0.0,0.0
2158,44890,57.9,52.01284796997655,0.3182306446036617,1,5,6,50,58.04,59.23,53.16,52.85,59.41,64.68,0.0,0.0
2159,45297,57.46,52.96671930772969,0.3403939067901544,3,6,6,50,54.19,59.58,57.3,56.09,60.65,56.94,0.0,0.0
2160,43685,60.37,53.30268520269981,0.4049546507694415,3,10,6,50,59.72,61.64,62.02,66.01,55.89,56.93,0.0,0.0
2161,49267,59.31,53.14557160816032,0.2639687893130167,7,6,6,50,63.64,54.97,55.84,52.94,65.34,63.15,0.0,0.0
2162,54520,50.34,51.42520352760011,0.1513519403005722,7,5,6,50,44.84,46.71,48.26,54.58,59.29,48.34,0.0,0.0
2163,44642,54.92,53.96801051991135,0.4063929786013601,2,6,6,50,63.75,45.36,50.31,61.81,48.76,59.54,0.0,0.0
2164,45247,54.31,52.775323976518365,0.3553455392265727,6,11,6,50,61.75,51.8,51.08,49.95,61.51,49.75,0.0,0.0
2165,39517,58.69,50.72485411172449,0.3355620433848744,0,11,6,50,54.99,61.11,66.4,64.33,52.48,52.81,0.0,0.0
2166,46607,68.7,51.46875432543574,0.3769792575357705,5,6,6,50,70.61,74.25,67.46,59.44,77.92,62.5,0.0,0.0
2167,43584,52.82,51.245133108750565,0.2800343999565422,1,7,6,50,50.99,52.68,53.36,57.18,51.27,51.44,0.0,0.0
2168,47714,62.48,51.671726148415694,0.3562047132376748,7,7,6,50,61.5,61.97,60.28,54.16,66.46,70.49,0.0,0.0
2169,54018,60.59,52.98304086265751,0.256310232080358,6,4,6,50,58.64,62.9,70.11,55.82,58.77,57.31,0.0,0.0
2170,46859,57.61,53.11894248612977,0.3369167100423691,6,7,6,50,58.8,52.49,58.35,56.19,61.02,58.79,0.0,0.0
2171,44340,61.95,53.42797936951654,0.3291237959791452,4,10,6,50,71.1,56.68,64.74,61.57,62.77,54.84,0.0,0.0
2172,46859,65.31,53.08864382740182,0.2792726300751793,6,7,6,50,69.97,69.63,64.82,62.34,62.21,62.89,0.0,0.0
2173,60517,53.5,56.24602304778998,0.3798028464025497,4,1,6,50,47.27,59.17,58.6,53.68,51.68,50.61,0.0,0.0
2174,49013,52.84,53.42383208022059,0.2417174448758671,5,4,6,50,55.42,48.82,59.44,56.56,51.92,44.9,0.0,0.0
2175,49267,58.49,53.91795479476719,0.3265850234574569,7,6,6,50,49.67,54.11,66.3,60.17,57.75,62.95,0.0,0.0
2176,72024,56.75,54.468634790520056,0.3513791630357107,6,2,6,50,65.0,62.43,55.52,54.33,50.99,52.24,0.0,0.0
2177,45698,51.3,54.06467316082728,0.3192794863897563,2,4,6,50,55.76,45.82,55.93,48.75,54.83,46.7,0.0,0.0
2178,41532,51.15,53.08469008410867,0.3372135057281799,0,6,6,50,60.12,45.89,48.05,44.46,47.19,61.18,0.0,0.0
2179,42778,56.14,53.45115257410415,0.2951108886257587,1,9,6,50,58.65,55.63,58.25,50.29,57.63,56.38,0.0,0.0
2180,44088,58.11,52.823983313030745,0.2890165826544577,3,9,6,50,56.03,51.36,60.72,56.3,63.05,61.22,0.0,0.0
2181,39517,68.54,53.46297260395667,0.3261544292310751,0,11,6,50,77.8,73.75,72.47,59.76,61.66,65.81,0.0,0.0
2182,49013,50.76,51.46277545118803,0.3981254164520041,5,4,6,50,46.28,45.24,59.36,45.93,52.09,55.68,0.0,0.0
2183,43836,63.0,51.67245756160477,0.2846578888493237,2,8,6,50,65.56,59.32,60.38,58.11,62.68,71.92,0.0,0.0
2184,39920,48.07,54.89724391288362,0.3818760235217192,0,10,6,50,45.03,44.97,53.19,54.87,42.98,47.4,0.0,0.0
2185,46204,56.93,54.099612097521614,0.2681153783202056,5,7,6,50,57.39,56.0,59.81,48.71,58.14,61.53,0.0,0.0
2186,46607,53.14,52.434941168870566,0.2759044616537913,5,6,6,50,56.58,54.48,46.2,55.14,52.09,54.34,0.0,0.0
2187,45146,61.44,53.73758316820454,0.3181937236339927,4,8,6,50,52.75,68.21,65.61,58.26,62.41,61.39,0.0,0.0
2188,45650,53.38,51.81955772486217,0.3382342224946141,6,10,6,50,57.03,60.47,51.36,52.38,49.71,49.31,0.0,0.0
2189,40323,66.72,51.96156714415777,0.1737315154707606,0,9,6,50,74.23,59.88,67.99,64.47,75.55,58.2,0.0,0.0
2190,42224,52.75,52.66782440675186,0.336739129230479,2,12,6,50,48.01,47.99,50.73,53.39,51.73,64.65,0.0,0.0
2191,47208,61.28,52.74370556096612,0.254809015275947,4,4,6,50,60.32,58.96,60.56,59.59,67.07,61.2,0.0,0.0
2192,40323,61.88,53.55961580786887,0.3767595429333517,0,9,6,50,65.14,60.32,63.39,63.27,54.37,64.76,0.0,0.0
2193,37905,50.11,53.58670285462804,0.2767726222610122,0,15,6,50,54.58,49.74,48.64,45.15,54.15,48.4,0.0,0.0
2194,38711,54.92,52.49786776671618,0.2177060412761177,0,13,6,50,52.91,60.24,46.98,55.9,50.27,63.25,0.0,0.0
2195,44743,47.04,53.92060978598142,0.25050044715191,4,9,6,50,53.88,41.69,46.21,49.79,48.93,41.76,0.0,0.0
2196,39517,47.85,53.32142978001975,0.3119329032092798,0,11,6,50,52.47,46.04,47.92,43.25,48.92,48.49,0.0,0.0
2197,42741,70.81,54.2513146962166,0.3168876357410521,0,3,6,50,63.68,74.48,63.05,76.4,73.58,73.67,0.0,0.0
2198,45549,54.18,53.596756398244366,0.3252090608971573,4,7,6,50,61.93,63.83,52.2,51.84,47.08,48.23,0.0,0.0
2199,85527,55.97,52.607774559059074,0.3379234779831492,6,1,6,50,62.03,54.69,50.79,58.78,51.6,57.95,0.0,0.0
2200,62529,52.74,53.31438421667468,0.2135434272593364,10,7,6,50,53.43,49.75,60.32,48.19,46.59,58.15,0.0,0.0
2201,145542,61.76,53.93160482247127,0.2778350050193333,9,1,6,50,62.45,54.32,65.7,66.08,65.43,56.57,0.0,0.0
2202,42224,53.38,53.289455419837175,0.2825802444887683,2,12,6,50,61.98,48.74,51.7,49.02,51.65,57.21,0.0,0.0
2203,47710,61.48,53.16048144498535,0.2325694625613855,5,5,6,50,55.21,61.94,67.6,63.14,53.61,67.38,0.0,0.0
2204,44239,46.6,53.06773852852913,0.2595146311288601,2,7,6,50,51.0,51.3,44.38,51.45,42.72,38.73,0.0,0.0
2205,42627,65.73,50.97854011215139,0.3150937253428025,2,11,6,50,73.57,66.79,65.8,58.91,75.14,54.18,0.0,0.0
2206,62525,52.28,53.60966942309834,0.329707584617075,8,5,6,50,54.26,51.8,51.81,45.31,56.73,53.74,0.0,0.0
2207,46456,47.14,53.528653407922725,0.3765940515440779,6,8,6,50,50.55,44.33,45.25,48.53,42.24,51.95,0.0,0.0
2208,46053,68.0,51.982588488507005,0.1877392047794247,6,9,6,50,61.33,70.8,63.23,65.47,76.16,70.98,0.0,0.0
2209,62525,59.18,52.32727196088399,0.2661163153323813,8,5,6,50,65.9,61.83,55.05,55.75,60.98,55.59,0.0,0.0
2210,47208,54.62,52.716427995451454,0.3468328659652037,4,4,6,50,56.61,45.5,60.53,54.83,62.0,48.23,0.0,0.0
2211,45698,53.45,54.11899516927509,0.2120405032668225,2,4,6,50,55.51,57.22,56.43,50.23,52.92,48.4,0.0,0.0
2212,46053,61.35,53.35843885202796,0.1973962563022397,6,9,6,50,51.87,69.91,67.7,56.1,69.64,52.85,0.0,0.0
2213,44239,62.53,51.920195381619685,0.2439756333100837,2,7,6,50,69.75,63.76,64.01,56.01,57.95,63.69,0.0,0.0
2214,45952,62.45,52.99377958195804,0.365912716412881,4,6,6,50,63.76,53.63,63.6,67.74,63.03,62.92,0.0,0.0
2215,44340,58.06,54.11812575849785,0.2187726485799183,4,10,6,50,56.54,62.18,62.84,56.11,54.23,56.48,0.0,0.0
2216,43030,56.78,52.3162778959682,0.2827194425717264,2,10,6,50,61.88,58.31,53.46,49.57,57.31,60.16,0.0,0.0
2217,44642,53.45,52.968050992939766,0.3699124784288836,2,6,6,50,51.33,61.88,47.68,47.3,54.33,58.2,0.0,0.0
2218,85527,62.07,50.926325673365056,0.2661617502930338,6,1,6,50,67.98,68.82,61.72,54.58,53.54,65.76,0.0,0.0
2219,45549,61.32,51.97998686034392,0.3340071863514023,4,7,6,50,59.96,57.98,63.28,66.73,65.71,54.27,0.0,0.0
2220,43030,53.69,50.05167699686919,0.316376513411468,2,10,6,50,50.89,58.43,53.05,50.27,54.95,54.53,0.0,0.0
2221,39517,61.5,55.312017424474575,0.303631002309701,0,11,6,50,68.65,62.88,68.47,53.73,58.76,56.53,0.0,0.0
2222,46855,54.25,53.04564744967103,0.3943591084764432,4,5,6,50,55.27,56.46,56.94,49.37,57.61,49.84,0.0,0.0
2223,62023,50.89,53.27867357268831,0.3047038934811993,7,4,6,50,46.12,49.79,61.58,52.2,48.37,47.26,0.0,0.0
2224,39114,67.46,53.90610265509037,0.310625707162497,0,12,6,50,67.92,64.17,63.51,71.87,65.77,71.53,0.0,0.0
2225,45549,54.94,52.59820490967505,0.2486692224529493,4,7,6,50,50.63,54.0,58.01,58.61,57.67,50.74,0.0,0.0
2226,52512,61.37,52.68673005727911,0.2871448116383416,3,1,6,50,63.54,59.87,53.97,55.47,63.26,72.11,0.0,0.0
2227,49519,51.22,53.29058793273032,0.2271499467859277,8,7,6,50,47.19,46.28,56.4,55.47,48.37,53.62,0.0,0.0
2228,41129,41.77,54.98437451582339,0.3856191414900033,0,7,6,50,47.85,34.87,36.16,41.19,44.05,46.48,0.0,0.0
2229,43030,58.19,52.0175529502436,0.2235013177605245,2,10,6,50,56.46,57.81,55.27,64.27,51.72,63.63,0.0,0.0
2230,44642,51.29,54.12790443243768,0.3186498144651596,2,6,6,50,55.24,46.0,53.73,53.56,48.74,50.5,0.0,0.0
2231,45247,51.0,52.3109286331886,0.3252134780338487,6,11,6,50,54.09,48.6,54.75,51.9,45.69,51.0,0.0,0.0
2232,45146,66.16,53.82829624342714,0.2340615526575858,4,8,6,50,55.38,67.62,63.9,68.4,69.15,72.51,0.0,0.0
2233,73028,62.7,54.42171935506271,0.3639755631960084,8,4,6,50,60.98,56.95,61.04,70.19,67.09,59.97,0.0,0.0
2234,45952,66.27,55.46422021696615,0.3462807379358449,4,6,6,50,69.56,68.63,56.19,72.23,69.61,61.41,0.0,0.0
2235,44894,61.73,52.92328176212304,0.3137410685996203,3,7,6,50,58.95,65.31,62.23,55.55,60.46,67.86,0.0,0.0
2236,44239,47.92,52.28064535091152,0.2743489184412447,2,7,6,50,49.63,49.12,50.32,42.95,49.95,45.58,0.0,0.0
2237,48511,47.88,53.62242894112731,0.3029723543809041,4,3,6,50,43.59,51.57,42.67,55.75,46.17,47.5,0.0,0.0
2238,46204,58.38,52.66093297058497,0.3091688892180305,2,2,6,50,63.78,51.44,63.25,50.68,64.97,56.18,0.0,0.0
2239,44088,58.75,53.39698901224421,0.3308115715873719,3,9,6,50,54.59,53.63,59.99,63.71,60.44,60.14,0.0,0.0
2240,47208,56.94,52.09107666853911,0.3610047100085237,4,4,6,50,55.93,56.96,55.67,63.16,53.49,56.46,0.0,0.0
2241,46855,54.1,55.01695878529699,0.3515839079275983,4,5,6,50,49.33,52.15,52.33,62.03,51.39,57.36,0.0,0.0
2242,44743,62.33,53.78553321375226,0.3057045696687476,4,9,6,50,68.49,60.84,56.75,62.02,63.48,62.39,0.0,0.0
2243,42627,62.22,53.43131031652889,0.2545931823641054,2,11,6,50,67.71,57.73,61.12,64.97,56.38,65.39,0.0,0.0
2244,45398,54.38,52.24966630901271,0.2144725649043338,5,9,6,50,65.48,49.02,48.14,55.36,49.38,58.87,0.0,0.0
2245,62023,67.61,53.73514778178141,0.3677056095280261,7,4,6,50,63.44,58.75,78.77,76.33,69.63,58.75,0.0,0.0
2246,43181,54.38,52.80577754090952,0.3547581824782141,1,8,6,50,53.83,52.7,50.53,54.66,61.66,52.89,0.0,0.0
2247,45146,51.48,53.08983219347797,0.2807992144538849,4,8,6,50,47.22,51.76,53.25,52.91,50.83,52.91,0.0,0.0
2248,47714,51.4,53.56510514172624,0.3249123680253403,7,7,6,50,48.53,48.67,53.09,53.35,50.26,54.51,0.0,0.0
2249,44642,57.66,52.71952758026729,0.2532512155258998,2,6,6,50,51.59,51.89,64.9,62.3,58.82,56.48,0.0,0.0
2250,39920,60.02,52.7516244654181,0.2575569430027189,0,10,6,50,63.54,68.34,54.82,53.83,53.49,66.1,0.0,0.0
2251,44189,40.84,52.2750657951224,0.3046957554542482,5,12,6,50,32.77,44.39,39.02,46.69,43.64,38.53,0.0,0.0
2252,46053,64.9,52.6943862435812,0.2684913351400204,6,9,6,50,56.68,56.37,66.31,74.97,69.48,65.56,0.0,0.0
2253,44642,53.0,54.07034090729267,0.3229733715027525,2,6,6,50,52.26,53.86,49.7,57.18,49.08,55.91,0.0,0.0
2254,44743,53.12,54.04511755625012,0.3086889076485693,4,9,6,50,52.71,49.92,55.85,52.08,52.88,55.25,0.0,0.0
2255,124035,72.53,53.03449826843385,0.4111704259132419,7,0,6,50,80.09,67.19,61.94,68.2,79.17,78.57,0.0,0.0
2256,73020,52.11,51.74247109706606,0.2568531761737795,4,0,6,50,43.36,58.04,52.63,56.46,53.73,48.45,0.0,0.0
2257,45146,53.18,51.97814803929907,0.3192167504811148,4,8,6,50,48.58,58.99,48.54,53.58,54.28,55.09,0.0,0.0
2258,46859,63.99,53.212704064122974,0.2665117817032758,6,7,6,50,64.99,64.83,69.56,53.11,62.15,69.32,0.0,0.0
2259,41532,58.38,53.152107794374686,0.2639215364362523,0,6,6,50,61.28,63.01,60.96,51.21,62.35,51.46,0.0,0.0
2260,47714,55.31,52.26657732857829,0.323376837673553,7,7,6,50,52.34,61.84,53.47,51.29,53.27,59.63,0.0,0.0
2261,39517,68.64,51.80405398861677,0.28754357568292,0,11,6,50,77.7,61.98,63.14,78.92,60.14,69.94,0.0,0.0
2262,62525,61.16,52.72604462609049,0.275664316137583,8,5,6,50,63.93,54.35,60.61,67.98,60.5,59.61,0.0,0.0
2263,46855,52.06,53.23005370948916,0.3364494681857045,4,5,6,50,61.52,47.07,49.08,59.57,48.1,47.02,0.0,0.0
2264,45952,45.78,52.91431871806385,0.3451629003107248,4,6,6,50,48.91,40.54,40.86,48.97,46.75,48.67,0.0,0.0
2265,73020,50.19,53.28602624701476,0.3417807482299812,4,0,6,50,56.32,54.38,44.12,47.6,50.95,47.77,0.0,0.0
2266,38308,55.65,51.48593318764634,0.2439528082274613,0,14,6,50,59.69,59.59,50.36,62.04,46.64,55.56,0.0,0.0
2267,47462,42.07,52.956822079162094,0.2431754595863889,6,6,6,50,39.33,37.24,42.76,43.83,45.98,43.26,0.0,0.0
2268,48511,54.23,52.01601278392823,0.288914766916068,4,3,6,50,51.81,52.81,56.24,55.95,54.97,53.63,0.0,0.0
2269,44340,52.76,52.352736253153616,0.258514462413222,4,10,6,50,56.9,52.24,54.36,49.04,53.33,50.66,0.0,0.0
2270,40726,54.63,54.91963203545449,0.3024318005912522,0,8,6,50,58.01,57.95,52.47,51.73,54.31,53.3,0.0,0.0
2271,44743,54.26,53.77041971288641,0.299317463274532,4,9,6,50,45.61,58.31,49.69,55.88,63.3,52.75,0.0,0.0
2272,40323,56.68,53.502187344963424,0.3237753356692879,0,9,6,50,57.87,48.97,55.37,56.01,63.23,58.63,0.0,0.0
2273,72526,53.46,53.06900856464448,0.3272548816077354,7,3,6,50,48.34,51.96,56.25,53.02,49.56,61.66,0.0,0.0
2274,47462,59.15,50.99331831376146,0.2485822282361301,6,6,6,50,56.11,66.22,50.88,56.22,59.38,66.1,0.0,0.0
2275,49013,45.24,52.537209501396994,0.3006733353511954,5,4,6,50,46.17,46.18,41.9,52.03,46.48,38.71,0.0,0.0
2276,46456,53.13,53.09458508112476,0.2123382196262725,6,8,6,50,52.17,50.62,47.89,51.97,55.34,60.77,0.0,0.0
2277,122537,54.56,51.68684314371839,0.3360437655165862,8,1,6,50,47.39,60.32,50.67,49.05,63.71,56.21,0.0,0.0
2278,47462,55.93,52.2250919458741,0.3039649228190934,6,6,6,50,53.54,55.15,52.99,60.81,59.64,53.43,0.0,0.0
2279,39920,64.11,53.45461663748152,0.3852365534492601,0,10,6,50,64.12,64.87,70.12,59.7,67.38,58.48,0.0,0.0
2280,46053,62.82,51.25206060635356,0.3738117356481473,6,9,6,50,64.25,65.93,56.25,56.75,62.29,71.45,0.0,0.0
2281,46706,47.71,53.57683139838757,0.3695099211453058,3,3,6,50,46.41,53.62,50.36,44.57,40.99,50.3,0.0,0.0
2282,61521,49.51,54.31330108112374,0.2519981745867241,6,3,6,50,49.28,50.85,48.68,50.04,47.05,51.18,0.0,0.0
2283,44743,54.07,53.41349971849016,0.2371570414467394,4,9,6,50,58.19,52.75,49.76,54.59,55.24,53.9,0.0,0.0
2284,46855,48.94,51.82483978495262,0.302152554341916,4,5,6,50,53.68,45.34,49.45,50.5,47.21,47.49,0.0,0.0
2285,47710,55.47,53.17821085013821,0.2284041572407174,5,5,6,50,56.67,50.33,52.56,47.73,61.13,64.41,0.0,0.0
2286,46204,55.89,52.10570073324641,0.3776553917154817,2,2,6,50,55.24,48.58,52.67,50.12,63.43,65.28,0.0,0.0
2287,42375,61.98,53.88023975999091,0.2899555188572413,1,10,6,50,62.24,59.07,62.63,57.83,66.75,63.39,0.0,0.0
2288,49515,59.43,54.35146243437137,0.3477630027749253,6,5,6,50,53.66,58.19,70.25,59.86,63.9,50.72,0.0,0.0
2289,46859,73.17,52.7283585111904,0.2843128494149849,6,7,6,50,77.82,72.82,75.82,70.58,77.96,64.01,0.0,0.0
2290,44642,63.74,50.87802980554044,0.3224594690637925,2,6,6,50,56.93,70.58,69.74,59.2,61.02,64.96,0.0,0.0
2291,46607,61.45,53.30651361340517,0.3202719053155325,5,6,6,50,55.09,67.89,63.28,56.95,69.04,56.43,0.0,0.0
2292,42627,44.35,54.41387759440618,0.3131436126639682,2,11,6,50,43.96,39.27,43.27,47.24,48.05,44.32,0.0,0.0
2293,45297,59.19,52.87179032314329,0.3697878126801544,3,6,6,50,57.72,58.35,52.53,59.9,67.47,59.16,0.0,0.0
2294,40323,53.5,51.99379611839088,0.3434391326990886,0,9,6,50,49.35,50.58,51.5,51.12,57.16,61.26,0.0,0.0
2295,47507,49.5,54.62952545262682,0.2920060449204863,2,1,6,50,58.05,55.38,44.42,45.73,44.01,49.41,0.0,0.0
2296,73028,47.94,53.75604292182229,0.3953882708739898,8,4,6,50,40.95,42.71,56.24,46.15,48.38,53.2,0.0,0.0
2297,45952,53.97,52.44305819156178,0.2119000589832753,4,6,6,50,59.26,49.91,54.21,52.09,51.42,56.92,0.0,0.0
2298,45297,61.08,52.98744149982145,0.2531426632387025,3,6,6,50,58.45,66.01,62.68,56.65,66.71,55.96,0.0,0.0
2299,45146,51.46,52.77904762029725,0.2901074110778413,4,8,6,50,50.29,51.56,53.75,50.59,51.21,51.35,0.0,0.0
2300,43685,49.92,53.45737445977808,0.2682059385133629,3,10,6,50,50.28,47.01,56.63,49.44,44.83,51.31,0.0,0.0
2301,45851,47.3,53.61079519877343,0.2340753492588058,2,3,6,50,50.71,48.5,43.43,53.1,44.35,43.72,0.0,0.0
2302,86531,52.18,54.22426517809385,0.2656618134009448,8,3,6,50,52.66,48.27,43.95,52.01,57.38,58.79,0.0,0.0
2303,124035,52.9,53.22434781366243,0.2835385188720164,7,0,6,50,50.88,58.72,50.19,51.63,58.38,47.59,0.0,0.0
2304,44642,60.29,52.51089541309084,0.3113954522715403,2,6,6,50,62.85,62.23,60.79,62.94,61.27,51.67,0.0,0.0
2305,49267,61.46,53.17059599005591,0.3447462560707877,7,6,6,50,57.92,64.17,66.48,59.51,62.59,58.07,0.0,0.0
2306,39920,58.86,51.49600403136394,0.3092610361578655,0,10,6,50,57.62,54.57,59.81,55.66,68.5,57.02,0.0,0.0
2307,73028,41.74,53.04550935417216,0.4370021856802837,8,4,6,50,42.94,37.19,39.8,43.94,38.77,47.83,0.0,0.0
2308,43030,55.79,54.20929856253917,0.2086634218348393,2,10,6,50,49.38,55.24,62.91,50.2,63.64,53.38,0.0,0.0
2309,45650,44.05,53.99320706594723,0.3048788986526119,6,10,6,50,37.97,35.14,43.74,49.13,50.19,48.14,0.0,0.0
2310,43433,51.24,52.43711752772041,0.2995403919482629,2,9,6,50,48.89,54.3,56.23,53.4,45.02,49.61,0.0,0.0
2311,73020,53.41,51.01346620202034,0.2519083434502773,4,0,6,50,60.96,48.14,58.96,50.24,47.99,54.15,0.0,0.0
2312,44743,64.51,52.90188122906726,0.2994380351540824,4,9,6,50,75.93,62.43,67.72,59.4,58.47,63.08,0.0,0.0
2313,45247,68.9,53.37991933269375,0.2985784238129813,6,11,6,50,69.01,68.11,75.6,72.17,63.5,64.99,0.0,0.0
2314,39517,57.88,51.976358150557104,0.376123176719276,0,11,6,50,60.96,56.04,53.91,57.56,58.26,60.52,0.0,0.0
2315,46053,59.32,52.65348957457501,0.2896353258102104,6,9,6,50,62.73,51.48,56.62,68.45,56.15,60.52,0.0,0.0
2316,44491,59.94,54.33745475602626,0.2199855512898643,3,8,6,50,50.15,62.05,62.89,61.09,58.4,65.05,0.0,0.0
2317,46859,48.12,52.819310795199726,0.2894072644341418,6,7,6,50,50.69,49.3,51.85,39.59,47.26,50.03,0.0,0.0
2318,73020,56.44,53.38312851718187,0.290506748340168,4,0,6,50,60.52,55.32,58.73,46.96,62.91,54.17,0.0,0.0
2319,47714,64.18,53.67789951645598,0.2760633153746405,7,7,6,50,63.24,62.8,61.91,64.42,67.69,65.04,0.0,0.0
2320,44743,71.55,52.00984161242965,0.2418334638038808,4,9,6,50,68.63,80.45,70.72,69.1,75.69,64.74,0.0,0.0
2321,54018,53.32,53.576377896377146,0.3949748649431784,6,4,6,50,53.35,52.67,55.61,50.56,55.93,51.81,0.0,0.0
2322,103034,54.73,52.24687066364707,0.1904875465302757,8,2,6,50,59.03,52.35,53.38,62.56,49.08,51.96,0.0,0.0
2323,47208,61.08,53.36406829557332,0.2247177664572925,4,4,6,50,60.88,68.69,57.47,53.57,57.25,68.6,0.0,0.0
2324,40323,51.71,53.801771991180665,0.3792357946657114,0,9,6,50,48.93,49.47,57.61,47.48,54.4,52.35,0.0,0.0
2325,43181,65.98,53.56560584422389,0.2481932562761129,1,8,6,50,69.0,66.4,70.69,70.27,58.5,61.04,0.0,0.0
2326,60517,61.14,52.64120894166077,0.2695689198073801,4,1,6,50,66.28,73.41,53.93,61.34,56.73,55.18,0.0,0.0
2327,45549,57.11,52.78600162640403,0.2843121304099062,4,7,6,50,54.51,63.39,56.47,57.81,59.96,50.51,0.0,0.0
2328,43685,57.48,52.63022547661022,0.2047986908752927,3,10,6,50,57.03,57.23,55.26,55.18,54.62,65.53,0.0,0.0
2329,44894,59.9,52.74987691285968,0.275866644317775,3,7,6,50,59.01,64.46,59.68,62.17,58.65,55.44,0.0,0.0
2330,104038,58.0,54.17521319358753,0.3010122926383209,10,4,6,50,51.9,55.22,67.4,58.85,66.4,48.24,0.0,0.0
2331,86531,61.04,53.47490498841544,0.2917479176619856,8,3,6,50,53.85,68.83,56.28,64.54,67.7,55.02,0.0,0.0
2332,46456,67.4,53.57083053606837,0.2085174473357991,6,8,6,50,70.19,64.74,67.88,62.55,61.58,77.49,0.0,0.0
2333,45297,52.54,52.28162857105378,0.2588690980483915,3,6,6,50,45.95,56.35,48.58,60.1,54.8,49.49,0.0,0.0
2334,54018,55.56,52.265905806726536,0.2383683601562982,6,4,6,50,52.67,54.96,54.59,61.74,49.23,60.17,0.0,0.0
2335,49013,54.97,53.67799284103213,0.2456547318343362,5,4,6,50,60.17,53.66,59.64,49.51,52.54,54.28,0.0,0.0
2336,44239,60.54,53.60967002609098,0.26424039545695,2,7,6,50,70.74,60.06,52.65,63.32,64.54,51.91,0.0,0.0
2337,43685,61.5,53.52880677888229,0.3268016701283273,3,10,6,50,58.88,66.11,55.63,67.55,65.25,55.57,0.0,0.0
2338,44592,58.18,52.65787005451323,0.2676033816323344,5,11,6,50,61.59,63.21,50.55,50.7,61.18,61.87,0.0,0.0
2339,45952,55.4,54.46879016028432,0.2867361835752968,4,6,6,50,55.53,61.03,46.35,60.07,55.37,54.03,0.0,0.0
2340,45549,56.54,53.55052716415681,0.3306814407236786,4,7,6,50,59.09,65.67,51.08,53.64,57.38,52.4,0.0,0.0
2341,62525,55.72,52.43749173754772,0.2793037387347097,8,5,6,50,57.74,49.58,55.09,55.09,61.84,55.01,0.0,0.0
2342,46859,61.93,52.64768380796386,0.2386998176749696,6,7,6,50,61.44,60.37,59.95,64.44,56.87,68.51,0.0,0.0
2343,46855,62.99,52.61739281979728,0.282469992809775,4,5,6,50,63.88,58.35,67.85,65.05,64.85,57.98,0.0,0.0
2344,45146,60.36,52.83674066745972,0.2888304409146414,4,8,6,50,57.0,66.38,52.08,66.25,57.2,63.25,0.0,0.0
2345,44239,52.2,53.28659971251405,0.2943937415363914,2,7,6,50,49.16,52.48,46.4,49.7,56.16,59.27,0.0,0.0
2346,43836,59.19,53.808561382019136,0.3394488561676667,2,8,6,50,62.93,49.57,59.17,65.3,66.95,51.23,0.0,0.0
2347,123039,60.97,54.20519787450661,0.3625576698646132,9,2,6,50,61.72,54.18,59.92,65.35,59.32,65.35,0.0,0.0
2348,44743,49.03,51.32223604746019,0.2867169482461462,4,9,6,50,44.78,45.67,54.63,49.63,52.1,47.39,0.0,0.0
2349,44239,51.25,54.11653442552573,0.3251391792843171,2,7,6,50,53.23,48.6,54.09,50.04,56.5,45.05,0.0,0.0
2350,61521,59.05,53.35804902231034,0.2618288456325714,6,3,6,50,61.82,52.32,63.18,61.53,55.47,59.99,0.0,0.0
2351,45247,58.49,52.94782721431625,0.2878640460101176,6,11,6,50,55.61,52.94,55.58,59.66,62.68,64.45,0.0,0.0
2352,45146,49.76,54.39678911923997,0.3205371621617254,4,8,6,50,44.49,41.5,52.56,49.51,54.54,55.95,0.0,0.0
2353,39114,57.14,53.52904783539968,0.2378031177541954,0,12,6,50,46.03,62.77,61.53,50.2,62.52,59.81,0.0,0.0
2354,54018,68.04,53.79752190529165,0.3231690873943286,6,4,6,50,69.52,74.27,60.24,74.73,63.73,65.76,0.0,0.0
2355,47208,63.15,52.72508101673306,0.1940055485115708,4,4,6,50,59.39,64.31,65.91,65.98,60.92,62.39,0.0,0.0
2356,45549,74.35,51.96050867205074,0.2809827899088297,4,7,6,50,67.47,80.07,76.28,78.02,68.72,75.55,0.0,0.0
2357,45952,60.62,53.13388952561125,0.2600725067197728,4,6,6,50,68.76,64.4,53.24,53.4,55.86,68.09,0.0,0.0
2358,54272,58.83,53.03456575165669,0.2382774415212725,8,6,6,50,56.06,62.83,64.19,56.58,54.37,58.93,0.0,0.0
2359,87025,58.44,53.84367862623731,0.366429095420392,5,0,6,50,62.21,51.23,67.43,57.81,58.17,53.77,0.0,0.0
2360,46204,63.33,54.07834225457912,0.2998131672041234,5,7,6,50,57.76,54.93,69.61,73.56,67.18,56.96,0.0,0.0
2361,46859,62.23,52.90201937301233,0.2402203195188643,6,7,6,50,54.01,64.36,66.45,59.62,63.23,65.73,0.0,0.0
2362,47462,56.86,53.56653236919358,0.2513106219566753,6,6,6,50,52.12,64.76,64.3,52.48,54.94,52.54,0.0,0.0
2363,45698,52.26,52.72426890839444,0.2212529555237775,2,4,6,50,60.61,51.47,51.81,50.37,51.95,47.32,0.0,0.0
2364,43937,77.76,52.85402187182234,0.271334044607024,4,11,6,50,68.56,81.69,83.39,73.79,83.15,75.99,0.0,0.0
2365,54520,60.53,50.78610358564952,0.3038084173055994,7,5,6,50,56.28,65.0,56.51,60.81,66.15,58.42,0.0,0.0
2366,44642,48.24,51.13415780875381,0.2885171467996481,2,6,6,50,45.07,49.3,50.52,50.01,50.36,44.21,0.0,0.0
2367,49515,64.23,53.08339293350946,0.3636734921189,6,5,6,50,67.2,61.12,57.47,63.99,74.14,61.47,0.0,0.0
2368,46200,50.53,53.101887952033145,0.3042181362734867,3,5,6,50,55.08,45.57,54.31,54.03,42.18,52.03,0.0,0.0
2369,45247,46.07,51.90254117143842,0.3083716419841158,6,11,6,50,41.47,44.73,50.82,46.31,48.1,44.97,0.0,0.0
2370,41129,65.42,53.062747265381454,0.269081514310421,0,7,6,50,64.05,57.75,73.02,56.82,68.76,72.13,0.0,0.0
2371,73530,51.76,53.01304133796988,0.2387901486475208,9,5,6,50,49.68,57.83,46.58,54.37,54.75,47.32,0.0,0.0
2372,45146,50.2,53.37326141176532,0.3120328207661592,4,8,6,50,53.51,50.93,47.32,48.65,50.16,50.65,0.0,0.0
2373,46204,50.58,52.7352333365901,0.2658883633749348,5,7,6,50,47.33,44.25,46.8,58.78,48.09,58.26,0.0,0.0
2374,46855,54.28,53.1899408614135,0.2546464012165073,4,5,6,50,46.05,57.42,59.28,52.59,49.13,61.19,0.0,0.0
2375,46855,55.18,52.80507664206296,0.3075502272342105,4,5,6,50,65.69,51.42,50.52,52.32,53.85,57.3,0.0,0.0
2376,41532,47.2,53.07917211008701,0.284713608778681,0,6,6,50,50.15,48.53,43.62,45.03,45.31,50.57,0.0,0.0
2377,54018,43.07,52.33818101907836,0.2855649024822395,6,4,6,50,37.39,43.1,43.78,42.01,45.21,46.93,0.0,0.0
2378,86531,57.61,53.92711989370286,0.2893879708889983,8,3,6,50,53.88,64.94,56.73,57.58,53.13,59.41,0.0,0.0
2379,44239,64.02,53.03866152140708,0.2325111159125784,2,7,6,50,59.74,66.18,62.94,60.87,70.61,63.8,0.0,0.0
2380,87033,72.21,54.831465996427866,0.2224102226174489,9,4,6,50,80.69,69.9,70.51,63.64,73.53,74.99,0.0,0.0
2381,43937,51.68,52.139304672156335,0.2712339325463778,4,11,6,50,61.05,56.55,50.93,48.83,47.34,45.4,0.0,0.0
2382,62529,60.76,51.98048790658861,0.2362797324727499,10,7,6,50,55.21,57.83,58.5,63.71,62.13,67.19,0.0,0.0
2383,46706,57.28,55.14574997381237,0.2772885533837057,3,3,6,50,53.45,51.78,63.38,67.05,53.81,54.23,0.0,0.0
2384,46154,63.54,52.20693463635483,0.1878645151192312,8,12,6,50,51.43,67.78,68.72,65.95,61.71,65.68,0.0,0.0
2385,73028,46.41,54.319538543246985,0.312449617663934,8,4,6,50,54.19,43.55,42.14,51.82,45.56,41.22,0.0,0.0
2386,38308,60.4,53.02743738460525,0.2828474537545556,0,14,6,50,52.45,67.91,60.2,64.16,57.85,59.82,0.0,0.0
2387,44743,54.5,53.20679478385743,0.354858343112341,4,9,6,50,47.97,66.72,61.37,52.47,50.41,48.08,0.0,0.0
2388,53014,59.56,53.39725947376138,0.3355123380666492,4,2,6,50,50.81,64.96,62.27,61.26,64.68,53.37,0.0,0.0
2389,45549,48.05,51.99873495690685,0.2641939140459178,4,7,6,50,46.48,50.75,51.8,43.82,41.04,54.4,0.0,0.0
2390,46855,63.69,52.55655397315426,0.2915078842968051,4,5,6,50,59.48,57.34,77.69,60.52,69.3,57.8,0.0,0.0
2391,45549,61.92,51.667919865900906,0.1800713265161978,4,7,6,50,65.48,65.88,62.16,53.1,59.52,65.36,0.0,0.0
2392,45545,59.38,50.86772642913907,0.2893014058341012,2,5,6,50,64.15,52.78,57.85,63.55,54.07,63.85,0.0,0.0
2393,44743,59.74,53.38014620539105,0.254963407132649,4,9,6,50,67.28,57.85,66.1,61.43,52.01,53.75,0.0,0.0
2394,45549,58.28,52.18223673776714,0.2348869096169709,4,7,6,50,67.93,53.15,51.9,50.05,67.23,59.43,0.0,0.0
2395,123541,45.03,54.36974437814333,0.2794357625063163,10,3,6,50,45.72,47.25,49.62,42.47,44.79,40.32,0.0,0.0
2396,41972,63.12,52.91210629556381,0.2879112491423204,1,11,6,50,60.17,71.96,62.2,64.14,59.2,61.07,0.0,0.0
2397,73530,48.86,53.64191730828042,0.3107972854835109,9,5,6,50,51.93,47.5,46.16,50.89,44.45,52.21,0.0,0.0
2398,41532,53.44,54.98931017494173,0.4188804444187434,0,6,6,50,60.14,54.78,61.19,58.97,46.07,39.52,0.0,0.0
2399,46053,50.86,52.40606171963874,0.312251716280927,6,9,6,50,52.88,57.69,45.84,51.49,50.69,46.56,0.0,0.0
2400,104038,66.02,54.16797734753449,0.2167584790303996,10,4,6,50,72.43,70.43,60.45,64.38,62.31,66.13,0.0,0.0
2401,124043,61.88,53.56410145652061,0.2663987541410976,11,4,6,50,60.43,65.5,61.41,68.35,58.95,56.66,0.0,0.0
2402,73530,49.6,51.38107396258686,0.3856297103206734,9,5,6,50,44.84,55.55,48.32,45.0,56.79,47.13,0.0,0.0
2403,45698,60.28,55.547486979995966,0.2402418087167161,2,4,6,50,63.77,58.0,61.19,67.08,52.73,58.9,0.0,0.0
2404,47363,57.87,51.80025081438656,0.2639090991420438,8,9,6,50,56.71,54.75,49.48,56.67,65.13,64.48,0.0,0.0
2405,45545,59.33,51.672486404338656,0.3012824757359904,2,5,6,50,54.89,61.65,57.28,59.01,61.75,61.38,0.0,0.0
2406,47966,56.61,52.79064376988048,0.26640051693024,8,8,6,50,61.18,50.6,50.64,58.33,59.18,59.74,0.0,0.0
2407,45545,56.37,53.662348110017376,0.2850088147614948,2,5,6,50,48.86,57.88,57.81,61.26,57.09,55.31,0.0,0.0
2408,47714,47.59,53.59832680622156,0.2278714554547268,7,7,6,50,40.42,44.91,57.81,45.46,52.67,44.29,0.0,0.0
2409,45549,52.66,51.27776553490887,0.2916616862204003,4,7,6,50,47.08,59.68,55.68,52.42,52.79,48.3,0.0,0.0
2410,44491,53.79,52.72939846252951,0.2604551377658479,3,8,6,50,54.2,57.59,57.78,52.61,48.19,52.39,0.0,0.0
2411,62277,63.08,54.85333541979861,0.2721083835311416,9,6,6,50,71.0,55.27,67.99,53.94,65.12,65.15,0.0,0.0
2412,62277,55.1,53.02236697814817,0.3146530295041242,9,6,6,50,58.51,53.7,50.37,50.64,60.7,56.71,0.0,0.0
2413,40726,59.59,54.32561320243556,0.296794921932678,0,8,6,50,55.18,55.48,55.61,60.09,64.66,66.53,0.0,0.0
2414,45545,51.75,53.41824224743128,0.3130639658150976,2,5,6,50,46.51,50.84,55.51,51.03,60.42,46.19,0.0,0.0
2415,47462,62.19,53.17181075484275,0.2142170669712863,6,6,6,50,65.69,55.45,69.33,64.09,57.69,60.89,0.0,0.0
2416,46305,61.34,53.050977644505686,0.311128725806972,7,10,6,50,68.18,58.68,53.04,52.59,69.74,65.79,0.0,0.0
2417,44894,49.86,51.88326231406074,0.1922390329889632,3,7,6,50,44.47,54.79,47.65,50.2,43.57,58.5,0.0,0.0
2418,43433,57.56,54.62932162361587,0.2460428682560329,2,9,6,50,55.39,60.0,58.59,49.83,58.92,62.65,0.0,0.0
2419,43181,54.68,52.57680511089225,0.2972720705734474,1,8,6,50,49.75,59.72,50.04,55.65,59.77,53.17,0.0,0.0
2420,45545,65.56,53.56994459150415,0.2180894887925293,2,5,6,50,58.13,61.33,65.54,68.66,71.98,67.74,0.0,0.0
2421,45297,50.96,52.61367024570002,0.2802566259341917,3,6,6,50,54.45,58.58,48.42,42.84,53.22,48.27,0.0,0.0
2422,45549,64.06,51.35337968127477,0.3121750734578593,4,7,6,50,60.08,64.29,63.67,72.34,55.91,68.08,0.0,0.0
2423,46855,55.49,52.64456579425676,0.298000162124586,4,5,6,50,63.33,53.19,55.83,50.74,53.57,56.28,0.0,0.0
2424,43836,52.71,51.54606547040544,0.2091395598530754,2,8,6,50,48.25,54.71,56.79,55.41,54.09,47.01,0.0,0.0
2425,45549,62.23,54.63505127348934,0.3722777730721999,4,7,6,50,59.39,66.0,63.84,62.04,57.99,64.15,0.0,0.0
2426,46859,57.58,52.85424556951809,0.1786738448037819,6,7,6,50,57.95,57.61,66.25,54.69,56.68,52.32,0.0,0.0
2427,86531,45.27,53.29189826812708,0.2286195341037162,8,3,6,50,49.81,44.54,36.87,44.8,47.6,48.02,0.0,0.0
2428,45952,57.97,52.10380896116185,0.2932920375061663,4,6,6,50,54.61,53.4,65.45,66.02,58.05,50.29,0.0,0.0
2429,49515,57.89,51.99765426591711,0.1572376681657091,6,5,6,50,62.86,65.32,49.07,55.62,59.16,55.33,0.0,0.0
2430,42627,58.89,53.768959886188064,0.2502700133569874,2,11,6,50,58.68,54.12,60.85,62.91,56.32,60.45,0.0,0.0
2431,46204,54.36,54.87409027893644,0.2796941748244306,5,7,6,50,53.9,51.91,58.99,54.5,52.35,54.51,0.0,0.0
2432,45650,66.45,52.72108610896408,0.2817244001021837,6,10,6,50,61.53,76.68,59.36,69.79,61.26,70.1,0.0,0.0
2433,147040,64.4,52.75482222382304,0.2764419633278487,8,0,6,50,60.31,68.28,61.08,68.71,60.14,67.86,0.0,0.0
2434,47710,58.69,54.15775001770611,0.3073203435069785,5,5,6,50,55.21,59.91,59.86,59.11,59.83,58.21,0.0,0.0
2435,47208,54.92,53.65694565669533,0.2791838585122432,4,4,6,50,59.6,62.41,49.43,50.14,54.8,53.16,0.0,0.0
2436,43836,62.1,55.19468904943889,0.3399368603050814,2,8,6,50,61.18,56.39,73.12,57.59,62.2,62.13,0.0,0.0
2437,41129,58.33,53.00141460950144,0.2337111895477036,0,7,6,50,58.19,67.38,49.5,56.87,51.81,66.24,0.0,0.0
2438,47208,51.09,53.12508539700679,0.2188918050015458,4,4,6,50,56.36,48.35,54.87,47.09,55.9,43.97,0.0,0.0
2439,103536,50.64,52.70226298614148,0.2983676766043919,9,3,6,50,48.01,52.87,61.42,49.99,46.5,45.05,0.0,0.0
2440,54018,52.66,55.08854788678,0.2626865771654397,6,4,6,50,45.46,52.92,48.92,61.06,55.2,52.38,0.0,0.0
2441,46859,71.15,52.8531854746746,0.2510812749042314,6,7,6,50,62.3,78.76,63.97,67.26,78.59,76.01,0.0,0.0
2442,45702,64.91,52.285332545851645,0.1920633790967089,1,1,6,50,63.24,56.12,58.35,70.94,72.9,67.9,0.0,0.0
2443,46708,52.7,54.60945944291751,0.2939872199929253,7,9,6,50,46.15,57.7,57.09,51.73,56.48,47.03,0.0,0.0
2444,44239,61.93,52.87050046094,0.1814609319564191,2,7,6,50,60.5,59.27,65.62,54.57,62.35,69.25,0.0,0.0
2445,47462,47.3,52.85405448262158,0.262501438950173,6,6,6,50,42.81,54.38,38.95,42.55,51.19,53.95,0.0,0.0
2446,54018,70.56,54.56934461414031,0.2930186031447986,6,4,6,50,68.26,68.88,68.8,67.17,71.46,78.78,0.0,0.0
2447,46204,48.48,52.59092490004198,0.2978585008846902,5,7,6,50,48.09,47.51,46.64,45.37,46.65,56.59,0.0,0.0
2448,46200,44.74,52.69374289359285,0.2658293159334761,3,5,6,50,42.88,41.49,48.21,49.23,40.79,45.86,0.0,0.0
2449,46855,60.71,53.88975600608669,0.1408146535934428,4,5,6,50,60.62,53.55,69.92,58.9,62.51,58.77,0.0,0.0
2450,45545,58.77,50.86792489026554,0.2380594917639479,2,5,6,50,57.2,52.32,58.9,59.2,65.86,59.12,0.0,0.0
2451,47462,65.74,52.41413403258361,0.302075522328956,6,6,6,50,65.69,65.15,72.56,70.11,61.87,59.09,0.0,0.0
2452,44340,54.1,51.37700949226176,0.2463004550943569,4,10,6,50,54.41,54.75,59.29,48.81,48.36,59.01,0.0,0.0
2453,46859,65.07,53.896482360768985,0.2776613392943048,6,7,6,50,70.94,59.88,58.21,61.76,76.13,63.48,0.0,0.0
2454,47714,58.65,53.80983154130528,0.3040038501674368,7,7,6,50,68.89,53.53,54.12,53.74,63.98,57.65,0.0,0.0
2455,43987,54.85,52.29219770872341,0.2563464819732755,1,6,6,50,49.26,54.52,54.81,61.84,53.32,55.36,0.0,0.0
2456,147048,51.7,53.29004530154046,0.2209399488696224,12,4,6,50,55.9,51.3,50.3,56.21,52.75,43.76,0.0,0.0
2457,41532,56.56,51.742614239669294,0.2372429946790665,0,6,6,50,54.64,60.04,53.79,68.39,49.88,52.59,0.0,0.0
2458,87033,57.38,52.234551572897246,0.2553783888198539,9,4,6,50,69.32,55.38,58.57,53.58,47.48,59.94,0.0,0.0
2459,45545,61.88,54.70833044293551,0.2879275498014439,2,5,6,50,63.09,64.39,58.28,54.89,67.95,62.7,0.0,0.0
2460,46855,54.94,51.194465958527694,0.2123619865759362,4,5,6,50,57.95,55.49,57.69,54.06,51.09,53.35,0.0,0.0
2461,54776,51.78,55.14065772202979,0.3087827978368851,10,8,6,50,53.05,52.94,51.38,50.39,50.87,52.05,0.0,0.0
2462,41129,49.76,52.12651729192369,0.2634726158614989,0,7,6,50,50.39,51.06,49.13,43.24,49.79,54.95,0.0,0.0
2463,47714,49.44,53.2719838265643,0.2376036442395747,7,7,6,50,56.38,50.23,45.87,50.24,43.51,50.39,0.0,0.0
2464,46607,65.04,52.87424368479907,0.1936950854480285,5,6,6,50,68.93,73.21,55.34,59.84,68.66,64.29,0.0,0.0
2465,45398,56.07,52.02417871543153,0.3151485875978597,5,9,6,50,60.64,46.49,58.78,61.01,56.74,52.77,0.0,0.0
2466,44340,81.46,54.95844764724596,0.256085443752242,4,10,6,50,71.77,71.26,79.67,88.13,87.92,90.0,0.0,0.0
2467,49013,55.91,51.86807935923677,0.1902371844297185,5,4,6,50,61.5,50.9,63.58,60.78,45.33,53.38,0.0,0.0
2468,45952,43.14,52.35474596298932,0.325964145222774,4,6,6,50,47.43,42.9,44.35,41.69,41.51,40.96,0.0,0.0
2469,42588,51.34,51.754916743423344,0.2463380993919119,0,4,6,50,51.22,53.3,47.92,44.92,56.34,54.32,0.0,0.0
2470,47363,62.8,53.04947271667477,0.2971738008341043,8,9,6,50,57.81,64.66,64.82,60.16,68.68,60.65,0.0,0.0
2471,62525,57.86,52.23430402958248,0.2781973036041819,8,5,6,50,54.52,63.73,58.56,53.63,63.98,52.72,0.0,0.0
2472,46855,56.77,52.43753517354432,0.2526714718532967,4,5,6,50,55.0,48.86,64.05,64.11,55.77,52.83,0.0,0.0
2473,53014,62.55,52.57729532150707,0.2790887582043003,4,2,6,50,63.52,60.74,56.86,58.98,68.59,66.6,0.0,0.0
2474,40726,67.31,53.64346580285661,0.2540811718869666,0,8,6,50,75.35,67.36,60.98,57.83,71.24,71.08,0.0,0.0
2475,73028,61.86,54.7961340973597,0.3135584814611121,8,4,6,50,65.68,56.44,65.64,53.96,68.32,61.11,0.0,0.0
2476,45549,49.13,53.15425769120198,0.2765343859126155,4,7,6,50,52.22,44.15,51.87,54.65,46.63,45.24,0.0,0.0
2477,47462,48.14,53.42761896187256,0.2519421575688353,6,6,6,50,46.63,43.62,50.55,46.66,49.31,52.07,0.0,0.0
2478,61019,63.15,52.81213528582223,0.2634965041764706,5,2,6,50,63.26,67.93,72.22,58.42,62.49,54.6,0.0,0.0
2479,43534,61.54,53.83326682544085,0.2827094914853922,4,12,6,50,62.83,58.28,59.17,65.57,62.46,60.92,0.0,0.0
2480,47208,61.21,54.00927662877295,0.325661617010473,4,4,6,50,68.67,67.17,54.27,66.22,54.92,56.0,0.0,0.0
2481,61521,66.23,54.88068433575936,0.2902430694883879,6,3,6,50,65.79,69.65,67.26,67.7,66.75,60.23,0.0,0.0
2482,45146,51.37,54.99679652456924,0.1957323736582526,4,8,6,50,45.39,60.45,44.89,52.26,44.91,60.3,0.0,0.0
2483,49515,50.01,53.14459883421346,0.2706676475621958,6,5,6,50,55.57,51.45,44.02,49.4,49.74,49.87,0.0,0.0
2484,44088,53.72,52.97804386971568,0.3147538064184871,3,9,6,50,51.3,47.41,61.92,57.47,44.23,59.98,0.0,0.0
2485,73028,64.51,52.928190694121255,0.2613613659409725,8,4,6,50,70.6,71.5,66.63,56.63,60.52,61.17,0.0,0.0
2486,49519,50.06,55.05570389633561,0.2746510907475804,8,7,6,50,54.01,49.33,50.32,42.09,51.54,53.08,0.0,0.0
2487,104030,66.01,52.58546984979056,0.2914762213993317,6,0,6,50,55.7,71.89,70.59,61.87,73.68,62.31,0.0,0.0
2488,47710,52.82,53.421327765804,0.143564043868287,5,5,6,50,49.03,50.14,53.15,54.19,52.56,57.86,0.0,0.0
2489,43534,55.77,54.66665325173063,0.2972685482890917,4,12,6,50,57.62,47.7,59.6,56.04,62.41,51.27,0.0,0.0
2490,46855,59.75,54.017239471752696,0.2183543575445915,4,5,6,50,56.42,63.77,54.68,66.87,63.86,52.88,0.0,0.0
2491,49515,59.15,51.89125060516259,0.2309294671941363,6,5,6,50,48.81,66.21,54.33,51.1,67.46,66.97,0.0,0.0
2492,45952,62.5,52.62501945803358,0.2304718680327893,4,6,6,50,67.13,51.0,69.06,68.03,56.8,63.01,0.0,0.0
2493,44239,58.05,52.56135934511749,0.2827235847006603,2,7,6,50,63.19,56.8,54.06,49.67,62.83,61.77,0.0,0.0
2494,54018,52.84,53.26134246738325,0.097757935503222,6,4,6,50,51.29,51.08,53.83,57.21,49.4,54.25,0.0,0.0
2495,45650,52.01,53.90086970966044,0.3377670854565532,6,10,6,50,51.33,46.45,53.6,48.43,55.85,56.38,0.0,0.0
2496,47208,49.64,53.35596132759545,0.140757409390955,4,4,6,50,56.9,56.12,45.2,44.32,45.37,49.94,0.0,0.0
2497,43836,58.08,54.7419352598083,0.2085590399430642,2,8,6,50,62.92,62.59,48.88,57.36,58.83,57.89,0.0,0.0
2498,49519,63.66,52.91676426112056,0.1873301667749246,8,7,6,50,67.6,56.8,65.95,55.01,66.46,70.14,0.0,0.0
2499,54776,64.33,51.95073808258521,0.1672581022395293,10,8,6,50,58.94,66.95,68.58,57.01,70.99,63.53,0.0,0.0
2500,49515,48.2,52.311341160923405,0.2443838149164119,6,5,6,50,47.72,41.41,48.71,45.65,50.53,55.15,0.0,0.0
2501,72526,60.16,53.71594221068314,0.288236139781266,7,3,6,50,53.23,58.83,66.31,57.17,66.59,58.8,0.0,0.0
2502,86531,41.76,53.09200345772083,0.2616008727021814,8,3,6,50,44.79,45.87,42.24,41.11,39.27,37.3,0.0,0.0
2503,45146,60.32,53.05234635793456,0.2791266042261871,4,8,6,50,51.89,62.82,65.52,68.41,56.76,56.49,0.0,0.0
2504,44491,48.93,54.08859218099702,0.1642861135040769,3,8,6,50,51.63,45.37,44.06,55.58,44.8,52.13,0.0,0.0
2505,54018,56.82,52.19002864119192,0.3061191401391227,6,4,6,50,51.58,58.09,58.32,61.22,55.27,56.43,0.0,0.0
2506,44743,53.35,54.00400621180507,0.2200467642703355,4,9,6,50,48.19,57.34,51.19,52.73,57.62,53.05,0.0,0.0
2507,46855,55.51,55.02073499326799,0.2490870293793786,4,5,6,50,60.89,49.61,51.13,60.06,53.59,57.78,0.0,0.0
2508,47966,50.98,54.38337566537705,0.2195832469884329,8,8,6,50,55.58,58.6,48.67,46.19,50.82,46.04,0.0,0.0
2509,54272,58.0,52.18295363230243,0.2990596550380122,8,6,6,50,58.09,53.44,55.25,65.89,54.6,60.71,0.0,0.0
2510,54272,54.82,53.68378954176986,0.2245170110338419,8,6,6,50,53.64,56.5,44.97,56.95,58.59,58.26,0.0,0.0
2511,61521,57.28,54.30800452651588,0.2812570960123782,6,3,6,50,59.8,59.02,59.28,50.99,61.86,52.75,0.0,0.0
2512,45952,47.22,52.8532999036503,0.2920305603803103,4,6,6,50,46.49,41.33,53.31,43.3,47.06,51.85,0.0,0.0
2513,47111,43.84,52.28360087439922,0.3062006015207741,7,8,6,50,38.37,40.4,50.3,49.93,39.87,44.14,0.0,0.0
2514,49515,48.82,54.85080482509823,0.2241021788001137,6,5,6,50,53.17,46.14,45.53,52.87,42.93,52.29,0.0,0.0
2515,46855,58.6,53.436528834475205,0.1911411226371008,4,5,6,50,65.27,57.12,53.62,53.8,62.09,59.68,0.0,0.0
2516,47208,58.66,52.54425365057893,0.2626047889177735,4,4,6,50,54.49,61.75,62.62,59.77,51.43,61.9,0.0,0.0
2517,47462,56.96,53.092572032933816,0.2664209032339045,6,6,6,50,59.5,59.95,55.36,53.4,61.14,52.41,0.0,0.0
2518,46456,56.62,51.63902823776976,0.3577771506301065,6,8,6,50,63.5,54.73,53.01,61.06,58.42,49.03,0.0,0.0
2519,46204,62.54,52.85498955318541,0.2377428882057362,5,7,6,50,61.12,61.13,67.96,62.51,61.74,60.81,0.0,0.0
2520,45146,52.48,53.72047267762118,0.2610257663020086,4,8,6,50,53.07,55.45,51.68,52.04,45.94,56.67,0.0,0.0
2521,54272,73.19,53.08024698961286,0.154049780180213,8,6,6,50,66.32,75.02,70.14,79.13,72.56,75.97,0.0,0.0
2522,54520,51.32,50.81314130669109,0.282877644181251,7,5,6,50,50.73,53.83,52.7,48.7,44.52,57.44,0.0,0.0
2523,46204,52.34,51.83134601792429,0.2305306256889417,5,7,6,50,45.41,51.1,49.87,61.9,49.36,56.39,0.0,0.0
2524,44642,67.92,53.98644733391491,0.2165319884916787,2,6,6,50,67.58,73.81,68.3,63.01,72.74,62.11,0.0,0.0
2525,45851,58.1,53.03954649496136,0.1703344501896898,2,3,6,50,58.99,54.36,63.66,59.94,54.62,57.06,0.0,0.0
2526,45650,65.58,53.073520987328095,0.2838242781174129,6,10,6,50,62.21,70.66,56.79,67.5,72.14,64.21,0.0,0.0
2527,46960,75.38,52.43997606841104,0.2747585578146457,8,10,6,50,76.62,66.91,80.12,78.68,80.43,69.51,0.0,0.0
2528,49515,66.31,52.03110428051242,0.235347179154989,6,5,6,50,66.26,66.42,56.71,71.49,67.51,69.46,0.0,0.0
2529,43131,52.21,54.2081639545013,0.2431896018781469,4,13,6,50,57.77,47.14,50.77,56.96,50.84,49.75,0.0,0.0
2530,44995,61.34,54.99167663511538,0.2075992045823674,5,10,6,50,54.38,61.33,64.38,54.43,64.99,68.54,0.0,0.0
2531,147040,64.06,53.02122823779334,0.3301054579604062,8,0,6,50,63.71,61.72,68.19,62.41,69.78,58.54,0.0,0.0
2532,150000,55.05,52.88298307888674,0.2216158739035412,12,0,6,50,59.81,50.17,47.84,58.38,51.08,63.01,0.0,0.0
2533,45952,55.68,53.66651421072375,0.3274846255094406,4,6,6,50,55.7,56.85,51.13,60.43,56.22,53.74,0.0,0.0
2534,46859,68.57,53.24497612697238,0.219588378343065,6,7,6,50,73.67,63.31,74.79,62.11,63.59,73.97,0.0,0.0
2535,46708,65.72,53.53989114971883,0.2648704076103407,7,9,6,50,74.54,63.62,64.29,66.75,60.81,64.32,0.0,0.0
2536,47363,63.53,54.2960952670988,0.2154004476711043,8,9,6,50,65.4,69.78,61.56,57.56,67.44,59.42,0.0,0.0
2537,46859,69.18,52.77044376217889,0.173924269129072,6,7,6,50,73.67,66.19,68.37,63.53,65.72,77.62,0.0,0.0
2538,43836,52.14,54.23907604187641,0.2878304711994316,2,8,6,50,53.06,48.82,54.43,51.06,47.81,57.66,0.0,0.0
2539,47462,58.0,53.234391646268456,0.2584187486362553,6,6,6,50,61.58,50.55,53.61,63.36,56.48,62.41,0.0,0.0
2540,47462,62.52,52.7357418408765,0.1384018874545927,6,6,6,50,68.32,67.72,60.0,60.11,56.9,62.07,0.0,0.0
2541,73028,52.32,53.17445768528688,0.3107543467803247,8,4,6,50,60.41,43.47,57.36,46.73,50.64,55.3,0.0,0.0
2542,42476,56.9,52.420366534661376,0.2584455298288609,3,13,6,50,48.84,61.73,50.36,62.45,59.07,58.92,0.0,0.0
2543,62529,40.34,52.84984148511735,0.2717732380082631,10,7,6,50,47.5,36.33,41.89,35.85,44.55,35.94,0.0,0.0
2544,150000,59.89,53.02028336953596,0.2243238668541585,10,0,6,50,61.14,63.86,58.76,53.77,55.83,66.0,0.0,0.0
2545,45398,61.14,52.72288256348031,0.2119016715970615,5,9,6,50,67.78,52.18,59.5,57.43,66.58,63.37,0.0,0.0
2546,86029,53.68,53.896145090332574,0.2972939041511038,7,2,6,50,55.76,48.61,57.56,47.9,59.15,53.12,0.0,0.0
2547,45545,59.49,53.53119205136732,0.2383110566086084,2,5,6,50,56.1,56.48,58.08,53.39,68.29,64.61,0.0,0.0
2548,45851,67.67,53.14621181402181,0.2862715564740259,2,3,6,50,64.69,71.06,60.74,63.0,76.39,70.12,0.0,0.0
2549,45851,48.83,55.66248855041823,0.1542609897566951,2,3,6,50,50.36,53.5,47.11,46.95,51.41,43.65,0.0,0.0
2550,45398,62.32,53.43205662481712,0.2504236953787633,5,9,6,50,58.2,68.77,64.13,61.39,64.68,56.76,0.0,0.0
2551,43836,62.59,53.79823674337445,0.2817063136269071,2,8,6,50,60.17,69.98,58.17,60.4,68.37,58.44,0.0,0.0
2552,104030,74.82,53.089532641894586,0.2757525258754195,6,0,6,50,71.49,70.7,78.75,74.69,71.95,81.35,0.0,0.0
2553,46053,64.56,52.64444420176727,0.1778414211814588,6,9,6,50,59.59,74.53,57.26,57.08,66.28,72.63,0.0,0.0
2554,41821,61.52,52.93038259409683,0.2682435072172983,2,13,6,50,62.58,68.89,51.78,66.65,54.1,65.13,0.0,0.0
2555,45549,64.01,53.26066265203966,0.2251035217772468,4,7,6,50,71.06,53.1,58.84,60.14,68.38,72.52,0.0,0.0
2556,48511,53.11,51.45773114054708,0.1938360669378241,4,3,6,50,54.87,60.44,54.47,46.33,51.31,51.26,0.0,0.0
2557,87535,53.01,54.80411085591171,0.1886851823151276,10,5,6,50,61.92,48.21,52.77,46.22,58.15,50.8,0.0,0.0
2558,47462,55.54,53.3014109263231,0.2086976172351288,6,6,6,50,54.05,51.86,60.42,56.06,58.91,51.92,0.0,0.0
2559,54272,53.23,53.4345903847406,0.3049892980817028,8,6,6,50,57.53,54.57,59.52,46.03,50.29,51.43,0.0,0.0
2560,53014,58.95,53.325640001793225,0.2415124403627307,4,2,6,50,64.35,51.36,55.39,56.6,64.33,61.67,0.0,0.0
2561,72024,62.67,52.668382033792646,0.2400080089943323,6,2,6,50,70.35,57.12,55.66,65.15,57.66,70.09,0.0,0.0
2562,54018,49.92,54.82618273320626,0.2517559626305747,6,4,6,50,48.25,55.64,54.69,47.39,44.21,49.33,0.0,0.0
2563,53014,61.57,54.06903831596361,0.1850632731732275,4,2,6,50,67.43,54.95,58.7,68.15,58.92,61.24,0.0,0.0
2564,45549,62.2,53.28792429092314,0.1917623816526089,4,7,6,50,57.4,68.63,60.43,56.43,59.87,70.45,0.0,0.0
2565,47208,55.55,54.14394759262495,0.2140165267725122,4,4,6,50,51.07,50.85,63.03,59.63,59.98,48.74,0.0,0.0
2566,46607,48.28,52.697436398187264,0.3304188393978726,5,6,6,50,53.81,42.31,51.81,45.63,55.41,40.74,0.0,0.0
2567,43937,53.43,53.25467610932882,0.2442838546790363,4,11,6,50,48.49,52.22,58.67,52.89,54.59,53.7,0.0,0.0
2568,61521,49.2,54.074331526070175,0.2584284707803731,6,3,6,50,52.03,42.57,48.99,44.82,55.47,51.31,0.0,0.0
2569,45952,50.01,52.05931949148909,0.1875995565960603,4,6,6,50,47.94,46.37,55.62,46.24,52.4,51.47,0.0,0.0
2570,46855,51.24,54.41122085327334,0.2273855436809462,4,5,6,50,49.65,54.62,52.47,45.29,48.25,57.15,0.0,0.0
2571,73534,50.59,52.51446165209497,0.2878243183945217,11,7,6,50,44.52,46.42,54.74,50.3,48.18,59.37,0.0,0.0
2572,47966,65.57,53.73459706097839,0.2339772721216866,8,8,6,50,58.75,73.98,65.08,71.16,62.66,61.81,0.0,0.0
2573,45398,57.42,53.20288889939719,0.2734060533440017,5,9,6,50,64.61,58.91,55.7,54.12,48.33,62.87,0.0,0.0
2574,46960,54.16,54.71334881570705,0.2408321069456134,8,10,6,50,56.41,53.62,57.63,52.78,46.16,58.33,0.0,0.0
2575,103034,63.14,52.652404098868935,0.3157073932019938,8,2,6,50,55.96,64.66,65.0,67.62,70.04,55.58,0.0,0.0
2576,44088,67.25,54.38838026865877,0.2375121483263468,3,9,6,50,67.48,66.89,65.21,65.61,72.24,66.09,0.0,0.0
2577,122537,61.71,53.75262538099902,0.1777944538265782,8,1,6,50,65.81,57.37,59.36,58.97,65.29,63.46,0.0,0.0
2578,54272,50.92,53.383261207770886,0.2741019966202768,8,6,6,50,46.7,48.51,57.31,52.87,48.22,51.88,0.0,0.0
2579,39517,50.12,51.922885321632776,0.2886078692478854,0,11,6,50,48.31,47.66,48.75,58.91,52.43,44.64,0.0,0.0
2580,147048,60.61,53.99387522622836,0.303892811862065,12,4,6,50,66.68,65.26,56.12,55.39,55.94,64.29,0.0,0.0
2581,43047,59.95,53.222189959046425,0.171352555216911,0,1,6,50,58.4,54.9,65.4,60.04,57.47,63.5,0.0,0.0
2582,122537,58.98,51.46043071644804,0.1855056456557814,8,1,6,50,61.04,62.79,62.29,58.49,50.6,58.67,0.0,0.0
2583,45297,47.71,53.26910663754832,0.1973612189864047,3,6,6,50,48.49,42.83,45.48,51.52,50.56,47.4,0.0,0.0
2584,47111,51.68,53.24871510723576,0.2181193726974551,7,8,6,50,47.38,55.98,55.71,54.29,48.0,48.72,0.0,0.0
2585,45952,63.46,53.06012686035245,0.3130763205182335,4,6,6,50,69.63,68.37,69.73,51.26,59.24,62.52,0.0,0.0
2586,47208,63.28,53.24222379895304,0.1909439469664855,4,4,6,50,60.6,54.56,56.61,68.49,66.78,72.64,0.0,0.0
2587,47966,62.34,53.53762828369524,0.2384086577279712,8,8,6,50,61.8,69.85,54.97,65.49,54.57,67.35,0.0,0.0
2588,53014,49.85,55.27275214220643,0.3045992875514886,4,2,6,50,50.35,51.75,43.33,48.92,48.85,55.89,0.0,0.0
2589,43433,54.43,53.90705587702827,0.276501305160615,2,9,6,50,56.19,61.1,46.0,53.26,55.35,54.71,0.0,0.0
2590,43282,49.18,54.68465961818272,0.2553166991529526,3,11,6,50,45.91,55.08,43.33,48.93,51.26,50.6,0.0,0.0
2591,44491,73.15,53.561689809483056,0.2262813963517638,3,8,6,50,72.56,74.67,77.34,76.98,61.01,76.34,0.0,0.0
2592,147048,52.13,53.62941630402104,0.2740858268078167,12,4,6,50,53.54,51.55,47.05,46.95,60.4,53.27,0.0,0.0
2593,49515,61.62,54.34838722253605,0.1913717529546244,6,5,6,50,54.86,55.55,68.26,61.89,58.48,70.69,0.0,0.0
2594,45146,68.38,53.57420710600468,0.1594787018963666,4,8,6,50,67.09,73.63,63.19,64.42,73.36,68.61,0.0,0.0
2595,54018,55.31,55.78101380945929,0.1762632309033763,6,4,6,50,52.62,59.7,62.35,51.21,53.25,52.73,0.0,0.0
2596,46200,58.01,52.66801859551045,0.2340616356565291,3,5,6,50,56.37,55.58,50.39,57.57,62.7,65.47,0.0,0.0
2597,45952,58.97,54.731350399171696,0.2117263514969211,4,6,6,50,65.61,65.37,54.47,57.68,54.51,56.18,0.0,0.0
2598,46859,48.35,52.56293452087168,0.2780418533219664,6,7,6,50,49.84,45.4,48.13,52.66,48.1,45.95,0.0,0.0
2599,47462,65.2,53.555714128657065,0.3012303925318729,6,6,6,50,64.08,69.57,62.11,69.52,61.13,64.8,0.0,0.0
2600,47464,57.97,53.60315246799439,0.3386871782863014,10,12,6,50,63.79,61.99,50.41,51.84,63.62,56.15,0.0,0.0
2601,86531,60.02,53.00965060597655,0.1917345572625481,8,3,6,50,62.56,49.18,61.73,56.36,63.01,67.27,0.0,0.0
2602,45952,46.35,55.46484193095792,0.1895068222886376,4,6,6,50,45.71,43.95,43.7,47.48,47.69,49.58,0.0,0.0
2603,61521,44.59,55.05805472141518,0.3087285731596262,6,3,6,50,40.84,47.52,44.34,45.28,43.57,45.99,0.0,0.0
2604,41532,63.07,52.56743394180123,0.1828874392557957,0,6,6,50,65.22,61.04,67.8,61.71,56.36,66.27,0.0,0.0
2605,72024,60.43,52.262823206786976,0.1501939760746651,6,2,6,50,65.6,65.99,55.33,57.18,61.45,57.04,0.0,0.0
2606,46859,59.5,55.37861893328974,0.2471440707993783,6,7,6,50,51.0,66.31,62.97,61.2,51.36,64.16,0.0,0.0
2607,147302,63.5,52.89959116112595,0.1488323610304414,14,6,6,50,57.18,65.29,67.64,73.61,61.27,56.02,0.0,0.0
2608,53516,60.38,53.5182795996568,0.2664391896189436,5,3,6,50,65.6,52.68,60.79,54.0,62.1,67.11,0.0,0.0
2609,45297,45.77,53.88232881391239,0.2263647763829505,3,6,6,50,42.96,43.12,50.49,41.58,51.13,45.32,0.0,0.0
2610,45545,56.9,53.7082392382389,0.3024918819726261,2,5,6,50,59.08,57.39,61.89,47.86,56.32,58.85,0.0,0.0
2611,45698,66.08,53.07813946517909,0.2642668863335902,2,4,6,50,71.67,70.03,52.11,67.63,63.57,71.45,0.0,0.0
2612,45545,48.49,53.93164769218384,0.2986912293329656,2,5,6,50,50.49,45.47,51.4,41.24,50.41,51.91,0.0,0.0
2613,44239,61.77,55.08406539072261,0.3182225876984118,2,7,6,50,62.56,69.23,56.66,59.17,55.53,67.46,0.0,0.0
2614,54520,63.13,54.368833614547306,0.1878093605555262,7,5,6,50,58.4,58.04,69.13,56.76,62.69,73.76,0.0,0.0
2615,61521,50.91,52.088705107131375,0.2435368109306546,6,3,6,50,47.93,46.88,51.62,46.61,57.9,54.53,0.0,0.0
2616,41532,52.44,53.76448441321497,0.3104724653710956,0,6,6,50,52.16,50.66,52.72,46.37,51.2,61.55,0.0,0.0
2617,43433,56.23,55.78548170449111,0.269760683935266,2,9,6,50,62.51,51.39,60.63,51.89,60.2,50.75,0.0,0.0
2618,46053,59.68,51.857376546539655,0.255142070494751,6,9,6,50,64.51,59.23,55.37,60.42,61.32,57.24,0.0,0.0
2619,85527,52.9,52.38718244722972,0.2861957396787725,6,1,6,50,59.75,44.76,44.74,53.67,57.83,56.63,0.0,0.0
2620,87033,57.84,53.67098360537412,0.200739044171788,9,4,6,50,59.35,64.86,60.01,59.86,55.2,47.73,0.0,0.0
2621,86531,50.75,54.36037991654572,0.3154571988428981,8,3,6,50,53.22,52.83,51.38,51.47,52.99,42.61,0.0,0.0
2622,146044,61.82,52.89052685861635,0.189399621240383,10,2,6,50,66.34,58.36,57.37,52.9,68.14,67.81,0.0,0.0
2623,49013,65.03,53.34243284199172,0.1654802057960386,5,4,6,50,66.88,64.6,66.09,67.13,63.57,61.89,0.0,0.0
2624,150000,52.05,52.56485026052085,0.2530221198935671,9,0,6,50,51.81,51.71,41.85,62.32,55.08,49.53,0.0,0.0
2625,44743,72.58,54.65232171575,0.2281384648399852,4,9,6,50,80.83,70.02,68.91,64.63,85.44,65.64,0.0,0.0
2626,62525,46.72,54.17695491427099,0.2594146171586844,8,5,6,50,48.3,50.93,44.78,44.89,46.14,45.27,0.0,0.0
2627,147048,53.68,53.22438164042327,0.2491221729186005,12,4,6,50,56.03,53.29,56.53,52.22,51.1,52.93,0.0,0.0
2628,47714,62.37,53.54164107343172,0.0849756513603806,7,7,6,50,64.24,67.92,62.23,55.47,64.26,60.09,0.0,0.0
2629,41532,75.03,54.553469300852186,0.20858189523486,0,6,6,50,66.44,79.47,79.9,69.89,73.78,80.68,0.0,0.0
2630,146044,53.62,54.513361194345016,0.1453097706921626,10,2,6,50,66.28,49.51,55.84,49.26,48.81,52.0,0.0,0.0
2631,49771,51.01,53.05734280931783,0.2112997498228897,9,8,6,50,51.49,45.71,53.61,51.06,53.86,50.34,0.0,0.0
2632,43685,57.16,55.975337249647446,0.1297392989572762,3,10,6,50,53.26,52.85,54.82,60.28,59.8,61.95,0.0,0.0
2633,62529,51.17,54.11792427887587,0.1924573057759199,10,7,6,50,49.15,51.97,53.37,51.88,52.64,48.03,0.0,0.0
2634,61521,54.93,53.74193085816307,0.2268951917894053,6,3,6,50,60.57,51.92,55.92,58.57,47.11,55.49,0.0,0.0
2635,122537,50.37,52.41784749901605,0.2634762751740011,8,1,6,50,58.44,55.78,55.31,46.36,45.18,41.14,0.0,0.0
2636,44890,56.66,53.182929069409525,0.2764323168490896,1,5,6,50,51.07,57.69,63.86,60.23,56.59,50.49,0.0,0.0
2637,72024,54.95,53.910838106895405,0.3013949617940172,6,2,6,50,52.88,60.16,62.05,47.84,51.58,55.21,0.0,0.0
2638,62023,48.52,54.93618877919134,0.2516974304427629,7,4,6,50,42.57,52.93,53.84,41.97,45.64,54.16,0.0,0.0
2639,44088,58.42,53.30037226368107,0.1492501861974582,3,9,6,50,51.8,56.1,59.49,58.67,58.05,66.39,0.0,0.0
2640,45549,57.5,55.15702640933996,0.2567587074337496,4,7,6,50,53.68,49.81,62.87,63.1,54.98,60.55,0.0,0.0
2641,42435,41.47,52.64395712775525,0.2499936433611178,0,5,6,50,46.12,39.42,40.15,39.59,43.49,40.07,0.0,0.0
2642,47462,51.98,54.22919684709677,0.2002210081509894,6,6,6,50,52.07,45.57,53.51,56.72,54.52,49.52,0.0,0.0
2643,44743,63.46,53.050328708938174,0.2164789731122793,4,9,6,50,70.31,55.16,61.14,62.94,61.37,69.85,0.0,0.0
2644,54272,53.06,53.7956047639105,0.1731373305674859,8,6,6,50,57.25,47.46,51.08,55.44,49.26,57.9,0.0,0.0
2645,47714,58.26,53.08874979253241,0.1807041382580322,7,7,6,50,52.35,62.81,48.74,60.58,60.24,64.81,0.0,0.0
2646,54520,50.08,55.42522729844511,0.2847073819442141,7,5,6,50,55.95,51.42,45.39,53.52,43.29,50.94,0.0,0.0
2647,44642,62.43,53.22521251092936,0.2387520954283058,2,6,6,50,61.77,63.36,68.37,57.14,68.91,55.02,0.0,0.0
2648,61521,54.69,54.56845573189159,0.1050442036570987,6,3,6,50,57.48,55.22,55.83,56.09,49.96,53.54,0.0,0.0
2649,54272,62.96,53.25886389298599,0.2818024432911393,8,6,6,50,67.26,65.43,61.49,61.11,56.95,65.54,0.0,0.0
2650,41972,53.41,52.61353940028063,0.2393112639990092,1,11,6,50,50.66,59.47,52.5,59.17,48.94,49.74,0.0,0.0
2651,73028,52.44,53.52164325789592,0.2106206906541975,8,4,6,50,44.87,48.35,61.97,52.05,51.09,56.28,0.0,0.0
2652,44743,50.04,53.56510978372356,0.2049082754958175,4,9,6,50,52.13,52.06,46.06,57.98,44.58,47.41,0.0,0.0
2653,62525,57.09,53.752265374480565,0.1458082803876602,8,5,6,50,60.73,51.17,56.55,59.51,61.77,52.82,0.0,0.0
2654,122537,57.88,53.39857015280896,0.3161942611915632,8,1,6,50,65.37,51.94,59.97,63.81,52.52,53.69,0.0,0.0
2655,45952,50.44,54.46305449372437,0.221707677702606,4,6,6,50,56.94,44.06,48.61,52.24,49.18,51.63,0.0,0.0
2656,39114,42.84,54.67979026854801,0.2589846462159811,0,12,6,50,42.5,39.36,43.66,44.83,49.23,37.46,0.0,0.0
2657,45146,42.3,54.83403572657303,0.3074829348354819,4,8,6,50,42.42,46.04,38.51,39.38,45.12,42.35,0.0,0.0
2658,44340,53.77,52.30211599970487,0.2860697154445775,4,10,6,50,52.31,57.36,48.45,55.57,54.64,54.27,0.0,0.0
2659,39920,51.89,54.121697225953774,0.1691877750305093,0,10,6,50,47.15,53.44,53.04,50.91,46.8,60.01,0.0,0.0
2660,47462,63.99,52.62988532337522,0.2738493887461329,6,6,6,50,68.13,56.89,64.0,69.05,60.8,65.07,0.0,0.0
2661,103536,47.18,53.88804466545266,0.30446897110807,9,3,6,50,47.64,45.23,46.34,52.32,47.74,43.79,0.0,0.0
2662,47462,51.53,54.40897840775942,0.2076918117775687,6,6,6,50,45.95,53.51,53.09,46.13,56.54,53.95,0.0,0.0
2663,48511,58.35,54.254471677992576,0.2369968926968211,4,3,6,50,55.84,63.37,52.77,63.5,54.27,60.33,0.0,0.0
2664,86531,54.26,54.10774107565749,0.2709583987890812,8,3,6,50,52.32,49.87,51.36,57.14,53.41,61.43,0.0,0.0
2665,53516,51.36,55.90084855416109,0.1589820564238245,5,3,6,50,55.17,55.38,45.79,54.98,53.0,43.87,0.0,0.0
2666,48511,57.6,51.28930689490658,0.2269062106648919,4,3,6,50,51.17,60.91,56.84,56.57,56.45,63.64,0.0,0.0
2667,43836,47.02,53.61493410341733,0.189933773485868,2,8,6,50,48.14,53.32,55.25,40.74,40.57,44.07,0.0,0.0
2668,103034,61.58,52.47443288381832,0.3109880098221645,8,2,6,50,57.69,62.33,66.9,60.43,62.81,59.31,0.0,0.0
2669,44340,69.61,54.220910240379325,0.1622438706928931,4,10,6,50,60.28,67.27,64.11,71.39,75.73,78.89,0.0,0.0
2670,45952,50.92,53.61060926645231,0.2488195513050619,4,6,6,50,46.76,50.45,49.45,51.39,53.96,53.54,0.0,0.0
2671,43433,57.91,53.332743119383046,0.183551534940306,2,9,6,50,56.49,57.28,61.68,65.44,48.56,58.02,0.0,0.0
2672,49515,67.77,53.75924505067365,0.2103767136973343,6,5,6,50,73.45,72.77,62.74,56.18,72.55,68.93,0.0,0.0
2673,150000,54.44,52.176461905596014,0.2340986243986669,10,1,6,50,49.74,59.01,54.86,57.93,51.24,53.85,0.0,0.0
2674,49519,44.44,54.27799971762182,0.2055349468093004,8,7,6,50,47.3,44.06,44.03,43.99,45.05,42.22,0.0,0.0
2675,44642,57.56,52.82071649015095,0.2628235680827914,2,6,6,50,65.67,65.56,55.09,49.73,55.02,54.29,0.0,0.0
2676,46855,57.58,55.76371995685968,0.2148898921207698,4,5,6,50,55.89,58.86,57.97,61.06,56.26,55.44,0.0,0.0
2677,47111,55.99,54.37962197881653,0.326458176746666,7,8,6,50,65.61,47.73,60.05,53.55,54.55,54.47,0.0,0.0
2678,44743,57.95,54.78763433078006,0.282446766766793,4,9,6,50,59.6,53.57,68.69,56.07,52.32,57.47,0.0,0.0
2679,45952,62.86,55.01141397395797,0.2689282802076022,4,6,6,50,55.03,67.31,61.16,61.59,65.41,66.67,0.0,0.0
2680,85527,67.59,52.71886787068477,0.1603005257096307,6,1,6,50,74.44,63.25,63.94,78.07,59.62,66.22,0.0,0.0
2681,46855,45.52,54.97813350444579,0.195058186486642,4,5,6,50,50.76,39.87,53.41,41.72,42.21,45.16,0.0,0.0
2682,46859,62.0,52.7405052595699,0.0586689094342774,6,7,6,50,66.24,64.76,63.99,65.08,58.53,53.4,0.0,0.0
2683,73530,59.53,54.54376063846371,0.2050327943353144,9,5,6,50,56.42,53.62,52.38,64.09,63.04,67.64,0.0,0.0
2684,46859,58.56,54.191608455830114,0.2828996339303251,6,7,6,50,57.11,58.69,59.83,60.77,54.23,60.71,0.0,0.0
2685,48511,52.0,54.47367755183011,0.2055545256899863,4,3,6,50,52.44,53.86,49.47,49.62,56.09,50.53,0.0,0.0
2686,45146,48.33,53.61024964877991,0.202837953244806,4,8,6,50,43.43,52.01,43.35,55.01,42.96,53.23,0.0,0.0
2687,45549,44.76,55.44119389047999,0.2013919174549412,4,7,6,50,45.32,42.98,45.44,42.46,47.63,44.74,0.0,0.0
2688,47462,55.2,53.32813491018522,0.2018291354994391,6,6,6,50,51.11,46.8,59.74,57.88,60.19,55.49,0.0,0.0
2689,54018,49.41,55.00537779047219,0.1956234608898485,6,4,6,50,48.03,55.96,44.86,49.16,48.51,49.92,0.0,0.0
2690,46708,55.62,53.8885138332462,0.2461213065185983,7,9,6,50,62.98,53.3,62.91,46.65,49.66,58.24,0.0,0.0
2691,49515,50.6,52.423337195642766,0.1711267607287852,6,5,6,50,46.6,48.71,57.66,45.92,59.04,45.67,0.0,0.0
2692,46204,57.16,52.98321315754579,0.2132941704851775,5,7,6,50,54.17,56.52,61.56,54.02,55.91,60.76,0.0,0.0
2693,40726,60.86,55.68984803897874,0.2369181399234976,0,8,6,50,52.07,58.54,67.33,65.68,55.95,65.59,0.0,0.0
2694,62525,67.93,52.46760998565495,0.2133560672665102,8,5,6,50,58.28,69.02,71.46,77.62,60.73,70.48,0.0,0.0
2695,47208,62.32,54.34734661310643,0.2209894207066361,4,4,6,50,68.91,54.89,59.27,64.88,66.72,59.23,0.0,0.0
2696,72526,45.47,54.05774234318847,0.2605406420872096,7,3,6,50,45.47,45.82,46.56,50.81,42.51,41.64,0.0,0.0
2697,73028,60.89,54.421956200154106,0.2375466949550732,8,4,6,50,65.49,65.76,56.94,65.26,55.7,56.2,0.0,0.0
2698,46204,60.93,52.00585544825073,0.2528229613965157,5,7,6,50,69.67,64.54,66.36,58.73,52.89,53.41,0.0,0.0
2699,44642,57.39,53.238689396545006,0.1304629028770324,2,6,6,50,56.03,53.79,61.22,63.0,58.64,51.65,0.0,0.0
2700,150000,59.0,53.8709945836838,0.2573461982259507,14,1,6,50,55.75,63.78,52.24,59.52,59.03,63.69,0.0,0.0
2701,48511,54.55,52.12031952657586,0.2583071339484779,4,3,6,50,49.35,53.19,52.69,62.89,54.92,54.26,0.0,0.0
2702,49515,69.45,53.771523397854985,0.2747795552073671,6,5,6,50,70.48,58.36,76.01,71.89,67.15,72.8,0.0,0.0
2703,46456,43.71,53.10692597194696,0.2624890218107371,6,8,6,50,47.28,48.97,42.5,38.24,50.3,34.94,0.0,0.0
2704,45801,59.03,55.4001724078032,0.234763558428094,5,8,6,50,52.16,51.91,66.32,60.08,71.85,51.85,0.0,0.0
2705,46855,58.0,52.987322924096446,0.1178613040255562,4,5,6,50,53.03,54.53,60.84,60.03,56.57,62.97,0.0,0.0
2706,46053,55.91,52.81021138193381,0.2193532242510604,6,9,6,50,58.65,59.42,52.99,57.55,48.67,58.19,0.0,0.0
2707,62525,67.38,53.73115540722166,0.2507065843006893,8,5,6,50,60.15,68.75,65.34,66.41,68.35,75.28,0.0,0.0
2708,44894,54.81,53.63920961901989,0.2996287348359557,3,7,6,50,50.49,61.72,53.24,55.22,57.08,51.09,0.0,0.0
2709,45297,46.85,54.18095249018294,0.219071924125417,3,6,6,50,50.68,42.11,49.63,44.5,52.89,41.27,0.0,0.0
2710,123541,58.26,54.017368576116255,0.1728695579699827,10,3,6,50,59.37,57.67,62.31,50.46,59.09,60.67,0.0,0.0
2711,45650,68.07,55.00614374734087,0.2404385664289752,6,10,6,50,74.31,73.42,61.64,69.95,62.58,66.52,0.0,0.0
2712,54524,58.63,54.04664550675207,0.1982880468951833,9,7,6,50,55.22,52.76,55.88,54.71,65.28,67.91,0.0,0.0
2713,48511,50.08,53.98996286561741,0.109011166365723,4,3,6,50,53.12,45.87,43.01,54.89,48.66,54.9,0.0,0.0
2714,49267,58.74,54.91828601245712,0.1860832227807736,7,6,6,50,51.05,60.27,63.56,56.67,57.84,63.08,0.0,0.0
2715,46456,61.18,52.17682287728974,0.1425028132690664,6,8,6,50,63.28,61.99,62.32,60.34,63.02,56.16,0.0,0.0
2716,49267,49.71,55.64737336938714,0.1901640322631629,7,6,6,50,48.99,52.01,49.43,53.9,53.44,40.47,0.0,0.0
2717,122537,66.4,53.04794672191287,0.1399296942474475,8,1,6,50,65.39,63.3,69.29,68.29,71.71,60.41,0.0,0.0
2718,104292,49.78,53.51737590850668,0.2834828891683792,12,6,6,50,56.82,52.21,53.52,45.51,47.93,42.7,0.0,0.0
2719,45146,69.42,55.432605184787526,0.2885141734741839,4,8,6,50,71.51,67.77,59.57,74.9,69.48,73.26,0.0,0.0
2720,122537,50.72,53.694312476328285,0.2124065115011555,8,1,6,50,51.52,48.18,45.12,52.51,49.81,57.19,0.0,0.0
2721,61521,58.99,53.158357677339005,0.2190631334364458,6,3,6,50,56.18,60.14,61.1,57.5,61.71,57.29,0.0,0.0
2722,54272,56.48,51.97085042166688,0.1662498579248238,8,6,6,50,58.7,56.18,50.58,60.61,51.01,61.81,0.0,0.0
2723,46607,52.65,55.96242196127005,0.1966834052190346,5,6,6,50,61.27,48.92,51.74,53.02,54.31,46.66,0.0,0.0
2724,49519,52.09,51.78052298342588,0.1617218860146622,8,7,6,50,57.24,47.93,48.75,56.6,57.56,44.45,0.0,0.0
2725,44340,59.63,53.93399473109226,0.383634754401399,4,10,6,50,65.53,55.73,56.64,58.32,52.95,68.63,0.0,0.0
2726,45698,64.69,53.92838163996564,0.2103248119362929,2,4,6,50,62.31,72.17,63.34,69.27,51.67,69.37,0.0,0.0
2727,123541,56.0,53.4992371047978,0.1713521203033227,10,3,6,50,52.0,58.28,62.21,50.34,60.99,52.16,0.0,0.0
2728,47363,37.88,52.986393450736,0.0630329494580518,8,9,6,50,36.71,37.48,36.54,41.17,38.03,37.35,0.0,0.0
2729,50023,51.59,55.97687029525447,0.1884904661784678,10,9,6,50,58.81,46.54,53.0,53.55,45.85,51.79,0.0,0.0
2730,54272,61.18,52.48400960164213,0.2220101173492469,8,6,6,50,60.75,66.56,52.74,55.23,66.16,65.62,0.0,0.0
2731,49519,65.79,54.376171886183705,0.2038294472499667,8,7,6,50,64.12,68.61,55.18,59.47,73.51,73.83,0.0,0.0
2732,61521,64.37,53.00001590626061,0.247275835542937,6,3,6,50,64.3,64.53,65.43,59.93,62.82,69.21,0.0,0.0
2733,87535,43.17,52.17558431257278,0.2824258258019555,10,5,6,50,42.95,44.43,50.09,43.4,37.91,40.24,0.0,0.0
2734,86029,54.16,53.54113006585276,0.2382793251728726,7,2,6,50,58.45,48.49,50.08,57.55,56.01,54.38,0.0,0.0
2735,45549,54.12,53.71794679737658,0.1482072380396555,4,7,6,50,51.46,60.46,46.67,49.99,58.07,58.08,0.0,0.0
2736,41532,68.53,54.468142462351686,0.24983237623972,0,6,6,50,64.85,70.43,73.81,79.0,64.25,58.81,0.0,0.0
2737,87535,55.06,53.424539635339,0.1626178298881135,10,5,6,50,56.12,48.37,59.73,59.0,46.5,60.64,0.0,0.0
2738,86029,60.6,53.26236329679174,0.2236455254140534,7,2,6,50,55.99,52.18,61.89,64.5,66.33,62.72,0.0,0.0
2739,86531,64.8,52.81979722057553,0.2898013149052967,8,3,6,50,66.52,69.11,59.61,63.81,74.02,55.74,0.0,0.0
2740,45146,51.44,54.87822659765692,0.094437999273347,4,8,6,50,44.01,53.37,48.76,52.8,49.25,60.43,0.0,0.0
2741,61521,58.5,52.99507206899234,0.1573570312652178,6,3,6,50,62.54,57.56,56.67,52.69,60.65,60.91,0.0,0.0
2742,45247,53.4,50.6381990924042,0.1858475256054969,6,11,6,50,51.28,50.54,53.68,49.89,61.97,53.04,0.0,0.0
2743,46855,49.56,52.416276606290126,0.2402194215060243,4,5,6,50,41.8,56.6,52.5,44.12,55.04,47.28,0.0,0.0
2744,45398,43.56,52.261617249077375,0.2850059132917277,5,9,6,50,37.41,42.46,40.91,47.27,50.65,42.64,0.0,0.0
2745,43433,66.04,53.62492357215272,0.2825026463281715,2,9,6,50,65.21,72.5,55.81,63.99,66.4,72.32,0.0,0.0
2746,46855,60.25,52.742957232910406,0.1205620509547543,4,5,6,50,59.14,58.6,66.87,60.77,56.4,59.7,0.0,0.0
2747,46053,70.08,53.8157805652003,0.1779123731168676,6,9,6,50,67.78,74.29,70.94,72.39,75.42,59.63,0.0,0.0
2748,47363,56.5,52.96899436321115,0.2855383704988918,8,9,6,50,53.14,65.03,55.25,52.08,52.25,61.25,0.0,0.0
2749,47462,55.15,55.01006630546085,0.1772647760194936,6,6,6,50,49.73,49.71,60.33,58.34,48.7,64.09,0.0,0.0
2750,44743,57.63,54.29284376512993,0.1324176568544473,4,9,6,50,58.35,64.38,64.89,52.15,55.19,50.82,0.0,0.0
2751,54018,64.13,52.84222771168026,0.2114621359042276,6,4,6,50,66.35,60.82,62.34,66.07,64.23,64.96,0.0,0.0
2752,46855,58.28,53.947347473775054,0.2254903338291792,4,5,6,50,67.4,48.0,64.82,62.02,54.77,52.66,0.0,0.0
2753,73028,75.65,52.93118680620759,0.2472896830734334,8,4,6,50,82.19,85.57,73.01,74.07,69.41,69.64,0.0,0.0
2754,104540,50.32,54.736949951157975,0.2904024103001674,11,5,6,50,44.19,49.09,54.44,58.17,45.12,50.92,0.0,0.0
2755,87539,51.47,53.09349252915724,0.2633847685604129,12,7,6,50,55.73,45.6,49.57,49.67,48.72,59.54,0.0,0.0
2756,86531,54.1,53.50115730624602,0.1737823760919063,8,3,6,50,55.71,55.97,56.42,53.31,49.67,53.49,0.0,0.0
2757,45146,57.8,53.88965631899998,0.2033103924339125,4,8,6,50,55.7,58.95,57.24,55.21,65.11,54.57,0.0,0.0
2758,48470,47.08,55.2170073385872,0.2774125218007888,10,10,6,50,54.55,52.57,51.4,40.04,37.06,46.85,0.0,0.0
2759,45146,66.12,52.84071949068552,0.1831937580096501,4,8,6,50,59.43,76.03,69.87,61.16,71.78,58.47,0.0,0.0
2760,45952,45.34,52.41775661682296,0.2453724332481432,4,6,6,50,38.52,44.41,42.16,54.07,49.26,43.65,0.0,0.0
2761,54272,52.88,53.55258393940006,0.2528732819053008,8,6,6,50,50.05,51.2,57.55,56.97,50.23,51.27,0.0,0.0
2762,86531,68.13,53.04099625174011,0.2837618247869736,8,3,6,50,59.26,61.76,69.85,72.15,77.61,68.17,0.0,0.0
2763,103034,47.53,54.432711759786905,0.276790413143509,8,2,6,50,42.27,41.36,53.1,50.98,44.78,52.69,0.0,0.0
2764,85527,59.43,53.95387573717998,0.187227213831419,6,1,6,50,62.17,49.05,64.47,63.45,53.03,64.4,0.0,0.0
2765,87033,52.29,53.138630658524185,0.2305875078487513,9,4,6,50,58.24,45.11,54.16,56.38,46.74,53.13,0.0,0.0
2766,49267,51.07,51.913032425190295,0.2178340269043273,7,6,6,50,47.49,56.68,46.1,49.01,53.07,54.09,0.0,0.0
2767,44088,70.29,54.30930812940902,0.2857465295337322,3,9,6,50,75.42,59.99,75.43,70.52,74.21,66.16,0.0,0.0
2768,61521,62.71,53.946921869891824,0.178072552049403,6,3,6,50,59.69,59.29,62.35,62.44,67.48,64.99,0.0,0.0
2769,46859,57.33,53.512720560545525,0.150690388158785,6,7,6,50,54.66,56.11,67.97,51.68,56.41,57.15,0.0,0.0
2770,123541,50.28,52.22950604517232,0.1335387809179153,10,3,6,50,49.72,55.7,53.72,44.94,45.13,52.44,0.0,0.0
2771,86531,52.67,55.41810942693854,0.302725738081251,8,3,6,50,47.6,51.0,53.84,53.26,47.15,63.16,0.0,0.0
2772,46456,63.84,56.47690799034823,0.2556276163013055,6,8,6,50,64.04,71.36,65.18,55.61,69.41,57.45,0.0,0.0
2773,103034,60.07,55.62137901341151,0.1888786016796675,8,2,6,50,61.12,57.72,56.45,60.78,60.5,63.83,0.0,0.0
2774,45398,68.19,53.67945227801218,0.1551140175996092,5,9,6,50,64.96,73.82,69.66,56.57,72.11,72.02,0.0,0.0
2775,123541,60.62,51.62846711773026,0.2828196761346509,10,3,6,50,53.2,53.88,68.7,67.12,65.76,55.06,0.0,0.0
2776,54272,54.91,54.16730575450026,0.1881132546702811,8,6,6,50,53.23,50.29,61.55,55.75,50.87,57.76,0.0,0.0
2777,47462,54.22,54.80490906123443,0.0663146654501759,6,6,6,50,57.73,49.79,57.76,54.07,55.91,50.09,0.0,0.0
2778,47966,44.71,53.21907115698234,0.1893688465611232,8,8,6,50,39.86,48.7,40.36,43.82,45.23,50.29,0.0,0.0
2779,46855,69.12,53.91007963857197,0.1509897579302421,4,5,6,50,63.6,70.64,70.75,71.37,69.5,68.88,0.0,0.0
2780,87535,64.26,53.11383856087664,0.2036988036803455,10,5,6,50,59.67,70.59,60.2,70.7,63.14,61.25,0.0,0.0
2781,49515,56.32,50.82293716814547,0.2191458378493347,6,5,6,50,63.41,53.59,55.85,61.6,49.62,53.83,0.0,0.0
2782,49515,56.76,53.17157043354656,0.1948461553252859,6,5,6,50,58.83,57.07,53.24,57.79,55.28,58.37,0.0,0.0
2783,47714,55.24,52.81469673506226,0.2352252413518136,7,7,6,50,46.17,54.22,60.21,51.78,56.82,62.23,0.0,0.0
2784,72526,70.84,53.58975814792061,0.2301563552429219,7,3,6,50,73.0,73.94,70.04,64.32,67.66,76.07,0.0,0.0
2785,62525,64.44,53.09332504827956,0.2857482921013421,8,5,6,50,69.55,55.56,61.8,69.15,68.53,62.02,0.0,0.0
2786,45952,49.3,55.09818679716968,0.1194160848285615,4,6,6,50,50.08,45.47,50.71,50.87,53.37,45.31,0.0,0.0
2787,86531,57.08,54.6910972122764,0.2147268335716358,8,3,6,50,60.48,66.51,60.31,50.86,53.24,51.05,0.0,0.0
2788,62529,53.24,53.24417293387409,0.2331244711824441,10,7,6,50,55.75,51.61,56.76,50.99,50.95,53.39,0.0,0.0
2789,46053,68.7,52.95191865371637,0.2150210914225534,6,9,6,50,70.76,68.46,73.1,55.56,73.41,70.93,0.0,0.0
2790,49519,52.94,54.62319390219453,0.1785943792721059,8,7,6,50,55.46,52.6,45.27,51.72,57.01,55.58,0.0,0.0
2791,49515,59.46,52.69692678614486,0.2763124542908293,6,5,6,50,58.11,62.4,55.78,59.11,63.59,57.79,0.0,0.0
2792,45952,72.07,54.48427518542604,0.1443155905330427,4,6,6,50,76.02,77.93,72.11,75.02,69.19,62.16,0.0,0.0
2793,54018,54.56,54.21369582162652,0.1619318818945143,6,4,6,50,56.94,49.24,52.74,55.51,56.97,55.95,0.0,0.0
2794,46053,58.37,53.88176250861248,0.2043506731687697,6,9,6,50,64.16,65.36,55.76,50.6,53.06,61.31,0.0,0.0
2795,47710,64.22,54.76390544879018,0.1095160570118664,5,5,6,50,65.44,58.68,53.62,64.94,72.98,69.68,0.0,0.0
2796,45801,59.75,53.68109688689034,0.1906363172054108,5,8,6,50,65.88,53.36,61.23,62.26,55.76,60.01,0.0,0.0
2797,54272,60.49,53.79524963306577,0.2183867133270426,8,6,6,50,59.68,59.28,61.15,62.05,62.69,58.11,0.0,0.0
2798,49515,56.77,54.15911888054113,0.2495659391729477,6,5,6,50,56.85,65.71,52.81,48.57,62.47,54.2,0.0,0.0
2799,46200,68.99,54.28780283735984,0.1615129817644979,3,5,6,50,69.97,58.73,67.7,74.13,79.58,63.84,0.0,0.0
2800,150000,50.45,52.73713154258275,0.0925533213417765,10,0,6,50,50.85,55.95,47.18,47.18,47.36,54.19,0.0,0.0
2801,46859,57.7,53.39779986122887,0.2864031069058645,6,7,6,50,57.69,63.9,62.04,54.92,49.84,57.82,0.0,0.0
2802,45043,65.17,54.07245656516131,0.2334172052776253,1,4,6,50,60.85,66.2,72.97,66.26,70.89,53.87,0.0,0.0
2803,46859,45.77,53.74472808477093,0.2590105382132223,6,7,6,50,47.16,42.7,51.62,41.25,38.89,53.02,0.0,0.0
2804,54018,59.51,53.29518245810048,0.2484504849592295,6,4,6,50,56.89,64.34,51.25,69.69,59.34,55.57,0.0,0.0
2805,49515,47.88,52.94579378799081,0.1540197544450238,6,5,6,50,42.97,40.16,47.61,59.53,49.22,47.82,0.0,0.0
2806,73028,60.75,53.852396421824885,0.1805185635506926,8,4,6,50,64.54,64.98,62.53,66.49,57.56,48.39,0.0,0.0
2807,86531,68.94,55.32699802224024,0.2022255194255925,8,3,6,50,63.43,71.87,67.94,68.22,73.08,69.07,0.0,0.0
2808,45549,64.06,53.535964332318336,0.1655254851614579,4,7,6,50,73.61,70.26,57.53,64.65,57.47,60.85,0.0,0.0
2809,123541,66.58,52.42810917994945,0.1551452486628274,10,3,6,50,70.0,65.03,64.59,71.73,62.68,65.47,0.0,0.0
2810,62525,57.42,52.400943945025006,0.1416063471505045,8,5,6,50,60.37,49.37,64.2,60.69,47.29,62.62,0.0,0.0
2811,87535,60.61,54.98672336618285,0.1258950080922647,10,5,6,50,59.37,65.15,71.93,60.28,55.16,51.79,0.0,0.0
2812,47966,44.11,54.46937076526324,0.171628131243211,8,8,6,50,40.96,43.54,46.27,47.02,50.09,36.76,0.0,0.0
2813,44189,69.21,52.6974857314756,0.2084252077575752,5,12,6,50,63.81,70.09,78.08,65.13,62.27,75.9,0.0,0.0
2814,103536,53.0,53.83710987434254,0.2753301080413062,9,3,6,50,43.42,53.99,51.79,57.55,52.15,59.13,0.0,0.0
2815,146044,55.4,53.3799551288169,0.1627158870470645,10,2,6,50,49.99,59.18,61.67,53.81,48.5,59.23,0.0,0.0
2816,46859,64.38,54.13886748274557,0.1844439840676336,6,7,6,50,69.38,58.84,65.77,70.98,57.68,63.6,0.0,0.0
2817,53014,56.18,53.79207122083429,0.1337720568827322,4,2,6,50,56.04,58.42,57.68,55.2,55.01,54.74,0.0,0.0
2818,45549,46.64,52.73922577863891,0.1796998789614527,4,7,6,50,42.3,51.24,45.82,51.75,44.02,44.71,0.0,0.0
2819,46855,54.97,54.0900635648853,0.2197710796206104,4,5,6,50,55.51,59.83,50.82,45.93,58.87,58.86,0.0,0.0
2820,45146,56.67,53.96759044461688,0.1961283115240937,4,8,6,50,63.76,61.59,49.01,53.94,58.05,53.68,0.0,0.0
2821,46855,53.18,53.38204206735208,0.1818738810066696,4,5,6,50,50.32,52.76,56.0,56.95,47.24,55.83,0.0,0.0
2822,45549,48.11,53.35431448272092,0.2014563953043374,4,7,6,50,44.54,51.25,46.85,53.97,43.85,48.18,0.0,0.0
2823,150000,46.11,54.91040082693065,0.2408349193872202,12,3,6,50,51.91,43.16,42.03,47.33,43.28,48.97,0.0,0.0
2824,46855,53.41,55.90679358419129,0.1871823007164454,4,5,6,50,54.15,56.22,50.25,54.44,52.89,52.51,0.0,0.0
2825,43433,56.12,52.88717885080685,0.2351882123662531,2,9,6,50,53.0,50.39,59.44,66.42,50.56,56.89,0.0,0.0
2826,47615,45.41,52.44853722031228,0.2108667075897446,9,10,6,50,50.3,46.74,43.36,45.09,46.48,40.5,0.0,0.0
2827,47208,73.15,53.171826556801534,0.2342139909026773,4,4,6,50,72.7,79.98,63.66,77.69,72.64,72.24,0.0,0.0
2828,45952,41.27,53.70376151185044,0.179273679369018,4,6,6,50,38.88,48.0,39.17,36.2,42.47,42.9,0.0,0.0
2829,86531,69.99,54.20720461287285,0.2582927437494358,8,3,6,50,73.39,70.53,69.06,63.72,64.31,78.93,0.0,0.0
2830,46859,56.6,54.39779907924162,0.2212214638860399,6,7,6,50,56.26,59.4,46.04,60.7,53.6,63.57,0.0,0.0
2831,49519,62.45,54.06173224378512,0.137294412365664,8,7,6,50,60.02,68.04,64.13,61.4,56.84,64.28,0.0,0.0
2832,46607,52.2,53.99969117231651,0.1587595214189045,5,6,6,50,49.69,50.72,50.99,53.43,52.04,56.35,0.0,0.0
2833,147040,54.1,54.79592101868362,0.2454907240418661,8,0,6,50,53.85,56.79,50.69,45.27,57.81,60.22,0.0,0.0
2834,45698,67.82,55.3917789987439,0.1883993408498633,2,4,6,50,69.85,73.02,76.73,65.98,62.89,58.44,0.0,0.0
2835,44491,56.25,53.49372686174988,0.1607380297891231,3,8,6,50,52.17,59.25,49.17,60.61,54.72,61.57,0.0,0.0
2836,122537,57.74,53.50997265670931,0.2882615482316568,8,1,6,50,57.81,51.12,54.99,67.29,55.55,59.67,0.0,0.0
2837,73020,64.68,52.30130083771585,0.226006634287328,4,0,6,50,69.3,72.38,65.79,61.92,59.03,59.68,0.0,0.0
2838,47966,66.87,55.30705512145939,0.2313774772686161,8,8,6,50,65.75,65.55,66.63,67.27,68.43,67.57,0.0,0.0
2839,44894,73.85,54.520488501197576,0.22530372131468,3,7,6,50,67.88,68.1,76.86,73.45,79.46,77.38,0.0,0.0
2840,46859,68.37,52.91794136374508,0.2221356358166037,6,7,6,50,67.28,79.65,72.14,61.83,57.18,72.15,0.0,0.0
2841,123541,61.32,53.698974676153306,0.1803608836458505,10,3,6,50,64.03,49.25,66.49,59.14,63.99,64.99,0.0,0.0
2842,44743,56.84,54.41901637725911,0.1892880612153434,4,9,6,50,58.31,53.56,61.82,62.62,50.53,54.2,0.0,0.0
2843,47966,46.59,53.58114934175377,0.1357957265299224,8,8,6,50,45.87,44.96,40.36,43.46,53.07,51.82,0.0,0.0
2844,104038,50.72,54.2881765932916,0.1099242672990611,10,4,6,50,47.49,48.94,52.37,55.72,50.68,49.13,0.0,0.0
2845,54018,57.57,53.061622410034666,0.1848558202615869,6,4,6,50,47.91,64.14,58.54,62.42,57.85,54.55,0.0,0.0
2846,86531,60.45,53.67819713640428,0.1960887119510272,8,3,6,50,61.08,60.58,49.61,67.43,57.87,66.15,0.0,0.0
2847,61521,59.84,52.03583026691828,0.2657968035861323,6,3,6,50,62.67,62.38,55.24,66.23,59.16,53.38,0.0,0.0
2848,46855,65.08,53.34465850990387,0.1845704355089509,4,5,6,50,69.7,71.46,62.15,56.52,71.03,59.6,0.0,0.0
2849,49519,50.24,54.69120625260094,0.1510050493339989,8,7,6,50,51.77,50.04,50.02,53.58,45.49,50.51,0.0,0.0
2850,73028,57.0,53.85688542549583,0.1525379370692209,8,4,6,50,55.27,57.68,52.51,61.82,65.05,49.7,0.0,0.0
2851,49519,49.45,55.24683762332784,0.1912019754154476,8,7,6,50,42.03,48.05,43.81,52.89,54.76,55.14,0.0,0.0
2852,150000,66.5,52.506784263074174,0.150188230890153,12,3,6,50,60.64,79.66,74.38,60.82,58.89,64.59,0.0,0.0
2853,45545,55.49,52.831616555511246,0.1730614113750966,2,5,6,50,51.63,65.5,54.88,50.23,59.2,51.51,0.0,0.0
2854,46859,53.63,52.60032624067936,0.1571351565717191,6,7,6,50,57.4,47.12,58.13,50.16,54.92,54.05,0.0,0.0
2855,45297,51.41,54.81091315339403,0.2234717853674356,3,6,6,50,55.67,49.67,52.18,48.23,58.52,44.19,0.0,0.0
2856,54272,45.65,54.19143126903267,0.1369525077447366,8,6,6,50,41.73,45.01,44.79,45.44,42.56,54.37,0.0,0.0
2857,54018,68.69,53.80465984336835,0.2414535131953935,6,4,6,50,63.67,71.46,73.15,58.39,72.14,73.33,0.0,0.0
2858,54272,63.07,54.418653230254456,0.1601034153451173,8,6,6,50,57.96,64.88,70.09,59.84,69.22,56.41,0.0,0.0
2859,45751,50.47,53.24793037028883,0.060969527982239,8,13,6,50,49.44,48.08,54.46,48.02,57.29,45.52,0.0,0.0
2860,62525,58.62,53.945170648852674,0.2498915349369504,8,5,6,50,58.22,57.15,51.04,60.19,61.41,63.74,0.0,0.0
2861,49267,66.47,54.17768726841744,0.1955961623283157,7,6,6,50,66.12,58.6,65.67,68.59,75.58,64.28,0.0,0.0
2862,54272,60.76,52.816183363430966,0.0950433868584811,8,6,6,50,63.44,60.19,53.07,66.66,66.7,54.49,0.0,0.0
2863,123541,58.12,54.39271643796404,0.1458697702985161,10,3,6,50,55.72,50.07,63.73,54.38,61.94,62.88,0.0,0.0
2864,73534,49.67,53.36843026219732,0.1804187039243285,11,7,6,50,50.94,47.2,57.79,48.33,48.27,45.5,0.0,0.0
2865,46859,56.88,55.19060692722715,0.1721510358903352,6,7,6,50,70.21,54.93,57.54,53.98,50.23,54.41,0.0,0.0
2866,44340,79.47,54.52058804115919,0.2005020321942338,4,10,6,50,73.72,68.98,89.97,78.61,81.26,84.28,0.0,0.0
2867,49515,61.86,52.63608266631433,0.2551218381681748,6,5,6,50,62.18,55.29,59.11,65.62,64.82,64.17,0.0,0.0
2868,46859,55.51,54.27746953981833,0.1705254558952286,6,7,6,50,60.25,50.64,46.7,51.82,63.41,60.25,0.0,0.0
2869,49519,46.26,52.788583138271214,0.1596033651856942,8,7,6,50,52.82,42.66,50.61,46.42,44.01,41.03,0.0,0.0
2870,73028,59.32,53.11240924693455,0.215851329337521,8,4,6,50,58.28,64.31,66.0,60.92,53.77,52.66,0.0,0.0
2871,54018,71.15,54.53960155788852,0.1285376731021546,6,4,6,50,78.85,62.36,71.47,63.96,72.25,78.01,0.0,0.0
2872,73028,56.52,54.156583938845465,0.2726092870867542,8,4,6,50,51.68,61.48,57.86,52.77,53.71,61.65,0.0,0.0
2873,54018,61.68,54.00527687724296,0.2481158848727286,6,4,6,50,58.16,57.47,62.89,67.05,69.22,55.27,0.0,0.0
2874,53014,54.96,53.54157313814788,0.2566785180186369,4,2,6,50,45.43,59.19,56.74,58.16,55.92,54.29,0.0,0.0
2875,72024,66.03,53.05393605345023,0.1312119101081145,6,2,6,50,61.36,56.99,67.94,68.89,70.5,70.48,0.0,0.0
2876,49519,53.06,54.67116186029622,0.2026722500565601,8,7,6,50,48.4,56.96,57.1,49.44,51.36,55.07,0.0,0.0
2877,72024,55.91,51.83218617566179,0.0654723623985749,6,2,6,50,58.46,56.99,45.49,61.39,58.98,54.14,0.0,0.0
2878,48511,61.19,54.45247387446498,0.1580411004791526,4,3,6,50,66.69,61.47,68.94,59.0,57.55,53.47,0.0,0.0
2879,45545,44.84,53.4936159816865,0.1186527519421503,2,5,6,50,39.55,47.67,43.4,51.64,42.2,44.6,0.0,0.0
2880,150000,55.66,51.95822399434335,0.1176604382882374,12,3,6,50,60.64,49.91,48.96,52.49,56.95,65.0,0.0,0.0
2881,49519,46.61,55.05917109586237,0.0891387279275364,8,7,6,50,41.24,41.9,48.47,55.95,51.05,41.07,0.0,0.0
2882,47462,46.56,52.55164731004646,0.2354969607236916,6,6,6,50,39.32,49.86,47.43,51.61,40.79,50.34,0.0,0.0
2883,46053,45.88,53.49351573138543,0.1450200352819917,6,9,6,50,45.12,49.23,45.56,49.26,44.4,41.73,0.0,0.0
2884,46053,55.1,51.21533363696368,0.2338136392421787,6,9,6,50,51.99,56.35,57.35,57.6,47.24,60.1,0.0,0.0
2885,49267,64.69,54.310992678310974,0.2618149469155237,7,6,6,50,65.55,77.74,69.55,61.88,56.78,56.64,0.0,0.0
2886,62277,55.85,55.55663949685013,0.2711085918330077,9,6,6,50,58.12,55.53,57.81,57.04,50.97,55.61,0.0,0.0
2887,53014,60.17,53.53347884600018,0.14763305000998,4,2,6,50,59.55,62.94,48.76,58.36,70.65,60.78,0.0,0.0
2888,123541,65.72,53.84419112192397,0.2432058346020129,10,3,6,50,69.96,60.67,69.03,70.56,67.36,56.73,0.0,0.0
2889,61521,51.84,52.60035172962663,0.153809245084015,6,3,6,50,51.0,51.74,47.5,55.54,52.17,53.1,0.0,0.0
2890,54520,58.24,52.74335844350937,0.2135211587702128,7,5,6,50,64.22,49.65,67.2,52.21,50.62,65.54,0.0,0.0
2891,150000,59.47,53.76253559479997,0.1880928221533437,11,1,6,50,55.73,56.46,57.71,62.77,61.69,62.44,0.0,0.0
2892,150000,50.96,54.94151501133918,0.2935569742660641,12,3,6,50,52.45,43.08,50.85,56.36,53.66,49.38,0.0,0.0
2893,85527,66.36,53.5550980741032,0.1697608356573362,6,1,6,50,68.25,70.66,66.06,66.47,64.47,62.26,0.0,0.0
2894,104038,51.41,52.25808552411241,0.1691995391997299,10,4,6,50,44.58,45.34,57.2,50.17,54.5,56.66,0.0,0.0
2895,122537,68.3,52.5344321099542,0.1548238688954707,8,1,6,50,60.42,79.93,67.47,65.83,61.45,74.69,0.0,0.0
2896,45650,47.62,53.57460032141948,0.1490509234523397,6,10,6,50,45.36,54.69,40.65,56.22,44.05,44.77,0.0,0.0
2897,72024,53.52,53.3906471130424,0.1364825875619838,6,2,6,50,50.02,54.65,54.29,56.59,54.31,51.24,0.0,0.0
2898,45297,62.46,53.10750043195425,0.0985847921282021,3,6,6,50,62.61,64.15,59.66,71.5,62.39,54.44,0.0,0.0
2899,150000,69.79,53.337717681501154,0.2285329711167751,13,4,6,50,71.17,80.54,70.31,59.15,75.7,61.88,0.0,0.0
2900,45952,66.03,54.58067494300199,0.1489510566704656,4,6,6,50,61.55,64.76,62.41,70.31,71.75,65.38,0.0,0.0
2901,104038,60.37,55.36797458975119,0.1975492944188488,10,4,6,50,55.84,71.61,59.97,58.1,65.69,51.01,0.0,0.0
2902,73028,57.27,55.90089090403784,0.109751667022374,8,4,6,50,64.66,54.96,62.05,56.75,50.1,55.07,0.0,0.0
2903,85527,59.26,54.094760014779794,0.1816447963670023,6,1,6,50,58.86,64.01,54.29,64.7,51.49,62.19,0.0,0.0
2904,73786,44.76,53.54469785514684,0.1883069372072022,12,8,6,50,44.21,49.1,47.58,43.32,39.97,44.41,0.0,0.0
2905,46859,58.98,52.4325190946104,0.235834723844032,6,7,6,50,55.6,61.44,56.06,63.87,57.19,59.74,0.0,0.0
2906,44743,61.16,52.49689131687233,0.1649510814151703,4,9,6,50,55.22,62.94,65.1,64.54,65.79,53.39,0.0,0.0
2907,46204,54.82,53.48571558350816,0.1596260363437684,5,7,6,50,54.61,50.79,55.56,57.48,55.23,55.24,0.0,0.0
2908,45549,59.31,53.80465241583995,0.181735002699948,4,7,6,50,52.79,53.14,55.56,68.43,59.47,66.45,0.0,0.0
2909,49515,54.4,53.86355675965458,0.2558573208879882,6,5,6,50,56.59,51.29,53.38,64.6,49.05,51.49,0.0,0.0
2910,102532,54.18,53.309741504633806,0.2118022098016552,7,1,6,50,53.19,50.85,59.74,50.7,61.75,48.84,0.0,0.0
2911,53014,47.6,52.98652804427128,0.2623524351477203,4,2,6,50,51.82,47.46,47.65,46.02,40.91,51.77,0.0,0.0
2912,124035,56.73,52.52128266337412,0.2042265862248796,7,0,6,50,52.17,51.27,65.65,54.63,61.3,55.39,0.0,0.0
2913,150000,51.59,54.88869693971574,0.255636103700804,10,0,6,50,50.26,51.81,54.52,56.58,50.4,45.99,0.0,0.0
2914,62525,58.62,53.40939746043334,0.1853550839529813,8,5,6,50,63.45,68.96,51.21,65.2,51.08,51.8,0.0,0.0
2915,145542,54.83,52.27235258040696,0.189076008210798,9,1,6,50,55.64,59.49,51.7,52.21,56.6,53.32,0.0,0.0
2916,49515,53.82,54.82939378356419,0.1632118614772403,6,5,6,50,60.38,52.7,48.05,52.78,50.52,58.5,0.0,0.0
2917,86531,67.06,52.20407547935381,0.2101930636343067,8,3,6,50,73.43,70.59,61.61,60.48,62.59,73.63,0.0,0.0
2918,62023,59.46,53.52603991118552,0.1437414157052315,7,4,6,50,60.34,63.21,53.75,63.42,60.11,55.92,0.0,0.0
2919,73282,64.84,53.5095980236196,0.2073644818439241,10,6,6,50,64.72,63.32,64.04,70.17,68.4,58.42,0.0,0.0
2920,73530,60.49,52.85725960647981,0.2483569778604168,9,5,6,50,50.32,62.16,64.82,64.21,53.18,68.25,0.0,0.0
2921,43836,65.41,54.69196365280863,0.1751927524188888,2,8,6,50,59.25,65.24,67.33,59.71,71.25,69.66,0.0,0.0
2922,61521,67.08,53.77197540211444,0.2091482950133566,6,3,6,50,64.46,63.79,68.06,62.79,69.18,74.19,0.0,0.0
2923,45698,62.84,53.219577697748136,0.2584679744027355,2,4,6,50,67.42,71.98,63.0,57.48,53.47,63.7,0.0,0.0
2924,86029,60.01,53.805313578336005,0.1821260629398619,7,2,6,50,52.96,57.54,62.55,61.37,58.34,67.29,0.0,0.0
2925,45698,55.32,52.98298285556692,0.1499881818371513,2,4,6,50,51.88,56.19,49.9,59.72,51.98,62.25,0.0,0.0
2926,46859,65.1,54.28645874019728,0.1311084148718197,6,7,6,50,68.09,69.41,59.55,61.65,65.82,66.08,0.0,0.0
2927,46607,63.53,54.89431442629997,0.2124823638662073,5,6,6,50,56.03,63.03,68.94,60.73,59.98,72.45,0.0,0.0
2928,54018,61.34,53.99239066250448,0.1861176330466312,6,4,6,50,68.43,65.67,53.73,66.23,54.83,59.14,0.0,0.0
2929,103536,62.41,55.34325132808829,0.1493448062440869,9,3,6,50,63.58,60.4,63.23,54.01,70.97,62.27,0.0,0.0
2930,150000,66.81,51.72301618376456,0.1574193345496181,13,2,6,50,60.36,74.89,70.29,61.62,68.79,64.92,0.0,0.0
2931,86531,63.7,53.81154897388903,0.1475046163244254,8,3,6,50,69.41,62.95,65.17,65.01,63.52,56.11,0.0,0.0
2932,44189,57.11,53.13731976095752,0.1570041091440062,5,12,6,50,59.54,54.33,57.51,55.43,60.9,54.93,0.0,0.0
2933,62525,64.88,54.896661301030136,0.1996687929623442,8,5,6,50,67.81,69.81,57.9,63.24,55.73,74.78,0.0,0.0
2934,62525,68.64,55.238491785056354,0.2132767409559532,8,5,6,50,62.41,65.91,69.05,66.35,66.86,81.24,0.0,0.0
2935,44038,55.4,52.03053031935174,0.1196893262923163,6,14,6,50,55.33,55.61,62.31,55.31,49.34,54.47,0.0,0.0
2936,49267,56.3,56.08710365807854,0.1997881480090986,7,6,6,50,64.17,50.85,54.28,62.81,52.07,53.61,0.0,0.0
2937,47966,51.78,53.260149093942886,0.2083509595602314,8,8,6,50,47.39,52.29,50.15,58.6,51.1,51.14,0.0,0.0
2938,73530,55.0,53.90018988836839,0.2416513995309192,9,5,6,50,55.17,51.39,56.95,53.58,54.14,58.8,0.0,0.0
2939,45650,60.02,52.18002950916405,0.2043672756440161,6,10,6,50,62.47,54.38,54.89,67.0,56.15,65.23,0.0,0.0
2940,73028,64.26,53.28703612982588,0.180413314008556,8,4,6,50,64.66,59.11,70.94,61.98,63.45,65.41,0.0,0.0
2941,124545,63.58,53.870481766145694,0.2213762669329984,12,5,6,50,61.65,62.1,60.61,74.92,65.91,56.31,0.0,0.0
2942,122537,66.29,52.47651609652072,0.2464181497279648,8,1,6,50,58.99,70.66,71.58,58.15,66.18,72.19,0.0,0.0
2943,71522,62.24,52.51476379144773,0.2008421397155669,5,1,6,50,67.77,68.43,55.68,65.2,54.83,61.51,0.0,0.0
2944,45952,53.97,54.07051002743175,0.0808565501619655,4,6,6,50,57.13,49.89,58.1,55.12,51.76,51.83,0.0,0.0
2945,62525,71.8,53.27358646433348,0.1106276390333034,8,5,6,50,81.63,77.85,70.51,71.32,60.78,68.69,0.0,0.0
2946,47966,54.58,54.12768897332296,0.1622503936116658,8,8,6,50,51.67,60.27,58.06,51.33,51.96,54.2,0.0,0.0
2947,53014,57.82,53.15534169946015,0.1759253821463269,4,2,6,50,58.85,55.05,62.14,61.32,60.83,48.74,0.0,0.0
2948,44239,55.4,53.67244090541476,0.1391116425339296,2,7,6,50,60.44,48.38,58.54,60.8,48.05,56.16,0.0,0.0
2949,150000,63.68,55.22421127965811,0.2214655572440201,12,3,6,50,64.02,58.62,60.6,67.6,69.73,61.53,0.0,0.0
2950,73534,46.8,55.01610711521544,0.2103946930591567,11,7,6,50,43.16,52.02,52.38,45.74,45.62,41.88,0.0,0.0
2951,72526,53.32,53.82045378657544,0.2309127784555165,7,3,6,50,53.82,49.75,56.13,58.86,57.69,43.67,0.0,0.0
2952,46053,58.96,54.01184357589796,0.1538595589383771,6,9,6,50,61.41,52.43,52.67,71.54,57.56,58.15,0.0,0.0
2953,45549,68.0,54.88029715699964,0.1361543872421751,4,7,6,50,56.3,69.21,72.56,75.48,65.16,69.27,0.0,0.0
2954,73028,63.09,53.292942912235695,0.305102690513153,8,4,6,50,69.52,64.03,62.09,69.29,53.24,60.37,0.0,0.0
2955,146044,55.07,52.034316822823925,0.1073504905792862,10,2,6,50,52.13,57.45,56.84,52.68,59.09,52.25,0.0,0.0
2956,49267,63.37,55.32854357837276,0.0462456964065175,7,6,6,50,70.83,67.69,62.56,57.26,61.27,60.63,0.0,0.0
2957,60517,57.71,54.532891280193546,0.292080938015743,4,1,6,50,62.86,57.26,58.93,51.28,64.01,51.9,0.0,0.0
2958,104038,61.68,51.67136643748229,0.1874982221434169,10,4,6,50,60.85,64.13,70.28,58.03,56.95,59.85,0.0,0.0
2959,87033,64.57,55.25797047246939,0.2279174632945256,9,4,6,50,66.35,66.18,60.97,59.43,75.06,59.43,0.0,0.0
2960,150000,58.83,52.971453673621504,0.2008367609010321,12,3,6,50,68.2,53.15,65.48,59.77,58.19,48.19,0.0,0.0
2961,122537,48.3,54.5218456256284,0.0821046581664681,8,1,6,50,46.38,45.76,46.75,56.62,45.26,49.06,0.0,0.0
2962,86531,72.46,55.09332247813531,0.1495286272865946,8,3,6,50,74.62,59.84,75.93,72.95,73.36,78.03,0.0,0.0
2963,72024,77.91,52.94808726885312,0.2418497740504547,6,2,6,50,83.86,78.09,73.63,64.32,83.4,84.14,0.0,0.0
2964,150000,65.95,52.42768095007845,0.2289307183207199,11,0,6,50,68.92,67.27,70.61,58.45,72.83,57.62,0.0,0.0
2965,61521,64.8,54.32416349559443,0.2427299366338249,6,3,6,50,64.08,75.3,69.94,58.77,62.95,57.75,0.0,0.0
2966,61019,57.41,52.32478513614471,0.1415591962454646,5,2,6,50,48.89,61.41,62.19,61.05,61.56,49.36,0.0,0.0
2967,124035,65.96,54.02239384665772,0.1150706842384096,7,0,6,50,61.82,69.2,67.87,70.07,61.7,65.09,0.0,0.0
2968,48511,45.1,55.35912620543281,0.1694230009253076,4,3,6,50,38.34,47.73,44.76,53.75,43.54,42.51,0.0,0.0
2969,49515,42.21,52.628780579715546,0.1829437240900735,6,5,6,50,42.96,38.7,47.86,43.76,40.06,39.91,0.0,0.0
2970,150000,45.52,52.38229163687797,0.128484988713489,12,3,6,50,50.05,50.43,41.92,42.63,47.54,40.55,0.0,0.0
2971,86531,47.43,53.66600913276445,0.1753573176355742,8,3,6,50,46.73,47.42,47.05,42.39,50.54,50.44,0.0,0.0
2972,47462,59.15,54.94307090746819,0.171368102874385,6,6,6,50,53.88,60.04,64.67,60.27,59.33,56.71,0.0,0.0
2973,46607,59.61,54.55044192540107,0.1169638152364901,5,6,6,50,66.09,63.57,53.91,51.74,63.62,58.73,0.0,0.0
2974,62525,62.65,52.39767630309728,0.1651150258093533,8,5,6,50,62.26,73.28,55.4,58.79,61.58,64.59,0.0,0.0
2975,46353,53.97,53.56943037824998,0.2517758383070492,3,4,6,50,55.82,46.9,53.29,59.26,59.36,49.21,0.0,0.0
2976,46960,67.13,54.024284224234286,0.150349919380572,8,10,6,50,66.81,62.14,72.25,61.37,66.79,73.44,0.0,0.0
2977,46859,60.41,55.37365760242624,0.2482303263853281,6,7,6,50,56.04,64.35,66.93,55.58,54.02,65.57,0.0,0.0
2978,150000,64.03,54.321161476428,0.1443576639731722,14,5,6,50,60.17,72.47,61.53,67.33,65.06,57.6,0.0,0.0
2979,62277,54.78,53.59505817068274,0.1271195954774047,9,6,6,50,60.14,49.93,53.41,51.82,58.01,55.4,0.0,0.0
2980,49515,66.58,53.977596212937065,0.1614214804216337,6,5,6,50,66.32,73.09,62.93,59.01,77.38,60.77,0.0,0.0
2981,46855,51.48,53.6703541517538,0.2282891416481288,4,5,6,50,46.65,49.73,46.92,55.18,47.99,62.4,0.0,0.0
2982,86029,50.3,55.40480051562079,0.1453828645491985,7,2,6,50,54.01,51.55,56.19,43.09,48.08,48.87,0.0,0.0
2983,104038,67.8,50.83273829731245,0.1495640655921551,10,4,6,50,73.75,61.88,70.14,65.13,72.68,63.2,0.0,0.0
2984,47462,57.58,52.66149016317279,0.1562649707707599,6,6,6,50,62.61,56.64,58.76,53.43,51.19,62.87,0.0,0.0
2985,49771,46.63,54.84862678221656,0.1210468193286797,9,8,6,50,45.57,51.42,45.93,44.83,49.66,42.36,0.0,0.0
2986,49515,55.74,54.27505486206997,0.1629302374607878,6,5,6,50,54.74,60.19,58.99,53.44,56.28,50.82,0.0,0.0
2987,46557,63.03,52.44452876098077,0.0850668234001383,8,11,6,50,64.98,60.8,67.52,55.16,57.74,71.98,0.0,0.0
2988,123541,73.57,55.46383738322298,0.1875347275893775,10,3,6,50,61.4,73.32,79.87,82.5,65.93,78.37,0.0,0.0
2989,47714,54.13,53.84107718520502,0.2439580316263288,7,7,6,50,63.01,57.41,51.91,45.44,51.17,55.86,0.0,0.0
2990,87287,59.2,54.6159151938094,0.1597134565836258,11,6,6,50,64.64,66.67,51.38,54.32,59.28,58.91,0.0,0.0
2991,46859,60.38,52.84944399101661,0.1463258150801643,6,7,6,50,56.26,60.56,63.34,53.2,65.0,63.91,0.0,0.0
2992,61521,49.62,53.00560292938332,0.112654398964754,6,3,6,50,46.82,46.28,49.46,52.64,48.52,53.98,0.0,0.0
2993,147040,55.66,54.678307312054535,0.1101574006164904,8,0,6,50,55.64,60.74,54.35,60.28,54.41,48.54,0.0,0.0
2994,73530,66.41,54.07945197534937,0.1935218672981782,9,5,6,50,67.87,67.7,66.46,62.6,69.23,64.6,0.0,0.0
2995,150000,65.37,55.67252648695936,0.1663127820521739,13,0,6,50,58.95,71.75,66.17,67.3,56.81,71.26,0.0,0.0
2996,46456,58.94,54.55437857111399,0.0721219555153296,6,8,6,50,58.28,56.13,63.28,59.89,60.95,55.09,0.0,0.0
2997,54018,44.2,55.68474556483324,0.2024778743161303,6,4,6,50,47.34,38.04,42.34,52.46,45.53,39.47,0.0,0.0
2998,150000,44.02,51.34841190304192,0.0670456108153795,10,1,6,50,45.4,45.06,44.59,42.24,44.04,42.81,0.0,0.0
2999,47966,64.15,54.9979560757569,0.136300709372706,8,8,6,50,64.54,59.55,69.65,54.3,69.38,67.46,0.0,0.0
3000,54520,50.96,54.07543973975116,0.1315657604896895,7,5,6,50,57.5,48.78,50.96,51.67,50.49,46.35,0.0,0.0
