Generación,Fitness Global,CPU (%),Memoria (%),Tiempo (s),Goles Favor,Goles Contra,CPUs (configurados),Population Size,Core0 (%),Core1 (%),Core2 (%),Core3 (%),Core4 (%),Core5 (%),Core6 (%),Core7 (%)
1,33875,67.14,50.64134233978909,1.582102272733385,0,25,2,100,70.17,64.11,0.0,0.0,0.0,0.0,0.0,0.0
2,33875,71.32,50.24589414951458,1.5805210068814812,0,25,2,100,76.11,66.54,0.0,0.0,0.0,0.0,0.0,0.0
3,33875,60.82,55.32489012659068,1.5241141486433585,0,25,2,100,62.95,58.69,0.0,0.0,0.0,0.0,0.0,0.0
4,33875,67.75,55.5419137067104,1.489778888935429,0,25,2,100,68.68,66.82,0.0,0.0,0.0,0.0,0.0,0.0
5,33875,89.18,57.15286404641338,1.5517763303143344,0,25,2,100,78.36,100.0,0.0,0.0,0.0,0.0,0.0,0.0
6,33875,56.22,55.09848312287523,1.5457945348440696,0,25,2,100,54.49,57.95,0.0,0.0,0.0,0.0,0.0,0.0
7,33875,34.4,56.02633556263898,1.5892293345802229,0,25,2,100,33.01,35.8,0.0,0.0,0.0,0.0,0.0,0.0
8,33875,61.24,54.56073072109962,1.5845638423389246,0,25,2,100,54.59,67.89,0.0,0.0,0.0,0.0,0.0,0.0
9,33875,68.49,50.0013678571617,1.5800310635948904,0,25,2,100,68.78,68.2,0.0,0.0,0.0,0.0,0.0,0.0
10,33875,53.28,55.41815721306532,1.5491113745837566,0,25,2,100,51.32,55.24,0.0,0.0,0.0,0.0,0.0,0.0
11,33875,69.31,55.0833041835714,1.57212529635164,0,25,2,100,64.58,74.03,0.0,0.0,0.0,0.0,0.0,0.0
12,33875,61.7,46.973485953960775,1.629111620743598,0,25,2,100,63.64,59.77,0.0,0.0,0.0,0.0,0.0,0.0
13,33875,56.0,51.49987213088249,1.6296406211004169,0,25,2,100,47.72,64.28,0.0,0.0,0.0,0.0,0.0,0.0
14,33875,77.1,51.07038515342089,1.6256107271038691,0,25,2,100,73.13,81.08,0.0,0.0,0.0,0.0,0.0,0.0
15,33875,33.42,53.764979659059954,1.672308514473618,0,25,2,100,34.47,32.38,0.0,0.0,0.0,0.0,0.0,0.0
16,33875,52.28,51.74534427119358,1.5101147574641487,0,25,2,100,50.88,53.67,0.0,0.0,0.0,0.0,0.0,0.0
17,34681,62.01,52.4883862554743,1.519653671435215,0,23,2,100,57.2,66.82,0.0,0.0,0.0,0.0,0.0,0.0
18,33875,89.2,55.54766188354242,1.6256004209675543,0,25,2,100,88.7,89.69,0.0,0.0,0.0,0.0,0.0,0.0
19,33875,58.08,55.82360520406646,1.553729931793022,0,25,2,100,50.57,65.58,0.0,0.0,0.0,0.0,0.0,0.0
20,33875,22.87,50.69145634061815,1.544730046491503,0,25,2,100,25.38,20.36,0.0,0.0,0.0,0.0,0.0,0.0
21,34278,41.82,50.25603809327402,1.5257058996276782,0,24,2,100,39.62,44.02,0.0,0.0,0.0,0.0,0.0,0.0
22,33875,51.8,58.17109333995958,1.564142312004603,0,25,2,100,49.6,54.01,0.0,0.0,0.0,0.0,0.0,0.0
23,33875,46.04,53.60377103459789,1.6443192916001883,0,25,2,100,44.11,47.98,0.0,0.0,0.0,0.0,0.0,0.0
24,33875,38.51,54.73842842328536,1.4815967498956293,0,25,2,100,38.07,38.95,0.0,0.0,0.0,0.0,0.0,0.0
25,33875,70.9,47.98756179385269,1.5955756251760465,0,25,2,100,75.54,66.25,0.0,0.0,0.0,0.0,0.0,0.0
26,33875,56.54,52.70181054244573,1.5310254846437987,0,25,2,100,55.78,57.29,0.0,0.0,0.0,0.0,0.0,0.0
27,33875,59.89,52.6946696566219,1.5975342450847363,0,25,2,100,61.92,57.86,0.0,0.0,0.0,0.0,0.0,0.0
28,33875,50.12,53.59830245344855,1.7201642778994168,0,25,2,100,49.0,51.24,0.0,0.0,0.0,0.0,0.0,0.0
29,33875,95.79,48.82499355694392,1.499821510357395,0,25,2,100,100.0,91.58,0.0,0.0,0.0,0.0,0.0,0.0
30,33875,54.56,56.05284291248706,1.539067833436151,0,25,2,100,59.83,49.28,0.0,0.0,0.0,0.0,0.0,0.0
31,34278,63.96,49.38696417793396,1.548006367686031,0,24,2,100,68.99,58.92,0.0,0.0,0.0,0.0,0.0,0.0
32,33875,25.56,56.18383100799348,1.6284054018628102,0,25,2,100,28.25,22.86,0.0,0.0,0.0,0.0,0.0,0.0
33,33875,43.98,55.86928114120104,1.604565166367674,0,25,2,100,44.79,43.18,0.0,0.0,0.0,0.0,0.0,0.0
34,33875,75.12,50.5536436945853,1.459057972672398,0,25,2,100,68.75,81.5,0.0,0.0,0.0,0.0,0.0,0.0
35,33875,61.35,53.939851791141095,1.639981922559968,0,25,2,100,58.66,64.04,0.0,0.0,0.0,0.0,0.0,0.0
36,33875,68.2,54.48452542080766,1.608274823653835,0,25,2,100,67.21,69.2,0.0,0.0,0.0,0.0,0.0,0.0
37,33875,54.53,56.88568113442571,1.58332689422724,0,25,2,100,61.57,47.49,0.0,0.0,0.0,0.0,0.0,0.0
38,33875,25.51,50.112894889621465,1.5877660662591913,0,25,2,100,27.28,23.73,0.0,0.0,0.0,0.0,0.0,0.0
39,33875,26.36,57.294892290496506,1.543102490172181,0,25,2,100,30.23,22.5,0.0,0.0,0.0,0.0,0.0,0.0
40,33875,66.91,48.76800513491736,1.5394063155660158,0,25,2,100,66.24,67.58,0.0,0.0,0.0,0.0,0.0,0.0
41,33875,66.97,55.37681551515869,1.5610546436124584,0,25,2,100,69.46,64.49,0.0,0.0,0.0,0.0,0.0,0.0
42,33875,31.2,53.24584827975841,1.5878660373061817,0,25,2,100,30.38,32.01,0.0,0.0,0.0,0.0,0.0,0.0
43,33875,94.1,47.93637719935448,1.5044740037136144,0,25,2,100,92.2,95.99,0.0,0.0,0.0,0.0,0.0,0.0
44,33875,69.15,55.78850612076307,1.5975537155719648,0,25,2,100,71.54,66.75,0.0,0.0,0.0,0.0,0.0,0.0
45,33875,39.56,59.47333493632511,1.4581114559156163,0,25,2,100,39.08,40.05,0.0,0.0,0.0,0.0,0.0,0.0
46,33875,54.74,52.12292495307075,1.6004711454482698,0,25,2,100,56.03,53.44,0.0,0.0,0.0,0.0,0.0,0.0
47,33875,100.0,51.11553669631333,1.6169861737404494,0,25,2,100,100.0,100.0,0.0,0.0,0.0,0.0,0.0,0.0
48,33875,50.18,52.99791571235802,1.5272567555169052,0,25,2,100,48.57,51.79,0.0,0.0,0.0,0.0,0.0,0.0
49,33875,57.13,54.34975034835002,1.524229702470938,0,25,2,100,55.76,58.5,0.0,0.0,0.0,0.0,0.0,0.0
50,33875,56.17,55.82989069253906,1.621771591211993,0,25,2,100,56.38,55.96,0.0,0.0,0.0,0.0,0.0,0.0
51,33875,67.08,50.94772957823699,1.6057288749059466,0,25,2,100,70.36,63.8,0.0,0.0,0.0,0.0,0.0,0.0
52,34278,58.94,58.83304424177869,1.5802608443856754,0,24,2,100,57.39,60.49,0.0,0.0,0.0,0.0,0.0,0.0
53,33875,58.76,49.3625601336699,1.5167436857683028,0,25,2,100,57.78,59.75,0.0,0.0,0.0,0.0,0.0,0.0
54,33875,30.4,51.02960387880078,1.6425561048487651,0,25,2,100,34.73,26.07,0.0,0.0,0.0,0.0,0.0,0.0
55,34681,49.96,55.19199960419764,1.5914880277657537,0,23,2,100,45.77,54.16,0.0,0.0,0.0,0.0,0.0,0.0
56,33875,73.66,53.35173088983821,1.5806134655903137,0,25,2,100,74.71,72.61,0.0,0.0,0.0,0.0,0.0,0.0
57,33875,65.24,50.648362165211175,1.6406951926433495,0,25,2,100,66.36,64.11,0.0,0.0,0.0,0.0,0.0,0.0
58,33875,46.42,52.69615756423795,1.573597189251575,0,25,2,100,47.37,45.46,0.0,0.0,0.0,0.0,0.0,0.0
59,33875,79.16,51.57840586429929,1.617011089803711,0,25,2,100,71.24,87.09,0.0,0.0,0.0,0.0,0.0,0.0
60,33875,80.46,49.48656366286493,1.5559145843606652,0,25,2,100,71.09,89.82,0.0,0.0,0.0,0.0,0.0,0.0
61,34278,98.74,56.08529978158766,1.5061556646195702,0,24,2,100,100.0,97.47,0.0,0.0,0.0,0.0,0.0,0.0
62,35487,67.37,50.659630107085775,1.6039601664382483,0,21,2,100,64.21,70.53,0.0,0.0,0.0,0.0,0.0,0.0
63,33875,72.81,53.79762792784135,1.5472959424226451,0,25,2,100,73.39,72.23,0.0,0.0,0.0,0.0,0.0,0.0
64,33875,48.04,52.11348522784247,1.5003850919160098,0,25,2,100,49.15,46.92,0.0,0.0,0.0,0.0,0.0,0.0
65,35084,80.98,49.331455451871705,1.6387880669285524,0,22,2,100,76.41,85.56,0.0,0.0,0.0,0.0,0.0,0.0
66,33875,62.85,47.76528295143892,1.4564638317812966,0,25,2,100,67.56,58.14,0.0,0.0,0.0,0.0,0.0,0.0
67,33875,39.68,53.78114873891238,1.5837514138075384,0,25,2,100,34.98,44.39,0.0,0.0,0.0,0.0,0.0,0.0
68,33875,52.99,50.14183161077312,1.5758994403122548,0,25,2,100,58.44,47.54,0.0,0.0,0.0,0.0,0.0,0.0
69,34278,48.07,53.52746856411692,1.6372313664621418,0,24,2,100,46.24,49.9,0.0,0.0,0.0,0.0,0.0,0.0
70,33875,93.3,58.10539433176103,1.5173640273628874,0,25,2,100,86.59,100.0,0.0,0.0,0.0,0.0,0.0,0.0
71,33875,53.4,56.86526589219794,1.574431950131597,0,25,2,100,52.27,54.54,0.0,0.0,0.0,0.0,0.0,0.0
72,33875,56.91,48.77488474772191,1.636207739406652,0,25,2,100,56.19,57.63,0.0,0.0,0.0,0.0,0.0,0.0
73,35890,92.14,56.75073383899909,1.58798556162997,0,20,2,100,94.61,89.66,0.0,0.0,0.0,0.0,0.0,0.0
74,33875,66.83,56.62230828007457,1.6300031125583647,0,25,2,100,63.48,70.19,0.0,0.0,0.0,0.0,0.0,0.0
75,33875,73.38,52.376375645207936,1.5228939969777904,0,25,2,100,74.72,72.03,0.0,0.0,0.0,0.0,0.0,0.0
76,33875,89.14,49.11247900067489,1.3799260448815776,0,25,2,100,88.07,90.22,0.0,0.0,0.0,0.0,0.0,0.0
77,33875,36.84,48.22942300873349,1.479085767271172,0,25,2,100,36.7,36.98,0.0,0.0,0.0,0.0,0.0,0.0
78,33875,64.73,53.57283600137978,1.5490498498290617,0,25,2,100,68.77,60.69,0.0,0.0,0.0,0.0,0.0,0.0
79,34278,66.42,54.47534164076946,1.6010327861778153,0,24,2,100,65.6,67.24,0.0,0.0,0.0,0.0,0.0,0.0
80,33875,72.41,54.632287166379385,1.497587621712405,0,25,2,100,74.62,70.2,0.0,0.0,0.0,0.0,0.0,0.0
81,33875,94.18,55.57033966832667,1.5766948554787037,0,25,2,100,95.58,92.78,0.0,0.0,0.0,0.0,0.0,0.0
82,33875,43.33,52.95284109797947,1.536687035241587,0,25,2,100,42.38,44.28,0.0,0.0,0.0,0.0,0.0,0.0
83,33875,94.39,56.62925366302462,1.565461618541132,0,25,2,100,96.47,92.31,0.0,0.0,0.0,0.0,0.0,0.0
84,33875,70.22,55.1043292567363,1.558514485977471,0,25,2,100,74.54,65.89,0.0,0.0,0.0,0.0,0.0,0.0
85,33875,65.5,56.2368670196283,1.5838731249573277,0,25,2,100,72.6,58.41,0.0,0.0,0.0,0.0,0.0,0.0
86,33875,39.47,57.74583997583244,1.4994802308056012,0,25,2,100,44.22,34.71,0.0,0.0,0.0,0.0,0.0,0.0
87,33875,76.29,57.68533413557106,1.5103623714708665,0,25,2,100,80.05,72.53,0.0,0.0,0.0,0.0,0.0,0.0
88,33875,40.66,57.40094275382299,1.5729312015954422,0,25,2,100,35.85,45.46,0.0,0.0,0.0,0.0,0.0,0.0
89,33875,72.46,55.00264363612962,1.5442136051111006,0,25,2,100,75.46,69.45,0.0,0.0,0.0,0.0,0.0,0.0
90,33875,30.69,50.40265315394892,1.5090745655230935,0,25,2,100,30.15,31.23,0.0,0.0,0.0,0.0,0.0,0.0
91,34681,41.96,56.42740838374311,1.5539228910264544,0,23,2,100,37.53,46.4,0.0,0.0,0.0,0.0,0.0,0.0
92,33875,92.5,55.255019478050485,1.5799566412688355,0,25,2,100,85.01,100.0,0.0,0.0,0.0,0.0,0.0,0.0
93,33875,58.24,53.35780298994028,1.631286204124644,0,25,2,100,56.45,60.03,0.0,0.0,0.0,0.0,0.0,0.0
94,33875,41.84,55.464824951885554,1.6374661993129775,0,25,2,100,37.2,46.49,0.0,0.0,0.0,0.0,0.0,0.0
95,33875,85.42,50.984940700098186,1.5652014569061676,0,25,2,100,83.47,87.38,0.0,0.0,0.0,0.0,0.0,0.0
96,33875,55.46,56.89287999798904,1.5438398238438076,0,25,2,100,50.19,60.74,0.0,0.0,0.0,0.0,0.0,0.0
97,33875,65.19,55.285314500824825,1.5361651386595552,0,25,2,100,67.63,62.76,0.0,0.0,0.0,0.0,0.0,0.0
98,33875,30.06,49.49927903898968,1.5765246044263252,0,25,2,100,29.95,30.17,0.0,0.0,0.0,0.0,0.0,0.0
99,34278,69.18,48.5783142664496,1.5946388058457646,0,24,2,100,77.96,60.39,0.0,0.0,0.0,0.0,0.0,0.0
100,33875,75.47,53.00646261585256,1.5485121177393708,0,25,2,100,72.82,78.13,0.0,0.0,0.0,0.0,0.0,0.0
101,34681,80.65,50.918870275713545,1.585186277564019,0,23,2,100,73.17,88.12,0.0,0.0,0.0,0.0,0.0,0.0
102,33875,65.66,52.16709494916084,1.4989218317690116,0,25,2,100,62.45,68.87,0.0,0.0,0.0,0.0,0.0,0.0
103,33875,40.96,53.41885141965755,1.488391023463118,0,25,2,100,35.19,46.73,0.0,0.0,0.0,0.0,0.0,0.0
104,33875,81.7,54.01978998856488,1.5791385775096258,0,25,2,100,83.38,80.03,0.0,0.0,0.0,0.0,0.0,0.0
105,33875,62.03,49.74108119838716,1.5592582950597391,0,25,2,100,63.8,60.26,0.0,0.0,0.0,0.0,0.0,0.0
106,35084,67.83,54.503449375221706,1.5246310160825534,0,22,2,100,61.16,74.5,0.0,0.0,0.0,0.0,0.0,0.0
107,33875,54.72,51.20546231054008,1.4106247170539543,0,25,2,100,48.74,60.69,0.0,0.0,0.0,0.0,0.0,0.0
108,33875,38.22,60.848625379939286,1.4604667324899243,0,25,2,100,37.66,38.78,0.0,0.0,0.0,0.0,0.0,0.0
109,33875,26.45,54.38870112305072,1.613628419559327,0,25,2,100,24.82,28.08,0.0,0.0,0.0,0.0,0.0,0.0
110,33875,53.83,51.00875944428932,1.5560743769453478,0,25,2,100,54.27,53.39,0.0,0.0,0.0,0.0,0.0,0.0
111,34681,95.33,56.80729047798453,1.5106123113094447,0,23,2,100,90.66,100.0,0.0,0.0,0.0,0.0,0.0,0.0
112,33875,56.28,48.71918906934208,1.661109678673637,0,25,2,100,53.63,58.92,0.0,0.0,0.0,0.0,0.0,0.0
113,34278,91.84,49.39775635674681,1.6977536060702028,0,24,2,100,100.0,83.69,0.0,0.0,0.0,0.0,0.0,0.0
114,34278,96.2,54.75231741095749,1.5712654775964758,0,24,2,100,92.39,100.0,0.0,0.0,0.0,0.0,0.0,0.0
115,34278,85.69,52.07978447003245,1.5834191356643357,0,24,2,100,79.74,91.64,0.0,0.0,0.0,0.0,0.0,0.0
116,33875,57.72,56.27633864065273,1.51007715796666,0,25,2,100,64.55,50.9,0.0,0.0,0.0,0.0,0.0,0.0
117,35487,30.7,54.56047021823304,1.4905066150958202,0,21,2,100,30.25,31.16,0.0,0.0,0.0,0.0,0.0,0.0
118,33875,34.08,57.15709109177261,1.5734009756543477,0,25,2,100,39.49,28.66,0.0,0.0,0.0,0.0,0.0,0.0
119,33875,65.82,52.27824489647984,1.5442557674207036,0,25,2,100,69.48,62.17,0.0,0.0,0.0,0.0,0.0,0.0
120,33875,51.51,48.456077028695056,1.5659484214436992,0,25,2,100,47.28,55.74,0.0,0.0,0.0,0.0,0.0,0.0
121,33875,52.64,53.89595538826448,1.5268423346861255,0,25,2,100,52.73,52.55,0.0,0.0,0.0,0.0,0.0,0.0
122,33875,84.28,52.5070103733505,1.5636453300875748,0,25,2,100,93.73,74.83,0.0,0.0,0.0,0.0,0.0,0.0
123,33875,95.64,56.20373171757901,1.6225879696988252,0,25,2,100,100.0,91.27,0.0,0.0,0.0,0.0,0.0,0.0
124,33875,66.06,53.47992311436177,1.6000960196722749,0,25,2,100,60.29,71.83,0.0,0.0,0.0,0.0,0.0,0.0
125,33875,35.36,47.36273978783528,1.5399874395087398,0,25,2,100,33.46,37.26,0.0,0.0,0.0,0.0,0.0,0.0
126,35890,76.02,53.597577481937535,1.6032841489073313,0,20,2,100,74.5,77.54,0.0,0.0,0.0,0.0,0.0,0.0
127,34681,30.88,60.28871156967703,1.528338523953626,0,23,2,100,30.43,31.34,0.0,0.0,0.0,0.0,0.0,0.0
128,33875,47.91,49.131329095046944,1.475372382003196,0,25,2,100,45.84,49.98,0.0,0.0,0.0,0.0,0.0,0.0
129,33875,80.66,57.33329896322803,1.5708658812712517,0,25,2,100,80.73,80.6,0.0,0.0,0.0,0.0,0.0,0.0
130,33875,34.12,57.10494120910782,1.510692187952707,0,25,2,100,35.78,32.46,0.0,0.0,0.0,0.0,0.0,0.0
131,33875,27.26,53.25695045355874,1.5574948728539255,0,25,2,100,31.44,23.09,0.0,0.0,0.0,0.0,0.0,0.0
132,33875,31.85,53.7581917995322,1.5282329527990344,0,25,2,100,33.91,29.79,0.0,0.0,0.0,0.0,0.0,0.0
133,33875,47.55,55.87374855274355,1.5309978645715474,0,25,2,100,44.34,50.76,0.0,0.0,0.0,0.0,0.0,0.0
134,35487,69.28,45.98878340163273,1.5479316048934282,0,21,2,100,70.51,68.05,0.0,0.0,0.0,0.0,0.0,0.0
135,33875,63.64,52.688571960958924,1.5367614296548455,0,25,2,100,60.04,67.23,0.0,0.0,0.0,0.0,0.0,0.0
136,33875,73.32,55.02682352171367,1.6032563235451307,0,25,2,100,70.73,75.9,0.0,0.0,0.0,0.0,0.0,0.0
137,35084,69.68,55.32980056842837,1.516885184127626,0,22,2,100,68.93,70.44,0.0,0.0,0.0,0.0,0.0,0.0
138,33875,26.22,52.94408753604026,1.5486490811386049,0,25,2,100,23.98,28.46,0.0,0.0,0.0,0.0,0.0,0.0
139,33875,40.49,51.17473716468746,1.4964831325135,0,25,2,100,45.33,35.66,0.0,0.0,0.0,0.0,0.0,0.0
140,33875,63.22,55.129575574456624,1.573245856633982,0,25,2,100,60.76,65.67,0.0,0.0,0.0,0.0,0.0,0.0
141,33875,68.59,59.38018568959086,1.5402370741065916,0,25,2,100,70.1,67.08,0.0,0.0,0.0,0.0,0.0,0.0
142,33875,89.73,49.543128089694925,1.5948105150389735,0,25,2,100,94.9,84.56,0.0,0.0,0.0,0.0,0.0,0.0
143,33875,44.78,51.60372795655024,1.5846410736766583,0,25,2,100,45.24,44.33,0.0,0.0,0.0,0.0,0.0,0.0
144,34681,53.33,51.83510283087028,1.6908831544126224,0,23,2,100,48.59,58.07,0.0,0.0,0.0,0.0,0.0,0.0
145,33875,94.94,56.899752805733854,1.5777814716790433,0,25,2,100,91.11,98.77,0.0,0.0,0.0,0.0,0.0,0.0
146,33875,27.72,54.90017875935224,1.567164695845974,0,25,2,100,24.19,31.25,0.0,0.0,0.0,0.0,0.0,0.0
147,33875,86.56,56.319585882130966,1.5246028706106187,0,25,2,100,79.43,93.69,0.0,0.0,0.0,0.0,0.0,0.0
148,33875,30.12,52.61473037396781,1.5813306361969977,0,25,2,100,27.01,33.22,0.0,0.0,0.0,0.0,0.0,0.0
149,33875,52.77,51.800848051367936,1.6162017092513914,0,25,2,100,56.47,49.07,0.0,0.0,0.0,0.0,0.0,0.0
150,35084,61.16,53.42951176490868,1.567490967731453,0,22,2,100,56.52,65.8,0.0,0.0,0.0,0.0,0.0,0.0
151,33875,41.04,54.180493047243424,1.5077776743268487,0,25,2,100,47.9,34.19,0.0,0.0,0.0,0.0,0.0,0.0
152,33875,61.12,53.76396296579571,1.5335644228985117,0,25,2,100,60.6,61.64,0.0,0.0,0.0,0.0,0.0,0.0
153,33875,94.75,52.018483409326585,1.5221661338824903,0,25,2,100,91.02,98.48,0.0,0.0,0.0,0.0,0.0,0.0
154,33875,40.68,57.16563459443695,1.558019957743068,0,25,2,100,39.91,41.46,0.0,0.0,0.0,0.0,0.0,0.0
155,33875,68.13,51.43006032165396,1.6441437803031682,0,25,2,100,68.52,67.74,0.0,0.0,0.0,0.0,0.0,0.0
156,33875,50.38,52.459405423221305,1.5367313229160764,0,25,2,100,49.37,51.4,0.0,0.0,0.0,0.0,0.0,0.0
157,33875,70.82,58.45827130057567,1.5724517500985529,0,25,2,100,74.2,67.43,0.0,0.0,0.0,0.0,0.0,0.0
158,33875,88.5,53.771491115500936,1.5032078751565587,0,25,2,100,90.2,86.79,0.0,0.0,0.0,0.0,0.0,0.0
159,35084,48.78,53.19809413059731,1.486019125699143,0,22,2,100,44.69,52.88,0.0,0.0,0.0,0.0,0.0,0.0
160,33875,49.59,54.25070463072102,1.5236394651555152,0,25,2,100,46.46,52.72,0.0,0.0,0.0,0.0,0.0,0.0
161,34278,53.11,59.96017418331581,1.5993719560844812,0,24,2,100,52.11,54.11,0.0,0.0,0.0,0.0,0.0,0.0
162,33875,26.83,56.15377169903846,1.5117327350416652,0,25,2,100,27.13,26.53,0.0,0.0,0.0,0.0,0.0,0.0
163,34278,63.69,56.01059489325536,1.5025800667942315,0,24,2,100,65.7,61.68,0.0,0.0,0.0,0.0,0.0,0.0
164,33875,36.28,51.61801368692393,1.5042899350066192,0,25,2,100,40.49,32.08,0.0,0.0,0.0,0.0,0.0,0.0
165,33875,45.14,61.35831908729597,1.5799836413547723,0,25,2,100,45.61,44.66,0.0,0.0,0.0,0.0,0.0,0.0
166,33875,85.64,47.52309490925236,1.5636832874664948,0,25,2,100,87.08,84.19,0.0,0.0,0.0,0.0,0.0,0.0
167,33875,38.58,49.86178638044402,1.4964051752620708,0,25,2,100,34.04,43.12,0.0,0.0,0.0,0.0,0.0,0.0
168,34278,72.92,48.16066879958818,1.496833150222378,0,24,2,100,67.44,78.41,0.0,0.0,0.0,0.0,0.0,0.0
169,33875,60.32,54.08352089260181,1.4904087146455345,0,25,2,100,53.72,66.91,0.0,0.0,0.0,0.0,0.0,0.0
170,33875,76.53,57.90599419351348,1.5278057212391132,0,25,2,100,74.08,78.98,0.0,0.0,0.0,0.0,0.0,0.0
171,33875,76.58,55.97758374334204,1.5237039009018976,0,25,2,100,77.12,76.03,0.0,0.0,0.0,0.0,0.0,0.0
172,33875,80.47,55.50037914811663,1.5864419558374447,0,25,2,100,80.07,80.88,0.0,0.0,0.0,0.0,0.0,0.0
173,33875,90.11,55.538577466443634,1.5446170728088355,0,25,2,100,83.25,96.97,0.0,0.0,0.0,0.0,0.0,0.0
174,33875,62.92,48.94500702138457,1.609617278662528,0,25,2,100,58.23,67.62,0.0,0.0,0.0,0.0,0.0,0.0
175,33875,59.9,51.10250117344373,1.5902827979973435,0,25,2,100,62.54,57.26,0.0,0.0,0.0,0.0,0.0,0.0
176,33875,40.03,54.404038748063726,1.5482270718627875,0,25,2,100,44.24,35.82,0.0,0.0,0.0,0.0,0.0,0.0
177,35890,70.42,51.27345629797385,1.5069368192498944,0,20,2,100,61.26,79.58,0.0,0.0,0.0,0.0,0.0,0.0
178,33875,24.59,52.363998228579774,1.5468529681227616,0,25,2,100,22.83,26.35,0.0,0.0,0.0,0.0,0.0,0.0
179,33875,91.74,54.308807236353104,1.560801488283746,0,25,2,100,97.49,85.99,0.0,0.0,0.0,0.0,0.0,0.0
180,33875,38.48,56.58686800482892,1.58929161985263,0,25,2,100,40.48,36.48,0.0,0.0,0.0,0.0,0.0,0.0
181,33875,41.54,54.10353521651007,1.6014903205491955,0,25,2,100,42.32,40.76,0.0,0.0,0.0,0.0,0.0,0.0
182,33875,70.09,54.57900747524989,1.5159526144674491,0,25,2,100,73.29,66.89,0.0,0.0,0.0,0.0,0.0,0.0
183,33875,64.26,50.05160020339636,1.592715333023162,0,25,2,100,58.07,70.46,0.0,0.0,0.0,0.0,0.0,0.0
184,34278,55.22,55.14369597138836,1.5982153202102056,0,24,2,100,51.81,58.63,0.0,0.0,0.0,0.0,0.0,0.0
185,33875,26.95,49.49984727906791,1.5849911541316872,0,25,2,100,25.73,28.17,0.0,0.0,0.0,0.0,0.0,0.0
186,33875,33.39,52.87144187046755,1.5545834885626146,0,25,2,100,33.8,32.99,0.0,0.0,0.0,0.0,0.0,0.0
187,33875,83.38,52.77247164755751,1.6042112271868734,0,25,2,100,87.07,79.7,0.0,0.0,0.0,0.0,0.0,0.0
188,33875,49.26,58.77383966537058,1.593389366562138,0,25,2,100,51.57,46.96,0.0,0.0,0.0,0.0,0.0,0.0
189,34681,96.16,48.313381758756414,1.60643802072673,0,23,2,100,98.57,93.74,0.0,0.0,0.0,0.0,0.0,0.0
190,33875,100.0,51.5461056694969,1.5300008037721184,0,25,2,100,100.0,100.0,0.0,0.0,0.0,0.0,0.0,0.0
191,34278,78.38,51.04701971930854,1.5078458520297189,0,24,2,100,79.94,76.82,0.0,0.0,0.0,0.0,0.0,0.0
192,33875,45.26,52.96373683301335,1.5302563701628502,0,25,2,100,51.79,38.72,0.0,0.0,0.0,0.0,0.0,0.0
193,33875,27.48,58.71623187043515,1.6131861454203915,0,25,2,100,27.15,27.81,0.0,0.0,0.0,0.0,0.0,0.0
194,33875,63.02,56.58737911817936,1.5922816007164828,0,25,2,100,54.25,71.78,0.0,0.0,0.0,0.0,0.0,0.0
195,33875,46.9,49.614809797625696,1.5647308308459908,0,25,2,100,43.9,49.89,0.0,0.0,0.0,0.0,0.0,0.0
196,33875,25.58,56.79053649510632,1.5285561665991314,0,25,2,100,25.29,25.86,0.0,0.0,0.0,0.0,0.0,0.0
197,33875,74.19,57.17013412124637,1.4417754580440112,0,25,2,100,70.03,78.35,0.0,0.0,0.0,0.0,0.0,0.0
198,33875,56.26,51.81947784142106,1.5332203047906696,0,25,2,100,58.67,53.85,0.0,0.0,0.0,0.0,0.0,0.0
199,33875,76.51,54.42121880206688,1.5712601700389668,0,25,2,100,70.87,82.15,0.0,0.0,0.0,0.0,0.0,0.0
200,33875,43.84,59.78192620393274,1.5643265345897752,0,25,2,100,49.21,38.47,0.0,0.0,0.0,0.0,0.0,0.0
201,33875,85.18,54.63565376803444,1.4706246719737546,0,25,2,100,82.41,87.96,0.0,0.0,0.0,0.0,0.0,0.0
202,33875,53.66,52.18927031683052,1.5363227852863426,0,25,2,100,61.12,46.21,0.0,0.0,0.0,0.0,0.0,0.0
203,33875,30.12,52.41970205873031,1.5656939035043476,0,25,2,100,28.2,32.05,0.0,0.0,0.0,0.0,0.0,0.0
204,33875,63.47,52.55568784392651,1.581787453717337,0,25,2,100,65.55,61.39,0.0,0.0,0.0,0.0,0.0,0.0
205,33875,68.18,58.15662103459247,1.5520168045152405,0,25,2,100,65.03,71.32,0.0,0.0,0.0,0.0,0.0,0.0
206,33875,84.48,56.7894936265316,1.554316687886293,0,25,2,100,78.72,90.24,0.0,0.0,0.0,0.0,0.0,0.0
207,33875,68.22,51.71597669705898,1.437309559998332,0,25,2,100,68.88,67.56,0.0,0.0,0.0,0.0,0.0,0.0
208,33875,99.89,46.05637023857477,1.5466543627462916,0,25,2,100,99.82,99.96,0.0,0.0,0.0,0.0,0.0,0.0
209,35084,27.32,55.32905308260343,1.5582882032294962,0,22,2,100,24.81,29.83,0.0,0.0,0.0,0.0,0.0,0.0
210,33875,50.48,51.251989933752334,1.6121182474598568,0,25,2,100,46.4,54.56,0.0,0.0,0.0,0.0,0.0,0.0
211,34278,80.57,52.25665769758657,1.588288271136315,0,24,2,100,83.03,78.11,0.0,0.0,0.0,0.0,0.0,0.0
212,33875,52.42,52.261362169278215,1.4948911700347338,0,25,2,100,51.68,53.16,0.0,0.0,0.0,0.0,0.0,0.0
213,33875,85.46,49.50626033083585,1.6017159357317372,0,25,2,100,84.16,86.75,0.0,0.0,0.0,0.0,0.0,0.0
214,33875,55.78,53.99741178526315,1.5964316645536114,0,25,2,100,52.26,59.31,0.0,0.0,0.0,0.0,0.0,0.0
215,35084,53.12,60.106966716141,1.5813410716267549,0,22,2,100,57.09,49.16,0.0,0.0,0.0,0.0,0.0,0.0
216,33875,52.06,50.45683417858624,1.51421394700291,0,25,2,100,51.07,53.05,0.0,0.0,0.0,0.0,0.0,0.0
217,33875,53.43,48.99766416552914,1.5902595773052912,0,25,2,100,59.3,47.56,0.0,0.0,0.0,0.0,0.0,0.0
218,33875,57.51,49.09289871054893,1.5636690156172626,0,25,2,100,56.63,58.39,0.0,0.0,0.0,0.0,0.0,0.0
219,33875,87.68,53.0704959567212,1.565954784330281,0,25,2,100,82.34,93.02,0.0,0.0,0.0,0.0,0.0,0.0
220,34278,36.2,55.79065222798357,1.5577088165039623,0,24,2,100,38.28,34.12,0.0,0.0,0.0,0.0,0.0,0.0
221,33875,67.83,51.87138596003202,1.485840135182039,0,25,2,100,71.72,63.94,0.0,0.0,0.0,0.0,0.0,0.0
222,33875,100.0,54.3607575057313,1.5662425206627066,0,25,2,100,100.0,100.0,0.0,0.0,0.0,0.0,0.0,0.0
223,33875,47.74,55.38330926103399,1.4992352965907636,0,25,2,100,48.18,47.3,0.0,0.0,0.0,0.0,0.0,0.0
224,34278,27.75,50.992775815547,1.496944826392858,0,24,2,100,27.98,27.52,0.0,0.0,0.0,0.0,0.0,0.0
225,34278,65.98,49.22468601654929,1.6265263304963589,0,24,2,100,63.37,68.6,0.0,0.0,0.0,0.0,0.0,0.0
226,34681,73.03,56.25770130457227,1.5380211410505948,0,23,2,100,83.95,62.11,0.0,0.0,0.0,0.0,0.0,0.0
227,33875,67.8,50.6740541986068,1.5727592447925611,0,25,2,100,74.37,61.23,0.0,0.0,0.0,0.0,0.0,0.0
228,33875,53.42,53.42700337758828,1.54012213647952,0,25,2,100,52.7,54.15,0.0,0.0,0.0,0.0,0.0,0.0
229,33875,61.19,52.46635983947927,1.4674305017793252,0,25,2,100,59.66,62.73,0.0,0.0,0.0,0.0,0.0,0.0
230,33875,49.9,52.19015885009166,1.542647796515399,0,25,2,100,49.37,50.44,0.0,0.0,0.0,0.0,0.0,0.0
231,33875,79.56,51.936103174027416,1.56718956592226,0,25,2,100,75.01,84.12,0.0,0.0,0.0,0.0,0.0,0.0
232,33875,24.57,50.04060048357621,1.4686249045095332,0,25,2,100,24.04,25.1,0.0,0.0,0.0,0.0,0.0,0.0
233,33875,67.0,50.71951297625444,1.5695647626086575,0,25,2,100,65.5,68.49,0.0,0.0,0.0,0.0,0.0,0.0
234,33875,60.32,49.05013221473021,1.4695883960405536,0,25,2,100,63.35,57.29,0.0,0.0,0.0,0.0,0.0,0.0
235,33875,28.61,47.73238412944167,1.481074538361971,0,25,2,100,30.06,27.16,0.0,0.0,0.0,0.0,0.0,0.0
236,33875,44.24,53.43149316899014,1.6384812902891863,0,25,2,100,45.32,43.15,0.0,0.0,0.0,0.0,0.0,0.0
237,35890,38.04,58.72903953388111,1.5254680325285557,0,20,2,100,37.54,38.54,0.0,0.0,0.0,0.0,0.0,0.0
238,33875,33.63,55.07593284674077,1.6135737823960516,0,25,2,100,35.17,32.09,0.0,0.0,0.0,0.0,0.0,0.0
239,33875,68.98,47.30492827070751,1.5432858507860607,0,25,2,100,61.24,76.73,0.0,0.0,0.0,0.0,0.0,0.0
240,34681,99.74,48.428726533497496,1.483834396785968,0,23,2,100,99.47,100.0,0.0,0.0,0.0,0.0,0.0,0.0
241,33875,77.08,53.47497183335004,1.5537967682822755,0,25,2,100,77.37,76.79,0.0,0.0,0.0,0.0,0.0,0.0
242,33875,46.48,51.30919158909658,1.531766230519265,0,25,2,100,48.16,44.81,0.0,0.0,0.0,0.0,0.0,0.0
243,35487,100.0,56.844002418333545,1.5793275845864378,0,21,2,100,100.0,100.0,0.0,0.0,0.0,0.0,0.0,0.0
244,33875,26.11,52.45574245738668,1.5417963586871286,0,25,2,100,25.39,26.83,0.0,0.0,0.0,0.0,0.0,0.0
245,34278,55.98,50.76305356819695,1.449394458525819,0,24,2,100,56.43,55.53,0.0,0.0,0.0,0.0,0.0,0.0
246,33875,45.34,50.41326965970121,1.4801729841062397,0,25,2,100,44.99,45.7,0.0,0.0,0.0,0.0,0.0,0.0
247,33875,83.78,51.36200473064216,1.5448137760458784,0,25,2,100,80.1,87.46,0.0,0.0,0.0,0.0,0.0,0.0
248,33875,44.4,54.38231144208352,1.5568148248141598,0,25,2,100,48.52,40.29,0.0,0.0,0.0,0.0,0.0,0.0
249,33875,61.7,58.60210887004921,1.4453497896440708,0,25,2,100,64.33,59.08,0.0,0.0,0.0,0.0,0.0,0.0
250,37099,92.24,51.14217564802079,1.5006255910423636,0,17,2,100,94.14,90.35,0.0,0.0,0.0,0.0,0.0,0.0
251,33875,94.53,55.33178413303538,1.4785295858561418,0,25,2,100,89.06,100.0,0.0,0.0,0.0,0.0,0.0,0.0
252,33875,70.35,50.7796632646786,1.46306797559446,0,25,2,100,72.58,68.13,0.0,0.0,0.0,0.0,0.0,0.0
253,34681,58.28,51.76864553660453,1.4223979407783482,0,23,2,100,51.49,65.08,0.0,0.0,0.0,0.0,0.0,0.0
254,33875,36.78,49.783982412117176,1.655587490453183,0,25,2,100,40.86,32.7,0.0,0.0,0.0,0.0,0.0,0.0
255,33875,70.0,53.63633031882866,1.5729367028153858,0,25,2,100,70.9,69.1,0.0,0.0,0.0,0.0,0.0,0.0
256,33875,49.7,54.25259804395956,1.497574375247489,0,25,2,100,53.66,45.74,0.0,0.0,0.0,0.0,0.0,0.0
257,33875,46.0,56.10920061932429,1.4691381335694242,0,25,2,100,44.08,47.92,0.0,0.0,0.0,0.0,0.0,0.0
258,34681,43.94,54.01002359545733,1.593478977255948,0,23,2,100,40.54,47.34,0.0,0.0,0.0,0.0,0.0,0.0
259,33875,51.9,54.36453236760331,1.5074957178064448,0,25,2,100,49.95,53.85,0.0,0.0,0.0,0.0,0.0,0.0
260,33875,27.18,57.86257357546838,1.5969576729078856,0,25,2,100,31.97,22.4,0.0,0.0,0.0,0.0,0.0,0.0
261,34278,84.58,53.38002935076878,1.5253988220117214,0,24,2,100,86.47,82.69,0.0,0.0,0.0,0.0,0.0,0.0
262,36696,75.76,56.159874451367344,1.5296260237549917,0,18,2,100,77.08,74.43,0.0,0.0,0.0,0.0,0.0,0.0
263,33875,86.58,57.09878197898493,1.5107570419499654,0,25,2,100,96.43,76.73,0.0,0.0,0.0,0.0,0.0,0.0
264,33875,49.33,54.31462410842592,1.583791769412592,0,25,2,100,42.64,56.02,0.0,0.0,0.0,0.0,0.0,0.0
265,33875,53.16,54.26535090973319,1.482875025330835,0,25,2,100,51.47,54.86,0.0,0.0,0.0,0.0,0.0,0.0
266,33875,76.96,53.036536314670045,1.5456694032401446,0,25,2,100,78.22,75.71,0.0,0.0,0.0,0.0,0.0,0.0
267,34681,74.9,54.432080092548766,1.4738018564344204,0,23,2,100,76.23,73.58,0.0,0.0,0.0,0.0,0.0,0.0
268,33875,73.97,55.803442824241294,1.6070287839212956,0,25,2,100,75.38,72.56,0.0,0.0,0.0,0.0,0.0,0.0
269,33875,72.82,55.77842847010629,1.5410154133856522,0,25,2,100,69.12,76.51,0.0,0.0,0.0,0.0,0.0,0.0
270,33875,59.35,54.19539351769192,1.4333737289744664,0,25,2,100,67.96,50.74,0.0,0.0,0.0,0.0,0.0,0.0
271,33875,72.11,54.02427342965457,1.5018156009897277,0,25,2,100,78.85,65.38,0.0,0.0,0.0,0.0,0.0,0.0
272,33875,22.02,57.82923655801993,1.4804360495244595,0,25,2,100,19.11,24.92,0.0,0.0,0.0,0.0,0.0,0.0
273,33875,83.22,54.82867032432437,1.5604553881830037,0,25,2,100,81.53,84.9,0.0,0.0,0.0,0.0,0.0,0.0
274,33875,74.52,53.5878207707234,1.5631397132860527,0,25,2,100,71.25,77.79,0.0,0.0,0.0,0.0,0.0,0.0
275,33875,59.94,56.76456516062326,1.4781367799754723,0,25,2,100,54.82,65.06,0.0,0.0,0.0,0.0,0.0,0.0
276,33875,66.59,54.462699340993545,1.4516982786249926,0,25,2,100,70.26,62.92,0.0,0.0,0.0,0.0,0.0,0.0
277,33875,79.48,55.59117923592267,1.504987623817102,0,25,2,100,73.13,85.83,0.0,0.0,0.0,0.0,0.0,0.0
278,33875,49.4,58.52518103229467,1.5588207775872802,0,25,2,100,55.2,43.59,0.0,0.0,0.0,0.0,0.0,0.0
279,33875,75.0,54.61407543593131,1.465298847412449,0,25,2,100,82.78,67.23,0.0,0.0,0.0,0.0,0.0,0.0
280,35084,49.83,48.69453014077647,1.60189459182271,0,22,2,100,53.77,45.89,0.0,0.0,0.0,0.0,0.0,0.0
281,33875,64.4,51.706759608763534,1.556476011558813,0,25,2,100,66.97,61.82,0.0,0.0,0.0,0.0,0.0,0.0
282,33875,76.16,51.46257899812128,1.5271682655434662,0,25,2,100,76.57,75.75,0.0,0.0,0.0,0.0,0.0,0.0
283,33875,53.18,57.130983419508965,1.4980814268258726,0,25,2,100,52.14,54.21,0.0,0.0,0.0,0.0,0.0,0.0
284,33875,66.34,55.00313437572638,1.4290041476072344,0,25,2,100,67.51,65.18,0.0,0.0,0.0,0.0,0.0,0.0
285,34681,81.58,50.735503783120606,1.5262250532544364,0,23,2,100,73.77,89.39,0.0,0.0,0.0,0.0,0.0,0.0
286,33875,88.87,57.46900304990643,1.5233770996702418,0,25,2,100,81.37,96.37,0.0,0.0,0.0,0.0,0.0,0.0
287,33875,58.78,43.79237345676962,1.4940852262078967,0,25,2,100,52.3,65.25,0.0,0.0,0.0,0.0,0.0,0.0
288,33875,99.84,54.74795075429631,1.5615249443618833,0,25,2,100,99.69,100.0,0.0,0.0,0.0,0.0,0.0,0.0
289,33875,38.81,53.834384460569446,1.528598092920742,0,25,2,100,41.54,36.08,0.0,0.0,0.0,0.0,0.0,0.0
290,34278,91.65,52.3113909336878,1.6013502976244,0,24,2,100,85.06,98.23,0.0,0.0,0.0,0.0,0.0,0.0
291,33875,90.32,56.82256046224631,1.518608769532178,0,25,2,100,93.56,87.08,0.0,0.0,0.0,0.0,0.0,0.0
292,34278,30.54,60.022624366095584,1.575464976873242,0,24,2,100,30.65,30.42,0.0,0.0,0.0,0.0,0.0,0.0
293,33875,76.58,54.17493838255584,1.5719638739447892,0,25,2,100,81.52,71.64,0.0,0.0,0.0,0.0,0.0,0.0
294,33875,29.6,46.85536585992092,1.567965437417635,0,25,2,100,34.24,24.96,0.0,0.0,0.0,0.0,0.0,0.0
295,33875,87.94,56.8749139440983,1.5235644862506252,0,25,2,100,83.91,91.96,0.0,0.0,0.0,0.0,0.0,0.0
296,33875,74.74,54.93658485942885,1.534217869192954,0,25,2,100,77.31,72.16,0.0,0.0,0.0,0.0,0.0,0.0
297,33875,88.76,56.285238380313785,1.5700134604683011,0,25,2,100,88.73,88.8,0.0,0.0,0.0,0.0,0.0,0.0
298,33875,53.39,47.60238427571345,1.4773781179322456,0,25,2,100,56.95,49.82,0.0,0.0,0.0,0.0,0.0,0.0
299,34681,33.08,52.63773529411748,1.5600518688542124,0,23,2,100,32.57,33.59,0.0,0.0,0.0,0.0,0.0,0.0
300,33875,51.37,56.040643519043776,1.5900774067069572,0,25,2,100,58.6,44.14,0.0,0.0,0.0,0.0,0.0,0.0
301,33875,58.83,54.88720049046469,1.554297656039156,0,25,2,100,64.17,53.49,0.0,0.0,0.0,0.0,0.0,0.0
302,33875,46.18,55.07308920331069,1.562506868032058,0,25,2,100,50.17,42.18,0.0,0.0,0.0,0.0,0.0,0.0
303,33875,29.84,53.66551899735658,1.6160193840585797,0,25,2,100,31.6,28.08,0.0,0.0,0.0,0.0,0.0,0.0
304,33875,79.16,57.97749376426909,1.646536990669373,0,25,2,100,83.82,74.51,0.0,0.0,0.0,0.0,0.0,0.0
305,33875,85.32,54.56917251022351,1.5541254262319897,0,25,2,100,82.65,88.0,0.0,0.0,0.0,0.0,0.0,0.0
306,33875,51.88,53.25443867768235,1.5487398587407766,0,25,2,100,45.2,58.55,0.0,0.0,0.0,0.0,0.0,0.0
307,33875,60.06,56.89090980384661,1.533203274615903,0,25,2,100,63.02,57.09,0.0,0.0,0.0,0.0,0.0,0.0
308,33875,62.14,55.70544672548098,1.5521132243992135,0,25,2,100,58.86,65.42,0.0,0.0,0.0,0.0,0.0,0.0
309,33875,82.12,55.91721399634795,1.5025348289848597,0,25,2,100,82.09,82.15,0.0,0.0,0.0,0.0,0.0,0.0
310,33875,61.32,55.300132702973904,1.5633388625710158,0,25,2,100,66.04,56.6,0.0,0.0,0.0,0.0,0.0,0.0
311,33875,90.38,49.98903078422983,1.4228841242623336,0,25,2,100,95.34,85.42,0.0,0.0,0.0,0.0,0.0,0.0
312,33875,52.96,53.3786142616526,1.496953642803095,0,25,2,100,53.83,52.1,0.0,0.0,0.0,0.0,0.0,0.0
313,35890,49.94,54.27483121896007,1.5539573084807652,0,20,2,100,54.69,45.19,0.0,0.0,0.0,0.0,0.0,0.0
314,34278,29.02,57.70017424061789,1.543595541889793,0,24,2,100,32.37,25.66,0.0,0.0,0.0,0.0,0.0,0.0
315,33875,49.88,52.8479622918908,1.6163406640738482,0,25,2,100,48.3,51.45,0.0,0.0,0.0,0.0,0.0,0.0
316,33875,63.96,54.94795750932163,1.4475903621714434,0,25,2,100,66.03,61.89,0.0,0.0,0.0,0.0,0.0,0.0
317,36293,73.72,54.26209899398261,1.621160696371337,0,19,2,100,73.83,73.6,0.0,0.0,0.0,0.0,0.0,0.0
318,33875,67.6,54.27649576469626,1.5463167930117143,0,25,2,100,71.02,64.17,0.0,0.0,0.0,0.0,0.0,0.0
319,33875,63.28,51.67851887598876,1.4667022670952394,0,25,2,100,65.76,60.8,0.0,0.0,0.0,0.0,0.0,0.0
320,33875,87.39,51.81962781633285,1.498040116879759,0,25,2,100,87.92,86.86,0.0,0.0,0.0,0.0,0.0,0.0
321,34681,59.2,56.67883283553566,1.412353596385323,0,23,2,100,57.09,61.32,0.0,0.0,0.0,0.0,0.0,0.0
322,35487,96.69,54.03606447986312,1.548377681581943,0,21,2,100,93.38,100.0,0.0,0.0,0.0,0.0,0.0,0.0
323,33875,59.28,49.23354939405877,1.533516985923844,0,25,2,100,57.94,60.63,0.0,0.0,0.0,0.0,0.0,0.0
324,34681,71.84,52.40967570342166,1.4422224434843902,0,23,2,100,73.35,70.33,0.0,0.0,0.0,0.0,0.0,0.0
325,33875,77.98,51.849672192200174,1.5380803213260008,0,25,2,100,81.95,74.02,0.0,0.0,0.0,0.0,0.0,0.0
326,34681,60.2,50.90288907432667,1.5492244455937192,0,23,2,100,67.25,53.16,0.0,0.0,0.0,0.0,0.0,0.0
327,33875,48.75,51.34737946861576,1.533479148005345,0,25,2,100,47.88,49.62,0.0,0.0,0.0,0.0,0.0,0.0
328,35084,30.33,54.55276562336938,1.467867850144562,0,22,2,100,29.45,31.21,0.0,0.0,0.0,0.0,0.0,0.0
329,33875,28.32,52.45557417704504,1.5059266954857036,0,25,2,100,25.9,30.73,0.0,0.0,0.0,0.0,0.0,0.0
330,35084,61.64,47.61736039415379,1.608572781007448,0,22,2,100,65.96,57.31,0.0,0.0,0.0,0.0,0.0,0.0
331,34278,52.22,49.21783737637613,1.5516932815005806,0,24,2,100,54.7,49.74,0.0,0.0,0.0,0.0,0.0,0.0
332,33875,71.27,56.62760833308926,1.5537307000915763,0,25,2,100,76.23,66.31,0.0,0.0,0.0,0.0,0.0,0.0
333,33875,50.36,52.83025010713737,1.54184728708257,0,25,2,100,46.77,53.94,0.0,0.0,0.0,0.0,0.0,0.0
334,33875,64.35,54.86826424733055,1.4659271884845944,0,25,2,100,72.13,56.58,0.0,0.0,0.0,0.0,0.0,0.0
335,33875,73.82,51.68016481151594,1.4395426837198038,0,25,2,100,72.47,75.16,0.0,0.0,0.0,0.0,0.0,0.0
336,33875,38.32,58.148849892084606,1.605965788100212,0,25,2,100,39.23,37.4,0.0,0.0,0.0,0.0,0.0,0.0
337,33875,70.38,51.4863967580308,1.49346617093917,0,25,2,100,65.23,75.53,0.0,0.0,0.0,0.0,0.0,0.0
338,37099,53.83,58.54813017052176,1.480417797674524,0,17,2,100,54.02,53.64,0.0,0.0,0.0,0.0,0.0,0.0
339,35890,85.38,55.80218802828023,1.4960287808055766,0,20,2,100,78.52,92.24,0.0,0.0,0.0,0.0,0.0,0.0
340,33875,37.65,59.941804093273646,1.4899273786645555,0,25,2,100,34.68,40.62,0.0,0.0,0.0,0.0,0.0,0.0
341,34681,71.33,54.85243395535508,1.6197580661894675,0,23,2,100,77.42,65.24,0.0,0.0,0.0,0.0,0.0,0.0
342,33875,42.93,49.55023014039643,1.4628598526134236,0,25,2,100,39.88,45.98,0.0,0.0,0.0,0.0,0.0,0.0
343,33875,40.94,57.53924874279812,1.5222304553914372,0,25,2,100,40.82,41.05,0.0,0.0,0.0,0.0,0.0,0.0
344,33875,28.4,50.97905260770651,1.5223768232940753,0,25,2,100,23.6,33.21,0.0,0.0,0.0,0.0,0.0,0.0
345,33875,27.64,54.44125666590759,1.5376585177300646,0,25,2,100,27.52,27.75,0.0,0.0,0.0,0.0,0.0,0.0
346,33875,82.69,56.45589077543451,1.514311459220529,0,25,2,100,88.97,76.41,0.0,0.0,0.0,0.0,0.0,0.0
347,33875,45.0,52.46328598777642,1.522349273877546,0,25,2,100,42.56,47.45,0.0,0.0,0.0,0.0,0.0,0.0
348,34278,39.12,54.40507956456389,1.549676072134175,0,24,2,100,37.5,40.74,0.0,0.0,0.0,0.0,0.0,0.0
349,33875,60.92,60.39868100923782,1.5013961532732911,0,25,2,100,62.4,59.43,0.0,0.0,0.0,0.0,0.0,0.0
350,34278,61.7,52.78186990194145,1.4513887019023684,0,24,2,100,64.43,58.97,0.0,0.0,0.0,0.0,0.0,0.0
351,34278,77.99,53.00283708119497,1.562868303800088,0,24,2,100,85.04,70.94,0.0,0.0,0.0,0.0,0.0,0.0
352,33875,45.19,50.38477502257147,1.5181737115627083,0,25,2,100,37.55,52.83,0.0,0.0,0.0,0.0,0.0,0.0
353,34278,79.56,49.23157453322954,1.548301588966327,0,24,2,100,78.91,80.22,0.0,0.0,0.0,0.0,0.0,0.0
354,35084,80.32,55.972913120641365,1.5294762628093128,0,22,2,100,72.39,88.26,0.0,0.0,0.0,0.0,0.0,0.0
355,33875,92.41,52.75449816401596,1.5266708907931503,0,25,2,100,84.82,100.0,0.0,0.0,0.0,0.0,0.0,0.0
356,33875,62.26,49.375005365247866,1.5568280120340827,0,25,2,100,70.97,53.56,0.0,0.0,0.0,0.0,0.0,0.0
357,33875,27.75,54.420609138051496,1.537270742500794,0,25,2,100,27.9,27.6,0.0,0.0,0.0,0.0,0.0,0.0
358,33875,61.56,57.59064623019758,1.486671443503203,0,25,2,100,60.26,62.86,0.0,0.0,0.0,0.0,0.0,0.0
359,35487,92.59,50.80792821852128,1.5406710048034853,0,21,2,100,99.58,85.6,0.0,0.0,0.0,0.0,0.0,0.0
360,33875,67.97,55.47936330207855,1.520392625540287,0,25,2,100,68.32,67.63,0.0,0.0,0.0,0.0,0.0,0.0
361,33875,57.84,54.67240778940678,1.4956149800945444,0,25,2,100,56.42,59.25,0.0,0.0,0.0,0.0,0.0,0.0
362,35084,95.65,46.28304493755442,1.458015706137704,0,22,2,100,96.37,94.93,0.0,0.0,0.0,0.0,0.0,0.0
363,36293,83.83,47.52090520194513,1.5619009672806512,0,19,2,100,80.75,86.91,0.0,0.0,0.0,0.0,0.0,0.0
364,34681,92.83,50.14688460911167,1.5003182717059935,0,23,2,100,85.66,100.0,0.0,0.0,0.0,0.0,0.0,0.0
365,33875,59.04,53.76836047566335,1.5335760504407543,0,25,2,100,57.78,60.31,0.0,0.0,0.0,0.0,0.0,0.0
366,33875,84.28,52.62238048204521,1.4841357202590906,0,25,2,100,90.7,77.86,0.0,0.0,0.0,0.0,0.0,0.0
367,33875,43.76,49.540461604138855,1.5007373852480652,0,25,2,100,42.75,44.77,0.0,0.0,0.0,0.0,0.0,0.0
368,33875,76.78,49.35886345066735,1.541594006052854,0,25,2,100,84.37,69.19,0.0,0.0,0.0,0.0,0.0,0.0
369,35487,57.0,52.0378546903923,1.6099016392711143,0,21,2,100,56.74,57.26,0.0,0.0,0.0,0.0,0.0,0.0
370,33875,46.65,48.825411679088695,1.5026608440490814,0,25,2,100,44.77,48.53,0.0,0.0,0.0,0.0,0.0,0.0
371,34278,71.91,51.11270632756674,1.4657137904347617,0,24,2,100,74.49,69.34,0.0,0.0,0.0,0.0,0.0,0.0
372,33875,68.56,56.31976932398874,1.494140247711649,0,25,2,100,69.84,67.29,0.0,0.0,0.0,0.0,0.0,0.0
373,33875,100.0,56.49552334232776,1.6172592595501665,0,25,2,100,100.0,100.0,0.0,0.0,0.0,0.0,0.0,0.0
374,33875,41.76,59.29063841175999,1.5288457391523078,0,25,2,100,43.15,40.38,0.0,0.0,0.0,0.0,0.0,0.0
375,34681,26.1,49.9075571672815,1.4793683185570294,0,23,2,100,23.8,28.4,0.0,0.0,0.0,0.0,0.0,0.0
376,35890,59.58,50.85327977949736,1.4332231781942155,0,20,2,100,59.03,60.14,0.0,0.0,0.0,0.0,0.0,0.0
377,35487,24.68,53.50297409694904,1.4459795544880698,0,21,2,100,24.27,25.09,0.0,0.0,0.0,0.0,0.0,0.0
378,37099,40.52,51.06580746394875,1.5343496783829482,0,17,2,100,40.69,40.36,0.0,0.0,0.0,0.0,0.0,0.0
379,33875,32.46,41.79864851196031,1.5926343706237551,0,25,2,100,29.4,35.51,0.0,0.0,0.0,0.0,0.0,0.0
380,33875,71.42,51.29173907352597,1.4643732340606324,0,25,2,100,66.97,75.88,0.0,0.0,0.0,0.0,0.0,0.0
381,33875,63.72,56.929885176976526,1.5506984742046936,0,25,2,100,63.17,64.28,0.0,0.0,0.0,0.0,0.0,0.0
382,35084,81.84,54.81420778446221,1.6435359222080428,0,22,2,100,82.68,80.99,0.0,0.0,0.0,0.0,0.0,0.0
383,34681,86.15,53.72135444692962,1.5128199874418429,0,23,2,100,81.66,90.64,0.0,0.0,0.0,0.0,0.0,0.0
384,35084,34.58,58.7682562134509,1.486168278438646,0,22,2,100,35.75,33.4,0.0,0.0,0.0,0.0,0.0,0.0
385,35890,98.69,56.60928341183981,1.534284933355751,0,20,2,100,97.38,100.0,0.0,0.0,0.0,0.0,0.0,0.0
386,34681,77.61,57.2572473158757,1.5076778278722909,0,23,2,100,83.92,71.3,0.0,0.0,0.0,0.0,0.0,0.0
387,33875,62.61,52.42406731908872,1.4525275354180762,0,25,2,100,64.65,60.57,0.0,0.0,0.0,0.0,0.0,0.0
388,33875,62.46,53.802359494054855,1.5950761544362018,0,25,2,100,61.57,63.34,0.0,0.0,0.0,0.0,0.0,0.0
389,34278,90.55,52.579571293135565,1.4662737352356034,0,24,2,100,84.01,97.09,0.0,0.0,0.0,0.0,0.0,0.0
390,35890,90.1,58.32627410569784,1.5125704014969137,0,20,2,100,86.02,94.18,0.0,0.0,0.0,0.0,0.0,0.0
391,35890,55.89,57.11570085575011,1.4977056475194694,0,20,2,100,52.27,59.5,0.0,0.0,0.0,0.0,0.0,0.0
392,33875,37.14,57.51110045061506,1.559079770507667,0,25,2,100,38.06,36.21,0.0,0.0,0.0,0.0,0.0,0.0
393,33875,36.89,51.39476529128978,1.5182116449628351,0,25,2,100,33.78,40.01,0.0,0.0,0.0,0.0,0.0,0.0
394,33875,89.28,54.7925544472253,1.5156778679657543,0,25,2,100,91.52,87.03,0.0,0.0,0.0,0.0,0.0,0.0
395,34278,24.34,51.93318151782468,1.5446199239642882,0,24,2,100,25.41,23.28,0.0,0.0,0.0,0.0,0.0,0.0
396,33875,80.06,54.49814473400139,1.5229395132549015,0,25,2,100,85.93,74.2,0.0,0.0,0.0,0.0,0.0,0.0
397,34278,27.16,53.50598051247072,1.5250244850597687,0,24,2,100,28.68,25.65,0.0,0.0,0.0,0.0,0.0,0.0
398,34278,67.96,54.348642605952335,1.482543685287862,0,24,2,100,64.43,71.49,0.0,0.0,0.0,0.0,0.0,0.0
399,33875,39.3,53.02755881084763,1.5799193379001817,0,25,2,100,43.63,34.98,0.0,0.0,0.0,0.0,0.0,0.0
400,33875,49.55,50.76171655370576,1.4574294780184622,0,25,2,100,49.73,49.37,0.0,0.0,0.0,0.0,0.0,0.0
401,33875,39.16,49.55792040932925,1.5111733172338069,0,25,2,100,39.28,39.03,0.0,0.0,0.0,0.0,0.0,0.0
402,33875,60.3,56.113124579932006,1.5092582840304378,0,25,2,100,61.28,59.33,0.0,0.0,0.0,0.0,0.0,0.0
403,35084,80.2,54.25812658950739,1.4829355446177943,0,22,2,100,75.23,85.17,0.0,0.0,0.0,0.0,0.0,0.0
404,33875,89.85,56.13314517145849,1.5025883889672913,0,25,2,100,87.71,91.99,0.0,0.0,0.0,0.0,0.0,0.0
405,33875,79.47,53.670155175536216,1.548232130950666,0,25,2,100,79.78,79.17,0.0,0.0,0.0,0.0,0.0,0.0
406,36696,95.6,48.21027069037466,1.5849785017964575,0,18,2,100,99.85,91.34,0.0,0.0,0.0,0.0,0.0,0.0
407,35084,95.4,55.74334732857191,1.536124571636636,0,22,2,100,99.7,91.1,0.0,0.0,0.0,0.0,0.0,0.0
408,33875,63.4,49.95589174602541,1.583247003959951,0,25,2,100,61.22,65.57,0.0,0.0,0.0,0.0,0.0,0.0
409,33875,61.24,57.5999888629618,1.543436578537099,0,25,2,100,61.23,61.26,0.0,0.0,0.0,0.0,0.0,0.0
410,33875,57.28,49.01718013972562,1.6117027548719904,0,25,2,100,55.44,59.13,0.0,0.0,0.0,0.0,0.0,0.0
411,33875,60.86,55.49945948646639,1.5520067569940703,0,25,2,100,58.48,63.23,0.0,0.0,0.0,0.0,0.0,0.0
412,34278,29.82,53.27969410121322,1.537591934217056,0,24,2,100,26.36,33.28,0.0,0.0,0.0,0.0,0.0,0.0
413,36293,89.16,58.22247584502349,1.4780374834706291,0,19,2,100,91.22,87.09,0.0,0.0,0.0,0.0,0.0,0.0
414,36696,80.1,56.681679316583576,1.4832881103729745,0,18,2,100,80.1,80.09,0.0,0.0,0.0,0.0,0.0,0.0
415,33875,66.94,57.173955045323794,1.4720406881153354,0,25,2,100,70.52,63.37,0.0,0.0,0.0,0.0,0.0,0.0
416,34278,44.88,52.905736184860125,1.4585844726120882,0,24,2,100,44.79,44.98,0.0,0.0,0.0,0.0,0.0,0.0
417,34278,57.08,57.25545416910586,1.5267593184140118,0,24,2,100,59.4,54.75,0.0,0.0,0.0,0.0,0.0,0.0
418,35890,40.3,53.82902120366453,1.4044425703789372,0,20,2,100,37.08,43.53,0.0,0.0,0.0,0.0,0.0,0.0
419,34681,53.74,52.65630178380586,1.583839087340426,0,23,2,100,52.93,54.56,0.0,0.0,0.0,0.0,0.0,0.0
420,34278,50.8,55.3352723951386,1.500823451855225,0,24,2,100,55.31,46.3,0.0,0.0,0.0,0.0,0.0,0.0
421,33875,61.52,52.98472575546843,1.4471675222821034,0,25,2,100,54.97,68.06,0.0,0.0,0.0,0.0,0.0,0.0
422,35084,83.02,53.06191434826335,1.5468537104421871,0,22,2,100,87.57,78.47,0.0,0.0,0.0,0.0,0.0,0.0
423,33875,32.54,53.49372372758048,1.4760792831255496,0,25,2,100,28.36,36.73,0.0,0.0,0.0,0.0,0.0,0.0
424,35890,51.19,50.39260250261061,1.513647438039779,0,20,2,100,54.27,48.11,0.0,0.0,0.0,0.0,0.0,0.0
425,35487,77.22,59.87739647553132,1.6088011697317703,0,21,2,100,79.22,75.23,0.0,0.0,0.0,0.0,0.0,0.0
426,33875,38.12,49.45686357198051,1.5114242958372075,0,25,2,100,38.73,37.52,0.0,0.0,0.0,0.0,0.0,0.0
427,34278,99.9,57.12387057717941,1.5179394738608485,0,24,2,100,99.79,100.0,0.0,0.0,0.0,0.0,0.0,0.0
428,33875,51.08,49.9498076543847,1.4532095697843204,0,25,2,100,49.57,52.58,0.0,0.0,0.0,0.0,0.0,0.0
429,37502,46.89,51.205854820957605,1.559713381546064,0,16,2,100,50.29,43.49,0.0,0.0,0.0,0.0,0.0,0.0
430,34278,44.24,55.1686370805786,1.536582929614682,0,24,2,100,46.82,41.67,0.0,0.0,0.0,0.0,0.0,0.0
431,34681,60.85,52.18432623512914,1.5059352220431437,0,23,2,100,56.68,65.02,0.0,0.0,0.0,0.0,0.0,0.0
432,33875,55.34,52.172015632398754,1.490541842915668,0,25,2,100,54.87,55.82,0.0,0.0,0.0,0.0,0.0,0.0
433,33875,91.33,54.8064801093425,1.4575254724334934,0,25,2,100,84.86,97.8,0.0,0.0,0.0,0.0,0.0,0.0
434,33875,67.04,48.69515917195564,1.5716283227091323,0,25,2,100,66.2,67.88,0.0,0.0,0.0,0.0,0.0,0.0
435,33875,23.86,49.915556975915294,1.5818323788021538,0,25,2,100,20.91,26.82,0.0,0.0,0.0,0.0,0.0,0.0
436,33875,70.93,50.76997192996685,1.5005116495852755,0,25,2,100,73.58,68.28,0.0,0.0,0.0,0.0,0.0,0.0
437,35084,44.32,50.05325949162223,1.4544189199534576,0,22,2,100,46.09,42.55,0.0,0.0,0.0,0.0,0.0,0.0
438,33875,52.62,61.295146329819374,1.4344393660773842,0,25,2,100,52.68,52.57,0.0,0.0,0.0,0.0,0.0,0.0
439,33875,79.32,51.322440831637536,1.4180607599667354,0,25,2,100,83.31,75.34,0.0,0.0,0.0,0.0,0.0,0.0
440,34278,41.31,59.74638191031252,1.4726738775984147,0,24,2,100,43.62,39.0,0.0,0.0,0.0,0.0,0.0,0.0
441,33875,96.16,51.62566649961987,1.4792124442959655,0,25,2,100,100.0,92.33,0.0,0.0,0.0,0.0,0.0,0.0
442,35487,26.2,59.44671917726943,1.5108053207776864,0,21,2,100,27.97,24.43,0.0,0.0,0.0,0.0,0.0,0.0
443,33875,55.4,59.64902562761384,1.482219216010336,0,25,2,100,56.83,53.98,0.0,0.0,0.0,0.0,0.0,0.0
444,37502,65.03,51.57090524510863,1.6369193143973984,0,16,2,100,62.89,67.17,0.0,0.0,0.0,0.0,0.0,0.0
445,35487,98.16,52.94403952411112,1.5387771891665425,0,21,2,100,99.7,96.62,0.0,0.0,0.0,0.0,0.0,0.0
446,36293,80.86,53.245049543488754,1.463738766816734,0,19,2,100,76.38,85.35,0.0,0.0,0.0,0.0,0.0,0.0
447,33875,73.85,53.085244713029184,1.564443285983011,0,25,2,100,80.71,67.0,0.0,0.0,0.0,0.0,0.0,0.0
448,37099,67.53,52.15226313946028,1.5363262306675594,0,17,2,100,67.79,67.26,0.0,0.0,0.0,0.0,0.0,0.0
449,35084,69.46,53.78720961477509,1.4905382893030532,0,22,2,100,63.81,75.11,0.0,0.0,0.0,0.0,0.0,0.0
450,33875,79.34,52.98733482269133,1.4779224452724289,0,25,2,100,83.4,75.27,0.0,0.0,0.0,0.0,0.0,0.0
451,33875,90.0,50.17629134210651,1.5910040434839994,0,25,2,100,84.35,95.65,0.0,0.0,0.0,0.0,0.0,0.0
452,34681,65.54,50.21641309468009,1.5445522871844604,0,23,2,100,63.96,67.13,0.0,0.0,0.0,0.0,0.0,0.0
453,37099,35.56,47.68704301049066,1.4384314028638805,0,17,2,100,40.08,31.03,0.0,0.0,0.0,0.0,0.0,0.0
454,34681,85.78,55.260909684536585,1.4953280879625197,0,23,2,100,92.16,79.39,0.0,0.0,0.0,0.0,0.0,0.0
455,36293,79.94,51.950473354521456,1.5167645579544036,0,19,2,100,84.71,75.18,0.0,0.0,0.0,0.0,0.0,0.0
456,35890,45.24,62.90328346164596,1.4781033369671426,0,20,2,100,43.4,47.09,0.0,0.0,0.0,0.0,0.0,0.0
457,34278,84.98,51.02668442248386,1.491142581345366,0,24,2,100,79.61,90.35,0.0,0.0,0.0,0.0,0.0,0.0
458,34278,65.96,55.58677619729103,1.46353796952289,0,24,2,100,70.98,60.95,0.0,0.0,0.0,0.0,0.0,0.0
459,34681,61.45,55.45723323842715,1.52776939141478,0,23,2,100,53.02,69.87,0.0,0.0,0.0,0.0,0.0,0.0
460,34278,59.67,52.17435413048363,1.5741288750007645,0,24,2,100,53.3,66.04,0.0,0.0,0.0,0.0,0.0,0.0
461,33875,59.82,55.29718553869484,1.5466345938868955,0,25,2,100,56.74,62.89,0.0,0.0,0.0,0.0,0.0,0.0
462,35890,53.67,50.66608927468842,1.5175208208177655,0,20,2,100,61.23,46.11,0.0,0.0,0.0,0.0,0.0,0.0
463,36696,73.32,54.36823208751684,1.4199756923668263,0,18,2,100,81.48,65.15,0.0,0.0,0.0,0.0,0.0,0.0
464,35487,70.74,58.19957244657097,1.5224735437654078,0,21,2,100,64.76,76.71,0.0,0.0,0.0,0.0,0.0,0.0
465,36696,26.52,53.94856825483038,1.482236188374736,0,18,2,100,28.52,24.51,0.0,0.0,0.0,0.0,0.0,0.0
466,33875,75.26,53.70611487499674,1.4451192201842995,0,25,2,100,78.36,72.16,0.0,0.0,0.0,0.0,0.0,0.0
467,35084,42.63,50.686574095419296,1.3786067005155285,0,22,2,100,46.18,39.08,0.0,0.0,0.0,0.0,0.0,0.0
468,35084,64.28,50.698269633345454,1.4755563712547326,0,22,2,100,58.9,69.67,0.0,0.0,0.0,0.0,0.0,0.0
469,33875,91.03,52.866703261049736,1.430610571449409,0,25,2,100,85.3,96.76,0.0,0.0,0.0,0.0,0.0,0.0
470,35890,67.76,51.48530895125535,1.4866135797993905,0,20,2,100,72.23,63.3,0.0,0.0,0.0,0.0,0.0,0.0
471,37905,60.97,51.43230289552624,1.44529095463147,0,15,2,100,65.5,56.44,0.0,0.0,0.0,0.0,0.0,0.0
472,33875,52.66,55.04462287600144,1.4571189125722226,0,25,2,100,55.91,49.41,0.0,0.0,0.0,0.0,0.0,0.0
473,34681,62.14,56.7728035063702,1.483628569219888,0,23,2,100,57.43,66.85,0.0,0.0,0.0,0.0,0.0,0.0
474,36696,33.67,57.00935180756658,1.5315543520432051,0,18,2,100,36.47,30.88,0.0,0.0,0.0,0.0,0.0,0.0
475,34681,66.56,57.3875444466004,1.4912550888298646,0,23,2,100,66.48,66.65,0.0,0.0,0.0,0.0,0.0,0.0
476,33875,48.7,55.89755152314579,1.4614761581695683,0,25,2,100,47.61,49.79,0.0,0.0,0.0,0.0,0.0,0.0
477,35487,82.22,55.692896203855206,1.5161999380806774,0,21,2,100,80.39,84.05,0.0,0.0,0.0,0.0,0.0,0.0
478,35487,64.15,52.38866085669076,1.439525886365674,0,21,2,100,58.5,69.8,0.0,0.0,0.0,0.0,0.0,0.0
479,34278,47.22,51.18751896221811,1.5005821041825822,0,24,2,100,38.27,56.17,0.0,0.0,0.0,0.0,0.0,0.0
480,33875,76.47,53.37169101629597,1.4635705203865914,0,25,2,100,81.39,71.56,0.0,0.0,0.0,0.0,0.0,0.0
481,33875,72.92,53.40184612426095,1.5062962990453703,0,25,2,100,68.83,77.01,0.0,0.0,0.0,0.0,0.0,0.0
482,33875,76.88,52.28829439093777,1.4610434850150509,0,25,2,100,82.56,71.21,0.0,0.0,0.0,0.0,0.0,0.0
483,33875,57.51,55.413204823885614,1.4948069629930956,0,25,2,100,50.94,64.08,0.0,0.0,0.0,0.0,0.0,0.0
484,33875,95.48,51.444716669957806,1.462347279941553,0,25,2,100,100.0,90.97,0.0,0.0,0.0,0.0,0.0,0.0
485,33875,45.48,55.238621307350265,1.5184992763228051,0,25,2,100,43.65,47.32,0.0,0.0,0.0,0.0,0.0,0.0
486,33875,64.67,51.1362072625983,1.4763155160810135,0,25,2,100,65.54,63.8,0.0,0.0,0.0,0.0,0.0,0.0
487,33875,40.04,55.21094633300146,1.5164727924711388,0,25,2,100,39.57,40.51,0.0,0.0,0.0,0.0,0.0,0.0
488,33875,75.91,54.15563492942319,1.5182786614701125,0,25,2,100,76.57,75.25,0.0,0.0,0.0,0.0,0.0,0.0
489,34681,86.1,54.014657661704526,1.4794302232635037,0,23,2,100,93.1,79.09,0.0,0.0,0.0,0.0,0.0,0.0
490,35084,40.26,51.31835564910613,1.51636958576728,0,22,2,100,38.31,42.22,0.0,0.0,0.0,0.0,0.0,0.0
491,34278,75.44,48.70361950717967,1.471158304092616,0,24,2,100,72.25,78.64,0.0,0.0,0.0,0.0,0.0,0.0
492,33875,52.44,54.60597948294182,1.4990718802902,0,25,2,100,51.62,53.25,0.0,0.0,0.0,0.0,0.0,0.0
493,36696,55.04,52.50284390876763,1.4873728102052768,0,18,2,100,52.14,57.94,0.0,0.0,0.0,0.0,0.0,0.0
494,33875,69.47,58.86093627260821,1.4916774724480255,0,25,2,100,73.63,65.32,0.0,0.0,0.0,0.0,0.0,0.0
495,33875,83.34,52.265604586884216,1.4794611795556205,0,25,2,100,73.07,93.62,0.0,0.0,0.0,0.0,0.0,0.0
496,33875,67.92,51.20715933716328,1.523822113478715,0,25,2,100,69.66,66.18,0.0,0.0,0.0,0.0,0.0,0.0
497,33875,43.28,54.99825155447844,1.553653725147092,0,25,2,100,38.84,47.72,0.0,0.0,0.0,0.0,0.0,0.0
498,33875,52.36,52.46728652929093,1.476154184222064,0,25,2,100,49.93,54.8,0.0,0.0,0.0,0.0,0.0,0.0
499,34681,94.24,56.58589365261376,1.5095981178781643,0,23,2,100,90.86,97.61,0.0,0.0,0.0,0.0,0.0,0.0
500,34278,70.7,53.2354211426402,1.4913943189321237,0,24,2,100,78.87,62.54,0.0,0.0,0.0,0.0,0.0,0.0
501,35890,76.53,52.15671018863627,1.489129849239147,0,20,2,100,81.15,71.9,0.0,0.0,0.0,0.0,0.0,0.0
502,36293,79.98,53.326812741433535,1.5043970742178263,0,19,2,100,80.53,79.43,0.0,0.0,0.0,0.0,0.0,0.0
503,35487,74.18,52.84671901185343,1.4404242420000324,0,21,2,100,73.87,74.48,0.0,0.0,0.0,0.0,0.0,0.0
504,38308,95.32,53.11548331263016,1.5043627162745727,0,14,2,100,95.73,94.92,0.0,0.0,0.0,0.0,0.0,0.0
505,34681,77.62,52.7783085544825,1.4767797277203336,0,23,2,100,76.37,78.88,0.0,0.0,0.0,0.0,0.0,0.0
506,34681,60.52,58.18968229928196,1.4943731892892416,0,23,2,100,59.62,61.41,0.0,0.0,0.0,0.0,0.0,0.0
507,34681,97.96,59.75807865276232,1.4564025451066165,0,23,2,100,97.92,97.99,0.0,0.0,0.0,0.0,0.0,0.0
508,33875,49.4,52.95179571208011,1.5103247015587498,0,25,2,100,50.16,48.64,0.0,0.0,0.0,0.0,0.0,0.0
509,34681,84.13,54.26923809962958,1.4859004579571529,0,23,2,100,77.17,91.09,0.0,0.0,0.0,0.0,0.0,0.0
510,35487,83.22,52.8212855198754,1.383346773510623,0,21,2,100,86.77,79.67,0.0,0.0,0.0,0.0,0.0,0.0
511,33875,31.02,51.08612473642559,1.539347419209253,0,25,2,100,30.52,31.52,0.0,0.0,0.0,0.0,0.0,0.0
512,34681,96.73,55.50534467947293,1.4276803495621406,0,23,2,100,93.46,100.0,0.0,0.0,0.0,0.0,0.0,0.0
513,34681,85.9,59.28116911012192,1.5278569444741332,0,23,2,100,89.16,82.65,0.0,0.0,0.0,0.0,0.0,0.0
514,33875,62.48,55.03878668081403,1.4281108581800817,0,25,2,100,62.27,62.7,0.0,0.0,0.0,0.0,0.0,0.0
515,36293,84.72,53.241822318054965,1.4795104097963463,0,19,2,100,84.59,84.85,0.0,0.0,0.0,0.0,0.0,0.0
516,34681,80.81,50.01241011750831,1.495761110947504,0,23,2,100,80.01,81.61,0.0,0.0,0.0,0.0,0.0,0.0
517,35084,76.68,54.60482878283187,1.4025159527709363,0,22,2,100,86.5,66.86,0.0,0.0,0.0,0.0,0.0,0.0
518,33875,67.3,53.84411979499821,1.503102721121414,0,25,2,100,70.28,64.32,0.0,0.0,0.0,0.0,0.0,0.0
519,34278,60.93,51.44774040615346,1.370849155150938,0,24,2,100,58.73,63.13,0.0,0.0,0.0,0.0,0.0,0.0
520,34278,43.79,54.90548576686496,1.5306940101879674,0,24,2,100,43.47,44.11,0.0,0.0,0.0,0.0,0.0,0.0
521,33875,62.68,54.57355760484769,1.5441519025186266,0,25,2,100,62.36,62.99,0.0,0.0,0.0,0.0,0.0,0.0
522,35890,97.48,58.72604563589333,1.4882151987679606,0,20,2,100,99.69,95.28,0.0,0.0,0.0,0.0,0.0,0.0
523,33875,91.96,59.10186964043572,1.5635978953100047,0,25,2,100,100.0,83.91,0.0,0.0,0.0,0.0,0.0,0.0
524,33875,24.16,50.44725524666372,1.5232437321594376,0,25,2,100,23.99,24.32,0.0,0.0,0.0,0.0,0.0,0.0
525,33875,56.22,52.65548197172266,1.4806634867595314,0,25,2,100,60.31,52.12,0.0,0.0,0.0,0.0,0.0,0.0
526,36293,36.39,52.34650901735537,1.4882655047668174,0,19,2,100,34.88,37.91,0.0,0.0,0.0,0.0,0.0,0.0
527,33875,41.14,59.87549311220893,1.4567412941446292,0,25,2,100,42.98,39.3,0.0,0.0,0.0,0.0,0.0,0.0
528,40323,72.13,53.46946875181072,1.5410007902646667,0,9,2,100,65.08,79.19,0.0,0.0,0.0,0.0,0.0,0.0
529,35487,26.27,53.46486642606862,1.569493641528198,0,21,2,100,26.05,26.49,0.0,0.0,0.0,0.0,0.0,0.0
530,36293,50.96,57.085808201890245,1.4861606284091673,0,19,2,100,53.01,48.9,0.0,0.0,0.0,0.0,0.0,0.0
531,33875,45.21,54.72291229249875,1.5116067706094647,0,25,2,100,50.04,40.38,0.0,0.0,0.0,0.0,0.0,0.0
532,33875,90.02,57.07851181633413,1.5161717594929354,0,25,2,100,87.01,93.04,0.0,0.0,0.0,0.0,0.0,0.0
533,35890,51.01,54.14757203375995,1.520520800619681,0,20,2,100,51.6,50.42,0.0,0.0,0.0,0.0,0.0,0.0
534,33875,90.68,53.48888733866941,1.4177279368413829,0,25,2,100,95.05,86.3,0.0,0.0,0.0,0.0,0.0,0.0
535,33875,55.44,49.70487994385104,1.541797220832434,0,25,2,100,58.14,52.73,0.0,0.0,0.0,0.0,0.0,0.0
536,33875,82.54,56.61503924511523,1.5648734433308034,0,25,2,100,87.0,78.07,0.0,0.0,0.0,0.0,0.0,0.0
537,33875,79.49,55.82372879974388,1.5299726136094645,0,25,2,100,83.42,75.56,0.0,0.0,0.0,0.0,0.0,0.0
538,36293,75.21,59.8077587211536,1.5332675223921068,0,19,2,100,79.17,71.25,0.0,0.0,0.0,0.0,0.0,0.0
539,35890,35.68,53.01866469084406,1.4719687301111728,0,20,2,100,36.9,34.46,0.0,0.0,0.0,0.0,0.0,0.0
540,35487,69.85,53.63635330639233,1.4561156212129096,0,21,2,100,67.13,72.57,0.0,0.0,0.0,0.0,0.0,0.0
541,35890,62.61,55.11032507787076,1.4599421437797426,0,20,2,100,68.82,56.4,0.0,0.0,0.0,0.0,0.0,0.0
542,35084,66.96,51.44448667636031,1.480352684259037,0,22,2,100,72.63,61.29,0.0,0.0,0.0,0.0,0.0,0.0
543,34278,29.7,50.53557910461286,1.503675847674977,0,24,2,100,32.33,27.07,0.0,0.0,0.0,0.0,0.0,0.0
544,33875,24.11,52.77617415273932,1.391120698147146,0,25,2,100,23.41,24.81,0.0,0.0,0.0,0.0,0.0,0.0
545,36696,62.07,58.966029985366006,1.4778633460716926,0,18,2,100,66.53,57.61,0.0,0.0,0.0,0.0,0.0,0.0
546,33875,75.35,58.63526059428865,1.473131236023705,0,25,2,100,80.09,70.61,0.0,0.0,0.0,0.0,0.0,0.0
547,35890,22.36,49.05315874322048,1.5481221091826425,0,20,2,100,21.84,22.88,0.0,0.0,0.0,0.0,0.0,0.0
548,34278,86.94,52.75243462337171,1.5828121759756435,0,24,2,100,84.14,89.73,0.0,0.0,0.0,0.0,0.0,0.0
549,35084,72.28,56.30900938439977,1.5909007354922138,0,22,2,100,71.79,72.78,0.0,0.0,0.0,0.0,0.0,0.0
550,36696,30.8,51.34957438614855,1.5275469620647777,0,18,2,100,33.31,28.3,0.0,0.0,0.0,0.0,0.0,0.0
551,33875,24.46,57.28376032874843,1.4198246492577835,0,25,2,100,27.1,21.82,0.0,0.0,0.0,0.0,0.0,0.0
552,37099,66.16,56.15497172256334,1.5156328683063631,0,17,2,100,68.12,64.2,0.0,0.0,0.0,0.0,0.0,0.0
553,33875,74.87,55.26987017972419,1.4588485640348892,0,25,2,100,77.95,71.78,0.0,0.0,0.0,0.0,0.0,0.0
554,35890,59.34,53.22509695322252,1.4953215346566855,0,20,2,100,54.99,63.68,0.0,0.0,0.0,0.0,0.0,0.0
555,34278,64.46,52.78718257669227,1.505611798090135,0,24,2,100,59.36,69.55,0.0,0.0,0.0,0.0,0.0,0.0
556,33875,80.7,54.70274274915319,1.479971343072247,0,25,2,100,80.19,81.21,0.0,0.0,0.0,0.0,0.0,0.0
557,33875,86.26,60.19976678579353,1.4990365358348623,0,25,2,100,90.88,81.65,0.0,0.0,0.0,0.0,0.0,0.0
558,33875,27.42,62.013960929861,1.5195758535533648,0,25,2,100,28.02,26.81,0.0,0.0,0.0,0.0,0.0,0.0
559,35487,75.76,55.14848060302352,1.4846661718881229,0,21,2,100,77.29,74.22,0.0,0.0,0.0,0.0,0.0,0.0
560,34681,67.56,60.68700538262351,1.4501055660161757,0,23,2,100,67.79,67.32,0.0,0.0,0.0,0.0,0.0,0.0
561,33875,49.75,53.59070087674405,1.531866448653968,0,25,2,100,53.31,46.19,0.0,0.0,0.0,0.0,0.0,0.0
562,33875,79.68,54.79822828740653,1.603973791554681,0,25,2,100,78.95,80.4,0.0,0.0,0.0,0.0,0.0,0.0
563,33875,54.21,57.38505893781407,1.3535811869237644,0,25,2,100,57.9,50.52,0.0,0.0,0.0,0.0,0.0,0.0
564,33875,29.58,58.35993801430384,1.4666618348787483,0,25,2,100,30.79,28.38,0.0,0.0,0.0,0.0,0.0,0.0
565,35890,44.36,54.463666744619104,1.5014723807963208,0,20,2,100,46.4,42.32,0.0,0.0,0.0,0.0,0.0,0.0
566,34681,43.98,52.85662601744185,1.485411501979246,0,23,2,100,43.84,44.11,0.0,0.0,0.0,0.0,0.0,0.0
567,33875,40.38,52.630755191684415,1.4641181871169535,0,25,2,100,42.26,38.5,0.0,0.0,0.0,0.0,0.0,0.0
568,35890,53.86,58.26758382302357,1.4557482318634525,0,20,2,100,51.23,56.5,0.0,0.0,0.0,0.0,0.0,0.0
569,37099,66.82,51.80255470934284,1.4586365640629018,0,17,2,100,74.1,59.53,0.0,0.0,0.0,0.0,0.0,0.0
570,35487,44.46,51.00572183561161,1.58748648194819,0,21,2,100,45.36,43.55,0.0,0.0,0.0,0.0,0.0,0.0
571,33875,53.9,55.630068003139804,1.47441757321178,0,25,2,100,56.98,50.82,0.0,0.0,0.0,0.0,0.0,0.0
572,33875,86.9,51.23918474315468,1.3936948038577246,0,25,2,100,86.3,87.49,0.0,0.0,0.0,0.0,0.0,0.0
573,34278,58.26,54.57353345082513,1.414455275921867,0,24,2,100,60.42,56.1,0.0,0.0,0.0,0.0,0.0,0.0
574,36696,84.84,54.86416709437179,1.527567587362586,0,18,2,100,94.08,75.59,0.0,0.0,0.0,0.0,0.0,0.0
575,35487,99.86,52.8339859103936,1.4391979600723392,0,21,2,100,100.0,99.72,0.0,0.0,0.0,0.0,0.0,0.0
576,34681,68.58,51.37054230956745,1.5190790283958453,0,23,2,100,62.01,75.14,0.0,0.0,0.0,0.0,0.0,0.0
577,36293,62.71,47.75683845456367,1.4863948524033188,0,19,2,100,67.89,57.53,0.0,0.0,0.0,0.0,0.0,0.0
578,33875,55.78,50.45311385282395,1.5531046120719203,0,25,2,100,57.18,54.38,0.0,0.0,0.0,0.0,0.0,0.0
579,33875,55.15,53.15752296879395,1.4121675440994228,0,25,2,100,53.38,56.92,0.0,0.0,0.0,0.0,0.0,0.0
580,33875,66.61,56.428974597094886,1.4389925965911252,0,25,2,100,65.69,67.53,0.0,0.0,0.0,0.0,0.0,0.0
581,36696,32.16,55.88782215042043,1.5099219876358154,0,18,2,100,33.66,30.67,0.0,0.0,0.0,0.0,0.0,0.0
582,33875,51.22,54.3145297803549,1.4665984239385654,0,25,2,100,52.68,49.76,0.0,0.0,0.0,0.0,0.0,0.0
583,34278,26.24,56.7072617190719,1.5089988461084756,0,24,2,100,28.67,23.8,0.0,0.0,0.0,0.0,0.0,0.0
584,35084,48.39,53.736162010877,1.4592028149865257,0,22,2,100,52.71,44.06,0.0,0.0,0.0,0.0,0.0,0.0
585,35890,91.96,55.20741906614083,1.396324115316398,0,20,2,100,83.91,100.0,0.0,0.0,0.0,0.0,0.0,0.0
586,35084,85.12,53.904563832395496,1.491801196172737,0,22,2,100,92.19,78.05,0.0,0.0,0.0,0.0,0.0,0.0
587,34681,43.8,53.29785692186678,1.5085562081244093,0,23,2,100,46.8,40.81,0.0,0.0,0.0,0.0,0.0,0.0
588,33875,84.53,52.497288284506055,1.5354196379409497,0,25,2,100,83.78,85.28,0.0,0.0,0.0,0.0,0.0,0.0
589,35890,72.1,61.28061813624687,1.517656274428422,0,20,2,100,74.57,69.63,0.0,0.0,0.0,0.0,0.0,0.0
590,35084,49.08,57.58818647389538,1.4478409569151098,0,22,2,100,48.16,50.0,0.0,0.0,0.0,0.0,0.0,0.0
591,33875,72.11,49.55848074837058,1.4188020349441466,0,25,2,100,67.73,76.49,0.0,0.0,0.0,0.0,0.0,0.0
592,33875,55.62,56.549926211016135,1.4595378507652,0,25,2,100,54.89,56.34,0.0,0.0,0.0,0.0,0.0,0.0
593,33875,23.86,55.26704755975354,1.419430285787267,0,25,2,100,24.75,22.98,0.0,0.0,0.0,0.0,0.0,0.0
594,35890,38.83,52.90601164561385,1.5178179066512172,0,20,2,100,39.5,38.16,0.0,0.0,0.0,0.0,0.0,0.0
595,33875,97.18,52.85368962464021,1.4741232860434954,0,25,2,100,100.0,94.36,0.0,0.0,0.0,0.0,0.0,0.0
596,33875,38.69,60.654886054178085,1.5340404400693513,0,25,2,100,36.99,40.39,0.0,0.0,0.0,0.0,0.0,0.0
597,33875,68.09,48.28633392242586,1.50599538298476,0,25,2,100,67.04,69.14,0.0,0.0,0.0,0.0,0.0,0.0
598,36696,51.6,51.37463193555812,1.4197828048054075,0,18,2,100,48.29,54.92,0.0,0.0,0.0,0.0,0.0,0.0
599,33875,45.72,58.88091624502678,1.3902875400560684,0,25,2,100,47.31,44.13,0.0,0.0,0.0,0.0,0.0,0.0
600,33875,46.73,53.09943925377087,1.5585730914222773,0,25,2,100,50.59,42.87,0.0,0.0,0.0,0.0,0.0,0.0
601,36293,60.21,56.29321760290849,1.4957864640970582,0,19,2,100,57.76,62.66,0.0,0.0,0.0,0.0,0.0,0.0
602,34278,62.0,53.55131113571253,1.5517645881672042,0,24,2,100,58.28,65.73,0.0,0.0,0.0,0.0,0.0,0.0
603,36696,95.05,54.60759266838946,1.3865943541160195,0,18,2,100,90.1,100.0,0.0,0.0,0.0,0.0,0.0,0.0
604,35084,86.46,53.54382521208044,1.483934244721049,0,22,2,100,85.26,87.65,0.0,0.0,0.0,0.0,0.0,0.0
605,36696,90.78,49.99454317273693,1.4834390992910618,0,18,2,100,90.73,90.83,0.0,0.0,0.0,0.0,0.0,0.0
606,33875,26.8,49.81916792540162,1.5209019770733814,0,25,2,100,25.64,27.95,0.0,0.0,0.0,0.0,0.0,0.0
607,35084,54.92,52.91949237583616,1.422210133693992,0,22,2,100,53.5,56.33,0.0,0.0,0.0,0.0,0.0,0.0
608,37099,91.24,52.21480565542887,1.426067410414099,0,17,2,100,100.0,82.47,0.0,0.0,0.0,0.0,0.0,0.0
609,35084,80.77,53.92251850055432,1.5214761640634016,0,22,2,100,72.96,88.58,0.0,0.0,0.0,0.0,0.0,0.0
610,34681,58.3,55.28022508186175,1.564440997672066,0,23,2,100,50.66,65.95,0.0,0.0,0.0,0.0,0.0,0.0
611,36293,73.32,54.9081520792216,1.369271074316914,0,19,2,100,66.69,79.95,0.0,0.0,0.0,0.0,0.0,0.0
612,38308,96.72,48.52930528228551,1.4216208953504152,0,14,2,100,97.44,96.01,0.0,0.0,0.0,0.0,0.0,0.0
613,33875,64.23,51.92175784722805,1.4951567781682489,0,25,2,100,66.25,62.21,0.0,0.0,0.0,0.0,0.0,0.0
614,33875,84.68,57.60820329573679,1.4407317577026877,0,25,2,100,91.32,78.05,0.0,0.0,0.0,0.0,0.0,0.0
615,33875,85.58,53.75304935957969,1.5259760039883925,0,25,2,100,90.11,81.06,0.0,0.0,0.0,0.0,0.0,0.0
616,33875,79.16,50.6193536575758,1.5137191555591063,0,25,2,100,77.37,80.95,0.0,0.0,0.0,0.0,0.0,0.0
617,33875,52.46,57.67292729111806,1.5806288562984907,0,25,2,100,51.76,53.17,0.0,0.0,0.0,0.0,0.0,0.0
618,34278,43.46,52.83280163616746,1.4153686296692685,0,24,2,100,44.73,42.2,0.0,0.0,0.0,0.0,0.0,0.0
619,33875,56.61,51.6971294441835,1.4632217837061463,0,25,2,100,58.54,54.69,0.0,0.0,0.0,0.0,0.0,0.0
620,35487,80.0,54.0398565144469,1.4714361395826911,0,21,2,100,76.41,83.59,0.0,0.0,0.0,0.0,0.0,0.0
621,34681,62.75,49.82505757933618,1.4301182813912907,0,23,2,100,63.84,61.66,0.0,0.0,0.0,0.0,0.0,0.0
622,34278,68.12,54.53620547375123,1.545040162165662,0,24,2,100,68.7,67.53,0.0,0.0,0.0,0.0,0.0,0.0
623,33875,92.3,49.89293998212536,1.4450431804735844,0,25,2,100,100.0,84.6,0.0,0.0,0.0,0.0,0.0,0.0
624,33875,35.69,53.24867493232959,1.4766478660709252,0,25,2,100,33.41,37.98,0.0,0.0,0.0,0.0,0.0,0.0
625,36696,81.64,54.192437616559175,1.4936707923457482,0,18,2,100,87.85,75.43,0.0,0.0,0.0,0.0,0.0,0.0
626,33875,34.8,53.95128110267366,1.5103873836939714,0,25,2,100,37.92,31.67,0.0,0.0,0.0,0.0,0.0,0.0
627,37502,38.6,52.521716629298766,1.462847030227142,0,16,2,100,40.66,36.53,0.0,0.0,0.0,0.0,0.0,0.0
628,38308,81.76,53.40239561371512,1.4237059336286848,0,14,2,100,77.32,86.21,0.0,0.0,0.0,0.0,0.0,0.0
629,33875,82.84,56.247975599342816,1.4607726292729954,0,25,2,100,87.11,78.56,0.0,0.0,0.0,0.0,0.0,0.0
630,33875,53.25,57.23979407768069,1.4766163977526037,0,25,2,100,47.98,58.52,0.0,0.0,0.0,0.0,0.0,0.0
631,36696,26.54,49.321254140500585,1.4717171283507613,0,18,2,100,24.45,28.63,0.0,0.0,0.0,0.0,0.0,0.0
632,35890,100.0,52.46537552018643,1.483366516069219,0,20,2,100,100.0,100.0,0.0,0.0,0.0,0.0,0.0,0.0
633,35487,29.5,55.02079809992223,1.5143164994480247,0,21,2,100,27.37,31.63,0.0,0.0,0.0,0.0,0.0,0.0
634,34681,73.54,50.722268126474425,1.4406217889018786,0,23,2,100,66.45,80.64,0.0,0.0,0.0,0.0,0.0,0.0
635,33875,22.13,55.96642788646312,1.4410159126704034,0,25,2,100,19.92,24.34,0.0,0.0,0.0,0.0,0.0,0.0
636,33875,29.26,58.28751240887921,1.487219677542346,0,25,2,100,31.38,27.13,0.0,0.0,0.0,0.0,0.0,0.0
637,33875,61.1,53.47166716904573,1.519996835904759,0,25,2,100,67.45,54.76,0.0,0.0,0.0,0.0,0.0,0.0
638,33875,28.64,55.221646058325845,1.4538070429880277,0,25,2,100,27.48,29.8,0.0,0.0,0.0,0.0,0.0,0.0
639,34681,100.0,46.434109193668704,1.517317191933341,0,23,2,100,100.0,100.0,0.0,0.0,0.0,0.0,0.0,0.0
640,33875,38.53,53.5912722103666,1.531250053757229,0,25,2,100,34.35,42.71,0.0,0.0,0.0,0.0,0.0,0.0
641,33875,85.11,59.19572006464031,1.4254632140001091,0,25,2,100,88.09,82.13,0.0,0.0,0.0,0.0,0.0,0.0
642,33875,71.34,46.053579876751975,1.4004017553244277,0,25,2,100,73.94,68.73,0.0,0.0,0.0,0.0,0.0,0.0
643,37502,46.5,50.34282349119007,1.441052212574887,0,16,2,100,46.24,46.77,0.0,0.0,0.0,0.0,0.0,0.0
644,34278,72.1,56.554263899356506,1.4380004859668052,0,24,2,100,73.47,70.72,0.0,0.0,0.0,0.0,0.0,0.0
645,37099,72.49,52.87918559201638,1.44361957284082,0,17,2,100,81.86,63.12,0.0,0.0,0.0,0.0,0.0,0.0
646,36293,55.96,52.500964533043245,1.4682660293941268,0,19,2,100,54.36,57.56,0.0,0.0,0.0,0.0,0.0,0.0
647,33875,84.68,57.59473195181029,1.4984263798136164,0,25,2,100,81.27,88.09,0.0,0.0,0.0,0.0,0.0,0.0
648,36696,26.6,53.57567987807155,1.4853630785841487,0,18,2,100,25.45,27.75,0.0,0.0,0.0,0.0,0.0,0.0
649,36696,61.28,51.91556660260567,1.4111069058206906,0,18,2,100,62.36,60.21,0.0,0.0,0.0,0.0,0.0,0.0
650,34278,100.0,56.74257798888758,1.523503985509146,0,24,2,100,100.0,100.0,0.0,0.0,0.0,0.0,0.0,0.0
651,36696,93.16,63.17150761652167,1.5054557285245962,0,18,2,100,86.47,99.86,0.0,0.0,0.0,0.0,0.0,0.0
652,40323,92.92,60.55589552610873,1.3854942572194755,0,9,2,100,92.08,93.76,0.0,0.0,0.0,0.0,0.0,0.0
653,35487,45.08,51.9487737830367,1.426148651068422,0,21,2,100,44.35,45.82,0.0,0.0,0.0,0.0,0.0,0.0
654,34278,82.14,54.29155340302808,1.4672847319661124,0,24,2,100,79.71,84.57,0.0,0.0,0.0,0.0,0.0,0.0
655,36293,87.85,50.87297779104101,1.497165465418413,0,19,2,100,92.5,83.2,0.0,0.0,0.0,0.0,0.0,0.0
656,36293,24.49,53.32798124075125,1.482927096775405,0,19,2,100,26.4,22.58,0.0,0.0,0.0,0.0,0.0,0.0
657,35084,56.43,52.73823217675759,1.440639157205365,0,22,2,100,49.94,62.92,0.0,0.0,0.0,0.0,0.0,0.0
658,35890,39.72,53.87314935424342,1.484115746004239,0,20,2,100,42.01,37.44,0.0,0.0,0.0,0.0,0.0,0.0
659,34278,58.08,49.454938813987845,1.4036416870047697,0,24,2,100,62.62,53.55,0.0,0.0,0.0,0.0,0.0,0.0
660,33875,100.0,56.602085864618935,1.405344858437981,0,25,2,100,100.0,100.0,0.0,0.0,0.0,0.0,0.0,0.0
661,35084,60.77,55.918613056984384,1.524867691277488,0,22,2,100,60.61,60.93,0.0,0.0,0.0,0.0,0.0,0.0
662,33875,45.66,49.44012429855973,1.454282436380708,0,25,2,100,51.73,39.58,0.0,0.0,0.0,0.0,0.0,0.0
663,33875,26.04,54.120272917850485,1.5000250213209705,0,25,2,100,27.12,24.97,0.0,0.0,0.0,0.0,0.0,0.0
664,35487,36.61,50.557016898732485,1.4872897982498707,0,21,2,100,36.84,36.37,0.0,0.0,0.0,0.0,0.0,0.0
665,34278,41.93,58.074509544044055,1.479246057384731,0,24,2,100,45.02,38.84,0.0,0.0,0.0,0.0,0.0,0.0
666,37099,38.68,56.72078491265578,1.4615563496627118,0,17,2,100,34.58,42.79,0.0,0.0,0.0,0.0,0.0,0.0
667,36696,71.97,57.16920147983543,1.4815353523161705,0,18,2,100,73.74,70.2,0.0,0.0,0.0,0.0,0.0,0.0
668,34278,55.92,48.87488606508862,1.4052208347423585,0,24,2,100,54.93,56.92,0.0,0.0,0.0,0.0,0.0,0.0
669,33875,40.58,51.90715541430144,1.5200702656889609,0,25,2,100,45.72,35.44,0.0,0.0,0.0,0.0,0.0,0.0
670,35487,74.6,59.7227084293397,1.4616006685146083,0,21,2,100,77.79,71.41,0.0,0.0,0.0,0.0,0.0,0.0
671,35487,78.74,52.5517055276441,1.4739393240694494,0,21,2,100,82.54,74.93,0.0,0.0,0.0,0.0,0.0,0.0
672,35890,32.58,54.56616716689317,1.3634409441425517,0,20,2,100,31.89,33.26,0.0,0.0,0.0,0.0,0.0,0.0
673,35890,37.3,59.90995361696977,1.4105885888956669,0,20,2,100,40.0,34.61,0.0,0.0,0.0,0.0,0.0,0.0
674,33875,77.78,51.27598539263485,1.4494108850489815,0,25,2,100,75.1,80.45,0.0,0.0,0.0,0.0,0.0,0.0
675,35487,64.44,52.97509728807302,1.4086607858672169,0,21,2,100,60.57,68.3,0.0,0.0,0.0,0.0,0.0,0.0
676,33875,71.1,47.671639091214296,1.4690580679608956,0,25,2,100,66.96,75.24,0.0,0.0,0.0,0.0,0.0,0.0
677,35890,68.87,54.52682321740933,1.4573064019235176,0,20,2,100,68.68,69.06,0.0,0.0,0.0,0.0,0.0,0.0
678,33875,58.2,53.193201711236455,1.4930636800323351,0,25,2,100,60.53,55.88,0.0,0.0,0.0,0.0,0.0,0.0
679,36696,82.81,48.3195543605963,1.46875397063933,0,18,2,100,83.93,81.69,0.0,0.0,0.0,0.0,0.0,0.0
680,33875,48.86,52.09694008260316,1.406671015288883,0,25,2,100,51.55,46.18,0.0,0.0,0.0,0.0,0.0,0.0
681,34681,97.4,53.6541157830602,1.4644779978106952,0,23,2,100,100.0,94.79,0.0,0.0,0.0,0.0,0.0,0.0
682,35487,95.22,53.22798125202175,1.4597942804108175,0,21,2,100,100.0,90.44,0.0,0.0,0.0,0.0,0.0,0.0
683,36293,47.87,59.43566550853336,1.3824431872715184,0,19,2,100,46.22,49.52,0.0,0.0,0.0,0.0,0.0,0.0
684,33875,86.16,50.18980845513072,1.531817933052016,0,25,2,100,76.75,95.57,0.0,0.0,0.0,0.0,0.0,0.0
685,38308,61.34,52.4640009963575,1.5211010163579086,0,14,2,100,59.77,62.91,0.0,0.0,0.0,0.0,0.0,0.0
686,36696,47.47,51.329391081663445,1.4634022342721442,0,18,2,100,47.09,47.85,0.0,0.0,0.0,0.0,0.0,0.0
687,36696,48.92,49.84972056568108,1.4257143467106976,0,18,2,100,49.19,48.64,0.0,0.0,0.0,0.0,0.0,0.0
688,33875,66.1,53.04014749569178,1.358329433888482,0,25,2,100,72.55,59.65,0.0,0.0,0.0,0.0,0.0,0.0
689,34681,28.03,54.88403653176316,1.413086311838912,0,23,2,100,24.31,31.75,0.0,0.0,0.0,0.0,0.0,0.0
690,35487,36.14,47.38270971197858,1.492841514290472,0,21,2,100,37.5,34.78,0.0,0.0,0.0,0.0,0.0,0.0
691,37099,73.85,51.19959593189443,1.507182437462692,0,17,2,100,70.39,77.32,0.0,0.0,0.0,0.0,0.0,0.0
692,34681,42.78,55.029476053715946,1.4538907001164398,0,23,2,100,38.24,47.33,0.0,0.0,0.0,0.0,0.0,0.0
693,38711,73.37,49.96467480870324,1.4217411090070584,0,13,2,100,72.24,74.5,0.0,0.0,0.0,0.0,0.0,0.0
694,33875,32.78,49.708528396322016,1.518934560783465,0,25,2,100,33.99,31.56,0.0,0.0,0.0,0.0,0.0,0.0
695,35487,87.42,54.83512532933513,1.500017739675522,0,21,2,100,79.9,94.93,0.0,0.0,0.0,0.0,0.0,0.0
696,33875,90.42,52.71874005021056,1.4427158574311452,0,25,2,100,91.33,89.52,0.0,0.0,0.0,0.0,0.0,0.0
697,36293,83.2,57.95170545940371,1.4324633524900685,0,19,2,100,82.06,84.33,0.0,0.0,0.0,0.0,0.0,0.0
698,37502,61.58,58.76467894731017,1.5015327275181165,0,16,2,100,62.02,61.13,0.0,0.0,0.0,0.0,0.0,0.0
699,33875,52.18,50.02416676627029,1.5112442293279087,0,25,2,100,52.71,51.66,0.0,0.0,0.0,0.0,0.0,0.0
700,35487,33.56,50.33241386504471,1.3774687401367012,0,21,2,100,38.39,28.74,0.0,0.0,0.0,0.0,0.0,0.0
701,36293,59.7,57.32088831169624,1.3568041029290023,0,19,2,100,59.96,59.43,0.0,0.0,0.0,0.0,0.0,0.0
702,33875,26.94,57.5776664547524,1.453458166267264,0,25,2,100,27.83,26.06,0.0,0.0,0.0,0.0,0.0,0.0
703,37905,48.22,57.737705882422674,1.4956057055398526,0,15,2,100,50.15,46.3,0.0,0.0,0.0,0.0,0.0,0.0
704,33875,46.6,61.269156346775134,1.4091948711446394,0,25,2,100,46.46,46.73,0.0,0.0,0.0,0.0,0.0,0.0
705,33875,69.24,57.52815556153233,1.4683462438867143,0,25,2,100,74.61,63.88,0.0,0.0,0.0,0.0,0.0,0.0
706,35084,57.7,57.94624725864748,1.4741393388602122,0,22,2,100,61.84,53.57,0.0,0.0,0.0,0.0,0.0,0.0
707,36696,31.81,54.89582235615661,1.4634848842940251,0,18,2,100,33.68,29.94,0.0,0.0,0.0,0.0,0.0,0.0
708,34278,87.46,52.43738211996471,1.5323990398330054,0,24,2,100,96.87,78.05,0.0,0.0,0.0,0.0,0.0,0.0
709,34278,50.52,53.26807950464593,1.4050677324891323,0,24,2,100,49.96,51.08,0.0,0.0,0.0,0.0,0.0,0.0
710,33875,53.44,54.01083457081396,1.3926507570121625,0,25,2,100,47.18,59.7,0.0,0.0,0.0,0.0,0.0,0.0
711,33875,76.14,56.57180442742048,1.5547955180036537,0,25,2,100,75.53,76.75,0.0,0.0,0.0,0.0,0.0,0.0
712,35084,45.64,51.89087158480186,1.456177618687725,0,22,2,100,44.82,46.45,0.0,0.0,0.0,0.0,0.0,0.0
713,35487,33.15,51.19013087043963,1.3666677698685363,0,21,2,100,32.08,34.22,0.0,0.0,0.0,0.0,0.0,0.0
714,34278,67.68,56.48751224189134,1.4301242491597197,0,24,2,100,65.37,70.0,0.0,0.0,0.0,0.0,0.0,0.0
715,35487,73.81,52.73736987937611,1.3684089423384336,0,21,2,100,74.08,73.54,0.0,0.0,0.0,0.0,0.0,0.0
716,36293,87.05,55.58564306543184,1.396674097420139,0,19,2,100,89.66,84.44,0.0,0.0,0.0,0.0,0.0,0.0
717,35084,25.85,51.667036987196056,1.413744317175153,0,22,2,100,27.16,24.54,0.0,0.0,0.0,0.0,0.0,0.0
718,33875,62.56,53.94415244712854,1.4573246416387675,0,25,2,100,61.02,64.1,0.0,0.0,0.0,0.0,0.0,0.0
719,36293,81.86,53.70666235592943,1.5067460751013204,0,19,2,100,87.99,75.74,0.0,0.0,0.0,0.0,0.0,0.0
720,34278,74.13,47.57221827720466,1.4543162285091988,0,24,2,100,69.71,78.56,0.0,0.0,0.0,0.0,0.0,0.0
721,36696,68.82,47.24107474747173,1.4208387186237277,0,18,2,100,68.46,69.18,0.0,0.0,0.0,0.0,0.0,0.0
722,37099,35.93,54.140370723091074,1.4867387283460876,0,17,2,100,35.61,36.25,0.0,0.0,0.0,0.0,0.0,0.0
723,35890,42.35,53.77042560443586,1.4743926926437123,0,20,2,100,43.56,41.14,0.0,0.0,0.0,0.0,0.0,0.0
724,34681,75.85,57.26226386475385,1.5374187026265005,0,23,2,100,80.3,71.4,0.0,0.0,0.0,0.0,0.0,0.0
725,36293,64.22,62.83843308700079,1.5024852997490907,0,19,2,100,57.5,70.93,0.0,0.0,0.0,0.0,0.0,0.0
726,36293,56.94,58.47751634291066,1.463189389138135,0,19,2,100,60.07,53.8,0.0,0.0,0.0,0.0,0.0,0.0
727,34681,93.78,51.11514412170997,1.5097550065218874,0,23,2,100,90.94,96.62,0.0,0.0,0.0,0.0,0.0,0.0
728,33875,96.02,57.200777201566126,1.5022440481636232,0,25,2,100,92.04,100.0,0.0,0.0,0.0,0.0,0.0,0.0
729,35084,92.7,53.81133887323539,1.3651941378230663,0,22,2,100,100.0,85.4,0.0,0.0,0.0,0.0,0.0,0.0
730,34681,40.76,55.023227519142765,1.4736022584892303,0,23,2,100,40.8,40.73,0.0,0.0,0.0,0.0,0.0,0.0
731,35890,72.92,51.47118064287972,1.5546429625543992,0,20,2,100,78.05,67.79,0.0,0.0,0.0,0.0,0.0,0.0
732,34681,49.68,52.03498831013399,1.5153480588621535,0,23,2,100,56.45,42.91,0.0,0.0,0.0,0.0,0.0,0.0
733,35890,44.94,53.93459862522299,1.4880157017512374,0,20,2,100,45.22,44.67,0.0,0.0,0.0,0.0,0.0,0.0
734,33875,53.88,53.32269806231722,1.477271121422752,0,25,2,100,46.97,60.79,0.0,0.0,0.0,0.0,0.0,0.0
735,36696,43.74,54.72505431803558,1.4421529123307415,0,18,2,100,46.09,41.4,0.0,0.0,0.0,0.0,0.0,0.0
736,36293,91.54,53.379201505406456,1.4349199625529954,0,19,2,100,99.77,83.32,0.0,0.0,0.0,0.0,0.0,0.0
737,33875,38.87,55.02924031328449,1.4788397784674536,0,25,2,100,40.98,36.76,0.0,0.0,0.0,0.0,0.0,0.0
738,35487,99.52,50.546374950097565,1.541284778181778,0,21,2,100,99.03,100.0,0.0,0.0,0.0,0.0,0.0,0.0
739,33875,41.78,56.63922730637026,1.4794067224394998,0,25,2,100,38.31,45.25,0.0,0.0,0.0,0.0,0.0,0.0
740,36293,53.28,52.44296429694113,1.5094746145385685,0,19,2,100,49.05,57.5,0.0,0.0,0.0,0.0,0.0,0.0
741,35084,40.75,54.01165868406656,1.3778132619406551,0,22,2,100,40.48,41.03,0.0,0.0,0.0,0.0,0.0,0.0
742,34681,53.48,53.21457542590248,1.4112545401413985,0,23,2,100,52.73,54.24,0.0,0.0,0.0,0.0,0.0,0.0
743,33875,49.54,56.61649161890817,1.4825971552217871,0,25,2,100,48.26,50.81,0.0,0.0,0.0,0.0,0.0,0.0
744,36293,73.64,53.45661711770091,1.4888642156650356,0,19,2,100,77.09,70.19,0.0,0.0,0.0,0.0,0.0,0.0
745,33875,84.82,46.122435275657935,1.420250462231338,0,25,2,100,83.73,85.92,0.0,0.0,0.0,0.0,0.0,0.0
746,37502,100.0,54.56112413841997,1.391623143316312,0,16,2,100,100.0,100.0,0.0,0.0,0.0,0.0,0.0,0.0
747,33875,83.46,50.95770349008955,1.433242564304391,0,25,2,100,89.58,77.34,0.0,0.0,0.0,0.0,0.0,0.0
748,35487,72.57,53.32206526310482,1.4893701683940983,0,21,2,100,74.01,71.13,0.0,0.0,0.0,0.0,0.0,0.0
749,34681,96.84,50.15680671664767,1.6141550014400488,0,23,2,100,93.69,100.0,0.0,0.0,0.0,0.0,0.0,0.0
750,33875,71.47,55.67878074819938,1.3949903492083513,0,25,2,100,71.86,71.08,0.0,0.0,0.0,0.0,0.0,0.0
751,35890,29.2,53.417880705473,1.4402466595723158,0,20,2,100,30.13,28.28,0.0,0.0,0.0,0.0,0.0,0.0
752,37099,92.43,52.10425219018072,1.399065034013503,0,17,2,100,100.0,84.86,0.0,0.0,0.0,0.0,0.0,0.0
753,34681,26.74,57.9143649774194,1.428520635573092,0,23,2,100,27.15,26.33,0.0,0.0,0.0,0.0,0.0,0.0
754,35890,43.8,50.405932802919295,1.4449160589131111,0,20,2,100,43.12,44.48,0.0,0.0,0.0,0.0,0.0,0.0
755,33875,74.72,49.89794939374941,1.4602144498010423,0,25,2,100,74.56,74.88,0.0,0.0,0.0,0.0,0.0,0.0
756,36293,80.96,50.40472129995895,1.5006669968198212,0,19,2,100,86.81,75.1,0.0,0.0,0.0,0.0,0.0,0.0
757,33875,66.82,52.17364108817379,1.447196456511607,0,25,2,100,65.37,68.26,0.0,0.0,0.0,0.0,0.0,0.0
758,35084,73.02,57.17161793683805,1.4984956692097433,0,22,2,100,74.62,71.41,0.0,0.0,0.0,0.0,0.0,0.0
759,36696,72.9,50.46691992597481,1.3809255883257574,0,18,2,100,80.93,64.87,0.0,0.0,0.0,0.0,0.0,0.0
760,35084,48.77,50.95909927019508,1.474364189579357,0,22,2,100,53.68,43.86,0.0,0.0,0.0,0.0,0.0,0.0
761,35890,81.6,52.15181116477963,1.3946292789397745,0,20,2,100,72.88,90.33,0.0,0.0,0.0,0.0,0.0,0.0
762,36293,27.82,51.56273777825727,1.524341338859581,0,19,2,100,29.65,26.0,0.0,0.0,0.0,0.0,0.0,0.0
763,36293,64.88,47.65474496114163,1.4566559714548677,0,19,2,100,57.83,71.94,0.0,0.0,0.0,0.0,0.0,0.0
764,35890,59.45,55.256392973504376,1.515004523515403,0,20,2,100,55.33,63.57,0.0,0.0,0.0,0.0,0.0,0.0
765,35890,48.03,54.03401645181506,1.443280815876394,0,20,2,100,50.86,45.2,0.0,0.0,0.0,0.0,0.0,0.0
766,33875,72.0,54.23011463794501,1.4782107801571178,0,25,2,100,67.04,76.96,0.0,0.0,0.0,0.0,0.0,0.0
767,35890,38.56,57.51555507343109,1.4914389475226293,0,20,2,100,42.58,34.54,0.0,0.0,0.0,0.0,0.0,0.0
768,36293,36.24,52.07141136737773,1.469129360674409,0,19,2,100,39.24,33.23,0.0,0.0,0.0,0.0,0.0,0.0
769,34278,41.62,55.06986830939415,1.4626905657498748,0,24,2,100,40.79,42.46,0.0,0.0,0.0,0.0,0.0,0.0
770,37099,84.34,51.47494267957634,1.4155440791589908,0,17,2,100,88.29,80.38,0.0,0.0,0.0,0.0,0.0,0.0
771,37905,82.71,56.52204279932448,1.5240720847752165,0,15,2,100,85.24,80.18,0.0,0.0,0.0,0.0,0.0,0.0
772,35084,96.14,52.46273926231135,1.4410828547595602,0,22,2,100,99.8,92.47,0.0,0.0,0.0,0.0,0.0,0.0
773,35084,96.93,53.62813235981595,1.5214680935799838,0,22,2,100,96.18,97.68,0.0,0.0,0.0,0.0,0.0,0.0
774,37099,42.26,56.25398388786477,1.4893728272001188,0,17,2,100,42.13,42.4,0.0,0.0,0.0,0.0,0.0,0.0
775,35487,33.39,54.56327776424988,1.3711002125216136,0,21,2,100,35.02,31.75,0.0,0.0,0.0,0.0,0.0,0.0
776,34681,75.59,56.13727229014256,1.4488771370451394,0,23,2,100,67.32,83.86,0.0,0.0,0.0,0.0,0.0,0.0
777,38308,94.06,53.308746369695214,1.4646777871476306,0,14,2,100,88.12,100.0,0.0,0.0,0.0,0.0,0.0,0.0
778,35890,84.02,52.53394338915864,1.4567850695769586,0,20,2,100,82.85,85.18,0.0,0.0,0.0,0.0,0.0,0.0
779,34278,76.44,50.682408146993424,1.394763639525987,0,24,2,100,66.21,86.66,0.0,0.0,0.0,0.0,0.0,0.0
780,33875,87.69,56.79962907018752,1.454754872956933,0,25,2,100,87.08,88.3,0.0,0.0,0.0,0.0,0.0,0.0
781,37905,52.22,49.63541821391306,1.396280411466528,0,15,2,100,55.63,48.8,0.0,0.0,0.0,0.0,0.0,0.0
782,37099,98.12,57.32794285198936,1.4136823228581183,0,17,2,100,100.0,96.25,0.0,0.0,0.0,0.0,0.0,0.0
783,35084,60.0,58.09229911416728,1.4042171033206652,0,22,2,100,59.73,60.26,0.0,0.0,0.0,0.0,0.0,0.0
784,34278,57.29,53.92990733476676,1.4075634523986826,0,24,2,100,57.82,56.76,0.0,0.0,0.0,0.0,0.0,0.0
785,35084,51.89,53.315373989143865,1.4812973227187112,0,22,2,100,50.38,53.39,0.0,0.0,0.0,0.0,0.0,0.0
786,35487,82.74,49.31265711638607,1.519620380100722,0,21,2,100,74.86,90.61,0.0,0.0,0.0,0.0,0.0,0.0
787,33875,42.92,52.64995599831288,1.4558066617155874,0,25,2,100,46.48,39.35,0.0,0.0,0.0,0.0,0.0,0.0
788,37905,76.21,50.5366405721182,1.4770413794451838,0,15,2,100,80.78,71.64,0.0,0.0,0.0,0.0,0.0,0.0
789,33875,82.11,53.40360491333978,1.4868701108453188,0,25,2,100,78.75,85.47,0.0,0.0,0.0,0.0,0.0,0.0
790,35890,83.22,50.69184204378311,1.4864374895299943,0,20,2,100,88.7,77.75,0.0,0.0,0.0,0.0,0.0,0.0
791,33875,40.06,57.344494380703125,1.4186511139173976,0,25,2,100,41.77,38.35,0.0,0.0,0.0,0.0,0.0,0.0
792,36696,59.97,53.686727925339774,1.411531630932669,0,18,2,100,58.86,61.08,0.0,0.0,0.0,0.0,0.0,0.0
793,35487,87.09,50.793212143703485,1.4116988010052691,0,21,2,100,74.18,100.0,0.0,0.0,0.0,0.0,0.0,0.0
794,36696,29.35,55.6848418455252,1.4718810190403102,0,18,2,100,28.31,30.39,0.0,0.0,0.0,0.0,0.0,0.0
795,37502,33.98,51.19730552018418,1.5216365670435563,0,16,2,100,32.02,35.93,0.0,0.0,0.0,0.0,0.0,0.0
796,35487,41.64,54.558407177601936,1.4002223763227075,0,21,2,100,43.1,40.18,0.0,0.0,0.0,0.0,0.0,0.0
797,37099,88.54,54.96013263857674,1.4612870113365073,0,17,2,100,100.0,77.08,0.0,0.0,0.0,0.0,0.0,0.0
798,35487,48.75,54.37037536588634,1.441576410510951,0,21,2,100,54.16,43.34,0.0,0.0,0.0,0.0,0.0,0.0
799,35084,52.38,53.6751734608999,1.4301226303994377,0,22,2,100,55.69,49.08,0.0,0.0,0.0,0.0,0.0,0.0
800,34278,95.16,56.63538599094561,1.5036810258033173,0,24,2,100,90.33,100.0,0.0,0.0,0.0,0.0,0.0,0.0
801,34681,42.14,55.950343417205474,1.3692907993273429,0,23,2,100,43.08,41.21,0.0,0.0,0.0,0.0,0.0,0.0
802,33875,56.44,51.88947628029943,1.446330073412298,0,25,2,100,56.47,56.41,0.0,0.0,0.0,0.0,0.0,0.0
803,33875,72.44,56.23712217518288,1.4923917382960632,0,25,2,100,74.35,70.54,0.0,0.0,0.0,0.0,0.0,0.0
804,38711,91.86,51.51754833244836,1.4368314828171225,0,13,2,100,91.45,92.26,0.0,0.0,0.0,0.0,0.0,0.0
805,39114,48.34,55.28079686037573,1.4753330581325184,0,12,2,100,47.04,49.65,0.0,0.0,0.0,0.0,0.0,0.0
806,35890,55.28,49.77483414378388,1.4867084828822728,0,20,2,100,55.14,55.41,0.0,0.0,0.0,0.0,0.0,0.0
807,36293,27.82,55.40401788903424,1.411173057223077,0,19,2,100,27.29,28.35,0.0,0.0,0.0,0.0,0.0,0.0
808,35487,91.87,52.06557508852218,1.4576689042974125,0,21,2,100,89.9,93.84,0.0,0.0,0.0,0.0,0.0,0.0
809,37502,45.88,54.437905797608906,1.4445809029500571,0,16,2,100,46.61,45.14,0.0,0.0,0.0,0.0,0.0,0.0
810,35084,61.36,53.41187289559923,1.462063685116962,0,22,2,100,57.09,65.62,0.0,0.0,0.0,0.0,0.0,0.0
811,35890,61.82,56.61823827048055,1.3925053155170608,0,20,2,100,63.15,60.48,0.0,0.0,0.0,0.0,0.0,0.0
812,34278,97.39,56.86825267464183,1.466032982843764,0,24,2,100,94.78,100.0,0.0,0.0,0.0,0.0,0.0,0.0
813,35487,66.52,58.38312164712412,1.4557195060542123,0,21,2,100,60.39,72.64,0.0,0.0,0.0,0.0,0.0,0.0
814,34278,55.25,53.964506769404224,1.476708352690745,0,24,2,100,57.64,52.86,0.0,0.0,0.0,0.0,0.0,0.0
815,35487,44.06,55.6588483296788,1.4219234773520375,0,21,2,100,41.0,47.11,0.0,0.0,0.0,0.0,0.0,0.0
816,36696,55.45,52.42516553291374,1.4673246138529958,0,18,2,100,57.77,53.13,0.0,0.0,0.0,0.0,0.0,0.0
817,37099,65.54,54.70404794254976,1.4644799113560028,0,17,2,100,60.93,70.14,0.0,0.0,0.0,0.0,0.0,0.0
818,33875,77.77,48.95238830568114,1.471509394566123,0,25,2,100,69.27,86.27,0.0,0.0,0.0,0.0,0.0,0.0
819,35084,47.23,50.5191774948701,1.4788202817186904,0,22,2,100,44.06,50.4,0.0,0.0,0.0,0.0,0.0,0.0
820,35890,71.46,60.11630547414511,1.5204638738936722,0,20,2,100,76.47,66.45,0.0,0.0,0.0,0.0,0.0,0.0
821,35084,96.03,51.182035671802,1.4238090329636242,0,22,2,100,100.0,92.06,0.0,0.0,0.0,0.0,0.0,0.0
822,39517,77.84,54.76256109050223,1.6001972863833906,0,11,2,100,72.93,82.74,0.0,0.0,0.0,0.0,0.0,0.0
823,37099,84.38,52.0892929897243,1.458399619506888,0,17,2,100,74.88,93.87,0.0,0.0,0.0,0.0,0.0,0.0
824,39114,61.35,52.09933950696474,1.4567534734561471,0,12,2,100,65.85,56.85,0.0,0.0,0.0,0.0,0.0,0.0
825,37502,29.92,54.965533428665566,1.3555682880613782,0,16,2,100,29.74,30.1,0.0,0.0,0.0,0.0,0.0,0.0
826,35487,56.0,52.82885546247583,1.404947169266235,0,21,2,100,64.01,47.98,0.0,0.0,0.0,0.0,0.0,0.0
827,40763,68.07,52.99523813189163,1.404111108913072,1,14,2,100,62.94,73.2,0.0,0.0,0.0,0.0,0.0,0.0
828,33875,50.24,52.30856767537622,1.4722528231229783,0,25,2,100,47.56,52.93,0.0,0.0,0.0,0.0,0.0,0.0
829,35084,37.33,47.06146189284438,1.4355895087003645,0,22,2,100,38.06,36.59,0.0,0.0,0.0,0.0,0.0,0.0
830,34278,79.65,56.1691629341673,1.436161078951908,0,24,2,100,74.68,84.62,0.0,0.0,0.0,0.0,0.0,0.0
831,35890,25.27,54.844305622467,1.4222117000143073,0,20,2,100,24.92,25.62,0.0,0.0,0.0,0.0,0.0,0.0
832,37099,38.83,56.30895592721463,1.4282248484888656,0,17,2,100,39.45,38.21,0.0,0.0,0.0,0.0,0.0,0.0
833,33875,87.56,55.32422652401109,1.4016061394219803,0,25,2,100,92.38,82.73,0.0,0.0,0.0,0.0,0.0,0.0
834,35084,58.82,55.13119220971491,1.440622671726133,0,22,2,100,53.35,64.3,0.0,0.0,0.0,0.0,0.0,0.0
835,36696,32.6,53.81922399191195,1.3778220095153944,0,18,2,100,32.67,32.53,0.0,0.0,0.0,0.0,0.0,0.0
836,36696,60.56,51.34137020319248,1.4324052856032563,0,18,2,100,61.82,59.3,0.0,0.0,0.0,0.0,0.0,0.0
837,34681,91.19,53.03317369918791,1.3175352547504722,0,23,2,100,96.18,86.2,0.0,0.0,0.0,0.0,0.0,0.0
838,36293,62.1,57.48941334339976,1.531122072141725,0,19,2,100,57.15,67.04,0.0,0.0,0.0,0.0,0.0,0.0
839,34681,27.35,60.363331694419465,1.4840747475199876,0,23,2,100,26.56,28.15,0.0,0.0,0.0,0.0,0.0,0.0
840,35487,38.65,52.32387747995393,1.3901161506088535,0,21,2,100,34.12,43.18,0.0,0.0,0.0,0.0,0.0,0.0
841,33875,49.82,54.87231577227591,1.4615815749981895,0,25,2,100,51.11,48.52,0.0,0.0,0.0,0.0,0.0,0.0
842,37099,88.7,52.513891368468094,1.477146744849348,0,17,2,100,89.1,88.31,0.0,0.0,0.0,0.0,0.0,0.0
843,35084,67.8,55.171643743876416,1.3864544852442686,0,22,2,100,67.56,68.04,0.0,0.0,0.0,0.0,0.0,0.0
844,37099,23.68,54.83085762847828,1.472377842493089,0,17,2,100,22.66,24.71,0.0,0.0,0.0,0.0,0.0,0.0
845,37905,43.8,48.98401947853736,1.5259138915404549,0,15,2,100,45.98,41.62,0.0,0.0,0.0,0.0,0.0,0.0
846,35487,73.77,53.16519075403405,1.455638927439167,0,21,2,100,71.76,75.78,0.0,0.0,0.0,0.0,0.0,0.0
847,34681,50.33,55.78863155735162,1.4249222450953771,0,23,2,100,50.02,50.64,0.0,0.0,0.0,0.0,0.0,0.0
848,36293,87.5,46.77179894605262,1.4469171864407524,0,19,2,100,87.59,87.41,0.0,0.0,0.0,0.0,0.0,0.0
849,35487,73.29,61.823208174765085,1.4418622961701482,0,21,2,100,68.27,78.31,0.0,0.0,0.0,0.0,0.0,0.0
850,35084,36.3,57.39120131990923,1.4301359104678513,0,22,2,100,35.33,37.26,0.0,0.0,0.0,0.0,0.0,0.0
851,36696,43.56,55.399631884559646,1.4921716938612353,0,18,2,100,42.64,44.47,0.0,0.0,0.0,0.0,0.0,0.0
852,37099,50.84,52.89148679906167,1.4243096367496864,0,17,2,100,47.37,54.32,0.0,0.0,0.0,0.0,0.0,0.0
853,34278,79.41,58.464560005255045,1.3535081159001674,0,24,2,100,80.0,78.83,0.0,0.0,0.0,0.0,0.0,0.0
854,37099,23.79,52.5840240329058,1.4615049425593585,0,17,2,100,21.54,26.04,0.0,0.0,0.0,0.0,0.0,0.0
855,33875,40.64,57.5074147139127,1.4911310018587285,0,25,2,100,43.22,38.06,0.0,0.0,0.0,0.0,0.0,0.0
856,33875,32.25,57.96438817408112,1.3374588535238692,0,25,2,100,31.04,33.47,0.0,0.0,0.0,0.0,0.0,0.0
857,35890,88.9,54.62856427919597,1.395918218721149,0,20,2,100,94.72,83.09,0.0,0.0,0.0,0.0,0.0,0.0
858,35487,23.06,50.053449520230906,1.4473476879777634,0,21,2,100,23.58,22.55,0.0,0.0,0.0,0.0,0.0,0.0
859,34681,35.74,54.9160805923205,1.5123875684449832,0,23,2,100,35.73,35.75,0.0,0.0,0.0,0.0,0.0,0.0
860,38711,94.29,55.70452406860867,1.4961646222457925,0,13,2,100,90.96,97.63,0.0,0.0,0.0,0.0,0.0,0.0
861,34681,42.14,54.91587813911352,1.406223057297157,0,23,2,100,44.24,40.05,0.0,0.0,0.0,0.0,0.0,0.0
862,35890,100.0,52.64987735054319,1.4216463347400323,0,20,2,100,100.0,100.0,0.0,0.0,0.0,0.0,0.0,0.0
863,38308,90.2,48.31821423228107,1.446117884687803,0,14,2,100,91.17,89.22,0.0,0.0,0.0,0.0,0.0,0.0
864,36293,61.0,57.70443113653428,1.4274166233562793,0,19,2,100,55.88,66.11,0.0,0.0,0.0,0.0,0.0,0.0
865,34278,60.39,51.43738047961453,1.45532818946945,0,24,2,100,59.11,61.67,0.0,0.0,0.0,0.0,0.0,0.0
866,35487,94.48,52.76703590158319,1.3852460476958988,0,21,2,100,88.95,100.0,0.0,0.0,0.0,0.0,0.0,0.0
867,33875,81.54,53.905709331327216,1.511122411231333,0,25,2,100,83.6,79.48,0.0,0.0,0.0,0.0,0.0,0.0
868,36293,59.28,52.99528188855992,1.5142141332027248,0,19,2,100,57.48,61.08,0.0,0.0,0.0,0.0,0.0,0.0
869,35890,81.27,54.82838519253172,1.4247734489348247,0,20,2,100,77.18,85.36,0.0,0.0,0.0,0.0,0.0,0.0
870,34681,85.38,56.99987858348414,1.417437638302427,0,23,2,100,82.87,87.9,0.0,0.0,0.0,0.0,0.0,0.0
871,35084,51.62,52.92999386884498,1.426818337346856,0,22,2,100,56.09,47.14,0.0,0.0,0.0,0.0,0.0,0.0
872,33875,49.14,48.59377084346741,1.441533041000339,0,25,2,100,48.85,49.42,0.0,0.0,0.0,0.0,0.0,0.0
873,33875,96.28,54.91803138448636,1.4483603462125418,0,25,2,100,93.67,98.89,0.0,0.0,0.0,0.0,0.0,0.0
874,35890,79.73,56.44507794660183,1.4641809272031676,0,20,2,100,75.83,83.63,0.0,0.0,0.0,0.0,0.0,0.0
875,33875,74.03,51.67798485164222,1.4145271903982386,0,25,2,100,71.07,76.99,0.0,0.0,0.0,0.0,0.0,0.0
876,37905,65.6,54.14556165316037,1.4183652379342635,0,15,2,100,67.6,63.59,0.0,0.0,0.0,0.0,0.0,0.0
877,33875,39.75,52.837399836591935,1.4911279513117053,0,25,2,100,38.62,40.88,0.0,0.0,0.0,0.0,0.0,0.0
878,34278,56.06,50.60948967945932,1.4396289673456424,0,24,2,100,56.52,55.6,0.0,0.0,0.0,0.0,0.0,0.0
879,33875,71.56,55.12486227760306,1.4357989324495073,0,25,2,100,77.09,66.02,0.0,0.0,0.0,0.0,0.0,0.0
880,37905,68.54,52.909722625077535,1.341062937062342,0,15,2,100,70.25,66.82,0.0,0.0,0.0,0.0,0.0,0.0
881,36696,54.8,52.07982034627366,1.4486970710407006,0,18,2,100,59.74,49.85,0.0,0.0,0.0,0.0,0.0,0.0
882,33875,72.12,54.56733993266157,1.460560915726688,0,25,2,100,70.31,73.94,0.0,0.0,0.0,0.0,0.0,0.0
883,35890,88.15,54.95738452772077,1.359828069457019,0,20,2,100,81.84,94.45,0.0,0.0,0.0,0.0,0.0,0.0
884,40323,27.92,54.56128662410995,1.5030833264838177,0,9,2,100,27.61,28.24,0.0,0.0,0.0,0.0,0.0,0.0
885,36293,29.48,55.62523427763528,1.4749066447128336,0,19,2,100,28.53,30.42,0.0,0.0,0.0,0.0,0.0,0.0
886,35487,76.69,55.805019094742455,1.4390876407380329,0,21,2,100,69.27,84.12,0.0,0.0,0.0,0.0,0.0,0.0
887,34278,40.36,51.11439280767513,1.4480002811963812,0,24,2,100,38.76,41.96,0.0,0.0,0.0,0.0,0.0,0.0
888,38711,53.81,56.05998606727526,1.3729659496310012,0,13,2,100,52.48,55.14,0.0,0.0,0.0,0.0,0.0,0.0
889,35487,46.46,53.42452037398748,1.431723075654847,0,21,2,100,50.57,42.36,0.0,0.0,0.0,0.0,0.0,0.0
890,33875,76.26,53.274455053402825,1.411708158866911,0,25,2,100,67.95,84.56,0.0,0.0,0.0,0.0,0.0,0.0
891,35084,62.32,51.512635959436274,1.401767138841027,0,22,2,100,57.19,67.45,0.0,0.0,0.0,0.0,0.0,0.0
892,36293,64.42,52.195138278699744,1.4543148815204092,0,19,2,100,67.5,61.34,0.0,0.0,0.0,0.0,0.0,0.0
893,39920,60.11,56.18909547419057,1.377360165716163,0,10,2,100,61.38,58.84,0.0,0.0,0.0,0.0,0.0,0.0
894,39517,68.26,54.342920654829605,1.3833120119065667,0,11,2,100,68.33,68.18,0.0,0.0,0.0,0.0,0.0,0.0
895,34681,64.26,53.00196051966629,1.3723954767118849,0,23,2,100,58.99,69.53,0.0,0.0,0.0,0.0,0.0,0.0
896,36696,78.5,52.66042062437976,1.427586783624535,0,18,2,100,71.72,85.27,0.0,0.0,0.0,0.0,0.0,0.0
897,35890,49.64,57.77433920943202,1.4608401984627977,0,20,2,100,45.19,54.09,0.0,0.0,0.0,0.0,0.0,0.0
898,36293,50.53,52.38260676773393,1.424650026060281,0,19,2,100,53.13,47.93,0.0,0.0,0.0,0.0,0.0,0.0
899,36293,86.46,56.92621207384301,1.4770785290087411,0,19,2,100,86.39,86.52,0.0,0.0,0.0,0.0,0.0,0.0
900,39517,65.44,56.62065780590467,1.358579814459158,0,11,2,100,61.2,69.68,0.0,0.0,0.0,0.0,0.0,0.0
901,36293,73.64,53.82612786931886,1.427678437782874,0,19,2,100,65.76,81.51,0.0,0.0,0.0,0.0,0.0,0.0
902,37502,61.92,52.44751168416485,1.4380477348590188,0,16,2,100,63.34,60.5,0.0,0.0,0.0,0.0,0.0,0.0
903,33875,23.08,53.64167358799721,1.4769996248180564,0,25,2,100,22.86,23.3,0.0,0.0,0.0,0.0,0.0,0.0
904,39114,69.44,55.1155778153047,1.524199694389201,0,12,2,100,70.24,68.65,0.0,0.0,0.0,0.0,0.0,0.0
905,37099,80.11,56.24073061767608,1.409278011847937,0,17,2,100,84.48,75.74,0.0,0.0,0.0,0.0,0.0,0.0
906,34278,33.52,50.96001790365024,1.4008426717392704,0,24,2,100,34.5,32.53,0.0,0.0,0.0,0.0,0.0,0.0
907,33875,28.94,55.00863314961363,1.4735583566077326,0,25,2,100,30.99,26.88,0.0,0.0,0.0,0.0,0.0,0.0
908,36293,58.51,48.36658632387293,1.4512499908078555,0,19,2,100,58.5,58.52,0.0,0.0,0.0,0.0,0.0,0.0
909,36293,51.2,53.98433982619376,1.4468652240926556,0,19,2,100,49.15,53.25,0.0,0.0,0.0,0.0,0.0,0.0
910,36696,81.62,49.40127984898688,1.383627235988624,0,18,2,100,81.41,81.84,0.0,0.0,0.0,0.0,0.0,0.0
911,36696,74.15,52.987189412276,1.4490142314304109,0,18,2,100,71.61,76.68,0.0,0.0,0.0,0.0,0.0,0.0
912,36696,51.19,51.73967207984396,1.3715986289264346,0,18,2,100,50.41,51.98,0.0,0.0,0.0,0.0,0.0,0.0
913,37905,27.94,51.81183965225701,1.3893722608857388,0,15,2,100,27.6,28.28,0.0,0.0,0.0,0.0,0.0,0.0
914,38308,63.58,53.76145311206625,1.5139701976083737,0,14,2,100,66.3,60.85,0.0,0.0,0.0,0.0,0.0,0.0
915,39114,64.14,55.67296195722857,1.3459143798860047,0,12,2,100,60.41,67.87,0.0,0.0,0.0,0.0,0.0,0.0
916,36696,78.5,56.29914039138036,1.4662111946594445,0,18,2,100,87.56,69.45,0.0,0.0,0.0,0.0,0.0,0.0
917,36293,65.76,49.59518120808136,1.4814832803470708,0,19,2,100,63.67,67.85,0.0,0.0,0.0,0.0,0.0,0.0
918,36293,98.3,57.3342849069667,1.3400873975552163,0,19,2,100,100.0,96.59,0.0,0.0,0.0,0.0,0.0,0.0
919,35487,93.91,56.23731855274747,1.4894494528932498,0,21,2,100,88.34,99.48,0.0,0.0,0.0,0.0,0.0,0.0
920,37502,70.59,54.47673981653064,1.3814986854844542,0,16,2,100,67.22,73.95,0.0,0.0,0.0,0.0,0.0,0.0
921,34278,74.31,48.94507454672563,1.5066753358469709,0,24,2,100,73.74,74.87,0.0,0.0,0.0,0.0,0.0,0.0
922,33875,75.22,54.96586358874677,1.4718566423523485,0,25,2,100,73.56,76.87,0.0,0.0,0.0,0.0,0.0,0.0
923,37502,67.92,58.8389871303333,1.4770820675356833,0,16,2,100,69.75,66.09,0.0,0.0,0.0,0.0,0.0,0.0
924,35890,75.76,56.03678654175792,1.3835468338580097,0,20,2,100,75.11,76.41,0.0,0.0,0.0,0.0,0.0,0.0
925,35084,60.48,56.96139626422664,1.435109967193095,0,22,2,100,60.83,60.13,0.0,0.0,0.0,0.0,0.0,0.0
926,34681,53.18,58.26830112171306,1.378047873827987,0,23,2,100,53.31,53.05,0.0,0.0,0.0,0.0,0.0,0.0
927,37905,46.03,52.186301445526645,1.4543497380657178,0,15,2,100,45.53,46.52,0.0,0.0,0.0,0.0,0.0,0.0
928,35487,46.94,51.71845092056304,1.3990508013119702,0,21,2,100,45.98,47.9,0.0,0.0,0.0,0.0,0.0,0.0
929,37099,76.19,54.471208003462586,1.4121093593351883,0,17,2,100,79.95,72.44,0.0,0.0,0.0,0.0,0.0,0.0
930,35487,51.02,59.805229577477945,1.449135203073198,0,21,2,100,51.48,50.55,0.0,0.0,0.0,0.0,0.0,0.0
931,35084,71.23,54.75395855421009,1.3823998797967725,0,22,2,100,69.45,73.01,0.0,0.0,0.0,0.0,0.0,0.0
932,35890,68.1,48.54803732185962,1.489737354879082,0,20,2,100,60.49,75.7,0.0,0.0,0.0,0.0,0.0,0.0
933,38308,75.74,56.161442278268176,1.4570854448208324,0,14,2,100,74.28,77.21,0.0,0.0,0.0,0.0,0.0,0.0
934,36696,27.58,59.860231282825566,1.4348789580227754,0,18,2,100,29.51,25.65,0.0,0.0,0.0,0.0,0.0,0.0
935,35084,97.14,54.725176429966446,1.4919530923941076,0,22,2,100,100.0,94.28,0.0,0.0,0.0,0.0,0.0,0.0
936,36293,88.95,58.50956187353036,1.484222268713962,0,19,2,100,79.66,98.24,0.0,0.0,0.0,0.0,0.0,0.0
937,34681,38.64,56.82939856430565,1.408033961701881,0,23,2,100,38.78,38.49,0.0,0.0,0.0,0.0,0.0,0.0
938,36293,75.98,51.29893280558532,1.475634143385956,0,19,2,100,74.62,77.34,0.0,0.0,0.0,0.0,0.0,0.0
939,36696,91.14,59.32184943678844,1.3756670717475192,0,18,2,100,95.67,86.61,0.0,0.0,0.0,0.0,0.0,0.0
940,35487,71.04,52.99254398878645,1.4082457595220754,0,21,2,100,69.55,72.52,0.0,0.0,0.0,0.0,0.0,0.0
941,35084,73.43,48.64150668503429,1.3474413852487337,0,22,2,100,79.01,67.84,0.0,0.0,0.0,0.0,0.0,0.0
942,38711,55.08,57.80953648702369,1.3885770586213386,0,13,2,100,51.41,58.76,0.0,0.0,0.0,0.0,0.0,0.0
943,35487,58.14,53.28945411781263,1.4878516620037678,0,21,2,100,62.72,53.55,0.0,0.0,0.0,0.0,0.0,0.0
944,37905,85.05,54.67516922436611,1.483234614629176,0,15,2,100,89.8,80.3,0.0,0.0,0.0,0.0,0.0,0.0
945,37099,73.08,51.60892779254338,1.477547022477814,0,17,2,100,66.17,79.98,0.0,0.0,0.0,0.0,0.0,0.0
946,34681,90.22,50.38145160364371,1.334356213770296,0,23,2,100,100.0,80.45,0.0,0.0,0.0,0.0,0.0,0.0
947,37905,50.16,53.00326245364463,1.4023830743324617,0,15,2,100,48.68,51.65,0.0,0.0,0.0,0.0,0.0,0.0
948,35487,31.75,61.45696372910254,1.4595395867067364,0,21,2,100,32.96,30.54,0.0,0.0,0.0,0.0,0.0,0.0
949,36696,69.92,54.74090266861591,1.4064059727355536,0,18,2,100,62.13,77.7,0.0,0.0,0.0,0.0,0.0,0.0
950,37502,75.23,54.08680583089423,1.35158046598285,0,16,2,100,79.26,71.2,0.0,0.0,0.0,0.0,0.0,0.0
951,35487,56.56,51.66366893949503,1.3731026119438412,0,21,2,100,54.69,58.43,0.0,0.0,0.0,0.0,0.0,0.0
952,37099,65.79,51.21526148967628,1.4760832101730788,0,17,2,100,67.12,64.46,0.0,0.0,0.0,0.0,0.0,0.0
953,35084,48.73,54.135965300140704,1.464292720925662,0,22,2,100,48.0,49.46,0.0,0.0,0.0,0.0,0.0,0.0
954,37099,35.92,50.82308846375646,1.4789690672193856,0,17,2,100,40.14,31.71,0.0,0.0,0.0,0.0,0.0,0.0
955,38308,38.64,52.67960764717508,1.4325232895779572,0,14,2,100,37.35,39.94,0.0,0.0,0.0,0.0,0.0,0.0
956,37099,34.05,55.06636998974726,1.3910630499235936,0,17,2,100,38.19,29.91,0.0,0.0,0.0,0.0,0.0,0.0
957,37905,69.57,54.013939835676176,1.429975418161653,0,15,2,100,66.63,72.51,0.0,0.0,0.0,0.0,0.0,0.0
958,34278,50.62,58.13589429416644,1.50017974722164,0,24,2,100,49.98,51.26,0.0,0.0,0.0,0.0,0.0,0.0
959,36293,41.28,52.648033513326375,1.3851536561569795,0,19,2,100,41.1,41.47,0.0,0.0,0.0,0.0,0.0,0.0
960,37905,79.61,54.60483880414566,1.4088290451160363,0,15,2,100,80.62,78.6,0.0,0.0,0.0,0.0,0.0,0.0
961,37502,64.35,52.98136843552669,1.3072569528416569,0,16,2,100,63.98,64.72,0.0,0.0,0.0,0.0,0.0,0.0
962,34681,50.28,53.81839114429116,1.4427587913399085,0,23,2,100,44.58,55.97,0.0,0.0,0.0,0.0,0.0,0.0
963,34278,83.45,53.55801062232041,1.47499992336236,0,24,2,100,77.43,89.47,0.0,0.0,0.0,0.0,0.0,0.0
964,36293,33.19,57.57685662126482,1.4425942137864027,0,19,2,100,33.84,32.54,0.0,0.0,0.0,0.0,0.0,0.0
965,36696,79.31,51.86576678112882,1.3981688150004534,0,18,2,100,85.47,73.15,0.0,0.0,0.0,0.0,0.0,0.0
966,36696,94.73,49.92308777061696,1.4917834744851737,0,18,2,100,93.18,96.28,0.0,0.0,0.0,0.0,0.0,0.0
967,34278,41.76,56.23081756152487,1.4178491653943264,0,24,2,100,40.74,42.77,0.0,0.0,0.0,0.0,0.0,0.0
968,35890,96.86,52.1916508452058,1.4189354520798083,0,20,2,100,94.58,99.14,0.0,0.0,0.0,0.0,0.0,0.0
969,40323,53.02,56.03927359535306,1.3801467282283495,0,9,2,100,48.16,57.87,0.0,0.0,0.0,0.0,0.0,0.0
970,35084,59.38,55.69745252186368,1.3419588339008115,0,22,2,100,60.2,58.56,0.0,0.0,0.0,0.0,0.0,0.0
971,37099,86.76,51.40514705172778,1.3984660439362535,0,17,2,100,97.04,76.49,0.0,0.0,0.0,0.0,0.0,0.0
972,35084,46.86,56.60349063547378,1.406163216019921,0,22,2,100,49.93,43.8,0.0,0.0,0.0,0.0,0.0,0.0
973,37905,71.92,52.74761087738296,1.3814609290343325,0,15,2,100,70.04,73.8,0.0,0.0,0.0,0.0,0.0,0.0
974,37905,39.58,56.89375456137231,1.4293061653401755,0,15,2,100,35.29,43.87,0.0,0.0,0.0,0.0,0.0,0.0
975,37905,67.9,55.666763798513486,1.398803631687371,0,15,2,100,65.89,69.92,0.0,0.0,0.0,0.0,0.0,0.0
976,42375,44.79,55.16594756046251,1.4178404575747687,1,10,2,100,42.36,47.22,0.0,0.0,0.0,0.0,0.0,0.0
977,37099,43.58,54.89962453429181,1.4494505126249897,0,17,2,100,49.03,38.12,0.0,0.0,0.0,0.0,0.0,0.0
978,37099,99.9,51.85612850777178,1.4228621524853438,0,17,2,100,99.79,100.0,0.0,0.0,0.0,0.0,0.0,0.0
979,38308,22.41,56.20798880559613,1.3633791068771943,0,14,2,100,20.99,23.83,0.0,0.0,0.0,0.0,0.0,0.0
980,41569,70.2,53.390147418267205,1.4348861442611354,1,12,2,100,72.14,68.27,0.0,0.0,0.0,0.0,0.0,0.0
981,37905,68.35,48.56424324312479,1.4850199943109523,0,15,2,100,66.06,70.64,0.0,0.0,0.0,0.0,0.0,0.0
982,38308,23.39,55.64299226421155,1.3694625838897525,0,14,2,100,23.99,22.79,0.0,0.0,0.0,0.0,0.0,0.0
983,36293,83.22,53.24322270425894,1.5045897710618608,0,19,2,100,74.89,91.54,0.0,0.0,0.0,0.0,0.0,0.0
984,35890,63.97,46.59786319314414,1.3810840957016304,0,20,2,100,69.53,58.41,0.0,0.0,0.0,0.0,0.0,0.0
985,35890,72.87,55.261339516323375,1.512516678752032,0,20,2,100,72.7,73.04,0.0,0.0,0.0,0.0,0.0,0.0
986,37905,77.48,58.15675504204657,1.4263189708282729,0,15,2,100,79.75,75.22,0.0,0.0,0.0,0.0,0.0,0.0
987,36696,61.17,52.90618154922374,1.4113485420025924,0,18,2,100,61.04,61.3,0.0,0.0,0.0,0.0,0.0,0.0
988,35487,74.11,52.691939981599845,1.4248089006048776,0,21,2,100,79.13,69.09,0.0,0.0,0.0,0.0,0.0,0.0
989,39920,49.11,56.5604947495263,1.4579683046499956,0,10,2,100,49.53,48.69,0.0,0.0,0.0,0.0,0.0,0.0
990,36696,34.34,54.36821945137439,1.4372869008756992,0,18,2,100,35.71,32.96,0.0,0.0,0.0,0.0,0.0,0.0
991,35084,29.34,51.90614695021584,1.382658423479756,0,22,2,100,29.13,29.56,0.0,0.0,0.0,0.0,0.0,0.0
992,35084,27.13,56.76875640396258,1.4026867300453432,0,22,2,100,27.7,26.56,0.0,0.0,0.0,0.0,0.0,0.0
993,36696,60.6,53.47007369603938,1.4307038191012544,0,18,2,100,66.03,55.17,0.0,0.0,0.0,0.0,0.0,0.0
994,34681,59.09,46.934107413468006,1.4351558025774016,0,23,2,100,57.04,61.14,0.0,0.0,0.0,0.0,0.0,0.0
995,36696,31.94,54.24863948306342,1.3726367332564102,0,18,2,100,32.75,31.13,0.0,0.0,0.0,0.0,0.0,0.0
996,42224,96.86,58.08204077662742,1.3526598625737016,2,12,2,100,98.99,94.74,0.0,0.0,0.0,0.0,0.0,0.0
997,37099,97.17,52.4379322556154,1.276906411944932,0,17,2,100,94.34,100.0,0.0,0.0,0.0,0.0,0.0,0.0
998,34681,67.22,52.60774295317319,1.4353486699592737,0,23,2,100,65.42,69.03,0.0,0.0,0.0,0.0,0.0,0.0
999,37099,55.54,58.89274030692992,1.451990730318195,0,17,2,100,61.4,49.69,0.0,0.0,0.0,0.0,0.0,0.0
1000,37099,52.75,57.49012584279991,1.336643707509204,0,17,2,100,58.8,46.7,0.0,0.0,0.0,0.0,0.0,0.0
1001,38711,81.37,53.21413306176001,1.510307639572842,0,13,2,100,83.55,79.19,0.0,0.0,0.0,0.0,0.0,0.0
1002,35487,53.34,60.94857404340233,1.4282562617797638,0,21,2,100,57.13,49.54,0.0,0.0,0.0,0.0,0.0,0.0
1003,34681,98.6,58.423454485768914,1.4743086202872535,0,23,2,100,97.21,100.0,0.0,0.0,0.0,0.0,0.0,0.0
1004,36696,80.24,53.15393433002451,1.3944514127572905,0,18,2,100,82.92,77.55,0.0,0.0,0.0,0.0,0.0,0.0
1005,35890,43.7,57.26680927193471,1.3559492806502584,0,20,2,100,47.48,39.92,0.0,0.0,0.0,0.0,0.0,0.0
1006,38308,99.12,54.36596296412563,1.3619134304381997,0,14,2,100,98.23,100.0,0.0,0.0,0.0,0.0,0.0,0.0
1007,35890,85.48,51.59151789858676,1.4307082638857496,0,20,2,100,91.33,79.64,0.0,0.0,0.0,0.0,0.0,0.0
1008,34278,54.25,52.01386217130307,1.4067635291433354,0,24,2,100,49.37,59.13,0.0,0.0,0.0,0.0,0.0,0.0
1009,35487,27.94,55.37541550356285,1.4433353551392256,0,21,2,100,26.08,29.8,0.0,0.0,0.0,0.0,0.0,0.0
1010,37502,49.18,58.199336434932405,1.4732078541384692,0,16,2,100,52.46,45.9,0.0,0.0,0.0,0.0,0.0,0.0
1011,36696,42.44,58.61949316112013,1.4396237696314484,0,18,2,100,41.68,43.19,0.0,0.0,0.0,0.0,0.0,0.0
1012,37502,51.74,53.73436619941732,1.4400321239303298,0,16,2,100,57.22,46.27,0.0,0.0,0.0,0.0,0.0,0.0
1013,36293,96.84,52.9131745759017,1.3891942806061142,0,19,2,100,98.18,95.51,0.0,0.0,0.0,0.0,0.0,0.0
1014,35487,72.38,55.52012330362366,1.4152459840933536,0,21,2,100,72.25,72.51,0.0,0.0,0.0,0.0,0.0,0.0
1015,35084,71.8,50.57601616290395,1.396262591745567,0,22,2,100,76.58,67.02,0.0,0.0,0.0,0.0,0.0,0.0
1016,36696,98.52,58.16865347384715,1.475752312161851,0,18,2,100,100.0,97.04,0.0,0.0,0.0,0.0,0.0,0.0
1017,38308,66.94,58.080090084013726,1.4133662244316385,0,14,2,100,67.22,66.66,0.0,0.0,0.0,0.0,0.0,0.0
1018,35487,37.45,57.05203788675333,1.4120630865705504,0,21,2,100,34.8,40.1,0.0,0.0,0.0,0.0,0.0,0.0
1019,37099,85.3,52.86142615649994,1.3893109830180423,0,17,2,100,80.77,89.84,0.0,0.0,0.0,0.0,0.0,0.0
1020,35084,96.58,50.85167111452605,1.437551290293349,0,22,2,100,93.16,100.0,0.0,0.0,0.0,0.0,0.0,0.0
1021,37502,45.73,55.68888334574082,1.451338922838016,0,16,2,100,45.19,46.27,0.0,0.0,0.0,0.0,0.0,0.0
1022,37502,51.98,53.56974069228159,1.501143379298672,0,16,2,100,56.49,47.46,0.0,0.0,0.0,0.0,0.0,0.0
1023,36293,64.7,53.63977960570462,1.3188349395017434,0,19,2,100,59.51,69.89,0.0,0.0,0.0,0.0,0.0,0.0
1024,37905,78.82,54.53032355727833,1.4746464430730617,0,15,2,100,75.33,82.3,0.0,0.0,0.0,0.0,0.0,0.0
1025,35487,28.77,52.058075872923325,1.4198954705075149,0,21,2,100,30.56,26.98,0.0,0.0,0.0,0.0,0.0,0.0
1026,37099,62.78,55.19905519621813,1.288149205930613,0,17,2,100,62.39,63.16,0.0,0.0,0.0,0.0,0.0,0.0
1027,36696,67.26,53.90309494990641,1.4930662826533752,0,18,2,100,72.04,62.47,0.0,0.0,0.0,0.0,0.0,0.0
1028,37099,37.04,55.13512960460325,1.4455889796953014,0,17,2,100,38.89,35.19,0.0,0.0,0.0,0.0,0.0,0.0
1029,35890,52.9,55.37640726820935,1.3905642828117415,0,20,2,100,54.11,51.7,0.0,0.0,0.0,0.0,0.0,0.0
1030,35890,86.83,54.2118745459801,1.384944204731249,0,20,2,100,91.82,81.84,0.0,0.0,0.0,0.0,0.0,0.0
1031,36293,67.18,55.86453017646481,1.4584822638975614,0,19,2,100,73.49,60.87,0.0,0.0,0.0,0.0,0.0,0.0
1032,34681,59.52,51.46950813032447,1.4749885631072843,0,23,2,100,59.78,59.25,0.0,0.0,0.0,0.0,0.0,0.0
1033,36293,89.86,58.86327548345244,1.3729319305804846,0,19,2,100,83.7,96.02,0.0,0.0,0.0,0.0,0.0,0.0
1034,38308,88.39,52.71706731097292,1.4022964007862824,0,14,2,100,84.57,92.21,0.0,0.0,0.0,0.0,0.0,0.0
1035,37502,83.46,53.95539703171556,1.4384385014615308,0,16,2,100,93.25,73.67,0.0,0.0,0.0,0.0,0.0,0.0
1036,37099,32.82,52.66381175972185,1.395703555491408,0,17,2,100,30.82,34.82,0.0,0.0,0.0,0.0,0.0,0.0
1037,37099,60.09,60.26358080275816,1.3789162745060883,0,17,2,100,63.1,57.08,0.0,0.0,0.0,0.0,0.0,0.0
1038,39920,64.47,55.53669510156968,1.3649792617928531,0,10,2,100,58.56,70.39,0.0,0.0,0.0,0.0,0.0,0.0
1039,36696,26.26,53.227652892144064,1.3902745638141605,0,18,2,100,27.25,25.26,0.0,0.0,0.0,0.0,0.0,0.0
1040,34681,52.78,56.44446950392621,1.3930598536099985,0,23,2,100,53.12,52.43,0.0,0.0,0.0,0.0,0.0,0.0
1041,36696,81.01,57.44447533124741,1.356884775329381,0,18,2,100,73.23,88.79,0.0,0.0,0.0,0.0,0.0,0.0
1042,37099,75.12,55.22350218893513,1.3921128450860394,0,17,2,100,68.5,81.74,0.0,0.0,0.0,0.0,0.0,0.0
1043,35890,24.01,54.001863911424856,1.4009931411986225,0,20,2,100,23.57,24.45,0.0,0.0,0.0,0.0,0.0,0.0
1044,33875,78.09,51.36659412277504,1.3773145879558166,0,25,2,100,79.94,76.23,0.0,0.0,0.0,0.0,0.0,0.0
1045,35487,61.86,52.566997272105006,1.4347926399161792,0,21,2,100,58.77,64.96,0.0,0.0,0.0,0.0,0.0,0.0
1046,34278,69.94,52.97036053109446,1.4830839886448308,0,24,2,100,78.93,60.95,0.0,0.0,0.0,0.0,0.0,0.0
1047,36696,42.07,56.43538669289083,1.4149129043847857,0,18,2,100,44.99,39.15,0.0,0.0,0.0,0.0,0.0,0.0
1048,36696,60.9,54.4089126129823,1.4135640739936997,0,18,2,100,60.51,61.28,0.0,0.0,0.0,0.0,0.0,0.0
1049,38308,67.33,56.960012073546565,1.367538455895,0,14,2,100,71.84,62.82,0.0,0.0,0.0,0.0,0.0,0.0
1050,38308,95.39,53.4228921589251,1.4028808972506774,0,14,2,100,90.78,100.0,0.0,0.0,0.0,0.0,0.0,0.0
1051,41129,73.66,59.23144723335797,1.364868053216217,0,7,2,100,74.33,72.98,0.0,0.0,0.0,0.0,0.0,0.0
1052,33875,34.58,58.81984510403189,1.3804072832781238,0,25,2,100,35.85,33.3,0.0,0.0,0.0,0.0,0.0,0.0
1053,39517,42.71,55.09608878083267,1.3296806634364984,0,11,2,100,37.03,48.39,0.0,0.0,0.0,0.0,0.0,0.0
1054,37099,81.93,56.04477944462596,1.442065366068162,0,17,2,100,83.47,80.39,0.0,0.0,0.0,0.0,0.0,0.0
1055,38308,73.05,57.68493111382251,1.336378951196023,0,14,2,100,73.5,72.6,0.0,0.0,0.0,0.0,0.0,0.0
1056,37905,31.74,58.81959277839888,1.4001519243731342,0,15,2,100,32.45,31.03,0.0,0.0,0.0,0.0,0.0,0.0
1057,37502,29.42,55.875453899002224,1.4051345481463011,0,16,2,100,28.24,30.61,0.0,0.0,0.0,0.0,0.0,0.0
1058,39114,78.14,51.68525575469322,1.3952254199385763,0,12,2,100,75.66,80.63,0.0,0.0,0.0,0.0,0.0,0.0
1059,40323,73.13,56.17714102534551,1.3754589577411989,0,9,2,100,67.44,78.83,0.0,0.0,0.0,0.0,0.0,0.0
1060,36696,90.88,56.474092721249264,1.3420786881098798,0,18,2,100,83.95,97.8,0.0,0.0,0.0,0.0,0.0,0.0
1061,35487,82.58,54.88426509765584,1.472201984778744,0,21,2,100,73.82,91.34,0.0,0.0,0.0,0.0,0.0,0.0
1062,39517,71.85,52.37475735851826,1.366648125029784,0,11,2,100,68.17,75.53,0.0,0.0,0.0,0.0,0.0,0.0
1063,35890,76.96,57.92894959208542,1.419786816828479,0,20,2,100,75.25,78.68,0.0,0.0,0.0,0.0,0.0,0.0
1064,34681,64.6,54.57811375509652,1.390246909885421,0,23,2,100,68.81,60.4,0.0,0.0,0.0,0.0,0.0,0.0
1065,33875,89.6,53.87001781206423,1.4002600735434416,0,25,2,100,96.62,82.57,0.0,0.0,0.0,0.0,0.0,0.0
1066,38711,57.18,54.51533716221476,1.3668129711292114,0,13,2,100,59.58,54.77,0.0,0.0,0.0,0.0,0.0,0.0
1067,35890,44.88,51.47795580396034,1.4169728589029484,0,20,2,100,40.08,49.69,0.0,0.0,0.0,0.0,0.0,0.0
1068,36293,81.95,57.01009645662349,1.4742362298519658,0,19,2,100,85.95,77.95,0.0,0.0,0.0,0.0,0.0,0.0
1069,35084,34.76,55.37280683758717,1.4435827095261955,0,22,2,100,30.23,39.3,0.0,0.0,0.0,0.0,0.0,0.0
1070,43030,49.84,47.64904505399681,1.3401123307580147,2,10,2,100,48.38,51.3,0.0,0.0,0.0,0.0,0.0,0.0
1071,35890,85.62,55.867511960875824,1.4753260350088382,0,20,2,100,84.56,86.68,0.0,0.0,0.0,0.0,0.0,0.0
1072,36696,67.84,55.67678866244574,1.4494882276317875,0,18,2,100,67.28,68.4,0.0,0.0,0.0,0.0,0.0,0.0
1073,37502,98.62,55.33661662136846,1.4092590393272495,0,16,2,100,97.25,100.0,0.0,0.0,0.0,0.0,0.0,0.0
1074,39517,93.7,57.82968477592672,1.421529167080089,0,11,2,100,100.0,87.41,0.0,0.0,0.0,0.0,0.0,0.0
1075,38711,47.57,59.37872347962983,1.36425941827829,0,13,2,100,41.24,53.9,0.0,0.0,0.0,0.0,0.0,0.0
1076,35890,67.62,52.87385871392336,1.289875730232824,0,20,2,100,68.88,66.36,0.0,0.0,0.0,0.0,0.0,0.0
1077,35487,84.52,56.93182406438616,1.357042940335906,0,21,2,100,84.17,84.86,0.0,0.0,0.0,0.0,0.0,0.0
1078,39920,58.56,52.206428660041176,1.3988903026383013,0,10,2,100,63.89,53.24,0.0,0.0,0.0,0.0,0.0,0.0
1079,36293,58.83,52.77821019446269,1.4237675850253435,0,19,2,100,65.96,51.71,0.0,0.0,0.0,0.0,0.0,0.0
1080,41532,64.95,51.77177742506435,1.3690978668678149,0,6,2,100,63.27,66.63,0.0,0.0,0.0,0.0,0.0,0.0
1081,39920,81.34,53.6550157119797,1.4571752318574935,0,10,2,100,85.24,77.44,0.0,0.0,0.0,0.0,0.0,0.0
1082,37502,75.16,53.99175564925085,1.3005558676288334,0,16,2,100,81.53,68.79,0.0,0.0,0.0,0.0,0.0,0.0
1083,36293,60.2,54.38055431480463,1.4202860866567593,0,19,2,100,61.74,58.66,0.0,0.0,0.0,0.0,0.0,0.0
1084,36696,66.55,53.47763546720636,1.421003323905815,0,18,2,100,70.17,62.93,0.0,0.0,0.0,0.0,0.0,0.0
1085,36696,21.76,58.76386149816439,1.3972449177238455,0,18,2,100,21.34,22.19,0.0,0.0,0.0,0.0,0.0,0.0
1086,34681,78.39,57.428142607438254,1.3630652443488114,0,23,2,100,84.14,72.64,0.0,0.0,0.0,0.0,0.0,0.0
1087,38308,69.6,51.94902361015103,1.4217275254655926,0,14,2,100,63.13,76.08,0.0,0.0,0.0,0.0,0.0,0.0
1088,38308,44.54,55.77341668607556,1.3816214876226836,0,14,2,100,46.97,42.12,0.0,0.0,0.0,0.0,0.0,0.0
1089,39114,85.88,56.45576108988936,1.4137225838479883,0,12,2,100,83.53,88.23,0.0,0.0,0.0,0.0,0.0,0.0
1090,38711,47.41,58.00855794325943,1.4622228923096725,0,13,2,100,48.17,46.65,0.0,0.0,0.0,0.0,0.0,0.0
1091,36696,73.46,54.02347652399351,1.458413811248287,0,18,2,100,75.11,71.82,0.0,0.0,0.0,0.0,0.0,0.0
1092,34278,25.01,58.319523288058924,1.3949774790363152,0,24,2,100,25.31,24.71,0.0,0.0,0.0,0.0,0.0,0.0
1093,36293,92.74,53.558432216001016,1.4267176054848132,0,19,2,100,93.63,91.86,0.0,0.0,0.0,0.0,0.0,0.0
1094,35084,93.34,49.55957256220086,1.4439938173682152,0,22,2,100,93.8,92.87,0.0,0.0,0.0,0.0,0.0,0.0
1095,37905,44.9,56.68131389577688,1.3836443671608585,0,15,2,100,48.0,41.81,0.0,0.0,0.0,0.0,0.0,0.0
1096,39517,84.7,55.136272116966055,1.3702303245318814,0,11,2,100,91.95,77.45,0.0,0.0,0.0,0.0,0.0,0.0
1097,36696,80.24,53.74878124892045,1.33038528703863,0,18,2,100,77.24,83.23,0.0,0.0,0.0,0.0,0.0,0.0
1098,37099,89.04,50.02896601319097,1.4126075523539228,0,17,2,100,85.8,92.29,0.0,0.0,0.0,0.0,0.0,0.0
1099,35487,57.92,54.36274244417539,1.374698781046907,0,21,2,100,56.98,58.85,0.0,0.0,0.0,0.0,0.0,0.0
1100,33875,69.94,53.78469649425644,1.3983943655006146,0,25,2,100,67.55,72.32,0.0,0.0,0.0,0.0,0.0,0.0
1101,36293,58.16,52.60587889865339,1.4404018924101718,0,19,2,100,59.05,57.27,0.0,0.0,0.0,0.0,0.0,0.0
1102,37502,67.32,48.09658417954056,1.4320542317491511,0,16,2,100,64.28,70.37,0.0,0.0,0.0,0.0,0.0,0.0
1103,37502,38.25,54.05136390185752,1.4079333228158255,0,16,2,100,39.5,36.99,0.0,0.0,0.0,0.0,0.0,0.0
1104,36293,76.31,49.57949053573935,1.362433890191175,0,19,2,100,68.43,84.19,0.0,0.0,0.0,0.0,0.0,0.0
1105,35890,51.5,49.04045806089534,1.3145458664466676,0,20,2,100,50.38,52.61,0.0,0.0,0.0,0.0,0.0,0.0
1106,37502,34.69,51.61510629379451,1.4775399592837015,0,16,2,100,34.26,35.12,0.0,0.0,0.0,0.0,0.0,0.0
1107,37099,45.13,51.89339410894257,1.4670933015935976,0,17,2,100,44.63,45.63,0.0,0.0,0.0,0.0,0.0,0.0
1108,37099,63.28,54.08859858841127,1.4589064861678611,0,17,2,100,56.49,70.06,0.0,0.0,0.0,0.0,0.0,0.0
1109,37502,46.3,50.99998967605168,1.5082187253009047,0,16,2,100,53.6,39.0,0.0,0.0,0.0,0.0,0.0,0.0
1110,35890,48.74,54.43465205913037,1.4748707311830198,0,20,2,100,45.14,52.35,0.0,0.0,0.0,0.0,0.0,0.0
1111,42375,56.41,55.01902349805562,1.3825599650835123,1,10,2,100,50.76,62.06,0.0,0.0,0.0,0.0,0.0,0.0
1112,34681,26.8,51.87462967775562,1.3990127305110038,0,23,2,100,24.81,28.78,0.0,0.0,0.0,0.0,0.0,0.0
1113,37905,71.06,55.24630486224768,1.3195631722904355,0,15,2,100,75.77,66.34,0.0,0.0,0.0,0.0,0.0,0.0
1114,35487,71.48,57.018543054227095,1.455288477872148,0,21,2,100,78.22,64.75,0.0,0.0,0.0,0.0,0.0,0.0
1115,36696,59.83,48.88360215470261,1.4557758448797344,0,18,2,100,62.05,57.61,0.0,0.0,0.0,0.0,0.0,0.0
1116,39114,51.94,57.094167314919474,1.4088183555575742,0,12,2,100,56.67,47.22,0.0,0.0,0.0,0.0,0.0,0.0
1117,35084,25.8,56.31457971012223,1.370980332227676,0,22,2,100,26.18,25.42,0.0,0.0,0.0,0.0,0.0,0.0
1118,37502,76.16,53.17911091657012,1.3336041128027487,0,16,2,100,69.38,82.93,0.0,0.0,0.0,0.0,0.0,0.0
1119,34681,72.32,55.53141509874074,1.313815626705504,0,23,2,100,70.22,74.42,0.0,0.0,0.0,0.0,0.0,0.0
1120,37099,96.08,53.147898148753626,1.353762821822188,0,17,2,100,99.41,92.75,0.0,0.0,0.0,0.0,0.0,0.0
1121,38308,86.53,58.05426918096163,1.3901368834066756,0,14,2,100,80.98,92.08,0.0,0.0,0.0,0.0,0.0,0.0
1122,34681,69.38,54.28165017041649,1.381210317839629,0,23,2,100,67.23,71.52,0.0,0.0,0.0,0.0,0.0,0.0
1123,37905,56.31,56.79189571707344,1.2828197188535435,0,15,2,100,56.26,56.36,0.0,0.0,0.0,0.0,0.0,0.0
1124,37099,79.37,52.38265846101324,1.455154986709682,0,17,2,100,78.0,80.74,0.0,0.0,0.0,0.0,0.0,0.0
1125,37905,82.42,57.270115048979,1.3973447917784243,0,15,2,100,79.05,85.78,0.0,0.0,0.0,0.0,0.0,0.0
1126,36293,75.44,50.078376614842064,1.4339149068661885,0,19,2,100,75.56,75.31,0.0,0.0,0.0,0.0,0.0,0.0
1127,34681,25.24,56.381828993878,1.4301907954929391,0,23,2,100,25.19,25.29,0.0,0.0,0.0,0.0,0.0,0.0
1128,37099,84.9,55.28812161377214,1.350722104980623,0,17,2,100,80.64,89.16,0.0,0.0,0.0,0.0,0.0,0.0
1129,35890,44.19,55.67707645265475,1.4061325854694036,0,20,2,100,43.42,44.96,0.0,0.0,0.0,0.0,0.0,0.0
1130,37502,87.86,56.71174644243558,1.4689150669832567,0,16,2,100,93.06,82.65,0.0,0.0,0.0,0.0,0.0,0.0
1131,34681,86.08,54.79004480708821,1.319357150718564,0,23,2,100,98.97,73.2,0.0,0.0,0.0,0.0,0.0,0.0
1132,35084,72.31,56.6585655926922,1.4077480421839492,0,22,2,100,75.86,68.76,0.0,0.0,0.0,0.0,0.0,0.0
1133,35890,91.93,57.79391288582688,1.3423372240831537,0,20,2,100,98.07,85.79,0.0,0.0,0.0,0.0,0.0,0.0
1134,38308,73.04,52.55370240573228,1.4312370609691611,0,14,2,100,67.67,78.42,0.0,0.0,0.0,0.0,0.0,0.0
1135,36293,26.65,52.993779306636654,1.4093158177883132,0,19,2,100,27.31,25.99,0.0,0.0,0.0,0.0,0.0,0.0
1136,35487,90.81,54.99489727656415,1.3794157828792633,0,21,2,100,86.55,95.07,0.0,0.0,0.0,0.0,0.0,0.0
1137,36293,37.75,62.89431367730865,1.4890140683544095,0,19,2,100,39.99,35.51,0.0,0.0,0.0,0.0,0.0,0.0
1138,36293,34.18,54.22236383839507,1.4085155488887655,0,19,2,100,34.07,34.3,0.0,0.0,0.0,0.0,0.0,0.0
1139,37099,66.03,54.87647930795263,1.329708164821349,0,17,2,100,70.09,61.96,0.0,0.0,0.0,0.0,0.0,0.0
1140,40323,70.08,59.04473339531582,1.3850375064700635,0,9,2,100,70.28,69.88,0.0,0.0,0.0,0.0,0.0,0.0
1141,36696,57.57,52.32297762475943,1.422560890374728,0,18,2,100,54.02,61.12,0.0,0.0,0.0,0.0,0.0,0.0
1142,37905,50.68,53.525467374927935,1.3272600226162463,0,15,2,100,53.15,48.22,0.0,0.0,0.0,0.0,0.0,0.0
1143,38308,47.04,60.255224108131394,1.4276838372113625,0,14,2,100,42.57,51.51,0.0,0.0,0.0,0.0,0.0,0.0
1144,38308,99.04,56.2658013631792,1.2692605637534866,0,14,2,100,100.0,98.09,0.0,0.0,0.0,0.0,0.0,0.0
1145,37502,64.18,58.42292874130385,1.4282484657156131,0,16,2,100,64.53,63.83,0.0,0.0,0.0,0.0,0.0,0.0
1146,36696,44.17,54.87930786613733,1.3778748070258682,0,18,2,100,41.45,46.88,0.0,0.0,0.0,0.0,0.0,0.0
1147,38308,84.24,54.39201577883208,1.3751843259855605,0,14,2,100,96.0,72.49,0.0,0.0,0.0,0.0,0.0,0.0
1148,37905,88.91,56.38160631354098,1.3681256985302328,0,15,2,100,87.55,90.27,0.0,0.0,0.0,0.0,0.0,0.0
1149,39114,34.13,57.519699710197855,1.336578896078823,0,12,2,100,31.5,36.76,0.0,0.0,0.0,0.0,0.0,0.0
1150,37099,80.24,60.35417336695796,1.500703320689284,0,17,2,100,80.92,79.55,0.0,0.0,0.0,0.0,0.0,0.0
1151,37099,67.59,56.46303480385819,1.3927087317683315,0,17,2,100,75.81,59.37,0.0,0.0,0.0,0.0,0.0,0.0
1152,38308,100.0,52.548295199331726,1.3499402305594388,0,14,2,100,100.0,100.0,0.0,0.0,0.0,0.0,0.0,0.0
1153,36293,49.39,54.18491332688371,1.4564153936697666,0,19,2,100,51.7,47.08,0.0,0.0,0.0,0.0,0.0,0.0
1154,35890,47.0,53.857301465132345,1.530120971792497,0,20,2,100,46.45,47.55,0.0,0.0,0.0,0.0,0.0,0.0
1155,33875,80.09,54.24611489240984,1.3110252753013447,0,25,2,100,82.93,77.25,0.0,0.0,0.0,0.0,0.0,0.0
1156,38711,50.36,49.392516561240654,1.372120362156964,0,13,2,100,50.26,50.46,0.0,0.0,0.0,0.0,0.0,0.0
1157,43836,77.06,55.40954881900425,1.4619390780854582,2,8,2,100,76.55,77.57,0.0,0.0,0.0,0.0,0.0,0.0
1158,36696,60.46,55.8049613244295,1.3584351190613757,0,18,2,100,59.22,61.69,0.0,0.0,0.0,0.0,0.0,0.0
1159,34681,98.12,53.460720187499454,1.3734818764999284,0,23,2,100,96.23,100.0,0.0,0.0,0.0,0.0,0.0,0.0
1160,38308,59.03,53.601357338956525,1.3162704014940394,0,14,2,100,58.29,59.77,0.0,0.0,0.0,0.0,0.0,0.0
1161,37099,40.4,60.311528614063455,1.3206124805116533,0,17,2,100,36.15,44.65,0.0,0.0,0.0,0.0,0.0,0.0
1162,35890,26.06,56.45369351905294,1.4222765933375825,0,20,2,100,25.71,26.42,0.0,0.0,0.0,0.0,0.0,0.0
1163,35890,89.66,57.14333234037076,1.426342784222047,0,20,2,100,84.06,95.26,0.0,0.0,0.0,0.0,0.0,0.0
1164,38711,96.52,54.20247473697282,1.3756536793018916,0,13,2,100,93.03,100.0,0.0,0.0,0.0,0.0,0.0,0.0
1165,37905,43.3,53.41574017983062,1.449885433383126,0,15,2,100,38.09,48.5,0.0,0.0,0.0,0.0,0.0,0.0
1166,38308,78.59,60.98885571462301,1.389534013477399,0,14,2,100,78.66,78.51,0.0,0.0,0.0,0.0,0.0,0.0
1167,37502,51.98,59.5485199208489,1.4331900842245768,0,16,2,100,58.74,45.21,0.0,0.0,0.0,0.0,0.0,0.0
1168,37099,45.34,58.49884129429089,1.3354110385012183,0,17,2,100,48.6,42.08,0.0,0.0,0.0,0.0,0.0,0.0
1169,36293,91.82,50.860968166031405,1.302742630640754,0,19,2,100,83.9,99.73,0.0,0.0,0.0,0.0,0.0,0.0
1170,36293,86.78,55.63403820505192,1.3519372191441346,0,19,2,100,97.92,75.64,0.0,0.0,0.0,0.0,0.0,0.0
1171,43534,83.35,55.76341783972023,1.3491361643117663,4,12,2,100,82.34,84.36,0.0,0.0,0.0,0.0,0.0,0.0
1172,36293,60.52,52.33441273049819,1.3523761076602183,0,19,2,100,63.28,57.76,0.0,0.0,0.0,0.0,0.0,0.0
1173,38308,48.02,57.0192746344943,1.3345620612418978,0,14,2,100,46.19,49.84,0.0,0.0,0.0,0.0,0.0,0.0
1174,38711,29.89,60.94348873573728,1.3521747218811535,0,13,2,100,31.56,28.22,0.0,0.0,0.0,0.0,0.0,0.0
1175,36696,50.13,55.17376660418512,1.4059327495128116,0,18,2,100,50.92,49.34,0.0,0.0,0.0,0.0,0.0,0.0
1176,37905,96.23,56.52770489333833,1.317987213208946,0,15,2,100,97.49,94.97,0.0,0.0,0.0,0.0,0.0,0.0
1177,37099,91.4,57.15698640245146,1.357195804622264,0,17,2,100,93.26,89.54,0.0,0.0,0.0,0.0,0.0,0.0
1178,37099,48.28,56.17970888507603,1.3442275734050384,0,17,2,100,52.81,43.76,0.0,0.0,0.0,0.0,0.0,0.0
1179,37905,64.03,53.0089321515171,1.3702747357102538,0,15,2,100,61.39,66.67,0.0,0.0,0.0,0.0,0.0,0.0
1180,37502,74.94,50.81188538980033,1.3978981054046873,0,16,2,100,76.88,73.0,0.0,0.0,0.0,0.0,0.0,0.0
1181,37099,80.66,50.55365724227161,1.3704692206012865,0,17,2,100,74.51,86.81,0.0,0.0,0.0,0.0,0.0,0.0
1182,38711,40.07,58.876076198293326,1.4116642705370157,0,13,2,100,39.08,41.06,0.0,0.0,0.0,0.0,0.0,0.0
1183,37502,100.0,54.57319466317232,1.3680756816722348,0,16,2,100,100.0,100.0,0.0,0.0,0.0,0.0,0.0,0.0
1184,36293,60.36,57.553427619867136,1.3649850885356498,0,19,2,100,63.07,57.66,0.0,0.0,0.0,0.0,0.0,0.0
1185,35890,100.0,54.640495989561536,1.345349998353782,0,20,2,100,100.0,100.0,0.0,0.0,0.0,0.0,0.0,0.0
1186,38308,36.05,53.02151273897735,1.2978763353906293,0,14,2,100,35.07,37.03,0.0,0.0,0.0,0.0,0.0,0.0
1187,38711,66.9,52.03919492004376,1.4101395221631012,0,13,2,100,65.29,68.5,0.0,0.0,0.0,0.0,0.0,0.0
1188,35487,67.32,50.80323365312417,1.1919591644997054,0,21,2,100,62.6,72.04,0.0,0.0,0.0,0.0,0.0,0.0
1189,39114,38.39,56.99830844994456,1.3795851352858188,0,12,2,100,32.81,43.97,0.0,0.0,0.0,0.0,0.0,0.0
1190,37502,45.62,52.48596806287066,1.3429016085514949,0,16,2,100,46.39,44.85,0.0,0.0,0.0,0.0,0.0,0.0
1191,37905,62.26,49.20249828694088,1.3999599843437691,0,15,2,100,64.57,59.96,0.0,0.0,0.0,0.0,0.0,0.0
1192,36696,40.83,49.61328892682855,1.385711549044119,0,18,2,100,40.26,41.39,0.0,0.0,0.0,0.0,0.0,0.0
1193,35084,47.79,60.0765352833308,1.3700476651466291,0,22,2,100,52.71,42.87,0.0,0.0,0.0,0.0,0.0,0.0
1194,36293,51.26,49.44632832097744,1.3439539057772738,0,19,2,100,52.8,49.72,0.0,0.0,0.0,0.0,0.0,0.0
1195,37905,69.47,58.15691643214426,1.3819819870528038,0,15,2,100,63.7,75.25,0.0,0.0,0.0,0.0,0.0,0.0
1196,36696,57.08,54.89818780304088,1.408035276975707,0,18,2,100,50.39,63.76,0.0,0.0,0.0,0.0,0.0,0.0
1197,39114,71.88,58.19680915290903,1.375078549392823,0,12,2,100,72.64,71.13,0.0,0.0,0.0,0.0,0.0,0.0
1198,36293,76.87,52.88590550187245,1.412371127455954,0,19,2,100,77.98,75.76,0.0,0.0,0.0,0.0,0.0,0.0
1199,38711,40.86,54.38175957545264,1.4703077821995627,0,13,2,100,38.71,43.0,0.0,0.0,0.0,0.0,0.0,0.0
1200,36696,36.2,53.131345413447086,1.4470454408817612,0,18,2,100,36.97,35.42,0.0,0.0,0.0,0.0,0.0,0.0
1201,36293,56.72,56.15034639258599,1.2827060429650627,0,19,2,100,56.0,57.44,0.0,0.0,0.0,0.0,0.0,0.0
1202,39517,48.69,55.48338913436032,1.3728123302235955,0,11,2,100,45.0,52.38,0.0,0.0,0.0,0.0,0.0,0.0
1203,37099,32.5,52.06837400027539,1.3937215993680974,0,17,2,100,31.47,33.54,0.0,0.0,0.0,0.0,0.0,0.0
1204,37905,67.46,50.73673122928966,1.3297983635775827,0,15,2,100,65.74,69.17,0.0,0.0,0.0,0.0,0.0,0.0
1205,37099,100.0,53.083049941039455,1.3783123636959016,0,17,2,100,100.0,100.0,0.0,0.0,0.0,0.0,0.0,0.0
1206,35890,61.46,56.36256374217128,1.397357540864239,0,20,2,100,65.5,57.42,0.0,0.0,0.0,0.0,0.0,0.0
1207,36293,58.12,57.50875874554265,1.326771097391544,0,19,2,100,59.7,56.55,0.0,0.0,0.0,0.0,0.0,0.0
1208,35890,61.12,59.57312945665034,1.3571086032421409,0,20,2,100,61.44,60.81,0.0,0.0,0.0,0.0,0.0,0.0
1209,41129,54.56,53.915965150235664,1.2560891170934236,0,7,2,100,51.61,57.51,0.0,0.0,0.0,0.0,0.0,0.0
1210,38308,57.32,54.93286670867707,1.3729510278830048,0,14,2,100,54.77,59.86,0.0,0.0,0.0,0.0,0.0,0.0
1211,37502,80.09,58.36125366432691,1.4034537817284214,0,16,2,100,81.72,78.46,0.0,0.0,0.0,0.0,0.0,0.0
1212,39114,89.84,57.703889124094665,1.3291307378955517,0,12,2,100,88.59,91.09,0.0,0.0,0.0,0.0,0.0,0.0
1213,40323,49.3,56.51748375089256,1.36596288070463,0,9,2,100,47.73,50.86,0.0,0.0,0.0,0.0,0.0,0.0
1214,36696,59.54,54.72684030732236,1.320424963041462,0,18,2,100,54.45,64.62,0.0,0.0,0.0,0.0,0.0,0.0
1215,36293,36.11,53.229641292513904,1.3680759139247802,0,19,2,100,37.83,34.38,0.0,0.0,0.0,0.0,0.0,0.0
1216,36696,64.12,52.34530209384253,1.3996237979618458,0,18,2,100,73.04,55.21,0.0,0.0,0.0,0.0,0.0,0.0
1217,35084,59.19,49.55106684016947,1.358400163455992,0,22,2,100,56.31,62.07,0.0,0.0,0.0,0.0,0.0,0.0
1218,36696,84.9,54.78836027142054,1.4249995900241146,0,18,2,100,91.98,77.82,0.0,0.0,0.0,0.0,0.0,0.0
1219,35084,64.59,50.25782812690833,1.3666512130665764,0,22,2,100,62.7,66.47,0.0,0.0,0.0,0.0,0.0,0.0
1220,37905,45.54,50.945011839820914,1.3820660281156754,0,15,2,100,42.13,48.94,0.0,0.0,0.0,0.0,0.0,0.0
1221,37905,39.22,55.85172732270029,1.3674040297602996,0,15,2,100,45.31,33.14,0.0,0.0,0.0,0.0,0.0,0.0
1222,38308,58.46,57.98996185811312,1.3182512835757263,0,14,2,100,57.66,59.26,0.0,0.0,0.0,0.0,0.0,0.0
1223,37905,90.99,58.508551347545165,1.465087450527871,0,15,2,100,86.46,95.52,0.0,0.0,0.0,0.0,0.0,0.0
1224,35487,73.5,55.90616473096676,1.3800548208164756,0,21,2,100,81.47,65.52,0.0,0.0,0.0,0.0,0.0,0.0
1225,37502,85.66,58.66933916492113,1.282750247796467,0,16,2,100,83.56,87.75,0.0,0.0,0.0,0.0,0.0,0.0
1226,39920,73.89,56.22788713757694,1.2842273343296455,0,10,2,100,82.31,65.47,0.0,0.0,0.0,0.0,0.0,0.0
1227,37905,38.92,55.54573234972173,1.34132667019738,0,15,2,100,40.52,37.32,0.0,0.0,0.0,0.0,0.0,0.0
1228,36696,100.0,52.04526014812218,1.3633741122270815,0,18,2,100,100.0,100.0,0.0,0.0,0.0,0.0,0.0,0.0
1229,35487,99.16,47.09002153507652,1.3129651669275382,0,21,2,100,100.0,98.33,0.0,0.0,0.0,0.0,0.0,0.0
1230,37099,40.21,56.19233997668528,1.4119196184263347,0,17,2,100,44.54,35.88,0.0,0.0,0.0,0.0,0.0,0.0
1231,37905,52.26,53.9366154325479,1.493748920082832,0,15,2,100,55.55,48.97,0.0,0.0,0.0,0.0,0.0,0.0
1232,37502,67.34,53.92921546187391,1.4330152034204655,0,16,2,100,66.39,68.29,0.0,0.0,0.0,0.0,0.0,0.0
1233,43030,73.19,57.88743936517445,1.3608160710731247,2,10,2,100,69.37,77.02,0.0,0.0,0.0,0.0,0.0,0.0
1234,39920,37.28,52.41095029008158,1.316730752145422,0,10,2,100,38.31,36.25,0.0,0.0,0.0,0.0,0.0,0.0
1235,38308,76.9,55.9514084305481,1.385590372666455,0,14,2,100,80.47,73.34,0.0,0.0,0.0,0.0,0.0,0.0
1236,36696,52.64,57.42351643702676,1.3364986542426451,0,18,2,100,54.67,50.6,0.0,0.0,0.0,0.0,0.0,0.0
1237,36696,45.02,58.678944924950414,1.2716101612108517,0,18,2,100,44.97,45.08,0.0,0.0,0.0,0.0,0.0,0.0
1238,35890,53.5,59.42030115178629,1.4242351756478424,0,20,2,100,53.16,53.83,0.0,0.0,0.0,0.0,0.0,0.0
1239,39114,34.16,57.31299607467077,1.3962618840989791,0,12,2,100,36.38,31.93,0.0,0.0,0.0,0.0,0.0,0.0
1240,35890,37.06,52.37990687537784,1.3378514767167824,0,20,2,100,34.8,39.33,0.0,0.0,0.0,0.0,0.0,0.0
1241,37099,78.84,53.3676075458496,1.4561730431662214,0,17,2,100,69.9,87.78,0.0,0.0,0.0,0.0,0.0,0.0
1242,39114,52.85,53.45711477285095,1.405394281641203,0,12,2,100,50.82,54.88,0.0,0.0,0.0,0.0,0.0,0.0
1243,34278,76.22,57.1413786945393,1.3732059300775286,0,24,2,100,68.92,83.51,0.0,0.0,0.0,0.0,0.0,0.0
1244,34278,23.8,61.609810754679074,1.434095795750877,0,24,2,100,25.4,22.19,0.0,0.0,0.0,0.0,0.0,0.0
1245,38308,69.22,56.28016449643259,1.3474190867191895,0,14,2,100,70.37,68.08,0.0,0.0,0.0,0.0,0.0,0.0
1246,37905,63.96,53.71103679413821,1.4040266519386708,0,15,2,100,67.26,60.67,0.0,0.0,0.0,0.0,0.0,0.0
1247,39114,90.8,55.09217191972466,1.367833704979902,0,12,2,100,93.76,87.84,0.0,0.0,0.0,0.0,0.0,0.0
1248,36696,39.88,52.28927376231272,1.3821447375362703,0,18,2,100,41.22,38.53,0.0,0.0,0.0,0.0,0.0,0.0
1249,38308,47.62,53.92865552557391,1.3843951897513036,0,14,2,100,48.32,46.93,0.0,0.0,0.0,0.0,0.0,0.0
1250,37502,87.98,59.05912105473183,1.334137671274866,0,16,2,100,83.35,92.62,0.0,0.0,0.0,0.0,0.0,0.0
1251,38711,81.26,56.38293966915552,1.3440978240209622,0,13,2,100,86.72,75.79,0.0,0.0,0.0,0.0,0.0,0.0
1252,39517,62.28,54.08156007716275,1.440622170722378,0,11,2,100,62.5,62.06,0.0,0.0,0.0,0.0,0.0,0.0
1253,36696,81.69,58.396467319036944,1.430952627321157,0,18,2,100,87.27,76.11,0.0,0.0,0.0,0.0,0.0,0.0
1254,40323,89.26,55.77965791709888,1.2632831808061995,0,9,2,100,95.8,82.72,0.0,0.0,0.0,0.0,0.0,0.0
1255,38308,56.44,62.139608374430594,1.3824124201388812,0,14,2,100,54.71,58.16,0.0,0.0,0.0,0.0,0.0,0.0
1256,37905,76.52,55.59995574704783,1.4264354866742042,0,15,2,100,81.47,71.57,0.0,0.0,0.0,0.0,0.0,0.0
1257,39114,48.36,61.45957964874452,1.2991661980767912,0,12,2,100,46.61,50.12,0.0,0.0,0.0,0.0,0.0,0.0
1258,35890,56.51,52.1694837214105,1.4043730916919197,0,20,2,100,59.58,53.44,0.0,0.0,0.0,0.0,0.0,0.0
1259,39920,53.56,53.32490942654901,1.3664002263709774,0,10,2,100,53.69,53.43,0.0,0.0,0.0,0.0,0.0,0.0
1260,44088,80.24,56.99849132137187,1.3189494975718885,3,9,2,100,74.57,85.91,0.0,0.0,0.0,0.0,0.0,0.0
1261,36293,93.1,54.47800009752687,1.3299204617314606,0,19,2,100,88.51,97.7,0.0,0.0,0.0,0.0,0.0,0.0
1262,39517,84.37,50.73834186248783,1.349647617837732,0,11,2,100,90.79,77.95,0.0,0.0,0.0,0.0,0.0,0.0
1263,34681,64.51,57.39141332990541,1.3181439195714086,0,23,2,100,59.99,69.03,0.0,0.0,0.0,0.0,0.0,0.0
1264,38711,100.0,58.06800806012803,1.4579461834958205,0,13,2,100,100.0,100.0,0.0,0.0,0.0,0.0,0.0,0.0
1265,37502,54.16,55.7380224805306,1.392232937709511,0,16,2,100,53.97,54.36,0.0,0.0,0.0,0.0,0.0,0.0
1266,37099,65.3,51.54552318078032,1.3826757307714714,0,17,2,100,69.67,60.92,0.0,0.0,0.0,0.0,0.0,0.0
1267,39517,72.62,56.951128387045216,1.447550276422063,0,11,2,100,71.91,73.34,0.0,0.0,0.0,0.0,0.0,0.0
1268,40323,33.34,58.986617871737,1.4107975653560003,0,9,2,100,35.79,30.89,0.0,0.0,0.0,0.0,0.0,0.0
1269,40323,79.6,55.66104410657571,1.3829725699838376,0,9,2,100,82.64,76.57,0.0,0.0,0.0,0.0,0.0,0.0
1270,38308,75.09,53.34603053580077,1.3886386566595603,0,14,2,100,75.2,74.97,0.0,0.0,0.0,0.0,0.0,0.0
1271,38711,28.09,57.28745133146718,1.380471190404982,0,13,2,100,23.86,32.32,0.0,0.0,0.0,0.0,0.0,0.0
1272,33875,78.62,51.76464673741624,1.3089309004996406,0,25,2,100,73.16,84.08,0.0,0.0,0.0,0.0,0.0,0.0
1273,33875,73.96,55.65666676742072,1.3334396983494283,0,25,2,100,75.09,72.84,0.0,0.0,0.0,0.0,0.0,0.0
1274,40726,95.18,55.47101653320234,1.4434855186009936,0,8,2,100,90.36,100.0,0.0,0.0,0.0,0.0,0.0,0.0
1275,37099,93.58,53.07229563192979,1.3123494198387655,0,17,2,100,100.0,87.15,0.0,0.0,0.0,0.0,0.0,0.0
1276,38711,83.31,51.85855875106511,1.4715356446084933,0,13,2,100,84.56,82.06,0.0,0.0,0.0,0.0,0.0,0.0
1277,37502,96.07,53.75786581258088,1.3549585948873026,0,16,2,100,100.0,92.14,0.0,0.0,0.0,0.0,0.0,0.0
1278,36696,86.44,54.3665417638963,1.3374576649852767,0,18,2,100,86.67,86.22,0.0,0.0,0.0,0.0,0.0,0.0
1279,40323,59.13,51.77905134939447,1.2862445902274724,0,9,2,100,54.46,63.8,0.0,0.0,0.0,0.0,0.0,0.0
1280,37502,97.3,51.60213113009539,1.3195846024249804,0,16,2,100,100.0,94.59,0.0,0.0,0.0,0.0,0.0,0.0
1281,37502,71.82,59.03046139947918,1.4086660255071857,0,16,2,100,75.62,68.01,0.0,0.0,0.0,0.0,0.0,0.0
1282,39114,69.78,56.26113581010523,1.3534366664099509,0,12,2,100,78.2,61.35,0.0,0.0,0.0,0.0,0.0,0.0
1283,39920,85.5,56.06255702501129,1.4600771567857531,0,10,2,100,81.66,89.33,0.0,0.0,0.0,0.0,0.0,0.0
1284,36293,67.18,54.159437111212135,1.3819287699647118,0,19,2,100,61.19,73.18,0.0,0.0,0.0,0.0,0.0,0.0
1285,39517,71.35,55.47884281312143,1.3759200227835906,0,11,2,100,72.66,70.04,0.0,0.0,0.0,0.0,0.0,0.0
1286,42627,41.58,57.96241720089025,1.4611699396245414,2,11,2,100,37.59,45.58,0.0,0.0,0.0,0.0,0.0,0.0
1287,37502,74.4,57.730807368624646,1.3126266485729108,0,16,2,100,73.55,75.24,0.0,0.0,0.0,0.0,0.0,0.0
1288,38308,57.42,53.77988626477561,1.3696961127516392,0,14,2,100,64.01,50.84,0.0,0.0,0.0,0.0,0.0,0.0
1289,38308,73.63,51.51966856807147,1.3610253299007768,0,14,2,100,76.31,70.96,0.0,0.0,0.0,0.0,0.0,0.0
1290,37099,44.32,55.22919380002245,1.1702346384248847,0,17,2,100,47.49,41.14,0.0,0.0,0.0,0.0,0.0,0.0
1291,35890,85.27,49.51344022954488,1.3077701491522384,0,20,2,100,74.02,96.52,0.0,0.0,0.0,0.0,0.0,0.0
1292,39920,37.23,50.246221363806,1.2786677161182305,0,10,2,100,41.53,32.93,0.0,0.0,0.0,0.0,0.0,0.0
1293,37905,70.84,57.747606954011424,1.4272333881970405,0,15,2,100,74.33,67.36,0.0,0.0,0.0,0.0,0.0,0.0
1294,35890,63.67,52.31924866139575,1.2845288340719156,0,20,2,100,58.75,68.59,0.0,0.0,0.0,0.0,0.0,0.0
1295,38711,65.98,57.22783992032478,1.3734545399144955,0,13,2,100,68.96,63.01,0.0,0.0,0.0,0.0,0.0,0.0
1296,38711,51.23,57.25706261066826,1.3952124387366975,0,13,2,100,47.76,54.7,0.0,0.0,0.0,0.0,0.0,0.0
1297,39920,72.24,50.1746847239283,1.3807896424902253,0,10,2,100,64.72,79.75,0.0,0.0,0.0,0.0,0.0,0.0
1298,37099,97.52,51.71693468194548,1.4519743875948734,0,17,2,100,100.0,95.05,0.0,0.0,0.0,0.0,0.0,0.0
1299,38711,27.95,51.29099944141075,1.3363463679106815,0,13,2,100,29.04,26.86,0.0,0.0,0.0,0.0,0.0,0.0
1300,39920,55.5,53.60548262939032,1.358837269353825,0,10,2,100,57.84,53.16,0.0,0.0,0.0,0.0,0.0,0.0
1301,37099,74.87,52.958039379288245,1.360367189655637,0,17,2,100,71.48,78.25,0.0,0.0,0.0,0.0,0.0,0.0
1302,38308,87.15,55.33292390701088,1.3056849214615365,0,14,2,100,80.75,93.54,0.0,0.0,0.0,0.0,0.0,0.0
1303,37502,53.78,58.732796764715694,1.3543179229941238,0,16,2,100,54.84,52.71,0.0,0.0,0.0,0.0,0.0,0.0
1304,35890,75.54,55.7402792766114,1.3596939784102386,0,20,2,100,82.83,68.26,0.0,0.0,0.0,0.0,0.0,0.0
1305,37502,53.1,51.891423951539736,1.4009502632954345,0,16,2,100,52.06,54.15,0.0,0.0,0.0,0.0,0.0,0.0
1306,43181,52.43,53.423185673066726,1.3815096835578873,1,8,2,100,57.18,47.68,0.0,0.0,0.0,0.0,0.0,0.0
1307,39114,93.5,53.68854635695276,1.386871397988508,0,12,2,100,100.0,86.99,0.0,0.0,0.0,0.0,0.0,0.0
1308,37502,72.44,57.19859595015424,1.388406808437749,0,16,2,100,74.15,70.73,0.0,0.0,0.0,0.0,0.0,0.0
1309,36293,90.43,54.43122883968513,1.3031811776755264,0,19,2,100,80.86,100.0,0.0,0.0,0.0,0.0,0.0,0.0
1310,38711,100.0,52.36619755940037,1.3344884853642751,0,13,2,100,100.0,100.0,0.0,0.0,0.0,0.0,0.0,0.0
1311,38308,92.59,60.01176381259937,1.318809959847186,0,14,2,100,93.84,91.34,0.0,0.0,0.0,0.0,0.0,0.0
1312,38308,98.46,51.486537866856615,1.3242958916464018,0,14,2,100,96.92,100.0,0.0,0.0,0.0,0.0,0.0,0.0
1313,43433,60.63,52.8736905875389,1.3593235403869828,2,9,2,100,56.96,64.3,0.0,0.0,0.0,0.0,0.0,0.0
1314,39920,78.78,55.85282736114228,1.337071786545879,0,10,2,100,73.76,83.81,0.0,0.0,0.0,0.0,0.0,0.0
1315,37502,98.48,54.03474743956557,1.3362736982879573,0,16,2,100,97.42,99.54,0.0,0.0,0.0,0.0,0.0,0.0
1316,39114,79.03,59.23646974726356,1.4167952069093537,0,12,2,100,74.93,83.13,0.0,0.0,0.0,0.0,0.0,0.0
1317,37099,25.18,56.25304235675827,1.352691012327801,0,17,2,100,24.44,25.93,0.0,0.0,0.0,0.0,0.0,0.0
1318,33875,79.18,53.66270159097152,1.330950280874464,0,25,2,100,80.76,77.59,0.0,0.0,0.0,0.0,0.0,0.0
1319,40323,40.37,56.80529092719459,1.5142121276469631,0,9,2,100,38.07,42.67,0.0,0.0,0.0,0.0,0.0,0.0
1320,39517,83.69,61.40784834389321,1.3809479275845675,0,11,2,100,79.68,87.7,0.0,0.0,0.0,0.0,0.0,0.0
1321,41532,85.18,57.92458055159937,1.3677365225110614,0,6,2,100,97.43,72.94,0.0,0.0,0.0,0.0,0.0,0.0
1322,37099,37.36,56.76825199073974,1.3251359839776788,0,17,2,100,37.57,37.15,0.0,0.0,0.0,0.0,0.0,0.0
1323,37502,45.26,55.12723787114128,1.4105945306217524,0,16,2,100,41.23,49.29,0.0,0.0,0.0,0.0,0.0,0.0
1324,36696,56.3,57.29549183477633,1.356180323013665,0,18,2,100,51.78,60.83,0.0,0.0,0.0,0.0,0.0,0.0
1325,37099,85.07,54.31436553741207,1.343372673210324,0,17,2,100,89.44,80.71,0.0,0.0,0.0,0.0,0.0,0.0
1326,38711,95.01,52.490573102400575,1.2966651792837598,0,13,2,100,100.0,90.02,0.0,0.0,0.0,0.0,0.0,0.0
1327,43836,72.14,56.46752545344589,1.389620074704046,2,8,2,100,82.1,62.18,0.0,0.0,0.0,0.0,0.0,0.0
1328,39114,66.86,51.7143069365594,1.413136783637874,0,12,2,100,71.57,62.16,0.0,0.0,0.0,0.0,0.0,0.0
1329,37099,45.9,58.9223505168361,1.3841325386663947,0,17,2,100,40.77,51.04,0.0,0.0,0.0,0.0,0.0,0.0
1330,38308,92.86,53.73018756374635,1.398487488702632,0,14,2,100,100.0,85.73,0.0,0.0,0.0,0.0,0.0,0.0
1331,37502,95.52,53.64447274015541,1.3228845663030553,0,16,2,100,97.57,93.48,0.0,0.0,0.0,0.0,0.0,0.0
1332,34681,82.2,54.834256038528686,1.4117660396965803,0,23,2,100,81.33,83.08,0.0,0.0,0.0,0.0,0.0,0.0
1333,38308,39.84,56.83912525874999,1.3303608939030729,0,14,2,100,38.47,41.22,0.0,0.0,0.0,0.0,0.0,0.0
1334,39114,62.14,57.68225390041604,1.4170745824977538,0,12,2,100,61.04,63.24,0.0,0.0,0.0,0.0,0.0,0.0
1335,37905,78.12,57.529643214462496,1.3302650869179924,0,15,2,100,81.14,75.11,0.0,0.0,0.0,0.0,0.0,0.0
1336,37099,31.11,58.19195111749137,1.3362698026935893,0,17,2,100,29.56,32.66,0.0,0.0,0.0,0.0,0.0,0.0
1337,38308,65.97,53.10192601376925,1.3242596154496622,0,14,2,100,67.24,64.7,0.0,0.0,0.0,0.0,0.0,0.0
1338,38308,72.0,52.995568414352704,1.3413823003689325,0,14,2,100,75.1,68.9,0.0,0.0,0.0,0.0,0.0,0.0
1339,36696,82.78,62.24951524882646,1.4632346745233775,0,18,2,100,81.88,83.69,0.0,0.0,0.0,0.0,0.0,0.0
1340,35487,43.72,57.476158077292425,1.3361574812002857,0,21,2,100,41.17,46.26,0.0,0.0,0.0,0.0,0.0,0.0
1341,38308,69.54,61.56589777411717,1.3261112018002978,0,14,2,100,66.85,72.23,0.0,0.0,0.0,0.0,0.0,0.0
1342,38308,94.04,61.54493408200699,1.3336417242968124,0,14,2,100,91.77,96.32,0.0,0.0,0.0,0.0,0.0,0.0
1343,38308,57.23,58.39502104814507,1.334651917067919,0,14,2,100,53.87,60.59,0.0,0.0,0.0,0.0,0.0,0.0
1344,39517,63.93,57.30620294075041,1.3626864818075657,0,11,2,100,60.04,67.82,0.0,0.0,0.0,0.0,0.0,0.0
1345,36696,85.82,51.68266643470732,1.4077069754819216,0,18,2,100,88.62,83.03,0.0,0.0,0.0,0.0,0.0,0.0
1346,37905,96.36,55.01230226391271,1.4081519198218728,0,15,2,100,92.73,100.0,0.0,0.0,0.0,0.0,0.0,0.0
1347,37099,54.1,53.93607192992565,1.3957899151423014,0,17,2,100,54.27,53.94,0.0,0.0,0.0,0.0,0.0,0.0
1348,37905,25.96,57.63171090329535,1.3761748334188129,0,15,2,100,28.58,23.34,0.0,0.0,0.0,0.0,0.0,0.0
1349,39114,61.46,53.9906255329552,1.3276496335006982,0,12,2,100,60.21,62.7,0.0,0.0,0.0,0.0,0.0,0.0
1350,41972,58.64,57.90204093430617,1.3267093427547212,1,11,2,100,63.34,53.94,0.0,0.0,0.0,0.0,0.0,0.0
1351,40323,49.87,53.69637363701909,1.3176480351668045,0,9,2,100,50.34,49.4,0.0,0.0,0.0,0.0,0.0,0.0
1352,42375,35.01,53.609939079117694,1.3026713158752987,1,10,2,100,36.71,33.31,0.0,0.0,0.0,0.0,0.0,0.0
1353,43584,82.7,56.79609179631477,1.4430089372350734,1,7,2,100,86.91,78.5,0.0,0.0,0.0,0.0,0.0,0.0
1354,38711,83.9,54.10099406407538,1.3769248989059475,0,13,2,100,91.67,76.14,0.0,0.0,0.0,0.0,0.0,0.0
1355,35890,72.03,57.94859950277591,1.380785940253031,0,20,2,100,66.79,77.26,0.0,0.0,0.0,0.0,0.0,0.0
1356,42879,90.94,60.03717869168193,1.39462955781054,3,12,2,100,90.39,91.5,0.0,0.0,0.0,0.0,0.0,0.0
1357,43181,65.09,53.859681423268384,1.3518584112720655,1,8,2,100,72.5,57.68,0.0,0.0,0.0,0.0,0.0,0.0
1358,37905,31.66,55.760620795619886,1.338119509517092,0,15,2,100,35.11,28.22,0.0,0.0,0.0,0.0,0.0,0.0
1359,38711,68.64,46.44588045125467,1.3899027074125063,0,13,2,100,62.13,75.14,0.0,0.0,0.0,0.0,0.0,0.0
1360,39517,46.66,56.540168612617634,1.3886938655426502,0,11,2,100,47.63,45.69,0.0,0.0,0.0,0.0,0.0,0.0
1361,39517,46.94,55.257074523894026,1.2717180183387,0,11,2,100,49.91,43.97,0.0,0.0,0.0,0.0,0.0,0.0
1362,42375,46.16,54.459575731962666,1.3115999111498513,1,10,2,100,46.18,46.15,0.0,0.0,0.0,0.0,0.0,0.0
1363,39517,50.46,55.79130733303401,1.3292354613320956,0,11,2,100,53.92,46.99,0.0,0.0,0.0,0.0,0.0,0.0
1364,37905,29.29,55.66139236497169,1.376299463989637,0,15,2,100,29.0,29.58,0.0,0.0,0.0,0.0,0.0,0.0
1365,35890,79.41,57.6475428530409,1.3801636983022247,0,20,2,100,73.49,85.33,0.0,0.0,0.0,0.0,0.0,0.0
1366,40323,84.38,53.77694176426728,1.3483372557668207,0,9,2,100,82.91,85.86,0.0,0.0,0.0,0.0,0.0,0.0
1367,38308,25.02,54.75884471220738,1.2573065892761532,0,14,2,100,24.06,25.98,0.0,0.0,0.0,0.0,0.0,0.0
1368,37099,72.4,58.59441458616665,1.3475381232034485,0,17,2,100,71.83,72.96,0.0,0.0,0.0,0.0,0.0,0.0
1369,37905,31.58,55.25116331318002,1.3245082770567265,0,15,2,100,30.93,32.23,0.0,0.0,0.0,0.0,0.0,0.0
1370,38308,90.88,51.74042090423208,1.3963452113650705,0,14,2,100,82.01,99.76,0.0,0.0,0.0,0.0,0.0,0.0
1371,35487,86.49,54.38578145419307,1.4281900885961227,0,21,2,100,82.41,90.57,0.0,0.0,0.0,0.0,0.0,0.0
1372,41129,69.07,54.80541760892051,1.2070666801718597,0,7,2,100,69.17,68.97,0.0,0.0,0.0,0.0,0.0,0.0
1373,38308,41.04,56.76329551202372,1.328319805018381,0,14,2,100,42.68,39.39,0.0,0.0,0.0,0.0,0.0,0.0
1374,38711,31.97,51.07231693109099,1.3132980805950014,0,13,2,100,32.63,31.31,0.0,0.0,0.0,0.0,0.0,0.0
1375,38711,62.24,53.33656213656096,1.323626402182421,0,13,2,100,65.21,59.26,0.0,0.0,0.0,0.0,0.0,0.0
1376,36293,43.44,57.89868278204837,1.2974495941212856,0,19,2,100,42.39,44.5,0.0,0.0,0.0,0.0,0.0,0.0
1377,38308,42.17,53.720744141176574,1.4038663962590323,0,14,2,100,40.82,43.52,0.0,0.0,0.0,0.0,0.0,0.0
1378,37099,94.95,58.447592240752265,1.3979393519953067,0,17,2,100,89.9,100.0,0.0,0.0,0.0,0.0,0.0,0.0
1379,36696,74.44,54.70315796205129,1.383836569852926,0,18,2,100,78.39,70.49,0.0,0.0,0.0,0.0,0.0,0.0
1380,38308,43.4,53.501387256131,1.3310870076550505,0,14,2,100,43.26,43.55,0.0,0.0,0.0,0.0,0.0,0.0
1381,40323,36.72,55.64398949083648,1.3274388973026072,0,9,2,100,39.26,34.18,0.0,0.0,0.0,0.0,0.0,0.0
1382,45545,82.51,59.44137442073526,1.407039971968964,2,5,2,100,88.26,76.76,0.0,0.0,0.0,0.0,0.0,0.0
1383,39517,26.84,52.56586118211078,1.359462621781962,0,11,2,100,23.97,29.71,0.0,0.0,0.0,0.0,0.0,0.0
1384,39517,67.06,52.65986152213432,1.392179955777063,0,11,2,100,64.3,69.82,0.0,0.0,0.0,0.0,0.0,0.0
1385,39517,82.06,58.20755753935018,1.369955089264426,0,11,2,100,86.4,77.72,0.0,0.0,0.0,0.0,0.0,0.0
1386,39920,79.59,56.85109004214482,1.2967444853889831,0,10,2,100,71.24,87.94,0.0,0.0,0.0,0.0,0.0,0.0
1387,38711,75.44,53.52209291313312,1.3635022310102858,0,13,2,100,84.08,66.81,0.0,0.0,0.0,0.0,0.0,0.0
1388,36293,42.7,49.71092030345746,1.2919044509645703,0,19,2,100,42.26,43.15,0.0,0.0,0.0,0.0,0.0,0.0
1389,36696,90.33,51.858838541501655,1.3497385810487683,0,18,2,100,93.02,87.64,0.0,0.0,0.0,0.0,0.0,0.0
1390,42778,76.5,52.5364285286208,1.3382294593097683,1,9,2,100,72.56,80.43,0.0,0.0,0.0,0.0,0.0,0.0
1391,39517,86.59,54.65362104710365,1.35663583495269,0,11,2,100,86.36,86.82,0.0,0.0,0.0,0.0,0.0,0.0
1392,40726,78.24,52.37241048569072,1.3534043946961865,0,8,2,100,83.64,72.83,0.0,0.0,0.0,0.0,0.0,0.0
1393,36293,66.93,56.01367597305393,1.2788439046400093,0,19,2,100,70.88,62.98,0.0,0.0,0.0,0.0,0.0,0.0
1394,37905,40.34,60.21087457539582,1.307770322094158,0,15,2,100,39.68,41.01,0.0,0.0,0.0,0.0,0.0,0.0
1395,41418,95.7,54.05423061808995,1.3745726037013697,2,14,2,100,100.0,91.41,0.0,0.0,0.0,0.0,0.0,0.0
1396,42627,81.06,49.55875507820331,1.3110902619654756,2,11,2,100,84.99,77.14,0.0,0.0,0.0,0.0,0.0,0.0
1397,39114,45.9,51.923497262196,1.2903633836115669,0,12,2,100,47.85,43.96,0.0,0.0,0.0,0.0,0.0,0.0
1398,37099,67.06,52.55722241753615,1.3494805551491262,0,17,2,100,70.14,63.98,0.0,0.0,0.0,0.0,0.0,0.0
1399,39920,78.04,49.142036856249646,1.3563149252436382,0,10,2,100,70.31,85.78,0.0,0.0,0.0,0.0,0.0,0.0
1400,38711,59.56,53.11123033953051,1.3128581752650386,0,13,2,100,62.7,56.43,0.0,0.0,0.0,0.0,0.0,0.0
1401,35487,89.12,55.63662301292664,1.2927613579451656,0,21,2,100,100.0,78.24,0.0,0.0,0.0,0.0,0.0,0.0
1402,43433,92.72,55.787270005344766,1.2859635946994663,2,9,2,100,87.63,97.82,0.0,0.0,0.0,0.0,0.0,0.0
1403,37905,47.74,55.04460045329045,1.4594028895568587,0,15,2,100,47.6,47.88,0.0,0.0,0.0,0.0,0.0,0.0
1404,37905,47.28,52.49638047359445,1.3056076534056336,0,15,2,100,54.3,40.25,0.0,0.0,0.0,0.0,0.0,0.0
1405,39114,87.78,53.76338371801752,1.2935052137819212,0,12,2,100,88.29,87.27,0.0,0.0,0.0,0.0,0.0,0.0
1406,37502,63.5,48.36966857286006,1.283111660631958,0,16,2,100,63.56,63.43,0.0,0.0,0.0,0.0,0.0,0.0
1407,38308,32.08,55.60422056833496,1.3486297460791574,0,14,2,100,32.74,31.43,0.0,0.0,0.0,0.0,0.0,0.0
1408,37905,68.35,55.82102391365644,1.3714354648039355,0,15,2,100,61.18,75.52,0.0,0.0,0.0,0.0,0.0,0.0
1409,42879,31.58,56.35246440789646,1.3559794750547354,3,12,2,100,29.15,34.02,0.0,0.0,0.0,0.0,0.0,0.0
1410,39920,78.3,57.510138700856736,1.4360820265949004,0,10,2,100,81.32,75.28,0.0,0.0,0.0,0.0,0.0,0.0
1411,37905,71.14,52.43433624553349,1.2846478523704508,0,15,2,100,78.46,63.82,0.0,0.0,0.0,0.0,0.0,0.0
1412,43433,68.65,58.12585448195198,1.458236515737878,2,9,2,100,65.69,71.61,0.0,0.0,0.0,0.0,0.0,0.0
1413,39114,42.6,50.71072372283405,1.3858399051417325,0,12,2,100,41.54,43.67,0.0,0.0,0.0,0.0,0.0,0.0
1414,39114,52.68,55.49920790062243,1.2887995794633662,0,12,2,100,49.48,55.87,0.0,0.0,0.0,0.0,0.0,0.0
1415,39114,61.14,52.532539093360384,1.2906625325032903,0,12,2,100,59.18,63.11,0.0,0.0,0.0,0.0,0.0,0.0
1416,37099,92.28,53.86873589692711,1.3582277949712471,0,17,2,100,96.93,87.62,0.0,0.0,0.0,0.0,0.0,0.0
1417,42778,71.5,51.68926876973647,1.3828912301741505,1,9,2,100,74.43,68.57,0.0,0.0,0.0,0.0,0.0,0.0
1418,39114,45.38,55.07548305684357,1.349629195591,0,12,2,100,46.94,43.82,0.0,0.0,0.0,0.0,0.0,0.0
1419,39920,83.77,53.91888169526487,1.27480745602756,0,10,2,100,81.14,86.4,0.0,0.0,0.0,0.0,0.0,0.0
1420,37099,52.5,55.68311271724952,1.2746586925255825,0,17,2,100,48.07,56.94,0.0,0.0,0.0,0.0,0.0,0.0
1421,43836,95.4,62.44966630244068,1.3138909917005577,2,8,2,100,91.58,99.21,0.0,0.0,0.0,0.0,0.0,0.0
1422,39114,68.72,57.82099492638589,1.366011242960016,0,12,2,100,63.37,74.06,0.0,0.0,0.0,0.0,0.0,0.0
1423,39114,41.73,52.00000282415023,1.3338634707711376,0,12,2,100,43.32,40.14,0.0,0.0,0.0,0.0,0.0,0.0
1424,40323,78.16,57.07116451413047,1.3209134728280982,0,9,2,100,79.75,76.57,0.0,0.0,0.0,0.0,0.0,0.0
1425,38308,68.56,50.78660499910386,1.351717756482378,0,14,2,100,67.02,70.11,0.0,0.0,0.0,0.0,0.0,0.0
1426,37502,70.67,53.13126141015797,1.3338716636051668,0,16,2,100,68.11,73.23,0.0,0.0,0.0,0.0,0.0,0.0
1427,36696,94.8,57.559406779235765,1.3344987792709408,0,18,2,100,99.69,89.9,0.0,0.0,0.0,0.0,0.0,0.0
1428,38308,31.6,60.41607680759443,1.3650777398377776,0,14,2,100,32.41,30.8,0.0,0.0,0.0,0.0,0.0,0.0
1429,41972,65.56,54.80077075227069,1.302285305253224,1,11,2,100,68.21,62.92,0.0,0.0,0.0,0.0,0.0,0.0
1430,37099,64.21,54.09104039403585,1.37363808173086,0,17,2,100,57.01,71.41,0.0,0.0,0.0,0.0,0.0,0.0
1431,35487,93.24,58.64148712472169,1.3908421129620725,0,21,2,100,86.47,100.0,0.0,0.0,0.0,0.0,0.0,0.0
1432,37905,92.08,54.48577180007238,1.3645484818636435,0,15,2,100,89.0,95.16,0.0,0.0,0.0,0.0,0.0,0.0
1433,37502,54.24,55.28872151517312,1.2655522979452378,0,16,2,100,56.39,52.09,0.0,0.0,0.0,0.0,0.0,0.0
1434,37099,67.72,51.73554196343704,1.3706495098760698,0,17,2,100,76.64,58.81,0.0,0.0,0.0,0.0,0.0,0.0
1435,41015,83.88,59.56094343307872,1.3325499883206446,2,15,2,100,89.35,78.41,0.0,0.0,0.0,0.0,0.0,0.0
1436,38308,74.24,51.5713963845602,1.369397267226778,0,14,2,100,75.99,72.48,0.0,0.0,0.0,0.0,0.0,0.0
1437,37099,51.47,57.16660740738417,1.3554634668212495,0,17,2,100,49.54,53.4,0.0,0.0,0.0,0.0,0.0,0.0
1438,35890,26.3,54.32778010039074,1.3336401918181775,0,20,2,100,26.88,25.72,0.0,0.0,0.0,0.0,0.0,0.0
1439,37502,41.45,56.77264944416868,1.3499669858072385,0,16,2,100,36.7,46.2,0.0,0.0,0.0,0.0,0.0,0.0
1440,38308,43.24,50.62452013944735,1.3271296442375298,0,14,2,100,47.07,39.4,0.0,0.0,0.0,0.0,0.0,0.0
1441,43181,88.62,52.102514490344426,1.250760220648908,1,8,2,100,96.88,80.36,0.0,0.0,0.0,0.0,0.0,0.0
1442,43836,36.97,53.62896608119836,1.2549444177912337,2,8,2,100,34.1,39.84,0.0,0.0,0.0,0.0,0.0,0.0
1443,38308,60.77,53.98477808954289,1.4027683645539315,0,14,2,100,62.8,58.74,0.0,0.0,0.0,0.0,0.0,0.0
1444,37502,43.8,53.72822767267233,1.3716708984314994,0,16,2,100,42.5,45.11,0.0,0.0,0.0,0.0,0.0,0.0
1445,37905,52.38,50.80435734839209,1.3340149773464238,0,15,2,100,53.08,51.68,0.0,0.0,0.0,0.0,0.0,0.0
1446,39517,68.4,53.47390653518215,1.2799715615677776,0,11,2,100,71.19,65.6,0.0,0.0,0.0,0.0,0.0,0.0
1447,39114,53.78,53.61178505955398,1.337314689769465,0,12,2,100,57.72,49.84,0.0,0.0,0.0,0.0,0.0,0.0
1448,39517,96.18,56.00790239709752,1.2670761671349549,0,11,2,100,99.82,92.55,0.0,0.0,0.0,0.0,0.0,0.0
1449,39114,80.24,49.59473221542536,1.3758380228201317,0,12,2,100,74.21,86.27,0.0,0.0,0.0,0.0,0.0,0.0
1450,34681,44.88,59.28964074719086,1.3455320710246292,0,23,2,100,49.42,40.34,0.0,0.0,0.0,0.0,0.0,0.0
1451,35890,100.0,55.27656520017052,1.2712246026885308,0,20,2,100,100.0,100.0,0.0,0.0,0.0,0.0,0.0,0.0
1452,39920,52.88,55.18986443572063,1.2535565877104624,0,10,2,100,55.56,50.2,0.0,0.0,0.0,0.0,0.0,0.0
1453,39114,57.36,55.41506563180083,1.3662206802647137,0,12,2,100,53.25,61.46,0.0,0.0,0.0,0.0,0.0,0.0
1454,38711,92.7,57.73203664319966,1.3549948023090543,0,13,2,100,85.39,100.0,0.0,0.0,0.0,0.0,0.0,0.0
1455,36696,25.54,53.09279826371135,1.4571155752167733,0,18,2,100,26.71,24.36,0.0,0.0,0.0,0.0,0.0,0.0
1456,37502,75.27,53.22905991649127,1.317304760118696,0,16,2,100,65.41,85.13,0.0,0.0,0.0,0.0,0.0,0.0
1457,44340,79.65,54.09680113013195,1.3688606816557072,4,10,2,100,83.4,75.9,0.0,0.0,0.0,0.0,0.0,0.0
1458,40323,52.05,52.50962108819487,1.3433914655035732,0,9,2,100,57.3,46.8,0.0,0.0,0.0,0.0,0.0,0.0
1459,40726,58.78,57.549709109210674,1.3458077941335946,0,8,2,100,57.57,60.0,0.0,0.0,0.0,0.0,0.0,0.0
1460,39114,38.06,58.60838479592024,1.4135739980432935,0,12,2,100,37.83,38.3,0.0,0.0,0.0,0.0,0.0,0.0
1461,43433,43.53,53.82537629205624,1.3608457361802953,2,9,2,100,41.21,45.85,0.0,0.0,0.0,0.0,0.0,0.0
1462,40726,51.72,55.28158003478515,1.3714241560649605,0,8,2,100,50.9,52.54,0.0,0.0,0.0,0.0,0.0,0.0
1463,37905,80.41,56.53536433092762,1.3336489541039345,0,15,2,100,74.94,85.89,0.0,0.0,0.0,0.0,0.0,0.0
1464,39517,66.53,46.07885945255326,1.3404297007261303,0,11,2,100,74.93,58.12,0.0,0.0,0.0,0.0,0.0,0.0
1465,42627,76.94,57.79942230633673,1.3412624315680854,2,11,2,100,71.52,82.36,0.0,0.0,0.0,0.0,0.0,0.0
1466,39517,75.07,57.36791419249167,1.3095551900380644,0,11,2,100,76.46,73.69,0.0,0.0,0.0,0.0,0.0,0.0
1467,42627,64.82,55.73268300303204,1.3937896360441535,2,11,2,100,61.46,68.17,0.0,0.0,0.0,0.0,0.0,0.0
1468,39517,36.87,54.80811152057784,1.2785042906842996,0,11,2,100,33.41,40.33,0.0,0.0,0.0,0.0,0.0,0.0
1469,37502,37.43,48.82905212616244,1.3305326171109109,0,16,2,100,31.12,43.74,0.0,0.0,0.0,0.0,0.0,0.0
1470,43433,43.39,54.15583542290965,1.4148595636138008,2,9,2,100,38.32,48.46,0.0,0.0,0.0,0.0,0.0,0.0
1471,37905,63.7,55.54863609416012,1.345019259765637,0,15,2,100,57.17,70.24,0.0,0.0,0.0,0.0,0.0,0.0
1472,38308,53.0,57.06485476337626,1.265452268704509,0,14,2,100,51.83,54.18,0.0,0.0,0.0,0.0,0.0,0.0
1473,43584,27.54,54.2114852632078,1.387002868154152,1,7,2,100,24.4,30.68,0.0,0.0,0.0,0.0,0.0,0.0
1474,36696,83.48,48.878840130838775,1.3527550270210962,0,18,2,100,85.66,81.31,0.0,0.0,0.0,0.0,0.0,0.0
1475,37502,51.42,56.33352069092201,1.3173563459740916,0,16,2,100,51.84,51.0,0.0,0.0,0.0,0.0,0.0,0.0
1476,38308,91.46,50.54349377684967,1.214452491092554,0,14,2,100,98.97,83.95,0.0,0.0,0.0,0.0,0.0,0.0
1477,40726,27.04,55.57849922625364,1.3172865767765818,0,8,2,100,30.0,24.09,0.0,0.0,0.0,0.0,0.0,0.0
1478,37502,55.04,51.04201619456002,1.317045563288353,0,16,2,100,53.58,56.49,0.0,0.0,0.0,0.0,0.0,0.0
1479,39517,39.63,50.938987883582655,1.408639335031403,0,11,2,100,38.85,40.41,0.0,0.0,0.0,0.0,0.0,0.0
1480,38711,24.44,55.61840242645634,1.3147795025242637,0,13,2,100,22.24,26.63,0.0,0.0,0.0,0.0,0.0,0.0
1481,39114,33.17,51.92418347847332,1.3480524751291625,0,12,2,100,33.75,32.6,0.0,0.0,0.0,0.0,0.0,0.0
1482,38308,24.47,58.08946243081056,1.2727166974762532,0,14,2,100,27.19,21.75,0.0,0.0,0.0,0.0,0.0,0.0
1483,40726,93.74,52.374045739374736,1.298811200450649,0,8,2,100,87.49,100.0,0.0,0.0,0.0,0.0,0.0,0.0
1484,37905,24.42,55.527304487448,1.252975573343471,0,15,2,100,26.85,22.0,0.0,0.0,0.0,0.0,0.0,0.0
1485,37905,55.98,54.27311815219039,1.27315735010648,0,15,2,100,58.0,53.97,0.0,0.0,0.0,0.0,0.0,0.0
1486,37099,84.62,52.12666728054203,1.344729308710847,0,17,2,100,93.61,75.62,0.0,0.0,0.0,0.0,0.0,0.0
1487,43030,67.26,59.027135648986544,1.3275184490538168,2,10,2,100,64.61,69.9,0.0,0.0,0.0,0.0,0.0,0.0
1488,38711,45.0,58.26272606242867,1.346992578282708,0,13,2,100,49.84,40.17,0.0,0.0,0.0,0.0,0.0,0.0
1489,38308,40.1,56.29005388872593,1.3645882296302445,0,14,2,100,37.21,42.98,0.0,0.0,0.0,0.0,0.0,0.0
1490,36293,40.62,54.62334464822783,1.2569817270715982,0,19,2,100,44.31,36.92,0.0,0.0,0.0,0.0,0.0,0.0
1491,39920,68.15,58.53933939392977,1.384990766046903,0,10,2,100,66.24,70.06,0.0,0.0,0.0,0.0,0.0,0.0
1492,38711,58.07,57.79272703406633,1.3569649403584318,0,13,2,100,64.16,51.98,0.0,0.0,0.0,0.0,0.0,0.0
1493,40323,79.44,56.12880796939032,1.3886684547964063,0,9,2,100,83.66,75.21,0.0,0.0,0.0,0.0,0.0,0.0
1494,38711,86.9,52.4719723555251,1.339089405004969,0,13,2,100,90.44,83.35,0.0,0.0,0.0,0.0,0.0,0.0
1495,39517,66.07,50.65455709052274,1.2585312405330555,0,11,2,100,63.82,68.32,0.0,0.0,0.0,0.0,0.0,0.0
1496,40726,71.53,55.58269328990131,1.317841097862864,0,8,2,100,68.73,74.33,0.0,0.0,0.0,0.0,0.0,0.0
1497,38308,26.81,50.3953434119626,1.3854556763425463,0,14,2,100,25.4,28.22,0.0,0.0,0.0,0.0,0.0,0.0
1498,36293,87.22,55.80855234314802,1.2898310471872405,0,19,2,100,90.05,84.4,0.0,0.0,0.0,0.0,0.0,0.0
1499,38308,68.47,53.49688246333292,1.3022716307106643,0,14,2,100,69.33,67.62,0.0,0.0,0.0,0.0,0.0,0.0
1500,40323,95.82,57.14499160448831,1.3223584801145187,0,9,2,100,100.0,91.63,0.0,0.0,0.0,0.0,0.0,0.0
1501,36696,89.04,54.75202292711735,1.3123735392755609,0,18,2,100,88.66,89.41,0.0,0.0,0.0,0.0,0.0,0.0
1502,39517,79.57,55.17951385298992,1.3360236489826156,0,11,2,100,88.57,70.57,0.0,0.0,0.0,0.0,0.0,0.0
1503,39114,75.26,56.26684695281497,1.235300675494286,0,12,2,100,66.67,83.85,0.0,0.0,0.0,0.0,0.0,0.0
1504,40323,24.22,57.84367276614108,1.315258530578466,0,9,2,100,24.39,24.04,0.0,0.0,0.0,0.0,0.0,0.0
1505,40323,97.66,56.09025570787347,1.3205640651042574,0,9,2,100,100.0,95.33,0.0,0.0,0.0,0.0,0.0,0.0
1506,39920,43.58,58.50872192913252,1.2947227915778552,0,10,2,100,42.03,45.12,0.0,0.0,0.0,0.0,0.0,0.0
1507,45549,34.55,52.06330269688019,1.3047555755414333,4,7,2,100,37.36,31.74,0.0,0.0,0.0,0.0,0.0,0.0
1508,40726,31.32,52.243455638328655,1.3405361717754012,0,8,2,100,28.07,34.56,0.0,0.0,0.0,0.0,0.0,0.0
1509,45545,67.6,51.71571131857966,1.3037977811929986,2,5,2,100,66.15,69.05,0.0,0.0,0.0,0.0,0.0,0.0
1510,38711,63.62,54.960187499695856,1.3978883472819716,0,13,2,100,66.78,60.46,0.0,0.0,0.0,0.0,0.0,0.0
1511,37905,36.32,52.98153958279821,1.3900894041714178,0,15,2,100,41.56,31.08,0.0,0.0,0.0,0.0,0.0,0.0
1512,38711,39.33,58.41193289148036,1.2981059084407265,0,13,2,100,39.01,39.64,0.0,0.0,0.0,0.0,0.0,0.0
1513,37099,99.91,51.99521627591268,1.3594233122546515,0,17,2,100,100.0,99.82,0.0,0.0,0.0,0.0,0.0,0.0
1514,37502,98.84,56.87451792650981,1.2979724429060582,0,16,2,100,97.69,100.0,0.0,0.0,0.0,0.0,0.0,0.0
1515,41129,58.84,52.91815674578439,1.2631954725983043,0,7,2,100,57.0,60.67,0.0,0.0,0.0,0.0,0.0,0.0
1516,38308,83.02,60.49107547703389,1.2376692923928172,0,14,2,100,86.82,79.23,0.0,0.0,0.0,0.0,0.0,0.0
1517,40323,67.84,60.67176605130165,1.2466953542689083,0,9,2,100,66.5,69.18,0.0,0.0,0.0,0.0,0.0,0.0
1518,37502,93.12,54.34792622692715,1.406497576140287,0,16,2,100,100.0,86.24,0.0,0.0,0.0,0.0,0.0,0.0
1519,39517,81.58,61.41518422917593,1.2048942904498123,0,11,2,100,81.62,81.54,0.0,0.0,0.0,0.0,0.0,0.0
1520,44491,79.05,58.98783725227078,1.3579608776818644,3,8,2,100,87.56,70.54,0.0,0.0,0.0,0.0,0.0,0.0
1521,37905,75.94,54.02365861355474,1.3641463745244666,0,15,2,100,78.74,73.13,0.0,0.0,0.0,0.0,0.0,0.0
1522,39920,50.7,53.21619545093308,1.2224191171834038,0,10,2,100,48.69,52.7,0.0,0.0,0.0,0.0,0.0,0.0
1523,36293,51.16,50.30575711203487,1.3784399547560688,0,19,2,100,45.23,57.1,0.0,0.0,0.0,0.0,0.0,0.0
1524,38308,70.94,55.15934885061228,1.3665867515335228,0,14,2,100,69.44,72.44,0.0,0.0,0.0,0.0,0.0,0.0
1525,39517,95.12,50.93184249907668,1.3707012104676717,0,11,2,100,90.24,100.0,0.0,0.0,0.0,0.0,0.0,0.0
1526,40323,62.5,52.85575779845729,1.4253539173609873,0,9,2,100,67.52,57.48,0.0,0.0,0.0,0.0,0.0,0.0
1527,38308,43.28,56.91812322365989,1.3410454870987902,0,14,2,100,44.01,42.54,0.0,0.0,0.0,0.0,0.0,0.0
1528,38308,80.16,59.43694948642587,1.3494050831339128,0,14,2,100,73.55,86.76,0.0,0.0,0.0,0.0,0.0,0.0
1529,39517,72.46,55.591315473855786,1.2358462968285966,0,11,2,100,74.44,70.48,0.0,0.0,0.0,0.0,0.0,0.0
1530,37905,51.65,58.73254506983487,1.2940795111532832,0,15,2,100,48.5,54.8,0.0,0.0,0.0,0.0,0.0,0.0
1531,40323,41.58,56.70627627591431,1.2876712363966771,0,9,2,100,46.44,36.71,0.0,0.0,0.0,0.0,0.0,0.0
1532,43030,61.72,59.808942270149664,1.3737100403784757,2,10,2,100,64.71,58.74,0.0,0.0,0.0,0.0,0.0,0.0
1533,43433,66.28,58.93825120322634,1.3821166638228624,2,9,2,100,63.93,68.63,0.0,0.0,0.0,0.0,0.0,0.0
1534,39920,86.82,52.73144230191389,1.279757421614844,0,10,2,100,95.93,77.7,0.0,0.0,0.0,0.0,0.0,0.0
1535,39517,75.35,48.198505198422176,1.359850470663764,0,11,2,100,83.6,67.1,0.0,0.0,0.0,0.0,0.0,0.0
1536,42778,71.41,53.96194869798003,1.3365573803808255,1,9,2,100,77.23,65.6,0.0,0.0,0.0,0.0,0.0,0.0
1537,35084,44.08,52.33991888790704,1.3420268816365293,0,22,2,100,43.15,45.02,0.0,0.0,0.0,0.0,0.0,0.0
1538,37905,100.0,55.81506917087457,1.2758740408128042,0,15,2,100,100.0,100.0,0.0,0.0,0.0,0.0,0.0,0.0
1539,38308,92.94,54.21190303019606,1.337302725341695,0,14,2,100,94.18,91.71,0.0,0.0,0.0,0.0,0.0,0.0
1540,38711,73.94,55.555622592380615,1.3188779017401149,0,13,2,100,75.09,72.79,0.0,0.0,0.0,0.0,0.0,0.0
1541,39517,32.81,59.52092413109721,1.4189840355944965,0,11,2,100,38.45,27.17,0.0,0.0,0.0,0.0,0.0,0.0
1542,37502,70.24,51.3084744464088,1.3086892285116938,0,16,2,100,68.67,71.82,0.0,0.0,0.0,0.0,0.0,0.0
1543,35084,33.83,55.56642733293953,1.3225568619722432,0,22,2,100,35.45,32.21,0.0,0.0,0.0,0.0,0.0,0.0
1544,44340,98.88,52.98660921861688,1.2677112527298986,4,10,2,100,100.0,97.77,0.0,0.0,0.0,0.0,0.0,0.0
1545,35487,73.27,61.486974085062286,1.3895245079565943,0,21,2,100,67.58,78.96,0.0,0.0,0.0,0.0,0.0,0.0
1546,39920,56.95,53.4078979440142,1.3351836178020813,0,10,2,100,56.25,57.65,0.0,0.0,0.0,0.0,0.0,0.0
1547,39517,33.7,54.61540875030508,1.316923659296083,0,11,2,100,31.01,36.39,0.0,0.0,0.0,0.0,0.0,0.0
1548,43836,31.84,51.85454373469786,1.3442284858155296,2,8,2,100,33.8,29.89,0.0,0.0,0.0,0.0,0.0,0.0
1549,42627,48.02,54.3924655873324,1.3543989522671682,2,11,2,100,47.32,48.71,0.0,0.0,0.0,0.0,0.0,0.0
1550,43030,84.89,50.66717670459249,1.3815536652169933,2,10,2,100,85.6,84.18,0.0,0.0,0.0,0.0,0.0,0.0
1551,38308,27.28,46.21066790693549,1.3105058872638335,0,14,2,100,29.16,25.39,0.0,0.0,0.0,0.0,0.0,0.0
1552,39517,66.62,55.07763915254176,1.2949964572421622,0,11,2,100,65.42,67.83,0.0,0.0,0.0,0.0,0.0,0.0
1553,37502,71.54,57.9948666671614,1.3676356200963795,0,16,2,100,68.67,74.4,0.0,0.0,0.0,0.0,0.0,0.0
1554,40726,80.14,52.6982909325308,1.3547266433128569,0,8,2,100,81.84,78.43,0.0,0.0,0.0,0.0,0.0,0.0
1555,39517,50.27,55.297637920963055,1.3378462006877592,0,11,2,100,47.16,53.38,0.0,0.0,0.0,0.0,0.0,0.0
1556,38711,74.34,57.32650421781048,1.3342571409579718,0,13,2,100,80.9,67.79,0.0,0.0,0.0,0.0,0.0,0.0
1557,39517,86.54,48.66165511034367,1.37517722504466,0,11,2,100,91.14,81.93,0.0,0.0,0.0,0.0,0.0,0.0
1558,43030,75.83,55.04137349325461,1.302352262803876,2,10,2,100,72.68,78.98,0.0,0.0,0.0,0.0,0.0,0.0
1559,35890,97.19,52.568438404309646,1.2419518173786297,0,20,2,100,100.0,94.38,0.0,0.0,0.0,0.0,0.0,0.0
1560,39920,99.75,57.35494050790312,1.3417248089497786,0,10,2,100,99.5,100.0,0.0,0.0,0.0,0.0,0.0,0.0
1561,39920,100.0,47.41827512747098,1.290313641198514,0,10,2,100,100.0,100.0,0.0,0.0,0.0,0.0,0.0,0.0
1562,41532,43.14,55.17948951926772,1.3070664157620926,0,6,2,100,43.35,42.92,0.0,0.0,0.0,0.0,0.0,0.0
1563,40323,97.52,53.99509556213449,1.3724751177720105,0,9,2,100,100.0,95.04,0.0,0.0,0.0,0.0,0.0,0.0
1564,38308,54.48,55.2564517936865,1.352572818711817,0,14,2,100,48.62,60.35,0.0,0.0,0.0,0.0,0.0,0.0
1565,38308,47.13,50.8056446877094,1.2627334003365305,0,14,2,100,48.24,46.02,0.0,0.0,0.0,0.0,0.0,0.0
1566,37502,75.76,56.82415418102348,1.3406228510408411,0,16,2,100,82.52,68.99,0.0,0.0,0.0,0.0,0.0,0.0
1567,38711,43.62,51.86840003585032,1.303368595496664,0,13,2,100,46.22,41.02,0.0,0.0,0.0,0.0,0.0,0.0
1568,36696,90.11,53.6384140828084,1.3609911522445313,0,18,2,100,98.3,81.92,0.0,0.0,0.0,0.0,0.0,0.0
1569,39114,65.62,51.10293188997578,1.3290481673416898,0,12,2,100,62.46,68.78,0.0,0.0,0.0,0.0,0.0,0.0
1570,38308,76.18,56.12022812367305,1.3623980591003688,0,14,2,100,78.89,73.48,0.0,0.0,0.0,0.0,0.0,0.0
1571,38308,89.92,52.64487611299169,1.428926590809489,0,14,2,100,96.05,83.78,0.0,0.0,0.0,0.0,0.0,0.0
1572,39920,35.25,54.13597158161859,1.3490334545599043,0,10,2,100,36.63,33.86,0.0,0.0,0.0,0.0,0.0,0.0
1573,41129,75.22,52.55633912300112,1.3557464610771726,0,7,2,100,67.11,83.32,0.0,0.0,0.0,0.0,0.0,0.0
1574,37905,91.24,52.54767990006596,1.274939890212373,0,15,2,100,86.2,96.29,0.0,0.0,0.0,0.0,0.0,0.0
1575,39517,80.62,56.16939695577682,1.3421406985989055,0,11,2,100,78.58,82.65,0.0,0.0,0.0,0.0,0.0,0.0
1576,39517,60.0,51.77095690521972,1.310927445515388,0,11,2,100,58.24,61.76,0.0,0.0,0.0,0.0,0.0,0.0
1577,38308,77.82,55.375709442208986,1.2916687307822512,0,14,2,100,80.04,75.6,0.0,0.0,0.0,0.0,0.0,0.0
1578,39114,26.05,54.15090009910567,1.2780786737348853,0,12,2,100,28.44,23.66,0.0,0.0,0.0,0.0,0.0,0.0
1579,36293,51.64,51.31967939365491,1.2242321036348889,0,19,2,100,49.71,53.58,0.0,0.0,0.0,0.0,0.0,0.0
1580,37905,86.81,60.515220866069136,1.3827353541113525,0,15,2,100,86.2,87.42,0.0,0.0,0.0,0.0,0.0,0.0
1581,37905,50.6,54.03448695218496,1.3245081566524852,0,15,2,100,52.57,48.64,0.0,0.0,0.0,0.0,0.0,0.0
1582,45146,92.18,58.483857895521005,1.2649343205651054,4,8,2,100,94.69,89.67,0.0,0.0,0.0,0.0,0.0,0.0
1583,44491,53.24,55.49102614430181,1.243793566157937,3,8,2,100,54.92,51.56,0.0,0.0,0.0,0.0,0.0,0.0
1584,37099,39.97,52.66832578024045,1.329098365193303,0,17,2,100,41.21,38.73,0.0,0.0,0.0,0.0,0.0,0.0
1585,37502,56.7,52.35513026076878,1.325887684003157,0,16,2,100,57.65,55.74,0.0,0.0,0.0,0.0,0.0,0.0
1586,43937,23.88,52.04173890784257,1.3519874194575063,4,11,2,100,25.55,22.21,0.0,0.0,0.0,0.0,0.0,0.0
1587,39517,39.77,54.79484899469389,1.3223011817437778,0,11,2,100,39.44,40.1,0.0,0.0,0.0,0.0,0.0,0.0
1588,39920,49.3,55.31933817375702,1.2978266235950933,0,10,2,100,55.58,43.02,0.0,0.0,0.0,0.0,0.0,0.0
1589,38711,93.0,55.94146693139365,1.262229357574805,0,13,2,100,91.37,94.62,0.0,0.0,0.0,0.0,0.0,0.0
1590,38308,44.47,56.41316592306531,1.2792714475626412,0,14,2,100,45.05,43.9,0.0,0.0,0.0,0.0,0.0,0.0
1591,36696,31.52,57.36301021886364,1.3622942696317255,0,18,2,100,32.64,30.4,0.0,0.0,0.0,0.0,0.0,0.0
1592,39114,62.33,54.817426280022,1.3062419615540055,0,12,2,100,58.78,65.88,0.0,0.0,0.0,0.0,0.0,0.0
1593,37905,34.08,52.94488921140577,1.3003578363094506,0,15,2,100,31.5,36.66,0.0,0.0,0.0,0.0,0.0,0.0
1594,43584,46.58,57.7897142716412,1.3711876189072305,1,7,2,100,44.07,49.1,0.0,0.0,0.0,0.0,0.0,0.0
1595,38308,91.62,51.58391092417583,1.3017612873197408,0,14,2,100,100.0,83.23,0.0,0.0,0.0,0.0,0.0,0.0
1596,40323,72.88,52.15349437781161,1.312439666946987,0,9,2,100,77.13,68.62,0.0,0.0,0.0,0.0,0.0,0.0
1597,39920,43.03,57.79799713843973,1.3585412525042335,0,10,2,100,41.73,44.33,0.0,0.0,0.0,0.0,0.0,0.0
1598,39920,80.76,54.72955482101003,1.2558653192894869,0,10,2,100,82.34,79.19,0.0,0.0,0.0,0.0,0.0,0.0
1599,41129,34.5,54.02931419885695,1.3364704979326798,0,7,2,100,32.52,36.47,0.0,0.0,0.0,0.0,0.0,0.0
1600,39920,56.5,52.10796841848113,1.3572463147766776,0,10,2,100,57.99,55.01,0.0,0.0,0.0,0.0,0.0,0.0
1601,39920,64.96,54.9145703592741,1.3919082146979154,0,10,2,100,63.13,66.79,0.0,0.0,0.0,0.0,0.0,0.0
1602,38308,58.68,49.4850714971228,1.3041584828711426,0,14,2,100,60.67,56.7,0.0,0.0,0.0,0.0,0.0,0.0
1603,42588,91.42,57.552269986732114,1.2798245856274304,0,4,2,100,96.7,86.14,0.0,0.0,0.0,0.0,0.0,0.0
1604,38711,91.67,51.59891687024193,1.3439509462485932,0,13,2,100,83.34,100.0,0.0,0.0,0.0,0.0,0.0,0.0
1605,40323,45.58,62.34488169181721,1.3649954206634785,0,9,2,100,42.08,49.09,0.0,0.0,0.0,0.0,0.0,0.0
1606,39920,46.18,51.864187797377866,1.290865451407012,0,10,2,100,45.28,47.07,0.0,0.0,0.0,0.0,0.0,0.0
1607,36696,62.92,51.3452716769101,1.2705885838527733,0,18,2,100,58.67,67.18,0.0,0.0,0.0,0.0,0.0,0.0
1608,39114,63.5,54.45994509304257,1.245196858620211,0,12,2,100,58.24,68.77,0.0,0.0,0.0,0.0,0.0,0.0
1609,41418,23.49,54.482677989896,1.339888968950737,2,14,2,100,20.86,26.13,0.0,0.0,0.0,0.0,0.0,0.0
1610,40726,35.97,55.48063781515393,1.3042530484585466,0,8,2,100,38.27,33.67,0.0,0.0,0.0,0.0,0.0,0.0
1611,39920,76.09,59.07789845355896,1.348121085636418,0,10,2,100,71.94,80.23,0.0,0.0,0.0,0.0,0.0,0.0
1612,37502,95.24,54.273856879815305,1.295716626438911,0,16,2,100,96.33,94.15,0.0,0.0,0.0,0.0,0.0,0.0
1613,39517,51.34,54.2670832594419,1.3015582169345052,0,11,2,100,47.5,55.18,0.0,0.0,0.0,0.0,0.0,0.0
1614,47208,80.48,51.56715038339392,1.2571424787170928,4,4,2,100,84.5,76.46,0.0,0.0,0.0,0.0,0.0,0.0
1615,40726,83.74,54.1240726858388,1.303361017925833,0,8,2,100,85.86,81.62,0.0,0.0,0.0,0.0,0.0,0.0
1616,38711,66.42,56.2895682856431,1.3826488807085386,0,13,2,100,61.51,71.33,0.0,0.0,0.0,0.0,0.0,0.0
1617,39114,31.4,52.85475423500421,1.2862435473504004,0,12,2,100,29.59,33.2,0.0,0.0,0.0,0.0,0.0,0.0
1618,39114,26.83,55.82896609204766,1.3068525396657324,0,12,2,100,23.45,30.21,0.0,0.0,0.0,0.0,0.0,0.0
1619,39114,65.18,56.939367226839806,1.3777261367567586,0,12,2,100,60.61,69.74,0.0,0.0,0.0,0.0,0.0,0.0
1620,37502,64.98,55.22427201566648,1.2250013545887166,0,16,2,100,65.03,64.93,0.0,0.0,0.0,0.0,0.0,0.0
1621,39114,42.1,52.057543014246,1.2472698095576935,0,12,2,100,41.69,42.52,0.0,0.0,0.0,0.0,0.0,0.0
1622,38711,39.26,52.0891257762683,1.2645234084195365,0,13,2,100,41.34,37.19,0.0,0.0,0.0,0.0,0.0,0.0
1623,45549,84.52,49.63160226217484,1.1612951266965212,4,7,2,100,83.8,85.24,0.0,0.0,0.0,0.0,0.0,0.0
1624,40323,33.82,58.39247734362443,1.393483026441663,0,9,2,100,31.01,36.62,0.0,0.0,0.0,0.0,0.0,0.0
1625,39517,92.45,52.97656994629624,1.2957494189075909,0,11,2,100,100.0,84.9,0.0,0.0,0.0,0.0,0.0,0.0
1626,43836,41.61,47.884188226100605,1.307722841350673,2,8,2,100,40.51,42.71,0.0,0.0,0.0,0.0,0.0,0.0
1627,40763,85.29,57.72708444025861,1.343720342058982,1,14,2,100,80.45,90.13,0.0,0.0,0.0,0.0,0.0,0.0
1628,37502,42.11,58.155258645368704,1.263557699954193,0,16,2,100,38.13,46.09,0.0,0.0,0.0,0.0,0.0,0.0
1629,35084,49.32,56.22094303419452,1.2721904430613242,0,22,2,100,54.71,43.92,0.0,0.0,0.0,0.0,0.0,0.0
1630,40323,81.26,55.94795708404841,1.1892208174598935,0,9,2,100,84.01,78.5,0.0,0.0,0.0,0.0,0.0,0.0
1631,39114,81.78,54.14307525331555,1.4324896980254218,0,12,2,100,72.02,91.53,0.0,0.0,0.0,0.0,0.0,0.0
1632,38711,98.3,48.4813417839365,1.2814071315756783,0,13,2,100,96.61,100.0,0.0,0.0,0.0,0.0,0.0,0.0
1633,41129,70.46,52.37310809703462,1.4170820797899415,0,7,2,100,71.62,69.29,0.0,0.0,0.0,0.0,0.0,0.0
1634,39517,69.98,52.31868603296831,1.317399677679063,0,11,2,100,71.65,68.32,0.0,0.0,0.0,0.0,0.0,0.0
1635,38711,71.4,51.93981057702348,1.3372489345061649,0,13,2,100,65.54,77.25,0.0,0.0,0.0,0.0,0.0,0.0
1636,39114,96.79,54.881313517637125,1.2747858602247204,0,12,2,100,93.58,100.0,0.0,0.0,0.0,0.0,0.0,0.0
1637,39517,62.14,57.85660644881528,1.300005575086775,0,11,2,100,58.31,65.96,0.0,0.0,0.0,0.0,0.0,0.0
1638,36293,50.03,52.21813435397501,1.2096896097529588,0,19,2,100,48.17,51.89,0.0,0.0,0.0,0.0,0.0,0.0
1639,45698,95.38,58.77675748498585,1.2671053965439232,2,4,2,100,92.44,98.31,0.0,0.0,0.0,0.0,0.0,0.0
1640,39114,65.84,50.39610379796771,1.2860503006836073,0,12,2,100,71.18,60.51,0.0,0.0,0.0,0.0,0.0,0.0
1641,42879,45.77,57.5070006539106,1.3364674615808612,3,12,2,100,43.62,47.92,0.0,0.0,0.0,0.0,0.0,0.0
1642,36696,60.95,51.70480778949842,1.3845274766467333,0,18,2,100,62.59,59.31,0.0,0.0,0.0,0.0,0.0,0.0
1643,38308,45.58,53.223524003518925,1.2833310245731082,0,14,2,100,45.42,45.75,0.0,0.0,0.0,0.0,0.0,0.0
1644,39114,49.6,56.87857307159036,1.1831731904818164,0,12,2,100,54.85,44.34,0.0,0.0,0.0,0.0,0.0,0.0
1645,44239,70.32,53.16247804123505,1.3148469524394275,2,7,2,100,74.54,66.09,0.0,0.0,0.0,0.0,0.0,0.0
1646,37905,25.64,52.029079651039,1.3769234302764506,0,15,2,100,23.65,27.63,0.0,0.0,0.0,0.0,0.0,0.0
1647,38711,94.62,56.40075157906995,1.2133455775556845,0,13,2,100,100.0,89.25,0.0,0.0,0.0,0.0,0.0,0.0
1648,44088,61.7,55.67236714738624,1.3742423900119631,3,9,2,100,64.16,59.24,0.0,0.0,0.0,0.0,0.0,0.0
1649,38308,62.24,59.35491947246556,1.2588563567573452,0,14,2,100,67.69,56.78,0.0,0.0,0.0,0.0,0.0,0.0
1650,40323,58.78,56.88500069985957,1.3016831003215328,0,9,2,100,61.12,56.44,0.0,0.0,0.0,0.0,0.0,0.0
1651,43181,80.88,54.19849808665196,1.395055307843346,1,8,2,100,82.06,79.71,0.0,0.0,0.0,0.0,0.0,0.0
1652,46200,44.64,56.76233668141306,1.2957818155039842,3,5,2,100,39.72,49.56,0.0,0.0,0.0,0.0,0.0,0.0
1653,40726,42.82,55.58081417755863,1.2409380795857654,0,8,2,100,42.38,43.26,0.0,0.0,0.0,0.0,0.0,0.0
1654,40323,68.76,55.56495519203046,1.3387324129281326,0,9,2,100,71.18,66.35,0.0,0.0,0.0,0.0,0.0,0.0
1655,43433,94.34,54.65404587165703,1.3824886818185853,2,9,2,100,88.67,100.0,0.0,0.0,0.0,0.0,0.0,0.0
1656,43181,52.52,51.22501226610906,1.3415019323671082,1,8,2,100,49.38,55.66,0.0,0.0,0.0,0.0,0.0,0.0
1657,43836,81.12,59.55308827004824,1.363822691778614,2,8,2,100,72.85,89.39,0.0,0.0,0.0,0.0,0.0,0.0
1658,43282,46.3,53.37606043048324,1.3533230467537458,3,11,2,100,46.19,46.42,0.0,0.0,0.0,0.0,0.0,0.0
1659,39114,67.74,53.68620019629103,1.2822612669316047,0,12,2,100,73.69,61.78,0.0,0.0,0.0,0.0,0.0,0.0
1660,40323,57.68,57.19920474494154,1.2778161026289576,0,9,2,100,61.13,54.24,0.0,0.0,0.0,0.0,0.0,0.0
1661,43433,78.92,53.05420229118162,1.3050419821378494,2,9,2,100,68.64,89.21,0.0,0.0,0.0,0.0,0.0,0.0
1662,38308,32.02,57.95862736656927,1.2394227376103644,0,14,2,100,33.66,30.38,0.0,0.0,0.0,0.0,0.0,0.0
1663,39920,99.68,57.73183901209541,1.2080218353444323,0,10,2,100,100.0,99.36,0.0,0.0,0.0,0.0,0.0,0.0
1664,37502,65.4,57.79280073640607,1.36389714225563,0,16,2,100,65.66,65.14,0.0,0.0,0.0,0.0,0.0,0.0
1665,45698,56.38,58.52388129702014,1.2570794257805016,2,4,2,100,55.67,57.09,0.0,0.0,0.0,0.0,0.0,0.0
1666,39920,45.98,53.30141915727886,1.3425125562175055,0,10,2,100,49.59,42.37,0.0,0.0,0.0,0.0,0.0,0.0
1667,39920,58.8,54.169391238218026,1.359528270796518,0,10,2,100,62.22,55.37,0.0,0.0,0.0,0.0,0.0,0.0
1668,39920,81.18,57.8968741976591,1.284675948957423,0,10,2,100,79.3,83.07,0.0,0.0,0.0,0.0,0.0,0.0
1669,40726,27.66,52.185526516323286,1.3342126411063204,0,8,2,100,30.11,25.2,0.0,0.0,0.0,0.0,0.0,0.0
1670,43836,76.82,50.68356937961061,1.2334816836278653,2,8,2,100,71.14,82.49,0.0,0.0,0.0,0.0,0.0,0.0
1671,39920,75.3,54.73622495201323,1.2329816506058968,0,10,2,100,71.53,79.06,0.0,0.0,0.0,0.0,0.0,0.0
1672,46607,71.91,50.66636593127696,1.2613632754765014,5,6,2,100,65.0,78.82,0.0,0.0,0.0,0.0,0.0,0.0
1673,37905,92.45,53.22283804322357,1.253298642763663,0,15,2,100,84.9,100.0,0.0,0.0,0.0,0.0,0.0,0.0
1674,38308,53.39,51.7583930763818,1.328574519738574,0,14,2,100,49.57,57.21,0.0,0.0,0.0,0.0,0.0,0.0
1675,39517,78.3,57.54153621375874,1.1802264192506775,0,11,2,100,77.48,79.12,0.0,0.0,0.0,0.0,0.0,0.0
1676,44239,51.01,52.208437353168016,1.3345948508034848,2,7,2,100,48.83,53.19,0.0,0.0,0.0,0.0,0.0,0.0
1677,39920,47.08,55.76048433251949,1.3522276511751092,0,10,2,100,43.98,50.17,0.0,0.0,0.0,0.0,0.0,0.0
1678,44890,89.13,55.77369640682127,1.2895086471022772,1,5,2,100,90.38,87.88,0.0,0.0,0.0,0.0,0.0,0.0
1679,43181,54.74,62.46977166702506,1.2308915488499532,1,8,2,100,55.34,54.14,0.0,0.0,0.0,0.0,0.0,0.0
1680,43181,39.12,50.673838180309765,1.318007079169767,1,8,2,100,33.83,44.41,0.0,0.0,0.0,0.0,0.0,0.0
1681,44239,59.99,49.637338851356674,1.22542843641997,2,7,2,100,58.51,61.47,0.0,0.0,0.0,0.0,0.0,0.0
1682,44743,28.66,58.48718934137487,1.3263940805502688,4,9,2,100,26.84,30.48,0.0,0.0,0.0,0.0,0.0,0.0
1683,40323,69.84,56.30978288880448,1.3907941242852209,0,9,2,100,64.64,75.05,0.0,0.0,0.0,0.0,0.0,0.0
1684,38308,86.48,56.037413888954646,1.1538220526219929,0,14,2,100,81.7,91.27,0.0,0.0,0.0,0.0,0.0,0.0
1685,38308,65.12,58.20326963885216,1.377551405319345,0,14,2,100,68.08,62.17,0.0,0.0,0.0,0.0,0.0,0.0
1686,40726,51.02,54.75791632478329,1.2666253038699058,0,8,2,100,49.38,52.66,0.0,0.0,0.0,0.0,0.0,0.0
1687,40323,69.87,59.888901641839226,1.1918297960860862,0,9,2,100,62.6,77.14,0.0,0.0,0.0,0.0,0.0,0.0
1688,43433,58.68,55.420813630154015,1.295570740137578,2,9,2,100,61.79,55.57,0.0,0.0,0.0,0.0,0.0,0.0
1689,43030,71.6,55.27848292480431,1.3164016014080753,2,10,2,100,71.86,71.35,0.0,0.0,0.0,0.0,0.0,0.0
1690,39517,35.18,57.54697965582688,1.3303902372604788,0,11,2,100,31.43,38.94,0.0,0.0,0.0,0.0,0.0,0.0
1691,39920,42.22,51.28484748255099,1.3005524751325668,0,10,2,100,39.66,44.78,0.0,0.0,0.0,0.0,0.0,0.0
1692,39517,28.65,52.55024545921233,1.246982592773482,0,11,2,100,30.38,26.92,0.0,0.0,0.0,0.0,0.0,0.0
1693,37905,98.34,56.07776097428878,1.2416746008183548,0,15,2,100,100.0,96.69,0.0,0.0,0.0,0.0,0.0,0.0
1694,39517,97.2,50.970917814382815,1.341221529328887,0,11,2,100,94.41,100.0,0.0,0.0,0.0,0.0,0.0,0.0
1695,41532,99.28,52.73187053652249,1.262587659599121,0,6,2,100,98.57,100.0,0.0,0.0,0.0,0.0,0.0,0.0
1696,39114,57.89,49.22966256614106,1.248225646545569,0,12,2,100,52.2,63.57,0.0,0.0,0.0,0.0,0.0,0.0
1697,40323,29.72,57.71488587435584,1.336791291006242,0,9,2,100,27.2,32.24,0.0,0.0,0.0,0.0,0.0,0.0
1698,37905,66.36,58.42934826886951,1.3118855412488817,0,15,2,100,70.97,61.76,0.0,0.0,0.0,0.0,0.0,0.0
1699,42588,59.54,53.09867443994631,1.2630608608027296,0,4,2,100,55.58,63.51,0.0,0.0,0.0,0.0,0.0,0.0
1700,39114,40.57,53.619370085314,1.3392041251183482,0,12,2,100,36.2,44.94,0.0,0.0,0.0,0.0,0.0,0.0
1701,43433,83.31,54.09798749532352,1.2912736042387012,2,9,2,100,80.44,86.18,0.0,0.0,0.0,0.0,0.0,0.0
1702,44642,24.08,58.85780614379916,1.2509799340836187,2,6,2,100,23.06,25.1,0.0,0.0,0.0,0.0,0.0,0.0
1703,39114,31.62,51.29780421581327,1.2661657207523394,0,12,2,100,28.72,34.51,0.0,0.0,0.0,0.0,0.0,0.0
1704,40726,58.02,54.0331947633333,1.397784130633997,0,8,2,100,54.76,61.29,0.0,0.0,0.0,0.0,0.0,0.0
1705,44088,70.09,52.2757252891728,1.252996339623822,3,9,2,100,69.5,70.68,0.0,0.0,0.0,0.0,0.0,0.0
1706,36293,53.3,52.04800541677284,1.2610738040235328,0,19,2,100,50.19,56.42,0.0,0.0,0.0,0.0,0.0,0.0
1707,40323,91.16,56.76523990873213,1.364381820605573,0,9,2,100,100.0,82.31,0.0,0.0,0.0,0.0,0.0,0.0
1708,39517,76.65,51.42043337077622,1.311322999479955,0,11,2,100,74.92,78.38,0.0,0.0,0.0,0.0,0.0,0.0
1709,39114,86.07,55.340062023738206,1.261659380421223,0,12,2,100,73.05,99.1,0.0,0.0,0.0,0.0,0.0,0.0
1710,43836,68.41,55.308366006528345,1.3040837502380629,2,8,2,100,72.88,63.94,0.0,0.0,0.0,0.0,0.0,0.0
1711,45549,53.25,57.73865948480415,1.3056878150607296,4,7,2,100,46.62,59.88,0.0,0.0,0.0,0.0,0.0,0.0
1712,42588,63.2,54.723478521865744,1.380311563818904,0,4,2,100,67.46,58.95,0.0,0.0,0.0,0.0,0.0,0.0
1713,38711,64.27,56.95056227975304,1.3129247425884294,0,13,2,100,70.72,57.82,0.0,0.0,0.0,0.0,0.0,0.0
1714,39517,79.68,52.54817714972421,1.3031308133606103,0,11,2,100,68.77,90.6,0.0,0.0,0.0,0.0,0.0,0.0
1715,42588,68.12,54.3607132446978,1.359274995498288,0,4,2,100,65.82,70.43,0.0,0.0,0.0,0.0,0.0,0.0
1716,43181,62.16,54.33353291430747,1.2926122920168943,1,8,2,100,63.51,60.82,0.0,0.0,0.0,0.0,0.0,0.0
1717,39114,92.71,52.916226208261314,1.3218541663659222,0,12,2,100,100.0,85.42,0.0,0.0,0.0,0.0,0.0,0.0
1718,45196,64.37,58.18104212121671,1.3002630736368117,1,3,2,100,67.08,61.66,0.0,0.0,0.0,0.0,0.0,0.0
1719,42224,68.25,55.252485736707534,1.2489780111330908,2,12,2,100,66.54,69.96,0.0,0.0,0.0,0.0,0.0,0.0
1720,39114,82.02,47.12263402255921,1.4207542290216932,0,12,2,100,80.56,83.48,0.0,0.0,0.0,0.0,0.0,0.0
1721,43836,67.76,55.21925509033331,1.2654109082623275,2,8,2,100,62.03,73.48,0.0,0.0,0.0,0.0,0.0,0.0
1722,37099,72.74,55.32492935867742,1.2464395969417204,0,17,2,100,68.68,76.8,0.0,0.0,0.0,0.0,0.0,0.0
1723,39517,66.69,55.57498528851647,1.30796692416185,0,11,2,100,62.02,71.36,0.0,0.0,0.0,0.0,0.0,0.0
1724,37099,92.85,58.6066171863666,1.2472832705306036,0,17,2,100,85.7,100.0,0.0,0.0,0.0,0.0,0.0,0.0
1725,42778,89.16,50.36235550357545,1.283580006517847,1,9,2,100,86.14,92.17,0.0,0.0,0.0,0.0,0.0,0.0
1726,39517,42.16,60.419129802458826,1.2176576662102545,0,11,2,100,37.02,47.3,0.0,0.0,0.0,0.0,0.0,0.0
1727,40726,61.04,53.67218984126471,1.385808470021107,0,8,2,100,62.15,59.92,0.0,0.0,0.0,0.0,0.0,0.0
1728,43987,57.26,53.050942276281525,1.3598583567992817,1,6,2,100,55.55,58.96,0.0,0.0,0.0,0.0,0.0,0.0
1729,38711,59.37,53.23198207367548,1.311849365148306,0,13,2,100,53.11,65.63,0.0,0.0,0.0,0.0,0.0,0.0
1730,37905,70.34,49.51124589940435,1.3000439434408837,0,15,2,100,69.98,70.71,0.0,0.0,0.0,0.0,0.0,0.0
1731,37905,91.56,60.51150181002141,1.289491122347938,0,15,2,100,100.0,83.12,0.0,0.0,0.0,0.0,0.0,0.0
1732,42435,67.37,54.07514859325028,1.2226289905212668,0,5,2,100,63.21,71.53,0.0,0.0,0.0,0.0,0.0,0.0
1733,41532,31.18,56.449697746192655,1.3167965327551696,0,6,2,100,29.86,32.49,0.0,0.0,0.0,0.0,0.0,0.0
1734,36696,56.67,59.35443581069523,1.2604412909300795,0,18,2,100,57.57,55.77,0.0,0.0,0.0,0.0,0.0,0.0
1735,39517,47.36,56.54227769836692,1.295292941021956,0,11,2,100,45.51,49.2,0.0,0.0,0.0,0.0,0.0,0.0
1736,39920,41.51,51.45499607961341,1.3013759148332065,0,10,2,100,42.25,40.77,0.0,0.0,0.0,0.0,0.0,0.0
1737,41532,73.56,54.22099125124908,1.2765386712664557,0,6,2,100,76.8,70.32,0.0,0.0,0.0,0.0,0.0,0.0
1738,40323,80.54,54.11778286815841,1.225589054412784,0,9,2,100,86.37,74.71,0.0,0.0,0.0,0.0,0.0,0.0
1739,43534,93.36,55.23885475740094,1.2460855130171942,4,12,2,100,91.61,95.12,0.0,0.0,0.0,0.0,0.0,0.0
1740,41532,67.78,50.1977453441015,1.339192465233341,0,6,2,100,60.87,74.7,0.0,0.0,0.0,0.0,0.0,0.0
1741,39517,76.28,50.09760522872883,1.3477191839427347,0,11,2,100,75.17,77.39,0.0,0.0,0.0,0.0,0.0,0.0
1742,37905,92.48,56.94639835227847,1.2791094514892365,0,15,2,100,98.89,86.06,0.0,0.0,0.0,0.0,0.0,0.0
1743,37905,85.5,53.23025080431748,1.3019401490688087,0,15,2,100,88.15,82.85,0.0,0.0,0.0,0.0,0.0,0.0
1744,39517,51.0,55.14689434537653,1.318002928760113,0,11,2,100,44.01,57.99,0.0,0.0,0.0,0.0,0.0,0.0
1745,42435,57.21,59.92516282968028,1.3086575122587711,0,5,2,100,53.35,61.07,0.0,0.0,0.0,0.0,0.0,0.0
1746,39920,78.66,55.103938220621714,1.3484602873404363,0,10,2,100,76.78,80.55,0.0,0.0,0.0,0.0,0.0,0.0
1747,44239,72.64,51.204126218313945,1.2943237284509714,2,7,2,100,75.34,69.93,0.0,0.0,0.0,0.0,0.0,0.0
1748,38308,87.82,53.36021561254343,1.310930110703754,0,14,2,100,92.13,83.52,0.0,0.0,0.0,0.0,0.0,0.0
1749,44340,65.13,51.347695892319976,1.3509099672386156,4,10,2,100,61.85,68.41,0.0,0.0,0.0,0.0,0.0,0.0
1750,39517,60.58,55.28354356634016,1.29415251863668,0,11,2,100,64.18,56.98,0.0,0.0,0.0,0.0,0.0,0.0
1751,42224,44.22,56.82612655270198,1.253997809994691,2,12,2,100,45.68,42.77,0.0,0.0,0.0,0.0,0.0,0.0
1752,38711,93.26,53.37907389531368,1.310830622674433,0,13,2,100,96.87,89.64,0.0,0.0,0.0,0.0,0.0,0.0
1753,40726,47.46,58.04231265712514,1.2648804905567983,0,8,2,100,46.84,48.08,0.0,0.0,0.0,0.0,0.0,0.0
1754,38308,49.34,54.22023344049752,1.30159378515838,0,14,2,100,45.54,53.13,0.0,0.0,0.0,0.0,0.0,0.0
1755,44491,82.54,57.51667530894275,1.2779614525834675,3,8,2,100,77.34,87.74,0.0,0.0,0.0,0.0,0.0,0.0
1756,41015,91.32,52.965250554037496,1.392939408732157,2,15,2,100,95.67,86.98,0.0,0.0,0.0,0.0,0.0,0.0
1757,40323,54.94,51.18191397255513,1.2866065019212771,0,9,2,100,54.89,54.98,0.0,0.0,0.0,0.0,0.0,0.0
1758,39920,62.29,47.49292953495339,1.2937549048968948,0,10,2,100,57.0,67.58,0.0,0.0,0.0,0.0,0.0,0.0
1759,37502,33.14,54.32974440231163,1.247965247064914,0,16,2,100,30.69,35.59,0.0,0.0,0.0,0.0,0.0,0.0
1760,41532,38.44,56.51113843807052,1.3021294610943082,0,6,2,100,36.53,40.34,0.0,0.0,0.0,0.0,0.0,0.0
1761,38308,53.3,51.035374743994815,1.3259830568857072,0,14,2,100,52.25,54.35,0.0,0.0,0.0,0.0,0.0,0.0
1762,38308,67.77,56.74547908460938,1.2049136760846897,0,14,2,100,66.02,69.52,0.0,0.0,0.0,0.0,0.0,0.0
1763,39114,34.5,52.82861349298289,1.3102150197929108,0,12,2,100,34.96,34.03,0.0,0.0,0.0,0.0,0.0,0.0
1764,42435,74.61,55.42876368154749,1.23988073680747,0,5,2,100,79.16,70.07,0.0,0.0,0.0,0.0,0.0,0.0
1765,41129,71.4,56.91583910956897,1.2984934791885558,0,7,2,100,74.64,68.17,0.0,0.0,0.0,0.0,0.0,0.0
1766,40726,68.16,54.517558847226326,1.2504592769274696,0,8,2,100,67.74,68.57,0.0,0.0,0.0,0.0,0.0,0.0
1767,39920,75.77,55.99080876996019,1.245090435251229,0,10,2,100,70.37,81.17,0.0,0.0,0.0,0.0,0.0,0.0
1768,39517,30.29,52.3668606047503,1.3550253168998725,0,11,2,100,30.38,30.2,0.0,0.0,0.0,0.0,0.0,0.0
1769,40323,56.04,50.91672344320142,1.2092701977837634,0,9,2,100,63.73,48.36,0.0,0.0,0.0,0.0,0.0,0.0
1770,39114,30.36,54.67845459563424,1.2391732019793245,0,12,2,100,29.42,31.3,0.0,0.0,0.0,0.0,0.0,0.0
1771,41129,54.12,53.12640709838371,1.2709057412603135,0,7,2,100,53.21,55.03,0.0,0.0,0.0,0.0,0.0,0.0
1772,39920,45.83,54.471199281596775,1.318982989826566,0,10,2,100,46.44,45.23,0.0,0.0,0.0,0.0,0.0,0.0
1773,43987,87.54,55.69552089826569,1.3429321891922563,1,6,2,100,87.34,87.74,0.0,0.0,0.0,0.0,0.0,0.0
1774,41532,78.18,59.4060990475078,1.3670471808174982,0,6,2,100,86.79,69.56,0.0,0.0,0.0,0.0,0.0,0.0
1775,39517,40.0,51.98278881635033,1.3389034670954032,0,11,2,100,39.83,40.18,0.0,0.0,0.0,0.0,0.0,0.0
1776,43030,39.67,56.19884990665979,1.2347542210816504,2,10,2,100,43.04,36.3,0.0,0.0,0.0,0.0,0.0,0.0
1777,41129,86.65,57.131993993184885,1.2963852575269958,0,7,2,100,88.02,85.28,0.0,0.0,0.0,0.0,0.0,0.0
1778,41129,59.95,55.18708295230769,1.2888077511374505,0,7,2,100,63.04,56.86,0.0,0.0,0.0,0.0,0.0,0.0
1779,41166,87.52,57.998865687271255,1.2241196295643757,1,13,2,100,89.1,85.93,0.0,0.0,0.0,0.0,0.0,0.0
1780,45549,51.18,56.05440352764492,1.312425951011698,4,7,2,100,56.1,46.27,0.0,0.0,0.0,0.0,0.0,0.0
1781,39920,50.58,52.67880087295943,1.2570286351659068,0,10,2,100,48.25,52.92,0.0,0.0,0.0,0.0,0.0,0.0
1782,43987,63.28,52.00365066993557,1.3009495907613868,1,6,2,100,65.31,61.25,0.0,0.0,0.0,0.0,0.0,0.0
1783,38711,58.38,56.8142002624768,1.309018869245138,0,13,2,100,59.63,57.12,0.0,0.0,0.0,0.0,0.0,0.0
1784,40726,60.7,51.681117627272776,1.2640967774601697,0,8,2,100,63.21,58.2,0.0,0.0,0.0,0.0,0.0,0.0
1785,40323,50.61,52.92880086073588,1.3116797368445925,0,9,2,100,49.06,52.16,0.0,0.0,0.0,0.0,0.0,0.0
1786,38711,62.14,54.31939564517116,1.2011956859688206,0,13,2,100,64.64,59.65,0.0,0.0,0.0,0.0,0.0,0.0
1787,45698,98.41,57.5529315632621,1.3534432802147025,2,4,2,100,100.0,96.82,0.0,0.0,0.0,0.0,0.0,0.0
1788,45545,72.2,54.52810108019941,1.327375563550011,2,5,2,100,76.1,68.3,0.0,0.0,0.0,0.0,0.0,0.0
1789,44743,62.78,52.841463428162655,1.377810920508035,4,9,2,100,70.33,55.22,0.0,0.0,0.0,0.0,0.0,0.0
1790,45146,75.81,52.32803528626284,1.274947839585124,4,8,2,100,70.35,81.26,0.0,0.0,0.0,0.0,0.0,0.0
1791,39517,48.94,56.913315454632986,1.3413454080837357,0,11,2,100,49.09,48.8,0.0,0.0,0.0,0.0,0.0,0.0
1792,43987,42.96,53.13584967177828,1.291268288137669,1,6,2,100,45.32,40.61,0.0,0.0,0.0,0.0,0.0,0.0
1793,38711,32.8,56.64324188453987,1.3000899436916422,0,13,2,100,33.18,32.41,0.0,0.0,0.0,0.0,0.0,0.0
1794,43030,91.58,54.98669986436932,1.2463937148998483,2,10,2,100,83.17,100.0,0.0,0.0,0.0,0.0,0.0,0.0
1795,39920,64.91,52.44985988259301,1.267750741127949,0,10,2,100,64.49,65.33,0.0,0.0,0.0,0.0,0.0,0.0
1796,40726,78.0,55.92441155082495,1.264345052573208,0,8,2,100,73.19,82.81,0.0,0.0,0.0,0.0,0.0,0.0
1797,37905,33.05,59.54123393111272,1.2591174326196377,0,15,2,100,39.0,27.1,0.0,0.0,0.0,0.0,0.0,0.0
1798,37502,59.74,55.49076845150539,1.2648233813074254,0,16,2,100,64.93,54.54,0.0,0.0,0.0,0.0,0.0,0.0
1799,39114,88.85,55.67134680792663,1.3168127874266615,0,12,2,100,84.12,93.58,0.0,0.0,0.0,0.0,0.0,0.0
1800,40323,66.15,55.26793645797133,1.2932971012472982,0,9,2,100,71.45,60.85,0.0,0.0,0.0,0.0,0.0,0.0
1801,43030,81.59,56.70089387219459,1.3155711778705017,2,10,2,100,73.4,89.77,0.0,0.0,0.0,0.0,0.0,0.0
1802,39920,84.66,56.0914373072867,1.26572427067743,0,10,2,100,86.44,82.87,0.0,0.0,0.0,0.0,0.0,0.0
1803,43836,73.97,52.4878475351744,1.2915019279971334,2,8,2,100,74.71,73.24,0.0,0.0,0.0,0.0,0.0,0.0
1804,39517,84.1,51.67733395762696,1.3237072502460552,0,11,2,100,85.89,82.31,0.0,0.0,0.0,0.0,0.0,0.0
1805,44340,70.33,54.46596613217495,1.2502377308792,4,10,2,100,66.66,74.0,0.0,0.0,0.0,0.0,0.0,0.0
1806,39114,97.54,55.46756108872959,1.1938706029093693,0,12,2,100,100.0,95.07,0.0,0.0,0.0,0.0,0.0,0.0
1807,40726,66.83,54.40827091789522,1.353157192303506,0,8,2,100,70.21,63.46,0.0,0.0,0.0,0.0,0.0,0.0
1808,37099,27.92,50.30946946435614,1.2299058154808076,0,17,2,100,26.25,29.6,0.0,0.0,0.0,0.0,0.0,0.0
1809,39920,62.97,57.022447664003344,1.2229225693359074,0,10,2,100,58.54,67.41,0.0,0.0,0.0,0.0,0.0,0.0
1810,44642,65.53,54.37373836574006,1.2250385127149572,2,6,2,100,69.92,61.14,0.0,0.0,0.0,0.0,0.0,0.0
1811,43987,73.48,57.00710880828591,1.231619155476933,1,6,2,100,61.84,85.13,0.0,0.0,0.0,0.0,0.0,0.0
1812,43836,100.0,52.412541418428575,1.3072659836324334,2,8,2,100,100.0,100.0,0.0,0.0,0.0,0.0,0.0,0.0
1813,40323,67.42,57.27819211226644,1.187856427017043,0,9,2,100,68.93,65.9,0.0,0.0,0.0,0.0,0.0,0.0
1814,44239,74.78,53.93024574068306,1.2811627462319115,2,7,2,100,76.43,73.14,0.0,0.0,0.0,0.0,0.0,0.0
1815,41532,82.5,53.1556743449451,1.2859644020929708,0,6,2,100,86.28,78.73,0.0,0.0,0.0,0.0,0.0,0.0
1816,40323,65.34,57.80333733372816,1.343381452661613,0,9,2,100,63.92,66.76,0.0,0.0,0.0,0.0,0.0,0.0
1817,45952,65.13,57.54911635419904,1.2408053138783588,4,6,2,100,67.3,62.96,0.0,0.0,0.0,0.0,0.0,0.0
1818,43685,76.64,57.237190688037344,1.1875187165271242,3,10,2,100,79.87,73.4,0.0,0.0,0.0,0.0,0.0,0.0
1819,39517,72.5,52.16284050330941,1.2756388291758385,0,11,2,100,73.17,71.83,0.0,0.0,0.0,0.0,0.0,0.0
1820,38711,95.46,54.99105747167642,1.2538883862872303,0,13,2,100,96.27,94.66,0.0,0.0,0.0,0.0,0.0,0.0
1821,39517,30.3,51.04714743129309,1.3044268659784568,0,11,2,100,34.77,25.82,0.0,0.0,0.0,0.0,0.0,0.0
1822,39517,26.38,57.43198768947155,1.2907479465958702,0,11,2,100,28.48,24.28,0.0,0.0,0.0,0.0,0.0,0.0
1823,37905,56.39,59.021978713473416,1.3874815585158975,0,15,2,100,53.03,59.75,0.0,0.0,0.0,0.0,0.0,0.0
1824,39920,82.7,54.5116477910779,1.2471242396205058,0,10,2,100,82.12,83.28,0.0,0.0,0.0,0.0,0.0,0.0
1825,44894,56.5,56.91644957801325,1.3007935498650212,3,7,2,100,55.3,57.71,0.0,0.0,0.0,0.0,0.0,0.0
1826,38308,67.68,56.519538866748135,1.2467019799870396,0,14,2,100,74.86,60.49,0.0,0.0,0.0,0.0,0.0,0.0
1827,39114,33.6,49.6390903323442,1.3040917088866548,0,12,2,100,35.87,31.32,0.0,0.0,0.0,0.0,0.0,0.0
1828,45952,88.74,56.21014583267525,1.3144885661641337,4,6,2,100,85.49,92.0,0.0,0.0,0.0,0.0,0.0,0.0
1829,44340,42.55,57.87556304877942,1.3234626506179776,4,10,2,100,41.9,43.2,0.0,0.0,0.0,0.0,0.0,0.0
1830,43987,70.18,57.125032309001625,1.1860736714187454,1,6,2,100,75.68,64.67,0.0,0.0,0.0,0.0,0.0,0.0
1831,43937,64.85,56.04181821515583,1.286773288063557,4,11,2,100,62.45,67.25,0.0,0.0,0.0,0.0,0.0,0.0
1832,40323,29.03,56.2448835977174,1.1956723681637684,0,9,2,100,30.49,27.58,0.0,0.0,0.0,0.0,0.0,0.0
1833,38308,52.48,56.681025218468605,1.3333346005790916,0,14,2,100,52.67,52.29,0.0,0.0,0.0,0.0,0.0,0.0
1834,44340,70.44,54.82990034048579,1.340556124933323,4,10,2,100,69.81,71.06,0.0,0.0,0.0,0.0,0.0,0.0
1835,44088,72.35,57.51805135023717,1.3184407263343996,3,9,2,100,75.0,69.7,0.0,0.0,0.0,0.0,0.0,0.0
1836,43836,63.24,50.93154247084888,1.329295169953489,2,8,2,100,63.89,62.6,0.0,0.0,0.0,0.0,0.0,0.0
1837,46200,49.26,53.312368189699775,1.269876188812933,3,5,2,100,49.48,49.05,0.0,0.0,0.0,0.0,0.0,0.0
1838,43433,24.59,54.356161427072806,1.336152963750553,2,9,2,100,27.12,22.06,0.0,0.0,0.0,0.0,0.0,0.0
1839,42627,52.69,53.600426357986514,1.2685518040147477,2,11,2,100,60.27,45.11,0.0,0.0,0.0,0.0,0.0,0.0
1840,45398,72.96,52.239784910326215,1.2892791188233732,5,9,2,100,71.9,74.01,0.0,0.0,0.0,0.0,0.0,0.0
1841,45549,65.18,54.800262785301406,1.2141785845790862,4,7,2,100,66.44,63.92,0.0,0.0,0.0,0.0,0.0,0.0
1842,43181,59.72,55.154915659972175,1.2665799503517965,1,8,2,100,63.61,55.82,0.0,0.0,0.0,0.0,0.0,0.0
1843,45545,61.48,53.21575812968866,1.203414685039974,2,5,2,100,59.39,63.56,0.0,0.0,0.0,0.0,0.0,0.0
1844,41129,28.02,54.86425710522729,1.1639787083180173,0,7,2,100,27.95,28.09,0.0,0.0,0.0,0.0,0.0,0.0
1845,41532,43.95,55.77821317921844,1.3157746853875911,0,6,2,100,42.49,45.41,0.0,0.0,0.0,0.0,0.0,0.0
1846,41129,50.73,54.90173205072272,1.1983080718564694,0,7,2,100,47.98,53.48,0.0,0.0,0.0,0.0,0.0,0.0
1847,46204,61.81,54.8433846306648,1.278222868996754,5,7,2,100,65.18,58.44,0.0,0.0,0.0,0.0,0.0,0.0
1848,36696,26.64,59.983591650143815,1.166567485499946,0,18,2,100,27.46,25.83,0.0,0.0,0.0,0.0,0.0,0.0
1849,37905,84.1,55.57122298882056,1.1967024177521282,0,15,2,100,92.46,75.75,0.0,0.0,0.0,0.0,0.0,0.0
1850,44743,44.54,53.988444207551765,1.1971535202881265,4,9,2,100,42.68,46.41,0.0,0.0,0.0,0.0,0.0,0.0
1851,39517,26.97,57.60289453982188,1.242366426716143,0,11,2,100,28.66,25.28,0.0,0.0,0.0,0.0,0.0,0.0
1852,45545,82.24,53.436359270900965,1.295281530532752,2,5,2,100,80.74,83.73,0.0,0.0,0.0,0.0,0.0,0.0
1853,42627,25.31,52.13096529104277,1.2854207622312563,2,11,2,100,28.03,22.59,0.0,0.0,0.0,0.0,0.0,0.0
1854,46200,45.97,52.90330707430793,1.2126314153783735,3,5,2,100,46.4,45.54,0.0,0.0,0.0,0.0,0.0,0.0
1855,38711,61.09,52.827352394770905,1.2193601066986313,0,13,2,100,61.0,61.18,0.0,0.0,0.0,0.0,0.0,0.0
1856,40726,74.72,56.98451756493984,1.296402974484986,0,8,2,100,69.41,80.04,0.0,0.0,0.0,0.0,0.0,0.0
1857,44491,84.72,50.77416482037192,1.313349537684287,3,8,2,100,81.82,87.63,0.0,0.0,0.0,0.0,0.0,0.0
1858,43937,46.4,52.28323238576055,1.2596214384966582,4,11,2,100,45.05,47.76,0.0,0.0,0.0,0.0,0.0,0.0
1859,44239,35.53,54.93117261325537,1.2640629006058308,2,7,2,100,30.42,40.65,0.0,0.0,0.0,0.0,0.0,0.0
1860,47462,90.33,60.92559914088312,1.271903876279055,6,6,2,100,89.54,91.12,0.0,0.0,0.0,0.0,0.0,0.0
1861,38711,96.34,54.07041586217812,1.2808922820453077,0,13,2,100,92.68,100.0,0.0,0.0,0.0,0.0,0.0,0.0
1862,44491,51.68,50.79546801147364,1.2185683748624103,3,8,2,100,50.52,52.83,0.0,0.0,0.0,0.0,0.0,0.0
1863,40726,88.2,55.1485829763409,1.270881399150277,0,8,2,100,90.18,86.21,0.0,0.0,0.0,0.0,0.0,0.0
1864,38308,81.77,52.77102472012667,1.2027815732625593,0,14,2,100,85.42,78.12,0.0,0.0,0.0,0.0,0.0,0.0
1865,39114,69.22,56.05555829651215,1.3024497744494536,0,12,2,100,73.92,64.52,0.0,0.0,0.0,0.0,0.0,0.0
1866,39517,48.18,59.34275548087662,1.2505715476623038,0,11,2,100,44.12,52.25,0.0,0.0,0.0,0.0,0.0,0.0
1867,39920,100.0,52.98107362365259,1.2742769328188408,0,10,2,100,100.0,100.0,0.0,0.0,0.0,0.0,0.0,0.0
1868,43836,49.59,49.97020427584115,1.279739038567326,2,8,2,100,48.99,50.19,0.0,0.0,0.0,0.0,0.0,0.0
1869,46855,87.63,53.18169770019409,1.2680653632905563,4,5,2,100,80.1,95.16,0.0,0.0,0.0,0.0,0.0,0.0
1870,38711,41.8,58.21069630794455,1.231703177101192,0,13,2,100,43.38,40.23,0.0,0.0,0.0,0.0,0.0,0.0
1871,44340,89.54,51.00433143328068,1.3496803533296249,4,10,2,100,84.01,95.08,0.0,0.0,0.0,0.0,0.0,0.0
1872,44340,71.13,53.61288641708544,1.3119465688300054,4,10,2,100,80.45,61.81,0.0,0.0,0.0,0.0,0.0,0.0
1873,43584,38.74,58.29821902261535,1.2726364267796162,1,7,2,100,35.46,42.01,0.0,0.0,0.0,0.0,0.0,0.0
1874,42588,40.38,48.49273773930616,1.286402893399464,0,4,2,100,42.77,37.99,0.0,0.0,0.0,0.0,0.0,0.0
1875,40726,68.44,56.64728913554293,1.220660804566636,0,8,2,100,62.1,74.78,0.0,0.0,0.0,0.0,0.0,0.0
1876,41129,87.24,56.970422597292135,1.24057631123956,0,7,2,100,86.59,87.88,0.0,0.0,0.0,0.0,0.0,0.0
1877,40726,95.12,54.648999298341394,1.320953927121476,0,8,2,100,90.23,100.0,0.0,0.0,0.0,0.0,0.0,0.0
1878,40726,50.88,54.90593650517071,1.249594253820338,0,8,2,100,45.44,56.31,0.0,0.0,0.0,0.0,0.0,0.0
1879,44239,68.88,59.65754751882336,1.266506835200433,2,7,2,100,68.74,69.03,0.0,0.0,0.0,0.0,0.0,0.0
1880,43433,65.53,59.92048665280196,1.344111224365817,2,9,2,100,72.89,58.16,0.0,0.0,0.0,0.0,0.0,0.0
1881,42588,30.16,50.8562455096279,1.2774662684558866,0,4,2,100,29.94,30.39,0.0,0.0,0.0,0.0,0.0,0.0
1882,39517,51.09,57.83535714598381,1.2959087399468805,0,11,2,100,55.56,46.62,0.0,0.0,0.0,0.0,0.0,0.0
1883,39920,71.76,55.74584916400656,1.2520577533928956,0,10,2,100,69.37,74.15,0.0,0.0,0.0,0.0,0.0,0.0
1884,40323,82.94,55.90718660999535,1.2020206091863637,0,9,2,100,88.57,77.31,0.0,0.0,0.0,0.0,0.0,0.0
1885,46855,26.6,55.57498251297365,1.3476233616927642,4,5,2,100,24.05,29.15,0.0,0.0,0.0,0.0,0.0,0.0
1886,46607,53.55,55.20621066004814,1.2643557865363155,5,6,2,100,48.94,58.16,0.0,0.0,0.0,0.0,0.0,0.0
1887,47462,58.81,57.25845466550516,1.292136348377886,6,6,2,100,54.23,63.39,0.0,0.0,0.0,0.0,0.0,0.0
1888,41972,46.78,49.823153388092095,1.1814942592866826,1,11,2,100,48.83,44.72,0.0,0.0,0.0,0.0,0.0,0.0
1889,42627,62.9,56.12794291476874,1.3003202422483116,2,11,2,100,63.36,62.45,0.0,0.0,0.0,0.0,0.0,0.0
1890,39920,49.46,56.74943913598503,1.337762229390539,0,10,2,100,51.44,47.48,0.0,0.0,0.0,0.0,0.0,0.0
1891,44642,59.41,58.35212098930376,1.3393287702654078,2,6,2,100,63.7,55.12,0.0,0.0,0.0,0.0,0.0,0.0
1892,43181,52.26,53.05253980014013,1.3146378376592982,1,8,2,100,49.75,54.78,0.0,0.0,0.0,0.0,0.0,0.0
1893,43836,96.37,53.58843923795301,1.270308104874328,2,8,2,100,98.77,93.97,0.0,0.0,0.0,0.0,0.0,0.0
1894,41129,78.74,54.54644512023589,1.2972794372673633,0,7,2,100,76.47,81.02,0.0,0.0,0.0,0.0,0.0,0.0
1895,44239,55.68,59.07742114680957,1.291695888826254,2,7,2,100,53.77,57.59,0.0,0.0,0.0,0.0,0.0,0.0
1896,40323,68.41,55.99152905166514,1.3154911951144406,0,9,2,100,67.46,69.36,0.0,0.0,0.0,0.0,0.0,0.0
1897,47507,97.44,51.67526401660587,1.2598537845714175,2,1,2,100,98.84,96.03,0.0,0.0,0.0,0.0,0.0,0.0
1898,45545,28.55,57.113716977620086,1.2233661774790985,2,5,2,100,27.39,29.71,0.0,0.0,0.0,0.0,0.0,0.0
1899,43181,51.4,55.36693418397028,1.3306474707861164,1,8,2,100,52.03,50.78,0.0,0.0,0.0,0.0,0.0,0.0
1900,43584,75.6,57.0346132129376,1.273484614049286,1,7,2,100,73.67,77.53,0.0,0.0,0.0,0.0,0.0,0.0
1901,45952,50.85,56.00302309167319,1.2899921956333482,4,6,2,100,50.69,51.01,0.0,0.0,0.0,0.0,0.0,0.0
1902,39517,64.75,53.240389901544695,1.341158911277463,0,11,2,100,62.98,66.52,0.0,0.0,0.0,0.0,0.0,0.0
1903,44491,96.9,55.83128484184338,1.3084318255461012,3,8,2,100,100.0,93.8,0.0,0.0,0.0,0.0,0.0,0.0
1904,40726,78.0,57.5260091008785,1.2558834759864586,0,8,2,100,71.72,84.29,0.0,0.0,0.0,0.0,0.0,0.0
1905,45247,63.88,53.427260549535305,1.3314957390394584,6,11,2,100,65.11,62.66,0.0,0.0,0.0,0.0,0.0,0.0
1906,43584,68.54,59.92281364485414,1.276035603025338,1,7,2,100,63.72,73.37,0.0,0.0,0.0,0.0,0.0,0.0
1907,44743,92.65,52.77318197906593,1.3356068062947242,4,9,2,100,97.4,87.89,0.0,0.0,0.0,0.0,0.0,0.0
1908,43433,93.59,50.90612372137979,1.228253185388459,2,9,2,100,87.87,99.31,0.0,0.0,0.0,0.0,0.0,0.0
1909,39920,72.81,57.16275453450597,1.2965215001644574,0,10,2,100,76.03,69.58,0.0,0.0,0.0,0.0,0.0,0.0
1910,46607,99.41,59.78368820610003,1.278435895138302,5,6,2,100,98.82,100.0,0.0,0.0,0.0,0.0,0.0,0.0
1911,45952,24.99,59.68155857833643,1.248751641170263,4,6,2,100,28.19,21.79,0.0,0.0,0.0,0.0,0.0,0.0
1912,40726,70.55,55.2997257780496,1.2357529098382916,0,8,2,100,73.35,67.75,0.0,0.0,0.0,0.0,0.0,0.0
1913,40726,70.74,53.59300297597805,1.2598211660650989,0,8,2,100,62.19,79.29,0.0,0.0,0.0,0.0,0.0,0.0
1914,44743,85.1,57.54328719021143,1.2316344138626971,4,9,2,100,82.41,87.8,0.0,0.0,0.0,0.0,0.0,0.0
1915,45297,70.19,49.14150099764888,1.21764386679662,3,6,2,100,63.59,76.8,0.0,0.0,0.0,0.0,0.0,0.0
1916,40726,79.88,56.44651533434721,1.2778712302102546,0,8,2,100,87.34,72.41,0.0,0.0,0.0,0.0,0.0,0.0
1917,43433,47.1,54.39715210103432,1.211123316681651,2,9,2,100,43.67,50.52,0.0,0.0,0.0,0.0,0.0,0.0
1918,44743,42.59,55.91648041762073,1.2372525198371158,4,9,2,100,41.12,44.06,0.0,0.0,0.0,0.0,0.0,0.0
1919,42224,90.26,48.73058592467993,1.3765104408484328,2,12,2,100,99.36,81.15,0.0,0.0,0.0,0.0,0.0,0.0
1920,40726,55.7,58.47589914350943,1.3403932307962445,0,8,2,100,53.03,58.36,0.0,0.0,0.0,0.0,0.0,0.0
1921,38308,39.6,52.05552165292565,1.276206123196713,0,14,2,100,47.71,31.49,0.0,0.0,0.0,0.0,0.0,0.0
1922,44239,68.78,55.38990425105447,1.2599471714486763,2,7,2,100,61.93,75.62,0.0,0.0,0.0,0.0,0.0,0.0
1923,42224,100.0,53.38592033876607,1.1444448719964666,2,12,2,100,100.0,100.0,0.0,0.0,0.0,0.0,0.0,0.0
1924,40726,76.32,56.07426608635094,1.343869799414859,0,8,2,100,82.05,70.6,0.0,0.0,0.0,0.0,0.0,0.0
1925,43030,46.56,57.06362778394365,1.3327355392304048,2,10,2,100,47.05,46.08,0.0,0.0,0.0,0.0,0.0,0.0
1926,40726,90.8,60.99983055514362,1.3170312912775863,0,8,2,100,86.16,95.45,0.0,0.0,0.0,0.0,0.0,0.0
1927,39517,61.98,58.94699182868902,1.2034697175332691,0,11,2,100,58.34,65.62,0.0,0.0,0.0,0.0,0.0,0.0
1928,41532,40.96,55.80585642858036,1.2655118408513817,0,6,2,100,41.1,40.81,0.0,0.0,0.0,0.0,0.0,0.0
1929,46204,27.51,58.87525771474217,1.3747363623491962,5,7,2,100,27.15,27.87,0.0,0.0,0.0,0.0,0.0,0.0
1930,45146,31.6,56.94491534485077,1.263255710048608,4,8,2,100,29.74,33.45,0.0,0.0,0.0,0.0,0.0,0.0
1931,42741,47.14,56.643904897858434,1.2515442284175728,0,3,2,100,50.42,43.85,0.0,0.0,0.0,0.0,0.0,0.0
1932,44743,77.35,55.77599419901706,1.2664111304735073,4,9,2,100,75.88,78.82,0.0,0.0,0.0,0.0,0.0,0.0
1933,39517,32.24,55.55335756171925,1.2470051640009845,0,11,2,100,34.11,30.36,0.0,0.0,0.0,0.0,0.0,0.0
1934,45851,27.71,48.43909714961456,1.2381826600846575,2,3,2,100,28.02,27.4,0.0,0.0,0.0,0.0,0.0,0.0
1935,39114,46.8,53.7477468082834,1.2366194478086447,0,12,2,100,52.56,41.04,0.0,0.0,0.0,0.0,0.0,0.0
1936,38711,91.88,58.28528594510969,1.211359891942141,0,13,2,100,93.12,90.65,0.0,0.0,0.0,0.0,0.0,0.0
1937,43433,91.0,55.410964733098176,1.1815201874143126,2,9,2,100,100.0,82.01,0.0,0.0,0.0,0.0,0.0,0.0
1938,43937,68.17,62.51450706822323,1.193626328839764,4,11,2,100,60.1,76.24,0.0,0.0,0.0,0.0,0.0,0.0
1939,39114,62.8,54.88839942845548,1.2925313252346706,0,12,2,100,66.91,58.69,0.0,0.0,0.0,0.0,0.0,0.0
1940,45146,54.34,56.39224333508469,1.1372423960744835,4,8,2,100,53.64,55.04,0.0,0.0,0.0,0.0,0.0,0.0
1941,45545,97.56,53.98104708604681,1.186501829356064,2,5,2,100,100.0,95.12,0.0,0.0,0.0,0.0,0.0,0.0
1942,44239,48.4,52.19171515086185,1.2888982583756472,2,7,2,100,52.07,44.73,0.0,0.0,0.0,0.0,0.0,0.0
1943,42778,63.36,56.007320908611135,1.2385525249513465,1,9,2,100,69.29,57.42,0.0,0.0,0.0,0.0,0.0,0.0
1944,43433,63.96,53.86413053308185,1.1800102783841364,2,9,2,100,62.35,65.58,0.0,0.0,0.0,0.0,0.0,0.0
1945,44844,72.21,52.60024870063448,1.2629174046685283,6,12,2,100,70.22,74.2,0.0,0.0,0.0,0.0,0.0,0.0
1946,46855,49.3,57.17194555142107,1.214254504377091,4,5,2,100,47.22,51.38,0.0,0.0,0.0,0.0,0.0,0.0
1947,41129,77.16,58.34320551333565,1.287340177767095,0,7,2,100,75.11,79.21,0.0,0.0,0.0,0.0,0.0,0.0
1948,45146,63.2,52.84847500002996,1.3037871148019038,4,8,2,100,67.36,59.03,0.0,0.0,0.0,0.0,0.0,0.0
1949,38308,72.34,54.19837416460263,1.203555462546917,0,14,2,100,71.54,73.15,0.0,0.0,0.0,0.0,0.0,0.0
1950,46053,57.64,51.72920268030139,1.2752703369231255,6,9,2,100,58.93,56.34,0.0,0.0,0.0,0.0,0.0,0.0
1951,43836,42.84,58.25891548860809,1.3185085842997355,2,8,2,100,42.54,43.15,0.0,0.0,0.0,0.0,0.0,0.0
1952,43584,25.06,54.25197837273327,1.2483426118628984,1,7,2,100,23.41,26.72,0.0,0.0,0.0,0.0,0.0,0.0
1953,43433,37.6,58.526511612245606,1.1947503922655698,2,9,2,100,38.59,36.6,0.0,0.0,0.0,0.0,0.0,0.0
1954,40323,93.7,51.97257553259608,1.2185409183028977,0,9,2,100,88.57,98.84,0.0,0.0,0.0,0.0,0.0,0.0
1955,41532,41.06,60.482442027153816,1.2317481194144757,0,6,2,100,40.1,42.03,0.0,0.0,0.0,0.0,0.0,0.0
1956,48511,58.03,57.82927789476147,1.2936017459182216,4,3,2,100,61.24,54.81,0.0,0.0,0.0,0.0,0.0,0.0
1957,46607,57.0,55.60150480002204,1.322072595991568,5,6,2,100,57.82,56.18,0.0,0.0,0.0,0.0,0.0,0.0
1958,54272,78.86,59.129348917433695,1.268293929258348,8,6,2,100,83.51,74.2,0.0,0.0,0.0,0.0,0.0,0.0
1959,40323,77.74,58.10659590180744,1.290725693226868,0,9,2,100,88.89,66.6,0.0,0.0,0.0,0.0,0.0,0.0
1960,41129,96.22,51.57255963043506,1.2359933203686402,0,7,2,100,92.43,100.0,0.0,0.0,0.0,0.0,0.0,0.0
1961,39920,55.58,53.19950080062201,1.2251835639351976,0,10,2,100,53.43,57.74,0.0,0.0,0.0,0.0,0.0,0.0
1962,41972,67.19,58.377085863629205,1.2403123471661175,1,11,2,100,71.5,62.88,0.0,0.0,0.0,0.0,0.0,0.0
1963,44239,56.26,56.57325559257628,1.2277565643244892,2,7,2,100,60.29,52.24,0.0,0.0,0.0,0.0,0.0,0.0
1964,44441,81.13,54.19123658566463,1.179184625181192,6,13,2,100,71.4,90.86,0.0,0.0,0.0,0.0,0.0,0.0
1965,44340,54.43,54.32389644585018,1.1984253110578102,4,10,2,100,53.01,55.85,0.0,0.0,0.0,0.0,0.0,0.0
1966,43987,38.83,50.00559433249296,1.2691383716479825,1,6,2,100,34.82,42.83,0.0,0.0,0.0,0.0,0.0,0.0
1967,42588,71.09,53.96525207352968,1.2009750737552192,0,4,2,100,71.85,70.33,0.0,0.0,0.0,0.0,0.0,0.0
1968,54018,80.86,53.35747801460305,1.2442752705151785,6,4,2,100,90.68,71.03,0.0,0.0,0.0,0.0,0.0,0.0
1969,42375,77.92,57.14235997227786,1.2720707659198118,1,10,2,100,79.16,76.68,0.0,0.0,0.0,0.0,0.0,0.0
1970,39920,66.27,51.60825884561038,1.289307575580561,0,10,2,100,71.9,60.64,0.0,0.0,0.0,0.0,0.0,0.0
1971,44491,67.72,51.130474303753736,1.297822148636788,3,8,2,100,72.56,62.89,0.0,0.0,0.0,0.0,0.0,0.0
1972,39114,99.72,50.91788999438726,1.2169323370912606,0,12,2,100,100.0,99.45,0.0,0.0,0.0,0.0,0.0,0.0
1973,40323,73.47,54.96801588200697,1.2410897635566904,0,9,2,100,74.34,72.6,0.0,0.0,0.0,0.0,0.0,0.0
1974,43433,44.94,51.14385373500767,1.1894974415507138,2,9,2,100,45.52,44.37,0.0,0.0,0.0,0.0,0.0,0.0
1975,40726,52.38,59.39915162880428,1.3421961413125243,0,8,2,100,56.35,48.4,0.0,0.0,0.0,0.0,0.0,0.0
1976,39517,66.08,53.6085552704499,1.2306104964997833,0,11,2,100,69.56,62.59,0.0,0.0,0.0,0.0,0.0,0.0
1977,42375,66.56,55.49026100622002,1.2605127204227429,1,10,2,100,64.02,69.1,0.0,0.0,0.0,0.0,0.0,0.0
1978,45801,55.56,51.21399154695087,1.2308265773622498,5,8,2,100,55.0,56.12,0.0,0.0,0.0,0.0,0.0,0.0
1979,45549,37.66,51.26272796493801,1.2546952128178304,4,7,2,100,34.19,41.13,0.0,0.0,0.0,0.0,0.0,0.0
1980,44642,93.08,52.53473271808321,1.3419735089571443,2,6,2,100,86.92,99.24,0.0,0.0,0.0,0.0,0.0,0.0
1981,46708,90.92,54.97703154279029,1.3279837084729451,7,9,2,100,87.91,93.93,0.0,0.0,0.0,0.0,0.0,0.0
1982,39920,84.17,53.868574533817565,1.334333960640243,0,10,2,100,84.94,83.4,0.0,0.0,0.0,0.0,0.0,0.0
1983,46855,51.62,53.38892099987696,1.2593200863840748,4,5,2,100,51.18,52.07,0.0,0.0,0.0,0.0,0.0,0.0
1984,45698,96.23,54.82798636428053,1.2877925865890578,2,4,2,100,94.06,98.4,0.0,0.0,0.0,0.0,0.0,0.0
1985,42894,38.88,54.42400484399492,1.2780973061031535,0,2,2,100,41.33,36.44,0.0,0.0,0.0,0.0,0.0,0.0
1986,44743,69.26,48.64617180804446,1.2358507346946903,4,9,2,100,69.55,68.96,0.0,0.0,0.0,0.0,0.0,0.0
1987,39517,58.17,53.2612885019021,1.21911331312047,0,11,2,100,58.39,57.95,0.0,0.0,0.0,0.0,0.0,0.0
1988,44743,59.8,53.81776078037085,1.2487041139277393,4,9,2,100,64.09,55.5,0.0,0.0,0.0,0.0,0.0,0.0
1989,45801,67.26,55.68086484014331,1.1526533962513996,5,8,2,100,64.37,70.15,0.0,0.0,0.0,0.0,0.0,0.0
1990,41532,51.08,58.50152601021106,1.2453510328024195,0,6,2,100,49.96,52.21,0.0,0.0,0.0,0.0,0.0,0.0
1991,40323,48.46,57.56462475165549,1.2209330060777075,0,9,2,100,43.47,53.45,0.0,0.0,0.0,0.0,0.0,0.0
1992,39920,67.0,59.495631880006655,1.2775547429947238,0,10,2,100,68.27,65.73,0.0,0.0,0.0,0.0,0.0,0.0
1993,43181,41.24,59.063331525942814,1.2180660055134336,1,8,2,100,40.89,41.6,0.0,0.0,0.0,0.0,0.0,0.0
1994,43030,76.1,54.84979279344868,1.2162814900689367,2,10,2,100,76.35,75.85,0.0,0.0,0.0,0.0,0.0,0.0
1995,46855,71.16,60.563509926953415,1.2972804388973191,4,5,2,100,71.41,70.92,0.0,0.0,0.0,0.0,0.0,0.0
1996,46353,82.9,56.12987858331141,1.2238169629197193,3,4,2,100,82.83,82.96,0.0,0.0,0.0,0.0,0.0,0.0
1997,44890,89.48,55.55839418161848,1.2627586849689585,1,5,2,100,94.19,84.76,0.0,0.0,0.0,0.0,0.0,0.0
1998,46708,95.15,59.99647344191247,1.3420258241350147,7,9,2,100,99.35,90.95,0.0,0.0,0.0,0.0,0.0,0.0
1999,38711,65.27,61.37542221322897,1.214533144576054,0,13,2,100,71.08,59.46,0.0,0.0,0.0,0.0,0.0,0.0
2000,38711,64.8,53.16663069829488,1.2220725135198638,0,13,2,100,63.45,66.14,0.0,0.0,0.0,0.0,0.0,0.0
2001,46859,74.85,52.54092884578368,1.1684276767001962,6,7,2,100,71.38,78.33,0.0,0.0,0.0,0.0,0.0,0.0
2002,46200,60.39,55.2194806655079,1.1792544931579785,3,5,2,100,59.3,61.48,0.0,0.0,0.0,0.0,0.0,0.0
2003,61521,47.86,53.474526788772096,1.2290399364202622,6,3,2,100,48.74,46.98,0.0,0.0,0.0,0.0,0.0,0.0
2004,40726,60.14,59.2859579098465,1.3170233354500975,0,8,2,100,63.16,57.12,0.0,0.0,0.0,0.0,0.0,0.0
2005,38711,88.32,56.10287396913846,1.2668329108366616,0,13,2,100,88.92,87.71,0.0,0.0,0.0,0.0,0.0,0.0
2006,41129,37.18,57.90143001059202,1.300798230270331,0,7,2,100,37.49,36.88,0.0,0.0,0.0,0.0,0.0,0.0
2007,45952,26.76,57.73597039181535,1.302046730457189,4,6,2,100,29.84,23.68,0.0,0.0,0.0,0.0,0.0,0.0
2008,43987,53.34,56.4038979676309,1.1687176755114903,1,6,2,100,52.27,54.4,0.0,0.0,0.0,0.0,0.0,0.0
2009,42741,98.88,56.48533467448443,1.2763008648579288,0,3,2,100,97.75,100.0,0.0,0.0,0.0,0.0,0.0,0.0
2010,45545,50.62,53.38669553614631,1.2753207877387591,2,5,2,100,47.46,53.78,0.0,0.0,0.0,0.0,0.0,0.0
2011,42375,77.84,53.86914552057015,1.1663933178036523,1,10,2,100,73.17,82.52,0.0,0.0,0.0,0.0,0.0,0.0
2012,42435,32.44,56.56910593427136,1.237011224719813,0,5,2,100,30.24,34.65,0.0,0.0,0.0,0.0,0.0,0.0
2013,46859,69.69,55.29180625456651,1.2371069244878357,6,7,2,100,71.51,67.88,0.0,0.0,0.0,0.0,0.0,0.0
2014,40323,63.18,49.86873462961197,1.2710170738575752,0,9,2,100,64.58,61.79,0.0,0.0,0.0,0.0,0.0,0.0
2015,49515,53.81,54.71964095435133,1.2569195289238329,6,5,2,100,60.36,47.26,0.0,0.0,0.0,0.0,0.0,0.0
2016,46855,76.15,62.44066018588365,1.2218701084449766,4,5,2,100,75.55,76.75,0.0,0.0,0.0,0.0,0.0,0.0
2017,39920,28.24,46.77021409787383,1.2677049880908973,0,10,2,100,24.86,31.61,0.0,0.0,0.0,0.0,0.0,0.0
2018,45650,77.36,55.236789633671634,1.1952555151091484,6,10,2,100,75.77,78.96,0.0,0.0,0.0,0.0,0.0,0.0
2019,43433,89.67,54.44822344004132,1.229568763413601,2,9,2,100,93.19,86.15,0.0,0.0,0.0,0.0,0.0,0.0
2020,39517,63.92,49.04451356112239,1.2808612587649948,0,11,2,100,67.14,60.7,0.0,0.0,0.0,0.0,0.0,0.0
2021,44340,49.09,56.60622151786544,1.3203693824412694,4,10,2,100,52.65,45.53,0.0,0.0,0.0,0.0,0.0,0.0
2022,39517,61.07,52.065549009479255,1.2516270591989576,0,11,2,100,59.86,62.28,0.0,0.0,0.0,0.0,0.0,0.0
2023,45952,76.5,55.25267540295294,1.2305731447768051,4,6,2,100,66.14,86.86,0.0,0.0,0.0,0.0,0.0,0.0
2024,45398,48.49,50.7239331045303,1.227934106581446,5,9,2,100,43.44,53.54,0.0,0.0,0.0,0.0,0.0,0.0
2025,40726,63.35,56.25631207589158,1.1932882082814376,0,8,2,100,65.41,61.29,0.0,0.0,0.0,0.0,0.0,0.0
2026,39920,80.86,55.60339061344672,1.1657363465235098,0,10,2,100,75.61,86.11,0.0,0.0,0.0,0.0,0.0,0.0
2027,47710,74.28,51.14540550714064,1.2858065501275522,5,5,2,100,64.33,84.22,0.0,0.0,0.0,0.0,0.0,0.0
2028,43987,60.18,61.401367558132,1.2863750530692517,1,6,2,100,53.88,66.47,0.0,0.0,0.0,0.0,0.0,0.0
2029,47714,89.83,54.25021867516131,1.2103201856313175,7,7,2,100,79.66,100.0,0.0,0.0,0.0,0.0,0.0,0.0
2030,45146,38.14,51.514008286007616,1.3122986841590427,4,8,2,100,38.42,37.85,0.0,0.0,0.0,0.0,0.0,0.0
2031,42588,73.68,54.626173880051496,1.3601154424712365,0,4,2,100,81.18,66.17,0.0,0.0,0.0,0.0,0.0,0.0
2032,46204,41.7,50.30290807875196,1.2100762188599108,5,7,2,100,42.96,40.43,0.0,0.0,0.0,0.0,0.0,0.0
2033,42588,78.14,53.58568941537039,1.205439129755049,0,4,2,100,80.64,75.64,0.0,0.0,0.0,0.0,0.0,0.0
2034,39920,92.76,61.49602941635964,1.1590954669806426,0,10,2,100,88.5,97.03,0.0,0.0,0.0,0.0,0.0,0.0
2035,45952,73.05,54.8998305344629,1.2897517371593308,4,6,2,100,68.76,77.34,0.0,0.0,0.0,0.0,0.0,0.0
2036,39920,90.35,59.23048287941975,1.2022834372264928,0,10,2,100,90.58,90.12,0.0,0.0,0.0,0.0,0.0,0.0
2037,44642,59.72,60.560104520001374,1.238051846439018,2,6,2,100,53.34,66.11,0.0,0.0,0.0,0.0,0.0,0.0
2038,43181,49.63,60.31099801986327,1.182720197029351,1,8,2,100,52.84,46.42,0.0,0.0,0.0,0.0,0.0,0.0
2039,44340,53.54,57.602752120916975,1.1492115462474828,4,10,2,100,54.84,52.23,0.0,0.0,0.0,0.0,0.0,0.0
2040,39920,65.08,53.50529314170903,1.254864856487343,0,10,2,100,60.98,69.17,0.0,0.0,0.0,0.0,0.0,0.0
2041,45952,67.49,56.0408301755292,1.1733940902431197,4,6,2,100,66.65,68.33,0.0,0.0,0.0,0.0,0.0,0.0
2042,41129,64.16,57.16858768191556,1.2051104693316848,0,7,2,100,69.65,58.66,0.0,0.0,0.0,0.0,0.0,0.0
2043,44894,63.12,56.64299128036768,1.2447861077696194,3,7,2,100,68.98,57.26,0.0,0.0,0.0,0.0,0.0,0.0
2044,44239,62.26,55.32191080421109,1.229854697085493,2,7,2,100,59.14,65.38,0.0,0.0,0.0,0.0,0.0,0.0
2045,43836,68.96,52.01068886199247,1.1692308949188157,2,8,2,100,68.52,69.4,0.0,0.0,0.0,0.0,0.0,0.0
2046,46204,55.32,54.51975835956125,1.2841938432875566,2,2,2,100,61.32,49.32,0.0,0.0,0.0,0.0,0.0,0.0
2047,42778,51.82,55.556285595163295,1.1748909647492225,1,9,2,100,49.89,53.74,0.0,0.0,0.0,0.0,0.0,0.0
2048,44890,70.5,57.75779535890428,1.2363894016161248,1,5,2,100,71.86,69.15,0.0,0.0,0.0,0.0,0.0,0.0
2049,41129,74.36,53.389771391053344,1.2562589673022018,0,7,2,100,82.01,66.7,0.0,0.0,0.0,0.0,0.0,0.0
2050,41129,87.18,62.84329748161958,1.2767111055738891,0,7,2,100,92.96,81.4,0.0,0.0,0.0,0.0,0.0,0.0
2051,39114,84.73,51.02055840207056,1.1458819253294577,0,12,2,100,81.57,87.89,0.0,0.0,0.0,0.0,0.0,0.0
2052,45549,81.14,55.33633438583618,1.271803362155827,4,7,2,100,84.82,77.46,0.0,0.0,0.0,0.0,0.0,0.0
2053,42224,93.32,58.15395215743802,1.220650069507952,2,12,2,100,96.81,89.84,0.0,0.0,0.0,0.0,0.0,0.0
2054,43030,72.64,56.51621001064721,1.354592810126079,2,10,2,100,76.9,68.37,0.0,0.0,0.0,0.0,0.0,0.0
2055,49515,51.48,54.93033981743653,1.261852700202326,6,5,2,100,52.95,50.02,0.0,0.0,0.0,0.0,0.0,0.0
2056,46855,25.14,54.57967884024065,1.2416728984054433,4,5,2,100,25.21,25.06,0.0,0.0,0.0,0.0,0.0,0.0
2057,41532,48.3,51.37550799778172,1.2816740753977645,0,6,2,100,43.97,52.64,0.0,0.0,0.0,0.0,0.0,0.0
2058,40323,62.84,54.055828302669546,1.211017179463771,0,9,2,100,62.4,63.29,0.0,0.0,0.0,0.0,0.0,0.0
2059,44642,94.44,52.27168071917477,1.3374622152051436,2,6,2,100,88.87,100.0,0.0,0.0,0.0,0.0,0.0,0.0
2060,46855,50.17,60.08072046473982,1.2784799959035174,4,5,2,100,52.67,47.67,0.0,0.0,0.0,0.0,0.0,0.0
2061,43836,55.52,57.05533912936148,1.2519614674731856,2,8,2,100,56.57,54.48,0.0,0.0,0.0,0.0,0.0,0.0
2062,45801,64.32,59.99005586214064,1.2768329393294675,5,8,2,100,67.72,60.93,0.0,0.0,0.0,0.0,0.0,0.0
2063,39920,75.86,54.49396697497463,1.2326683285220408,0,10,2,100,80.06,71.65,0.0,0.0,0.0,0.0,0.0,0.0
2064,43836,83.02,57.82561569736559,1.2094450617774022,2,8,2,100,87.15,78.9,0.0,0.0,0.0,0.0,0.0,0.0
2065,42778,77.2,51.29330834054511,1.2135431107366663,1,9,2,100,87.63,66.78,0.0,0.0,0.0,0.0,0.0,0.0
2066,39114,83.42,52.3489294278134,1.1924091614994652,0,12,2,100,85.62,81.22,0.0,0.0,0.0,0.0,0.0,0.0
2067,44743,43.44,55.958519837809135,1.2255396897509556,4,9,2,100,39.28,47.59,0.0,0.0,0.0,0.0,0.0,0.0
2068,43030,100.0,52.03362350123152,1.2659575091525903,2,10,2,100,100.0,100.0,0.0,0.0,0.0,0.0,0.0,0.0
2069,44743,81.17,56.55792538568206,1.211236343124643,4,9,2,100,77.78,84.56,0.0,0.0,0.0,0.0,0.0,0.0
2070,44890,69.35,58.310380000984125,1.2960887322578372,1,5,2,100,79.56,59.14,0.0,0.0,0.0,0.0,0.0,0.0
2071,48511,57.88,55.695783894117774,1.2064945674295666,4,3,2,100,58.48,57.29,0.0,0.0,0.0,0.0,0.0,0.0
2072,42778,48.53,56.185038493074615,1.2432125605627875,1,9,2,100,45.94,51.12,0.0,0.0,0.0,0.0,0.0,0.0
2073,42224,58.03,57.61489281305311,1.203905347149925,2,12,2,100,55.26,60.8,0.0,0.0,0.0,0.0,0.0,0.0
2074,45650,54.06,58.67649417142778,1.212289911359052,6,10,2,100,53.2,54.93,0.0,0.0,0.0,0.0,0.0,0.0
2075,44642,46.66,61.1044354138464,1.231451801153537,2,6,2,100,45.13,48.19,0.0,0.0,0.0,0.0,0.0,0.0
2076,43030,43.16,53.65878410062468,1.199751931953165,2,10,2,100,42.39,43.92,0.0,0.0,0.0,0.0,0.0,0.0
2077,43584,55.76,57.01578237177562,1.184561259598243,1,7,2,100,49.05,62.47,0.0,0.0,0.0,0.0,0.0,0.0
2078,44340,77.54,54.17099280897553,1.253653897546163,4,10,2,100,78.52,76.55,0.0,0.0,0.0,0.0,0.0,0.0
2079,43987,94.4,47.37427722405948,1.1805297699064572,1,6,2,100,88.8,100.0,0.0,0.0,0.0,0.0,0.0,0.0
2080,43181,53.1,53.42504422625876,1.3265583760604422,1,8,2,100,51.02,55.17,0.0,0.0,0.0,0.0,0.0,0.0
2081,44088,68.94,61.195566591262896,1.23224067361135,3,9,2,100,70.16,67.72,0.0,0.0,0.0,0.0,0.0,0.0
2082,43181,71.43,50.38704878208177,1.2502184556906175,1,8,2,100,75.72,67.14,0.0,0.0,0.0,0.0,0.0,0.0
2083,42435,41.1,60.20744609240864,1.2922512617216395,0,5,2,100,43.91,38.29,0.0,0.0,0.0,0.0,0.0,0.0
2084,46053,100.0,55.04264410322338,1.1940437612987411,6,9,2,100,100.0,100.0,0.0,0.0,0.0,0.0,0.0,0.0
2085,44743,74.73,54.94173275093843,1.3036296855138572,4,9,2,100,76.27,73.19,0.0,0.0,0.0,0.0,0.0,0.0
2086,44743,30.25,61.217558848042906,1.1867386312147388,4,9,2,100,33.43,27.07,0.0,0.0,0.0,0.0,0.0,0.0
2087,45851,72.74,52.2496280289748,1.16709458998131,2,3,2,100,61.45,84.02,0.0,0.0,0.0,0.0,0.0,0.0
2088,42627,84.36,54.39799527992808,1.1649204736158765,2,11,2,100,90.36,78.36,0.0,0.0,0.0,0.0,0.0,0.0
2089,45146,64.81,54.16359364732584,1.2386488604153858,4,8,2,100,63.7,65.91,0.0,0.0,0.0,0.0,0.0,0.0
2090,47208,41.5,55.87321047512485,1.2208414132397825,4,4,2,100,40.91,42.1,0.0,0.0,0.0,0.0,0.0,0.0
2091,61521,50.71,52.68250298479613,1.1371865414609672,6,3,2,100,52.32,49.1,0.0,0.0,0.0,0.0,0.0,0.0
2092,61521,88.72,56.45784917600688,1.1701703867483124,6,3,2,100,87.05,90.38,0.0,0.0,0.0,0.0,0.0,0.0
2093,43433,67.21,59.36031034563521,1.19320862086192,2,9,2,100,59.83,74.59,0.0,0.0,0.0,0.0,0.0,0.0
2094,53014,33.01,53.88112225586305,1.1700368947854256,4,2,2,100,34.71,31.31,0.0,0.0,0.0,0.0,0.0,0.0
2095,40726,78.87,56.54337559903139,1.1538439951904098,0,8,2,100,78.29,79.45,0.0,0.0,0.0,0.0,0.0,0.0
2096,46456,83.44,50.99640801293474,1.160396950665905,6,8,2,100,80.34,86.54,0.0,0.0,0.0,0.0,0.0,0.0
2097,40323,80.06,51.23259500851091,1.2351912331057495,0,9,2,100,72.27,87.86,0.0,0.0,0.0,0.0,0.0,0.0
2098,44239,95.33,57.49257272220521,1.3075670108621562,2,7,2,100,100.0,90.66,0.0,0.0,0.0,0.0,0.0,0.0
2099,40323,92.57,54.79003363879918,1.2224238695101823,0,9,2,100,94.1,91.04,0.0,0.0,0.0,0.0,0.0,0.0
2100,44894,93.56,52.951281824730366,1.2329667518712497,3,7,2,100,97.68,89.44,0.0,0.0,0.0,0.0,0.0,0.0
2101,42879,28.5,60.18495486714167,1.1602005071006682,3,12,2,100,29.28,27.72,0.0,0.0,0.0,0.0,0.0,0.0
2102,44642,93.84,57.01949880903837,1.1868954785659434,2,6,2,100,90.56,97.12,0.0,0.0,0.0,0.0,0.0,0.0
2103,46859,100.0,48.96199295021803,1.2192583315736638,6,7,2,100,100.0,100.0,0.0,0.0,0.0,0.0,0.0,0.0
2104,44239,69.98,56.0425907298964,1.2241027861724514,2,7,2,100,72.22,67.74,0.0,0.0,0.0,0.0,0.0,0.0
2105,41129,40.82,49.65124487690724,1.240277277163658,0,7,2,100,44.0,37.64,0.0,0.0,0.0,0.0,0.0,0.0
2106,46204,76.68,60.03266802317624,1.136823816977986,5,7,2,100,86.91,66.45,0.0,0.0,0.0,0.0,0.0,0.0
2107,45297,78.98,58.56029081672449,1.247715176044775,3,6,2,100,76.87,81.09,0.0,0.0,0.0,0.0,0.0,0.0
2108,44743,71.98,60.65921824067172,1.354128733231516,4,9,2,100,70.9,73.07,0.0,0.0,0.0,0.0,0.0,0.0
2109,46855,91.42,51.828868832501534,1.19509706239442,4,5,2,100,82.84,99.99,0.0,0.0,0.0,0.0,0.0,0.0
2110,45801,74.74,57.88469719796438,1.1515547379770756,5,8,2,100,75.33,74.15,0.0,0.0,0.0,0.0,0.0,0.0
2111,41569,47.72,54.68430703281104,1.2625843250155837,1,12,2,100,44.59,50.86,0.0,0.0,0.0,0.0,0.0,0.0
2112,43433,89.94,55.73692098778205,1.2624388190630007,2,9,2,100,85.13,94.74,0.0,0.0,0.0,0.0,0.0,0.0
2113,39920,89.9,57.74590813816101,1.324501538062236,0,10,2,100,96.06,83.75,0.0,0.0,0.0,0.0,0.0,0.0
2114,49515,69.66,53.79495408120208,1.1591157712606326,6,5,2,100,64.99,74.33,0.0,0.0,0.0,0.0,0.0,0.0
2115,45698,67.59,52.00975315338981,1.1943220484270831,2,4,2,100,75.42,59.76,0.0,0.0,0.0,0.0,0.0,0.0
2116,45545,36.37,51.67032623220533,1.2635182078488385,2,5,2,100,32.72,40.02,0.0,0.0,0.0,0.0,0.0,0.0
2117,45297,80.63,58.382857625116046,1.2135498941401284,3,6,2,100,83.48,77.78,0.0,0.0,0.0,0.0,0.0,0.0
2118,45043,65.12,52.14791252182014,1.1726280214167133,1,4,2,100,75.03,55.22,0.0,0.0,0.0,0.0,0.0,0.0
2119,44239,70.9,53.069331984217015,1.1506873640561752,2,7,2,100,77.19,64.61,0.0,0.0,0.0,0.0,0.0,0.0
2120,43836,60.0,53.916989767068046,1.1975683264229973,2,8,2,100,57.68,62.33,0.0,0.0,0.0,0.0,0.0,0.0
2121,47208,52.56,56.19699571386546,1.2565948579507114,4,4,2,100,59.66,45.45,0.0,0.0,0.0,0.0,0.0,0.0
2122,42778,77.09,60.68718916996635,1.227914124851551,1,9,2,100,75.17,79.0,0.0,0.0,0.0,0.0,0.0,0.0
2123,42778,27.64,55.20778649120187,1.2525646283066751,1,9,2,100,29.81,25.46,0.0,0.0,0.0,0.0,0.0,0.0
2124,44642,49.48,56.41404790537048,1.2674152190817545,2,6,2,100,50.46,48.51,0.0,0.0,0.0,0.0,0.0,0.0
2125,45549,41.72,54.96068023428872,1.3008753476292358,4,7,2,100,37.35,46.08,0.0,0.0,0.0,0.0,0.0,0.0
2126,45146,97.2,58.06630352126764,1.1341736181152775,4,8,2,100,94.39,100.0,0.0,0.0,0.0,0.0,0.0,0.0
2127,44642,54.63,53.15490137917957,1.3557977105444905,2,6,2,100,56.46,52.8,0.0,0.0,0.0,0.0,0.0,0.0
2128,44239,88.23,56.38680983942712,1.2417797944043951,2,7,2,100,96.36,80.1,0.0,0.0,0.0,0.0,0.0,0.0
2129,43030,70.07,51.63592470366545,1.226558328911571,2,10,2,100,59.1,81.04,0.0,0.0,0.0,0.0,0.0,0.0
2130,45545,65.59,47.348252487447965,1.276990832040543,2,5,2,100,66.41,64.76,0.0,0.0,0.0,0.0,0.0,0.0
2131,43030,53.84,54.14839395533266,1.137045867069749,2,10,2,100,47.78,59.91,0.0,0.0,0.0,0.0,0.0,0.0
2132,41129,100.0,51.354757314149545,1.1814356299195217,0,7,2,100,100.0,100.0,0.0,0.0,0.0,0.0,0.0,0.0
2133,39920,46.14,53.25000731593797,1.2484847982084404,0,10,2,100,43.19,49.08,0.0,0.0,0.0,0.0,0.0,0.0
2134,37905,28.04,56.74138938993728,1.1868453641297312,0,15,2,100,31.97,24.12,0.0,0.0,0.0,0.0,0.0,0.0
2135,44743,79.98,56.4606104046628,1.1658687031151125,4,9,2,100,81.68,78.28,0.0,0.0,0.0,0.0,0.0,0.0
2136,39517,32.56,58.53973529476677,1.167285117149209,0,11,2,100,35.86,29.25,0.0,0.0,0.0,0.0,0.0,0.0
2137,43836,68.3,57.94468176995704,1.16543495188454,2,8,2,100,69.29,67.3,0.0,0.0,0.0,0.0,0.0,0.0
2138,40726,50.06,57.86574600545792,1.277052723625515,0,8,2,100,51.57,48.55,0.0,0.0,0.0,0.0,0.0,0.0
2139,61521,54.05,54.109806705129074,1.2230025432378624,6,3,2,100,56.44,51.66,0.0,0.0,0.0,0.0,0.0,0.0
2140,39920,90.72,59.40814421339801,1.2639940065117006,0,10,2,100,85.59,95.84,0.0,0.0,0.0,0.0,0.0,0.0
2141,42627,90.48,53.01544233651611,1.1918766137710184,2,11,2,100,87.47,93.48,0.0,0.0,0.0,0.0,0.0,0.0
2142,41166,25.63,55.33317886443832,1.200110252774904,1,13,2,100,25.43,25.83,0.0,0.0,0.0,0.0,0.0,0.0
2143,46859,94.92,54.62499049802515,1.2597391677132306,6,7,2,100,92.14,97.71,0.0,0.0,0.0,0.0,0.0,0.0
2144,43937,95.18,53.775277531986426,1.2451161339289638,4,11,2,100,100.0,90.35,0.0,0.0,0.0,0.0,0.0,0.0
2145,41532,80.9,53.02276931143418,1.2528601577947418,0,6,2,100,78.7,83.1,0.0,0.0,0.0,0.0,0.0,0.0
2146,41821,67.71,55.521482013238746,1.1874078873093634,2,13,2,100,63.66,71.76,0.0,0.0,0.0,0.0,0.0,0.0
2147,42894,70.91,58.2569801677913,1.247307490190667,0,2,2,100,76.89,64.93,0.0,0.0,0.0,0.0,0.0,0.0
2148,44642,51.17,53.17817501266601,1.2967527793237703,2,6,2,100,50.97,51.37,0.0,0.0,0.0,0.0,0.0,0.0
2149,43433,49.96,59.14862103467981,1.2742704742929971,2,9,2,100,46.65,53.28,0.0,0.0,0.0,0.0,0.0,0.0
2150,45297,62.94,52.85547104323901,1.3763977611858742,3,6,2,100,63.33,62.55,0.0,0.0,0.0,0.0,0.0,0.0
2151,45146,35.41,57.16340362158475,1.1670689415678306,4,8,2,100,34.74,36.08,0.0,0.0,0.0,0.0,0.0,0.0
2152,42588,56.97,54.4487860828792,1.1521524141893995,0,4,2,100,53.05,60.9,0.0,0.0,0.0,0.0,0.0,0.0
2153,45801,78.88,59.74189386274243,1.2684605518164476,5,8,2,100,75.68,82.08,0.0,0.0,0.0,0.0,0.0,0.0
2154,73530,94.44,60.60402696414256,1.24049261944254,9,5,2,100,100.0,88.89,0.0,0.0,0.0,0.0,0.0,0.0
2155,44239,90.58,55.205985537506216,1.243474080035516,2,7,2,100,98.15,83.02,0.0,0.0,0.0,0.0,0.0,0.0
2156,45545,92.46,55.218699027961605,1.2210092177042138,2,5,2,100,84.91,100.0,0.0,0.0,0.0,0.0,0.0,0.0
2157,45952,58.02,59.38578236820271,1.2673761128857586,4,6,2,100,59.02,57.02,0.0,0.0,0.0,0.0,0.0,0.0
2158,44239,46.22,51.876702580390365,1.177287414354479,2,7,2,100,47.46,44.99,0.0,0.0,0.0,0.0,0.0,0.0
2159,47208,77.82,51.66611562921639,1.155680397073274,4,4,2,100,75.02,80.61,0.0,0.0,0.0,0.0,0.0,0.0
2160,46053,69.43,57.69227306035137,1.2175126788984254,6,9,2,100,61.13,77.73,0.0,0.0,0.0,0.0,0.0,0.0
2161,43836,28.17,53.39120257270358,1.2809737442310605,2,8,2,100,31.01,25.33,0.0,0.0,0.0,0.0,0.0,0.0
2162,43836,56.92,57.14871588326171,1.2613909195878137,2,8,2,100,55.92,57.92,0.0,0.0,0.0,0.0,0.0,0.0
2163,47462,75.92,51.47113806723648,1.2048425029467402,6,6,2,100,77.91,73.94,0.0,0.0,0.0,0.0,0.0,0.0
2164,61019,42.42,59.51634478535122,1.2179415826890956,5,2,2,100,39.5,45.34,0.0,0.0,0.0,0.0,0.0,0.0
2165,39114,96.65,57.42213126611805,1.1900875851840091,0,12,2,100,93.3,100.0,0.0,0.0,0.0,0.0,0.0,0.0
2166,49013,50.1,47.49929723403091,1.1937284674724675,5,4,2,100,46.64,53.57,0.0,0.0,0.0,0.0,0.0,0.0
2167,54524,91.76,58.29259463112638,1.2323513715806116,9,7,2,100,85.3,98.23,0.0,0.0,0.0,0.0,0.0,0.0
2168,40323,79.21,56.12423545950492,1.2285325103551878,0,9,2,100,83.59,74.83,0.0,0.0,0.0,0.0,0.0,0.0
2169,41972,56.28,54.72080167793621,1.209104449196626,1,11,2,100,56.67,55.89,0.0,0.0,0.0,0.0,0.0,0.0
2170,46855,84.88,65.7348719921807,1.2336402619056308,4,5,2,100,77.53,92.24,0.0,0.0,0.0,0.0,0.0,0.0
2171,41129,45.24,59.82101221129781,1.1646883705082185,0,7,2,100,47.66,42.83,0.0,0.0,0.0,0.0,0.0,0.0
2172,47208,47.28,58.17608680521208,1.1999338042915328,4,4,2,100,49.0,45.57,0.0,0.0,0.0,0.0,0.0,0.0
2173,45146,73.12,57.34225817105123,1.2372890361654685,4,8,2,100,75.03,71.21,0.0,0.0,0.0,0.0,0.0,0.0
2174,44743,40.76,54.622608908220975,1.1541468730175382,4,9,2,100,38.05,43.48,0.0,0.0,0.0,0.0,0.0,0.0
2175,45146,68.13,54.97477696374104,1.2042746671791935,4,8,2,100,69.49,66.78,0.0,0.0,0.0,0.0,0.0,0.0
2176,39517,74.72,48.8433993901511,1.1832366535592804,0,11,2,100,83.34,66.11,0.0,0.0,0.0,0.0,0.0,0.0
2177,46204,75.78,56.370945188985736,1.1881196280500532,5,7,2,100,82.61,68.96,0.0,0.0,0.0,0.0,0.0,0.0
2178,39920,68.47,56.92656770950894,1.202517983602847,0,10,2,100,70.66,66.28,0.0,0.0,0.0,0.0,0.0,0.0
2179,39517,58.4,59.44476278455921,1.2138690735069986,0,11,2,100,62.82,53.99,0.0,0.0,0.0,0.0,0.0,0.0
2180,44340,81.01,50.65255040597052,1.1900117790259046,4,10,2,100,80.19,81.83,0.0,0.0,0.0,0.0,0.0,0.0
2181,45698,36.66,55.13806597543429,1.24093416736828,2,4,2,100,35.04,38.27,0.0,0.0,0.0,0.0,0.0,0.0
2182,45698,47.26,57.00314965744519,1.2670860121427658,2,4,2,100,46.66,47.87,0.0,0.0,0.0,0.0,0.0,0.0
2183,47363,89.26,54.32260146425564,1.3013084773877377,8,9,2,100,88.46,90.05,0.0,0.0,0.0,0.0,0.0,0.0
2184,43433,72.04,55.22171172197386,1.2867807921352516,2,9,2,100,66.78,77.31,0.0,0.0,0.0,0.0,0.0,0.0
2185,42435,71.69,53.02227590356264,1.112386601780576,0,5,2,100,76.35,67.03,0.0,0.0,0.0,0.0,0.0,0.0
2186,46200,74.47,53.56321519197552,1.2652889193869612,3,5,2,100,78.3,70.64,0.0,0.0,0.0,0.0,0.0,0.0
2187,49515,88.1,56.25243752638941,1.2789560244745075,6,5,2,100,97.23,78.96,0.0,0.0,0.0,0.0,0.0,0.0
2188,39517,29.7,57.61599190337774,1.2685112797701912,0,11,2,100,27.93,31.48,0.0,0.0,0.0,0.0,0.0,0.0
2189,40726,43.39,54.44534365681695,1.2318482860902575,0,8,2,100,45.6,41.18,0.0,0.0,0.0,0.0,0.0,0.0
2190,44995,55.36,54.49454831098566,1.2264157227550945,5,10,2,100,47.34,63.39,0.0,0.0,0.0,0.0,0.0,0.0
2191,43433,45.94,54.11925485236965,1.187527072462853,2,9,2,100,45.65,46.23,0.0,0.0,0.0,0.0,0.0,0.0
2192,45549,65.07,58.660099897141855,1.2060125940641082,4,7,2,100,61.88,68.26,0.0,0.0,0.0,0.0,0.0,0.0
2193,45952,73.53,53.000504545916975,1.160868276364006,4,6,2,100,75.85,71.21,0.0,0.0,0.0,0.0,0.0,0.0
2194,43030,50.92,54.438572192053456,1.1696751574755686,2,10,2,100,51.29,50.55,0.0,0.0,0.0,0.0,0.0,0.0
2195,43987,50.54,58.93500083980145,1.1268442181656744,1,6,2,100,49.68,51.39,0.0,0.0,0.0,0.0,0.0,0.0
2196,44743,67.66,58.4404223803228,1.287251311989408,4,9,2,100,70.66,64.65,0.0,0.0,0.0,0.0,0.0,0.0
2197,45549,68.37,56.30932608136787,1.1747400709637592,4,7,2,100,66.65,70.08,0.0,0.0,0.0,0.0,0.0,0.0
2198,47710,64.84,61.73309634518316,1.224564603568281,5,5,2,100,68.15,61.52,0.0,0.0,0.0,0.0,0.0,0.0
2199,46859,36.68,55.58437986462409,1.2912949991243703,6,7,2,100,37.42,35.95,0.0,0.0,0.0,0.0,0.0,0.0
2200,45952,100.0,47.932606456850976,1.3249016305788033,4,6,2,100,100.0,100.0,0.0,0.0,0.0,0.0,0.0,0.0
2201,46607,63.8,54.939212369306624,1.1863673007035056,5,6,2,100,65.33,62.27,0.0,0.0,0.0,0.0,0.0,0.0
2202,42224,53.62,63.45939840377963,1.2118246156170365,2,12,2,100,47.55,59.7,0.0,0.0,0.0,0.0,0.0,0.0
2203,43433,71.94,52.38041125189297,1.2392357807544252,2,9,2,100,71.27,72.61,0.0,0.0,0.0,0.0,0.0,0.0
2204,44894,93.14,52.00941504439398,1.2937517284930014,3,7,2,100,90.74,95.54,0.0,0.0,0.0,0.0,0.0,0.0
2205,54272,88.8,54.19480450629336,1.234980380208755,8,6,2,100,82.88,94.73,0.0,0.0,0.0,0.0,0.0,0.0
2206,46204,92.62,55.623281162489306,1.1798329091977957,5,7,2,100,99.09,86.15,0.0,0.0,0.0,0.0,0.0,0.0
2207,43685,26.22,60.98014233615185,1.1762982155068649,3,10,2,100,26.04,26.39,0.0,0.0,0.0,0.0,0.0,0.0
2208,47966,83.22,53.87287194441152,1.1879626377149264,8,8,2,100,84.84,81.6,0.0,0.0,0.0,0.0,0.0,0.0
2209,45801,34.09,53.38456187533804,1.2184447474173368,5,8,2,100,31.63,36.55,0.0,0.0,0.0,0.0,0.0,0.0
2210,123039,54.74,56.62326902728603,1.2268007027775232,9,2,2,100,58.97,50.51,0.0,0.0,0.0,0.0,0.0,0.0
2211,44642,92.19,58.40527216606194,1.2101281155151584,2,6,2,100,100.0,84.38,0.0,0.0,0.0,0.0,0.0,0.0
2212,47710,70.82,58.50128222993985,1.323589168160158,5,5,2,100,75.04,66.6,0.0,0.0,0.0,0.0,0.0,0.0
2213,46855,97.15,56.83979949513252,1.175461812593168,4,5,2,100,100.0,94.29,0.0,0.0,0.0,0.0,0.0,0.0
2214,44642,75.56,55.5642390542854,1.1968726586313128,2,6,2,100,76.26,74.87,0.0,0.0,0.0,0.0,0.0,0.0
2215,44239,55.78,54.14469965896554,1.243181371184237,2,7,2,100,52.23,59.33,0.0,0.0,0.0,0.0,0.0,0.0
2216,41821,85.72,60.49501597536368,1.1777282518020853,2,13,2,100,84.29,87.15,0.0,0.0,0.0,0.0,0.0,0.0
2217,46855,84.84,57.21028635843346,1.1589816239850816,4,5,2,100,84.28,85.39,0.0,0.0,0.0,0.0,0.0,0.0
2218,44890,68.28,58.00378733214044,1.1445501917433605,1,5,2,100,61.51,75.04,0.0,0.0,0.0,0.0,0.0,0.0
2219,44239,76.68,60.746750096637975,1.1359153708033138,2,7,2,100,82.34,71.02,0.0,0.0,0.0,0.0,0.0,0.0
2220,43433,91.94,59.5890880330714,1.2941111382472248,2,9,2,100,89.18,94.7,0.0,0.0,0.0,0.0,0.0,0.0
2221,45146,92.33,56.27585446676508,1.101436838664825,4,8,2,100,84.88,99.78,0.0,0.0,0.0,0.0,0.0,0.0
2222,40323,59.19,59.52574059656656,1.1838202329939354,0,9,2,100,62.25,56.13,0.0,0.0,0.0,0.0,0.0,0.0
2223,46053,69.06,56.38202231767938,1.2133650932772253,6,9,2,100,63.92,74.21,0.0,0.0,0.0,0.0,0.0,0.0
2224,73028,84.78,51.36678706299334,1.2170165555219614,8,4,2,100,90.87,78.69,0.0,0.0,0.0,0.0,0.0,0.0
2225,43181,29.83,54.04119881696204,1.1743394418650337,1,8,2,100,29.37,30.29,0.0,0.0,0.0,0.0,0.0,0.0
2226,46557,45.32,56.05789646996645,1.1445394046355386,8,11,2,100,44.59,46.04,0.0,0.0,0.0,0.0,0.0,0.0
2227,40323,56.7,52.48895403210523,1.1604247080230414,0,9,2,100,49.92,63.48,0.0,0.0,0.0,0.0,0.0,0.0
2228,44642,93.66,51.83484770279048,1.2455233105399668,2,6,2,100,97.09,90.23,0.0,0.0,0.0,0.0,0.0,0.0
2229,45545,33.68,57.14648613406635,1.165189986194619,2,5,2,100,31.53,35.84,0.0,0.0,0.0,0.0,0.0,0.0
2230,40323,51.56,58.56853284820022,1.1885332745900214,0,9,2,100,52.18,50.93,0.0,0.0,0.0,0.0,0.0,0.0
2231,43131,80.99,51.04743497505643,1.258965169983805,4,13,2,100,73.65,88.33,0.0,0.0,0.0,0.0,0.0,0.0
2232,45297,69.34,54.04032152743903,1.214041473725883,3,6,2,100,64.53,74.16,0.0,0.0,0.0,0.0,0.0,0.0
2233,44743,49.94,56.61967567775886,1.0571677571133495,4,9,2,100,47.21,52.66,0.0,0.0,0.0,0.0,0.0,0.0
2234,44239,75.31,57.8687571439954,1.2314676891094871,2,7,2,100,84.52,66.1,0.0,0.0,0.0,0.0,0.0,0.0
2235,43433,77.38,55.27685968578096,1.1730632743811484,2,9,2,100,71.21,83.56,0.0,0.0,0.0,0.0,0.0,0.0
2236,40323,98.2,53.64013379436677,1.274926946783647,0,9,2,100,96.93,99.46,0.0,0.0,0.0,0.0,0.0,0.0
2237,43534,88.95,57.143589141521126,1.229472065191518,4,12,2,100,98.59,79.31,0.0,0.0,0.0,0.0,0.0,0.0
2238,45549,60.26,61.25280863737233,1.207412406379679,4,7,2,100,67.26,53.26,0.0,0.0,0.0,0.0,0.0,0.0
2239,43282,71.44,53.46696319977201,1.0232218877783994,3,11,2,100,72.19,70.68,0.0,0.0,0.0,0.0,0.0,0.0
2240,45549,96.55,58.33393554944109,1.13763816314233,4,7,2,100,93.1,100.0,0.0,0.0,0.0,0.0,0.0,0.0
2241,44642,24.82,57.195882305244574,1.2270266717117009,2,6,2,100,24.81,24.84,0.0,0.0,0.0,0.0,0.0,0.0
2242,42778,70.74,55.29567597364719,1.2453656074607165,1,9,2,100,70.09,71.39,0.0,0.0,0.0,0.0,0.0,0.0
2243,40726,40.86,54.662439898712144,1.2001463712773166,0,8,2,100,43.5,38.22,0.0,0.0,0.0,0.0,0.0,0.0
2244,44743,71.87,55.37915451371092,1.1577514935583344,4,9,2,100,65.66,78.08,0.0,0.0,0.0,0.0,0.0,0.0
2245,48511,50.68,55.05236727635185,1.2062977259441166,4,3,2,100,52.43,48.94,0.0,0.0,0.0,0.0,0.0,0.0
2246,45952,81.04,53.39817637864935,1.217138519338742,4,6,2,100,76.7,85.39,0.0,0.0,0.0,0.0,0.0,0.0
2247,43433,93.1,50.3571212583841,1.1666405657218053,2,9,2,100,88.6,97.61,0.0,0.0,0.0,0.0,0.0,0.0
2248,46353,100.0,53.57268095826551,1.1708461320003944,3,4,2,100,100.0,100.0,0.0,0.0,0.0,0.0,0.0,0.0
2249,41972,48.58,59.48247926293287,1.1687236599768662,1,11,2,100,50.08,47.09,0.0,0.0,0.0,0.0,0.0,0.0
2250,39920,78.9,58.72610471873479,1.2052871069416793,0,10,2,100,82.88,74.91,0.0,0.0,0.0,0.0,0.0,0.0
2251,48511,30.48,61.72102260317607,1.2718961122688048,4,3,2,100,35.93,25.02,0.0,0.0,0.0,0.0,0.0,0.0
2252,43937,70.05,54.00215273330575,1.2055232956359472,4,11,2,100,67.58,72.52,0.0,0.0,0.0,0.0,0.0,0.0
2253,45146,80.64,54.78427698708225,1.1270077941675842,4,8,2,100,73.6,87.69,0.0,0.0,0.0,0.0,0.0,0.0
2254,72024,75.57,58.98893452195703,1.342524415384049,6,2,2,100,73.01,78.13,0.0,0.0,0.0,0.0,0.0,0.0
2255,47111,47.28,55.79112294860827,1.168517122991399,7,8,2,100,52.12,42.43,0.0,0.0,0.0,0.0,0.0,0.0
2256,45297,94.72,57.83766498828015,1.1198342051907304,3,6,2,100,100.0,89.45,0.0,0.0,0.0,0.0,0.0,0.0
2257,45398,68.75,55.874187637404525,1.221746505306451,5,9,2,100,74.51,62.99,0.0,0.0,0.0,0.0,0.0,0.0
2258,45146,46.8,59.19467274440952,1.3079871056419894,4,8,2,100,45.78,47.81,0.0,0.0,0.0,0.0,0.0,0.0
2259,44894,25.18,55.20219090028973,1.2035119108702506,3,7,2,100,25.14,25.23,0.0,0.0,0.0,0.0,0.0,0.0
2260,46855,54.64,60.44374225066267,1.2416524469440358,4,5,2,100,55.62,53.67,0.0,0.0,0.0,0.0,0.0,0.0
2261,46607,68.98,60.19523431576002,1.2153551959640032,5,6,2,100,70.03,67.93,0.0,0.0,0.0,0.0,0.0,0.0
2262,45952,51.5,54.49109907350073,1.1284133650058594,4,6,2,100,48.91,54.1,0.0,0.0,0.0,0.0,0.0,0.0
2263,44239,75.66,56.30018134803399,1.198731334927327,2,7,2,100,79.74,71.59,0.0,0.0,0.0,0.0,0.0,0.0
2264,43030,67.21,56.27238266203819,1.1801656736914723,2,10,2,100,58.32,76.1,0.0,0.0,0.0,0.0,0.0,0.0
2265,44894,63.6,54.134659721099226,1.1575652149777915,3,7,2,100,71.51,55.69,0.0,0.0,0.0,0.0,0.0,0.0
2266,46456,26.4,57.150786520896354,1.1394109633800098,6,8,2,100,32.62,20.17,0.0,0.0,0.0,0.0,0.0,0.0
2267,103034,77.42,53.33095219836589,1.1440209836621829,8,2,2,100,78.42,76.42,0.0,0.0,0.0,0.0,0.0,0.0
2268,40726,77.55,53.96143458059132,1.2146556239903037,0,8,2,100,65.88,89.22,0.0,0.0,0.0,0.0,0.0,0.0
2269,46855,82.14,56.162490796571525,1.1763874480663608,4,5,2,100,83.77,80.51,0.0,0.0,0.0,0.0,0.0,0.0
2270,44239,53.9,57.87888840527672,1.201818990623004,2,7,2,100,51.29,56.52,0.0,0.0,0.0,0.0,0.0,0.0
2271,42741,57.12,56.21293771446021,1.159845002489485,0,3,2,100,57.07,57.17,0.0,0.0,0.0,0.0,0.0,0.0
2272,46706,59.68,56.01443628361739,1.2287380234812066,3,3,2,100,66.6,52.77,0.0,0.0,0.0,0.0,0.0,0.0
2273,54520,79.35,50.03119741225794,1.0706590855519174,7,5,2,100,76.46,82.25,0.0,0.0,0.0,0.0,0.0,0.0
2274,40323,87.55,56.40419051840621,1.1943144278341864,0,9,2,100,86.87,88.23,0.0,0.0,0.0,0.0,0.0,0.0
2275,45952,62.21,54.14306079123699,1.179639662321059,4,6,2,100,62.86,61.56,0.0,0.0,0.0,0.0,0.0,0.0
2276,46456,89.1,59.67688892200439,1.211587117003099,6,8,2,100,82.38,95.83,0.0,0.0,0.0,0.0,0.0,0.0
2277,47462,47.16,59.96533137574672,1.1958970731879064,6,6,2,100,47.03,47.28,0.0,0.0,0.0,0.0,0.0,0.0
2278,44743,87.43,58.10783670662706,1.2839412143454811,4,9,2,100,86.04,88.82,0.0,0.0,0.0,0.0,0.0,0.0
2279,41532,57.96,53.65660449411112,1.3575758238507136,0,6,2,100,59.16,56.75,0.0,0.0,0.0,0.0,0.0,0.0
2280,54018,44.84,55.5449557346747,1.1593173175160083,6,4,2,100,45.74,43.93,0.0,0.0,0.0,0.0,0.0,0.0
2281,40323,68.06,57.999392418249485,1.175608376790905,0,9,2,100,59.31,76.8,0.0,0.0,0.0,0.0,0.0,0.0
2282,45698,54.19,57.28349724844684,1.1470021049338492,2,4,2,100,50.05,58.33,0.0,0.0,0.0,0.0,0.0,0.0
2283,42435,90.48,52.721329300475766,1.1963720511305076,0,5,2,100,83.1,97.85,0.0,0.0,0.0,0.0,0.0,0.0
2284,45146,62.11,59.320921743781085,1.161850967961361,4,8,2,100,57.6,66.63,0.0,0.0,0.0,0.0,0.0,0.0
2285,46353,88.53,53.66804227514732,1.199959458625635,3,4,2,100,92.7,84.36,0.0,0.0,0.0,0.0,0.0,0.0
2286,42778,73.08,51.89036602458422,1.14602750034285,1,9,2,100,74.31,71.84,0.0,0.0,0.0,0.0,0.0,0.0
2287,42778,56.72,57.60281629876191,1.1878268994130825,1,9,2,100,54.47,58.97,0.0,0.0,0.0,0.0,0.0,0.0
2288,85527,81.76,60.17750705044882,1.28258217977879,6,1,2,100,79.41,84.1,0.0,0.0,0.0,0.0,0.0,0.0
2289,37905,63.11,53.82007400275568,1.2581688574923773,0,15,2,100,59.93,66.3,0.0,0.0,0.0,0.0,0.0,0.0
2290,47208,92.92,57.04344068877142,1.182678499691982,4,4,2,100,85.83,100.0,0.0,0.0,0.0,0.0,0.0,0.0
2291,40726,75.59,58.48332139086076,1.1561583179046095,0,8,2,100,73.82,77.36,0.0,0.0,0.0,0.0,0.0,0.0
2292,45146,92.38,53.36930550721269,1.1521566232743907,4,8,2,100,85.91,98.84,0.0,0.0,0.0,0.0,0.0,0.0
2293,43836,74.59,55.53752565148809,1.2506616873664922,2,8,2,100,67.31,81.87,0.0,0.0,0.0,0.0,0.0,0.0
2294,40323,86.97,55.36867374103644,1.2244610254590491,0,9,2,100,82.57,91.37,0.0,0.0,0.0,0.0,0.0,0.0
2295,44743,72.84,57.63453714753454,1.14293096190365,4,9,2,100,76.75,68.93,0.0,0.0,0.0,0.0,0.0,0.0
2296,45952,86.99,55.29958589202552,1.239310134377715,4,6,2,100,87.81,86.17,0.0,0.0,0.0,0.0,0.0,0.0
2297,49515,69.23,57.00093248351975,1.1708343630769942,6,5,2,100,70.08,68.38,0.0,0.0,0.0,0.0,0.0,0.0
2298,47462,43.7,57.83209599301996,1.1489626658770704,6,6,2,100,43.93,43.47,0.0,0.0,0.0,0.0,0.0,0.0
2299,45952,85.34,59.40320582634258,1.1657846941599816,4,6,2,100,86.96,83.72,0.0,0.0,0.0,0.0,0.0,0.0
2300,47710,33.83,55.14544857262971,1.1690344738554308,5,5,2,100,35.86,31.79,0.0,0.0,0.0,0.0,0.0,0.0
2301,44995,72.26,57.82712792819117,1.2661611218672544,5,10,2,100,66.58,77.95,0.0,0.0,0.0,0.0,0.0,0.0
2302,86029,74.84,55.61089666495278,1.2510986364135566,7,2,2,100,85.03,64.65,0.0,0.0,0.0,0.0,0.0,0.0
2303,54018,88.7,51.59793096812819,1.160131540164928,6,4,2,100,94.64,82.75,0.0,0.0,0.0,0.0,0.0,0.0
2304,43181,25.3,56.34805986868908,1.1307431188072885,1,8,2,100,24.79,25.8,0.0,0.0,0.0,0.0,0.0,0.0
2305,49267,57.64,56.84178532851395,1.315519479293899,7,6,2,100,56.88,58.4,0.0,0.0,0.0,0.0,0.0,0.0
2306,46859,26.33,59.03084587237645,1.1873586946194865,6,7,2,100,25.74,26.92,0.0,0.0,0.0,0.0,0.0,0.0
2307,47208,61.91,60.7095059812232,1.2926654855495894,4,4,2,100,58.27,65.55,0.0,0.0,0.0,0.0,0.0,0.0
2308,46456,89.38,58.81594742013471,1.1661797095262358,6,8,2,100,94.32,84.44,0.0,0.0,0.0,0.0,0.0,0.0
2309,43181,46.98,56.208583923066165,1.1474719271466955,1,8,2,100,46.84,47.11,0.0,0.0,0.0,0.0,0.0,0.0
2310,46204,75.06,56.61298017550537,1.057335449827058,5,7,2,100,81.24,68.87,0.0,0.0,0.0,0.0,0.0,0.0
2311,45398,94.38,54.56682862879878,1.2377962945979784,5,9,2,100,98.49,90.27,0.0,0.0,0.0,0.0,0.0,0.0
2312,39517,56.37,55.72947749245004,1.173122642715533,0,11,2,100,52.07,60.67,0.0,0.0,0.0,0.0,0.0,0.0
2313,42588,82.27,50.63309854108744,1.1868510502891063,0,4,2,100,78.65,85.89,0.0,0.0,0.0,0.0,0.0,0.0
2314,62525,78.84,58.64902152974621,1.1867823276041796,8,5,2,100,79.96,77.72,0.0,0.0,0.0,0.0,0.0,0.0
2315,86531,48.64,55.234877760448285,1.2485526666945412,8,3,2,100,49.25,48.03,0.0,0.0,0.0,0.0,0.0,0.0
2316,43937,87.13,57.22757007011256,1.2367614525572144,4,11,2,100,90.23,84.03,0.0,0.0,0.0,0.0,0.0,0.0
2317,49013,77.12,52.2044467580828,1.1686850649494576,5,4,2,100,76.79,77.45,0.0,0.0,0.0,0.0,0.0,0.0
2318,48511,48.02,60.55937560129928,1.2361320642078577,4,3,2,100,44.16,51.89,0.0,0.0,0.0,0.0,0.0,0.0
2319,47710,77.46,59.58306760361394,1.3062948168544366,5,5,2,100,74.5,80.42,0.0,0.0,0.0,0.0,0.0,0.0
2320,45851,79.02,56.28669273777248,1.142226563692889,2,3,2,100,82.03,76.0,0.0,0.0,0.0,0.0,0.0,0.0
2321,60517,51.5,55.96071054886267,1.2904206918290635,4,1,2,100,55.7,47.29,0.0,0.0,0.0,0.0,0.0,0.0
2322,43584,68.67,53.67449872450381,1.2137517455078983,1,7,2,100,70.78,66.56,0.0,0.0,0.0,0.0,0.0,0.0
2323,54520,72.23,55.57329668445267,1.2142934303200374,7,5,2,100,68.21,76.25,0.0,0.0,0.0,0.0,0.0,0.0
2324,45398,80.68,58.80664264632766,1.210617663877186,5,9,2,100,76.09,85.27,0.0,0.0,0.0,0.0,0.0,0.0
2325,44995,85.72,56.62679906417922,1.1560907464790795,5,10,2,100,79.62,91.82,0.0,0.0,0.0,0.0,0.0,0.0
2326,49519,47.56,56.63287121831248,1.203299744191231,8,7,2,100,43.1,52.02,0.0,0.0,0.0,0.0,0.0,0.0
2327,150000,67.19,59.91952393228337,1.192392712026927,10,1,2,100,71.97,62.42,0.0,0.0,0.0,0.0,0.0,0.0
2328,45698,47.98,53.65719993979039,1.1948051683466123,2,4,2,100,46.0,49.96,0.0,0.0,0.0,0.0,0.0,0.0
2329,54520,57.77,55.81765057466534,1.1555912267277602,7,5,2,100,55.3,60.24,0.0,0.0,0.0,0.0,0.0,0.0
2330,45952,70.3,61.071198859112926,1.210811230292293,4,6,2,100,66.67,73.92,0.0,0.0,0.0,0.0,0.0,0.0
2331,45398,58.64,49.22644070357808,1.2135757298822183,5,9,2,100,54.65,62.62,0.0,0.0,0.0,0.0,0.0,0.0
2332,45698,39.42,54.4041704451077,1.1727060548286925,2,4,2,100,40.81,38.02,0.0,0.0,0.0,0.0,0.0,0.0
2333,46456,65.98,59.057225464386384,1.191995866055519,6,8,2,100,73.68,58.29,0.0,0.0,0.0,0.0,0.0,0.0
2334,43030,45.48,54.60960261629525,1.0700648658788696,2,10,2,100,44.81,46.15,0.0,0.0,0.0,0.0,0.0,0.0
2335,45698,41.71,56.58763575326725,1.1621540349582915,2,4,2,100,42.57,40.85,0.0,0.0,0.0,0.0,0.0,0.0
2336,46859,59.56,61.2157526014457,1.04551215513351,6,7,2,100,57.87,61.26,0.0,0.0,0.0,0.0,0.0,0.0
2337,43181,51.42,50.49677137624377,1.1758807381811534,1,8,2,100,58.69,44.14,0.0,0.0,0.0,0.0,0.0,0.0
2338,62023,42.72,49.57624339081264,1.194033101424664,7,4,2,100,37.88,47.56,0.0,0.0,0.0,0.0,0.0,0.0
2339,46456,26.22,59.44291750589249,1.0975683249545132,6,8,2,100,27.37,25.08,0.0,0.0,0.0,0.0,0.0,0.0
2340,43685,68.21,56.58644378576311,1.1896699336921857,3,10,2,100,62.85,73.57,0.0,0.0,0.0,0.0,0.0,0.0
2341,44894,61.54,56.04770151002368,1.1812594511804335,3,7,2,100,59.53,63.55,0.0,0.0,0.0,0.0,0.0,0.0
2342,44743,45.66,60.56888939873686,1.1620638943357329,4,9,2,100,39.17,52.15,0.0,0.0,0.0,0.0,0.0,0.0
2343,46859,69.26,58.95437271177152,1.1586158925552863,6,7,2,100,65.8,72.73,0.0,0.0,0.0,0.0,0.0,0.0
2344,41532,78.34,53.89200611711572,1.1635247283140897,0,6,2,100,73.23,83.44,0.0,0.0,0.0,0.0,0.0,0.0
2345,47462,53.2,54.45689007032011,1.2038428363420983,6,6,2,100,49.49,56.9,0.0,0.0,0.0,0.0,0.0,0.0
2346,48511,56.08,55.27908522138632,1.1839328309219808,4,3,2,100,61.58,50.59,0.0,0.0,0.0,0.0,0.0,0.0
2347,44239,50.32,56.17091286020848,1.2465244661249395,2,7,2,100,50.44,50.19,0.0,0.0,0.0,0.0,0.0,0.0
2348,49515,77.06,52.3898264551431,1.2287753486830582,6,5,2,100,79.11,75.02,0.0,0.0,0.0,0.0,0.0,0.0
2349,45297,81.08,51.81451897587556,1.1746700636385896,3,6,2,100,85.48,76.67,0.0,0.0,0.0,0.0,0.0,0.0
2350,45952,85.52,50.66501287577194,1.219663731820041,4,6,2,100,87.05,83.98,0.0,0.0,0.0,0.0,0.0,0.0
2351,45952,99.17,55.25368238982996,1.1838198339860255,4,6,2,100,98.34,100.0,0.0,0.0,0.0,0.0,0.0,0.0
2352,45549,78.72,55.10074566875603,1.1810948733088211,4,7,2,100,75.33,82.12,0.0,0.0,0.0,0.0,0.0,0.0
2353,47208,96.65,56.019565453566855,1.243682283677403,4,4,2,100,95.19,98.11,0.0,0.0,0.0,0.0,0.0,0.0
2354,44340,54.6,57.490271868534535,1.1423794497869504,4,10,2,100,51.99,57.2,0.0,0.0,0.0,0.0,0.0,0.0
2355,46053,63.42,56.31006547913378,1.2257634049043835,6,9,2,100,61.2,65.65,0.0,0.0,0.0,0.0,0.0,0.0
2356,44995,82.87,55.81130200845086,1.1644738030596395,5,10,2,100,90.72,75.02,0.0,0.0,0.0,0.0,0.0,0.0
2357,46859,84.57,53.29824294204697,1.2288958357278867,6,7,2,100,83.63,85.52,0.0,0.0,0.0,0.0,0.0,0.0
2358,45698,55.87,55.3849545554714,1.2331691380266228,2,4,2,100,60.36,51.38,0.0,0.0,0.0,0.0,0.0,0.0
2359,39517,51.44,59.290608303419646,1.1008036575407256,0,11,2,100,55.04,47.84,0.0,0.0,0.0,0.0,0.0,0.0
2360,44642,70.38,55.26990895692854,1.1723937548021073,2,6,2,100,72.42,68.33,0.0,0.0,0.0,0.0,0.0,0.0
2361,43534,81.44,57.92666581883878,1.1801273575759286,4,12,2,100,77.55,85.32,0.0,0.0,0.0,0.0,0.0,0.0
2362,44239,43.07,55.26390828993166,1.153125988082549,2,7,2,100,46.8,39.34,0.0,0.0,0.0,0.0,0.0,0.0
2363,49515,30.52,52.7977497092064,1.1678200344537728,6,5,2,100,33.39,27.64,0.0,0.0,0.0,0.0,0.0,0.0
2364,45297,77.76,58.005803805240575,1.1520389059790184,3,6,2,100,86.48,69.04,0.0,0.0,0.0,0.0,0.0,0.0
2365,39517,99.28,54.798324111441325,1.227442070720881,0,11,2,100,98.55,100.0,0.0,0.0,0.0,0.0,0.0,0.0
2366,73028,61.57,52.97171791980298,1.245075250505579,8,4,2,100,68.32,54.82,0.0,0.0,0.0,0.0,0.0,0.0
2367,41532,69.22,52.68105800312195,1.172797055420083,0,6,2,100,70.33,68.1,0.0,0.0,0.0,0.0,0.0,0.0
2368,45549,96.98,57.2025597714754,1.2028830990282435,4,7,2,100,95.68,98.28,0.0,0.0,0.0,0.0,0.0,0.0
2369,45650,97.22,57.26187885087807,1.1709740845246526,6,10,2,100,99.41,95.04,0.0,0.0,0.0,0.0,0.0,0.0
2370,42476,99.04,57.355839773231104,1.275893199049039,3,13,2,100,98.07,100.0,0.0,0.0,0.0,0.0,0.0,0.0
2371,43030,87.82,57.338671793688064,1.198535416456198,2,10,2,100,90.11,85.52,0.0,0.0,0.0,0.0,0.0,0.0
2372,54018,48.04,58.93764634995842,1.172579694047957,6,4,2,100,46.35,49.73,0.0,0.0,0.0,0.0,0.0,0.0
2373,45549,70.21,53.84433169791927,1.2161240604527164,4,7,2,100,79.61,60.81,0.0,0.0,0.0,0.0,0.0,0.0
2374,54776,89.45,53.8126299804278,1.145317965397875,10,8,2,100,89.23,89.67,0.0,0.0,0.0,0.0,0.0,0.0
2375,43181,57.6,57.17955275199969,1.1376896671590189,1,8,2,100,60.61,54.58,0.0,0.0,0.0,0.0,0.0,0.0
2376,123541,73.12,57.35179189129224,1.2072785814858094,10,3,2,100,76.44,69.81,0.0,0.0,0.0,0.0,0.0,0.0
2377,46053,57.18,57.72641624927885,1.1932438074347598,6,9,2,100,59.94,54.42,0.0,0.0,0.0,0.0,0.0,0.0
2378,46855,60.67,58.3244144062696,1.1778974920672531,4,5,2,100,66.59,54.75,0.0,0.0,0.0,0.0,0.0,0.0
2379,45545,26.6,59.82362422936086,1.168363002400573,2,5,2,100,26.03,27.17,0.0,0.0,0.0,0.0,0.0,0.0
2380,45096,73.72,57.49246057102086,1.1860079762122495,7,13,2,100,72.02,75.43,0.0,0.0,0.0,0.0,0.0,0.0
2381,54018,90.22,52.83760000269013,1.1248146426983838,6,4,2,100,91.67,88.78,0.0,0.0,0.0,0.0,0.0,0.0
2382,49515,59.44,61.57510214886539,1.1726936696308687,6,5,2,100,62.19,56.68,0.0,0.0,0.0,0.0,0.0,0.0
2383,40209,91.26,56.41422356021255,1.1257590562000024,2,17,2,100,85.18,97.33,0.0,0.0,0.0,0.0,0.0,0.0
2384,145542,92.67,53.38786894606032,1.1294222431175822,9,1,2,100,100.0,85.34,0.0,0.0,0.0,0.0,0.0,0.0
2385,49515,56.4,57.7916347498566,1.017900289795292,6,5,2,100,57.67,55.13,0.0,0.0,0.0,0.0,0.0,0.0
2386,45146,91.38,53.03246565082697,1.1789538721803672,4,8,2,100,82.76,100.0,0.0,0.0,0.0,0.0,0.0,0.0
2387,62277,59.28,52.377289442893776,1.231798041109337,9,6,2,100,57.92,60.65,0.0,0.0,0.0,0.0,0.0,0.0
2388,43433,55.33,53.826071295813655,1.1703643148348015,2,9,2,100,53.87,56.79,0.0,0.0,0.0,0.0,0.0,0.0
2389,61521,35.89,57.54694982056772,1.1951676022128566,6,3,2,100,36.55,35.24,0.0,0.0,0.0,0.0,0.0,0.0
2390,44340,93.37,59.23968626184541,1.169864641062218,4,10,2,100,98.78,87.96,0.0,0.0,0.0,0.0,0.0,0.0
2391,45146,42.74,57.63890400379748,1.201597697522513,4,8,2,100,46.85,38.64,0.0,0.0,0.0,0.0,0.0,0.0
2392,44239,47.43,56.46972979279102,1.0975365179017018,2,7,2,100,47.04,47.82,0.0,0.0,0.0,0.0,0.0,0.0
2393,62525,59.9,53.61395558219077,1.1739055700808396,8,5,2,100,54.9,64.91,0.0,0.0,0.0,0.0,0.0,0.0
2394,43181,64.33,53.06625992415208,1.2330629672139846,1,8,2,100,65.66,63.0,0.0,0.0,0.0,0.0,0.0,0.0
2395,46859,88.52,58.88295645733022,1.1155917845809808,6,7,2,100,88.11,88.94,0.0,0.0,0.0,0.0,0.0,0.0
2396,42588,83.66,58.29469845104629,1.206308577665188,0,4,2,100,74.39,92.92,0.0,0.0,0.0,0.0,0.0,0.0
2397,54018,33.67,51.34233921808008,1.1605351847692862,6,4,2,100,28.22,39.12,0.0,0.0,0.0,0.0,0.0,0.0
2398,85527,83.92,55.93515436620661,1.1190514812546932,6,1,2,100,83.13,84.71,0.0,0.0,0.0,0.0,0.0,0.0
2399,44642,47.2,58.31531771211713,1.1160400714794716,2,6,2,100,41.87,52.53,0.0,0.0,0.0,0.0,0.0,0.0
2400,47462,68.89,51.73595613095309,1.1609713241854256,6,6,2,100,69.5,68.28,0.0,0.0,0.0,0.0,0.0,0.0
2401,43433,53.64,52.03924132728744,1.151400599803707,2,9,2,100,55.87,51.42,0.0,0.0,0.0,0.0,0.0,0.0
2402,54524,92.5,55.11098289718956,1.1463986841910276,9,7,2,100,100.0,84.99,0.0,0.0,0.0,0.0,0.0,0.0
2403,46607,61.2,62.447904695544565,1.2107763183587628,5,6,2,100,60.3,62.1,0.0,0.0,0.0,0.0,0.0,0.0
2404,44844,65.72,57.79699475103658,1.151905968183423,6,12,2,100,63.8,67.65,0.0,0.0,0.0,0.0,0.0,0.0
2405,54018,43.17,53.72415860357893,1.0784668507205788,6,4,2,100,45.54,40.8,0.0,0.0,0.0,0.0,0.0,0.0
2406,45851,74.58,59.271976240627886,1.1584300002047687,2,3,2,100,76.77,72.39,0.0,0.0,0.0,0.0,0.0,0.0
2407,43987,40.14,59.731774656328255,1.224829179058926,1,6,2,100,41.29,38.98,0.0,0.0,0.0,0.0,0.0,0.0
2408,47462,89.97,56.67254635552771,1.1433056959737642,6,6,2,100,95.82,84.12,0.0,0.0,0.0,0.0,0.0,0.0
2409,47462,76.18,54.09461148973529,1.1550602680844837,6,6,2,100,77.31,75.06,0.0,0.0,0.0,0.0,0.0,0.0
2410,73028,34.86,55.90511456684276,1.0857817776717071,8,4,2,100,38.63,31.1,0.0,0.0,0.0,0.0,0.0,0.0
2411,44239,79.19,62.68886498570711,1.2347786535636769,2,7,2,100,78.61,79.77,0.0,0.0,0.0,0.0,0.0,0.0
2412,45549,100.0,55.36612365290689,1.253379609880443,4,7,2,100,100.0,100.0,0.0,0.0,0.0,0.0,0.0,0.0
2413,49515,89.87,54.42926499127159,1.2040994417915551,6,5,2,100,92.15,87.59,0.0,0.0,0.0,0.0,0.0,0.0
2414,46855,77.72,54.93906762778723,1.1938329450361331,4,5,2,100,82.19,73.26,0.0,0.0,0.0,0.0,0.0,0.0
2415,53516,61.12,55.94470386623948,1.3045131860262622,5,3,2,100,53.19,69.04,0.0,0.0,0.0,0.0,0.0,0.0
2416,45297,94.51,54.31071882781323,1.237208995452833,3,6,2,100,100.0,89.02,0.0,0.0,0.0,0.0,0.0,0.0
2417,45146,58.36,56.76086547079816,1.129541132859171,4,8,2,100,58.49,58.23,0.0,0.0,0.0,0.0,0.0,0.0
2418,47462,33.38,61.668290149183086,1.116449074400261,6,6,2,100,33.36,33.4,0.0,0.0,0.0,0.0,0.0,0.0
2419,42224,59.62,52.85133595349629,1.2224421394612093,2,12,2,100,61.48,57.77,0.0,0.0,0.0,0.0,0.0,0.0
2420,147040,23.32,55.62581003258165,1.1293832496243563,8,0,2,100,22.43,24.21,0.0,0.0,0.0,0.0,0.0,0.0
2421,47966,36.39,54.15070740572532,1.204638683853646,8,8,2,100,38.84,33.94,0.0,0.0,0.0,0.0,0.0,0.0
2422,47462,88.18,55.12950738002376,1.2406787490494928,6,6,2,100,92.75,83.61,0.0,0.0,0.0,0.0,0.0,0.0
2423,62529,50.06,52.84677222132609,1.3007121632023653,10,7,2,100,46.76,53.36,0.0,0.0,0.0,0.0,0.0,0.0
2424,44340,41.99,56.5725476616483,1.1530309539555403,4,10,2,100,47.59,36.39,0.0,0.0,0.0,0.0,0.0,0.0
2425,42588,57.08,56.80384664724424,1.1576563133232889,0,4,2,100,56.92,57.23,0.0,0.0,0.0,0.0,0.0,0.0
2426,54018,43.1,58.50026384203965,1.2271705580856291,6,4,2,100,41.22,44.97,0.0,0.0,0.0,0.0,0.0,0.0
2427,47208,35.33,59.22383584271577,1.084761730218352,4,4,2,100,39.62,31.03,0.0,0.0,0.0,0.0,0.0,0.0
2428,53014,53.39,59.87789907206104,1.1327660813433384,4,2,2,100,51.55,55.23,0.0,0.0,0.0,0.0,0.0,0.0
2429,43534,44.62,54.76489532486398,1.0921513005143906,4,12,2,100,46.26,42.98,0.0,0.0,0.0,0.0,0.0,0.0
2430,44239,71.12,59.15158579323444,1.145284572141419,2,7,2,100,76.36,65.89,0.0,0.0,0.0,0.0,0.0,0.0
2431,43987,68.51,56.0362140592173,1.2294170487448786,1,6,2,100,70.99,66.03,0.0,0.0,0.0,0.0,0.0,0.0
2432,49515,78.58,54.11139370804885,1.1925492123191723,6,5,2,100,75.68,81.48,0.0,0.0,0.0,0.0,0.0,0.0
2433,42627,86.36,56.89250223669233,1.183783598342813,2,11,2,100,79.65,93.06,0.0,0.0,0.0,0.0,0.0,0.0
2434,49013,76.79,56.19179776462886,1.1927360023536673,5,4,2,100,68.65,84.93,0.0,0.0,0.0,0.0,0.0,0.0
2435,39114,100.0,59.68823101353582,1.2644251610317612,0,12,2,100,100.0,100.0,0.0,0.0,0.0,0.0,0.0,0.0
2436,62525,74.84,56.230141547552016,1.1692177226658311,8,5,2,100,71.38,78.29,0.0,0.0,0.0,0.0,0.0,0.0
2437,46204,80.88,56.67886167425639,1.1273614388769515,2,2,2,100,84.77,77.0,0.0,0.0,0.0,0.0,0.0,0.0
2438,49519,85.94,58.04865593308561,1.1386778775322737,8,7,2,100,82.84,89.05,0.0,0.0,0.0,0.0,0.0,0.0
2439,72024,80.3,56.28067329469742,1.176116941847625,6,2,2,100,76.26,84.34,0.0,0.0,0.0,0.0,0.0,0.0
2440,46859,69.6,53.122337367020094,1.1336636567583926,6,7,2,100,68.4,70.81,0.0,0.0,0.0,0.0,0.0,0.0
2441,46305,67.62,55.802688508409375,1.2116475431113891,7,10,2,100,68.79,66.44,0.0,0.0,0.0,0.0,0.0,0.0
2442,42588,92.1,55.650364232146046,1.170025924776234,0,4,2,100,91.53,92.66,0.0,0.0,0.0,0.0,0.0,0.0
2443,44088,54.23,55.51787202353968,1.1951069774288898,3,9,2,100,51.94,56.52,0.0,0.0,0.0,0.0,0.0,0.0
2444,62525,73.71,58.72442934586434,1.1811021330790283,8,5,2,100,77.76,69.65,0.0,0.0,0.0,0.0,0.0,0.0
2445,54272,41.41,56.44613798358757,1.1432733655064236,8,6,2,100,39.39,43.43,0.0,0.0,0.0,0.0,0.0,0.0
2446,61521,54.34,57.25130120630313,1.187600988268322,6,3,2,100,51.23,57.46,0.0,0.0,0.0,0.0,0.0,0.0
2447,45801,62.04,55.3724279513149,1.2445433108268706,5,8,2,100,61.49,62.58,0.0,0.0,0.0,0.0,0.0,0.0
2448,73028,90.87,49.7432731688034,1.149115794091855,8,4,2,100,81.74,100.0,0.0,0.0,0.0,0.0,0.0,0.0
2449,104030,46.99,55.11165976763687,1.159800745954822,6,0,2,100,42.31,51.67,0.0,0.0,0.0,0.0,0.0,0.0
2450,49515,62.24,56.24578800553365,1.1582779245663823,6,5,2,100,65.43,59.05,0.0,0.0,0.0,0.0,0.0,0.0
2451,46053,90.2,53.80415392742995,1.2371757728272297,6,9,2,100,80.39,100.0,0.0,0.0,0.0,0.0,0.0,0.0
2452,46855,35.6,52.66749362658999,1.1769131600337686,4,5,2,100,34.91,36.28,0.0,0.0,0.0,0.0,0.0,0.0
2453,46855,80.6,57.16797542985321,1.1567926392926584,4,5,2,100,75.27,85.92,0.0,0.0,0.0,0.0,0.0,0.0
2454,45698,71.51,51.66510416718232,1.2445414715592031,2,4,2,100,71.9,71.12,0.0,0.0,0.0,0.0,0.0,0.0
2455,87033,54.27,60.19201026289463,1.124873435082691,9,4,2,100,58.7,49.84,0.0,0.0,0.0,0.0,0.0,0.0
2456,42894,73.87,54.78338089574881,1.161860434694926,0,2,2,100,69.06,78.68,0.0,0.0,0.0,0.0,0.0,0.0
2457,45952,68.14,58.4816360040671,1.1767905884989698,4,6,2,100,66.79,69.49,0.0,0.0,0.0,0.0,0.0,0.0
2458,45952,49.6,49.315627242635465,1.167201596022443,4,6,2,100,48.44,50.75,0.0,0.0,0.0,0.0,0.0,0.0
2459,49267,27.57,53.79230738359792,1.2116764935434434,7,6,2,100,28.31,26.83,0.0,0.0,0.0,0.0,0.0,0.0
2460,85527,45.02,59.529881092964025,1.1366990756108997,6,1,2,100,40.27,49.76,0.0,0.0,0.0,0.0,0.0,0.0
2461,49515,69.31,56.30848545837214,1.2333833999899653,6,5,2,100,72.56,66.06,0.0,0.0,0.0,0.0,0.0,0.0
2462,47710,83.37,53.878070029057554,1.1490328585780225,5,5,2,100,89.41,77.33,0.0,0.0,0.0,0.0,0.0,0.0
2463,46053,42.74,55.91817932139995,1.1807608945646608,6,9,2,100,44.51,40.96,0.0,0.0,0.0,0.0,0.0,0.0
2464,61521,85.9,59.0208343828967,1.1774401639101433,6,3,2,100,77.37,94.42,0.0,0.0,0.0,0.0,0.0,0.0
2465,62529,67.9,56.431557203632345,1.0781256783270343,10,7,2,100,76.59,59.22,0.0,0.0,0.0,0.0,0.0,0.0
2466,47462,34.38,58.66532032299469,1.1711597081500902,6,6,2,100,28.85,39.9,0.0,0.0,0.0,0.0,0.0,0.0
2467,47462,60.28,53.46046738544925,1.1341102608922005,6,6,2,100,62.51,58.05,0.0,0.0,0.0,0.0,0.0,0.0
2468,44491,58.29,57.008604709496254,1.2254407049517289,3,8,2,100,56.42,60.16,0.0,0.0,0.0,0.0,0.0,0.0
2469,53014,58.02,61.51537911544199,1.207087419870562,4,2,2,100,57.39,58.65,0.0,0.0,0.0,0.0,0.0,0.0
2470,45549,55.1,60.49318064310946,1.1532060279668088,4,7,2,100,50.57,59.62,0.0,0.0,0.0,0.0,0.0,0.0
2471,45545,88.36,52.43779137547083,1.1805978827688344,2,5,2,100,84.46,92.27,0.0,0.0,0.0,0.0,0.0,0.0
2472,44743,67.88,59.52928280422389,1.1629060011804555,4,9,2,100,70.74,65.01,0.0,0.0,0.0,0.0,0.0,0.0
2473,146044,66.32,56.02823538708099,1.1705428742166173,10,2,2,100,60.87,71.76,0.0,0.0,0.0,0.0,0.0,0.0
2474,47111,52.86,59.92686235069921,1.1248621566276875,7,8,2,100,54.5,51.23,0.0,0.0,0.0,0.0,0.0,0.0
2475,49013,53.36,55.29446244655277,1.1306114385520791,5,4,2,100,56.68,50.03,0.0,0.0,0.0,0.0,0.0,0.0
2476,47462,77.12,56.48045116533104,1.2229687624967416,6,6,2,100,84.18,70.06,0.0,0.0,0.0,0.0,0.0,0.0
2477,46204,68.51,54.78731126016952,1.1923465147517025,5,7,2,100,76.99,60.03,0.0,0.0,0.0,0.0,0.0,0.0
2478,86531,59.84,53.26813431475024,1.1881805112414068,8,3,2,100,58.12,61.56,0.0,0.0,0.0,0.0,0.0,0.0
2479,45297,75.24,53.40856757464537,1.1037104348185136,3,6,2,100,68.93,81.54,0.0,0.0,0.0,0.0,0.0,0.0
2480,49515,89.0,53.668121303011866,1.1493815955410078,6,5,2,100,93.85,84.16,0.0,0.0,0.0,0.0,0.0,0.0
2481,54018,92.54,57.303400831107176,1.132916295951611,6,4,2,100,85.07,100.0,0.0,0.0,0.0,0.0,0.0,0.0
2482,47111,94.0,58.289272950798086,1.1982263085064406,7,8,2,100,97.03,90.98,0.0,0.0,0.0,0.0,0.0,0.0
2483,45698,61.4,54.0907296954263,1.2185687750271388,2,4,2,100,61.64,61.16,0.0,0.0,0.0,0.0,0.0,0.0
2484,39920,39.17,57.76660961281516,1.207305254791908,0,10,2,100,42.38,35.95,0.0,0.0,0.0,0.0,0.0,0.0
2485,47208,62.6,59.13444375307223,1.2194301778575334,4,4,2,100,58.11,67.1,0.0,0.0,0.0,0.0,0.0,0.0
2486,103536,100.0,54.795944032768766,1.123036709881062,9,3,2,100,100.0,100.0,0.0,0.0,0.0,0.0,0.0,0.0
2487,45650,35.36,52.34335930377574,1.1831662443561533,6,10,2,100,39.89,30.83,0.0,0.0,0.0,0.0,0.0,0.0
2488,61019,100.0,57.462957403141246,1.2010838060160578,5,2,2,100,100.0,100.0,0.0,0.0,0.0,0.0,0.0,0.0
2489,49515,41.28,60.70616205935603,1.150114616262948,6,5,2,100,42.17,40.4,0.0,0.0,0.0,0.0,0.0,0.0
2490,45952,61.34,57.919809053007256,1.1962599656368675,4,6,2,100,54.63,68.04,0.0,0.0,0.0,0.0,0.0,0.0
2491,54018,78.83,54.52961454679357,1.166108873286937,6,4,2,100,86.2,71.46,0.0,0.0,0.0,0.0,0.0,0.0
2492,46204,72.18,54.80146234827065,1.1171003233247625,5,7,2,100,75.36,69.01,0.0,0.0,0.0,0.0,0.0,0.0
2493,47462,51.61,52.12189674659218,1.100893811275926,6,6,2,100,49.68,53.54,0.0,0.0,0.0,0.0,0.0,0.0
2494,39920,84.93,55.1193144675196,1.1584173943463607,0,10,2,100,80.9,88.95,0.0,0.0,0.0,0.0,0.0,0.0
2495,45952,43.9,56.64435998400333,1.1243962928865163,4,6,2,100,43.45,44.34,0.0,0.0,0.0,0.0,0.0,0.0
2496,46353,98.39,55.88266855904983,1.159046864949863,3,4,2,100,96.78,100.0,0.0,0.0,0.0,0.0,0.0,0.0
2497,48511,90.53,53.746301212334586,1.1726881089297343,4,3,2,100,87.14,93.92,0.0,0.0,0.0,0.0,0.0,0.0
2498,43937,89.14,66.42442612172609,1.0813763103340086,4,11,2,100,88.18,90.1,0.0,0.0,0.0,0.0,0.0,0.0
2499,47966,40.38,56.2110539603024,1.1379568644137674,8,8,2,100,38.86,41.9,0.0,0.0,0.0,0.0,0.0,0.0
2500,41129,63.14,55.48147323053991,1.192556681149186,0,7,2,100,68.93,57.36,0.0,0.0,0.0,0.0,0.0,0.0
2501,44642,74.72,54.23646845653263,1.167894215467936,2,6,2,100,69.8,79.65,0.0,0.0,0.0,0.0,0.0,0.0
2502,46855,86.85,56.467973954343655,1.2090434253688578,4,5,2,100,81.73,91.97,0.0,0.0,0.0,0.0,0.0,0.0
2503,60517,44.53,57.8859733011063,1.2100721107704169,4,1,2,100,40.88,48.18,0.0,0.0,0.0,0.0,0.0,0.0
2504,47714,50.8,54.29992897508849,1.260750163012052,7,7,2,100,50.85,50.75,0.0,0.0,0.0,0.0,0.0,0.0
2505,49267,91.0,56.84414441624082,1.1569884563606057,7,6,2,100,94.13,87.88,0.0,0.0,0.0,0.0,0.0,0.0
2506,43433,45.11,57.84293884636684,1.1691322957579622,2,9,2,100,44.55,45.68,0.0,0.0,0.0,0.0,0.0,0.0
2507,47208,54.1,57.75860759191034,1.1449538670877588,4,4,2,100,47.51,60.69,0.0,0.0,0.0,0.0,0.0,0.0
2508,45297,56.14,56.292291766119526,1.1715777988363172,3,6,2,100,59.43,52.84,0.0,0.0,0.0,0.0,0.0,0.0
2509,73028,85.73,58.157187789555,1.153818133339961,8,4,2,100,90.13,81.33,0.0,0.0,0.0,0.0,0.0,0.0
2510,49013,67.48,55.62432841884603,1.1762360784135433,5,4,2,100,68.85,66.11,0.0,0.0,0.0,0.0,0.0,0.0
2511,44642,29.04,54.69078764593199,1.156490580606411,2,6,2,100,29.24,28.84,0.0,0.0,0.0,0.0,0.0,0.0
2512,47462,27.58,59.79527978864672,1.177988252712711,6,6,2,100,29.72,25.44,0.0,0.0,0.0,0.0,0.0,0.0
2513,47111,63.82,53.789879875231726,1.1312521464360863,7,8,2,100,62.86,64.77,0.0,0.0,0.0,0.0,0.0,0.0
2514,47710,90.12,50.532609703072254,1.1386206956798484,5,5,2,100,100.0,80.23,0.0,0.0,0.0,0.0,0.0,0.0
2515,46456,71.9,58.84634678859842,1.2492184138751343,6,8,2,100,80.04,63.77,0.0,0.0,0.0,0.0,0.0,0.0
2516,40323,57.8,54.47262179366271,1.1492494500376829,0,9,2,100,59.81,55.78,0.0,0.0,0.0,0.0,0.0,0.0
2517,49013,81.39,54.47364466181091,1.1370840483333071,5,4,2,100,80.49,82.29,0.0,0.0,0.0,0.0,0.0,0.0
2518,87025,84.48,60.02609440993358,1.1395827945694357,5,0,2,100,87.52,81.44,0.0,0.0,0.0,0.0,0.0,0.0
2519,45146,60.48,58.052239381335085,1.283064957152067,4,8,2,100,57.28,63.69,0.0,0.0,0.0,0.0,0.0,0.0
2520,54520,92.44,55.64106394142133,1.0732628565618303,7,5,2,100,100.0,84.89,0.0,0.0,0.0,0.0,0.0,0.0
2521,62525,89.42,48.897288238694095,1.0914169708838104,8,5,2,100,99.1,79.73,0.0,0.0,0.0,0.0,0.0,0.0
2522,104030,62.79,52.71989006756127,1.2035018320772275,6,0,2,100,66.62,58.96,0.0,0.0,0.0,0.0,0.0,0.0
2523,43685,64.2,61.2687709564523,1.1567976781019282,3,10,2,100,56.46,71.93,0.0,0.0,0.0,0.0,0.0,0.0
2524,54018,61.18,51.46691354014612,1.0914188782479988,6,4,2,100,60.54,61.83,0.0,0.0,0.0,0.0,0.0,0.0
2525,44491,36.47,53.65747137921559,1.1689973686612398,3,8,2,100,37.44,35.49,0.0,0.0,0.0,0.0,0.0,0.0
2526,46200,92.42,52.05469295397272,1.159415662895675,3,5,2,100,86.55,98.28,0.0,0.0,0.0,0.0,0.0,0.0
2527,103536,82.62,58.96601374566363,1.1312334271477154,9,3,2,100,79.42,85.83,0.0,0.0,0.0,0.0,0.0,0.0
2528,45650,66.56,54.78083532497247,1.12051136643974,6,10,2,100,60.03,73.1,0.0,0.0,0.0,0.0,0.0,0.0
2529,49515,61.62,57.31891797518603,1.1334485656372482,6,5,2,100,60.09,63.16,0.0,0.0,0.0,0.0,0.0,0.0
2530,87535,37.56,57.96874040240131,1.1366838956499752,10,5,2,100,35.94,39.19,0.0,0.0,0.0,0.0,0.0,0.0
2531,46456,49.96,51.82869138732492,1.2335358712826672,6,8,2,100,48.77,51.14,0.0,0.0,0.0,0.0,0.0,0.0
2532,45952,62.14,57.6735375930944,1.1045618700835185,4,6,2,100,57.49,66.8,0.0,0.0,0.0,0.0,0.0,0.0
2533,45952,41.84,59.292019368041686,1.1216518502291664,4,6,2,100,40.6,43.09,0.0,0.0,0.0,0.0,0.0,0.0
2534,104038,94.4,57.521568899416295,1.1491991998335265,10,4,2,100,90.61,98.19,0.0,0.0,0.0,0.0,0.0,0.0
2535,46960,86.36,57.2313917447538,1.181857757275952,8,10,2,100,90.0,82.72,0.0,0.0,0.0,0.0,0.0,0.0
2536,47208,64.7,55.86429099288645,1.209416767895581,4,4,2,100,67.78,61.62,0.0,0.0,0.0,0.0,0.0,0.0
2537,123541,57.49,61.64266209925667,1.1641399383089492,10,3,2,100,55.94,59.04,0.0,0.0,0.0,0.0,0.0,0.0
2538,44995,62.96,53.0940242259618,1.1227866093036964,5,10,2,100,63.43,62.5,0.0,0.0,0.0,0.0,0.0,0.0
2539,47111,95.5,59.97489758935771,1.2006998941223506,7,8,2,100,91.01,100.0,0.0,0.0,0.0,0.0,0.0,0.0
2540,54272,55.16,54.90700265194697,1.137635612697567,8,6,2,100,51.62,58.69,0.0,0.0,0.0,0.0,0.0,0.0
2541,62525,86.79,55.27064513213563,1.1492359583614091,8,5,2,100,83.19,90.39,0.0,0.0,0.0,0.0,0.0,0.0
2542,73028,76.59,53.83994465427259,1.1037316751276491,8,4,2,100,76.89,76.28,0.0,0.0,0.0,0.0,0.0,0.0
2543,60517,74.5,55.005046489165984,1.1680984284158973,4,1,2,100,77.94,71.07,0.0,0.0,0.0,0.0,0.0,0.0
2544,62525,64.04,57.36629351511195,1.114501141080238,8,5,2,100,69.14,58.93,0.0,0.0,0.0,0.0,0.0,0.0
2545,43030,59.22,50.92973038659829,1.118206973857124,2,10,2,100,55.77,62.66,0.0,0.0,0.0,0.0,0.0,0.0
2546,46859,100.0,58.73446942684772,1.2617592120601206,6,7,2,100,100.0,100.0,0.0,0.0,0.0,0.0,0.0,0.0
2547,49515,74.13,56.809356013782704,1.2130937387375584,6,5,2,100,75.61,72.66,0.0,0.0,0.0,0.0,0.0,0.0
2548,86531,27.3,54.73441221288508,1.187057516758093,8,3,2,100,29.2,25.39,0.0,0.0,0.0,0.0,0.0,0.0
2549,62023,67.68,60.63785406846184,1.167663356065921,7,4,2,100,63.28,72.08,0.0,0.0,0.0,0.0,0.0,0.0
2550,73028,67.93,52.84569652071383,1.1423992019151308,8,4,2,100,72.85,63.01,0.0,0.0,0.0,0.0,0.0,0.0
2551,54018,36.02,51.945889756977614,1.1653823751560843,6,4,2,100,36.15,35.89,0.0,0.0,0.0,0.0,0.0,0.0
2552,47462,87.48,55.89520202672772,1.2036136349339068,6,6,2,100,84.9,90.07,0.0,0.0,0.0,0.0,0.0,0.0
2553,85527,35.52,59.231351920488365,1.204919137860629,6,1,2,100,33.15,37.88,0.0,0.0,0.0,0.0,0.0,0.0
2554,45650,61.28,56.95404768631647,1.1406306494938576,6,10,2,100,63.1,59.46,0.0,0.0,0.0,0.0,0.0,0.0
2555,104038,91.12,55.2180629258145,1.1135035741210784,10,4,2,100,97.32,84.91,0.0,0.0,0.0,0.0,0.0,0.0
2556,49515,43.93,55.89256249253689,1.092144619769997,6,5,2,100,45.06,42.8,0.0,0.0,0.0,0.0,0.0,0.0
2557,48511,95.98,53.7667672931868,1.2023274422403245,4,3,2,100,100.0,91.97,0.0,0.0,0.0,0.0,0.0,0.0
2558,49267,58.64,56.8389309204076,1.1647312315643172,7,6,2,100,55.62,61.67,0.0,0.0,0.0,0.0,0.0,0.0
2559,47966,93.78,53.615215573831335,1.110203460614576,8,8,2,100,89.79,97.77,0.0,0.0,0.0,0.0,0.0,0.0
2560,53014,73.92,59.222067125667785,1.2157055276580149,4,2,2,100,72.96,74.88,0.0,0.0,0.0,0.0,0.0,0.0
2561,47462,100.0,57.74671892948479,1.2131317178849177,6,6,2,100,100.0,100.0,0.0,0.0,0.0,0.0,0.0,0.0
2562,147048,95.06,56.4039575664571,1.0963240598247623,12,4,2,100,100.0,90.13,0.0,0.0,0.0,0.0,0.0,0.0
2563,46607,41.62,60.29873796504586,1.1430442822251206,5,6,2,100,44.52,38.71,0.0,0.0,0.0,0.0,0.0,0.0
2564,44894,61.38,57.6383537520821,1.2019154598565234,3,7,2,100,66.69,56.06,0.0,0.0,0.0,0.0,0.0,0.0
2565,48218,73.34,65.96253456486043,1.2231364123204729,9,9,2,100,70.54,76.15,0.0,0.0,0.0,0.0,0.0,0.0
2566,61521,81.78,52.96498186829466,1.1337555108167865,6,3,2,100,77.33,86.22,0.0,0.0,0.0,0.0,0.0,0.0
2567,54272,51.16,50.484919484786055,1.2099235513424025,8,6,2,100,54.92,47.4,0.0,0.0,0.0,0.0,0.0,0.0
2568,86029,50.6,55.05776917647462,1.260393020717801,7,2,2,100,48.2,53.01,0.0,0.0,0.0,0.0,0.0,0.0
2569,54520,58.02,54.10158248453342,1.1882384034276432,7,5,2,100,56.19,59.84,0.0,0.0,0.0,0.0,0.0,0.0
2570,54018,70.71,54.1714258464467,1.2181919472549587,6,4,2,100,67.66,73.76,0.0,0.0,0.0,0.0,0.0,0.0
2571,47462,31.78,54.68295078829915,1.1251100166732149,6,6,2,100,30.99,32.57,0.0,0.0,0.0,0.0,0.0,0.0
2572,45398,77.87,55.68374484781646,1.1222899358622116,5,9,2,100,77.86,77.87,0.0,0.0,0.0,0.0,0.0,0.0
2573,86029,27.74,55.38296488077424,1.092144695564632,7,2,2,100,27.01,28.46,0.0,0.0,0.0,0.0,0.0,0.0
2574,46855,99.38,53.58201368849422,1.1895280713712135,4,5,2,100,98.76,100.0,0.0,0.0,0.0,0.0,0.0,0.0
2575,46859,74.6,54.58512391926342,1.2377472508685232,6,7,2,100,79.3,69.9,0.0,0.0,0.0,0.0,0.0,0.0
2576,62529,66.59,52.31987526524877,1.191854394768468,10,7,2,100,68.86,64.32,0.0,0.0,0.0,0.0,0.0,0.0
2577,54018,61.04,55.78683154266491,1.1552486883247852,6,4,2,100,63.3,58.77,0.0,0.0,0.0,0.0,0.0,0.0
2578,122537,45.62,56.89885645537291,1.122682148453807,8,1,2,100,47.38,43.85,0.0,0.0,0.0,0.0,0.0,0.0
2579,46607,74.07,59.4383992994296,1.1592404035376678,5,6,2,100,75.79,72.35,0.0,0.0,0.0,0.0,0.0,0.0
2580,61019,30.36,58.30144204114068,1.1965149925747958,5,2,2,100,34.79,25.92,0.0,0.0,0.0,0.0,0.0,0.0
2581,73028,84.99,57.936788050779946,1.198573278290485,8,4,2,100,77.01,92.97,0.0,0.0,0.0,0.0,0.0,0.0
2582,45545,93.58,58.37469663760518,1.206930999494224,2,5,2,100,92.84,94.31,0.0,0.0,0.0,0.0,0.0,0.0
2583,42627,98.74,58.43609630133255,1.2089012405050663,2,11,2,100,97.48,100.0,0.0,0.0,0.0,0.0,0.0,0.0
2584,104540,81.93,56.615587928629104,1.1789834858887376,11,5,2,100,84.49,79.37,0.0,0.0,0.0,0.0,0.0,0.0
2585,49519,73.37,55.7200346976722,1.1185746172537705,8,7,2,100,71.61,75.13,0.0,0.0,0.0,0.0,0.0,0.0
2586,87539,90.34,49.64913682146426,1.23714746259466,12,7,2,100,98.27,82.4,0.0,0.0,0.0,0.0,0.0,0.0
2587,46305,90.66,57.21432723681443,1.1753148147768593,7,10,2,100,88.73,92.6,0.0,0.0,0.0,0.0,0.0,0.0
2588,46859,70.98,58.11474346633835,1.1307626148153211,6,7,2,100,72.13,69.83,0.0,0.0,0.0,0.0,0.0,0.0
2589,62525,84.99,61.80512638107634,1.1353215880853285,8,5,2,100,86.54,83.44,0.0,0.0,0.0,0.0,0.0,0.0
2590,43433,86.08,58.91018523311176,1.1467678613464325,2,9,2,100,86.89,85.28,0.0,0.0,0.0,0.0,0.0,0.0
2591,47714,57.38,55.72657873094785,1.1414748895798597,7,7,2,100,56.41,58.36,0.0,0.0,0.0,0.0,0.0,0.0
2592,45549,100.0,59.77130545559246,1.1709890351943235,4,7,2,100,100.0,100.0,0.0,0.0,0.0,0.0,0.0,0.0
2593,45398,58.75,56.4811691208096,1.1293788543124612,5,9,2,100,62.13,55.37,0.0,0.0,0.0,0.0,0.0,0.0
2594,87535,73.73,59.4290295348271,1.2278907833292116,10,5,2,100,68.29,79.17,0.0,0.0,0.0,0.0,0.0,0.0
2595,73028,43.16,54.21535637000539,1.0840150396574608,8,4,2,100,38.92,47.39,0.0,0.0,0.0,0.0,0.0,0.0
2596,45146,48.22,61.70479799856966,1.1669508502554555,4,8,2,100,48.26,48.17,0.0,0.0,0.0,0.0,0.0,0.0
2597,49519,35.44,56.80329690250356,1.165556255328173,8,7,2,100,32.86,38.01,0.0,0.0,0.0,0.0,0.0,0.0
2598,73530,62.93,59.11215079345475,1.1237957700086014,9,5,2,100,57.1,68.76,0.0,0.0,0.0,0.0,0.0,0.0
2599,73028,82.2,50.43810727615535,1.0969943549628611,8,4,2,100,90.0,74.4,0.0,0.0,0.0,0.0,0.0,0.0
2600,47208,82.78,60.8655825889427,1.1743641931186104,4,4,2,100,79.31,86.25,0.0,0.0,0.0,0.0,0.0,0.0
2601,103034,43.16,54.79456773686607,1.1501049578171838,8,2,2,100,45.26,41.06,0.0,0.0,0.0,0.0,0.0,0.0
2602,46456,74.48,54.447334314919786,1.0967262285213724,6,8,2,100,70.14,78.82,0.0,0.0,0.0,0.0,0.0,0.0
2603,73282,88.6,58.448785430609966,1.2275945584112982,10,6,2,100,84.81,92.38,0.0,0.0,0.0,0.0,0.0,0.0
2604,48511,87.32,54.86237127812751,1.1397155217527912,4,3,2,100,88.66,85.97,0.0,0.0,0.0,0.0,0.0,0.0
2605,54018,58.9,61.60776161655111,1.216858841945213,6,4,2,100,51.05,66.74,0.0,0.0,0.0,0.0,0.0,0.0
2606,45952,61.38,59.76828949402197,1.2776191038825484,4,6,2,100,61.29,61.48,0.0,0.0,0.0,0.0,0.0,0.0
2607,87033,45.54,58.68642085601984,1.2214732163116289,9,4,2,100,41.26,49.83,0.0,0.0,0.0,0.0,0.0,0.0
2608,47714,74.04,59.76436975784228,1.080412536889525,7,7,2,100,80.8,67.28,0.0,0.0,0.0,0.0,0.0,0.0
2609,44642,76.78,53.18191597521697,1.2036275013594615,2,6,2,100,81.32,72.24,0.0,0.0,0.0,0.0,0.0,0.0
2610,44239,58.04,50.64663015204729,1.1716190228792225,2,7,2,100,53.17,62.92,0.0,0.0,0.0,0.0,0.0,0.0
2611,47111,36.33,55.684899545978205,1.090749117778403,7,8,2,100,35.29,37.37,0.0,0.0,0.0,0.0,0.0,0.0
2612,73028,42.68,57.62239648764504,1.1485187634970888,8,4,2,100,39.28,46.09,0.0,0.0,0.0,0.0,0.0,0.0
2613,87535,38.69,60.57351585651934,1.1848102379469048,10,5,2,100,38.95,38.43,0.0,0.0,0.0,0.0,0.0,0.0
2614,53014,58.98,54.08751971138975,1.1772831806064723,4,2,2,100,62.41,55.55,0.0,0.0,0.0,0.0,0.0,0.0
2615,53014,85.34,56.70364282747355,1.187702434878611,4,2,2,100,97.55,73.14,0.0,0.0,0.0,0.0,0.0,0.0
2616,46204,89.07,51.05655760684977,1.1767970803886536,5,7,2,100,89.74,88.41,0.0,0.0,0.0,0.0,0.0,0.0
2617,45952,93.28,52.91443149580909,1.249260731600231,4,6,2,100,97.58,88.99,0.0,0.0,0.0,0.0,0.0,0.0
2618,73282,45.75,52.91505772154253,1.1064480779600745,10,6,2,100,46.21,45.29,0.0,0.0,0.0,0.0,0.0,0.0
2619,47363,70.56,56.9472701213534,1.2035380643317228,8,9,2,100,70.83,70.3,0.0,0.0,0.0,0.0,0.0,0.0
2620,45698,35.06,57.00231161445973,1.092339473293182,2,4,2,100,30.94,39.18,0.0,0.0,0.0,0.0,0.0,0.0
2621,122537,93.73,57.97964318358534,1.115641266621715,8,1,2,100,95.11,92.35,0.0,0.0,0.0,0.0,0.0,0.0
2622,150000,90.3,57.44861550869028,1.176399776605518,12,0,2,100,89.56,91.05,0.0,0.0,0.0,0.0,0.0,0.0
2623,45297,55.8,54.19247442466322,1.1251266715714603,3,6,2,100,55.36,56.25,0.0,0.0,0.0,0.0,0.0,0.0
2624,43836,85.12,59.49753167243209,1.0721168959620533,2,8,2,100,73.79,96.44,0.0,0.0,0.0,0.0,0.0,0.0
2625,54018,63.2,53.36234622225711,1.1993394840940523,6,4,2,100,55.81,70.58,0.0,0.0,0.0,0.0,0.0,0.0
2626,150000,70.1,58.75046597800581,1.1529941419814853,10,0,2,100,69.73,70.46,0.0,0.0,0.0,0.0,0.0,0.0
2627,123541,79.55,60.59197637618957,1.1729034607409887,10,3,2,100,80.67,78.43,0.0,0.0,0.0,0.0,0.0,0.0
2628,62023,40.87,56.59095318433245,1.153280091446179,7,4,2,100,43.08,38.66,0.0,0.0,0.0,0.0,0.0,0.0
2629,49515,55.12,58.4375182934288,1.28805917756112,6,5,2,100,52.81,57.44,0.0,0.0,0.0,0.0,0.0,0.0
2630,45801,94.02,53.28843643000476,1.1206480925418456,5,8,2,100,88.04,100.0,0.0,0.0,0.0,0.0,0.0,0.0
2631,45545,59.56,52.35473019615472,1.1163526968631745,2,5,2,100,54.74,64.38,0.0,0.0,0.0,0.0,0.0,0.0
2632,46456,47.8,54.59383533071412,1.1262805746357856,6,8,2,100,48.99,46.6,0.0,0.0,0.0,0.0,0.0,0.0
2633,54272,83.48,55.988760411937015,1.04733293655974,8,6,2,100,81.26,85.69,0.0,0.0,0.0,0.0,0.0,0.0
2634,87535,42.8,55.77143003725452,1.1665319030227164,10,5,2,100,35.84,49.76,0.0,0.0,0.0,0.0,0.0,0.0
2635,72024,88.42,61.56858497309929,1.185967387508265,6,2,2,100,95.08,81.75,0.0,0.0,0.0,0.0,0.0,0.0
2636,46859,91.23,60.17466022365453,1.1601783824141343,6,7,2,100,82.46,100.0,0.0,0.0,0.0,0.0,0.0,0.0
2637,61521,89.91,54.05718254177271,1.1642943454223558,6,3,2,100,93.54,86.28,0.0,0.0,0.0,0.0,0.0,0.0
2638,123541,48.58,60.28830708618359,1.0647093903518483,10,3,2,100,50.14,47.03,0.0,0.0,0.0,0.0,0.0,0.0
2639,124545,86.89,51.75981789239908,1.1637945085705237,12,5,2,100,93.18,80.6,0.0,0.0,0.0,0.0,0.0,0.0
2640,42588,56.56,53.68710293036968,1.1664382934988755,0,4,2,100,55.62,57.51,0.0,0.0,0.0,0.0,0.0,0.0
2641,62525,39.72,54.02658712741953,1.1468265775722264,8,5,2,100,40.13,39.31,0.0,0.0,0.0,0.0,0.0,0.0
2642,71522,61.22,58.82938999771561,1.1501571353831148,5,1,2,100,58.22,64.23,0.0,0.0,0.0,0.0,0.0,0.0
2643,122537,44.3,57.17884799747118,1.1495161337605917,8,1,2,100,43.64,44.95,0.0,0.0,0.0,0.0,0.0,0.0
2644,122537,89.29,55.347021991246926,1.1410476569292844,8,1,2,100,84.61,93.97,0.0,0.0,0.0,0.0,0.0,0.0
2645,46204,83.31,61.30800030716605,1.1048824934995838,5,7,2,100,86.85,79.77,0.0,0.0,0.0,0.0,0.0,0.0
2646,61521,52.74,56.34329167126951,1.1554418012050598,6,3,2,100,54.01,51.47,0.0,0.0,0.0,0.0,0.0,0.0
2647,54272,90.98,55.669650969910805,1.042754139363637,8,6,2,100,91.61,90.36,0.0,0.0,0.0,0.0,0.0,0.0
2648,103536,45.48,58.040913137444775,1.2258041273598446,9,3,2,100,49.41,41.56,0.0,0.0,0.0,0.0,0.0,0.0
2649,48511,93.6,57.32194013332986,1.138359008221409,4,3,2,100,87.19,100.0,0.0,0.0,0.0,0.0,0.0,0.0
2650,50023,55.22,56.74689061116223,1.150864836597647,10,9,2,100,53.34,57.11,0.0,0.0,0.0,0.0,0.0,0.0
2651,49515,58.85,62.203125864078174,1.1252230801725929,6,5,2,100,58.52,59.18,0.0,0.0,0.0,0.0,0.0,0.0
2652,103536,33.66,58.34509796916403,1.1681280367076727,9,3,2,100,32.1,35.22,0.0,0.0,0.0,0.0,0.0,0.0
2653,46456,64.29,55.35309378876149,1.0512058666358632,6,8,2,100,71.28,57.3,0.0,0.0,0.0,0.0,0.0,0.0
2654,62023,80.47,55.16759443399805,1.134913757451983,7,4,2,100,78.0,82.95,0.0,0.0,0.0,0.0,0.0,0.0
2655,48511,27.87,51.34694187361546,1.1486679928522532,4,3,2,100,26.3,29.44,0.0,0.0,0.0,0.0,0.0,0.0
2656,102532,84.57,54.99456304728027,1.0638779146302957,7,1,2,100,80.27,88.87,0.0,0.0,0.0,0.0,0.0,0.0
2657,49519,41.5,56.36376000016133,1.1347334875738786,8,7,2,100,45.65,37.36,0.0,0.0,0.0,0.0,0.0,0.0
2658,45146,55.08,53.54124012965643,1.1303427372672366,4,8,2,100,53.71,56.45,0.0,0.0,0.0,0.0,0.0,0.0
2659,54524,60.5,55.112620423801154,1.1786292508831888,9,7,2,100,56.32,64.69,0.0,0.0,0.0,0.0,0.0,0.0
2660,46855,72.62,51.08271586781128,1.1656371525189058,4,5,2,100,76.97,68.26,0.0,0.0,0.0,0.0,0.0,0.0
2661,47208,67.32,54.79424531102458,1.2071970660653322,4,4,2,100,66.58,68.07,0.0,0.0,0.0,0.0,0.0,0.0
2662,45549,47.12,59.12182597815047,1.2137342733024816,4,7,2,100,48.57,45.68,0.0,0.0,0.0,0.0,0.0,0.0
2663,103034,93.93,57.19278021671251,1.112924277353584,8,2,2,100,100.0,87.86,0.0,0.0,0.0,0.0,0.0,0.0
2664,103536,77.52,56.669525876455054,1.084031983048013,9,3,2,100,72.84,82.19,0.0,0.0,0.0,0.0,0.0,0.0
2665,103034,96.85,54.11294847467117,1.0992333437986257,8,2,2,100,93.71,100.0,0.0,0.0,0.0,0.0,0.0,0.0
2666,47714,39.47,58.61157259774771,1.1635674668465612,7,7,2,100,39.3,39.63,0.0,0.0,0.0,0.0,0.0,0.0
2667,86531,76.28,57.37134436086424,1.1642118083972586,8,3,2,100,69.71,82.85,0.0,0.0,0.0,0.0,0.0,0.0
2668,87535,59.2,53.17905696887452,1.0917250832462595,10,5,2,100,64.06,54.34,0.0,0.0,0.0,0.0,0.0,0.0
2669,46855,33.31,55.591937776281206,1.1142843874760435,4,5,2,100,39.48,27.14,0.0,0.0,0.0,0.0,0.0,0.0
2670,61521,96.81,56.30308941150183,1.1507016191304984,6,3,2,100,100.0,93.62,0.0,0.0,0.0,0.0,0.0,0.0
2671,45952,84.08,59.167127347657136,1.203917240057856,4,6,2,100,81.85,86.32,0.0,0.0,0.0,0.0,0.0,0.0
2672,45549,69.12,56.345558046865214,1.16957761576107,4,7,2,100,63.06,75.17,0.0,0.0,0.0,0.0,0.0,0.0
2673,47966,52.28,58.28075331420958,1.1590501459818967,8,8,2,100,50.74,53.83,0.0,0.0,0.0,0.0,0.0,0.0
2674,123541,79.94,60.5353164041854,1.1040421688128643,10,3,2,100,83.8,76.08,0.0,0.0,0.0,0.0,0.0,0.0
2675,62525,80.89,56.2196839844431,1.1351891527689717,8,5,2,100,90.08,71.7,0.0,0.0,0.0,0.0,0.0,0.0
2676,61521,97.62,54.1266337363355,1.178086068067162,6,3,2,100,95.24,100.0,0.0,0.0,0.0,0.0,0.0,0.0
2677,47710,92.66,60.73960723752153,1.149124578987073,5,5,2,100,100.0,85.32,0.0,0.0,0.0,0.0,0.0,0.0
2678,54776,66.5,58.20628825469807,1.1405553719272976,10,8,2,100,65.32,67.68,0.0,0.0,0.0,0.0,0.0,0.0
2679,44239,63.04,58.56402178948036,1.192494478003666,2,7,2,100,65.8,60.27,0.0,0.0,0.0,0.0,0.0,0.0
2680,53014,54.62,57.17849511495893,1.1213830669357965,4,2,2,100,55.77,53.47,0.0,0.0,0.0,0.0,0.0,0.0
2681,47462,46.39,56.96067461465388,1.1560124998405703,6,6,2,100,48.11,44.67,0.0,0.0,0.0,0.0,0.0,0.0
2682,61521,93.54,62.48072661037264,1.205469491480724,6,3,2,100,93.49,93.59,0.0,0.0,0.0,0.0,0.0,0.0
2683,73282,84.9,54.71617148024833,1.141287155086233,10,6,2,100,82.21,87.59,0.0,0.0,0.0,0.0,0.0,0.0
2684,150000,89.54,56.6345546784451,1.1738443706919168,13,0,2,100,91.96,87.13,0.0,0.0,0.0,0.0,0.0,0.0
2685,123039,68.41,57.13854545585081,1.1609491730586905,9,2,2,100,70.99,65.84,0.0,0.0,0.0,0.0,0.0,0.0
2686,104030,70.57,54.75657455108787,1.088337744667839,6,0,2,100,64.96,76.19,0.0,0.0,0.0,0.0,0.0,0.0
2687,54018,78.11,59.21566953710997,1.145222997189999,6,4,2,100,84.43,71.79,0.0,0.0,0.0,0.0,0.0,0.0
2688,46456,70.72,58.373166903109386,1.167394693762224,6,8,2,100,79.2,62.25,0.0,0.0,0.0,0.0,0.0,0.0
2689,54018,78.26,55.46590115216071,1.1545898146911155,6,4,2,100,75.81,80.7,0.0,0.0,0.0,0.0,0.0,0.0
2690,44239,55.17,57.37020840415404,1.1863615054459271,2,7,2,100,49.65,60.69,0.0,0.0,0.0,0.0,0.0,0.0
2691,86531,59.89,52.32240631516377,1.1562619422276208,8,3,2,100,62.46,57.32,0.0,0.0,0.0,0.0,0.0,0.0
2692,62023,56.57,57.71766977349,1.0998435545381358,7,4,2,100,60.21,52.93,0.0,0.0,0.0,0.0,0.0,0.0
2693,46204,75.41,58.66865051243768,1.108810122865897,5,7,2,100,75.0,75.83,0.0,0.0,0.0,0.0,0.0,0.0
2694,43685,62.2,59.61095350202719,1.1892662609441584,3,10,2,100,59.5,64.89,0.0,0.0,0.0,0.0,0.0,0.0
2695,86531,44.54,54.21170952001617,1.1050040705568274,8,3,2,100,41.74,47.33,0.0,0.0,0.0,0.0,0.0,0.0
2696,49013,65.39,56.0959071154259,1.1565868483313573,5,4,2,100,71.04,59.74,0.0,0.0,0.0,0.0,0.0,0.0
2697,54272,50.46,54.318206532641824,1.053422563740378,8,6,2,100,44.87,56.05,0.0,0.0,0.0,0.0,0.0,0.0
2698,46859,41.9,55.95976920347105,1.221364013159169,6,7,2,100,40.13,43.67,0.0,0.0,0.0,0.0,0.0,0.0
2699,72024,62.91,51.66385926433472,1.16636103204618,6,2,2,100,65.91,59.91,0.0,0.0,0.0,0.0,0.0,0.0
2700,47966,66.97,58.29641771792895,1.1406736226068903,8,8,2,100,68.82,65.12,0.0,0.0,0.0,0.0,0.0,0.0
2701,73028,86.4,54.04663717168256,1.1656444433957869,8,4,2,100,92.02,80.78,0.0,0.0,0.0,0.0,0.0,0.0
2702,46607,94.76,51.62506735156795,1.126819269599299,5,6,2,100,100.0,89.53,0.0,0.0,0.0,0.0,0.0,0.0
2703,102532,76.13,55.4107460049576,1.0696461372633268,7,1,2,100,78.05,74.21,0.0,0.0,0.0,0.0,0.0,0.0
2704,49515,93.3,55.40304680234506,1.0983823012647702,6,5,2,100,100.0,86.6,0.0,0.0,0.0,0.0,0.0,0.0
2705,54776,64.96,52.66568862751207,1.1602508385201316,10,8,2,100,61.78,68.13,0.0,0.0,0.0,0.0,0.0,0.0
2706,54524,51.76,59.1574225235636,1.0785404933774692,9,7,2,100,52.56,50.96,0.0,0.0,0.0,0.0,0.0,0.0
2707,45801,71.24,53.10089799751908,1.156391751972632,5,8,2,100,71.02,71.47,0.0,0.0,0.0,0.0,0.0,0.0
2708,62529,60.34,59.13495246695494,1.0585299199046303,10,7,2,100,65.2,55.47,0.0,0.0,0.0,0.0,0.0,0.0
2709,61521,64.51,57.89248349149206,1.1711779042385702,6,3,2,100,60.02,69.0,0.0,0.0,0.0,0.0,0.0,0.0
2710,42741,88.8,59.10141786023906,1.0874368192516917,0,3,2,100,83.35,94.25,0.0,0.0,0.0,0.0,0.0,0.0
2711,54520,41.46,56.873767295949406,1.0953189797127407,7,5,2,100,37.66,45.25,0.0,0.0,0.0,0.0,0.0,0.0
2712,73028,79.19,53.64447948683486,1.1554975808306525,8,4,2,100,68.94,89.45,0.0,0.0,0.0,0.0,0.0,0.0
2713,46456,75.12,55.53714599440802,1.114770188510253,6,8,2,100,75.44,74.81,0.0,0.0,0.0,0.0,0.0,0.0
2714,49013,92.85,57.985230458867,1.1075863871306857,5,4,2,100,89.32,96.39,0.0,0.0,0.0,0.0,0.0,0.0
2715,54018,59.31,58.37640055028694,1.1538351352722338,6,4,2,100,64.15,54.47,0.0,0.0,0.0,0.0,0.0,0.0
2716,146044,80.64,57.91819669949758,1.1147741785433778,10,2,2,100,86.81,74.47,0.0,0.0,0.0,0.0,0.0,0.0
2717,146044,51.9,58.82252238422938,1.1917770720929866,10,2,2,100,50.83,52.96,0.0,0.0,0.0,0.0,0.0,0.0
2718,86531,41.58,55.8728411208818,1.1076253087237462,8,3,2,100,42.76,40.39,0.0,0.0,0.0,0.0,0.0,0.0
2719,49515,42.8,56.39202897645332,1.00467189419988,6,5,2,100,37.22,48.37,0.0,0.0,0.0,0.0,0.0,0.0
2720,73028,97.24,55.45005901579313,1.1262263577644989,8,4,2,100,94.47,100.0,0.0,0.0,0.0,0.0,0.0,0.0
2721,47710,73.39,58.698465270740506,1.1405192001377105,5,5,2,100,80.49,66.29,0.0,0.0,0.0,0.0,0.0,0.0
2722,61019,72.57,56.39754711550886,1.0760157469738176,5,2,2,100,77.04,68.1,0.0,0.0,0.0,0.0,0.0,0.0
2723,72526,65.74,54.203435170794094,1.0620083930565414,7,3,2,100,66.07,65.41,0.0,0.0,0.0,0.0,0.0,0.0
2724,87033,68.6,60.261992292274606,1.19534384524001,9,4,2,100,67.86,69.33,0.0,0.0,0.0,0.0,0.0,0.0
2725,49519,85.64,57.56055666134345,1.1322256401976425,8,7,2,100,85.16,86.13,0.0,0.0,0.0,0.0,0.0,0.0
2726,123541,64.94,53.5561858031799,1.1878492888728027,10,3,2,100,63.06,66.81,0.0,0.0,0.0,0.0,0.0,0.0
2727,150000,53.34,60.21482870595756,1.0836255970881998,11,1,2,100,57.3,49.39,0.0,0.0,0.0,0.0,0.0,0.0
2728,48511,92.54,56.44998134529112,1.1771336013665177,4,3,2,100,93.19,91.9,0.0,0.0,0.0,0.0,0.0,0.0
2729,61521,87.04,58.47421832780911,1.1875705943069768,6,3,2,100,79.09,94.98,0.0,0.0,0.0,0.0,0.0,0.0
2730,61521,82.06,54.32417544747696,1.1416980582599503,6,3,2,100,82.63,81.48,0.0,0.0,0.0,0.0,0.0,0.0
2731,104038,83.35,56.09693420284259,1.2061108172185386,10,4,2,100,81.35,85.35,0.0,0.0,0.0,0.0,0.0,0.0
2732,103536,100.0,53.62501516715905,1.1104551659109705,9,3,2,100,100.0,100.0,0.0,0.0,0.0,0.0,0.0,0.0
2733,72526,40.52,51.94907089972111,1.1496583225975363,7,3,2,100,37.48,43.57,0.0,0.0,0.0,0.0,0.0,0.0
2734,150000,63.12,57.59591127314637,1.1532904759422762,14,1,2,100,62.74,63.51,0.0,0.0,0.0,0.0,0.0,0.0
2735,73282,62.72,49.85057779191931,1.2398241451600105,10,6,2,100,71.65,53.8,0.0,0.0,0.0,0.0,0.0,0.0
2736,54018,40.72,55.94750322392709,1.081282918120227,6,4,2,100,41.11,40.32,0.0,0.0,0.0,0.0,0.0,0.0
2737,46607,74.18,59.61378893022666,1.0861852413731086,5,6,2,100,68.7,79.66,0.0,0.0,0.0,0.0,0.0,0.0
2738,49515,53.5,56.98438427047928,1.0380495344062897,6,5,2,100,49.4,57.59,0.0,0.0,0.0,0.0,0.0,0.0
2739,47462,95.28,57.1655207530256,1.1433587833831445,6,6,2,100,100.0,90.57,0.0,0.0,0.0,0.0,0.0,0.0
2740,73028,72.12,63.25900066657314,1.1290662052131362,8,4,2,100,78.82,65.42,0.0,0.0,0.0,0.0,0.0,0.0
2741,53014,82.4,63.646613309407016,1.1348596353459566,4,2,2,100,88.29,76.52,0.0,0.0,0.0,0.0,0.0,0.0
2742,146044,70.0,49.866083032302,1.105104099015726,10,2,2,100,69.06,70.94,0.0,0.0,0.0,0.0,0.0,0.0
2743,62525,43.12,58.93354046144732,1.0767139888831307,8,5,2,100,43.32,42.93,0.0,0.0,0.0,0.0,0.0,0.0
2744,123541,66.15,58.18303657196897,1.1735085140545138,10,3,2,100,65.64,66.65,0.0,0.0,0.0,0.0,0.0,0.0
2745,87535,90.96,57.1051376173181,1.1099740152668989,10,5,2,100,89.44,92.48,0.0,0.0,0.0,0.0,0.0,0.0
2746,62525,51.28,60.33582834296915,1.1726126194263031,8,5,2,100,54.26,48.31,0.0,0.0,0.0,0.0,0.0,0.0
2747,48511,79.18,55.45180618345219,1.1662037303230826,4,3,2,100,75.81,82.56,0.0,0.0,0.0,0.0,0.0,0.0
2748,46859,100.0,55.21857439841043,1.2220093443803914,6,7,2,100,100.0,100.0,0.0,0.0,0.0,0.0,0.0,0.0
2749,53014,85.68,60.1710958209209,1.1156414372340566,4,2,2,100,88.11,83.24,0.0,0.0,0.0,0.0,0.0,0.0
2750,104038,78.22,54.578871636005466,1.137838397304629,10,4,2,100,84.89,71.54,0.0,0.0,0.0,0.0,0.0,0.0
2751,46456,55.22,53.82260198297965,1.1902347976026837,6,8,2,100,61.48,48.97,0.0,0.0,0.0,0.0,0.0,0.0
2752,61521,44.89,52.83327452910064,1.089641988395582,6,3,2,100,50.2,39.58,0.0,0.0,0.0,0.0,0.0,0.0
2753,40323,94.67,58.178248310780106,1.1374030654796696,0,9,2,100,98.45,90.89,0.0,0.0,0.0,0.0,0.0,0.0
2754,49519,81.62,58.9833578550362,1.0696868449138073,8,7,2,100,81.69,81.54,0.0,0.0,0.0,0.0,0.0,0.0
2755,150000,91.18,53.81609523980848,1.090153315104409,15,0,2,100,88.48,93.87,0.0,0.0,0.0,0.0,0.0,0.0
2756,49515,41.18,61.45789422071605,1.1088000173121535,6,5,2,100,38.68,43.68,0.0,0.0,0.0,0.0,0.0,0.0
2757,86531,86.91,59.74425987798828,1.186114564991519,8,3,2,100,94.14,79.68,0.0,0.0,0.0,0.0,0.0,0.0
2758,122537,71.4,54.55298721158509,1.1246956223278162,8,1,2,100,67.54,75.26,0.0,0.0,0.0,0.0,0.0,0.0
2759,54272,82.16,57.01222787386745,1.182347340654931,8,6,2,100,72.53,91.8,0.0,0.0,0.0,0.0,0.0,0.0
2760,43181,69.56,59.45037879670648,1.1176921365125918,1,8,2,100,73.37,65.74,0.0,0.0,0.0,0.0,0.0,0.0
2761,49515,71.97,53.11054424553993,1.0757623581463394,6,5,2,100,71.17,72.78,0.0,0.0,0.0,0.0,0.0,0.0
2762,54272,93.86,57.910960616687824,1.123505911415913,8,6,2,100,87.72,100.0,0.0,0.0,0.0,0.0,0.0,0.0
2763,49013,66.42,60.04373577123281,1.1284939181028848,5,4,2,100,62.32,70.51,0.0,0.0,0.0,0.0,0.0,0.0
2764,103034,100.0,60.30938188908448,1.1727079139673922,8,2,2,100,100.0,100.0,0.0,0.0,0.0,0.0,0.0,0.0
2765,73028,42.18,59.99914966892266,1.24849343907558,8,4,2,100,44.44,39.91,0.0,0.0,0.0,0.0,0.0,0.0
2766,150000,79.91,54.32654747152122,1.1612332973714554,15,0,2,100,73.3,86.52,0.0,0.0,0.0,0.0,0.0,0.0
2767,62277,28.79,51.88465420224523,1.2157705239817276,9,6,2,100,30.44,27.14,0.0,0.0,0.0,0.0,0.0,0.0
2768,85527,57.58,62.83335911776919,1.1018943140525927,6,1,2,100,61.72,53.44,0.0,0.0,0.0,0.0,0.0,0.0
2769,43433,55.17,54.87405617913382,1.0368630390826343,2,9,2,100,53.49,56.85,0.0,0.0,0.0,0.0,0.0,0.0
2770,124035,74.59,54.85777264315854,1.088107191370868,7,0,2,100,80.56,68.62,0.0,0.0,0.0,0.0,0.0,0.0
2771,123541,43.56,60.50537872342289,1.1447800605591572,10,3,2,100,35.46,51.67,0.0,0.0,0.0,0.0,0.0,0.0
2772,47966,58.44,61.13462015285256,1.11971211611196,8,8,2,100,60.43,56.44,0.0,0.0,0.0,0.0,0.0,0.0
2773,49267,58.46,52.76404526896592,1.0331993595716902,7,6,2,100,52.51,64.4,0.0,0.0,0.0,0.0,0.0,0.0
2774,49013,47.18,49.824890510362295,1.1958683735526905,5,4,2,100,44.99,49.37,0.0,0.0,0.0,0.0,0.0,0.0
2775,150000,91.34,58.36045485950364,1.1230886133727875,11,0,2,100,82.68,100.0,0.0,0.0,0.0,0.0,0.0,0.0
2776,45549,47.23,59.76576001336957,1.231714734620984,4,7,2,100,44.29,50.17,0.0,0.0,0.0,0.0,0.0,0.0
2777,62525,95.66,55.56486115176191,1.1111190049138666,8,5,2,100,96.79,94.53,0.0,0.0,0.0,0.0,0.0,0.0
2778,61521,64.52,57.16415745243717,1.1239923261459133,6,3,2,100,56.34,72.69,0.0,0.0,0.0,0.0,0.0,0.0
2779,150000,94.9,52.66995025758678,1.1110494120542724,12,0,2,100,89.8,100.0,0.0,0.0,0.0,0.0,0.0,0.0
2780,49515,79.05,57.20877479395293,1.0001754849598463,6,5,2,100,83.44,74.66,0.0,0.0,0.0,0.0,0.0,0.0
2781,62525,55.22,58.86973635141991,1.1121975459725555,8,5,2,100,57.5,52.95,0.0,0.0,0.0,0.0,0.0,0.0
2782,45698,77.34,56.13945812695937,1.1322954209656166,2,4,2,100,71.62,83.07,0.0,0.0,0.0,0.0,0.0,0.0
2783,73028,64.84,51.61343980944407,1.1114164693252606,8,4,2,100,59.83,69.84,0.0,0.0,0.0,0.0,0.0,0.0
2784,46200,72.1,59.16140384293325,1.0557801345784616,3,5,2,100,73.7,70.49,0.0,0.0,0.0,0.0,0.0,0.0
2785,150000,92.52,59.14471932029122,1.0789340208994096,12,2,2,100,85.04,100.0,0.0,0.0,0.0,0.0,0.0,0.0
2786,124043,73.27,49.46298702232895,1.1378174631714275,11,4,2,100,72.04,74.5,0.0,0.0,0.0,0.0,0.0,0.0
2787,54018,59.78,55.70091053507391,1.011920390671527,6,4,2,100,53.22,66.35,0.0,0.0,0.0,0.0,0.0,0.0
2788,87535,56.06,61.57509125414887,1.2160819043470803,10,5,2,100,63.33,48.8,0.0,0.0,0.0,0.0,0.0,0.0
2789,122537,24.41,55.53440166191682,1.141629438705613,8,1,2,100,26.92,21.9,0.0,0.0,0.0,0.0,0.0,0.0
2790,54272,26.4,51.37354130648617,1.0561867584261038,8,6,2,100,24.68,28.13,0.0,0.0,0.0,0.0,0.0,0.0
2791,48511,91.19,59.19039412343552,1.0342635887264793,4,3,2,100,98.42,83.96,0.0,0.0,0.0,0.0,0.0,0.0
2792,47615,87.9,52.61126827933517,1.1223534819633931,9,10,2,100,84.93,90.87,0.0,0.0,0.0,0.0,0.0,0.0
2793,73028,54.15,59.56691935365162,1.0507476098886708,8,4,2,100,54.63,53.67,0.0,0.0,0.0,0.0,0.0,0.0
2794,73028,43.24,59.817196220117815,1.0557075511959724,8,4,2,100,39.76,46.71,0.0,0.0,0.0,0.0,0.0,0.0
2795,62529,70.4,58.07755128454373,1.1377124284136366,10,7,2,100,66.19,74.6,0.0,0.0,0.0,0.0,0.0,0.0
2796,87535,66.15,54.69479799475195,1.1853109147532803,10,5,2,100,70.76,61.53,0.0,0.0,0.0,0.0,0.0,0.0
2797,87535,63.33,54.30922342853136,1.1722027913922717,10,5,2,100,61.32,65.34,0.0,0.0,0.0,0.0,0.0,0.0
2798,54018,51.4,52.166821766990935,1.0456227645649558,6,4,2,100,49.15,53.65,0.0,0.0,0.0,0.0,0.0,0.0
2799,85527,58.56,58.01343006271196,1.0838999058916725,6,1,2,100,59.61,57.51,0.0,0.0,0.0,0.0,0.0,0.0
2800,54272,78.38,62.869892378052754,1.189625167723064,8,6,2,100,82.26,74.5,0.0,0.0,0.0,0.0,0.0,0.0
2801,86531,75.21,57.48448917785783,1.1512524475169157,8,3,2,100,67.9,82.51,0.0,0.0,0.0,0.0,0.0,0.0
2802,150000,63.1,58.67234807822275,1.185285169372981,13,0,2,100,57.44,68.76,0.0,0.0,0.0,0.0,0.0,0.0
2803,53516,50.66,56.99666994718056,1.179540050695048,5,3,2,100,53.47,47.86,0.0,0.0,0.0,0.0,0.0,0.0
2804,54524,59.57,58.730875465380194,1.0814233199533076,9,7,2,100,59.73,59.41,0.0,0.0,0.0,0.0,0.0,0.0
2805,86029,88.11,53.35524533219152,1.1213226150742812,7,2,2,100,96.67,79.55,0.0,0.0,0.0,0.0,0.0,0.0
2806,87033,58.66,57.42586174473845,1.1488410654486072,9,4,2,100,58.16,59.17,0.0,0.0,0.0,0.0,0.0,0.0
2807,62277,28.0,61.44441805059621,1.0720060014042387,9,6,2,100,28.62,27.38,0.0,0.0,0.0,0.0,0.0,0.0
2808,73530,70.84,57.895325219305946,1.129804155218391,9,5,2,100,69.28,72.39,0.0,0.0,0.0,0.0,0.0,0.0
2809,53516,94.2,62.36069889787328,1.0887211157885373,5,3,2,100,88.41,100.0,0.0,0.0,0.0,0.0,0.0,0.0
2810,61521,94.19,65.01699524973903,1.1704567550041023,6,3,2,100,94.56,93.82,0.0,0.0,0.0,0.0,0.0,0.0
2811,150000,29.12,59.6790190184699,1.0623994179267549,12,2,2,100,28.75,29.5,0.0,0.0,0.0,0.0,0.0,0.0
2812,54272,49.87,57.08890009895932,1.0019647554997655,8,6,2,100,51.45,48.29,0.0,0.0,0.0,0.0,0.0,0.0
2813,49515,69.33,50.76203052726986,1.133857131325107,6,5,2,100,66.3,72.36,0.0,0.0,0.0,0.0,0.0,0.0
2814,150000,43.06,51.72966873784926,1.1339770979759896,15,0,2,100,40.51,45.62,0.0,0.0,0.0,0.0,0.0,0.0
2815,46200,96.62,55.632451821217856,1.0901390911730369,3,5,2,100,100.0,93.24,0.0,0.0,0.0,0.0,0.0,0.0
2816,150000,89.22,60.30798592561767,1.0773954148410247,10,1,2,100,79.87,98.58,0.0,0.0,0.0,0.0,0.0,0.0
2817,46456,47.3,56.39565300064116,1.0789099146281995,6,8,2,100,43.37,51.23,0.0,0.0,0.0,0.0,0.0,0.0
2818,73028,89.93,56.09113224782115,1.141662818437308,8,4,2,100,90.15,89.7,0.0,0.0,0.0,0.0,0.0,0.0
2819,104038,87.46,55.21694457045266,1.1242755961958146,10,4,2,100,86.57,88.36,0.0,0.0,0.0,0.0,0.0,0.0
2820,150000,70.43,55.48017519165735,1.0956536061814943,9,0,2,100,62.16,78.7,0.0,0.0,0.0,0.0,0.0,0.0
2821,49515,93.0,58.59927739013628,1.1063035179169531,6,5,2,100,100.0,86.0,0.0,0.0,0.0,0.0,0.0,0.0
2822,86531,45.57,56.80318347724403,1.0333632557016643,8,3,2,100,53.16,37.98,0.0,0.0,0.0,0.0,0.0,0.0
2823,54272,68.42,63.46834638893443,1.117645722041848,8,6,2,100,71.6,65.24,0.0,0.0,0.0,0.0,0.0,0.0
2824,73282,92.0,53.26518246183564,1.18680630550868,10,6,2,100,88.02,95.99,0.0,0.0,0.0,0.0,0.0,0.0
2825,122537,42.46,57.050458009386425,1.1710070759581006,8,1,2,100,45.46,39.47,0.0,0.0,0.0,0.0,0.0,0.0
2826,87033,78.4,57.80743886392977,1.170810580707916,9,4,2,100,85.9,70.91,0.0,0.0,0.0,0.0,0.0,0.0
2827,54520,92.5,54.2843119652027,1.186127099325922,7,5,2,100,85.0,100.0,0.0,0.0,0.0,0.0,0.0,0.0
2828,150000,48.14,57.262136511609285,1.0971292609145789,11,2,2,100,43.92,52.36,0.0,0.0,0.0,0.0,0.0,0.0
2829,123541,56.84,57.90270586637483,1.1117050648143894,10,3,2,100,59.2,54.48,0.0,0.0,0.0,0.0,0.0,0.0
2830,46859,32.26,50.23207295194162,1.0674718229574536,6,7,2,100,26.5,38.02,0.0,0.0,0.0,0.0,0.0,0.0
2831,46456,86.71,55.181379485694855,1.0506565082663546,6,8,2,100,80.62,92.8,0.0,0.0,0.0,0.0,0.0,0.0
2832,103034,90.85,56.65463046085281,1.0918635132651406,8,2,2,100,99.77,81.94,0.0,0.0,0.0,0.0,0.0,0.0
2833,104038,56.37,64.21922307368581,1.1131962493730256,10,4,2,100,56.45,56.29,0.0,0.0,0.0,0.0,0.0,0.0
2834,73282,58.97,59.0142778273785,1.070459208029788,10,6,2,100,62.96,54.98,0.0,0.0,0.0,0.0,0.0,0.0
2835,124545,66.39,55.76500513129015,1.0404809322618227,12,5,2,100,61.09,71.68,0.0,0.0,0.0,0.0,0.0,0.0
2836,150000,87.44,61.79232603103174,1.1314818920007987,12,3,2,100,92.25,82.62,0.0,0.0,0.0,0.0,0.0,0.0
2837,146044,95.24,59.74357492178209,1.0728096816591717,10,2,2,100,100.0,90.49,0.0,0.0,0.0,0.0,0.0,0.0
2838,87535,57.54,58.5364997526902,1.0862324326724395,10,5,2,100,58.64,56.44,0.0,0.0,0.0,0.0,0.0,0.0
2839,104038,59.1,58.20716698352904,1.1429138614550178,10,4,2,100,62.49,55.7,0.0,0.0,0.0,0.0,0.0,0.0
2840,54272,70.29,51.870675049512094,1.1109322904044716,8,6,2,100,73.27,67.32,0.0,0.0,0.0,0.0,0.0,0.0
2841,54272,83.92,53.95616537384288,1.114461754670678,8,6,2,100,85.15,82.69,0.0,0.0,0.0,0.0,0.0,0.0
2842,73028,53.68,58.10617695286628,1.0621593431620848,8,4,2,100,53.81,53.56,0.0,0.0,0.0,0.0,0.0,0.0
2843,49515,89.6,56.22074470504679,1.0799616333923754,6,5,2,100,100.0,79.21,0.0,0.0,0.0,0.0,0.0,0.0
2844,146546,86.02,53.762687443189456,1.1164324757756237,11,3,2,100,80.39,91.66,0.0,0.0,0.0,0.0,0.0,0.0
2845,46456,90.25,58.90609833228556,1.0478510361699012,6,8,2,100,89.68,90.82,0.0,0.0,0.0,0.0,0.0,0.0
2846,87535,42.81,56.8420475314878,1.0544667517601505,10,5,2,100,41.03,44.59,0.0,0.0,0.0,0.0,0.0,0.0
2847,147048,67.15,61.17973188036628,1.003985104730655,12,4,2,100,67.61,66.68,0.0,0.0,0.0,0.0,0.0,0.0
2848,150000,72.04,56.43543329370274,1.136024465710443,12,0,2,100,71.8,72.28,0.0,0.0,0.0,0.0,0.0,0.0
2849,47710,70.74,53.32393447651539,1.1802361465777829,5,5,2,100,66.0,75.48,0.0,0.0,0.0,0.0,0.0,0.0
2850,87535,85.36,57.5231059809656,1.0893165555424076,10,5,2,100,86.46,84.26,0.0,0.0,0.0,0.0,0.0,0.0
2851,45146,27.22,54.86248745022738,1.1989930263227149,4,8,2,100,24.79,29.65,0.0,0.0,0.0,0.0,0.0,0.0
2852,87535,75.91,56.84427750126149,1.1053788396297106,10,5,2,100,80.5,71.33,0.0,0.0,0.0,0.0,0.0,0.0
2853,73028,100.0,53.90889027010699,1.0900237091338776,8,4,2,100,100.0,100.0,0.0,0.0,0.0,0.0,0.0,0.0
2854,46053,93.82,56.25486290735667,1.1319675895387185,6,9,2,100,92.37,95.28,0.0,0.0,0.0,0.0,0.0,0.0
2855,73282,58.36,57.144360268730736,1.0932908501220235,10,6,2,100,57.0,59.72,0.0,0.0,0.0,0.0,0.0,0.0
2856,104292,85.48,50.48989000085321,1.0999728968128732,12,6,2,100,84.83,86.14,0.0,0.0,0.0,0.0,0.0,0.0
2857,150000,86.52,58.304657700741,1.0353170698404222,13,0,2,100,94.2,78.84,0.0,0.0,0.0,0.0,0.0,0.0
2858,145542,51.5,62.378527348024505,1.015667964284156,9,1,2,100,50.73,52.28,0.0,0.0,0.0,0.0,0.0,0.0
2859,150000,85.86,53.4374008295455,1.150649336214511,15,0,2,100,88.79,82.94,0.0,0.0,0.0,0.0,0.0,0.0
2860,72024,99.11,62.08927965605386,1.004400308467488,6,2,2,100,98.66,99.56,0.0,0.0,0.0,0.0,0.0,0.0
2861,49267,73.8,61.90278226651986,1.160735550903061,7,6,2,100,74.51,73.08,0.0,0.0,0.0,0.0,0.0,0.0
2862,122537,75.0,58.28372140414389,1.0407735626537753,8,1,2,100,79.18,70.81,0.0,0.0,0.0,0.0,0.0,0.0
2863,146546,91.72,59.93457116923096,1.17911805140623,11,3,2,100,96.52,86.93,0.0,0.0,0.0,0.0,0.0,0.0
2864,150000,58.63,60.76308884240756,1.178135273998299,12,2,2,100,59.0,58.26,0.0,0.0,0.0,0.0,0.0,0.0
2865,61521,33.05,61.11334818706312,1.1386421488552143,6,3,2,100,31.23,34.87,0.0,0.0,0.0,0.0,0.0,0.0
2866,87535,36.03,54.30475493514047,1.1097661600441844,10,5,2,100,36.29,35.78,0.0,0.0,0.0,0.0,0.0,0.0
2867,88043,81.68,55.374737833628586,1.1786612185633694,14,9,2,100,83.22,80.15,0.0,0.0,0.0,0.0,0.0,0.0
2868,150000,60.18,53.60799517328695,1.127252061584799,12,2,2,100,53.01,67.36,0.0,0.0,0.0,0.0,0.0,0.0
2869,124043,89.93,54.0478492426486,1.122163280261158,11,4,2,100,81.31,98.54,0.0,0.0,0.0,0.0,0.0,0.0
2870,47710,83.48,56.82003772858892,1.0533007687540334,5,5,2,100,82.68,84.27,0.0,0.0,0.0,0.0,0.0,0.0
2871,150000,85.1,57.21575891506252,1.176627224983852,10,1,2,100,85.27,84.92,0.0,0.0,0.0,0.0,0.0,0.0
2872,147048,83.0,56.32758152877332,1.0753747934094349,12,4,2,100,85.34,80.66,0.0,0.0,0.0,0.0,0.0,0.0
2873,147550,85.1,58.94646303401648,1.036419428898704,13,5,2,100,76.44,93.76,0.0,0.0,0.0,0.0,0.0,0.0
2874,47208,52.6,55.36431289834452,1.1336248947523873,4,4,2,100,42.36,62.84,0.0,0.0,0.0,0.0,0.0,0.0
2875,150000,57.98,55.51579939605105,1.0734919719130658,11,1,2,100,58.22,57.75,0.0,0.0,0.0,0.0,0.0,0.0
2876,47966,87.48,58.20927602324753,1.121502338629118,8,8,2,100,86.74,88.23,0.0,0.0,0.0,0.0,0.0,0.0
2877,49515,92.06,56.49329852805615,1.1336047633570705,6,5,2,100,84.11,100.0,0.0,0.0,0.0,0.0,0.0,0.0
2878,85527,65.03,56.86368465648961,1.0684786973573015,6,1,2,100,59.28,70.77,0.0,0.0,0.0,0.0,0.0,0.0
2879,49515,61.4,50.41356262830187,1.0788061915391942,6,5,2,100,56.92,65.88,0.0,0.0,0.0,0.0,0.0,0.0
2880,104292,75.74,58.132359120449685,1.0454295846681916,12,6,2,100,70.11,81.37,0.0,0.0,0.0,0.0,0.0,0.0
2881,54018,100.0,55.978786291665706,1.1901558344658014,6,4,2,100,100.0,100.0,0.0,0.0,0.0,0.0,0.0,0.0
2882,150000,39.62,58.598797546248775,1.137289277946754,10,1,2,100,38.57,40.68,0.0,0.0,0.0,0.0,0.0,0.0
2883,146044,41.14,66.99057246939276,1.1901101535625578,10,2,2,100,39.3,42.97,0.0,0.0,0.0,0.0,0.0,0.0
2884,146044,53.32,58.12269890406279,1.0267765062544223,10,2,2,100,50.29,56.34,0.0,0.0,0.0,0.0,0.0,0.0
2885,62525,71.41,51.02180777651755,1.060749729506728,8,5,2,100,70.35,72.48,0.0,0.0,0.0,0.0,0.0,0.0
2886,49519,91.8,52.08165433918671,1.036073688715934,8,7,2,100,83.61,100.0,0.0,0.0,0.0,0.0,0.0,0.0
2887,61521,72.85,51.984880993665655,1.0138496058913828,6,3,2,100,71.61,74.1,0.0,0.0,0.0,0.0,0.0,0.0
2888,86531,26.02,53.40227663029797,1.0892041034151232,8,3,2,100,22.58,29.46,0.0,0.0,0.0,0.0,0.0,0.0
2889,54272,23.6,58.42310453919828,1.182814506434176,8,6,2,100,22.98,24.21,0.0,0.0,0.0,0.0,0.0,0.0
2890,48511,100.0,55.965474809162,1.1081114808243229,4,3,2,100,100.0,100.0,0.0,0.0,0.0,0.0,0.0,0.0
2891,85527,72.14,54.20158271117774,1.1185585725600289,6,1,2,100,78.28,66.0,0.0,0.0,0.0,0.0,0.0,0.0
2892,61019,50.2,55.2768901904022,1.1200841058451143,5,2,2,100,57.32,43.09,0.0,0.0,0.0,0.0,0.0,0.0
2893,86531,36.72,54.23635752014672,1.1392818497532533,8,3,2,100,36.93,36.5,0.0,0.0,0.0,0.0,0.0,0.0
2894,150000,69.94,52.01343504300978,1.163802888563229,10,1,2,100,77.33,62.55,0.0,0.0,0.0,0.0,0.0,0.0
2895,73028,86.46,53.93034773101648,1.157033694291704,8,4,2,100,87.38,85.54,0.0,0.0,0.0,0.0,0.0,0.0
2896,54272,80.34,57.65704414082084,1.1279024319978947,8,6,2,100,80.43,80.26,0.0,0.0,0.0,0.0,0.0,0.0
2897,45549,65.28,61.81456405742454,1.080929122192408,4,7,2,100,70.11,60.46,0.0,0.0,0.0,0.0,0.0,0.0
2898,47462,62.19,53.560678574427264,1.058260435513594,6,6,2,100,71.43,52.95,0.0,0.0,0.0,0.0,0.0,0.0
2899,150000,91.76,54.26384078233837,1.1233442079678897,9,0,2,100,94.5,89.01,0.0,0.0,0.0,0.0,0.0,0.0
2900,49267,63.67,53.41980710805833,1.0054593551226123,7,6,2,100,55.07,72.26,0.0,0.0,0.0,0.0,0.0,0.0
2901,53516,45.25,54.32377392614182,1.0503337119909688,5,3,2,100,40.88,49.62,0.0,0.0,0.0,0.0,0.0,0.0
2902,150000,54.46,56.68287172774368,1.094030499745578,13,0,2,100,51.04,57.87,0.0,0.0,0.0,0.0,0.0,0.0
2903,147550,60.72,56.21417345229948,1.147314478620419,13,5,2,100,60.52,60.91,0.0,0.0,0.0,0.0,0.0,0.0
2904,146546,53.74,60.1016951190051,1.0777455002319996,11,3,2,100,47.33,60.16,0.0,0.0,0.0,0.0,0.0,0.0
2905,150000,97.5,50.48966422918597,1.0534069343476515,14,5,2,100,100.0,95.01,0.0,0.0,0.0,0.0,0.0,0.0
2906,123541,78.4,50.99115976031373,1.1323270134765109,10,3,2,100,72.42,84.38,0.0,0.0,0.0,0.0,0.0,0.0
2907,123541,65.75,55.32598883877843,1.0788749156313833,10,3,2,100,63.53,67.97,0.0,0.0,0.0,0.0,0.0,0.0
2908,104038,65.14,60.38258850883548,1.130029815532831,10,4,2,100,67.83,62.45,0.0,0.0,0.0,0.0,0.0,0.0
2909,103536,52.14,59.007103905446,1.0373060268589065,9,3,2,100,46.98,57.29,0.0,0.0,0.0,0.0,0.0,0.0
2910,47966,78.65,55.28270887062611,1.1509552137645274,8,8,2,100,82.48,74.82,0.0,0.0,0.0,0.0,0.0,0.0
2911,150000,80.97,54.91251735125591,1.0357845318975625,10,1,2,100,90.52,71.42,0.0,0.0,0.0,0.0,0.0,0.0
2912,47111,39.25,54.074855610266425,1.1092444998131774,7,8,2,100,38.62,39.88,0.0,0.0,0.0,0.0,0.0,0.0
2913,146044,74.93,52.26895618166107,1.103768021841789,10,2,2,100,73.54,76.31,0.0,0.0,0.0,0.0,0.0,0.0
2914,150000,88.4,60.91939118869266,1.177306207233884,12,0,2,100,79.5,97.31,0.0,0.0,0.0,0.0,0.0,0.0
2915,122537,47.96,50.47606234133668,1.1050372170483342,8,1,2,100,53.64,42.27,0.0,0.0,0.0,0.0,0.0,0.0
2916,54524,81.94,58.58881845076216,1.1678936223221277,9,7,2,100,88.85,75.04,0.0,0.0,0.0,0.0,0.0,0.0
2917,48511,66.11,58.36084456214465,1.0300128232384882,4,3,2,100,70.44,61.78,0.0,0.0,0.0,0.0,0.0,0.0
2918,46859,54.24,56.74721312550039,1.1632428629546572,6,7,2,100,48.86,59.63,0.0,0.0,0.0,0.0,0.0,0.0
2919,47462,77.62,58.519923355146254,1.0708228375812656,6,6,2,100,74.42,80.83,0.0,0.0,0.0,0.0,0.0,0.0
2920,47462,70.12,53.663985768597286,1.0328218191467682,6,6,2,100,62.59,77.64,0.0,0.0,0.0,0.0,0.0,0.0
2921,146044,72.06,58.583508152322594,1.1316269199592168,10,2,2,100,74.32,69.8,0.0,0.0,0.0,0.0,0.0,0.0
2922,103034,33.87,62.23772190582362,1.140226677172787,8,2,2,100,33.78,33.96,0.0,0.0,0.0,0.0,0.0,0.0
2923,62525,58.67,55.325956284296005,1.1536433920501246,8,5,2,100,56.2,61.13,0.0,0.0,0.0,0.0,0.0,0.0
2924,103034,56.06,61.09863093776683,1.08730890845381,8,2,2,100,50.76,61.37,0.0,0.0,0.0,0.0,0.0,0.0
2925,63033,90.43,60.60319081904007,1.1052529255389216,12,9,2,100,80.86,100.0,0.0,0.0,0.0,0.0,0.0,0.0
2926,62023,91.61,54.080398575975,1.0642983694937735,7,4,2,100,93.43,89.79,0.0,0.0,0.0,0.0,0.0,0.0
2927,62525,35.12,56.41320006364166,1.08508473656246,8,5,2,100,39.71,30.52,0.0,0.0,0.0,0.0,0.0,0.0
2928,147048,81.94,50.742546855873634,1.0470629328909096,12,4,2,100,76.15,87.74,0.0,0.0,0.0,0.0,0.0,0.0
2929,150000,92.03,58.53929148527865,1.0447426020351724,11,0,2,100,84.06,100.0,0.0,0.0,0.0,0.0,0.0,0.0
2930,104038,37.84,57.67936680357641,1.114549047765138,10,4,2,100,40.51,35.17,0.0,0.0,0.0,0.0,0.0,0.0
2931,150000,86.44,60.56881413009084,1.1738367870843718,11,1,2,100,86.34,86.55,0.0,0.0,0.0,0.0,0.0,0.0
2932,54272,62.06,54.30231884959753,1.0765916014558412,8,6,2,100,66.81,57.31,0.0,0.0,0.0,0.0,0.0,0.0
2933,124545,58.67,54.70665314130264,1.0000868818748403,12,5,2,100,61.18,56.16,0.0,0.0,0.0,0.0,0.0,0.0
2934,46204,71.82,55.09106762477084,1.062490218929678,2,2,2,100,74.88,68.77,0.0,0.0,0.0,0.0,0.0,0.0
2935,147048,84.99,57.49818080287614,1.0321177796959196,12,4,2,100,84.68,85.29,0.0,0.0,0.0,0.0,0.0,0.0
2936,150000,77.48,53.4003128079843,1.0728085189766432,11,1,2,100,76.63,78.34,0.0,0.0,0.0,0.0,0.0,0.0
2937,104038,56.18,59.36702527626329,1.1205784729541308,10,4,2,100,59.62,52.73,0.0,0.0,0.0,0.0,0.0,0.0
2938,150000,61.03,56.50290773520423,1.121991346931852,11,0,2,100,62.77,59.29,0.0,0.0,0.0,0.0,0.0,0.0
2939,150000,92.66,53.94904688344776,1.041617019913873,14,0,2,100,87.34,97.98,0.0,0.0,0.0,0.0,0.0,0.0
2940,150000,86.72,53.797234585566855,1.0778485153157524,15,4,2,100,83.45,89.98,0.0,0.0,0.0,0.0,0.0,0.0
2941,49515,85.18,62.5772831526898,1.1404234481482984,6,5,2,100,84.05,86.32,0.0,0.0,0.0,0.0,0.0,0.0
2942,61521,88.2,57.75543387756696,1.0885335960760625,6,3,2,100,83.95,92.46,0.0,0.0,0.0,0.0,0.0,0.0
2943,150000,68.12,57.249492319877646,1.0976447834619405,14,0,2,100,66.18,70.07,0.0,0.0,0.0,0.0,0.0,0.0
2944,104030,40.12,59.61662251541031,1.0967353613345734,6,0,2,100,33.7,46.54,0.0,0.0,0.0,0.0,0.0,0.0
2945,53516,39.16,55.53120616450098,1.0701096386883493,5,3,2,100,36.61,41.72,0.0,0.0,0.0,0.0,0.0,0.0
2946,71522,87.82,61.93566195192268,1.0905369998983472,5,1,2,100,79.94,95.71,0.0,0.0,0.0,0.0,0.0,0.0
2947,73530,93.02,56.122093114919466,1.0830981856749238,9,5,2,100,86.05,100.0,0.0,0.0,0.0,0.0,0.0,0.0
2948,73028,85.4,60.55028762218373,1.1145483860571157,8,4,2,100,84.58,86.21,0.0,0.0,0.0,0.0,0.0,0.0
2949,86531,87.88,52.10584874891927,1.0485188219993773,8,3,2,100,91.0,84.77,0.0,0.0,0.0,0.0,0.0,0.0
2950,150000,52.82,54.08787311510266,1.1475773938001097,12,1,2,100,52.76,52.87,0.0,0.0,0.0,0.0,0.0,0.0
2951,104038,81.74,59.91918729889,0.9825869770366196,10,4,2,100,80.37,83.12,0.0,0.0,0.0,0.0,0.0,0.0
2952,62529,81.56,51.7076492321568,1.1341651556973922,10,7,2,100,86.22,76.9,0.0,0.0,0.0,0.0,0.0,0.0
2953,124545,23.7,56.462926725176594,1.0558592920161978,12,5,2,100,22.11,25.28,0.0,0.0,0.0,0.0,0.0,0.0
2954,124035,60.0,59.13694739276032,1.106312781463861,7,0,2,100,66.1,53.89,0.0,0.0,0.0,0.0,0.0,0.0
2955,104038,70.71,59.31513212222568,1.09343236338029,10,4,2,100,68.84,72.58,0.0,0.0,0.0,0.0,0.0,0.0
2956,150000,60.52,52.16036907016544,1.0695370110510125,9,0,2,100,57.73,63.32,0.0,0.0,0.0,0.0,0.0,0.0
2957,150000,91.76,60.46304546845135,1.034582723958889,15,0,2,100,83.51,100.0,0.0,0.0,0.0,0.0,0.0,0.0
2958,54272,62.32,52.22150740412928,1.0356555185309948,8,6,2,100,69.66,54.97,0.0,0.0,0.0,0.0,0.0,0.0
2959,54018,79.3,58.01527401455105,1.0623928574264592,6,4,2,100,71.6,87.0,0.0,0.0,0.0,0.0,0.0,0.0
2960,150000,56.0,52.34910503549759,0.9884840966493504,12,1,2,100,54.99,57.02,0.0,0.0,0.0,0.0,0.0,0.0
2961,47966,41.76,56.98748441484919,1.1117213076414432,8,8,2,100,40.58,42.93,0.0,0.0,0.0,0.0,0.0,0.0
2962,54272,70.78,53.39632422136005,1.0445085870539932,8,6,2,100,75.42,66.15,0.0,0.0,0.0,0.0,0.0,0.0
2963,150000,64.54,63.78399963434312,1.0658825870796282,11,2,2,100,66.26,62.83,0.0,0.0,0.0,0.0,0.0,0.0
2964,73282,67.93,58.68688116353803,1.004410684755554,10,6,2,100,71.52,64.34,0.0,0.0,0.0,0.0,0.0,0.0
2965,62525,64.16,53.371893087101206,1.112362558889544,8,5,2,100,64.49,63.82,0.0,0.0,0.0,0.0,0.0,0.0
2966,150000,42.1,53.76880574408602,1.1179995550155004,11,0,2,100,39.91,44.28,0.0,0.0,0.0,0.0,0.0,0.0
2967,54272,89.54,56.95721353001477,1.1286211351799371,8,6,2,100,80.61,98.46,0.0,0.0,0.0,0.0,0.0,0.0
2968,150000,50.07,56.963868767733615,1.1466480235394028,13,4,2,100,55.89,44.25,0.0,0.0,0.0,0.0,0.0,0.0
2969,150000,96.55,62.60277936598544,1.0457856646984416,11,0,2,100,95.16,97.94,0.0,0.0,0.0,0.0,0.0,0.0
2970,47111,56.7,56.49891895818823,1.0075732002413542,7,8,2,100,52.35,61.06,0.0,0.0,0.0,0.0,0.0,0.0
2971,73028,64.74,54.745927102900495,1.0975692940646704,8,4,2,100,63.47,66.02,0.0,0.0,0.0,0.0,0.0,0.0
2972,55280,60.44,58.65480765753306,1.1371672069827483,12,10,2,100,58.37,62.51,0.0,0.0,0.0,0.0,0.0,0.0
2973,54520,47.9,53.152961311478656,1.1347085078806844,7,5,2,100,50.74,45.05,0.0,0.0,0.0,0.0,0.0,0.0
2974,150000,81.36,59.36540321837729,1.0259005545029591,11,0,2,100,83.85,78.87,0.0,0.0,0.0,0.0,0.0,0.0
2975,87033,65.69,56.89429866830913,1.069725826369832,9,4,2,100,69.95,61.44,0.0,0.0,0.0,0.0,0.0,0.0
2976,73028,96.52,59.24345963028956,1.004466805921304,8,4,2,100,93.04,100.0,0.0,0.0,0.0,0.0,0.0,0.0
2977,147048,56.37,58.91323286476515,1.2143352057010033,12,4,2,100,59.87,52.87,0.0,0.0,0.0,0.0,0.0,0.0
2978,45952,93.13,57.97136044392498,1.1244348616158306,4,6,2,100,95.26,91.0,0.0,0.0,0.0,0.0,0.0,0.0
2979,147550,43.74,61.931029725629,1.1023548801426502,13,5,2,100,43.36,44.11,0.0,0.0,0.0,0.0,0.0,0.0
2980,87535,59.06,53.4755524502602,1.0532855856772254,10,5,2,100,58.84,59.27,0.0,0.0,0.0,0.0,0.0,0.0
2981,122537,35.48,61.81998222394056,1.0638813059294976,8,1,2,100,38.22,32.74,0.0,0.0,0.0,0.0,0.0,0.0
2982,54018,91.33,59.98445686378949,1.1453317790240607,6,4,2,100,93.82,88.84,0.0,0.0,0.0,0.0,0.0,0.0
2983,103034,54.26,61.606070635593255,1.071751842446693,8,2,2,100,54.81,53.72,0.0,0.0,0.0,0.0,0.0,0.0
2984,103034,66.94,56.06902658317124,1.117855383288337,8,2,2,100,70.5,63.39,0.0,0.0,0.0,0.0,0.0,0.0
2985,73282,91.53,59.9861867068486,1.0411812239479412,10,6,2,100,89.58,93.48,0.0,0.0,0.0,0.0,0.0,0.0
2986,73028,71.0,56.8399895554127,1.06911341002859,8,4,2,100,79.9,62.11,0.0,0.0,0.0,0.0,0.0,0.0
2987,72526,88.62,55.26306484609752,1.1526445376766166,7,3,2,100,84.66,92.59,0.0,0.0,0.0,0.0,0.0,0.0
2988,150000,65.17,59.85025980573096,1.0894153928075414,14,4,2,100,73.0,57.34,0.0,0.0,0.0,0.0,0.0,0.0
2989,86531,84.7,61.13344579084449,1.0469224331554785,8,3,2,100,82.05,87.35,0.0,0.0,0.0,0.0,0.0,0.0
2990,103034,75.54,57.21573657971825,1.1181518554305032,8,2,2,100,69.83,81.26,0.0,0.0,0.0,0.0,0.0,0.0
2991,150000,50.06,56.15367333378843,1.0825424191443234,12,1,2,100,43.44,56.67,0.0,0.0,0.0,0.0,0.0,0.0
2992,62277,77.35,62.84811670853825,1.051175749434153,9,6,2,100,82.42,72.28,0.0,0.0,0.0,0.0,0.0,0.0
2993,62525,59.54,64.78135707885126,1.2180543672261337,8,5,2,100,61.44,57.64,0.0,0.0,0.0,0.0,0.0,0.0
2994,53014,87.78,58.34397884580893,1.0088844103310866,4,2,2,100,86.17,89.4,0.0,0.0,0.0,0.0,0.0,0.0
2995,145542,82.38,62.46650817651015,1.0246137258066892,9,1,2,100,71.17,93.6,0.0,0.0,0.0,0.0,0.0,0.0
2996,103536,99.88,60.17040746264948,1.0817108696361193,9,3,2,100,100.0,99.77,0.0,0.0,0.0,0.0,0.0,0.0
2997,104540,46.05,57.1422508470786,1.0462150830077943,11,5,2,100,51.38,40.72,0.0,0.0,0.0,0.0,0.0,0.0
2998,150000,54.26,53.43492259593823,1.081317109875926,12,3,2,100,55.25,53.27,0.0,0.0,0.0,0.0,0.0,0.0
2999,86531,26.38,58.708734336030325,1.0913524849129026,8,3,2,100,28.27,24.5,0.0,0.0,0.0,0.0,0.0,0.0
3000,150000,69.42,60.190700409782,1.0270451005566672,12,2,2,100,77.07,61.78,0.0,0.0,0.0,0.0,0.0,0.0
