Generación,Fitness Global,CPU (%),Memoria (%),Tiempo (s),Goles Favor,Goles Contra,CPUs (configurados),Population Size,Core0 (%),Core1 (%),Core2 (%),Core3 (%),Core4 (%),Core5 (%),Core6 (%),Core7 (%)
1,33875,26.04,49.67388423483893,1.5154805110168157,0,25,2,50,26.11,25.98,0.0,0.0,0.0,0.0,0.0,0.0
2,33875,61.56,51.79926212012177,1.4567108887702973,0,25,2,50,62.53,60.58,0.0,0.0,0.0,0.0,0.0,0.0
3,33875,49.67,54.40992816399698,1.5360809465003349,0,25,2,50,54.28,45.06,0.0,0.0,0.0,0.0,0.0,0.0
4,33875,48.84,52.99071928299249,1.492944908009732,0,25,2,50,48.59,49.08,0.0,0.0,0.0,0.0,0.0,0.0
5,34278,65.06,53.00824912946832,1.561667037379199,0,24,2,50,65.85,64.27,0.0,0.0,0.0,0.0,0.0,0.0
6,33875,25.33,51.961442616043165,1.4834347906513534,0,25,2,50,29.12,21.54,0.0,0.0,0.0,0.0,0.0,0.0
7,33875,72.11,51.32863041911687,1.5625938740985932,0,25,2,50,80.1,64.12,0.0,0.0,0.0,0.0,0.0,0.0
8,33875,51.28,39.82036918700931,1.3664235342789255,0,25,2,50,53.82,48.73,0.0,0.0,0.0,0.0,0.0,0.0
9,33875,54.57,55.64024477961638,1.475521920675052,0,25,2,50,54.87,54.27,0.0,0.0,0.0,0.0,0.0,0.0
10,33875,96.7,49.189294025806255,1.4360106773305137,0,25,2,50,99.1,94.31,0.0,0.0,0.0,0.0,0.0,0.0
11,33875,48.3,50.64019784403627,1.3744670000227357,0,25,2,50,44.84,51.76,0.0,0.0,0.0,0.0,0.0,0.0
12,33875,53.58,54.31310222819243,1.5092024235819708,0,25,2,50,53.73,53.43,0.0,0.0,0.0,0.0,0.0,0.0
13,33875,62.21,48.63983422316317,1.537947929755081,0,25,2,50,56.76,67.66,0.0,0.0,0.0,0.0,0.0,0.0
14,33875,73.62,53.56146476733583,1.5288004900804086,0,25,2,50,71.39,75.86,0.0,0.0,0.0,0.0,0.0,0.0
15,33875,60.7,53.665023977427424,1.503121743397984,0,25,2,50,58.55,62.86,0.0,0.0,0.0,0.0,0.0,0.0
16,33875,31.78,50.408882380902064,1.527158453715986,0,25,2,50,35.67,27.9,0.0,0.0,0.0,0.0,0.0,0.0
17,33875,94.18,47.935180966093256,1.3440813174773052,0,25,2,50,90.21,98.14,0.0,0.0,0.0,0.0,0.0,0.0
18,33875,49.96,46.36388351952112,1.505888013344682,0,25,2,50,47.24,52.67,0.0,0.0,0.0,0.0,0.0,0.0
19,33875,84.03,53.25548366872138,1.5317391337829274,0,25,2,50,90.36,77.7,0.0,0.0,0.0,0.0,0.0,0.0
20,33875,66.76,51.65729203439999,1.4177940198286618,0,25,2,50,75.49,58.03,0.0,0.0,0.0,0.0,0.0,0.0
21,33875,61.9,50.8478869155513,1.5392483312117082,0,25,2,50,62.25,61.54,0.0,0.0,0.0,0.0,0.0,0.0
22,33875,43.49,44.695546634100886,1.5621556087296564,0,25,2,50,48.32,38.66,0.0,0.0,0.0,0.0,0.0,0.0
23,33875,85.74,56.7198295618323,1.5527676525871377,0,25,2,50,79.24,92.23,0.0,0.0,0.0,0.0,0.0,0.0
24,33875,24.66,53.01324796885092,1.4670083176302957,0,25,2,50,24.2,25.11,0.0,0.0,0.0,0.0,0.0,0.0
25,33875,50.72,48.63427517066435,1.5301167174060994,0,25,2,50,57.67,43.76,0.0,0.0,0.0,0.0,0.0,0.0
26,33875,40.4,46.70757021735622,1.473437237532964,0,25,2,50,39.72,41.09,0.0,0.0,0.0,0.0,0.0,0.0
27,33875,63.5,45.80405434594388,1.4893223405883464,0,25,2,50,59.92,67.07,0.0,0.0,0.0,0.0,0.0,0.0
28,33875,21.46,52.09838053346684,1.4698006254589218,0,25,2,50,23.65,19.26,0.0,0.0,0.0,0.0,0.0,0.0
29,33875,54.33,53.82822855411242,1.5562361153961477,0,25,2,50,53.28,55.38,0.0,0.0,0.0,0.0,0.0,0.0
30,33875,40.56,51.20810686317829,1.4175411283849426,0,25,2,50,39.27,41.84,0.0,0.0,0.0,0.0,0.0,0.0
31,33875,31.5,45.83538454289494,1.5115230463514215,0,25,2,50,33.35,29.65,0.0,0.0,0.0,0.0,0.0,0.0
32,34278,58.2,53.96897657413451,1.5623343771344844,0,24,2,50,61.81,54.59,0.0,0.0,0.0,0.0,0.0,0.0
33,33875,72.92,49.565220502865245,1.509978995371751,0,25,2,50,68.0,77.84,0.0,0.0,0.0,0.0,0.0,0.0
34,34278,53.25,54.69091047651943,1.4657188197516788,0,24,2,50,50.36,56.14,0.0,0.0,0.0,0.0,0.0,0.0
35,33875,31.02,45.77207612587252,1.5571164871134169,0,25,2,50,29.33,32.72,0.0,0.0,0.0,0.0,0.0,0.0
36,33875,41.56,50.40194428972583,1.4596782532382846,0,25,2,50,37.8,45.32,0.0,0.0,0.0,0.0,0.0,0.0
37,34278,51.76,50.4470881178243,1.5686258034564122,0,24,2,50,51.7,51.81,0.0,0.0,0.0,0.0,0.0,0.0
38,33875,95.76,55.8004007609791,1.4485947054335455,0,25,2,50,91.79,99.72,0.0,0.0,0.0,0.0,0.0,0.0
39,33875,59.81,54.00909352400271,1.5645765649825043,0,25,2,50,64.0,55.62,0.0,0.0,0.0,0.0,0.0,0.0
40,33875,73.43,48.00861487566459,1.495598054023945,0,25,2,50,70.05,76.81,0.0,0.0,0.0,0.0,0.0,0.0
41,33875,33.41,55.59383470188536,1.4923665661137735,0,25,2,50,36.85,29.97,0.0,0.0,0.0,0.0,0.0,0.0
42,34278,58.51,51.07811956268993,1.5069853864338136,0,24,2,50,56.76,60.26,0.0,0.0,0.0,0.0,0.0,0.0
43,33875,26.45,50.60932868191736,1.4874551524426705,0,25,2,50,25.83,27.07,0.0,0.0,0.0,0.0,0.0,0.0
44,33875,62.47,51.05791192286712,1.4502170548887952,0,25,2,50,65.06,59.88,0.0,0.0,0.0,0.0,0.0,0.0
45,33875,53.44,45.07114448805866,1.384148239697203,0,25,2,50,54.15,52.74,0.0,0.0,0.0,0.0,0.0,0.0
46,33875,74.01,54.76961313549855,1.528099313813736,0,25,2,50,71.58,76.44,0.0,0.0,0.0,0.0,0.0,0.0
47,33875,21.58,49.11822145091402,1.5459244027503505,0,25,2,50,20.04,23.11,0.0,0.0,0.0,0.0,0.0,0.0
48,33875,37.55,55.91258913263609,1.537084960367165,0,25,2,50,38.9,36.2,0.0,0.0,0.0,0.0,0.0,0.0
49,33875,30.96,49.384486337857794,1.4496679656643894,0,25,2,50,28.96,32.96,0.0,0.0,0.0,0.0,0.0,0.0
50,33875,61.36,48.92156638089277,1.491511288874123,0,25,2,50,61.49,61.22,0.0,0.0,0.0,0.0,0.0,0.0
51,33875,43.76,47.430323432104245,1.5553494729731725,0,25,2,50,42.08,45.44,0.0,0.0,0.0,0.0,0.0,0.0
52,33875,64.93,48.26101612542721,1.4800788674939775,0,25,2,50,68.43,61.43,0.0,0.0,0.0,0.0,0.0,0.0
53,33875,45.26,44.97129288687818,1.582104563597439,0,25,2,50,43.14,47.37,0.0,0.0,0.0,0.0,0.0,0.0
54,33875,83.56,48.12546505366092,1.5211041268930043,0,25,2,50,76.66,90.46,0.0,0.0,0.0,0.0,0.0,0.0
55,33875,49.72,51.77907549475777,1.4811415754711843,0,25,2,50,48.37,51.06,0.0,0.0,0.0,0.0,0.0,0.0
56,33875,51.16,54.48396321920056,1.4491624782733876,0,25,2,50,50.99,51.33,0.0,0.0,0.0,0.0,0.0,0.0
57,33875,23.3,47.97321249127785,1.5218067932642394,0,25,2,50,22.91,23.68,0.0,0.0,0.0,0.0,0.0,0.0
58,33875,29.88,50.99800806174909,1.509465216183813,0,25,2,50,32.38,27.37,0.0,0.0,0.0,0.0,0.0,0.0
59,33875,66.64,46.82265775978313,1.4920514051393177,0,25,2,50,71.23,62.05,0.0,0.0,0.0,0.0,0.0,0.0
60,33875,50.23,47.50419504279346,1.5013622222599097,0,25,2,50,56.93,43.53,0.0,0.0,0.0,0.0,0.0,0.0
61,33875,38.97,50.97212842381833,1.4092379563803177,0,25,2,50,41.29,36.66,0.0,0.0,0.0,0.0,0.0,0.0
62,33875,33.32,52.52017837820332,1.4596250868792142,0,25,2,50,31.27,35.36,0.0,0.0,0.0,0.0,0.0,0.0
63,33875,75.4,50.84097470782041,1.4780310043027838,0,25,2,50,69.09,81.7,0.0,0.0,0.0,0.0,0.0,0.0
64,33875,53.7,54.10560550690747,1.481205240414719,0,25,2,50,47.05,60.34,0.0,0.0,0.0,0.0,0.0,0.0
65,33875,56.08,42.651059358760094,1.5610921981268082,0,25,2,50,60.69,51.47,0.0,0.0,0.0,0.0,0.0,0.0
66,33875,35.98,48.838556724216254,1.424508192560301,0,25,2,50,34.51,37.45,0.0,0.0,0.0,0.0,0.0,0.0
67,33875,46.98,48.27238066651319,1.4811363807939015,0,25,2,50,47.94,46.02,0.0,0.0,0.0,0.0,0.0,0.0
68,33875,41.36,51.78392050893481,1.4473071772860937,0,25,2,50,44.67,38.06,0.0,0.0,0.0,0.0,0.0,0.0
69,33875,62.22,50.03436005734546,1.52798287553904,0,25,2,50,62.52,61.91,0.0,0.0,0.0,0.0,0.0,0.0
70,33875,44.68,52.08380980286197,1.5266599962505294,0,25,2,50,47.04,42.31,0.0,0.0,0.0,0.0,0.0,0.0
71,33875,78.08,47.82248804949057,1.4172921398862428,0,25,2,50,72.88,83.28,0.0,0.0,0.0,0.0,0.0,0.0
72,33875,58.96,49.73331878088031,1.4861683998666364,0,25,2,50,59.57,58.35,0.0,0.0,0.0,0.0,0.0,0.0
73,33875,66.36,53.21228938260734,1.4970953300416796,0,25,2,50,71.92,60.8,0.0,0.0,0.0,0.0,0.0,0.0
74,33875,40.9,52.71299050438824,1.517073597811086,0,25,2,50,41.34,40.45,0.0,0.0,0.0,0.0,0.0,0.0
75,36293,29.72,51.53692089630899,1.471970308209232,0,19,2,50,32.46,26.99,0.0,0.0,0.0,0.0,0.0,0.0
76,36293,38.56,53.76424003160445,1.4787968533831235,0,19,2,50,41.18,35.94,0.0,0.0,0.0,0.0,0.0,0.0
77,33875,28.32,49.58775928322554,1.502831618607763,0,25,2,50,29.74,26.9,0.0,0.0,0.0,0.0,0.0,0.0
78,33875,54.62,50.264578221486566,1.5065691683798368,0,25,2,50,49.73,59.51,0.0,0.0,0.0,0.0,0.0,0.0
79,33875,47.1,52.38365241538384,1.516058986644949,0,25,2,50,42.9,51.3,0.0,0.0,0.0,0.0,0.0,0.0
80,33875,45.98,51.34884742058587,1.4374343768465394,0,25,2,50,45.51,46.46,0.0,0.0,0.0,0.0,0.0,0.0
81,33875,75.27,46.39439478714578,1.444259916387263,0,25,2,50,72.34,78.2,0.0,0.0,0.0,0.0,0.0,0.0
82,33875,63.33,49.575302588259255,1.567764793691008,0,25,2,50,66.04,60.62,0.0,0.0,0.0,0.0,0.0,0.0
83,33875,39.21,50.60630969123063,1.4655995625984766,0,25,2,50,41.49,36.93,0.0,0.0,0.0,0.0,0.0,0.0
84,33875,22.48,49.148283922554285,1.50247298695966,0,25,2,50,24.17,20.78,0.0,0.0,0.0,0.0,0.0,0.0
85,33875,67.2,49.194212546286245,1.5213967644980886,0,25,2,50,61.35,73.04,0.0,0.0,0.0,0.0,0.0,0.0
86,33875,57.48,47.47849882043484,1.4726370173665628,0,25,2,50,51.36,63.6,0.0,0.0,0.0,0.0,0.0,0.0
87,33875,26.26,46.38400282800241,1.520602819914061,0,25,2,50,26.14,26.37,0.0,0.0,0.0,0.0,0.0,0.0
88,33875,72.69,50.94086290952667,1.48737380906539,0,25,2,50,81.3,64.08,0.0,0.0,0.0,0.0,0.0,0.0
89,33875,70.22,52.77744281883319,1.5021088455946152,0,25,2,50,77.58,62.86,0.0,0.0,0.0,0.0,0.0,0.0
90,34278,53.96,47.60439432342236,1.5718328652029672,0,24,2,50,52.05,55.87,0.0,0.0,0.0,0.0,0.0,0.0
91,33875,88.17,54.99518793643361,1.5032209795171945,0,25,2,50,89.14,87.2,0.0,0.0,0.0,0.0,0.0,0.0
92,33875,51.5,49.49935352288772,1.4920617320587246,0,25,2,50,53.83,49.16,0.0,0.0,0.0,0.0,0.0,0.0
93,33875,49.72,51.28700010627087,1.4973619882106546,0,25,2,50,44.03,55.41,0.0,0.0,0.0,0.0,0.0,0.0
94,34681,41.4,50.81073614946253,1.486421307667416,0,23,2,50,46.18,36.63,0.0,0.0,0.0,0.0,0.0,0.0
95,33875,80.83,48.25623623167071,1.435723517380787,0,25,2,50,80.52,81.14,0.0,0.0,0.0,0.0,0.0,0.0
96,33875,65.97,46.25502329375352,1.5526643639814943,0,25,2,50,63.16,68.79,0.0,0.0,0.0,0.0,0.0,0.0
97,33875,63.74,54.51646876863646,1.5791931952860758,0,25,2,50,69.95,57.54,0.0,0.0,0.0,0.0,0.0,0.0
98,33875,39.9,52.785143656390886,1.5190816358190524,0,25,2,50,33.94,45.86,0.0,0.0,0.0,0.0,0.0,0.0
99,33875,79.21,50.01024014673607,1.4406746827829306,0,25,2,50,76.36,82.06,0.0,0.0,0.0,0.0,0.0,0.0
100,33875,46.05,55.38759216405849,1.4196874234240626,0,25,2,50,48.17,43.93,0.0,0.0,0.0,0.0,0.0,0.0
101,33875,71.3,52.32170226077172,1.5085084514220428,0,25,2,50,63.06,79.53,0.0,0.0,0.0,0.0,0.0,0.0
102,33875,34.5,54.496285690795816,1.5169619945882715,0,25,2,50,34.0,34.99,0.0,0.0,0.0,0.0,0.0,0.0
103,33875,54.17,50.863948120749605,1.573041870706107,0,25,2,50,48.25,60.09,0.0,0.0,0.0,0.0,0.0,0.0
104,33875,61.17,49.11916551769463,1.4244346757773525,0,25,2,50,62.77,59.57,0.0,0.0,0.0,0.0,0.0,0.0
105,33875,63.36,46.81648198314829,1.5170428193435097,0,25,2,50,59.88,66.83,0.0,0.0,0.0,0.0,0.0,0.0
106,33875,50.26,53.15481685545416,1.6075210131109916,0,25,2,50,46.61,53.92,0.0,0.0,0.0,0.0,0.0,0.0
107,33875,32.5,50.57751589019573,1.526487281268928,0,25,2,50,32.04,32.95,0.0,0.0,0.0,0.0,0.0,0.0
108,34278,49.16,49.84664336661992,1.5427053569446032,0,24,2,50,53.67,44.65,0.0,0.0,0.0,0.0,0.0,0.0
109,33875,23.53,49.66137064478632,1.5602214711116114,0,25,2,50,21.73,25.33,0.0,0.0,0.0,0.0,0.0,0.0
110,33875,23.38,45.71770731486071,1.5748650341366026,0,25,2,50,22.77,23.98,0.0,0.0,0.0,0.0,0.0,0.0
111,33875,36.07,53.31375805352235,1.4797493765808496,0,25,2,50,38.68,33.46,0.0,0.0,0.0,0.0,0.0,0.0
112,33875,88.69,47.51785869656237,1.5256687679779275,0,25,2,50,89.29,88.09,0.0,0.0,0.0,0.0,0.0,0.0
113,34681,50.94,53.09684262869057,1.5106258439834874,0,23,2,50,47.55,54.33,0.0,0.0,0.0,0.0,0.0,0.0
114,33875,21.84,52.36000277247005,1.4761195313644622,0,25,2,50,21.54,22.15,0.0,0.0,0.0,0.0,0.0,0.0
115,33875,24.04,54.00323824758471,1.4775386923281943,0,25,2,50,24.21,23.88,0.0,0.0,0.0,0.0,0.0,0.0
116,35487,60.84,46.6002751136912,1.4753377629444149,0,21,2,50,56.92,64.75,0.0,0.0,0.0,0.0,0.0,0.0
117,33875,65.92,48.62269076337562,1.477300418601717,0,25,2,50,68.81,63.03,0.0,0.0,0.0,0.0,0.0,0.0
118,35890,43.29,53.03872017006272,1.488458018088249,0,20,2,50,49.23,37.35,0.0,0.0,0.0,0.0,0.0,0.0
119,33875,57.72,53.16998240861744,1.481244081448825,0,25,2,50,55.42,60.01,0.0,0.0,0.0,0.0,0.0,0.0
120,33875,62.32,53.374858652305015,1.4573181034403109,0,25,2,50,66.76,57.88,0.0,0.0,0.0,0.0,0.0,0.0
121,33875,49.84,44.33639950620473,1.5117395115100425,0,25,2,50,50.98,48.7,0.0,0.0,0.0,0.0,0.0,0.0
122,33875,33.68,53.06273812655116,1.4357995481409227,0,25,2,50,35.68,31.69,0.0,0.0,0.0,0.0,0.0,0.0
123,33875,53.67,54.0557674192128,1.5007765528404455,0,25,2,50,50.57,56.77,0.0,0.0,0.0,0.0,0.0,0.0
124,33875,75.66,47.80942867266693,1.4946394516755883,0,25,2,50,79.28,72.03,0.0,0.0,0.0,0.0,0.0,0.0
125,33875,36.71,48.34561896777773,1.498133244744965,0,25,2,50,38.41,35.01,0.0,0.0,0.0,0.0,0.0,0.0
126,33875,42.4,49.38416596807241,1.5557675895860854,0,25,2,50,45.6,39.19,0.0,0.0,0.0,0.0,0.0,0.0
127,33875,64.3,45.23460990369707,1.4348288537036598,0,25,2,50,64.63,63.97,0.0,0.0,0.0,0.0,0.0,0.0
128,33875,25.92,52.63650732842236,1.4919751626987918,0,25,2,50,29.42,22.43,0.0,0.0,0.0,0.0,0.0,0.0
129,33875,60.66,47.6978147230808,1.50204573931705,0,25,2,50,55.93,65.38,0.0,0.0,0.0,0.0,0.0,0.0
130,33875,89.25,51.19518732397252,1.4714533986053977,0,25,2,50,88.4,90.1,0.0,0.0,0.0,0.0,0.0,0.0
131,33875,32.34,52.85502991163604,1.570439125855617,0,25,2,50,30.22,34.47,0.0,0.0,0.0,0.0,0.0,0.0
132,33875,64.53,52.88643717714884,1.5426142427173744,0,25,2,50,63.25,65.8,0.0,0.0,0.0,0.0,0.0,0.0
133,33875,69.18,48.10997080132225,1.4563597979977776,0,25,2,50,69.58,68.79,0.0,0.0,0.0,0.0,0.0,0.0
134,33875,86.82,47.5516138325551,1.5638940604720963,0,25,2,50,85.78,87.85,0.0,0.0,0.0,0.0,0.0,0.0
135,33875,24.96,49.295648052338585,1.5170309803443665,0,25,2,50,25.16,24.75,0.0,0.0,0.0,0.0,0.0,0.0
136,33875,62.18,50.87315731333143,1.5250222436529888,0,25,2,50,67.92,56.45,0.0,0.0,0.0,0.0,0.0,0.0
137,33875,43.88,46.27525126467717,1.5325636774096685,0,25,2,50,44.73,43.04,0.0,0.0,0.0,0.0,0.0,0.0
138,33875,55.62,47.87596306495787,1.4839053996928724,0,25,2,50,51.76,59.49,0.0,0.0,0.0,0.0,0.0,0.0
139,33875,69.5,50.44927414762282,1.5034139463602592,0,25,2,50,67.56,71.44,0.0,0.0,0.0,0.0,0.0,0.0
140,37502,70.46,49.61646461847365,1.4911763238523372,0,16,2,50,70.74,70.18,0.0,0.0,0.0,0.0,0.0,0.0
141,33875,53.2,50.4375715061967,1.4265828824158666,0,25,2,50,57.02,49.37,0.0,0.0,0.0,0.0,0.0,0.0
142,33875,45.34,50.925862365648456,1.497739609186918,0,25,2,50,47.39,43.29,0.0,0.0,0.0,0.0,0.0,0.0
143,33875,56.6,50.42223625615567,1.475316576957932,0,25,2,50,65.2,48.0,0.0,0.0,0.0,0.0,0.0,0.0
144,33875,48.89,49.9695570165768,1.5442704766284008,0,25,2,50,47.2,50.57,0.0,0.0,0.0,0.0,0.0,0.0
145,33875,30.03,50.82335515675192,1.4936567765819082,0,25,2,50,29.98,30.08,0.0,0.0,0.0,0.0,0.0,0.0
146,33875,38.37,49.18781091315809,1.4624179313098538,0,25,2,50,38.21,38.53,0.0,0.0,0.0,0.0,0.0,0.0
147,33875,61.62,57.926573337783125,1.4622364834439008,0,25,2,50,59.87,63.37,0.0,0.0,0.0,0.0,0.0,0.0
148,33875,49.35,45.41248506872214,1.5156771099555342,0,25,2,50,44.65,54.05,0.0,0.0,0.0,0.0,0.0,0.0
149,33875,43.38,43.50747772333802,1.529108548448073,0,25,2,50,37.37,49.4,0.0,0.0,0.0,0.0,0.0,0.0
150,33875,74.18,53.08002842213915,1.4665232420975756,0,25,2,50,70.94,77.43,0.0,0.0,0.0,0.0,0.0,0.0
151,33875,48.15,53.39368837493962,1.4905482804857693,0,25,2,50,43.95,52.35,0.0,0.0,0.0,0.0,0.0,0.0
152,33875,25.25,46.33552340034167,1.4379737625805535,0,25,2,50,24.64,25.86,0.0,0.0,0.0,0.0,0.0,0.0
153,33875,42.14,49.729991966795865,1.4649686065082292,0,25,2,50,38.72,45.55,0.0,0.0,0.0,0.0,0.0,0.0
154,33875,47.86,54.23124463465988,1.5159188176472176,0,25,2,50,51.38,44.35,0.0,0.0,0.0,0.0,0.0,0.0
155,35084,68.26,51.009974319754775,1.5233519764835872,0,22,2,50,69.64,66.88,0.0,0.0,0.0,0.0,0.0,0.0
156,33875,70.12,53.3149619136308,1.4422757214334754,0,25,2,50,72.54,67.7,0.0,0.0,0.0,0.0,0.0,0.0
157,33875,47.79,46.81242883876799,1.5377059702862177,0,25,2,50,42.35,53.23,0.0,0.0,0.0,0.0,0.0,0.0
158,33875,65.48,50.150855127360266,1.53094805216073,0,25,2,50,60.18,70.78,0.0,0.0,0.0,0.0,0.0,0.0
159,33875,21.4,49.71652437913576,1.4624783003522646,0,25,2,50,23.41,19.4,0.0,0.0,0.0,0.0,0.0,0.0
160,33875,53.68,44.80503902444221,1.4901856366895587,0,25,2,50,59.59,47.76,0.0,0.0,0.0,0.0,0.0,0.0
161,33875,62.24,50.342134244728975,1.4710378892722904,0,25,2,50,62.98,61.49,0.0,0.0,0.0,0.0,0.0,0.0
162,33875,67.57,51.46593389936798,1.4829537138428754,0,25,2,50,71.97,63.17,0.0,0.0,0.0,0.0,0.0,0.0
163,33875,84.56,46.73682504409867,1.4729782162460798,0,25,2,50,85.96,83.17,0.0,0.0,0.0,0.0,0.0,0.0
164,33875,75.04,48.48043398699996,1.4701320115079362,0,25,2,50,66.85,83.22,0.0,0.0,0.0,0.0,0.0,0.0
165,33875,46.34,50.596137726017545,1.4394744508610573,0,25,2,50,47.79,44.9,0.0,0.0,0.0,0.0,0.0,0.0
166,33875,72.6,49.5840890580278,1.5292061640592258,0,25,2,50,73.21,71.99,0.0,0.0,0.0,0.0,0.0,0.0
167,33875,51.95,50.48200821044997,1.4763981357160143,0,25,2,50,49.25,54.65,0.0,0.0,0.0,0.0,0.0,0.0
168,33875,24.86,47.97786514265452,1.4430888173660654,0,25,2,50,24.84,24.87,0.0,0.0,0.0,0.0,0.0,0.0
169,33875,28.62,53.17763954430114,1.5707515693281435,0,25,2,50,31.5,25.74,0.0,0.0,0.0,0.0,0.0,0.0
170,33875,75.16,43.18633290325928,1.5717964719787527,0,25,2,50,82.12,68.2,0.0,0.0,0.0,0.0,0.0,0.0
171,33875,23.7,54.152815333287,1.4579334869927982,0,25,2,50,23.94,23.46,0.0,0.0,0.0,0.0,0.0,0.0
172,33875,62.42,52.5898671261894,1.465253968772927,0,25,2,50,66.27,58.57,0.0,0.0,0.0,0.0,0.0,0.0
173,33875,57.05,51.97727561379809,1.514831282158467,0,25,2,50,52.99,61.11,0.0,0.0,0.0,0.0,0.0,0.0
174,33875,70.09,49.146879377621794,1.4170102637336397,0,25,2,50,64.79,75.38,0.0,0.0,0.0,0.0,0.0,0.0
175,33875,28.76,47.50018978538844,1.5404108930377527,0,25,2,50,27.4,30.12,0.0,0.0,0.0,0.0,0.0,0.0
176,35084,86.12,49.80782158379762,1.510381355870544,0,22,2,50,84.91,87.32,0.0,0.0,0.0,0.0,0.0,0.0
177,33875,64.66,47.56266263797744,1.4033395625893088,0,25,2,50,68.12,61.19,0.0,0.0,0.0,0.0,0.0,0.0
178,33875,22.34,50.867685798761904,1.4904229836610057,0,25,2,50,23.34,21.33,0.0,0.0,0.0,0.0,0.0,0.0
179,33875,41.8,55.57283381435983,1.4661114769165544,0,25,2,50,37.46,46.13,0.0,0.0,0.0,0.0,0.0,0.0
180,33875,46.45,51.79497079863379,1.503748606103386,0,25,2,50,50.25,42.65,0.0,0.0,0.0,0.0,0.0,0.0
181,33875,50.44,51.46290799059268,1.359136933857945,0,25,2,50,52.19,48.69,0.0,0.0,0.0,0.0,0.0,0.0
182,35890,73.35,48.93889262518082,1.5302175182839175,0,20,2,50,66.52,80.18,0.0,0.0,0.0,0.0,0.0,0.0
183,33875,56.96,49.54060896393577,1.5284695426653938,0,25,2,50,59.96,53.97,0.0,0.0,0.0,0.0,0.0,0.0
184,34681,45.51,52.53806025173719,1.399382218222926,0,23,2,50,37.4,53.62,0.0,0.0,0.0,0.0,0.0,0.0
185,34278,70.19,46.546689389927714,1.4557825429133409,0,24,2,50,70.57,69.82,0.0,0.0,0.0,0.0,0.0,0.0
186,34681,62.89,47.52916069033513,1.5029636693426964,0,23,2,50,61.4,64.37,0.0,0.0,0.0,0.0,0.0,0.0
187,33875,31.8,52.03553226708862,1.581547900130056,0,25,2,50,33.33,30.28,0.0,0.0,0.0,0.0,0.0,0.0
188,33875,79.61,44.80560280324151,1.4116110233986567,0,25,2,50,77.62,81.6,0.0,0.0,0.0,0.0,0.0,0.0
189,34681,35.36,51.09226345585628,1.5322517614685158,0,23,2,50,34.69,36.04,0.0,0.0,0.0,0.0,0.0,0.0
190,33875,73.91,53.159930893057606,1.4052109837789586,0,25,2,50,78.0,69.82,0.0,0.0,0.0,0.0,0.0,0.0
191,33875,25.92,48.38840996159882,1.5157711977423205,0,25,2,50,24.69,27.16,0.0,0.0,0.0,0.0,0.0,0.0
192,33875,39.54,50.493265868688006,1.4024725855105225,0,25,2,50,41.59,37.5,0.0,0.0,0.0,0.0,0.0,0.0
193,33875,43.27,44.588736020809804,1.4166045481678229,0,25,2,50,42.6,43.94,0.0,0.0,0.0,0.0,0.0,0.0
194,34278,84.98,52.15159791490012,1.5119119885307208,0,24,2,50,88.8,81.17,0.0,0.0,0.0,0.0,0.0,0.0
195,33875,48.84,51.40824984445003,1.465598759776715,0,25,2,50,51.32,46.36,0.0,0.0,0.0,0.0,0.0,0.0
196,33875,40.11,50.48350976848126,1.371445998867639,0,25,2,50,38.9,41.31,0.0,0.0,0.0,0.0,0.0,0.0
197,33875,58.32,46.897102067975965,1.4338939571592353,0,25,2,50,58.17,58.48,0.0,0.0,0.0,0.0,0.0,0.0
198,33875,57.82,47.2879720978457,1.4447844927200313,0,25,2,50,53.38,62.26,0.0,0.0,0.0,0.0,0.0,0.0
199,35890,36.97,48.415127222428815,1.4726813693133531,0,20,2,50,35.04,38.91,0.0,0.0,0.0,0.0,0.0,0.0
200,34278,43.04,48.06561969473097,1.4751407326948274,0,24,2,50,39.2,46.87,0.0,0.0,0.0,0.0,0.0,0.0
201,33875,33.24,53.79572959038028,1.5423250156085355,0,25,2,50,31.33,35.15,0.0,0.0,0.0,0.0,0.0,0.0
202,37099,81.28,50.463647318668144,1.456370155129945,0,17,2,50,79.39,83.18,0.0,0.0,0.0,0.0,0.0,0.0
203,33875,47.86,47.55101246062763,1.547316233141342,0,25,2,50,53.09,42.63,0.0,0.0,0.0,0.0,0.0,0.0
204,33875,43.76,46.83341911323359,1.5215918832887163,0,25,2,50,45.05,42.47,0.0,0.0,0.0,0.0,0.0,0.0
205,33875,43.91,49.88689656485212,1.5374880063548566,0,25,2,50,50.42,37.4,0.0,0.0,0.0,0.0,0.0,0.0
206,33875,39.06,49.66496818154668,1.4873104617909656,0,25,2,50,38.76,39.37,0.0,0.0,0.0,0.0,0.0,0.0
207,33875,33.91,52.55739572756218,1.3887018455906368,0,25,2,50,32.73,35.09,0.0,0.0,0.0,0.0,0.0,0.0
208,33875,52.61,46.59444238691607,1.4855334083906166,0,25,2,50,49.8,55.42,0.0,0.0,0.0,0.0,0.0,0.0
209,35084,52.7,49.017923821540855,1.4495471620297378,0,22,2,50,55.12,50.28,0.0,0.0,0.0,0.0,0.0,0.0
210,33875,49.92,47.32589976380245,1.4953946063562875,0,25,2,50,54.66,45.19,0.0,0.0,0.0,0.0,0.0,0.0
211,34278,69.95,51.28180757112904,1.5298611818066548,0,24,2,50,72.84,67.06,0.0,0.0,0.0,0.0,0.0,0.0
212,33875,58.34,52.10755015809495,1.4552138040600375,0,25,2,50,60.07,56.62,0.0,0.0,0.0,0.0,0.0,0.0
213,35487,70.88,53.50105569493226,1.556164138248958,0,21,2,50,61.52,80.23,0.0,0.0,0.0,0.0,0.0,0.0
214,33875,85.65,49.05117497166412,1.4772401809185765,0,25,2,50,80.28,91.02,0.0,0.0,0.0,0.0,0.0,0.0
215,35487,59.29,55.31365804817875,1.5093773018376793,0,21,2,50,62.99,55.59,0.0,0.0,0.0,0.0,0.0,0.0
216,33875,83.87,49.27337850429592,1.39968695785212,0,25,2,50,87.34,80.4,0.0,0.0,0.0,0.0,0.0,0.0
217,33875,60.3,52.02596498209852,1.5287665801618324,0,25,2,50,55.54,65.07,0.0,0.0,0.0,0.0,0.0,0.0
218,35890,79.28,51.70287535132154,1.506264579159948,0,20,2,50,78.42,80.13,0.0,0.0,0.0,0.0,0.0,0.0
219,34681,53.6,52.534497775198304,1.4409556843627436,0,23,2,50,49.97,57.24,0.0,0.0,0.0,0.0,0.0,0.0
220,33875,38.34,54.35989263487116,1.362793700127573,0,25,2,50,45.37,31.32,0.0,0.0,0.0,0.0,0.0,0.0
221,34278,35.21,49.87551775366038,1.5098529035144883,0,24,2,50,36.61,33.81,0.0,0.0,0.0,0.0,0.0,0.0
222,35084,85.08,46.622433347875216,1.4666874729642083,0,22,2,50,89.11,81.05,0.0,0.0,0.0,0.0,0.0,0.0
223,33875,70.53,50.10905840818276,1.5028448814469415,0,25,2,50,69.32,71.73,0.0,0.0,0.0,0.0,0.0,0.0
224,33875,26.14,50.59003402600233,1.4334716872476625,0,25,2,50,24.28,27.99,0.0,0.0,0.0,0.0,0.0,0.0
225,33875,36.23,45.87034934081413,1.5068716807332712,0,25,2,50,35.88,36.58,0.0,0.0,0.0,0.0,0.0,0.0
226,33875,65.45,47.241535018894986,1.4738928356098429,0,25,2,50,70.16,60.74,0.0,0.0,0.0,0.0,0.0,0.0
227,33875,22.67,52.26621669181132,1.499850876318878,0,25,2,50,19.42,25.92,0.0,0.0,0.0,0.0,0.0,0.0
228,33875,69.51,45.997235978478045,1.520246639251023,0,25,2,50,73.57,65.45,0.0,0.0,0.0,0.0,0.0,0.0
229,33875,51.5,53.9494835274722,1.417956193940185,0,25,2,50,46.9,56.11,0.0,0.0,0.0,0.0,0.0,0.0
230,33875,59.46,51.310220261808816,1.4598186640300377,0,25,2,50,58.36,60.55,0.0,0.0,0.0,0.0,0.0,0.0
231,33875,51.12,52.73029150305823,1.4715712579701397,0,25,2,50,53.74,48.5,0.0,0.0,0.0,0.0,0.0,0.0
232,33875,58.63,48.41720967787897,1.4738033337981684,0,25,2,50,55.45,61.81,0.0,0.0,0.0,0.0,0.0,0.0
233,35890,25.56,51.88734623528547,1.5416523527840262,0,20,2,50,28.92,22.21,0.0,0.0,0.0,0.0,0.0,0.0
234,33875,44.2,48.34363341069943,1.455217754226393,0,25,2,50,39.65,48.75,0.0,0.0,0.0,0.0,0.0,0.0
235,33875,43.3,44.7166931122508,1.4804913657685672,0,25,2,50,46.98,39.62,0.0,0.0,0.0,0.0,0.0,0.0
236,33875,47.66,51.07113996838593,1.4523987831624234,0,25,2,50,47.19,48.13,0.0,0.0,0.0,0.0,0.0,0.0
237,33875,89.18,49.07746453807667,1.494579768373458,0,25,2,50,78.37,100.0,0.0,0.0,0.0,0.0,0.0,0.0
238,33875,42.78,52.416378039674825,1.454796182764569,0,25,2,50,44.07,41.48,0.0,0.0,0.0,0.0,0.0,0.0
239,33875,72.76,52.50143001919408,1.5070941679356276,0,25,2,50,80.55,64.97,0.0,0.0,0.0,0.0,0.0,0.0
240,33875,46.98,46.83928640188981,1.492555335237224,0,25,2,50,51.45,42.51,0.0,0.0,0.0,0.0,0.0,0.0
241,35890,65.04,49.13320011540732,1.4409823350161834,0,20,2,50,68.04,62.05,0.0,0.0,0.0,0.0,0.0,0.0
242,33875,74.93,42.19781224835797,1.4996953668454376,0,25,2,50,83.82,66.04,0.0,0.0,0.0,0.0,0.0,0.0
243,36293,54.58,47.92852346299844,1.5218459427661413,0,19,2,50,55.21,53.96,0.0,0.0,0.0,0.0,0.0,0.0
244,33875,33.97,54.04379511521642,1.4179894786739993,0,25,2,50,34.48,33.47,0.0,0.0,0.0,0.0,0.0,0.0
245,36696,77.96,52.12856436298237,1.4378391628208964,0,18,2,50,75.11,80.82,0.0,0.0,0.0,0.0,0.0,0.0
246,33875,63.0,51.41321075878773,1.4924478891745936,0,25,2,50,62.05,63.95,0.0,0.0,0.0,0.0,0.0,0.0
247,33875,27.38,49.56973414013959,1.5016726430155791,0,25,2,50,29.12,25.65,0.0,0.0,0.0,0.0,0.0,0.0
248,33875,58.58,49.04094715153519,1.488270967785169,0,25,2,50,58.1,59.06,0.0,0.0,0.0,0.0,0.0,0.0
249,34278,86.42,50.14666019843426,1.4313047736357798,0,24,2,50,76.58,96.25,0.0,0.0,0.0,0.0,0.0,0.0
250,33875,59.49,44.74992609964784,1.521124581898855,0,25,2,50,64.41,54.57,0.0,0.0,0.0,0.0,0.0,0.0
251,33875,49.98,57.433399404727744,1.3980261253082542,0,25,2,50,45.65,54.32,0.0,0.0,0.0,0.0,0.0,0.0
252,34681,61.3,49.44715735198738,1.4025429495872468,0,23,2,50,69.83,52.77,0.0,0.0,0.0,0.0,0.0,0.0
253,33875,52.07,51.34238053916622,1.443158025948875,0,25,2,50,52.37,51.77,0.0,0.0,0.0,0.0,0.0,0.0
254,33875,80.06,47.58779285789269,1.4417527337631906,0,25,2,50,80.75,79.37,0.0,0.0,0.0,0.0,0.0,0.0
255,34681,22.67,50.06829617961579,1.5068246882549343,0,23,2,50,25.13,20.22,0.0,0.0,0.0,0.0,0.0,0.0
256,33875,37.04,55.95543924654087,1.40384855843365,0,25,2,50,36.28,37.8,0.0,0.0,0.0,0.0,0.0,0.0
257,35084,66.33,50.366893513795205,1.5357529551980402,0,22,2,50,69.47,63.19,0.0,0.0,0.0,0.0,0.0,0.0
258,33875,63.42,52.790888443160085,1.533852079563564,0,25,2,50,56.0,70.83,0.0,0.0,0.0,0.0,0.0,0.0
259,33875,44.6,46.32432417269561,1.4657947068093669,0,25,2,50,43.13,46.06,0.0,0.0,0.0,0.0,0.0,0.0
260,33875,35.39,54.21676379038428,1.439100828748975,0,25,2,50,36.11,34.68,0.0,0.0,0.0,0.0,0.0,0.0
261,33875,32.67,52.53624291115429,1.549699514264688,0,25,2,50,33.26,32.08,0.0,0.0,0.0,0.0,0.0,0.0
262,33875,69.9,49.36808266128061,1.44632631483134,0,25,2,50,70.96,68.84,0.0,0.0,0.0,0.0,0.0,0.0
263,34278,34.64,48.01026365056588,1.4482793040694562,0,24,2,50,36.55,32.73,0.0,0.0,0.0,0.0,0.0,0.0
264,33875,61.22,50.0816778341101,1.4769532624184258,0,25,2,50,60.43,62.01,0.0,0.0,0.0,0.0,0.0,0.0
265,33875,84.18,52.39736252894637,1.5818281243111478,0,25,2,50,95.87,72.5,0.0,0.0,0.0,0.0,0.0,0.0
266,33875,41.17,50.19794164153502,1.370298135448583,0,25,2,50,41.59,40.75,0.0,0.0,0.0,0.0,0.0,0.0
267,33875,59.93,48.32529580556291,1.384419652932936,0,25,2,50,59.93,59.93,0.0,0.0,0.0,0.0,0.0,0.0
268,33875,34.1,50.67322772392937,1.503371952877003,0,25,2,50,35.18,33.02,0.0,0.0,0.0,0.0,0.0,0.0
269,33875,63.24,45.98612887729336,1.4728556694085106,0,25,2,50,64.12,62.36,0.0,0.0,0.0,0.0,0.0,0.0
270,34278,96.45,52.78441894069559,1.473484969070452,0,24,2,50,96.28,96.62,0.0,0.0,0.0,0.0,0.0,0.0
271,33875,61.58,52.59387474872248,1.5389195992825464,0,25,2,50,63.8,59.36,0.0,0.0,0.0,0.0,0.0,0.0
272,36696,68.36,50.38422737381804,1.6008517995995857,0,18,2,50,66.78,69.94,0.0,0.0,0.0,0.0,0.0,0.0
273,35084,63.04,54.43601204839855,1.4548874127662683,0,22,2,50,66.39,59.69,0.0,0.0,0.0,0.0,0.0,0.0
274,33875,59.54,49.31961028133182,1.544510129000252,0,25,2,50,53.83,65.24,0.0,0.0,0.0,0.0,0.0,0.0
275,33875,47.48,50.30519335820523,1.4567057325011796,0,25,2,50,45.1,49.85,0.0,0.0,0.0,0.0,0.0,0.0
276,33875,66.54,50.40347970878571,1.3775110673923563,0,25,2,50,65.57,67.52,0.0,0.0,0.0,0.0,0.0,0.0
277,33875,49.49,51.88462071122592,1.504561915960998,0,25,2,50,50.93,48.05,0.0,0.0,0.0,0.0,0.0,0.0
278,33875,81.09,52.0823014611584,1.5331113515915344,0,25,2,50,86.9,75.27,0.0,0.0,0.0,0.0,0.0,0.0
279,33875,87.7,53.63504149366344,1.4074714127571828,0,25,2,50,81.02,94.37,0.0,0.0,0.0,0.0,0.0,0.0
280,35890,22.84,52.159963166868486,1.453464477416624,0,20,2,50,19.91,25.78,0.0,0.0,0.0,0.0,0.0,0.0
281,33875,40.34,49.76833858850568,1.4805857561697124,0,25,2,50,42.42,38.26,0.0,0.0,0.0,0.0,0.0,0.0
282,33875,52.91,46.264468024711405,1.51603698526148,0,25,2,50,52.15,53.67,0.0,0.0,0.0,0.0,0.0,0.0
283,33875,25.49,46.016707402967135,1.4466436265647216,0,25,2,50,26.49,24.49,0.0,0.0,0.0,0.0,0.0,0.0
284,35487,59.13,44.97090980799559,1.4457972460474666,0,21,2,50,67.21,51.05,0.0,0.0,0.0,0.0,0.0,0.0
285,34278,49.23,50.94167072276365,1.4368320550363212,0,24,2,50,46.18,52.28,0.0,0.0,0.0,0.0,0.0,0.0
286,34278,67.17,46.47558916837519,1.4370932562228729,0,24,2,50,66.0,68.34,0.0,0.0,0.0,0.0,0.0,0.0
287,34681,64.74,43.02136561124729,1.4577740822900027,0,23,2,50,70.55,58.94,0.0,0.0,0.0,0.0,0.0,0.0
288,33875,39.76,51.01846018604678,1.4012990315329374,0,25,2,50,36.99,42.52,0.0,0.0,0.0,0.0,0.0,0.0
289,33875,56.69,50.28668963811238,1.414647753685362,0,25,2,50,54.54,58.84,0.0,0.0,0.0,0.0,0.0,0.0
290,33875,86.15,53.21489185721247,1.4266682836835176,0,25,2,50,86.88,85.42,0.0,0.0,0.0,0.0,0.0,0.0
291,33875,73.92,49.10934584615048,1.442266571595876,0,25,2,50,70.1,77.74,0.0,0.0,0.0,0.0,0.0,0.0
292,34681,38.77,51.7378858058142,1.489282114945508,0,23,2,50,39.4,38.14,0.0,0.0,0.0,0.0,0.0,0.0
293,33875,34.09,49.7129684339042,1.539908055491734,0,25,2,50,35.48,32.7,0.0,0.0,0.0,0.0,0.0,0.0
294,33875,89.62,47.94525307292472,1.5117949453946615,0,25,2,50,98.24,81.01,0.0,0.0,0.0,0.0,0.0,0.0
295,34278,61.59,47.99413620312971,1.5426309355333527,0,24,2,50,67.99,55.19,0.0,0.0,0.0,0.0,0.0,0.0
296,33875,46.73,51.725237009418485,1.4481983581062778,0,25,2,50,45.01,48.45,0.0,0.0,0.0,0.0,0.0,0.0
297,36696,47.5,50.46050422620464,1.4209004311690412,0,18,2,50,52.88,42.11,0.0,0.0,0.0,0.0,0.0,0.0
298,34681,23.89,47.20960594460891,1.485854928021941,0,23,2,50,23.79,23.99,0.0,0.0,0.0,0.0,0.0,0.0
299,33875,51.63,45.59835710596996,1.412582244853715,0,25,2,50,54.17,49.09,0.0,0.0,0.0,0.0,0.0,0.0
300,33875,80.02,46.35368046237595,1.440649845852446,0,25,2,50,84.06,75.98,0.0,0.0,0.0,0.0,0.0,0.0
301,33875,40.0,53.62701649617334,1.457279948875312,0,25,2,50,40.21,39.8,0.0,0.0,0.0,0.0,0.0,0.0
302,35890,81.36,52.29640788780752,1.4689812719131448,0,20,2,50,75.49,87.23,0.0,0.0,0.0,0.0,0.0,0.0
303,33875,70.39,45.10217579861476,1.44497336568233,0,25,2,50,69.07,71.71,0.0,0.0,0.0,0.0,0.0,0.0
304,33875,64.68,43.570705508478326,1.4800379103916173,0,25,2,50,63.37,66.0,0.0,0.0,0.0,0.0,0.0,0.0
305,34681,58.76,51.99230551870762,1.407100629437913,0,23,2,50,50.74,66.79,0.0,0.0,0.0,0.0,0.0,0.0
306,33875,66.81,49.06900516695419,1.4091315196715928,0,25,2,50,65.76,67.86,0.0,0.0,0.0,0.0,0.0,0.0
307,33875,24.65,49.47642490507967,1.3995477138998675,0,25,2,50,22.69,26.61,0.0,0.0,0.0,0.0,0.0,0.0
308,33875,25.5,47.489430348024975,1.462799449249956,0,25,2,50,27.9,23.11,0.0,0.0,0.0,0.0,0.0,0.0
309,33875,40.68,43.38824455239988,1.4263774459224967,0,25,2,50,43.95,37.42,0.0,0.0,0.0,0.0,0.0,0.0
310,33875,33.35,54.12822287947008,1.4744877090042694,0,25,2,50,36.68,30.02,0.0,0.0,0.0,0.0,0.0,0.0
311,33875,77.37,52.91960161728901,1.4284368266831915,0,25,2,50,84.05,70.69,0.0,0.0,0.0,0.0,0.0,0.0
312,33875,41.24,50.09002383658047,1.480760040440308,0,25,2,50,38.06,44.42,0.0,0.0,0.0,0.0,0.0,0.0
313,36293,59.43,49.638311258190846,1.565539779068474,0,19,2,50,52.02,66.84,0.0,0.0,0.0,0.0,0.0,0.0
314,33875,38.07,47.77602922023417,1.4662883428125406,0,25,2,50,37.66,38.48,0.0,0.0,0.0,0.0,0.0,0.0
315,34278,37.12,47.91795261997788,1.511932760395538,0,24,2,50,31.87,42.36,0.0,0.0,0.0,0.0,0.0,0.0
316,33875,87.15,53.219705990446414,1.4651980028435203,0,25,2,50,89.65,84.64,0.0,0.0,0.0,0.0,0.0,0.0
317,33875,26.99,52.09653915315376,1.4587027170275877,0,25,2,50,27.83,26.15,0.0,0.0,0.0,0.0,0.0,0.0
318,35487,55.16,51.21364208563846,1.482370823930543,0,21,2,50,56.76,53.57,0.0,0.0,0.0,0.0,0.0,0.0
319,34681,34.56,51.36920929082192,1.4413308611760345,0,23,2,50,33.93,35.18,0.0,0.0,0.0,0.0,0.0,0.0
320,33875,45.78,49.93557158879483,1.4567187243739128,0,25,2,50,42.43,49.13,0.0,0.0,0.0,0.0,0.0,0.0
321,35487,72.21,50.896262769943895,1.4158516431296586,0,21,2,50,74.42,70.0,0.0,0.0,0.0,0.0,0.0,0.0
322,33875,30.82,52.30455762147894,1.485797913085362,0,25,2,50,28.9,32.73,0.0,0.0,0.0,0.0,0.0,0.0
323,33875,71.04,49.63821364589745,1.4334507432021963,0,25,2,50,76.38,65.69,0.0,0.0,0.0,0.0,0.0,0.0
324,33875,53.95,45.12354166909034,1.409870728757623,0,25,2,50,48.51,59.39,0.0,0.0,0.0,0.0,0.0,0.0
325,34681,72.13,47.67028286475398,1.4321743584088236,0,23,2,50,71.63,72.64,0.0,0.0,0.0,0.0,0.0,0.0
326,33875,66.34,52.28179339726592,1.3956439872986048,0,25,2,50,64.78,67.89,0.0,0.0,0.0,0.0,0.0,0.0
327,36293,64.98,52.144269683796445,1.4930070502984631,0,19,2,50,66.09,63.88,0.0,0.0,0.0,0.0,0.0,0.0
328,35890,87.91,45.143218228409786,1.4755969941502205,0,20,2,50,79.85,95.97,0.0,0.0,0.0,0.0,0.0,0.0
329,34681,42.95,52.99886660790988,1.5342510721084304,0,23,2,50,38.61,47.29,0.0,0.0,0.0,0.0,0.0,0.0
330,33875,87.03,48.69738179777482,1.3531439188162715,0,25,2,50,89.35,84.71,0.0,0.0,0.0,0.0,0.0,0.0
331,33875,58.62,54.38133944666094,1.3811775482110165,0,25,2,50,64.53,52.71,0.0,0.0,0.0,0.0,0.0,0.0
332,33875,36.08,49.89727199076262,1.4917062822977316,0,25,2,50,34.38,37.77,0.0,0.0,0.0,0.0,0.0,0.0
333,33875,40.82,56.736410117540814,1.4748002922367118,0,25,2,50,38.42,43.21,0.0,0.0,0.0,0.0,0.0,0.0
334,33875,77.34,45.17541682009127,1.4284184176212211,0,25,2,50,83.61,71.08,0.0,0.0,0.0,0.0,0.0,0.0
335,33875,35.25,52.24476776707221,1.4383183726399391,0,25,2,50,38.57,31.92,0.0,0.0,0.0,0.0,0.0,0.0
336,33875,55.11,47.41175053662635,1.3587890196582697,0,25,2,50,62.33,47.9,0.0,0.0,0.0,0.0,0.0,0.0
337,34681,71.25,49.28191511048817,1.3690703735587328,0,23,2,50,72.78,69.72,0.0,0.0,0.0,0.0,0.0,0.0
338,33875,58.7,45.767704025269545,1.3410922462886794,0,25,2,50,61.17,56.23,0.0,0.0,0.0,0.0,0.0,0.0
339,33875,65.76,52.250005283608026,1.4669394190399767,0,25,2,50,67.38,64.14,0.0,0.0,0.0,0.0,0.0,0.0
340,33875,65.88,50.52945241562837,1.430277918764065,0,25,2,50,73.85,57.92,0.0,0.0,0.0,0.0,0.0,0.0
341,33875,52.74,54.92440210940641,1.5016424159530304,0,25,2,50,53.26,52.21,0.0,0.0,0.0,0.0,0.0,0.0
342,33875,39.92,45.75451742252319,1.4800979524438524,0,25,2,50,44.94,34.91,0.0,0.0,0.0,0.0,0.0,0.0
343,33875,24.43,48.14900635310737,1.4312639689039393,0,25,2,50,22.75,26.11,0.0,0.0,0.0,0.0,0.0,0.0
344,34278,34.98,53.03012371135236,1.5226834166140082,0,24,2,50,35.87,34.1,0.0,0.0,0.0,0.0,0.0,0.0
345,33875,85.11,51.167922145665855,1.422318337430991,0,25,2,50,84.78,85.44,0.0,0.0,0.0,0.0,0.0,0.0
346,33875,54.42,52.56684722616869,1.4558895647691317,0,25,2,50,57.53,51.31,0.0,0.0,0.0,0.0,0.0,0.0
347,35084,25.42,49.45744009412199,1.428968632215969,0,22,2,50,23.49,27.34,0.0,0.0,0.0,0.0,0.0,0.0
348,33875,72.04,50.19142218598444,1.4233056602790226,0,25,2,50,70.47,73.61,0.0,0.0,0.0,0.0,0.0,0.0
349,35890,55.93,51.684309576358295,1.4383867003421564,0,20,2,50,56.67,55.19,0.0,0.0,0.0,0.0,0.0,0.0
350,33875,24.35,53.71016156261928,1.3566718746586794,0,25,2,50,24.56,24.14,0.0,0.0,0.0,0.0,0.0,0.0
351,33875,30.91,55.17336874140803,1.420025608728002,0,25,2,50,32.31,29.51,0.0,0.0,0.0,0.0,0.0,0.0
352,34278,73.87,50.86453703340354,1.5000734838141352,0,24,2,50,73.09,74.64,0.0,0.0,0.0,0.0,0.0,0.0
353,33875,32.21,49.49715807435299,1.3898919127286795,0,25,2,50,34.73,29.69,0.0,0.0,0.0,0.0,0.0,0.0
354,33875,66.46,46.08202885396497,1.3658613889209938,0,25,2,50,62.93,69.98,0.0,0.0,0.0,0.0,0.0,0.0
355,33875,42.1,47.32049815822051,1.4664871860650155,0,25,2,50,42.56,41.65,0.0,0.0,0.0,0.0,0.0,0.0
356,35084,65.04,43.97887655108246,1.3969824859419488,0,22,2,50,58.93,71.14,0.0,0.0,0.0,0.0,0.0,0.0
357,35084,47.62,49.33722745295794,1.4499697564358511,0,22,2,50,45.07,50.18,0.0,0.0,0.0,0.0,0.0,0.0
358,33875,80.76,52.24111933032767,1.4543980123312903,0,25,2,50,70.05,91.47,0.0,0.0,0.0,0.0,0.0,0.0
359,33875,42.98,50.82392186449532,1.4126068833430514,0,25,2,50,44.01,41.95,0.0,0.0,0.0,0.0,0.0,0.0
360,34278,38.91,50.53041375261275,1.451581682058648,0,24,2,50,43.01,34.81,0.0,0.0,0.0,0.0,0.0,0.0
361,33875,40.85,49.821528010172045,1.3999394156100595,0,25,2,50,45.78,35.92,0.0,0.0,0.0,0.0,0.0,0.0
362,33875,52.59,50.77573406880276,1.433945900770878,0,25,2,50,52.15,53.03,0.0,0.0,0.0,0.0,0.0,0.0
363,33875,48.6,51.01677194932197,1.4652562594650622,0,25,2,50,44.42,52.79,0.0,0.0,0.0,0.0,0.0,0.0
364,34278,24.11,50.40671405173382,1.4538805707670104,0,24,2,50,26.34,21.88,0.0,0.0,0.0,0.0,0.0,0.0
365,34681,79.15,53.13069014561615,1.4414907789277025,0,23,2,50,73.08,85.22,0.0,0.0,0.0,0.0,0.0,0.0
366,33875,39.84,49.08167943683194,1.447623557431793,0,25,2,50,43.29,36.38,0.0,0.0,0.0,0.0,0.0,0.0
367,35084,56.36,52.31546595194516,1.4100361301170214,0,22,2,50,60.59,52.12,0.0,0.0,0.0,0.0,0.0,0.0
368,34278,32.18,52.58499836335123,1.4171847569193894,0,24,2,50,33.05,31.31,0.0,0.0,0.0,0.0,0.0,0.0
369,34278,39.64,53.402220233836914,1.4341705077073044,0,24,2,50,38.43,40.86,0.0,0.0,0.0,0.0,0.0,0.0
370,33875,54.08,53.53658251523775,1.4608273600869728,0,25,2,50,53.79,54.37,0.0,0.0,0.0,0.0,0.0,0.0
371,35487,68.52,52.16774874822724,1.4064215390942107,0,21,2,50,66.14,70.9,0.0,0.0,0.0,0.0,0.0,0.0
372,33875,38.55,47.92369580564097,1.497400430142951,0,25,2,50,39.06,38.04,0.0,0.0,0.0,0.0,0.0,0.0
373,35084,64.09,47.43747032424231,1.4050767797007695,0,22,2,50,67.78,60.4,0.0,0.0,0.0,0.0,0.0,0.0
374,33875,65.17,49.0742042045834,1.4604442936297115,0,25,2,50,70.41,59.93,0.0,0.0,0.0,0.0,0.0,0.0
375,33875,45.06,52.35290530424049,1.391156640038382,0,25,2,50,43.74,46.37,0.0,0.0,0.0,0.0,0.0,0.0
376,33875,32.14,46.69427445108095,1.4701681122634072,0,25,2,50,35.9,28.38,0.0,0.0,0.0,0.0,0.0,0.0
377,33875,59.57,54.41765035380836,1.3563852239007648,0,25,2,50,61.61,57.53,0.0,0.0,0.0,0.0,0.0,0.0
378,36696,31.43,54.24564977179,1.459996831989359,0,18,2,50,29.94,32.92,0.0,0.0,0.0,0.0,0.0,0.0
379,34278,65.26,49.26799626924585,1.3475559759749187,0,24,2,50,69.94,60.58,0.0,0.0,0.0,0.0,0.0,0.0
380,33875,41.16,45.34482283708571,1.374851610020927,0,25,2,50,41.63,40.69,0.0,0.0,0.0,0.0,0.0,0.0
381,33875,58.6,45.97076386843992,1.4494833405941927,0,25,2,50,63.95,53.24,0.0,0.0,0.0,0.0,0.0,0.0
382,33875,66.5,47.36470283431201,1.4480911958678613,0,25,2,50,66.96,66.04,0.0,0.0,0.0,0.0,0.0,0.0
383,33875,24.26,48.34384588045771,1.414514267027546,0,25,2,50,27.32,21.19,0.0,0.0,0.0,0.0,0.0,0.0
384,34681,34.58,53.61095831086907,1.4499234253506852,0,23,2,50,33.73,35.43,0.0,0.0,0.0,0.0,0.0,0.0
385,35084,46.18,52.594003145862615,1.3739760664187726,0,22,2,50,48.17,44.2,0.0,0.0,0.0,0.0,0.0,0.0
386,35487,64.81,52.14730864433034,1.5352131077979547,0,21,2,50,61.31,68.31,0.0,0.0,0.0,0.0,0.0,0.0
387,35084,64.06,52.31576317166947,1.5492609307709295,0,22,2,50,69.67,58.45,0.0,0.0,0.0,0.0,0.0,0.0
388,34278,89.79,48.59585475632084,1.4517277293111064,0,24,2,50,86.34,93.24,0.0,0.0,0.0,0.0,0.0,0.0
389,33875,27.76,49.38871153202799,1.442281833841514,0,25,2,50,28.61,26.92,0.0,0.0,0.0,0.0,0.0,0.0
390,35890,57.68,48.00440990002701,1.4621684216170163,0,20,2,50,53.62,61.75,0.0,0.0,0.0,0.0,0.0,0.0
391,33875,34.87,52.50207965061143,1.4025023852911052,0,25,2,50,34.39,35.35,0.0,0.0,0.0,0.0,0.0,0.0
392,35084,56.22,50.22228927440536,1.4117735866411187,0,22,2,50,56.74,55.7,0.0,0.0,0.0,0.0,0.0,0.0
393,33875,41.96,49.776819494788,1.451879740175998,0,25,2,50,38.18,45.73,0.0,0.0,0.0,0.0,0.0,0.0
394,33875,41.28,55.44058927414145,1.4388662235358975,0,25,2,50,40.67,41.9,0.0,0.0,0.0,0.0,0.0,0.0
395,33875,44.97,51.138506061863104,1.403726845939595,0,25,2,50,39.96,49.98,0.0,0.0,0.0,0.0,0.0,0.0
396,33875,71.08,52.04723945221063,1.4267474604339536,0,25,2,50,68.29,73.87,0.0,0.0,0.0,0.0,0.0,0.0
397,34278,66.58,48.58705570462739,1.4772556742534664,0,24,2,50,58.83,74.33,0.0,0.0,0.0,0.0,0.0,0.0
398,33875,57.94,52.59242171439214,1.482788552721175,0,25,2,50,59.01,56.88,0.0,0.0,0.0,0.0,0.0,0.0
399,33875,49.57,47.30853487056287,1.4825478946449897,0,25,2,50,49.78,49.36,0.0,0.0,0.0,0.0,0.0,0.0
400,36696,48.02,48.96774494327944,1.520840850566612,0,18,2,50,52.3,43.73,0.0,0.0,0.0,0.0,0.0,0.0
401,33875,81.38,48.65055878354442,1.373277267835337,0,25,2,50,78.46,84.3,0.0,0.0,0.0,0.0,0.0,0.0
402,33875,50.4,52.89241152196121,1.45312401255259,0,25,2,50,43.79,57.01,0.0,0.0,0.0,0.0,0.0,0.0
403,33875,41.52,47.72045265701919,1.4505336548968335,0,25,2,50,43.58,39.47,0.0,0.0,0.0,0.0,0.0,0.0
404,35084,71.9,48.28469647271391,1.450771336956008,0,22,2,50,66.88,76.93,0.0,0.0,0.0,0.0,0.0,0.0
405,34278,65.35,48.5953876211495,1.5296181068788175,0,24,2,50,71.88,58.82,0.0,0.0,0.0,0.0,0.0,0.0
406,33875,60.2,51.14756509565719,1.4636055415796847,0,25,2,50,63.9,56.49,0.0,0.0,0.0,0.0,0.0,0.0
407,35084,75.32,49.97442878778928,1.4527486356148276,0,22,2,50,85.02,65.62,0.0,0.0,0.0,0.0,0.0,0.0
408,33875,45.53,44.77402227699875,1.4996352336077636,0,25,2,50,44.65,46.41,0.0,0.0,0.0,0.0,0.0,0.0
409,33875,49.77,50.16149695399612,1.4226956077581183,0,25,2,50,49.68,49.86,0.0,0.0,0.0,0.0,0.0,0.0
410,33875,62.76,51.40016266557488,1.419702511038549,0,25,2,50,61.34,64.18,0.0,0.0,0.0,0.0,0.0,0.0
411,36696,57.48,51.3287240520994,1.4994132293471356,0,18,2,50,56.96,58.01,0.0,0.0,0.0,0.0,0.0,0.0
412,33875,37.42,50.12898819114083,1.4142020237927364,0,25,2,50,38.89,35.95,0.0,0.0,0.0,0.0,0.0,0.0
413,34681,53.48,46.68104372872744,1.3416111991915949,0,23,2,50,45.74,61.22,0.0,0.0,0.0,0.0,0.0,0.0
414,35084,79.38,54.2881726979638,1.502171303695464,0,22,2,50,87.38,71.38,0.0,0.0,0.0,0.0,0.0,0.0
415,33875,39.42,49.54287748847709,1.4027224583288027,0,25,2,50,41.71,37.12,0.0,0.0,0.0,0.0,0.0,0.0
416,33875,58.56,50.61377381306032,1.446711020185958,0,25,2,50,62.06,55.07,0.0,0.0,0.0,0.0,0.0,0.0
417,34278,45.3,54.04996676162064,1.4940342275091942,0,24,2,50,41.25,49.34,0.0,0.0,0.0,0.0,0.0,0.0
418,35084,33.28,50.80122738514289,1.4416040431743944,0,22,2,50,35.63,30.93,0.0,0.0,0.0,0.0,0.0,0.0
419,35084,47.98,46.40133072628051,1.4820995062155324,0,22,2,50,48.83,47.13,0.0,0.0,0.0,0.0,0.0,0.0
420,33875,79.02,54.15533661212252,1.4587176193788298,0,25,2,50,72.6,85.44,0.0,0.0,0.0,0.0,0.0,0.0
421,37099,48.2,51.52815705386762,1.381099679476837,0,17,2,50,43.06,53.35,0.0,0.0,0.0,0.0,0.0,0.0
422,33875,21.13,51.61907358332511,1.3790876286147276,0,25,2,50,22.57,19.69,0.0,0.0,0.0,0.0,0.0,0.0
423,35487,51.14,53.30063456862698,1.4931995567995549,0,21,2,50,52.08,50.21,0.0,0.0,0.0,0.0,0.0,0.0
424,34278,32.54,52.13726052393352,1.4099559456125563,0,24,2,50,32.59,32.5,0.0,0.0,0.0,0.0,0.0,0.0
425,33875,67.42,46.86074113162206,1.4922855187392037,0,25,2,50,71.52,63.33,0.0,0.0,0.0,0.0,0.0,0.0
426,34681,68.4,50.45772399481845,1.4249197110843457,0,23,2,50,67.49,69.3,0.0,0.0,0.0,0.0,0.0,0.0
427,33875,24.24,52.04601056582754,1.4825744404664616,0,25,2,50,26.55,21.94,0.0,0.0,0.0,0.0,0.0,0.0
428,33875,52.92,48.28097118613006,1.3632837923393597,0,25,2,50,54.41,51.44,0.0,0.0,0.0,0.0,0.0,0.0
429,34681,79.84,47.98327411091732,1.3893013762913404,0,23,2,50,81.18,78.51,0.0,0.0,0.0,0.0,0.0,0.0
430,35084,90.88,51.819655985312,1.3983749610798055,0,22,2,50,92.99,88.77,0.0,0.0,0.0,0.0,0.0,0.0
431,33875,34.56,58.75427263481812,1.462702272096718,0,25,2,50,33.38,35.73,0.0,0.0,0.0,0.0,0.0,0.0
432,33875,45.11,50.69842447000825,1.4915335615795369,0,25,2,50,41.49,48.73,0.0,0.0,0.0,0.0,0.0,0.0
433,33875,59.28,55.42996836303814,1.514310793353952,0,25,2,50,60.15,58.4,0.0,0.0,0.0,0.0,0.0,0.0
434,34278,78.67,49.76376320591235,1.4242527935601703,0,24,2,50,77.79,79.54,0.0,0.0,0.0,0.0,0.0,0.0
435,35487,63.59,48.18206790326728,1.392921229309067,0,21,2,50,70.44,56.74,0.0,0.0,0.0,0.0,0.0,0.0
436,34681,69.28,47.238443225341776,1.440902163662879,0,23,2,50,64.14,74.41,0.0,0.0,0.0,0.0,0.0,0.0
437,33875,52.73,49.72568161035705,1.4650894751037111,0,25,2,50,49.4,56.06,0.0,0.0,0.0,0.0,0.0,0.0
438,35487,63.59,48.676928618744284,1.452139787734816,0,21,2,50,65.23,61.95,0.0,0.0,0.0,0.0,0.0,0.0
439,36293,27.1,51.00471602188957,1.5608015689117538,0,19,2,50,26.28,27.91,0.0,0.0,0.0,0.0,0.0,0.0
440,34681,55.26,53.43664906638926,1.4183724616492714,0,23,2,50,49.72,60.79,0.0,0.0,0.0,0.0,0.0,0.0
441,33875,66.08,50.17395025078407,1.4014915081646595,0,25,2,50,65.93,66.22,0.0,0.0,0.0,0.0,0.0,0.0
442,33875,56.65,47.554465424316334,1.463117380116992,0,25,2,50,55.13,58.17,0.0,0.0,0.0,0.0,0.0,0.0
443,33875,51.71,47.36511852974691,1.3902201801036298,0,25,2,50,59.2,44.22,0.0,0.0,0.0,0.0,0.0,0.0
444,35890,66.41,53.78208258946724,1.474604585074151,0,20,2,50,58.45,74.37,0.0,0.0,0.0,0.0,0.0,0.0
445,33875,87.3,53.64044644327951,1.5286022784380184,0,25,2,50,90.88,83.72,0.0,0.0,0.0,0.0,0.0,0.0
446,33875,86.96,49.72513453108969,1.4371285506501177,0,25,2,50,87.54,86.39,0.0,0.0,0.0,0.0,0.0,0.0
447,34278,36.84,52.86297815549033,1.380866312517837,0,24,2,50,42.66,31.03,0.0,0.0,0.0,0.0,0.0,0.0
448,33875,66.66,52.91198524344196,1.427811142390829,0,25,2,50,64.58,68.73,0.0,0.0,0.0,0.0,0.0,0.0
449,33875,47.22,50.27969525646844,1.3619975632680985,0,25,2,50,47.75,46.7,0.0,0.0,0.0,0.0,0.0,0.0
450,33875,77.28,50.83182072611563,1.4238938469345317,0,25,2,50,81.02,73.55,0.0,0.0,0.0,0.0,0.0,0.0
451,35487,24.64,46.67973198454542,1.3871741385274543,0,21,2,50,26.56,22.71,0.0,0.0,0.0,0.0,0.0,0.0
452,33875,65.89,53.01792185655694,1.4785916770063168,0,25,2,50,70.28,61.5,0.0,0.0,0.0,0.0,0.0,0.0
453,34278,41.43,47.19115592311308,1.408931637096157,0,24,2,50,41.84,41.02,0.0,0.0,0.0,0.0,0.0,0.0
454,33875,39.0,49.82914966506544,1.430618016157967,0,25,2,50,42.06,35.94,0.0,0.0,0.0,0.0,0.0,0.0
455,35487,78.96,49.58355591515966,1.4292095213086542,0,21,2,50,81.5,76.41,0.0,0.0,0.0,0.0,0.0,0.0
456,33875,52.88,45.60446184563625,1.334354161796297,0,25,2,50,54.76,51.0,0.0,0.0,0.0,0.0,0.0,0.0
457,33875,64.98,54.04240549913309,1.4655288894591556,0,25,2,50,60.65,69.31,0.0,0.0,0.0,0.0,0.0,0.0
458,35084,52.25,49.60550430085302,1.382903048637533,0,22,2,50,55.48,49.02,0.0,0.0,0.0,0.0,0.0,0.0
459,35084,48.1,48.68943737989496,1.457076958862705,0,22,2,50,49.93,46.28,0.0,0.0,0.0,0.0,0.0,0.0
460,34681,27.17,50.643643297894776,1.46507372132076,0,23,2,50,24.16,30.18,0.0,0.0,0.0,0.0,0.0,0.0
461,36293,54.66,46.17266111305595,1.5074113870773966,0,19,2,50,60.32,49.01,0.0,0.0,0.0,0.0,0.0,0.0
462,33875,37.39,50.77256813997194,1.4674841582241216,0,25,2,50,35.53,39.26,0.0,0.0,0.0,0.0,0.0,0.0
463,34278,72.09,49.815353342513646,1.387023450601326,0,24,2,50,75.72,68.45,0.0,0.0,0.0,0.0,0.0,0.0
464,33875,35.63,50.56634080464524,1.493807120868716,0,25,2,50,35.26,36.0,0.0,0.0,0.0,0.0,0.0,0.0
465,33875,77.96,46.18531312706752,1.3722684645832637,0,25,2,50,74.15,81.76,0.0,0.0,0.0,0.0,0.0,0.0
466,33875,47.1,51.706398447482215,1.4228715043925837,0,25,2,50,51.3,42.91,0.0,0.0,0.0,0.0,0.0,0.0
467,33875,37.44,48.7377565435482,1.5904739543987338,0,25,2,50,34.4,40.47,0.0,0.0,0.0,0.0,0.0,0.0
468,33875,53.67,49.48598513502336,1.447088805177035,0,25,2,50,48.31,59.03,0.0,0.0,0.0,0.0,0.0,0.0
469,34278,64.34,51.480060959373766,1.5156329609234225,0,24,2,50,64.66,64.03,0.0,0.0,0.0,0.0,0.0,0.0
470,33875,45.3,47.49073739559822,1.4595919178797312,0,25,2,50,45.97,44.63,0.0,0.0,0.0,0.0,0.0,0.0
471,36293,31.46,52.94511632330404,1.410242169906177,0,19,2,50,34.05,28.87,0.0,0.0,0.0,0.0,0.0,0.0
472,33875,74.68,52.37530762241073,1.3993599411712232,0,25,2,50,65.66,83.7,0.0,0.0,0.0,0.0,0.0,0.0
473,33875,44.96,53.28968729517057,1.398287552559054,0,25,2,50,42.0,47.91,0.0,0.0,0.0,0.0,0.0,0.0
474,33875,56.82,51.755356100270056,1.34223857427724,0,25,2,50,55.5,58.14,0.0,0.0,0.0,0.0,0.0,0.0
475,36293,65.35,50.5481867676015,1.370978060170243,0,19,2,50,71.98,58.72,0.0,0.0,0.0,0.0,0.0,0.0
476,33875,82.89,46.12697563676349,1.4305523834041765,0,25,2,50,69.83,95.95,0.0,0.0,0.0,0.0,0.0,0.0
477,33875,58.56,48.2515450366203,1.5103051301715538,0,25,2,50,62.13,55.0,0.0,0.0,0.0,0.0,0.0,0.0
478,33875,82.98,49.96568110405372,1.4711126752372403,0,25,2,50,83.72,82.24,0.0,0.0,0.0,0.0,0.0,0.0
479,33875,57.3,49.45752309789937,1.541075408582266,0,25,2,50,61.53,53.08,0.0,0.0,0.0,0.0,0.0,0.0
480,35487,78.33,56.77675989489523,1.428698764720302,0,21,2,50,74.34,82.32,0.0,0.0,0.0,0.0,0.0,0.0
481,35890,25.65,53.42913677328695,1.4122231612704086,0,20,2,50,24.12,27.18,0.0,0.0,0.0,0.0,0.0,0.0
482,33875,45.91,53.13443907291644,1.3747163237621094,0,25,2,50,45.43,46.39,0.0,0.0,0.0,0.0,0.0,0.0
483,34278,56.08,57.11695917950191,1.3367091861689302,0,24,2,50,56.0,56.17,0.0,0.0,0.0,0.0,0.0,0.0
484,34681,57.32,52.42467808048597,1.3807457872011435,0,23,2,50,62.19,52.45,0.0,0.0,0.0,0.0,0.0,0.0
485,34278,71.18,51.909830919716384,1.340068915942337,0,24,2,50,67.89,74.47,0.0,0.0,0.0,0.0,0.0,0.0
486,33875,73.04,53.94499968997849,1.4311029132630635,0,25,2,50,79.12,66.95,0.0,0.0,0.0,0.0,0.0,0.0
487,34278,38.05,52.30486851016963,1.4175151617967177,0,24,2,50,36.46,39.64,0.0,0.0,0.0,0.0,0.0,0.0
488,33875,88.78,50.360388129953485,1.4104962875899578,0,25,2,50,88.1,89.47,0.0,0.0,0.0,0.0,0.0,0.0
489,33875,62.26,51.488081139685015,1.40195692282149,0,25,2,50,62.76,61.76,0.0,0.0,0.0,0.0,0.0,0.0
490,33875,41.12,44.88443443646004,1.460822996758169,0,25,2,50,38.95,43.3,0.0,0.0,0.0,0.0,0.0,0.0
491,33875,61.42,49.975824997990365,1.4155873484484691,0,25,2,50,58.91,63.93,0.0,0.0,0.0,0.0,0.0,0.0
492,33875,69.1,51.789022301105206,1.504849954458845,0,25,2,50,73.44,64.75,0.0,0.0,0.0,0.0,0.0,0.0
493,35890,28.2,51.87202120497646,1.390633985565133,0,20,2,50,28.99,27.42,0.0,0.0,0.0,0.0,0.0,0.0
494,33875,26.89,53.57012618092756,1.4284295728861889,0,25,2,50,26.36,27.42,0.0,0.0,0.0,0.0,0.0,0.0
495,33875,56.09,50.24821447880573,1.5223572068492897,0,25,2,50,54.14,58.04,0.0,0.0,0.0,0.0,0.0,0.0
496,33875,24.15,52.0801302126368,1.4639957726293753,0,25,2,50,25.64,22.66,0.0,0.0,0.0,0.0,0.0,0.0
497,33875,83.51,50.49504022017749,1.5229924790959088,0,25,2,50,83.22,83.8,0.0,0.0,0.0,0.0,0.0,0.0
498,33875,58.16,49.55637402225485,1.3989345234909385,0,25,2,50,56.75,59.56,0.0,0.0,0.0,0.0,0.0,0.0
499,33875,53.04,51.00951731897418,1.345804176169887,0,25,2,50,59.52,46.57,0.0,0.0,0.0,0.0,0.0,0.0
500,34278,70.38,51.66140831672405,1.3933062935360474,0,24,2,50,77.82,62.93,0.0,0.0,0.0,0.0,0.0,0.0
501,33875,74.37,54.65669581349563,1.4999856491726384,0,25,2,50,75.74,73.0,0.0,0.0,0.0,0.0,0.0,0.0
502,33875,26.46,52.66231894020544,1.3922091731470356,0,25,2,50,26.67,26.24,0.0,0.0,0.0,0.0,0.0,0.0
503,33875,37.28,51.73942071389115,1.44207334503048,0,25,2,50,36.08,38.47,0.0,0.0,0.0,0.0,0.0,0.0
504,34681,63.22,46.867889569500726,1.4242192691626356,0,23,2,50,57.32,69.11,0.0,0.0,0.0,0.0,0.0,0.0
505,35487,77.47,47.7446012081805,1.4785931097139882,0,21,2,50,77.5,77.45,0.0,0.0,0.0,0.0,0.0,0.0
506,33875,22.46,55.33147346582102,1.442700195918423,0,25,2,50,20.98,23.93,0.0,0.0,0.0,0.0,0.0,0.0
507,33875,80.63,58.13271717954719,1.4047373495778497,0,25,2,50,74.82,86.45,0.0,0.0,0.0,0.0,0.0,0.0
508,33875,62.24,51.575625537515215,1.3976665713998695,0,25,2,50,66.57,57.92,0.0,0.0,0.0,0.0,0.0,0.0
509,33875,88.78,52.01701878814236,1.5038382881100258,0,25,2,50,84.01,93.56,0.0,0.0,0.0,0.0,0.0,0.0
510,33875,32.62,53.18577938618677,1.4436589114203044,0,25,2,50,31.06,34.17,0.0,0.0,0.0,0.0,0.0,0.0
511,35890,55.96,45.7911472853859,1.4044851254194315,0,20,2,50,52.51,59.41,0.0,0.0,0.0,0.0,0.0,0.0
512,37099,22.92,51.72404969570375,1.5097215774138504,0,17,2,50,21.94,23.9,0.0,0.0,0.0,0.0,0.0,0.0
513,34681,80.54,52.32343744032724,1.3886182076680669,0,23,2,50,91.14,69.93,0.0,0.0,0.0,0.0,0.0,0.0
514,33875,65.72,45.390134553099685,1.407432447559384,0,25,2,50,65.78,65.67,0.0,0.0,0.0,0.0,0.0,0.0
515,33875,50.98,54.38229773585497,1.4652168316958152,0,25,2,50,45.46,56.5,0.0,0.0,0.0,0.0,0.0,0.0
516,35084,48.25,51.23697222906751,1.4784584671852874,0,22,2,50,51.27,45.23,0.0,0.0,0.0,0.0,0.0,0.0
517,33875,22.74,51.80890881633184,1.3716817830580883,0,25,2,50,22.58,22.89,0.0,0.0,0.0,0.0,0.0,0.0
518,35487,61.1,48.99288365697181,1.3370339033479663,0,21,2,50,64.29,57.91,0.0,0.0,0.0,0.0,0.0,0.0
519,36293,68.46,49.817899757897685,1.392363919322663,0,19,2,50,63.12,73.81,0.0,0.0,0.0,0.0,0.0,0.0
520,33875,82.81,51.013032113696354,1.3041832510769118,0,25,2,50,76.39,89.23,0.0,0.0,0.0,0.0,0.0,0.0
521,33875,23.16,58.450904764638665,1.400737471790514,0,25,2,50,24.42,21.91,0.0,0.0,0.0,0.0,0.0,0.0
522,35084,61.41,50.88905631026931,1.3455251851387604,0,22,2,50,54.48,68.35,0.0,0.0,0.0,0.0,0.0,0.0
523,35487,53.4,50.16618752608892,1.378218361365463,0,21,2,50,59.21,47.58,0.0,0.0,0.0,0.0,0.0,0.0
524,33875,67.09,53.73773692307679,1.4125498809779773,0,25,2,50,61.22,72.95,0.0,0.0,0.0,0.0,0.0,0.0
525,35487,52.44,50.931006706785695,1.301382048242644,0,21,2,50,55.45,49.44,0.0,0.0,0.0,0.0,0.0,0.0
526,37502,42.7,51.04298774618471,1.4029762811019253,0,16,2,50,41.32,44.09,0.0,0.0,0.0,0.0,0.0,0.0
527,35084,30.36,47.88058907136725,1.4352664765697625,0,22,2,50,30.11,30.61,0.0,0.0,0.0,0.0,0.0,0.0
528,35084,43.98,44.686814624877286,1.4817939421764643,0,22,2,50,44.13,43.83,0.0,0.0,0.0,0.0,0.0,0.0
529,35084,83.12,46.44654930749096,1.4794813857104088,0,22,2,50,86.33,79.92,0.0,0.0,0.0,0.0,0.0,0.0
530,35487,38.44,52.68451982549332,1.4347256929957568,0,21,2,50,41.34,35.54,0.0,0.0,0.0,0.0,0.0,0.0
531,33875,63.15,47.195395454067146,1.409214860053701,0,25,2,50,62.65,63.65,0.0,0.0,0.0,0.0,0.0,0.0
532,36293,83.35,53.36844590506688,1.4004271803521895,0,19,2,50,82.86,83.84,0.0,0.0,0.0,0.0,0.0,0.0
533,33875,27.58,51.847726178842855,1.4402936386979408,0,25,2,50,25.56,29.59,0.0,0.0,0.0,0.0,0.0,0.0
534,33875,55.98,50.77395097943042,1.479210776785307,0,25,2,50,55.62,56.34,0.0,0.0,0.0,0.0,0.0,0.0
535,33875,83.1,49.40694974999725,1.396978771826996,0,25,2,50,86.5,79.71,0.0,0.0,0.0,0.0,0.0,0.0
536,33875,75.96,50.63309675977537,1.369892811542534,0,25,2,50,76.48,75.44,0.0,0.0,0.0,0.0,0.0,0.0
537,35084,85.32,49.64672275508743,1.3926864360392148,0,22,2,50,98.32,72.31,0.0,0.0,0.0,0.0,0.0,0.0
538,35084,53.04,45.26388398188211,1.384837595578864,0,22,2,50,58.41,47.67,0.0,0.0,0.0,0.0,0.0,0.0
539,33875,22.22,52.56772304468627,1.4899890104685831,0,25,2,50,23.43,21.01,0.0,0.0,0.0,0.0,0.0,0.0
540,33875,71.03,57.06450808009341,1.4186389539317306,0,25,2,50,68.93,73.12,0.0,0.0,0.0,0.0,0.0,0.0
541,37502,72.59,51.21330807911844,1.4149608731618162,0,16,2,50,69.73,75.45,0.0,0.0,0.0,0.0,0.0,0.0
542,33875,83.35,51.46844807751646,1.391159545014526,0,25,2,50,78.59,88.11,0.0,0.0,0.0,0.0,0.0,0.0
543,35890,38.14,52.53618154485628,1.4730794208452476,0,20,2,50,37.01,39.28,0.0,0.0,0.0,0.0,0.0,0.0
544,33875,48.15,51.29829659427662,1.372000528461668,0,25,2,50,42.86,53.44,0.0,0.0,0.0,0.0,0.0,0.0
545,33875,79.37,55.65102828506587,1.4151293547121235,0,25,2,50,79.85,78.89,0.0,0.0,0.0,0.0,0.0,0.0
546,35890,78.6,48.58978136898067,1.5047869640122995,0,20,2,50,84.96,72.23,0.0,0.0,0.0,0.0,0.0,0.0
547,35084,82.42,51.87521930209636,1.394838853179528,0,22,2,50,88.03,76.82,0.0,0.0,0.0,0.0,0.0,0.0
548,33875,84.54,51.314038164831175,1.4253896513297253,0,25,2,50,89.6,79.49,0.0,0.0,0.0,0.0,0.0,0.0
549,33875,48.38,46.68596124637138,1.4177072852194057,0,25,2,50,53.54,43.23,0.0,0.0,0.0,0.0,0.0,0.0
550,33875,52.17,54.31688361048453,1.4341260472462232,0,25,2,50,59.81,44.52,0.0,0.0,0.0,0.0,0.0,0.0
551,37099,58.77,53.59224844729373,1.385682289654513,0,17,2,50,51.74,65.8,0.0,0.0,0.0,0.0,0.0,0.0
552,34278,46.06,45.55031382785363,1.4574412055621004,0,24,2,50,41.09,51.03,0.0,0.0,0.0,0.0,0.0,0.0
553,34681,95.25,44.58989033028077,1.4617542542078334,0,23,2,50,99.25,91.25,0.0,0.0,0.0,0.0,0.0,0.0
554,33875,67.46,52.29683209972678,1.451957621922627,0,25,2,50,68.82,66.1,0.0,0.0,0.0,0.0,0.0,0.0
555,33875,44.06,47.68586249520511,1.4754630608370836,0,25,2,50,43.5,44.62,0.0,0.0,0.0,0.0,0.0,0.0
556,33875,28.91,49.822105794324365,1.412483423176951,0,25,2,50,28.14,29.68,0.0,0.0,0.0,0.0,0.0,0.0
557,37502,72.65,47.29081244098098,1.317679271886823,0,16,2,50,71.54,73.75,0.0,0.0,0.0,0.0,0.0,0.0
558,35890,69.43,55.0675239887334,1.4138851558698733,0,20,2,50,67.42,71.44,0.0,0.0,0.0,0.0,0.0,0.0
559,33875,81.81,55.9002777086439,1.3352040932621734,0,25,2,50,80.22,83.4,0.0,0.0,0.0,0.0,0.0,0.0
560,33875,64.69,50.31551143606475,1.4822529221382008,0,25,2,50,57.89,71.49,0.0,0.0,0.0,0.0,0.0,0.0
561,35084,70.79,51.33128152514694,1.408745085281815,0,22,2,50,71.81,69.77,0.0,0.0,0.0,0.0,0.0,0.0
562,34681,73.31,47.6833987197741,1.4466548128704924,0,23,2,50,76.22,70.4,0.0,0.0,0.0,0.0,0.0,0.0
563,34278,26.42,43.71316193815817,1.446915797581878,0,24,2,50,25.34,27.5,0.0,0.0,0.0,0.0,0.0,0.0
564,33875,60.18,49.271337673207285,1.4811698327919145,0,25,2,50,60.31,60.04,0.0,0.0,0.0,0.0,0.0,0.0
565,35487,59.99,53.12142041476347,1.339282930274102,0,21,2,50,59.71,60.27,0.0,0.0,0.0,0.0,0.0,0.0
566,34278,33.74,46.65582749431934,1.4429208269393388,0,24,2,50,32.98,34.5,0.0,0.0,0.0,0.0,0.0,0.0
567,35890,69.09,48.75032357056133,1.4147844822969733,0,20,2,50,75.95,62.23,0.0,0.0,0.0,0.0,0.0,0.0
568,33875,49.38,54.496535876336544,1.4239023499693866,0,25,2,50,53.48,45.27,0.0,0.0,0.0,0.0,0.0,0.0
569,33875,75.12,51.890801653564274,1.420078390749265,0,25,2,50,77.54,72.69,0.0,0.0,0.0,0.0,0.0,0.0
570,34681,76.18,56.08506516276567,1.464095720393549,0,23,2,50,87.31,65.04,0.0,0.0,0.0,0.0,0.0,0.0
571,35084,61.02,56.44459010948402,1.5086041706709392,0,22,2,50,69.58,52.47,0.0,0.0,0.0,0.0,0.0,0.0
572,33875,37.53,50.08666677667921,1.4407130671524933,0,25,2,50,35.99,39.06,0.0,0.0,0.0,0.0,0.0,0.0
573,34278,33.89,50.10893135011907,1.4828500542551426,0,24,2,50,35.33,32.46,0.0,0.0,0.0,0.0,0.0,0.0
574,34681,24.35,53.83008974523971,1.3376964904926365,0,23,2,50,25.52,23.18,0.0,0.0,0.0,0.0,0.0,0.0
575,33875,26.96,50.98604971380057,1.4137455201725218,0,25,2,50,27.28,26.63,0.0,0.0,0.0,0.0,0.0,0.0
576,33875,57.6,47.29250825609495,1.4209650997443712,0,25,2,50,59.2,56.01,0.0,0.0,0.0,0.0,0.0,0.0
577,34681,26.2,53.1860680124726,1.4121962789692466,0,23,2,50,26.6,25.79,0.0,0.0,0.0,0.0,0.0,0.0
578,33875,41.01,51.26890396085288,1.4127518980453748,0,25,2,50,45.02,37.0,0.0,0.0,0.0,0.0,0.0,0.0
579,33875,58.5,51.106705277926224,1.4044422160063088,0,25,2,50,58.24,58.76,0.0,0.0,0.0,0.0,0.0,0.0
580,33875,32.05,43.06908886596752,1.4390932107356855,0,25,2,50,33.61,30.49,0.0,0.0,0.0,0.0,0.0,0.0
581,33875,50.96,50.80018036448876,1.5061472763140316,0,25,2,50,53.27,48.66,0.0,0.0,0.0,0.0,0.0,0.0
582,36293,26.85,48.81068095154495,1.4159321148650796,0,19,2,50,24.63,29.07,0.0,0.0,0.0,0.0,0.0,0.0
583,35487,31.88,49.078669067155765,1.3255244189668551,0,21,2,50,31.67,32.08,0.0,0.0,0.0,0.0,0.0,0.0
584,33875,63.2,52.41732420280256,1.4119620924958678,0,25,2,50,66.23,60.16,0.0,0.0,0.0,0.0,0.0,0.0
585,34681,27.66,51.80473823688501,1.4226789425681168,0,23,2,50,26.59,28.73,0.0,0.0,0.0,0.0,0.0,0.0
586,33875,22.76,48.63275189555178,1.280995374504113,0,25,2,50,22.25,23.28,0.0,0.0,0.0,0.0,0.0,0.0
587,34278,45.62,49.74143474453823,1.5353306785416294,0,24,2,50,46.24,45.0,0.0,0.0,0.0,0.0,0.0,0.0
588,33875,36.53,50.60987362938053,1.408762487584927,0,25,2,50,33.95,39.11,0.0,0.0,0.0,0.0,0.0,0.0
589,33875,38.6,49.03539078020126,1.417753353974266,0,25,2,50,36.21,40.98,0.0,0.0,0.0,0.0,0.0,0.0
590,38308,34.32,54.04688881091767,1.403182626699987,0,14,2,50,33.86,34.78,0.0,0.0,0.0,0.0,0.0,0.0
591,33875,45.9,49.81775492313917,1.394558247636109,0,25,2,50,41.84,49.95,0.0,0.0,0.0,0.0,0.0,0.0
592,35487,52.06,54.97753911812576,1.382485661934546,0,21,2,50,58.84,45.29,0.0,0.0,0.0,0.0,0.0,0.0
593,33875,37.46,58.5214458776278,1.347829981999175,0,25,2,50,40.43,34.48,0.0,0.0,0.0,0.0,0.0,0.0
594,33875,33.53,56.85032462849837,1.453188554541077,0,25,2,50,34.12,32.94,0.0,0.0,0.0,0.0,0.0,0.0
595,37099,61.88,52.718089594708616,1.4053496055455843,0,17,2,50,55.56,68.19,0.0,0.0,0.0,0.0,0.0,0.0
596,33875,25.34,53.79022025934124,1.4639977192267093,0,25,2,50,28.73,21.96,0.0,0.0,0.0,0.0,0.0,0.0
597,33875,21.58,48.58192712844075,1.3777100045566273,0,25,2,50,20.42,22.73,0.0,0.0,0.0,0.0,0.0,0.0
598,35890,86.72,48.3487224905797,1.3432107012236518,0,20,2,50,87.59,85.86,0.0,0.0,0.0,0.0,0.0,0.0
599,34278,46.59,47.82532404319191,1.4407250858389224,0,24,2,50,44.78,48.4,0.0,0.0,0.0,0.0,0.0,0.0
600,33875,41.7,54.350346443036486,1.3632562205466243,0,25,2,50,42.69,40.71,0.0,0.0,0.0,0.0,0.0,0.0
601,33875,52.28,50.69485622867655,1.458229137087743,0,25,2,50,50.53,54.04,0.0,0.0,0.0,0.0,0.0,0.0
602,33875,46.3,53.06509220316686,1.3181814372158798,0,25,2,50,45.02,47.58,0.0,0.0,0.0,0.0,0.0,0.0
603,34681,87.85,45.05696602580085,1.4234640809639258,0,23,2,50,80.87,94.83,0.0,0.0,0.0,0.0,0.0,0.0
604,34681,44.58,48.497403813875785,1.3974432221241204,0,23,2,50,42.4,46.77,0.0,0.0,0.0,0.0,0.0,0.0
605,33875,55.97,52.39200283574189,1.3812323793898886,0,25,2,50,55.99,55.95,0.0,0.0,0.0,0.0,0.0,0.0
606,34278,62.9,45.4132052282578,1.4750342807484182,0,24,2,50,64.45,61.34,0.0,0.0,0.0,0.0,0.0,0.0
607,33875,34.61,51.17478547627806,1.2925621940763636,0,25,2,50,32.54,36.67,0.0,0.0,0.0,0.0,0.0,0.0
608,36293,81.82,50.52103865707488,1.456604132623344,0,19,2,50,85.37,78.28,0.0,0.0,0.0,0.0,0.0,0.0
609,36696,36.83,53.75498446138087,1.3975253014272673,0,18,2,50,35.44,38.21,0.0,0.0,0.0,0.0,0.0,0.0
610,33875,80.78,53.93207386359272,1.5155045798951814,0,25,2,50,78.56,83.01,0.0,0.0,0.0,0.0,0.0,0.0
611,33875,44.14,54.11524588553946,1.431980663077581,0,25,2,50,38.0,50.27,0.0,0.0,0.0,0.0,0.0,0.0
612,33875,89.51,48.4249917299387,1.4210542190941091,0,25,2,50,90.13,88.89,0.0,0.0,0.0,0.0,0.0,0.0
613,34278,35.11,54.75510872880366,1.5092567999712114,0,24,2,50,32.35,37.86,0.0,0.0,0.0,0.0,0.0,0.0
614,37502,23.58,52.33706361708886,1.4537882388281962,0,16,2,50,20.96,26.2,0.0,0.0,0.0,0.0,0.0,0.0
615,33875,41.26,46.498735636417095,1.3683776927211668,0,25,2,50,36.39,46.12,0.0,0.0,0.0,0.0,0.0,0.0
616,33875,67.79,48.528690959648,1.4030391543347118,0,25,2,50,60.87,74.71,0.0,0.0,0.0,0.0,0.0,0.0
617,35487,64.38,53.99012834184738,1.3893003624629483,0,21,2,50,61.13,67.62,0.0,0.0,0.0,0.0,0.0,0.0
618,35890,41.23,46.07056803441762,1.3518745669581391,0,20,2,50,42.1,40.36,0.0,0.0,0.0,0.0,0.0,0.0
619,34681,73.6,49.87700406396461,1.4185154301157137,0,23,2,50,73.82,73.37,0.0,0.0,0.0,0.0,0.0,0.0
620,33875,88.01,54.85599228412998,1.4800614486489936,0,25,2,50,79.21,96.81,0.0,0.0,0.0,0.0,0.0,0.0
621,33875,50.48,50.74307471835913,1.3424930637133614,0,25,2,50,50.36,50.6,0.0,0.0,0.0,0.0,0.0,0.0
622,35890,50.96,52.351181520655615,1.42521915505762,0,20,2,50,50.23,51.7,0.0,0.0,0.0,0.0,0.0,0.0
623,35890,53.42,46.96121431921251,1.3826924890814534,0,20,2,50,56.39,50.45,0.0,0.0,0.0,0.0,0.0,0.0
624,36696,54.81,50.37003605555516,1.360063550018907,0,18,2,50,57.68,51.94,0.0,0.0,0.0,0.0,0.0,0.0
625,33875,35.64,52.53222886431278,1.4379978696836804,0,25,2,50,32.65,38.63,0.0,0.0,0.0,0.0,0.0,0.0
626,34681,22.17,45.79848607194184,1.4058535492864186,0,23,2,50,25.1,19.24,0.0,0.0,0.0,0.0,0.0,0.0
627,33875,23.2,52.5789628454213,1.4112309100612932,0,25,2,50,22.53,23.86,0.0,0.0,0.0,0.0,0.0,0.0
628,36696,33.83,49.81690474771125,1.439083196836808,0,18,2,50,32.84,34.82,0.0,0.0,0.0,0.0,0.0,0.0
629,35084,58.57,51.60113945385101,1.4683413480147194,0,22,2,50,58.13,59.01,0.0,0.0,0.0,0.0,0.0,0.0
630,35487,30.28,49.54316526809225,1.408815278313886,0,21,2,50,27.78,32.79,0.0,0.0,0.0,0.0,0.0,0.0
631,35890,46.46,49.48126997185046,1.4473821128303488,0,20,2,50,44.44,48.49,0.0,0.0,0.0,0.0,0.0,0.0
632,33875,39.41,44.80455102830371,1.4158454311596913,0,25,2,50,43.78,35.04,0.0,0.0,0.0,0.0,0.0,0.0
633,33875,39.8,53.50760016689202,1.3278752111967849,0,25,2,50,40.72,38.89,0.0,0.0,0.0,0.0,0.0,0.0
634,33875,71.31,56.197939466338255,1.3913340161495218,0,25,2,50,67.97,74.65,0.0,0.0,0.0,0.0,0.0,0.0
635,35487,54.18,48.06166094496601,1.3646775013611354,0,21,2,50,51.39,56.97,0.0,0.0,0.0,0.0,0.0,0.0
636,35890,48.76,48.38840505745705,1.3826477649078128,0,20,2,50,49.84,47.67,0.0,0.0,0.0,0.0,0.0,0.0
637,33875,38.08,57.32964040848814,1.4091174107560067,0,25,2,50,36.48,39.68,0.0,0.0,0.0,0.0,0.0,0.0
638,33875,74.72,50.03434300913174,1.4833851333688977,0,25,2,50,76.57,72.88,0.0,0.0,0.0,0.0,0.0,0.0
639,35487,64.6,45.65464992735447,1.438200031531831,0,21,2,50,67.47,61.73,0.0,0.0,0.0,0.0,0.0,0.0
640,37099,62.88,47.29831174472202,1.415267455120176,0,17,2,50,63.02,62.74,0.0,0.0,0.0,0.0,0.0,0.0
641,33875,66.58,50.88117555772402,1.399320490263701,0,25,2,50,60.48,72.68,0.0,0.0,0.0,0.0,0.0,0.0
642,33875,55.52,49.374323733634185,1.3876500561826612,0,25,2,50,61.27,49.77,0.0,0.0,0.0,0.0,0.0,0.0
643,36696,67.15,51.19831672018476,1.4206881601832793,0,18,2,50,60.39,73.91,0.0,0.0,0.0,0.0,0.0,0.0
644,35084,41.46,47.162712119082535,1.3739320036559135,0,22,2,50,44.91,38.02,0.0,0.0,0.0,0.0,0.0,0.0
645,36293,73.91,45.210606761148114,1.4455329628325395,0,19,2,50,78.65,69.17,0.0,0.0,0.0,0.0,0.0,0.0
646,35890,28.68,48.79516373996992,1.4279971921823134,0,20,2,50,30.83,26.53,0.0,0.0,0.0,0.0,0.0,0.0
647,33875,25.18,44.86947642568721,1.3852667246933383,0,25,2,50,25.33,25.03,0.0,0.0,0.0,0.0,0.0,0.0
648,33875,95.4,52.244238874150106,1.4095293019914292,0,25,2,50,91.8,99.01,0.0,0.0,0.0,0.0,0.0,0.0
649,35487,50.61,44.385924765836734,1.3955921713637978,0,21,2,50,53.43,47.8,0.0,0.0,0.0,0.0,0.0,0.0
650,34278,63.2,49.3732222150734,1.3333513190631243,0,24,2,50,68.25,58.16,0.0,0.0,0.0,0.0,0.0,0.0
651,34681,51.08,48.72377500717083,1.3739165103945403,0,23,2,50,50.74,51.43,0.0,0.0,0.0,0.0,0.0,0.0
652,35084,33.97,53.614518748973865,1.391980865775511,0,22,2,50,33.76,34.18,0.0,0.0,0.0,0.0,0.0,0.0
653,34278,51.0,46.48561579915953,1.4072998876985952,0,24,2,50,51.26,50.73,0.0,0.0,0.0,0.0,0.0,0.0
654,34278,76.41,49.350552597957424,1.4238994847189208,0,24,2,50,86.72,66.1,0.0,0.0,0.0,0.0,0.0,0.0
655,34278,43.06,48.9241315482996,1.361243039656213,0,24,2,50,43.96,42.15,0.0,0.0,0.0,0.0,0.0,0.0
656,34681,51.52,50.38434464096767,1.433049525623285,0,23,2,50,54.08,48.96,0.0,0.0,0.0,0.0,0.0,0.0
657,33875,84.9,50.42326461633104,1.4199293895450291,0,25,2,50,84.61,85.19,0.0,0.0,0.0,0.0,0.0,0.0
658,36293,50.62,51.3962873807796,1.424180098798321,0,19,2,50,45.78,55.47,0.0,0.0,0.0,0.0,0.0,0.0
659,35487,65.99,54.0039351291596,1.405067311313008,0,21,2,50,64.88,67.1,0.0,0.0,0.0,0.0,0.0,0.0
660,33875,65.66,50.15620429019187,1.4205875975374005,0,25,2,50,75.16,56.15,0.0,0.0,0.0,0.0,0.0,0.0
661,34681,29.58,51.38356305024952,1.4143138045098098,0,23,2,50,26.72,32.45,0.0,0.0,0.0,0.0,0.0,0.0
662,35084,54.86,53.19637058721472,1.3854665957120835,0,22,2,50,57.47,52.26,0.0,0.0,0.0,0.0,0.0,0.0
663,36293,51.65,53.68086956744072,1.350402305512982,0,19,2,50,55.1,48.2,0.0,0.0,0.0,0.0,0.0,0.0
664,35890,49.6,51.47339740842279,1.3223509142301144,0,20,2,50,56.68,42.52,0.0,0.0,0.0,0.0,0.0,0.0
665,35084,77.06,55.06140638430964,1.3963019578553937,0,22,2,50,70.0,84.13,0.0,0.0,0.0,0.0,0.0,0.0
666,35084,76.02,51.684499713254255,1.436210447463673,0,22,2,50,88.44,63.6,0.0,0.0,0.0,0.0,0.0,0.0
667,34278,45.0,55.19127191075946,1.4093152714496546,0,24,2,50,44.63,45.36,0.0,0.0,0.0,0.0,0.0,0.0
668,35084,61.46,58.55483766744349,1.3901579876017245,0,22,2,50,62.35,60.57,0.0,0.0,0.0,0.0,0.0,0.0
669,33875,43.18,53.71522136651744,1.4531836657859696,0,25,2,50,39.25,47.11,0.0,0.0,0.0,0.0,0.0,0.0
670,35487,60.44,55.89677683585002,1.307013782370821,0,21,2,50,63.13,57.76,0.0,0.0,0.0,0.0,0.0,0.0
671,36293,83.6,49.96336962593232,1.4000218133235762,0,19,2,50,85.33,81.86,0.0,0.0,0.0,0.0,0.0,0.0
672,34278,71.56,50.62926361329823,1.3886684303958667,0,24,2,50,65.86,77.25,0.0,0.0,0.0,0.0,0.0,0.0
673,37099,41.26,49.584847477073296,1.3842268982115902,0,17,2,50,38.64,43.88,0.0,0.0,0.0,0.0,0.0,0.0
674,33875,54.2,55.12856348261693,1.3898399991535042,0,25,2,50,57.94,50.47,0.0,0.0,0.0,0.0,0.0,0.0
675,34278,34.27,46.731964448043485,1.3534313416297676,0,24,2,50,30.97,37.57,0.0,0.0,0.0,0.0,0.0,0.0
676,34681,58.76,49.65938794635132,1.3073801040816455,0,23,2,50,63.19,54.32,0.0,0.0,0.0,0.0,0.0,0.0
677,33875,60.29,49.53709241164427,1.4076990698897591,0,25,2,50,62.4,58.18,0.0,0.0,0.0,0.0,0.0,0.0
678,36293,24.5,51.72146941324842,1.3438714240882232,0,19,2,50,25.1,23.89,0.0,0.0,0.0,0.0,0.0,0.0
679,35890,63.82,46.62426279743891,1.3480172684606233,0,20,2,50,58.86,68.78,0.0,0.0,0.0,0.0,0.0,0.0
680,33875,21.76,50.85774729295216,1.3852804661344245,0,25,2,50,22.95,20.57,0.0,0.0,0.0,0.0,0.0,0.0
681,37502,51.34,49.55873381207286,1.4363251088365236,0,16,2,50,45.18,57.51,0.0,0.0,0.0,0.0,0.0,0.0
682,33875,59.18,57.652810905804,1.3784376572433907,0,25,2,50,61.8,56.56,0.0,0.0,0.0,0.0,0.0,0.0
683,35084,48.5,58.4766620461475,1.3859777169539316,0,22,2,50,49.18,47.81,0.0,0.0,0.0,0.0,0.0,0.0
684,34278,38.3,48.03166053747604,1.3683914217228523,0,24,2,50,41.58,35.02,0.0,0.0,0.0,0.0,0.0,0.0
685,35084,53.62,54.11458149403632,1.4634070863685418,0,22,2,50,55.97,51.28,0.0,0.0,0.0,0.0,0.0,0.0
686,33875,70.81,56.12696459698879,1.3627575279064303,0,25,2,50,64.34,77.28,0.0,0.0,0.0,0.0,0.0,0.0
687,34681,33.55,45.22898310225627,1.3166349666835229,0,23,2,50,39.01,28.09,0.0,0.0,0.0,0.0,0.0,0.0
688,34681,51.32,51.744246144681725,1.480276304646551,0,23,2,50,51.12,51.53,0.0,0.0,0.0,0.0,0.0,0.0
689,35084,65.09,48.51099734148988,1.3877752022665804,0,22,2,50,62.15,68.03,0.0,0.0,0.0,0.0,0.0,0.0
690,36293,74.92,55.221900581242,1.3229597419658357,0,19,2,50,71.25,78.59,0.0,0.0,0.0,0.0,0.0,0.0
691,33875,22.21,49.675926192961086,1.4488488312852048,0,25,2,50,24.82,19.6,0.0,0.0,0.0,0.0,0.0,0.0
692,35084,67.14,49.8066319052118,1.3890225834433187,0,22,2,50,68.08,66.21,0.0,0.0,0.0,0.0,0.0,0.0
693,37099,39.92,50.73317900460075,1.4098377833732818,0,17,2,50,32.92,46.92,0.0,0.0,0.0,0.0,0.0,0.0
694,35890,21.61,53.04324556667388,1.3839778847992108,0,20,2,50,22.57,20.65,0.0,0.0,0.0,0.0,0.0,0.0
695,34278,39.7,57.50998388987375,1.4239262108020234,0,24,2,50,40.68,38.71,0.0,0.0,0.0,0.0,0.0,0.0
696,37099,67.24,52.46688891633229,1.4726595008330174,0,17,2,50,67.52,66.96,0.0,0.0,0.0,0.0,0.0,0.0
697,34681,74.45,53.25354659031646,1.3666278156275926,0,23,2,50,75.88,73.02,0.0,0.0,0.0,0.0,0.0,0.0
698,33875,83.0,49.18362951220717,1.4002816569662024,0,25,2,50,77.23,88.76,0.0,0.0,0.0,0.0,0.0,0.0
699,35890,70.19,53.740057841119295,1.5233183576845075,0,20,2,50,78.0,62.39,0.0,0.0,0.0,0.0,0.0,0.0
700,35487,46.4,45.94104249708451,1.44668266521013,0,21,2,50,43.28,49.52,0.0,0.0,0.0,0.0,0.0,0.0
701,37502,55.56,56.57532400636138,1.4152053356170184,0,16,2,50,55.01,56.12,0.0,0.0,0.0,0.0,0.0,0.0
702,33875,71.41,48.17975027067518,1.403982720749856,0,25,2,50,69.83,73.0,0.0,0.0,0.0,0.0,0.0,0.0
703,33875,90.19,50.335601580309145,1.362602819347119,0,25,2,50,83.29,97.09,0.0,0.0,0.0,0.0,0.0,0.0
704,33875,32.91,53.64217385749057,1.4046933592164157,0,25,2,50,33.59,32.23,0.0,0.0,0.0,0.0,0.0,0.0
705,33875,65.03,49.20528680052246,1.365089849544152,0,25,2,50,58.94,71.11,0.0,0.0,0.0,0.0,0.0,0.0
706,33875,78.81,52.139966768069606,1.382558232780468,0,25,2,50,75.67,81.94,0.0,0.0,0.0,0.0,0.0,0.0
707,35890,22.3,53.81366893545228,1.3519662214678143,0,20,2,50,20.45,24.15,0.0,0.0,0.0,0.0,0.0,0.0
708,35084,28.84,55.25159792001046,1.4053619978029617,0,22,2,50,29.82,27.87,0.0,0.0,0.0,0.0,0.0,0.0
709,35084,53.46,46.98428577372067,1.444106614690663,0,22,2,50,48.78,58.15,0.0,0.0,0.0,0.0,0.0,0.0
710,35084,39.28,50.26342348076764,1.3846572059742843,0,22,2,50,38.61,39.96,0.0,0.0,0.0,0.0,0.0,0.0
711,34278,35.71,48.94733116571441,1.3613663256513349,0,24,2,50,33.99,37.43,0.0,0.0,0.0,0.0,0.0,0.0
712,34681,54.36,53.656757936506935,1.3651383326638329,0,23,2,50,57.09,51.64,0.0,0.0,0.0,0.0,0.0,0.0
713,33875,79.44,52.66222925700104,1.455416693468768,0,25,2,50,80.74,78.13,0.0,0.0,0.0,0.0,0.0,0.0
714,35487,52.4,50.70012848448573,1.3784204670503024,0,21,2,50,51.55,53.25,0.0,0.0,0.0,0.0,0.0,0.0
715,36696,83.84,47.92180643678902,1.3880361121641474,0,18,2,50,82.5,85.17,0.0,0.0,0.0,0.0,0.0,0.0
716,35487,71.0,50.76561964729422,1.4773917744461469,0,21,2,50,80.1,61.9,0.0,0.0,0.0,0.0,0.0,0.0
717,35890,48.33,53.46115598030753,1.396995807581508,0,20,2,50,45.88,50.78,0.0,0.0,0.0,0.0,0.0,0.0
718,35890,22.62,48.73767613944232,1.3931427852771738,0,20,2,50,23.55,21.68,0.0,0.0,0.0,0.0,0.0,0.0
719,35084,34.65,48.18619337314013,1.3740959323008186,0,22,2,50,32.84,36.45,0.0,0.0,0.0,0.0,0.0,0.0
720,36293,24.43,49.19820703145632,1.3856648661205655,0,19,2,50,26.6,22.26,0.0,0.0,0.0,0.0,0.0,0.0
721,36696,34.86,51.39780583591278,1.3592746028159313,0,18,2,50,34.06,35.65,0.0,0.0,0.0,0.0,0.0,0.0
722,34681,31.02,47.72307543044075,1.350071292688123,0,23,2,50,34.33,27.72,0.0,0.0,0.0,0.0,0.0,0.0
723,34278,87.49,54.77551972189639,1.3478314140890786,0,24,2,50,76.34,98.64,0.0,0.0,0.0,0.0,0.0,0.0
724,38308,23.92,49.93834910148636,1.37416441379801,0,14,2,50,23.08,24.76,0.0,0.0,0.0,0.0,0.0,0.0
725,35487,58.3,53.84435394926134,1.3695708143564256,0,21,2,50,58.92,57.69,0.0,0.0,0.0,0.0,0.0,0.0
726,34278,31.2,53.7775290549521,1.424547290496278,0,24,2,50,33.99,28.42,0.0,0.0,0.0,0.0,0.0,0.0
727,35084,60.08,52.01792651470328,1.424864074714158,0,22,2,50,63.72,56.43,0.0,0.0,0.0,0.0,0.0,0.0
728,36293,22.44,49.42119972060015,1.3146412913491283,0,19,2,50,21.02,23.86,0.0,0.0,0.0,0.0,0.0,0.0
729,35084,76.26,47.23273445990655,1.4344238867523942,0,22,2,50,78.45,74.06,0.0,0.0,0.0,0.0,0.0,0.0
730,33875,27.89,55.67782910712541,1.4716915233916985,0,25,2,50,25.73,30.05,0.0,0.0,0.0,0.0,0.0,0.0
731,40726,53.57,55.27451823332871,1.4020039454370103,0,8,2,50,52.76,54.38,0.0,0.0,0.0,0.0,0.0,0.0
732,37502,62.56,54.29309306955432,1.3165588435277638,0,16,2,50,59.07,66.06,0.0,0.0,0.0,0.0,0.0,0.0
733,35890,46.53,54.85720388981536,1.3140932792741968,0,20,2,50,47.03,46.02,0.0,0.0,0.0,0.0,0.0,0.0
734,37502,44.35,47.068728791997614,1.3934809462721762,0,16,2,50,43.75,44.95,0.0,0.0,0.0,0.0,0.0,0.0
735,35487,19.85,50.47725597316714,1.3361206989085044,0,21,2,50,18.65,21.05,0.0,0.0,0.0,0.0,0.0,0.0
736,33875,97.97,54.395267157454256,1.3852226381499209,0,25,2,50,98.48,97.46,0.0,0.0,0.0,0.0,0.0,0.0
737,36293,40.33,51.3793458882742,1.3587476272549994,0,19,2,50,41.02,39.63,0.0,0.0,0.0,0.0,0.0,0.0
738,37099,49.08,51.07624997934881,1.3118175023460876,0,17,2,50,45.94,52.23,0.0,0.0,0.0,0.0,0.0,0.0
739,35890,60.95,46.7724766406691,1.3318212321265868,0,20,2,50,58.65,63.25,0.0,0.0,0.0,0.0,0.0,0.0
740,35487,26.24,49.05357681940571,1.3500192984245472,0,21,2,50,28.89,23.59,0.0,0.0,0.0,0.0,0.0,0.0
741,37905,72.72,53.83787301750321,1.3119599201316678,0,15,2,50,65.39,80.06,0.0,0.0,0.0,0.0,0.0,0.0
742,37502,51.81,51.69982441819148,1.3000592766589747,0,16,2,50,55.0,48.62,0.0,0.0,0.0,0.0,0.0,0.0
743,38308,72.36,52.15383586171229,1.4062176653108331,0,14,2,50,75.36,69.36,0.0,0.0,0.0,0.0,0.0,0.0
744,35487,30.74,47.952276266221496,1.3670988334986942,0,21,2,50,30.89,30.58,0.0,0.0,0.0,0.0,0.0,0.0
745,33875,37.13,52.5968083019556,1.3522903409730511,0,25,2,50,34.97,39.29,0.0,0.0,0.0,0.0,0.0,0.0
746,37099,40.53,47.35880204192228,1.3154089881034,0,17,2,50,43.95,37.12,0.0,0.0,0.0,0.0,0.0,0.0
747,35084,76.06,50.40465256647683,1.3791435686217546,0,22,2,50,75.41,76.7,0.0,0.0,0.0,0.0,0.0,0.0
748,33875,51.28,47.016578953890885,1.4057297790714771,0,25,2,50,52.2,50.35,0.0,0.0,0.0,0.0,0.0,0.0
749,33875,97.33,51.09654876800696,1.3351508371807952,0,25,2,50,95.64,99.02,0.0,0.0,0.0,0.0,0.0,0.0
750,33875,78.21,51.87394218283525,1.3669203114905115,0,25,2,50,81.38,75.04,0.0,0.0,0.0,0.0,0.0,0.0
751,34681,60.29,52.09315405153721,1.4316529576714907,0,23,2,50,62.72,57.86,0.0,0.0,0.0,0.0,0.0,0.0
752,35084,78.36,50.59269560842561,1.388447832339449,0,22,2,50,80.39,76.33,0.0,0.0,0.0,0.0,0.0,0.0
753,37099,68.9,49.47941131862339,1.3300121773453235,0,17,2,50,73.97,63.82,0.0,0.0,0.0,0.0,0.0,0.0
754,36293,68.8,47.217000191447895,1.387080668971635,0,19,2,50,66.02,71.58,0.0,0.0,0.0,0.0,0.0,0.0
755,36293,32.96,53.4934106278042,1.4592841039563154,0,19,2,50,30.94,34.98,0.0,0.0,0.0,0.0,0.0,0.0
756,34278,65.12,49.72100084125204,1.3501787608129714,0,24,2,50,64.05,66.18,0.0,0.0,0.0,0.0,0.0,0.0
757,36696,65.08,47.77048251057662,1.3403590603140405,0,18,2,50,68.68,61.47,0.0,0.0,0.0,0.0,0.0,0.0
758,36696,58.06,49.58835714231049,1.4077593051705095,0,18,2,50,54.75,61.38,0.0,0.0,0.0,0.0,0.0,0.0
759,34278,80.34,46.46112846325116,1.3971812322041504,0,24,2,50,80.88,79.81,0.0,0.0,0.0,0.0,0.0,0.0
760,36696,31.34,50.84958762202981,1.409779562426986,0,18,2,50,32.52,30.16,0.0,0.0,0.0,0.0,0.0,0.0
761,33875,33.98,54.727763214289226,1.4350625496541425,0,25,2,50,33.73,34.23,0.0,0.0,0.0,0.0,0.0,0.0
762,33875,46.26,51.705704578392,1.349303493323111,0,25,2,50,44.94,47.57,0.0,0.0,0.0,0.0,0.0,0.0
763,33875,43.4,57.98497772219956,1.3473246225705222,0,25,2,50,41.01,45.79,0.0,0.0,0.0,0.0,0.0,0.0
764,33875,38.03,49.892087010506856,1.339073325121616,0,25,2,50,42.75,33.31,0.0,0.0,0.0,0.0,0.0,0.0
765,34681,73.47,50.0722789974784,1.2963263673360668,0,23,2,50,79.58,67.37,0.0,0.0,0.0,0.0,0.0,0.0
766,35890,45.55,47.12066350174126,1.3803118024112582,0,20,2,50,45.03,46.07,0.0,0.0,0.0,0.0,0.0,0.0
767,34278,23.97,49.81206235425196,1.3334929110006557,0,24,2,50,24.74,23.2,0.0,0.0,0.0,0.0,0.0,0.0
768,37905,44.1,46.150984370131056,1.3119372308881807,0,15,2,50,38.87,49.32,0.0,0.0,0.0,0.0,0.0,0.0
769,33875,57.9,49.64878661203562,1.2828666880463262,0,25,2,50,58.27,57.54,0.0,0.0,0.0,0.0,0.0,0.0
770,36293,47.78,55.01331101936473,1.3069393671093916,0,19,2,50,48.41,47.14,0.0,0.0,0.0,0.0,0.0,0.0
771,35890,72.46,56.07379314624273,1.4123374849133818,0,20,2,50,69.71,75.2,0.0,0.0,0.0,0.0,0.0,0.0
772,36293,80.67,55.37583687170125,1.3988388167649006,0,19,2,50,73.42,87.92,0.0,0.0,0.0,0.0,0.0,0.0
773,35890,78.72,47.029611603557086,1.394352943902226,0,20,2,50,89.61,67.84,0.0,0.0,0.0,0.0,0.0,0.0
774,34278,53.48,43.949569785502256,1.3796219446336244,0,24,2,50,55.36,51.59,0.0,0.0,0.0,0.0,0.0,0.0
775,34681,21.54,45.95003646398327,1.3593972053195564,0,23,2,50,19.28,23.8,0.0,0.0,0.0,0.0,0.0,0.0
776,33875,57.94,47.63048796030832,1.3429888980598488,0,25,2,50,52.27,63.62,0.0,0.0,0.0,0.0,0.0,0.0
777,37905,39.73,48.127220829352765,1.4571384440190174,0,15,2,50,34.15,45.31,0.0,0.0,0.0,0.0,0.0,0.0
778,35084,27.44,53.841546108870965,1.3201070808267636,0,22,2,50,28.92,25.96,0.0,0.0,0.0,0.0,0.0,0.0
779,36696,42.41,47.55980480249527,1.3298987833517424,0,18,2,50,36.2,48.62,0.0,0.0,0.0,0.0,0.0,0.0
780,36696,69.5,50.01934310043389,1.4442525610156156,0,18,2,50,62.52,76.47,0.0,0.0,0.0,0.0,0.0,0.0
781,33875,81.84,51.32564266682307,1.3379545048557284,0,25,2,50,76.04,87.65,0.0,0.0,0.0,0.0,0.0,0.0
782,33875,49.0,52.05829406746579,1.2874020090064835,0,25,2,50,55.88,42.13,0.0,0.0,0.0,0.0,0.0,0.0
783,33875,21.36,48.33075543008833,1.4762669769514658,0,25,2,50,20.69,22.02,0.0,0.0,0.0,0.0,0.0,0.0
784,35487,88.04,48.580098990226816,1.3503642825784092,0,21,2,50,87.26,88.82,0.0,0.0,0.0,0.0,0.0,0.0
785,34278,46.24,47.362004111741086,1.3971851989613,0,24,2,50,46.08,46.4,0.0,0.0,0.0,0.0,0.0,0.0
786,35487,39.8,50.28156269325802,1.370043795602627,0,21,2,50,41.44,38.15,0.0,0.0,0.0,0.0,0.0,0.0
787,33875,77.96,54.28250216630531,1.4166012580408365,0,25,2,50,81.89,74.04,0.0,0.0,0.0,0.0,0.0,0.0
788,35487,81.5,50.40709149019991,1.3718680918441746,0,21,2,50,77.53,85.46,0.0,0.0,0.0,0.0,0.0,0.0
789,33875,60.72,48.65943077752656,1.4259028491478891,0,25,2,50,57.14,64.29,0.0,0.0,0.0,0.0,0.0,0.0
790,35084,35.39,56.78830878836418,1.3246553403433114,0,22,2,50,41.21,29.57,0.0,0.0,0.0,0.0,0.0,0.0
791,35487,86.16,49.387557185120926,1.3274981053176484,0,21,2,50,88.95,83.36,0.0,0.0,0.0,0.0,0.0,0.0
792,35890,41.84,57.93270205670814,1.370243545201389,0,20,2,50,43.71,39.96,0.0,0.0,0.0,0.0,0.0,0.0
793,33875,33.98,53.19753593128104,1.3385395258940926,0,25,2,50,34.8,33.16,0.0,0.0,0.0,0.0,0.0,0.0
794,34681,23.68,54.02656348956778,1.3604291662318235,0,23,2,50,23.81,23.56,0.0,0.0,0.0,0.0,0.0,0.0
795,35487,24.76,52.128974932924784,1.3665998649629472,0,21,2,50,29.11,20.41,0.0,0.0,0.0,0.0,0.0,0.0
796,36696,47.27,51.44055461786223,1.3794357988849009,0,18,2,50,51.55,42.99,0.0,0.0,0.0,0.0,0.0,0.0
797,34681,42.56,51.267626773635264,1.412365995289791,0,23,2,50,40.32,44.79,0.0,0.0,0.0,0.0,0.0,0.0
798,34681,57.45,45.840451088098256,1.3382966888836088,0,23,2,50,53.11,61.79,0.0,0.0,0.0,0.0,0.0,0.0
799,35890,36.6,44.99134596072274,1.331072911816089,0,20,2,50,36.1,37.09,0.0,0.0,0.0,0.0,0.0,0.0
800,35084,63.82,52.565052902823886,1.399944182861984,0,22,2,50,61.82,65.82,0.0,0.0,0.0,0.0,0.0,0.0
801,36293,31.86,51.0704061064632,1.4235238751412231,0,19,2,50,34.6,29.11,0.0,0.0,0.0,0.0,0.0,0.0
802,37502,67.93,55.78523803650475,1.4080520305797732,0,16,2,50,64.07,71.79,0.0,0.0,0.0,0.0,0.0,0.0
803,34278,75.41,46.21881583143512,1.4383139433363663,0,24,2,50,69.85,80.98,0.0,0.0,0.0,0.0,0.0,0.0
804,33875,52.0,51.75667123610701,1.2892215453066846,0,25,2,50,48.35,55.65,0.0,0.0,0.0,0.0,0.0,0.0
805,38308,57.14,45.95971349061803,1.4142097975442558,0,14,2,50,53.24,61.03,0.0,0.0,0.0,0.0,0.0,0.0
806,35890,23.94,52.043470133192855,1.3785310835036884,0,20,2,50,25.27,22.62,0.0,0.0,0.0,0.0,0.0,0.0
807,34278,42.14,42.34241897578433,1.279305541278225,0,24,2,50,44.89,39.4,0.0,0.0,0.0,0.0,0.0,0.0
808,37099,80.83,48.57668453796596,1.459090036753847,0,17,2,50,75.84,85.82,0.0,0.0,0.0,0.0,0.0,0.0
809,33875,72.86,52.82565738822082,1.392103162966866,0,25,2,50,63.01,82.71,0.0,0.0,0.0,0.0,0.0,0.0
810,35890,39.84,55.27950845946343,1.3404059956811385,0,20,2,50,42.77,36.91,0.0,0.0,0.0,0.0,0.0,0.0
811,35084,43.82,54.39995481024667,1.3028928742481964,0,22,2,50,42.63,45.01,0.0,0.0,0.0,0.0,0.0,0.0
812,34681,56.63,48.22754293012749,1.3466700523219033,0,23,2,50,56.59,56.67,0.0,0.0,0.0,0.0,0.0,0.0
813,35890,40.08,54.70767473730545,1.4150769461074946,0,20,2,50,38.33,41.82,0.0,0.0,0.0,0.0,0.0,0.0
814,36696,87.91,52.8644820514295,1.3318391080473333,0,18,2,50,90.26,85.56,0.0,0.0,0.0,0.0,0.0,0.0
815,35890,65.96,50.68526914730777,1.4124901359784747,0,20,2,50,64.65,67.27,0.0,0.0,0.0,0.0,0.0,0.0
816,35890,35.84,49.81366257647345,1.3420590566288062,0,20,2,50,36.48,35.21,0.0,0.0,0.0,0.0,0.0,0.0
817,34681,61.02,45.85546548710786,1.4620394307570257,0,23,2,50,68.87,53.16,0.0,0.0,0.0,0.0,0.0,0.0
818,36696,80.31,53.77870876349756,1.3193171783564086,0,18,2,50,78.35,82.26,0.0,0.0,0.0,0.0,0.0,0.0
819,35890,63.62,47.37431328309787,1.3891508989705117,0,20,2,50,62.82,64.42,0.0,0.0,0.0,0.0,0.0,0.0
820,33875,84.7,48.16010791223147,1.3620416316042645,0,25,2,50,87.59,81.82,0.0,0.0,0.0,0.0,0.0,0.0
821,39114,58.58,50.57016762350416,1.3081949072637469,0,12,2,50,61.02,56.15,0.0,0.0,0.0,0.0,0.0,0.0
822,35890,91.4,53.4623786356771,1.4567581546658048,0,20,2,50,94.0,88.79,0.0,0.0,0.0,0.0,0.0,0.0
823,35890,28.18,55.72139244968193,1.3213872701785658,0,20,2,50,30.6,25.76,0.0,0.0,0.0,0.0,0.0,0.0
824,35084,67.43,54.21227847341491,1.3515736070139304,0,22,2,50,62.38,72.48,0.0,0.0,0.0,0.0,0.0,0.0
825,33875,44.77,53.230050895935,1.423841723564789,0,25,2,50,40.65,48.89,0.0,0.0,0.0,0.0,0.0,0.0
826,33875,48.87,45.98387708618314,1.3708153167639878,0,25,2,50,49.97,47.77,0.0,0.0,0.0,0.0,0.0,0.0
827,35084,48.5,47.77420279415031,1.4360210344149291,0,22,2,50,43.37,53.62,0.0,0.0,0.0,0.0,0.0,0.0
828,36293,64.86,53.90021999832141,1.3528059524009275,0,19,2,50,72.01,57.71,0.0,0.0,0.0,0.0,0.0,0.0
829,37099,58.1,54.29989409227674,1.4458080168827665,0,17,2,50,56.55,59.65,0.0,0.0,0.0,0.0,0.0,0.0
830,36293,57.76,55.14845296535544,1.342356818309519,0,19,2,50,61.84,53.68,0.0,0.0,0.0,0.0,0.0,0.0
831,38308,54.38,48.59232692189356,1.4346400238991792,0,14,2,50,50.88,57.88,0.0,0.0,0.0,0.0,0.0,0.0
832,33875,38.89,51.003338000680806,1.3669804657049351,0,25,2,50,41.48,36.3,0.0,0.0,0.0,0.0,0.0,0.0
833,35487,23.02,47.212171495565066,1.3007661165004063,0,21,2,50,25.03,21.01,0.0,0.0,0.0,0.0,0.0,0.0
834,36696,99.57,53.38817465637856,1.3496295651642185,0,18,2,50,99.3,99.84,0.0,0.0,0.0,0.0,0.0,0.0
835,34681,23.36,49.35450087511354,1.4349107105945604,0,23,2,50,23.86,22.86,0.0,0.0,0.0,0.0,0.0,0.0
836,35084,47.74,48.80344377409971,1.3725448631355743,0,22,2,50,45.83,49.64,0.0,0.0,0.0,0.0,0.0,0.0
837,35890,45.43,50.14579246699796,1.441278943751282,0,20,2,50,45.06,45.8,0.0,0.0,0.0,0.0,0.0,0.0
838,35487,71.46,50.99050871323362,1.3738629528298696,0,21,2,50,69.3,73.62,0.0,0.0,0.0,0.0,0.0,0.0
839,35487,38.84,49.14836330914786,1.327200211573145,0,21,2,50,37.1,40.59,0.0,0.0,0.0,0.0,0.0,0.0
840,36293,35.7,50.46231408894224,1.3989227758691865,0,19,2,50,37.78,33.63,0.0,0.0,0.0,0.0,0.0,0.0
841,34278,68.18,52.00721414861387,1.418246724795136,0,24,2,50,68.28,68.09,0.0,0.0,0.0,0.0,0.0,0.0
842,36696,46.66,52.706688423958326,1.3214695865413442,0,18,2,50,46.16,47.16,0.0,0.0,0.0,0.0,0.0,0.0
843,36293,54.18,44.26268930737896,1.388132645329638,0,19,2,50,49.7,58.67,0.0,0.0,0.0,0.0,0.0,0.0
844,34681,22.3,47.951354575400224,1.307930273071766,0,23,2,50,20.32,24.29,0.0,0.0,0.0,0.0,0.0,0.0
845,37905,49.06,46.3875758544183,1.3864819291870152,0,15,2,50,45.76,52.37,0.0,0.0,0.0,0.0,0.0,0.0
846,35487,66.96,48.16998519861816,1.3295078029623653,0,21,2,50,74.52,59.4,0.0,0.0,0.0,0.0,0.0,0.0
847,33875,49.7,55.629273518634335,1.3709118675110226,0,25,2,50,51.24,48.15,0.0,0.0,0.0,0.0,0.0,0.0
848,33875,41.24,53.2139087077699,1.3368026186866298,0,25,2,50,43.44,39.03,0.0,0.0,0.0,0.0,0.0,0.0
849,36293,89.96,47.2265592044654,1.3675975651834975,0,19,2,50,82.8,97.11,0.0,0.0,0.0,0.0,0.0,0.0
850,35890,36.84,43.10669158720772,1.3946770231507144,0,20,2,50,38.32,35.37,0.0,0.0,0.0,0.0,0.0,0.0
851,34278,40.88,52.39821394975287,1.381501998758888,0,24,2,50,37.52,44.24,0.0,0.0,0.0,0.0,0.0,0.0
852,33875,57.42,53.50395021139914,1.318019236823237,0,25,2,50,58.28,56.55,0.0,0.0,0.0,0.0,0.0,0.0
853,37905,30.93,53.97304708578534,1.3344590747800955,0,15,2,50,29.86,32.0,0.0,0.0,0.0,0.0,0.0,0.0
854,35487,53.06,49.79034921927688,1.4452370700946922,0,21,2,50,53.08,53.05,0.0,0.0,0.0,0.0,0.0,0.0
855,35487,52.53,52.31275201438891,1.3784978906872574,0,21,2,50,56.54,48.52,0.0,0.0,0.0,0.0,0.0,0.0
856,35487,34.14,46.42691690747184,1.3681196085019924,0,21,2,50,32.42,35.87,0.0,0.0,0.0,0.0,0.0,0.0
857,38308,81.71,52.36653879002951,1.3730279795112457,0,14,2,50,75.32,88.1,0.0,0.0,0.0,0.0,0.0,0.0
858,34278,58.46,46.72350387019998,1.3724476825052772,0,24,2,50,58.67,58.25,0.0,0.0,0.0,0.0,0.0,0.0
859,35084,27.36,54.97266996815351,1.3014337597479164,0,22,2,50,26.39,28.32,0.0,0.0,0.0,0.0,0.0,0.0
860,34681,42.59,44.585609160478896,1.4105442428434618,0,23,2,50,38.47,46.71,0.0,0.0,0.0,0.0,0.0,0.0
861,36696,42.06,50.88296180182572,1.4032314808709032,0,18,2,50,43.67,40.45,0.0,0.0,0.0,0.0,0.0,0.0
862,37099,51.67,49.77385699929557,1.3358537304712852,0,17,2,50,51.51,51.83,0.0,0.0,0.0,0.0,0.0,0.0
863,35890,65.8,51.86237221217593,1.3586128075715032,0,20,2,50,68.09,63.51,0.0,0.0,0.0,0.0,0.0,0.0
864,36696,52.0,53.90746416178827,1.372569684469938,0,18,2,50,46.31,57.7,0.0,0.0,0.0,0.0,0.0,0.0
865,34278,72.26,57.117253003908026,1.3742499242990232,0,24,2,50,69.87,74.64,0.0,0.0,0.0,0.0,0.0,0.0
866,38308,64.61,51.72129365937296,1.3532540266931878,0,14,2,50,67.08,62.15,0.0,0.0,0.0,0.0,0.0,0.0
867,35487,33.9,50.25021827999878,1.329486907249446,0,21,2,50,33.89,33.92,0.0,0.0,0.0,0.0,0.0,0.0
868,35084,24.14,50.88593609391155,1.3816781093722537,0,22,2,50,26.4,21.89,0.0,0.0,0.0,0.0,0.0,0.0
869,37905,23.33,49.39203064631368,1.3571466179934275,0,15,2,50,20.0,26.66,0.0,0.0,0.0,0.0,0.0,0.0
870,36293,79.19,49.05000865116222,1.2592927987259483,0,19,2,50,82.87,75.52,0.0,0.0,0.0,0.0,0.0,0.0
871,37099,81.83,49.545550266836685,1.2994359988094806,0,17,2,50,78.79,84.87,0.0,0.0,0.0,0.0,0.0,0.0
872,34278,81.19,59.12313460407476,1.3892160270270386,0,24,2,50,82.68,79.7,0.0,0.0,0.0,0.0,0.0,0.0
873,37099,29.74,49.00758250266304,1.3460360898089383,0,17,2,50,30.97,28.5,0.0,0.0,0.0,0.0,0.0,0.0
874,35487,38.22,53.44833944613268,1.2866599843243491,0,21,2,50,34.67,41.77,0.0,0.0,0.0,0.0,0.0,0.0
875,38308,83.48,51.95657252669811,1.3824357496694923,0,14,2,50,87.1,79.85,0.0,0.0,0.0,0.0,0.0,0.0
876,36293,31.42,51.27988590096407,1.40596028154371,0,19,2,50,30.8,32.05,0.0,0.0,0.0,0.0,0.0,0.0
877,35084,91.75,48.975371554778775,1.295939491720634,0,22,2,50,87.44,96.06,0.0,0.0,0.0,0.0,0.0,0.0
878,37099,41.57,46.24685544613882,1.419072564528351,0,17,2,50,44.31,38.83,0.0,0.0,0.0,0.0,0.0,0.0
879,37099,70.06,55.6659411374652,1.3027820380802893,0,17,2,50,71.14,68.97,0.0,0.0,0.0,0.0,0.0,0.0
880,36696,75.31,51.42484264395405,1.4519870084359925,0,18,2,50,76.26,74.36,0.0,0.0,0.0,0.0,0.0,0.0
881,36293,31.08,55.145916242443846,1.3617547848285143,0,19,2,50,31.97,30.2,0.0,0.0,0.0,0.0,0.0,0.0
882,36696,57.68,52.13127432298232,1.2836372516693484,0,18,2,50,53.22,62.15,0.0,0.0,0.0,0.0,0.0,0.0
883,36293,62.56,50.46053195814528,1.327301487690897,0,19,2,50,63.42,61.69,0.0,0.0,0.0,0.0,0.0,0.0
884,35084,30.46,49.672310184225175,1.4190808116674656,0,22,2,50,29.25,31.68,0.0,0.0,0.0,0.0,0.0,0.0
885,34681,44.39,52.73374163123427,1.3007629115599246,0,23,2,50,44.1,44.67,0.0,0.0,0.0,0.0,0.0,0.0
886,36293,38.37,54.694049437396046,1.3918253591917749,0,19,2,50,40.92,35.82,0.0,0.0,0.0,0.0,0.0,0.0
887,33875,81.38,51.32213403551033,1.345808004673512,0,25,2,50,79.91,82.85,0.0,0.0,0.0,0.0,0.0,0.0
888,36696,53.2,53.24653744902356,1.2840301464732435,0,18,2,50,55.84,50.56,0.0,0.0,0.0,0.0,0.0,0.0
889,35084,53.11,49.18791647692736,1.366353773526198,0,22,2,50,47.53,58.69,0.0,0.0,0.0,0.0,0.0,0.0
890,34681,58.49,51.48826239456561,1.2932079360893889,0,23,2,50,53.76,63.22,0.0,0.0,0.0,0.0,0.0,0.0
891,34278,23.38,52.725284056953015,1.2761622401220156,0,24,2,50,23.11,23.66,0.0,0.0,0.0,0.0,0.0,0.0
892,38711,44.74,54.47434464606248,1.3008946234996912,0,13,2,50,49.47,40.01,0.0,0.0,0.0,0.0,0.0,0.0
893,35084,22.4,53.945332739277625,1.3816706590377037,0,22,2,50,23.84,20.95,0.0,0.0,0.0,0.0,0.0,0.0
894,36696,26.1,51.00623136330633,1.28939050492597,0,18,2,50,28.95,23.26,0.0,0.0,0.0,0.0,0.0,0.0
895,35084,77.04,51.43343643949547,1.2603229716331796,0,22,2,50,67.26,86.81,0.0,0.0,0.0,0.0,0.0,0.0
896,36696,57.86,50.65759890643197,1.3126834054749943,0,18,2,50,58.45,57.28,0.0,0.0,0.0,0.0,0.0,0.0
897,33875,23.62,50.435226682096506,1.419254145308446,0,25,2,50,24.54,22.69,0.0,0.0,0.0,0.0,0.0,0.0
898,36293,55.31,44.39954532967465,1.3980764992919363,0,19,2,50,52.17,58.45,0.0,0.0,0.0,0.0,0.0,0.0
899,37905,67.46,49.96317387540524,1.3121873916986049,0,15,2,50,72.56,62.37,0.0,0.0,0.0,0.0,0.0,0.0
900,38308,78.73,54.798140304157535,1.3342196290135504,0,14,2,50,78.93,78.53,0.0,0.0,0.0,0.0,0.0,0.0
901,33875,44.46,52.03455433791049,1.3494793990925444,0,25,2,50,40.74,48.18,0.0,0.0,0.0,0.0,0.0,0.0
902,35487,57.11,51.20161532472324,1.350166504363874,0,21,2,50,64.88,49.34,0.0,0.0,0.0,0.0,0.0,0.0
903,33875,60.94,54.4507332988455,1.378612289694098,0,25,2,50,59.74,62.14,0.0,0.0,0.0,0.0,0.0,0.0
904,34681,76.26,53.89288498548603,1.414910084902869,0,23,2,50,72.81,79.71,0.0,0.0,0.0,0.0,0.0,0.0
905,34278,35.11,54.68974954485757,1.3958067370899028,0,24,2,50,39.88,30.34,0.0,0.0,0.0,0.0,0.0,0.0
906,34278,75.42,52.67878086019644,1.267865129339718,0,24,2,50,74.85,75.99,0.0,0.0,0.0,0.0,0.0,0.0
907,34278,73.69,56.30154241437733,1.4285722411765591,0,24,2,50,66.95,80.43,0.0,0.0,0.0,0.0,0.0,0.0
908,36293,67.15,51.89893981679343,1.3055142351406732,0,19,2,50,63.9,70.4,0.0,0.0,0.0,0.0,0.0,0.0
909,37099,33.58,54.16032645865327,1.3179433341467537,0,17,2,50,34.39,32.78,0.0,0.0,0.0,0.0,0.0,0.0
910,33875,72.78,53.67325222558927,1.3630311878206482,0,25,2,50,64.19,81.36,0.0,0.0,0.0,0.0,0.0,0.0
911,35084,89.13,52.51678407198074,1.3905126236241534,0,22,2,50,79.43,98.83,0.0,0.0,0.0,0.0,0.0,0.0
912,35890,23.24,49.7472447645332,1.3568396213525622,0,20,2,50,21.84,24.63,0.0,0.0,0.0,0.0,0.0,0.0
913,37502,48.02,51.19462370916896,1.36076212940267,0,16,2,50,46.81,49.23,0.0,0.0,0.0,0.0,0.0,0.0
914,35487,67.54,47.801982943607086,1.370498000100185,0,21,2,50,69.69,65.39,0.0,0.0,0.0,0.0,0.0,0.0
915,35890,48.8,52.165717074388375,1.3677676080829366,0,20,2,50,50.5,47.09,0.0,0.0,0.0,0.0,0.0,0.0
916,37905,45.63,51.66410916038093,1.433957486825211,0,15,2,50,45.51,45.75,0.0,0.0,0.0,0.0,0.0,0.0
917,38308,47.06,51.48560100020276,1.454529374774814,0,14,2,50,45.91,48.21,0.0,0.0,0.0,0.0,0.0,0.0
918,35487,22.92,49.345864851909546,1.388310645092822,0,21,2,50,23.32,22.52,0.0,0.0,0.0,0.0,0.0,0.0
919,34278,28.58,46.09837232340356,1.376286216104924,0,24,2,50,31.23,25.92,0.0,0.0,0.0,0.0,0.0,0.0
920,33875,75.91,54.63771280456202,1.3668660385915703,0,25,2,50,79.41,72.42,0.0,0.0,0.0,0.0,0.0,0.0
921,35084,57.5,51.07899400276711,1.2391195876868346,0,22,2,50,61.05,53.95,0.0,0.0,0.0,0.0,0.0,0.0
922,39114,46.96,50.80963706356478,1.323985691714879,0,12,2,50,46.84,47.09,0.0,0.0,0.0,0.0,0.0,0.0
923,35487,59.0,50.93900789794992,1.283297547752728,0,21,2,50,58.67,59.33,0.0,0.0,0.0,0.0,0.0,0.0
924,33875,84.94,52.89811145061857,1.3494693794091286,0,25,2,50,82.73,87.15,0.0,0.0,0.0,0.0,0.0,0.0
925,35487,35.11,52.266728881032535,1.3151945613321248,0,21,2,50,33.76,36.46,0.0,0.0,0.0,0.0,0.0,0.0
926,35084,41.9,50.91695785868802,1.3869990671672254,0,22,2,50,43.99,39.8,0.0,0.0,0.0,0.0,0.0,0.0
927,34681,39.39,53.91074705082169,1.3740569190652197,0,23,2,50,43.17,35.61,0.0,0.0,0.0,0.0,0.0,0.0
928,35084,27.2,47.77039406135288,1.3851576189264492,0,22,2,50,26.27,28.12,0.0,0.0,0.0,0.0,0.0,0.0
929,39114,56.74,54.06940371844684,1.3217527648171057,0,12,2,50,58.86,54.63,0.0,0.0,0.0,0.0,0.0,0.0
930,37099,66.04,55.14286850753024,1.2781500058220605,0,17,2,50,60.59,71.49,0.0,0.0,0.0,0.0,0.0,0.0
931,35487,47.02,50.22667559403453,1.3788056627841048,0,21,2,50,43.82,50.23,0.0,0.0,0.0,0.0,0.0,0.0
932,36293,36.83,53.80981349794804,1.315742439237547,0,19,2,50,34.2,39.45,0.0,0.0,0.0,0.0,0.0,0.0
933,33875,41.76,50.33944780408643,1.3607894095059674,0,25,2,50,41.63,41.9,0.0,0.0,0.0,0.0,0.0,0.0
934,37099,52.2,50.43674128747666,1.382737349311635,0,17,2,50,57.08,47.33,0.0,0.0,0.0,0.0,0.0,0.0
935,38308,73.44,50.35215123613475,1.3673608967472923,0,14,2,50,71.19,75.68,0.0,0.0,0.0,0.0,0.0,0.0
936,35084,63.24,53.72764942408503,1.35512158304981,0,22,2,50,62.85,63.64,0.0,0.0,0.0,0.0,0.0,0.0
937,35890,53.52,49.14951637363195,1.3324359506203882,0,20,2,50,59.16,47.88,0.0,0.0,0.0,0.0,0.0,0.0
938,35890,44.36,46.31184972530767,1.336913331412623,0,20,2,50,40.64,48.08,0.0,0.0,0.0,0.0,0.0,0.0
939,33875,65.37,53.22509083917793,1.3306437359098413,0,25,2,50,64.97,65.76,0.0,0.0,0.0,0.0,0.0,0.0
940,35487,24.16,50.40306034037097,1.325572543642736,0,21,2,50,22.02,26.31,0.0,0.0,0.0,0.0,0.0,0.0
941,39920,70.65,52.83855640971292,1.390305051087414,0,10,2,50,74.89,66.41,0.0,0.0,0.0,0.0,0.0,0.0
942,35084,34.85,49.503631133485605,1.388964080466956,0,22,2,50,35.01,34.69,0.0,0.0,0.0,0.0,0.0,0.0
943,34278,63.18,49.79657239850834,1.4531226887863276,0,24,2,50,60.16,66.21,0.0,0.0,0.0,0.0,0.0,0.0
944,35890,69.31,49.46083204130706,1.380139826252246,0,20,2,50,63.12,75.5,0.0,0.0,0.0,0.0,0.0,0.0
945,37099,62.04,50.20794904467339,1.275727060241327,0,17,2,50,55.45,68.63,0.0,0.0,0.0,0.0,0.0,0.0
946,37502,55.15,49.06432507661487,1.38973288556719,0,16,2,50,53.52,56.78,0.0,0.0,0.0,0.0,0.0,0.0
947,37905,43.74,48.16395910570283,1.3383278281514168,0,15,2,50,37.64,49.85,0.0,0.0,0.0,0.0,0.0,0.0
948,37905,47.3,49.8285611342514,1.328222221071547,0,15,2,50,46.86,47.74,0.0,0.0,0.0,0.0,0.0,0.0
949,37502,90.58,51.1826761036975,1.3363002290492072,0,16,2,50,100.0,81.17,0.0,0.0,0.0,0.0,0.0,0.0
950,35890,52.93,49.4735726031921,1.2822282931199964,0,20,2,50,55.74,50.12,0.0,0.0,0.0,0.0,0.0,0.0
951,34681,36.41,52.11312374350947,1.3207914578584887,0,23,2,50,34.67,38.15,0.0,0.0,0.0,0.0,0.0,0.0
952,35487,57.3,50.30132610771095,1.3748313864453372,0,21,2,50,59.01,55.6,0.0,0.0,0.0,0.0,0.0,0.0
953,37099,28.84,52.2119447734496,1.3441929823180685,0,17,2,50,28.39,29.3,0.0,0.0,0.0,0.0,0.0,0.0
954,36696,31.92,47.82585934883483,1.3632285576613048,0,18,2,50,31.47,32.37,0.0,0.0,0.0,0.0,0.0,0.0
955,37905,57.94,51.74033994149417,1.234406837009468,0,15,2,50,61.33,54.54,0.0,0.0,0.0,0.0,0.0,0.0
956,35890,32.53,50.74223139847612,1.3006881919357238,0,20,2,50,30.59,34.48,0.0,0.0,0.0,0.0,0.0,0.0
957,39517,37.8,45.49950783416981,1.3845239355725958,0,11,2,50,34.89,40.72,0.0,0.0,0.0,0.0,0.0,0.0
958,37502,45.08,49.16340133465118,1.3262439071608492,0,16,2,50,49.96,40.19,0.0,0.0,0.0,0.0,0.0,0.0
959,33875,36.98,54.49487279734221,1.3494701621242304,0,25,2,50,34.83,39.14,0.0,0.0,0.0,0.0,0.0,0.0
960,34681,32.51,53.67513733455492,1.3191512163415031,0,23,2,50,34.18,30.84,0.0,0.0,0.0,0.0,0.0,0.0
961,39517,75.14,55.655976280105534,1.3560945655839487,0,11,2,50,72.17,78.11,0.0,0.0,0.0,0.0,0.0,0.0
962,34681,44.92,51.70205779541294,1.292904228713708,0,23,2,50,48.52,41.33,0.0,0.0,0.0,0.0,0.0,0.0
963,36696,42.36,55.73383199838112,1.3420687277852146,0,18,2,50,40.78,43.95,0.0,0.0,0.0,0.0,0.0,0.0
964,35890,66.9,48.3395040704194,1.3820153070434682,0,20,2,50,64.39,69.42,0.0,0.0,0.0,0.0,0.0,0.0
965,35890,53.01,48.10386861760512,1.359965762049301,0,20,2,50,52.55,53.47,0.0,0.0,0.0,0.0,0.0,0.0
966,33875,83.83,52.45186058163908,1.3011897274593407,0,25,2,50,94.46,73.2,0.0,0.0,0.0,0.0,0.0,0.0
967,35487,82.88,53.52895917132853,1.3564838084342137,0,21,2,50,82.46,83.31,0.0,0.0,0.0,0.0,0.0,0.0
968,38308,41.03,45.09488109117023,1.336886643434968,0,14,2,50,45.31,36.74,0.0,0.0,0.0,0.0,0.0,0.0
969,36293,76.91,52.11106526409928,1.348004147442733,0,19,2,50,76.86,76.96,0.0,0.0,0.0,0.0,0.0,0.0
970,37099,91.88,50.74116172805359,1.3954897002111497,0,17,2,50,96.22,87.55,0.0,0.0,0.0,0.0,0.0,0.0
971,35084,65.81,53.20407594601807,1.379227080734374,0,22,2,50,65.8,65.82,0.0,0.0,0.0,0.0,0.0,0.0
972,35487,49.84,53.26622781211324,1.32707125166605,0,21,2,50,51.68,48.0,0.0,0.0,0.0,0.0,0.0,0.0
973,33875,54.84,50.6008224635486,1.3683837358130788,0,25,2,50,56.27,53.41,0.0,0.0,0.0,0.0,0.0,0.0
974,36293,45.9,49.49814996543869,1.2770588216981993,0,19,2,50,45.73,46.07,0.0,0.0,0.0,0.0,0.0,0.0
975,39114,44.43,52.12198422593286,1.3637306585426188,0,12,2,50,43.69,45.17,0.0,0.0,0.0,0.0,0.0,0.0
976,39114,64.59,55.615136396685536,1.3235374944835288,0,12,2,50,65.23,63.95,0.0,0.0,0.0,0.0,0.0,0.0
977,33875,67.41,50.056370606064654,1.3696168120654786,0,25,2,50,65.62,69.21,0.0,0.0,0.0,0.0,0.0,0.0
978,34278,31.53,47.83009939698849,1.3516347936810775,0,24,2,50,29.91,33.15,0.0,0.0,0.0,0.0,0.0,0.0
979,37905,31.88,50.65160204744336,1.2700961823317722,0,15,2,50,28.64,35.13,0.0,0.0,0.0,0.0,0.0,0.0
980,36696,52.4,52.18751210820242,1.3408132327430744,0,18,2,50,51.98,52.82,0.0,0.0,0.0,0.0,0.0,0.0
981,36696,50.55,54.193645060273184,1.3993088367503486,0,18,2,50,47.54,53.56,0.0,0.0,0.0,0.0,0.0,0.0
982,34681,52.76,49.68648866546889,1.3239407632309634,0,23,2,50,52.44,53.07,0.0,0.0,0.0,0.0,0.0,0.0
983,35487,35.43,49.849713466845216,1.4451265299994671,0,21,2,50,32.07,38.79,0.0,0.0,0.0,0.0,0.0,0.0
984,35487,57.67,56.63036682386798,1.3823444853527975,0,21,2,50,60.16,55.18,0.0,0.0,0.0,0.0,0.0,0.0
985,37905,56.56,49.18329871823711,1.3983360234506967,0,15,2,50,54.86,58.25,0.0,0.0,0.0,0.0,0.0,0.0
986,38308,80.96,52.64604118864808,1.2966214490909422,0,14,2,50,77.62,84.3,0.0,0.0,0.0,0.0,0.0,0.0
987,36293,40.1,45.67314938236967,1.2918528466099677,0,19,2,50,42.21,37.99,0.0,0.0,0.0,0.0,0.0,0.0
988,37905,75.99,49.6366849719912,1.3800293491197722,0,15,2,50,71.56,80.42,0.0,0.0,0.0,0.0,0.0,0.0
989,37905,38.36,50.80373828095773,1.3237612079621042,0,15,2,50,39.62,37.1,0.0,0.0,0.0,0.0,0.0,0.0
990,34681,22.97,51.04705738192953,1.3387186690375208,0,23,2,50,24.3,21.64,0.0,0.0,0.0,0.0,0.0,0.0
991,36293,53.76,52.89959948284911,1.2291386236837931,0,19,2,50,58.1,49.41,0.0,0.0,0.0,0.0,0.0,0.0
992,38308,79.9,52.36516053763416,1.324912740083394,0,14,2,50,82.51,77.29,0.0,0.0,0.0,0.0,0.0,0.0
993,33875,82.4,53.25803048527116,1.3778570356258788,0,25,2,50,85.96,78.85,0.0,0.0,0.0,0.0,0.0,0.0
994,36293,67.37,50.65311546696968,1.344642408843059,0,19,2,50,69.15,65.59,0.0,0.0,0.0,0.0,0.0,0.0
995,34681,26.14,52.18969472093145,1.3595278602570584,0,23,2,50,22.96,29.32,0.0,0.0,0.0,0.0,0.0,0.0
996,36696,35.65,49.73622673882255,1.2861015107351517,0,18,2,50,35.27,36.02,0.0,0.0,0.0,0.0,0.0,0.0
997,37905,80.42,51.79364980640537,1.4347843801886502,0,15,2,50,79.16,81.68,0.0,0.0,0.0,0.0,0.0,0.0
998,36696,67.42,48.3378709372252,1.3178337917806773,0,18,2,50,70.88,63.96,0.0,0.0,0.0,0.0,0.0,0.0
999,37099,38.85,53.95828423811524,1.3968463295382652,0,17,2,50,42.13,35.57,0.0,0.0,0.0,0.0,0.0,0.0
1000,36293,68.31,53.90890183548846,1.3503783688531414,0,19,2,50,67.38,69.23,0.0,0.0,0.0,0.0,0.0,0.0
1001,37502,62.13,48.88256394640733,1.3854458494551392,0,16,2,50,52.48,71.78,0.0,0.0,0.0,0.0,0.0,0.0
1002,34681,59.72,50.73570005710689,1.3285727549055808,0,23,2,50,56.27,63.18,0.0,0.0,0.0,0.0,0.0,0.0
1003,37099,25.78,48.07226646492993,1.347567202214786,0,17,2,50,24.57,26.99,0.0,0.0,0.0,0.0,0.0,0.0
1004,35890,54.18,52.6385126954316,1.30121244561346,0,20,2,50,56.47,51.89,0.0,0.0,0.0,0.0,0.0,0.0
1005,35890,35.66,56.432775886536646,1.3195126093860952,0,20,2,50,35.97,35.36,0.0,0.0,0.0,0.0,0.0,0.0
1006,34681,77.41,53.77523092525933,1.3270413397229832,0,23,2,50,78.06,76.76,0.0,0.0,0.0,0.0,0.0,0.0
1007,35890,48.12,50.55685443513085,1.3587157307128386,0,20,2,50,47.39,48.86,0.0,0.0,0.0,0.0,0.0,0.0
1008,38711,35.97,50.15233388083508,1.3020011370550022,0,13,2,50,40.89,31.04,0.0,0.0,0.0,0.0,0.0,0.0
1009,38308,69.82,52.372783213224565,1.3292430361434184,0,14,2,50,78.06,61.57,0.0,0.0,0.0,0.0,0.0,0.0
1010,37099,76.02,47.815545806987686,1.419186490478458,0,17,2,50,75.11,76.92,0.0,0.0,0.0,0.0,0.0,0.0
1011,36293,95.71,54.17619729068302,1.3437398964142837,0,19,2,50,96.79,94.63,0.0,0.0,0.0,0.0,0.0,0.0
1012,33875,28.68,50.7234585442504,1.4109546565365716,0,25,2,50,30.14,27.22,0.0,0.0,0.0,0.0,0.0,0.0
1013,36696,37.62,50.92118967287532,1.2622829194093634,0,18,2,50,35.52,39.73,0.0,0.0,0.0,0.0,0.0,0.0
1014,35084,87.08,52.43739190946249,1.3066162329684217,0,22,2,50,75.72,98.44,0.0,0.0,0.0,0.0,0.0,0.0
1015,35084,49.09,50.56072077132018,1.404668891873197,0,22,2,50,49.75,48.43,0.0,0.0,0.0,0.0,0.0,0.0
1016,41129,25.84,48.73166339737758,1.2392317257349734,0,7,2,50,25.91,25.78,0.0,0.0,0.0,0.0,0.0,0.0
1017,37905,40.88,50.77135660721005,1.43003218399129,0,15,2,50,39.42,42.33,0.0,0.0,0.0,0.0,0.0,0.0
1018,35487,56.24,52.118765488010965,1.3768907692492678,0,21,2,50,55.45,57.04,0.0,0.0,0.0,0.0,0.0,0.0
1019,37905,26.13,51.81772657308809,1.3452970071217871,0,15,2,50,25.2,27.06,0.0,0.0,0.0,0.0,0.0,0.0
1020,35890,69.78,50.82939416569883,1.3306884853374057,0,20,2,50,68.99,70.57,0.0,0.0,0.0,0.0,0.0,0.0
1021,33875,60.3,50.658523406305406,1.2315260809977215,0,25,2,50,55.74,64.85,0.0,0.0,0.0,0.0,0.0,0.0
1022,35890,34.72,52.43862441461837,1.3425419714605988,0,20,2,50,38.47,30.97,0.0,0.0,0.0,0.0,0.0,0.0
1023,37905,33.66,52.01398788633325,1.3194910526585324,0,15,2,50,34.14,33.18,0.0,0.0,0.0,0.0,0.0,0.0
1024,37099,25.72,51.67172509270461,1.3409742389372676,0,17,2,50,27.71,23.74,0.0,0.0,0.0,0.0,0.0,0.0
1025,35487,40.0,51.71668660411039,1.3503942952771464,0,21,2,50,37.44,42.57,0.0,0.0,0.0,0.0,0.0,0.0
1026,35084,25.78,51.8022590074506,1.4149572204620626,0,22,2,50,22.26,29.31,0.0,0.0,0.0,0.0,0.0,0.0
1027,35487,59.97,52.41333939756733,1.4154526981183009,0,21,2,50,60.8,59.15,0.0,0.0,0.0,0.0,0.0,0.0
1028,35487,25.32,55.943675567547615,1.3590908643469697,0,21,2,50,24.88,25.77,0.0,0.0,0.0,0.0,0.0,0.0
1029,40323,43.68,51.70164332102101,1.3762275998463525,0,9,2,50,44.2,43.15,0.0,0.0,0.0,0.0,0.0,0.0
1030,36696,89.53,50.15935157069456,1.2711928397713332,0,18,2,50,83.99,95.07,0.0,0.0,0.0,0.0,0.0,0.0
1031,36293,91.65,51.01337986749279,1.3981074436584875,0,19,2,50,93.08,90.22,0.0,0.0,0.0,0.0,0.0,0.0
1032,37099,68.8,52.49844971401954,1.265994917317896,0,17,2,50,62.1,75.49,0.0,0.0,0.0,0.0,0.0,0.0
1033,34278,76.52,58.07416499847286,1.3224964743852392,0,24,2,50,75.94,77.1,0.0,0.0,0.0,0.0,0.0,0.0
1034,34681,31.86,50.96447863556425,1.3469680166601514,0,23,2,50,31.8,31.91,0.0,0.0,0.0,0.0,0.0,0.0
1035,37905,28.52,47.90066198275306,1.3707379658538084,0,15,2,50,27.07,29.98,0.0,0.0,0.0,0.0,0.0,0.0
1036,39920,49.12,54.17827961723403,1.336627849587981,0,10,2,50,50.53,47.72,0.0,0.0,0.0,0.0,0.0,0.0
1037,39517,45.06,55.357117483959954,1.3671911133528225,0,11,2,50,42.42,47.71,0.0,0.0,0.0,0.0,0.0,0.0
1038,38711,55.36,53.61601455170586,1.300215334960777,0,13,2,50,57.27,53.45,0.0,0.0,0.0,0.0,0.0,0.0
1039,36293,66.36,53.1343711780269,1.4087278046719331,0,19,2,50,58.96,73.77,0.0,0.0,0.0,0.0,0.0,0.0
1040,37502,52.11,56.85040567101671,1.3795318395422018,0,16,2,50,53.9,50.32,0.0,0.0,0.0,0.0,0.0,0.0
1041,33875,82.52,52.32144015742012,1.3380389240114483,0,25,2,50,80.74,84.31,0.0,0.0,0.0,0.0,0.0,0.0
1042,35487,34.92,51.1476923005592,1.3420764190111347,0,21,2,50,34.01,35.82,0.0,0.0,0.0,0.0,0.0,0.0
1043,36696,85.7,50.88458996402678,1.3742426885852752,0,18,2,50,84.74,86.65,0.0,0.0,0.0,0.0,0.0,0.0
1044,35487,43.5,48.77704381525976,1.34246119933221,0,21,2,50,37.41,49.6,0.0,0.0,0.0,0.0,0.0,0.0
1045,37099,62.38,46.737730534789264,1.3708870726177516,0,17,2,50,58.52,66.23,0.0,0.0,0.0,0.0,0.0,0.0
1046,35890,69.48,51.70242759319279,1.3616232269229085,0,20,2,50,73.23,65.74,0.0,0.0,0.0,0.0,0.0,0.0
1047,35890,64.29,53.489178495037855,1.3087888121023676,0,20,2,50,64.99,63.59,0.0,0.0,0.0,0.0,0.0,0.0
1048,37099,37.49,46.29865802297455,1.275588484310608,0,17,2,50,38.57,36.41,0.0,0.0,0.0,0.0,0.0,0.0
1049,36293,66.26,47.79479924356425,1.358914958305014,0,19,2,50,65.6,66.93,0.0,0.0,0.0,0.0,0.0,0.0
1050,34278,27.12,52.5461047137947,1.3478189830736884,0,24,2,50,23.59,30.64,0.0,0.0,0.0,0.0,0.0,0.0
1051,38308,73.78,50.57247035283322,1.3648871139881118,0,14,2,50,78.44,69.13,0.0,0.0,0.0,0.0,0.0,0.0
1052,38711,41.14,48.38459976011666,1.3573415108837752,0,13,2,50,41.32,40.95,0.0,0.0,0.0,0.0,0.0,0.0
1053,36696,36.92,51.2307177393654,1.2444470291120495,0,18,2,50,35.54,38.31,0.0,0.0,0.0,0.0,0.0,0.0
1054,33875,29.88,54.39574425235493,1.287586846722076,0,25,2,50,28.94,30.81,0.0,0.0,0.0,0.0,0.0,0.0
1055,37099,42.02,49.79262541332212,1.422310437962756,0,17,2,50,43.15,40.9,0.0,0.0,0.0,0.0,0.0,0.0
1056,33875,57.11,48.03259254865917,1.370971475353343,0,25,2,50,53.73,60.5,0.0,0.0,0.0,0.0,0.0,0.0
1057,38711,22.69,53.52005606470604,1.3124524229357002,0,13,2,50,23.48,21.9,0.0,0.0,0.0,0.0,0.0,0.0
1058,39114,49.65,48.92611515412436,1.2647396095833598,0,12,2,50,49.14,50.16,0.0,0.0,0.0,0.0,0.0,0.0
1059,36696,25.1,52.82671115113045,1.3156789368094752,0,18,2,50,26.03,24.18,0.0,0.0,0.0,0.0,0.0,0.0
1060,35487,26.83,47.07018657652749,1.2704690912252756,0,21,2,50,24.07,29.59,0.0,0.0,0.0,0.0,0.0,0.0
1061,35890,39.6,49.70478990667547,1.3470145581177162,0,20,2,50,37.53,41.67,0.0,0.0,0.0,0.0,0.0,0.0
1062,34681,62.16,47.96869688387491,1.2009477130698916,0,23,2,50,55.82,68.5,0.0,0.0,0.0,0.0,0.0,0.0
1063,33875,59.94,48.112591935732006,1.3994348977592164,0,25,2,50,55.97,63.92,0.0,0.0,0.0,0.0,0.0,0.0
1064,37099,54.6,51.01932045176995,1.275619536386223,0,17,2,50,58.01,51.2,0.0,0.0,0.0,0.0,0.0,0.0
1065,37099,51.5,46.8044509899764,1.348686240583948,0,17,2,50,47.23,55.76,0.0,0.0,0.0,0.0,0.0,0.0
1066,38711,40.08,50.32035851883112,1.360101705199528,0,13,2,50,41.43,38.74,0.0,0.0,0.0,0.0,0.0,0.0
1067,39114,66.93,50.53704528181852,1.370943299345713,0,12,2,50,67.59,66.27,0.0,0.0,0.0,0.0,0.0,0.0
1068,37905,78.22,50.664138564421314,1.3636382949346026,0,15,2,50,79.86,76.59,0.0,0.0,0.0,0.0,0.0,0.0
1069,39114,45.07,49.26059986120276,1.3209643056767704,0,12,2,50,44.81,45.33,0.0,0.0,0.0,0.0,0.0,0.0
1070,36696,69.1,50.8576109497255,1.3602349012325048,0,18,2,50,67.04,71.17,0.0,0.0,0.0,0.0,0.0,0.0
1071,38308,79.6,45.7859791357301,1.2956178114208807,0,14,2,50,84.07,75.12,0.0,0.0,0.0,0.0,0.0,0.0
1072,39114,54.59,54.4302968106504,1.4028756982130723,0,12,2,50,58.5,50.68,0.0,0.0,0.0,0.0,0.0,0.0
1073,35890,40.4,48.634391941245,1.3185166964053128,0,20,2,50,46.23,34.57,0.0,0.0,0.0,0.0,0.0,0.0
1074,35487,66.64,48.29688161167049,1.3147598388873716,0,21,2,50,69.29,63.98,0.0,0.0,0.0,0.0,0.0,0.0
1075,34278,24.01,54.31556504732395,1.4760388069948245,0,24,2,50,26.13,21.89,0.0,0.0,0.0,0.0,0.0,0.0
1076,37099,55.64,48.96603628019818,1.408469331749599,0,17,2,50,59.71,51.56,0.0,0.0,0.0,0.0,0.0,0.0
1077,35084,67.49,49.05350733387415,1.3542367439170275,0,22,2,50,67.16,67.82,0.0,0.0,0.0,0.0,0.0,0.0
1078,39114,42.66,49.66699562456419,1.2969724360907904,0,12,2,50,44.54,40.77,0.0,0.0,0.0,0.0,0.0,0.0
1079,37502,48.96,46.526619118818914,1.2522616532501327,0,16,2,50,52.42,45.49,0.0,0.0,0.0,0.0,0.0,0.0
1080,34681,22.4,53.85710864602357,1.3260940522374256,0,23,2,50,24.24,20.55,0.0,0.0,0.0,0.0,0.0,0.0
1081,37905,52.35,51.89753235294288,1.3560451096693886,0,15,2,50,55.06,49.64,0.0,0.0,0.0,0.0,0.0,0.0
1082,37502,51.14,52.48380890072083,1.3583835798325452,0,16,2,50,56.37,45.92,0.0,0.0,0.0,0.0,0.0,0.0
1083,35487,55.4,49.82286906870639,1.3364841983392957,0,21,2,50,61.11,49.7,0.0,0.0,0.0,0.0,0.0,0.0
1084,37502,30.22,51.51680754028958,1.3421785599913094,0,16,2,50,33.64,26.8,0.0,0.0,0.0,0.0,0.0,0.0
1085,39114,66.54,52.82971299942578,1.3581341046389452,0,12,2,50,63.29,69.79,0.0,0.0,0.0,0.0,0.0,0.0
1086,33875,59.17,51.23142273029502,1.340202456284717,0,25,2,50,65.23,53.11,0.0,0.0,0.0,0.0,0.0,0.0
1087,34278,50.0,55.941432115896696,1.256365871621759,0,24,2,50,52.81,47.2,0.0,0.0,0.0,0.0,0.0,0.0
1088,33875,66.5,48.43247077933798,1.2916127536060764,0,25,2,50,62.56,70.43,0.0,0.0,0.0,0.0,0.0,0.0
1089,35084,50.04,50.49284725377316,1.2209547485175951,0,22,2,50,47.56,52.51,0.0,0.0,0.0,0.0,0.0,0.0
1090,37502,32.03,48.81070698485722,1.2899321998880031,0,16,2,50,34.36,29.7,0.0,0.0,0.0,0.0,0.0,0.0
1091,37502,82.87,56.49960953516611,1.3049368325392654,0,16,2,50,86.46,79.28,0.0,0.0,0.0,0.0,0.0,0.0
1092,39920,43.89,50.335182770312784,1.36924686938529,0,10,2,50,41.43,46.35,0.0,0.0,0.0,0.0,0.0,0.0
1093,37502,58.68,46.56515024048943,1.3393903746383504,0,16,2,50,53.2,64.16,0.0,0.0,0.0,0.0,0.0,0.0
1094,33875,60.58,54.23204733968005,1.3042415649215364,0,25,2,50,59.43,61.72,0.0,0.0,0.0,0.0,0.0,0.0
1095,35084,56.37,52.91390099462235,1.335527747678506,0,22,2,50,62.06,50.68,0.0,0.0,0.0,0.0,0.0,0.0
1096,38711,37.46,45.948895677135184,1.2798200856867803,0,13,2,50,37.02,37.89,0.0,0.0,0.0,0.0,0.0,0.0
1097,35487,78.18,48.92282924862728,1.3363833899909536,0,21,2,50,80.12,76.23,0.0,0.0,0.0,0.0,0.0,0.0
1098,39517,47.83,54.51071830003607,1.374618807742267,0,11,2,50,47.43,48.23,0.0,0.0,0.0,0.0,0.0,0.0
1099,35084,50.68,46.55371490284249,1.3206902138730323,0,22,2,50,52.8,48.55,0.0,0.0,0.0,0.0,0.0,0.0
1100,36293,38.44,50.65560696725469,1.365386497287827,0,19,2,50,41.28,35.59,0.0,0.0,0.0,0.0,0.0,0.0
1101,37905,50.28,56.19095652857037,1.2707429896355864,0,15,2,50,52.07,48.48,0.0,0.0,0.0,0.0,0.0,0.0
1102,35890,61.47,58.10781671046213,1.3487743151923224,0,20,2,50,62.33,60.62,0.0,0.0,0.0,0.0,0.0,0.0
1103,36696,48.72,53.30897511073442,1.2947719448450583,0,18,2,50,47.85,49.59,0.0,0.0,0.0,0.0,0.0,0.0
1104,37905,54.98,52.16479226782535,1.3261129829337364,0,15,2,50,46.77,63.2,0.0,0.0,0.0,0.0,0.0,0.0
1105,36293,55.56,52.675790862917566,1.3257290117023734,0,19,2,50,57.53,53.59,0.0,0.0,0.0,0.0,0.0,0.0
1106,37099,75.32,49.65955868821501,1.3934566120222556,0,17,2,50,76.36,74.29,0.0,0.0,0.0,0.0,0.0,0.0
1107,36293,73.38,48.26187654898426,1.4214118443529036,0,19,2,50,67.23,79.53,0.0,0.0,0.0,0.0,0.0,0.0
1108,37502,86.02,50.345154897342525,1.2140826198032313,0,16,2,50,89.31,82.72,0.0,0.0,0.0,0.0,0.0,0.0
1109,36696,56.64,52.08401072076966,1.2640327332304233,0,18,2,50,56.11,57.18,0.0,0.0,0.0,0.0,0.0,0.0
1110,39517,66.6,48.804990810935934,1.3502217275928412,0,11,2,50,69.02,64.18,0.0,0.0,0.0,0.0,0.0,0.0
1111,34681,29.66,50.687501193251,1.3245147038101226,0,23,2,50,29.59,29.72,0.0,0.0,0.0,0.0,0.0,0.0
1112,37502,70.63,52.25873333380539,1.3301358556576095,0,16,2,50,72.77,68.5,0.0,0.0,0.0,0.0,0.0,0.0
1113,38308,90.54,52.98864930790541,1.369399613291426,0,14,2,50,91.87,89.21,0.0,0.0,0.0,0.0,0.0,0.0
1114,38711,20.14,50.17115282669988,1.3202252556051002,0,13,2,50,21.82,18.46,0.0,0.0,0.0,0.0,0.0,0.0
1115,42627,52.6,53.10028848556976,1.2614152576340805,2,11,2,50,54.44,50.76,0.0,0.0,0.0,0.0,0.0,0.0
1116,37099,66.59,54.2767072954359,1.290634513638595,0,17,2,50,61.02,72.16,0.0,0.0,0.0,0.0,0.0,0.0
1117,39114,71.44,53.62672676370323,1.3057774012245058,0,12,2,50,80.0,62.89,0.0,0.0,0.0,0.0,0.0,0.0
1118,33875,25.48,50.49319979797772,1.332354108798875,0,25,2,50,25.69,25.28,0.0,0.0,0.0,0.0,0.0,0.0
1119,35487,31.44,47.05542087959034,1.3230007890854634,0,21,2,50,32.14,30.75,0.0,0.0,0.0,0.0,0.0,0.0
1120,37905,65.62,51.87915006620784,1.2976692967740855,0,15,2,50,70.06,61.18,0.0,0.0,0.0,0.0,0.0,0.0
1121,34278,69.45,55.66123531069863,1.3277693279935243,0,24,2,50,70.19,68.71,0.0,0.0,0.0,0.0,0.0,0.0
1122,39114,56.32,56.0808160442004,1.327235435720762,0,12,2,50,62.65,49.99,0.0,0.0,0.0,0.0,0.0,0.0
1123,35084,68.7,54.244911658227615,1.2668166445327516,0,22,2,50,74.42,62.99,0.0,0.0,0.0,0.0,0.0,0.0
1124,37502,65.47,53.94423773104852,1.321440955558062,0,16,2,50,60.91,70.03,0.0,0.0,0.0,0.0,0.0,0.0
1125,37502,40.78,49.93307010543618,1.3175696268238877,0,16,2,50,41.41,40.14,0.0,0.0,0.0,0.0,0.0,0.0
1126,35890,57.6,50.47305850931277,1.3421426574004869,0,20,2,50,56.31,58.89,0.0,0.0,0.0,0.0,0.0,0.0
1127,35890,55.78,47.92216830559532,1.2379751884361256,0,20,2,50,56.01,55.54,0.0,0.0,0.0,0.0,0.0,0.0
1128,37502,25.3,49.56855045411263,1.4030088980159292,0,16,2,50,23.92,26.69,0.0,0.0,0.0,0.0,0.0,0.0
1129,34278,54.2,54.65380250723222,1.402285925761345,0,24,2,50,55.47,52.93,0.0,0.0,0.0,0.0,0.0,0.0
1130,36696,49.34,51.13748952446872,1.3485380273940233,0,18,2,50,55.97,42.71,0.0,0.0,0.0,0.0,0.0,0.0
1131,35084,49.74,49.89179315018741,1.3570769225811632,0,22,2,50,52.34,47.15,0.0,0.0,0.0,0.0,0.0,0.0
1132,36293,52.76,55.1705481845425,1.3155931685244766,0,19,2,50,50.24,55.28,0.0,0.0,0.0,0.0,0.0,0.0
1133,37099,64.55,52.372433503522494,1.2628106853082497,0,17,2,50,65.58,63.52,0.0,0.0,0.0,0.0,0.0,0.0
1134,34681,53.16,57.70821548313559,1.3702559376213663,0,23,2,50,52.49,53.82,0.0,0.0,0.0,0.0,0.0,0.0
1135,35084,69.3,57.19085107546319,1.3729001956168996,0,22,2,50,69.68,68.92,0.0,0.0,0.0,0.0,0.0,0.0
1136,37502,59.97,47.567942942741816,1.3469661660234968,0,16,2,50,57.58,62.36,0.0,0.0,0.0,0.0,0.0,0.0
1137,39114,64.66,52.64806601107461,1.3249742958738109,0,12,2,50,66.4,62.92,0.0,0.0,0.0,0.0,0.0,0.0
1138,37905,39.04,51.95138779718698,1.305718528853735,0,15,2,50,39.38,38.7,0.0,0.0,0.0,0.0,0.0,0.0
1139,39114,73.44,47.16091784347738,1.2944115345819165,0,12,2,50,76.95,69.92,0.0,0.0,0.0,0.0,0.0,0.0
1140,33875,30.46,54.57883197744664,1.3159104228634926,0,25,2,50,30.86,30.07,0.0,0.0,0.0,0.0,0.0,0.0
1141,35084,49.5,47.59133057607733,1.284555005489718,0,22,2,50,53.21,45.79,0.0,0.0,0.0,0.0,0.0,0.0
1142,34681,63.15,51.56225418901148,1.3433986901906998,0,23,2,50,64.65,61.65,0.0,0.0,0.0,0.0,0.0,0.0
1143,37099,45.56,49.20005082502805,1.344415339597271,0,17,2,50,50.08,41.04,0.0,0.0,0.0,0.0,0.0,0.0
1144,37099,76.39,49.503962494232574,1.385449046314842,0,17,2,50,73.09,79.68,0.0,0.0,0.0,0.0,0.0,0.0
1145,37905,53.68,53.399275605817,1.2903192732208428,0,15,2,50,54.55,52.82,0.0,0.0,0.0,0.0,0.0,0.0
1146,36293,44.82,49.47264100493662,1.3542812709078833,0,19,2,50,45.8,43.84,0.0,0.0,0.0,0.0,0.0,0.0
1147,34278,25.29,49.37532042952135,1.2619908777269224,0,24,2,50,25.29,25.29,0.0,0.0,0.0,0.0,0.0,0.0
1148,37502,21.27,52.216667063233416,1.3238540901026588,0,16,2,50,18.97,23.57,0.0,0.0,0.0,0.0,0.0,0.0
1149,37099,51.2,54.52519513085323,1.3716369139202147,0,17,2,50,54.79,47.61,0.0,0.0,0.0,0.0,0.0,0.0
1150,33875,70.05,56.29888667975525,1.2730194565187167,0,25,2,50,68.75,71.35,0.0,0.0,0.0,0.0,0.0,0.0
1151,43836,60.68,52.38870345523632,1.4162931480289749,2,8,2,50,60.37,61.0,0.0,0.0,0.0,0.0,0.0,0.0
1152,35487,69.93,50.625824889429765,1.3650573181198746,0,21,2,50,73.25,66.61,0.0,0.0,0.0,0.0,0.0,0.0
1153,35487,45.96,49.157475152945246,1.2823136119768008,0,21,2,50,50.5,41.42,0.0,0.0,0.0,0.0,0.0,0.0
1154,37099,19.84,50.87262760112339,1.380315806793651,0,17,2,50,22.14,17.54,0.0,0.0,0.0,0.0,0.0,0.0
1155,35890,59.76,54.0504325312691,1.231813053027269,0,20,2,50,56.69,62.83,0.0,0.0,0.0,0.0,0.0,0.0
1156,34278,26.4,54.35782341239316,1.332873544773763,0,24,2,50,25.87,26.93,0.0,0.0,0.0,0.0,0.0,0.0
1157,35890,74.42,50.61667822022976,1.260568324501891,0,20,2,50,84.56,64.28,0.0,0.0,0.0,0.0,0.0,0.0
1158,34681,40.73,46.52813985600009,1.32977225337075,0,23,2,50,42.12,39.34,0.0,0.0,0.0,0.0,0.0,0.0
1159,33875,36.06,50.626627372738255,1.3108630401968928,0,25,2,50,38.4,33.73,0.0,0.0,0.0,0.0,0.0,0.0
1160,35890,88.58,49.64974132356607,1.3018896117391472,0,20,2,50,84.65,92.51,0.0,0.0,0.0,0.0,0.0,0.0
1161,37099,23.51,52.63788790813291,1.342983526784198,0,17,2,50,22.98,24.03,0.0,0.0,0.0,0.0,0.0,0.0
1162,37502,60.89,49.58869326496296,1.3766188543787896,0,16,2,50,64.74,57.04,0.0,0.0,0.0,0.0,0.0,0.0
1163,37502,82.87,47.08640525982854,1.4155976205245624,0,16,2,50,83.02,82.72,0.0,0.0,0.0,0.0,0.0,0.0
1164,39114,77.31,51.651239024087815,1.279699859193318,0,12,2,50,79.66,74.96,0.0,0.0,0.0,0.0,0.0,0.0
1165,36293,71.44,54.46382125205857,1.314263764569758,0,19,2,50,68.33,74.56,0.0,0.0,0.0,0.0,0.0,0.0
1166,36293,43.67,51.28550080175803,1.2785324448348736,0,19,2,50,48.7,38.64,0.0,0.0,0.0,0.0,0.0,0.0
1167,36696,29.45,51.253242763337,1.265911488891588,0,18,2,50,29.4,29.5,0.0,0.0,0.0,0.0,0.0,0.0
1168,37099,45.45,50.73739237342176,1.2578706668810984,0,17,2,50,38.96,51.94,0.0,0.0,0.0,0.0,0.0,0.0
1169,38308,24.81,53.9667025623346,1.3569278364280777,0,14,2,50,22.76,26.86,0.0,0.0,0.0,0.0,0.0,0.0
1170,38308,37.7,51.18622072195955,1.2673409578615242,0,14,2,50,40.56,34.83,0.0,0.0,0.0,0.0,0.0,0.0
1171,34681,28.18,54.3683978568405,1.3080191145071778,0,23,2,50,33.63,22.74,0.0,0.0,0.0,0.0,0.0,0.0
1172,36293,28.76,50.838626703894015,1.2528843168931325,0,19,2,50,26.04,31.49,0.0,0.0,0.0,0.0,0.0,0.0
1173,36293,39.37,50.56808320175227,1.2732642562060092,0,19,2,50,39.63,39.11,0.0,0.0,0.0,0.0,0.0,0.0
1174,36696,68.04,50.84578692698788,1.3944267660026777,0,18,2,50,62.53,73.54,0.0,0.0,0.0,0.0,0.0,0.0
1175,35487,38.62,49.44366583340078,1.3331641048049063,0,21,2,50,39.67,37.56,0.0,0.0,0.0,0.0,0.0,0.0
1176,37905,33.41,46.09504301209312,1.3366045128925417,0,15,2,50,32.32,34.5,0.0,0.0,0.0,0.0,0.0,0.0
1177,36293,85.6,52.41201722761436,1.2322512820715663,0,19,2,50,84.73,86.46,0.0,0.0,0.0,0.0,0.0,0.0
1178,38711,43.1,52.25072204880764,1.2868390470628797,0,13,2,50,40.01,46.18,0.0,0.0,0.0,0.0,0.0,0.0
1179,39114,64.63,54.38915340768818,1.3742120077643554,0,12,2,50,61.41,67.86,0.0,0.0,0.0,0.0,0.0,0.0
1180,37905,61.83,55.09746428677757,1.209747289055037,0,15,2,50,61.74,61.92,0.0,0.0,0.0,0.0,0.0,0.0
1181,38711,56.62,46.887091192715296,1.4261697529005983,0,13,2,50,58.81,54.44,0.0,0.0,0.0,0.0,0.0,0.0
1182,39114,39.41,52.1783253168036,1.3275484813080936,0,12,2,50,39.18,39.64,0.0,0.0,0.0,0.0,0.0,0.0
1183,36293,70.18,51.605678283712216,1.250501974099298,0,19,2,50,72.71,67.64,0.0,0.0,0.0,0.0,0.0,0.0
1184,36696,46.58,54.56293805969187,1.2945199699865453,0,18,2,50,50.44,42.71,0.0,0.0,0.0,0.0,0.0,0.0
1185,37099,61.34,49.99816458917036,1.2986797405901984,0,17,2,50,59.39,63.3,0.0,0.0,0.0,0.0,0.0,0.0
1186,33875,37.36,53.2317865935652,1.2514607568196812,0,25,2,50,35.54,39.17,0.0,0.0,0.0,0.0,0.0,0.0
1187,36696,22.4,49.39211677073808,1.2865078336235063,0,18,2,50,25.2,19.61,0.0,0.0,0.0,0.0,0.0,0.0
1188,37905,51.53,50.698876295727054,1.3289960739551654,0,15,2,50,48.71,54.35,0.0,0.0,0.0,0.0,0.0,0.0
1189,37099,60.95,49.55831906520778,1.315909797920223,0,17,2,50,65.0,56.9,0.0,0.0,0.0,0.0,0.0,0.0
1190,37905,86.86,50.536160775653,1.3775578560430954,0,15,2,50,84.87,88.84,0.0,0.0,0.0,0.0,0.0,0.0
1191,34681,74.67,58.178418691243,1.298217567689531,0,23,2,50,67.7,81.64,0.0,0.0,0.0,0.0,0.0,0.0
1192,38308,29.4,56.49467321631923,1.3311820801631018,0,14,2,50,31.94,26.86,0.0,0.0,0.0,0.0,0.0,0.0
1193,34278,23.34,48.35167193933739,1.328285847665247,0,24,2,50,22.82,23.86,0.0,0.0,0.0,0.0,0.0,0.0
1194,41166,65.73,49.71833760662516,1.2324773664056212,1,13,2,50,65.89,65.57,0.0,0.0,0.0,0.0,0.0,0.0
1195,35890,50.74,51.0577874301874,1.3472736252930655,0,20,2,50,56.22,45.27,0.0,0.0,0.0,0.0,0.0,0.0
1196,37099,51.97,51.02450603390693,1.3074336737443129,0,17,2,50,48.16,55.78,0.0,0.0,0.0,0.0,0.0,0.0
1197,35084,23.66,48.359475028768834,1.3077524353354633,0,22,2,50,22.6,24.73,0.0,0.0,0.0,0.0,0.0,0.0
1198,38308,77.83,53.37346790695412,1.3591881646584476,0,14,2,50,70.14,85.52,0.0,0.0,0.0,0.0,0.0,0.0
1199,37502,86.43,51.302692565534805,1.2380427928313855,0,16,2,50,81.09,91.76,0.0,0.0,0.0,0.0,0.0,0.0
1200,36293,64.5,51.993499482117,1.2409110504773262,0,19,2,50,62.19,66.8,0.0,0.0,0.0,0.0,0.0,0.0
1201,38308,92.1,50.40986980805732,1.3206243685596226,0,14,2,50,95.78,88.42,0.0,0.0,0.0,0.0,0.0,0.0
1202,37099,98.48,47.61797258644661,1.3819408405340126,0,17,2,50,98.08,98.88,0.0,0.0,0.0,0.0,0.0,0.0
1203,36696,26.86,46.94970278079349,1.253976649005815,0,18,2,50,24.55,29.18,0.0,0.0,0.0,0.0,0.0,0.0
1204,36696,43.38,53.54038981774032,1.3256582669855017,0,18,2,50,40.7,46.05,0.0,0.0,0.0,0.0,0.0,0.0
1205,35084,92.86,52.45796370724069,1.2658897371456712,0,22,2,50,94.53,91.18,0.0,0.0,0.0,0.0,0.0,0.0
1206,41418,39.62,44.779062054468525,1.354603813282332,2,14,2,50,35.36,43.89,0.0,0.0,0.0,0.0,0.0,0.0
1207,37905,80.25,55.71922841979024,1.416769965548566,0,15,2,50,81.28,79.22,0.0,0.0,0.0,0.0,0.0,0.0
1208,37099,56.38,58.34267882018017,1.2788490939238757,0,17,2,50,56.75,56.01,0.0,0.0,0.0,0.0,0.0,0.0
1209,40323,35.2,54.02423046340824,1.2295713441138847,0,9,2,50,34.12,36.28,0.0,0.0,0.0,0.0,0.0,0.0
1210,37905,26.18,46.39184600445927,1.35587600875337,0,15,2,50,25.59,26.77,0.0,0.0,0.0,0.0,0.0,0.0
1211,39517,55.85,50.02465344390222,1.2706016053895954,0,11,2,50,55.4,56.3,0.0,0.0,0.0,0.0,0.0,0.0
1212,35890,47.04,52.97118249152743,1.2757910026193406,0,20,2,50,49.1,44.98,0.0,0.0,0.0,0.0,0.0,0.0
1213,37905,45.4,52.58329473930104,1.2801563765884636,0,15,2,50,46.46,44.33,0.0,0.0,0.0,0.0,0.0,0.0
1214,36696,84.06,51.2952284989013,1.2581766648289312,0,18,2,50,77.74,90.37,0.0,0.0,0.0,0.0,0.0,0.0
1215,37502,52.56,50.1437505078833,1.242818419038858,0,16,2,50,51.78,53.33,0.0,0.0,0.0,0.0,0.0,0.0
1216,37099,41.86,52.42400254301666,1.257780225335355,0,17,2,50,41.36,42.36,0.0,0.0,0.0,0.0,0.0,0.0
1217,33875,38.32,50.921660427894025,1.3016456403685932,0,25,2,50,38.14,38.49,0.0,0.0,0.0,0.0,0.0,0.0
1218,38711,39.75,52.84531814837041,1.2894655518194107,0,13,2,50,43.72,35.77,0.0,0.0,0.0,0.0,0.0,0.0
1219,34681,61.22,49.04274016988315,1.3097055931174306,0,23,2,50,64.7,57.73,0.0,0.0,0.0,0.0,0.0,0.0
1220,35487,88.02,51.800767195701376,1.3006322872690186,0,21,2,50,94.42,81.62,0.0,0.0,0.0,0.0,0.0,0.0
1221,40726,80.98,53.31968964035893,1.335308586069985,0,8,2,50,84.03,77.93,0.0,0.0,0.0,0.0,0.0,0.0
1222,36696,63.08,49.47470728771082,1.3588010297336113,0,18,2,50,55.68,70.48,0.0,0.0,0.0,0.0,0.0,0.0
1223,34681,24.78,46.96361620818834,1.2645855323616002,0,23,2,50,23.96,25.61,0.0,0.0,0.0,0.0,0.0,0.0
1224,37099,27.96,46.055963249649615,1.4032779151845935,0,17,2,50,22.75,33.17,0.0,0.0,0.0,0.0,0.0,0.0
1225,36696,59.6,52.12684439063226,1.3866948922136757,0,18,2,50,57.77,61.42,0.0,0.0,0.0,0.0,0.0,0.0
1226,37502,46.55,50.72515347277648,1.2457966713161683,0,16,2,50,46.35,46.75,0.0,0.0,0.0,0.0,0.0,0.0
1227,40323,41.24,46.11568454982604,1.2464385033903689,0,9,2,50,41.3,41.17,0.0,0.0,0.0,0.0,0.0,0.0
1228,38711,84.02,54.69537999518783,1.3406171503865754,0,13,2,50,78.08,89.95,0.0,0.0,0.0,0.0,0.0,0.0
1229,35487,42.84,51.24615912972344,1.2317334979235874,0,21,2,50,42.3,43.38,0.0,0.0,0.0,0.0,0.0,0.0
1230,39517,56.42,51.69705510061197,1.2721781541916375,0,11,2,50,56.02,56.82,0.0,0.0,0.0,0.0,0.0,0.0
1231,38711,46.3,50.54537075979163,1.2343915202350777,0,13,2,50,42.49,50.11,0.0,0.0,0.0,0.0,0.0,0.0
1232,37502,89.04,49.68506746081576,1.312846983084043,0,16,2,50,94.5,83.57,0.0,0.0,0.0,0.0,0.0,0.0
1233,38308,26.52,49.873677373935934,1.2581276825620358,0,14,2,50,29.35,23.69,0.0,0.0,0.0,0.0,0.0,0.0
1234,39114,64.82,51.16205712267975,1.3318730613810126,0,12,2,50,68.12,61.51,0.0,0.0,0.0,0.0,0.0,0.0
1235,36293,36.7,49.25284278796992,1.2760631228440769,0,19,2,50,31.56,41.85,0.0,0.0,0.0,0.0,0.0,0.0
1236,41972,31.74,52.688198260354966,1.2592698146524328,1,11,2,50,28.45,35.03,0.0,0.0,0.0,0.0,0.0,0.0
1237,37502,44.02,52.18640554427469,1.334798740956645,0,16,2,50,46.94,41.09,0.0,0.0,0.0,0.0,0.0,0.0
1238,37502,91.48,56.21777453806759,1.302526622328362,0,16,2,50,82.95,100.0,0.0,0.0,0.0,0.0,0.0,0.0
1239,37099,67.79,60.17055410606268,1.2457872239525325,0,17,2,50,66.82,68.77,0.0,0.0,0.0,0.0,0.0,0.0
1240,37905,46.57,48.23582110070779,1.2564324615014066,0,15,2,50,51.0,42.14,0.0,0.0,0.0,0.0,0.0,0.0
1241,36293,66.5,52.47851545606092,1.3348092386382793,0,19,2,50,70.56,62.44,0.0,0.0,0.0,0.0,0.0,0.0
1242,36293,30.64,50.49373137400486,1.2827560448568422,0,19,2,50,27.24,34.03,0.0,0.0,0.0,0.0,0.0,0.0
1243,35487,52.5,54.11745969262088,1.2995183422288068,0,21,2,50,49.64,55.36,0.0,0.0,0.0,0.0,0.0,0.0
1244,39114,54.73,51.06043666839002,1.3003370300708228,0,12,2,50,52.72,56.74,0.0,0.0,0.0,0.0,0.0,0.0
1245,35890,72.38,54.63549384029129,1.390927572374232,0,20,2,50,72.11,72.66,0.0,0.0,0.0,0.0,0.0,0.0
1246,35890,40.01,50.130475334368704,1.2589062059815956,0,20,2,50,37.8,42.22,0.0,0.0,0.0,0.0,0.0,0.0
1247,36696,57.04,52.63659630223211,1.3399137324642418,0,18,2,50,53.88,60.19,0.0,0.0,0.0,0.0,0.0,0.0
1248,40726,62.73,51.14658464356095,1.263568158875118,0,8,2,50,64.1,61.36,0.0,0.0,0.0,0.0,0.0,0.0
1249,37905,74.8,46.379584294786014,1.3010330727835984,0,15,2,50,81.49,68.11,0.0,0.0,0.0,0.0,0.0,0.0
1250,38711,38.0,55.98730211503877,1.2615707697042653,0,13,2,50,34.15,41.86,0.0,0.0,0.0,0.0,0.0,0.0
1251,39114,44.32,54.6721746658626,1.3454882245910118,0,12,2,50,44.37,44.27,0.0,0.0,0.0,0.0,0.0,0.0
1252,37905,57.79,48.04469629047185,1.3332558646853516,0,15,2,50,52.71,62.87,0.0,0.0,0.0,0.0,0.0,0.0
1253,36293,43.4,48.845911509659935,1.2873891368793593,0,19,2,50,42.27,44.53,0.0,0.0,0.0,0.0,0.0,0.0
1254,36696,29.34,54.44292296362723,1.2690322423521851,0,18,2,50,30.46,28.22,0.0,0.0,0.0,0.0,0.0,0.0
1255,36293,46.18,44.89121057350522,1.2096044291254078,0,19,2,50,50.26,42.11,0.0,0.0,0.0,0.0,0.0,0.0
1256,36696,43.6,53.04135068694699,1.2166008812455111,0,18,2,50,43.37,43.83,0.0,0.0,0.0,0.0,0.0,0.0
1257,37905,80.3,52.321189252670415,1.382107064812059,0,15,2,50,79.93,80.66,0.0,0.0,0.0,0.0,0.0,0.0
1258,34681,62.08,53.24027200304142,1.2790651321297588,0,23,2,50,69.6,54.56,0.0,0.0,0.0,0.0,0.0,0.0
1259,38308,22.68,51.93165675678021,1.2494588756313645,0,14,2,50,22.7,22.67,0.0,0.0,0.0,0.0,0.0,0.0
1260,35890,61.64,44.66863662124669,1.322752774865278,0,20,2,50,66.71,56.57,0.0,0.0,0.0,0.0,0.0,0.0
1261,38308,66.2,50.06733173879606,1.3740165724828468,0,14,2,50,63.78,68.62,0.0,0.0,0.0,0.0,0.0,0.0
1262,37502,49.35,48.14041541428255,1.3100008518776605,0,16,2,50,51.03,47.67,0.0,0.0,0.0,0.0,0.0,0.0
1263,35487,65.78,54.218673785553015,1.3119556261606624,0,21,2,50,65.17,66.38,0.0,0.0,0.0,0.0,0.0,0.0
1264,38308,79.76,55.31693332114703,1.2400781418598483,0,14,2,50,85.01,74.51,0.0,0.0,0.0,0.0,0.0,0.0
1265,37905,51.86,50.70429695879586,1.3207630841058209,0,15,2,50,57.48,46.25,0.0,0.0,0.0,0.0,0.0,0.0
1266,36696,37.56,51.40414199082203,1.3475961476074512,0,18,2,50,35.58,39.54,0.0,0.0,0.0,0.0,0.0,0.0
1267,35487,75.82,52.04305694516305,1.3468477358064923,0,21,2,50,72.98,78.65,0.0,0.0,0.0,0.0,0.0,0.0
1268,38308,46.6,54.50675517235368,1.2703715389139578,0,14,2,50,47.93,45.28,0.0,0.0,0.0,0.0,0.0,0.0
1269,36293,29.58,54.85130219861923,1.3365778631794265,0,19,2,50,31.97,27.18,0.0,0.0,0.0,0.0,0.0,0.0
1270,38711,71.62,53.69849148376397,1.269686061723166,0,13,2,50,70.74,72.51,0.0,0.0,0.0,0.0,0.0,0.0
1271,40323,50.85,51.840406401625806,1.311981756524033,0,9,2,50,51.15,50.55,0.0,0.0,0.0,0.0,0.0,0.0
1272,37099,32.76,49.20707490241798,1.311115840752524,0,17,2,50,33.17,32.35,0.0,0.0,0.0,0.0,0.0,0.0
1273,37905,23.84,53.92644917681761,1.2810489989698843,0,15,2,50,26.3,21.39,0.0,0.0,0.0,0.0,0.0,0.0
1274,38711,56.5,51.838601620000695,1.3914386368164604,0,13,2,50,54.6,58.39,0.0,0.0,0.0,0.0,0.0,0.0
1275,37502,62.68,53.48439875305314,1.2473817483928349,0,16,2,50,66.37,58.99,0.0,0.0,0.0,0.0,0.0,0.0
1276,36696,64.32,49.9726559744286,1.3462567575447464,0,18,2,50,62.78,65.85,0.0,0.0,0.0,0.0,0.0,0.0
1277,40323,60.58,47.172022810496166,1.3344426730664514,0,9,2,50,63.13,58.04,0.0,0.0,0.0,0.0,0.0,0.0
1278,36293,65.22,53.94684083533166,1.3391698083735268,0,19,2,50,64.24,66.2,0.0,0.0,0.0,0.0,0.0,0.0
1279,34681,72.69,52.08880662173871,1.298626704983759,0,23,2,50,62.57,82.82,0.0,0.0,0.0,0.0,0.0,0.0
1280,37502,45.96,45.53552590292176,1.2944948047816072,0,16,2,50,49.42,42.5,0.0,0.0,0.0,0.0,0.0,0.0
1281,36293,55.85,49.45620089275684,1.3015049815009887,0,19,2,50,63.13,48.57,0.0,0.0,0.0,0.0,0.0,0.0
1282,37905,61.18,50.61692503827967,1.236101964564751,0,15,2,50,63.22,59.13,0.0,0.0,0.0,0.0,0.0,0.0
1283,38711,67.03,54.6245119496243,1.3520745063425597,0,13,2,50,70.59,63.46,0.0,0.0,0.0,0.0,0.0,0.0
1284,37905,20.2,49.52820009955537,1.288890294769667,0,15,2,50,19.72,20.67,0.0,0.0,0.0,0.0,0.0,0.0
1285,36696,29.48,46.99542647626324,1.1739377781643054,0,18,2,50,24.88,34.09,0.0,0.0,0.0,0.0,0.0,0.0
1286,37099,51.9,56.19863796630816,1.3264206229098552,0,17,2,50,53.9,49.91,0.0,0.0,0.0,0.0,0.0,0.0
1287,41821,74.98,54.57349435838541,1.289217966286441,2,13,2,50,66.43,83.53,0.0,0.0,0.0,0.0,0.0,0.0
1288,35487,51.28,52.24971995403014,1.2308677104694203,0,21,2,50,44.77,57.78,0.0,0.0,0.0,0.0,0.0,0.0
1289,37502,64.96,47.27787467833596,1.2911727627211604,0,16,2,50,59.68,70.24,0.0,0.0,0.0,0.0,0.0,0.0
1290,44894,35.32,53.487522590374944,1.3442126162338712,3,7,2,50,32.64,37.99,0.0,0.0,0.0,0.0,0.0,0.0
1291,39114,36.47,48.96200733255512,1.2387745679304225,0,12,2,50,41.78,31.15,0.0,0.0,0.0,0.0,0.0,0.0
1292,37099,38.16,44.43229399253707,1.2254589166282808,0,17,2,50,37.6,38.71,0.0,0.0,0.0,0.0,0.0,0.0
1293,39114,87.33,47.61461996699602,1.351185172297963,0,12,2,50,77.62,97.04,0.0,0.0,0.0,0.0,0.0,0.0
1294,36696,58.8,52.54686468140601,1.3226890365912516,0,18,2,50,62.61,54.98,0.0,0.0,0.0,0.0,0.0,0.0
1295,37905,44.46,54.24118668913996,1.2428833785256557,0,15,2,50,42.39,46.52,0.0,0.0,0.0,0.0,0.0,0.0
1296,35890,50.6,52.45634527472706,1.2806548518129046,0,20,2,50,48.47,52.74,0.0,0.0,0.0,0.0,0.0,0.0
1297,36696,53.74,53.70804904208258,1.2121307668395918,0,18,2,50,58.28,49.2,0.0,0.0,0.0,0.0,0.0,0.0
1298,37502,53.08,54.86305344692532,1.2415595995020712,0,16,2,50,48.08,58.09,0.0,0.0,0.0,0.0,0.0,0.0
1299,36696,84.84,51.98920512903786,1.3773368642338837,0,18,2,50,93.12,76.57,0.0,0.0,0.0,0.0,0.0,0.0
1300,37502,59.91,53.675476718378064,1.3285470722790351,0,16,2,50,67.46,52.37,0.0,0.0,0.0,0.0,0.0,0.0
1301,38308,46.44,50.37973954236295,1.242655806181725,0,14,2,50,44.81,48.07,0.0,0.0,0.0,0.0,0.0,0.0
1302,37502,27.8,51.31500211922659,1.2877768413546649,0,16,2,50,27.44,28.15,0.0,0.0,0.0,0.0,0.0,0.0
1303,34278,27.8,51.836189791396606,1.2678094308183738,0,24,2,50,24.49,31.11,0.0,0.0,0.0,0.0,0.0,0.0
1304,38308,73.68,57.04994240641653,1.3879672187449623,0,14,2,50,73.1,74.25,0.0,0.0,0.0,0.0,0.0,0.0
1305,39114,34.04,45.192572170109926,1.3265680397691586,0,12,2,50,34.8,33.28,0.0,0.0,0.0,0.0,0.0,0.0
1306,37502,86.32,48.74862335939641,1.272774636342849,0,16,2,50,83.28,89.37,0.0,0.0,0.0,0.0,0.0,0.0
1307,39517,62.42,54.90037529128916,1.2558816877113703,0,11,2,50,66.04,58.79,0.0,0.0,0.0,0.0,0.0,0.0
1308,38711,26.4,46.48321578536127,1.3248862983454683,0,13,2,50,25.5,27.29,0.0,0.0,0.0,0.0,0.0,0.0
1309,37502,66.42,49.75407009360784,1.2687364400088097,0,16,2,50,62.58,70.26,0.0,0.0,0.0,0.0,0.0,0.0
1310,37905,57.11,51.54840380227303,1.3214518504992132,0,15,2,50,53.61,60.61,0.0,0.0,0.0,0.0,0.0,0.0
1311,35890,27.55,52.67851068441501,1.3596191749074449,0,20,2,50,22.95,32.15,0.0,0.0,0.0,0.0,0.0,0.0
1312,37905,20.15,48.84050976403196,1.322765138112186,0,15,2,50,18.53,21.76,0.0,0.0,0.0,0.0,0.0,0.0
1313,38308,37.88,44.60650033526614,1.217689297939082,0,14,2,50,36.47,39.29,0.0,0.0,0.0,0.0,0.0,0.0
1314,37502,44.55,49.82777684649791,1.299487586373608,0,16,2,50,49.66,39.44,0.0,0.0,0.0,0.0,0.0,0.0
1315,34681,54.38,57.54656658967976,1.2799313029436574,0,23,2,50,56.64,52.11,0.0,0.0,0.0,0.0,0.0,0.0
1316,37099,75.09,51.30908361131456,1.3410543275441005,0,17,2,50,69.72,80.46,0.0,0.0,0.0,0.0,0.0,0.0
1317,36696,69.78,50.34871131555448,1.3262302638301016,0,18,2,50,68.6,70.95,0.0,0.0,0.0,0.0,0.0,0.0
1318,39517,32.86,52.5459034585333,1.2643150981771194,0,11,2,50,34.63,31.08,0.0,0.0,0.0,0.0,0.0,0.0
1319,36293,38.42,58.45631061867965,1.2633621842682614,0,19,2,50,42.91,33.94,0.0,0.0,0.0,0.0,0.0,0.0
1320,38711,83.86,55.098727144227,1.2979314971714806,0,13,2,50,82.53,85.2,0.0,0.0,0.0,0.0,0.0,0.0
1321,37502,45.55,56.2798276422097,1.204220982238851,0,16,2,50,42.01,49.09,0.0,0.0,0.0,0.0,0.0,0.0
1322,38308,90.1,50.2004838648021,1.2445533739220198,0,14,2,50,89.81,90.38,0.0,0.0,0.0,0.0,0.0,0.0
1323,37502,70.82,49.94139891032312,1.2876202241267476,0,16,2,50,68.26,73.38,0.0,0.0,0.0,0.0,0.0,0.0
1324,39920,76.58,55.84008244700727,1.3515864065913796,0,10,2,50,81.7,71.45,0.0,0.0,0.0,0.0,0.0,0.0
1325,41129,67.68,50.95314616415299,1.276174164614376,0,7,2,50,66.34,69.02,0.0,0.0,0.0,0.0,0.0,0.0
1326,35487,74.56,56.09561093472541,1.3223711043475277,0,21,2,50,79.9,69.21,0.0,0.0,0.0,0.0,0.0,0.0
1327,38308,27.77,52.273767524027775,1.300749911024824,0,14,2,50,25.28,30.26,0.0,0.0,0.0,0.0,0.0,0.0
1328,34681,47.32,54.32551335618824,1.3314171271239033,0,23,2,50,47.27,47.37,0.0,0.0,0.0,0.0,0.0,0.0
1329,37502,21.28,47.602351140219525,1.249258821125109,0,16,2,50,22.95,19.62,0.0,0.0,0.0,0.0,0.0,0.0
1330,35890,62.45,49.95728091372505,1.2346771040168687,0,20,2,50,66.17,58.73,0.0,0.0,0.0,0.0,0.0,0.0
1331,37905,65.5,49.20568763092903,1.3011382926042996,0,15,2,50,62.25,68.75,0.0,0.0,0.0,0.0,0.0,0.0
1332,35084,23.93,54.652513932537865,1.2842351245921335,0,22,2,50,21.35,26.51,0.0,0.0,0.0,0.0,0.0,0.0
1333,36696,54.54,51.13541565531297,1.3051014198555402,0,18,2,50,54.02,55.05,0.0,0.0,0.0,0.0,0.0,0.0
1334,35890,82.2,48.937231338062645,1.3072407431449444,0,20,2,50,82.04,82.35,0.0,0.0,0.0,0.0,0.0,0.0
1335,40726,70.83,53.54602776427964,1.3037171145096895,0,8,2,50,75.07,66.6,0.0,0.0,0.0,0.0,0.0,0.0
1336,39114,62.18,56.16803392754879,1.398801117341914,0,12,2,50,59.5,64.87,0.0,0.0,0.0,0.0,0.0,0.0
1337,35890,39.99,47.7753272772357,1.3118366395223156,0,20,2,50,39.72,40.26,0.0,0.0,0.0,0.0,0.0,0.0
1338,36696,65.2,52.46305154396349,1.2864243464730822,0,18,2,50,60.32,70.09,0.0,0.0,0.0,0.0,0.0,0.0
1339,38308,48.38,48.46989856456817,1.253931363056552,0,14,2,50,47.98,48.79,0.0,0.0,0.0,0.0,0.0,0.0
1340,38308,54.53,53.67579095464783,1.2669947845724383,0,14,2,50,55.38,53.67,0.0,0.0,0.0,0.0,0.0,0.0
1341,39920,43.6,51.64095347465273,1.2997958343646547,0,10,2,50,43.96,43.24,0.0,0.0,0.0,0.0,0.0,0.0
1342,35487,32.46,48.22387985923433,1.2688671044019812,0,21,2,50,30.28,34.64,0.0,0.0,0.0,0.0,0.0,0.0
1343,36293,61.64,51.50533194258097,1.3004261633053416,0,19,2,50,61.86,61.43,0.0,0.0,0.0,0.0,0.0,0.0
1344,38308,29.5,54.7986022409688,1.264858719398291,0,14,2,50,24.28,34.71,0.0,0.0,0.0,0.0,0.0,0.0
1345,36696,23.86,55.48634101406816,1.2942344578417446,0,18,2,50,25.06,22.66,0.0,0.0,0.0,0.0,0.0,0.0
1346,39114,60.12,55.19258058793194,1.2461578150997794,0,12,2,50,56.75,63.5,0.0,0.0,0.0,0.0,0.0,0.0
1347,38711,74.16,46.8468828684166,1.2710252550506933,0,13,2,50,71.21,77.12,0.0,0.0,0.0,0.0,0.0,0.0
1348,40726,47.66,54.86638526526829,1.3429466814310715,0,8,2,50,53.49,41.83,0.0,0.0,0.0,0.0,0.0,0.0
1349,37502,44.97,50.35461362814358,1.344173015421436,0,16,2,50,47.05,42.9,0.0,0.0,0.0,0.0,0.0,0.0
1350,37099,35.04,52.28012564304266,1.4381089607873292,0,17,2,50,37.62,32.47,0.0,0.0,0.0,0.0,0.0,0.0
1351,38711,21.3,51.7483487614518,1.2960045905411548,0,13,2,50,20.12,22.49,0.0,0.0,0.0,0.0,0.0,0.0
1352,39517,49.14,48.28696877753393,1.312581004218772,0,11,2,50,52.84,45.44,0.0,0.0,0.0,0.0,0.0,0.0
1353,36696,47.82,45.203619781932815,1.2458223213235713,0,18,2,50,46.07,49.56,0.0,0.0,0.0,0.0,0.0,0.0
1354,39920,33.49,46.55443695257955,1.2950120698594825,0,10,2,50,38.29,28.69,0.0,0.0,0.0,0.0,0.0,0.0
1355,35487,84.78,47.87346925694672,1.2422808985167813,0,21,2,50,91.78,77.77,0.0,0.0,0.0,0.0,0.0,0.0
1356,35890,86.96,50.13470806447406,1.2934099492967983,0,20,2,50,92.9,81.03,0.0,0.0,0.0,0.0,0.0,0.0
1357,37502,47.36,54.62904133481496,1.2457060302515328,0,16,2,50,52.96,41.76,0.0,0.0,0.0,0.0,0.0,0.0
1358,39114,60.27,53.729343795594495,1.2106419655838647,0,12,2,50,56.94,63.6,0.0,0.0,0.0,0.0,0.0,0.0
1359,41015,47.84,48.10638413135344,1.281186296986289,2,15,2,50,51.53,44.14,0.0,0.0,0.0,0.0,0.0,0.0
1360,42224,42.21,47.06607971053576,1.3222471040260848,2,12,2,50,41.1,43.32,0.0,0.0,0.0,0.0,0.0,0.0
1361,33875,34.34,53.94600625275389,1.291514225078949,0,25,2,50,33.47,35.21,0.0,0.0,0.0,0.0,0.0,0.0
1362,38308,22.86,48.8590366129863,1.2614533485102708,0,14,2,50,20.14,25.59,0.0,0.0,0.0,0.0,0.0,0.0
1363,39920,52.17,50.95811782016832,1.2297934060033813,0,10,2,50,52.06,52.28,0.0,0.0,0.0,0.0,0.0,0.0
1364,36293,62.35,53.632001411035,1.3043071821991057,0,19,2,50,58.78,65.92,0.0,0.0,0.0,0.0,0.0,0.0
1365,39517,27.43,54.56948958209781,1.206847144250144,0,11,2,50,28.19,26.67,0.0,0.0,0.0,0.0,0.0,0.0
1366,35084,54.82,51.93959164786134,1.3484247312610869,0,22,2,50,56.29,53.36,0.0,0.0,0.0,0.0,0.0,0.0
1367,38308,58.75,52.40101330536116,1.316946586603191,0,14,2,50,58.95,58.55,0.0,0.0,0.0,0.0,0.0,0.0
1368,35487,63.04,54.53055607589067,1.1678868302917411,0,21,2,50,67.37,58.7,0.0,0.0,0.0,0.0,0.0,0.0
1369,37905,80.26,46.05012374769333,1.2630185918094765,0,15,2,50,86.25,74.26,0.0,0.0,0.0,0.0,0.0,0.0
1370,38308,40.34,52.73413590133092,1.3308672998056927,0,14,2,50,39.34,41.34,0.0,0.0,0.0,0.0,0.0,0.0
1371,35487,61.68,53.39950740921648,1.3035739975066931,0,21,2,50,67.58,55.79,0.0,0.0,0.0,0.0,0.0,0.0
1372,38711,74.89,55.8584502537177,1.250505831957991,0,13,2,50,76.09,73.69,0.0,0.0,0.0,0.0,0.0,0.0
1373,41166,67.9,53.59718573410929,1.3278197345690406,1,13,2,50,68.98,66.83,0.0,0.0,0.0,0.0,0.0,0.0
1374,38711,28.53,54.05135391600847,1.2549888686478363,0,13,2,50,27.55,29.51,0.0,0.0,0.0,0.0,0.0,0.0
1375,37502,42.6,55.29705268522724,1.25703009570659,0,16,2,50,41.9,43.29,0.0,0.0,0.0,0.0,0.0,0.0
1376,38711,31.11,56.1322599498341,1.2635419169330862,0,13,2,50,27.69,34.52,0.0,0.0,0.0,0.0,0.0,0.0
1377,38711,45.26,55.735539216893,1.1916942460374256,0,13,2,50,47.03,43.48,0.0,0.0,0.0,0.0,0.0,0.0
1378,37502,77.95,53.6158558289405,1.367628301273583,0,16,2,50,87.05,68.85,0.0,0.0,0.0,0.0,0.0,0.0
1379,39114,84.28,54.37203119658269,1.257157584632196,0,12,2,50,76.95,91.62,0.0,0.0,0.0,0.0,0.0,0.0
1380,41532,52.99,44.63625338907069,1.3099784059459765,0,6,2,50,54.32,51.66,0.0,0.0,0.0,0.0,0.0,0.0
1381,39517,33.52,54.91082460300555,1.3346195071920657,0,11,2,50,29.25,37.78,0.0,0.0,0.0,0.0,0.0,0.0
1382,37502,98.47,53.45996841222651,1.3684690606925043,0,16,2,50,98.54,98.4,0.0,0.0,0.0,0.0,0.0,0.0
1383,36696,44.87,51.68547971833348,1.2233651681497528,0,18,2,50,50.07,39.67,0.0,0.0,0.0,0.0,0.0,0.0
1384,43181,81.48,52.06512465186342,1.2445702279083846,1,8,2,50,85.37,77.59,0.0,0.0,0.0,0.0,0.0,0.0
1385,38308,42.58,49.588098005012725,1.2732416238426645,0,14,2,50,45.66,39.49,0.0,0.0,0.0,0.0,0.0,0.0
1386,39114,36.84,55.03217451616041,1.345545261891165,0,12,2,50,32.98,40.71,0.0,0.0,0.0,0.0,0.0,0.0
1387,38711,75.15,47.75753868565567,1.2568127545245962,0,13,2,50,79.84,70.45,0.0,0.0,0.0,0.0,0.0,0.0
1388,37905,98.74,55.23100866649393,1.3036776570476925,0,15,2,50,100.0,97.48,0.0,0.0,0.0,0.0,0.0,0.0
1389,43987,24.35,55.125192642463226,1.2596435382146882,1,6,2,50,23.31,25.39,0.0,0.0,0.0,0.0,0.0,0.0
1390,39920,32.76,51.92263525505236,1.27273700830103,0,10,2,50,31.92,33.6,0.0,0.0,0.0,0.0,0.0,0.0
1391,36696,67.3,48.52660258962652,1.2562227504618226,0,18,2,50,63.25,71.35,0.0,0.0,0.0,0.0,0.0,0.0
1392,38711,68.6,51.123655900657816,1.322399058305228,0,13,2,50,63.28,73.93,0.0,0.0,0.0,0.0,0.0,0.0
1393,36293,89.26,49.24673174483182,1.2832712857202762,0,19,2,50,85.37,93.16,0.0,0.0,0.0,0.0,0.0,0.0
1394,38711,56.52,59.449635438423286,1.261438294673239,0,13,2,50,60.87,52.16,0.0,0.0,0.0,0.0,0.0,0.0
1395,38308,27.6,55.536848321039095,1.3101776796735565,0,14,2,50,27.27,27.93,0.0,0.0,0.0,0.0,0.0,0.0
1396,37099,93.48,56.90505937587533,1.2188248344201649,0,17,2,50,91.03,95.93,0.0,0.0,0.0,0.0,0.0,0.0
1397,42627,46.29,52.84524369279222,1.2581748798566428,2,11,2,50,44.97,47.61,0.0,0.0,0.0,0.0,0.0,0.0
1398,39114,64.83,51.715397578575065,1.2028123876084271,0,12,2,50,71.67,57.99,0.0,0.0,0.0,0.0,0.0,0.0
1399,35084,19.71,50.52621382563627,1.228339035433146,0,22,2,50,18.02,21.4,0.0,0.0,0.0,0.0,0.0,0.0
1400,42627,78.84,52.958185039427576,1.3183084645774683,2,11,2,50,75.33,82.36,0.0,0.0,0.0,0.0,0.0,0.0
1401,39920,64.56,52.531558123294175,1.2891126247652875,0,10,2,50,56.96,72.16,0.0,0.0,0.0,0.0,0.0,0.0
1402,39517,51.69,52.40778612563433,1.260553770702781,0,11,2,50,56.21,47.17,0.0,0.0,0.0,0.0,0.0,0.0
1403,38711,64.6,46.30025390220987,1.209660621394817,0,13,2,50,67.51,61.7,0.0,0.0,0.0,0.0,0.0,0.0
1404,35487,28.86,53.39868353967385,1.268130050231162,0,21,2,50,29.71,28.02,0.0,0.0,0.0,0.0,0.0,0.0
1405,38308,45.34,48.71003000117773,1.2923321268866277,0,14,2,50,47.46,43.22,0.0,0.0,0.0,0.0,0.0,0.0
1406,38308,39.7,51.02110701258078,1.2918772796965108,0,14,2,50,41.33,38.07,0.0,0.0,0.0,0.0,0.0,0.0
1407,43685,49.38,51.06982452907689,1.2998507843381402,3,10,2,50,49.4,49.35,0.0,0.0,0.0,0.0,0.0,0.0
1408,36696,50.07,49.40031008172846,1.3224829677228815,0,18,2,50,48.5,51.64,0.0,0.0,0.0,0.0,0.0,0.0
1409,43030,26.1,49.80759086818558,1.238073034073001,2,10,2,50,24.04,28.17,0.0,0.0,0.0,0.0,0.0,0.0
1410,41129,50.61,46.3789303179792,1.260829701265492,0,7,2,50,47.2,54.02,0.0,0.0,0.0,0.0,0.0,0.0
1411,37502,69.25,47.37510601531597,1.3436748071764428,0,16,2,50,60.07,78.43,0.0,0.0,0.0,0.0,0.0,0.0
1412,35890,41.35,53.55227177499522,1.348428838824677,0,20,2,50,35.55,47.15,0.0,0.0,0.0,0.0,0.0,0.0
1413,37905,35.98,48.16160406362794,1.2248339907735804,0,15,2,50,32.09,39.86,0.0,0.0,0.0,0.0,0.0,0.0
1414,37502,49.74,48.72344073947839,1.2969150044188544,0,16,2,50,48.63,50.84,0.0,0.0,0.0,0.0,0.0,0.0
1415,38711,68.42,56.28963415560579,1.300842185920588,0,13,2,50,59.66,77.18,0.0,0.0,0.0,0.0,0.0,0.0
1416,43433,62.7,52.408661439107405,1.3602179698880943,2,9,2,50,66.83,58.58,0.0,0.0,0.0,0.0,0.0,0.0
1417,36293,63.17,51.02280127310108,1.2506163733454647,0,19,2,50,60.57,65.76,0.0,0.0,0.0,0.0,0.0,0.0
1418,39114,73.5,47.14401768445531,1.237376005578099,0,12,2,50,79.57,67.42,0.0,0.0,0.0,0.0,0.0,0.0
1419,38308,50.08,57.35705315670983,1.323200515064611,0,14,2,50,46.77,53.39,0.0,0.0,0.0,0.0,0.0,0.0
1420,39114,29.2,53.242648602233785,1.3554341247641766,0,12,2,50,30.09,28.3,0.0,0.0,0.0,0.0,0.0,0.0
1421,37502,36.88,53.46904886084825,1.286911582483956,0,16,2,50,38.38,35.38,0.0,0.0,0.0,0.0,0.0,0.0
1422,36293,61.12,49.70327617201761,1.3084355987633751,0,19,2,50,59.7,62.55,0.0,0.0,0.0,0.0,0.0,0.0
1423,38711,60.45,52.39367491790481,1.4128491422741043,0,13,2,50,65.02,55.88,0.0,0.0,0.0,0.0,0.0,0.0
1424,39920,53.56,54.66262279201482,1.2121182655985685,0,10,2,50,50.51,56.6,0.0,0.0,0.0,0.0,0.0,0.0
1425,39517,76.76,53.568386962702085,1.2727351011037875,0,11,2,50,77.14,76.39,0.0,0.0,0.0,0.0,0.0,0.0
1426,46053,83.75,52.10116926894317,1.2352432686318733,6,9,2,50,87.21,80.29,0.0,0.0,0.0,0.0,0.0,0.0
1427,38711,42.58,51.25256646571916,1.3445807148348488,0,13,2,50,37.79,47.37,0.0,0.0,0.0,0.0,0.0,0.0
1428,37502,68.68,50.20580253279835,1.2737927404423768,0,16,2,50,69.52,67.83,0.0,0.0,0.0,0.0,0.0,0.0
1429,37502,53.16,49.51134331282586,1.285819226402087,0,16,2,50,51.36,54.95,0.0,0.0,0.0,0.0,0.0,0.0
1430,38711,50.72,53.50115473654059,1.3074015833983763,0,13,2,50,58.11,43.32,0.0,0.0,0.0,0.0,0.0,0.0
1431,39114,54.14,53.72330813814297,1.3446937637460978,0,12,2,50,57.96,50.31,0.0,0.0,0.0,0.0,0.0,0.0
1432,38308,68.05,57.03922849554508,1.2481095335337542,0,14,2,50,59.66,76.44,0.0,0.0,0.0,0.0,0.0,0.0
1433,36293,26.67,50.84040211308547,1.3269418657094745,0,19,2,50,24.97,28.37,0.0,0.0,0.0,0.0,0.0,0.0
1434,35084,66.57,60.76822035130818,1.2054779873781984,0,22,2,50,68.36,64.78,0.0,0.0,0.0,0.0,0.0,0.0
1435,36696,67.24,55.55475768782092,1.2820535655156948,0,18,2,50,59.74,74.75,0.0,0.0,0.0,0.0,0.0,0.0
1436,36293,89.9,50.26694231349101,1.2690951299115625,0,19,2,50,91.95,87.84,0.0,0.0,0.0,0.0,0.0,0.0
1437,37099,54.18,51.39382933713669,1.2985548996555731,0,17,2,50,54.37,53.98,0.0,0.0,0.0,0.0,0.0,0.0
1438,37905,70.1,55.21538080162416,1.292854570371997,0,15,2,50,76.65,63.54,0.0,0.0,0.0,0.0,0.0,0.0
1439,46855,34.11,51.76005749895116,1.3225289829979134,4,5,2,50,35.22,32.99,0.0,0.0,0.0,0.0,0.0,0.0
1440,40323,63.78,51.08486412552069,1.2862607318322867,0,9,2,50,55.95,71.62,0.0,0.0,0.0,0.0,0.0,0.0
1441,43987,46.48,49.39063351840714,1.2777292335431083,1,6,2,50,45.29,47.67,0.0,0.0,0.0,0.0,0.0,0.0
1442,39517,36.5,49.05011444454401,1.3386180411524773,0,11,2,50,39.35,33.65,0.0,0.0,0.0,0.0,0.0,0.0
1443,40323,55.31,52.19779728968221,1.249525713949173,0,9,2,50,50.85,59.77,0.0,0.0,0.0,0.0,0.0,0.0
1444,38711,51.2,50.56948237713736,1.312321226202216,0,13,2,50,52.88,49.53,0.0,0.0,0.0,0.0,0.0,0.0
1445,42627,55.48,49.04710663370299,1.2525373398823365,2,11,2,50,54.17,56.8,0.0,0.0,0.0,0.0,0.0,0.0
1446,43987,53.19,53.60812933896347,1.2490646104847791,1,6,2,50,53.67,52.71,0.0,0.0,0.0,0.0,0.0,0.0
1447,38308,46.72,55.38309034332534,1.2865259967237257,0,14,2,50,47.01,46.43,0.0,0.0,0.0,0.0,0.0,0.0
1448,39114,54.36,48.83907091435173,1.3110436678990784,0,12,2,50,51.35,57.37,0.0,0.0,0.0,0.0,0.0,0.0
1449,40726,46.13,48.602132647941126,1.1912608156143587,0,8,2,50,51.03,41.23,0.0,0.0,0.0,0.0,0.0,0.0
1450,37905,26.9,50.82900088796408,1.2561287323949173,0,15,2,50,25.6,28.2,0.0,0.0,0.0,0.0,0.0,0.0
1451,39920,49.0,56.043079349825625,1.2128603377007243,0,10,2,50,52.42,45.59,0.0,0.0,0.0,0.0,0.0,0.0
1452,37502,68.72,48.33182308533532,1.2861148340967117,0,16,2,50,69.21,68.24,0.0,0.0,0.0,0.0,0.0,0.0
1453,43433,47.22,56.25480365344909,1.2515939801374345,2,9,2,50,53.81,40.62,0.0,0.0,0.0,0.0,0.0,0.0
1454,38711,72.8,47.63077876204879,1.3007913957676798,0,13,2,50,70.5,75.09,0.0,0.0,0.0,0.0,0.0,0.0
1455,37905,30.96,49.25485845368602,1.2637947475676174,0,15,2,50,33.11,28.8,0.0,0.0,0.0,0.0,0.0,0.0
1456,40323,80.47,49.26183090010773,1.172390756227364,0,9,2,50,92.13,68.81,0.0,0.0,0.0,0.0,0.0,0.0
1457,38711,46.24,55.31304043904555,1.2563593627660938,0,13,2,50,38.58,53.89,0.0,0.0,0.0,0.0,0.0,0.0
1458,41569,45.28,49.5190690282127,1.271404259344942,1,12,2,50,47.59,42.97,0.0,0.0,0.0,0.0,0.0,0.0
1459,38308,48.84,53.83712450090573,1.1601388259682264,0,14,2,50,44.84,52.84,0.0,0.0,0.0,0.0,0.0,0.0
1460,37905,68.74,51.3283470371737,1.32983801108387,0,15,2,50,71.22,66.26,0.0,0.0,0.0,0.0,0.0,0.0
1461,36696,31.46,56.54444946238351,1.2131906850077814,0,18,2,50,33.92,29.0,0.0,0.0,0.0,0.0,0.0,0.0
1462,37905,24.69,52.813964040923565,1.3216723708055926,0,15,2,50,25.68,23.7,0.0,0.0,0.0,0.0,0.0,0.0
1463,42627,57.1,50.94161109560476,1.2833043380546802,2,11,2,50,51.79,62.41,0.0,0.0,0.0,0.0,0.0,0.0
1464,43181,43.85,47.30214757441488,1.2632642367398674,1,8,2,50,41.25,46.45,0.0,0.0,0.0,0.0,0.0,0.0
1465,38308,63.12,52.28080076592578,1.276688732978012,0,14,2,50,62.87,63.38,0.0,0.0,0.0,0.0,0.0,0.0
1466,39517,65.42,51.97005058669541,1.3098010638452957,0,11,2,50,70.26,60.58,0.0,0.0,0.0,0.0,0.0,0.0
1467,39920,76.55,54.42069914037868,1.309892508271192,0,10,2,50,85.46,67.64,0.0,0.0,0.0,0.0,0.0,0.0
1468,39920,67.66,47.78415635546346,1.2749551921376017,0,10,2,50,66.0,69.32,0.0,0.0,0.0,0.0,0.0,0.0
1469,35890,41.58,53.97549495615587,1.2929219958339524,0,20,2,50,42.81,40.36,0.0,0.0,0.0,0.0,0.0,0.0
1470,37502,45.64,54.50007646596644,1.255261359684874,0,16,2,50,40.01,51.27,0.0,0.0,0.0,0.0,0.0,0.0
1471,40323,23.32,46.04596397062614,1.19159429025554,0,9,2,50,20.15,26.49,0.0,0.0,0.0,0.0,0.0,0.0
1472,39114,60.46,53.96674203396388,1.2647716002362883,0,12,2,50,58.37,62.56,0.0,0.0,0.0,0.0,0.0,0.0
1473,39114,69.62,51.810744379103966,1.221823437673146,0,12,2,50,73.61,65.63,0.0,0.0,0.0,0.0,0.0,0.0
1474,38711,64.3,47.630322190478594,1.2819654378056278,0,13,2,50,63.74,64.86,0.0,0.0,0.0,0.0,0.0,0.0
1475,38308,74.25,51.787585343546205,1.3050028942902416,0,14,2,50,66.48,82.02,0.0,0.0,0.0,0.0,0.0,0.0
1476,39920,26.09,48.97970213160341,1.2836810958107874,0,10,2,50,25.99,26.19,0.0,0.0,0.0,0.0,0.0,0.0
1477,37099,48.29,50.611104809383725,1.2975611456659613,0,17,2,50,46.93,49.65,0.0,0.0,0.0,0.0,0.0,0.0
1478,36696,23.1,49.56535496468039,1.252354327789252,0,18,2,50,25.74,20.46,0.0,0.0,0.0,0.0,0.0,0.0
1479,42224,54.76,52.25750167015078,1.3324719180945797,2,12,2,50,59.64,49.87,0.0,0.0,0.0,0.0,0.0,0.0
1480,37905,27.36,49.77003942350802,1.332623086992744,0,15,2,50,24.53,30.18,0.0,0.0,0.0,0.0,0.0,0.0
1481,39114,84.06,48.012097208417,1.231628621990809,0,12,2,50,79.59,88.52,0.0,0.0,0.0,0.0,0.0,0.0
1482,35890,58.38,50.57080742764846,1.2397101899370204,0,20,2,50,56.05,60.7,0.0,0.0,0.0,0.0,0.0,0.0
1483,39920,86.45,53.5430580798085,1.2788067606979177,0,10,2,50,79.3,93.6,0.0,0.0,0.0,0.0,0.0,0.0
1484,37905,46.3,53.030505354470336,1.326282721398362,0,15,2,50,40.75,51.84,0.0,0.0,0.0,0.0,0.0,0.0
1485,36293,28.3,50.19459043238601,1.2393770307958762,0,19,2,50,30.33,26.27,0.0,0.0,0.0,0.0,0.0,0.0
1486,37905,46.06,49.34803344092222,1.220446900239107,0,15,2,50,45.49,46.62,0.0,0.0,0.0,0.0,0.0,0.0
1487,38308,62.32,49.02592160383186,1.222372644931725,0,14,2,50,61.76,62.89,0.0,0.0,0.0,0.0,0.0,0.0
1488,39957,55.48,54.68684097806624,1.2025496128538653,1,16,2,50,56.3,54.67,0.0,0.0,0.0,0.0,0.0,0.0
1489,36696,70.92,51.11388329520989,1.2512941481792508,0,18,2,50,76.44,65.4,0.0,0.0,0.0,0.0,0.0,0.0
1490,38711,79.34,55.48867182342819,1.1052263074228954,0,13,2,50,72.04,86.65,0.0,0.0,0.0,0.0,0.0,0.0
1491,37099,40.85,50.57916871118872,1.3046294024372265,0,17,2,50,40.56,41.14,0.0,0.0,0.0,0.0,0.0,0.0
1492,39920,71.88,52.29029020761936,1.1859467219997892,0,10,2,50,71.38,72.37,0.0,0.0,0.0,0.0,0.0,0.0
1493,38308,87.93,49.04672111219307,1.245892139767928,0,14,2,50,96.02,79.84,0.0,0.0,0.0,0.0,0.0,0.0
1494,41569,65.74,47.15545261921487,1.1900792149613058,1,12,2,50,54.85,76.62,0.0,0.0,0.0,0.0,0.0,0.0
1495,37905,52.11,54.286492198604144,1.336902569495443,0,15,2,50,52.34,51.88,0.0,0.0,0.0,0.0,0.0,0.0
1496,38308,30.79,53.98987501895948,1.263424929075186,0,14,2,50,29.55,32.03,0.0,0.0,0.0,0.0,0.0,0.0
1497,36293,81.49,54.1094909354092,1.3112675183174267,0,19,2,50,87.92,75.06,0.0,0.0,0.0,0.0,0.0,0.0
1498,43030,50.76,51.26117565432177,1.2200794994477966,2,10,2,50,57.67,43.86,0.0,0.0,0.0,0.0,0.0,0.0
1499,41972,34.0,46.69253202586288,1.356331773869904,1,11,2,50,27.97,40.02,0.0,0.0,0.0,0.0,0.0,0.0
1500,37099,28.46,51.859941488130445,1.2756854821007522,0,17,2,50,26.68,30.24,0.0,0.0,0.0,0.0,0.0,0.0
1501,39114,39.42,55.10449496489766,1.2800765338092843,0,12,2,50,40.2,38.65,0.0,0.0,0.0,0.0,0.0,0.0
1502,39517,51.67,55.46692513965027,1.192987398545764,0,11,2,50,50.94,52.4,0.0,0.0,0.0,0.0,0.0,0.0
1503,39114,47.54,51.08441085407046,1.2415244811020578,0,12,2,50,48.84,46.23,0.0,0.0,0.0,0.0,0.0,0.0
1504,37905,78.53,52.679668655850655,1.1932870273323652,0,15,2,50,71.14,85.91,0.0,0.0,0.0,0.0,0.0,0.0
1505,39517,69.23,48.42287847144325,1.2632452979807725,0,11,2,50,77.85,60.61,0.0,0.0,0.0,0.0,0.0,0.0
1506,38711,37.23,52.45937130838354,1.2324122611767123,0,13,2,50,31.84,42.62,0.0,0.0,0.0,0.0,0.0,0.0
1507,40323,66.14,52.41177250452501,1.3127670803674107,0,9,2,50,70.25,62.04,0.0,0.0,0.0,0.0,0.0,0.0
1508,38308,60.12,48.0453187028288,1.212821969042008,0,14,2,50,58.47,61.77,0.0,0.0,0.0,0.0,0.0,0.0
1509,39920,85.98,53.99047884652106,1.3086053678024674,0,10,2,50,79.14,92.81,0.0,0.0,0.0,0.0,0.0,0.0
1510,38711,57.86,49.470911814263886,1.2758915878536985,0,13,2,50,53.67,62.05,0.0,0.0,0.0,0.0,0.0,0.0
1511,36696,68.18,53.927951858344215,1.2691462149935335,0,18,2,50,65.26,71.11,0.0,0.0,0.0,0.0,0.0,0.0
1512,35487,62.64,56.87850811510477,1.1932983273678817,0,21,2,50,62.23,63.06,0.0,0.0,0.0,0.0,0.0,0.0
1513,38711,52.96,54.26559006165033,1.2784710406887136,0,13,2,50,54.31,51.62,0.0,0.0,0.0,0.0,0.0,0.0
1514,39114,36.58,50.98454639166278,1.1662900859892888,0,12,2,50,38.0,35.17,0.0,0.0,0.0,0.0,0.0,0.0
1515,39517,47.64,49.85121230097105,1.1296901970447937,0,11,2,50,44.85,50.44,0.0,0.0,0.0,0.0,0.0,0.0
1516,37099,70.46,57.55895424293671,1.2771348104126312,0,17,2,50,73.63,67.29,0.0,0.0,0.0,0.0,0.0,0.0
1517,38711,40.22,50.58348893947056,1.292648023882973,0,13,2,50,40.09,40.34,0.0,0.0,0.0,0.0,0.0,0.0
1518,39920,35.56,49.55505687573334,1.2881313559252292,0,10,2,50,30.89,40.24,0.0,0.0,0.0,0.0,0.0,0.0
1519,43584,86.53,54.80426261887475,1.2233958690995963,1,7,2,50,88.23,84.83,0.0,0.0,0.0,0.0,0.0,0.0
1520,39114,70.96,50.54510636842672,1.30294197469728,0,12,2,50,73.69,68.23,0.0,0.0,0.0,0.0,0.0,0.0
1521,37099,58.72,52.35552604389899,1.2597248854666727,0,17,2,50,57.32,60.11,0.0,0.0,0.0,0.0,0.0,0.0
1522,39114,64.74,49.10181225170066,1.2717313167187294,0,12,2,50,60.01,69.48,0.0,0.0,0.0,0.0,0.0,0.0
1523,38308,58.92,51.34924342410566,1.187107121355398,0,14,2,50,63.31,54.52,0.0,0.0,0.0,0.0,0.0,0.0
1524,42224,79.04,50.08700369067835,1.2993911084537493,2,12,2,50,69.16,88.92,0.0,0.0,0.0,0.0,0.0,0.0
1525,38711,57.74,50.37443780701756,1.2088798323215686,0,13,2,50,54.67,60.8,0.0,0.0,0.0,0.0,0.0,0.0
1526,38308,56.94,45.80291571895732,1.2074973765472916,0,14,2,50,61.5,52.38,0.0,0.0,0.0,0.0,0.0,0.0
1527,38308,47.64,56.5354946602997,1.2562554987540526,0,14,2,50,47.54,47.73,0.0,0.0,0.0,0.0,0.0,0.0
1528,39920,64.75,55.32472970717733,1.1651130492415975,0,10,2,50,63.76,65.74,0.0,0.0,0.0,0.0,0.0,0.0
1529,43836,48.98,50.41348864540311,1.1953002535968595,2,8,2,50,43.17,54.8,0.0,0.0,0.0,0.0,0.0,0.0
1530,35890,49.2,48.96660228732005,1.3068340090172008,0,20,2,50,50.08,48.32,0.0,0.0,0.0,0.0,0.0,0.0
1531,39517,71.23,54.08019192206273,1.260921187806301,0,11,2,50,60.85,81.61,0.0,0.0,0.0,0.0,0.0,0.0
1532,36696,60.24,50.75387031456865,1.2622819685298092,0,18,2,50,57.25,63.24,0.0,0.0,0.0,0.0,0.0,0.0
1533,40323,58.98,51.333966046899285,1.29321216843166,0,9,2,50,62.48,55.49,0.0,0.0,0.0,0.0,0.0,0.0
1534,37905,26.64,57.43698931124458,1.2521224510744084,0,15,2,50,27.18,26.11,0.0,0.0,0.0,0.0,0.0,0.0
1535,38308,58.6,55.523945938596455,1.246498528052273,0,14,2,50,61.7,55.51,0.0,0.0,0.0,0.0,0.0,0.0
1536,37905,59.33,49.31030813780492,1.1726345935585407,0,15,2,50,58.73,59.94,0.0,0.0,0.0,0.0,0.0,0.0
1537,37099,53.7,51.51004470336845,1.2119364206439485,0,17,2,50,56.11,51.3,0.0,0.0,0.0,0.0,0.0,0.0
1538,38711,53.38,50.36198194316677,1.3111188029430283,0,13,2,50,50.73,56.04,0.0,0.0,0.0,0.0,0.0,0.0
1539,44239,42.31,46.76085634886205,1.2512514241744033,2,7,2,50,42.57,42.05,0.0,0.0,0.0,0.0,0.0,0.0
1540,38308,52.52,55.508839382445146,1.3129279505478058,0,14,2,50,48.83,56.21,0.0,0.0,0.0,0.0,0.0,0.0
1541,38308,83.74,51.290256772257095,1.278519109764937,0,14,2,50,81.91,85.58,0.0,0.0,0.0,0.0,0.0,0.0
1542,37502,77.2,55.48393099568332,1.1981939421336776,0,16,2,50,79.89,74.51,0.0,0.0,0.0,0.0,0.0,0.0
1543,40323,93.34,51.1872181726261,1.2144926391373456,0,9,2,50,95.32,91.37,0.0,0.0,0.0,0.0,0.0,0.0
1544,36696,54.57,50.425824045856,1.2412609765686866,0,18,2,50,50.14,59.0,0.0,0.0,0.0,0.0,0.0,0.0
1545,37905,42.38,47.42593320087192,1.2825868727990122,0,15,2,50,40.92,43.83,0.0,0.0,0.0,0.0,0.0,0.0
1546,38308,34.0,50.31159830437773,1.2264176704406156,0,14,2,50,32.31,35.68,0.0,0.0,0.0,0.0,0.0,0.0
1547,41129,37.16,47.852685335216655,1.3716012205781465,0,7,2,50,37.23,37.09,0.0,0.0,0.0,0.0,0.0,0.0
1548,39114,50.58,55.962941771941146,1.3233198062963594,0,12,2,50,51.56,49.61,0.0,0.0,0.0,0.0,0.0,0.0
1549,36696,25.2,53.12591570359224,1.3375051032728598,0,18,2,50,25.64,24.76,0.0,0.0,0.0,0.0,0.0,0.0
1550,36293,28.85,50.19226440619563,1.2864367080297747,0,19,2,50,27.48,30.22,0.0,0.0,0.0,0.0,0.0,0.0
1551,37502,77.6,52.471649123150215,1.292508848154556,0,16,2,50,75.06,80.15,0.0,0.0,0.0,0.0,0.0,0.0
1552,39517,53.91,54.37855757530134,1.2753080867355424,0,11,2,50,56.24,51.58,0.0,0.0,0.0,0.0,0.0,0.0
1553,36293,86.58,52.99112738206776,1.2974998192154183,0,19,2,50,75.86,97.31,0.0,0.0,0.0,0.0,0.0,0.0
1554,38711,70.42,50.901559410707954,1.2475368047122153,0,13,2,50,61.34,79.5,0.0,0.0,0.0,0.0,0.0,0.0
1555,37502,43.74,54.33563188309786,1.2367578345303194,0,16,2,50,41.41,46.07,0.0,0.0,0.0,0.0,0.0,0.0
1556,40323,60.53,56.56629730017623,1.229530527666213,0,9,2,50,62.88,58.17,0.0,0.0,0.0,0.0,0.0,0.0
1557,37099,69.26,54.062017559557546,1.242688921527627,0,17,2,50,61.64,76.88,0.0,0.0,0.0,0.0,0.0,0.0
1558,44491,63.52,46.76740590112672,1.2250315819670337,3,8,2,50,63.15,63.88,0.0,0.0,0.0,0.0,0.0,0.0
1559,41129,69.24,58.22371539916481,1.2915158351370677,0,7,2,50,73.74,64.74,0.0,0.0,0.0,0.0,0.0,0.0
1560,38308,23.74,50.82867882033654,1.2048523817465706,0,14,2,50,26.73,20.75,0.0,0.0,0.0,0.0,0.0,0.0
1561,39114,60.34,49.43893511168984,1.2922368223578768,0,12,2,50,63.93,56.76,0.0,0.0,0.0,0.0,0.0,0.0
1562,37502,61.47,48.24075648195099,1.2038763060058428,0,16,2,50,60.96,61.98,0.0,0.0,0.0,0.0,0.0,0.0
1563,37905,46.5,52.99778994837296,1.3322599391022565,0,15,2,50,51.82,41.17,0.0,0.0,0.0,0.0,0.0,0.0
1564,36293,58.9,52.215364686501424,1.2117289224136645,0,19,2,50,61.18,56.61,0.0,0.0,0.0,0.0,0.0,0.0
1565,38711,69.21,51.185580579579984,1.177351854415933,0,13,2,50,67.9,70.51,0.0,0.0,0.0,0.0,0.0,0.0
1566,44088,69.58,52.86190815106716,1.3135179819905776,3,9,2,50,70.81,68.35,0.0,0.0,0.0,0.0,0.0,0.0
1567,37502,87.26,51.10907650011064,1.2727721861911665,0,16,2,50,91.61,82.92,0.0,0.0,0.0,0.0,0.0,0.0
1568,39517,34.41,55.89765929004369,1.233259784486243,0,11,2,50,38.13,30.69,0.0,0.0,0.0,0.0,0.0,0.0
1569,37099,69.43,54.61095059719735,1.2760976179928976,0,17,2,50,72.37,66.48,0.0,0.0,0.0,0.0,0.0,0.0
1570,38308,67.02,48.17807365419602,1.2287846095256114,0,14,2,50,68.75,65.28,0.0,0.0,0.0,0.0,0.0,0.0
1571,38308,57.88,52.13988267556738,1.2265872900715795,0,14,2,50,63.9,51.86,0.0,0.0,0.0,0.0,0.0,0.0
1572,38308,81.11,47.259439677494406,1.2588127276777186,0,14,2,50,73.75,88.47,0.0,0.0,0.0,0.0,0.0,0.0
1573,43836,53.56,53.14622201067188,1.229612495818496,2,8,2,50,46.56,60.57,0.0,0.0,0.0,0.0,0.0,0.0
1574,38308,44.98,50.333722753723286,1.1838023762735896,0,14,2,50,46.27,43.7,0.0,0.0,0.0,0.0,0.0,0.0
1575,37905,67.73,53.45887992901974,1.321606851721539,0,15,2,50,63.41,72.05,0.0,0.0,0.0,0.0,0.0,0.0
1576,36696,58.79,57.68824929421937,1.2623383308829583,0,18,2,50,57.73,59.85,0.0,0.0,0.0,0.0,0.0,0.0
1577,41129,69.22,53.63944842509697,1.2553256852174444,0,7,2,50,70.55,67.9,0.0,0.0,0.0,0.0,0.0,0.0
1578,38711,45.35,48.3955293092184,1.2683581495010154,0,13,2,50,44.9,45.8,0.0,0.0,0.0,0.0,0.0,0.0
1579,39920,84.68,53.68760406998795,1.2411561308432115,0,10,2,50,90.99,78.36,0.0,0.0,0.0,0.0,0.0,0.0
1580,43282,57.96,52.83105481303749,1.2197278574121753,3,11,2,50,54.93,60.98,0.0,0.0,0.0,0.0,0.0,0.0
1581,44743,34.64,47.62733066386773,1.171937850261339,4,9,2,50,36.0,33.29,0.0,0.0,0.0,0.0,0.0,0.0
1582,37099,84.36,51.44464237576483,1.22374049799956,0,17,2,50,84.05,84.68,0.0,0.0,0.0,0.0,0.0,0.0
1583,40726,91.66,56.58497660788204,1.3152764916321702,0,8,2,50,84.79,98.54,0.0,0.0,0.0,0.0,0.0,0.0
1584,39114,55.89,52.06647146302906,1.2768867187016042,0,12,2,50,52.57,59.21,0.0,0.0,0.0,0.0,0.0,0.0
1585,34681,32.34,55.61931179792085,1.1889527929144263,0,23,2,50,32.74,31.95,0.0,0.0,0.0,0.0,0.0,0.0
1586,39920,50.46,52.85186771499444,1.36587729798576,0,10,2,50,50.74,50.19,0.0,0.0,0.0,0.0,0.0,0.0
1587,40726,56.26,54.365134645421705,1.151830081106518,0,8,2,50,52.34,60.17,0.0,0.0,0.0,0.0,0.0,0.0
1588,37905,79.18,53.26273821132627,1.264833412898328,0,15,2,50,84.08,74.27,0.0,0.0,0.0,0.0,0.0,0.0
1589,37905,59.58,57.00864065885569,1.2025946167146124,0,15,2,50,65.21,53.94,0.0,0.0,0.0,0.0,0.0,0.0
1590,45698,67.08,56.955902601701474,1.2866520799303398,2,4,2,50,67.72,66.44,0.0,0.0,0.0,0.0,0.0,0.0
1591,38711,87.88,53.54314267316968,1.1986628720997252,0,13,2,50,81.39,94.37,0.0,0.0,0.0,0.0,0.0,0.0
1592,39114,42.11,53.32960502000676,1.1699573162869883,0,12,2,50,44.12,40.11,0.0,0.0,0.0,0.0,0.0,0.0
1593,40323,67.92,48.95250431856592,1.2177705810978794,0,9,2,50,71.5,64.35,0.0,0.0,0.0,0.0,0.0,0.0
1594,40726,33.46,50.897324993964105,1.30029807076021,0,8,2,50,34.08,32.83,0.0,0.0,0.0,0.0,0.0,0.0
1595,37905,73.53,51.98351300780135,1.2391582226548088,0,15,2,50,70.18,76.87,0.0,0.0,0.0,0.0,0.0,0.0
1596,37502,45.53,50.13535676168447,1.2483292129717307,0,16,2,50,48.97,42.09,0.0,0.0,0.0,0.0,0.0,0.0
1597,37099,64.6,49.078752692385365,1.3453163256464804,0,17,2,50,62.48,66.72,0.0,0.0,0.0,0.0,0.0,0.0
1598,39114,96.92,53.77356532327666,1.3192346593266282,0,12,2,50,95.34,98.5,0.0,0.0,0.0,0.0,0.0,0.0
1599,39517,66.39,53.49850297217178,1.320899165212416,0,11,2,50,68.5,64.28,0.0,0.0,0.0,0.0,0.0,0.0
1600,41972,26.46,54.67669535227088,1.300121675464421,1,11,2,50,28.28,24.64,0.0,0.0,0.0,0.0,0.0,0.0
1601,37502,40.76,58.66516644912235,1.2359591592034884,0,16,2,50,41.99,39.52,0.0,0.0,0.0,0.0,0.0,0.0
1602,40323,70.84,48.80558906541152,1.312572338940896,0,9,2,50,67.96,73.72,0.0,0.0,0.0,0.0,0.0,0.0
1603,37905,26.52,52.33524183908749,1.231885491485663,0,15,2,50,27.33,25.7,0.0,0.0,0.0,0.0,0.0,0.0
1604,36293,62.25,52.24105749271765,1.2835256588240245,0,19,2,50,58.47,66.03,0.0,0.0,0.0,0.0,0.0,0.0
1605,42588,53.12,49.80168657922444,1.2510105380981993,0,4,2,50,51.75,54.49,0.0,0.0,0.0,0.0,0.0,0.0
1606,39114,35.32,55.478930623822045,1.2030423453368535,0,12,2,50,35.34,35.29,0.0,0.0,0.0,0.0,0.0,0.0
1607,37502,54.2,57.01532660219022,1.197997206414492,0,16,2,50,50.51,57.88,0.0,0.0,0.0,0.0,0.0,0.0
1608,37502,36.15,50.35553021678123,1.3426656864802844,0,16,2,50,36.42,35.88,0.0,0.0,0.0,0.0,0.0,0.0
1609,39114,45.73,53.01034074665009,1.160804957069422,0,12,2,50,44.77,46.69,0.0,0.0,0.0,0.0,0.0,0.0
1610,42375,57.48,53.93452005043528,1.226975561196446,1,10,2,50,60.88,54.09,0.0,0.0,0.0,0.0,0.0,0.0
1611,38711,63.62,50.50343444495989,1.260118995040877,0,13,2,50,62.29,64.96,0.0,0.0,0.0,0.0,0.0,0.0
1612,38711,50.7,51.72222743322518,1.3426404344256655,0,13,2,50,53.65,47.74,0.0,0.0,0.0,0.0,0.0,0.0
1613,39114,85.75,55.04191787755375,1.2072538653700549,0,12,2,50,86.18,85.32,0.0,0.0,0.0,0.0,0.0,0.0
1614,38308,28.65,49.40814964522843,1.2655534367126486,0,14,2,50,25.69,31.6,0.0,0.0,0.0,0.0,0.0,0.0
1615,38308,63.76,55.49233604882037,1.2562160900247463,0,14,2,50,68.82,58.71,0.0,0.0,0.0,0.0,0.0,0.0
1616,44642,54.46,52.74853899652708,1.259435094380093,2,6,2,50,54.23,54.7,0.0,0.0,0.0,0.0,0.0,0.0
1617,36293,50.3,55.15790912647967,1.251936639443728,0,19,2,50,44.4,56.2,0.0,0.0,0.0,0.0,0.0,0.0
1618,38308,74.64,54.514460205952325,1.2221331035901992,0,14,2,50,77.3,71.99,0.0,0.0,0.0,0.0,0.0,0.0
1619,40726,50.47,52.94900541546775,1.270139711002617,0,8,2,50,46.02,54.92,0.0,0.0,0.0,0.0,0.0,0.0
1620,39114,59.96,53.48619648127113,1.223730620129306,0,12,2,50,60.68,59.23,0.0,0.0,0.0,0.0,0.0,0.0
1621,39920,22.86,54.72231553156106,1.172217282434471,0,10,2,50,20.01,25.7,0.0,0.0,0.0,0.0,0.0,0.0
1622,40726,86.55,54.32020085703051,1.1894103138637346,0,8,2,50,77.09,96.01,0.0,0.0,0.0,0.0,0.0,0.0
1623,37905,88.2,52.43535366090707,1.2276827359669005,0,15,2,50,85.8,90.59,0.0,0.0,0.0,0.0,0.0,0.0
1624,40323,26.22,51.05613562196611,1.206330337267468,0,9,2,50,26.02,26.41,0.0,0.0,0.0,0.0,0.0,0.0
1625,39920,63.1,51.29003674219168,1.1645207761141996,0,10,2,50,60.6,65.61,0.0,0.0,0.0,0.0,0.0,0.0
1626,37099,53.71,56.72440445666597,1.278127244344646,0,17,2,50,59.72,47.7,0.0,0.0,0.0,0.0,0.0,0.0
1627,39920,45.08,51.257680790462864,1.259715480282736,0,10,2,50,46.77,43.38,0.0,0.0,0.0,0.0,0.0,0.0
1628,37099,57.36,59.27113801832288,1.2251427288131655,0,17,2,50,60.23,54.48,0.0,0.0,0.0,0.0,0.0,0.0
1629,40323,75.31,52.50070829102398,1.278084691831919,0,9,2,50,76.53,74.08,0.0,0.0,0.0,0.0,0.0,0.0
1630,40323,73.32,56.757933105943366,1.2233890032421295,0,9,2,50,66.3,80.35,0.0,0.0,0.0,0.0,0.0,0.0
1631,37099,86.87,51.750268648682216,1.2761719597174812,0,17,2,50,94.58,79.16,0.0,0.0,0.0,0.0,0.0,0.0
1632,39920,42.99,48.77064074955724,1.2305929729471703,0,10,2,50,45.69,40.29,0.0,0.0,0.0,0.0,0.0,0.0
1633,43030,85.74,47.73605948453035,1.3102629975680653,2,10,2,50,76.84,94.64,0.0,0.0,0.0,0.0,0.0,0.0
1634,39920,42.17,56.51112330006541,1.1696185808225747,0,10,2,50,42.98,41.36,0.0,0.0,0.0,0.0,0.0,0.0
1635,40726,53.86,49.52462051114632,1.2704214131253266,0,8,2,50,52.92,54.79,0.0,0.0,0.0,0.0,0.0,0.0
1636,38308,30.39,48.74356651803584,1.2237520331152378,0,14,2,50,28.24,32.54,0.0,0.0,0.0,0.0,0.0,0.0
1637,39517,90.79,55.45970250321707,1.148615500114452,0,11,2,50,85.59,95.99,0.0,0.0,0.0,0.0,0.0,0.0
1638,37099,51.2,51.189588004628696,1.215735055854955,0,17,2,50,50.51,51.9,0.0,0.0,0.0,0.0,0.0,0.0
1639,40323,21.64,52.27813142178191,1.2758192169298062,0,9,2,50,17.64,25.64,0.0,0.0,0.0,0.0,0.0,0.0
1640,39114,84.9,56.57735290012737,1.231690682285462,0,12,2,50,87.76,82.03,0.0,0.0,0.0,0.0,0.0,0.0
1641,40323,53.92,50.80535570108064,1.2548981898545737,0,9,2,50,52.84,55.0,0.0,0.0,0.0,0.0,0.0,0.0
1642,43030,27.62,53.02365179009607,1.1958784446218216,2,10,2,50,28.93,26.3,0.0,0.0,0.0,0.0,0.0,0.0
1643,37502,85.74,50.51053314851745,1.182038207802403,0,16,2,50,87.79,83.69,0.0,0.0,0.0,0.0,0.0,0.0
1644,43836,61.07,49.63155567960189,1.344386571167257,2,8,2,50,58.26,63.88,0.0,0.0,0.0,0.0,0.0,0.0
1645,39920,44.03,53.74227543062856,1.2531577982672706,0,10,2,50,42.25,45.81,0.0,0.0,0.0,0.0,0.0,0.0
1646,37099,71.38,49.39720168475201,1.2954476065443723,0,17,2,50,77.55,65.21,0.0,0.0,0.0,0.0,0.0,0.0
1647,42375,62.28,48.0046496068468,1.2709986050361806,1,10,2,50,62.97,61.6,0.0,0.0,0.0,0.0,0.0,0.0
1648,38308,40.53,52.53709375733966,1.2827569874668747,0,14,2,50,34.95,46.12,0.0,0.0,0.0,0.0,0.0,0.0
1649,41821,65.88,53.00647518961088,1.1981791691420334,2,13,2,50,65.02,66.75,0.0,0.0,0.0,0.0,0.0,0.0
1650,38711,67.98,50.18010186136538,1.333037890239413,0,13,2,50,72.59,63.37,0.0,0.0,0.0,0.0,0.0,0.0
1651,41166,33.22,54.43037069251972,1.2516313172563849,1,13,2,50,33.56,32.87,0.0,0.0,0.0,0.0,0.0,0.0
1652,39920,48.91,52.59852195640559,1.2009014971610956,0,10,2,50,43.25,54.57,0.0,0.0,0.0,0.0,0.0,0.0
1653,38308,77.34,58.504349677003546,1.244048757102309,0,14,2,50,70.79,83.9,0.0,0.0,0.0,0.0,0.0,0.0
1654,41129,57.74,57.04295339460497,1.2363665894705325,0,7,2,50,59.09,56.39,0.0,0.0,0.0,0.0,0.0,0.0
1655,37905,50.68,56.09180687675928,1.1912858296222633,0,15,2,50,52.25,49.1,0.0,0.0,0.0,0.0,0.0,0.0
1656,43030,29.28,53.87936263728255,1.193101726925027,2,10,2,50,27.49,31.07,0.0,0.0,0.0,0.0,0.0,0.0
1657,38711,48.24,53.56734729184827,1.2054849728161343,0,13,2,50,48.83,47.66,0.0,0.0,0.0,0.0,0.0,0.0
1658,40763,57.96,52.0117281985631,1.29875069651304,1,14,2,50,55.57,60.36,0.0,0.0,0.0,0.0,0.0,0.0
1659,43030,36.63,48.23424115651001,1.145552632503935,2,10,2,50,37.66,35.6,0.0,0.0,0.0,0.0,0.0,0.0
1660,37099,53.78,55.40015014830994,1.263298218166251,0,17,2,50,48.16,59.41,0.0,0.0,0.0,0.0,0.0,0.0
1661,37905,64.91,49.16425583809311,1.2851485859314762,0,15,2,50,64.78,65.05,0.0,0.0,0.0,0.0,0.0,0.0
1662,39920,71.16,56.20401042107379,1.28351986459011,0,10,2,50,65.62,76.7,0.0,0.0,0.0,0.0,0.0,0.0
1663,39920,25.34,52.16505532706452,1.1894106442873684,0,10,2,50,24.62,26.07,0.0,0.0,0.0,0.0,0.0,0.0
1664,38711,24.36,51.51703916679522,1.1888440348610196,0,13,2,50,25.34,23.39,0.0,0.0,0.0,0.0,0.0,0.0
1665,37905,39.34,51.18061004774813,1.2600313548813529,0,15,2,50,40.94,37.74,0.0,0.0,0.0,0.0,0.0,0.0
1666,39517,55.32,53.82455572842416,1.147159396229359,0,11,2,50,49.96,60.69,0.0,0.0,0.0,0.0,0.0,0.0
1667,40323,47.45,51.04836622030735,1.1989139308850791,0,9,2,50,46.96,47.94,0.0,0.0,0.0,0.0,0.0,0.0
1668,37099,76.53,51.22377959173655,1.261811276142237,0,17,2,50,75.5,77.56,0.0,0.0,0.0,0.0,0.0,0.0
1669,46607,29.28,47.58815097550074,1.1799265596619906,5,6,2,50,30.56,27.99,0.0,0.0,0.0,0.0,0.0,0.0
1670,43181,37.46,47.154786258123885,1.2629904006424737,1,8,2,50,40.28,34.63,0.0,0.0,0.0,0.0,0.0,0.0
1671,37905,65.81,47.76625329909916,1.2856117061627566,0,15,2,50,65.36,66.26,0.0,0.0,0.0,0.0,0.0,0.0
1672,43030,53.64,52.85938270543135,1.2463628865807064,2,10,2,50,57.51,49.78,0.0,0.0,0.0,0.0,0.0,0.0
1673,40323,23.69,46.13088383561918,1.137688457972796,0,9,2,50,24.24,23.14,0.0,0.0,0.0,0.0,0.0,0.0
1674,39517,23.44,52.540277775597936,1.3298124053413156,0,11,2,50,22.98,23.89,0.0,0.0,0.0,0.0,0.0,0.0
1675,38308,49.2,46.40264152798928,1.2404033171263111,0,14,2,50,44.62,53.79,0.0,0.0,0.0,0.0,0.0,0.0
1676,39920,61.58,59.51468101496285,1.2864322005023587,0,10,2,50,65.76,57.39,0.0,0.0,0.0,0.0,0.0,0.0
1677,39517,30.9,52.307782511424,1.2283937440653732,0,11,2,50,32.64,29.15,0.0,0.0,0.0,0.0,0.0,0.0
1678,42224,63.74,57.03992503827412,1.30031486635124,2,12,2,50,71.09,56.38,0.0,0.0,0.0,0.0,0.0,0.0
1679,40323,57.37,50.50511675403834,1.295940636926098,0,9,2,50,53.15,61.59,0.0,0.0,0.0,0.0,0.0,0.0
1680,35487,43.64,47.65677036855785,1.1903613871760717,0,21,2,50,43.72,43.55,0.0,0.0,0.0,0.0,0.0,0.0
1681,38308,64.36,52.003868715169496,1.1779511871498711,0,14,2,50,60.57,68.16,0.0,0.0,0.0,0.0,0.0,0.0
1682,38711,72.96,52.43137867958615,1.2076075898777063,0,13,2,50,65.37,80.55,0.0,0.0,0.0,0.0,0.0,0.0
1683,37502,46.54,55.54455280302417,1.160492528473034,0,16,2,50,45.88,47.2,0.0,0.0,0.0,0.0,0.0,0.0
1684,38308,32.85,51.40538510414212,1.2138037623872668,0,14,2,50,37.08,28.62,0.0,0.0,0.0,0.0,0.0,0.0
1685,42627,28.04,56.20238804185925,1.2155521718984017,2,11,2,50,26.23,29.85,0.0,0.0,0.0,0.0,0.0,0.0
1686,40323,62.26,50.24432163616324,1.0665272331682103,0,9,2,50,56.55,67.96,0.0,0.0,0.0,0.0,0.0,0.0
1687,37502,50.86,51.15026144852215,1.2511884225471728,0,16,2,50,47.96,53.77,0.0,0.0,0.0,0.0,0.0,0.0
1688,39517,72.8,46.79785890281485,1.2651988702062422,0,11,2,50,78.25,67.34,0.0,0.0,0.0,0.0,0.0,0.0
1689,40323,64.39,60.06543905659594,1.3289749112897136,0,9,2,50,65.15,63.63,0.0,0.0,0.0,0.0,0.0,0.0
1690,35890,36.47,49.8960832544506,1.1983933955313144,0,20,2,50,39.87,33.08,0.0,0.0,0.0,0.0,0.0,0.0
1691,37099,62.28,55.549011546413496,1.2233003847615855,0,17,2,50,58.52,66.03,0.0,0.0,0.0,0.0,0.0,0.0
1692,40323,77.35,50.071133142458606,1.1746528948659487,0,9,2,50,76.64,78.07,0.0,0.0,0.0,0.0,0.0,0.0
1693,37905,82.32,49.20842650824724,1.2422397757144192,0,15,2,50,84.29,80.34,0.0,0.0,0.0,0.0,0.0,0.0
1694,37905,62.58,52.00318582930053,1.136706496400547,0,15,2,50,64.58,60.59,0.0,0.0,0.0,0.0,0.0,0.0
1695,39114,79.66,52.43484845446376,1.262780060396422,0,12,2,50,81.78,77.55,0.0,0.0,0.0,0.0,0.0,0.0
1696,39517,25.99,50.3452471384794,1.1771768674653469,0,11,2,50,23.77,28.22,0.0,0.0,0.0,0.0,0.0,0.0
1697,37099,55.54,55.89017923157232,1.2798635141131958,0,17,2,50,52.1,58.99,0.0,0.0,0.0,0.0,0.0,0.0
1698,38711,22.72,51.68413449363238,1.2415594977063942,0,13,2,50,22.9,22.54,0.0,0.0,0.0,0.0,0.0,0.0
1699,36696,43.31,51.09180115579687,1.2092954634130424,0,18,2,50,38.47,48.15,0.0,0.0,0.0,0.0,0.0,0.0
1700,39114,61.18,50.21111006039604,1.176197211618833,0,12,2,50,64.16,58.19,0.0,0.0,0.0,0.0,0.0,0.0
1701,39920,41.04,52.00339230500894,1.2686900803057204,0,10,2,50,41.11,40.98,0.0,0.0,0.0,0.0,0.0,0.0
1702,39920,51.28,50.54625779179173,1.2749298238925493,0,10,2,50,49.19,53.38,0.0,0.0,0.0,0.0,0.0,0.0
1703,43836,36.36,59.17346115772628,1.19395368715011,2,8,2,50,32.51,40.21,0.0,0.0,0.0,0.0,0.0,0.0
1704,37502,39.61,48.79864249570062,1.113829897931327,0,16,2,50,40.22,39.01,0.0,0.0,0.0,0.0,0.0,0.0
1705,42375,32.66,49.6490772278252,1.2132735676689916,1,10,2,50,32.37,32.94,0.0,0.0,0.0,0.0,0.0,0.0
1706,40726,81.05,54.79316961407111,1.1847290047979395,0,8,2,50,74.35,87.75,0.0,0.0,0.0,0.0,0.0,0.0
1707,36696,54.08,53.406256955670266,1.2673460729683594,0,18,2,50,53.56,54.61,0.0,0.0,0.0,0.0,0.0,0.0
1708,41129,38.81,54.03530171517827,1.177197382582973,0,7,2,50,43.7,33.92,0.0,0.0,0.0,0.0,0.0,0.0
1709,37905,21.55,54.09520143556253,1.242970557548151,0,15,2,50,22.36,20.74,0.0,0.0,0.0,0.0,0.0,0.0
1710,38711,38.6,48.11540676888561,1.2374794610477502,0,13,2,50,42.41,34.79,0.0,0.0,0.0,0.0,0.0,0.0
1711,39114,43.56,52.027725631726405,1.2147696000722403,0,12,2,50,45.98,41.14,0.0,0.0,0.0,0.0,0.0,0.0
1712,42435,73.26,53.96830474087343,1.1983334395133003,0,5,2,50,81.46,65.06,0.0,0.0,0.0,0.0,0.0,0.0
1713,45146,68.22,48.75718559765023,1.1829146656130094,4,8,2,50,65.61,70.82,0.0,0.0,0.0,0.0,0.0,0.0
1714,37099,29.41,53.41243547447338,1.2516348365883678,0,17,2,50,30.38,28.44,0.0,0.0,0.0,0.0,0.0,0.0
1715,38711,56.24,49.7021706446279,1.2082872750170992,0,13,2,50,61.38,51.11,0.0,0.0,0.0,0.0,0.0,0.0
1716,42627,49.13,52.225020906634406,1.1376700773419404,2,11,2,50,48.08,50.18,0.0,0.0,0.0,0.0,0.0,0.0
1717,34681,44.66,51.33740076617367,1.3205894186197649,0,23,2,50,42.54,46.79,0.0,0.0,0.0,0.0,0.0,0.0
1718,38711,73.04,56.26453827616021,1.200972684139266,0,13,2,50,67.84,78.23,0.0,0.0,0.0,0.0,0.0,0.0
1719,42375,24.48,52.03913101710082,1.2194776598023025,1,10,2,50,27.36,21.6,0.0,0.0,0.0,0.0,0.0,0.0
1720,37905,58.89,58.10890705789372,1.192024054438646,0,15,2,50,59.09,58.69,0.0,0.0,0.0,0.0,0.0,0.0
1721,39114,50.11,52.28035421847417,1.2572231964981595,0,12,2,50,47.59,52.63,0.0,0.0,0.0,0.0,0.0,0.0
1722,42588,55.8,54.8371483025363,1.2513446112939413,0,4,2,50,50.91,60.68,0.0,0.0,0.0,0.0,0.0,0.0
1723,40726,44.44,47.33575392569813,1.1736075709572091,0,8,2,50,44.47,44.4,0.0,0.0,0.0,0.0,0.0,0.0
1724,40323,66.5,58.11622086216978,1.3120263232624088,0,9,2,50,66.12,66.88,0.0,0.0,0.0,0.0,0.0,0.0
1725,42588,40.43,47.33896728044899,1.2680614949213806,0,4,2,50,36.71,44.15,0.0,0.0,0.0,0.0,0.0,0.0
1726,44239,91.74,50.31468558736631,1.101509130967602,2,7,2,50,93.13,90.35,0.0,0.0,0.0,0.0,0.0,0.0
1727,40323,77.18,54.93024255660791,1.224384899341093,0,9,2,50,81.66,72.7,0.0,0.0,0.0,0.0,0.0,0.0
1728,40323,25.12,50.66683395280941,1.2584423660452295,0,9,2,50,20.55,29.69,0.0,0.0,0.0,0.0,0.0,0.0
1729,41166,27.75,55.23152883879417,1.294439742385204,1,13,2,50,26.23,29.27,0.0,0.0,0.0,0.0,0.0,0.0
1730,37905,71.02,54.41464328523632,1.2608421372127705,0,15,2,50,63.17,78.87,0.0,0.0,0.0,0.0,0.0,0.0
1731,38711,66.38,52.09351621819918,1.3284937144264302,0,13,2,50,60.86,71.9,0.0,0.0,0.0,0.0,0.0,0.0
1732,37502,34.9,53.22189102509594,1.3363304539523302,0,16,2,50,31.73,38.07,0.0,0.0,0.0,0.0,0.0,0.0
1733,36696,54.62,52.57629293706982,1.2091895122900895,0,18,2,50,59.56,49.68,0.0,0.0,0.0,0.0,0.0,0.0
1734,40323,20.58,48.84249327193118,1.2447639966853128,0,9,2,50,21.09,20.07,0.0,0.0,0.0,0.0,0.0,0.0
1735,37905,54.76,52.32415120993255,1.2936274905574503,0,15,2,50,55.77,53.76,0.0,0.0,0.0,0.0,0.0,0.0
1736,39920,66.46,50.86623274859871,1.2943534664000254,0,10,2,50,68.12,64.8,0.0,0.0,0.0,0.0,0.0,0.0
1737,40323,51.76,53.793596199314514,1.276296217815627,0,9,2,50,51.73,51.8,0.0,0.0,0.0,0.0,0.0,0.0
1738,38308,36.88,51.21044890423559,1.2997663218524371,0,14,2,50,41.0,32.75,0.0,0.0,0.0,0.0,0.0,0.0
1739,38711,51.78,49.52790358812806,1.1864384507791037,0,13,2,50,53.82,49.74,0.0,0.0,0.0,0.0,0.0,0.0
1740,43534,45.79,55.63332620163177,1.1717895941936238,4,12,2,50,40.03,51.55,0.0,0.0,0.0,0.0,0.0,0.0
1741,37099,89.32,51.77795696878734,1.2948784667334226,0,17,2,50,89.81,88.82,0.0,0.0,0.0,0.0,0.0,0.0
1742,45952,71.59,55.00047211411022,1.1266755091890976,4,6,2,50,70.51,72.67,0.0,0.0,0.0,0.0,0.0,0.0
1743,40323,30.38,57.67156095805944,1.208398953801234,0,9,2,50,28.45,32.31,0.0,0.0,0.0,0.0,0.0,0.0
1744,39920,34.94,52.56087799483293,1.255181130146499,0,10,2,50,36.35,33.53,0.0,0.0,0.0,0.0,0.0,0.0
1745,40323,84.53,50.638827648408665,1.121878140507813,0,9,2,50,86.53,82.53,0.0,0.0,0.0,0.0,0.0,0.0
1746,38711,66.5,51.14418753239836,1.2145688887919492,0,13,2,50,68.04,64.96,0.0,0.0,0.0,0.0,0.0,0.0
1747,39920,49.16,52.857516400832125,1.2345751937293623,0,10,2,50,42.82,55.5,0.0,0.0,0.0,0.0,0.0,0.0
1748,39920,41.9,53.74315063790341,1.1890897283424746,0,10,2,50,48.42,35.37,0.0,0.0,0.0,0.0,0.0,0.0
1749,38711,74.2,53.83247589095694,1.285154541499446,0,13,2,50,83.72,64.69,0.0,0.0,0.0,0.0,0.0,0.0
1750,41532,39.33,52.00844163600695,1.2600491655886674,0,6,2,50,39.73,38.93,0.0,0.0,0.0,0.0,0.0,0.0
1751,42741,64.8,50.59584240316898,1.2476448434649858,0,3,2,50,70.3,59.3,0.0,0.0,0.0,0.0,0.0,0.0
1752,38308,59.26,58.43596657885905,1.271731951195164,0,14,2,50,55.22,63.29,0.0,0.0,0.0,0.0,0.0,0.0
1753,43433,83.65,53.14350725959056,1.2018238644009172,2,9,2,50,91.58,75.72,0.0,0.0,0.0,0.0,0.0,0.0
1754,37502,42.01,47.35681187277324,1.253043997265142,0,16,2,50,48.92,35.1,0.0,0.0,0.0,0.0,0.0,0.0
1755,43181,58.13,48.76618890083344,1.164116125290076,1,8,2,50,62.93,53.33,0.0,0.0,0.0,0.0,0.0,0.0
1756,39517,91.93,52.78058871923712,1.2347165679179215,0,11,2,50,87.84,96.02,0.0,0.0,0.0,0.0,0.0,0.0
1757,39517,37.6,53.01564904006228,1.206757884917285,0,11,2,50,39.1,36.1,0.0,0.0,0.0,0.0,0.0,0.0
1758,43836,23.54,50.91875630714255,1.221449704005826,2,8,2,50,22.27,24.8,0.0,0.0,0.0,0.0,0.0,0.0
1759,41129,66.7,50.54629209741319,1.210150553957569,0,7,2,50,69.48,63.92,0.0,0.0,0.0,0.0,0.0,0.0
1760,39517,66.46,53.80933254383917,1.151118563931865,0,11,2,50,63.16,69.75,0.0,0.0,0.0,0.0,0.0,0.0
1761,46859,44.48,47.61523457695758,1.2087042876323584,6,7,2,50,41.71,47.25,0.0,0.0,0.0,0.0,0.0,0.0
1762,39920,31.46,53.60562988288889,1.319625921506389,0,10,2,50,30.96,31.97,0.0,0.0,0.0,0.0,0.0,0.0
1763,42879,41.09,52.57468482243072,1.0710341789392812,3,12,2,50,37.29,44.89,0.0,0.0,0.0,0.0,0.0,0.0
1764,39920,78.9,49.572456780272645,1.2213552754859285,0,10,2,50,87.0,70.8,0.0,0.0,0.0,0.0,0.0,0.0
1765,42627,36.27,47.89242705761634,1.2306104787642431,2,11,2,50,34.74,37.8,0.0,0.0,0.0,0.0,0.0,0.0
1766,36696,59.6,59.397794208767145,1.265865382754828,0,18,2,50,65.91,53.3,0.0,0.0,0.0,0.0,0.0,0.0
1767,39920,90.88,50.90320325010209,1.2456766444989404,0,10,2,50,88.39,93.36,0.0,0.0,0.0,0.0,0.0,0.0
1768,38711,67.54,52.92293401731027,1.2822190222921548,0,13,2,50,66.52,68.56,0.0,0.0,0.0,0.0,0.0,0.0
1769,36293,37.78,52.53540990500207,1.2114580124693233,0,19,2,50,39.44,36.11,0.0,0.0,0.0,0.0,0.0,0.0
1770,41972,50.54,49.40442155807486,1.2581450213563998,1,11,2,50,46.22,54.87,0.0,0.0,0.0,0.0,0.0,0.0
1771,45545,82.72,48.373705592009735,1.2172305076389989,2,5,2,50,80.79,84.65,0.0,0.0,0.0,0.0,0.0,0.0
1772,37099,61.89,53.98731116345337,1.1478532733425075,0,17,2,50,67.17,56.6,0.0,0.0,0.0,0.0,0.0,0.0
1773,42375,64.0,49.0744904610741,1.111641918507268,1,10,2,50,61.28,66.72,0.0,0.0,0.0,0.0,0.0,0.0
1774,42375,68.61,53.12234725520008,1.1083298445097542,1,10,2,50,69.1,68.12,0.0,0.0,0.0,0.0,0.0,0.0
1775,41129,66.8,51.72966719129575,1.1352304507726425,0,7,2,50,71.77,61.83,0.0,0.0,0.0,0.0,0.0,0.0
1776,44340,28.74,51.91771331550365,1.1686732025973627,4,10,2,50,29.27,28.2,0.0,0.0,0.0,0.0,0.0,0.0
1777,39517,49.22,52.795491846114295,1.203691730842403,0,11,2,50,48.4,50.04,0.0,0.0,0.0,0.0,0.0,0.0
1778,40726,40.1,47.186353688765976,1.25481152364181,0,8,2,50,35.11,45.08,0.0,0.0,0.0,0.0,0.0,0.0
1779,44239,26.0,59.42785419472917,1.282023532487515,2,7,2,50,23.55,28.44,0.0,0.0,0.0,0.0,0.0,0.0
1780,38711,70.3,53.80948823914751,1.266888534569837,0,13,2,50,75.2,65.39,0.0,0.0,0.0,0.0,0.0,0.0
1781,40323,75.23,53.25539406682124,1.1561730427158934,0,9,2,50,76.03,74.43,0.0,0.0,0.0,0.0,0.0,0.0
1782,39114,35.55,51.74646589972056,1.2005013381020455,0,12,2,50,32.73,38.37,0.0,0.0,0.0,0.0,0.0,0.0
1783,37905,62.6,55.49919447322057,1.198992927591644,0,15,2,50,61.83,63.37,0.0,0.0,0.0,0.0,0.0,0.0
1784,43433,62.2,51.64733518027087,1.2049867852229057,2,9,2,50,58.56,65.83,0.0,0.0,0.0,0.0,0.0,0.0
1785,44088,41.86,49.94009933979304,1.3216232069428768,3,9,2,50,47.1,36.63,0.0,0.0,0.0,0.0,0.0,0.0
1786,39517,22.42,56.26670599026461,1.1517115323295366,0,11,2,50,24.3,20.55,0.0,0.0,0.0,0.0,0.0,0.0
1787,39517,55.01,49.46895738750261,1.181147365260959,0,11,2,50,57.62,52.4,0.0,0.0,0.0,0.0,0.0,0.0
1788,38308,64.44,57.55902525725908,1.225245257529403,0,14,2,50,55.67,73.22,0.0,0.0,0.0,0.0,0.0,0.0
1789,37905,79.73,50.28828139451799,1.2822298902664195,0,15,2,50,75.89,83.57,0.0,0.0,0.0,0.0,0.0,0.0
1790,38711,48.8,52.92251960362298,1.2950467617759711,0,13,2,50,52.69,44.92,0.0,0.0,0.0,0.0,0.0,0.0
1791,40726,66.06,53.54625709473672,1.1789484746379757,0,8,2,50,66.2,65.92,0.0,0.0,0.0,0.0,0.0,0.0
1792,40323,66.47,50.46952808890804,1.1598055155965137,0,9,2,50,62.55,70.39,0.0,0.0,0.0,0.0,0.0,0.0
1793,39920,62.74,56.24810716276103,1.2570661320389651,0,10,2,50,65.08,60.41,0.0,0.0,0.0,0.0,0.0,0.0
1794,43030,68.74,49.222432212905474,1.1072382143944948,2,10,2,50,70.76,66.72,0.0,0.0,0.0,0.0,0.0,0.0
1795,37905,53.44,53.19838725164242,1.1497547529479837,0,15,2,50,47.54,59.35,0.0,0.0,0.0,0.0,0.0,0.0
1796,39114,37.53,48.55132896328613,1.1650327701720884,0,12,2,50,37.76,37.31,0.0,0.0,0.0,0.0,0.0,0.0
1797,39517,48.14,51.38267304596292,1.1520637291534717,0,11,2,50,49.36,46.91,0.0,0.0,0.0,0.0,0.0,0.0
1798,39517,34.49,49.19508885658829,1.1117850550301565,0,11,2,50,32.77,36.21,0.0,0.0,0.0,0.0,0.0,0.0
1799,40323,92.32,55.754696347286185,1.2885295225232325,0,9,2,50,95.99,88.66,0.0,0.0,0.0,0.0,0.0,0.0
1800,41569,77.56,52.57837623806018,1.181231178801844,1,12,2,50,85.21,69.92,0.0,0.0,0.0,0.0,0.0,0.0
1801,39920,33.25,52.26150885110721,1.1910540956750073,0,10,2,50,32.87,33.64,0.0,0.0,0.0,0.0,0.0,0.0
1802,37502,58.13,49.08218887894117,1.2102092269614155,0,16,2,50,54.03,62.23,0.0,0.0,0.0,0.0,0.0,0.0
1803,38308,54.68,53.14039300782781,1.1662664207882625,0,14,2,50,51.36,57.99,0.0,0.0,0.0,0.0,0.0,0.0
1804,40726,80.19,51.80044694756524,1.1392035355740309,0,8,2,50,85.93,74.45,0.0,0.0,0.0,0.0,0.0,0.0
1805,39517,61.6,52.73376818666022,1.1825993387559883,0,11,2,50,61.41,61.8,0.0,0.0,0.0,0.0,0.0,0.0
1806,43937,60.54,55.27288531104962,1.1932507049537509,4,11,2,50,63.88,57.2,0.0,0.0,0.0,0.0,0.0,0.0
1807,39920,65.37,49.67133312845554,1.2538192448649332,0,10,2,50,60.99,69.75,0.0,0.0,0.0,0.0,0.0,0.0
1808,38308,51.07,49.51702658946967,1.273370163153531,0,14,2,50,49.48,52.66,0.0,0.0,0.0,0.0,0.0,0.0
1809,42375,31.92,51.645914392361085,1.237562223867497,1,10,2,50,28.74,35.11,0.0,0.0,0.0,0.0,0.0,0.0
1810,44491,71.59,54.61571265375609,1.2522073115957753,3,8,2,50,74.89,68.28,0.0,0.0,0.0,0.0,0.0,0.0
1811,41129,87.38,57.42969166465527,1.1747755567199312,0,7,2,50,91.36,83.39,0.0,0.0,0.0,0.0,0.0,0.0
1812,44239,58.83,53.252000946244,1.2120576758380472,2,7,2,50,66.34,51.32,0.0,0.0,0.0,0.0,0.0,0.0
1813,38711,32.87,50.42999373076353,1.230442967588012,0,13,2,50,30.62,35.12,0.0,0.0,0.0,0.0,0.0,0.0
1814,45146,57.0,52.67853358110737,1.3731621988298337,4,8,2,50,64.07,49.93,0.0,0.0,0.0,0.0,0.0,0.0
1815,35487,32.32,52.24411416971689,1.1835988150000163,0,21,2,50,34.49,30.14,0.0,0.0,0.0,0.0,0.0,0.0
1816,40726,66.62,50.22968897523375,1.150727761271892,0,8,2,50,67.64,65.61,0.0,0.0,0.0,0.0,0.0,0.0
1817,42375,51.59,54.28279621448613,1.235591543810488,1,10,2,50,50.47,52.71,0.0,0.0,0.0,0.0,0.0,0.0
1818,43433,76.22,53.85098088196662,1.1185938081897042,2,9,2,50,80.08,72.35,0.0,0.0,0.0,0.0,0.0,0.0
1819,39920,92.54,52.60044383658317,1.1908690881197412,0,10,2,50,89.36,95.72,0.0,0.0,0.0,0.0,0.0,0.0
1820,39517,26.38,46.44504127480219,1.2520975199678224,0,11,2,50,24.37,28.39,0.0,0.0,0.0,0.0,0.0,0.0
1821,42224,92.24,55.97845439801294,1.1780390975187212,2,12,2,50,86.93,97.55,0.0,0.0,0.0,0.0,0.0,0.0
1822,39920,37.96,49.34266718096611,1.195507488426374,0,10,2,50,40.8,35.11,0.0,0.0,0.0,0.0,0.0,0.0
1823,38308,62.42,52.12802558771475,1.2145368292532208,0,14,2,50,61.92,62.91,0.0,0.0,0.0,0.0,0.0,0.0
1824,42435,61.92,51.69755263721778,1.1528591293073227,0,5,2,50,59.91,63.93,0.0,0.0,0.0,0.0,0.0,0.0
1825,42435,67.48,51.4524937760797,1.2265000549425882,0,5,2,50,70.81,64.15,0.0,0.0,0.0,0.0,0.0,0.0
1826,39114,25.7,53.280909971910354,1.1877742931556463,0,12,2,50,28.03,23.38,0.0,0.0,0.0,0.0,0.0,0.0
1827,39114,57.5,58.565033963122346,1.1331386946661834,0,12,2,50,65.76,49.24,0.0,0.0,0.0,0.0,0.0,0.0
1828,49515,74.6,50.69846740620507,1.1555812589998953,6,5,2,50,66.12,83.08,0.0,0.0,0.0,0.0,0.0,0.0
1829,41532,85.36,52.14563769738764,1.2742675232045009,0,6,2,50,83.47,87.25,0.0,0.0,0.0,0.0,0.0,0.0
1830,43433,74.46,52.72921507919233,1.179480177178379,2,9,2,50,73.5,75.42,0.0,0.0,0.0,0.0,0.0,0.0
1831,42224,79.12,46.74920803278089,1.1774934379592406,2,12,2,50,80.99,77.26,0.0,0.0,0.0,0.0,0.0,0.0
1832,43836,87.68,52.4878281490556,1.1344003764951416,2,8,2,50,76.01,99.36,0.0,0.0,0.0,0.0,0.0,0.0
1833,39920,64.06,49.966867760007055,1.2835637787381469,0,10,2,50,59.96,68.17,0.0,0.0,0.0,0.0,0.0,0.0
1834,44642,57.28,55.82266649213073,1.237267452361202,2,6,2,50,57.28,57.27,0.0,0.0,0.0,0.0,0.0,0.0
1835,46200,55.25,53.149405015203314,1.262485553574462,3,5,2,50,50.95,59.55,0.0,0.0,0.0,0.0,0.0,0.0
1836,38308,81.69,53.90580956507956,1.178121933167024,0,14,2,50,87.74,75.64,0.0,0.0,0.0,0.0,0.0,0.0
1837,36293,33.47,54.159811188278695,1.1879953786970223,0,19,2,50,34.16,32.79,0.0,0.0,0.0,0.0,0.0,0.0
1838,38711,52.25,51.54386225766046,1.1663766468116048,0,13,2,50,55.7,48.8,0.0,0.0,0.0,0.0,0.0,0.0
1839,38711,35.73,55.62433392543783,1.183087231850189,0,13,2,50,34.45,37.01,0.0,0.0,0.0,0.0,0.0,0.0
1840,38711,51.36,58.13078792571424,1.1828064230332949,0,13,2,50,56.41,46.3,0.0,0.0,0.0,0.0,0.0,0.0
1841,43836,72.62,52.15514065794862,1.2315935878867257,2,8,2,50,76.19,69.06,0.0,0.0,0.0,0.0,0.0,0.0
1842,44239,65.84,53.39651812617623,1.1938663347593002,2,7,2,50,68.22,63.47,0.0,0.0,0.0,0.0,0.0,0.0
1843,38711,32.5,51.21568114405178,1.2975823316949076,0,13,2,50,33.78,31.21,0.0,0.0,0.0,0.0,0.0,0.0
1844,38308,32.13,56.72384668959379,1.1998734623110403,0,14,2,50,31.75,32.51,0.0,0.0,0.0,0.0,0.0,0.0
1845,45545,61.7,50.46102666100204,1.2682435625572654,2,5,2,50,55.84,67.56,0.0,0.0,0.0,0.0,0.0,0.0
1846,41418,85.05,50.2676224033648,1.1931416312074772,2,14,2,50,78.52,91.58,0.0,0.0,0.0,0.0,0.0,0.0
1847,37502,24.99,56.97000251835824,1.2289018534684528,0,16,2,50,21.26,28.72,0.0,0.0,0.0,0.0,0.0,0.0
1848,39114,52.18,54.09807361359814,1.1450046959230575,0,12,2,50,49.6,54.75,0.0,0.0,0.0,0.0,0.0,0.0
1849,44642,84.48,51.39126304050788,1.223530311890236,2,6,2,50,92.98,75.97,0.0,0.0,0.0,0.0,0.0,0.0
1850,39517,82.55,55.19205155963185,1.3466309528380522,0,11,2,50,83.11,81.99,0.0,0.0,0.0,0.0,0.0,0.0
1851,41821,22.77,54.867146237249145,1.2253196150547436,2,13,2,50,22.73,22.81,0.0,0.0,0.0,0.0,0.0,0.0
1852,42778,73.21,57.03392332482438,1.2610405650699938,1,9,2,50,68.07,78.35,0.0,0.0,0.0,0.0,0.0,0.0
1853,41569,60.7,53.92633265799861,1.2478421921294744,1,12,2,50,66.58,54.82,0.0,0.0,0.0,0.0,0.0,0.0
1854,43836,65.24,52.89618425448457,1.2131572010889995,2,8,2,50,71.76,58.71,0.0,0.0,0.0,0.0,0.0,0.0
1855,37905,44.68,57.565649023858526,1.1514465074345583,0,15,2,50,45.55,43.81,0.0,0.0,0.0,0.0,0.0,0.0
1856,43181,37.33,47.91422706402628,1.287285832267587,1,8,2,50,39.25,35.4,0.0,0.0,0.0,0.0,0.0,0.0
1857,39517,92.77,51.10032858967344,1.2322534571860493,0,11,2,50,94.88,90.66,0.0,0.0,0.0,0.0,0.0,0.0
1858,41532,45.9,53.29707235079992,1.317782528500164,0,6,2,50,50.03,41.77,0.0,0.0,0.0,0.0,0.0,0.0
1859,40323,25.21,51.8426210087114,1.1970138752107615,0,9,2,50,26.86,23.56,0.0,0.0,0.0,0.0,0.0,0.0
1860,43433,65.71,52.64639616232599,1.1467227148696613,2,9,2,50,67.8,63.62,0.0,0.0,0.0,0.0,0.0,0.0
1861,43181,44.78,47.65609303098645,1.1958955886368383,1,8,2,50,46.75,42.81,0.0,0.0,0.0,0.0,0.0,0.0
1862,39517,71.88,51.41896625195518,1.2034183813789932,0,11,2,50,75.84,67.91,0.0,0.0,0.0,0.0,0.0,0.0
1863,42627,53.14,54.40696304340637,1.1874533221551802,2,11,2,50,50.17,56.12,0.0,0.0,0.0,0.0,0.0,0.0
1864,38308,26.24,54.43992865658758,1.1739568824127593,0,14,2,50,25.54,26.95,0.0,0.0,0.0,0.0,0.0,0.0
1865,39114,41.65,43.75942128114836,1.2563655571972885,0,12,2,50,37.46,45.84,0.0,0.0,0.0,0.0,0.0,0.0
1866,40726,22.75,54.96559460874836,1.138692112392217,0,8,2,50,19.73,25.77,0.0,0.0,0.0,0.0,0.0,0.0
1867,41972,56.62,51.9976334923168,1.1704328841514051,1,11,2,50,52.17,61.06,0.0,0.0,0.0,0.0,0.0,0.0
1868,41569,59.86,55.13827952647669,1.152209958866668,1,12,2,50,59.24,60.49,0.0,0.0,0.0,0.0,0.0,0.0
1869,39517,60.32,48.52464226471042,1.222898545943602,0,11,2,50,54.96,65.68,0.0,0.0,0.0,0.0,0.0,0.0
1870,37905,59.28,47.1497557570538,1.2270659311963232,0,15,2,50,56.5,62.06,0.0,0.0,0.0,0.0,0.0,0.0
1871,42375,24.92,52.59305276154407,1.2354741787643015,1,10,2,50,23.91,25.94,0.0,0.0,0.0,0.0,0.0,0.0
1872,38711,58.42,57.79818672012176,1.1946830782062687,0,13,2,50,64.25,52.59,0.0,0.0,0.0,0.0,0.0,0.0
1873,44491,44.0,50.008626188786266,1.194305221140153,3,8,2,50,41.82,46.17,0.0,0.0,0.0,0.0,0.0,0.0
1874,38711,82.58,54.17660843473317,1.123544960680661,0,13,2,50,76.89,88.26,0.0,0.0,0.0,0.0,0.0,0.0
1875,37905,25.68,54.05414382387864,1.2070803389277749,0,15,2,50,23.19,28.18,0.0,0.0,0.0,0.0,0.0,0.0
1876,39517,58.77,51.4143927807825,1.2629448982930709,0,11,2,50,66.12,51.42,0.0,0.0,0.0,0.0,0.0,0.0
1877,38711,73.49,53.015139303884666,1.1820065713189147,0,13,2,50,70.6,76.38,0.0,0.0,0.0,0.0,0.0,0.0
1878,44642,64.18,53.76135196338316,1.233721373867558,2,6,2,50,66.22,62.14,0.0,0.0,0.0,0.0,0.0,0.0
1879,38711,66.13,47.97763029452686,1.1691676119721863,0,13,2,50,69.2,63.06,0.0,0.0,0.0,0.0,0.0,0.0
1880,38711,69.95,50.36606474759606,1.233344281581412,0,13,2,50,67.63,72.27,0.0,0.0,0.0,0.0,0.0,0.0
1881,44894,23.62,57.43293940228213,1.160751153275985,3,7,2,50,24.36,22.87,0.0,0.0,0.0,0.0,0.0,0.0
1882,44239,67.8,53.767367432652186,1.1072513517131943,2,7,2,50,69.38,66.22,0.0,0.0,0.0,0.0,0.0,0.0
1883,40323,81.77,52.39493272986853,1.1976423378960352,0,9,2,50,78.71,84.83,0.0,0.0,0.0,0.0,0.0,0.0
1884,41972,90.32,52.67155726170846,1.16214423385,1,11,2,50,80.65,100.0,0.0,0.0,0.0,0.0,0.0,0.0
1885,39517,82.55,54.29045026368277,1.084903216776861,0,11,2,50,71.64,93.46,0.0,0.0,0.0,0.0,0.0,0.0
1886,38308,58.47,52.7037901194479,1.1909842573236804,0,14,2,50,64.54,52.4,0.0,0.0,0.0,0.0,0.0,0.0
1887,41821,74.18,54.24182026761656,1.197757660692041,2,13,2,50,76.79,71.57,0.0,0.0,0.0,0.0,0.0,0.0
1888,39114,80.18,53.716463513454144,1.0917752626570965,0,12,2,50,80.3,80.05,0.0,0.0,0.0,0.0,0.0,0.0
1889,45952,47.8,52.9970593073586,1.1661481580264257,4,6,2,50,46.37,49.23,0.0,0.0,0.0,0.0,0.0,0.0
1890,41532,55.9,55.68973745082853,1.202820684778577,0,6,2,50,57.39,54.41,0.0,0.0,0.0,0.0,0.0,0.0
1891,42778,88.48,48.88534696121223,1.3004160186079137,1,9,2,50,96.97,79.99,0.0,0.0,0.0,0.0,0.0,0.0
1892,41532,22.28,57.40477539200677,1.2131605833846435,0,6,2,50,17.6,26.96,0.0,0.0,0.0,0.0,0.0,0.0
1893,39920,51.18,55.54029624473069,1.048110539144742,0,10,2,50,56.61,45.76,0.0,0.0,0.0,0.0,0.0,0.0
1894,42224,61.18,55.09239705233124,1.253133239526177,2,12,2,50,64.19,58.16,0.0,0.0,0.0,0.0,0.0,0.0
1895,39920,47.92,54.18177471223617,1.2290194986595584,0,10,2,50,47.79,48.05,0.0,0.0,0.0,0.0,0.0,0.0
1896,39920,86.93,52.6250623992177,1.173357630694421,0,10,2,50,77.8,96.06,0.0,0.0,0.0,0.0,0.0,0.0
1897,40323,95.61,50.73972916690787,1.0859633617589444,0,9,2,50,94.65,96.57,0.0,0.0,0.0,0.0,0.0,0.0
1898,42375,40.03,52.4010079116665,1.2526488092919583,1,10,2,50,37.67,42.39,0.0,0.0,0.0,0.0,0.0,0.0
1899,40323,84.42,51.56323952250641,1.1772841713822235,0,9,2,50,75.93,92.9,0.0,0.0,0.0,0.0,0.0,0.0
1900,43282,79.1,50.992653990842086,1.1225608207050102,3,11,2,50,77.13,81.08,0.0,0.0,0.0,0.0,0.0,0.0
1901,41129,77.66,51.40901750876432,1.1997641822547207,0,7,2,50,85.5,69.82,0.0,0.0,0.0,0.0,0.0,0.0
1902,40612,56.24,49.851440950457416,1.2492821913224177,2,16,2,50,54.8,57.68,0.0,0.0,0.0,0.0,0.0,0.0
1903,44894,23.48,53.890836156109,1.23572224066836,3,7,2,50,23.53,23.43,0.0,0.0,0.0,0.0,0.0,0.0
1904,39920,74.26,48.13167222732534,1.188670654424883,0,10,2,50,79.2,69.32,0.0,0.0,0.0,0.0,0.0,0.0
1905,44894,69.71,51.90749966617026,1.2626516513455024,3,7,2,50,60.94,78.48,0.0,0.0,0.0,0.0,0.0,0.0
1906,43030,62.4,52.87142722893237,1.1876887699594747,2,10,2,50,58.0,66.8,0.0,0.0,0.0,0.0,0.0,0.0
1907,43030,51.45,47.30919895815255,1.2054362212305771,2,10,2,50,55.04,47.86,0.0,0.0,0.0,0.0,0.0,0.0
1908,41129,82.17,50.74438097229327,1.220662452906489,0,7,2,50,76.05,88.29,0.0,0.0,0.0,0.0,0.0,0.0
1909,43433,44.6,52.93517766344932,1.1530047037686368,2,9,2,50,46.13,43.08,0.0,0.0,0.0,0.0,0.0,0.0
1910,36696,67.22,49.370585456256144,1.1677160219804923,0,18,2,50,64.73,69.72,0.0,0.0,0.0,0.0,0.0,0.0
1911,41532,51.26,53.84450429759018,1.1905168831813684,0,6,2,50,55.33,47.19,0.0,0.0,0.0,0.0,0.0,0.0
1912,37502,86.82,49.27261114765184,1.2217357283545354,0,16,2,50,90.64,83.0,0.0,0.0,0.0,0.0,0.0,0.0
1913,39114,23.36,54.61699858716115,1.209070497061639,0,12,2,50,18.75,27.96,0.0,0.0,0.0,0.0,0.0,0.0
1914,39114,64.64,54.74310781268397,1.2854566348874146,0,12,2,50,63.22,66.06,0.0,0.0,0.0,0.0,0.0,0.0
1915,39517,35.44,48.66502883998447,1.2612512331094567,0,11,2,50,37.56,33.33,0.0,0.0,0.0,0.0,0.0,0.0
1916,41532,47.81,50.68729107685986,1.2916777536448747,0,6,2,50,48.59,47.03,0.0,0.0,0.0,0.0,0.0,0.0
1917,44340,85.85,53.240469256789154,1.2267362371279062,4,10,2,50,82.33,89.38,0.0,0.0,0.0,0.0,0.0,0.0
1918,38711,32.98,57.49451335344367,1.1900968776557996,0,13,2,50,33.49,32.47,0.0,0.0,0.0,0.0,0.0,0.0
1919,42224,38.59,57.65000696029555,1.1752906858784171,2,12,2,50,42.19,34.99,0.0,0.0,0.0,0.0,0.0,0.0
1920,44642,37.21,49.5103204032438,1.2026473259136137,2,6,2,50,34.66,39.76,0.0,0.0,0.0,0.0,0.0,0.0
1921,39517,59.39,50.20940727086586,1.1966625042595451,0,11,2,50,58.65,60.13,0.0,0.0,0.0,0.0,0.0,0.0
1922,40323,45.22,50.504036051390194,1.1288486344743025,0,9,2,50,41.8,48.63,0.0,0.0,0.0,0.0,0.0,0.0
1923,39114,83.25,47.99942534910578,1.2241284791096556,0,12,2,50,78.35,88.15,0.0,0.0,0.0,0.0,0.0,0.0
1924,44894,73.68,56.36731470070432,1.2014557340208267,3,7,2,50,72.57,74.79,0.0,0.0,0.0,0.0,0.0,0.0
1925,40323,85.74,55.98908965907569,1.068565095751398,0,9,2,50,85.32,86.16,0.0,0.0,0.0,0.0,0.0,0.0
1926,41821,70.41,49.73710847693047,1.13055035047234,2,13,2,50,68.56,72.26,0.0,0.0,0.0,0.0,0.0,0.0
1927,44642,82.51,52.20543083107916,1.211514042666095,2,6,2,50,85.34,79.68,0.0,0.0,0.0,0.0,0.0,0.0
1928,47462,71.84,51.315405121788906,1.1808066001290909,6,6,2,50,79.01,64.68,0.0,0.0,0.0,0.0,0.0,0.0
1929,44642,71.19,59.45581073638733,1.05354810494888,2,6,2,50,71.1,71.28,0.0,0.0,0.0,0.0,0.0,0.0
1930,40323,56.28,53.41733913590126,1.1410297749569982,0,9,2,50,54.3,58.26,0.0,0.0,0.0,0.0,0.0,0.0
1931,44239,69.19,55.21098370384208,1.1125313212175478,2,7,2,50,73.09,65.3,0.0,0.0,0.0,0.0,0.0,0.0
1932,41532,82.64,52.420803096916906,1.2152151009038945,0,6,2,50,86.08,79.21,0.0,0.0,0.0,0.0,0.0,0.0
1933,39114,67.15,54.35437264705466,1.071853233158936,0,12,2,50,71.9,62.39,0.0,0.0,0.0,0.0,0.0,0.0
1934,39920,53.76,53.03620126291458,1.1594937989230396,0,10,2,50,51.18,56.34,0.0,0.0,0.0,0.0,0.0,0.0
1935,39517,60.02,48.25385656061786,1.238980510553294,0,11,2,50,63.93,56.1,0.0,0.0,0.0,0.0,0.0,0.0
1936,40323,43.28,47.93154051124188,1.2717165102779908,0,9,2,50,42.6,43.96,0.0,0.0,0.0,0.0,0.0,0.0
1937,39920,48.18,49.06729747799208,1.2410099827208452,0,10,2,50,44.95,51.41,0.0,0.0,0.0,0.0,0.0,0.0
1938,42224,60.78,53.675453628442654,1.157315491968392,2,12,2,50,66.11,55.46,0.0,0.0,0.0,0.0,0.0,0.0
1939,42224,40.89,49.63794542938602,1.2078032376290624,2,12,2,50,47.93,33.86,0.0,0.0,0.0,0.0,0.0,0.0
1940,44642,56.26,49.80364292276499,1.1665064500722755,2,6,2,50,55.46,57.07,0.0,0.0,0.0,0.0,0.0,0.0
1941,39114,74.79,49.242304627761925,1.2202910862370333,0,12,2,50,65.05,84.53,0.0,0.0,0.0,0.0,0.0,0.0
1942,39517,28.58,51.72601288835292,1.124708646744871,0,11,2,50,26.12,31.05,0.0,0.0,0.0,0.0,0.0,0.0
1943,45698,73.89,48.82977259907393,1.1955668510769917,2,4,2,50,75.04,72.74,0.0,0.0,0.0,0.0,0.0,0.0
1944,39517,21.02,51.31304832441,1.2096571663894558,0,11,2,50,21.32,20.71,0.0,0.0,0.0,0.0,0.0,0.0
1945,41015,77.18,53.1585455903738,1.201836833550827,2,15,2,50,70.86,83.49,0.0,0.0,0.0,0.0,0.0,0.0
1946,39114,81.91,52.3791639295094,1.1877358639631916,0,12,2,50,84.64,79.18,0.0,0.0,0.0,0.0,0.0,0.0
1947,39920,85.86,50.15827253991349,1.2508742765421903,0,10,2,50,78.95,92.77,0.0,0.0,0.0,0.0,0.0,0.0
1948,41129,55.14,52.068228435230246,1.1349403205611088,0,7,2,50,62.51,47.76,0.0,0.0,0.0,0.0,0.0,0.0
1949,43433,76.61,48.58175894979648,1.1938812299315709,2,9,2,50,78.39,74.83,0.0,0.0,0.0,0.0,0.0,0.0
1950,44642,27.74,47.23390217631142,1.2343120322656536,2,6,2,50,27.77,27.7,0.0,0.0,0.0,0.0,0.0,0.0
1951,40726,96.26,52.24355699837389,1.138146286065032,0,8,2,50,100.0,92.51,0.0,0.0,0.0,0.0,0.0,0.0
1952,41532,80.69,47.40147915230444,1.1954092824188258,0,6,2,50,91.31,70.08,0.0,0.0,0.0,0.0,0.0,0.0
1953,43534,46.52,56.44378615035956,1.1431262981720838,4,12,2,50,51.26,41.79,0.0,0.0,0.0,0.0,0.0,0.0
1954,44995,67.65,49.68528891977904,1.259309769058472,5,10,2,50,66.69,68.61,0.0,0.0,0.0,0.0,0.0,0.0
1955,40726,67.56,56.982366813603846,1.245677723334196,0,8,2,50,75.03,60.1,0.0,0.0,0.0,0.0,0.0,0.0
1956,45549,65.15,55.67487625632029,1.1570186927218549,4,7,2,50,67.49,62.81,0.0,0.0,0.0,0.0,0.0,0.0
1957,46053,51.54,51.02386821378372,1.2637638184317477,6,9,2,50,49.57,53.52,0.0,0.0,0.0,0.0,0.0,0.0
1958,46204,60.86,54.15299127067424,1.160625970999648,5,7,2,50,63.26,58.47,0.0,0.0,0.0,0.0,0.0,0.0
1959,38308,54.12,50.471322211988046,1.200925062659863,0,14,2,50,50.74,57.51,0.0,0.0,0.0,0.0,0.0,0.0
1960,44239,72.7,58.043956926001535,1.2432215317211452,2,7,2,50,70.75,74.65,0.0,0.0,0.0,0.0,0.0,0.0
1961,39920,79.2,57.3550596201799,1.23056035981394,0,10,2,50,73.66,84.74,0.0,0.0,0.0,0.0,0.0,0.0
1962,45297,53.96,46.539297088832576,1.2008258222990311,3,6,2,50,55.72,52.2,0.0,0.0,0.0,0.0,0.0,0.0
1963,43433,57.5,46.12717116935072,1.1979287944537145,2,9,2,50,59.4,55.6,0.0,0.0,0.0,0.0,0.0,0.0
1964,39517,59.36,52.51953632985812,1.1578996371309742,0,11,2,50,58.73,60.0,0.0,0.0,0.0,0.0,0.0,0.0
1965,43030,31.34,55.46094925287965,1.2673147853792277,2,10,2,50,30.74,31.94,0.0,0.0,0.0,0.0,0.0,0.0
1966,41532,80.63,51.36242398882408,1.1351214148313256,0,6,2,50,79.19,82.07,0.0,0.0,0.0,0.0,0.0,0.0
1967,44340,63.64,55.38563227077052,1.1733035728297256,4,10,2,50,61.71,65.56,0.0,0.0,0.0,0.0,0.0,0.0
1968,39114,37.28,47.82474214885804,1.1900117576838685,0,12,2,50,36.07,38.48,0.0,0.0,0.0,0.0,0.0,0.0
1969,44340,59.03,54.36698695804871,1.2023530554161486,4,10,2,50,63.77,54.29,0.0,0.0,0.0,0.0,0.0,0.0
1970,44239,76.24,53.53584416802986,1.2304292368665128,2,7,2,50,76.9,75.58,0.0,0.0,0.0,0.0,0.0,0.0
1971,38711,58.68,57.9019115741114,1.2117116932936067,0,13,2,50,60.23,57.14,0.0,0.0,0.0,0.0,0.0,0.0
1972,43836,71.72,59.03457314513958,1.2358100498233138,2,8,2,50,68.84,74.59,0.0,0.0,0.0,0.0,0.0,0.0
1973,40323,79.29,55.39689357145488,1.2553272759259126,0,9,2,50,80.43,78.15,0.0,0.0,0.0,0.0,0.0,0.0
1974,39517,93.76,54.35909657799109,1.1538185238137628,0,11,2,50,93.31,94.21,0.0,0.0,0.0,0.0,0.0,0.0
1975,41532,25.7,55.37352174885269,1.2664866858851571,0,6,2,50,28.16,23.23,0.0,0.0,0.0,0.0,0.0,0.0
1976,39114,28.88,56.227835251673184,1.229294741891372,0,12,2,50,28.93,28.84,0.0,0.0,0.0,0.0,0.0,0.0
1977,39114,32.66,51.0423992024164,1.1801807235957733,0,12,2,50,36.1,29.22,0.0,0.0,0.0,0.0,0.0,0.0
1978,43433,58.36,55.2251259600134,1.1200625437303584,2,9,2,50,57.19,59.53,0.0,0.0,0.0,0.0,0.0,0.0
1979,39114,38.96,52.018069541581085,1.063375900010433,0,12,2,50,38.35,39.57,0.0,0.0,0.0,0.0,0.0,0.0
1980,43433,70.09,47.69174739484783,1.1460174095741105,2,9,2,50,70.22,69.95,0.0,0.0,0.0,0.0,0.0,0.0
1981,40726,48.42,52.75434336742503,1.3044389122110993,0,8,2,50,53.75,43.09,0.0,0.0,0.0,0.0,0.0,0.0
1982,43836,18.49,51.10376169561415,1.1979583071423985,2,8,2,50,17.15,19.84,0.0,0.0,0.0,0.0,0.0,0.0
1983,39517,53.11,48.806525931524064,1.1003329006669549,0,11,2,50,50.82,55.41,0.0,0.0,0.0,0.0,0.0,0.0
1984,44189,79.83,58.12367342525562,1.175183515811857,5,12,2,50,83.5,76.16,0.0,0.0,0.0,0.0,0.0,0.0
1985,44239,95.2,51.39804994557745,1.1415742445862462,2,7,2,50,91.84,98.57,0.0,0.0,0.0,0.0,0.0,0.0
1986,40323,69.32,51.4527215461341,1.207182292023983,0,9,2,50,74.25,64.4,0.0,0.0,0.0,0.0,0.0,0.0
1987,45851,67.49,51.97225891290984,1.1319908754776002,2,3,2,50,73.59,61.39,0.0,0.0,0.0,0.0,0.0,0.0
1988,45549,75.29,49.9217155057578,1.1175462379500565,4,7,2,50,77.82,72.77,0.0,0.0,0.0,0.0,0.0,0.0
1989,42741,85.99,52.8053106530996,1.225036604005078,0,3,2,50,87.87,84.11,0.0,0.0,0.0,0.0,0.0,0.0
1990,39114,34.94,53.19166197822897,1.2181358887903655,0,12,2,50,39.17,30.71,0.0,0.0,0.0,0.0,0.0,0.0
1991,45952,46.97,56.01022620558645,1.1580879758616096,4,6,2,50,49.04,44.91,0.0,0.0,0.0,0.0,0.0,0.0
1992,44743,42.51,55.22209469154716,1.1278165989582711,4,9,2,50,46.04,38.98,0.0,0.0,0.0,0.0,0.0,0.0
1993,44239,88.11,53.27570492710009,1.147917381061596,2,7,2,50,87.42,88.8,0.0,0.0,0.0,0.0,0.0,0.0
1994,44239,33.8,51.13845830350015,1.1396394533108918,2,7,2,50,32.05,35.56,0.0,0.0,0.0,0.0,0.0,0.0
1995,43030,48.6,55.10853710679899,1.178699739019227,2,10,2,50,44.26,52.93,0.0,0.0,0.0,0.0,0.0,0.0
1996,40726,52.86,50.90910369632775,1.1928767563575238,0,8,2,50,59.99,45.72,0.0,0.0,0.0,0.0,0.0,0.0
1997,38308,89.52,50.28334587240269,1.083277035643545,0,14,2,50,88.49,90.56,0.0,0.0,0.0,0.0,0.0,0.0
1998,45545,34.03,49.3144807830834,1.1927568776342687,2,5,2,50,30.71,37.35,0.0,0.0,0.0,0.0,0.0,0.0
1999,43584,63.78,55.611162831245046,1.1431770296266153,1,7,2,50,60.86,66.69,0.0,0.0,0.0,0.0,0.0,0.0
2000,49267,72.24,59.11419045486372,1.1507121342004232,7,6,2,50,81.05,63.42,0.0,0.0,0.0,0.0,0.0,0.0
2001,45545,45.06,52.07800604464101,1.1479668796161555,2,5,2,50,49.05,41.08,0.0,0.0,0.0,0.0,0.0,0.0
2002,40726,81.53,51.52845538516472,1.2702219045191816,0,8,2,50,76.14,86.92,0.0,0.0,0.0,0.0,0.0,0.0
2003,54018,77.08,58.10166977234,1.1790242880817,6,4,2,50,70.78,83.38,0.0,0.0,0.0,0.0,0.0,0.0
2004,39114,45.08,50.757710907719,1.0803170474264978,0,12,2,50,48.28,41.89,0.0,0.0,0.0,0.0,0.0,0.0
2005,45146,56.39,47.40922772841437,1.1104752269030538,4,8,2,50,57.49,55.29,0.0,0.0,0.0,0.0,0.0,0.0
2006,44239,73.99,50.05507699191126,1.121515552813891,2,7,2,50,68.91,79.07,0.0,0.0,0.0,0.0,0.0,0.0
2007,43433,70.53,54.26310175787048,1.266735666453607,2,9,2,50,73.2,67.86,0.0,0.0,0.0,0.0,0.0,0.0
2008,38308,71.54,53.87535166306369,1.2426156848033412,0,14,2,50,73.79,69.28,0.0,0.0,0.0,0.0,0.0,0.0
2009,39517,50.34,52.82058770257887,1.239227974001197,0,11,2,50,52.59,48.09,0.0,0.0,0.0,0.0,0.0,0.0
2010,42894,63.84,49.3065496299274,1.163346528854418,0,2,2,50,67.03,60.65,0.0,0.0,0.0,0.0,0.0,0.0
2011,43433,62.14,52.30080861184639,1.1869644625364293,2,9,2,50,65.44,58.84,0.0,0.0,0.0,0.0,0.0,0.0
2012,41129,35.38,52.64725876197669,1.2042720557527085,0,7,2,50,34.91,35.86,0.0,0.0,0.0,0.0,0.0,0.0
2013,37502,51.18,55.49427335648813,1.2237956586673704,0,16,2,50,43.96,58.39,0.0,0.0,0.0,0.0,0.0,0.0
2014,39517,57.58,52.531071539844014,1.1571509744195672,0,11,2,50,59.67,55.48,0.0,0.0,0.0,0.0,0.0,0.0
2015,40323,64.42,48.9837879099064,1.2105751675971483,0,9,2,50,62.15,66.68,0.0,0.0,0.0,0.0,0.0,0.0
2016,41129,45.39,48.11125829085821,1.128654045607277,0,7,2,50,48.57,42.21,0.0,0.0,0.0,0.0,0.0,0.0
2017,39114,62.78,54.94187142605479,1.2545105969359225,0,12,2,50,63.76,61.81,0.0,0.0,0.0,0.0,0.0,0.0
2018,44743,68.02,52.241558282995726,1.115278954373149,4,9,2,50,62.26,73.77,0.0,0.0,0.0,0.0,0.0,0.0
2019,48009,60.99,52.358497768318784,1.1067497525355194,3,2,2,50,54.16,67.82,0.0,0.0,0.0,0.0,0.0,0.0
2020,39920,22.83,52.46478725953439,1.1462518520113436,0,10,2,50,23.35,22.3,0.0,0.0,0.0,0.0,0.0,0.0
2021,40323,86.95,51.08312897527188,1.077755457698888,0,9,2,50,80.1,93.8,0.0,0.0,0.0,0.0,0.0,0.0
2022,43937,62.2,56.98858386259201,1.1130856375423697,4,11,2,50,59.08,65.32,0.0,0.0,0.0,0.0,0.0,0.0
2023,43937,92.7,57.291255097207255,1.1508259042700275,4,11,2,50,88.33,97.08,0.0,0.0,0.0,0.0,0.0,0.0
2024,45698,43.88,53.9051831541962,1.12212624029364,2,4,2,50,42.05,45.7,0.0,0.0,0.0,0.0,0.0,0.0
2025,36293,81.51,55.70611656009408,1.176649817445595,0,19,2,50,77.95,85.07,0.0,0.0,0.0,0.0,0.0,0.0
2026,46855,48.31,50.41308062081338,1.1397065469639551,4,5,2,50,49.62,47.0,0.0,0.0,0.0,0.0,0.0,0.0
2027,43181,70.8,50.50961305915813,1.225190675966877,1,8,2,50,69.5,72.09,0.0,0.0,0.0,0.0,0.0,0.0
2028,43836,72.1,55.7809893544203,1.1054109172719884,2,8,2,50,66.19,78.02,0.0,0.0,0.0,0.0,0.0,0.0
2029,45146,89.09,49.43669559403458,1.1446826317099337,4,8,2,50,81.44,96.74,0.0,0.0,0.0,0.0,0.0,0.0
2030,40323,56.38,50.555716580841015,1.2028214462255813,0,9,2,50,54.56,58.19,0.0,0.0,0.0,0.0,0.0,0.0
2031,42627,24.41,52.51796782955229,1.1860531655221271,2,11,2,50,23.25,25.57,0.0,0.0,0.0,0.0,0.0,0.0
2032,39920,86.35,55.66236721253271,1.1915956216811814,0,10,2,50,88.01,84.69,0.0,0.0,0.0,0.0,0.0,0.0
2033,44491,41.7,46.210757059608,1.1407011074887845,3,8,2,50,39.15,44.25,0.0,0.0,0.0,0.0,0.0,0.0
2034,39114,61.08,51.76472586330433,1.1545751609414476,0,12,2,50,59.79,62.38,0.0,0.0,0.0,0.0,0.0,0.0
2035,40726,29.49,57.22307849622789,1.1162923473995483,0,8,2,50,29.77,29.21,0.0,0.0,0.0,0.0,0.0,0.0
2036,44239,85.0,52.61981252720624,1.1111518482297094,2,7,2,50,87.76,82.24,0.0,0.0,0.0,0.0,0.0,0.0
2037,39920,48.64,51.75277891703364,1.1772237395638852,0,10,2,50,49.11,48.17,0.0,0.0,0.0,0.0,0.0,0.0
2038,41129,65.91,51.57473076105904,1.1882270390028649,0,7,2,50,68.75,63.07,0.0,0.0,0.0,0.0,0.0,0.0
2039,39920,31.83,49.68584537455445,1.159618270529181,0,10,2,50,31.27,32.38,0.0,0.0,0.0,0.0,0.0,0.0
2040,43534,63.48,48.51527331488092,1.1800823307082775,4,12,2,50,64.4,62.57,0.0,0.0,0.0,0.0,0.0,0.0
2041,40323,66.11,52.41078415976464,1.1969212327780376,0,9,2,50,65.22,67.0,0.0,0.0,0.0,0.0,0.0,0.0
2042,45698,43.77,52.13358361746746,1.115598624461118,2,4,2,50,45.06,42.48,0.0,0.0,0.0,0.0,0.0,0.0
2043,39920,35.03,54.552887121975765,1.1902147508538805,0,10,2,50,36.12,33.95,0.0,0.0,0.0,0.0,0.0,0.0
2044,43433,70.24,55.03865202868542,1.183208020089583,2,9,2,50,72.79,67.68,0.0,0.0,0.0,0.0,0.0,0.0
2045,44239,48.34,54.26523359596475,1.077851670281344,2,7,2,50,42.18,54.51,0.0,0.0,0.0,0.0,0.0,0.0
2046,40726,92.69,53.81096377478637,1.2077843827648522,0,8,2,50,85.78,99.6,0.0,0.0,0.0,0.0,0.0,0.0
2047,38711,65.6,52.53061569962768,1.101019665834588,0,13,2,50,77.0,54.21,0.0,0.0,0.0,0.0,0.0,0.0
2048,47363,59.52,52.25908466755353,1.2582147513643955,8,9,2,50,60.75,58.28,0.0,0.0,0.0,0.0,0.0,0.0
2049,40323,67.92,58.64334223597602,1.122680937201054,0,9,2,50,68.05,67.79,0.0,0.0,0.0,0.0,0.0,0.0
2050,40323,44.08,49.71098289643049,1.1361970096596377,0,9,2,50,44.5,43.65,0.0,0.0,0.0,0.0,0.0,0.0
2051,42778,23.2,49.75756802932207,1.1844926265013993,1,9,2,50,20.66,25.74,0.0,0.0,0.0,0.0,0.0,0.0
2052,43030,64.84,52.15605367897223,1.149498600157531,2,10,2,50,68.87,60.8,0.0,0.0,0.0,0.0,0.0,0.0
2053,43181,58.44,53.23479108003621,1.1195252785492409,1,8,2,50,61.22,55.66,0.0,0.0,0.0,0.0,0.0,0.0
2054,43282,23.63,54.67739861693276,1.0851882308527614,3,11,2,50,24.41,22.85,0.0,0.0,0.0,0.0,0.0,0.0
2055,37905,62.32,56.13126760895344,1.043661159569963,0,15,2,50,66.12,58.52,0.0,0.0,0.0,0.0,0.0,0.0
2056,43030,55.86,54.32431005649824,1.1631108790764375,2,10,2,50,52.59,59.14,0.0,0.0,0.0,0.0,0.0,0.0
2057,43433,24.04,49.61828592722139,1.076046252496306,2,9,2,50,27.66,20.41,0.0,0.0,0.0,0.0,0.0,0.0
2058,40323,87.54,49.02504167263247,1.109198462683028,0,9,2,50,89.87,85.22,0.0,0.0,0.0,0.0,0.0,0.0
2059,42627,46.22,56.072347404562855,1.0815241023706492,2,11,2,50,46.02,46.41,0.0,0.0,0.0,0.0,0.0,0.0
2060,43030,73.07,54.0483670673566,1.2062116787038288,2,10,2,50,69.09,77.05,0.0,0.0,0.0,0.0,0.0,0.0
2061,38308,48.4,57.21410603668947,1.10024510622295,0,14,2,50,47.03,49.77,0.0,0.0,0.0,0.0,0.0,0.0
2062,47208,82.26,55.17015554609259,1.15841743698689,4,4,2,50,81.02,83.5,0.0,0.0,0.0,0.0,0.0,0.0
2063,42435,36.64,55.35048508986469,1.139688645987815,0,5,2,50,40.83,32.45,0.0,0.0,0.0,0.0,0.0,0.0
2064,41129,46.56,50.72387191428093,1.2213862755068468,0,7,2,50,51.32,41.81,0.0,0.0,0.0,0.0,0.0,0.0
2065,43987,69.88,56.9420631295446,1.170998102070786,1,6,2,50,71.36,68.39,0.0,0.0,0.0,0.0,0.0,0.0
2066,38711,62.48,56.18503342021772,1.0929285262174722,0,13,2,50,55.0,69.96,0.0,0.0,0.0,0.0,0.0,0.0
2067,43181,88.12,53.313593410208,1.1316004612094517,1,8,2,50,90.14,86.09,0.0,0.0,0.0,0.0,0.0,0.0
2068,45146,80.59,47.284524942903424,1.1943699715861498,4,8,2,50,82.92,78.26,0.0,0.0,0.0,0.0,0.0,0.0
2069,40726,49.3,57.864100197956354,1.124078111082136,0,8,2,50,48.22,50.37,0.0,0.0,0.0,0.0,0.0,0.0
2070,45851,42.4,59.64890534272661,1.1219382101788955,2,3,2,50,41.47,43.33,0.0,0.0,0.0,0.0,0.0,0.0
2071,39114,73.74,52.81830724969538,1.1578867227944525,0,12,2,50,79.55,67.94,0.0,0.0,0.0,0.0,0.0,0.0
2072,39114,57.56,51.37374623784518,1.2462254250836369,0,12,2,50,54.74,60.39,0.0,0.0,0.0,0.0,0.0,0.0
2073,44743,88.93,51.418824321323854,1.1499741187396404,4,9,2,50,82.03,95.83,0.0,0.0,0.0,0.0,0.0,0.0
2074,41129,65.02,53.21728064861854,1.0888204342818513,0,7,2,50,64.91,65.12,0.0,0.0,0.0,0.0,0.0,0.0
2075,43433,68.76,53.43228502576007,1.2230443212821682,2,9,2,50,60.41,77.11,0.0,0.0,0.0,0.0,0.0,0.0
2076,42588,32.44,54.32208151315136,1.0813529333076792,0,4,2,50,33.83,31.04,0.0,0.0,0.0,0.0,0.0,0.0
2077,44491,38.64,53.93197018773931,1.171354783291643,3,8,2,50,42.55,34.73,0.0,0.0,0.0,0.0,0.0,0.0
2078,39517,72.07,50.8441639466705,1.107869917583076,0,11,2,50,71.78,72.36,0.0,0.0,0.0,0.0,0.0,0.0
2079,41569,59.47,53.495474983728506,1.1852899170251905,1,12,2,50,54.21,64.74,0.0,0.0,0.0,0.0,0.0,0.0
2080,41569,61.93,49.722950679999165,1.147568933972647,1,12,2,50,65.32,58.55,0.0,0.0,0.0,0.0,0.0,0.0
2081,41532,79.56,53.12892834844477,1.1795918080756287,0,6,2,50,77.23,81.88,0.0,0.0,0.0,0.0,0.0,0.0
2082,40323,64.63,53.10947113071135,1.1838184864439654,0,9,2,50,63.79,65.47,0.0,0.0,0.0,0.0,0.0,0.0
2083,39920,25.49,53.37091582553238,1.2405535179950733,0,10,2,50,26.24,24.75,0.0,0.0,0.0,0.0,0.0,0.0
2084,43433,59.51,55.96026077956684,1.145823836572727,2,9,2,50,60.97,58.05,0.0,0.0,0.0,0.0,0.0,0.0
2085,39517,82.82,52.075164079690325,1.1398801856530922,0,11,2,50,89.53,76.11,0.0,0.0,0.0,0.0,0.0,0.0
2086,37099,75.97,50.039011000671806,1.0720725058618048,0,17,2,50,70.48,81.47,0.0,0.0,0.0,0.0,0.0,0.0
2087,37905,65.19,54.37003770092622,1.158666659684095,0,15,2,50,67.91,62.47,0.0,0.0,0.0,0.0,0.0,0.0
2088,43433,87.43,53.79265343347211,1.1613586997563183,2,9,2,50,79.62,95.24,0.0,0.0,0.0,0.0,0.0,0.0
2089,44642,62.1,48.54476006739358,1.1409116409137428,2,6,2,50,67.53,56.66,0.0,0.0,0.0,0.0,0.0,0.0
2090,39920,35.93,51.40720694410769,1.1288728379305188,0,10,2,50,34.15,37.71,0.0,0.0,0.0,0.0,0.0,0.0
2091,44491,53.86,49.809442542693134,1.1425344293708382,3,8,2,50,54.18,53.53,0.0,0.0,0.0,0.0,0.0,0.0
2092,41129,57.64,52.60932971722335,1.1143360396810942,0,7,2,50,53.13,62.16,0.0,0.0,0.0,0.0,0.0,0.0
2093,43836,76.36,52.54573899386872,1.2169052285227024,2,8,2,50,75.12,77.59,0.0,0.0,0.0,0.0,0.0,0.0
2094,40323,28.18,52.17930271524491,1.1408793793358845,0,9,2,50,28.65,27.72,0.0,0.0,0.0,0.0,0.0,0.0
2095,40726,25.96,57.716736560154,1.1802361019580765,0,8,2,50,25.68,26.24,0.0,0.0,0.0,0.0,0.0,0.0
2096,43836,69.92,51.76075570342239,1.0846194351603873,2,8,2,50,74.64,65.21,0.0,0.0,0.0,0.0,0.0,0.0
2097,39920,44.46,51.82145242842976,1.1656925586935525,0,10,2,50,41.12,47.79,0.0,0.0,0.0,0.0,0.0,0.0
2098,42778,72.0,52.36030123711152,1.120072009171022,1,9,2,50,71.68,72.31,0.0,0.0,0.0,0.0,0.0,0.0
2099,43181,61.16,52.69472998174862,1.2088155746469824,1,8,2,50,65.1,57.22,0.0,0.0,0.0,0.0,0.0,0.0
2100,40726,56.82,56.852341622988384,1.0819446119388658,0,8,2,50,52.04,61.59,0.0,0.0,0.0,0.0,0.0,0.0
2101,43937,70.02,50.49403492403909,1.1394038281144705,4,11,2,50,74.68,65.35,0.0,0.0,0.0,0.0,0.0,0.0
2102,44239,90.94,54.54955029744911,1.1620834831975708,2,7,2,50,84.62,97.27,0.0,0.0,0.0,0.0,0.0,0.0
2103,40726,63.2,52.93675169748985,1.1344341796484625,0,8,2,50,60.39,66.0,0.0,0.0,0.0,0.0,0.0,0.0
2104,43030,36.12,48.089337348816485,1.1813064405075355,2,10,2,50,36.61,35.64,0.0,0.0,0.0,0.0,0.0,0.0
2105,39517,44.66,52.17872963061599,1.1654021355779811,0,11,2,50,46.08,43.23,0.0,0.0,0.0,0.0,0.0,0.0
2106,43685,51.88,51.171880728492575,1.1028094499701395,3,10,2,50,48.83,54.94,0.0,0.0,0.0,0.0,0.0,0.0
2107,41166,40.24,51.01032219992332,1.114042351638189,1,13,2,50,41.91,38.57,0.0,0.0,0.0,0.0,0.0,0.0
2108,39114,59.38,51.50873915688069,1.1368211233028755,0,12,2,50,57.54,61.21,0.0,0.0,0.0,0.0,0.0,0.0
2109,44239,41.12,50.139254393117554,1.1373697069014272,2,7,2,50,41.49,40.75,0.0,0.0,0.0,0.0,0.0,0.0
2110,42224,34.27,51.713981722630486,1.2039080545471388,2,12,2,50,32.88,35.66,0.0,0.0,0.0,0.0,0.0,0.0
2111,42627,80.3,56.31061800160776,1.2091720032746598,2,11,2,50,89.1,71.5,0.0,0.0,0.0,0.0,0.0,0.0
2112,40323,87.04,49.4919033925889,1.1795649233259575,0,9,2,50,98.25,75.83,0.0,0.0,0.0,0.0,0.0,0.0
2113,46855,38.49,52.669704881034754,1.0833763603410351,4,5,2,50,39.19,37.8,0.0,0.0,0.0,0.0,0.0,0.0
2114,43836,52.5,51.42754158772068,1.0981137304572708,2,8,2,50,56.14,48.87,0.0,0.0,0.0,0.0,0.0,0.0
2115,48511,63.27,51.44170161118584,1.2677348279728728,4,3,2,50,66.43,60.11,0.0,0.0,0.0,0.0,0.0,0.0
2116,46607,81.51,57.26927268774266,1.1082936057127504,5,6,2,50,82.17,80.85,0.0,0.0,0.0,0.0,0.0,0.0
2117,43987,58.22,52.50356018549046,1.1529916195558758,1,6,2,50,62.22,54.23,0.0,0.0,0.0,0.0,0.0,0.0
2118,41532,49.98,54.40427491063204,1.147065303320837,0,6,2,50,53.82,46.15,0.0,0.0,0.0,0.0,0.0,0.0
2119,39920,59.04,57.15317282135608,1.1847717767145192,0,10,2,50,62.87,55.21,0.0,0.0,0.0,0.0,0.0,0.0
2120,45247,86.66,55.010997457865706,1.180350955695762,6,11,2,50,75.72,97.59,0.0,0.0,0.0,0.0,0.0,0.0
2121,47462,66.53,55.2091693441449,1.0856662634083536,6,6,2,50,73.17,59.88,0.0,0.0,0.0,0.0,0.0,0.0
2122,37099,82.68,54.090090333906296,1.0892843917473665,0,17,2,50,81.45,83.91,0.0,0.0,0.0,0.0,0.0,0.0
2123,44491,92.94,55.85106368163726,1.0458870548255474,3,8,2,50,93.32,92.57,0.0,0.0,0.0,0.0,0.0,0.0
2124,44642,76.53,48.50459305448138,1.1780043523002213,2,6,2,50,80.53,72.52,0.0,0.0,0.0,0.0,0.0,0.0
2125,39114,44.88,54.74231897534284,1.1523859400029128,0,12,2,50,48.19,41.58,0.0,0.0,0.0,0.0,0.0,0.0
2126,39517,49.26,53.62954140484955,1.1362973620385388,0,11,2,50,48.68,49.83,0.0,0.0,0.0,0.0,0.0,0.0
2127,41129,26.94,46.568817789323546,1.1493235367812298,0,7,2,50,25.66,28.23,0.0,0.0,0.0,0.0,0.0,0.0
2128,42778,47.7,55.306373044342656,1.1180799200124627,1,9,2,50,46.91,48.5,0.0,0.0,0.0,0.0,0.0,0.0
2129,39517,62.99,49.12398166879616,1.071081757268145,0,11,2,50,66.11,59.87,0.0,0.0,0.0,0.0,0.0,0.0
2130,39920,51.66,51.38649042702833,1.1544443546002778,0,10,2,50,51.07,52.26,0.0,0.0,0.0,0.0,0.0,0.0
2131,44239,66.33,50.99599883918497,1.215981072681679,2,7,2,50,69.02,63.65,0.0,0.0,0.0,0.0,0.0,0.0
2132,44088,53.03,52.57280509050119,1.18287244278535,3,9,2,50,49.74,56.31,0.0,0.0,0.0,0.0,0.0,0.0
2133,41532,81.77,59.37398738847759,1.164045060354724,0,6,2,50,91.89,71.65,0.0,0.0,0.0,0.0,0.0,0.0
2134,38711,45.57,52.73474638601701,1.2105400621830835,0,13,2,50,43.04,48.1,0.0,0.0,0.0,0.0,0.0,0.0
2135,45146,45.47,48.780339315227245,1.1861173584491451,4,8,2,50,44.55,46.39,0.0,0.0,0.0,0.0,0.0,0.0
2136,41129,63.31,52.11340528197377,1.1922048962127048,0,7,2,50,60.78,65.84,0.0,0.0,0.0,0.0,0.0,0.0
2137,42627,61.9,50.96564061009309,1.0928601351102514,2,11,2,50,59.82,63.98,0.0,0.0,0.0,0.0,0.0,0.0
2138,37905,25.46,49.31517198586548,1.07673646977707,0,15,2,50,22.79,28.14,0.0,0.0,0.0,0.0,0.0,0.0
2139,39920,33.46,45.96519388858391,1.1611201736802843,0,10,2,50,33.54,33.38,0.0,0.0,0.0,0.0,0.0,0.0
2140,39920,81.9,60.152422471608766,1.1711685756223738,0,10,2,50,88.6,75.2,0.0,0.0,0.0,0.0,0.0,0.0
2141,38711,48.16,50.90556147260512,1.1492598536127117,0,13,2,50,53.67,42.64,0.0,0.0,0.0,0.0,0.0,0.0
2142,45801,58.36,50.25927790666237,1.204424359936767,5,8,2,50,51.2,65.53,0.0,0.0,0.0,0.0,0.0,0.0
2143,41532,22.75,58.46328152125536,1.229840023357066,0,6,2,50,20.88,24.62,0.0,0.0,0.0,0.0,0.0,0.0
2144,40726,26.71,56.40054531265842,1.063510007463023,0,8,2,50,27.64,25.78,0.0,0.0,0.0,0.0,0.0,0.0
2145,43685,41.39,49.88319106415838,1.216972928372186,3,10,2,50,47.39,35.38,0.0,0.0,0.0,0.0,0.0,0.0
2146,43433,52.3,46.51159583323037,1.1253276274169424,2,9,2,50,51.09,53.5,0.0,0.0,0.0,0.0,0.0,0.0
2147,37502,58.02,47.53167901367615,1.107889818156289,0,16,2,50,56.28,59.75,0.0,0.0,0.0,0.0,0.0,0.0
2148,39517,52.3,56.78525565573305,1.2100240145500123,0,11,2,50,48.12,56.49,0.0,0.0,0.0,0.0,0.0,0.0
2149,42435,53.54,51.81849637254646,1.185806165141961,0,5,2,50,51.37,55.72,0.0,0.0,0.0,0.0,0.0,0.0
2150,43836,28.42,50.480284605591066,1.1385054187110548,2,8,2,50,27.51,29.32,0.0,0.0,0.0,0.0,0.0,0.0
2151,45146,46.28,51.888321592429406,1.1682429199337996,4,8,2,50,42.42,50.14,0.0,0.0,0.0,0.0,0.0,0.0
2152,37905,51.12,48.055805131068006,1.2552411669212402,0,15,2,50,51.53,50.7,0.0,0.0,0.0,0.0,0.0,0.0
2153,43836,27.48,52.48310079623093,1.3096722235733038,2,8,2,50,26.7,28.27,0.0,0.0,0.0,0.0,0.0,0.0
2154,45952,30.58,57.03642910537246,1.1104149696455965,4,6,2,50,31.14,30.01,0.0,0.0,0.0,0.0,0.0,0.0
2155,39517,57.41,54.96978763345196,1.099415307773334,0,11,2,50,57.3,57.52,0.0,0.0,0.0,0.0,0.0,0.0
2156,47111,39.48,46.82743253307795,1.064310477288661,7,8,2,50,42.68,36.29,0.0,0.0,0.0,0.0,0.0,0.0
2157,48511,45.3,52.101522043199786,1.2270673517616002,4,3,2,50,47.61,42.98,0.0,0.0,0.0,0.0,0.0,0.0
2158,42627,45.88,51.19795137234453,1.1429275757157924,2,11,2,50,46.27,45.49,0.0,0.0,0.0,0.0,0.0,0.0
2159,39114,67.98,55.03526953120018,1.1938553499443585,0,12,2,50,64.5,71.47,0.0,0.0,0.0,0.0,0.0,0.0
2160,47966,46.98,53.05420735401504,1.1507137103177278,8,8,2,50,46.13,47.83,0.0,0.0,0.0,0.0,0.0,0.0
2161,46200,30.6,53.0274771591148,0.9512504559444028,3,5,2,50,30.89,30.31,0.0,0.0,0.0,0.0,0.0,0.0
2162,37502,38.69,48.88808850637486,1.075688430584497,0,16,2,50,39.23,38.15,0.0,0.0,0.0,0.0,0.0,0.0
2163,47462,30.4,52.35729102259281,1.1450838784237716,6,6,2,50,30.03,30.78,0.0,0.0,0.0,0.0,0.0,0.0
2164,42627,23.0,49.18410268170232,1.2058060303422844,2,11,2,50,24.65,21.35,0.0,0.0,0.0,0.0,0.0,0.0
2165,41972,49.7,51.07545888149621,1.192581574711718,1,11,2,50,46.75,52.65,0.0,0.0,0.0,0.0,0.0,0.0
2166,44642,56.89,49.31771947736078,1.047910703782203,2,6,2,50,57.67,56.11,0.0,0.0,0.0,0.0,0.0,0.0
2167,43030,34.94,55.485582246691,1.206423449747144,2,10,2,50,37.8,32.07,0.0,0.0,0.0,0.0,0.0,0.0
2168,46053,34.06,49.63441200549844,1.1031600215540232,6,9,2,50,33.02,35.09,0.0,0.0,0.0,0.0,0.0,0.0
2169,53014,50.06,50.960630360544506,1.1893293600675614,4,2,2,50,43.39,56.73,0.0,0.0,0.0,0.0,0.0,0.0
2170,49267,53.27,46.54651147014572,1.1871680669969935,7,6,2,50,54.97,51.57,0.0,0.0,0.0,0.0,0.0,0.0
2171,40323,63.89,54.19163701014081,1.1215238122914424,0,9,2,50,58.49,69.28,0.0,0.0,0.0,0.0,0.0,0.0
2172,40726,43.94,55.57768903420968,1.0248615725288948,0,8,2,50,45.03,42.84,0.0,0.0,0.0,0.0,0.0,0.0
2173,39517,72.12,57.98234075725341,1.1961854817037434,0,11,2,50,70.03,74.2,0.0,0.0,0.0,0.0,0.0,0.0
2174,38308,42.92,53.362236127476415,1.0663283420368128,0,14,2,50,37.19,48.66,0.0,0.0,0.0,0.0,0.0,0.0
2175,45549,83.93,59.62095814103692,1.141476200195045,4,7,2,50,84.73,83.12,0.0,0.0,0.0,0.0,0.0,0.0
2176,42627,21.7,51.57740037671393,1.094527869968672,2,11,2,50,24.28,19.12,0.0,0.0,0.0,0.0,0.0,0.0
2177,46200,58.23,54.83081910859062,1.06092075426862,3,5,2,50,58.32,58.14,0.0,0.0,0.0,0.0,0.0,0.0
2178,44642,23.57,50.1251659483511,1.1951054301804294,2,6,2,50,22.6,24.54,0.0,0.0,0.0,0.0,0.0,0.0
2179,43030,59.16,55.80309359683044,1.1809199918391051,2,10,2,50,62.95,55.37,0.0,0.0,0.0,0.0,0.0,0.0
2180,44743,87.27,50.18423877918639,1.1577962713078491,4,9,2,50,90.22,84.32,0.0,0.0,0.0,0.0,0.0,0.0
2181,45545,61.79,49.91378902852392,1.2050999157194435,2,5,2,50,59.69,63.89,0.0,0.0,0.0,0.0,0.0,0.0
2182,45549,92.57,57.48896831425659,1.1691993309274236,4,7,2,50,93.51,91.63,0.0,0.0,0.0,0.0,0.0,0.0
2183,39517,81.34,53.09498545913102,1.0661180209949956,0,11,2,50,86.82,75.86,0.0,0.0,0.0,0.0,0.0,0.0
2184,43181,47.46,52.61419394942747,1.1457025801130876,1,8,2,50,51.15,43.78,0.0,0.0,0.0,0.0,0.0,0.0
2185,44088,48.51,56.635228268093954,1.1608775961514697,3,9,2,50,45.41,51.61,0.0,0.0,0.0,0.0,0.0,0.0
2186,43937,71.72,53.603024544449184,1.1126932226077746,4,11,2,50,69.26,74.18,0.0,0.0,0.0,0.0,0.0,0.0
2187,45297,87.65,50.25687476702267,1.0485051353632346,3,6,2,50,85.81,89.48,0.0,0.0,0.0,0.0,0.0,0.0
2188,71522,67.58,52.99475887846829,1.175715778037827,5,1,2,50,70.76,64.39,0.0,0.0,0.0,0.0,0.0,0.0
2189,41532,37.68,54.47846497593618,1.1024709186116248,0,6,2,50,35.41,39.96,0.0,0.0,0.0,0.0,0.0,0.0
2190,43181,66.16,50.56552558481915,1.126728452784619,1,8,2,50,66.3,66.03,0.0,0.0,0.0,0.0,0.0,0.0
2191,45650,35.99,53.28260083637712,1.1348720053448813,6,10,2,50,33.54,38.44,0.0,0.0,0.0,0.0,0.0,0.0
2192,43836,84.48,50.72573700050861,1.153723033972888,2,8,2,50,78.35,90.61,0.0,0.0,0.0,0.0,0.0,0.0
2193,53014,60.02,53.672671574071,1.04953958057965,4,2,2,50,61.19,58.86,0.0,0.0,0.0,0.0,0.0,0.0
2194,38711,21.32,62.73503696668008,1.1342131777108515,0,13,2,50,21.3,21.34,0.0,0.0,0.0,0.0,0.0,0.0
2195,54018,72.24,55.60209147409348,1.2078984952998435,6,4,2,50,69.08,75.41,0.0,0.0,0.0,0.0,0.0,0.0
2196,45549,73.78,47.77153570143357,1.1127332958621965,4,7,2,50,71.36,76.2,0.0,0.0,0.0,0.0,0.0,0.0
2197,46855,22.18,50.76352831418115,1.2508477387025154,4,5,2,50,25.26,19.11,0.0,0.0,0.0,0.0,0.0,0.0
2198,41532,54.34,54.62972649576443,1.1846585823530802,0,6,2,50,54.43,54.24,0.0,0.0,0.0,0.0,0.0,0.0
2199,44642,70.02,51.54248536551275,1.246803347553286,2,6,2,50,66.5,73.53,0.0,0.0,0.0,0.0,0.0,0.0
2200,46859,56.0,54.74421139013706,1.0913692017807082,6,7,2,50,59.65,52.35,0.0,0.0,0.0,0.0,0.0,0.0
2201,45545,93.26,52.30119937643749,1.1353263718495574,2,5,2,50,94.01,92.5,0.0,0.0,0.0,0.0,0.0,0.0
2202,42375,25.45,51.25361263259938,1.268748670295465,1,10,2,50,27.92,22.98,0.0,0.0,0.0,0.0,0.0,0.0
2203,62015,73.9,52.04481897705895,1.150411049814594,3,0,2,50,64.21,83.58,0.0,0.0,0.0,0.0,0.0,0.0
2204,43836,26.58,54.430342272836334,1.206665184542819,2,8,2,50,25.68,27.49,0.0,0.0,0.0,0.0,0.0,0.0
2205,43433,84.76,46.516546057038006,1.1456380469470149,2,9,2,50,84.33,85.19,0.0,0.0,0.0,0.0,0.0,0.0
2206,44890,42.96,53.92140479317508,1.1905366774260309,1,5,2,50,43.56,42.36,0.0,0.0,0.0,0.0,0.0,0.0
2207,43282,33.36,49.27412713332664,1.1229638538893207,3,11,2,50,30.42,36.3,0.0,0.0,0.0,0.0,0.0,0.0
2208,43937,26.44,50.98169270970496,1.1720213446848553,4,11,2,50,26.29,26.58,0.0,0.0,0.0,0.0,0.0,0.0
2209,38711,52.7,47.46619672978219,1.191648653812447,0,13,2,50,58.96,46.44,0.0,0.0,0.0,0.0,0.0,0.0
2210,41129,66.78,48.571036127414494,1.2309778079380649,0,7,2,50,76.02,57.54,0.0,0.0,0.0,0.0,0.0,0.0
2211,45952,61.84,51.62521955050659,1.015259619924297,4,6,2,50,62.02,61.66,0.0,0.0,0.0,0.0,0.0,0.0
2212,48511,82.68,56.431077523523705,1.160989455349802,4,3,2,50,83.87,81.48,0.0,0.0,0.0,0.0,0.0,0.0
2213,43131,45.04,58.11585009174643,1.1668994889367523,4,13,2,50,45.32,44.75,0.0,0.0,0.0,0.0,0.0,0.0
2214,39920,64.41,54.29578564301474,1.0829683335240383,0,10,2,50,64.1,64.72,0.0,0.0,0.0,0.0,0.0,0.0
2215,47462,34.06,53.04582710227392,1.143449836702245,6,6,2,50,34.56,33.56,0.0,0.0,0.0,0.0,0.0,0.0
2216,45549,74.61,49.67228255253973,1.1652051549662252,4,7,2,50,74.74,74.48,0.0,0.0,0.0,0.0,0.0,0.0
2217,41418,92.29,51.199596321896685,1.1373719757450678,2,14,2,50,91.31,93.27,0.0,0.0,0.0,0.0,0.0,0.0
2218,41129,52.54,57.363262702054286,1.1947371568933571,0,7,2,50,47.6,57.48,0.0,0.0,0.0,0.0,0.0,0.0
2219,47111,83.81,54.2326488802443,1.1748859708770525,7,8,2,50,88.04,79.58,0.0,0.0,0.0,0.0,0.0,0.0
2220,43584,84.64,53.62958224077416,1.2022534408962822,1,7,2,50,90.74,78.54,0.0,0.0,0.0,0.0,0.0,0.0
2221,46053,68.56,54.49940758417962,1.132162961729141,6,9,2,50,69.8,67.32,0.0,0.0,0.0,0.0,0.0,0.0
2222,54018,66.84,48.26199031383447,1.1610600405271283,6,4,2,50,66.98,66.69,0.0,0.0,0.0,0.0,0.0,0.0
2223,43836,62.28,53.63280072489842,1.195697496425029,2,8,2,50,57.54,67.01,0.0,0.0,0.0,0.0,0.0,0.0
2224,46859,21.79,56.59379849791884,1.1147067372911763,6,7,2,50,21.35,22.23,0.0,0.0,0.0,0.0,0.0,0.0
2225,44743,44.74,48.87695990526575,1.0969882197219076,4,9,2,50,46.28,43.21,0.0,0.0,0.0,0.0,0.0,0.0
2226,43030,38.01,55.61715665306792,1.0012973048348206,2,10,2,50,41.29,34.73,0.0,0.0,0.0,0.0,0.0,0.0
2227,42627,51.66,52.4399046941528,1.1506458939730788,2,11,2,50,45.73,57.6,0.0,0.0,0.0,0.0,0.0,0.0
2228,40726,58.14,51.34254320418744,1.2789668152934857,0,8,2,50,55.62,60.66,0.0,0.0,0.0,0.0,0.0,0.0
2229,43181,50.02,55.97049694286768,1.1007172873431197,1,8,2,50,47.36,52.69,0.0,0.0,0.0,0.0,0.0,0.0
2230,44340,31.1,55.01735925196947,1.09968060523451,4,10,2,50,29.64,32.57,0.0,0.0,0.0,0.0,0.0,0.0
2231,43937,39.51,55.79007786339465,1.0699691298551524,4,11,2,50,39.89,39.13,0.0,0.0,0.0,0.0,0.0,0.0
2232,44642,43.22,52.891104947759466,1.2111546217963585,2,6,2,50,41.33,45.1,0.0,0.0,0.0,0.0,0.0,0.0
2233,43030,48.36,49.8719668721908,1.0954569456596666,2,10,2,50,49.11,47.61,0.0,0.0,0.0,0.0,0.0,0.0
2234,45146,96.66,53.37524417935185,1.135454358171701,4,8,2,50,93.32,100.0,0.0,0.0,0.0,0.0,0.0,0.0
2235,46353,58.8,54.98422520246146,1.0999678158497277,3,4,2,50,54.51,63.08,0.0,0.0,0.0,0.0,0.0,0.0
2236,43786,50.16,50.649370939874686,1.0431271717806336,5,13,2,50,44.62,55.71,0.0,0.0,0.0,0.0,0.0,0.0
2237,43282,36.84,48.42695151536675,1.1268113602580585,3,11,2,50,35.77,37.92,0.0,0.0,0.0,0.0,0.0,0.0
2238,46456,42.26,49.39716682575633,1.1915905219815417,6,8,2,50,37.34,47.17,0.0,0.0,0.0,0.0,0.0,0.0
2239,44088,46.88,57.3597935492951,1.1055876678952945,3,9,2,50,48.36,45.4,0.0,0.0,0.0,0.0,0.0,0.0
2240,41129,90.04,50.847276933696726,1.2285808782741912,0,7,2,50,84.35,95.74,0.0,0.0,0.0,0.0,0.0,0.0
2241,43987,22.24,53.03685407855976,1.1466051430862207,1,6,2,50,20.32,24.16,0.0,0.0,0.0,0.0,0.0,0.0
2242,44642,60.78,58.02917755271836,1.2183311209773997,2,6,2,50,61.46,60.11,0.0,0.0,0.0,0.0,0.0,0.0
2243,43030,94.16,51.17803005836428,1.2158619637727877,2,10,2,50,91.62,96.7,0.0,0.0,0.0,0.0,0.0,0.0
2244,43937,75.7,52.73572424178175,1.1996601574998689,4,11,2,50,76.28,75.13,0.0,0.0,0.0,0.0,0.0,0.0
2245,47208,32.46,54.21448233127563,1.0582205008247547,4,4,2,50,34.85,30.06,0.0,0.0,0.0,0.0,0.0,0.0
2246,49515,35.5,55.54249689384502,1.0182916953804932,6,5,2,50,34.61,36.38,0.0,0.0,0.0,0.0,0.0,0.0
2247,44340,83.38,57.99703723378775,1.1595836872566947,4,10,2,50,79.3,87.47,0.0,0.0,0.0,0.0,0.0,0.0
2248,42627,54.29,53.32346009465924,1.1273380164328193,2,11,2,50,58.63,49.95,0.0,0.0,0.0,0.0,0.0,0.0
2249,41166,61.22,50.921737603795606,1.159229868073634,1,13,2,50,62.33,60.1,0.0,0.0,0.0,0.0,0.0,0.0
2250,44340,51.95,56.46076834927975,1.091178934459052,4,10,2,50,54.01,49.89,0.0,0.0,0.0,0.0,0.0,0.0
2251,42879,68.07,56.54159169134514,1.1889988097623214,3,12,2,50,66.56,69.58,0.0,0.0,0.0,0.0,0.0,0.0
2252,43685,56.68,49.76304999643455,1.1827296356260182,3,10,2,50,56.62,56.75,0.0,0.0,0.0,0.0,0.0,0.0
2253,43433,42.36,53.12946174377314,1.129625709853854,2,9,2,50,41.06,43.66,0.0,0.0,0.0,0.0,0.0,0.0
2254,45650,52.39,52.85507310502424,1.1551125985525084,6,10,2,50,51.64,53.13,0.0,0.0,0.0,0.0,0.0,0.0
2255,47208,63.9,46.94339792461218,1.1442517742836995,4,4,2,50,62.32,65.47,0.0,0.0,0.0,0.0,0.0,0.0
2256,43282,25.72,55.75129523794005,1.2239483712837242,3,11,2,50,25.63,25.81,0.0,0.0,0.0,0.0,0.0,0.0
2257,49515,74.93,54.19791962657152,1.1406706875116837,6,5,2,50,75.85,74.01,0.0,0.0,0.0,0.0,0.0,0.0
2258,44239,77.67,53.25622765678322,1.2552117805379497,2,7,2,50,68.96,86.38,0.0,0.0,0.0,0.0,0.0,0.0
2259,40726,93.06,54.65033126491776,1.135860439866799,0,8,2,50,92.78,93.35,0.0,0.0,0.0,0.0,0.0,0.0
2260,43987,54.52,49.52279744065788,1.0858593159556411,1,6,2,50,54.41,54.64,0.0,0.0,0.0,0.0,0.0,0.0
2261,40726,59.72,55.94812140020957,1.0539598790477218,0,8,2,50,58.1,61.34,0.0,0.0,0.0,0.0,0.0,0.0
2262,43433,68.82,53.00854042964951,1.113979312324058,2,9,2,50,69.79,67.86,0.0,0.0,0.0,0.0,0.0,0.0
2263,46456,25.58,50.27401768830152,1.0441677167176762,6,8,2,50,25.37,25.8,0.0,0.0,0.0,0.0,0.0,0.0
2264,45297,66.62,53.496617702301776,1.1283463209125018,3,6,2,50,65.84,67.4,0.0,0.0,0.0,0.0,0.0,0.0
2265,45196,39.9,55.06431077135713,1.0963750814970217,1,3,2,50,43.28,36.53,0.0,0.0,0.0,0.0,0.0,0.0
2266,44088,53.93,59.253379547031926,1.1623148417431388,3,9,2,50,51.78,56.08,0.0,0.0,0.0,0.0,0.0,0.0
2267,41532,60.88,56.14274533568676,1.2425189757794064,0,6,2,50,61.56,60.19,0.0,0.0,0.0,0.0,0.0,0.0
2268,45146,69.89,54.00665627271618,1.0937774541081913,4,8,2,50,75.83,63.95,0.0,0.0,0.0,0.0,0.0,0.0
2269,45549,30.62,53.30041188278951,1.1302351795299783,4,7,2,50,27.33,33.91,0.0,0.0,0.0,0.0,0.0,0.0
2270,42627,75.68,56.21187197087588,1.0883591567634028,2,11,2,50,75.93,75.43,0.0,0.0,0.0,0.0,0.0,0.0
2271,45801,26.24,50.90324080227776,1.2567476705305682,5,8,2,50,25.22,27.27,0.0,0.0,0.0,0.0,0.0,0.0
2272,45650,76.76,54.262963340402514,1.1137079870265487,6,10,2,50,66.73,86.8,0.0,0.0,0.0,0.0,0.0,0.0
2273,44743,47.52,53.07363461081214,1.158668785257247,4,9,2,50,45.61,49.43,0.0,0.0,0.0,0.0,0.0,0.0
2274,47714,59.54,51.66184659320782,1.1308527832407618,7,7,2,50,55.03,64.06,0.0,0.0,0.0,0.0,0.0,0.0
2275,43836,60.75,49.26399218649089,1.1507745483462104,2,8,2,50,64.05,57.45,0.0,0.0,0.0,0.0,0.0,0.0
2276,44239,54.68,50.843441058204725,1.1480744069205775,2,7,2,50,52.8,56.56,0.0,0.0,0.0,0.0,0.0,0.0
2277,45146,53.58,53.90038927410145,1.0391134977857537,4,8,2,50,55.74,51.41,0.0,0.0,0.0,0.0,0.0,0.0
2278,41532,46.52,54.99826492813517,1.1979008717250672,0,6,2,50,50.06,42.97,0.0,0.0,0.0,0.0,0.0,0.0
2279,43836,44.56,52.38567749945506,1.1098259059173423,2,8,2,50,46.69,42.43,0.0,0.0,0.0,0.0,0.0,0.0
2280,45698,61.97,54.721477734946674,1.171958890383364,2,4,2,50,63.92,60.02,0.0,0.0,0.0,0.0,0.0,0.0
2281,47111,32.14,51.52989536866715,1.058523493147476,7,8,2,50,30.28,34.01,0.0,0.0,0.0,0.0,0.0,0.0
2282,44642,35.0,52.5968197283613,1.1003612144545627,2,6,2,50,33.59,36.41,0.0,0.0,0.0,0.0,0.0,0.0
2283,40726,33.59,52.79844782971944,1.0737409282766877,0,8,2,50,37.78,29.4,0.0,0.0,0.0,0.0,0.0,0.0
2284,43937,77.96,55.47943948845265,1.2651935377586552,4,11,2,50,78.06,77.87,0.0,0.0,0.0,0.0,0.0,0.0
2285,45952,46.54,54.67322880548362,1.1958491422496529,4,6,2,50,45.61,47.47,0.0,0.0,0.0,0.0,0.0,0.0
2286,45146,22.99,46.50338191434952,1.10799923824695,4,8,2,50,21.12,24.86,0.0,0.0,0.0,0.0,0.0,0.0
2287,41129,61.66,53.85703218315571,1.0935659899050534,0,7,2,50,63.22,60.11,0.0,0.0,0.0,0.0,0.0,0.0
2288,44743,79.74,55.03691341063672,1.1513043790125783,4,9,2,50,76.39,83.09,0.0,0.0,0.0,0.0,0.0,0.0
2289,47710,36.4,50.4830980711596,1.1882678071348067,5,5,2,50,39.73,33.07,0.0,0.0,0.0,0.0,0.0,0.0
2290,38711,59.3,52.22621260837336,1.2191036759259708,0,13,2,50,56.58,62.02,0.0,0.0,0.0,0.0,0.0,0.0
2291,42778,44.95,54.606749886507295,1.182508369650064,1,9,2,50,43.87,46.03,0.0,0.0,0.0,0.0,0.0,0.0
2292,47462,48.3,49.19486536080425,1.1620712305573988,6,6,2,50,49.55,47.06,0.0,0.0,0.0,0.0,0.0,0.0
2293,43030,43.86,52.73747182383826,1.1309223316273154,2,10,2,50,50.5,37.22,0.0,0.0,0.0,0.0,0.0,0.0
2294,43433,64.58,50.82282728024021,1.1136710112505126,2,9,2,50,64.29,64.87,0.0,0.0,0.0,0.0,0.0,0.0
2295,46557,39.8,52.85213636400496,1.0992935297536284,8,11,2,50,37.33,42.28,0.0,0.0,0.0,0.0,0.0,0.0
2296,43433,66.77,54.93145261052935,1.187848079982556,2,9,2,50,65.66,67.88,0.0,0.0,0.0,0.0,0.0,0.0
2297,43030,48.6,56.634509650561306,1.1005863171314485,2,10,2,50,55.07,42.13,0.0,0.0,0.0,0.0,0.0,0.0
2298,43181,66.79,55.72161605004034,1.1903394761774309,1,8,2,50,66.42,67.16,0.0,0.0,0.0,0.0,0.0,0.0
2299,45349,77.19,53.95546192643507,1.1962015728869697,1,2,2,50,74.4,79.99,0.0,0.0,0.0,0.0,0.0,0.0
2300,45549,36.44,54.99719110996448,1.197562351500428,4,7,2,50,34.2,38.67,0.0,0.0,0.0,0.0,0.0,0.0
2301,46200,93.48,50.608927410652925,1.1751478836930809,3,5,2,50,93.9,93.05,0.0,0.0,0.0,0.0,0.0,0.0
2302,44743,25.6,52.34669372951453,1.1804626962867966,4,9,2,50,26.14,25.07,0.0,0.0,0.0,0.0,0.0,0.0
2303,40726,53.22,54.10801296879959,1.1868360278066905,0,8,2,50,50.13,56.32,0.0,0.0,0.0,0.0,0.0,0.0
2304,41532,40.39,49.73291154902956,1.0339139690526526,0,6,2,50,45.79,35.0,0.0,0.0,0.0,0.0,0.0,0.0
2305,45650,85.54,48.45742003405053,1.1847099060883168,6,10,2,50,74.2,96.87,0.0,0.0,0.0,0.0,0.0,0.0
2306,44743,63.37,52.435143038145945,1.0855165851595787,4,9,2,50,62.86,63.88,0.0,0.0,0.0,0.0,0.0,0.0
2307,44088,32.71,54.8294944250953,1.1370862829890926,3,9,2,50,34.26,31.16,0.0,0.0,0.0,0.0,0.0,0.0
2308,43937,47.98,55.36666570316712,1.153557448792937,4,11,2,50,48.46,47.5,0.0,0.0,0.0,0.0,0.0,0.0
2309,44491,78.26,53.93686598609482,1.162351137629534,3,8,2,50,82.46,74.05,0.0,0.0,0.0,0.0,0.0,0.0
2310,41129,68.66,52.40123323119416,1.1040991529596291,0,7,2,50,73.05,64.28,0.0,0.0,0.0,0.0,0.0,0.0
2311,45545,28.94,54.81961071099494,1.118135727360392,2,5,2,50,26.79,31.08,0.0,0.0,0.0,0.0,0.0,0.0
2312,43937,52.62,52.57188714817266,1.0648712535405782,4,11,2,50,58.35,46.88,0.0,0.0,0.0,0.0,0.0,0.0
2313,43937,78.83,48.07088924238889,1.20286741020357,4,11,2,50,84.5,73.16,0.0,0.0,0.0,0.0,0.0,0.0
2314,39114,75.76,52.36102192187364,1.0788923474768564,0,12,2,50,67.58,83.94,0.0,0.0,0.0,0.0,0.0,0.0
2315,45549,35.0,49.38953351516111,1.1664836084882648,4,7,2,50,36.6,33.39,0.0,0.0,0.0,0.0,0.0,0.0
2316,47714,88.18,54.9784230706127,1.1476915667502787,7,7,2,50,80.31,96.06,0.0,0.0,0.0,0.0,0.0,0.0
2317,42627,69.22,56.87418074670247,1.1074515458226035,2,11,2,50,66.29,72.16,0.0,0.0,0.0,0.0,0.0,0.0
2318,47111,74.24,51.75390735266149,1.1053517404414062,7,8,2,50,69.28,79.2,0.0,0.0,0.0,0.0,0.0,0.0
2319,46456,25.25,55.17055571087377,1.099076202471927,6,8,2,50,27.36,23.14,0.0,0.0,0.0,0.0,0.0,0.0
2320,45549,48.45,54.21193594201912,1.1273399358833394,4,7,2,50,49.11,47.79,0.0,0.0,0.0,0.0,0.0,0.0
2321,43433,41.11,54.04646262085616,1.1218219117300818,2,9,2,50,38.05,44.18,0.0,0.0,0.0,0.0,0.0,0.0
2322,45545,62.4,49.18783702913372,1.1349174453423434,2,5,2,50,61.75,63.06,0.0,0.0,0.0,0.0,0.0,0.0
2323,44642,79.42,50.806660719313605,1.122546095007628,2,6,2,50,80.61,78.24,0.0,0.0,0.0,0.0,0.0,0.0
2324,43433,63.56,59.61853323141926,1.1239343400816817,2,9,2,50,65.3,61.81,0.0,0.0,0.0,0.0,0.0,0.0
2325,43433,36.64,56.780058635513534,1.1324270772429776,2,9,2,50,35.47,37.8,0.0,0.0,0.0,0.0,0.0,0.0
2326,49013,75.38,54.49574342690241,1.1076547657843605,5,4,2,50,79.88,70.87,0.0,0.0,0.0,0.0,0.0,0.0
2327,39920,53.16,50.623943104310406,1.2224168591344848,0,10,2,50,59.49,46.82,0.0,0.0,0.0,0.0,0.0,0.0
2328,43282,82.0,55.65295135772956,1.1670248128061362,3,11,2,50,82.52,81.47,0.0,0.0,0.0,0.0,0.0,0.0
2329,46859,75.74,53.18407028392623,1.1162160207867142,6,7,2,50,73.29,78.18,0.0,0.0,0.0,0.0,0.0,0.0
2330,46053,37.35,51.61663502618579,1.0556513983826232,6,9,2,50,38.69,36.01,0.0,0.0,0.0,0.0,0.0,0.0
2331,43987,91.12,57.5481529971154,1.1666139111380125,1,6,2,50,97.87,84.38,0.0,0.0,0.0,0.0,0.0,0.0
2332,45398,72.81,57.26842298774905,1.0484092286753768,5,9,2,50,73.66,71.95,0.0,0.0,0.0,0.0,0.0,0.0
2333,72024,93.59,49.67709710047025,1.1679673322655808,6,2,2,50,91.68,95.5,0.0,0.0,0.0,0.0,0.0,0.0
2334,41532,31.43,55.536130962275934,1.070988745278094,0,6,2,50,30.52,32.34,0.0,0.0,0.0,0.0,0.0,0.0
2335,46859,98.38,56.80024557981455,1.136030734631314,6,7,2,50,96.77,100.0,0.0,0.0,0.0,0.0,0.0,0.0
2336,44894,25.5,52.97006682886028,1.085398684844047,3,7,2,50,28.21,22.79,0.0,0.0,0.0,0.0,0.0,0.0
2337,44088,46.62,56.44385473570984,1.066283523523249,3,9,2,50,42.43,50.81,0.0,0.0,0.0,0.0,0.0,0.0
2338,104038,38.53,52.08471117640581,1.165526054961542,10,4,2,50,36.24,40.82,0.0,0.0,0.0,0.0,0.0,0.0
2339,44743,49.68,57.83887942962698,1.1267781835533066,4,9,2,50,49.9,49.46,0.0,0.0,0.0,0.0,0.0,0.0
2340,41532,80.82,57.41470962901165,1.084657205750081,0,6,2,50,79.64,82.01,0.0,0.0,0.0,0.0,0.0,0.0
2341,44743,45.46,44.056071250496935,1.0677639868285391,4,9,2,50,49.62,41.31,0.0,0.0,0.0,0.0,0.0,0.0
2342,43433,50.88,48.94224480681054,1.1479975973709031,2,9,2,50,58.19,43.58,0.0,0.0,0.0,0.0,0.0,0.0
2343,43937,90.03,53.90814135428945,0.9832625709726084,4,11,2,50,96.42,83.64,0.0,0.0,0.0,0.0,0.0,0.0
2344,46053,89.61,49.75403044801826,1.054486174235383,6,9,2,50,79.61,99.61,0.0,0.0,0.0,0.0,0.0,0.0
2345,46855,43.72,54.02654526640551,1.0505077699195398,4,5,2,50,42.81,44.63,0.0,0.0,0.0,0.0,0.0,0.0
2346,45851,59.18,56.59335912969615,1.0937141515722688,2,3,2,50,62.9,55.45,0.0,0.0,0.0,0.0,0.0,0.0
2347,43181,41.79,52.85839775380524,1.1346692719716247,1,8,2,50,44.72,38.86,0.0,0.0,0.0,0.0,0.0,0.0
2348,43181,38.08,55.14199551690865,1.0960999174251236,1,8,2,50,35.53,40.64,0.0,0.0,0.0,0.0,0.0,0.0
2349,45650,86.08,58.96095407663714,1.1093642020957095,6,10,2,50,94.03,78.13,0.0,0.0,0.0,0.0,0.0,0.0
2350,44239,43.2,49.813633052919,1.1671663119776652,2,7,2,50,41.65,44.75,0.0,0.0,0.0,0.0,0.0,0.0
2351,47966,46.5,53.66384375391066,1.2310233557339212,8,8,2,50,45.14,47.86,0.0,0.0,0.0,0.0,0.0,0.0
2352,44743,48.37,58.31451309830688,1.1347298570336335,4,9,2,50,48.36,48.38,0.0,0.0,0.0,0.0,0.0,0.0
2353,54272,64.28,55.534573611545056,1.1405229500326262,8,6,2,50,70.32,58.24,0.0,0.0,0.0,0.0,0.0,0.0
2354,39920,69.81,46.9158277533231,1.0711898773958903,0,10,2,50,69.23,70.39,0.0,0.0,0.0,0.0,0.0,0.0
2355,43937,53.74,55.902684277976384,1.1752681778873697,4,11,2,50,54.77,52.7,0.0,0.0,0.0,0.0,0.0,0.0
2356,43181,77.64,56.35463174607467,1.130437755277132,1,8,2,50,85.21,70.07,0.0,0.0,0.0,0.0,0.0,0.0
2357,45851,63.78,54.94053073580666,1.048891293322352,2,3,2,50,65.79,61.78,0.0,0.0,0.0,0.0,0.0,0.0
2358,43584,53.96,50.00350114771137,1.1537370061275654,1,7,2,50,51.48,56.43,0.0,0.0,0.0,0.0,0.0,0.0
2359,47111,56.71,48.240695985647314,1.1869687243289384,7,8,2,50,60.5,52.92,0.0,0.0,0.0,0.0,0.0,0.0
2360,45952,50.18,51.32552001490038,1.0623430077999672,4,6,2,50,48.21,52.15,0.0,0.0,0.0,0.0,0.0,0.0
2361,45297,44.16,57.951736647313865,1.0580351344538903,3,6,2,50,47.24,41.07,0.0,0.0,0.0,0.0,0.0,0.0
2362,47966,65.41,51.56463409067408,1.1351011498618482,8,8,2,50,62.26,68.56,0.0,0.0,0.0,0.0,0.0,0.0
2363,43534,36.4,50.3606467017135,1.095690119113113,4,12,2,50,38.22,34.59,0.0,0.0,0.0,0.0,0.0,0.0
2364,49515,53.02,56.39244336099601,1.1221134578763812,6,5,2,50,50.16,55.89,0.0,0.0,0.0,0.0,0.0,0.0
2365,42627,56.4,55.675894160141056,1.0170475917145925,2,11,2,50,59.69,53.12,0.0,0.0,0.0,0.0,0.0,0.0
2366,44340,35.92,52.15447015339784,1.0726994066752895,4,10,2,50,35.3,36.53,0.0,0.0,0.0,0.0,0.0,0.0
2367,47462,44.26,53.6946441985821,1.0856411797695096,6,6,2,50,47.33,41.2,0.0,0.0,0.0,0.0,0.0,0.0
2368,43685,47.35,50.066198441866376,1.1736244283034576,3,10,2,50,47.59,47.11,0.0,0.0,0.0,0.0,0.0,0.0
2369,43433,34.11,46.13289746861919,1.0383913789194432,2,9,2,50,31.75,36.47,0.0,0.0,0.0,0.0,0.0,0.0
2370,40323,46.56,54.64660447997299,1.0668561120261688,0,9,2,50,48.02,45.11,0.0,0.0,0.0,0.0,0.0,0.0
2371,53014,63.75,50.75452065653777,1.1116993004907592,4,2,2,50,57.77,69.73,0.0,0.0,0.0,0.0,0.0,0.0
2372,86029,40.06,54.62025787842386,1.0798856739955638,7,2,2,50,38.94,41.17,0.0,0.0,0.0,0.0,0.0,0.0
2373,46353,57.22,54.64974323545309,1.0480707092200745,3,4,2,50,61.01,53.43,0.0,0.0,0.0,0.0,0.0,0.0
2374,46855,53.21,47.59388239845634,1.1154813826229268,4,5,2,50,57.99,48.43,0.0,0.0,0.0,0.0,0.0,0.0
2375,39517,59.38,57.12239394575776,1.1078516811161023,0,11,2,50,53.12,65.64,0.0,0.0,0.0,0.0,0.0,0.0
2376,41532,81.16,55.996456692267216,1.1102171179724956,0,6,2,50,81.14,81.19,0.0,0.0,0.0,0.0,0.0,0.0
2377,43433,55.03,52.450672450154286,1.087941060656911,2,9,2,50,59.35,50.71,0.0,0.0,0.0,0.0,0.0,0.0
2378,47462,54.84,55.681066322190425,1.122231466917577,6,6,2,50,50.94,58.74,0.0,0.0,0.0,0.0,0.0,0.0
2379,41972,39.47,53.127927425808586,1.1858081608497306,1,11,2,50,43.15,35.8,0.0,0.0,0.0,0.0,0.0,0.0
2380,44642,42.86,49.95108103874891,0.964159243933738,2,6,2,50,39.19,46.54,0.0,0.0,0.0,0.0,0.0,0.0
2381,37099,46.1,49.666081414994935,1.1692375715847307,0,17,2,50,44.88,47.33,0.0,0.0,0.0,0.0,0.0,0.0
2382,47710,29.33,55.65912762772617,1.099214054478577,5,5,2,50,28.73,29.93,0.0,0.0,0.0,0.0,0.0,0.0
2383,47111,80.54,49.15431893927627,1.1333173691406089,7,8,2,50,81.39,79.69,0.0,0.0,0.0,0.0,0.0,0.0
2384,49515,52.0,52.27423342132397,1.0456171435443442,6,5,2,50,49.9,54.1,0.0,0.0,0.0,0.0,0.0,0.0
2385,45146,77.74,50.79616806396373,1.2103076676309104,4,8,2,50,79.05,76.44,0.0,0.0,0.0,0.0,0.0,0.0
2386,45146,51.48,53.75588291926,1.1184412412889062,4,8,2,50,49.53,53.42,0.0,0.0,0.0,0.0,0.0,0.0
2387,44340,64.88,52.5637373725078,1.1261980468282893,4,10,2,50,58.17,71.6,0.0,0.0,0.0,0.0,0.0,0.0
2388,49013,21.36,54.55498688754681,1.0870516194287316,5,4,2,50,20.83,21.9,0.0,0.0,0.0,0.0,0.0,0.0
2389,46607,88.32,56.01023635219228,1.1889854626196956,5,6,2,50,95.77,80.88,0.0,0.0,0.0,0.0,0.0,0.0
2390,44491,24.36,53.89764192957732,1.2269258846883606,3,8,2,50,22.86,25.87,0.0,0.0,0.0,0.0,0.0,0.0
2391,44239,80.21,50.43806244160879,1.164906605179535,2,7,2,50,70.87,89.55,0.0,0.0,0.0,0.0,0.0,0.0
2392,39517,72.72,52.705360574261775,1.2260152845046484,0,11,2,50,68.99,76.45,0.0,0.0,0.0,0.0,0.0,0.0
2393,46706,70.96,58.20024886510127,1.120271645502359,3,3,2,50,74.5,67.42,0.0,0.0,0.0,0.0,0.0,0.0
2394,150000,39.7,57.17942947302073,1.138673630740333,9,0,2,50,38.94,40.45,0.0,0.0,0.0,0.0,0.0,0.0
2395,41129,49.33,57.84638630216182,1.104136552817531,0,7,2,50,51.7,46.96,0.0,0.0,0.0,0.0,0.0,0.0
2396,39114,45.46,49.88730996433164,1.0436045898658268,0,12,2,50,39.23,51.68,0.0,0.0,0.0,0.0,0.0,0.0
2397,42588,86.94,56.14264911756321,1.109760378797643,0,4,2,50,92.1,81.78,0.0,0.0,0.0,0.0,0.0,0.0
2398,45549,44.69,52.0404292817385,1.101378731867104,4,7,2,50,48.22,41.16,0.0,0.0,0.0,0.0,0.0,0.0
2399,45952,36.73,54.24391548074287,1.101384370769399,4,6,2,50,37.16,36.3,0.0,0.0,0.0,0.0,0.0,0.0
2400,42588,53.29,53.02216373055898,1.0950602378589191,0,4,2,50,52.79,53.79,0.0,0.0,0.0,0.0,0.0,0.0
2401,46859,97.41,51.93759292953256,1.1511654253334502,6,7,2,50,98.78,96.04,0.0,0.0,0.0,0.0,0.0,0.0
2402,45549,68.01,50.57243394646149,1.1405189204654482,4,7,2,50,73.47,62.55,0.0,0.0,0.0,0.0,0.0,0.0
2403,44239,52.7,50.896060273870425,1.1301905726755648,2,7,2,50,53.67,51.72,0.0,0.0,0.0,0.0,0.0,0.0
2404,49267,23.13,49.1558156574379,1.088882431326744,7,6,2,50,23.57,22.69,0.0,0.0,0.0,0.0,0.0,0.0
2405,46607,70.66,58.202012717589824,1.0725561372556145,5,6,2,50,77.8,63.52,0.0,0.0,0.0,0.0,0.0,0.0
2406,45146,61.9,52.422880832328175,1.0238434415804445,4,8,2,50,53.73,70.07,0.0,0.0,0.0,0.0,0.0,0.0
2407,48511,82.9,51.2719933124383,1.2631289919924331,4,3,2,50,91.5,74.31,0.0,0.0,0.0,0.0,0.0,0.0
2408,44340,55.9,57.39248869461829,1.12017223399395,4,10,2,50,53.81,57.98,0.0,0.0,0.0,0.0,0.0,0.0
2409,49013,33.79,49.13599162497687,1.1287679577208447,5,4,2,50,32.06,35.52,0.0,0.0,0.0,0.0,0.0,0.0
2410,49515,41.08,52.01952225849372,1.120316198442976,6,5,2,50,39.12,43.03,0.0,0.0,0.0,0.0,0.0,0.0
2411,47710,22.51,56.18656099486266,1.1894062077043976,5,5,2,50,24.2,20.82,0.0,0.0,0.0,0.0,0.0,0.0
2412,47208,67.3,56.59447222885681,1.1523587328302856,4,4,2,50,62.95,71.65,0.0,0.0,0.0,0.0,0.0,0.0
2413,62525,41.04,47.54079784426474,1.1139650673236314,8,5,2,50,43.24,38.84,0.0,0.0,0.0,0.0,0.0,0.0
2414,39920,59.08,57.07663417542179,1.0717610162332931,0,10,2,50,61.1,57.05,0.0,0.0,0.0,0.0,0.0,0.0
2415,47462,35.14,49.68220987366127,1.120778466483444,6,6,2,50,33.42,36.87,0.0,0.0,0.0,0.0,0.0,0.0
2416,45146,65.24,52.28200944652965,1.0867362742339894,4,8,2,50,60.4,70.09,0.0,0.0,0.0,0.0,0.0,0.0
2417,43836,36.39,54.63070809732898,1.1937914911570515,2,8,2,50,39.49,33.3,0.0,0.0,0.0,0.0,0.0,0.0
2418,42588,45.84,57.20884358904296,1.1101384552846032,0,4,2,50,45.85,45.84,0.0,0.0,0.0,0.0,0.0,0.0
2419,47462,66.35,51.87613667252868,1.105264862411916,6,6,2,50,67.33,65.37,0.0,0.0,0.0,0.0,0.0,0.0
2420,44340,50.92,53.08967990117179,1.0690248541102478,4,10,2,50,52.05,49.78,0.0,0.0,0.0,0.0,0.0,0.0
2421,40323,53.62,55.46575789204764,1.1340351514267293,0,9,2,50,54.71,52.52,0.0,0.0,0.0,0.0,0.0,0.0
2422,43433,73.95,57.25866826823701,1.149632337523496,2,9,2,50,73.03,74.87,0.0,0.0,0.0,0.0,0.0,0.0
2423,46204,54.86,56.12666772292054,1.1093101932170302,5,7,2,50,52.76,56.97,0.0,0.0,0.0,0.0,0.0,0.0
2424,44642,79.14,55.56642490344552,1.1231153368027884,2,6,2,50,85.69,72.59,0.0,0.0,0.0,0.0,0.0,0.0
2425,39114,78.29,48.5773487400895,1.1405414540573304,0,12,2,50,80.98,75.6,0.0,0.0,0.0,0.0,0.0,0.0
2426,45545,89.66,53.21658608220847,1.152475190344027,2,5,2,50,88.8,90.52,0.0,0.0,0.0,0.0,0.0,0.0
2427,46053,57.76,49.40772232258771,1.1153607603300624,6,9,2,50,56.25,59.26,0.0,0.0,0.0,0.0,0.0,0.0
2428,54272,64.94,52.61808349901711,1.0347573539243584,8,6,2,50,59.32,70.57,0.0,0.0,0.0,0.0,0.0,0.0
2429,46305,89.81,54.02245837118976,1.0759540894866937,7,10,2,50,96.45,83.17,0.0,0.0,0.0,0.0,0.0,0.0
2430,40323,77.04,52.98395032015498,1.102874259732956,0,9,2,50,73.79,80.29,0.0,0.0,0.0,0.0,0.0,0.0
2431,47363,85.81,50.00656598439296,1.1454042970874765,8,9,2,50,80.14,91.48,0.0,0.0,0.0,0.0,0.0,0.0
2432,46204,49.03,53.513619320327386,1.1355219562038537,5,7,2,50,47.41,50.65,0.0,0.0,0.0,0.0,0.0,0.0
2433,44642,93.78,55.54976083933278,1.0782965628452017,2,6,2,50,91.6,95.96,0.0,0.0,0.0,0.0,0.0,0.0
2434,46859,25.55,55.54517474103158,1.1780479715212755,6,7,2,50,27.19,23.91,0.0,0.0,0.0,0.0,0.0,0.0
2435,45801,79.37,54.79029129846792,1.1527934259530432,5,8,2,50,78.51,80.22,0.0,0.0,0.0,0.0,0.0,0.0
2436,46855,62.06,52.92017939267127,1.0671215875085032,4,5,2,50,56.41,67.7,0.0,0.0,0.0,0.0,0.0,0.0
2437,44995,80.55,59.29397960241169,1.063326649200916,5,10,2,50,80.56,80.54,0.0,0.0,0.0,0.0,0.0,0.0
2438,45398,22.12,50.85294060323231,1.1555574977079532,5,9,2,50,19.85,24.4,0.0,0.0,0.0,0.0,0.0,0.0
2439,43836,73.46,54.96873863143199,1.1158136480685932,2,8,2,50,79.15,67.78,0.0,0.0,0.0,0.0,0.0,0.0
2440,43584,73.06,52.88688191639051,1.1538900487977932,1,7,2,50,78.05,68.07,0.0,0.0,0.0,0.0,0.0,0.0
2441,40726,41.83,57.703680213665095,1.0572629181078192,0,8,2,50,45.05,38.62,0.0,0.0,0.0,0.0,0.0,0.0
2442,73028,43.91,52.78001903636356,1.1049303120563263,8,4,2,50,44.96,42.86,0.0,0.0,0.0,0.0,0.0,0.0
2443,43685,24.92,55.80956195235429,1.0744286221275008,3,10,2,50,23.87,25.97,0.0,0.0,0.0,0.0,0.0,0.0
2444,46708,81.32,55.65392503803874,1.0272798621061796,7,9,2,50,79.63,83.01,0.0,0.0,0.0,0.0,0.0,0.0
2445,43937,31.82,53.61130381734423,1.0356446482062318,4,11,2,50,31.74,31.91,0.0,0.0,0.0,0.0,0.0,0.0
2446,45952,53.32,56.888239204984366,1.1344608410379746,4,6,2,50,45.48,61.15,0.0,0.0,0.0,0.0,0.0,0.0
2447,44239,72.35,44.13550146986854,1.0886179918015746,2,7,2,50,74.64,70.06,0.0,0.0,0.0,0.0,0.0,0.0
2448,46706,57.8,52.429706016508696,1.1319848730833006,3,3,2,50,57.66,57.95,0.0,0.0,0.0,0.0,0.0,0.0
2449,62525,76.5,57.56450736952415,1.1084005854937566,8,5,2,50,81.72,71.28,0.0,0.0,0.0,0.0,0.0,0.0
2450,46053,67.28,54.32097801551042,0.97630895351929,6,9,2,50,56.71,77.84,0.0,0.0,0.0,0.0,0.0,0.0
2451,46607,70.88,55.61420732355299,1.1272002016515583,5,6,2,50,74.39,67.38,0.0,0.0,0.0,0.0,0.0,0.0
2452,44642,63.46,48.52872822224437,1.0266916404088977,2,6,2,50,59.49,67.43,0.0,0.0,0.0,0.0,0.0,0.0
2453,47714,22.5,52.70890074031455,1.001781942757901,7,7,2,50,21.83,23.17,0.0,0.0,0.0,0.0,0.0,0.0
2454,44340,53.8,51.01129005027153,1.1190508336381038,4,10,2,50,55.33,52.26,0.0,0.0,0.0,0.0,0.0,0.0
2455,45146,50.56,51.97035017866631,1.1200051481841469,4,8,2,50,49.12,52.01,0.0,0.0,0.0,0.0,0.0,0.0
2456,43987,72.72,53.58546828628008,1.0830500577635196,1,6,2,50,68.04,77.4,0.0,0.0,0.0,0.0,0.0,0.0
2457,45549,61.43,50.98555680993003,1.0977999380625434,4,7,2,50,62.94,59.92,0.0,0.0,0.0,0.0,0.0,0.0
2458,44088,25.98,53.180458257132855,1.064273327346835,3,9,2,50,25.87,26.1,0.0,0.0,0.0,0.0,0.0,0.0
2459,44894,70.31,49.252890149067575,1.1490263804117309,3,7,2,50,62.75,77.86,0.0,0.0,0.0,0.0,0.0,0.0
2460,47710,83.34,53.18090464040211,1.067018853594171,5,5,2,50,82.5,84.18,0.0,0.0,0.0,0.0,0.0,0.0
2461,44491,61.82,55.22652519464084,1.062634171896716,3,8,2,50,58.9,64.74,0.0,0.0,0.0,0.0,0.0,0.0
2462,73028,47.4,57.34071053083392,1.044952408500337,8,4,2,50,47.55,47.26,0.0,0.0,0.0,0.0,0.0,0.0
2463,43030,71.87,51.995942677590776,1.09655203847095,2,10,2,50,63.03,80.71,0.0,0.0,0.0,0.0,0.0,0.0
2464,43433,67.09,52.36189470739375,1.150624272464647,2,9,2,50,75.0,59.17,0.0,0.0,0.0,0.0,0.0,0.0
2465,46855,27.88,47.61299673017791,1.0777061476386238,4,5,2,50,28.87,26.88,0.0,0.0,0.0,0.0,0.0,0.0
2466,44743,89.68,49.70297010742724,1.1198363101226836,4,9,2,50,94.36,85.0,0.0,0.0,0.0,0.0,0.0,0.0
2467,44642,74.06,56.099590877262585,1.1254187694739124,2,6,2,50,70.63,77.49,0.0,0.0,0.0,0.0,0.0,0.0
2468,86531,56.61,52.306356272914776,1.1764541046809662,8,3,2,50,51.8,61.43,0.0,0.0,0.0,0.0,0.0,0.0
2469,45698,57.96,53.946939194580594,1.030419081054388,2,4,2,50,54.47,61.46,0.0,0.0,0.0,0.0,0.0,0.0
2470,43433,34.86,48.18255048171355,1.1499877228050388,2,9,2,50,33.3,36.42,0.0,0.0,0.0,0.0,0.0,0.0
2471,45851,25.4,51.69135578258167,1.230880061829428,2,3,2,50,27.08,23.71,0.0,0.0,0.0,0.0,0.0,0.0
2472,45146,27.32,53.68787197350083,1.1105288618937412,4,8,2,50,25.83,28.8,0.0,0.0,0.0,0.0,0.0,0.0
2473,39114,59.67,50.62989569322371,1.1189732527779046,0,12,2,50,56.22,63.12,0.0,0.0,0.0,0.0,0.0,0.0
2474,85527,74.22,51.467142341620765,1.0580316260273273,6,1,2,50,73.24,75.2,0.0,0.0,0.0,0.0,0.0,0.0
2475,47710,46.7,51.24104060874388,1.1161552714454177,5,5,2,50,48.12,45.29,0.0,0.0,0.0,0.0,0.0,0.0
2476,72526,57.52,47.34265190356688,1.1077768922522504,7,3,2,50,52.37,62.68,0.0,0.0,0.0,0.0,0.0,0.0
2477,47462,71.15,51.00138372827776,1.117999944723742,6,6,2,50,76.37,65.92,0.0,0.0,0.0,0.0,0.0,0.0
2478,147040,57.68,55.56249328272399,1.1485728090998355,8,0,2,50,54.66,60.7,0.0,0.0,0.0,0.0,0.0,0.0
2479,45247,50.6,56.51788788880831,1.0601638839532164,6,11,2,50,49.48,51.72,0.0,0.0,0.0,0.0,0.0,0.0
2480,46855,55.81,51.85574383667428,1.1592826825000475,4,5,2,50,59.27,52.35,0.0,0.0,0.0,0.0,0.0,0.0
2481,45549,39.61,57.26927681968418,1.1101855967454417,4,7,2,50,38.9,40.31,0.0,0.0,0.0,0.0,0.0,0.0
2482,54524,20.46,50.93974877022953,1.0847004480041158,9,7,2,50,22.87,18.05,0.0,0.0,0.0,0.0,0.0,0.0
2483,45549,48.58,53.57939026295645,1.1007408887342258,4,7,2,50,51.81,45.35,0.0,0.0,0.0,0.0,0.0,0.0
2484,46456,46.06,53.23398506112699,1.126090069669207,6,8,2,50,48.94,43.17,0.0,0.0,0.0,0.0,0.0,0.0
2485,47462,77.64,54.61960885642171,1.0469970386006904,6,6,2,50,70.95,84.33,0.0,0.0,0.0,0.0,0.0,0.0
2486,41532,80.11,50.52136426069529,1.0008521744782537,0,6,2,50,84.19,76.03,0.0,0.0,0.0,0.0,0.0,0.0
2487,44340,62.84,55.25878187964903,1.1607696258216105,4,10,2,50,66.65,59.02,0.0,0.0,0.0,0.0,0.0,0.0
2488,44743,33.08,57.23665148032181,1.1306135529316474,4,9,2,50,35.54,30.62,0.0,0.0,0.0,0.0,0.0,0.0
2489,43987,43.0,53.13311036076,1.0587352767939906,1,6,2,50,39.33,46.68,0.0,0.0,0.0,0.0,0.0,0.0
2490,54018,53.23,54.90432587615671,1.0592919901482818,6,4,2,50,54.33,52.13,0.0,0.0,0.0,0.0,0.0,0.0
2491,47208,78.12,48.82479783083225,1.1060983414852887,4,4,2,50,87.84,68.41,0.0,0.0,0.0,0.0,0.0,0.0
2492,45952,43.19,52.27866523138129,1.1153888451674223,4,6,2,50,47.16,39.22,0.0,0.0,0.0,0.0,0.0,0.0
2493,54272,61.93,54.24481597759977,1.019668398169118,8,6,2,50,66.85,57.01,0.0,0.0,0.0,0.0,0.0,0.0
2494,54272,33.89,50.014576769865066,1.042113682588399,8,6,2,50,31.34,36.44,0.0,0.0,0.0,0.0,0.0,0.0
2495,61521,66.0,56.94724784179731,1.1895573056948552,6,3,2,50,59.81,72.19,0.0,0.0,0.0,0.0,0.0,0.0
2496,45545,50.08,53.64324412074413,1.1395852257698045,2,5,2,50,45.59,54.56,0.0,0.0,0.0,0.0,0.0,0.0
2497,45146,39.28,55.35766623424892,1.033734046145642,4,8,2,50,41.96,36.59,0.0,0.0,0.0,0.0,0.0,0.0
2498,42627,43.22,49.22618453349176,1.1167654388029935,2,11,2,50,39.56,46.88,0.0,0.0,0.0,0.0,0.0,0.0
2499,44239,82.46,50.56450144289106,1.0797951927658114,2,7,2,50,79.57,85.36,0.0,0.0,0.0,0.0,0.0,0.0
2500,40726,26.22,50.2806843163342,0.9983408454623408,0,8,2,50,25.16,27.27,0.0,0.0,0.0,0.0,0.0,0.0
2501,44743,47.1,51.60391566723104,1.1083413606721808,4,9,2,50,46.89,47.32,0.0,0.0,0.0,0.0,0.0,0.0
2502,47208,46.58,49.42909563574665,1.0417091154432254,4,4,2,50,41.88,51.28,0.0,0.0,0.0,0.0,0.0,0.0
2503,45698,88.02,58.52844815064774,1.1432187885808784,2,4,2,50,91.45,84.59,0.0,0.0,0.0,0.0,0.0,0.0
2504,44894,53.32,54.11761336327312,1.1168734137882657,3,7,2,50,46.24,60.39,0.0,0.0,0.0,0.0,0.0,0.0
2505,46859,52.61,54.60776627972207,1.180655785974364,6,7,2,50,51.83,53.4,0.0,0.0,0.0,0.0,0.0,0.0
2506,44088,45.11,53.9146832791217,1.0448905776673365,3,9,2,50,44.8,45.43,0.0,0.0,0.0,0.0,0.0,0.0
2507,44239,76.85,51.73176708209678,1.0802073214486003,2,7,2,50,73.02,80.68,0.0,0.0,0.0,0.0,0.0,0.0
2508,46053,54.28,51.58829301084414,1.077507019856634,6,9,2,50,59.81,48.74,0.0,0.0,0.0,0.0,0.0,0.0
2509,45952,45.24,51.77994692324037,1.0700044642467013,4,6,2,50,46.09,44.38,0.0,0.0,0.0,0.0,0.0,0.0
2510,54018,25.28,51.644330407787685,1.1769287814108276,6,4,2,50,22.87,27.68,0.0,0.0,0.0,0.0,0.0,0.0
2511,49519,81.46,51.88862286945942,1.0038402678086964,8,7,2,50,89.91,73.01,0.0,0.0,0.0,0.0,0.0,0.0
2512,47208,36.62,55.73769640683004,1.1707470464197045,4,4,2,50,39.61,33.63,0.0,0.0,0.0,0.0,0.0,0.0
2513,62525,52.47,54.20377021516886,1.198917481153319,8,5,2,50,58.64,46.3,0.0,0.0,0.0,0.0,0.0,0.0
2514,73282,58.28,50.37950735130868,1.046799517561686,10,6,2,50,56.72,59.85,0.0,0.0,0.0,0.0,0.0,0.0
2515,45952,29.05,52.74756260430668,1.0520684114966106,4,6,2,50,29.37,28.73,0.0,0.0,0.0,0.0,0.0,0.0
2516,44995,59.16,52.693664539247024,1.0992138694206024,5,10,2,50,64.17,54.15,0.0,0.0,0.0,0.0,0.0,0.0
2517,44340,73.54,54.40128899624308,1.0692086721166838,4,10,2,50,74.18,72.91,0.0,0.0,0.0,0.0,0.0,0.0
2518,39114,58.6,53.69313156611752,1.116885478413662,0,12,2,50,60.33,56.87,0.0,0.0,0.0,0.0,0.0,0.0
2519,43282,54.99,55.00470890315691,1.0836119910268378,3,11,2,50,56.14,53.84,0.0,0.0,0.0,0.0,0.0,0.0
2520,45801,63.18,53.45498491486174,1.0977834961737014,5,8,2,50,67.39,58.98,0.0,0.0,0.0,0.0,0.0,0.0
2521,43584,56.34,49.44700369149186,0.959588101513848,1,7,2,50,57.02,55.65,0.0,0.0,0.0,0.0,0.0,0.0
2522,46855,48.79,52.53440005467829,1.0836947693492076,4,5,2,50,46.17,51.41,0.0,0.0,0.0,0.0,0.0,0.0
2523,44743,26.42,52.850110284159285,1.062383534152426,4,9,2,50,27.03,25.82,0.0,0.0,0.0,0.0,0.0,0.0
2524,44743,51.77,59.02704488588141,1.0581001555167846,4,9,2,50,51.36,52.18,0.0,0.0,0.0,0.0,0.0,0.0
2525,43937,81.14,53.477823306117465,1.1626657892509071,4,11,2,50,79.01,83.27,0.0,0.0,0.0,0.0,0.0,0.0
2526,62023,61.87,58.64408464852282,1.0639820449288755,7,4,2,50,69.39,54.35,0.0,0.0,0.0,0.0,0.0,0.0
2527,43937,62.84,53.05392316421643,1.0789432485279646,4,11,2,50,70.03,55.64,0.0,0.0,0.0,0.0,0.0,0.0
2528,47462,53.05,52.66667789816238,1.016846492938406,6,6,2,50,49.73,56.37,0.0,0.0,0.0,0.0,0.0,0.0
2529,61521,57.52,47.89210215495807,1.0915429066496345,6,3,2,50,62.71,52.32,0.0,0.0,0.0,0.0,0.0,0.0
2530,47966,72.43,50.872254847211344,1.0285624191955869,8,8,2,50,73.09,71.77,0.0,0.0,0.0,0.0,0.0,0.0
2531,45545,61.74,48.96558824454679,1.1168706610625236,2,5,2,50,67.45,56.02,0.0,0.0,0.0,0.0,0.0,0.0
2532,49515,39.4,57.071522984804254,1.0835437072784957,6,5,2,50,38.51,40.3,0.0,0.0,0.0,0.0,0.0,0.0
2533,49519,62.01,54.984835575740526,1.1029091842302607,8,7,2,50,67.19,56.83,0.0,0.0,0.0,0.0,0.0,0.0
2534,43534,44.0,53.382117601631855,1.1782996913804786,4,12,2,50,40.98,47.03,0.0,0.0,0.0,0.0,0.0,0.0
2535,45297,71.52,59.20499209622305,1.0702784901667304,3,6,2,50,75.03,68.01,0.0,0.0,0.0,0.0,0.0,0.0
2536,45146,52.0,53.04267449912486,0.984946747169664,4,8,2,50,51.26,52.73,0.0,0.0,0.0,0.0,0.0,0.0
2537,47208,62.26,55.78521471286958,1.0199093026164228,4,4,2,50,66.39,58.13,0.0,0.0,0.0,0.0,0.0,0.0
2538,47714,51.17,57.949837659202885,1.1154792363505333,7,7,2,50,49.68,52.66,0.0,0.0,0.0,0.0,0.0,0.0
2539,49515,74.27,55.577451157276734,1.047872072002881,6,5,2,50,67.86,80.68,0.0,0.0,0.0,0.0,0.0,0.0
2540,43584,54.22,48.91770718716837,1.1289399241433316,1,7,2,50,55.13,53.32,0.0,0.0,0.0,0.0,0.0,0.0
2541,45549,40.86,57.43217619293365,1.0553089680056358,4,7,2,50,47.15,34.58,0.0,0.0,0.0,0.0,0.0,0.0
2542,45952,41.82,46.337336430620766,1.109930771487163,4,6,2,50,42.39,41.26,0.0,0.0,0.0,0.0,0.0,0.0
2543,47462,44.67,51.75751742735709,1.0809845066941874,6,6,2,50,49.19,40.15,0.0,0.0,0.0,0.0,0.0,0.0
2544,45545,51.96,54.26682215160797,1.1756144039663012,2,5,2,50,48.2,55.73,0.0,0.0,0.0,0.0,0.0,0.0
2545,44743,41.11,56.15399201096401,1.0906650391740005,4,9,2,50,38.57,43.66,0.0,0.0,0.0,0.0,0.0,0.0
2546,72526,72.72,54.479715935645466,1.0471065170264084,7,3,2,50,71.85,73.6,0.0,0.0,0.0,0.0,0.0,0.0
2547,46960,62.4,49.37971650520901,1.0283434973239622,8,10,2,50,58.62,66.17,0.0,0.0,0.0,0.0,0.0,0.0
2548,48511,72.09,50.14613035180797,1.1313467534222696,4,3,2,50,79.49,64.68,0.0,0.0,0.0,0.0,0.0,0.0
2549,43836,47.47,54.35127249717925,1.0723678026539722,2,8,2,50,49.78,45.16,0.0,0.0,0.0,0.0,0.0,0.0
2550,49267,53.77,53.751142174657375,1.046721325844151,7,6,2,50,50.73,56.81,0.0,0.0,0.0,0.0,0.0,0.0
2551,87539,59.37,50.93687888217491,1.0598051382617792,12,7,2,50,56.54,62.2,0.0,0.0,0.0,0.0,0.0,0.0
2552,41129,20.81,56.3655883374873,1.1004554746558572,0,7,2,50,23.48,18.14,0.0,0.0,0.0,0.0,0.0,0.0
2553,42728,45.06,54.37928362068243,1.113559457245119,4,14,2,50,44.02,46.09,0.0,0.0,0.0,0.0,0.0,0.0
2554,104038,67.3,47.945011219708825,1.132419146136591,10,4,2,50,65.93,68.67,0.0,0.0,0.0,0.0,0.0,0.0
2555,46200,47.96,56.5545110187082,1.1460750691334145,3,5,2,50,45.34,50.58,0.0,0.0,0.0,0.0,0.0,0.0
2556,146044,53.79,55.4492016870179,1.037668657040132,10,2,2,50,52.9,54.68,0.0,0.0,0.0,0.0,0.0,0.0
2557,46708,25.94,53.20159191746001,1.0737043063932563,7,9,2,50,26.45,25.43,0.0,0.0,0.0,0.0,0.0,0.0
2558,72024,74.94,49.44980159531342,1.0414812227304744,6,2,2,50,75.37,74.52,0.0,0.0,0.0,0.0,0.0,0.0
2559,45146,65.22,54.33654400239609,1.1117292097897118,4,8,2,50,64.73,65.72,0.0,0.0,0.0,0.0,0.0,0.0
2560,46859,60.33,50.8477883648675,1.1108632601151136,6,7,2,50,57.1,63.56,0.0,0.0,0.0,0.0,0.0,0.0
2561,46053,35.12,48.70861123685922,1.0437826819824934,6,9,2,50,37.93,32.31,0.0,0.0,0.0,0.0,0.0,0.0
2562,47710,53.57,59.16534437295594,1.04547060260374,5,5,2,50,60.91,46.23,0.0,0.0,0.0,0.0,0.0,0.0
2563,46855,90.43,51.668624861496056,1.100996204487002,4,5,2,50,82.13,98.73,0.0,0.0,0.0,0.0,0.0,0.0
2564,43030,92.79,51.91960279590194,1.080893946140817,2,10,2,50,88.26,97.32,0.0,0.0,0.0,0.0,0.0,0.0
2565,43030,60.96,60.82083291296388,1.0575182164996466,2,10,2,50,67.88,54.04,0.0,0.0,0.0,0.0,0.0,0.0
2566,46855,65.97,51.47685749445812,1.0515399372962366,4,5,2,50,67.3,64.65,0.0,0.0,0.0,0.0,0.0,0.0
2567,44642,39.91,46.910601256330864,1.2012533433479595,2,6,2,50,40.13,39.69,0.0,0.0,0.0,0.0,0.0,0.0
2568,61521,32.76,54.89961385759496,1.080967155314797,6,3,2,50,29.52,36.0,0.0,0.0,0.0,0.0,0.0,0.0
2569,46456,96.67,52.85786473607831,1.0647263139590766,6,8,2,50,97.16,96.18,0.0,0.0,0.0,0.0,0.0,0.0
2570,54520,64.6,52.45517405815847,1.1717891196639392,7,5,2,50,70.97,58.23,0.0,0.0,0.0,0.0,0.0,0.0
2571,47462,92.4,53.99012502968973,0.980843937784338,6,6,2,50,93.03,91.76,0.0,0.0,0.0,0.0,0.0,0.0
2572,39517,45.64,56.76330982000384,1.1663505125051343,0,11,2,50,41.82,49.45,0.0,0.0,0.0,0.0,0.0,0.0
2573,45801,32.17,55.25079458256184,1.12087258749274,5,8,2,50,33.43,30.91,0.0,0.0,0.0,0.0,0.0,0.0
2574,54520,77.28,56.61716160965662,1.126016841693275,7,5,2,50,79.44,75.12,0.0,0.0,0.0,0.0,0.0,0.0
2575,49515,25.02,56.36329115053461,1.045332471451485,6,5,2,50,24.67,25.38,0.0,0.0,0.0,0.0,0.0,0.0
2576,45545,58.73,56.6063146794012,1.0283220104952338,2,5,2,50,61.54,55.92,0.0,0.0,0.0,0.0,0.0,0.0
2577,43836,42.36,58.94197970707363,1.113163171563751,2,8,2,50,38.14,46.59,0.0,0.0,0.0,0.0,0.0,0.0
2578,45398,41.02,53.323578434101975,1.088317100934217,5,9,2,50,39.9,42.15,0.0,0.0,0.0,0.0,0.0,0.0
2579,46607,61.06,48.89199994368565,1.0814733685603424,5,6,2,50,66.47,55.65,0.0,0.0,0.0,0.0,0.0,0.0
2580,45398,61.3,56.04930427071415,1.0939119822338463,5,9,2,50,54.9,67.71,0.0,0.0,0.0,0.0,0.0,0.0
2581,44340,71.91,49.82872815926094,1.030701184903409,4,10,2,50,68.75,75.08,0.0,0.0,0.0,0.0,0.0,0.0
2582,45952,27.16,53.262018890490914,1.0196309893102162,4,6,2,50,26.18,28.13,0.0,0.0,0.0,0.0,0.0,0.0
2583,44642,60.28,55.34076939775815,1.074154421007948,2,6,2,50,58.05,62.5,0.0,0.0,0.0,0.0,0.0,0.0
2584,46204,68.31,58.4332467631314,1.026507739443342,5,7,2,50,71.24,65.38,0.0,0.0,0.0,0.0,0.0,0.0
2585,87025,42.0,53.24430596362355,1.139709762062996,5,0,2,50,39.27,44.74,0.0,0.0,0.0,0.0,0.0,0.0
2586,44239,65.14,59.85451124291709,1.0962907557319028,2,7,2,50,70.52,59.76,0.0,0.0,0.0,0.0,0.0,0.0
2587,45801,71.84,55.17429250180945,1.048660944301309,5,8,2,50,73.86,69.81,0.0,0.0,0.0,0.0,0.0,0.0
2588,54018,72.24,51.86380192103411,1.072332363055169,6,4,2,50,74.58,69.89,0.0,0.0,0.0,0.0,0.0,0.0
2589,46456,91.88,46.07995280495589,1.1075450359170298,6,8,2,50,94.1,89.65,0.0,0.0,0.0,0.0,0.0,0.0
2590,45952,30.94,56.146376685203,1.038137303888716,4,6,2,50,28.72,33.16,0.0,0.0,0.0,0.0,0.0,0.0
2591,45549,58.96,58.98349796651295,1.0673262831622377,4,7,2,50,61.28,56.64,0.0,0.0,0.0,0.0,0.0,0.0
2592,45398,34.03,51.66112321363519,1.0621311215518183,5,9,2,50,32.6,35.47,0.0,0.0,0.0,0.0,0.0,0.0
2593,46607,43.39,53.06622590662048,1.1127010214659747,5,6,2,50,43.38,43.4,0.0,0.0,0.0,0.0,0.0,0.0
2594,73028,61.88,53.72210925492352,1.0016841417063107,8,4,2,50,67.65,56.11,0.0,0.0,0.0,0.0,0.0,0.0
2595,45146,45.4,47.694544912795,1.0598017583689188,4,8,2,50,43.59,47.2,0.0,0.0,0.0,0.0,0.0,0.0
2596,47462,46.55,48.76244844704354,1.0838304447781777,6,6,2,50,43.86,49.24,0.0,0.0,0.0,0.0,0.0,0.0
2597,40726,56.65,51.488950972477845,0.9659683825364632,0,8,2,50,58.77,54.53,0.0,0.0,0.0,0.0,0.0,0.0
2598,49267,79.45,54.07871045763958,1.0652842858124962,7,6,2,50,86.11,72.79,0.0,0.0,0.0,0.0,0.0,0.0
2599,73028,22.65,52.6994875600768,1.0380022019479835,8,4,2,50,22.37,22.92,0.0,0.0,0.0,0.0,0.0,0.0
2600,47462,23.48,52.88203919504827,1.096446710100654,6,6,2,50,24.45,22.52,0.0,0.0,0.0,0.0,0.0,0.0
2601,47208,76.28,53.48922025608197,1.06507114729629,4,4,2,50,77.62,74.93,0.0,0.0,0.0,0.0,0.0,0.0
2602,44743,53.19,54.11489497948508,1.1119639517341138,4,9,2,50,51.84,54.54,0.0,0.0,0.0,0.0,0.0,0.0
2603,46855,61.62,51.12857794703864,1.0905880321916068,4,5,2,50,70.28,52.96,0.0,0.0,0.0,0.0,0.0,0.0
2604,44894,57.7,54.82191964576771,1.1802140925147548,3,7,2,50,58.61,56.79,0.0,0.0,0.0,0.0,0.0,0.0
2605,45801,60.04,59.83516485809747,1.0900933753175075,5,8,2,50,58.18,61.9,0.0,0.0,0.0,0.0,0.0,0.0
2606,104030,76.7,49.94629091843038,1.0283663352833912,6,0,2,50,82.69,70.71,0.0,0.0,0.0,0.0,0.0,0.0
2607,46855,58.4,54.129373566723565,1.030085222225087,4,5,2,50,50.89,65.92,0.0,0.0,0.0,0.0,0.0,0.0
2608,44491,23.98,52.06597306607876,1.1405659128793448,3,8,2,50,23.3,24.67,0.0,0.0,0.0,0.0,0.0,0.0
2609,54018,87.1,55.16357039254739,1.071110786660901,6,4,2,50,85.65,88.54,0.0,0.0,0.0,0.0,0.0,0.0
2610,42627,73.94,53.12807917342694,1.0638537518478963,2,11,2,50,69.87,78.01,0.0,0.0,0.0,0.0,0.0,0.0
2611,42224,83.63,51.57677342570832,1.060354426052996,2,12,2,50,84.34,82.92,0.0,0.0,0.0,0.0,0.0,0.0
2612,47714,66.6,49.55156389264948,1.0678859935855505,7,7,2,50,72.68,60.52,0.0,0.0,0.0,0.0,0.0,0.0
2613,44491,21.35,50.9168019671943,1.0576975920748433,3,8,2,50,22.89,19.81,0.0,0.0,0.0,0.0,0.0,0.0
2614,45146,61.83,55.37531581784168,1.0793708222959335,4,8,2,50,66.68,56.98,0.0,0.0,0.0,0.0,0.0,0.0
2615,54018,53.48,56.33154513179939,1.0699329554394428,6,4,2,50,47.33,59.63,0.0,0.0,0.0,0.0,0.0,0.0
2616,41129,51.92,57.120322504354256,1.086789175758071,0,7,2,50,48.74,55.09,0.0,0.0,0.0,0.0,0.0,0.0
2617,44340,53.39,54.49592235406454,1.0857157983156027,4,10,2,50,55.72,51.06,0.0,0.0,0.0,0.0,0.0,0.0
2618,45549,59.92,53.05359756295543,1.0348373987553807,4,7,2,50,56.21,63.62,0.0,0.0,0.0,0.0,0.0,0.0
2619,39114,39.14,52.533887138602125,1.0516313787773317,0,12,2,50,43.11,35.17,0.0,0.0,0.0,0.0,0.0,0.0
2620,43836,73.18,54.00901829277731,1.1177743748698803,2,8,2,50,72.6,73.76,0.0,0.0,0.0,0.0,0.0,0.0
2621,54018,49.86,54.59754201120846,1.097985718329239,6,4,2,50,52.23,47.48,0.0,0.0,0.0,0.0,0.0,0.0
2622,47111,74.12,54.47808063488035,1.053906938716267,7,8,2,50,68.56,79.68,0.0,0.0,0.0,0.0,0.0,0.0
2623,45549,46.72,51.17564849455178,1.075667007481757,4,7,2,50,48.19,45.25,0.0,0.0,0.0,0.0,0.0,0.0
2624,44340,26.25,53.54870126549803,1.1705753292078267,4,10,2,50,28.55,23.95,0.0,0.0,0.0,0.0,0.0,0.0
2625,61521,27.05,49.69064876321809,1.154404781591966,6,3,2,50,28.21,25.89,0.0,0.0,0.0,0.0,0.0,0.0
2626,40323,43.58,56.76747102749114,1.048186596156044,0,9,2,50,43.63,43.52,0.0,0.0,0.0,0.0,0.0,0.0
2627,47710,83.48,51.612161165113456,1.081576954460287,5,5,2,50,88.08,78.88,0.0,0.0,0.0,0.0,0.0,0.0
2628,43937,92.37,48.624313521582415,1.020482299138698,4,11,2,50,92.62,92.12,0.0,0.0,0.0,0.0,0.0,0.0
2629,62529,85.94,46.33396916658252,1.1485628869801965,10,7,2,50,94.79,77.08,0.0,0.0,0.0,0.0,0.0,0.0
2630,54018,24.07,52.84059626984072,1.14679896913094,6,4,2,50,22.47,25.67,0.0,0.0,0.0,0.0,0.0,0.0
2631,46557,24.28,53.95694881911806,1.1202227449659348,8,11,2,50,20.85,27.7,0.0,0.0,0.0,0.0,0.0,0.0
2632,47966,92.26,51.73186264726468,1.0156672551270596,8,8,2,50,92.72,91.81,0.0,0.0,0.0,0.0,0.0,0.0
2633,47363,87.41,55.4659096605071,1.0443624530919875,8,9,2,50,98.2,76.62,0.0,0.0,0.0,0.0,0.0,0.0
2634,103034,68.89,45.24334600131345,1.0264669388882768,8,2,2,50,63.13,74.65,0.0,0.0,0.0,0.0,0.0,0.0
2635,73028,25.95,49.23869363769431,1.1825459348243497,8,4,2,50,25.36,26.54,0.0,0.0,0.0,0.0,0.0,0.0
2636,62525,62.73,53.7967434645178,0.977989839676554,8,5,2,50,59.19,66.27,0.0,0.0,0.0,0.0,0.0,0.0
2637,45247,52.31,54.56095147853288,1.0802265987897917,6,11,2,50,49.57,55.05,0.0,0.0,0.0,0.0,0.0,0.0
2638,49519,48.35,55.21053778722625,1.1673263383472914,8,7,2,50,49.01,47.69,0.0,0.0,0.0,0.0,0.0,0.0
2639,46607,21.78,52.42398652900784,1.037772238017936,5,6,2,50,18.92,24.63,0.0,0.0,0.0,0.0,0.0,0.0
2640,86531,81.53,52.26220852113634,1.1331108307094604,8,3,2,50,83.87,79.18,0.0,0.0,0.0,0.0,0.0,0.0
2641,147040,55.5,54.73300481223187,1.0640813032522043,8,0,2,50,57.32,53.69,0.0,0.0,0.0,0.0,0.0,0.0
2642,47462,67.76,52.723017773565054,1.0020054561155565,6,6,2,50,62.95,72.57,0.0,0.0,0.0,0.0,0.0,0.0
2643,45146,55.03,49.011974818116286,1.0295479187721803,4,8,2,50,59.68,50.38,0.0,0.0,0.0,0.0,0.0,0.0
2644,46855,45.6,52.01602617562419,1.0848549567283194,4,5,2,50,43.21,47.98,0.0,0.0,0.0,0.0,0.0,0.0
2645,47208,68.82,56.79677169455505,1.097201786346846,4,4,2,50,70.82,66.81,0.0,0.0,0.0,0.0,0.0,0.0
2646,45952,43.33,56.339289207516,1.0729180237309623,4,6,2,50,42.43,44.23,0.0,0.0,0.0,0.0,0.0,0.0
2647,43433,47.92,53.47299847368304,1.0847076656450825,2,9,2,50,47.57,48.26,0.0,0.0,0.0,0.0,0.0,0.0
2648,46456,44.1,52.617506202638175,1.0581511875087928,6,8,2,50,46.09,42.12,0.0,0.0,0.0,0.0,0.0,0.0
2649,53014,70.38,48.90561069720827,1.058527470821774,4,2,2,50,73.56,67.19,0.0,0.0,0.0,0.0,0.0,0.0
2650,44995,94.93,49.097793790461765,1.020628294385321,5,10,2,50,93.44,96.42,0.0,0.0,0.0,0.0,0.0,0.0
2651,43433,44.95,51.767691277967,1.045222468036338,2,9,2,50,41.49,48.41,0.0,0.0,0.0,0.0,0.0,0.0
2652,45549,64.46,50.70336061616796,1.023036993396404,4,7,2,50,74.88,54.03,0.0,0.0,0.0,0.0,0.0,0.0
2653,49267,26.48,57.86654229031927,1.1974123987482552,7,6,2,50,27.77,25.19,0.0,0.0,0.0,0.0,0.0,0.0
2654,53014,30.12,56.55454729384422,1.0398223988340545,4,2,2,50,23.91,36.33,0.0,0.0,0.0,0.0,0.0,0.0
2655,49267,25.27,47.86498237729178,1.0679049918884356,7,6,2,50,22.39,28.15,0.0,0.0,0.0,0.0,0.0,0.0
2656,45146,54.23,53.61002868604217,1.0528507599415338,4,8,2,50,47.9,60.56,0.0,0.0,0.0,0.0,0.0,0.0
2657,86029,38.17,52.21295121316224,1.1385046269963408,7,2,2,50,38.31,38.02,0.0,0.0,0.0,0.0,0.0,0.0
2658,47462,88.32,52.94140926885721,1.082784509361704,6,6,2,50,81.5,95.15,0.0,0.0,0.0,0.0,0.0,0.0
2659,45952,76.9,52.58010904935808,0.9708354626169,4,6,2,50,78.72,75.09,0.0,0.0,0.0,0.0,0.0,0.0
2660,61521,39.89,52.47544810605521,1.050972711860281,6,3,2,50,41.86,37.92,0.0,0.0,0.0,0.0,0.0,0.0
2661,46859,64.82,52.27842464118499,0.978812774545619,6,7,2,50,66.66,62.97,0.0,0.0,0.0,0.0,0.0,0.0
2662,46456,59.46,50.39925955680682,1.064564743675288,6,8,2,50,59.29,59.64,0.0,0.0,0.0,0.0,0.0,0.0
2663,48511,92.79,53.86508386677294,1.0244342291325734,4,3,2,50,90.06,95.52,0.0,0.0,0.0,0.0,0.0,0.0
2664,43836,40.58,52.84313314967152,1.0946320020134843,2,8,2,50,42.99,38.17,0.0,0.0,0.0,0.0,0.0,0.0
2665,46855,45.11,50.53950623883356,1.0309224107569128,4,5,2,50,44.28,45.94,0.0,0.0,0.0,0.0,0.0,0.0
2666,46859,52.32,54.61093972967671,1.072168570066422,6,7,2,50,47.36,57.29,0.0,0.0,0.0,0.0,0.0,0.0
2667,46053,56.35,51.769417824653246,1.1346650933280846,6,9,2,50,59.66,53.04,0.0,0.0,0.0,0.0,0.0,0.0
2668,46557,52.34,49.58249543328843,1.1137959795653314,8,11,2,50,56.06,48.63,0.0,0.0,0.0,0.0,0.0,0.0
2669,54272,75.82,54.44559641681774,1.024871871659913,8,6,2,50,67.62,84.03,0.0,0.0,0.0,0.0,0.0,0.0
2670,44743,61.26,50.22599345472382,1.1132028847688524,4,9,2,50,61.49,61.02,0.0,0.0,0.0,0.0,0.0,0.0
2671,46708,49.9,54.39239631715124,1.0632629779816,7,9,2,50,43.19,56.6,0.0,0.0,0.0,0.0,0.0,0.0
2672,46855,67.54,53.206306565338295,1.047502229025363,4,5,2,50,63.05,72.04,0.0,0.0,0.0,0.0,0.0,0.0
2673,46456,33.61,52.5352124151008,1.0917381332891758,6,8,2,50,36.49,30.72,0.0,0.0,0.0,0.0,0.0,0.0
2674,46607,86.66,51.09129400802015,1.0535233193852118,5,6,2,50,73.31,100.0,0.0,0.0,0.0,0.0,0.0,0.0
2675,47714,63.67,50.07303727627699,1.098885084031051,7,7,2,50,63.73,63.61,0.0,0.0,0.0,0.0,0.0,0.0
2676,45549,82.76,57.14466755392909,1.074307382492389,4,7,2,50,80.92,84.59,0.0,0.0,0.0,0.0,0.0,0.0
2677,45698,48.5,49.47003476137177,1.1086399548779091,2,4,2,50,45.72,51.28,0.0,0.0,0.0,0.0,0.0,0.0
2678,73028,56.32,58.43126982079647,1.006656339284094,8,4,2,50,55.19,57.46,0.0,0.0,0.0,0.0,0.0,0.0
2679,45952,83.76,55.7103680276965,1.0690609178913326,4,6,2,50,83.33,84.2,0.0,0.0,0.0,0.0,0.0,0.0
2680,46456,50.35,53.61477632454568,1.13887989314007,6,8,2,50,49.27,51.43,0.0,0.0,0.0,0.0,0.0,0.0
2681,54018,46.08,53.63088842548549,0.9507975536472212,6,4,2,50,45.64,46.52,0.0,0.0,0.0,0.0,0.0,0.0
2682,44592,23.06,53.60670112471941,1.0528594542731815,5,11,2,50,22.03,24.09,0.0,0.0,0.0,0.0,0.0,0.0
2683,45549,36.2,52.19252106323489,1.0356984017691837,4,7,2,50,34.7,37.69,0.0,0.0,0.0,0.0,0.0,0.0
2684,45549,24.12,56.164020850020925,1.0207546216962096,4,7,2,50,25.14,23.09,0.0,0.0,0.0,0.0,0.0,0.0
2685,47462,63.14,54.66792640803,1.0362003287247958,6,6,2,50,54.9,71.38,0.0,0.0,0.0,0.0,0.0,0.0
2686,62023,60.43,55.116510763665495,1.1428372541898972,7,4,2,50,58.13,62.73,0.0,0.0,0.0,0.0,0.0,0.0
2687,46859,69.73,48.59558162351772,1.0554348685416617,6,7,2,50,67.05,72.41,0.0,0.0,0.0,0.0,0.0,0.0
2688,46960,47.61,51.71851618253177,1.018001931910086,8,10,2,50,50.18,45.05,0.0,0.0,0.0,0.0,0.0,0.0
2689,48511,35.1,52.99908231370074,0.9601294133752706,4,3,2,50,40.95,29.25,0.0,0.0,0.0,0.0,0.0,0.0
2690,46053,78.14,50.58537263492239,1.0758287872486705,6,9,2,50,82.44,73.84,0.0,0.0,0.0,0.0,0.0,0.0
2691,122537,80.44,58.17745721843129,1.0502446451467322,8,1,2,50,68.46,92.43,0.0,0.0,0.0,0.0,0.0,0.0
2692,72024,28.04,52.92525696377497,1.017076179474804,6,2,2,50,26.73,29.35,0.0,0.0,0.0,0.0,0.0,0.0
2693,48511,57.3,54.544828311801,1.080754928882978,4,3,2,50,55.55,59.04,0.0,0.0,0.0,0.0,0.0,0.0
2694,47714,56.42,52.582963023328446,1.0663687957499328,7,7,2,50,56.41,56.44,0.0,0.0,0.0,0.0,0.0,0.0
2695,45952,46.12,50.111649333958766,1.028543979940831,4,6,2,50,49.13,43.11,0.0,0.0,0.0,0.0,0.0,0.0
2696,62525,42.28,50.83358476645653,1.002180851651972,8,5,2,50,41.3,43.26,0.0,0.0,0.0,0.0,0.0,0.0
2697,73028,78.68,57.11619977566175,1.0377845505921868,8,4,2,50,78.39,78.96,0.0,0.0,0.0,0.0,0.0,0.0
2698,43433,51.44,48.79404736338837,1.02802982196546,2,9,2,50,49.8,53.07,0.0,0.0,0.0,0.0,0.0,0.0
2699,124035,28.12,52.86276338152526,1.0868523736642006,7,0,2,50,28.81,27.44,0.0,0.0,0.0,0.0,0.0,0.0
2700,87033,25.17,53.16931699899089,1.1082794173863448,9,4,2,50,23.43,26.91,0.0,0.0,0.0,0.0,0.0,0.0
2701,47714,47.86,54.64414294844428,1.0324329702188586,7,7,2,50,49.82,45.89,0.0,0.0,0.0,0.0,0.0,0.0
2702,46353,54.92,55.21947207763701,1.0888002384311914,3,4,2,50,59.17,50.66,0.0,0.0,0.0,0.0,0.0,0.0
2703,45952,50.7,51.6058072170787,0.99290312032642,4,6,2,50,50.84,50.56,0.0,0.0,0.0,0.0,0.0,0.0
2704,45952,41.12,51.55570725228332,1.024745491526854,4,6,2,50,37.07,45.17,0.0,0.0,0.0,0.0,0.0,0.0
2705,87033,71.94,56.15858077290105,1.1138780990799713,9,4,2,50,72.04,71.84,0.0,0.0,0.0,0.0,0.0,0.0
2706,45952,46.42,57.19564429787139,1.0543571883237617,4,6,2,50,47.12,45.73,0.0,0.0,0.0,0.0,0.0,0.0
2707,62529,60.86,49.283003082610655,1.0518911419839791,10,7,2,50,63.03,58.68,0.0,0.0,0.0,0.0,0.0,0.0
2708,146546,59.52,51.29846198040268,1.017689489432372,11,3,2,50,62.06,56.97,0.0,0.0,0.0,0.0,0.0,0.0
2709,46204,34.74,52.11210683468801,0.9930647411654748,5,7,2,50,32.98,36.49,0.0,0.0,0.0,0.0,0.0,0.0
2710,49519,44.31,50.84459421434396,0.9981262543114278,8,7,2,50,44.94,43.68,0.0,0.0,0.0,0.0,0.0,0.0
2711,44894,37.25,54.950076372958605,1.0079060020534762,3,7,2,50,40.78,33.72,0.0,0.0,0.0,0.0,0.0,0.0
2712,43433,53.34,50.62370051090226,1.1640106552714555,2,9,2,50,49.55,57.13,0.0,0.0,0.0,0.0,0.0,0.0
2713,46053,49.79,52.67277160100476,1.0963365521232658,6,9,2,50,51.14,48.44,0.0,0.0,0.0,0.0,0.0,0.0
2714,49267,79.14,56.01555602622109,1.0759198885273489,7,6,2,50,81.24,77.04,0.0,0.0,0.0,0.0,0.0,0.0
2715,54272,57.1,54.28741692932506,1.0876519139769132,8,6,2,50,54.53,59.67,0.0,0.0,0.0,0.0,0.0,0.0
2716,45549,36.92,50.60524736910779,0.9543289921181654,4,7,2,50,39.0,34.85,0.0,0.0,0.0,0.0,0.0,0.0
2717,44743,93.38,53.82785759873624,1.099458048538995,4,9,2,50,88.34,98.43,0.0,0.0,0.0,0.0,0.0,0.0
2718,43181,81.96,55.87154278086757,1.0597952183754136,1,8,2,50,80.67,83.26,0.0,0.0,0.0,0.0,0.0,0.0
2719,104540,32.11,51.35340893542629,1.036927998907344,11,5,2,50,37.82,26.39,0.0,0.0,0.0,0.0,0.0,0.0
2720,47710,63.18,57.00982631517422,1.121232128223045,5,5,2,50,57.16,69.21,0.0,0.0,0.0,0.0,0.0,0.0
2721,53516,95.57,53.9729975080357,0.9920439841731024,5,3,2,50,100.0,91.14,0.0,0.0,0.0,0.0,0.0,0.0
2722,47462,53.32,55.89468006818235,1.0185249974699713,6,6,2,50,55.68,50.96,0.0,0.0,0.0,0.0,0.0,0.0
2723,47208,79.32,51.70087933043609,1.0483122819315,4,4,2,50,71.44,87.19,0.0,0.0,0.0,0.0,0.0,0.0
2724,45549,52.44,58.01744686003743,1.112488800173781,4,7,2,50,59.78,45.11,0.0,0.0,0.0,0.0,0.0,0.0
2725,44743,46.5,53.65739070091279,1.0995051880067646,4,9,2,50,45.94,47.05,0.0,0.0,0.0,0.0,0.0,0.0
2726,62023,64.26,56.76865843357504,1.0774926709200263,7,4,2,50,58.15,70.37,0.0,0.0,0.0,0.0,0.0,0.0
2727,54018,68.2,54.45279494919623,1.0027962957988543,6,4,2,50,67.85,68.56,0.0,0.0,0.0,0.0,0.0,0.0
2728,47363,58.02,55.563488975433536,1.0463622198598703,8,9,2,50,52.37,63.67,0.0,0.0,0.0,0.0,0.0,0.0
2729,46456,52.86,55.87206653021004,0.9955671031156184,6,8,2,50,52.54,53.19,0.0,0.0,0.0,0.0,0.0,0.0
2730,150000,32.71,56.45887490079201,1.0378708590783217,10,0,2,50,27.88,37.55,0.0,0.0,0.0,0.0,0.0,0.0
2731,45549,55.34,49.86172446414519,1.1561483661154868,4,7,2,50,55.09,55.6,0.0,0.0,0.0,0.0,0.0,0.0
2732,86531,36.87,48.08288603355991,1.0245777337806914,8,3,2,50,39.19,34.55,0.0,0.0,0.0,0.0,0.0,0.0
2733,49267,90.4,52.716834019852776,1.030303952866364,7,6,2,50,92.94,87.85,0.0,0.0,0.0,0.0,0.0,0.0
2734,45801,56.27,55.41478666551187,1.030528990098342,5,8,2,50,54.04,58.5,0.0,0.0,0.0,0.0,0.0,0.0
2735,72526,55.5,55.4334467813712,1.037017611156143,7,3,2,50,48.22,62.77,0.0,0.0,0.0,0.0,0.0,0.0
2736,45297,66.7,51.218306777860015,1.024482863653073,3,6,2,50,75.32,58.09,0.0,0.0,0.0,0.0,0.0,0.0
2737,62529,23.08,55.42706959030365,1.1313921476621218,10,7,2,50,22.54,23.61,0.0,0.0,0.0,0.0,0.0,0.0
2738,47710,85.39,56.74725078370102,1.0307071447458742,5,5,2,50,86.85,83.93,0.0,0.0,0.0,0.0,0.0,0.0
2739,45549,72.01,49.54398281470726,1.1193611832042276,4,7,2,50,74.62,69.4,0.0,0.0,0.0,0.0,0.0,0.0
2740,46204,50.12,60.4737788316622,1.0381428438622031,5,7,2,50,51.77,48.47,0.0,0.0,0.0,0.0,0.0,0.0
2741,46708,71.86,55.5859859621347,1.0344613753230254,7,9,2,50,73.59,70.12,0.0,0.0,0.0,0.0,0.0,0.0
2742,45952,59.5,55.899635894036514,1.0879373193821158,4,6,2,50,62.57,56.43,0.0,0.0,0.0,0.0,0.0,0.0
2743,73282,79.46,49.27656985292136,1.0614686139932157,10,6,2,50,80.06,78.86,0.0,0.0,0.0,0.0,0.0,0.0
2744,53014,26.51,50.30173115294644,1.122029647256672,4,2,2,50,26.55,26.46,0.0,0.0,0.0,0.0,0.0,0.0
2745,45952,50.64,48.62934716837192,0.9644911357429,4,6,2,50,52.57,48.71,0.0,0.0,0.0,0.0,0.0,0.0
2746,150000,71.19,49.24708013799969,0.963453424899356,11,0,2,50,61.74,80.64,0.0,0.0,0.0,0.0,0.0,0.0
2747,44642,48.39,52.324810930352015,1.0313441346777594,2,6,2,50,46.63,50.15,0.0,0.0,0.0,0.0,0.0,0.0
2748,49013,68.48,54.09954207732513,1.0811255299260318,5,4,2,50,73.99,62.97,0.0,0.0,0.0,0.0,0.0,0.0
2749,72526,62.3,56.12414151456274,1.0724806542813157,7,3,2,50,61.34,63.25,0.0,0.0,0.0,0.0,0.0,0.0
2750,54018,60.24,54.63280043772603,1.0276748229440476,6,4,2,50,63.6,56.87,0.0,0.0,0.0,0.0,0.0,0.0
2751,54272,85.52,57.16775990081664,1.079707818616403,8,6,2,50,82.08,88.97,0.0,0.0,0.0,0.0,0.0,0.0
2752,45650,75.24,58.128219444902,1.0813826961583712,6,10,2,50,74.03,76.46,0.0,0.0,0.0,0.0,0.0,0.0
2753,45146,51.37,55.652022910007176,0.9806739050579744,4,8,2,50,46.4,56.34,0.0,0.0,0.0,0.0,0.0,0.0
2754,46053,50.23,56.01297304989761,1.0668359056106251,6,9,2,50,56.61,43.85,0.0,0.0,0.0,0.0,0.0,0.0
2755,49013,46.82,57.09630592506554,1.0076672760389327,5,4,2,50,45.29,48.36,0.0,0.0,0.0,0.0,0.0,0.0
2756,73028,49.62,53.70530436080223,1.0016105292166284,8,4,2,50,53.23,46.01,0.0,0.0,0.0,0.0,0.0,0.0
2757,73020,51.0,52.59911931529325,1.0280968053366046,4,0,2,50,51.28,50.71,0.0,0.0,0.0,0.0,0.0,0.0
2758,47462,67.81,47.85021452189064,1.1088484936335623,6,6,2,50,71.37,64.25,0.0,0.0,0.0,0.0,0.0,0.0
2759,47710,96.0,50.47233714456622,1.035073142606609,5,5,2,50,99.14,92.85,0.0,0.0,0.0,0.0,0.0,0.0
2760,47208,80.06,50.077838247482354,1.0041427476955225,4,4,2,50,79.44,80.67,0.0,0.0,0.0,0.0,0.0,0.0
2761,46456,72.3,54.37707281486197,1.0781281862853156,6,8,2,50,72.22,72.37,0.0,0.0,0.0,0.0,0.0,0.0
2762,49013,44.56,53.211103122344056,1.0804864399907206,5,4,2,50,44.9,44.21,0.0,0.0,0.0,0.0,0.0,0.0
2763,45952,39.2,52.92657170676114,1.0308314698499614,4,6,2,50,40.11,38.28,0.0,0.0,0.0,0.0,0.0,0.0
2764,49519,74.72,53.0305912191427,1.0483395970429668,8,7,2,50,75.38,74.06,0.0,0.0,0.0,0.0,0.0,0.0
2765,54018,75.12,53.28047077569221,0.9805562844666764,6,4,2,50,71.74,78.5,0.0,0.0,0.0,0.0,0.0,0.0
2766,49519,56.64,54.58840508033459,1.112271054050976,8,7,2,50,61.83,51.46,0.0,0.0,0.0,0.0,0.0,0.0
2767,44088,84.3,52.91796659943872,1.057711095429072,3,9,2,50,74.81,93.78,0.0,0.0,0.0,0.0,0.0,0.0
2768,42224,79.78,55.749945497407566,1.067403468443336,2,12,2,50,75.8,83.75,0.0,0.0,0.0,0.0,0.0,0.0
2769,104038,46.56,58.9233186707814,1.0476433782260424,10,4,2,50,46.11,47.0,0.0,0.0,0.0,0.0,0.0,0.0
2770,45545,59.99,51.36768450192506,1.074213382662193,2,5,2,50,59.03,60.95,0.0,0.0,0.0,0.0,0.0,0.0
2771,45549,39.64,53.3425457715333,1.0062898866281986,4,7,2,50,39.02,40.26,0.0,0.0,0.0,0.0,0.0,0.0
2772,45549,51.73,49.56909292738433,0.9844317490457072,4,7,2,50,55.32,48.14,0.0,0.0,0.0,0.0,0.0,0.0
2773,87535,84.28,47.8196986281997,0.9811997516230576,10,5,2,50,83.47,85.08,0.0,0.0,0.0,0.0,0.0,0.0
2774,47966,35.92,59.00005160683445,1.0252338696775147,8,8,2,50,39.23,32.61,0.0,0.0,0.0,0.0,0.0,0.0
2775,54018,32.4,54.62457115685111,1.0917472167682765,6,4,2,50,31.98,32.82,0.0,0.0,0.0,0.0,0.0,0.0
2776,87535,54.3,51.1289789038196,1.0114826541324689,10,5,2,50,56.69,51.91,0.0,0.0,0.0,0.0,0.0,0.0
2777,46305,76.22,56.21162851284538,1.0823106649108594,7,10,2,50,67.98,84.46,0.0,0.0,0.0,0.0,0.0,0.0
2778,46859,43.79,58.813755918578906,0.9342006036801558,6,7,2,50,50.22,37.36,0.0,0.0,0.0,0.0,0.0,0.0
2779,62525,58.89,51.27610136225015,1.0576199749022486,8,5,2,50,55.3,62.48,0.0,0.0,0.0,0.0,0.0,0.0
2780,49267,70.84,53.690083441289104,1.028923536004006,7,6,2,50,73.37,68.32,0.0,0.0,0.0,0.0,0.0,0.0
2781,49519,37.14,56.30672186135694,1.0205885490416329,8,7,2,50,35.08,39.21,0.0,0.0,0.0,0.0,0.0,0.0
2782,49515,71.53,53.77425019735992,1.0043896441558098,6,5,2,50,63.72,79.33,0.0,0.0,0.0,0.0,0.0,0.0
2783,45549,29.69,59.47269654237711,1.0831769014605888,4,7,2,50,30.67,28.71,0.0,0.0,0.0,0.0,0.0,0.0
2784,123541,68.54,56.32115095629562,1.0395869504815578,10,3,2,50,66.13,70.94,0.0,0.0,0.0,0.0,0.0,0.0
2785,123541,36.18,52.54290934087827,1.0604515567075965,10,3,2,50,34.62,37.74,0.0,0.0,0.0,0.0,0.0,0.0
2786,47208,44.22,49.066554427517794,1.1340815043956576,4,4,2,50,42.38,46.07,0.0,0.0,0.0,0.0,0.0,0.0
2787,104030,43.88,54.610591285106175,1.1306835607229728,6,0,2,50,45.55,42.21,0.0,0.0,0.0,0.0,0.0,0.0
2788,43937,50.95,58.82607166055551,1.0874240445337482,4,11,2,50,47.44,54.46,0.0,0.0,0.0,0.0,0.0,0.0
2789,54272,63.24,50.5390166713262,1.0866488078378953,8,6,2,50,68.05,58.42,0.0,0.0,0.0,0.0,0.0,0.0
2790,45801,34.34,51.8583900593548,1.1093793389849116,5,8,2,50,34.4,34.29,0.0,0.0,0.0,0.0,0.0,0.0
2791,46200,50.46,49.14934639941166,1.06080803250073,3,5,2,50,51.58,49.34,0.0,0.0,0.0,0.0,0.0,0.0
2792,47966,23.34,54.24683521618363,1.0862176792347409,8,8,2,50,24.11,22.56,0.0,0.0,0.0,0.0,0.0,0.0
2793,62525,76.27,51.46895498398556,1.0915071661536877,8,5,2,50,82.15,70.39,0.0,0.0,0.0,0.0,0.0,0.0
2794,46053,34.16,56.90325440032767,1.0318023528767466,6,9,2,50,33.83,34.48,0.0,0.0,0.0,0.0,0.0,0.0
2795,46859,50.24,53.90721765885016,1.0394287132773845,6,7,2,50,54.91,45.57,0.0,0.0,0.0,0.0,0.0,0.0
2796,43030,65.6,56.9355346095317,1.0108263860534523,2,10,2,50,61.89,69.32,0.0,0.0,0.0,0.0,0.0,0.0
2797,47462,42.6,55.14629422512201,1.0155565117491057,6,6,2,50,43.12,42.07,0.0,0.0,0.0,0.0,0.0,0.0
2798,47462,66.8,56.50478110779184,0.968736297618218,6,6,2,50,73.56,60.04,0.0,0.0,0.0,0.0,0.0,0.0
2799,44088,49.22,47.68009687748307,0.9558068844128796,3,9,2,50,44.48,53.95,0.0,0.0,0.0,0.0,0.0,0.0
2800,54018,74.15,48.90020652490695,1.1261589045720355,6,4,2,50,76.81,71.48,0.0,0.0,0.0,0.0,0.0,0.0
2801,44894,51.36,53.45714416672332,0.9792129677346336,3,7,2,50,54.02,48.69,0.0,0.0,0.0,0.0,0.0,0.0
2802,47208,93.3,53.4597337634776,0.96020986326516,4,4,2,50,95.69,90.91,0.0,0.0,0.0,0.0,0.0,0.0
2803,146044,60.45,59.04747536620255,1.1325172983104763,10,2,2,50,61.16,59.74,0.0,0.0,0.0,0.0,0.0,0.0
2804,43836,82.1,51.20087481885304,1.019978032118551,2,8,2,50,80.24,83.95,0.0,0.0,0.0,0.0,0.0,0.0
2805,54018,66.9,52.78595025023338,1.060212936555501,6,4,2,50,68.9,64.91,0.0,0.0,0.0,0.0,0.0,0.0
2806,103034,78.21,53.80221544385493,1.0066921607176544,8,2,2,50,81.66,74.76,0.0,0.0,0.0,0.0,0.0,0.0
2807,146044,83.06,53.56330247725615,1.034146040882673,10,2,2,50,88.02,78.09,0.0,0.0,0.0,0.0,0.0,0.0
2808,49013,61.83,50.00090063388399,1.0375762872269427,5,4,2,50,60.41,63.25,0.0,0.0,0.0,0.0,0.0,0.0
2809,47966,59.74,56.52650517130888,1.0222651213958096,8,8,2,50,56.65,62.83,0.0,0.0,0.0,0.0,0.0,0.0
2810,103034,28.6,50.38166679514191,1.0373560484616542,8,2,2,50,27.9,29.31,0.0,0.0,0.0,0.0,0.0,0.0
2811,47462,53.24,56.2038098756344,1.0866052747253936,6,6,2,50,56.0,50.47,0.0,0.0,0.0,0.0,0.0,0.0
2812,46855,56.38,50.957440239376,1.085061897806791,4,5,2,50,54.92,57.83,0.0,0.0,0.0,0.0,0.0,0.0
2813,44491,36.14,53.67659097315651,1.0030406950413535,3,8,2,50,42.04,30.23,0.0,0.0,0.0,0.0,0.0,0.0
2814,61521,65.85,53.53034535021471,1.0692053981734173,6,3,2,50,67.12,64.58,0.0,0.0,0.0,0.0,0.0,0.0
2815,104038,71.85,55.766936748238585,1.1144231186639562,10,4,2,50,77.24,66.46,0.0,0.0,0.0,0.0,0.0,0.0
2816,146044,76.26,51.570599068347335,1.0450085741625732,10,2,2,50,77.81,74.7,0.0,0.0,0.0,0.0,0.0,0.0
2817,73028,71.24,51.09465197674032,1.0091379291966225,8,4,2,50,70.57,71.92,0.0,0.0,0.0,0.0,0.0,0.0
2818,46456,49.97,59.39059036423638,1.0740369435336328,6,8,2,50,51.44,48.5,0.0,0.0,0.0,0.0,0.0,0.0
2819,54524,79.68,59.19343132331086,1.099861317380708,9,7,2,50,88.88,70.48,0.0,0.0,0.0,0.0,0.0,0.0
2820,47111,48.77,54.025828699354605,1.1538430217378943,7,8,2,50,51.74,45.8,0.0,0.0,0.0,0.0,0.0,0.0
2821,46200,87.94,51.35444443817711,1.0614181879813818,3,5,2,50,78.69,97.18,0.0,0.0,0.0,0.0,0.0,0.0
2822,45952,86.71,54.546955604471805,1.020813729463318,4,6,2,50,95.66,77.76,0.0,0.0,0.0,0.0,0.0,0.0
2823,122537,47.94,53.27456224522748,1.105967665529713,8,1,2,50,50.35,45.53,0.0,0.0,0.0,0.0,0.0,0.0
2824,87535,69.11,56.1259318455844,1.1411756247838092,10,5,2,50,73.32,64.9,0.0,0.0,0.0,0.0,0.0,0.0
2825,54272,25.8,57.74926764771982,1.038703114907265,8,6,2,50,28.07,23.53,0.0,0.0,0.0,0.0,0.0,0.0
2826,104038,41.6,56.13969276119181,1.058260654029111,10,4,2,50,38.37,44.84,0.0,0.0,0.0,0.0,0.0,0.0
2827,85527,77.7,47.40521145613478,1.0518894235983918,6,1,2,50,78.83,76.57,0.0,0.0,0.0,0.0,0.0,0.0
2828,40323,80.34,58.988776278591104,1.0029948918832747,0,9,2,50,77.53,83.15,0.0,0.0,0.0,0.0,0.0,0.0
2829,46859,36.3,55.76374341837903,1.016521500765045,6,7,2,50,32.62,39.98,0.0,0.0,0.0,0.0,0.0,0.0
2830,49519,89.5,53.47864676585968,1.1313621874099276,8,7,2,50,87.95,91.06,0.0,0.0,0.0,0.0,0.0,0.0
2831,47966,62.0,52.07324162098575,1.0043956166266703,8,8,2,50,69.86,54.14,0.0,0.0,0.0,0.0,0.0,0.0
2832,48470,46.69,55.36974620607101,0.984518119985943,10,10,2,50,49.9,43.48,0.0,0.0,0.0,0.0,0.0,0.0
2833,54272,29.65,51.8265181055924,1.074220643278603,8,6,2,50,32.77,26.52,0.0,0.0,0.0,0.0,0.0,0.0
2834,124545,40.64,54.35045152510852,1.0179461921475246,12,5,2,50,41.91,39.36,0.0,0.0,0.0,0.0,0.0,0.0
2835,44340,35.24,52.18460581574276,1.0580746048674166,4,10,2,50,32.78,37.7,0.0,0.0,0.0,0.0,0.0,0.0
2836,46456,29.1,56.16212027030117,1.0260712407914785,6,8,2,50,29.01,29.2,0.0,0.0,0.0,0.0,0.0,0.0
2837,48511,97.1,51.55005313264533,0.9726210914546516,4,3,2,50,95.26,98.93,0.0,0.0,0.0,0.0,0.0,0.0
2838,46456,39.48,56.45105485844872,1.008265679001452,6,8,2,50,41.82,37.13,0.0,0.0,0.0,0.0,0.0,0.0
2839,46859,47.29,56.0954794072582,1.0118098724324731,6,7,2,50,46.03,48.55,0.0,0.0,0.0,0.0,0.0,0.0
2840,45650,52.92,52.323657816570304,1.0433453009156473,6,10,2,50,50.18,55.67,0.0,0.0,0.0,0.0,0.0,0.0
2841,62525,33.45,54.12600807423108,0.9937123608079044,8,5,2,50,31.64,35.26,0.0,0.0,0.0,0.0,0.0,0.0
2842,122537,36.45,55.00983014130161,0.998459577147158,8,1,2,50,34.7,38.2,0.0,0.0,0.0,0.0,0.0,0.0
2843,104540,78.61,55.1668087960227,0.9387921805729782,11,5,2,50,73.38,83.85,0.0,0.0,0.0,0.0,0.0,0.0
2844,87535,56.42,51.66487886022062,1.0581093529413304,10,5,2,50,57.57,55.26,0.0,0.0,0.0,0.0,0.0,0.0
2845,44642,65.18,53.84779452712176,0.993448264950748,2,6,2,50,70.49,59.86,0.0,0.0,0.0,0.0,0.0,0.0
2846,47714,59.76,56.602381253122985,1.0858139911515865,7,7,2,50,65.79,53.72,0.0,0.0,0.0,0.0,0.0,0.0
2847,146044,80.95,49.51624503695526,0.9678820491059212,10,2,2,50,78.1,83.8,0.0,0.0,0.0,0.0,0.0,0.0
2848,46859,60.64,54.3183035231952,1.0735419886864268,6,7,2,50,55.54,65.73,0.0,0.0,0.0,0.0,0.0,0.0
2849,87535,85.76,52.55142891334034,0.9795278330258383,10,5,2,50,80.97,90.55,0.0,0.0,0.0,0.0,0.0,0.0
2850,150000,46.36,57.01421560309768,0.9957692236003,10,1,2,50,39.63,53.09,0.0,0.0,0.0,0.0,0.0,0.0
2851,45247,60.22,51.10629557144842,1.0185119439332269,6,11,2,50,55.27,65.17,0.0,0.0,0.0,0.0,0.0,0.0
2852,45247,51.18,51.46977263296914,1.056567987891165,6,11,2,50,49.68,52.67,0.0,0.0,0.0,0.0,0.0,0.0
2853,72024,63.71,57.28332257086152,0.9840947882802652,6,2,2,50,73.15,54.27,0.0,0.0,0.0,0.0,0.0,0.0
2854,61521,77.56,53.6862839846568,1.019777077612824,6,3,2,50,76.36,78.76,0.0,0.0,0.0,0.0,0.0,0.0
2855,62525,41.65,54.52407987468768,1.0925797354732003,8,5,2,50,41.43,41.87,0.0,0.0,0.0,0.0,0.0,0.0
2856,46855,42.78,53.55080182868877,1.0428207044672824,4,5,2,50,39.1,46.45,0.0,0.0,0.0,0.0,0.0,0.0
2857,43030,54.65,57.89661790931648,1.060627119732836,2,10,2,50,51.89,57.41,0.0,0.0,0.0,0.0,0.0,0.0
2858,49519,85.04,58.20279190042412,1.0580816465884253,8,7,2,50,91.26,78.81,0.0,0.0,0.0,0.0,0.0,0.0
2859,47714,75.21,52.96996742320648,0.9007953437798176,7,7,2,50,70.97,79.45,0.0,0.0,0.0,0.0,0.0,0.0
2860,49519,75.18,50.79418826485812,0.9641353487344616,8,7,2,50,73.08,77.28,0.0,0.0,0.0,0.0,0.0,0.0
2861,62525,40.64,60.52274090689117,1.1253440692975667,8,5,2,50,38.63,42.65,0.0,0.0,0.0,0.0,0.0,0.0
2862,46353,43.46,52.973491549142,0.9759459524344766,3,4,2,50,43.31,43.6,0.0,0.0,0.0,0.0,0.0,0.0
2863,146546,91.74,57.54305388293307,1.0978241242497486,11,3,2,50,91.64,91.84,0.0,0.0,0.0,0.0,0.0,0.0
2864,86029,64.85,53.34986671592911,0.9736027135986096,7,2,2,50,60.97,68.73,0.0,0.0,0.0,0.0,0.0,0.0
2865,46859,74.66,56.77632308152414,1.0827236874128277,6,7,2,50,75.44,73.87,0.0,0.0,0.0,0.0,0.0,0.0
2866,62525,54.7,54.679750866295954,1.051217334851437,8,5,2,50,50.95,58.45,0.0,0.0,0.0,0.0,0.0,0.0
2867,150000,78.35,54.13513728325139,0.9026089276149624,11,0,2,50,87.64,69.06,0.0,0.0,0.0,0.0,0.0,0.0
2868,48511,64.73,51.22886902844078,1.0647069664013915,4,3,2,50,70.34,59.12,0.0,0.0,0.0,0.0,0.0,0.0
2869,87539,40.94,49.255932387408855,1.078366945873932,12,7,2,50,41.05,40.84,0.0,0.0,0.0,0.0,0.0,0.0
2870,62525,75.09,52.20811792299131,0.994473054922694,8,5,2,50,70.93,79.24,0.0,0.0,0.0,0.0,0.0,0.0
2871,46204,23.38,54.907265322692034,0.951125912563412,5,7,2,50,22.66,24.11,0.0,0.0,0.0,0.0,0.0,0.0
2872,44239,62.58,58.857817622924415,1.0290306157692284,2,7,2,50,64.5,60.67,0.0,0.0,0.0,0.0,0.0,0.0
2873,49519,60.68,56.62021986326101,0.9630997475323468,8,7,2,50,60.74,60.61,0.0,0.0,0.0,0.0,0.0,0.0
2874,54018,71.92,55.240781397603854,0.984195454399316,6,4,2,50,74.22,69.62,0.0,0.0,0.0,0.0,0.0,0.0
2875,54520,36.47,52.470394378118,1.032157517246853,7,5,2,50,37.85,35.09,0.0,0.0,0.0,0.0,0.0,0.0
2876,147040,30.38,53.59042139996826,1.0017825181600677,8,0,2,50,31.22,29.54,0.0,0.0,0.0,0.0,0.0,0.0
2877,87033,78.74,52.18388077631307,0.9598262299393152,9,4,2,50,69.17,88.31,0.0,0.0,0.0,0.0,0.0,0.0
2878,45952,36.31,54.1873586456011,1.090433628544342,4,6,2,50,34.72,37.9,0.0,0.0,0.0,0.0,0.0,0.0
2879,54272,92.0,52.9957549722285,1.0986209837601346,8,6,2,50,89.82,94.17,0.0,0.0,0.0,0.0,0.0,0.0
2880,62023,92.19,52.913043696363225,1.0262986426019465,7,4,2,50,92.63,91.75,0.0,0.0,0.0,0.0,0.0,0.0
2881,73028,80.54,53.741407976592455,1.0234522930576262,8,4,2,50,88.26,72.81,0.0,0.0,0.0,0.0,0.0,0.0
2882,42224,44.46,53.67589128578241,1.0660203180820365,2,12,2,50,43.57,45.34,0.0,0.0,0.0,0.0,0.0,0.0
2883,86029,48.41,55.03553891095278,0.929333543581234,7,2,2,50,44.01,52.81,0.0,0.0,0.0,0.0,0.0,0.0
2884,87535,74.47,53.76598403171666,0.9958375741083676,10,5,2,50,69.24,79.71,0.0,0.0,0.0,0.0,0.0,0.0
2885,46855,34.62,56.22860590974832,1.0228256971394083,4,5,2,50,32.45,36.8,0.0,0.0,0.0,0.0,0.0,0.0
2886,43685,61.53,52.84387762033149,0.9917228192883172,3,10,2,50,56.22,66.84,0.0,0.0,0.0,0.0,0.0,0.0
2887,104038,88.42,56.197352328611984,1.016549973150828,10,4,2,50,90.07,86.77,0.0,0.0,0.0,0.0,0.0,0.0
2888,46456,92.53,50.20888594566444,0.9538295014540048,6,8,2,50,99.45,85.61,0.0,0.0,0.0,0.0,0.0,0.0
2889,49013,45.0,55.77955310943672,1.0186036682450952,5,4,2,50,49.05,40.94,0.0,0.0,0.0,0.0,0.0,0.0
2890,53014,58.47,54.141383561961824,1.1469364174247183,4,2,2,50,61.93,55.01,0.0,0.0,0.0,0.0,0.0,0.0
2891,62525,71.36,50.98560087446239,1.0588760629528444,8,5,2,50,74.13,68.6,0.0,0.0,0.0,0.0,0.0,0.0
2892,147048,52.16,56.05060024162252,1.0319262499485695,12,4,2,50,56.21,48.11,0.0,0.0,0.0,0.0,0.0,0.0
2893,54272,93.93,58.72274694627848,1.0829844840488665,8,6,2,50,91.76,96.1,0.0,0.0,0.0,0.0,0.0,0.0
2894,87535,49.65,53.9121671358714,1.096794342222836,10,5,2,50,47.56,51.74,0.0,0.0,0.0,0.0,0.0,0.0
2895,62023,49.41,58.84460618343005,0.956008722764123,7,4,2,50,50.49,48.33,0.0,0.0,0.0,0.0,0.0,0.0
2896,54272,60.82,52.29138965836453,0.9937854361221172,8,6,2,50,64.63,57.01,0.0,0.0,0.0,0.0,0.0,0.0
2897,47710,86.06,49.26600796496348,1.0321487389151909,5,5,2,50,98.18,73.95,0.0,0.0,0.0,0.0,0.0,0.0
2898,146044,76.93,50.64112338498088,1.0076405839880362,10,2,2,50,80.65,73.2,0.0,0.0,0.0,0.0,0.0,0.0
2899,45549,48.46,56.44572801328415,1.017166454846477,4,7,2,50,52.06,44.85,0.0,0.0,0.0,0.0,0.0,0.0
2900,122537,59.24,52.80366689029832,1.073960917387917,8,1,2,50,65.02,53.45,0.0,0.0,0.0,0.0,0.0,0.0
2901,87535,37.24,50.50441657526899,0.9702071208028658,10,5,2,50,34.41,40.07,0.0,0.0,0.0,0.0,0.0,0.0
2902,46855,61.97,53.82761938657529,1.0257593767093014,4,5,2,50,61.79,62.16,0.0,0.0,0.0,0.0,0.0,0.0
2903,62525,54.09,50.65463571879039,1.0011378571797522,8,5,2,50,48.52,59.66,0.0,0.0,0.0,0.0,0.0,0.0
2904,86531,47.04,50.74474038238579,1.0051391599684174,8,3,2,50,47.27,46.82,0.0,0.0,0.0,0.0,0.0,0.0
2905,73028,79.6,55.19815003030695,1.0313968196055197,8,4,2,50,73.41,85.8,0.0,0.0,0.0,0.0,0.0,0.0
2906,62525,61.62,54.78158140048203,0.9753420684278872,8,5,2,50,63.03,60.21,0.0,0.0,0.0,0.0,0.0,0.0
2907,150000,39.22,55.69855184881797,1.0019332597387374,11,2,2,50,35.08,43.36,0.0,0.0,0.0,0.0,0.0,0.0
2908,73282,41.84,52.13988548944018,1.0293096358652385,10,6,2,50,38.79,44.89,0.0,0.0,0.0,0.0,0.0,0.0
2909,45952,36.61,53.441164961659126,1.0365439132085827,4,6,2,50,29.67,43.55,0.0,0.0,0.0,0.0,0.0,0.0
2910,47363,94.6,56.658096185216976,1.0101622879559933,8,9,2,50,91.0,98.2,0.0,0.0,0.0,0.0,0.0,0.0
2911,72024,73.31,54.53800600184887,1.0038793446257164,6,2,2,50,75.06,71.56,0.0,0.0,0.0,0.0,0.0,0.0
2912,46859,38.34,52.170516185496965,0.9627008345620404,6,7,2,50,37.84,38.83,0.0,0.0,0.0,0.0,0.0,0.0
2913,45952,51.7,53.5504290795456,1.027914407927034,4,6,2,50,49.27,54.14,0.0,0.0,0.0,0.0,0.0,0.0
2914,73530,24.22,49.65960061417006,1.000181073207333,9,5,2,50,21.82,26.62,0.0,0.0,0.0,0.0,0.0,0.0
2915,60517,75.33,53.45805088045467,1.0332064158965577,4,1,2,50,72.85,77.81,0.0,0.0,0.0,0.0,0.0,0.0
2916,46960,31.7,51.31172952805225,1.0566487602379842,8,10,2,50,31.28,32.13,0.0,0.0,0.0,0.0,0.0,0.0
2917,54776,27.93,57.139860598342125,0.9566529325141448,10,8,2,50,29.29,26.57,0.0,0.0,0.0,0.0,0.0,0.0
2918,45801,82.28,52.07846707991367,1.021768630599365,5,8,2,50,78.88,85.67,0.0,0.0,0.0,0.0,0.0,0.0
2919,46855,49.76,52.3694492153364,1.0902532971981025,4,5,2,50,52.29,47.24,0.0,0.0,0.0,0.0,0.0,0.0
2920,47111,66.53,54.18208248392186,1.0773610747483406,7,8,2,50,65.66,67.4,0.0,0.0,0.0,0.0,0.0,0.0
2921,104038,69.69,53.23633537031584,1.07652549540856,10,4,2,50,67.42,71.97,0.0,0.0,0.0,0.0,0.0,0.0
2922,44890,47.78,50.896340763335054,1.0228817838892248,1,5,2,50,49.29,46.28,0.0,0.0,0.0,0.0,0.0,0.0
2923,73530,56.42,53.49373227595307,1.0166652138453791,9,5,2,50,60.02,52.83,0.0,0.0,0.0,0.0,0.0,0.0
2924,47462,36.66,55.18888247440648,0.9595181267671254,6,6,2,50,38.83,34.5,0.0,0.0,0.0,0.0,0.0,0.0
2925,46859,78.0,51.70595754809465,1.028547281469414,6,7,2,50,79.85,76.16,0.0,0.0,0.0,0.0,0.0,0.0
2926,86531,56.63,53.51491874600802,1.0585842335804223,8,3,2,50,61.7,51.56,0.0,0.0,0.0,0.0,0.0,0.0
2927,43534,65.28,49.497412389734336,1.0028232741593108,4,12,2,50,59.56,71.0,0.0,0.0,0.0,0.0,0.0,0.0
2928,150000,40.95,53.51416740595627,1.011076384066838,12,3,2,50,36.72,45.18,0.0,0.0,0.0,0.0,0.0,0.0
2929,46204,58.79,54.97030844782558,1.0903322890038647,5,7,2,50,63.33,54.25,0.0,0.0,0.0,0.0,0.0,0.0
2930,150000,45.72,60.42529623605497,0.9540870233470063,15,0,2,50,44.93,46.51,0.0,0.0,0.0,0.0,0.0,0.0
2931,87539,54.74,55.5643635126642,0.9831314531837568,12,7,2,50,55.83,53.65,0.0,0.0,0.0,0.0,0.0,0.0
2932,54272,21.3,55.67323125458263,0.9265232932901664,8,6,2,50,20.17,22.43,0.0,0.0,0.0,0.0,0.0,0.0
2933,54018,67.56,50.46686190866795,1.0344930013175446,6,4,2,50,69.05,66.07,0.0,0.0,0.0,0.0,0.0,0.0
2934,47462,70.47,52.03369630384714,0.9715941750586736,6,6,2,50,66.72,74.23,0.0,0.0,0.0,0.0,0.0,0.0
2935,86531,45.63,56.1584235359782,0.9803633947467733,8,3,2,50,45.51,45.75,0.0,0.0,0.0,0.0,0.0,0.0
2936,61521,29.56,48.21068666023308,0.9923822078460414,6,3,2,50,28.72,30.41,0.0,0.0,0.0,0.0,0.0,0.0
2937,63033,79.28,53.32428505891494,0.9972780053342242,12,9,2,50,82.98,75.59,0.0,0.0,0.0,0.0,0.0,0.0
2938,46859,59.0,51.94335501426979,0.9828076776598738,6,7,2,50,58.87,59.12,0.0,0.0,0.0,0.0,0.0,0.0
2939,73028,64.92,54.77630162908312,0.9140639521191652,8,4,2,50,60.04,69.79,0.0,0.0,0.0,0.0,0.0,0.0
2940,46855,61.8,49.17168596594029,1.0252849108867914,4,5,2,50,63.62,59.99,0.0,0.0,0.0,0.0,0.0,0.0
2941,102532,27.64,52.68475100920666,1.0303306546113944,7,1,2,50,30.96,24.32,0.0,0.0,0.0,0.0,0.0,0.0
2942,147550,22.69,54.47268560728061,1.015145348785505,13,5,2,50,26.66,18.72,0.0,0.0,0.0,0.0,0.0,0.0
2943,44642,30.74,57.58935353470105,1.0227747978100303,2,6,2,50,33.91,27.56,0.0,0.0,0.0,0.0,0.0,0.0
2944,50023,55.73,54.24116055904161,0.9492670149588456,10,9,2,50,59.1,52.36,0.0,0.0,0.0,0.0,0.0,0.0
2945,103536,57.8,54.12775631962929,1.0046925521023091,9,3,2,50,56.82,58.77,0.0,0.0,0.0,0.0,0.0,0.0
2946,150000,79.91,51.625458608774494,0.9395825926237727,11,0,2,50,77.49,82.34,0.0,0.0,0.0,0.0,0.0,0.0
2947,103034,63.34,50.68689201540561,0.9541685312573448,8,2,2,50,63.85,62.82,0.0,0.0,0.0,0.0,0.0,0.0
2948,150000,30.28,59.74069496953706,0.9584950333901398,14,5,2,50,27.49,33.08,0.0,0.0,0.0,0.0,0.0,0.0
2949,86531,83.22,53.54768360097015,0.9860615295937312,8,3,2,50,84.23,82.22,0.0,0.0,0.0,0.0,0.0,0.0
2950,46607,54.26,51.84074876607208,1.1265769844572708,5,6,2,50,47.84,60.69,0.0,0.0,0.0,0.0,0.0,0.0
2951,122537,48.58,53.35774326782995,1.0355541154780397,8,1,2,50,47.07,50.08,0.0,0.0,0.0,0.0,0.0,0.0
2952,73028,76.39,55.9310734828882,0.97119215379363,8,4,2,50,77.12,75.65,0.0,0.0,0.0,0.0,0.0,0.0
2953,49267,22.11,51.996149054075744,1.0152081480998865,7,6,2,50,23.33,20.89,0.0,0.0,0.0,0.0,0.0,0.0
2954,85527,52.65,52.91927971406878,0.9867069224625516,6,1,2,50,53.1,52.2,0.0,0.0,0.0,0.0,0.0,0.0
2955,104030,88.3,54.23083071568003,1.0966158894095823,6,0,2,50,82.3,94.29,0.0,0.0,0.0,0.0,0.0,0.0
2956,62529,70.44,52.034521463730776,0.9383742844327442,10,7,2,50,63.39,77.49,0.0,0.0,0.0,0.0,0.0,0.0
2957,47710,74.25,56.54491634489737,1.0045642730356243,5,5,2,50,74.4,74.1,0.0,0.0,0.0,0.0,0.0,0.0
2958,87539,51.24,57.893447273811255,1.047004472177644,12,7,2,50,50.5,51.98,0.0,0.0,0.0,0.0,0.0,0.0
2959,150000,89.38,49.92420023609738,1.0438319924283646,14,2,2,50,85.95,92.82,0.0,0.0,0.0,0.0,0.0,0.0
2960,50023,70.55,57.220555157025714,1.151441140723403,10,9,2,50,70.59,70.51,0.0,0.0,0.0,0.0,0.0,0.0
2961,124545,53.82,55.19684992708548,1.0207535307973152,12,5,2,50,48.86,58.79,0.0,0.0,0.0,0.0,0.0,0.0
2962,86531,78.62,55.43606831285124,1.090777231378898,8,3,2,50,84.13,73.11,0.0,0.0,0.0,0.0,0.0,0.0
2963,46053,55.57,55.61030160564852,0.9810645482985874,6,9,2,50,59.04,52.1,0.0,0.0,0.0,0.0,0.0,0.0
2964,62525,89.62,55.6794485222019,0.9315828559689862,8,5,2,50,95.4,83.85,0.0,0.0,0.0,0.0,0.0,0.0
2965,87535,67.23,48.0428834168092,0.9305597072509016,10,5,2,50,65.92,68.54,0.0,0.0,0.0,0.0,0.0,0.0
2966,124043,35.0,51.26484013501676,0.973026299757916,11,4,2,50,33.99,36.0,0.0,0.0,0.0,0.0,0.0,0.0
2967,45801,87.72,54.17524597120123,1.0684475907387556,5,8,2,50,79.78,95.67,0.0,0.0,0.0,0.0,0.0,0.0
2968,54272,77.59,52.020266846416085,1.0395904292164502,8,6,2,50,75.03,80.15,0.0,0.0,0.0,0.0,0.0,0.0
2969,54018,27.74,47.7441668126774,0.981419141806805,6,4,2,50,25.53,29.96,0.0,0.0,0.0,0.0,0.0,0.0
2970,150000,70.58,53.85070830790584,1.0560233462727913,14,1,2,50,70.39,70.77,0.0,0.0,0.0,0.0,0.0,0.0
2971,103034,45.68,56.08211416772037,1.0338823552014529,8,2,2,50,47.18,44.17,0.0,0.0,0.0,0.0,0.0,0.0
2972,50275,78.28,51.20175786166152,1.0966757016900626,11,10,2,50,77.29,79.27,0.0,0.0,0.0,0.0,0.0,0.0
2973,46305,24.99,56.60489795481298,0.9793083211201336,7,10,2,50,23.42,26.56,0.0,0.0,0.0,0.0,0.0,0.0
2974,104038,83.6,49.247392811730734,1.0252560225606415,10,4,2,50,73.06,94.14,0.0,0.0,0.0,0.0,0.0,0.0
2975,44642,44.26,52.389647791665226,1.0181609858230665,2,6,2,50,48.97,39.56,0.0,0.0,0.0,0.0,0.0,0.0
2976,47208,67.84,52.20796412561437,0.9878278666334116,4,4,2,50,64.0,71.69,0.0,0.0,0.0,0.0,0.0,0.0
2977,61521,37.58,60.04926062445982,1.0371622158701692,6,3,2,50,38.77,36.38,0.0,0.0,0.0,0.0,0.0,0.0
2978,150000,56.16,52.30528296857574,1.0118353422131772,16,2,2,50,63.31,49.0,0.0,0.0,0.0,0.0,0.0,0.0
2979,45952,81.0,51.12786755691117,1.0581609543096004,4,6,2,50,85.57,76.44,0.0,0.0,0.0,0.0,0.0,0.0
2980,46960,43.12,56.00273139621042,1.1237661917359911,8,10,2,50,47.07,39.18,0.0,0.0,0.0,0.0,0.0,0.0
2981,46855,83.88,56.394829227631256,1.0436179497374822,4,5,2,50,91.69,76.07,0.0,0.0,0.0,0.0,0.0,0.0
2982,123541,72.12,53.9270688903402,0.9432101445503036,10,3,2,50,71.76,72.47,0.0,0.0,0.0,0.0,0.0,0.0
2983,46200,80.38,53.17435226547367,0.964089462524824,3,5,2,50,82.83,77.93,0.0,0.0,0.0,0.0,0.0,0.0
2984,54776,46.96,53.357719103070586,1.0751232655311065,10,8,2,50,49.36,44.57,0.0,0.0,0.0,0.0,0.0,0.0
2985,54272,53.01,59.77293984580757,1.0603369627317218,8,6,2,50,52.18,53.84,0.0,0.0,0.0,0.0,0.0,0.0
2986,46859,39.4,52.03307322989806,1.0141593571258742,6,7,2,50,42.74,36.07,0.0,0.0,0.0,0.0,0.0,0.0
2987,150000,63.08,55.72820274106165,0.9938579649115707,9,0,2,50,59.95,66.21,0.0,0.0,0.0,0.0,0.0,0.0
2988,73028,68.88,51.94633096531174,1.0193450182834438,8,4,2,50,68.08,69.69,0.0,0.0,0.0,0.0,0.0,0.0
2989,72526,50.27,60.1485300536573,1.0110653089583057,7,3,2,50,49.8,50.74,0.0,0.0,0.0,0.0,0.0,0.0
2990,46456,82.66,61.86678338458587,1.0185362954971104,6,8,2,50,90.65,74.66,0.0,0.0,0.0,0.0,0.0,0.0
2991,54018,39.87,51.94820975098953,1.0449559477858663,6,4,2,50,36.4,43.34,0.0,0.0,0.0,0.0,0.0,0.0
2992,72024,72.04,59.33392559217969,1.05466499521165,6,2,2,50,63.84,80.24,0.0,0.0,0.0,0.0,0.0,0.0
2993,44894,44.08,51.86492306139829,0.9767939825105796,3,7,2,50,46.94,41.23,0.0,0.0,0.0,0.0,0.0,0.0
2994,47111,80.7,55.53017249883891,1.0535831496844927,7,8,2,50,80.35,81.06,0.0,0.0,0.0,0.0,0.0,0.0
2995,103034,50.93,54.340473195824906,0.9874148920260712,8,2,2,50,50.25,51.61,0.0,0.0,0.0,0.0,0.0,0.0
2996,46855,34.89,53.8930708495502,1.0527451113252186,4,5,2,50,32.76,37.03,0.0,0.0,0.0,0.0,0.0,0.0
2997,104030,35.31,50.30791335431566,1.1007851009649177,6,0,2,50,33.25,37.37,0.0,0.0,0.0,0.0,0.0,0.0
2998,49515,57.97,55.36831425792726,1.1305348057006772,6,5,2,50,60.13,55.81,0.0,0.0,0.0,0.0,0.0,0.0
2999,61521,83.26,54.64521202284936,0.9789093352294848,6,3,2,50,77.65,88.87,0.0,0.0,0.0,0.0,0.0,0.0
3000,46353,46.2,55.91007665638952,1.004610539655295,3,4,2,50,41.77,50.62,0.0,0.0,0.0,0.0,0.0,0.0
